timestamp,generator_id,total_power_kw,generator_load_pct,voltage,current,frequency,power_factor,generator_temp_c,runtime_hours,status
2024-01-01 00:00:00,GEN_M01,59.98,48.0,400.97,85.68,50.076,0.915,29.5,8406.6,RUNNING
2024-01-01 00:00:00,GEN_M02,54.49,43.6,401.15,77.85,49.977,0.931,32.9,9272.8,RUNNING
2024-01-01 00:00:00,GEN_M03,58.06,46.5,397.41,82.95,49.972,0.9,25.9,10045.0,RUNNING
2024-01-01 00:00:00,GEN_B01,58.61,46.9,399.66,83.72,50.003,0.892,32.7,12146.9,RUNNING
2024-01-01 00:00:00,GEN_B02,47.62,38.1,399.1,68.03,49.985,0.908,30.5,8854.3,RUNNING
2024-01-01 01:00:00,GEN_M01,70.14,56.1,398.17,100.2,50.01,0.881,31.4,11827.0,RUNNING
2024-01-01 01:00:00,GEN_M02,61.79,49.4,399.83,88.27,49.985,0.89,30.1,13801.2,RUNNING
2024-01-01 01:00:00,GEN_M03,50.85,40.7,397.36,72.64,50.016,0.912,30.4,8521.9,RUNNING
2024-01-01 01:00:00,GEN_B01,51.17,40.9,401.55,73.1,50.047,0.903,31.0,14041.7,RUNNING
2024-01-01 01:00:00,GEN_B02,53.93,43.1,399.72,77.04,49.945,0.896,28.8,13107.2,RUNNING
2024-01-01 02:00:00,GEN_M01,55.71,44.6,400.54,79.59,49.968,0.927,31.7,13396.8,RUNNING
2024-01-01 02:00:00,GEN_M02,67.79,54.2,401.23,96.84,50.004,0.914,24.5,10200.5,RUNNING
2024-01-01 02:00:00,GEN_M03,54.6,43.7,402.22,78.0,49.974,0.904,30.5,14507.9,RUNNING
2024-01-01 02:00:00,GEN_B01,52.49,42.0,400.49,74.98,49.974,0.93,31.6,14247.9,RUNNING
2024-01-01 02:00:00,GEN_B02,50.98,40.8,399.41,72.84,49.927,0.926,29.1,8048.7,RUNNING
2024-01-01 03:00:00,GEN_M01,58.21,46.6,399.37,83.15,49.983,0.904,26.9,14600.4,RUNNING
2024-01-01 03:00:00,GEN_M02,70.4,56.3,400.39,100.57,49.996,0.882,30.1,9993.9,RUNNING
2024-01-01 03:00:00,GEN_M03,56.05,44.8,403.69,80.07,49.99,0.926,29.9,9014.3,RUNNING
2024-01-01 03:00:00,GEN_B01,64.82,51.9,401.19,92.6,49.955,0.948,31.2,12434.7,RUNNING
2024-01-01 03:00:00,GEN_B02,45.74,36.6,399.15,65.34,50.005,0.91,27.8,12743.0,MAINTENANCE
2024-01-01 04:00:00,GEN_M01,44.62,35.7,398.41,63.74,50.024,0.902,29.9,14557.1,RUNNING
2024-01-01 04:00:00,GEN_M02,67.87,54.3,399.52,96.96,50.041,0.895,28.2,13720.6,RUNNING
2024-01-01 04:00:00,GEN_M03,44.19,35.4,400.39,63.13,50.039,0.895,30.1,13081.7,RUNNING
2024-01-01 04:00:00,GEN_B01,46.35,37.1,400.52,66.21,49.966,0.925,30.2,9131.4,RUNNING
2024-01-01 04:00:00,GEN_B02,58.45,46.8,402.8,83.5,50.024,0.896,28.3,12985.3,RUNNING
2024-01-01 05:00:00,GEN_M01,61.17,48.9,398.77,87.39,50.048,0.928,32.1,12603.3,RUNNING
2024-01-01 05:00:00,GEN_M02,54.41,43.5,398.67,77.73,49.959,0.918,28.2,14244.3,RUNNING
2024-01-01 05:00:00,GEN_M03,58.81,47.0,402.18,84.01,49.987,0.974,29.8,9366.7,RUNNING
2024-01-01 05:00:00,GEN_B01,48.22,38.6,399.66,68.88,50.036,0.929,30.7,14745.3,RUNNING
2024-01-01 05:00:00,GEN_B02,55.7,44.6,397.73,79.58,49.978,0.937,28.0,9186.4,RUNNING
2024-01-01 06:00:00,GEN_M01,82.98,66.4,398.67,118.55,50.008,0.921,30.5,14141.6,RUNNING
2024-01-01 06:00:00,GEN_M02,69.82,55.9,401.58,99.74,49.931,0.901,31.9,13665.5,RUNNING
2024-01-01 06:00:00,GEN_M03,86.4,69.1,400.86,123.43,50.057,0.939,37.4,14230.0,RUNNING
2024-01-01 06:00:00,GEN_B01,87.76,70.2,399.64,125.38,49.976,0.922,28.2,11259.2,RUNNING
2024-01-01 06:00:00,GEN_B02,88.11,70.5,399.29,125.88,50.054,0.921,26.5,13390.0,RUNNING
2024-01-01 07:00:00,GEN_M01,70.47,56.4,400.32,100.68,50.002,0.907,28.3,11784.4,RUNNING
2024-01-01 07:00:00,GEN_M02,61.0,48.8,399.01,87.14,50.043,0.904,30.1,8177.5,RUNNING
2024-01-01 07:00:00,GEN_M03,80.1,64.1,401.3,114.43,49.94,0.913,30.8,9095.1,RUNNING
2024-01-01 07:00:00,GEN_B01,98.9,79.1,398.11,141.29,50.046,0.962,30.6,10937.2,RUNNING
2024-01-01 07:00:00,GEN_B02,91.57,73.3,398.94,130.82,50.022,0.935,32.3,11319.2,RUNNING
2024-01-01 08:00:00,GEN_M01,48.84,39.1,399.62,69.77,49.938,0.953,27.7,12445.7,RUNNING
2024-01-01 08:00:00,GEN_M02,66.95,53.6,397.85,95.64,50.058,0.92,32.6,12610.9,RUNNING
2024-01-01 08:00:00,GEN_M03,83.24,66.6,400.1,118.92,49.981,0.922,28.5,10717.2,RUNNING
2024-01-01 08:00:00,GEN_B01,87.87,70.3,397.07,125.53,49.992,0.932,34.0,14728.3,RUNNING
2024-01-01 08:00:00,GEN_B02,84.06,67.2,399.69,120.09,49.975,0.908,28.5,8827.2,RUNNING
2024-01-01 09:00:00,GEN_M01,89.75,71.8,400.46,128.21,50.041,0.933,31.5,9974.2,RUNNING
2024-01-01 09:00:00,GEN_M02,88.72,71.0,399.97,126.75,50.006,0.946,31.0,10385.6,RUNNING
2024-01-01 09:00:00,GEN_M03,75.33,60.3,401.65,107.62,50.041,0.936,29.3,8721.9,RUNNING
2024-01-01 09:00:00,GEN_B01,94.3,75.4,401.02,134.72,49.984,0.926,29.8,14654.3,RUNNING
2024-01-01 09:00:00,GEN_B02,79.95,64.0,403.14,114.21,49.95,0.896,28.1,12707.6,RUNNING
2024-01-01 10:00:00,GEN_M01,87.49,70.0,399.98,124.99,49.955,0.922,31.0,11090.7,RUNNING
2024-01-01 10:00:00,GEN_M02,74.48,59.6,399.52,106.4,50.021,0.909,28.1,12327.5,RUNNING
2024-01-01 10:00:00,GEN_M03,83.7,67.0,399.29,119.57,50.012,0.891,28.7,13689.6,RUNNING
2024-01-01 10:00:00,GEN_B01,67.18,53.7,399.68,95.96,50.016,0.95,28.3,10969.6,RUNNING
2024-01-01 10:00:00,GEN_B02,81.06,64.8,399.97,115.8,49.986,0.926,27.7,13222.3,RUNNING
2024-01-01 11:00:00,GEN_M01,72.98,58.4,400.6,104.25,50.035,0.912,29.5,9565.2,RUNNING
2024-01-01 11:00:00,GEN_M02,83.49,66.8,400.15,119.27,49.961,0.92,29.8,12405.8,RUNNING
2024-01-01 11:00:00,GEN_M03,86.23,69.0,398.85,123.19,50.044,0.924,34.0,8318.1,RUNNING
2024-01-01 11:00:00,GEN_B01,103.15,82.5,398.74,147.35,49.97,0.878,28.1,12085.6,RUNNING
2024-01-01 11:00:00,GEN_B02,75.99,60.8,402.81,108.56,50.048,0.908,30.4,12793.1,RUNNING
2024-01-01 12:00:00,GEN_M01,68.05,54.4,401.77,97.21,49.977,0.886,33.4,14789.4,RUNNING
2024-01-01 12:00:00,GEN_M02,94.79,75.8,401.86,135.41,49.92,0.908,29.5,8394.6,RUNNING
2024-01-01 12:00:00,GEN_M03,81.3,65.0,399.32,116.15,50.031,0.899,29.8,14678.4,RUNNING
2024-01-01 12:00:00,GEN_B01,79.83,63.9,398.31,114.04,49.923,0.946,31.2,8794.9,RUNNING
2024-01-01 12:00:00,GEN_B02,96.76,77.4,401.77,138.23,50.003,0.961,30.0,14136.6,RUNNING
2024-01-01 13:00:00,GEN_M01,98.8,79.0,402.05,141.15,49.952,0.934,31.0,8954.6,MAINTENANCE
2024-01-01 13:00:00,GEN_M02,91.83,73.5,398.23,131.19,49.898,0.915,26.2,11597.9,RUNNING
2024-01-01 13:00:00,GEN_M03,88.43,70.7,397.93,126.32,49.915,0.919,33.0,11214.0,RUNNING
2024-01-01 13:00:00,GEN_B01,60.58,48.5,398.04,86.54,50.033,0.927,29.6,9273.2,RUNNING
2024-01-01 13:00:00,GEN_B02,71.85,57.5,401.43,102.64,49.951,0.93,29.6,9346.0,RUNNING
2024-01-01 14:00:00,GEN_M01,75.95,60.8,399.84,108.5,49.948,0.909,28.2,11523.9,RUNNING
2024-01-01 14:00:00,GEN_M02,69.27,55.4,400.32,98.96,49.994,0.916,28.3,13643.4,RUNNING
2024-01-01 14:00:00,GEN_M03,75.94,60.8,399.59,108.49,49.885,0.89,28.6,11237.7,RUNNING
2024-01-01 14:00:00,GEN_B01,94.92,75.9,400.47,135.6,50.154,0.942,30.9,8750.2,RUNNING
2024-01-01 14:00:00,GEN_B02,65.19,52.1,398.87,93.12,49.929,0.907,30.1,8838.3,RUNNING
2024-01-01 15:00:00,GEN_M01,70.43,56.3,401.32,100.62,50.0,0.95,33.1,8608.4,RUNNING
2024-01-01 15:00:00,GEN_M02,96.48,77.2,398.44,137.83,49.99,0.902,30.8,12521.4,RUNNING
2024-01-01 15:00:00,GEN_M03,67.42,53.9,400.84,96.32,49.967,0.91,26.9,9306.0,RUNNING
2024-01-01 15:00:00,GEN_B01,81.74,65.4,400.41,116.76,49.997,0.915,28.1,14786.3,RUNNING
2024-01-01 15:00:00,GEN_B02,72.17,57.7,401.13,103.11,50.025,0.9,28.6,14505.6,RUNNING
2024-01-01 16:00:00,GEN_M01,64.56,51.6,399.01,92.22,50.029,0.905,30.8,11553.3,RUNNING
2024-01-01 16:00:00,GEN_M02,63.2,50.6,398.64,90.29,50.032,0.887,30.3,9080.5,RUNNING
2024-01-01 16:00:00,GEN_M03,74.73,59.8,398.71,106.76,49.981,0.94,29.8,9782.5,RUNNING
2024-01-01 16:00:00,GEN_B01,75.48,60.4,402.16,107.83,49.876,0.904,30.8,10442.1,RUNNING
2024-01-01 16:00:00,GEN_B02,84.96,68.0,400.13,121.37,49.992,0.943,28.5,8978.4,RUNNING
2024-01-01 17:00:00,GEN_M01,83.79,67.0,399.35,119.71,50.02,0.912,28.8,12656.4,RUNNING
2024-01-01 17:00:00,GEN_M02,89.96,72.0,401.8,128.52,49.98,0.879,29.1,11238.8,RUNNING
2024-01-01 17:00:00,GEN_M03,71.17,56.9,402.51,101.67,50.016,0.916,29.8,10687.2,RUNNING
2024-01-01 17:00:00,GEN_B01,83.61,66.9,397.78,119.44,50.057,0.927,31.3,12340.5,RUNNING
2024-01-01 17:00:00,GEN_B02,77.1,61.7,400.37,110.14,49.977,0.903,30.1,9739.4,RUNNING
2024-01-01 18:00:00,GEN_M01,81.97,65.6,400.72,117.09,50.017,0.941,28.8,8774.4,RUNNING
2024-01-01 18:00:00,GEN_M02,76.15,60.9,398.53,108.79,49.978,0.928,29.2,9604.8,RUNNING
2024-01-01 18:00:00,GEN_M03,89.95,72.0,400.62,128.49,50.094,0.905,32.5,9271.2,RUNNING
2024-01-01 18:00:00,GEN_B01,68.8,55.0,402.24,98.29,50.033,0.919,26.2,9073.5,RUNNING
2024-01-01 18:00:00,GEN_B02,105.71,84.6,400.16,151.01,50.036,0.93,30.0,12950.7,RUNNING
2024-01-01 19:00:00,GEN_M01,57.93,46.3,402.02,82.76,50.08,0.91,33.5,14540.6,RUNNING
2024-01-01 19:00:00,GEN_M02,48.83,39.1,400.08,69.75,50.055,0.886,29.5,8383.3,RUNNING
2024-01-01 19:00:00,GEN_M03,67.72,54.2,397.52,96.75,50.041,0.921,27.7,10424.4,RUNNING
2024-01-01 19:00:00,GEN_B01,53.73,43.0,399.61,76.76,49.925,0.915,33.1,11488.6,RUNNING
2024-01-01 19:00:00,GEN_B02,54.2,43.4,401.04,77.44,50.092,0.943,29.3,8091.7,RUNNING
2024-01-01 20:00:00,GEN_M01,54.23,43.4,403.86,77.48,50.003,0.92,27.5,9469.3,RUNNING
2024-01-01 20:00:00,GEN_M02,56.07,44.9,399.18,80.1,49.998,0.909,28.6,11953.9,RUNNING
2024-01-01 20:00:00,GEN_M03,54.34,43.5,396.02,77.63,50.055,0.945,32.7,9086.7,RUNNING
2024-01-01 20:00:00,GEN_B01,40.7,32.6,398.83,58.14,49.944,0.955,26.9,8177.7,RUNNING
2024-01-01 20:00:00,GEN_B02,63.27,50.6,401.08,90.38,49.944,0.91,32.3,12569.2,RUNNING
2024-01-01 21:00:00,GEN_M01,59.92,47.9,399.44,85.6,50.036,0.929,29.3,13811.5,RUNNING
2024-01-01 21:00:00,GEN_M02,48.14,38.5,400.89,68.77,49.985,0.927,31.0,10950.0,RUNNING
2024-01-01 21:00:00,GEN_M03,46.87,37.5,401.57,66.95,49.965,0.892,28.7,12132.1,RUNNING
2024-01-01 21:00:00,GEN_B01,46.65,37.3,396.88,66.64,50.085,0.924,33.3,13345.2,RUNNING
2024-01-01 21:00:00,GEN_B02,55.52,44.4,401.65,79.32,50.006,0.923,29.7,10976.5,RUNNING
2024-01-01 22:00:00,GEN_M01,58.56,46.8,397.98,83.66,50.037,0.923,26.3,14890.8,RUNNING
2024-01-01 22:00:00,GEN_M02,54.87,43.9,398.83,78.39,50.01,0.9,28.7,9918.4,RUNNING
2024-01-01 22:00:00,GEN_M03,63.97,51.2,400.38,91.38,50.049,0.953,30.7,9227.6,RUNNING
2024-01-01 22:00:00,GEN_B01,63.86,51.1,398.08,91.23,49.969,0.921,26.1,9164.0,RUNNING
2024-01-01 22:00:00,GEN_B02,57.65,46.1,399.08,82.36,49.93,0.902,28.2,13033.3,RUNNING
2024-01-01 23:00:00,GEN_M01,46.11,36.9,403.95,65.87,50.025,0.924,27.8,13128.0,RUNNING
2024-01-01 23:00:00,GEN_M02,51.93,41.5,403.84,74.19,49.995,0.943,30.0,8746.2,RUNNING
2024-01-01 23:00:00,GEN_M03,50.98,40.8,402.66,72.82,49.969,0.956,29.7,9724.8,RUNNING
2024-01-01 23:00:00,GEN_B01,60.99,48.8,400.93,87.13,49.921,0.905,31.7,14421.2,RUNNING
2024-01-01 23:00:00,GEN_B02,54.39,43.5,400.93,77.71,50.009,0.893,29.6,14110.6,RUNNING
2024-01-02 00:00:00,GEN_M01,60.45,48.4,401.25,86.35,50.023,0.919,31.6,9548.5,RUNNING
2024-01-02 00:00:00,GEN_M02,43.79,35.0,400.31,62.56,50.014,0.894,30.3,14408.4,RUNNING
2024-01-02 00:00:00,GEN_M03,48.14,38.5,399.94,68.77,50.034,0.921,31.6,10233.7,RUNNING
2024-01-02 00:00:00,GEN_B01,56.47,45.2,399.31,80.68,49.978,0.914,29.7,8538.7,RUNNING
2024-01-02 00:00:00,GEN_B02,65.67,52.5,399.72,93.81,49.978,0.949,27.7,10231.3,RUNNING
2024-01-02 01:00:00,GEN_M01,57.72,46.2,401.33,82.46,50.004,0.941,30.0,14573.5,RUNNING
2024-01-02 01:00:00,GEN_M02,52.37,41.9,403.45,74.81,49.982,0.911,32.3,10949.5,RUNNING
2024-01-02 01:00:00,GEN_M03,67.15,53.7,399.58,95.93,49.933,0.902,28.6,10074.2,RUNNING
2024-01-02 01:00:00,GEN_B01,55.99,44.8,402.33,79.99,49.95,0.94,30.0,14613.1,RUNNING
2024-01-02 01:00:00,GEN_B02,54.65,43.7,400.57,78.06,50.008,0.93,27.2,12254.2,RUNNING
2024-01-02 02:00:00,GEN_M01,51.47,41.2,399.07,73.52,49.972,0.907,28.4,8404.9,RUNNING
2024-01-02 02:00:00,GEN_M02,65.17,52.1,399.14,93.1,49.958,0.929,32.3,13710.8,RUNNING
2024-01-02 02:00:00,GEN_M03,57.77,46.2,402.32,82.53,50.09,0.908,26.5,14221.2,RUNNING
2024-01-02 02:00:00,GEN_B01,53.34,42.7,400.5,76.2,50.033,0.96,30.1,8608.9,RUNNING
2024-01-02 02:00:00,GEN_B02,45.91,36.7,399.95,65.58,50.09,0.91,28.0,13958.4,RUNNING
2024-01-02 03:00:00,GEN_M01,57.93,46.3,399.2,82.75,49.976,0.941,34.5,12746.1,RUNNING
2024-01-02 03:00:00,GEN_M02,60.63,48.5,400.89,86.61,50.055,0.936,28.8,12882.3,RUNNING
2024-01-02 03:00:00,GEN_M03,60.05,48.0,400.97,85.79,49.992,0.923,32.2,10345.8,RUNNING
2024-01-02 03:00:00,GEN_B01,59.02,47.2,400.04,84.31,50.064,0.924,28.7,12422.7,RUNNING
2024-01-02 03:00:00,GEN_B02,56.6,45.3,403.24,80.85,49.985,0.924,30.8,13327.2,RUNNING
2024-01-02 04:00:00,GEN_M01,55.54,44.4,400.91,79.34,50.009,0.911,30.0,10106.7,RUNNING
2024-01-02 04:00:00,GEN_M02,57.71,46.2,398.95,82.44,50.06,0.89,29.7,8320.2,RUNNING
2024-01-02 04:00:00,GEN_M03,52.06,41.6,402.35,74.37,49.997,0.909,30.2,9915.4,RUNNING
2024-01-02 04:00:00,GEN_B01,70.36,56.3,396.7,100.51,50.022,0.91,26.6,12855.8,RUNNING
2024-01-02 04:00:00,GEN_B02,58.08,46.5,398.08,82.97,50.044,0.933,28.4,10938.1,RUNNING
2024-01-02 05:00:00,GEN_M01,55.51,44.4,398.96,79.29,49.998,0.925,26.4,14258.7,RUNNING
2024-01-02 05:00:00,GEN_M02,46.86,37.5,399.88,66.95,50.056,0.927,32.4,13396.5,RUNNING
2024-01-02 05:00:00,GEN_M03,59.68,47.7,401.99,85.25,50.01,0.934,30.8,13575.8,RUNNING
2024-01-02 05:00:00,GEN_B01,51.18,40.9,399.94,73.11,49.928,0.923,33.1,9883.0,RUNNING
2024-01-02 05:00:00,GEN_B02,51.14,40.9,397.17,73.06,49.977,0.872,28.6,12200.1,RUNNING
2024-01-02 06:00:00,GEN_M01,89.11,71.3,398.55,127.3,49.998,0.92,30.3,12327.1,RUNNING
2024-01-02 06:00:00,GEN_M02,69.67,55.7,400.04,99.52,50.01,0.879,29.0,8615.1,RUNNING
2024-01-02 06:00:00,GEN_M03,71.23,57.0,402.7,101.76,50.032,0.909,28.9,9172.4,RUNNING
2024-01-02 06:00:00,GEN_B01,86.98,69.6,401.39,124.25,50.003,0.907,32.3,12963.4,RUNNING
2024-01-02 06:00:00,GEN_B02,90.2,72.2,401.57,128.86,49.973,0.946,30.8,11166.2,RUNNING
2024-01-02 07:00:00,GEN_M01,83.23,66.6,400.3,118.89,49.967,0.91,33.0,14102.5,RUNNING
2024-01-02 07:00:00,GEN_M02,86.48,69.2,399.96,123.54,50.107,0.955,28.3,9599.2,RUNNING
2024-01-02 07:00:00,GEN_M03,85.61,68.5,400.18,122.3,50.031,0.9,29.6,8505.4,RUNNING
2024-01-02 07:00:00,GEN_B01,78.68,62.9,400.6,112.39,50.032,0.91,26.1,10421.5,RUNNING
2024-01-02 07:00:00,GEN_B02,96.99,77.6,401.57,138.56,50.084,0.911,29.9,11406.7,RUNNING
2024-01-02 08:00:00,GEN_M01,79.52,63.6,400.98,113.61,49.921,0.95,31.3,13131.8,RUNNING
2024-01-02 08:00:00,GEN_M02,95.05,76.0,400.39,135.79,49.972,0.907,30.5,14799.8,RUNNING
2024-01-02 08:00:00,GEN_M03,80.99,64.8,400.82,115.71,49.981,0.935,31.8,10514.6,RUNNING
2024-01-02 08:00:00,GEN_B01,52.76,42.2,398.32,75.38,49.935,0.943,28.8,13414.3,RUNNING
2024-01-02 08:00:00,GEN_B02,80.78,64.6,400.12,115.4,49.936,0.94,30.4,11016.2,RUNNING
2024-01-02 09:00:00,GEN_M01,76.31,61.0,401.28,109.02,49.983,0.913,32.5,8256.7,RUNNING
2024-01-02 09:00:00,GEN_M02,78.03,62.4,400.57,111.48,50.022,0.941,33.6,9440.9,RUNNING
2024-01-02 09:00:00,GEN_M03,83.64,66.9,399.94,119.48,50.036,0.921,29.3,8275.4,RUNNING
2024-01-02 09:00:00,GEN_B01,88.58,70.9,400.12,126.54,49.9,0.938,29.3,11183.2,RUNNING
2024-01-02 09:00:00,GEN_B02,84.71,67.8,399.79,121.02,50.055,0.899,33.7,9413.0,RUNNING
2024-01-02 10:00:00,GEN_M01,75.01,60.0,399.71,107.16,50.011,0.937,33.3,14612.3,RUNNING
2024-01-02 10:00:00,GEN_M02,86.21,69.0,399.91,123.15,50.01,0.941,34.3,8212.7,RUNNING
2024-01-02 10:00:00,GEN_M03,92.31,73.8,400.96,131.86,49.943,0.953,31.9,8746.2,RUNNING
2024-01-02 10:00:00,GEN_B01,69.79,55.8,400.49,99.7,50.016,0.928,29.4,11969.1,RUNNING
2024-01-02 10:00:00,GEN_B02,78.81,63.0,401.78,112.58,49.939,0.932,31.4,13584.7,RUNNING
2024-01-02 11:00:00,GEN_M01,88.26,70.6,400.19,126.09,49.991,0.92,29.2,10272.1,RUNNING
2024-01-02 11:00:00,GEN_M02,97.2,77.8,398.51,138.85,49.892,0.907,27.8,9590.9,RUNNING
2024-01-02 11:00:00,GEN_M03,68.02,54.4,401.51,97.17,49.966,0.965,32.8,10658.5,RUNNING
2024-01-02 11:00:00,GEN_B01,56.26,45.0,397.92,80.37,49.918,0.94,34.1,12255.3,RUNNING
2024-01-02 11:00:00,GEN_B02,105.65,84.5,401.28,150.93,50.038,0.926,30.7,9704.4,RUNNING
2024-01-02 12:00:00,GEN_M01,73.71,59.0,397.46,105.3,49.995,0.9,28.9,13621.2,RUNNING
2024-01-02 12:00:00,GEN_M02,70.21,56.2,397.64,100.31,49.951,0.939,31.3,10894.8,RUNNING
2024-01-02 12:00:00,GEN_M03,86.75,69.4,400.16,123.93,49.933,0.908,27.5,11971.2,RUNNING
2024-01-02 12:00:00,GEN_B01,84.45,67.6,400.83,120.64,50.011,0.947,29.4,8303.9,RUNNING
2024-01-02 12:00:00,GEN_B02,82.47,66.0,400.07,117.82,50.002,0.906,30.6,12276.9,RUNNING
2024-01-02 13:00:00,GEN_M01,74.62,59.7,398.96,106.6,49.964,0.938,27.0,13758.3,RUNNING
2024-01-02 13:00:00,GEN_M02,74.52,59.6,398.75,106.45,50.107,0.896,30.0,13158.1,RUNNING
2024-01-02 13:00:00,GEN_M03,84.35,67.5,399.81,120.5,50.002,0.917,29.1,12249.7,RUNNING
2024-01-02 13:00:00,GEN_B01,75.68,60.5,399.87,108.11,50.129,0.904,26.7,10997.4,RUNNING
2024-01-02 13:00:00,GEN_B02,97.64,78.1,402.44,139.49,49.981,0.916,30.6,8599.6,RUNNING
2024-01-02 14:00:00,GEN_M01,75.43,60.3,399.03,107.76,49.939,0.921,27.5,8473.3,RUNNING
2024-01-02 14:00:00,GEN_M02,73.55,58.8,397.67,105.07,50.017,0.937,30.0,11730.7,RUNNING
2024-01-02 14:00:00,GEN_M03,93.53,74.8,402.51,133.61,50.021,0.906,27.1,11936.1,RUNNING
2024-01-02 14:00:00,GEN_B01,80.69,64.6,398.62,115.27,50.008,0.892,30.6,8676.7,RUNNING
2024-01-02 14:00:00,GEN_B02,73.89,59.1,401.64,105.56,50.03,0.898,32.0,14947.4,RUNNING
2024-01-02 15:00:00,GEN_M01,78.09,62.5,400.21,111.55,50.116,0.928,31.9,8623.9,RUNNING
2024-01-02 15:00:00,GEN_M02,82.59,66.1,401.06,117.98,50.048,0.904,29.2,8613.5,RUNNING
2024-01-02 15:00:00,GEN_M03,67.94,54.4,400.76,97.05,49.945,0.877,25.8,12204.2,RUNNING
2024-01-02 15:00:00,GEN_B01,81.19,65.0,400.12,115.98,49.995,0.938,31.2,14076.4,RUNNING
2024-01-02 15:00:00,GEN_B02,78.35,62.7,401.49,111.92,49.991,0.905,28.1,9214.7,RUNNING
2024-01-02 16:00:00,GEN_M01,81.53,65.2,401.63,116.47,50.024,0.919,29.5,12243.8,RUNNING
2024-01-02 16:00:00,GEN_M02,89.43,71.5,398.03,127.75,49.947,0.914,29.5,10572.7,RUNNING
2024-01-02 16:00:00,GEN_M03,81.82,65.5,399.89,116.88,50.024,0.921,30.5,11076.6,RUNNING
2024-01-02 16:00:00,GEN_B01,61.5,49.2,400.9,87.85,50.077,0.944,27.1,9064.2,RUNNING
2024-01-02 16:00:00,GEN_B02,79.12,63.3,400.22,113.02,49.983,0.908,32.5,12845.1,RUNNING
2024-01-02 17:00:00,GEN_M01,78.23,62.6,400.0,111.75,50.022,0.944,29.8,10143.8,RUNNING
2024-01-02 17:00:00,GEN_M02,55.71,44.6,397.95,79.59,49.989,0.897,31.4,13792.8,RUNNING
2024-01-02 17:00:00,GEN_M03,63.23,50.6,396.11,90.33,49.973,0.928,28.3,11747.2,RUNNING
2024-01-02 17:00:00,GEN_B01,81.1,64.9,400.18,115.85,49.951,0.944,30.6,8686.6,RUNNING
2024-01-02 17:00:00,GEN_B02,79.66,63.7,398.67,113.81,49.991,0.954,28.6,10631.2,RUNNING
2024-01-02 18:00:00,GEN_M01,95.96,76.8,399.0,137.09,50.052,0.908,29.1,9782.7,RUNNING
2024-01-02 18:00:00,GEN_M02,99.51,79.6,399.09,142.16,50.037,0.926,33.8,12456.7,RUNNING
2024-01-02 18:00:00,GEN_M03,81.57,65.3,400.69,116.53,49.966,0.96,28.0,8291.7,RUNNING
2024-01-02 18:00:00,GEN_B01,82.62,66.1,400.28,118.02,49.933,0.901,28.8,10447.9,RUNNING
2024-01-02 18:00:00,GEN_B02,70.78,56.6,401.78,101.12,50.036,0.94,30.6,12372.6,RUNNING
2024-01-02 19:00:00,GEN_M01,50.57,40.5,399.62,72.25,50.066,0.931,28.8,12507.3,RUNNING
2024-01-02 19:00:00,GEN_M02,51.42,41.1,400.09,73.46,50.013,0.951,31.3,13682.4,RUNNING
2024-01-02 19:00:00,GEN_M03,60.06,48.0,398.74,85.8,49.948,0.881,28.8,11075.8,RUNNING
2024-01-02 19:00:00,GEN_B01,54.59,43.7,400.46,77.99,50.041,0.937,28.9,14029.6,RUNNING
2024-01-02 19:00:00,GEN_B02,51.88,41.5,400.42,74.11,49.988,0.952,29.1,13894.0,RUNNING
2024-01-02 20:00:00,GEN_M01,61.22,49.0,400.27,87.46,49.935,0.928,31.8,13724.5,RUNNING
2024-01-02 20:00:00,GEN_M02,51.36,41.1,400.03,73.38,50.015,0.954,32.0,12132.4,RUNNING
2024-01-02 20:00:00,GEN_M03,60.49,48.4,401.13,86.42,50.019,0.946,26.0,9120.5,RUNNING
2024-01-02 20:00:00,GEN_B01,61.3,49.0,398.72,87.57,49.971,0.932,29.1,11885.6,RUNNING
2024-01-02 20:00:00,GEN_B02,47.28,37.8,401.79,67.54,49.97,0.917,30.4,13326.9,RUNNING
2024-01-02 21:00:00,GEN_M01,56.36,45.1,400.97,80.51,49.994,0.928,27.9,10288.5,RUNNING
2024-01-02 21:00:00,GEN_M02,61.67,49.3,402.59,88.1,49.98,0.924,28.7,10740.7,RUNNING
2024-01-02 21:00:00,GEN_M03,63.24,50.6,401.89,90.35,49.972,0.971,26.4,12496.3,RUNNING
2024-01-02 21:00:00,GEN_B01,67.82,54.3,403.09,96.88,50.06,0.94,33.5,9888.7,RUNNING
2024-01-02 21:00:00,GEN_B02,60.69,48.6,399.99,86.71,49.991,0.911,27.8,13494.3,RUNNING
2024-01-02 22:00:00,GEN_M01,56.91,45.5,398.29,81.3,49.99,0.906,32.4,8620.2,RUNNING
2024-01-02 22:00:00,GEN_M02,42.25,33.8,400.95,60.36,49.949,0.957,32.5,12453.2,RUNNING
2024-01-02 22:00:00,GEN_M03,54.55,43.6,399.44,77.93,50.054,0.958,27.6,9291.3,RUNNING
2024-01-02 22:00:00,GEN_B01,67.82,54.3,397.35,96.89,50.016,0.917,29.8,9815.1,RUNNING
2024-01-02 22:00:00,GEN_B02,60.1,48.1,398.25,85.86,49.856,0.919,28.4,11058.0,RUNNING
2024-01-02 23:00:00,GEN_M01,69.54,55.6,400.7,99.35,49.95,0.926,28.3,13259.6,RUNNING
2024-01-02 23:00:00,GEN_M02,55.5,44.4,398.68,79.28,49.959,0.915,29.1,9903.6,RUNNING
2024-01-02 23:00:00,GEN_M03,59.01,47.2,399.59,84.29,49.999,0.905,32.5,8235.3,RUNNING
2024-01-02 23:00:00,GEN_B01,38.07,30.5,401.11,54.38,49.986,0.921,31.3,14557.8,RUNNING
2024-01-02 23:00:00,GEN_B02,60.12,48.1,399.21,85.89,50.04,0.895,26.4,9386.7,RUNNING
2024-01-03 00:00:00,GEN_M01,59.75,47.8,397.58,85.35,50.058,0.905,29.2,13954.3,RUNNING
2024-01-03 00:00:00,GEN_M02,50.17,40.1,400.09,71.68,50.021,0.934,27.2,8473.7,RUNNING
2024-01-03 00:00:00,GEN_M03,50.04,40.0,398.39,71.49,49.854,0.929,29.4,11236.1,RUNNING
2024-01-03 00:00:00,GEN_B01,63.03,50.4,403.09,90.04,50.001,0.905,30.5,13644.8,RUNNING
2024-01-03 00:00:00,GEN_B02,51.41,41.1,399.28,73.44,49.952,0.922,27.6,9434.2,RUNNING
2024-01-03 01:00:00,GEN_M01,68.44,54.7,397.66,97.76,50.044,0.918,28.6,11770.9,RUNNING
2024-01-03 01:00:00,GEN_M02,58.49,46.8,399.36,83.56,50.057,0.922,27.7,10010.0,RUNNING
2024-01-03 01:00:00,GEN_M03,45.46,36.4,401.62,64.95,49.978,0.946,33.0,14405.6,RUNNING
2024-01-03 01:00:00,GEN_B01,59.89,47.9,399.03,85.55,50.051,0.913,27.5,9289.6,RUNNING
2024-01-03 01:00:00,GEN_B02,53.22,42.6,400.64,76.03,50.103,0.899,27.3,8584.2,RUNNING
2024-01-03 02:00:00,GEN_M01,56.43,45.1,399.88,80.62,50.023,0.899,32.1,14173.5,RUNNING
2024-01-03 02:00:00,GEN_M02,59.46,47.6,403.88,84.95,50.029,0.927,31.6,8555.8,RUNNING
2024-01-03 02:00:00,GEN_M03,58.79,47.0,400.25,83.98,50.066,0.9,28.6,11298.2,RUNNING
2024-01-03 02:00:00,GEN_B01,64.8,51.8,399.09,92.57,50.065,0.92,25.0,10346.5,RUNNING
2024-01-03 02:00:00,GEN_B02,62.55,50.0,399.64,89.36,49.982,0.912,30.3,11152.5,RUNNING
2024-01-03 03:00:00,GEN_M01,49.33,39.5,402.28,70.47,50.05,0.911,31.7,11299.0,RUNNING
2024-01-03 03:00:00,GEN_M02,49.47,39.6,398.23,70.67,50.059,0.911,29.9,9224.2,RUNNING
2024-01-03 03:00:00,GEN_M03,57.76,46.2,399.29,82.51,50.044,0.893,30.4,12859.1,RUNNING
2024-01-03 03:00:00,GEN_B01,48.75,39.0,400.77,69.64,50.009,0.927,27.9,13519.1,RUNNING
2024-01-03 03:00:00,GEN_B02,59.92,47.9,399.64,85.6,50.034,0.958,30.0,8776.9,RUNNING
2024-01-03 04:00:00,GEN_M01,64.55,51.6,396.74,92.22,50.042,0.909,29.0,13179.3,RUNNING
2024-01-03 04:00:00,GEN_M02,55.57,44.5,399.35,79.39,50.026,0.915,30.6,13277.7,RUNNING
2024-01-03 04:00:00,GEN_M03,49.23,39.4,399.2,70.33,50.04,0.927,31.4,8675.7,RUNNING
2024-01-03 04:00:00,GEN_B01,70.04,56.0,399.55,100.05,50.04,0.888,29.2,10080.7,RUNNING
2024-01-03 04:00:00,GEN_B02,63.38,50.7,399.84,90.54,49.992,0.921,32.6,8445.5,RUNNING
2024-01-03 05:00:00,GEN_M01,64.96,52.0,400.36,92.81,50.049,0.93,27.4,14152.9,RUNNING
2024-01-03 05:00:00,GEN_M02,35.98,28.8,399.02,51.39,49.908,0.93,30.6,14247.7,RUNNING
2024-01-03 05:00:00,GEN_M03,66.55,53.2,401.97,95.07,50.082,0.935,32.5,9662.0,RUNNING
2024-01-03 05:00:00,GEN_B01,54.4,43.5,403.26,77.72,49.991,0.922,27.5,13205.2,RUNNING
2024-01-03 05:00:00,GEN_B02,60.39,48.3,400.29,86.27,49.963,0.894,28.0,11307.5,RUNNING
2024-01-03 06:00:00,GEN_M01,76.96,61.6,397.89,109.94,49.996,0.89,27.8,9448.9,RUNNING
2024-01-03 06:00:00,GEN_M02,88.85,71.1,398.87,126.93,50.016,0.947,28.6,11588.7,RUNNING
2024-01-03 06:00:00,GEN_M03,79.65,63.7,400.32,113.78,49.962,0.914,30.6,11551.9,RUNNING
2024-01-03 06:00:00,GEN_B01,73.29,58.6,399.91,104.7,49.965,0.89,33.0,10952.8,RUNNING
2024-01-03 06:00:00,GEN_B02,83.92,67.1,397.63,119.89,50.045,0.91,30.2,9803.3,RUNNING
2024-01-03 07:00:00,GEN_M01,82.72,66.2,401.35,118.17,49.987,0.902,32.5,11193.7,RUNNING
2024-01-03 07:00:00,GEN_M02,79.14,63.3,399.8,113.06,50.004,0.916,27.3,14592.1,RUNNING
2024-01-03 07:00:00,GEN_M03,74.75,59.8,402.12,106.79,49.995,0.92,27.0,12452.7,RUNNING
2024-01-03 07:00:00,GEN_B01,90.78,72.6,399.08,129.69,50.018,0.897,29.8,8081.9,RUNNING
2024-01-03 07:00:00,GEN_B02,82.34,65.9,397.18,117.62,49.973,0.922,29.0,8861.0,RUNNING
2024-01-03 08:00:00,GEN_M01,93.91,75.1,401.45,134.15,50.021,0.907,27.5,12710.8,RUNNING
2024-01-03 08:00:00,GEN_M02,99.0,79.2,398.99,141.43,50.07,0.915,31.2,13757.0,RUNNING
2024-01-03 08:00:00,GEN_M03,79.91,63.9,401.19,114.15,49.913,0.946,30.8,12939.1,RUNNING
2024-01-03 08:00:00,GEN_B01,64.63,51.7,399.38,92.32,49.945,0.916,27.0,14230.7,RUNNING
2024-01-03 08:00:00,GEN_B02,94.35,75.5,399.16,134.79,49.99,0.886,32.0,12739.8,RUNNING
2024-01-03 09:00:00,GEN_M01,73.19,58.6,399.11,104.56,49.999,0.926,26.8,12817.9,RUNNING
2024-01-03 09:00:00,GEN_M02,76.51,61.2,400.82,109.3,50.0,0.911,29.2,8216.7,RUNNING
2024-01-03 09:00:00,GEN_M03,80.15,64.1,402.4,114.51,50.028,0.914,28.7,8813.0,RUNNING
2024-01-03 09:00:00,GEN_B01,88.22,70.6,401.76,126.03,50.018,0.918,28.6,10698.6,RUNNING
2024-01-03 09:00:00,GEN_B02,85.73,68.6,400.21,122.47,50.087,0.965,26.8,13333.3,RUNNING
2024-01-03 10:00:00,GEN_M01,63.24,50.6,398.82,90.34,49.969,0.917,28.1,9891.7,RUNNING
2024-01-03 10:00:00,GEN_M02,76.53,61.2,401.12,109.33,49.946,0.925,25.3,11108.3,RUNNING
2024-01-03 10:00:00,GEN_M03,55.95,44.8,401.65,79.92,50.098,0.895,28.7,10766.0,RUNNING
2024-01-03 10:00:00,GEN_B01,86.22,69.0,397.75,123.17,50.013,0.929,34.5,11733.7,RUNNING
2024-01-03 10:00:00,GEN_B02,84.33,67.5,400.4,120.47,49.983,0.932,28.4,14608.3,RUNNING
2024-01-03 11:00:00,GEN_M01,77.55,62.0,399.96,110.79,50.056,0.919,30.0,12121.1,RUNNING
2024-01-03 11:00:00,GEN_M02,72.19,57.8,399.11,103.13,50.069,0.877,27.9,12041.0,RUNNING
2024-01-03 11:00:00,GEN_M03,112.63,90.1,400.43,160.9,50.026,0.933,29.1,12014.7,RUNNING
2024-01-03 11:00:00,GEN_B01,79.28,63.4,399.71,113.25,50.057,0.932,28.9,12386.1,RUNNING
2024-01-03 11:00:00,GEN_B02,51.85,41.5,399.42,74.07,50.056,0.939,29.2,12847.7,RUNNING
2024-01-03 12:00:00,GEN_M01,71.53,57.2,399.06,102.19,50.043,0.939,26.5,10062.3,MAINTENANCE
2024-01-03 12:00:00,GEN_M02,86.38,69.1,400.77,123.4,49.968,0.929,30.7,13274.0,RUNNING
2024-01-03 12:00:00,GEN_M03,93.14,74.5,400.53,133.06,50.054,0.919,30.6,8543.5,RUNNING
2024-01-03 12:00:00,GEN_B01,72.43,57.9,399.78,103.47,49.96,0.914,27.9,13657.6,RUNNING
2024-01-03 12:00:00,GEN_B02,62.31,49.9,400.0,89.02,49.959,0.933,29.7,8351.6,RUNNING
2024-01-03 13:00:00,GEN_M01,90.63,72.5,398.86,129.47,49.962,0.901,26.0,13624.4,RUNNING
2024-01-03 13:00:00,GEN_M02,89.54,71.6,399.6,127.92,49.9,0.933,28.8,14852.9,RUNNING
2024-01-03 13:00:00,GEN_M03,68.86,55.1,398.04,98.37,49.849,0.924,31.9,12101.1,RUNNING
2024-01-03 13:00:00,GEN_B01,83.35,66.7,401.21,119.07,49.951,0.93,28.2,11867.5,RUNNING
2024-01-03 13:00:00,GEN_B02,86.3,69.0,399.24,123.29,49.999,0.885,30.0,9989.9,RUNNING
2024-01-03 14:00:00,GEN_M01,76.01,60.8,398.77,108.58,50.056,0.92,29.5,8328.0,RUNNING
2024-01-03 14:00:00,GEN_M02,81.16,64.9,400.23,115.94,50.041,0.903,28.6,10213.9,RUNNING
2024-01-03 14:00:00,GEN_M03,67.79,54.2,399.29,96.84,50.044,0.925,27.6,11036.7,RUNNING
2024-01-03 14:00:00,GEN_B01,83.19,66.5,399.85,118.84,50.013,0.908,30.0,11456.7,RUNNING
2024-01-03 14:00:00,GEN_B02,95.48,76.4,401.45,136.4,50.062,0.922,31.1,10086.4,RUNNING
2024-01-03 15:00:00,GEN_M01,83.22,66.6,401.81,118.89,49.993,0.911,30.5,14697.6,RUNNING
2024-01-03 15:00:00,GEN_M02,66.81,53.4,399.17,95.44,49.939,0.91,24.6,13373.0,RUNNING
2024-01-03 15:00:00,GEN_M03,79.77,63.8,400.45,113.96,50.031,0.897,29.9,11306.0,RUNNING
2024-01-03 15:00:00,GEN_B01,87.95,70.4,397.67,125.65,50.041,0.928,27.1,13170.2,RUNNING
2024-01-03 15:00:00,GEN_B02,72.23,57.8,402.46,103.18,49.955,0.933,26.8,14231.5,RUNNING
2024-01-03 16:00:00,GEN_M01,75.81,60.6,400.06,108.3,49.95,0.935,28.9,8102.9,RUNNING
2024-01-03 16:00:00,GEN_M02,76.12,60.9,398.51,108.74,49.872,0.916,28.8,11716.6,RUNNING
2024-01-03 16:00:00,GEN_M03,81.06,64.8,400.03,115.8,50.027,0.896,28.7,13417.9,RUNNING
2024-01-03 16:00:00,GEN_B01,92.39,73.9,400.03,131.99,50.034,0.932,30.1,8841.5,RUNNING
2024-01-03 16:00:00,GEN_B02,82.27,65.8,398.14,117.53,49.927,0.923,32.3,13929.4,RUNNING
2024-01-03 17:00:00,GEN_M01,81.76,65.4,400.37,116.8,49.989,0.95,29.6,10786.0,RUNNING
2024-01-03 17:00:00,GEN_M02,80.22,64.2,399.74,114.6,50.083,0.92,25.9,14739.4,RUNNING
2024-01-03 17:00:00,GEN_M03,83.56,66.8,399.08,119.37,49.981,0.914,26.7,12356.9,RUNNING
2024-01-03 17:00:00,GEN_B01,70.14,56.1,400.75,100.19,50.057,0.952,29.7,9819.3,RUNNING
2024-01-03 17:00:00,GEN_B02,71.1,56.9,400.7,101.57,50.049,0.918,28.8,12954.0,RUNNING
2024-01-03 18:00:00,GEN_M01,72.9,58.3,397.59,104.14,50.009,0.96,33.4,8533.7,RUNNING
2024-01-03 18:00:00,GEN_M02,81.32,65.1,402.06,116.17,49.889,0.951,28.9,8307.3,RUNNING
2024-01-03 18:00:00,GEN_M03,67.01,53.6,399.36,95.73,50.029,0.888,28.7,11059.0,RUNNING
2024-01-03 18:00:00,GEN_B01,85.87,68.7,399.01,122.67,50.021,0.92,29.6,13301.2,RUNNING
2024-01-03 18:00:00,GEN_B02,99.29,79.4,401.08,141.85,49.935,0.901,28.8,11955.6,RUNNING
2024-01-03 19:00:00,GEN_M01,59.79,47.8,400.0,85.42,49.937,0.932,28.6,10251.7,RUNNING
2024-01-03 19:00:00,GEN_M02,52.72,42.2,399.34,75.32,49.997,0.962,29.8,8829.5,RUNNING
2024-01-03 19:00:00,GEN_M03,54.4,43.5,399.73,77.71,49.968,0.946,30.7,10747.2,RUNNING
2024-01-03 19:00:00,GEN_B01,42.25,33.8,398.97,60.36,50.04,0.881,31.2,12596.4,RUNNING
2024-01-03 19:00:00,GEN_B02,62.94,50.4,398.57,89.92,49.98,0.934,29.3,14653.2,RUNNING
2024-01-03 20:00:00,GEN_M01,71.07,56.9,402.43,101.53,50.005,0.902,26.1,14258.7,RUNNING
2024-01-03 20:00:00,GEN_M02,46.27,37.0,401.38,66.1,49.994,0.95,28.8,11482.8,RUNNING
2024-01-03 20:00:00,GEN_M03,46.86,37.5,401.33,66.94,49.979,0.868,30.0,13676.2,RUNNING
2024-01-03 20:00:00,GEN_B01,57.74,46.2,398.39,82.49,50.034,0.944,31.7,9061.2,RUNNING
2024-01-03 20:00:00,GEN_B02,42.91,34.3,399.24,61.3,49.996,0.927,29.9,8000.1,RUNNING
2024-01-03 21:00:00,GEN_M01,52.6,42.1,400.05,75.14,49.946,0.898,27.9,9612.9,MAINTENANCE
2024-01-03 21:00:00,GEN_M02,61.35,49.1,401.0,87.64,50.023,0.885,26.9,10277.1,RUNNING
2024-01-03 21:00:00,GEN_M03,51.17,40.9,400.69,73.1,50.039,0.915,28.3,13646.9,RUNNING
2024-01-03 21:00:00,GEN_B01,51.77,41.4,402.61,73.96,50.049,0.922,32.1,12965.2,RUNNING
2024-01-03 21:00:00,GEN_B02,50.19,40.2,402.1,71.7,50.033,0.89,30.1,10075.9,RUNNING
2024-01-03 22:00:00,GEN_M01,53.37,42.7,402.99,76.24,50.155,0.932,29.7,13792.5,RUNNING
2024-01-03 22:00:00,GEN_M02,54.88,43.9,402.69,78.39,50.012,0.93,28.6,13102.9,RUNNING
2024-01-03 22:00:00,GEN_M03,62.54,50.0,399.16,89.35,49.945,0.929,28.0,13089.4,RUNNING
2024-01-03 22:00:00,GEN_B01,62.09,49.7,401.0,88.7,49.945,0.912,29.2,13503.4,RUNNING
2024-01-03 22:00:00,GEN_B02,54.05,43.2,397.72,77.21,49.982,0.938,29.1,11825.0,RUNNING
2024-01-03 23:00:00,GEN_M01,60.56,48.5,399.01,86.52,50.035,0.928,29.2,9254.8,RUNNING
2024-01-03 23:00:00,GEN_M02,40.1,32.1,399.28,57.29,49.957,0.934,31.4,12708.9,RUNNING
2024-01-03 23:00:00,GEN_M03,53.31,42.6,397.95,76.16,50.061,0.925,30.6,14342.6,MAINTENANCE
2024-01-03 23:00:00,GEN_B01,53.48,42.8,397.34,76.4,50.02,0.899,29.5,12349.0,RUNNING
2024-01-03 23:00:00,GEN_B02,46.1,36.9,402.3,65.86,49.973,0.886,28.0,12798.1,RUNNING
2024-01-04 00:00:00,GEN_M01,55.08,44.1,400.24,78.69,50.025,0.942,27.9,9392.9,RUNNING
2024-01-04 00:00:00,GEN_M02,67.11,53.7,400.39,95.88,49.952,0.901,28.1,11024.1,RUNNING
2024-01-04 00:00:00,GEN_M03,56.5,45.2,399.65,80.71,49.954,0.938,27.5,10959.1,RUNNING
2024-01-04 00:00:00,GEN_B01,64.01,51.2,399.02,91.45,49.996,0.891,26.0,9879.7,RUNNING
2024-01-04 00:00:00,GEN_B02,57.8,46.2,398.92,82.58,50.009,0.909,29.1,12193.3,RUNNING
2024-01-04 01:00:00,GEN_M01,54.21,43.4,401.24,77.45,50.041,0.897,26.4,12946.4,RUNNING
2024-01-04 01:00:00,GEN_M02,47.83,38.3,401.53,68.33,50.014,0.931,27.1,9418.4,RUNNING
2024-01-04 01:00:00,GEN_M03,58.8,47.0,401.75,84.01,49.989,0.919,31.1,12080.5,RUNNING
2024-01-04 01:00:00,GEN_B01,60.54,48.4,401.69,86.49,49.983,0.931,28.8,14839.0,RUNNING
2024-01-04 01:00:00,GEN_B02,48.6,38.9,399.74,69.43,50.011,0.913,28.9,14401.8,RUNNING
2024-01-04 02:00:00,GEN_M01,52.97,42.4,402.62,75.68,50.069,0.894,25.8,12998.4,RUNNING
2024-01-04 02:00:00,GEN_M02,61.42,49.1,399.65,87.75,49.961,0.906,29.6,9895.6,RUNNING
2024-01-04 02:00:00,GEN_M03,55.75,44.6,401.02,79.64,50.074,0.908,27.5,14660.4,RUNNING
2024-01-04 02:00:00,GEN_B01,58.05,46.4,400.71,82.92,50.004,0.935,30.0,9402.0,RUNNING
2024-01-04 02:00:00,GEN_B02,62.77,50.2,398.86,89.67,50.002,0.934,30.7,12091.1,RUNNING
2024-01-04 03:00:00,GEN_M01,54.68,43.7,397.93,78.11,50.015,0.934,27.4,13511.7,RUNNING
2024-01-04 03:00:00,GEN_M02,46.21,37.0,399.09,66.01,50.086,0.96,30.4,14554.0,RUNNING
2024-01-04 03:00:00,GEN_M03,50.5,40.4,401.29,72.14,49.981,0.919,27.9,10107.3,RUNNING
2024-01-04 03:00:00,GEN_B01,56.15,44.9,399.26,80.21,50.072,0.895,27.6,9116.4,RUNNING
2024-01-04 03:00:00,GEN_B02,62.35,49.9,400.51,89.07,50.029,0.939,30.5,8773.0,RUNNING
2024-01-04 04:00:00,GEN_M01,48.11,38.5,404.42,68.73,50.062,0.893,27.3,13799.9,RUNNING
2024-01-04 04:00:00,GEN_M02,46.33,37.1,399.62,66.19,49.994,0.927,30.1,10481.0,RUNNING
2024-01-04 04:00:00,GEN_M03,54.53,43.6,400.26,77.9,50.149,0.927,27.3,12738.6,RUNNING
2024-01-04 04:00:00,GEN_B01,53.9,43.1,400.91,77.0,50.103,0.897,29.8,9122.6,RUNNING
2024-01-04 04:00:00,GEN_B02,60.42,48.3,399.37,86.31,49.985,0.94,27.1,11604.5,RUNNING
2024-01-04 05:00:00,GEN_M01,63.14,50.5,398.11,90.2,49.989,0.914,27.5,11634.6,RUNNING
2024-01-04 05:00:00,GEN_M02,45.92,36.7,401.53,65.6,50.104,0.888,27.8,11786.3,RUNNING
2024-01-04 05:00:00,GEN_M03,42.15,33.7,400.8,60.22,49.868,0.92,27.2,14093.7,RUNNING
2024-01-04 05:00:00,GEN_B01,48.65,38.9,398.61,69.49,50.013,0.902,29.1,12844.5,RUNNING
2024-01-04 05:00:00,GEN_B02,53.19,42.6,399.65,75.98,50.002,0.891,30.7,10934.9,MAINTENANCE
2024-01-04 06:00:00,GEN_M01,107.46,86.0,402.2,153.51,50.05,0.926,26.7,13852.8,RUNNING
2024-01-04 06:00:00,GEN_M02,98.84,79.1,401.84,141.19,50.055,0.907,28.9,11159.1,RUNNING
2024-01-04 06:00:00,GEN_M03,73.25,58.6,401.86,104.64,49.977,0.919,28.8,8468.8,RUNNING
2024-01-04 06:00:00,GEN_B01,81.83,65.5,396.63,116.9,49.97,0.924,30.7,10628.3,RUNNING
2024-01-04 06:00:00,GEN_B02,62.48,50.0,399.05,89.26,49.941,0.908,30.2,10587.0,RUNNING
2024-01-04 07:00:00,GEN_M01,79.4,63.5,401.91,113.44,50.033,0.897,30.8,11387.9,MAINTENANCE
2024-01-04 07:00:00,GEN_M02,87.24,69.8,398.9,124.63,50.004,0.929,30.3,13473.7,RUNNING
2024-01-04 07:00:00,GEN_M03,95.81,76.6,402.12,136.87,50.02,0.903,29.1,12343.3,RUNNING
2024-01-04 07:00:00,GEN_B01,76.82,61.5,400.44,109.74,50.023,0.924,28.0,12180.1,RUNNING
2024-01-04 07:00:00,GEN_B02,84.36,67.5,401.41,120.52,49.948,0.928,29.3,11317.4,RUNNING
2024-01-04 08:00:00,GEN_M01,72.77,58.2,398.37,103.96,49.961,0.913,27.7,14354.9,RUNNING
2024-01-04 08:00:00,GEN_M02,67.19,53.8,402.28,95.99,50.026,0.941,27.2,13573.7,RUNNING
2024-01-04 08:00:00,GEN_M03,70.33,56.3,400.26,100.47,50.028,0.896,30.7,9336.5,RUNNING
2024-01-04 08:00:00,GEN_B01,72.3,57.8,397.95,103.28,50.042,0.895,29.9,13704.6,RUNNING
2024-01-04 08:00:00,GEN_B02,74.28,59.4,400.39,106.12,49.973,0.9,30.1,8218.0,RUNNING
2024-01-04 09:00:00,GEN_M01,61.62,49.3,397.65,88.03,50.005,0.915,29.7,10261.2,RUNNING
2024-01-04 09:00:00,GEN_M02,77.96,62.4,400.5,111.37,50.016,0.929,30.4,8470.8,RUNNING
2024-01-04 09:00:00,GEN_M03,65.89,52.7,400.92,94.13,49.949,0.915,30.5,8157.0,RUNNING
2024-01-04 09:00:00,GEN_B01,84.59,67.7,401.62,120.84,49.934,0.932,31.8,13336.1,RUNNING
2024-01-04 09:00:00,GEN_B02,94.54,75.6,401.64,135.06,50.101,0.94,29.7,14051.0,RUNNING
2024-01-04 10:00:00,GEN_M01,82.7,66.2,399.47,118.14,50.078,0.904,29.0,9602.1,RUNNING
2024-01-04 10:00:00,GEN_M02,96.57,77.3,396.85,137.96,50.031,0.938,29.7,12152.1,RUNNING
2024-01-04 10:00:00,GEN_M03,100.79,80.6,398.41,143.99,50.074,0.959,28.0,12880.0,RUNNING
2024-01-04 10:00:00,GEN_B01,81.29,65.0,399.27,116.12,50.062,0.954,27.5,9255.5,RUNNING
2024-01-04 10:00:00,GEN_B02,101.12,80.9,399.5,144.46,50.017,0.951,27.9,13867.1,RUNNING
2024-01-04 11:00:00,GEN_M01,89.79,71.8,400.84,128.27,49.874,0.914,29.1,9075.8,RUNNING
2024-01-04 11:00:00,GEN_M02,85.11,68.1,402.63,121.59,50.079,0.911,28.6,8222.2,RUNNING
2024-01-04 11:00:00,GEN_M03,79.74,63.8,398.86,113.92,49.943,0.932,29.4,14041.0,RUNNING
2024-01-04 11:00:00,GEN_B01,87.55,70.0,401.34,125.06,49.968,0.925,27.4,14813.7,RUNNING
2024-01-04 11:00:00,GEN_B02,89.45,71.6,399.71,127.79,49.99,0.905,27.9,8497.2,RUNNING
2024-01-04 12:00:00,GEN_M01,79.48,63.6,399.26,113.55,49.986,0.915,25.9,14811.5,RUNNING
2024-01-04 12:00:00,GEN_M02,78.84,63.1,400.72,112.62,50.044,0.907,28.8,10283.8,RUNNING
2024-01-04 12:00:00,GEN_M03,76.38,61.1,398.85,109.11,49.935,0.911,28.3,9473.5,RUNNING
2024-01-04 12:00:00,GEN_B01,83.06,66.5,398.61,118.66,49.998,0.903,28.1,10116.9,RUNNING
2024-01-04 12:00:00,GEN_B02,77.65,62.1,400.28,110.93,50.135,0.927,29.6,9915.5,RUNNING
2024-01-04 13:00:00,GEN_M01,71.21,57.0,398.75,101.73,50.046,0.909,28.8,8398.9,RUNNING
2024-01-04 13:00:00,GEN_M02,98.64,78.9,402.75,140.91,50.041,0.93,28.3,10197.1,RUNNING
2024-01-04 13:00:00,GEN_M03,84.94,67.9,401.27,121.34,49.998,0.892,28.4,13191.5,RUNNING
2024-01-04 13:00:00,GEN_B01,93.72,75.0,401.43,133.88,49.982,0.886,28.8,11177.9,RUNNING
2024-01-04 13:00:00,GEN_B02,72.01,57.6,399.55,102.86,50.095,0.953,28.5,11427.4,RUNNING
2024-01-04 14:00:00,GEN_M01,84.21,67.4,402.22,120.29,49.942,0.924,25.9,9296.9,RUNNING
2024-01-04 14:00:00,GEN_M02,70.28,56.2,399.19,100.4,49.973,0.937,27.8,14489.9,RUNNING
2024-01-04 14:00:00,GEN_M03,70.2,56.2,401.83,100.29,49.974,0.906,29.4,11897.5,RUNNING
2024-01-04 14:00:00,GEN_B01,78.94,63.2,400.73,112.78,49.945,0.934,27.9,9527.5,RUNNING
2024-01-04 14:00:00,GEN_B02,72.86,58.3,400.8,104.09,50.061,0.907,27.2,11208.3,RUNNING
2024-01-04 15:00:00,GEN_M01,85.83,68.7,398.64,122.62,49.953,0.907,28.9,9667.0,RUNNING
2024-01-04 15:00:00,GEN_M02,58.87,47.1,399.09,84.1,50.023,0.865,24.7,12178.4,RUNNING
2024-01-04 15:00:00,GEN_M03,76.25,61.0,402.08,108.93,49.981,0.928,27.9,8213.2,RUNNING
2024-01-04 15:00:00,GEN_B01,82.66,66.1,401.15,118.09,50.011,0.93,24.7,8351.7,RUNNING
2024-01-04 15:00:00,GEN_B02,118.75,95.0,402.59,169.64,49.986,0.926,24.8,8174.8,RUNNING
2024-01-04 16:00:00,GEN_M01,75.55,60.4,397.72,107.93,50.038,0.912,29.6,13610.1,RUNNING
2024-01-04 16:00:00,GEN_M02,69.95,56.0,400.54,99.93,49.963,0.935,27.9,12741.8,RUNNING
2024-01-04 16:00:00,GEN_M03,79.49,63.6,400.15,113.56,50.065,0.906,30.3,10415.6,RUNNING
2024-01-04 16:00:00,GEN_B01,88.7,71.0,400.38,126.71,49.994,0.924,29.2,12280.2,RUNNING
2024-01-04 16:00:00,GEN_B02,89.94,72.0,398.67,128.49,50.048,0.938,28.1,14930.8,RUNNING
2024-01-04 17:00:00,GEN_M01,95.98,76.8,399.66,137.11,49.918,0.912,27.8,10403.7,RUNNING
2024-01-04 17:00:00,GEN_M02,87.65,70.1,400.49,125.22,49.943,0.922,28.6,9726.6,RUNNING
2024-01-04 17:00:00,GEN_M03,51.34,41.1,401.17,73.34,50.023,0.95,31.4,14330.5,RUNNING
2024-01-04 17:00:00,GEN_B01,71.76,57.4,401.4,102.52,49.988,0.943,32.5,9901.4,RUNNING
2024-01-04 17:00:00,GEN_B02,70.19,56.1,398.42,100.27,50.061,0.915,27.9,8839.2,RUNNING
2024-01-04 18:00:00,GEN_M01,63.04,50.4,397.13,90.06,49.997,0.893,29.5,9150.8,RUNNING
2024-01-04 18:00:00,GEN_M02,101.12,80.9,400.16,144.46,50.063,0.903,30.8,12610.6,RUNNING
2024-01-04 18:00:00,GEN_M03,83.89,67.1,401.1,119.84,50.014,0.887,31.5,8075.7,RUNNING
2024-01-04 18:00:00,GEN_B01,71.65,57.3,400.14,102.36,49.943,0.968,28.7,8831.0,RUNNING
2024-01-04 18:00:00,GEN_B02,96.41,77.1,400.11,137.73,49.989,0.901,30.2,9207.7,RUNNING
2024-01-04 19:00:00,GEN_M01,56.83,45.5,399.77,81.19,49.905,0.903,29.6,8352.4,RUNNING
2024-01-04 19:00:00,GEN_M02,53.15,42.5,400.83,75.93,49.933,0.93,32.7,10514.5,RUNNING
2024-01-04 19:00:00,GEN_M03,44.65,35.7,401.99,63.78,49.936,0.892,28.8,13640.0,RUNNING
2024-01-04 19:00:00,GEN_B01,44.85,35.9,399.32,64.08,50.028,0.944,23.3,13765.4,RUNNING
2024-01-04 19:00:00,GEN_B02,52.78,42.2,399.42,75.39,50.01,0.929,25.2,11721.0,RUNNING
2024-01-04 20:00:00,GEN_M01,37.59,30.1,400.68,53.7,49.951,0.921,27.7,13003.3,RUNNING
2024-01-04 20:00:00,GEN_M02,59.6,47.7,399.69,85.15,50.031,0.923,27.0,12632.4,RUNNING
2024-01-04 20:00:00,GEN_M03,61.61,49.3,401.74,88.01,49.983,0.929,24.9,10614.2,RUNNING
2024-01-04 20:00:00,GEN_B01,65.23,52.2,398.82,93.18,50.087,0.903,28.4,12607.1,RUNNING
2024-01-04 20:00:00,GEN_B02,47.23,37.8,400.48,67.48,49.983,0.918,28.2,9177.4,RUNNING
2024-01-04 21:00:00,GEN_M01,52.28,41.8,400.48,74.69,50.088,0.92,25.9,14706.8,RUNNING
2024-01-04 21:00:00,GEN_M02,57.94,46.4,398.1,82.77,50.085,0.924,30.4,12742.1,RUNNING
2024-01-04 21:00:00,GEN_M03,68.49,54.8,400.83,97.84,50.012,0.915,30.5,11782.1,RUNNING
2024-01-04 21:00:00,GEN_B01,41.5,33.2,399.72,59.28,50.015,0.919,26.7,11598.7,RUNNING
2024-01-04 21:00:00,GEN_B02,65.39,52.3,401.14,93.42,49.995,0.928,25.3,13098.6,RUNNING
2024-01-04 22:00:00,GEN_M01,64.06,51.3,399.81,91.52,50.029,0.906,30.1,14932.3,RUNNING
2024-01-04 22:00:00,GEN_M02,62.67,50.1,401.61,89.52,49.964,0.927,32.3,14569.7,RUNNING
2024-01-04 22:00:00,GEN_M03,46.55,37.2,400.68,66.5,49.907,0.897,30.1,9196.6,RUNNING
2024-01-04 22:00:00,GEN_B01,54.13,43.3,400.38,77.32,49.99,0.905,29.7,8701.7,MAINTENANCE
2024-01-04 22:00:00,GEN_B02,64.12,51.3,399.27,91.59,49.969,0.93,32.3,14485.2,RUNNING
2024-01-04 23:00:00,GEN_M01,53.56,42.9,401.98,76.52,50.004,0.912,25.1,8079.1,RUNNING
2024-01-04 23:00:00,GEN_M02,55.58,44.5,397.4,79.4,50.075,0.921,28.9,9926.7,RUNNING
2024-01-04 23:00:00,GEN_M03,59.57,47.7,399.6,85.1,50.042,0.877,29.9,8354.0,RUNNING
2024-01-04 23:00:00,GEN_B01,59.49,47.6,398.94,84.99,49.964,0.918,29.9,10362.2,RUNNING
2024-01-04 23:00:00,GEN_B02,49.53,39.6,399.44,70.75,49.948,0.887,23.2,11709.6,RUNNING
2024-01-05 00:00:00,GEN_M01,66.21,53.0,399.09,94.59,50.023,0.911,29.3,10527.5,RUNNING
2024-01-05 00:00:00,GEN_M02,51.04,40.8,400.24,72.91,49.995,0.912,27.9,12880.1,RUNNING
2024-01-05 00:00:00,GEN_M03,46.37,37.1,398.5,66.25,49.962,0.891,30.3,12706.7,RUNNING
2024-01-05 00:00:00,GEN_B01,52.49,42.0,400.78,74.98,49.945,0.913,30.7,13165.7,RUNNING
2024-01-05 00:00:00,GEN_B02,47.27,37.8,401.34,67.53,50.091,0.912,30.5,11273.8,RUNNING
2024-01-05 01:00:00,GEN_M01,61.59,49.3,397.18,87.99,50.036,0.882,25.6,13954.0,RUNNING
2024-01-05 01:00:00,GEN_M02,57.64,46.1,400.33,82.34,50.064,0.901,29.6,13357.5,RUNNING
2024-01-05 01:00:00,GEN_M03,51.17,40.9,400.68,73.1,50.059,0.896,30.5,12159.7,RUNNING
2024-01-05 01:00:00,GEN_B01,61.77,49.4,397.52,88.24,49.974,0.905,32.3,12846.5,RUNNING
2024-01-05 01:00:00,GEN_B02,61.66,49.3,401.04,88.09,50.014,0.9,31.5,13946.1,RUNNING
2024-01-05 02:00:00,GEN_M01,49.9,39.9,401.17,71.28,49.998,0.912,31.2,8095.8,RUNNING
2024-01-05 02:00:00,GEN_M02,41.06,32.8,402.87,58.65,49.936,0.924,26.6,10071.5,RUNNING
2024-01-05 02:00:00,GEN_M03,57.64,46.1,400.02,82.34,50.143,0.887,30.6,14420.9,RUNNING
2024-01-05 02:00:00,GEN_B01,64.19,51.4,398.9,91.7,50.011,0.883,29.6,12884.8,RUNNING
2024-01-05 02:00:00,GEN_B02,61.04,48.8,400.55,87.2,50.007,0.902,30.8,12632.8,RUNNING
2024-01-05 03:00:00,GEN_M01,50.91,40.7,400.07,72.73,49.955,0.943,28.2,12655.4,RUNNING
2024-01-05 03:00:00,GEN_M02,49.66,39.7,400.35,70.95,50.032,0.916,28.0,13102.6,RUNNING
2024-01-05 03:00:00,GEN_M03,49.7,39.8,402.03,71.0,50.059,0.923,26.9,14703.4,RUNNING
2024-01-05 03:00:00,GEN_B01,49.79,39.8,396.77,71.12,50.044,0.889,28.8,9682.1,RUNNING
2024-01-05 03:00:00,GEN_B02,67.53,54.0,399.57,96.47,50.071,0.87,27.5,14115.3,RUNNING
2024-01-05 04:00:00,GEN_M01,65.83,52.7,398.19,94.04,49.946,0.954,29.4,12775.3,RUNNING
2024-01-05 04:00:00,GEN_M02,49.16,39.3,398.59,70.23,50.011,0.899,29.4,12854.0,RUNNING
2024-01-05 04:00:00,GEN_M03,60.24,48.2,402.64,86.06,50.0,0.896,29.4,8179.8,RUNNING
2024-01-05 04:00:00,GEN_B01,59.62,47.7,398.48,85.17,49.982,0.928,32.9,8878.8,RUNNING
2024-01-05 04:00:00,GEN_B02,55.85,44.7,401.68,79.78,50.116,0.924,26.7,11810.4,RUNNING
2024-01-05 05:00:00,GEN_M01,49.47,39.6,400.71,70.67,50.0,0.908,30.9,12825.2,RUNNING
2024-01-05 05:00:00,GEN_M02,63.1,50.5,402.38,90.15,50.029,0.948,25.6,11263.3,RUNNING
2024-01-05 05:00:00,GEN_M03,46.18,36.9,402.69,65.98,50.035,0.915,29.7,8146.5,RUNNING
2024-01-05 05:00:00,GEN_B01,48.55,38.8,398.55,69.36,50.081,0.914,31.2,10886.0,RUNNING
2024-01-05 05:00:00,GEN_B02,68.18,54.5,399.49,97.4,50.021,0.922,27.7,10644.9,RUNNING
2024-01-05 06:00:00,GEN_M01,82.04,65.6,400.69,117.19,49.951,0.897,24.5,8806.0,RUNNING
2024-01-05 06:00:00,GEN_M02,64.38,51.5,397.97,91.97,49.965,0.959,25.1,12537.6,RUNNING
2024-01-05 06:00:00,GEN_M03,85.25,68.2,399.88,121.79,49.94,0.949,29.0,10810.2,RUNNING
2024-01-05 06:00:00,GEN_B01,99.32,79.5,398.55,141.89,50.025,0.905,28.2,9461.8,RUNNING
2024-01-05 06:00:00,GEN_B02,102.9,82.3,400.32,147.0,50.051,0.942,31.1,11782.0,RUNNING
2024-01-05 07:00:00,GEN_M01,75.61,60.5,400.21,108.02,49.921,0.904,30.4,9004.3,RUNNING
2024-01-05 07:00:00,GEN_M02,100.98,80.8,400.76,144.25,50.074,0.965,25.9,13800.6,RUNNING
2024-01-05 07:00:00,GEN_M03,77.21,61.8,399.85,110.29,50.022,0.869,29.1,12064.5,RUNNING
2024-01-05 07:00:00,GEN_B01,79.03,63.2,398.99,112.89,49.98,0.96,32.8,10666.7,RUNNING
2024-01-05 07:00:00,GEN_B02,72.93,58.3,400.31,104.18,49.935,0.909,30.4,11098.0,RUNNING
2024-01-05 08:00:00,GEN_M01,85.51,68.4,397.34,122.15,50.053,0.925,29.5,13781.5,RUNNING
2024-01-05 08:00:00,GEN_M02,95.1,76.1,402.02,135.85,50.026,0.918,29.6,11787.8,RUNNING
2024-01-05 08:00:00,GEN_M03,86.99,69.6,398.07,124.27,50.015,0.923,26.2,13345.8,RUNNING
2024-01-05 08:00:00,GEN_B01,75.11,60.1,398.29,107.3,49.994,0.904,30.1,9143.6,RUNNING
2024-01-05 08:00:00,GEN_B02,76.47,61.2,399.81,109.25,49.972,0.861,26.2,10679.5,RUNNING
2024-01-05 09:00:00,GEN_M01,101.78,81.4,398.24,145.4,50.085,0.958,28.7,14146.2,RUNNING
2024-01-05 09:00:00,GEN_M02,83.0,66.4,399.38,118.58,50.007,0.911,26.0,9189.2,RUNNING
2024-01-05 09:00:00,GEN_M03,79.06,63.3,398.41,112.95,49.964,0.894,28.8,14926.5,RUNNING
2024-01-05 09:00:00,GEN_B01,91.03,72.8,401.73,130.04,50.069,0.914,24.5,10908.1,RUNNING
2024-01-05 09:00:00,GEN_B02,55.22,44.2,399.23,78.88,50.077,0.933,26.7,10207.5,RUNNING
2024-01-05 10:00:00,GEN_M01,77.98,62.4,400.74,111.4,49.973,0.93,28.3,11325.6,RUNNING
2024-01-05 10:00:00,GEN_M02,100.6,80.5,399.46,143.72,50.059,0.907,28.3,14947.6,RUNNING
2024-01-05 10:00:00,GEN_M03,81.7,65.4,399.25,116.72,49.931,0.926,28.8,9266.2,RUNNING
2024-01-05 10:00:00,GEN_B01,80.64,64.5,398.68,115.2,50.086,0.885,31.2,13828.3,RUNNING
2024-01-05 10:00:00,GEN_B02,73.29,58.6,401.92,104.71,49.889,0.93,29.6,14975.7,RUNNING
2024-01-05 11:00:00,GEN_M01,56.32,45.1,402.44,80.45,49.971,0.897,26.8,12684.5,RUNNING
2024-01-05 11:00:00,GEN_M02,62.93,50.3,402.25,89.9,50.093,0.918,26.6,11874.3,RUNNING
2024-01-05 11:00:00,GEN_M03,68.86,55.1,398.78,98.37,49.998,0.917,30.1,13461.5,RUNNING
2024-01-05 11:00:00,GEN_B01,90.04,72.0,402.06,128.63,50.016,0.934,26.6,11417.2,RUNNING
2024-01-05 11:00:00,GEN_B02,95.92,76.7,397.65,137.02,50.017,0.97,27.6,10017.3,MAINTENANCE
2024-01-05 12:00:00,GEN_M01,62.85,50.3,400.96,89.78,50.006,0.918,28.6,8640.0,RUNNING
2024-01-05 12:00:00,GEN_M02,68.26,54.6,401.79,97.51,50.048,0.921,24.3,9374.1,RUNNING
2024-01-05 12:00:00,GEN_M03,83.54,66.8,400.34,119.34,50.045,0.914,30.9,13249.0,RUNNING
2024-01-05 12:00:00,GEN_B01,94.37,75.5,400.43,134.81,49.958,0.907,26.2,9728.0,RUNNING
2024-01-05 12:00:00,GEN_B02,102.5,82.0,402.88,146.43,49.939,0.921,31.4,9498.0,RUNNING
2024-01-05 13:00:00,GEN_M01,68.31,54.7,399.41,97.59,50.053,0.932,31.2,14529.3,RUNNING
2024-01-05 13:00:00,GEN_M02,104.29,83.4,401.89,148.98,50.057,0.901,25.8,14158.3,RUNNING
2024-01-05 13:00:00,GEN_M03,91.32,73.1,399.66,130.46,49.959,0.906,29.4,8966.9,RUNNING
2024-01-05 13:00:00,GEN_B01,101.75,81.4,401.17,145.35,49.96,0.904,28.7,10874.8,RUNNING
2024-01-05 13:00:00,GEN_B02,92.07,73.7,400.17,131.53,49.991,0.928,28.8,13473.2,RUNNING
2024-01-05 14:00:00,GEN_M01,71.39,57.1,401.79,101.99,50.045,0.893,28.1,11531.2,RUNNING
2024-01-05 14:00:00,GEN_M02,84.76,67.8,398.58,121.09,49.958,0.935,32.5,10837.3,RUNNING
2024-01-05 14:00:00,GEN_M03,87.21,69.8,399.65,124.59,50.037,0.928,27.4,13922.9,RUNNING
2024-01-05 14:00:00,GEN_B01,83.92,67.1,400.69,119.88,49.975,0.916,28.5,11403.2,RUNNING
2024-01-05 14:00:00,GEN_B02,73.14,58.5,400.39,104.49,50.011,0.936,26.5,14000.6,RUNNING
2024-01-05 15:00:00,GEN_M01,76.94,61.6,398.76,109.91,50.007,0.927,29.6,10321.3,RUNNING
2024-01-05 15:00:00,GEN_M02,82.85,66.3,399.46,118.36,49.964,0.927,33.1,8961.1,RUNNING
2024-01-05 15:00:00,GEN_M03,84.37,67.5,398.11,120.53,50.037,0.932,31.1,14620.2,RUNNING
2024-01-05 15:00:00,GEN_B01,91.54,73.2,398.29,130.78,50.041,0.919,30.5,8375.4,RUNNING
2024-01-05 15:00:00,GEN_B02,81.98,65.6,399.87,117.11,49.944,0.912,31.1,13855.1,RUNNING
2024-01-05 16:00:00,GEN_M01,87.28,69.8,403.73,124.69,50.013,0.946,27.0,13806.9,RUNNING
2024-01-05 16:00:00,GEN_M02,79.73,63.8,401.59,113.9,50.044,0.914,31.1,13077.6,RUNNING
2024-01-05 16:00:00,GEN_M03,90.58,72.5,401.6,129.4,50.073,0.902,28.3,14594.4,RUNNING
2024-01-05 16:00:00,GEN_B01,72.88,58.3,402.03,104.12,50.021,0.921,27.7,10584.0,RUNNING
2024-01-05 16:00:00,GEN_B02,84.06,67.2,401.52,120.09,49.992,0.985,24.4,8968.6,RUNNING
2024-01-05 17:00:00,GEN_M01,104.33,83.5,399.84,149.04,50.05,0.954,28.3,10906.0,RUNNING
2024-01-05 17:00:00,GEN_M02,75.03,60.0,400.75,107.19,50.053,0.896,29.9,9796.5,RUNNING
2024-01-05 17:00:00,GEN_M03,58.09,46.5,400.22,82.98,50.04,0.918,24.7,10415.1,RUNNING
2024-01-05 17:00:00,GEN_B01,77.54,62.0,398.93,110.78,50.026,0.926,26.0,11013.8,RUNNING
2024-01-05 17:00:00,GEN_B02,82.93,66.3,400.27,118.47,50.071,0.891,24.4,13031.0,RUNNING
2024-01-05 18:00:00,GEN_M01,93.78,75.0,398.96,133.97,49.902,0.922,27.8,14030.1,RUNNING
2024-01-05 18:00:00,GEN_M02,101.67,81.3,399.97,145.24,50.016,0.92,29.3,13282.0,RUNNING
2024-01-05 18:00:00,GEN_M03,83.51,66.8,398.54,119.3,50.065,0.933,28.7,10361.3,RUNNING
2024-01-05 18:00:00,GEN_B01,75.72,60.6,398.86,108.17,49.911,0.929,27.1,10921.8,RUNNING
2024-01-05 18:00:00,GEN_B02,60.49,48.4,399.77,86.42,49.984,0.899,28.5,9150.0,RUNNING
2024-01-05 19:00:00,GEN_M01,47.46,38.0,398.67,67.8,50.009,0.946,29.3,8545.0,RUNNING
2024-01-05 19:00:00,GEN_M02,60.65,48.5,400.39,86.64,49.988,0.92,27.9,13386.1,RUNNING
2024-01-05 19:00:00,GEN_M03,53.81,43.0,400.32,76.87,49.95,0.9,28.4,10639.4,RUNNING
2024-01-05 19:00:00,GEN_B01,47.12,37.7,398.66,67.31,50.026,0.921,29.0,13575.1,RUNNING
2024-01-05 19:00:00,GEN_B02,41.49,33.2,400.63,59.27,49.957,0.922,26.7,10641.5,RUNNING
2024-01-05 20:00:00,GEN_M01,53.38,42.7,399.4,76.26,49.941,0.912,28.5,14868.8,RUNNING
2024-01-05 20:00:00,GEN_M02,58.27,46.6,401.76,83.24,49.941,0.93,27.4,9022.1,RUNNING
2024-01-05 20:00:00,GEN_M03,65.11,52.1,399.7,93.02,49.974,0.941,29.7,10491.7,RUNNING
2024-01-05 20:00:00,GEN_B01,45.58,36.5,400.57,65.11,49.952,0.914,31.2,9376.8,RUNNING
2024-01-05 20:00:00,GEN_B02,63.59,50.9,402.41,90.85,50.041,0.942,26.0,9428.6,RUNNING
2024-01-05 21:00:00,GEN_M01,52.78,42.2,400.74,75.4,50.065,0.898,27.7,8177.4,RUNNING
2024-01-05 21:00:00,GEN_M02,53.51,42.8,397.91,76.44,50.03,0.906,28.4,9030.1,RUNNING
2024-01-05 21:00:00,GEN_M03,54.78,43.8,399.68,78.26,49.981,0.905,28.7,14482.4,RUNNING
2024-01-05 21:00:00,GEN_B01,58.65,46.9,400.21,83.78,50.05,0.892,32.0,9163.6,RUNNING
2024-01-05 21:00:00,GEN_B02,57.43,45.9,397.78,82.05,49.963,0.944,26.5,14664.4,RUNNING
2024-01-05 22:00:00,GEN_M01,63.38,50.7,397.7,90.54,49.99,0.926,29.2,10966.4,RUNNING
2024-01-05 22:00:00,GEN_M02,57.57,46.1,400.8,82.24,49.89,0.917,28.6,14366.8,RUNNING
2024-01-05 22:00:00,GEN_M03,61.45,49.2,398.8,87.78,49.905,0.912,29.9,13557.5,RUNNING
2024-01-05 22:00:00,GEN_B01,63.76,51.0,401.07,91.09,50.021,0.928,31.5,10765.4,RUNNING
2024-01-05 22:00:00,GEN_B02,68.77,55.0,402.42,98.24,49.984,0.947,26.8,9304.9,RUNNING
2024-01-05 23:00:00,GEN_M01,45.7,36.6,400.33,65.28,50.05,0.903,25.9,11378.2,RUNNING
2024-01-05 23:00:00,GEN_M02,55.59,44.5,401.42,79.42,49.997,0.957,29.8,9765.2,RUNNING
2024-01-05 23:00:00,GEN_M03,57.93,46.3,399.5,82.76,50.048,0.929,28.2,11854.6,RUNNING
2024-01-05 23:00:00,GEN_B01,61.29,49.0,401.33,87.55,50.038,0.921,31.8,10391.5,RUNNING
2024-01-05 23:00:00,GEN_B02,59.16,47.3,398.84,84.52,50.019,0.945,28.0,10755.4,RUNNING
2024-01-06 00:00:00,GEN_M01,53.16,42.5,400.81,75.94,50.021,0.914,30.3,9158.5,RUNNING
2024-01-06 00:00:00,GEN_M02,46.66,37.3,400.86,66.65,49.971,0.908,32.8,8290.5,RUNNING
2024-01-06 00:00:00,GEN_M03,64.63,51.7,398.9,92.32,50.095,0.921,28.8,9812.3,RUNNING
2024-01-06 00:00:00,GEN_B01,62.02,49.6,400.54,88.59,50.016,0.882,27.2,11950.9,RUNNING
2024-01-06 00:00:00,GEN_B02,53.27,42.6,400.52,76.1,50.004,0.927,26.2,13335.5,RUNNING
2024-01-06 01:00:00,GEN_M01,57.69,46.1,398.43,82.41,50.068,0.953,29.6,11428.5,RUNNING
2024-01-06 01:00:00,GEN_M02,58.07,46.5,400.83,82.96,49.973,0.958,24.3,11064.0,RUNNING
2024-01-06 01:00:00,GEN_M03,50.44,40.4,401.13,72.06,49.897,0.921,24.5,13159.9,RUNNING
2024-01-06 01:00:00,GEN_B01,40.67,32.5,402.47,58.09,50.018,0.903,27.8,14807.2,RUNNING
2024-01-06 01:00:00,GEN_B02,56.02,44.8,400.89,80.02,49.865,0.907,25.7,8524.3,RUNNING
2024-01-06 02:00:00,GEN_M01,52.59,42.1,400.03,75.13,49.93,0.9,29.7,8255.2,RUNNING
2024-01-06 02:00:00,GEN_M02,57.74,46.2,399.13,82.49,49.976,0.934,28.3,10952.0,RUNNING
2024-01-06 02:00:00,GEN_M03,72.52,58.0,397.22,103.61,50.039,0.906,25.6,10567.6,RUNNING
2024-01-06 02:00:00,GEN_B01,53.86,43.1,401.2,76.95,50.043,0.892,31.7,11189.5,RUNNING
2024-01-06 02:00:00,GEN_B02,50.18,40.1,400.78,71.69,49.989,0.92,30.4,14389.6,RUNNING
2024-01-06 03:00:00,GEN_M01,51.08,40.9,400.45,72.98,50.047,0.912,25.2,11914.5,RUNNING
2024-01-06 03:00:00,GEN_M02,55.47,44.4,398.89,79.24,50.009,0.929,29.2,12029.7,RUNNING
2024-01-06 03:00:00,GEN_M03,57.71,46.2,400.67,82.44,50.048,0.915,31.4,12540.8,RUNNING
2024-01-06 03:00:00,GEN_B01,49.12,39.3,398.51,70.17,49.968,0.924,29.1,12734.8,RUNNING
2024-01-06 03:00:00,GEN_B02,58.48,46.8,398.94,83.54,49.923,0.917,29.6,12316.4,RUNNING
2024-01-06 04:00:00,GEN_M01,53.53,42.8,399.42,76.47,49.985,0.933,24.4,10978.5,RUNNING
2024-01-06 04:00:00,GEN_M02,51.01,40.8,399.66,72.88,50.043,0.922,31.1,10715.8,RUNNING
2024-01-06 04:00:00,GEN_M03,48.01,38.4,399.83,68.59,50.011,0.945,31.3,13357.2,RUNNING
2024-01-06 04:00:00,GEN_B01,48.51,38.8,399.12,69.3,49.993,0.921,29.6,10710.6,RUNNING
2024-01-06 04:00:00,GEN_B02,66.38,53.1,399.91,94.83,50.012,0.914,30.2,14086.7,RUNNING
2024-01-06 05:00:00,GEN_M01,66.42,53.1,398.83,94.89,50.078,0.889,30.7,11112.0,RUNNING
2024-01-06 05:00:00,GEN_M02,54.43,43.5,399.32,77.76,49.948,0.908,24.7,12083.2,RUNNING
2024-01-06 05:00:00,GEN_M03,55.22,44.2,398.36,78.89,49.956,0.956,29.1,12907.7,RUNNING
2024-01-06 05:00:00,GEN_B01,54.43,43.5,401.61,77.75,50.064,0.918,28.5,14853.2,RUNNING
2024-01-06 05:00:00,GEN_B02,53.34,42.7,400.01,76.2,50.031,0.953,30.2,13584.6,RUNNING
2024-01-06 06:00:00,GEN_M01,66.06,52.8,400.58,94.37,49.995,0.91,23.2,14040.7,RUNNING
2024-01-06 06:00:00,GEN_M02,83.69,66.9,398.88,119.55,50.05,0.916,28.6,9428.0,RUNNING
2024-01-06 06:00:00,GEN_M03,74.75,59.8,400.02,106.79,50.024,0.915,28.6,14005.0,RUNNING
2024-01-06 06:00:00,GEN_B01,62.89,50.3,399.63,89.84,50.049,0.906,27.9,11301.4,RUNNING
2024-01-06 06:00:00,GEN_B02,76.41,61.1,399.74,109.15,50.025,0.92,26.5,9254.1,RUNNING
2024-01-06 07:00:00,GEN_M01,84.32,67.5,399.49,120.46,50.014,0.91,32.1,9972.8,RUNNING
2024-01-06 07:00:00,GEN_M02,76.46,61.2,403.52,109.23,49.964,0.912,29.2,13484.5,MAINTENANCE
2024-01-06 07:00:00,GEN_M03,80.62,64.5,400.4,115.17,50.064,0.871,29.2,11338.9,RUNNING
2024-01-06 07:00:00,GEN_B01,92.22,73.8,395.49,131.75,50.029,0.925,25.3,9977.9,RUNNING
2024-01-06 07:00:00,GEN_B02,70.35,56.3,399.06,100.5,50.025,0.863,28.7,9811.5,RUNNING
2024-01-06 08:00:00,GEN_M01,78.69,62.9,401.2,112.41,49.907,0.921,27.4,8099.4,RUNNING
2024-01-06 08:00:00,GEN_M02,86.83,69.5,399.28,124.05,50.016,0.884,32.2,11733.3,RUNNING
2024-01-06 08:00:00,GEN_M03,81.19,65.0,397.94,115.99,50.026,0.957,30.8,11606.2,RUNNING
2024-01-06 08:00:00,GEN_B01,85.45,68.4,402.03,122.07,49.969,0.93,25.3,10691.6,RUNNING
2024-01-06 08:00:00,GEN_B02,95.6,76.5,402.18,136.57,49.996,0.883,27.8,13669.9,RUNNING
2024-01-06 09:00:00,GEN_M01,90.17,72.1,397.69,128.82,50.008,0.964,28.5,11118.6,RUNNING
2024-01-06 09:00:00,GEN_M02,92.0,73.6,400.31,131.43,49.945,0.925,28.9,13026.1,RUNNING
2024-01-06 09:00:00,GEN_M03,91.6,73.3,398.67,130.86,50.05,0.914,28.3,9708.0,RUNNING
2024-01-06 09:00:00,GEN_B01,88.85,71.1,399.91,126.92,50.025,0.926,27.9,12814.4,RUNNING
2024-01-06 09:00:00,GEN_B02,61.29,49.0,399.21,87.56,49.932,0.898,28.2,11437.1,RUNNING
2024-01-06 10:00:00,GEN_M01,75.27,60.2,399.9,107.52,50.018,0.962,26.5,14883.4,RUNNING
2024-01-06 10:00:00,GEN_M02,66.13,52.9,401.46,94.47,49.961,0.924,30.8,12738.1,RUNNING
2024-01-06 10:00:00,GEN_M03,96.34,77.1,400.76,137.63,49.978,0.89,29.7,8936.4,RUNNING
2024-01-06 10:00:00,GEN_B01,79.17,63.3,397.71,113.09,49.947,0.923,30.9,10028.1,RUNNING
2024-01-06 10:00:00,GEN_B02,77.01,61.6,398.54,110.02,50.035,0.894,25.7,14835.2,RUNNING
2024-01-06 11:00:00,GEN_M01,65.27,52.2,401.1,93.24,49.99,0.911,27.2,9867.6,RUNNING
2024-01-06 11:00:00,GEN_M02,86.2,69.0,399.39,123.14,50.05,0.897,29.2,8426.3,RUNNING
2024-01-06 11:00:00,GEN_M03,92.53,74.0,399.84,132.18,50.061,0.898,28.4,13363.7,RUNNING
2024-01-06 11:00:00,GEN_B01,75.29,60.2,402.55,107.56,49.98,0.934,30.3,12267.8,RUNNING
2024-01-06 11:00:00,GEN_B02,69.71,55.8,399.03,99.59,49.917,0.93,29.4,11321.0,RUNNING
2024-01-06 12:00:00,GEN_M01,90.66,72.5,402.92,129.52,50.051,0.907,28.8,9630.0,RUNNING
2024-01-06 12:00:00,GEN_M02,81.52,65.2,399.16,116.46,49.898,0.921,26.6,9806.8,RUNNING
2024-01-06 12:00:00,GEN_M03,85.29,68.2,400.34,121.85,49.984,0.932,29.9,8797.8,RUNNING
2024-01-06 12:00:00,GEN_B01,88.05,70.4,401.79,125.79,49.97,0.962,29.0,11701.0,RUNNING
2024-01-06 12:00:00,GEN_B02,74.53,59.6,397.39,106.46,49.973,0.898,28.9,12841.5,RUNNING
2024-01-06 13:00:00,GEN_M01,82.6,66.1,403.06,118.0,50.015,0.904,23.7,14076.0,RUNNING
2024-01-06 13:00:00,GEN_M02,74.58,59.7,399.09,106.55,49.98,0.906,28.8,14600.9,RUNNING
2024-01-06 13:00:00,GEN_M03,66.92,53.5,401.23,95.6,50.016,0.909,29.5,9925.7,RUNNING
2024-01-06 13:00:00,GEN_B01,72.24,57.8,401.62,103.2,50.047,0.93,26.5,12531.4,RUNNING
2024-01-06 13:00:00,GEN_B02,91.97,73.6,401.27,131.38,49.994,0.912,28.2,13784.7,RUNNING
2024-01-06 14:00:00,GEN_M01,74.57,59.7,398.41,106.52,49.875,0.924,28.3,10181.6,RUNNING
2024-01-06 14:00:00,GEN_M02,87.34,69.9,396.67,124.77,50.068,0.898,27.8,12635.6,RUNNING
2024-01-06 14:00:00,GEN_M03,72.24,57.8,400.53,103.21,49.958,0.922,26.2,14087.9,RUNNING
2024-01-06 14:00:00,GEN_B01,76.42,61.1,396.65,109.17,50.011,0.909,24.9,13748.8,RUNNING
2024-01-06 14:00:00,GEN_B02,92.98,74.4,399.49,132.83,50.025,0.893,27.9,8713.2,RUNNING
2024-01-06 15:00:00,GEN_M01,83.48,66.8,401.02,119.26,49.903,0.905,29.6,11825.3,RUNNING
2024-01-06 15:00:00,GEN_M02,86.06,68.8,399.26,122.94,49.975,0.943,31.4,8122.5,RUNNING
2024-01-06 15:00:00,GEN_M03,84.22,67.4,400.43,120.31,49.942,0.893,31.0,12174.4,RUNNING
2024-01-06 15:00:00,GEN_B01,93.14,74.5,401.26,133.05,50.058,0.908,32.2,8882.8,RUNNING
2024-01-06 15:00:00,GEN_B02,69.69,55.7,400.63,99.55,50.005,0.928,30.2,9288.7,RUNNING
2024-01-06 16:00:00,GEN_M01,84.48,67.6,401.94,120.69,50.027,0.937,31.0,8393.5,RUNNING
2024-01-06 16:00:00,GEN_M02,86.39,69.1,401.13,123.42,49.93,0.941,27.5,14705.8,RUNNING
2024-01-06 16:00:00,GEN_M03,69.3,55.4,398.73,99.01,50.028,0.919,29.0,14403.8,RUNNING
2024-01-06 16:00:00,GEN_B01,65.3,52.2,399.13,93.29,50.044,0.92,29.3,9026.3,RUNNING
2024-01-06 16:00:00,GEN_B02,75.36,60.3,401.29,107.65,50.084,0.904,27.5,11135.8,RUNNING
2024-01-06 17:00:00,GEN_M01,92.02,73.6,397.97,131.45,49.921,0.928,26.5,14407.0,RUNNING
2024-01-06 17:00:00,GEN_M02,88.15,70.5,400.99,125.94,49.997,0.896,29.0,9318.1,RUNNING
2024-01-06 17:00:00,GEN_M03,91.83,73.5,398.63,131.18,49.979,0.927,28.1,8912.2,RUNNING
2024-01-06 17:00:00,GEN_B01,76.37,61.1,400.74,109.1,50.104,0.944,30.6,12401.1,RUNNING
2024-01-06 17:00:00,GEN_B02,92.69,74.2,399.17,132.42,50.008,0.939,28.3,13826.7,RUNNING
2024-01-06 18:00:00,GEN_M01,86.26,69.0,401.11,123.23,49.968,0.924,26.7,14371.4,RUNNING
2024-01-06 18:00:00,GEN_M02,78.22,62.6,402.92,111.74,49.909,0.908,26.4,13334.9,RUNNING
2024-01-06 18:00:00,GEN_M03,84.95,68.0,399.85,121.36,49.997,0.928,29.6,12432.3,RUNNING
2024-01-06 18:00:00,GEN_B01,78.94,63.2,398.55,112.77,49.996,0.914,30.2,12387.3,RUNNING
2024-01-06 18:00:00,GEN_B02,75.87,60.7,398.39,108.39,50.086,0.902,29.8,8118.4,RUNNING
2024-01-06 19:00:00,GEN_M01,57.89,46.3,399.14,82.71,50.043,0.895,30.0,14758.1,RUNNING
2024-01-06 19:00:00,GEN_M02,67.14,53.7,399.11,95.92,49.985,0.936,28.5,10648.2,RUNNING
2024-01-06 19:00:00,GEN_M03,51.87,41.5,402.73,74.1,49.972,0.937,26.1,8490.5,RUNNING
2024-01-06 19:00:00,GEN_B01,57.82,46.3,399.99,82.6,50.039,0.916,26.5,12960.1,RUNNING
2024-01-06 19:00:00,GEN_B02,65.2,52.2,398.38,93.14,49.969,0.924,27.5,10530.8,RUNNING
2024-01-06 20:00:00,GEN_M01,56.19,45.0,399.58,80.27,50.065,0.928,28.8,14206.2,RUNNING
2024-01-06 20:00:00,GEN_M02,66.08,52.9,401.97,94.39,49.945,0.915,31.7,8654.9,MAINTENANCE
2024-01-06 20:00:00,GEN_M03,53.66,42.9,401.03,76.66,49.958,0.921,29.4,9137.6,RUNNING
2024-01-06 20:00:00,GEN_B01,41.1,32.9,399.23,58.72,50.003,0.914,31.3,11187.8,RUNNING
2024-01-06 20:00:00,GEN_B02,56.13,44.9,399.32,80.18,50.086,0.902,28.2,13692.0,RUNNING
2024-01-06 21:00:00,GEN_M01,62.04,49.6,398.9,88.63,50.055,0.929,27.1,10909.4,RUNNING
2024-01-06 21:00:00,GEN_M02,59.15,47.3,398.98,84.5,49.854,0.93,30.1,10511.2,RUNNING
2024-01-06 21:00:00,GEN_M03,47.1,37.7,395.75,67.28,50.041,0.923,24.4,13605.7,RUNNING
2024-01-06 21:00:00,GEN_B01,61.03,48.8,397.91,87.19,49.998,0.888,31.7,14403.9,RUNNING
2024-01-06 21:00:00,GEN_B02,54.53,43.6,400.94,77.9,50.035,0.963,28.5,8905.7,RUNNING
2024-01-06 22:00:00,GEN_M01,58.1,46.5,402.22,82.99,49.986,0.909,26.8,10844.3,RUNNING
2024-01-06 22:00:00,GEN_M02,52.72,42.2,402.5,75.31,49.957,0.921,27.2,14892.0,RUNNING
2024-01-06 22:00:00,GEN_M03,61.14,48.9,400.72,87.35,49.947,0.936,25.2,13437.7,RUNNING
2024-01-06 22:00:00,GEN_B01,49.03,39.2,400.38,70.04,49.988,0.908,30.2,9738.0,RUNNING
2024-01-06 22:00:00,GEN_B02,67.28,53.8,398.44,96.12,50.033,0.904,27.1,10877.9,RUNNING
2024-01-06 23:00:00,GEN_M01,49.12,39.3,400.36,70.18,50.048,0.931,28.3,9026.3,RUNNING
2024-01-06 23:00:00,GEN_M02,60.08,48.1,400.19,85.82,49.977,0.9,31.0,13388.1,RUNNING
2024-01-06 23:00:00,GEN_M03,45.41,36.3,399.81,64.87,50.07,0.91,29.6,11387.1,RUNNING
2024-01-06 23:00:00,GEN_B01,51.69,41.3,400.61,73.84,50.018,0.922,29.6,8349.0,RUNNING
2024-01-06 23:00:00,GEN_B02,55.97,44.8,401.78,79.95,50.036,0.922,33.2,12661.6,RUNNING
2024-01-07 00:00:00,GEN_M01,56.45,45.2,399.88,80.64,49.841,0.924,27.6,11522.5,RUNNING
2024-01-07 00:00:00,GEN_M02,52.59,42.1,399.93,75.12,49.948,0.929,25.8,14106.8,RUNNING
2024-01-07 00:00:00,GEN_M03,50.32,40.3,397.95,71.88,50.035,0.93,28.3,14852.6,RUNNING
2024-01-07 00:00:00,GEN_B01,59.97,48.0,399.57,85.67,50.007,0.898,31.4,11823.7,RUNNING
2024-01-07 00:00:00,GEN_B02,64.53,51.6,399.65,92.19,49.98,0.909,27.7,12362.0,RUNNING
2024-01-07 01:00:00,GEN_M01,58.46,46.8,401.08,83.52,49.937,0.933,26.9,12995.6,RUNNING
2024-01-07 01:00:00,GEN_M02,48.79,39.0,398.23,69.7,49.987,0.941,28.7,8740.6,RUNNING
2024-01-07 01:00:00,GEN_M03,62.23,49.8,400.03,88.89,49.884,0.936,29.5,13937.4,RUNNING
2024-01-07 01:00:00,GEN_B01,48.04,38.4,400.42,68.62,50.015,0.886,21.8,11443.5,RUNNING
2024-01-07 01:00:00,GEN_B02,48.91,39.1,399.02,69.87,49.895,0.917,29.7,8747.7,RUNNING
2024-01-07 02:00:00,GEN_M01,55.39,44.3,399.77,79.13,49.937,0.93,28.7,11862.0,RUNNING
2024-01-07 02:00:00,GEN_M02,41.63,33.3,399.91,59.47,49.93,0.906,29.2,9704.3,RUNNING
2024-01-07 02:00:00,GEN_M03,50.71,40.6,402.14,72.44,49.979,0.935,29.5,9434.9,RUNNING
2024-01-07 02:00:00,GEN_B01,41.89,33.5,399.63,59.85,50.066,0.903,28.8,10234.6,RUNNING
2024-01-07 02:00:00,GEN_B02,55.06,44.1,398.73,78.66,49.999,0.919,27.8,14463.0,RUNNING
2024-01-07 03:00:00,GEN_M01,58.06,46.4,398.42,82.94,50.043,0.896,30.0,8364.2,RUNNING
2024-01-07 03:00:00,GEN_M02,60.66,48.5,397.13,86.66,50.005,0.911,29.4,10631.8,RUNNING
2024-01-07 03:00:00,GEN_M03,50.56,40.4,400.11,72.23,50.034,0.917,26.6,12461.8,RUNNING
2024-01-07 03:00:00,GEN_B01,39.91,31.9,399.16,57.02,50.024,0.868,27.1,12375.6,RUNNING
2024-01-07 03:00:00,GEN_B02,75.37,60.3,403.52,107.67,50.044,0.939,30.6,8952.4,RUNNING
2024-01-07 04:00:00,GEN_M01,52.68,42.1,398.97,75.26,49.932,0.918,26.5,10851.9,RUNNING
2024-01-07 04:00:00,GEN_M02,43.61,34.9,399.22,62.31,50.154,0.947,28.5,11931.2,RUNNING
2024-01-07 04:00:00,GEN_M03,51.69,41.4,397.99,73.84,50.022,0.906,26.2,8949.4,RUNNING
2024-01-07 04:00:00,GEN_B01,63.51,50.8,402.06,90.73,49.957,0.93,30.2,9704.1,RUNNING
2024-01-07 04:00:00,GEN_B02,50.46,40.4,400.34,72.09,50.032,0.904,31.4,10815.8,RUNNING
2024-01-07 05:00:00,GEN_M01,47.11,37.7,399.99,67.29,49.916,0.898,26.1,13409.9,RUNNING
2024-01-07 05:00:00,GEN_M02,53.31,42.6,398.46,76.16,49.981,0.933,26.2,9332.7,RUNNING
2024-01-07 05:00:00,GEN_M03,63.21,50.6,398.76,90.3,49.974,0.947,28.7,12049.9,RUNNING
2024-01-07 05:00:00,GEN_B01,46.71,37.4,401.59,66.73,49.981,0.947,28.6,14067.8,RUNNING
2024-01-07 05:00:00,GEN_B02,65.95,52.8,400.46,94.21,50.029,0.948,31.5,9167.5,RUNNING
2024-01-07 06:00:00,GEN_M01,76.76,61.4,398.06,109.66,49.993,0.942,28.7,12337.1,RUNNING
2024-01-07 06:00:00,GEN_M02,59.34,47.5,400.82,84.77,50.0,0.945,27.3,14869.9,RUNNING
2024-01-07 06:00:00,GEN_M03,91.08,72.9,400.88,130.11,49.99,0.922,25.4,12136.1,RUNNING
2024-01-07 06:00:00,GEN_B01,73.97,59.2,398.0,105.67,49.981,0.929,26.7,13788.1,RUNNING
2024-01-07 06:00:00,GEN_B02,89.15,71.3,400.49,127.36,49.931,0.916,30.1,14766.1,RUNNING
2024-01-07 07:00:00,GEN_M01,91.85,73.5,398.46,131.22,49.994,0.926,27.6,14076.7,RUNNING
2024-01-07 07:00:00,GEN_M02,74.69,59.8,398.59,106.7,50.056,0.914,27.7,11396.9,RUNNING
2024-01-07 07:00:00,GEN_M03,95.78,76.6,396.87,136.83,49.926,0.893,26.2,11681.6,RUNNING
2024-01-07 07:00:00,GEN_B01,85.15,68.1,398.2,121.64,50.044,0.926,23.8,13064.7,RUNNING
2024-01-07 07:00:00,GEN_B02,79.78,63.8,400.1,113.97,50.01,0.968,27.8,11820.2,RUNNING
2024-01-07 08:00:00,GEN_M01,80.1,64.1,399.01,114.43,49.998,0.934,29.3,9701.9,RUNNING
2024-01-07 08:00:00,GEN_M02,112.38,89.9,399.32,160.54,49.91,0.913,27.3,9732.2,RUNNING
2024-01-07 08:00:00,GEN_M03,91.73,73.4,398.9,131.05,49.993,0.952,29.2,8051.5,RUNNING
2024-01-07 08:00:00,GEN_B01,88.59,70.9,399.23,126.55,49.895,0.961,28.4,14615.1,RUNNING
2024-01-07 08:00:00,GEN_B02,80.67,64.5,399.72,115.24,49.92,0.966,26.7,10497.4,RUNNING
2024-01-07 09:00:00,GEN_M01,68.9,55.1,400.02,98.44,49.938,0.945,30.8,14548.7,RUNNING
2024-01-07 09:00:00,GEN_M02,88.56,70.8,401.07,126.51,50.12,0.964,29.3,11900.8,RUNNING
2024-01-07 09:00:00,GEN_M03,74.38,59.5,397.46,106.26,49.991,0.904,29.2,13251.1,RUNNING
2024-01-07 09:00:00,GEN_B01,60.51,48.4,401.68,86.44,49.991,0.935,28.2,9424.6,RUNNING
2024-01-07 09:00:00,GEN_B02,84.76,67.8,398.32,121.09,50.035,0.92,25.8,8334.5,RUNNING
2024-01-07 10:00:00,GEN_M01,78.2,62.6,399.5,111.71,49.933,0.935,30.3,13333.5,RUNNING
2024-01-07 10:00:00,GEN_M02,79.2,63.4,400.43,113.14,49.941,0.916,28.2,14633.0,RUNNING
2024-01-07 10:00:00,GEN_M03,87.35,69.9,400.3,124.78,50.005,0.921,25.1,13422.6,RUNNING
2024-01-07 10:00:00,GEN_B01,91.62,73.3,400.2,130.89,50.004,0.899,26.2,9882.0,RUNNING
2024-01-07 10:00:00,GEN_B02,90.81,72.7,399.97,129.73,50.025,0.922,32.8,13887.7,RUNNING
2024-01-07 11:00:00,GEN_M01,74.11,59.3,398.94,105.88,49.93,0.954,24.6,8287.6,RUNNING
2024-01-07 11:00:00,GEN_M02,90.14,72.1,398.85,128.77,50.003,0.941,26.0,12532.6,RUNNING
2024-01-07 11:00:00,GEN_M03,86.27,69.0,400.3,123.24,49.949,0.921,29.0,11697.2,RUNNING
2024-01-07 11:00:00,GEN_B01,76.44,61.2,399.94,109.21,49.93,0.917,33.3,10970.6,RUNNING
2024-01-07 11:00:00,GEN_B02,86.44,69.2,401.23,123.49,49.931,0.911,25.0,14762.2,RUNNING
2024-01-07 12:00:00,GEN_M01,78.67,62.9,401.03,112.39,49.966,0.915,28.1,8593.4,RUNNING
2024-01-07 12:00:00,GEN_M02,81.11,64.9,400.15,115.87,50.022,0.937,28.5,8366.3,RUNNING
2024-01-07 12:00:00,GEN_M03,85.18,68.1,397.63,121.68,50.003,0.93,29.1,14865.3,RUNNING
2024-01-07 12:00:00,GEN_B01,88.54,70.8,399.01,126.48,49.971,0.931,26.8,8466.6,RUNNING
2024-01-07 12:00:00,GEN_B02,91.59,73.3,401.36,130.84,50.006,0.918,27.4,12685.2,RUNNING
2024-01-07 13:00:00,GEN_M01,79.14,63.3,398.72,113.05,50.026,0.909,32.7,14771.3,RUNNING
2024-01-07 13:00:00,GEN_M02,72.56,58.0,400.21,103.65,50.146,0.916,28.2,10338.7,RUNNING
2024-01-07 13:00:00,GEN_M03,69.95,56.0,400.02,99.93,50.04,0.939,28.0,10564.0,RUNNING
2024-01-07 13:00:00,GEN_B01,73.59,58.9,400.46,105.13,49.936,0.912,25.9,12879.1,RUNNING
2024-01-07 13:00:00,GEN_B02,71.3,57.0,397.22,101.85,49.994,0.92,25.6,8549.6,RUNNING
2024-01-07 14:00:00,GEN_M01,83.44,66.7,399.7,119.2,50.018,0.941,27.3,14172.0,RUNNING
2024-01-07 14:00:00,GEN_M02,61.7,49.4,400.32,88.14,49.954,0.955,27.5,11294.9,RUNNING
2024-01-07 14:00:00,GEN_M03,86.81,69.4,397.23,124.01,49.979,0.941,27.0,13243.0,RUNNING
2024-01-07 14:00:00,GEN_B01,77.88,62.3,399.23,111.26,50.007,0.935,27.5,11734.4,RUNNING
2024-01-07 14:00:00,GEN_B02,92.85,74.3,398.46,132.64,50.003,0.922,27.2,14556.0,RUNNING
2024-01-07 15:00:00,GEN_M01,70.46,56.4,400.76,100.66,50.015,0.91,28.9,9397.7,RUNNING
2024-01-07 15:00:00,GEN_M02,99.1,79.3,399.66,141.57,49.954,0.979,28.2,13728.5,RUNNING
2024-01-07 15:00:00,GEN_M03,70.52,56.4,401.44,100.74,50.09,0.93,29.4,10884.1,RUNNING
2024-01-07 15:00:00,GEN_B01,84.33,67.5,397.9,120.47,50.06,0.924,32.3,8597.8,RUNNING
2024-01-07 15:00:00,GEN_B02,89.63,71.7,400.98,128.04,50.049,0.92,29.7,9873.7,RUNNING
2024-01-07 16:00:00,GEN_M01,89.44,71.6,398.55,127.78,49.973,0.911,29.0,9758.3,RUNNING
2024-01-07 16:00:00,GEN_M02,66.42,53.1,398.89,94.89,49.919,0.96,27.4,10427.0,RUNNING
2024-01-07 16:00:00,GEN_M03,83.97,67.2,401.79,119.96,49.959,0.942,29.0,9724.4,RUNNING
2024-01-07 16:00:00,GEN_B01,75.77,60.6,401.09,108.24,50.065,0.972,25.5,12588.1,RUNNING
2024-01-07 16:00:00,GEN_B02,77.15,61.7,397.79,110.22,49.937,0.904,29.8,13530.9,RUNNING
2024-01-07 17:00:00,GEN_M01,82.04,65.6,400.9,117.2,50.081,0.928,30.3,12633.0,RUNNING
2024-01-07 17:00:00,GEN_M02,75.2,60.2,402.36,107.43,50.023,0.89,30.0,11215.4,RUNNING
2024-01-07 17:00:00,GEN_M03,72.07,57.7,401.14,102.95,50.035,0.926,28.4,8689.8,RUNNING
2024-01-07 17:00:00,GEN_B01,89.83,71.9,399.61,128.33,50.054,0.917,29.3,9615.1,RUNNING
2024-01-07 17:00:00,GEN_B02,72.73,58.2,401.85,103.9,49.96,0.924,27.7,10361.5,RUNNING
2024-01-07 18:00:00,GEN_M01,66.15,52.9,399.71,94.5,50.027,0.924,27.8,14606.4,MAINTENANCE
2024-01-07 18:00:00,GEN_M02,69.27,55.4,400.32,98.95,50.01,0.92,30.4,12754.2,RUNNING
2024-01-07 18:00:00,GEN_M03,86.01,68.8,399.19,122.87,49.987,0.925,24.7,14994.5,RUNNING
2024-01-07 18:00:00,GEN_B01,93.18,74.5,399.25,133.12,49.974,0.904,26.7,13549.9,RUNNING
2024-01-07 18:00:00,GEN_B02,77.78,62.2,398.42,111.11,50.021,0.886,29.7,13157.6,RUNNING
2024-01-07 19:00:00,GEN_M01,52.04,41.6,396.7,74.34,49.9,0.921,27.6,13104.7,RUNNING
2024-01-07 19:00:00,GEN_M02,57.51,46.0,399.19,82.15,50.045,0.887,30.5,11271.7,RUNNING
2024-01-07 19:00:00,GEN_M03,49.46,39.6,400.17,70.66,50.003,0.901,28.1,8399.7,RUNNING
2024-01-07 19:00:00,GEN_B01,54.82,43.9,402.04,78.32,49.985,0.91,25.2,10335.9,RUNNING
2024-01-07 19:00:00,GEN_B02,68.17,54.5,399.9,97.38,50.022,0.935,26.0,11375.6,RUNNING
2024-01-07 20:00:00,GEN_M01,60.82,48.7,399.12,86.88,49.969,0.902,27.1,14520.8,RUNNING
2024-01-07 20:00:00,GEN_M02,68.88,55.1,400.03,98.41,50.068,0.89,29.9,9115.8,RUNNING
2024-01-07 20:00:00,GEN_M03,46.27,37.0,398.95,66.1,50.008,0.922,23.8,8135.8,RUNNING
2024-01-07 20:00:00,GEN_B01,57.37,45.9,401.2,81.96,50.012,0.935,25.4,8503.3,RUNNING
2024-01-07 20:00:00,GEN_B02,42.05,33.6,398.22,60.08,49.98,0.931,28.8,11521.5,RUNNING
2024-01-07 21:00:00,GEN_M01,56.93,45.5,401.73,81.33,49.99,0.942,25.1,9349.9,RUNNING
2024-01-07 21:00:00,GEN_M02,50.52,40.4,398.94,72.17,50.032,0.912,29.9,14602.4,RUNNING
2024-01-07 21:00:00,GEN_M03,41.43,33.1,398.23,59.19,50.002,0.896,27.1,11224.1,RUNNING
2024-01-07 21:00:00,GEN_B01,54.92,43.9,401.45,78.45,49.999,0.905,29.5,9608.0,RUNNING
2024-01-07 21:00:00,GEN_B02,42.95,34.4,399.48,61.35,50.034,0.908,28.4,13960.4,RUNNING
2024-01-07 22:00:00,GEN_M01,58.81,47.1,399.1,84.02,49.968,0.903,28.1,10655.6,RUNNING
2024-01-07 22:00:00,GEN_M02,52.19,41.8,402.65,74.56,50.016,0.892,25.5,12308.9,RUNNING
2024-01-07 22:00:00,GEN_M03,69.03,55.2,401.46,98.62,50.07,0.907,26.0,10989.8,RUNNING
2024-01-07 22:00:00,GEN_B01,54.17,43.3,400.99,77.38,50.055,0.905,28.1,11485.6,RUNNING
2024-01-07 22:00:00,GEN_B02,58.45,46.8,399.51,83.5,50.006,0.95,28.7,8955.5,RUNNING
2024-01-07 23:00:00,GEN_M01,59.11,47.3,402.46,84.45,49.991,0.92,27.9,13735.8,RUNNING
2024-01-07 23:00:00,GEN_M02,70.95,56.8,400.12,101.36,50.002,0.872,29.1,14675.9,RUNNING
2024-01-07 23:00:00,GEN_M03,61.84,49.5,399.42,88.34,49.979,0.94,26.8,12623.3,RUNNING
2024-01-07 23:00:00,GEN_B01,59.48,47.6,399.81,84.97,49.967,0.876,25.6,13240.7,RUNNING
2024-01-07 23:00:00,GEN_B02,68.25,54.6,397.93,97.49,49.976,0.937,28.5,11006.1,RUNNING
2024-01-08 00:00:00,GEN_M01,54.55,43.6,400.2,77.92,50.036,0.933,27.7,10419.3,RUNNING
2024-01-08 00:00:00,GEN_M02,58.19,46.6,400.94,83.13,49.938,0.89,28.9,11734.9,MAINTENANCE
2024-01-08 00:00:00,GEN_M03,50.66,40.5,401.13,72.36,49.969,0.903,26.6,11529.8,RUNNING
2024-01-08 00:00:00,GEN_B01,51.66,41.3,399.83,73.8,50.065,0.905,27.6,11854.8,RUNNING
2024-01-08 00:00:00,GEN_B02,55.05,44.0,398.42,78.64,49.982,0.895,32.9,12100.4,RUNNING
2024-01-08 01:00:00,GEN_M01,63.39,50.7,399.7,90.56,49.982,0.887,30.4,11763.8,RUNNING
2024-01-08 01:00:00,GEN_M02,52.56,42.0,398.54,75.09,50.02,0.917,30.6,13106.6,RUNNING
2024-01-08 01:00:00,GEN_M03,61.04,48.8,397.82,87.2,50.004,0.941,27.8,14509.1,RUNNING
2024-01-08 01:00:00,GEN_B01,48.41,38.7,399.06,69.16,50.037,0.921,27.9,12739.7,RUNNING
2024-01-08 01:00:00,GEN_B02,61.43,49.1,398.5,87.75,50.0,0.909,28.5,9083.9,RUNNING
2024-01-08 02:00:00,GEN_M01,48.9,39.1,399.0,69.86,50.01,0.893,24.0,12017.8,RUNNING
2024-01-08 02:00:00,GEN_M02,56.37,45.1,400.59,80.53,50.058,0.906,31.2,11029.4,RUNNING
2024-01-08 02:00:00,GEN_M03,65.15,52.1,399.17,93.07,49.987,0.905,31.0,10497.1,RUNNING
2024-01-08 02:00:00,GEN_B01,59.12,47.3,399.58,84.46,50.006,0.929,28.8,9831.7,RUNNING
2024-01-08 02:00:00,GEN_B02,54.65,43.7,400.63,78.07,50.011,0.895,29.9,11619.8,RUNNING
2024-01-08 03:00:00,GEN_M01,53.41,42.7,402.65,76.3,50.052,0.922,29.3,10870.2,RUNNING
2024-01-08 03:00:00,GEN_M02,54.99,44.0,400.59,78.55,49.992,0.914,27.3,12699.1,RUNNING
2024-01-08 03:00:00,GEN_M03,42.9,34.3,399.85,61.29,50.016,0.939,31.4,12683.4,RUNNING
2024-01-08 03:00:00,GEN_B01,50.7,40.6,400.23,72.42,50.015,0.904,29.7,11101.3,RUNNING
2024-01-08 03:00:00,GEN_B02,61.55,49.2,400.35,87.93,50.039,0.909,27.3,11628.3,RUNNING
2024-01-08 04:00:00,GEN_M01,61.95,49.6,399.09,88.51,50.078,0.949,24.5,12977.9,RUNNING
2024-01-08 04:00:00,GEN_M02,63.29,50.6,401.69,90.41,49.956,0.904,27.7,11381.1,RUNNING
2024-01-08 04:00:00,GEN_M03,66.59,53.3,399.92,95.13,49.954,0.92,26.6,9635.4,RUNNING
2024-01-08 04:00:00,GEN_B01,45.16,36.1,401.07,64.52,49.913,0.947,29.3,11513.5,RUNNING
2024-01-08 04:00:00,GEN_B02,51.44,41.2,398.02,73.49,50.001,0.924,33.6,8917.6,RUNNING
2024-01-08 05:00:00,GEN_M01,66.34,53.1,399.49,94.77,49.95,0.921,26.0,14537.9,RUNNING
2024-01-08 05:00:00,GEN_M02,52.02,41.6,401.88,74.31,49.975,0.895,25.0,9870.5,RUNNING
2024-01-08 05:00:00,GEN_M03,54.99,44.0,398.43,78.55,50.086,0.93,28.6,14563.9,RUNNING
2024-01-08 05:00:00,GEN_B01,53.25,42.6,399.84,76.07,50.031,0.919,26.5,8322.5,RUNNING
2024-01-08 05:00:00,GEN_B02,54.62,43.7,396.87,78.03,50.049,0.926,27.3,12633.3,RUNNING
2024-01-08 06:00:00,GEN_M01,82.12,65.7,401.29,117.31,50.02,0.928,25.9,13973.8,RUNNING
2024-01-08 06:00:00,GEN_M02,76.99,61.6,399.61,109.99,50.028,0.882,28.8,8353.6,RUNNING
2024-01-08 06:00:00,GEN_M03,76.91,61.5,398.85,109.87,49.97,0.911,31.4,11394.0,RUNNING
2024-01-08 06:00:00,GEN_B01,69.1,55.3,399.92,98.72,49.993,0.921,28.2,11011.2,RUNNING
2024-01-08 06:00:00,GEN_B02,75.51,60.4,400.87,107.87,50.071,0.907,27.4,8983.5,RUNNING
2024-01-08 07:00:00,GEN_M01,82.24,65.8,397.8,117.48,49.912,0.927,28.0,14639.0,RUNNING
2024-01-08 07:00:00,GEN_M02,77.41,61.9,399.97,110.59,49.951,0.919,28.3,10548.8,RUNNING
2024-01-08 07:00:00,GEN_M03,68.92,55.1,398.44,98.46,50.029,0.913,27.5,8284.1,RUNNING
2024-01-08 07:00:00,GEN_B01,76.06,60.9,400.04,108.66,50.026,0.9,29.6,8464.8,RUNNING
2024-01-08 07:00:00,GEN_B02,67.2,53.8,399.52,96.0,50.031,0.918,28.2,9722.0,RUNNING
2024-01-08 08:00:00,GEN_M01,100.13,80.1,401.05,143.05,49.958,0.926,27.6,9506.7,RUNNING
2024-01-08 08:00:00,GEN_M02,68.22,54.6,401.05,97.46,49.938,0.906,28.0,8348.5,RUNNING
2024-01-08 08:00:00,GEN_M03,85.82,68.7,399.79,122.6,50.03,0.918,32.1,11588.0,RUNNING
2024-01-08 08:00:00,GEN_B01,100.67,80.5,396.24,143.82,50.015,0.923,24.7,10305.2,RUNNING
2024-01-08 08:00:00,GEN_B02,112.23,89.8,400.77,160.33,49.968,0.926,27.4,12931.5,RUNNING
2024-01-08 09:00:00,GEN_M01,78.87,63.1,400.21,112.67,49.885,0.913,30.3,11452.7,RUNNING
2024-01-08 09:00:00,GEN_M02,92.28,73.8,400.33,131.83,49.958,0.871,30.8,12121.7,RUNNING
2024-01-08 09:00:00,GEN_M03,88.09,70.5,399.6,125.85,50.002,0.925,25.4,12812.1,RUNNING
2024-01-08 09:00:00,GEN_B01,75.28,60.2,399.84,107.54,50.002,0.923,24.6,9947.5,RUNNING
2024-01-08 09:00:00,GEN_B02,94.87,75.9,401.23,135.53,50.009,0.912,25.7,12006.9,RUNNING
2024-01-08 10:00:00,GEN_M01,68.97,55.2,400.54,98.53,49.94,0.89,26.8,9779.0,RUNNING
2024-01-08 10:00:00,GEN_M02,60.01,48.0,398.51,85.73,49.954,0.909,33.8,8601.4,RUNNING
2024-01-08 10:00:00,GEN_M03,87.37,69.9,397.93,124.82,49.91,0.876,26.0,8704.3,RUNNING
2024-01-08 10:00:00,GEN_B01,76.07,60.9,401.84,108.67,49.983,0.884,30.4,9354.1,RUNNING
2024-01-08 10:00:00,GEN_B02,74.68,59.7,399.02,106.68,49.981,0.907,26.5,8939.4,RUNNING
2024-01-08 11:00:00,GEN_M01,83.33,66.7,398.53,119.05,49.919,0.928,30.5,12555.8,RUNNING
2024-01-08 11:00:00,GEN_M02,57.21,45.8,401.01,81.73,49.925,0.89,30.7,9576.4,RUNNING
2024-01-08 11:00:00,GEN_M03,97.97,78.4,399.47,139.96,49.989,0.934,23.4,10614.1,RUNNING
2024-01-08 11:00:00,GEN_B01,85.76,68.6,397.64,122.51,50.054,0.921,30.0,10787.8,RUNNING
2024-01-08 11:00:00,GEN_B02,92.17,73.7,401.59,131.67,49.955,0.912,27.6,11076.3,RUNNING
2024-01-08 12:00:00,GEN_M01,97.96,78.4,400.76,139.95,49.996,0.945,26.1,8765.5,RUNNING
2024-01-08 12:00:00,GEN_M02,85.31,68.2,397.19,121.87,50.032,0.898,29.5,11800.1,RUNNING
2024-01-08 12:00:00,GEN_M03,87.69,70.2,397.37,125.27,49.957,0.933,28.1,13858.5,RUNNING
2024-01-08 12:00:00,GEN_B01,82.92,66.3,400.6,118.45,49.952,0.904,30.3,13508.8,RUNNING
2024-01-08 12:00:00,GEN_B02,82.28,65.8,402.51,117.54,50.022,0.945,23.3,12097.6,RUNNING
2024-01-08 13:00:00,GEN_M01,65.44,52.4,401.16,93.49,50.0,0.889,25.3,13883.1,RUNNING
2024-01-08 13:00:00,GEN_M02,75.24,60.2,397.5,107.48,49.925,0.923,30.3,9167.8,RUNNING
2024-01-08 13:00:00,GEN_M03,81.5,65.2,401.21,116.43,50.027,0.937,26.5,14619.7,RUNNING
2024-01-08 13:00:00,GEN_B01,76.79,61.4,398.78,109.7,50.105,0.921,32.0,11700.1,RUNNING
2024-01-08 13:00:00,GEN_B02,67.49,54.0,401.84,96.42,50.017,0.908,29.6,11502.1,RUNNING
2024-01-08 14:00:00,GEN_M01,88.11,70.5,400.67,125.87,49.968,0.953,23.6,14416.5,RUNNING
2024-01-08 14:00:00,GEN_M02,87.48,70.0,402.43,124.97,50.1,0.928,25.9,10922.1,RUNNING
2024-01-08 14:00:00,GEN_M03,73.28,58.6,400.65,104.68,49.98,0.931,28.0,8822.9,RUNNING
2024-01-08 14:00:00,GEN_B01,84.31,67.5,400.78,120.45,50.043,0.923,25.9,10241.3,RUNNING
2024-01-08 14:00:00,GEN_B02,85.93,68.7,398.33,122.76,49.968,0.901,25.6,14313.4,RUNNING
2024-01-08 15:00:00,GEN_M01,75.77,60.6,397.62,108.24,50.057,0.903,27.3,14798.5,RUNNING
2024-01-08 15:00:00,GEN_M02,83.25,66.6,400.72,118.92,49.957,0.964,30.1,14227.8,RUNNING
2024-01-08 15:00:00,GEN_M03,83.19,66.6,400.6,118.85,50.125,0.914,28.4,10279.1,RUNNING
2024-01-08 15:00:00,GEN_B01,78.07,62.5,401.61,111.53,49.925,0.881,28.2,11068.1,RUNNING
2024-01-08 15:00:00,GEN_B02,75.38,60.3,398.66,107.68,49.929,0.921,28.9,10237.1,RUNNING
2024-01-08 16:00:00,GEN_M01,89.45,71.6,401.43,127.79,50.061,0.964,29.6,8268.5,RUNNING
2024-01-08 16:00:00,GEN_M02,77.69,62.2,402.3,110.98,49.933,0.903,27.9,12499.6,RUNNING
2024-01-08 16:00:00,GEN_M03,77.62,62.1,400.51,110.88,50.075,0.921,29.6,11623.4,RUNNING
2024-01-08 16:00:00,GEN_B01,91.51,73.2,401.08,130.72,49.982,0.968,28.0,8655.6,RUNNING
2024-01-08 16:00:00,GEN_B02,72.89,58.3,401.3,104.13,49.975,0.932,30.1,14552.0,RUNNING
2024-01-08 17:00:00,GEN_M01,66.16,52.9,398.84,94.52,49.936,0.902,31.4,14976.8,RUNNING
2024-01-08 17:00:00,GEN_M02,67.88,54.3,402.32,96.98,50.016,0.944,30.6,8234.0,RUNNING
2024-01-08 17:00:00,GEN_M03,82.59,66.1,397.68,117.99,50.013,0.919,27.3,11878.4,RUNNING
2024-01-08 17:00:00,GEN_B01,79.62,63.7,400.11,113.75,50.037,0.897,26.2,8005.5,RUNNING
2024-01-08 17:00:00,GEN_B02,82.12,65.7,398.92,117.32,49.971,0.925,28.4,12226.3,RUNNING
2024-01-08 18:00:00,GEN_M01,72.3,57.8,403.51,103.28,49.957,0.931,30.1,10118.5,RUNNING
2024-01-08 18:00:00,GEN_M02,73.98,59.2,398.69,105.69,49.99,0.899,28.9,9730.4,RUNNING
2024-01-08 18:00:00,GEN_M03,86.77,69.4,399.83,123.96,50.007,0.905,27.3,10740.8,RUNNING
2024-01-08 18:00:00,GEN_B01,83.35,66.7,402.25,119.08,49.959,0.891,30.3,8720.6,RUNNING
2024-01-08 18:00:00,GEN_B02,99.94,79.9,398.8,142.77,49.943,0.942,28.0,14281.1,RUNNING
2024-01-08 19:00:00,GEN_M01,51.97,41.6,399.93,74.24,49.999,0.934,27.0,10393.5,RUNNING
2024-01-08 19:00:00,GEN_M02,56.73,45.4,397.78,81.04,50.013,0.958,27.2,13089.9,MAINTENANCE
2024-01-08 19:00:00,GEN_M03,49.62,39.7,398.69,70.89,50.036,0.929,26.4,9798.7,RUNNING
2024-01-08 19:00:00,GEN_B01,55.06,44.0,400.14,78.66,49.922,0.923,26.1,10481.0,RUNNING
2024-01-08 19:00:00,GEN_B02,62.79,50.2,399.08,89.69,50.057,0.917,31.1,14608.7,RUNNING
2024-01-08 20:00:00,GEN_M01,49.62,39.7,399.43,70.89,49.934,0.927,28.2,9108.0,RUNNING
2024-01-08 20:00:00,GEN_M02,54.28,43.4,401.32,77.54,50.048,0.914,31.1,11978.2,RUNNING
2024-01-08 20:00:00,GEN_M03,55.79,44.6,400.63,79.7,50.058,0.92,26.4,8829.2,MAINTENANCE
2024-01-08 20:00:00,GEN_B01,65.84,52.7,398.39,94.06,49.966,0.939,30.1,11469.6,RUNNING
2024-01-08 20:00:00,GEN_B02,45.52,36.4,399.55,65.03,49.982,0.909,27.0,10504.9,MAINTENANCE
2024-01-08 21:00:00,GEN_M01,48.02,38.4,402.8,68.6,49.942,0.952,32.5,12530.6,RUNNING
2024-01-08 21:00:00,GEN_M02,55.78,44.6,401.48,79.68,50.006,0.91,26.6,10216.2,RUNNING
2024-01-08 21:00:00,GEN_M03,46.47,37.2,398.21,66.38,49.987,0.947,28.0,11434.3,RUNNING
2024-01-08 21:00:00,GEN_B01,55.6,44.5,400.78,79.42,49.984,0.891,31.7,9883.8,RUNNING
2024-01-08 21:00:00,GEN_B02,59.2,47.4,399.45,84.58,49.991,0.87,28.5,14164.6,RUNNING
2024-01-08 22:00:00,GEN_M01,51.51,41.2,398.87,73.59,50.018,0.916,28.0,12534.9,RUNNING
2024-01-08 22:00:00,GEN_M02,49.21,39.4,400.75,70.29,50.027,0.933,26.7,12177.1,RUNNING
2024-01-08 22:00:00,GEN_M03,51.98,41.6,403.96,74.25,50.015,0.912,27.2,10544.6,RUNNING
2024-01-08 22:00:00,GEN_B01,39.71,31.8,399.5,56.73,50.071,0.935,25.9,14523.4,RUNNING
2024-01-08 22:00:00,GEN_B02,51.75,41.4,400.11,73.92,50.048,0.939,28.2,9052.2,RUNNING
2024-01-08 23:00:00,GEN_M01,59.95,48.0,401.11,85.65,49.995,0.898,27.2,12188.1,RUNNING
2024-01-08 23:00:00,GEN_M02,63.08,50.5,398.19,90.11,50.003,0.922,27.6,13121.9,RUNNING
2024-01-08 23:00:00,GEN_M03,57.64,46.1,399.08,82.35,49.948,0.934,26.8,11070.7,RUNNING
2024-01-08 23:00:00,GEN_B01,54.44,43.6,400.76,77.77,50.022,0.896,30.9,9918.1,RUNNING
2024-01-08 23:00:00,GEN_B02,61.34,49.1,399.12,87.63,49.989,0.891,27.2,14359.1,RUNNING
2024-01-09 00:00:00,GEN_M01,63.44,50.8,397.08,90.63,50.049,0.904,29.9,12854.6,RUNNING
2024-01-09 00:00:00,GEN_M02,62.68,50.1,401.82,89.54,49.938,0.932,27.3,12739.5,RUNNING
2024-01-09 00:00:00,GEN_M03,73.69,58.9,401.44,105.26,49.995,0.945,26.6,13609.5,RUNNING
2024-01-09 00:00:00,GEN_B01,56.19,45.0,397.88,80.27,49.974,0.932,26.7,11671.1,RUNNING
2024-01-09 00:00:00,GEN_B02,66.14,52.9,399.34,94.48,49.986,0.918,25.0,9899.7,RUNNING
2024-01-09 01:00:00,GEN_M01,56.88,45.5,399.93,81.26,49.954,0.918,28.0,12952.7,RUNNING
2024-01-09 01:00:00,GEN_M02,55.17,44.1,400.05,78.82,50.004,0.911,27.4,10354.2,RUNNING
2024-01-09 01:00:00,GEN_M03,65.8,52.6,398.44,93.99,49.932,0.935,33.2,14640.6,RUNNING
2024-01-09 01:00:00,GEN_B01,40.67,32.5,403.22,58.1,49.923,0.88,27.2,13129.1,RUNNING
2024-01-09 01:00:00,GEN_B02,45.01,36.0,401.02,64.29,50.07,0.956,26.7,10588.2,RUNNING
2024-01-09 02:00:00,GEN_M01,50.09,40.1,399.61,71.56,49.991,0.942,26.8,14654.2,RUNNING
2024-01-09 02:00:00,GEN_M02,65.81,52.6,401.65,94.01,50.018,0.921,27.3,11726.1,RUNNING
2024-01-09 02:00:00,GEN_M03,71.68,57.3,399.23,102.41,49.994,0.929,24.8,9389.8,RUNNING
2024-01-09 02:00:00,GEN_B01,65.76,52.6,401.13,93.94,49.903,0.92,29.4,14816.2,RUNNING
2024-01-09 02:00:00,GEN_B02,44.32,35.5,398.65,63.32,50.04,0.922,26.4,10029.9,RUNNING
2024-01-09 03:00:00,GEN_M01,46.61,37.3,398.78,66.58,49.982,0.93,28.3,13448.6,RUNNING
2024-01-09 03:00:00,GEN_M02,55.63,44.5,399.34,79.48,50.009,0.929,28.3,11772.9,RUNNING
2024-01-09 03:00:00,GEN_M03,55.51,44.4,398.98,79.3,49.936,0.95,28.4,14656.6,RUNNING
2024-01-09 03:00:00,GEN_B01,59.94,47.9,398.29,85.62,49.959,0.946,27.2,8722.0,RUNNING
2024-01-09 03:00:00,GEN_B02,57.28,45.8,400.76,81.83,49.959,0.95,26.6,10816.1,RUNNING
2024-01-09 04:00:00,GEN_M01,51.53,41.2,397.78,73.62,49.933,0.923,22.4,11053.5,RUNNING
2024-01-09 04:00:00,GEN_M02,53.8,43.0,400.79,76.86,49.905,0.917,28.7,12466.6,RUNNING
2024-01-09 04:00:00,GEN_M03,62.13,49.7,398.85,88.76,49.977,0.875,25.9,14113.7,RUNNING
2024-01-09 04:00:00,GEN_B01,58.77,47.0,399.07,83.96,49.925,0.9,25.5,12741.1,RUNNING
2024-01-09 04:00:00,GEN_B02,51.01,40.8,399.43,72.88,49.937,0.917,27.9,12648.5,RUNNING
2024-01-09 05:00:00,GEN_M01,60.74,48.6,399.28,86.78,50.027,0.907,26.0,8110.9,RUNNING
2024-01-09 05:00:00,GEN_M02,57.22,45.8,397.26,81.74,50.031,0.941,22.9,14098.9,RUNNING
2024-01-09 05:00:00,GEN_M03,49.42,39.5,396.96,70.6,49.956,0.913,29.1,12125.3,RUNNING
2024-01-09 05:00:00,GEN_B01,54.54,43.6,400.6,77.91,50.066,0.922,24.9,12919.2,RUNNING
2024-01-09 05:00:00,GEN_B02,49.45,39.6,400.57,70.64,50.05,0.944,25.6,8171.0,RUNNING
2024-01-09 06:00:00,GEN_M01,93.52,74.8,400.66,133.6,49.931,0.941,25.3,9762.7,RUNNING
2024-01-09 06:00:00,GEN_M02,78.67,62.9,400.74,112.39,49.939,0.948,30.2,12280.5,RUNNING
2024-01-09 06:00:00,GEN_M03,73.63,58.9,400.22,105.19,49.965,0.954,27.1,11568.1,RUNNING
2024-01-09 06:00:00,GEN_B01,82.69,66.2,399.89,118.13,49.982,0.936,27.0,12114.6,RUNNING
2024-01-09 06:00:00,GEN_B02,77.86,62.3,400.03,111.22,49.96,0.932,27.6,12323.9,RUNNING
2024-01-09 07:00:00,GEN_M01,85.85,68.7,401.23,122.64,49.952,0.934,26.3,8282.3,RUNNING
2024-01-09 07:00:00,GEN_M02,76.08,60.9,400.42,108.69,49.866,0.885,25.6,8204.2,RUNNING
2024-01-09 07:00:00,GEN_M03,79.48,63.6,398.77,113.54,50.02,0.932,24.5,14004.4,RUNNING
2024-01-09 07:00:00,GEN_B01,85.22,68.2,399.58,121.75,49.93,0.918,26.2,13210.6,RUNNING
2024-01-09 07:00:00,GEN_B02,92.37,73.9,402.02,131.96,49.99,0.949,27.1,14586.8,RUNNING
2024-01-09 08:00:00,GEN_M01,96.0,76.8,400.33,137.14,50.064,0.917,27.3,14776.5,RUNNING
2024-01-09 08:00:00,GEN_M02,68.04,54.4,399.3,97.2,50.008,0.943,32.0,9381.2,RUNNING
2024-01-09 08:00:00,GEN_M03,83.79,67.0,399.57,119.7,50.012,0.915,24.1,11619.8,RUNNING
2024-01-09 08:00:00,GEN_B01,65.82,52.7,399.61,94.02,49.956,0.925,30.5,9094.3,RUNNING
2024-01-09 08:00:00,GEN_B02,95.95,76.8,397.24,137.07,50.066,0.91,26.4,12028.5,RUNNING
2024-01-09 09:00:00,GEN_M01,75.17,60.1,400.09,107.39,50.046,0.928,25.1,9805.6,RUNNING
2024-01-09 09:00:00,GEN_M02,73.15,58.5,398.82,104.5,50.01,0.934,28.1,12128.1,RUNNING
2024-01-09 09:00:00,GEN_M03,90.88,72.7,400.0,129.82,50.054,0.967,29.2,11181.4,RUNNING
2024-01-09 09:00:00,GEN_B01,57.47,46.0,400.55,82.09,49.998,0.907,28.1,8934.6,RUNNING
2024-01-09 09:00:00,GEN_B02,60.75,48.6,402.18,86.79,49.97,0.929,28.4,12002.8,RUNNING
2024-01-09 10:00:00,GEN_M01,77.32,61.9,398.86,110.45,49.98,0.928,26.2,8448.3,RUNNING
2024-01-09 10:00:00,GEN_M02,68.13,54.5,399.94,97.33,49.945,0.956,26.9,9890.4,RUNNING
2024-01-09 10:00:00,GEN_M03,71.47,57.2,400.83,102.1,49.953,0.942,31.3,8822.3,RUNNING
2024-01-09 10:00:00,GEN_B01,83.26,66.6,400.51,118.94,49.973,0.956,26.2,14614.9,RUNNING
2024-01-09 10:00:00,GEN_B02,68.56,54.8,399.83,97.94,50.015,0.937,30.8,14969.2,RUNNING
2024-01-09 11:00:00,GEN_M01,74.95,60.0,395.94,107.07,49.964,0.902,29.4,11105.2,RUNNING
2024-01-09 11:00:00,GEN_M02,85.11,68.1,400.36,121.58,49.967,0.927,29.1,8021.1,RUNNING
2024-01-09 11:00:00,GEN_M03,82.49,66.0,401.17,117.85,50.002,0.902,29.6,9621.1,RUNNING
2024-01-09 11:00:00,GEN_B01,78.1,62.5,401.07,111.57,49.997,0.92,28.2,9191.0,RUNNING
2024-01-09 11:00:00,GEN_B02,82.68,66.1,398.96,118.12,50.024,0.906,24.2,8002.9,RUNNING
2024-01-09 12:00:00,GEN_M01,78.87,63.1,400.78,112.67,49.946,0.94,28.6,10235.2,RUNNING
2024-01-09 12:00:00,GEN_M02,92.52,74.0,399.78,132.18,49.889,0.892,30.1,9097.3,RUNNING
2024-01-09 12:00:00,GEN_M03,77.12,61.7,402.19,110.17,49.985,0.941,27.8,14366.9,MAINTENANCE
2024-01-09 12:00:00,GEN_B01,95.54,76.4,400.43,136.48,49.902,0.929,30.6,8953.8,RUNNING
2024-01-09 12:00:00,GEN_B02,91.73,73.4,402.62,131.05,50.043,0.931,27.5,10786.4,RUNNING
2024-01-09 13:00:00,GEN_M01,92.11,73.7,401.8,131.59,49.96,0.916,26.7,14402.1,RUNNING
2024-01-09 13:00:00,GEN_M02,70.8,56.6,402.52,101.15,49.956,0.923,31.3,13404.2,RUNNING
2024-01-09 13:00:00,GEN_M03,74.45,59.6,400.5,106.35,50.147,0.899,29.3,14433.3,RUNNING
2024-01-09 13:00:00,GEN_B01,64.14,51.3,397.65,91.63,49.925,0.9,26.9,14027.4,RUNNING
2024-01-09 13:00:00,GEN_B02,72.03,57.6,400.78,102.9,49.975,0.916,25.8,9889.8,RUNNING
2024-01-09 14:00:00,GEN_M01,78.6,62.9,397.09,112.29,49.881,0.927,28.4,11591.5,RUNNING
2024-01-09 14:00:00,GEN_M02,86.17,68.9,399.71,123.1,50.015,0.953,29.3,11707.5,RUNNING
2024-01-09 14:00:00,GEN_M03,102.61,82.1,402.48,146.58,49.969,0.919,28.2,11160.8,RUNNING
2024-01-09 14:00:00,GEN_B01,81.59,65.3,401.23,116.55,50.044,0.926,25.5,10926.9,RUNNING
2024-01-09 14:00:00,GEN_B02,93.27,74.6,400.09,133.24,49.987,0.934,27.7,9984.2,RUNNING
2024-01-09 15:00:00,GEN_M01,77.04,61.6,401.03,110.05,49.996,0.911,25.5,10024.4,RUNNING
2024-01-09 15:00:00,GEN_M02,79.25,63.4,402.31,113.21,50.079,0.914,30.5,9928.1,RUNNING
2024-01-09 15:00:00,GEN_M03,93.56,74.8,402.51,133.65,49.957,0.917,23.0,13030.2,RUNNING
2024-01-09 15:00:00,GEN_B01,77.49,62.0,400.66,110.71,49.928,0.903,25.1,11760.2,RUNNING
2024-01-09 15:00:00,GEN_B02,60.18,48.1,397.78,85.97,50.0,0.909,23.8,11879.2,RUNNING
2024-01-09 16:00:00,GEN_M01,72.57,58.1,401.12,103.67,49.97,0.89,28.8,8420.5,RUNNING
2024-01-09 16:00:00,GEN_M02,81.13,64.9,398.87,115.9,49.942,0.922,28.6,8064.7,RUNNING
2024-01-09 16:00:00,GEN_M03,85.11,68.1,401.39,121.59,49.911,0.908,25.3,9560.7,RUNNING
2024-01-09 16:00:00,GEN_B01,78.67,62.9,398.72,112.39,50.122,0.929,31.4,14740.1,RUNNING
2024-01-09 16:00:00,GEN_B02,106.55,85.2,398.32,152.21,49.962,0.921,25.7,13208.3,RUNNING
2024-01-09 17:00:00,GEN_M01,63.99,51.2,399.56,91.42,49.969,0.938,28.0,12648.9,RUNNING
2024-01-09 17:00:00,GEN_M02,100.58,80.5,399.98,143.69,50.052,0.942,28.2,9540.5,RUNNING
2024-01-09 17:00:00,GEN_M03,73.19,58.6,401.0,104.56,49.933,0.911,28.5,10491.8,RUNNING
2024-01-09 17:00:00,GEN_B01,86.76,69.4,399.55,123.94,49.919,0.924,26.2,10737.6,RUNNING
2024-01-09 17:00:00,GEN_B02,80.81,64.6,398.78,115.44,49.926,0.956,28.0,11022.9,RUNNING
2024-01-09 18:00:00,GEN_M01,91.36,73.1,398.13,130.51,50.022,0.906,34.7,14704.8,RUNNING
2024-01-09 18:00:00,GEN_M02,75.86,60.7,398.31,108.37,49.998,0.891,26.2,8137.3,RUNNING
2024-01-09 18:00:00,GEN_M03,90.72,72.6,400.63,129.6,49.977,0.913,27.8,10789.9,RUNNING
2024-01-09 18:00:00,GEN_B01,84.13,67.3,398.66,120.18,49.895,0.947,26.0,14634.1,RUNNING
2024-01-09 18:00:00,GEN_B02,74.38,59.5,401.6,106.26,49.936,0.898,30.0,11470.7,RUNNING
2024-01-09 19:00:00,GEN_M01,75.45,60.4,399.05,107.79,50.022,0.906,28.2,11061.0,RUNNING
2024-01-09 19:00:00,GEN_M02,56.41,45.1,399.9,80.58,49.946,0.904,25.4,11365.5,RUNNING
2024-01-09 19:00:00,GEN_M03,62.65,50.1,400.72,89.5,50.072,0.911,29.4,8283.6,RUNNING
2024-01-09 19:00:00,GEN_B01,53.03,42.4,399.36,75.75,50.048,0.946,25.1,12103.3,RUNNING
2024-01-09 19:00:00,GEN_B02,63.45,50.8,401.35,90.65,49.982,0.934,24.0,12552.1,RUNNING
2024-01-09 20:00:00,GEN_M01,45.26,36.2,398.5,64.66,49.912,0.922,26.3,14605.0,RUNNING
2024-01-09 20:00:00,GEN_M02,69.8,55.8,400.15,99.71,50.056,0.925,33.0,9693.5,RUNNING
2024-01-09 20:00:00,GEN_M03,57.71,46.2,399.13,82.45,49.996,0.919,28.8,8203.0,RUNNING
2024-01-09 20:00:00,GEN_B01,62.45,50.0,399.92,89.21,50.096,0.943,25.6,11540.2,RUNNING
2024-01-09 20:00:00,GEN_B02,58.66,46.9,402.34,83.8,49.902,0.894,29.7,14419.7,RUNNING
2024-01-09 21:00:00,GEN_M01,66.07,52.9,398.99,94.39,49.937,0.909,27.1,12095.9,RUNNING
2024-01-09 21:00:00,GEN_M02,56.08,44.9,400.88,80.12,50.048,0.939,27.6,10176.8,RUNNING
2024-01-09 21:00:00,GEN_M03,64.3,51.4,399.21,91.86,50.0,0.928,29.2,8067.9,RUNNING
2024-01-09 21:00:00,GEN_B01,62.14,49.7,401.07,88.77,49.988,0.934,24.1,12247.0,RUNNING
2024-01-09 21:00:00,GEN_B02,62.08,49.7,402.17,88.68,50.015,0.921,30.4,13126.0,RUNNING
2024-01-09 22:00:00,GEN_M01,53.93,43.1,399.95,77.05,49.957,0.946,28.5,11106.5,RUNNING
2024-01-09 22:00:00,GEN_M02,56.66,45.3,400.05,80.95,50.057,0.928,26.6,9102.5,RUNNING
2024-01-09 22:00:00,GEN_M03,47.57,38.1,397.95,67.96,49.973,0.93,28.3,12266.1,RUNNING
2024-01-09 22:00:00,GEN_B01,48.88,39.1,398.6,69.83,49.886,0.904,24.5,14045.0,RUNNING
2024-01-09 22:00:00,GEN_B02,62.0,49.6,400.69,88.57,49.924,0.936,26.9,8037.3,RUNNING
2024-01-09 23:00:00,GEN_M01,52.09,41.7,398.27,74.41,50.048,0.928,25.1,12264.4,RUNNING
2024-01-09 23:00:00,GEN_M02,57.32,45.9,399.59,81.89,49.999,0.959,24.2,12143.4,RUNNING
2024-01-09 23:00:00,GEN_M03,61.4,49.1,400.18,87.72,50.012,0.901,26.3,9924.9,RUNNING
2024-01-09 23:00:00,GEN_B01,68.29,54.6,401.81,97.56,49.953,0.893,23.5,13284.1,RUNNING
2024-01-09 23:00:00,GEN_B02,65.1,52.1,403.09,93.0,50.028,0.917,29.3,13725.9,RUNNING
2024-01-10 00:00:00,GEN_M01,50.4,40.3,399.54,72.01,49.895,0.923,26.1,9157.6,RUNNING
2024-01-10 00:00:00,GEN_M02,42.1,33.7,401.3,60.15,49.976,0.954,27.5,12410.2,RUNNING
2024-01-10 00:00:00,GEN_M03,61.31,49.1,404.07,87.59,49.997,0.902,24.0,8587.3,RUNNING
2024-01-10 00:00:00,GEN_B01,45.7,36.6,399.81,65.28,50.005,0.914,27.0,9907.9,RUNNING
2024-01-10 00:00:00,GEN_B02,41.74,33.4,396.45,59.63,50.018,0.9,27.1,14978.9,RUNNING
2024-01-10 01:00:00,GEN_M01,57.48,46.0,398.58,82.11,50.053,0.911,30.1,11179.9,RUNNING
2024-01-10 01:00:00,GEN_M02,49.95,40.0,399.35,71.35,49.958,0.91,28.8,10780.6,RUNNING
2024-01-10 01:00:00,GEN_M03,55.92,44.7,400.94,79.88,50.01,0.946,27.5,8285.5,RUNNING
2024-01-10 01:00:00,GEN_B01,60.69,48.6,399.41,86.7,50.026,0.907,27.6,14457.5,RUNNING
2024-01-10 01:00:00,GEN_B02,51.67,41.3,402.03,73.81,49.839,0.928,26.4,9773.8,RUNNING
2024-01-10 02:00:00,GEN_M01,58.57,46.9,400.88,83.68,49.867,0.947,28.4,13489.3,RUNNING
2024-01-10 02:00:00,GEN_M02,50.72,40.6,400.99,72.45,49.981,0.879,25.7,10315.6,RUNNING
2024-01-10 02:00:00,GEN_M03,49.84,39.9,400.41,71.2,49.997,0.931,26.6,11030.8,RUNNING
2024-01-10 02:00:00,GEN_B01,46.2,37.0,399.83,66.01,50.054,0.921,31.2,10022.6,RUNNING
2024-01-10 02:00:00,GEN_B02,54.99,44.0,402.06,78.55,50.018,0.944,28.6,8947.9,RUNNING
2024-01-10 03:00:00,GEN_M01,49.01,39.2,399.46,70.02,50.036,0.901,28.1,14603.1,RUNNING
2024-01-10 03:00:00,GEN_M02,40.76,32.6,399.58,58.23,49.899,0.923,31.7,14564.4,RUNNING
2024-01-10 03:00:00,GEN_M03,56.5,45.2,401.49,80.72,50.037,0.926,27.3,10750.7,RUNNING
2024-01-10 03:00:00,GEN_B01,69.57,55.7,400.21,99.38,50.003,0.936,24.5,11645.7,RUNNING
2024-01-10 03:00:00,GEN_B02,49.92,39.9,402.23,71.32,49.936,0.943,28.0,11368.9,RUNNING
2024-01-10 04:00:00,GEN_M01,46.57,37.3,400.02,66.53,50.028,0.908,26.6,10485.9,RUNNING
2024-01-10 04:00:00,GEN_M02,67.91,54.3,396.59,97.02,49.99,0.982,29.6,8943.5,RUNNING
2024-01-10 04:00:00,GEN_M03,55.82,44.7,400.24,79.74,50.033,0.899,27.3,14362.9,RUNNING
2024-01-10 04:00:00,GEN_B01,68.91,55.1,401.93,98.44,49.987,0.926,26.2,9896.7,RUNNING
2024-01-10 04:00:00,GEN_B02,61.41,49.1,398.72,87.73,49.968,0.934,26.5,11941.9,MAINTENANCE
2024-01-10 05:00:00,GEN_M01,51.53,41.2,397.79,73.62,50.017,0.905,23.6,12914.7,RUNNING
2024-01-10 05:00:00,GEN_M02,61.64,49.3,399.88,88.06,50.032,0.908,31.1,14529.9,RUNNING
2024-01-10 05:00:00,GEN_M03,74.64,59.7,400.02,106.63,50.019,0.947,31.4,14362.4,RUNNING
2024-01-10 05:00:00,GEN_B01,55.15,44.1,401.31,78.78,50.004,0.924,26.1,11724.8,RUNNING
2024-01-10 05:00:00,GEN_B02,49.99,40.0,399.66,71.42,50.072,0.906,29.2,11331.6,RUNNING
2024-01-10 06:00:00,GEN_M01,80.42,64.3,398.84,114.89,50.068,0.959,29.0,10343.1,RUNNING
2024-01-10 06:00:00,GEN_M02,80.86,64.7,401.57,115.51,50.043,0.92,29.6,11424.4,RUNNING
2024-01-10 06:00:00,GEN_M03,74.99,60.0,400.18,107.13,49.979,0.904,25.5,13395.7,RUNNING
2024-01-10 06:00:00,GEN_B01,70.66,56.5,399.23,100.95,49.977,0.927,26.1,11176.3,RUNNING
2024-01-10 06:00:00,GEN_B02,91.47,73.2,398.42,130.67,49.951,0.911,30.3,10168.4,RUNNING
2024-01-10 07:00:00,GEN_M01,73.69,59.0,402.31,105.27,49.954,0.945,25.2,10032.0,RUNNING
2024-01-10 07:00:00,GEN_M02,87.6,70.1,399.32,125.15,50.012,0.929,27.2,12276.6,RUNNING
2024-01-10 07:00:00,GEN_M03,88.33,70.7,399.29,126.18,50.147,0.934,24.7,11768.3,RUNNING
2024-01-10 07:00:00,GEN_B01,83.67,66.9,399.95,119.53,49.913,0.92,28.0,13236.2,RUNNING
2024-01-10 07:00:00,GEN_B02,93.36,74.7,398.64,133.37,49.977,0.9,29.1,9854.1,RUNNING
2024-01-10 08:00:00,GEN_M01,72.25,57.8,398.63,103.21,50.006,0.91,30.3,12539.7,RUNNING
2024-01-10 08:00:00,GEN_M02,93.04,74.4,399.65,132.91,49.94,0.959,28.0,9276.3,RUNNING
2024-01-10 08:00:00,GEN_M03,73.65,58.9,401.59,105.22,49.972,0.941,28.8,11088.4,RUNNING
2024-01-10 08:00:00,GEN_B01,88.89,71.1,399.24,126.99,50.01,0.921,24.9,10174.2,RUNNING
2024-01-10 08:00:00,GEN_B02,85.95,68.8,400.7,122.79,50.03,0.931,31.4,12558.4,RUNNING
2024-01-10 09:00:00,GEN_M01,85.22,68.2,398.81,121.74,49.988,0.926,26.8,8547.7,RUNNING
2024-01-10 09:00:00,GEN_M02,78.09,62.5,400.66,111.56,50.042,0.946,28.1,10934.7,RUNNING
2024-01-10 09:00:00,GEN_M03,82.03,65.6,397.25,117.19,50.069,0.923,27.5,13539.5,RUNNING
2024-01-10 09:00:00,GEN_B01,74.95,60.0,399.84,107.07,49.991,0.905,28.6,14134.2,RUNNING
2024-01-10 09:00:00,GEN_B02,97.91,78.3,401.77,139.87,50.053,0.922,23.7,14387.4,RUNNING
2024-01-10 10:00:00,GEN_M01,104.14,83.3,401.17,148.77,49.954,0.92,23.9,11418.3,RUNNING
2024-01-10 10:00:00,GEN_M02,78.77,63.0,401.54,112.53,49.91,0.931,25.2,9169.9,RUNNING
2024-01-10 10:00:00,GEN_M03,83.27,66.6,400.06,118.96,49.929,0.929,24.3,13277.6,RUNNING
2024-01-10 10:00:00,GEN_B01,72.01,57.6,399.91,102.87,49.924,0.933,25.9,11693.4,RUNNING
2024-01-10 10:00:00,GEN_B02,82.16,65.7,397.33,117.37,50.075,0.936,29.0,11026.8,RUNNING
2024-01-10 11:00:00,GEN_M01,76.41,61.1,400.71,109.16,49.947,0.94,26.5,10082.4,RUNNING
2024-01-10 11:00:00,GEN_M02,72.15,57.7,399.07,103.08,49.933,0.908,28.9,14794.0,RUNNING
2024-01-10 11:00:00,GEN_M03,80.93,64.7,398.27,115.61,50.106,0.903,25.1,9024.6,RUNNING
2024-01-10 11:00:00,GEN_B01,77.04,61.6,401.42,110.05,49.985,0.895,28.7,12785.9,MAINTENANCE
2024-01-10 11:00:00,GEN_B02,93.99,75.2,402.6,134.28,49.888,0.924,27.2,11255.2,RUNNING
2024-01-10 12:00:00,GEN_M01,79.0,63.2,399.16,112.85,49.984,0.913,28.0,12299.3,RUNNING
2024-01-10 12:00:00,GEN_M02,74.98,60.0,401.21,107.11,49.987,0.905,27.9,11509.5,RUNNING
2024-01-10 12:00:00,GEN_M03,70.66,56.5,399.23,100.94,50.106,0.865,26.4,14692.1,RUNNING
2024-01-10 12:00:00,GEN_B01,79.45,63.6,400.18,113.51,50.038,0.922,30.9,10645.8,RUNNING
2024-01-10 12:00:00,GEN_B02,83.3,66.6,398.8,119.01,49.975,0.955,25.9,8531.1,RUNNING
2024-01-10 13:00:00,GEN_M01,105.3,84.2,400.7,150.43,50.089,0.915,25.1,11706.1,RUNNING
2024-01-10 13:00:00,GEN_M02,91.1,72.9,400.26,130.15,50.023,0.919,24.3,14235.8,RUNNING
2024-01-10 13:00:00,GEN_M03,73.34,58.7,399.39,104.77,49.926,0.879,29.5,12439.7,RUNNING
2024-01-10 13:00:00,GEN_B01,82.13,65.7,399.21,117.33,49.946,0.911,26.6,10339.0,RUNNING
2024-01-10 13:00:00,GEN_B02,60.05,48.0,399.94,85.78,50.04,0.947,28.7,12516.9,RUNNING
2024-01-10 14:00:00,GEN_M01,81.37,65.1,401.11,116.24,50.084,0.927,25.5,10654.1,RUNNING
2024-01-10 14:00:00,GEN_M02,100.42,80.3,400.4,143.46,50.066,0.92,29.1,10815.1,RUNNING
2024-01-10 14:00:00,GEN_M03,65.92,52.7,401.46,94.18,50.044,0.927,25.2,9011.6,RUNNING
2024-01-10 14:00:00,GEN_B01,64.04,51.2,398.16,91.48,50.059,0.908,26.7,11571.5,RUNNING
2024-01-10 14:00:00,GEN_B02,74.85,59.9,398.9,106.93,49.93,0.877,30.4,9693.3,RUNNING
2024-01-10 15:00:00,GEN_M01,80.94,64.8,401.0,115.63,49.999,0.947,29.8,9437.6,RUNNING
2024-01-10 15:00:00,GEN_M02,70.86,56.7,400.59,101.23,50.008,0.903,29.1,11095.1,RUNNING
2024-01-10 15:00:00,GEN_M03,87.33,69.9,399.01,124.76,49.921,0.899,30.3,12167.5,RUNNING
2024-01-10 15:00:00,GEN_B01,79.96,64.0,400.73,114.23,49.958,0.926,26.4,10003.3,RUNNING
2024-01-10 15:00:00,GEN_B02,73.94,59.1,399.93,105.62,50.012,0.846,26.7,10251.6,RUNNING
2024-01-10 16:00:00,GEN_M01,96.3,77.0,400.24,137.57,50.075,0.894,25.3,10011.3,RUNNING
2024-01-10 16:00:00,GEN_M02,85.19,68.2,398.9,121.7,50.136,0.937,25.8,14614.6,RUNNING
2024-01-10 16:00:00,GEN_M03,92.27,73.8,397.59,131.81,50.02,0.941,28.4,8332.6,RUNNING
2024-01-10 16:00:00,GEN_B01,72.72,58.2,401.06,103.88,50.093,0.912,29.4,10715.7,RUNNING
2024-01-10 16:00:00,GEN_B02,95.61,76.5,396.9,136.58,50.004,0.911,23.8,10191.2,RUNNING
2024-01-10 17:00:00,GEN_M01,81.33,65.1,403.07,116.18,49.95,0.899,23.7,10681.7,RUNNING
2024-01-10 17:00:00,GEN_M02,80.62,64.5,401.63,115.17,49.983,0.95,28.4,9616.6,RUNNING
2024-01-10 17:00:00,GEN_M03,59.89,47.9,400.21,85.56,49.966,0.933,30.2,13009.4,RUNNING
2024-01-10 17:00:00,GEN_B01,70.95,56.8,399.99,101.36,49.998,0.935,26.5,9316.3,RUNNING
2024-01-10 17:00:00,GEN_B02,61.1,48.9,398.89,87.29,49.989,0.848,25.8,9505.6,RUNNING
2024-01-10 18:00:00,GEN_M01,86.58,69.3,399.68,123.68,50.077,0.94,25.8,8967.9,RUNNING
2024-01-10 18:00:00,GEN_M02,90.27,72.2,400.81,128.96,49.988,0.916,26.4,8968.6,RUNNING
2024-01-10 18:00:00,GEN_M03,96.18,76.9,400.93,137.4,50.073,0.941,27.1,8065.4,RUNNING
2024-01-10 18:00:00,GEN_B01,67.16,53.7,401.28,95.94,50.045,0.898,28.3,13547.2,RUNNING
2024-01-10 18:00:00,GEN_B02,73.63,58.9,402.36,105.19,49.998,0.905,26.8,9699.0,RUNNING
2024-01-10 19:00:00,GEN_M01,49.67,39.7,398.0,70.95,49.988,0.927,28.1,12438.4,RUNNING
2024-01-10 19:00:00,GEN_M02,50.89,40.7,399.55,72.71,49.938,0.917,29.8,11762.7,RUNNING
2024-01-10 19:00:00,GEN_M03,67.04,53.6,397.85,95.77,49.936,0.888,30.7,12869.5,RUNNING
2024-01-10 19:00:00,GEN_B01,67.82,54.3,399.39,96.89,50.0,0.922,27.9,8104.7,RUNNING
2024-01-10 19:00:00,GEN_B02,43.71,35.0,400.78,62.45,50.011,0.932,32.9,10903.2,RUNNING
2024-01-10 20:00:00,GEN_M01,51.52,41.2,400.58,73.59,49.96,0.948,28.6,13171.6,RUNNING
2024-01-10 20:00:00,GEN_M02,58.45,46.8,400.48,83.5,50.041,0.906,27.5,14699.7,RUNNING
2024-01-10 20:00:00,GEN_M03,49.08,39.3,397.89,70.11,49.935,0.946,32.1,12749.6,RUNNING
2024-01-10 20:00:00,GEN_B01,61.6,49.3,399.95,88.0,50.13,0.886,30.4,13398.0,RUNNING
2024-01-10 20:00:00,GEN_B02,62.94,50.3,399.56,89.91,50.022,0.936,27.0,14012.9,RUNNING
2024-01-10 21:00:00,GEN_M01,60.77,48.6,398.47,86.81,49.989,0.901,29.5,13935.8,RUNNING
2024-01-10 21:00:00,GEN_M02,57.06,45.6,400.29,81.51,50.003,0.922,32.6,14041.2,RUNNING
2024-01-10 21:00:00,GEN_M03,51.47,41.2,398.81,73.52,49.954,0.911,27.7,13943.2,RUNNING
2024-01-10 21:00:00,GEN_B01,46.2,37.0,400.22,65.99,49.908,0.903,26.8,12193.7,RUNNING
2024-01-10 21:00:00,GEN_B02,51.15,40.9,399.17,73.07,50.021,0.954,27.1,10960.1,RUNNING
2024-01-10 22:00:00,GEN_M01,60.58,48.5,400.23,86.54,49.98,0.922,27.1,9288.3,RUNNING
2024-01-10 22:00:00,GEN_M02,57.39,45.9,400.35,81.98,50.03,0.937,26.5,13107.2,RUNNING
2024-01-10 22:00:00,GEN_M03,63.47,50.8,399.91,90.67,49.989,0.924,29.8,14421.4,RUNNING
2024-01-10 22:00:00,GEN_B01,47.63,38.1,399.59,68.04,50.011,0.904,28.7,11160.5,RUNNING
2024-01-10 22:00:00,GEN_B02,54.18,43.3,399.91,77.4,49.978,0.933,26.7,12234.6,RUNNING
2024-01-10 23:00:00,GEN_M01,53.29,42.6,400.1,76.12,49.967,0.913,25.6,11309.6,RUNNING
2024-01-10 23:00:00,GEN_M02,58.95,47.2,398.5,84.22,49.957,0.896,28.5,11580.1,RUNNING
2024-01-10 23:00:00,GEN_M03,49.61,39.7,400.22,70.86,49.929,0.907,31.5,9163.4,RUNNING
2024-01-10 23:00:00,GEN_B01,62.7,50.2,398.27,89.57,50.036,0.951,29.1,11389.9,RUNNING
2024-01-10 23:00:00,GEN_B02,70.52,56.4,399.47,100.74,49.97,0.927,33.1,13247.4,RUNNING
2024-01-11 00:00:00,GEN_M01,46.35,37.1,401.93,66.21,49.997,0.923,26.7,10477.3,RUNNING
2024-01-11 00:00:00,GEN_M02,59.81,47.9,399.6,85.45,50.008,0.941,28.3,10273.6,RUNNING
2024-01-11 00:00:00,GEN_M03,41.73,33.4,402.0,59.62,49.994,0.893,26.1,10615.5,RUNNING
2024-01-11 00:00:00,GEN_B01,52.61,42.1,398.24,75.15,50.056,0.919,28.0,8224.8,RUNNING
2024-01-11 00:00:00,GEN_B02,62.05,49.6,400.5,88.64,50.028,0.916,28.7,11522.5,MAINTENANCE
2024-01-11 01:00:00,GEN_M01,60.32,48.3,399.31,86.17,49.966,0.929,26.6,14385.6,RUNNING
2024-01-11 01:00:00,GEN_M02,66.08,52.9,398.12,94.4,50.064,0.914,29.5,11939.0,RUNNING
2024-01-11 01:00:00,GEN_M03,60.76,48.6,397.77,86.79,50.03,0.947,27.8,9624.9,MAINTENANCE
2024-01-11 01:00:00,GEN_B01,54.94,44.0,399.72,78.49,50.042,0.876,29.9,11133.4,RUNNING
2024-01-11 01:00:00,GEN_B02,74.39,59.5,400.43,106.27,49.928,0.929,23.2,9036.9,RUNNING
2024-01-11 02:00:00,GEN_M01,64.66,51.7,401.46,92.37,50.0,0.892,28.8,14880.6,RUNNING
2024-01-11 02:00:00,GEN_M02,63.58,50.9,397.92,90.83,50.068,0.962,26.6,12590.6,RUNNING
2024-01-11 02:00:00,GEN_M03,56.93,45.5,399.05,81.34,50.082,0.904,26.4,9548.9,RUNNING
2024-01-11 02:00:00,GEN_B01,61.76,49.4,399.43,88.24,49.98,0.943,29.2,12123.8,RUNNING
2024-01-11 02:00:00,GEN_B02,51.34,41.1,400.12,73.34,50.016,0.9,26.2,9828.4,RUNNING
2024-01-11 03:00:00,GEN_M01,61.67,49.3,399.24,88.1,49.996,0.958,25.3,8659.7,RUNNING
2024-01-11 03:00:00,GEN_M02,58.04,46.4,400.33,82.91,49.982,0.926,25.5,8510.8,RUNNING
2024-01-11 03:00:00,GEN_M03,60.6,48.5,399.96,86.58,50.082,0.938,29.6,14954.5,RUNNING
2024-01-11 03:00:00,GEN_B01,50.94,40.8,400.49,72.78,49.958,0.953,31.6,8223.0,RUNNING
2024-01-11 03:00:00,GEN_B02,71.83,57.5,401.07,102.62,50.064,0.931,26.8,13487.5,RUNNING
2024-01-11 04:00:00,GEN_M01,53.9,43.1,399.57,77.01,50.022,0.918,29.2,13569.1,RUNNING
2024-01-11 04:00:00,GEN_M02,55.83,44.7,398.89,79.76,50.106,0.94,25.7,11320.3,RUNNING
2024-01-11 04:00:00,GEN_M03,42.66,34.1,395.29,60.94,49.993,0.897,25.3,11592.0,RUNNING
2024-01-11 04:00:00,GEN_B01,56.7,45.4,402.25,81.0,50.071,0.936,26.3,12755.2,RUNNING
2024-01-11 04:00:00,GEN_B02,44.6,35.7,399.87,63.72,50.113,0.916,24.4,12412.8,RUNNING
2024-01-11 05:00:00,GEN_M01,54.88,43.9,401.18,78.39,49.969,0.906,29.1,11648.9,RUNNING
2024-01-11 05:00:00,GEN_M02,48.15,38.5,399.36,68.78,49.976,0.909,24.8,8199.2,RUNNING
2024-01-11 05:00:00,GEN_M03,59.75,47.8,398.51,85.35,50.005,0.923,27.5,12357.6,RUNNING
2024-01-11 05:00:00,GEN_B01,49.64,39.7,401.75,70.91,50.046,0.921,27.4,12947.5,RUNNING
2024-01-11 05:00:00,GEN_B02,53.53,42.8,398.81,76.47,49.896,0.923,25.9,14023.6,RUNNING
2024-01-11 06:00:00,GEN_M01,84.84,67.9,398.95,121.2,50.057,0.909,29.8,11822.7,RUNNING
2024-01-11 06:00:00,GEN_M02,89.03,71.2,399.6,127.18,50.022,0.91,23.2,14889.2,MAINTENANCE
2024-01-11 06:00:00,GEN_M03,70.75,56.6,399.84,101.07,49.976,0.921,28.9,14113.7,RUNNING
2024-01-11 06:00:00,GEN_B01,107.62,86.1,401.74,153.74,50.022,0.923,29.5,13761.6,RUNNING
2024-01-11 06:00:00,GEN_B02,57.29,45.8,399.28,81.84,49.906,0.897,25.8,14854.8,RUNNING
2024-01-11 07:00:00,GEN_M01,61.44,49.2,401.23,87.77,50.055,0.928,27.1,10523.2,RUNNING
2024-01-11 07:00:00,GEN_M02,63.68,50.9,398.67,90.97,49.992,0.9,24.6,11656.6,MAINTENANCE
2024-01-11 07:00:00,GEN_M03,84.64,67.7,398.23,120.91,50.021,0.92,29.5,14118.7,RUNNING
2024-01-11 07:00:00,GEN_B01,90.04,72.0,399.73,128.63,50.014,0.915,25.3,14834.9,RUNNING
2024-01-11 07:00:00,GEN_B02,87.1,69.7,402.75,124.43,49.923,0.918,27.7,12939.2,RUNNING
2024-01-11 08:00:00,GEN_M01,65.08,52.1,399.05,92.97,49.963,0.891,27.9,11439.4,RUNNING
2024-01-11 08:00:00,GEN_M02,76.6,61.3,402.5,109.43,50.013,0.909,28.4,9164.9,RUNNING
2024-01-11 08:00:00,GEN_M03,76.21,61.0,401.39,108.87,49.981,0.924,24.1,8994.4,RUNNING
2024-01-11 08:00:00,GEN_B01,70.89,56.7,401.32,101.27,50.04,0.92,26.9,11646.9,RUNNING
2024-01-11 08:00:00,GEN_B02,98.71,79.0,398.87,141.01,49.994,0.909,28.6,8702.6,RUNNING
2024-01-11 09:00:00,GEN_M01,93.89,75.1,401.68,134.13,50.08,0.951,26.2,10555.2,RUNNING
2024-01-11 09:00:00,GEN_M02,48.83,39.1,400.0,69.76,50.007,0.921,27.8,13698.1,RUNNING
2024-01-11 09:00:00,GEN_M03,67.99,54.4,401.42,97.12,50.03,0.912,28.5,14254.1,RUNNING
2024-01-11 09:00:00,GEN_B01,82.33,65.9,400.97,117.61,50.104,0.964,29.2,11518.5,RUNNING
2024-01-11 09:00:00,GEN_B02,82.05,65.6,398.8,117.21,49.98,0.911,26.1,14810.8,RUNNING
2024-01-11 10:00:00,GEN_M01,87.37,69.9,398.38,124.82,50.017,0.932,24.1,9661.2,RUNNING
2024-01-11 10:00:00,GEN_M02,87.67,70.1,400.36,125.24,50.074,0.879,26.2,9311.9,RUNNING
2024-01-11 10:00:00,GEN_M03,64.73,51.8,400.82,92.47,50.022,0.938,29.1,8725.0,RUNNING
2024-01-11 10:00:00,GEN_B01,76.45,61.2,403.28,109.22,49.988,0.935,26.3,10010.1,RUNNING
2024-01-11 10:00:00,GEN_B02,60.8,48.6,401.58,86.86,50.039,0.938,26.0,10759.8,RUNNING
2024-01-11 11:00:00,GEN_M01,71.38,57.1,399.98,101.97,49.991,0.947,27.6,9762.5,RUNNING
2024-01-11 11:00:00,GEN_M02,81.45,65.2,405.07,116.36,50.034,0.912,26.4,10967.7,RUNNING
2024-01-11 11:00:00,GEN_M03,70.69,56.6,402.14,100.98,50.056,0.925,27.4,13641.5,RUNNING
2024-01-11 11:00:00,GEN_B01,76.06,60.9,399.72,108.66,49.996,0.876,30.6,9760.6,RUNNING
2024-01-11 11:00:00,GEN_B02,79.3,63.4,401.19,113.28,49.926,0.941,25.7,9725.3,MAINTENANCE
2024-01-11 12:00:00,GEN_M01,75.93,60.7,398.31,108.47,50.019,0.969,26.4,10086.3,RUNNING
2024-01-11 12:00:00,GEN_M02,89.06,71.3,401.7,127.24,49.984,0.947,25.4,11171.0,RUNNING
2024-01-11 12:00:00,GEN_M03,71.21,57.0,400.23,101.73,49.949,0.907,29.1,12528.6,RUNNING
2024-01-11 12:00:00,GEN_B01,62.19,49.8,403.29,88.84,50.044,0.941,28.8,11739.3,RUNNING
2024-01-11 12:00:00,GEN_B02,79.38,63.5,402.18,113.4,49.976,0.906,29.2,14244.8,RUNNING
2024-01-11 13:00:00,GEN_M01,82.64,66.1,401.2,118.06,49.929,0.958,28.8,10314.4,RUNNING
2024-01-11 13:00:00,GEN_M02,72.22,57.8,400.36,103.18,49.957,0.937,32.6,14337.6,RUNNING
2024-01-11 13:00:00,GEN_M03,88.94,71.2,399.26,127.06,49.899,0.894,25.5,12030.0,RUNNING
2024-01-11 13:00:00,GEN_B01,81.91,65.5,399.76,117.01,49.988,0.921,30.5,13952.1,RUNNING
2024-01-11 13:00:00,GEN_B02,80.0,64.0,401.07,114.29,50.052,0.928,27.5,10077.6,RUNNING
2024-01-11 14:00:00,GEN_M01,82.74,66.2,400.13,118.2,49.999,0.972,26.8,11708.4,RUNNING
2024-01-11 14:00:00,GEN_M02,67.95,54.4,400.47,97.07,50.029,0.946,26.4,10864.0,RUNNING
2024-01-11 14:00:00,GEN_M03,85.54,68.4,403.29,122.2,50.048,0.919,28.7,9355.9,RUNNING
2024-01-11 14:00:00,GEN_B01,72.35,57.9,400.39,103.35,49.934,0.911,28.5,12541.2,RUNNING
2024-01-11 14:00:00,GEN_B02,86.94,69.5,402.44,124.19,50.012,0.912,27.9,10726.8,RUNNING
2024-01-11 15:00:00,GEN_M01,72.09,57.7,399.69,102.99,49.932,0.901,26.8,12303.4,RUNNING
2024-01-11 15:00:00,GEN_M02,82.27,65.8,400.14,117.53,50.062,0.922,27.8,11885.6,RUNNING
2024-01-11 15:00:00,GEN_M03,66.67,53.3,398.12,95.24,50.02,0.918,26.0,11107.6,RUNNING
2024-01-11 15:00:00,GEN_B01,72.88,58.3,401.39,104.11,50.008,0.934,29.0,9501.2,RUNNING
2024-01-11 15:00:00,GEN_B02,80.87,64.7,401.75,115.53,50.031,0.917,27.6,11024.8,RUNNING
2024-01-11 16:00:00,GEN_M01,101.77,81.4,399.06,145.39,49.998,0.917,23.8,12122.6,RUNNING
2024-01-11 16:00:00,GEN_M02,91.31,73.1,400.44,130.45,49.997,0.922,26.0,9432.2,RUNNING
2024-01-11 16:00:00,GEN_M03,84.12,67.3,399.1,120.18,49.957,0.932,29.1,9731.5,RUNNING
2024-01-11 16:00:00,GEN_B01,80.92,64.7,399.2,115.61,49.962,0.918,23.6,13590.8,RUNNING
2024-01-11 16:00:00,GEN_B02,78.37,62.7,400.24,111.95,50.01,0.92,27.5,13091.8,RUNNING
2024-01-11 17:00:00,GEN_M01,86.36,69.1,398.03,123.37,50.009,0.903,26.7,12385.2,RUNNING
2024-01-11 17:00:00,GEN_M02,73.38,58.7,397.37,104.83,50.023,0.902,27.8,8078.1,RUNNING
2024-01-11 17:00:00,GEN_M03,75.0,60.0,401.1,107.15,50.05,0.92,25.0,12856.3,RUNNING
2024-01-11 17:00:00,GEN_B01,73.75,59.0,400.69,105.35,49.945,0.94,22.9,13295.9,RUNNING
2024-01-11 17:00:00,GEN_B02,77.44,62.0,399.15,110.63,49.996,0.951,24.8,9573.3,RUNNING
2024-01-11 18:00:00,GEN_M01,86.03,68.8,400.23,122.9,49.922,0.964,26.0,14140.1,RUNNING
2024-01-11 18:00:00,GEN_M02,67.77,54.2,399.95,96.82,50.096,0.894,26.5,11904.4,RUNNING
2024-01-11 18:00:00,GEN_M03,85.42,68.3,400.86,122.03,49.964,0.945,25.2,8335.1,RUNNING
2024-01-11 18:00:00,GEN_B01,71.54,57.2,401.11,102.2,50.027,0.944,25.2,12112.9,RUNNING
2024-01-11 18:00:00,GEN_B02,106.3,85.0,402.84,151.86,49.987,0.893,26.3,9497.5,MAINTENANCE
2024-01-11 19:00:00,GEN_M01,53.96,43.2,398.74,77.08,49.97,0.932,29.3,14713.3,RUNNING
2024-01-11 19:00:00,GEN_M02,58.03,46.4,399.35,82.91,50.012,0.901,28.1,13506.6,RUNNING
2024-01-11 19:00:00,GEN_M03,65.91,52.7,400.3,94.16,49.975,0.9,26.7,10859.4,RUNNING
2024-01-11 19:00:00,GEN_B01,53.82,43.1,401.52,76.89,49.978,0.902,27.6,13434.7,RUNNING
2024-01-11 19:00:00,GEN_B02,45.43,36.3,401.06,64.9,50.032,0.954,29.7,14228.1,RUNNING
2024-01-11 20:00:00,GEN_M01,53.84,43.1,398.97,76.92,50.0,0.921,24.5,8179.4,RUNNING
2024-01-11 20:00:00,GEN_M02,70.7,56.6,401.77,101.0,49.978,0.914,27.3,10543.7,RUNNING
2024-01-11 20:00:00,GEN_M03,60.2,48.2,401.41,86.0,50.009,0.913,27.2,13982.3,RUNNING
2024-01-11 20:00:00,GEN_B01,72.36,57.9,401.06,103.37,50.046,0.924,26.4,14564.8,RUNNING
2024-01-11 20:00:00,GEN_B02,38.59,30.9,401.85,55.13,50.026,0.929,27.2,12961.1,RUNNING
2024-01-11 21:00:00,GEN_M01,43.33,34.7,401.82,61.9,49.993,0.928,28.0,8757.0,RUNNING
2024-01-11 21:00:00,GEN_M02,39.33,31.5,400.26,56.19,49.969,0.888,28.0,14371.6,RUNNING
2024-01-11 21:00:00,GEN_M03,60.97,48.8,396.79,87.1,49.965,0.916,30.9,10711.0,RUNNING
2024-01-11 21:00:00,GEN_B01,70.77,56.6,399.86,101.1,49.99,0.911,27.4,12285.5,RUNNING
2024-01-11 21:00:00,GEN_B02,64.11,51.3,398.86,91.59,50.129,0.928,26.4,13529.1,RUNNING
2024-01-11 22:00:00,GEN_M01,45.59,36.5,396.24,65.13,49.962,0.911,30.7,8040.0,RUNNING
2024-01-11 22:00:00,GEN_M02,60.61,48.5,399.75,86.59,49.999,0.9,27.6,12264.6,RUNNING
2024-01-11 22:00:00,GEN_M03,61.45,49.2,398.81,87.79,50.035,0.914,30.3,12039.5,RUNNING
2024-01-11 22:00:00,GEN_B01,65.18,52.1,401.44,93.11,50.032,0.906,26.5,11031.6,RUNNING
2024-01-11 22:00:00,GEN_B02,67.62,54.1,398.33,96.59,49.942,0.945,29.5,8406.9,RUNNING
2024-01-11 23:00:00,GEN_M01,47.73,38.2,399.08,68.19,50.081,0.905,28.2,11899.5,RUNNING
2024-01-11 23:00:00,GEN_M02,58.14,46.5,396.7,83.06,49.989,0.925,23.2,12602.5,RUNNING
2024-01-11 23:00:00,GEN_M03,47.81,38.2,399.79,68.3,50.039,0.897,28.3,13181.0,RUNNING
2024-01-11 23:00:00,GEN_B01,56.76,45.4,403.46,81.09,49.93,0.936,27.4,14150.9,RUNNING
2024-01-11 23:00:00,GEN_B02,68.73,55.0,398.97,98.19,50.019,0.936,25.2,12623.7,RUNNING
2024-01-12 00:00:00,GEN_M01,55.74,44.6,399.49,79.63,50.045,0.924,29.3,9800.2,RUNNING
2024-01-12 00:00:00,GEN_M02,59.59,47.7,400.15,85.13,49.916,0.937,24.7,8366.4,RUNNING
2024-01-12 00:00:00,GEN_M03,62.79,50.2,398.32,89.7,50.069,0.961,27.6,14721.8,RUNNING
2024-01-12 00:00:00,GEN_B01,57.35,45.9,400.3,81.93,50.027,0.918,27.9,12919.5,RUNNING
2024-01-12 00:00:00,GEN_B02,55.99,44.8,403.52,79.99,49.93,0.918,28.7,13817.9,MAINTENANCE
2024-01-12 01:00:00,GEN_M01,47.4,37.9,399.12,67.71,49.928,0.933,30.1,14469.0,RUNNING
2024-01-12 01:00:00,GEN_M02,69.33,55.5,400.31,99.05,50.02,0.948,28.3,8281.9,RUNNING
2024-01-12 01:00:00,GEN_M03,49.69,39.8,399.51,70.99,50.055,0.931,24.6,14917.4,RUNNING
2024-01-12 01:00:00,GEN_B01,61.08,48.9,400.78,87.26,49.96,0.914,27.2,14028.7,RUNNING
2024-01-12 01:00:00,GEN_B02,57.69,46.2,399.43,82.41,50.158,0.938,26.6,9873.7,RUNNING
2024-01-12 02:00:00,GEN_M01,52.87,42.3,400.44,75.52,49.906,0.889,26.7,8919.3,RUNNING
2024-01-12 02:00:00,GEN_M02,51.47,41.2,397.78,73.53,49.962,0.95,29.9,14334.5,RUNNING
2024-01-12 02:00:00,GEN_M03,71.63,57.3,399.85,102.33,49.986,0.881,25.5,12901.3,RUNNING
2024-01-12 02:00:00,GEN_B01,53.92,43.1,399.44,77.03,49.967,0.945,28.2,13138.9,RUNNING
2024-01-12 02:00:00,GEN_B02,57.48,46.0,401.46,82.11,49.935,0.896,29.8,8212.8,RUNNING
2024-01-12 03:00:00,GEN_M01,60.59,48.5,400.28,86.56,50.003,0.936,29.0,13276.6,RUNNING
2024-01-12 03:00:00,GEN_M02,50.34,40.3,402.15,71.91,49.931,0.913,28.2,11135.6,RUNNING
2024-01-12 03:00:00,GEN_M03,64.82,51.9,401.43,92.6,50.059,0.897,25.5,11942.4,RUNNING
2024-01-12 03:00:00,GEN_B01,60.97,48.8,401.02,87.1,49.964,0.878,26.3,14036.8,RUNNING
2024-01-12 03:00:00,GEN_B02,53.07,42.5,399.59,75.82,49.942,0.884,27.0,13824.3,RUNNING
2024-01-12 04:00:00,GEN_M01,65.67,52.5,398.78,93.82,49.942,0.93,29.3,10303.7,RUNNING
2024-01-12 04:00:00,GEN_M02,61.01,48.8,399.96,87.16,50.024,0.935,25.2,14605.4,RUNNING
2024-01-12 04:00:00,GEN_M03,56.89,45.5,400.47,81.27,50.003,0.915,28.3,13066.6,RUNNING
2024-01-12 04:00:00,GEN_B01,56.86,45.5,402.01,81.23,50.013,0.907,27.7,9983.8,RUNNING
2024-01-12 04:00:00,GEN_B02,48.14,38.5,400.77,68.77,49.938,0.912,27.6,13846.7,RUNNING
2024-01-12 05:00:00,GEN_M01,51.7,41.4,399.97,73.86,49.973,0.893,28.3,12245.2,RUNNING
2024-01-12 05:00:00,GEN_M02,50.95,40.8,399.89,72.79,49.986,0.929,28.4,12627.9,RUNNING
2024-01-12 05:00:00,GEN_M03,50.69,40.6,401.0,72.41,50.093,0.905,25.9,11005.9,RUNNING
2024-01-12 05:00:00,GEN_B01,55.12,44.1,400.31,78.74,50.007,0.888,25.6,12918.4,RUNNING
2024-01-12 05:00:00,GEN_B02,42.64,34.1,397.51,60.91,50.024,0.945,26.1,8774.1,RUNNING
2024-01-12 06:00:00,GEN_M01,81.7,65.4,401.59,116.71,50.004,0.885,24.2,9616.8,RUNNING
2024-01-12 06:00:00,GEN_M02,78.24,62.6,398.16,111.78,50.028,0.907,26.4,11320.6,RUNNING
2024-01-12 06:00:00,GEN_M03,91.06,72.8,402.61,130.09,50.021,0.927,26.1,8174.1,RUNNING
2024-01-12 06:00:00,GEN_B01,79.97,64.0,400.8,114.24,49.953,0.898,26.3,12286.2,RUNNING
2024-01-12 06:00:00,GEN_B02,86.55,69.2,398.41,123.65,50.031,0.918,27.5,9049.3,RUNNING
2024-01-12 07:00:00,GEN_M01,83.39,66.7,400.24,119.13,49.979,0.905,25.0,9971.6,RUNNING
2024-01-12 07:00:00,GEN_M02,86.9,69.5,398.68,124.14,49.959,0.916,28.3,14631.0,RUNNING
2024-01-12 07:00:00,GEN_M03,84.07,67.3,399.24,120.1,49.914,0.937,30.4,11876.8,RUNNING
2024-01-12 07:00:00,GEN_B01,70.37,56.3,398.32,100.53,50.032,0.893,26.7,11839.4,RUNNING
2024-01-12 07:00:00,GEN_B02,78.25,62.6,400.27,111.78,50.001,0.9,26.2,11254.1,RUNNING
2024-01-12 08:00:00,GEN_M01,71.36,57.1,400.71,101.95,49.992,0.948,31.4,9623.3,RUNNING
2024-01-12 08:00:00,GEN_M02,99.67,79.7,400.52,142.38,49.951,0.917,26.6,13858.5,RUNNING
2024-01-12 08:00:00,GEN_M03,79.26,63.4,400.5,113.23,50.028,0.925,27.3,10188.6,RUNNING
2024-01-12 08:00:00,GEN_B01,69.14,55.3,401.58,98.78,49.942,0.913,26.4,10681.5,RUNNING
2024-01-12 08:00:00,GEN_B02,85.85,68.7,400.39,122.65,49.989,0.933,26.6,13594.9,RUNNING
2024-01-12 09:00:00,GEN_M01,65.8,52.6,402.24,94.0,49.98,0.95,28.0,13309.2,RUNNING
2024-01-12 09:00:00,GEN_M02,89.42,71.5,400.46,127.75,49.997,0.933,25.1,14530.7,RUNNING
2024-01-12 09:00:00,GEN_M03,79.02,63.2,402.05,112.88,49.995,0.937,26.3,13210.1,RUNNING
2024-01-12 09:00:00,GEN_B01,74.47,59.6,402.29,106.38,49.978,0.952,25.7,9976.3,RUNNING
2024-01-12 09:00:00,GEN_B02,90.17,72.1,400.15,128.81,50.058,0.952,26.9,13515.1,RUNNING
2024-01-12 10:00:00,GEN_M01,88.9,71.1,400.75,127.01,49.903,0.917,29.1,14168.4,RUNNING
2024-01-12 10:00:00,GEN_M02,69.69,55.8,401.72,99.56,50.017,0.894,27.5,11541.9,RUNNING
2024-01-12 10:00:00,GEN_M03,79.11,63.3,397.45,113.02,49.963,0.916,25.0,13305.0,RUNNING
2024-01-12 10:00:00,GEN_B01,87.91,70.3,401.32,125.58,50.002,0.934,24.9,13819.3,RUNNING
2024-01-12 10:00:00,GEN_B02,84.2,67.4,399.98,120.29,49.988,0.93,25.6,14855.9,RUNNING
2024-01-12 11:00:00,GEN_M01,69.45,55.6,402.02,99.22,50.039,0.92,27.0,14229.8,RUNNING
2024-01-12 11:00:00,GEN_M02,85.28,68.2,399.55,121.83,49.926,0.946,23.3,14272.2,RUNNING
2024-01-12 11:00:00,GEN_M03,80.64,64.5,398.31,115.2,49.996,0.913,27.8,14901.7,RUNNING
2024-01-12 11:00:00,GEN_B01,63.8,51.0,399.72,91.15,49.994,0.89,25.5,12704.6,RUNNING
2024-01-12 11:00:00,GEN_B02,92.77,74.2,398.82,132.52,50.023,0.913,27.7,8410.1,RUNNING
2024-01-12 12:00:00,GEN_M01,72.28,57.8,402.24,103.26,50.036,0.938,28.1,12223.9,RUNNING
2024-01-12 12:00:00,GEN_M02,76.04,60.8,402.31,108.63,49.983,0.897,31.0,10404.0,RUNNING
2024-01-12 12:00:00,GEN_M03,80.18,64.1,399.79,114.54,50.015,0.948,30.1,11822.2,RUNNING
2024-01-12 12:00:00,GEN_B01,77.21,61.8,399.13,110.3,50.035,0.913,26.7,12733.6,RUNNING
2024-01-12 12:00:00,GEN_B02,93.41,74.7,398.11,133.45,49.939,0.922,27.2,13983.7,RUNNING
2024-01-12 13:00:00,GEN_M01,76.25,61.0,402.07,108.93,49.95,0.913,28.4,12965.3,RUNNING
2024-01-12 13:00:00,GEN_M02,96.57,77.3,402.77,137.96,50.027,0.941,27.8,14343.8,RUNNING
2024-01-12 13:00:00,GEN_M03,78.01,62.4,401.09,111.45,49.996,0.948,30.1,11154.4,RUNNING
2024-01-12 13:00:00,GEN_B01,88.07,70.5,400.91,125.81,50.003,0.931,27.0,13685.7,RUNNING
2024-01-12 13:00:00,GEN_B02,73.11,58.5,403.02,104.44,50.012,0.925,29.4,8856.0,RUNNING
2024-01-12 14:00:00,GEN_M01,66.02,52.8,399.71,94.31,50.053,0.908,25.9,8027.5,RUNNING
2024-01-12 14:00:00,GEN_M02,89.21,71.4,399.41,127.45,49.979,0.886,27.4,8609.2,RUNNING
2024-01-12 14:00:00,GEN_M03,76.09,60.9,400.99,108.7,50.012,0.94,27.8,8762.8,RUNNING
2024-01-12 14:00:00,GEN_B01,87.01,69.6,400.86,124.29,50.07,0.944,27.5,10899.4,RUNNING
2024-01-12 14:00:00,GEN_B02,87.96,70.4,401.41,125.66,49.997,0.895,29.1,14109.6,RUNNING
2024-01-12 15:00:00,GEN_M01,71.26,57.0,400.07,101.8,50.032,0.897,24.7,10695.3,RUNNING
2024-01-12 15:00:00,GEN_M02,93.83,75.1,398.46,134.04,49.977,0.918,25.9,14324.9,RUNNING
2024-01-12 15:00:00,GEN_M03,77.37,61.9,399.9,110.52,49.915,0.928,26.6,8456.3,RUNNING
2024-01-12 15:00:00,GEN_B01,80.36,64.3,398.59,114.8,49.91,0.932,30.1,10237.5,RUNNING
2024-01-12 15:00:00,GEN_B02,84.72,67.8,402.12,121.02,49.876,0.911,30.0,14903.3,RUNNING
2024-01-12 16:00:00,GEN_M01,97.89,78.3,399.26,139.85,49.986,0.898,26.0,8115.8,RUNNING
2024-01-12 16:00:00,GEN_M02,64.2,51.4,397.24,91.72,50.012,0.938,29.0,14652.0,RUNNING
2024-01-12 16:00:00,GEN_M03,66.74,53.4,401.82,95.34,50.027,0.908,25.1,12019.9,RUNNING
2024-01-12 16:00:00,GEN_B01,93.27,74.6,399.38,133.25,50.014,0.916,25.1,8258.3,RUNNING
2024-01-12 16:00:00,GEN_B02,90.64,72.5,397.76,129.49,50.009,0.91,23.9,11517.7,RUNNING
2024-01-12 17:00:00,GEN_M01,74.98,60.0,400.98,107.11,50.003,0.917,26.8,10301.9,RUNNING
2024-01-12 17:00:00,GEN_M02,86.61,69.3,398.74,123.73,49.939,0.936,23.6,14309.7,RUNNING
2024-01-12 17:00:00,GEN_M03,80.6,64.5,398.34,115.14,49.985,0.905,26.9,9038.7,RUNNING
2024-01-12 17:00:00,GEN_B01,94.55,75.6,398.79,135.07,50.084,0.911,23.6,8531.7,RUNNING
2024-01-12 17:00:00,GEN_B02,68.1,54.5,398.36,97.29,50.138,0.915,25.3,11986.0,RUNNING
2024-01-12 18:00:00,GEN_M01,87.36,69.9,398.6,124.8,50.034,0.915,25.4,11145.5,RUNNING
2024-01-12 18:00:00,GEN_M02,61.99,49.6,401.92,88.56,49.95,0.941,29.9,10256.3,RUNNING
2024-01-12 18:00:00,GEN_M03,77.0,61.6,399.31,110.01,49.985,0.943,27.7,13157.3,RUNNING
2024-01-12 18:00:00,GEN_B01,82.31,65.9,396.22,117.59,50.021,0.928,27.3,14368.0,RUNNING
2024-01-12 18:00:00,GEN_B02,74.53,59.6,397.65,106.47,50.02,0.959,27.6,9798.9,RUNNING
2024-01-12 19:00:00,GEN_M01,48.79,39.0,398.93,69.7,50.006,0.899,25.4,14005.7,RUNNING
2024-01-12 19:00:00,GEN_M02,60.26,48.2,401.49,86.08,50.047,0.937,23.4,14090.7,RUNNING
2024-01-12 19:00:00,GEN_M03,59.05,47.2,398.57,84.35,50.054,0.918,30.8,9575.3,RUNNING
2024-01-12 19:00:00,GEN_B01,54.11,43.3,399.3,77.31,49.945,0.911,24.9,9683.7,RUNNING
2024-01-12 19:00:00,GEN_B02,53.2,42.6,400.54,76.01,49.96,0.941,24.0,14454.9,RUNNING
2024-01-12 20:00:00,GEN_M01,66.83,53.5,399.14,95.47,50.044,0.93,26.3,9153.2,RUNNING
2024-01-12 20:00:00,GEN_M02,54.85,43.9,399.68,78.35,50.002,0.92,29.7,11732.4,RUNNING
2024-01-12 20:00:00,GEN_M03,66.73,53.4,400.05,95.32,49.992,0.927,27.8,14874.3,RUNNING
2024-01-12 20:00:00,GEN_B01,61.87,49.5,399.5,88.39,50.016,0.93,28.1,11944.3,RUNNING
2024-01-12 20:00:00,GEN_B02,40.04,32.0,400.99,57.2,50.037,0.912,27.9,8569.0,RUNNING
2024-01-12 21:00:00,GEN_M01,58.57,46.9,402.12,83.67,49.999,0.923,29.8,10323.3,RUNNING
2024-01-12 21:00:00,GEN_M02,53.83,43.1,401.46,76.9,50.018,0.89,29.6,9188.1,MAINTENANCE
2024-01-12 21:00:00,GEN_M03,55.88,44.7,400.5,79.82,49.96,0.899,25.7,11922.7,RUNNING
2024-01-12 21:00:00,GEN_B01,53.25,42.6,400.0,76.07,49.947,0.895,27.2,8469.2,RUNNING
2024-01-12 21:00:00,GEN_B02,48.71,39.0,400.55,69.59,49.96,0.955,25.5,12912.1,RUNNING
2024-01-12 22:00:00,GEN_M01,55.35,44.3,399.67,79.08,49.998,0.923,30.0,9422.1,RUNNING
2024-01-12 22:00:00,GEN_M02,61.51,49.2,399.29,87.88,49.973,0.933,28.2,8689.1,RUNNING
2024-01-12 22:00:00,GEN_M03,61.61,49.3,397.62,88.02,49.99,0.932,26.1,8542.4,RUNNING
2024-01-12 22:00:00,GEN_B01,69.79,55.8,399.36,99.7,49.981,0.947,24.5,8654.0,RUNNING
2024-01-12 22:00:00,GEN_B02,60.44,48.4,398.16,86.34,49.955,0.955,26.1,14953.6,RUNNING
2024-01-12 23:00:00,GEN_M01,59.13,47.3,399.63,84.47,50.015,0.926,27.1,12749.2,RUNNING
2024-01-12 23:00:00,GEN_M02,62.77,50.2,398.53,89.67,49.969,0.88,27.0,14144.3,RUNNING
2024-01-12 23:00:00,GEN_M03,71.45,57.2,398.75,102.07,49.986,0.907,28.6,10710.1,RUNNING
2024-01-12 23:00:00,GEN_B01,57.11,45.7,401.24,81.58,49.995,0.885,26.7,8992.8,MAINTENANCE
2024-01-12 23:00:00,GEN_B02,54.37,43.5,400.12,77.67,50.072,0.885,25.0,9929.8,RUNNING
2024-01-13 00:00:00,GEN_M01,53.39,42.7,399.74,76.27,50.021,0.907,28.2,9696.3,RUNNING
2024-01-13 00:00:00,GEN_M02,57.97,46.4,400.08,82.82,50.052,0.916,28.2,11142.7,RUNNING
2024-01-13 00:00:00,GEN_M03,55.53,44.4,400.81,79.33,49.938,0.949,27.2,13984.4,RUNNING
2024-01-13 00:00:00,GEN_B01,42.3,33.8,399.86,60.43,50.021,0.952,25.3,11135.2,RUNNING
2024-01-13 00:00:00,GEN_B02,40.3,32.2,400.41,57.57,50.08,0.922,26.7,9667.8,RUNNING
2024-01-13 01:00:00,GEN_M01,64.08,51.3,400.41,91.54,49.925,0.946,23.9,13910.8,RUNNING
2024-01-13 01:00:00,GEN_M02,52.65,42.1,400.31,75.21,49.998,0.911,27.2,9944.3,RUNNING
2024-01-13 01:00:00,GEN_M03,59.19,47.4,401.09,84.56,50.003,0.953,29.2,13675.7,RUNNING
2024-01-13 01:00:00,GEN_B01,57.57,46.1,402.77,82.24,50.05,0.918,24.6,10319.8,RUNNING
2024-01-13 01:00:00,GEN_B02,61.7,49.4,401.24,88.15,49.88,0.9,25.9,9043.7,RUNNING
2024-01-13 02:00:00,GEN_M01,63.59,50.9,400.31,90.85,49.933,0.957,26.2,8362.0,RUNNING
2024-01-13 02:00:00,GEN_M02,65.18,52.1,399.39,93.11,50.051,0.96,26.3,12285.0,RUNNING
2024-01-13 02:00:00,GEN_M03,49.33,39.5,398.22,70.47,50.022,0.924,25.0,13199.1,RUNNING
2024-01-13 02:00:00,GEN_B01,55.11,44.1,399.1,78.73,50.041,0.911,23.6,13312.5,RUNNING
2024-01-13 02:00:00,GEN_B02,46.58,37.3,400.49,66.54,49.971,0.936,26.1,14969.3,RUNNING
2024-01-13 03:00:00,GEN_M01,51.98,41.6,399.81,74.26,50.034,0.935,29.5,10443.0,RUNNING
2024-01-13 03:00:00,GEN_M02,58.96,47.2,400.83,84.22,49.989,0.911,26.8,12293.7,RUNNING
2024-01-13 03:00:00,GEN_M03,71.31,57.1,399.5,101.88,49.984,0.904,25.5,13340.0,RUNNING
2024-01-13 03:00:00,GEN_B01,59.78,47.8,398.52,85.39,50.026,0.963,26.9,8197.9,MAINTENANCE
2024-01-13 03:00:00,GEN_B02,53.39,42.7,399.16,76.28,49.976,0.865,25.9,8966.2,RUNNING
2024-01-13 04:00:00,GEN_M01,44.17,35.3,398.38,63.1,49.983,0.949,28.2,11830.7,RUNNING
2024-01-13 04:00:00,GEN_M02,45.68,36.5,397.64,65.26,50.02,0.932,29.0,11873.8,RUNNING
2024-01-13 04:00:00,GEN_M03,62.82,50.3,401.88,89.75,50.057,0.922,26.0,11393.4,RUNNING
2024-01-13 04:00:00,GEN_B01,52.86,42.3,399.51,75.52,49.89,0.945,27.8,8508.8,RUNNING
2024-01-13 04:00:00,GEN_B02,62.68,50.1,395.8,89.54,50.022,0.891,29.7,14588.8,RUNNING
2024-01-13 05:00:00,GEN_M01,59.99,48.0,397.19,85.7,49.977,0.928,25.7,10049.8,RUNNING
2024-01-13 05:00:00,GEN_M02,63.95,51.2,400.54,91.36,49.975,0.924,25.4,10462.8,RUNNING
2024-01-13 05:00:00,GEN_M03,62.94,50.4,403.6,89.91,49.957,0.961,27.0,11438.0,RUNNING
2024-01-13 05:00:00,GEN_B01,54.01,43.2,399.9,77.16,49.93,0.918,25.3,10348.3,RUNNING
2024-01-13 05:00:00,GEN_B02,67.48,54.0,400.56,96.4,50.013,0.921,23.3,8779.2,RUNNING
2024-01-13 06:00:00,GEN_M01,86.27,69.0,400.47,123.24,50.011,0.942,26.6,13433.0,RUNNING
2024-01-13 06:00:00,GEN_M02,88.02,70.4,401.96,125.74,50.03,0.883,27.5,11734.6,RUNNING
2024-01-13 06:00:00,GEN_M03,80.73,64.6,399.48,115.33,50.011,0.908,27.2,8275.7,RUNNING
2024-01-13 06:00:00,GEN_B01,93.99,75.2,400.4,134.28,50.009,0.928,24.8,10308.0,RUNNING
2024-01-13 06:00:00,GEN_B02,87.51,70.0,398.46,125.01,50.079,0.926,29.6,9497.5,RUNNING
2024-01-13 07:00:00,GEN_M01,81.18,64.9,398.84,115.97,49.961,0.94,28.6,8569.7,MAINTENANCE
2024-01-13 07:00:00,GEN_M02,62.42,49.9,399.97,89.17,50.015,0.93,23.6,11437.5,RUNNING
2024-01-13 07:00:00,GEN_M03,78.23,62.6,398.8,111.76,50.006,0.932,26.2,10411.5,RUNNING
2024-01-13 07:00:00,GEN_B01,78.79,63.0,400.88,112.56,50.0,0.931,27.6,12301.4,RUNNING
2024-01-13 07:00:00,GEN_B02,73.16,58.5,398.39,104.51,49.948,0.934,24.0,10937.6,RUNNING
2024-01-13 08:00:00,GEN_M01,85.8,68.6,400.39,122.57,49.947,0.932,26.5,13485.9,RUNNING
2024-01-13 08:00:00,GEN_M02,75.12,60.1,400.04,107.31,49.962,0.914,26.9,9318.4,RUNNING
2024-01-13 08:00:00,GEN_M03,76.62,61.3,398.08,109.46,50.058,0.945,27.4,11269.0,RUNNING
2024-01-13 08:00:00,GEN_B01,68.8,55.0,399.26,98.28,50.046,0.928,27.5,9768.8,RUNNING
2024-01-13 08:00:00,GEN_B02,66.65,53.3,400.86,95.21,50.033,0.918,27.0,13423.8,RUNNING
2024-01-13 09:00:00,GEN_M01,69.68,55.7,400.22,99.54,49.946,0.927,25.7,13814.1,RUNNING
2024-01-13 09:00:00,GEN_M02,88.99,71.2,399.81,127.12,49.972,0.892,25.7,14382.3,RUNNING
2024-01-13 09:00:00,GEN_M03,72.68,58.1,399.55,103.82,50.047,0.921,27.0,10190.6,RUNNING
2024-01-13 09:00:00,GEN_B01,42.03,33.6,397.86,60.04,49.989,0.914,27.2,14709.6,RUNNING
2024-01-13 09:00:00,GEN_B02,97.12,77.7,400.25,138.75,50.042,0.927,27.5,13792.4,RUNNING
2024-01-13 10:00:00,GEN_M01,70.15,56.1,397.68,100.22,50.01,0.924,27.3,10878.6,RUNNING
2024-01-13 10:00:00,GEN_M02,98.01,78.4,400.5,140.02,50.009,0.901,28.3,13466.8,RUNNING
2024-01-13 10:00:00,GEN_M03,80.73,64.6,399.83,115.34,49.941,0.939,27.4,11211.4,RUNNING
2024-01-13 10:00:00,GEN_B01,86.28,69.0,398.03,123.26,50.008,0.94,28.3,9764.7,RUNNING
2024-01-13 10:00:00,GEN_B02,60.53,48.4,399.16,86.47,49.965,0.928,26.3,14392.7,RUNNING
2024-01-13 11:00:00,GEN_M01,92.46,74.0,400.0,132.08,49.946,0.942,26.9,14138.0,RUNNING
2024-01-13 11:00:00,GEN_M02,73.18,58.5,399.74,104.55,49.923,0.886,25.8,9205.5,RUNNING
2024-01-13 11:00:00,GEN_M03,75.24,60.2,398.78,107.49,49.977,0.913,24.6,11859.3,RUNNING
2024-01-13 11:00:00,GEN_B01,91.5,73.2,398.5,130.71,49.939,0.898,29.0,9488.4,RUNNING
2024-01-13 11:00:00,GEN_B02,94.6,75.7,399.64,135.14,50.013,0.925,25.8,9538.3,RUNNING
2024-01-13 12:00:00,GEN_M01,72.97,58.4,399.04,104.24,49.992,0.934,28.0,13630.8,RUNNING
2024-01-13 12:00:00,GEN_M02,74.83,59.9,399.42,106.9,50.028,0.961,25.0,13358.5,RUNNING
2024-01-13 12:00:00,GEN_M03,86.56,69.2,400.17,123.65,49.999,0.926,24.5,9410.1,RUNNING
2024-01-13 12:00:00,GEN_B01,82.42,65.9,398.16,117.74,49.984,0.948,26.8,11276.6,RUNNING
2024-01-13 12:00:00,GEN_B02,100.21,80.2,398.34,143.16,50.086,0.921,23.9,8088.6,MAINTENANCE
2024-01-13 13:00:00,GEN_M01,78.82,63.1,400.67,112.61,50.027,0.898,24.3,8375.9,RUNNING
2024-01-13 13:00:00,GEN_M02,83.81,67.0,401.88,119.73,50.046,0.913,24.4,8550.8,RUNNING
2024-01-13 13:00:00,GEN_M03,79.09,63.3,399.59,112.98,50.081,0.939,25.8,12500.5,RUNNING
2024-01-13 13:00:00,GEN_B01,70.08,56.1,401.46,100.11,49.937,0.933,26.6,12780.8,RUNNING
2024-01-13 13:00:00,GEN_B02,104.48,83.6,401.45,149.25,49.964,0.936,27.1,12747.3,RUNNING
2024-01-13 14:00:00,GEN_M01,94.41,75.5,399.72,134.87,50.005,0.899,25.6,14771.2,RUNNING
2024-01-13 14:00:00,GEN_M02,83.52,66.8,401.57,119.31,50.002,0.91,23.2,10714.9,RUNNING
2024-01-13 14:00:00,GEN_M03,88.13,70.5,398.94,125.9,49.958,0.933,27.8,14635.4,RUNNING
2024-01-13 14:00:00,GEN_B01,74.03,59.2,401.29,105.75,49.937,0.882,27.3,8527.3,RUNNING
2024-01-13 14:00:00,GEN_B02,75.58,60.5,403.03,107.97,50.092,0.916,30.3,11295.3,RUNNING
2024-01-13 15:00:00,GEN_M01,63.43,50.7,401.95,90.61,50.043,0.925,26.3,14063.6,RUNNING
2024-01-13 15:00:00,GEN_M02,72.35,57.9,400.38,103.36,50.035,0.928,24.7,13147.9,RUNNING
2024-01-13 15:00:00,GEN_M03,70.9,56.7,398.82,101.29,50.034,0.915,24.5,12025.8,RUNNING
2024-01-13 15:00:00,GEN_B01,76.38,61.1,400.1,109.12,49.964,0.902,26.7,13053.4,RUNNING
2024-01-13 15:00:00,GEN_B02,88.26,70.6,399.19,126.09,50.084,0.902,29.7,13348.0,RUNNING
2024-01-13 16:00:00,GEN_M01,71.12,56.9,399.33,101.6,49.975,0.931,23.2,10762.2,RUNNING
2024-01-13 16:00:00,GEN_M02,83.69,67.0,397.34,119.56,49.951,0.905,25.9,13151.9,MAINTENANCE
2024-01-13 16:00:00,GEN_M03,95.59,76.5,400.99,136.55,49.925,0.944,27.1,11120.9,RUNNING
2024-01-13 16:00:00,GEN_B01,94.26,75.4,400.97,134.66,49.966,0.914,27.7,8502.7,RUNNING
2024-01-13 16:00:00,GEN_B02,75.28,60.2,401.8,107.54,49.961,0.94,26.9,13218.3,RUNNING
2024-01-13 17:00:00,GEN_M01,73.43,58.7,401.28,104.9,49.934,0.911,28.5,11648.9,RUNNING
2024-01-13 17:00:00,GEN_M02,70.51,56.4,398.93,100.73,50.09,0.951,27.6,11604.6,RUNNING
2024-01-13 17:00:00,GEN_M03,87.29,69.8,402.22,124.7,50.012,0.915,28.2,14551.3,RUNNING
2024-01-13 17:00:00,GEN_B01,64.2,51.4,401.24,91.72,50.047,0.93,26.5,11198.9,RUNNING
2024-01-13 17:00:00,GEN_B02,75.84,60.7,399.53,108.34,50.031,0.96,26.1,8854.6,RUNNING
2024-01-13 18:00:00,GEN_M01,82.49,66.0,399.61,117.84,50.006,0.903,26.2,14326.2,RUNNING
2024-01-13 18:00:00,GEN_M02,82.45,66.0,400.31,117.79,50.023,0.929,27.6,11988.0,RUNNING
2024-01-13 18:00:00,GEN_M03,74.54,59.6,398.34,106.49,50.022,0.916,24.5,9631.4,RUNNING
2024-01-13 18:00:00,GEN_B01,64.43,51.5,400.36,92.04,50.044,0.956,27.0,11415.6,RUNNING
2024-01-13 18:00:00,GEN_B02,78.49,62.8,400.32,112.12,49.982,0.911,27.5,8198.0,RUNNING
2024-01-13 19:00:00,GEN_M01,47.88,38.3,400.69,68.4,50.046,0.914,28.6,9493.4,RUNNING
2024-01-13 19:00:00,GEN_M02,58.94,47.2,402.77,84.2,49.935,0.925,24.6,12393.4,RUNNING
2024-01-13 19:00:00,GEN_M03,68.0,54.4,397.93,97.14,50.039,0.95,24.7,9249.7,RUNNING
2024-01-13 19:00:00,GEN_B01,37.81,30.3,399.83,54.02,50.08,0.933,24.7,8953.2,RUNNING
2024-01-13 19:00:00,GEN_B02,58.54,46.8,400.3,83.63,49.895,0.907,29.5,10049.1,RUNNING
2024-01-13 20:00:00,GEN_M01,60.47,48.4,399.88,86.39,50.066,0.906,26.5,11911.1,RUNNING
2024-01-13 20:00:00,GEN_M02,70.23,56.2,400.19,100.33,50.022,0.929,26.1,9659.5,RUNNING
2024-01-13 20:00:00,GEN_M03,75.02,60.0,401.05,107.18,49.92,0.914,25.7,8017.7,RUNNING
2024-01-13 20:00:00,GEN_B01,55.3,44.2,395.92,78.99,50.008,0.897,27.6,9012.6,RUNNING
2024-01-13 20:00:00,GEN_B02,49.83,39.9,398.42,71.19,49.976,0.896,26.1,10104.1,RUNNING
2024-01-13 21:00:00,GEN_M01,42.5,34.0,401.13,60.72,49.969,0.903,26.3,13978.0,RUNNING
2024-01-13 21:00:00,GEN_M02,47.48,38.0,397.4,67.83,49.98,0.921,26.4,9575.4,RUNNING
2024-01-13 21:00:00,GEN_M03,49.84,39.9,401.58,71.2,49.945,0.908,26.8,13602.3,RUNNING
2024-01-13 21:00:00,GEN_B01,45.05,36.0,400.42,64.36,49.995,0.87,26.3,11650.0,RUNNING
2024-01-13 21:00:00,GEN_B02,60.01,48.0,399.23,85.73,50.088,0.938,24.6,12989.0,RUNNING
2024-01-13 22:00:00,GEN_M01,51.29,41.0,399.88,73.27,50.027,0.95,26.3,11825.6,RUNNING
2024-01-13 22:00:00,GEN_M02,64.64,51.7,400.93,92.34,49.969,0.978,28.1,8797.6,RUNNING
2024-01-13 22:00:00,GEN_M03,46.67,37.3,400.35,66.67,50.106,0.903,24.5,11456.6,RUNNING
2024-01-13 22:00:00,GEN_B01,54.26,43.4,400.85,77.51,50.014,0.941,26.0,12021.0,RUNNING
2024-01-13 22:00:00,GEN_B02,58.44,46.8,400.73,83.48,50.003,0.92,27.1,10713.0,RUNNING
2024-01-13 23:00:00,GEN_M01,65.22,52.2,398.97,93.18,49.984,0.928,26.7,10984.7,RUNNING
2024-01-13 23:00:00,GEN_M02,41.9,33.5,401.34,59.86,49.863,0.944,24.7,11164.7,RUNNING
2024-01-13 23:00:00,GEN_M03,60.16,48.1,400.65,85.94,50.064,0.938,22.5,11906.3,RUNNING
2024-01-13 23:00:00,GEN_B01,52.25,41.8,401.43,74.65,49.94,0.902,25.0,11695.4,RUNNING
2024-01-13 23:00:00,GEN_B02,47.97,38.4,399.72,68.53,49.925,0.937,29.0,10945.3,RUNNING
2024-01-14 00:00:00,GEN_M01,52.66,42.1,402.43,75.23,49.974,0.893,27.5,11522.9,RUNNING
2024-01-14 00:00:00,GEN_M02,60.99,48.8,401.49,87.12,50.026,0.905,25.3,9286.2,RUNNING
2024-01-14 00:00:00,GEN_M03,61.39,49.1,399.35,87.71,49.998,0.921,25.9,8524.6,RUNNING
2024-01-14 00:00:00,GEN_B01,62.96,50.4,399.77,89.95,50.038,0.928,27.6,10565.2,RUNNING
2024-01-14 00:00:00,GEN_B02,55.14,44.1,399.45,78.77,49.98,0.959,27.4,13175.9,RUNNING
2024-01-14 01:00:00,GEN_M01,63.3,50.6,400.59,90.43,50.007,0.944,26.7,10899.9,RUNNING
2024-01-14 01:00:00,GEN_M02,64.07,51.3,400.18,91.52,50.016,0.918,26.9,8280.1,RUNNING
2024-01-14 01:00:00,GEN_M03,56.32,45.1,398.87,80.46,49.95,0.892,25.2,10943.8,RUNNING
2024-01-14 01:00:00,GEN_B01,57.02,45.6,396.47,81.46,50.079,0.942,25.9,10993.9,RUNNING
2024-01-14 01:00:00,GEN_B02,59.59,47.7,398.55,85.13,50.012,0.895,30.2,14869.3,RUNNING
2024-01-14 02:00:00,GEN_M01,55.09,44.1,400.15,78.7,49.974,0.909,27.8,13575.8,RUNNING
2024-01-14 02:00:00,GEN_M02,62.33,49.9,397.5,89.05,50.057,0.961,28.9,14402.9,RUNNING
2024-01-14 02:00:00,GEN_M03,64.03,51.2,400.27,91.47,49.934,0.923,25.9,13718.8,RUNNING
2024-01-14 02:00:00,GEN_B01,59.99,48.0,399.2,85.69,50.095,0.917,24.9,9590.3,MAINTENANCE
2024-01-14 02:00:00,GEN_B02,57.75,46.2,398.77,82.5,50.081,0.909,26.3,9188.9,RUNNING
2024-01-14 03:00:00,GEN_M01,47.8,38.2,397.0,68.28,49.967,0.901,25.5,9406.1,RUNNING
2024-01-14 03:00:00,GEN_M02,62.91,50.3,401.17,89.87,49.989,0.923,29.2,8638.8,RUNNING
2024-01-14 03:00:00,GEN_M03,44.81,35.9,403.86,64.02,50.025,0.88,27.8,14711.6,RUNNING
2024-01-14 03:00:00,GEN_B01,53.54,42.8,400.13,76.49,49.963,0.925,26.7,12923.4,RUNNING
2024-01-14 03:00:00,GEN_B02,46.93,37.5,400.81,67.04,49.932,0.955,24.4,12576.6,RUNNING
2024-01-14 04:00:00,GEN_M01,50.44,40.4,400.5,72.06,49.972,0.923,26.0,13011.0,RUNNING
2024-01-14 04:00:00,GEN_M02,60.57,48.5,399.78,86.52,50.117,0.939,26.1,11804.4,RUNNING
2024-01-14 04:00:00,GEN_M03,53.74,43.0,398.16,76.77,49.979,0.956,26.1,11724.8,RUNNING
2024-01-14 04:00:00,GEN_B01,60.59,48.5,399.46,86.56,50.036,0.903,28.6,13302.4,RUNNING
2024-01-14 04:00:00,GEN_B02,54.21,43.4,399.91,77.45,49.996,0.944,22.7,9649.5,RUNNING
2024-01-14 05:00:00,GEN_M01,56.36,45.1,401.57,80.51,50.006,0.905,25.6,11910.8,RUNNING
2024-01-14 05:00:00,GEN_M02,56.27,45.0,398.39,80.39,49.974,0.92,26.8,11888.6,RUNNING
2024-01-14 05:00:00,GEN_M03,54.79,43.8,400.01,78.27,50.053,0.928,28.1,9038.1,RUNNING
2024-01-14 05:00:00,GEN_B01,49.09,39.3,399.94,70.13,49.975,0.942,27.4,13877.4,RUNNING
2024-01-14 05:00:00,GEN_B02,46.87,37.5,399.93,66.96,50.013,0.924,27.1,11071.3,RUNNING
2024-01-14 06:00:00,GEN_M01,97.42,77.9,399.52,139.16,49.973,0.918,25.1,13792.1,RUNNING
2024-01-14 06:00:00,GEN_M02,75.42,60.3,400.3,107.74,50.039,0.899,27.4,14825.7,RUNNING
2024-01-14 06:00:00,GEN_M03,77.85,62.3,400.68,111.21,49.96,0.938,26.0,10352.5,RUNNING
2024-01-14 06:00:00,GEN_B01,93.11,74.5,403.95,133.02,49.979,0.954,25.4,10370.5,RUNNING
2024-01-14 06:00:00,GEN_B02,74.38,59.5,399.6,106.26,49.965,0.904,24.7,12677.7,RUNNING
2024-01-14 07:00:00,GEN_M01,92.83,74.3,400.14,132.62,49.975,0.901,27.5,9207.2,RUNNING
2024-01-14 07:00:00,GEN_M02,71.31,57.0,402.85,101.87,50.02,0.942,28.7,13400.8,RUNNING
2024-01-14 07:00:00,GEN_M03,78.79,63.0,400.92,112.56,50.028,0.921,23.7,14153.4,RUNNING
2024-01-14 07:00:00,GEN_B01,71.39,57.1,398.49,101.99,50.004,0.898,24.9,14798.5,RUNNING
2024-01-14 07:00:00,GEN_B02,74.41,59.5,399.61,106.3,49.926,0.922,25.0,11755.0,RUNNING
2024-01-14 08:00:00,GEN_M01,96.66,77.3,401.17,138.09,50.004,0.92,29.1,10140.3,RUNNING
2024-01-14 08:00:00,GEN_M02,88.89,71.1,398.3,126.98,49.952,0.92,27.4,9383.5,RUNNING
2024-01-14 08:00:00,GEN_M03,82.9,66.3,398.31,118.44,50.064,0.889,28.4,12613.9,RUNNING
2024-01-14 08:00:00,GEN_B01,102.42,81.9,399.91,146.32,50.011,0.918,22.6,9278.9,RUNNING
2024-01-14 08:00:00,GEN_B02,92.56,74.0,402.31,132.22,49.974,0.911,26.5,10749.3,RUNNING
2024-01-14 09:00:00,GEN_M01,89.41,71.5,398.24,127.72,49.909,0.957,28.6,11779.6,RUNNING
2024-01-14 09:00:00,GEN_M02,81.94,65.6,399.6,117.06,50.022,0.927,20.8,8142.4,RUNNING
2024-01-14 09:00:00,GEN_M03,90.29,72.2,401.07,128.98,49.966,0.892,25.6,10493.2,RUNNING
2024-01-14 09:00:00,GEN_B01,91.35,73.1,400.41,130.49,49.987,0.918,23.4,13969.1,RUNNING
2024-01-14 09:00:00,GEN_B02,94.89,75.9,399.77,135.55,50.115,0.891,26.5,14295.4,RUNNING
2024-01-14 10:00:00,GEN_M01,94.14,75.3,399.28,134.49,50.081,0.883,27.7,12251.5,RUNNING
2024-01-14 10:00:00,GEN_M02,76.03,60.8,400.65,108.62,49.991,0.91,24.2,9618.0,RUNNING
2024-01-14 10:00:00,GEN_M03,70.36,56.3,399.27,100.52,49.889,0.903,32.0,12543.3,RUNNING
2024-01-14 10:00:00,GEN_B01,68.58,54.9,399.44,97.97,49.986,0.913,27.2,8260.2,RUNNING
2024-01-14 10:00:00,GEN_B02,80.44,64.4,400.5,114.91,50.025,0.93,28.1,14088.3,RUNNING
2024-01-14 11:00:00,GEN_M01,90.09,72.1,399.0,128.71,49.957,0.896,28.8,8755.3,RUNNING
2024-01-14 11:00:00,GEN_M02,83.08,66.5,400.69,118.68,49.995,0.943,22.7,13987.9,RUNNING
2024-01-14 11:00:00,GEN_M03,74.53,59.6,398.98,106.47,50.009,0.926,29.2,9589.9,RUNNING
2024-01-14 11:00:00,GEN_B01,94.06,75.3,399.37,134.38,50.022,0.929,22.6,14253.4,RUNNING
2024-01-14 11:00:00,GEN_B02,94.78,75.8,399.57,135.4,50.065,0.906,28.8,12604.4,RUNNING
2024-01-14 12:00:00,GEN_M01,93.4,74.7,399.5,133.43,49.924,0.926,26.6,9753.8,RUNNING
2024-01-14 12:00:00,GEN_M02,70.1,56.1,399.96,100.14,50.014,0.908,25.5,11002.8,RUNNING
2024-01-14 12:00:00,GEN_M03,73.37,58.7,402.95,104.82,50.017,0.913,26.9,13992.7,RUNNING
2024-01-14 12:00:00,GEN_B01,65.98,52.8,397.5,94.25,49.957,0.949,25.6,14494.1,RUNNING
2024-01-14 12:00:00,GEN_B02,95.59,76.5,401.01,136.56,49.941,0.948,24.6,10328.6,RUNNING
2024-01-14 13:00:00,GEN_M01,83.7,67.0,399.99,119.57,50.043,0.938,27.8,8324.5,RUNNING
2024-01-14 13:00:00,GEN_M02,89.05,71.2,398.69,127.21,49.954,0.89,26.3,8904.3,RUNNING
2024-01-14 13:00:00,GEN_M03,76.15,60.9,400.27,108.78,49.974,0.936,28.6,11834.2,RUNNING
2024-01-14 13:00:00,GEN_B01,79.45,63.6,397.63,113.51,49.957,0.887,28.0,10624.0,RUNNING
2024-01-14 13:00:00,GEN_B02,78.65,62.9,401.31,112.36,50.053,0.918,25.4,8368.7,RUNNING
2024-01-14 14:00:00,GEN_M01,88.1,70.5,402.07,125.85,50.107,0.93,24.3,13679.0,RUNNING
2024-01-14 14:00:00,GEN_M02,60.41,48.3,401.91,86.3,50.029,0.906,25.6,8636.3,RUNNING
2024-01-14 14:00:00,GEN_M03,79.42,63.5,401.76,113.46,50.106,0.891,25.3,9587.4,RUNNING
2024-01-14 14:00:00,GEN_B01,62.02,49.6,401.12,88.6,50.075,0.924,26.5,10202.8,RUNNING
2024-01-14 14:00:00,GEN_B02,81.51,65.2,400.96,116.45,49.965,0.911,26.6,14442.7,RUNNING
2024-01-14 15:00:00,GEN_M01,66.47,53.2,398.34,94.96,49.921,0.927,21.8,8365.3,RUNNING
2024-01-14 15:00:00,GEN_M02,76.07,60.9,398.52,108.67,49.838,0.95,25.3,9598.9,RUNNING
2024-01-14 15:00:00,GEN_M03,71.25,57.0,400.22,101.78,49.959,0.912,28.4,11424.9,RUNNING
2024-01-14 15:00:00,GEN_B01,79.43,63.5,397.16,113.48,49.992,0.927,24.5,11177.5,RUNNING
2024-01-14 15:00:00,GEN_B02,92.25,73.8,399.99,131.78,49.993,0.918,25.3,9005.0,RUNNING
2024-01-14 16:00:00,GEN_M01,90.59,72.5,399.52,129.42,50.08,0.951,27.3,11589.2,RUNNING
2024-01-14 16:00:00,GEN_M02,90.58,72.5,403.01,129.4,50.062,0.952,28.0,13034.4,RUNNING
2024-01-14 16:00:00,GEN_M03,101.19,81.0,397.64,144.56,49.985,0.928,26.9,10530.3,RUNNING
2024-01-14 16:00:00,GEN_B01,82.0,65.6,401.21,117.14,50.079,0.938,24.9,11298.7,RUNNING
2024-01-14 16:00:00,GEN_B02,63.83,51.1,399.61,91.18,49.975,0.921,25.5,10612.8,RUNNING
2024-01-14 17:00:00,GEN_M01,85.66,68.5,399.28,122.38,50.002,0.944,22.6,13526.1,RUNNING
2024-01-14 17:00:00,GEN_M02,84.15,67.3,401.4,120.22,49.967,0.908,26.5,13341.1,RUNNING
2024-01-14 17:00:00,GEN_M03,81.13,64.9,400.34,115.9,49.995,0.924,25.0,9585.3,RUNNING
2024-01-14 17:00:00,GEN_B01,82.21,65.8,399.99,117.44,50.085,0.9,26.8,11918.9,RUNNING
2024-01-14 17:00:00,GEN_B02,80.61,64.5,399.58,115.15,49.981,0.926,24.2,9325.3,RUNNING
2024-01-14 18:00:00,GEN_M01,95.61,76.5,399.16,136.58,49.987,0.953,27.0,9551.6,RUNNING
2024-01-14 18:00:00,GEN_M02,78.9,63.1,399.11,112.71,49.936,0.898,25.3,14695.7,RUNNING
2024-01-14 18:00:00,GEN_M03,72.96,58.4,399.43,104.22,49.99,0.945,27.6,8664.5,RUNNING
2024-01-14 18:00:00,GEN_B01,94.2,75.4,401.04,134.57,49.99,0.912,24.7,9742.3,RUNNING
2024-01-14 18:00:00,GEN_B02,84.45,67.6,401.49,120.64,49.973,0.917,23.8,8095.6,RUNNING
2024-01-14 19:00:00,GEN_M01,46.22,37.0,402.21,66.03,50.009,0.904,26.3,13311.3,RUNNING
2024-01-14 19:00:00,GEN_M02,65.99,52.8,401.03,94.27,50.03,0.948,27.0,13534.6,RUNNING
2024-01-14 19:00:00,GEN_M03,41.63,33.3,398.67,59.47,49.957,0.905,23.7,12963.9,RUNNING
2024-01-14 19:00:00,GEN_B01,62.74,50.2,398.74,89.63,49.958,0.946,28.6,14135.4,RUNNING
2024-01-14 19:00:00,GEN_B02,61.1,48.9,400.71,87.29,49.999,0.93,26.6,13587.3,RUNNING
2024-01-14 20:00:00,GEN_M01,44.92,35.9,398.98,64.17,49.981,0.901,25.0,12123.3,RUNNING
2024-01-14 20:00:00,GEN_M02,52.25,41.8,397.44,74.64,49.958,0.927,26.3,9228.6,RUNNING
2024-01-14 20:00:00,GEN_M03,55.69,44.6,397.85,79.56,50.028,0.904,27.1,8243.2,RUNNING
2024-01-14 20:00:00,GEN_B01,56.12,44.9,399.57,80.17,50.081,0.893,24.4,14740.8,RUNNING
2024-01-14 20:00:00,GEN_B02,68.94,55.2,400.05,98.49,49.946,0.905,25.9,10984.0,RUNNING
2024-01-14 21:00:00,GEN_M01,52.48,42.0,402.78,74.97,49.942,0.922,25.6,8978.4,RUNNING
2024-01-14 21:00:00,GEN_M02,61.4,49.1,396.26,87.72,50.033,0.898,25.6,10140.6,RUNNING
2024-01-14 21:00:00,GEN_M03,48.39,38.7,401.82,69.13,49.968,0.936,28.3,12326.3,RUNNING
2024-01-14 21:00:00,GEN_B01,51.05,40.8,401.27,72.93,50.016,0.907,28.5,11612.4,RUNNING
2024-01-14 21:00:00,GEN_B02,55.11,44.1,400.2,78.74,49.851,0.895,27.1,12582.1,RUNNING
2024-01-14 22:00:00,GEN_M01,58.42,46.7,400.95,83.46,49.949,0.932,26.1,10045.2,RUNNING
2024-01-14 22:00:00,GEN_M02,59.81,47.8,400.74,85.44,49.952,0.925,30.1,14741.8,RUNNING
2024-01-14 22:00:00,GEN_M03,61.89,49.5,401.63,88.42,50.019,0.873,25.2,14452.9,RUNNING
2024-01-14 22:00:00,GEN_B01,58.5,46.8,400.81,83.57,50.047,0.924,25.6,11314.8,RUNNING
2024-01-14 22:00:00,GEN_B02,60.94,48.7,399.85,87.05,50.039,0.908,28.0,11905.6,RUNNING
2024-01-14 23:00:00,GEN_M01,53.08,42.5,401.77,75.83,50.04,0.914,27.1,8491.4,RUNNING
2024-01-14 23:00:00,GEN_M02,47.41,37.9,401.67,67.73,50.038,0.942,27.3,9055.1,RUNNING
2024-01-14 23:00:00,GEN_M03,54.66,43.7,399.88,78.09,50.01,0.917,26.3,8546.8,RUNNING
2024-01-14 23:00:00,GEN_B01,63.31,50.6,399.74,90.45,49.963,0.893,26.6,9913.7,RUNNING
2024-01-14 23:00:00,GEN_B02,66.06,52.8,401.38,94.37,50.006,0.952,27.9,9429.9,RUNNING
2024-01-15 00:00:00,GEN_M01,58.99,47.2,399.1,84.27,50.029,0.887,26.7,8064.4,RUNNING
2024-01-15 00:00:00,GEN_M02,63.68,50.9,398.52,90.97,49.994,0.929,24.4,8067.1,RUNNING
2024-01-15 00:00:00,GEN_M03,57.48,46.0,399.24,82.11,49.943,0.916,24.7,14409.8,RUNNING
2024-01-15 00:00:00,GEN_B01,64.31,51.5,399.12,91.88,49.991,0.963,29.1,13532.9,RUNNING
2024-01-15 00:00:00,GEN_B02,67.08,53.7,400.58,95.83,50.0,0.937,22.8,9858.3,RUNNING
2024-01-15 01:00:00,GEN_M01,50.66,40.5,401.22,72.38,49.941,0.908,25.0,12098.6,RUNNING
2024-01-15 01:00:00,GEN_M02,65.78,52.6,399.55,93.98,50.023,0.949,25.5,10021.8,RUNNING
2024-01-15 01:00:00,GEN_M03,59.31,47.5,400.11,84.74,49.967,0.924,23.9,9327.9,RUNNING
2024-01-15 01:00:00,GEN_B01,47.42,37.9,401.33,67.75,50.087,0.931,29.3,11443.6,RUNNING
2024-01-15 01:00:00,GEN_B02,53.03,42.4,399.94,75.75,49.853,0.952,26.6,13288.2,RUNNING
2024-01-15 02:00:00,GEN_M01,55.79,44.6,399.1,79.7,50.031,0.894,26.5,10431.8,RUNNING
2024-01-15 02:00:00,GEN_M02,57.65,46.1,398.51,82.35,49.952,0.925,26.9,10281.9,RUNNING
2024-01-15 02:00:00,GEN_M03,60.17,48.1,399.71,85.95,49.933,0.903,25.1,8139.2,RUNNING
2024-01-15 02:00:00,GEN_B01,63.5,50.8,400.73,90.71,50.022,0.918,25.9,12862.3,RUNNING
2024-01-15 02:00:00,GEN_B02,59.35,47.5,400.99,84.79,50.016,0.941,26.3,10032.9,RUNNING
2024-01-15 03:00:00,GEN_M01,63.0,50.4,401.46,90.0,49.921,0.928,24.8,13718.9,RUNNING
2024-01-15 03:00:00,GEN_M02,58.97,47.2,400.27,84.24,49.933,0.901,28.5,10460.7,RUNNING
2024-01-15 03:00:00,GEN_M03,47.39,37.9,402.21,67.69,49.934,0.947,23.8,12716.3,RUNNING
2024-01-15 03:00:00,GEN_B01,51.05,40.8,398.08,72.92,50.046,0.919,26.9,11034.8,RUNNING
2024-01-15 03:00:00,GEN_B02,53.18,42.5,401.67,75.97,49.98,0.917,24.1,12807.7,RUNNING
2024-01-15 04:00:00,GEN_M01,66.19,53.0,397.09,94.55,50.118,0.965,24.2,12620.0,RUNNING
2024-01-15 04:00:00,GEN_M02,57.66,46.1,399.83,82.38,50.045,0.927,26.0,10866.5,RUNNING
2024-01-15 04:00:00,GEN_M03,61.21,49.0,400.39,87.44,50.047,0.913,27.2,11474.6,RUNNING
2024-01-15 04:00:00,GEN_B01,57.59,46.1,399.41,82.27,49.977,0.899,27.7,13419.2,RUNNING
2024-01-15 04:00:00,GEN_B02,63.78,51.0,401.24,91.11,49.914,0.917,27.3,8659.6,RUNNING
2024-01-15 05:00:00,GEN_M01,54.15,43.3,401.27,77.36,49.904,0.956,25.5,11212.4,RUNNING
2024-01-15 05:00:00,GEN_M02,63.05,50.4,399.0,90.07,49.994,0.947,23.3,8691.3,RUNNING
2024-01-15 05:00:00,GEN_M03,55.9,44.7,399.12,79.86,50.024,0.954,27.1,11277.6,RUNNING
2024-01-15 05:00:00,GEN_B01,61.32,49.1,400.76,87.59,50.056,0.942,27.3,14482.1,RUNNING
2024-01-15 05:00:00,GEN_B02,55.3,44.2,399.43,78.99,49.954,0.915,27.5,8563.1,RUNNING
2024-01-15 06:00:00,GEN_M01,80.49,64.4,401.29,114.98,49.862,0.974,22.8,11624.2,MAINTENANCE
2024-01-15 06:00:00,GEN_M02,96.27,77.0,399.12,137.53,50.01,0.917,26.8,14500.2,RUNNING
2024-01-15 06:00:00,GEN_M03,80.31,64.2,398.03,114.72,50.002,0.923,26.5,13959.0,RUNNING
2024-01-15 06:00:00,GEN_B01,82.54,66.0,400.34,117.91,50.065,0.918,25.5,13719.9,RUNNING
2024-01-15 06:00:00,GEN_B02,83.39,66.7,401.86,119.14,49.987,0.946,26.0,13107.8,RUNNING
2024-01-15 07:00:00,GEN_M01,80.21,64.2,400.93,114.59,49.864,0.92,25.6,9202.8,RUNNING
2024-01-15 07:00:00,GEN_M02,75.72,60.6,399.93,108.17,49.932,0.926,25.0,14252.4,RUNNING
2024-01-15 07:00:00,GEN_M03,94.91,75.9,401.85,135.59,50.094,0.91,28.4,8488.0,RUNNING
2024-01-15 07:00:00,GEN_B01,74.07,59.3,401.06,105.81,50.039,0.958,27.7,9087.8,RUNNING
2024-01-15 07:00:00,GEN_B02,81.36,65.1,399.5,116.23,49.985,0.913,30.4,9431.1,RUNNING
2024-01-15 08:00:00,GEN_M01,76.01,60.8,398.82,108.59,50.097,0.935,23.4,8885.7,RUNNING
2024-01-15 08:00:00,GEN_M02,90.51,72.4,402.75,129.3,49.911,0.895,28.5,10078.0,RUNNING
2024-01-15 08:00:00,GEN_M03,78.24,62.6,400.33,111.78,50.002,0.906,25.3,10272.1,RUNNING
2024-01-15 08:00:00,GEN_B01,59.49,47.6,398.31,84.99,49.975,0.897,25.7,8903.7,RUNNING
2024-01-15 08:00:00,GEN_B02,72.76,58.2,399.77,103.94,49.957,0.938,23.6,8529.5,RUNNING
2024-01-15 09:00:00,GEN_M01,85.31,68.2,401.04,121.87,50.007,0.952,26.9,14469.7,RUNNING
2024-01-15 09:00:00,GEN_M02,85.85,68.7,400.2,122.64,50.034,0.904,28.0,13806.7,RUNNING
2024-01-15 09:00:00,GEN_M03,76.67,61.3,401.65,109.52,49.929,0.901,27.2,8059.9,RUNNING
2024-01-15 09:00:00,GEN_B01,83.55,66.8,405.07,119.35,50.026,0.918,24.7,8441.5,RUNNING
2024-01-15 09:00:00,GEN_B02,76.1,60.9,400.05,108.71,50.006,0.911,25.2,13642.8,RUNNING
2024-01-15 10:00:00,GEN_M01,95.1,76.1,397.99,135.85,50.027,0.951,26.7,13138.7,RUNNING
2024-01-15 10:00:00,GEN_M02,94.95,76.0,400.94,135.64,49.966,0.926,26.3,10664.0,RUNNING
2024-01-15 10:00:00,GEN_M03,72.64,58.1,399.66,103.77,50.032,0.911,26.4,12586.6,RUNNING
2024-01-15 10:00:00,GEN_B01,98.43,78.7,397.31,140.62,50.012,0.915,24.6,10440.9,RUNNING
2024-01-15 10:00:00,GEN_B02,81.17,64.9,400.88,115.95,50.003,0.93,28.1,10606.6,RUNNING
2024-01-15 11:00:00,GEN_M01,80.98,64.8,399.76,115.68,50.043,0.935,25.8,14783.1,RUNNING
2024-01-15 11:00:00,GEN_M02,87.3,69.8,397.93,124.72,50.021,0.931,25.6,14403.7,RUNNING
2024-01-15 11:00:00,GEN_M03,57.36,45.9,398.96,81.95,50.006,0.904,24.5,8095.2,RUNNING
2024-01-15 11:00:00,GEN_B01,79.66,63.7,399.04,113.8,49.946,0.928,24.7,9533.3,RUNNING
2024-01-15 11:00:00,GEN_B02,86.96,69.6,402.28,124.23,49.984,0.951,24.6,10422.0,RUNNING
2024-01-15 12:00:00,GEN_M01,85.27,68.2,400.05,121.82,49.968,0.919,26.7,14197.0,RUNNING
2024-01-15 12:00:00,GEN_M02,76.14,60.9,400.91,108.77,49.988,0.913,26.5,10759.2,RUNNING
2024-01-15 12:00:00,GEN_M03,48.04,38.4,399.88,68.63,50.028,0.915,25.0,11472.2,RUNNING
2024-01-15 12:00:00,GEN_B01,84.73,67.8,398.19,121.04,49.991,0.946,22.8,11665.9,RUNNING
2024-01-15 12:00:00,GEN_B02,81.05,64.8,399.18,115.79,50.021,0.892,24.7,14071.8,RUNNING
2024-01-15 13:00:00,GEN_M01,87.18,69.7,397.49,124.54,49.971,0.903,28.1,10916.4,RUNNING
2024-01-15 13:00:00,GEN_M02,105.66,84.5,402.88,150.95,50.041,0.905,27.4,13325.7,RUNNING
2024-01-15 13:00:00,GEN_M03,77.43,61.9,397.74,110.62,50.164,0.917,25.0,12616.4,RUNNING
2024-01-15 13:00:00,GEN_B01,78.82,63.1,401.93,112.6,49.994,0.897,26.4,14895.2,RUNNING
2024-01-15 13:00:00,GEN_B02,79.63,63.7,402.14,113.76,50.059,0.922,25.2,10394.7,RUNNING
2024-01-15 14:00:00,GEN_M01,81.4,65.1,399.44,116.29,49.976,0.908,26.8,11237.7,RUNNING
2024-01-15 14:00:00,GEN_M02,81.02,64.8,401.81,115.74,49.959,0.924,24.9,13137.0,RUNNING
2024-01-15 14:00:00,GEN_M03,83.52,66.8,401.89,119.31,49.997,0.91,28.8,8623.1,RUNNING
2024-01-15 14:00:00,GEN_B01,74.61,59.7,400.63,106.59,50.03,0.945,27.3,11597.8,RUNNING
2024-01-15 14:00:00,GEN_B02,92.24,73.8,401.78,131.78,50.053,0.94,25.5,9764.1,RUNNING
2024-01-15 15:00:00,GEN_M01,82.19,65.8,402.3,117.42,49.985,0.936,26.1,10585.3,RUNNING
2024-01-15 15:00:00,GEN_M02,94.41,75.5,398.17,134.88,49.954,0.904,20.4,14154.9,RUNNING
2024-01-15 15:00:00,GEN_M03,84.61,67.7,398.57,120.88,49.939,0.928,27.4,9912.4,RUNNING
2024-01-15 15:00:00,GEN_B01,90.96,72.8,402.34,129.95,50.009,0.933,29.0,13508.9,RUNNING
2024-01-15 15:00:00,GEN_B02,94.95,76.0,401.37,135.64,50.009,0.946,26.7,9529.1,RUNNING
2024-01-15 16:00:00,GEN_M01,95.77,76.6,401.88,136.81,49.995,0.944,24.3,9520.1,RUNNING
2024-01-15 16:00:00,GEN_M02,92.6,74.1,400.76,132.28,50.021,0.88,27.0,8959.7,RUNNING
2024-01-15 16:00:00,GEN_M03,82.96,66.4,398.22,118.52,50.08,0.941,23.9,8759.9,RUNNING
2024-01-15 16:00:00,GEN_B01,81.21,65.0,398.99,116.01,50.05,0.915,27.3,11673.0,RUNNING
2024-01-15 16:00:00,GEN_B02,75.34,60.3,399.19,107.63,50.023,0.944,26.8,14679.6,RUNNING
2024-01-15 17:00:00,GEN_M01,74.06,59.2,400.7,105.8,50.028,0.942,25.3,9349.2,RUNNING
2024-01-15 17:00:00,GEN_M02,78.17,62.5,400.85,111.68,49.942,0.967,24.2,14399.5,RUNNING
2024-01-15 17:00:00,GEN_M03,94.21,75.4,403.79,134.58,49.97,0.918,22.9,11853.4,RUNNING
2024-01-15 17:00:00,GEN_B01,70.19,56.1,399.18,100.27,49.946,0.904,26.4,10482.0,RUNNING
2024-01-15 17:00:00,GEN_B02,83.51,66.8,403.9,119.3,50.024,0.902,27.5,11790.0,MAINTENANCE
2024-01-15 18:00:00,GEN_M01,77.76,62.2,400.33,111.08,50.045,0.914,28.0,8793.8,RUNNING
2024-01-15 18:00:00,GEN_M02,94.51,75.6,397.26,135.01,49.963,0.907,30.5,11687.6,RUNNING
2024-01-15 18:00:00,GEN_M03,96.19,77.0,403.64,137.41,50.018,0.94,25.5,8121.7,RUNNING
2024-01-15 18:00:00,GEN_B01,83.05,66.4,400.91,118.64,50.018,0.919,25.8,9395.3,RUNNING
2024-01-15 18:00:00,GEN_B02,96.35,77.1,400.76,137.64,50.036,0.943,20.2,14270.8,RUNNING
2024-01-15 19:00:00,GEN_M01,55.76,44.6,401.48,79.66,50.075,0.914,26.6,13178.8,RUNNING
2024-01-15 19:00:00,GEN_M02,40.32,32.3,402.2,57.6,50.055,0.93,24.8,10029.6,RUNNING
2024-01-15 19:00:00,GEN_M03,52.89,42.3,399.06,75.55,50.005,0.905,29.3,10032.1,RUNNING
2024-01-15 19:00:00,GEN_B01,55.52,44.4,397.58,79.31,50.0,0.893,22.8,11127.1,RUNNING
2024-01-15 19:00:00,GEN_B02,72.04,57.6,399.45,102.91,49.945,0.901,26.2,10754.1,RUNNING
2024-01-15 20:00:00,GEN_M01,70.89,56.7,401.77,101.27,50.025,0.942,26.3,13672.8,RUNNING
2024-01-15 20:00:00,GEN_M02,35.25,28.2,402.64,50.36,50.074,0.911,25.0,9223.9,RUNNING
2024-01-15 20:00:00,GEN_M03,51.53,41.2,400.64,73.61,49.927,0.932,23.7,10551.5,RUNNING
2024-01-15 20:00:00,GEN_B01,60.96,48.8,402.32,87.09,50.026,0.935,22.8,13244.9,RUNNING
2024-01-15 20:00:00,GEN_B02,64.7,51.8,403.0,92.43,50.002,0.943,26.0,9991.9,RUNNING
2024-01-15 21:00:00,GEN_M01,58.45,46.8,398.9,83.5,49.958,0.955,26.9,8868.7,RUNNING
2024-01-15 21:00:00,GEN_M02,53.56,42.8,402.15,76.51,49.965,0.931,23.6,8158.8,RUNNING
2024-01-15 21:00:00,GEN_M03,66.42,53.1,400.8,94.89,49.948,0.969,25.2,10938.9,RUNNING
2024-01-15 21:00:00,GEN_B01,50.45,40.4,399.49,72.08,50.098,0.895,25.9,8054.1,RUNNING
2024-01-15 21:00:00,GEN_B02,57.26,45.8,399.83,81.8,50.044,0.932,26.0,11167.7,RUNNING
2024-01-15 22:00:00,GEN_M01,58.5,46.8,400.97,83.57,50.074,0.901,22.9,13465.4,RUNNING
2024-01-15 22:00:00,GEN_M02,54.29,43.4,402.59,77.55,50.021,0.925,26.4,14447.2,RUNNING
2024-01-15 22:00:00,GEN_M03,43.22,34.6,399.89,61.74,50.036,0.916,26.3,8889.4,RUNNING
2024-01-15 22:00:00,GEN_B01,48.46,38.8,401.09,69.23,50.029,0.929,22.3,10568.1,RUNNING
2024-01-15 22:00:00,GEN_B02,45.52,36.4,399.48,65.02,49.958,0.918,26.0,11164.7,RUNNING
2024-01-15 23:00:00,GEN_M01,51.66,41.3,400.35,73.8,49.967,0.942,23.9,12139.4,RUNNING
2024-01-15 23:00:00,GEN_M02,44.62,35.7,402.36,63.74,50.001,0.946,29.2,11021.6,RUNNING
2024-01-15 23:00:00,GEN_M03,52.11,41.7,397.76,74.45,50.0,0.921,29.6,9459.5,RUNNING
2024-01-15 23:00:00,GEN_B01,56.79,45.4,397.87,81.13,50.011,0.941,25.0,9813.7,RUNNING
2024-01-15 23:00:00,GEN_B02,62.77,50.2,402.35,89.67,50.032,0.934,25.6,12674.3,RUNNING
2024-01-16 00:00:00,GEN_M01,57.15,45.7,399.18,81.65,49.929,0.934,27.2,9244.6,RUNNING
2024-01-16 00:00:00,GEN_M02,65.53,52.4,401.23,93.62,50.084,0.92,23.7,11938.7,RUNNING
2024-01-16 00:00:00,GEN_M03,52.12,41.7,400.65,74.46,49.92,0.891,24.7,8472.9,RUNNING
2024-01-16 00:00:00,GEN_B01,56.39,45.1,400.52,80.56,50.094,0.922,25.9,9349.3,RUNNING
2024-01-16 00:00:00,GEN_B02,62.01,49.6,400.11,88.59,49.995,0.941,24.9,11412.5,RUNNING
2024-01-16 01:00:00,GEN_M01,46.43,37.1,400.23,66.32,50.062,0.929,26.9,10687.1,RUNNING
2024-01-16 01:00:00,GEN_M02,54.47,43.6,399.41,77.81,50.001,0.928,28.0,13018.8,RUNNING
2024-01-16 01:00:00,GEN_M03,48.64,38.9,398.31,69.48,49.997,0.876,25.6,14092.3,RUNNING
2024-01-16 01:00:00,GEN_B01,68.82,55.1,400.61,98.31,49.957,0.913,25.5,8118.0,RUNNING
2024-01-16 01:00:00,GEN_B02,44.81,35.8,399.54,64.02,50.015,0.908,25.5,8203.3,RUNNING
2024-01-16 02:00:00,GEN_M01,53.76,43.0,400.06,76.81,50.038,0.918,26.1,8537.9,RUNNING
2024-01-16 02:00:00,GEN_M02,53.63,42.9,403.05,76.61,49.954,0.914,25.2,9714.6,RUNNING
2024-01-16 02:00:00,GEN_M03,53.77,43.0,397.43,76.81,50.052,0.933,26.5,11199.0,RUNNING
2024-01-16 02:00:00,GEN_B01,46.93,37.5,403.87,67.04,50.027,0.884,25.4,12686.5,RUNNING
2024-01-16 02:00:00,GEN_B02,51.08,40.9,400.38,72.97,49.934,0.917,25.8,12081.0,RUNNING
2024-01-16 03:00:00,GEN_M01,50.87,40.7,401.26,72.67,50.029,0.91,27.5,12694.1,RUNNING
2024-01-16 03:00:00,GEN_M02,57.25,45.8,399.25,81.79,50.004,0.969,24.7,9339.1,RUNNING
2024-01-16 03:00:00,GEN_M03,58.51,46.8,403.27,83.58,49.98,0.938,24.9,9866.6,RUNNING
2024-01-16 03:00:00,GEN_B01,53.43,42.7,401.19,76.33,49.971,0.907,26.4,12892.5,RUNNING
2024-01-16 03:00:00,GEN_B02,68.69,55.0,401.19,98.13,50.039,0.929,27.9,14680.7,RUNNING
2024-01-16 04:00:00,GEN_M01,71.38,57.1,400.87,101.98,49.927,0.904,26.0,11090.6,RUNNING
2024-01-16 04:00:00,GEN_M02,47.24,37.8,395.51,67.49,49.958,0.91,25.1,8331.4,RUNNING
2024-01-16 04:00:00,GEN_M03,66.64,53.3,398.75,95.2,50.053,0.92,26.7,10287.3,RUNNING
2024-01-16 04:00:00,GEN_B01,56.53,45.2,400.07,80.76,50.004,0.951,24.3,8074.0,RUNNING
2024-01-16 04:00:00,GEN_B02,59.14,47.3,400.39,84.48,49.927,0.901,20.5,9739.8,RUNNING
2024-01-16 05:00:00,GEN_M01,50.16,40.1,397.88,71.66,50.018,0.965,26.3,11038.5,RUNNING
2024-01-16 05:00:00,GEN_M02,37.32,29.9,400.96,53.32,50.036,0.922,25.3,14004.6,RUNNING
2024-01-16 05:00:00,GEN_M03,62.92,50.3,402.57,89.88,49.974,0.891,31.0,14060.9,RUNNING
2024-01-16 05:00:00,GEN_B01,53.2,42.6,400.68,76.01,49.941,0.919,24.0,8724.8,RUNNING
2024-01-16 05:00:00,GEN_B02,62.54,50.0,397.18,89.34,49.984,0.919,28.3,14958.0,RUNNING
2024-01-16 06:00:00,GEN_M01,87.35,69.9,399.45,124.79,49.98,0.908,25.8,13594.6,RUNNING
2024-01-16 06:00:00,GEN_M02,89.13,71.3,399.22,127.32,50.031,0.905,26.0,12488.4,RUNNING
2024-01-16 06:00:00,GEN_M03,75.29,60.2,400.82,107.55,50.058,0.939,27.0,12016.8,RUNNING
2024-01-16 06:00:00,GEN_B01,86.16,68.9,401.42,123.09,50.022,0.897,23.1,9636.9,RUNNING
2024-01-16 06:00:00,GEN_B02,94.31,75.4,399.61,134.72,49.883,0.955,24.5,10493.0,RUNNING
2024-01-16 07:00:00,GEN_M01,70.55,56.4,401.21,100.78,50.084,0.925,25.7,12873.0,RUNNING
2024-01-16 07:00:00,GEN_M02,91.43,73.1,401.61,130.61,50.056,0.942,25.0,14302.6,RUNNING
2024-01-16 07:00:00,GEN_M03,74.65,59.7,402.39,106.64,49.999,0.926,23.2,9598.2,RUNNING
2024-01-16 07:00:00,GEN_B01,75.21,60.2,401.01,107.44,50.008,0.927,26.4,8151.5,RUNNING
2024-01-16 07:00:00,GEN_B02,77.88,62.3,402.22,111.26,50.035,0.936,26.9,8354.2,RUNNING
2024-01-16 08:00:00,GEN_M01,84.19,67.4,398.43,120.27,50.023,0.92,22.9,8403.5,RUNNING
2024-01-16 08:00:00,GEN_M02,85.65,68.5,401.09,122.35,50.063,0.922,29.3,8231.9,RUNNING
2024-01-16 08:00:00,GEN_M03,73.18,58.5,398.79,104.54,50.078,0.936,25.8,10765.3,RUNNING
2024-01-16 08:00:00,GEN_B01,86.46,69.2,398.03,123.51,50.0,0.914,27.1,12509.4,RUNNING
2024-01-16 08:00:00,GEN_B02,94.7,75.8,401.06,135.29,50.008,0.887,24.7,14210.0,RUNNING
2024-01-16 09:00:00,GEN_M01,72.06,57.7,401.67,102.95,50.023,0.897,25.6,12755.5,RUNNING
2024-01-16 09:00:00,GEN_M02,82.36,65.9,400.74,117.66,50.038,0.911,25.3,14222.2,RUNNING
2024-01-16 09:00:00,GEN_M03,86.28,69.0,400.72,123.25,49.962,0.904,26.3,11266.2,RUNNING
2024-01-16 09:00:00,GEN_B01,84.1,67.3,401.35,120.14,49.97,0.917,25.3,10555.4,RUNNING
2024-01-16 09:00:00,GEN_B02,89.11,71.3,400.47,127.3,49.948,0.927,29.8,13913.5,RUNNING
2024-01-16 10:00:00,GEN_M01,80.82,64.7,398.63,115.46,50.05,0.897,26.1,13235.2,RUNNING
2024-01-16 10:00:00,GEN_M02,70.16,56.1,401.05,100.23,50.054,0.936,25.2,9060.4,RUNNING
2024-01-16 10:00:00,GEN_M03,59.17,47.3,401.77,84.54,49.944,0.934,25.4,14545.3,RUNNING
2024-01-16 10:00:00,GEN_B01,71.75,57.4,400.26,102.5,49.979,0.934,24.6,12305.4,RUNNING
2024-01-16 10:00:00,GEN_B02,96.83,77.5,398.96,138.33,49.996,0.918,27.2,11599.9,RUNNING
2024-01-16 11:00:00,GEN_M01,82.05,65.6,399.19,117.22,49.903,0.913,21.8,11066.9,RUNNING
2024-01-16 11:00:00,GEN_M02,66.04,52.8,400.0,94.35,50.015,0.918,26.7,14064.9,RUNNING
2024-01-16 11:00:00,GEN_M03,67.31,53.8,402.88,96.15,50.02,0.911,26.9,10582.2,RUNNING
2024-01-16 11:00:00,GEN_B01,85.78,68.6,400.39,122.54,50.04,0.934,28.1,8383.2,RUNNING
2024-01-16 11:00:00,GEN_B02,86.32,69.1,400.26,123.31,49.958,0.92,24.6,13151.6,RUNNING
2024-01-16 12:00:00,GEN_M01,68.15,54.5,402.22,97.36,50.038,0.937,26.9,13974.9,RUNNING
2024-01-16 12:00:00,GEN_M02,87.13,69.7,398.37,124.47,49.931,0.92,28.5,11869.0,RUNNING
2024-01-16 12:00:00,GEN_M03,93.46,74.8,399.44,133.51,49.996,0.921,25.1,10550.6,RUNNING
2024-01-16 12:00:00,GEN_B01,82.52,66.0,400.67,117.89,49.97,0.947,27.8,11350.9,RUNNING
2024-01-16 12:00:00,GEN_B02,90.92,72.7,400.46,129.88,50.027,0.903,24.5,8398.6,RUNNING
2024-01-16 13:00:00,GEN_M01,80.53,64.4,398.86,115.04,50.05,0.912,30.5,11744.8,RUNNING
2024-01-16 13:00:00,GEN_M02,87.74,70.2,402.34,125.34,50.147,0.925,27.8,14378.7,RUNNING
2024-01-16 13:00:00,GEN_M03,74.62,59.7,399.6,106.6,50.046,0.894,26.8,11743.7,RUNNING
2024-01-16 13:00:00,GEN_B01,64.41,51.5,401.22,92.01,50.059,0.895,24.5,8156.4,RUNNING
2024-01-16 13:00:00,GEN_B02,88.38,70.7,399.87,126.26,50.056,0.909,22.0,14431.1,RUNNING
2024-01-16 14:00:00,GEN_M01,66.18,52.9,399.09,94.54,50.031,0.902,26.2,11604.9,RUNNING
2024-01-16 14:00:00,GEN_M02,73.52,58.8,398.22,105.03,50.01,0.941,25.6,14148.3,RUNNING
2024-01-16 14:00:00,GEN_M03,83.98,67.2,403.08,119.98,49.976,0.933,23.5,14595.8,RUNNING
2024-01-16 14:00:00,GEN_B01,88.94,71.2,397.87,127.06,49.983,0.908,26.4,9455.2,RUNNING
2024-01-16 14:00:00,GEN_B02,92.51,74.0,401.47,132.16,50.064,0.913,29.1,8906.7,RUNNING
2024-01-16 15:00:00,GEN_M01,74.89,59.9,400.97,106.98,50.011,0.918,24.4,12159.1,RUNNING
2024-01-16 15:00:00,GEN_M02,72.86,58.3,401.02,104.09,50.052,0.931,24.6,11945.0,RUNNING
2024-01-16 15:00:00,GEN_M03,100.22,80.2,398.04,143.17,49.981,0.935,24.2,11824.2,RUNNING
2024-01-16 15:00:00,GEN_B01,92.94,74.3,400.93,132.77,50.041,0.88,25.4,12261.1,RUNNING
2024-01-16 15:00:00,GEN_B02,77.12,61.7,396.35,110.17,49.982,0.919,23.5,11957.7,RUNNING
2024-01-16 16:00:00,GEN_M01,86.31,69.1,396.47,123.31,49.934,0.914,27.3,9743.1,RUNNING
2024-01-16 16:00:00,GEN_M02,86.97,69.6,400.71,124.25,49.981,0.913,26.9,8182.2,RUNNING
2024-01-16 16:00:00,GEN_M03,73.97,59.2,398.62,105.67,50.043,0.924,27.5,9713.7,RUNNING
2024-01-16 16:00:00,GEN_B01,80.8,64.6,399.5,115.43,49.882,0.916,24.6,12864.2,RUNNING
2024-01-16 16:00:00,GEN_B02,76.29,61.0,399.17,108.98,50.007,0.951,26.0,9384.4,RUNNING
2024-01-16 17:00:00,GEN_M01,90.93,72.7,397.47,129.91,49.987,0.932,27.4,13740.2,MAINTENANCE
2024-01-16 17:00:00,GEN_M02,88.65,70.9,400.44,126.65,49.99,0.931,27.3,11713.2,RUNNING
2024-01-16 17:00:00,GEN_M03,71.72,57.4,397.26,102.46,50.023,0.935,26.3,12353.2,RUNNING
2024-01-16 17:00:00,GEN_B01,74.42,59.5,399.41,106.32,49.996,0.913,25.2,10930.2,RUNNING
2024-01-16 17:00:00,GEN_B02,67.18,53.7,403.3,95.97,50.067,0.904,28.4,10812.2,RUNNING
2024-01-16 18:00:00,GEN_M01,99.1,79.3,398.01,141.57,49.975,0.935,25.6,14458.9,RUNNING
2024-01-16 18:00:00,GEN_M02,88.15,70.5,400.16,125.93,50.043,0.903,21.4,10377.6,RUNNING
2024-01-16 18:00:00,GEN_M03,97.15,77.7,400.36,138.78,50.03,0.95,24.5,12486.8,RUNNING
2024-01-16 18:00:00,GEN_B01,79.71,63.8,399.74,113.87,49.952,0.889,28.5,14366.3,RUNNING
2024-01-16 18:00:00,GEN_B02,69.04,55.2,399.52,98.62,49.97,0.906,27.6,8953.6,RUNNING
2024-01-16 19:00:00,GEN_M01,56.89,45.5,402.31,81.27,49.919,0.927,28.6,10597.8,RUNNING
2024-01-16 19:00:00,GEN_M02,58.57,46.9,400.35,83.67,50.034,0.926,25.5,9769.9,RUNNING
2024-01-16 19:00:00,GEN_M03,51.4,41.1,402.94,73.43,49.96,0.896,24.2,10390.8,RUNNING
2024-01-16 19:00:00,GEN_B01,54.78,43.8,400.82,78.26,49.974,0.912,28.7,10562.1,RUNNING
2024-01-16 19:00:00,GEN_B02,52.48,42.0,399.93,74.97,49.923,0.964,22.3,11044.7,RUNNING
2024-01-16 20:00:00,GEN_M01,58.19,46.5,399.56,83.12,50.021,0.951,25.3,10609.7,RUNNING
2024-01-16 20:00:00,GEN_M02,62.01,49.6,400.23,88.58,50.018,0.948,26.6,8585.6,RUNNING
2024-01-16 20:00:00,GEN_M03,60.25,48.2,399.64,86.08,49.993,0.902,22.4,11166.6,RUNNING
2024-01-16 20:00:00,GEN_B01,64.18,51.3,402.03,91.68,49.999,0.939,26.5,14590.0,RUNNING
2024-01-16 20:00:00,GEN_B02,61.5,49.2,398.37,87.86,49.928,0.922,26.2,13053.5,RUNNING
2024-01-16 21:00:00,GEN_M01,52.18,41.7,398.26,74.54,50.026,0.9,25.6,9105.6,RUNNING
2024-01-16 21:00:00,GEN_M02,50.56,40.4,399.79,72.23,50.059,0.92,24.0,8591.8,RUNNING
2024-01-16 21:00:00,GEN_M03,52.93,42.3,400.83,75.61,49.961,0.922,22.9,13599.2,RUNNING
2024-01-16 21:00:00,GEN_B01,53.59,42.9,399.76,76.56,49.997,0.93,27.6,11215.4,RUNNING
2024-01-16 21:00:00,GEN_B02,72.05,57.6,399.21,102.93,49.953,0.909,25.9,13250.6,RUNNING
2024-01-16 22:00:00,GEN_M01,48.22,38.6,401.13,68.88,50.001,0.92,28.6,13981.0,RUNNING
2024-01-16 22:00:00,GEN_M02,52.07,41.7,397.7,74.39,50.035,0.926,24.5,8287.5,RUNNING
2024-01-16 22:00:00,GEN_M03,47.85,38.3,398.71,68.36,49.964,0.914,24.5,14537.7,RUNNING
2024-01-16 22:00:00,GEN_B01,54.25,43.4,398.86,77.5,49.989,0.923,24.6,13854.2,RUNNING
2024-01-16 22:00:00,GEN_B02,60.06,48.0,400.79,85.8,50.03,0.911,22.7,8102.4,RUNNING
2024-01-16 23:00:00,GEN_M01,45.04,36.0,399.99,64.34,49.944,0.891,25.9,8273.9,RUNNING
2024-01-16 23:00:00,GEN_M02,53.12,42.5,398.35,75.89,49.978,0.931,25.8,11052.3,RUNNING
2024-01-16 23:00:00,GEN_M03,53.63,42.9,400.4,76.61,50.016,0.887,23.8,9662.7,RUNNING
2024-01-16 23:00:00,GEN_B01,67.94,54.4,398.13,97.06,49.943,0.927,25.8,13319.2,RUNNING
2024-01-16 23:00:00,GEN_B02,53.32,42.7,400.09,76.16,50.071,0.925,24.5,12016.8,RUNNING
2024-01-17 00:00:00,GEN_M01,47.53,38.0,398.77,67.9,50.148,0.949,28.5,14187.1,MAINTENANCE
2024-01-17 00:00:00,GEN_M02,50.28,40.2,401.13,71.82,50.039,0.929,25.7,11269.7,RUNNING
2024-01-17 00:00:00,GEN_M03,53.5,42.8,401.29,76.43,50.018,0.926,25.0,11678.4,RUNNING
2024-01-17 00:00:00,GEN_B01,62.21,49.8,402.5,88.88,49.924,0.951,26.1,14753.8,RUNNING
2024-01-17 00:00:00,GEN_B02,68.82,55.1,400.6,98.31,50.012,0.91,26.8,14821.7,RUNNING
2024-01-17 01:00:00,GEN_M01,56.04,44.8,399.93,80.05,49.883,0.929,24.2,8312.6,RUNNING
2024-01-17 01:00:00,GEN_M02,57.9,46.3,402.89,82.71,49.995,0.917,22.8,13663.1,RUNNING
2024-01-17 01:00:00,GEN_M03,49.01,39.2,401.28,70.01,50.027,0.913,27.7,11218.8,RUNNING
2024-01-17 01:00:00,GEN_B01,54.48,43.6,400.46,77.83,50.081,0.944,27.8,12091.3,RUNNING
2024-01-17 01:00:00,GEN_B02,52.83,42.3,397.95,75.47,50.075,0.928,28.4,13303.1,RUNNING
2024-01-17 02:00:00,GEN_M01,66.34,53.1,400.71,94.76,50.031,0.912,27.0,10538.3,RUNNING
2024-01-17 02:00:00,GEN_M02,55.84,44.7,399.05,79.77,50.007,0.914,24.9,8517.9,RUNNING
2024-01-17 02:00:00,GEN_M03,60.02,48.0,399.83,85.74,50.007,0.914,22.4,13449.3,RUNNING
2024-01-17 02:00:00,GEN_B01,54.96,44.0,400.53,78.51,50.032,0.93,22.5,12003.9,RUNNING
2024-01-17 02:00:00,GEN_B02,59.84,47.9,401.03,85.49,49.921,0.902,26.0,14158.0,RUNNING
2024-01-17 03:00:00,GEN_M01,68.15,54.5,399.79,97.36,50.059,0.918,20.8,12518.3,RUNNING
2024-01-17 03:00:00,GEN_M02,53.6,42.9,398.97,76.57,50.055,0.948,25.7,8325.1,RUNNING
2024-01-17 03:00:00,GEN_M03,55.25,44.2,399.21,78.93,49.991,0.93,22.9,10079.5,RUNNING
2024-01-17 03:00:00,GEN_B01,60.08,48.1,399.07,85.83,49.933,0.986,27.6,14221.1,RUNNING
2024-01-17 03:00:00,GEN_B02,62.12,49.7,401.3,88.75,50.008,0.922,25.4,14353.0,RUNNING
2024-01-17 04:00:00,GEN_M01,55.4,44.3,402.91,79.14,49.953,0.893,22.8,14258.8,RUNNING
2024-01-17 04:00:00,GEN_M02,54.65,43.7,399.92,78.08,50.034,0.94,23.7,10482.7,RUNNING
2024-01-17 04:00:00,GEN_M03,56.62,45.3,397.36,80.89,50.029,0.891,26.5,10115.3,RUNNING
2024-01-17 04:00:00,GEN_B01,71.55,57.2,399.06,102.22,50.114,0.939,24.1,12260.0,RUNNING
2024-01-17 04:00:00,GEN_B02,65.2,52.2,400.46,93.14,49.999,0.959,25.1,8352.5,RUNNING
2024-01-17 05:00:00,GEN_M01,50.28,40.2,403.29,71.83,49.941,0.924,22.8,13993.0,RUNNING
2024-01-17 05:00:00,GEN_M02,43.19,34.6,400.63,61.71,49.959,0.932,24.9,12697.1,RUNNING
2024-01-17 05:00:00,GEN_M03,54.23,43.4,400.12,77.47,50.009,0.932,24.5,14958.4,RUNNING
2024-01-17 05:00:00,GEN_B01,54.42,43.5,401.95,77.75,50.032,0.934,25.9,9584.0,RUNNING
2024-01-17 05:00:00,GEN_B02,61.67,49.3,400.48,88.1,49.946,0.945,25.4,14774.3,RUNNING
2024-01-17 06:00:00,GEN_M01,53.42,42.7,401.71,76.31,49.932,0.928,25.5,14864.1,RUNNING
2024-01-17 06:00:00,GEN_M02,74.44,59.6,401.42,106.35,50.01,0.879,24.9,8320.1,RUNNING
2024-01-17 06:00:00,GEN_M03,71.49,57.2,400.67,102.12,50.087,0.954,27.6,11507.1,RUNNING
2024-01-17 06:00:00,GEN_B01,77.83,62.3,399.05,111.18,49.887,0.952,23.7,10730.8,RUNNING
2024-01-17 06:00:00,GEN_B02,78.97,63.2,398.56,112.82,49.912,0.916,25.9,8361.5,RUNNING
2024-01-17 07:00:00,GEN_M01,78.04,62.4,400.33,111.48,50.071,0.914,24.9,14464.3,RUNNING
2024-01-17 07:00:00,GEN_M02,86.79,69.4,400.14,123.99,50.027,0.897,24.4,10670.7,RUNNING
2024-01-17 07:00:00,GEN_M03,93.89,75.1,400.96,134.12,49.973,0.93,26.1,9483.7,RUNNING
2024-01-17 07:00:00,GEN_B01,85.84,68.7,401.41,122.63,49.966,0.917,23.5,9265.7,RUNNING
2024-01-17 07:00:00,GEN_B02,94.97,76.0,399.1,135.68,50.02,0.927,23.6,9810.3,RUNNING
2024-01-17 08:00:00,GEN_M01,84.07,67.3,403.24,120.09,50.002,0.956,25.3,10701.0,RUNNING
2024-01-17 08:00:00,GEN_M02,69.55,55.6,402.63,99.35,49.961,0.911,28.1,10580.0,RUNNING
2024-01-17 08:00:00,GEN_M03,88.43,70.7,400.02,126.33,49.93,0.953,26.1,9696.9,RUNNING
2024-01-17 08:00:00,GEN_B01,76.22,61.0,400.44,108.88,50.016,0.923,25.3,9308.5,RUNNING
2024-01-17 08:00:00,GEN_B02,83.22,66.6,400.35,118.89,50.004,0.895,25.9,11801.1,RUNNING
2024-01-17 09:00:00,GEN_M01,68.07,54.5,401.27,97.25,50.015,0.877,27.3,10519.8,MAINTENANCE
2024-01-17 09:00:00,GEN_M02,70.98,56.8,400.2,101.4,49.989,0.927,26.0,8406.0,RUNNING
2024-01-17 09:00:00,GEN_M03,81.37,65.1,399.35,116.24,49.933,0.905,27.6,14002.9,RUNNING
2024-01-17 09:00:00,GEN_B01,80.83,64.7,398.13,115.47,50.039,0.907,25.3,12116.6,RUNNING
2024-01-17 09:00:00,GEN_B02,80.25,64.2,397.35,114.64,49.997,0.896,22.4,11704.8,RUNNING
2024-01-17 10:00:00,GEN_M01,82.9,66.3,402.61,118.43,50.142,0.914,24.3,8285.4,RUNNING
2024-01-17 10:00:00,GEN_M02,84.78,67.8,398.37,121.11,49.943,0.928,24.0,10891.4,RUNNING
2024-01-17 10:00:00,GEN_M03,85.7,68.6,402.02,122.43,50.019,0.89,25.6,14155.3,RUNNING
2024-01-17 10:00:00,GEN_B01,58.95,47.2,399.06,84.22,50.047,0.92,24.2,10256.5,RUNNING
2024-01-17 10:00:00,GEN_B02,90.9,72.7,396.97,129.86,50.066,0.922,27.1,13100.0,RUNNING
2024-01-17 11:00:00,GEN_M01,85.17,68.1,401.25,121.67,50.041,0.901,23.3,11649.8,RUNNING
2024-01-17 11:00:00,GEN_M02,87.79,70.2,403.18,125.41,49.939,0.94,22.6,13641.5,RUNNING
2024-01-17 11:00:00,GEN_M03,71.3,57.0,398.09,101.86,50.055,0.941,27.7,12778.9,RUNNING
2024-01-17 11:00:00,GEN_B01,66.68,53.3,400.72,95.26,49.957,0.925,24.4,14346.7,RUNNING
2024-01-17 11:00:00,GEN_B02,83.66,66.9,400.35,119.52,50.057,0.936,25.2,9720.6,RUNNING
2024-01-17 12:00:00,GEN_M01,86.5,69.2,398.08,123.57,49.996,0.902,23.9,10397.3,RUNNING
2024-01-17 12:00:00,GEN_M02,89.16,71.3,397.81,127.37,49.977,0.929,24.0,8575.4,RUNNING
2024-01-17 12:00:00,GEN_M03,94.25,75.4,401.86,134.65,49.973,0.918,21.1,10675.8,RUNNING
2024-01-17 12:00:00,GEN_B01,75.98,60.8,400.79,108.54,49.919,0.902,25.7,8679.4,RUNNING
2024-01-17 12:00:00,GEN_B02,73.09,58.5,400.97,104.42,49.983,0.942,25.0,12284.3,RUNNING
2024-01-17 13:00:00,GEN_M01,71.27,57.0,398.03,101.82,49.913,0.942,24.4,9504.3,RUNNING
2024-01-17 13:00:00,GEN_M02,79.66,63.7,399.73,113.8,50.117,0.923,27.7,11365.5,RUNNING
2024-01-17 13:00:00,GEN_M03,91.87,73.5,400.5,131.24,50.026,0.909,24.5,13851.0,RUNNING
2024-01-17 13:00:00,GEN_B01,101.95,81.6,402.79,145.64,49.969,0.934,27.4,10214.3,RUNNING
2024-01-17 13:00:00,GEN_B02,94.64,75.7,398.54,135.19,49.933,0.951,29.1,12293.0,RUNNING
2024-01-17 14:00:00,GEN_M01,80.79,64.6,400.42,115.42,50.079,0.925,24.8,14943.1,RUNNING
2024-01-17 14:00:00,GEN_M02,102.92,82.3,399.97,147.03,49.981,0.898,23.9,9088.8,RUNNING
2024-01-17 14:00:00,GEN_M03,79.72,63.8,400.79,113.88,50.109,0.929,26.5,8001.8,RUNNING
2024-01-17 14:00:00,GEN_B01,92.75,74.2,402.52,132.5,50.12,0.931,25.8,14975.7,RUNNING
2024-01-17 14:00:00,GEN_B02,71.32,57.1,400.42,101.89,50.023,0.934,24.6,8337.1,RUNNING
2024-01-17 15:00:00,GEN_M01,85.85,68.7,402.78,122.65,50.051,0.931,26.5,10620.4,RUNNING
2024-01-17 15:00:00,GEN_M02,76.17,60.9,399.81,108.81,49.979,0.944,24.2,12571.9,RUNNING
2024-01-17 15:00:00,GEN_M03,76.5,61.2,400.23,109.28,50.023,0.897,24.8,12489.6,RUNNING
2024-01-17 15:00:00,GEN_B01,96.83,77.5,400.15,138.33,50.002,0.925,24.3,12212.4,RUNNING
2024-01-17 15:00:00,GEN_B02,66.7,53.4,397.86,95.29,50.018,0.877,25.9,9624.9,RUNNING
2024-01-17 16:00:00,GEN_M01,62.73,50.2,399.18,89.62,49.951,0.945,27.3,10961.8,RUNNING
2024-01-17 16:00:00,GEN_M02,84.53,67.6,399.09,120.75,50.087,0.919,31.0,11966.6,RUNNING
2024-01-17 16:00:00,GEN_M03,84.4,67.5,398.62,120.57,49.999,0.927,23.6,13788.3,RUNNING
2024-01-17 16:00:00,GEN_B01,56.54,45.2,399.26,80.78,49.933,0.939,27.8,13917.3,RUNNING
2024-01-17 16:00:00,GEN_B02,85.63,68.5,399.77,122.33,50.024,0.912,25.7,8213.4,RUNNING
2024-01-17 17:00:00,GEN_M01,72.72,58.2,399.78,103.89,50.002,0.942,26.9,11956.6,MAINTENANCE
2024-01-17 17:00:00,GEN_M02,75.25,60.2,400.52,107.51,50.045,0.908,26.5,12393.4,RUNNING
2024-01-17 17:00:00,GEN_M03,76.67,61.3,401.96,109.53,49.915,0.936,23.9,14994.0,RUNNING
2024-01-17 17:00:00,GEN_B01,68.6,54.9,397.68,98.0,50.058,0.918,29.4,14513.4,RUNNING
2024-01-17 17:00:00,GEN_B02,77.58,62.1,398.78,110.83,50.032,0.886,23.9,11812.8,RUNNING
2024-01-17 18:00:00,GEN_M01,71.57,57.3,399.12,102.24,50.025,0.933,28.0,12782.5,RUNNING
2024-01-17 18:00:00,GEN_M02,92.54,74.0,400.35,132.2,50.012,0.898,24.5,13175.9,RUNNING
2024-01-17 18:00:00,GEN_M03,76.93,61.5,398.74,109.9,50.059,0.937,30.6,14689.6,RUNNING
2024-01-17 18:00:00,GEN_B01,81.11,64.9,398.85,115.87,49.974,0.884,23.9,10199.2,RUNNING
2024-01-17 18:00:00,GEN_B02,94.71,75.8,401.18,135.3,50.029,0.923,26.9,12047.0,RUNNING
2024-01-17 19:00:00,GEN_M01,67.21,53.8,398.02,96.01,50.155,0.921,27.2,13831.3,RUNNING
2024-01-17 19:00:00,GEN_M02,63.11,50.5,400.2,90.16,49.925,0.909,25.7,13656.8,RUNNING
2024-01-17 19:00:00,GEN_M03,60.13,48.1,397.92,85.9,50.053,0.949,25.4,10990.7,RUNNING
2024-01-17 19:00:00,GEN_B01,64.08,51.3,400.17,91.55,49.934,0.908,32.5,11691.6,RUNNING
2024-01-17 19:00:00,GEN_B02,60.94,48.8,402.3,87.06,50.066,0.937,26.4,11844.5,RUNNING
2024-01-17 20:00:00,GEN_M01,61.54,49.2,397.4,87.92,49.961,0.897,26.2,8514.9,RUNNING
2024-01-17 20:00:00,GEN_M02,41.14,32.9,399.75,58.77,50.065,0.889,30.9,14147.5,RUNNING
2024-01-17 20:00:00,GEN_M03,52.27,41.8,398.64,74.68,49.979,0.916,25.9,8319.0,RUNNING
2024-01-17 20:00:00,GEN_B01,54.5,43.6,400.57,77.85,50.024,0.931,29.4,14178.2,RUNNING
2024-01-17 20:00:00,GEN_B02,60.84,48.7,399.52,86.92,50.008,0.943,25.5,14341.0,RUNNING
2024-01-17 21:00:00,GEN_M01,64.7,51.8,400.05,92.42,49.976,0.916,25.3,11653.1,RUNNING
2024-01-17 21:00:00,GEN_M02,57.26,45.8,399.54,81.81,49.988,0.903,22.8,12111.5,RUNNING
2024-01-17 21:00:00,GEN_M03,56.41,45.1,398.57,80.59,49.98,0.922,25.9,12013.6,RUNNING
2024-01-17 21:00:00,GEN_B01,51.29,41.0,402.56,73.26,50.046,0.931,26.5,12434.0,RUNNING
2024-01-17 21:00:00,GEN_B02,61.69,49.4,401.6,88.13,49.946,0.89,26.8,14279.4,MAINTENANCE
2024-01-17 22:00:00,GEN_M01,57.43,45.9,399.18,82.04,50.041,0.883,25.8,9879.9,RUNNING
2024-01-17 22:00:00,GEN_M02,52.24,41.8,397.96,74.63,49.971,0.938,28.7,9496.0,RUNNING
2024-01-17 22:00:00,GEN_M03,61.37,49.1,403.5,87.67,50.02,0.917,26.3,9591.1,RUNNING
2024-01-17 22:00:00,GEN_B01,49.83,39.9,400.03,71.18,50.028,0.95,28.4,11775.9,RUNNING
2024-01-17 22:00:00,GEN_B02,56.67,45.3,398.76,80.95,49.962,0.93,26.5,8053.9,RUNNING
2024-01-17 23:00:00,GEN_M01,74.13,59.3,401.9,105.91,49.99,0.908,27.7,14547.7,RUNNING
2024-01-17 23:00:00,GEN_M02,50.39,40.3,396.92,71.99,49.964,0.909,24.7,14283.3,RUNNING
2024-01-17 23:00:00,GEN_M03,54.93,43.9,400.54,78.48,49.999,0.908,25.9,11154.4,RUNNING
2024-01-17 23:00:00,GEN_B01,48.96,39.2,401.36,69.94,50.047,0.935,26.6,9168.8,RUNNING
2024-01-17 23:00:00,GEN_B02,55.25,44.2,401.49,78.93,49.991,0.895,22.7,9730.2,RUNNING
2024-01-18 00:00:00,GEN_M01,56.57,45.3,399.48,80.82,49.887,0.916,27.6,14092.1,RUNNING
2024-01-18 00:00:00,GEN_M02,55.08,44.1,399.06,78.68,50.011,0.921,25.0,14847.6,RUNNING
2024-01-18 00:00:00,GEN_M03,53.03,42.4,402.07,75.75,50.028,0.937,24.5,13790.9,RUNNING
2024-01-18 00:00:00,GEN_B01,65.45,52.4,400.31,93.49,49.991,0.954,22.3,10063.5,RUNNING
2024-01-18 00:00:00,GEN_B02,59.05,47.2,400.68,84.35,49.949,0.927,25.8,8696.5,RUNNING
2024-01-18 01:00:00,GEN_M01,54.54,43.6,401.76,77.91,49.947,0.9,24.3,14229.8,RUNNING
2024-01-18 01:00:00,GEN_M02,55.86,44.7,398.67,79.8,50.005,0.89,23.9,11752.4,RUNNING
2024-01-18 01:00:00,GEN_M03,48.69,39.0,400.63,69.56,50.028,0.94,23.9,14223.5,RUNNING
2024-01-18 01:00:00,GEN_B01,40.96,32.8,400.25,58.52,50.016,0.902,23.3,10040.4,RUNNING
2024-01-18 01:00:00,GEN_B02,58.2,46.6,399.58,83.14,50.051,0.938,24.2,9998.2,RUNNING
2024-01-18 02:00:00,GEN_M01,53.17,42.5,399.01,75.95,50.052,0.927,25.4,12629.8,RUNNING
2024-01-18 02:00:00,GEN_M02,59.3,47.4,401.25,84.71,50.047,0.911,19.8,11384.5,RUNNING
2024-01-18 02:00:00,GEN_M03,56.72,45.4,404.78,81.03,50.067,0.934,26.1,8593.5,RUNNING
2024-01-18 02:00:00,GEN_B01,49.4,39.5,400.21,70.58,49.944,0.922,27.1,12009.3,RUNNING
2024-01-18 02:00:00,GEN_B02,49.81,39.8,401.13,71.15,49.997,0.912,25.5,9569.5,RUNNING
2024-01-18 03:00:00,GEN_M01,57.77,46.2,401.98,82.54,50.029,0.921,25.9,13233.5,RUNNING
2024-01-18 03:00:00,GEN_M02,61.9,49.5,397.67,88.43,50.05,0.89,21.4,9003.6,RUNNING
2024-01-18 03:00:00,GEN_M03,59.26,47.4,400.3,84.66,50.106,0.908,26.1,8721.3,RUNNING
2024-01-18 03:00:00,GEN_B01,67.05,53.6,399.01,95.79,50.04,0.931,26.1,8627.4,RUNNING
2024-01-18 03:00:00,GEN_B02,56.52,45.2,401.14,80.74,49.989,0.918,23.8,13820.2,RUNNING
2024-01-18 04:00:00,GEN_M01,45.53,36.4,400.18,65.04,49.99,0.929,28.0,13113.7,RUNNING
2024-01-18 04:00:00,GEN_M02,58.02,46.4,402.03,82.89,50.044,0.917,26.9,12556.8,RUNNING
2024-01-18 04:00:00,GEN_M03,54.47,43.6,397.39,77.81,50.017,0.923,24.5,9188.7,RUNNING
2024-01-18 04:00:00,GEN_B01,44.89,35.9,399.15,64.12,49.978,0.903,30.8,10870.6,RUNNING
2024-01-18 04:00:00,GEN_B02,50.81,40.7,397.93,72.59,50.031,0.956,26.8,13610.0,RUNNING
2024-01-18 05:00:00,GEN_M01,60.5,48.4,401.81,86.43,50.022,0.938,28.8,13130.5,RUNNING
2024-01-18 05:00:00,GEN_M02,48.71,39.0,395.38,69.58,50.02,0.907,24.7,13820.8,RUNNING
2024-01-18 05:00:00,GEN_M03,64.58,51.7,401.56,92.26,50.105,0.935,23.3,12123.7,RUNNING
2024-01-18 05:00:00,GEN_B01,52.31,41.9,397.74,74.74,49.979,0.885,26.9,13332.0,RUNNING
2024-01-18 05:00:00,GEN_B02,50.97,40.8,400.26,72.82,49.906,0.913,25.5,9556.2,RUNNING
2024-01-18 06:00:00,GEN_M01,87.25,69.8,399.09,124.64,49.896,0.914,23.7,8722.4,RUNNING
2024-01-18 06:00:00,GEN_M02,70.37,56.3,399.78,100.53,50.084,0.93,25.6,10929.6,RUNNING
2024-01-18 06:00:00,GEN_M03,81.8,65.4,395.55,116.86,50.067,0.934,23.6,13255.5,RUNNING
2024-01-18 06:00:00,GEN_B01,86.46,69.2,400.31,123.51,49.954,0.95,24.0,8927.5,RUNNING
2024-01-18 06:00:00,GEN_B02,65.55,52.4,400.06,93.64,49.976,0.923,27.9,14801.6,RUNNING
2024-01-18 07:00:00,GEN_M01,88.58,70.9,400.47,126.55,49.955,0.921,28.2,12080.2,RUNNING
2024-01-18 07:00:00,GEN_M02,90.34,72.3,401.05,129.05,50.058,0.911,27.0,13432.9,RUNNING
2024-01-18 07:00:00,GEN_M03,67.7,54.2,398.77,96.71,49.947,0.906,25.6,11540.7,RUNNING
2024-01-18 07:00:00,GEN_B01,84.87,67.9,397.23,121.24,49.959,0.949,23.0,8161.4,RUNNING
2024-01-18 07:00:00,GEN_B02,84.59,67.7,401.11,120.85,49.97,0.948,26.6,13261.3,RUNNING
2024-01-18 08:00:00,GEN_M01,85.67,68.5,398.88,122.39,49.911,0.943,21.8,11662.3,RUNNING
2024-01-18 08:00:00,GEN_M02,81.0,64.8,397.77,115.72,50.084,0.922,24.4,8847.3,RUNNING
2024-01-18 08:00:00,GEN_M03,66.12,52.9,401.93,94.45,49.976,0.92,22.8,12367.3,RUNNING
2024-01-18 08:00:00,GEN_B01,60.81,48.6,402.63,86.87,50.067,0.915,26.2,9704.5,RUNNING
2024-01-18 08:00:00,GEN_B02,101.8,81.4,400.25,145.43,50.01,0.949,27.7,11033.2,RUNNING
2024-01-18 09:00:00,GEN_M01,87.05,69.6,399.23,124.35,50.088,0.951,26.3,13440.1,RUNNING
2024-01-18 09:00:00,GEN_M02,99.08,79.3,403.71,141.54,49.998,0.916,25.6,10695.9,MAINTENANCE
2024-01-18 09:00:00,GEN_M03,89.91,71.9,400.13,128.44,50.07,0.92,24.7,11849.4,RUNNING
2024-01-18 09:00:00,GEN_B01,74.29,59.4,401.04,106.12,50.074,0.938,27.2,13546.5,RUNNING
2024-01-18 09:00:00,GEN_B02,92.15,73.7,398.97,131.65,50.09,0.909,29.4,12437.8,RUNNING
2024-01-18 10:00:00,GEN_M01,88.41,70.7,398.56,126.3,50.022,0.906,27.2,9959.5,RUNNING
2024-01-18 10:00:00,GEN_M02,66.36,53.1,401.73,94.8,49.926,0.927,26.5,14426.5,RUNNING
2024-01-18 10:00:00,GEN_M03,69.48,55.6,399.07,99.26,49.947,0.936,26.7,10514.2,RUNNING
2024-01-18 10:00:00,GEN_B01,75.38,60.3,401.23,107.69,50.0,0.889,27.3,10451.4,RUNNING
2024-01-18 10:00:00,GEN_B02,76.72,61.4,398.94,109.59,50.037,0.931,30.1,14150.4,RUNNING
2024-01-18 11:00:00,GEN_M01,85.15,68.1,399.92,121.65,50.076,0.894,26.0,9127.5,RUNNING
2024-01-18 11:00:00,GEN_M02,91.46,73.2,401.05,130.66,50.056,0.918,27.1,8773.0,RUNNING
2024-01-18 11:00:00,GEN_M03,62.56,50.0,398.14,89.37,49.976,0.908,24.0,8536.0,RUNNING
2024-01-18 11:00:00,GEN_B01,57.47,46.0,403.33,82.11,50.03,0.916,26.8,9033.5,RUNNING
2024-01-18 11:00:00,GEN_B02,80.7,64.6,400.14,115.29,49.998,0.903,24.6,10843.2,RUNNING
2024-01-18 12:00:00,GEN_M01,88.43,70.7,402.85,126.33,50.017,0.913,25.2,8977.5,RUNNING
2024-01-18 12:00:00,GEN_M02,78.77,63.0,397.32,112.53,49.954,0.922,23.9,10229.5,RUNNING
2024-01-18 12:00:00,GEN_M03,79.88,63.9,399.76,114.11,49.968,0.912,26.6,12326.6,RUNNING
2024-01-18 12:00:00,GEN_B01,75.84,60.7,398.88,108.35,49.984,0.919,30.0,14898.6,RUNNING
2024-01-18 12:00:00,GEN_B02,74.38,59.5,396.44,106.25,49.973,0.936,27.6,12832.8,RUNNING
2024-01-18 13:00:00,GEN_M01,78.31,62.6,400.32,111.87,49.96,0.929,27.2,14074.8,RUNNING
2024-01-18 13:00:00,GEN_M02,96.08,76.9,400.17,137.26,49.913,0.969,20.2,11356.1,RUNNING
2024-01-18 13:00:00,GEN_M03,76.57,61.3,398.62,109.38,50.079,0.939,23.8,11538.8,RUNNING
2024-01-18 13:00:00,GEN_B01,84.13,67.3,399.57,120.18,49.948,0.922,24.9,12688.2,RUNNING
2024-01-18 13:00:00,GEN_B02,73.36,58.7,402.51,104.8,49.998,0.935,26.0,11928.4,RUNNING
2024-01-18 14:00:00,GEN_M01,92.78,74.2,400.34,132.55,49.934,0.93,24.8,14187.4,RUNNING
2024-01-18 14:00:00,GEN_M02,83.99,67.2,402.45,119.99,50.045,0.919,23.0,14514.9,RUNNING
2024-01-18 14:00:00,GEN_M03,79.76,63.8,402.28,113.95,50.005,0.923,26.4,11190.0,RUNNING
2024-01-18 14:00:00,GEN_B01,81.43,65.1,402.2,116.33,50.007,0.943,25.4,10881.6,RUNNING
2024-01-18 14:00:00,GEN_B02,96.09,76.9,399.77,137.28,50.013,0.9,24.1,12835.1,RUNNING
2024-01-18 15:00:00,GEN_M01,77.11,61.7,402.31,110.16,49.957,0.922,28.0,13106.5,RUNNING
2024-01-18 15:00:00,GEN_M02,88.43,70.7,401.0,126.34,50.034,0.901,26.0,11213.9,RUNNING
2024-01-18 15:00:00,GEN_M03,83.18,66.5,399.64,118.83,49.884,0.92,25.7,8739.3,RUNNING
2024-01-18 15:00:00,GEN_B01,69.7,55.8,401.15,99.58,50.099,0.948,23.7,9898.6,RUNNING
2024-01-18 15:00:00,GEN_B02,67.81,54.2,399.31,96.87,50.035,0.939,24.3,9278.5,RUNNING
2024-01-18 16:00:00,GEN_M01,85.89,68.7,401.76,122.7,49.936,0.92,26.6,8131.1,RUNNING
2024-01-18 16:00:00,GEN_M02,70.57,56.5,398.8,100.81,49.926,0.878,25.3,8317.3,RUNNING
2024-01-18 16:00:00,GEN_M03,74.49,59.6,398.71,106.42,50.071,0.952,28.1,14654.8,RUNNING
2024-01-18 16:00:00,GEN_B01,61.74,49.4,399.4,88.2,49.854,0.891,25.6,12514.7,RUNNING
2024-01-18 16:00:00,GEN_B02,90.28,72.2,399.97,128.97,50.084,0.963,26.1,11189.9,RUNNING
2024-01-18 17:00:00,GEN_M01,75.38,60.3,399.93,107.69,50.009,0.884,28.1,10414.7,RUNNING
2024-01-18 17:00:00,GEN_M02,83.33,66.7,398.44,119.04,49.961,0.944,24.6,9347.6,RUNNING
2024-01-18 17:00:00,GEN_M03,83.7,67.0,399.22,119.57,49.957,0.927,19.5,11543.2,RUNNING
2024-01-18 17:00:00,GEN_B01,108.61,86.9,399.06,155.16,50.017,0.956,26.6,12777.2,RUNNING
2024-01-18 17:00:00,GEN_B02,99.55,79.6,401.24,142.21,50.078,0.921,22.6,12939.5,RUNNING
2024-01-18 18:00:00,GEN_M01,85.42,68.3,400.27,122.04,49.991,0.94,25.6,9973.7,RUNNING
2024-01-18 18:00:00,GEN_M02,88.61,70.9,401.11,126.59,50.007,0.907,24.9,8873.7,RUNNING
2024-01-18 18:00:00,GEN_M03,90.05,72.0,399.53,128.65,50.012,0.946,26.1,10921.4,RUNNING
2024-01-18 18:00:00,GEN_B01,75.55,60.4,399.02,107.93,50.006,0.942,26.3,10023.3,RUNNING
2024-01-18 18:00:00,GEN_B02,68.34,54.7,400.89,97.62,49.93,0.914,23.1,9306.9,RUNNING
2024-01-18 19:00:00,GEN_M01,60.89,48.7,400.16,86.98,49.989,0.916,25.8,11790.0,RUNNING
2024-01-18 19:00:00,GEN_M02,74.85,59.9,399.87,106.94,49.933,0.904,24.4,12756.1,RUNNING
2024-01-18 19:00:00,GEN_M03,70.51,56.4,398.42,100.73,49.983,0.919,22.9,12679.7,RUNNING
2024-01-18 19:00:00,GEN_B01,53.13,42.5,399.52,75.9,49.954,0.902,25.2,12022.9,RUNNING
2024-01-18 19:00:00,GEN_B02,63.96,51.2,398.84,91.37,50.037,0.95,24.7,8838.4,RUNNING
2024-01-18 20:00:00,GEN_M01,64.63,51.7,401.63,92.33,49.914,0.91,26.4,8141.9,RUNNING
2024-01-18 20:00:00,GEN_M02,49.42,39.5,399.42,70.59,50.042,0.931,27.9,9999.6,RUNNING
2024-01-18 20:00:00,GEN_M03,65.95,52.8,400.19,94.22,49.961,0.914,23.9,9651.8,RUNNING
2024-01-18 20:00:00,GEN_B01,55.9,44.7,398.73,79.86,49.959,0.901,26.0,14287.7,RUNNING
2024-01-18 20:00:00,GEN_B02,67.55,54.0,403.23,96.5,49.95,0.942,24.0,14800.3,RUNNING
2024-01-18 21:00:00,GEN_M01,50.84,40.7,398.88,72.62,49.997,0.932,23.7,9458.1,RUNNING
2024-01-18 21:00:00,GEN_M02,48.83,39.1,399.83,69.75,49.989,0.901,23.6,11301.2,RUNNING
2024-01-18 21:00:00,GEN_M03,58.27,46.6,400.84,83.25,49.972,0.933,24.6,12737.4,RUNNING
2024-01-18 21:00:00,GEN_B01,58.84,47.1,399.12,84.05,49.974,0.947,24.2,9638.0,RUNNING
2024-01-18 21:00:00,GEN_B02,46.73,37.4,399.59,66.76,49.925,0.912,25.4,8375.6,RUNNING
2024-01-18 22:00:00,GEN_M01,61.4,49.1,399.88,87.72,50.012,0.877,27.3,10490.3,RUNNING
2024-01-18 22:00:00,GEN_M02,53.09,42.5,403.42,75.85,50.091,0.929,24.0,10847.2,RUNNING
2024-01-18 22:00:00,GEN_M03,50.34,40.3,399.65,71.92,49.976,0.869,24.5,8313.7,RUNNING
2024-01-18 22:00:00,GEN_B01,59.15,47.3,402.4,84.49,49.961,0.903,26.5,11438.1,RUNNING
2024-01-18 22:00:00,GEN_B02,63.01,50.4,403.22,90.01,49.987,0.923,24.2,10225.8,RUNNING
2024-01-18 23:00:00,GEN_M01,46.03,36.8,401.09,65.75,50.068,0.9,26.8,14589.0,RUNNING
2024-01-18 23:00:00,GEN_M02,59.57,47.7,396.41,85.1,50.017,0.917,23.7,14322.4,RUNNING
2024-01-18 23:00:00,GEN_M03,52.0,41.6,399.93,74.29,49.934,0.881,27.0,12049.9,RUNNING
2024-01-18 23:00:00,GEN_B01,61.67,49.3,399.73,88.1,49.988,0.943,25.8,9884.8,RUNNING
2024-01-18 23:00:00,GEN_B02,52.57,42.1,401.11,75.1,50.062,0.908,29.3,9166.0,RUNNING
2024-01-19 00:00:00,GEN_M01,64.19,51.3,400.17,91.69,50.082,0.899,24.6,13884.8,RUNNING
2024-01-19 00:00:00,GEN_M02,57.77,46.2,403.13,82.53,49.935,0.949,24.3,12326.2,RUNNING
2024-01-19 00:00:00,GEN_M03,44.34,35.5,402.24,63.34,49.906,0.888,23.4,13326.7,RUNNING
2024-01-19 00:00:00,GEN_B01,52.59,42.1,399.09,75.13,50.016,0.929,24.8,10262.7,RUNNING
2024-01-19 00:00:00,GEN_B02,41.59,33.3,402.13,59.41,50.009,0.914,23.3,11008.9,RUNNING
2024-01-19 01:00:00,GEN_M01,64.64,51.7,399.34,92.34,50.005,0.916,25.5,11773.6,RUNNING
2024-01-19 01:00:00,GEN_M02,46.29,37.0,402.06,66.12,49.986,0.897,25.5,13066.8,RUNNING
2024-01-19 01:00:00,GEN_M03,55.3,44.2,402.56,79.0,50.058,0.917,24.9,12960.2,RUNNING
2024-01-19 01:00:00,GEN_B01,61.62,49.3,400.05,88.02,49.982,0.935,24.4,13323.7,RUNNING
2024-01-19 01:00:00,GEN_B02,67.0,53.6,400.83,95.71,49.943,0.954,27.0,11303.4,RUNNING
2024-01-19 02:00:00,GEN_M01,53.47,42.8,400.83,76.39,49.99,0.895,26.4,12645.9,RUNNING
2024-01-19 02:00:00,GEN_M02,58.54,46.8,401.09,83.63,50.017,0.915,26.3,11680.5,RUNNING
2024-01-19 02:00:00,GEN_M03,52.76,42.2,397.38,75.38,49.991,0.934,24.8,11171.2,RUNNING
2024-01-19 02:00:00,GEN_B01,58.8,47.0,401.19,84.0,50.117,0.923,26.2,12903.5,RUNNING
2024-01-19 02:00:00,GEN_B02,70.24,56.2,401.26,100.35,50.061,0.94,24.5,11142.5,RUNNING
2024-01-19 03:00:00,GEN_M01,57.19,45.8,401.36,81.7,50.017,0.912,26.1,13762.5,RUNNING
2024-01-19 03:00:00,GEN_M02,59.1,47.3,399.73,84.42,50.047,0.892,23.5,8575.9,RUNNING
2024-01-19 03:00:00,GEN_M03,40.55,32.4,400.77,57.93,50.03,0.898,28.2,12548.1,RUNNING
2024-01-19 03:00:00,GEN_B01,44.37,35.5,400.24,63.38,49.98,0.912,28.0,12772.1,RUNNING
2024-01-19 03:00:00,GEN_B02,41.14,32.9,401.92,58.77,49.931,0.908,24.8,10607.0,RUNNING
2024-01-19 04:00:00,GEN_M01,56.76,45.4,399.48,81.08,49.956,0.954,26.0,8248.5,RUNNING
2024-01-19 04:00:00,GEN_M02,74.34,59.5,398.86,106.2,50.074,0.891,25.5,8782.9,RUNNING
2024-01-19 04:00:00,GEN_M03,47.55,38.0,398.7,67.93,50.001,0.921,24.6,9735.3,RUNNING
2024-01-19 04:00:00,GEN_B01,51.59,41.3,399.78,73.7,50.041,0.932,26.8,14103.4,RUNNING
2024-01-19 04:00:00,GEN_B02,60.54,48.4,398.32,86.48,49.976,0.955,28.0,11465.6,RUNNING
2024-01-19 05:00:00,GEN_M01,54.32,43.5,396.07,77.6,50.067,0.906,25.5,14119.9,RUNNING
2024-01-19 05:00:00,GEN_M02,58.71,47.0,398.07,83.88,49.946,0.901,24.7,8370.8,RUNNING
2024-01-19 05:00:00,GEN_M03,64.39,51.5,401.79,91.99,50.073,0.944,23.3,13136.2,RUNNING
2024-01-19 05:00:00,GEN_B01,47.13,37.7,398.97,67.33,49.909,0.941,24.7,12696.0,RUNNING
2024-01-19 05:00:00,GEN_B02,51.03,40.8,400.92,72.9,49.969,0.957,26.3,14885.2,RUNNING
2024-01-19 06:00:00,GEN_M01,74.76,59.8,400.72,106.8,50.011,0.904,23.3,12621.3,RUNNING
2024-01-19 06:00:00,GEN_M02,66.87,53.5,399.49,95.52,50.073,0.898,24.0,9577.8,RUNNING
2024-01-19 06:00:00,GEN_M03,97.43,77.9,401.13,139.19,50.039,0.908,29.2,14234.5,RUNNING
2024-01-19 06:00:00,GEN_B01,100.72,80.6,399.6,143.89,50.083,0.931,25.0,11852.4,RUNNING
2024-01-19 06:00:00,GEN_B02,72.77,58.2,400.15,103.95,49.969,0.898,24.0,12295.1,RUNNING
2024-01-19 07:00:00,GEN_M01,93.26,74.6,399.12,133.23,50.073,0.898,25.8,13822.0,RUNNING
2024-01-19 07:00:00,GEN_M02,80.71,64.6,401.31,115.3,50.037,0.906,22.6,9347.7,RUNNING
2024-01-19 07:00:00,GEN_M03,88.32,70.7,401.71,126.18,50.015,0.909,23.5,10097.9,RUNNING
2024-01-19 07:00:00,GEN_B01,76.81,61.4,397.39,109.72,50.057,0.939,23.5,8689.6,RUNNING
2024-01-19 07:00:00,GEN_B02,68.52,54.8,399.48,97.88,49.979,0.96,24.7,13817.4,RUNNING
2024-01-19 08:00:00,GEN_M01,76.85,61.5,398.86,109.78,50.052,0.887,23.6,8561.6,RUNNING
2024-01-19 08:00:00,GEN_M02,73.62,58.9,400.37,105.18,50.01,0.963,28.1,8627.7,RUNNING
2024-01-19 08:00:00,GEN_M03,78.43,62.7,401.88,112.04,50.029,0.942,22.9,9043.3,RUNNING
2024-01-19 08:00:00,GEN_B01,93.38,74.7,398.69,133.4,50.008,0.943,25.1,8327.4,RUNNING
2024-01-19 08:00:00,GEN_B02,79.57,63.7,399.86,113.67,50.04,0.907,25.5,13842.0,RUNNING
2024-01-19 09:00:00,GEN_M01,59.29,47.4,399.04,84.69,49.943,0.93,26.1,9195.1,RUNNING
2024-01-19 09:00:00,GEN_M02,99.47,79.6,402.66,142.11,50.002,0.883,23.3,10543.7,RUNNING
2024-01-19 09:00:00,GEN_M03,79.46,63.6,399.75,113.51,49.957,0.93,22.2,9660.2,RUNNING
2024-01-19 09:00:00,GEN_B01,74.19,59.4,398.71,105.99,49.946,0.896,26.7,8729.7,RUNNING
2024-01-19 09:00:00,GEN_B02,84.77,67.8,402.29,121.1,49.951,0.881,25.2,10718.9,RUNNING
2024-01-19 10:00:00,GEN_M01,74.15,59.3,401.26,105.93,49.89,0.907,26.5,13670.9,RUNNING
2024-01-19 10:00:00,GEN_M02,104.43,83.5,400.03,149.18,50.04,0.934,27.5,14694.8,RUNNING
2024-01-19 10:00:00,GEN_M03,86.64,69.3,400.26,123.77,49.971,0.92,24.5,9090.2,RUNNING
2024-01-19 10:00:00,GEN_B01,69.57,55.7,399.58,99.38,49.953,0.91,23.6,14591.9,RUNNING
2024-01-19 10:00:00,GEN_B02,90.74,72.6,402.0,129.63,50.047,0.93,24.3,9449.0,RUNNING
2024-01-19 11:00:00,GEN_M01,82.79,66.2,401.78,118.27,50.061,0.947,25.8,8408.8,RUNNING
2024-01-19 11:00:00,GEN_M02,81.66,65.3,402.02,116.66,49.969,0.914,26.3,13153.7,RUNNING
2024-01-19 11:00:00,GEN_M03,81.41,65.1,397.74,116.3,50.012,0.902,24.7,10628.2,RUNNING
2024-01-19 11:00:00,GEN_B01,84.51,67.6,400.06,120.73,50.011,0.944,27.9,11427.1,RUNNING
2024-01-19 11:00:00,GEN_B02,65.81,52.6,399.27,94.01,49.959,0.923,26.3,12181.8,RUNNING
2024-01-19 12:00:00,GEN_M01,76.17,60.9,397.48,108.82,50.066,0.901,22.5,14585.2,RUNNING
2024-01-19 12:00:00,GEN_M02,77.99,62.4,397.58,111.42,50.075,0.915,27.8,10978.2,RUNNING
2024-01-19 12:00:00,GEN_M03,74.02,59.2,399.03,105.75,49.904,0.916,26.1,9100.1,RUNNING
2024-01-19 12:00:00,GEN_B01,67.68,54.1,400.27,96.69,49.989,0.925,24.2,9577.5,RUNNING
2024-01-19 12:00:00,GEN_B02,80.61,64.5,400.37,115.15,49.985,0.9,18.5,10618.0,RUNNING
2024-01-19 13:00:00,GEN_M01,84.41,67.5,400.25,120.58,49.933,0.907,23.3,11622.3,RUNNING
2024-01-19 13:00:00,GEN_M02,62.46,50.0,400.24,89.22,50.043,0.888,21.6,12254.1,RUNNING
2024-01-19 13:00:00,GEN_M03,85.75,68.6,400.76,122.5,49.893,0.962,25.8,9294.3,RUNNING
2024-01-19 13:00:00,GEN_B01,78.7,63.0,403.31,112.43,50.006,0.94,28.2,14926.9,RUNNING
2024-01-19 13:00:00,GEN_B02,81.68,65.3,402.22,116.69,49.969,0.951,23.1,12393.2,RUNNING
2024-01-19 14:00:00,GEN_M01,99.54,79.6,399.74,142.2,49.96,0.883,29.6,14305.5,RUNNING
2024-01-19 14:00:00,GEN_M02,103.7,83.0,401.7,148.14,49.963,0.951,24.3,9628.2,RUNNING
2024-01-19 14:00:00,GEN_M03,79.16,63.3,400.89,113.09,49.997,0.933,24.1,9602.0,RUNNING
2024-01-19 14:00:00,GEN_B01,78.34,62.7,400.34,111.91,49.901,0.91,29.3,12988.3,RUNNING
2024-01-19 14:00:00,GEN_B02,91.54,73.2,403.63,130.77,49.998,0.945,23.3,11243.7,RUNNING
2024-01-19 15:00:00,GEN_M01,69.7,55.8,403.17,99.57,50.011,0.902,18.7,12771.8,RUNNING
2024-01-19 15:00:00,GEN_M02,87.46,70.0,399.57,124.94,49.956,0.937,27.6,12565.8,RUNNING
2024-01-19 15:00:00,GEN_M03,89.27,71.4,398.65,127.53,50.021,0.907,24.3,9121.6,RUNNING
2024-01-19 15:00:00,GEN_B01,77.25,61.8,399.39,110.35,49.96,0.943,29.0,8796.2,RUNNING
2024-01-19 15:00:00,GEN_B02,70.74,56.6,400.86,101.06,50.047,0.944,23.8,13236.8,RUNNING
2024-01-19 16:00:00,GEN_M01,76.59,61.3,401.8,109.41,49.973,0.926,24.0,8410.4,MAINTENANCE
2024-01-19 16:00:00,GEN_M02,82.81,66.2,401.45,118.29,50.028,0.88,23.0,8716.9,RUNNING
2024-01-19 16:00:00,GEN_M03,92.22,73.8,399.47,131.74,50.018,0.921,22.3,14460.5,RUNNING
2024-01-19 16:00:00,GEN_B01,88.88,71.1,402.48,126.97,50.026,0.947,22.1,11461.6,RUNNING
2024-01-19 16:00:00,GEN_B02,68.41,54.7,402.38,97.73,50.069,0.908,24.1,14716.9,RUNNING
2024-01-19 17:00:00,GEN_M01,53.07,42.5,399.57,75.81,49.988,0.931,24.8,13193.1,RUNNING
2024-01-19 17:00:00,GEN_M02,85.71,68.6,399.49,122.44,50.115,0.927,21.6,13954.2,RUNNING
2024-01-19 17:00:00,GEN_M03,84.93,67.9,399.64,121.33,49.998,0.946,20.4,9724.6,RUNNING
2024-01-19 17:00:00,GEN_B01,85.55,68.4,398.17,122.22,49.958,0.931,23.6,13874.2,RUNNING
2024-01-19 17:00:00,GEN_B02,93.84,75.1,400.15,134.05,50.035,0.872,26.1,8859.2,RUNNING
2024-01-19 18:00:00,GEN_M01,92.88,74.3,400.05,132.68,49.925,0.94,24.9,9235.0,RUNNING
2024-01-19 18:00:00,GEN_M02,87.52,70.0,400.34,125.03,49.965,0.929,23.6,11274.1,RUNNING
2024-01-19 18:00:00,GEN_M03,99.22,79.4,400.25,141.74,50.099,0.873,26.1,14033.4,RUNNING
2024-01-19 18:00:00,GEN_B01,73.1,58.5,398.7,104.42,50.05,0.912,26.9,10295.2,RUNNING
2024-01-19 18:00:00,GEN_B02,80.02,64.0,401.58,114.31,49.974,0.919,24.2,13773.9,RUNNING
2024-01-19 19:00:00,GEN_M01,60.05,48.0,399.37,85.79,49.983,0.921,25.6,9759.2,RUNNING
2024-01-19 19:00:00,GEN_M02,56.39,45.1,401.0,80.56,50.009,0.94,22.1,11178.5,RUNNING
2024-01-19 19:00:00,GEN_M03,56.25,45.0,401.11,80.36,49.896,0.921,24.8,12639.9,RUNNING
2024-01-19 19:00:00,GEN_B01,60.1,48.1,400.11,85.86,49.969,0.905,23.9,13402.7,RUNNING
2024-01-19 19:00:00,GEN_B02,53.19,42.5,398.65,75.98,50.088,0.939,23.7,8123.2,RUNNING
2024-01-19 20:00:00,GEN_M01,42.29,33.8,400.36,60.41,50.016,0.89,23.7,12904.7,RUNNING
2024-01-19 20:00:00,GEN_M02,64.94,52.0,400.68,92.77,50.022,0.951,27.9,10185.3,RUNNING
2024-01-19 20:00:00,GEN_M03,61.0,48.8,400.76,87.14,50.024,0.892,23.9,8698.1,RUNNING
2024-01-19 20:00:00,GEN_B01,55.34,44.3,401.21,79.05,49.998,0.924,25.8,12163.8,RUNNING
2024-01-19 20:00:00,GEN_B02,57.76,46.2,401.01,82.51,50.017,0.946,23.3,10991.0,RUNNING
2024-01-19 21:00:00,GEN_M01,56.6,45.3,399.14,80.86,50.022,0.922,26.7,9765.7,RUNNING
2024-01-19 21:00:00,GEN_M02,49.76,39.8,399.12,71.09,49.981,0.914,25.1,14677.3,RUNNING
2024-01-19 21:00:00,GEN_M03,54.55,43.6,399.81,77.93,50.051,0.951,27.0,12938.9,RUNNING
2024-01-19 21:00:00,GEN_B01,58.7,47.0,400.13,83.86,50.049,0.932,26.9,11790.3,RUNNING
2024-01-19 21:00:00,GEN_B02,53.55,42.8,399.29,76.5,50.008,0.94,25.0,12528.6,RUNNING
2024-01-19 22:00:00,GEN_M01,60.75,48.6,399.78,86.78,49.944,0.946,27.7,9124.3,RUNNING
2024-01-19 22:00:00,GEN_M02,52.28,41.8,397.31,74.68,50.029,0.888,23.8,8410.4,RUNNING
2024-01-19 22:00:00,GEN_M03,50.62,40.5,401.08,72.32,49.967,0.917,26.4,8161.4,RUNNING
2024-01-19 22:00:00,GEN_B01,49.71,39.8,400.4,71.01,49.975,0.915,24.1,8035.5,RUNNING
2024-01-19 22:00:00,GEN_B02,45.26,36.2,400.77,64.66,50.04,0.946,27.4,14583.4,RUNNING
2024-01-19 23:00:00,GEN_M01,50.06,40.0,397.16,71.52,50.157,0.917,24.5,10104.4,RUNNING
2024-01-19 23:00:00,GEN_M02,63.72,51.0,399.91,91.03,49.949,0.917,28.9,14453.1,RUNNING
2024-01-19 23:00:00,GEN_M03,39.55,31.6,399.57,56.5,50.026,0.932,25.1,11593.7,RUNNING
2024-01-19 23:00:00,GEN_B01,74.52,59.6,399.87,106.46,50.097,0.942,22.5,11464.5,RUNNING
2024-01-19 23:00:00,GEN_B02,52.4,41.9,399.89,74.86,49.986,0.922,23.7,9753.5,RUNNING
2024-01-20 00:00:00,GEN_M01,55.94,44.8,400.12,79.91,49.983,0.935,28.4,11496.9,RUNNING
2024-01-20 00:00:00,GEN_M02,55.06,44.1,398.87,78.66,50.025,0.926,26.3,8236.8,RUNNING
2024-01-20 00:00:00,GEN_M03,51.46,41.2,400.94,73.52,49.994,0.926,25.5,8397.9,RUNNING
2024-01-20 00:00:00,GEN_B01,55.97,44.8,404.05,79.95,50.016,0.933,25.0,9813.0,RUNNING
2024-01-20 00:00:00,GEN_B02,65.95,52.8,401.58,94.22,49.983,0.901,24.4,12547.6,RUNNING
2024-01-20 01:00:00,GEN_M01,58.99,47.2,399.52,84.27,49.928,0.976,22.5,11510.5,RUNNING
2024-01-20 01:00:00,GEN_M02,64.82,51.9,401.28,92.61,49.984,0.947,27.0,9941.4,MAINTENANCE
2024-01-20 01:00:00,GEN_M03,63.1,50.5,400.36,90.14,49.985,0.902,25.4,12629.4,RUNNING
2024-01-20 01:00:00,GEN_B01,49.62,39.7,399.78,70.88,49.998,0.921,24.6,13948.6,RUNNING
2024-01-20 01:00:00,GEN_B02,63.35,50.7,398.73,90.5,50.062,0.911,23.4,10705.9,RUNNING
2024-01-20 02:00:00,GEN_M01,53.77,43.0,401.39,76.82,50.057,0.936,28.0,10646.2,RUNNING
2024-01-20 02:00:00,GEN_M02,63.35,50.7,399.68,90.5,50.034,0.923,23.0,10420.8,RUNNING
2024-01-20 02:00:00,GEN_M03,60.0,48.0,400.14,85.72,50.037,0.916,22.4,10294.5,RUNNING
2024-01-20 02:00:00,GEN_B01,60.38,48.3,402.62,86.26,49.95,0.944,26.1,9261.6,RUNNING
2024-01-20 02:00:00,GEN_B02,47.76,38.2,399.39,68.23,49.934,0.886,25.0,9039.8,MAINTENANCE
2024-01-20 03:00:00,GEN_M01,49.9,39.9,399.99,71.29,49.975,0.924,25.3,8824.0,RUNNING
2024-01-20 03:00:00,GEN_M02,64.05,51.2,399.82,91.5,50.046,0.901,25.7,9167.1,RUNNING
2024-01-20 03:00:00,GEN_M03,54.56,43.7,396.89,77.95,50.096,0.901,24.1,14560.3,RUNNING
2024-01-20 03:00:00,GEN_B01,68.15,54.5,400.85,97.35,49.976,0.924,25.0,8741.2,RUNNING
2024-01-20 03:00:00,GEN_B02,61.13,48.9,401.16,87.33,49.982,0.91,26.3,12039.9,RUNNING
2024-01-20 04:00:00,GEN_M01,64.37,51.5,400.46,91.95,49.962,0.886,28.2,11217.3,RUNNING
2024-01-20 04:00:00,GEN_M02,64.06,51.3,399.9,91.52,50.002,0.923,24.5,11504.9,RUNNING
2024-01-20 04:00:00,GEN_M03,39.53,31.6,399.17,56.47,49.892,0.904,26.4,11896.2,RUNNING
2024-01-20 04:00:00,GEN_B01,51.97,41.6,401.77,74.25,49.995,0.935,25.6,14883.0,RUNNING
2024-01-20 04:00:00,GEN_B02,61.38,49.1,402.21,87.68,49.929,0.938,22.4,9930.2,RUNNING
2024-01-20 05:00:00,GEN_M01,44.87,35.9,402.79,64.1,49.989,0.915,26.1,10026.3,RUNNING
2024-01-20 05:00:00,GEN_M02,69.89,55.9,399.52,99.84,49.973,0.901,25.3,8903.5,RUNNING
2024-01-20 05:00:00,GEN_M03,51.54,41.2,403.15,73.63,49.948,0.923,23.6,13614.8,RUNNING
2024-01-20 05:00:00,GEN_B01,55.81,44.6,400.68,79.73,50.013,0.915,24.5,9291.4,RUNNING
2024-01-20 05:00:00,GEN_B02,44.54,35.6,400.05,63.62,50.018,0.956,23.6,13802.7,RUNNING
2024-01-20 06:00:00,GEN_M01,84.31,67.4,400.86,120.44,49.95,0.886,27.5,12785.7,RUNNING
2024-01-20 06:00:00,GEN_M02,84.36,67.5,398.53,120.52,49.937,0.923,23.9,8155.5,RUNNING
2024-01-20 06:00:00,GEN_M03,96.33,77.1,400.89,137.61,49.995,0.894,24.1,11551.2,RUNNING
2024-01-20 06:00:00,GEN_B01,88.6,70.9,401.34,126.57,49.947,0.928,24.3,9443.2,RUNNING
2024-01-20 06:00:00,GEN_B02,72.85,58.3,394.55,104.07,50.105,0.931,23.9,10532.4,RUNNING
2024-01-20 07:00:00,GEN_M01,73.58,58.9,397.16,105.11,49.993,0.955,26.4,11679.2,RUNNING
2024-01-20 07:00:00,GEN_M02,103.28,82.6,400.19,147.55,50.025,0.912,26.2,10237.7,RUNNING
2024-01-20 07:00:00,GEN_M03,94.25,75.4,398.55,134.64,49.986,0.915,24.2,14405.4,RUNNING
2024-01-20 07:00:00,GEN_B01,93.22,74.6,400.39,133.18,50.0,0.899,26.3,14449.6,RUNNING
2024-01-20 07:00:00,GEN_B02,59.44,47.6,399.2,84.91,50.023,0.918,24.7,12194.4,RUNNING
2024-01-20 08:00:00,GEN_M01,90.85,72.7,398.06,129.78,50.033,0.928,26.5,13193.1,RUNNING
2024-01-20 08:00:00,GEN_M02,87.31,69.9,400.68,124.73,50.135,0.918,25.9,10304.9,RUNNING
2024-01-20 08:00:00,GEN_M03,89.16,71.3,400.55,127.37,50.083,0.902,26.8,14271.2,RUNNING
2024-01-20 08:00:00,GEN_B01,76.38,61.1,401.93,109.11,49.967,0.897,25.3,10670.8,RUNNING
2024-01-20 08:00:00,GEN_B02,86.68,69.3,399.49,123.83,49.996,0.921,24.9,8529.2,RUNNING
2024-01-20 09:00:00,GEN_M01,78.2,62.6,400.29,111.71,50.113,0.923,26.7,12034.2,RUNNING
2024-01-20 09:00:00,GEN_M02,85.39,68.3,400.89,121.98,50.031,0.931,26.9,9397.5,RUNNING
2024-01-20 09:00:00,GEN_M03,70.23,56.2,398.91,100.33,50.018,0.927,24.6,13158.9,RUNNING
2024-01-20 09:00:00,GEN_B01,75.18,60.1,401.38,107.4,50.053,0.897,24.4,14706.8,RUNNING
2024-01-20 09:00:00,GEN_B02,65.94,52.8,401.57,94.2,50.061,0.902,23.5,12953.6,RUNNING
2024-01-20 10:00:00,GEN_M01,85.4,68.3,401.5,122.0,49.954,0.916,27.8,14311.5,RUNNING
2024-01-20 10:00:00,GEN_M02,81.6,65.3,395.6,116.57,49.934,0.876,25.8,14266.0,RUNNING
2024-01-20 10:00:00,GEN_M03,84.08,67.3,401.01,120.12,50.036,0.895,23.0,13068.5,RUNNING
2024-01-20 10:00:00,GEN_B01,66.59,53.3,400.85,95.13,49.964,0.938,28.3,9027.6,RUNNING
2024-01-20 10:00:00,GEN_B02,59.81,47.8,399.06,85.44,50.005,0.874,25.1,11742.7,RUNNING
2024-01-20 11:00:00,GEN_M01,82.95,66.4,399.58,118.5,50.028,0.9,26.0,14472.5,RUNNING
2024-01-20 11:00:00,GEN_M02,50.31,40.2,399.97,71.87,49.99,0.949,24.0,14568.3,RUNNING
2024-01-20 11:00:00,GEN_M03,70.01,56.0,397.13,100.02,50.076,0.915,23.7,11103.8,RUNNING
2024-01-20 11:00:00,GEN_B01,87.61,70.1,403.97,125.16,50.023,0.911,25.6,9646.2,RUNNING
2024-01-20 11:00:00,GEN_B02,75.64,60.5,401.18,108.05,49.969,0.904,25.0,10688.1,RUNNING
2024-01-20 12:00:00,GEN_M01,60.57,48.5,397.69,86.53,50.019,0.913,22.6,10354.4,RUNNING
2024-01-20 12:00:00,GEN_M02,79.05,63.2,402.27,112.93,49.977,0.935,26.5,14195.4,RUNNING
2024-01-20 12:00:00,GEN_M03,65.54,52.4,399.41,93.62,49.956,0.91,21.6,9065.8,RUNNING
2024-01-20 12:00:00,GEN_B01,79.05,63.2,399.39,112.94,49.959,0.913,26.4,12519.9,RUNNING
2024-01-20 12:00:00,GEN_B02,73.56,58.8,397.58,105.08,50.003,0.909,23.1,10824.4,RUNNING
2024-01-20 13:00:00,GEN_M01,90.91,72.7,398.59,129.88,49.988,0.896,28.6,12420.5,RUNNING
2024-01-20 13:00:00,GEN_M02,82.96,66.4,397.46,118.51,50.018,0.943,25.2,13916.8,MAINTENANCE
2024-01-20 13:00:00,GEN_M03,92.74,74.2,398.31,132.49,50.016,0.933,26.3,10894.4,RUNNING
2024-01-20 13:00:00,GEN_B01,90.13,72.1,397.68,128.76,50.04,0.922,26.7,13533.4,RUNNING
2024-01-20 13:00:00,GEN_B02,89.06,71.2,399.47,127.23,50.001,0.907,26.6,11371.9,RUNNING
2024-01-20 14:00:00,GEN_M01,72.03,57.6,400.19,102.9,50.038,0.893,23.5,14199.2,RUNNING
2024-01-20 14:00:00,GEN_M02,99.73,79.8,400.03,142.47,49.993,0.94,24.7,14521.0,RUNNING
2024-01-20 14:00:00,GEN_M03,76.91,61.5,398.79,109.87,50.061,0.903,25.3,9028.0,RUNNING
2024-01-20 14:00:00,GEN_B01,78.0,62.4,399.53,111.43,50.07,0.904,26.4,8579.2,RUNNING
2024-01-20 14:00:00,GEN_B02,85.46,68.4,399.77,122.09,50.059,0.907,24.9,11936.4,RUNNING
2024-01-20 15:00:00,GEN_M01,87.12,69.7,399.01,124.45,49.996,0.956,22.5,13257.5,RUNNING
2024-01-20 15:00:00,GEN_M02,83.45,66.8,402.31,119.22,50.022,0.907,24.2,9149.5,RUNNING
2024-01-20 15:00:00,GEN_M03,85.96,68.8,397.02,122.79,50.047,0.942,24.4,9431.4,RUNNING
2024-01-20 15:00:00,GEN_B01,99.63,79.7,399.63,142.33,50.042,0.937,25.8,8370.9,RUNNING
2024-01-20 15:00:00,GEN_B02,97.63,78.1,399.75,139.48,49.964,0.931,24.8,12241.0,RUNNING
2024-01-20 16:00:00,GEN_M01,87.13,69.7,400.21,124.47,50.077,0.937,26.1,9302.7,RUNNING
2024-01-20 16:00:00,GEN_M02,75.18,60.1,398.5,107.4,50.054,0.946,26.0,10909.2,RUNNING
2024-01-20 16:00:00,GEN_M03,81.42,65.1,402.41,116.31,49.916,0.914,26.7,10838.7,RUNNING
2024-01-20 16:00:00,GEN_B01,78.59,62.9,399.58,112.27,49.923,0.977,25.8,12826.4,RUNNING
2024-01-20 16:00:00,GEN_B02,70.27,56.2,399.75,100.39,49.906,0.899,25.5,11744.2,RUNNING
2024-01-20 17:00:00,GEN_M01,89.2,71.4,399.77,127.43,49.996,0.942,27.1,14810.5,RUNNING
2024-01-20 17:00:00,GEN_M02,97.88,78.3,398.4,139.83,49.997,0.926,27.5,14075.4,RUNNING
2024-01-20 17:00:00,GEN_M03,78.65,62.9,402.53,112.36,49.984,0.893,26.9,12871.3,RUNNING
2024-01-20 17:00:00,GEN_B01,76.48,61.2,401.04,109.26,50.01,0.92,26.3,11193.7,RUNNING
2024-01-20 17:00:00,GEN_B02,72.02,57.6,401.65,102.88,49.995,0.91,24.2,13028.8,RUNNING
2024-01-20 18:00:00,GEN_M01,94.83,75.9,400.91,135.48,49.926,0.913,27.1,10357.0,RUNNING
2024-01-20 18:00:00,GEN_M02,100.72,80.6,400.54,143.89,49.962,0.874,24.8,8533.5,RUNNING
2024-01-20 18:00:00,GEN_M03,73.41,58.7,399.8,104.87,50.0,0.902,24.2,8170.0,RUNNING
2024-01-20 18:00:00,GEN_B01,79.05,63.2,400.47,112.93,49.857,0.914,21.4,9883.4,RUNNING
2024-01-20 18:00:00,GEN_B02,88.41,70.7,395.04,126.31,49.992,0.862,27.2,10750.2,RUNNING
2024-01-20 19:00:00,GEN_M01,55.36,44.3,400.43,79.09,49.958,0.949,28.8,10894.8,RUNNING
2024-01-20 19:00:00,GEN_M02,39.0,31.2,400.5,55.72,50.033,0.926,28.5,14796.9,RUNNING
2024-01-20 19:00:00,GEN_M03,60.55,48.4,399.09,86.5,49.998,0.925,25.2,9484.3,RUNNING
2024-01-20 19:00:00,GEN_B01,46.16,36.9,399.54,65.95,50.029,0.898,27.1,10761.9,RUNNING
2024-01-20 19:00:00,GEN_B02,45.2,36.2,401.94,64.57,50.009,0.957,23.6,10726.7,RUNNING
2024-01-20 20:00:00,GEN_M01,64.17,51.3,400.35,91.67,49.961,0.963,21.9,10986.0,RUNNING
2024-01-20 20:00:00,GEN_M02,67.05,53.6,401.3,95.78,50.001,0.9,25.4,11480.8,RUNNING
2024-01-20 20:00:00,GEN_M03,65.51,52.4,398.84,93.58,50.032,0.912,25.8,14625.6,RUNNING
2024-01-20 20:00:00,GEN_B01,62.93,50.3,399.46,89.9,50.04,0.905,30.0,12388.3,MAINTENANCE
2024-01-20 20:00:00,GEN_B02,54.8,43.8,399.54,78.28,50.029,0.881,29.9,13428.5,RUNNING
2024-01-20 21:00:00,GEN_M01,59.49,47.6,399.21,84.99,49.874,0.919,27.2,14569.0,RUNNING
2024-01-20 21:00:00,GEN_M02,71.33,57.1,398.72,101.9,49.942,0.924,24.2,13786.5,RUNNING
2024-01-20 21:00:00,GEN_M03,59.85,47.9,400.06,85.49,49.955,0.91,25.9,11576.2,RUNNING
2024-01-20 21:00:00,GEN_B01,56.45,45.2,400.76,80.64,50.019,0.918,25.3,9103.4,RUNNING
2024-01-20 21:00:00,GEN_B02,56.62,45.3,399.12,80.88,50.003,0.905,22.1,9913.2,RUNNING
2024-01-20 22:00:00,GEN_M01,57.87,46.3,401.12,82.67,50.045,0.934,25.2,12577.4,RUNNING
2024-01-20 22:00:00,GEN_M02,40.45,32.4,400.35,57.79,49.955,0.881,24.0,9824.4,RUNNING
2024-01-20 22:00:00,GEN_M03,53.59,42.9,398.9,76.56,49.999,0.905,23.0,12226.6,RUNNING
2024-01-20 22:00:00,GEN_B01,60.33,48.3,400.36,86.18,49.969,0.926,27.2,8808.0,RUNNING
2024-01-20 22:00:00,GEN_B02,62.13,49.7,399.63,88.75,50.028,0.914,22.1,8913.2,RUNNING
2024-01-20 23:00:00,GEN_M01,54.7,43.8,398.75,78.14,50.059,0.9,24.7,14091.7,RUNNING
2024-01-20 23:00:00,GEN_M02,49.14,39.3,398.64,70.19,50.07,0.897,25.1,14100.2,RUNNING
2024-01-20 23:00:00,GEN_M03,51.35,41.1,397.96,73.35,50.08,0.931,22.5,8442.0,RUNNING
2024-01-20 23:00:00,GEN_B01,63.06,50.4,401.19,90.08,49.956,0.907,23.3,13011.1,RUNNING
2024-01-20 23:00:00,GEN_B02,61.94,49.5,399.33,88.48,50.008,0.903,22.8,14846.7,RUNNING
2024-01-21 00:00:00,GEN_M01,66.53,53.2,398.83,95.05,49.975,0.863,19.9,11653.5,RUNNING
2024-01-21 00:00:00,GEN_M02,45.78,36.6,402.32,65.4,50.022,0.926,27.8,10900.1,RUNNING
2024-01-21 00:00:00,GEN_M03,45.79,36.6,400.92,65.42,50.014,0.902,24.9,12367.0,RUNNING
2024-01-21 00:00:00,GEN_B01,63.28,50.6,399.16,90.4,50.054,0.923,26.7,13343.1,RUNNING
2024-01-21 00:00:00,GEN_B02,55.34,44.3,399.88,79.06,50.049,0.911,23.0,10377.0,RUNNING
2024-01-21 01:00:00,GEN_M01,62.95,50.4,399.47,89.93,50.075,0.929,27.5,8626.6,RUNNING
2024-01-21 01:00:00,GEN_M02,55.59,44.5,398.11,79.41,49.989,0.904,24.3,10426.5,RUNNING
2024-01-21 01:00:00,GEN_M03,60.64,48.5,399.81,86.64,49.951,0.935,28.1,10901.3,RUNNING
2024-01-21 01:00:00,GEN_B01,53.22,42.6,401.09,76.03,49.986,0.891,23.1,10293.6,RUNNING
2024-01-21 01:00:00,GEN_B02,60.38,48.3,398.21,86.26,49.884,0.932,27.1,9043.6,RUNNING
2024-01-21 02:00:00,GEN_M01,53.97,43.2,399.53,77.1,50.012,0.905,24.3,8513.6,RUNNING
2024-01-21 02:00:00,GEN_M02,67.32,53.9,400.67,96.17,50.032,0.905,21.7,12965.6,RUNNING
2024-01-21 02:00:00,GEN_M03,48.82,39.1,401.33,69.74,50.002,0.884,23.5,13208.6,RUNNING
2024-01-21 02:00:00,GEN_B01,69.35,55.5,399.4,99.08,50.013,0.933,23.6,11065.9,RUNNING
2024-01-21 02:00:00,GEN_B02,62.44,50.0,399.79,89.21,50.039,0.939,26.2,10910.1,RUNNING
2024-01-21 03:00:00,GEN_M01,45.89,36.7,399.61,65.55,50.096,0.914,22.4,13595.0,RUNNING
2024-01-21 03:00:00,GEN_M02,54.0,43.2,399.37,77.14,50.069,0.921,22.3,9688.6,RUNNING
2024-01-21 03:00:00,GEN_M03,70.73,56.6,398.72,101.04,49.967,1.01,24.8,12948.3,RUNNING
2024-01-21 03:00:00,GEN_B01,51.58,41.3,401.65,73.68,50.094,0.957,27.8,14630.7,RUNNING
2024-01-21 03:00:00,GEN_B02,45.16,36.1,398.49,64.51,49.953,0.926,22.5,14176.4,RUNNING
2024-01-21 04:00:00,GEN_M01,52.0,41.6,402.86,74.28,50.0,0.959,28.8,10316.8,RUNNING
2024-01-21 04:00:00,GEN_M02,67.41,53.9,399.03,96.3,50.01,0.922,24.3,14741.4,RUNNING
2024-01-21 04:00:00,GEN_M03,47.16,37.7,399.34,67.37,50.01,0.939,25.5,10172.2,RUNNING
2024-01-21 04:00:00,GEN_B01,47.07,37.7,401.35,67.24,49.964,0.909,23.7,13420.1,RUNNING
2024-01-21 04:00:00,GEN_B02,52.56,42.0,402.96,75.08,49.996,0.942,25.6,14473.8,RUNNING
2024-01-21 05:00:00,GEN_M01,68.79,55.0,399.97,98.26,50.032,0.894,26.7,9819.2,RUNNING
2024-01-21 05:00:00,GEN_M02,73.05,58.4,398.76,104.36,49.948,0.931,23.1,12723.2,RUNNING
2024-01-21 05:00:00,GEN_M03,57.32,45.9,398.79,81.89,50.068,0.916,21.9,11194.1,RUNNING
2024-01-21 05:00:00,GEN_B01,48.99,39.2,398.55,69.99,49.972,0.924,24.1,14384.2,RUNNING
2024-01-21 05:00:00,GEN_B02,60.09,48.1,399.97,85.84,49.971,0.907,21.5,12960.2,RUNNING
2024-01-21 06:00:00,GEN_M01,82.58,66.1,402.07,117.97,50.059,0.944,23.6,11735.4,RUNNING
2024-01-21 06:00:00,GEN_M02,76.3,61.0,399.09,109.0,49.941,0.919,24.4,14074.0,RUNNING
2024-01-21 06:00:00,GEN_M03,87.9,70.3,398.11,125.57,50.02,0.905,26.9,13832.0,RUNNING
2024-01-21 06:00:00,GEN_B01,69.05,55.2,402.35,98.64,50.027,0.912,24.0,12352.8,RUNNING
2024-01-21 06:00:00,GEN_B02,71.92,57.5,400.39,102.75,50.001,0.903,28.4,13790.4,RUNNING
2024-01-21 07:00:00,GEN_M01,93.05,74.4,401.25,132.92,50.046,0.907,23.7,14564.2,RUNNING
2024-01-21 07:00:00,GEN_M02,67.08,53.7,397.64,95.83,50.008,0.911,25.9,13835.9,RUNNING
2024-01-21 07:00:00,GEN_M03,93.44,74.7,401.5,133.48,50.103,0.899,23.7,8492.0,RUNNING
2024-01-21 07:00:00,GEN_B01,84.17,67.3,400.1,120.24,50.003,0.936,30.2,8453.2,RUNNING
2024-01-21 07:00:00,GEN_B02,81.66,65.3,401.7,116.66,49.9,0.912,21.3,10833.1,RUNNING
2024-01-21 08:00:00,GEN_M01,74.31,59.5,398.72,106.16,49.939,0.925,26.5,12479.3,RUNNING
2024-01-21 08:00:00,GEN_M02,79.42,63.5,399.46,113.46,49.985,0.929,25.6,10943.6,RUNNING
2024-01-21 08:00:00,GEN_M03,87.8,70.2,401.32,125.42,50.002,0.902,25.8,12961.1,RUNNING
2024-01-21 08:00:00,GEN_B01,76.63,61.3,401.21,109.46,49.984,0.922,23.7,12267.1,RUNNING
2024-01-21 08:00:00,GEN_B02,68.84,55.1,401.88,98.34,50.007,0.897,23.5,9952.5,RUNNING
2024-01-21 09:00:00,GEN_M01,73.06,58.4,401.49,104.37,50.001,0.97,26.1,10675.5,RUNNING
2024-01-21 09:00:00,GEN_M02,73.09,58.5,400.5,104.42,49.976,0.953,22.7,9529.3,RUNNING
2024-01-21 09:00:00,GEN_M03,95.91,76.7,401.88,137.02,49.972,0.942,23.4,13307.0,RUNNING
2024-01-21 09:00:00,GEN_B01,86.0,68.8,398.95,122.85,49.995,0.924,24.8,10695.7,RUNNING
2024-01-21 09:00:00,GEN_B02,91.58,73.3,400.99,130.82,49.955,0.894,24.8,9894.9,RUNNING
2024-01-21 10:00:00,GEN_M01,94.1,75.3,397.68,134.43,49.976,0.928,24.4,14550.7,RUNNING
2024-01-21 10:00:00,GEN_M02,75.92,60.7,398.59,108.46,49.985,0.948,24.3,11023.5,RUNNING
2024-01-21 10:00:00,GEN_M03,92.16,73.7,401.39,131.66,49.972,0.885,25.2,10065.9,RUNNING
2024-01-21 10:00:00,GEN_B01,87.09,69.7,400.9,124.42,50.007,0.936,22.1,14440.1,RUNNING
2024-01-21 10:00:00,GEN_B02,87.94,70.4,399.89,125.63,49.974,0.916,23.9,13872.0,RUNNING
2024-01-21 11:00:00,GEN_M01,71.58,57.3,401.92,102.25,50.006,0.925,23.1,10952.6,RUNNING
2024-01-21 11:00:00,GEN_M02,82.69,66.2,398.99,118.13,50.084,0.935,26.3,12254.8,RUNNING
2024-01-21 11:00:00,GEN_M03,72.17,57.7,400.79,103.1,49.984,0.934,22.2,10842.0,RUNNING
2024-01-21 11:00:00,GEN_B01,92.44,74.0,400.1,132.06,50.039,0.908,29.1,8485.9,MAINTENANCE
2024-01-21 11:00:00,GEN_B02,81.44,65.2,401.2,116.35,50.06,0.918,24.3,12264.7,RUNNING
2024-01-21 12:00:00,GEN_M01,89.72,71.8,399.08,128.17,49.959,0.939,23.7,9524.8,RUNNING
2024-01-21 12:00:00,GEN_M02,69.13,55.3,400.03,98.76,50.067,0.943,26.3,12375.2,RUNNING
2024-01-21 12:00:00,GEN_M03,82.69,66.1,398.42,118.12,49.896,0.898,22.4,10516.4,RUNNING
2024-01-21 12:00:00,GEN_B01,81.94,65.6,399.54,117.05,49.944,0.919,25.7,10689.6,RUNNING
2024-01-21 12:00:00,GEN_B02,94.68,75.7,402.66,135.25,50.072,0.908,24.2,13916.7,RUNNING
2024-01-21 13:00:00,GEN_M01,70.14,56.1,401.73,100.2,49.975,0.938,24.6,10371.9,RUNNING
2024-01-21 13:00:00,GEN_M02,74.49,59.6,400.23,106.41,49.966,0.913,26.1,12220.3,RUNNING
2024-01-21 13:00:00,GEN_M03,80.54,64.4,395.82,115.06,49.999,0.905,23.7,10984.2,RUNNING
2024-01-21 13:00:00,GEN_B01,70.27,56.2,399.01,100.39,49.961,0.93,25.7,14961.0,RUNNING
2024-01-21 13:00:00,GEN_B02,70.85,56.7,402.59,101.21,50.029,0.915,21.8,14783.0,RUNNING
2024-01-21 14:00:00,GEN_M01,90.98,72.8,400.55,129.98,49.975,0.916,23.2,14838.0,RUNNING
2024-01-21 14:00:00,GEN_M02,82.86,66.3,401.1,118.37,50.024,0.89,24.7,10939.5,RUNNING
2024-01-21 14:00:00,GEN_M03,99.54,79.6,399.69,142.19,49.973,0.909,23.0,14753.2,RUNNING
2024-01-21 14:00:00,GEN_B01,83.03,66.4,400.68,118.62,49.96,0.975,27.5,8314.1,RUNNING
2024-01-21 14:00:00,GEN_B02,95.37,76.3,402.49,136.24,49.956,0.949,23.8,12272.9,RUNNING
2024-01-21 15:00:00,GEN_M01,83.26,66.6,401.91,118.94,49.93,0.899,22.4,12984.8,RUNNING
2024-01-21 15:00:00,GEN_M02,81.58,65.3,400.22,116.54,50.03,0.933,24.4,11482.1,RUNNING
2024-01-21 15:00:00,GEN_M03,92.19,73.8,400.92,131.7,49.943,0.906,23.7,11165.2,RUNNING
2024-01-21 15:00:00,GEN_B01,69.17,55.3,400.07,98.81,50.057,0.943,21.7,11433.7,RUNNING
2024-01-21 15:00:00,GEN_B02,82.36,65.9,396.15,117.66,49.978,0.937,24.4,14748.2,RUNNING
2024-01-21 16:00:00,GEN_M01,96.89,77.5,400.69,138.41,50.052,0.92,23.0,14336.0,RUNNING
2024-01-21 16:00:00,GEN_M02,58.42,46.7,399.62,83.45,49.942,0.869,22.8,11490.2,RUNNING
2024-01-21 16:00:00,GEN_M03,97.23,77.8,399.47,138.9,49.996,0.931,26.4,13911.6,RUNNING
2024-01-21 16:00:00,GEN_B01,90.92,72.7,398.5,129.88,49.997,0.924,24.1,14074.8,RUNNING
2024-01-21 16:00:00,GEN_B02,69.23,55.4,400.67,98.91,49.98,0.917,22.0,8071.2,RUNNING
2024-01-21 17:00:00,GEN_M01,77.65,62.1,401.89,110.93,49.938,0.909,27.7,13042.2,RUNNING
2024-01-21 17:00:00,GEN_M02,80.84,64.7,398.98,115.48,49.974,0.926,22.4,9513.3,RUNNING
2024-01-21 17:00:00,GEN_M03,98.29,78.6,401.55,140.41,49.928,0.949,24.5,8544.0,RUNNING
2024-01-21 17:00:00,GEN_B01,65.25,52.2,399.74,93.21,50.009,0.902,26.1,10833.8,RUNNING
2024-01-21 17:00:00,GEN_B02,78.06,62.4,397.7,111.51,50.136,0.893,23.4,9924.9,RUNNING
2024-01-21 18:00:00,GEN_M01,61.28,49.0,400.26,87.54,50.063,0.928,24.9,13915.8,RUNNING
2024-01-21 18:00:00,GEN_M02,79.75,63.8,402.25,113.93,50.046,0.895,22.8,14865.7,RUNNING
2024-01-21 18:00:00,GEN_M03,77.79,62.2,401.25,111.13,49.99,0.914,26.2,11717.5,RUNNING
2024-01-21 18:00:00,GEN_B01,96.24,77.0,400.52,137.49,50.035,0.865,21.4,8677.0,RUNNING
2024-01-21 18:00:00,GEN_B02,79.04,63.2,399.78,112.92,50.07,0.911,22.9,14703.5,RUNNING
2024-01-21 19:00:00,GEN_M01,63.49,50.8,401.14,90.7,50.0,0.927,23.1,14657.5,RUNNING
2024-01-21 19:00:00,GEN_M02,36.99,29.6,400.63,52.85,49.898,0.909,21.9,9823.0,RUNNING
2024-01-21 19:00:00,GEN_M03,55.84,44.7,401.51,79.77,49.952,0.908,25.2,10823.2,RUNNING
2024-01-21 19:00:00,GEN_B01,57.31,45.9,401.52,81.88,49.956,0.895,26.6,12037.7,RUNNING
2024-01-21 19:00:00,GEN_B02,56.41,45.1,401.71,80.59,49.963,0.916,25.3,11287.5,RUNNING
2024-01-21 20:00:00,GEN_M01,46.74,37.4,398.59,66.78,50.018,0.902,23.4,13898.4,RUNNING
2024-01-21 20:00:00,GEN_M02,58.28,46.6,396.81,83.26,50.015,0.923,23.2,14258.7,RUNNING
2024-01-21 20:00:00,GEN_M03,60.13,48.1,398.83,85.9,50.02,0.95,23.3,9531.5,RUNNING
2024-01-21 20:00:00,GEN_B01,56.33,45.1,401.45,80.48,50.045,0.934,21.6,14537.3,RUNNING
2024-01-21 20:00:00,GEN_B02,62.95,50.4,401.48,89.93,50.003,0.894,27.9,14355.1,RUNNING
2024-01-21 21:00:00,GEN_M01,57.42,45.9,399.86,82.02,50.105,0.885,27.4,8019.3,RUNNING
2024-01-21 21:00:00,GEN_M02,59.4,47.5,397.14,84.85,49.99,0.891,23.1,14475.6,RUNNING
2024-01-21 21:00:00,GEN_M03,55.04,44.0,401.68,78.63,49.925,0.938,24.8,14766.9,RUNNING
2024-01-21 21:00:00,GEN_B01,56.99,45.6,399.35,81.41,49.933,0.896,26.8,13323.2,RUNNING
2024-01-21 21:00:00,GEN_B02,46.56,37.2,400.94,66.52,49.924,0.924,23.6,9817.7,RUNNING
2024-01-21 22:00:00,GEN_M01,54.72,43.8,395.6,78.17,50.067,0.927,26.1,9946.8,RUNNING
2024-01-21 22:00:00,GEN_M02,61.63,49.3,399.88,88.04,50.002,0.942,25.8,12618.2,RUNNING
2024-01-21 22:00:00,GEN_M03,57.4,45.9,399.72,82.01,50.021,0.94,23.3,13331.4,RUNNING
2024-01-21 22:00:00,GEN_B01,45.25,36.2,401.4,64.64,50.025,0.939,24.2,9231.6,RUNNING
2024-01-21 22:00:00,GEN_B02,50.18,40.1,400.03,71.68,49.923,0.915,23.1,11833.7,RUNNING
2024-01-21 23:00:00,GEN_M01,58.15,46.5,401.75,83.07,49.952,0.917,25.9,12968.2,RUNNING
2024-01-21 23:00:00,GEN_M02,74.44,59.6,401.67,106.34,50.048,0.89,24.5,14595.4,RUNNING
2024-01-21 23:00:00,GEN_M03,58.58,46.9,398.32,83.68,49.976,0.918,23.2,8339.5,RUNNING
2024-01-21 23:00:00,GEN_B01,65.14,52.1,402.09,93.05,50.043,0.9,28.3,8527.2,RUNNING
2024-01-21 23:00:00,GEN_B02,53.18,42.5,401.08,75.98,50.027,0.941,25.8,13147.4,RUNNING
2024-01-22 00:00:00,GEN_M01,51.03,40.8,400.8,72.9,50.061,0.93,22.6,12869.4,RUNNING
2024-01-22 00:00:00,GEN_M02,56.41,45.1,398.14,80.58,49.996,0.922,22.2,14621.5,RUNNING
2024-01-22 00:00:00,GEN_M03,54.63,43.7,399.78,78.05,50.091,0.922,25.6,14769.8,RUNNING
2024-01-22 00:00:00,GEN_B01,73.81,59.0,399.68,105.44,49.955,0.891,25.2,8714.9,RUNNING
2024-01-22 00:00:00,GEN_B02,48.81,39.1,400.59,69.73,49.974,0.924,22.7,12684.4,RUNNING
2024-01-22 01:00:00,GEN_M01,65.86,52.7,399.77,94.09,49.973,0.939,22.1,11178.7,RUNNING
2024-01-22 01:00:00,GEN_M02,55.44,44.4,400.34,79.21,49.932,0.896,27.6,13778.9,RUNNING
2024-01-22 01:00:00,GEN_M03,68.8,55.0,398.59,98.28,50.074,0.94,23.2,8869.4,RUNNING
2024-01-22 01:00:00,GEN_B01,65.81,52.6,397.71,94.01,50.007,0.927,22.6,10772.5,RUNNING
2024-01-22 01:00:00,GEN_B02,58.98,47.2,398.36,84.26,50.043,0.911,26.2,9521.7,MAINTENANCE
2024-01-22 02:00:00,GEN_M01,50.15,40.1,397.83,71.64,50.002,0.905,23.2,12948.8,RUNNING
2024-01-22 02:00:00,GEN_M02,62.15,49.7,400.78,88.78,50.07,0.907,25.2,14696.7,RUNNING
2024-01-22 02:00:00,GEN_M03,45.09,36.1,397.87,64.41,50.123,0.949,24.9,14720.7,RUNNING
2024-01-22 02:00:00,GEN_B01,72.48,58.0,401.32,103.54,49.939,0.869,23.5,9951.1,RUNNING
2024-01-22 02:00:00,GEN_B02,67.33,53.9,397.9,96.19,50.065,0.939,28.1,8930.0,RUNNING
2024-01-22 03:00:00,GEN_M01,44.48,35.6,398.16,63.54,49.995,0.906,26.0,14391.8,RUNNING
2024-01-22 03:00:00,GEN_M02,59.8,47.8,399.2,85.43,49.989,0.961,24.0,12698.6,RUNNING
2024-01-22 03:00:00,GEN_M03,53.12,42.5,397.88,75.89,50.112,0.913,24.2,12807.3,RUNNING
2024-01-22 03:00:00,GEN_B01,69.23,55.4,400.41,98.89,50.104,0.923,21.1,14388.8,MAINTENANCE
2024-01-22 03:00:00,GEN_B02,46.98,37.6,400.31,67.12,50.067,0.913,23.2,9972.5,RUNNING
2024-01-22 04:00:00,GEN_M01,45.42,36.3,402.16,64.89,50.003,0.926,23.5,10369.9,RUNNING
2024-01-22 04:00:00,GEN_M02,58.34,46.7,398.75,83.34,50.099,0.904,25.8,12912.4,RUNNING
2024-01-22 04:00:00,GEN_M03,56.85,45.5,400.34,81.21,49.945,0.952,25.1,10754.6,RUNNING
2024-01-22 04:00:00,GEN_B01,62.95,50.4,400.3,89.93,50.056,0.943,25.3,9566.4,RUNNING
2024-01-22 04:00:00,GEN_B02,69.6,55.7,399.09,99.42,50.02,0.89,25.6,11201.2,RUNNING
2024-01-22 05:00:00,GEN_M01,64.17,51.3,401.56,91.66,50.005,0.933,24.9,8867.4,RUNNING
2024-01-22 05:00:00,GEN_M02,56.89,45.5,397.47,81.27,49.962,0.925,24.1,8446.9,RUNNING
2024-01-22 05:00:00,GEN_M03,54.38,43.5,399.26,77.69,49.985,0.92,22.7,10106.8,RUNNING
2024-01-22 05:00:00,GEN_B01,48.53,38.8,403.9,69.33,49.944,0.91,21.7,14102.2,RUNNING
2024-01-22 05:00:00,GEN_B02,60.13,48.1,400.36,85.9,50.003,0.914,23.6,14041.9,RUNNING
2024-01-22 06:00:00,GEN_M01,81.03,64.8,401.6,115.75,50.048,0.952,24.4,12942.0,RUNNING
2024-01-22 06:00:00,GEN_M02,63.69,51.0,400.38,90.98,50.053,0.903,22.7,13957.7,RUNNING
2024-01-22 06:00:00,GEN_M03,70.54,56.4,400.45,100.77,49.96,0.902,24.2,13182.6,RUNNING
2024-01-22 06:00:00,GEN_B01,79.9,63.9,400.98,114.14,49.958,0.888,22.7,13846.7,RUNNING
2024-01-22 06:00:00,GEN_B02,87.81,70.2,399.37,125.44,49.981,0.922,24.5,9732.9,RUNNING
2024-01-22 07:00:00,GEN_M01,70.57,56.5,398.74,100.81,50.021,0.92,21.8,8870.1,RUNNING
2024-01-22 07:00:00,GEN_M02,97.02,77.6,400.38,138.6,49.976,0.921,22.8,11489.4,RUNNING
2024-01-22 07:00:00,GEN_M03,85.83,68.7,402.64,122.61,49.993,0.921,26.8,11841.1,RUNNING
2024-01-22 07:00:00,GEN_B01,75.08,60.1,401.43,107.25,49.949,0.942,23.2,10069.6,RUNNING
2024-01-22 07:00:00,GEN_B02,84.59,67.7,402.19,120.85,49.988,0.912,23.2,14697.4,RUNNING
2024-01-22 08:00:00,GEN_M01,70.94,56.8,399.07,101.35,50.042,0.902,23.3,11036.1,RUNNING
2024-01-22 08:00:00,GEN_M02,63.69,51.0,400.02,90.99,50.025,0.931,27.2,8707.9,RUNNING
2024-01-22 08:00:00,GEN_M03,91.7,73.4,402.1,130.99,50.031,0.908,24.7,13317.1,RUNNING
2024-01-22 08:00:00,GEN_B01,76.28,61.0,398.8,108.97,50.016,0.918,23.6,12885.7,RUNNING
2024-01-22 08:00:00,GEN_B02,90.38,72.3,397.89,129.12,49.975,0.934,24.5,11507.5,RUNNING
2024-01-22 09:00:00,GEN_M01,69.54,55.6,399.0,99.34,50.025,0.897,24.6,11865.3,RUNNING
2024-01-22 09:00:00,GEN_M02,91.09,72.9,400.31,130.13,50.06,0.932,21.7,14563.6,RUNNING
2024-01-22 09:00:00,GEN_M03,71.23,57.0,399.32,101.76,49.97,0.951,23.2,8438.9,RUNNING
2024-01-22 09:00:00,GEN_B01,62.04,49.6,398.06,88.63,49.952,0.88,25.8,11835.6,RUNNING
2024-01-22 09:00:00,GEN_B02,75.76,60.6,401.53,108.23,50.062,0.922,22.1,8477.4,RUNNING
2024-01-22 10:00:00,GEN_M01,101.6,81.3,401.02,145.14,49.96,0.933,26.1,9182.7,RUNNING
2024-01-22 10:00:00,GEN_M02,83.42,66.7,398.77,119.17,49.893,0.94,24.7,13912.0,MAINTENANCE
2024-01-22 10:00:00,GEN_M03,66.23,53.0,400.5,94.61,50.016,0.914,24.7,12412.8,MAINTENANCE
2024-01-22 10:00:00,GEN_B01,83.96,67.2,401.1,119.95,50.087,0.925,25.4,8660.3,RUNNING
2024-01-22 10:00:00,GEN_B02,85.61,68.5,399.71,122.3,50.027,0.914,25.8,13129.6,RUNNING
2024-01-22 11:00:00,GEN_M01,87.96,70.4,398.44,125.66,49.969,0.932,24.7,11395.4,RUNNING
2024-01-22 11:00:00,GEN_M02,85.81,68.6,398.54,122.58,49.966,0.878,23.3,14442.0,RUNNING
2024-01-22 11:00:00,GEN_M03,94.78,75.8,399.6,135.41,49.941,0.902,20.0,11811.8,RUNNING
2024-01-22 11:00:00,GEN_B01,71.6,57.3,398.85,102.28,49.998,0.923,23.3,11474.6,RUNNING
2024-01-22 11:00:00,GEN_B02,100.21,80.2,401.42,143.15,50.018,0.932,23.8,8729.2,RUNNING
2024-01-22 12:00:00,GEN_M01,84.7,67.8,401.82,121.0,50.04,0.938,22.6,13363.7,RUNNING
2024-01-22 12:00:00,GEN_M02,93.89,75.1,399.67,134.13,50.0,0.92,25.2,13102.1,RUNNING
2024-01-22 12:00:00,GEN_M03,84.21,67.4,400.58,120.3,50.149,0.897,24.6,8146.9,RUNNING
2024-01-22 12:00:00,GEN_B01,72.8,58.2,399.65,104.0,50.012,0.911,21.7,14262.3,RUNNING
2024-01-22 12:00:00,GEN_B02,75.85,60.7,399.25,108.36,50.016,0.942,24.7,13081.1,RUNNING
2024-01-22 13:00:00,GEN_M01,88.02,70.4,401.63,125.74,50.014,0.917,26.2,9256.8,RUNNING
2024-01-22 13:00:00,GEN_M02,73.53,58.8,399.21,105.04,50.037,0.927,23.7,12663.3,RUNNING
2024-01-22 13:00:00,GEN_M03,88.22,70.6,398.35,126.03,49.978,0.97,23.6,9390.6,RUNNING
2024-01-22 13:00:00,GEN_B01,79.33,63.5,398.83,113.33,50.007,0.942,24.2,8335.3,RUNNING
2024-01-22 13:00:00,GEN_B02,84.39,67.5,399.48,120.56,49.972,0.921,22.2,11251.3,RUNNING
2024-01-22 14:00:00,GEN_M01,80.37,64.3,401.31,114.81,50.029,0.959,28.0,11924.2,RUNNING
2024-01-22 14:00:00,GEN_M02,86.15,68.9,400.68,123.07,49.914,0.911,21.3,8860.2,RUNNING
2024-01-22 14:00:00,GEN_M03,77.76,62.2,398.93,111.09,50.027,0.901,26.5,8970.3,RUNNING
2024-01-22 14:00:00,GEN_B01,79.36,63.5,400.74,113.36,50.056,0.918,21.8,9219.4,MAINTENANCE
2024-01-22 14:00:00,GEN_B02,76.68,61.3,400.08,109.54,50.012,0.869,24.8,12011.5,RUNNING
2024-01-22 15:00:00,GEN_M01,70.56,56.4,400.95,100.8,50.013,0.894,24.8,8932.8,MAINTENANCE
2024-01-22 15:00:00,GEN_M02,95.72,76.6,398.11,136.74,50.017,0.908,27.0,12264.7,RUNNING
2024-01-22 15:00:00,GEN_M03,82.64,66.1,400.44,118.06,49.983,0.924,26.0,8343.3,RUNNING
2024-01-22 15:00:00,GEN_B01,94.85,75.9,398.67,135.5,49.919,0.93,24.4,8614.3,RUNNING
2024-01-22 15:00:00,GEN_B02,83.72,67.0,401.54,119.6,49.979,0.917,23.2,8110.2,RUNNING
2024-01-22 16:00:00,GEN_M01,83.61,66.9,398.29,119.44,50.024,0.923,26.8,11663.3,RUNNING
2024-01-22 16:00:00,GEN_M02,82.79,66.2,401.07,118.27,49.975,0.926,25.4,9895.9,RUNNING
2024-01-22 16:00:00,GEN_M03,78.03,62.4,400.12,111.47,50.02,0.92,25.4,9533.7,RUNNING
2024-01-22 16:00:00,GEN_B01,65.21,52.2,400.1,93.16,50.012,0.908,24.5,12528.5,RUNNING
2024-01-22 16:00:00,GEN_B02,78.51,62.8,399.58,112.16,50.0,0.911,24.8,9123.9,RUNNING
2024-01-22 17:00:00,GEN_M01,71.57,57.3,400.62,102.24,49.971,0.896,24.8,11340.7,RUNNING
2024-01-22 17:00:00,GEN_M02,87.48,70.0,401.18,124.98,49.985,0.919,28.3,13429.0,RUNNING
2024-01-22 17:00:00,GEN_M03,72.92,58.3,400.85,104.18,49.974,0.899,26.2,9635.8,RUNNING
2024-01-22 17:00:00,GEN_B01,68.04,54.4,400.18,97.2,50.011,0.904,26.4,9396.0,RUNNING
2024-01-22 17:00:00,GEN_B02,66.61,53.3,400.06,95.16,50.045,0.912,26.4,8377.2,RUNNING
2024-01-22 18:00:00,GEN_M01,78.88,63.1,401.1,112.69,50.04,0.914,25.9,11258.6,RUNNING
2024-01-22 18:00:00,GEN_M02,87.4,69.9,402.01,124.85,49.967,0.933,23.4,10002.8,RUNNING
2024-01-22 18:00:00,GEN_M03,92.54,74.0,397.02,132.19,50.026,0.931,18.9,10799.8,RUNNING
2024-01-22 18:00:00,GEN_B01,74.87,59.9,400.37,106.96,49.998,0.92,25.9,13869.9,RUNNING
2024-01-22 18:00:00,GEN_B02,86.18,68.9,397.19,123.12,50.11,0.944,24.4,9608.7,RUNNING
2024-01-22 19:00:00,GEN_M01,46.61,37.3,396.76,66.59,49.975,0.885,26.6,8722.9,RUNNING
2024-01-22 19:00:00,GEN_M02,56.85,45.5,398.87,81.21,50.031,0.929,23.2,8442.8,RUNNING
2024-01-22 19:00:00,GEN_M03,60.39,48.3,400.75,86.26,49.891,0.928,24.2,12172.9,RUNNING
2024-01-22 19:00:00,GEN_B01,55.13,44.1,399.34,78.76,50.089,0.92,19.3,14887.5,RUNNING
2024-01-22 19:00:00,GEN_B02,53.95,43.2,399.66,77.06,50.021,0.954,25.8,12134.8,RUNNING
2024-01-22 20:00:00,GEN_M01,51.32,41.1,398.81,73.32,50.018,0.935,27.8,14326.2,RUNNING
2024-01-22 20:00:00,GEN_M02,52.42,41.9,402.5,74.88,49.931,0.959,23.0,11257.4,RUNNING
2024-01-22 20:00:00,GEN_M03,53.23,42.6,399.8,76.04,49.998,0.945,23.4,8679.3,RUNNING
2024-01-22 20:00:00,GEN_B01,71.01,56.8,399.73,101.45,49.948,0.896,23.4,11662.7,RUNNING
2024-01-22 20:00:00,GEN_B02,50.0,40.0,398.23,71.43,49.945,0.904,26.1,10728.2,RUNNING
2024-01-22 21:00:00,GEN_M01,68.66,54.9,399.54,98.08,49.908,0.914,26.9,13424.0,RUNNING
2024-01-22 21:00:00,GEN_M02,69.74,55.8,400.07,99.63,49.965,0.889,22.7,13197.8,RUNNING
2024-01-22 21:00:00,GEN_M03,62.89,50.3,398.97,89.84,49.95,0.921,25.3,12561.1,RUNNING
2024-01-22 21:00:00,GEN_B01,62.22,49.8,400.4,88.88,50.001,0.899,24.5,11293.3,RUNNING
2024-01-22 21:00:00,GEN_B02,56.43,45.1,401.23,80.62,49.954,0.919,27.7,11280.5,RUNNING
2024-01-22 22:00:00,GEN_M01,64.06,51.2,403.73,91.51,50.06,0.924,25.8,9018.6,RUNNING
2024-01-22 22:00:00,GEN_M02,61.33,49.1,401.51,87.61,49.988,0.925,27.1,14660.8,RUNNING
2024-01-22 22:00:00,GEN_M03,65.56,52.4,397.81,93.65,50.012,0.917,26.1,12868.6,RUNNING
2024-01-22 22:00:00,GEN_B01,64.6,51.7,398.82,92.28,50.056,0.908,22.2,12103.9,RUNNING
2024-01-22 22:00:00,GEN_B02,52.15,41.7,400.44,74.49,50.008,0.913,28.0,9056.8,RUNNING
2024-01-22 23:00:00,GEN_M01,68.18,54.5,399.89,97.4,49.951,0.941,22.9,8342.2,RUNNING
2024-01-22 23:00:00,GEN_M02,42.69,34.1,400.92,60.98,50.017,0.906,24.2,11427.4,RUNNING
2024-01-22 23:00:00,GEN_M03,61.2,49.0,400.69,87.43,49.966,0.944,25.8,12832.0,MAINTENANCE
2024-01-22 23:00:00,GEN_B01,56.9,45.5,402.29,81.29,50.056,0.942,25.9,12267.9,RUNNING
2024-01-22 23:00:00,GEN_B02,57.7,46.2,400.45,82.42,50.013,0.932,22.0,12894.7,RUNNING
2024-01-23 00:00:00,GEN_M01,55.29,44.2,400.98,78.99,49.934,0.949,22.7,14419.4,RUNNING
2024-01-23 00:00:00,GEN_M02,54.51,43.6,397.89,77.88,50.041,0.926,25.4,9402.4,RUNNING
2024-01-23 00:00:00,GEN_M03,53.74,43.0,402.58,76.78,50.074,0.929,21.6,14405.7,RUNNING
2024-01-23 00:00:00,GEN_B01,54.57,43.7,399.14,77.96,49.944,0.951,27.7,10899.7,RUNNING
2024-01-23 00:00:00,GEN_B02,54.4,43.5,401.67,77.71,50.043,0.909,21.1,13352.5,MAINTENANCE
2024-01-23 01:00:00,GEN_M01,65.85,52.7,399.83,94.07,49.977,0.965,27.1,12512.5,RUNNING
2024-01-23 01:00:00,GEN_M02,66.48,53.2,399.24,94.97,50.004,0.941,24.8,13580.4,RUNNING
2024-01-23 01:00:00,GEN_M03,41.31,33.0,402.32,59.01,50.071,0.919,23.2,10073.5,RUNNING
2024-01-23 01:00:00,GEN_B01,76.23,61.0,400.19,108.91,49.97,0.922,28.0,11652.5,RUNNING
2024-01-23 01:00:00,GEN_B02,58.08,46.5,397.3,82.97,50.041,0.947,26.9,12998.9,RUNNING
2024-01-23 02:00:00,GEN_M01,51.07,40.9,399.54,72.96,49.985,0.908,25.1,11279.0,RUNNING
2024-01-23 02:00:00,GEN_M02,61.49,49.2,400.6,87.84,50.021,0.916,21.5,10990.0,RUNNING
2024-01-23 02:00:00,GEN_M03,39.62,31.7,401.07,56.6,49.947,0.9,22.8,13523.1,RUNNING
2024-01-23 02:00:00,GEN_B01,63.38,50.7,399.36,90.55,49.981,0.936,25.8,10901.5,RUNNING
2024-01-23 02:00:00,GEN_B02,53.0,42.4,400.38,75.71,50.043,0.88,26.1,9706.0,RUNNING
2024-01-23 03:00:00,GEN_M01,58.62,46.9,399.83,83.74,50.154,0.876,25.9,10917.1,RUNNING
2024-01-23 03:00:00,GEN_M02,44.12,35.3,400.42,63.03,50.052,0.954,23.2,13031.9,RUNNING
2024-01-23 03:00:00,GEN_M03,66.91,53.5,399.02,95.59,49.989,0.906,25.0,8441.2,RUNNING
2024-01-23 03:00:00,GEN_B01,48.54,38.8,400.94,69.34,49.991,0.947,25.2,14490.3,RUNNING
2024-01-23 03:00:00,GEN_B02,54.3,43.4,400.99,77.57,49.993,0.922,23.6,9628.0,RUNNING
2024-01-23 04:00:00,GEN_M01,37.35,29.9,397.26,53.35,49.939,0.893,24.2,9470.5,RUNNING
2024-01-23 04:00:00,GEN_M02,48.43,38.7,400.33,69.19,49.905,0.922,25.5,9114.1,RUNNING
2024-01-23 04:00:00,GEN_M03,55.79,44.6,401.15,79.7,49.921,0.915,24.6,12410.5,RUNNING
2024-01-23 04:00:00,GEN_B01,67.56,54.1,402.48,96.52,50.096,0.917,25.3,10770.3,RUNNING
2024-01-23 04:00:00,GEN_B02,79.48,63.6,399.29,113.54,49.929,0.922,21.1,10153.5,RUNNING
2024-01-23 05:00:00,GEN_M01,47.23,37.8,401.83,67.47,49.981,0.917,25.5,14059.0,RUNNING
2024-01-23 05:00:00,GEN_M02,55.96,44.8,401.85,79.95,49.959,0.914,25.8,10851.4,RUNNING
2024-01-23 05:00:00,GEN_M03,63.01,50.4,400.74,90.02,49.964,0.908,24.7,9612.6,RUNNING
2024-01-23 05:00:00,GEN_B01,61.45,49.2,399.6,87.79,49.955,0.891,21.9,8456.9,RUNNING
2024-01-23 05:00:00,GEN_B02,62.78,50.2,400.28,89.68,49.925,0.905,23.2,12046.3,RUNNING
2024-01-23 06:00:00,GEN_M01,61.49,49.2,400.62,87.84,49.969,0.937,23.8,8382.4,RUNNING
2024-01-23 06:00:00,GEN_M02,72.58,58.1,398.99,103.69,49.982,0.939,26.7,11679.1,RUNNING
2024-01-23 06:00:00,GEN_M03,63.02,50.4,400.57,90.04,49.95,0.909,22.0,13722.0,RUNNING
2024-01-23 06:00:00,GEN_B01,86.18,68.9,400.65,123.12,50.062,0.926,24.6,14031.1,RUNNING
2024-01-23 06:00:00,GEN_B02,96.64,77.3,399.21,138.05,50.065,0.925,26.0,13944.1,RUNNING
2024-01-23 07:00:00,GEN_M01,77.3,61.8,402.73,110.43,50.054,0.93,25.1,11039.6,RUNNING
2024-01-23 07:00:00,GEN_M02,81.97,65.6,400.96,117.1,50.008,0.922,25.6,10083.3,RUNNING
2024-01-23 07:00:00,GEN_M03,88.45,70.8,402.54,126.36,49.898,0.949,22.5,14218.1,RUNNING
2024-01-23 07:00:00,GEN_B01,84.89,67.9,400.83,121.27,50.04,0.913,24.9,8802.6,RUNNING
2024-01-23 07:00:00,GEN_B02,91.6,73.3,399.99,130.85,50.042,0.94,22.0,9426.7,RUNNING
2024-01-23 08:00:00,GEN_M01,90.22,72.2,402.63,128.88,49.996,0.889,22.9,13889.5,RUNNING
2024-01-23 08:00:00,GEN_M02,69.3,55.4,400.21,99.0,50.098,0.899,24.3,8859.2,RUNNING
2024-01-23 08:00:00,GEN_M03,76.32,61.1,398.3,109.03,50.029,0.928,27.6,9367.0,RUNNING
2024-01-23 08:00:00,GEN_B01,81.01,64.8,402.89,115.73,50.002,0.968,27.5,8118.5,RUNNING
2024-01-23 08:00:00,GEN_B02,77.26,61.8,402.15,110.37,49.977,0.892,25.0,11219.4,RUNNING
2024-01-23 09:00:00,GEN_M01,65.13,52.1,398.33,93.05,50.047,0.904,23.8,8746.8,RUNNING
2024-01-23 09:00:00,GEN_M02,76.34,61.1,398.4,109.05,49.991,0.948,24.8,14444.3,RUNNING
2024-01-23 09:00:00,GEN_M03,85.53,68.4,402.99,122.19,49.959,0.924,23.4,14187.5,RUNNING
2024-01-23 09:00:00,GEN_B01,92.28,73.8,400.44,131.83,50.016,0.875,24.2,9226.0,RUNNING
2024-01-23 09:00:00,GEN_B02,65.36,52.3,399.16,93.37,49.94,0.935,23.0,14571.4,MAINTENANCE
2024-01-23 10:00:00,GEN_M01,81.27,65.0,398.12,116.1,49.998,0.867,23.8,14232.3,MAINTENANCE
2024-01-23 10:00:00,GEN_M02,79.62,63.7,400.36,113.74,49.922,0.924,24.3,10108.2,RUNNING
2024-01-23 10:00:00,GEN_M03,88.43,70.7,400.08,126.33,49.959,0.924,28.2,14654.4,RUNNING
2024-01-23 10:00:00,GEN_B01,90.64,72.5,404.11,129.49,49.964,0.925,25.5,8146.7,RUNNING
2024-01-23 10:00:00,GEN_B02,96.74,77.4,397.07,138.2,50.0,0.95,27.2,8135.9,RUNNING
2024-01-23 11:00:00,GEN_M01,110.16,88.1,399.45,157.37,49.95,0.964,25.6,9558.0,RUNNING
2024-01-23 11:00:00,GEN_M02,79.22,63.4,400.82,113.17,49.955,0.908,24.8,10690.2,RUNNING
2024-01-23 11:00:00,GEN_M03,64.72,51.8,402.13,92.46,50.011,0.918,25.1,12573.2,RUNNING
2024-01-23 11:00:00,GEN_B01,93.71,75.0,399.18,133.87,50.052,0.945,24.8,11935.6,RUNNING
2024-01-23 11:00:00,GEN_B02,67.87,54.3,401.51,96.95,49.972,0.939,24.8,9600.1,RUNNING
2024-01-23 12:00:00,GEN_M01,71.27,57.0,398.58,101.82,50.081,0.944,25.3,14586.5,RUNNING
2024-01-23 12:00:00,GEN_M02,94.58,75.7,401.49,135.12,50.019,0.931,21.8,10971.1,RUNNING
2024-01-23 12:00:00,GEN_M03,79.99,64.0,398.6,114.27,49.991,0.93,24.9,10525.9,RUNNING
2024-01-23 12:00:00,GEN_B01,78.0,62.4,400.99,111.42,49.972,0.902,26.5,11138.4,RUNNING
2024-01-23 12:00:00,GEN_B02,91.72,73.4,401.74,131.03,49.969,0.934,24.1,11195.2,RUNNING
2024-01-23 13:00:00,GEN_M01,74.08,59.3,397.69,105.82,49.991,0.922,22.9,12616.8,RUNNING
2024-01-23 13:00:00,GEN_M02,93.45,74.8,400.5,133.5,49.939,0.923,25.7,12279.4,RUNNING
2024-01-23 13:00:00,GEN_M03,87.22,69.8,398.45,124.6,49.984,0.929,26.7,11191.5,RUNNING
2024-01-23 13:00:00,GEN_B01,80.43,64.3,398.31,114.89,50.08,0.902,25.6,13201.5,RUNNING
2024-01-23 13:00:00,GEN_B02,62.06,49.7,401.13,88.66,50.002,0.917,25.4,11056.0,RUNNING
2024-01-23 14:00:00,GEN_M01,83.21,66.6,400.52,118.88,50.031,0.952,26.8,8268.4,RUNNING
2024-01-23 14:00:00,GEN_M02,84.54,67.6,398.77,120.77,50.101,0.931,24.0,9951.7,RUNNING
2024-01-23 14:00:00,GEN_M03,93.78,75.0,402.78,133.97,49.862,0.948,22.1,8632.6,RUNNING
2024-01-23 14:00:00,GEN_B01,86.12,68.9,401.06,123.03,49.955,0.886,28.0,9618.2,RUNNING
2024-01-23 14:00:00,GEN_B02,83.02,66.4,397.72,118.6,49.997,0.909,24.2,14333.4,RUNNING
2024-01-23 15:00:00,GEN_M01,81.34,65.1,402.24,116.2,50.045,0.906,25.7,12069.8,RUNNING
2024-01-23 15:00:00,GEN_M02,67.93,54.3,402.79,97.04,50.002,0.888,25.0,14124.4,RUNNING
2024-01-23 15:00:00,GEN_M03,81.55,65.2,401.3,116.5,50.026,0.917,21.8,9683.1,RUNNING
2024-01-23 15:00:00,GEN_B01,81.33,65.1,397.92,116.19,50.057,0.912,22.7,14001.3,RUNNING
2024-01-23 15:00:00,GEN_B02,82.92,66.3,397.49,118.46,49.971,0.928,21.9,10198.1,RUNNING
2024-01-23 16:00:00,GEN_M01,102.52,82.0,398.87,146.46,50.095,0.919,20.5,11617.3,RUNNING
2024-01-23 16:00:00,GEN_M02,74.19,59.4,400.29,105.99,49.967,0.9,23.5,8814.9,RUNNING
2024-01-23 16:00:00,GEN_M03,81.36,65.1,401.28,116.22,50.056,0.912,24.9,13276.8,RUNNING
2024-01-23 16:00:00,GEN_B01,86.24,69.0,398.46,123.21,50.025,0.886,23.3,10830.3,RUNNING
2024-01-23 16:00:00,GEN_B02,67.89,54.3,401.65,96.98,50.034,0.909,22.5,10991.4,RUNNING
2024-01-23 17:00:00,GEN_M01,88.54,70.8,399.69,126.49,49.995,0.895,21.4,13338.7,RUNNING
2024-01-23 17:00:00,GEN_M02,84.92,67.9,400.67,121.31,50.014,0.935,24.8,8530.1,RUNNING
2024-01-23 17:00:00,GEN_M03,79.46,63.6,402.01,113.51,49.898,0.938,23.0,9372.1,RUNNING
2024-01-23 17:00:00,GEN_B01,83.87,67.1,398.78,119.81,49.958,0.916,21.2,12114.1,RUNNING
2024-01-23 17:00:00,GEN_B02,73.21,58.6,400.82,104.58,50.043,0.931,20.2,10423.9,RUNNING
2024-01-23 18:00:00,GEN_M01,73.77,59.0,398.19,105.38,49.994,0.89,23.4,13171.1,RUNNING
2024-01-23 18:00:00,GEN_M02,79.25,63.4,400.31,113.21,49.966,0.926,21.7,12648.5,RUNNING
2024-01-23 18:00:00,GEN_M03,55.97,44.8,399.55,79.96,50.023,0.887,22.5,13398.4,RUNNING
2024-01-23 18:00:00,GEN_B01,71.43,57.1,400.67,102.04,50.017,0.924,25.0,14186.9,RUNNING
2024-01-23 18:00:00,GEN_B02,81.81,65.4,396.64,116.87,50.077,0.876,25.5,14424.1,RUNNING
2024-01-23 19:00:00,GEN_M01,48.16,38.5,399.96,68.79,50.04,0.94,18.2,10299.7,RUNNING
2024-01-23 19:00:00,GEN_M02,51.63,41.3,398.45,73.76,49.956,0.929,23.4,12800.2,RUNNING
2024-01-23 19:00:00,GEN_M03,57.24,45.8,401.32,81.77,49.913,0.903,25.6,13923.9,RUNNING
2024-01-23 19:00:00,GEN_B01,54.51,43.6,398.99,77.88,50.046,0.96,24.2,14402.8,RUNNING
2024-01-23 19:00:00,GEN_B02,57.65,46.1,400.04,82.35,50.049,0.907,20.5,11143.2,RUNNING
2024-01-23 20:00:00,GEN_M01,55.79,44.6,403.14,79.71,49.976,0.897,22.4,11554.6,RUNNING
2024-01-23 20:00:00,GEN_M02,55.55,44.4,398.69,79.35,50.074,0.931,25.2,9054.2,RUNNING
2024-01-23 20:00:00,GEN_M03,64.11,51.3,401.24,91.58,49.956,0.91,24.9,10687.7,RUNNING
2024-01-23 20:00:00,GEN_B01,66.35,53.1,399.35,94.78,49.965,0.926,24.7,14802.9,RUNNING
2024-01-23 20:00:00,GEN_B02,64.81,51.8,399.52,92.58,50.026,0.913,25.1,10893.4,RUNNING
2024-01-23 21:00:00,GEN_M01,59.34,47.5,397.69,84.77,50.061,0.907,25.8,12561.6,RUNNING
2024-01-23 21:00:00,GEN_M02,58.98,47.2,398.12,84.26,49.991,0.896,22.2,8756.9,RUNNING
2024-01-23 21:00:00,GEN_M03,48.29,38.6,402.24,68.98,49.993,0.923,25.1,11049.3,RUNNING
2024-01-23 21:00:00,GEN_B01,65.18,52.1,401.28,93.12,50.065,0.926,26.4,13073.5,RUNNING
2024-01-23 21:00:00,GEN_B02,51.88,41.5,401.7,74.11,50.055,0.921,26.4,14977.8,RUNNING
2024-01-23 22:00:00,GEN_M01,50.88,40.7,401.41,72.68,50.051,0.911,24.6,12576.1,RUNNING
2024-01-23 22:00:00,GEN_M02,58.62,46.9,401.18,83.74,49.943,0.941,22.6,8063.0,RUNNING
2024-01-23 22:00:00,GEN_M03,58.66,46.9,401.04,83.81,49.97,0.935,22.7,13512.4,RUNNING
2024-01-23 22:00:00,GEN_B01,54.19,43.4,398.53,77.42,49.978,0.947,20.8,12792.1,RUNNING
2024-01-23 22:00:00,GEN_B02,68.65,54.9,399.72,98.07,49.979,0.907,23.1,9184.9,RUNNING
2024-01-23 23:00:00,GEN_M01,42.44,34.0,403.17,60.63,49.975,0.924,24.1,14131.9,RUNNING
2024-01-23 23:00:00,GEN_M02,63.05,50.4,400.44,90.07,49.982,0.915,24.8,10266.7,RUNNING
2024-01-23 23:00:00,GEN_M03,49.05,39.2,397.89,70.07,50.048,0.913,26.2,12437.2,RUNNING
2024-01-23 23:00:00,GEN_B01,63.22,50.6,401.08,90.31,49.886,0.894,23.3,10057.9,RUNNING
2024-01-23 23:00:00,GEN_B02,65.94,52.8,398.61,94.2,49.992,0.913,22.8,10244.9,RUNNING
2024-01-24 00:00:00,GEN_M01,66.45,53.2,400.69,94.93,50.058,0.912,24.8,11770.7,RUNNING
2024-01-24 00:00:00,GEN_M02,46.79,37.4,399.05,66.84,49.969,0.937,24.3,12967.1,RUNNING
2024-01-24 00:00:00,GEN_M03,62.2,49.8,400.2,88.85,49.991,0.944,25.1,8886.0,RUNNING
2024-01-24 00:00:00,GEN_B01,53.45,42.8,399.65,76.35,49.96,0.936,22.7,11662.7,RUNNING
2024-01-24 00:00:00,GEN_B02,57.24,45.8,399.34,81.78,50.013,0.929,20.4,11003.9,RUNNING
2024-01-24 01:00:00,GEN_M01,54.72,43.8,400.38,78.17,50.046,0.906,24.0,9115.2,RUNNING
2024-01-24 01:00:00,GEN_M02,53.76,43.0,400.86,76.8,49.943,0.908,26.8,9938.9,RUNNING
2024-01-24 01:00:00,GEN_M03,59.05,47.2,399.08,84.35,50.048,0.945,26.7,8044.0,RUNNING
2024-01-24 01:00:00,GEN_B01,50.75,40.6,399.59,72.5,49.946,0.922,22.2,13514.0,RUNNING
2024-01-24 01:00:00,GEN_B02,54.71,43.8,400.73,78.15,49.902,0.929,25.6,11349.9,RUNNING
2024-01-24 02:00:00,GEN_M01,61.42,49.1,398.73,87.74,50.04,0.954,23.7,8981.1,RUNNING
2024-01-24 02:00:00,GEN_M02,62.06,49.7,401.31,88.66,49.981,0.914,24.3,11627.6,RUNNING
2024-01-24 02:00:00,GEN_M03,64.88,51.9,398.94,92.68,50.004,0.9,21.1,10798.5,RUNNING
2024-01-24 02:00:00,GEN_B01,68.25,54.6,399.99,97.5,50.129,0.923,27.5,13325.0,RUNNING
2024-01-24 02:00:00,GEN_B02,65.83,52.7,399.79,94.05,50.026,0.904,25.0,10511.6,RUNNING
2024-01-24 03:00:00,GEN_M01,57.39,45.9,401.89,81.99,50.046,0.918,24.1,9570.2,RUNNING
2024-01-24 03:00:00,GEN_M02,69.35,55.5,397.12,99.07,49.891,0.896,22.8,13263.2,RUNNING
2024-01-24 03:00:00,GEN_M03,62.37,49.9,398.35,89.11,50.024,0.931,27.3,13051.8,RUNNING
2024-01-24 03:00:00,GEN_B01,54.09,43.3,403.17,77.27,50.026,0.939,23.2,13390.1,RUNNING
2024-01-24 03:00:00,GEN_B02,66.41,53.1,399.18,94.87,49.986,0.908,23.0,12397.5,RUNNING
2024-01-24 04:00:00,GEN_M01,52.57,42.1,399.59,75.09,49.984,0.921,25.3,9277.5,RUNNING
2024-01-24 04:00:00,GEN_M02,59.73,47.8,399.67,85.32,49.967,0.891,25.7,11534.6,RUNNING
2024-01-24 04:00:00,GEN_M03,57.83,46.3,399.28,82.62,49.931,0.921,26.1,13467.7,RUNNING
2024-01-24 04:00:00,GEN_B01,58.56,46.8,401.68,83.66,50.04,0.929,19.0,11551.5,RUNNING
2024-01-24 04:00:00,GEN_B02,48.55,38.8,399.74,69.36,50.02,0.933,23.0,13536.4,RUNNING
2024-01-24 05:00:00,GEN_M01,62.95,50.4,400.38,89.92,50.021,0.898,25.6,13405.9,RUNNING
2024-01-24 05:00:00,GEN_M02,62.53,50.0,399.23,89.33,50.046,0.897,25.4,13173.3,RUNNING
2024-01-24 05:00:00,GEN_M03,64.33,51.5,402.65,91.9,49.982,0.912,20.9,8543.0,RUNNING
2024-01-24 05:00:00,GEN_B01,55.71,44.6,398.95,79.58,50.024,0.902,22.5,10793.4,RUNNING
2024-01-24 05:00:00,GEN_B02,50.49,40.4,398.73,72.13,49.963,0.924,26.6,12464.2,RUNNING
2024-01-24 06:00:00,GEN_M01,79.62,63.7,401.42,113.75,50.046,0.925,24.6,11438.3,RUNNING
2024-01-24 06:00:00,GEN_M02,79.64,63.7,399.03,113.77,49.914,0.936,23.1,11497.9,RUNNING
2024-01-24 06:00:00,GEN_M03,79.2,63.4,397.25,113.14,49.955,0.917,28.5,9566.4,RUNNING
2024-01-24 06:00:00,GEN_B01,79.27,63.4,399.88,113.25,49.937,0.927,22.9,11489.9,RUNNING
2024-01-24 06:00:00,GEN_B02,75.25,60.2,402.63,107.49,49.983,0.948,26.0,12631.8,RUNNING
2024-01-24 07:00:00,GEN_M01,78.09,62.5,400.01,111.56,50.034,0.925,25.0,9251.3,RUNNING
2024-01-24 07:00:00,GEN_M02,78.54,62.8,399.82,112.21,50.045,0.928,25.2,14844.7,RUNNING
2024-01-24 07:00:00,GEN_M03,72.47,58.0,399.76,103.53,49.974,0.927,21.3,9678.9,RUNNING
2024-01-24 07:00:00,GEN_B01,91.78,73.4,398.95,131.12,50.001,0.948,24.3,8925.1,RUNNING
2024-01-24 07:00:00,GEN_B02,84.19,67.4,398.87,120.27,50.051,0.966,25.2,9746.4,RUNNING
2024-01-24 08:00:00,GEN_M01,83.01,66.4,399.86,118.58,49.947,0.918,25.7,14043.7,RUNNING
2024-01-24 08:00:00,GEN_M02,87.23,69.8,400.36,124.62,49.999,0.937,26.3,12477.8,MAINTENANCE
2024-01-24 08:00:00,GEN_M03,72.69,58.2,399.6,103.84,49.975,0.904,22.1,14916.4,RUNNING
2024-01-24 08:00:00,GEN_B01,99.55,79.6,399.47,142.22,50.005,0.916,28.3,8699.1,RUNNING
2024-01-24 08:00:00,GEN_B02,92.32,73.9,397.33,131.89,50.024,0.894,26.6,9017.9,RUNNING
2024-01-24 09:00:00,GEN_M01,98.83,79.1,399.57,141.19,50.026,0.941,23.5,12416.9,RUNNING
2024-01-24 09:00:00,GEN_M02,97.31,77.8,400.11,139.01,50.086,0.945,22.2,11802.9,RUNNING
2024-01-24 09:00:00,GEN_M03,77.88,62.3,399.05,111.26,50.009,0.925,24.2,13504.2,RUNNING
2024-01-24 09:00:00,GEN_B01,68.71,55.0,401.14,98.15,49.912,0.938,22.6,11069.5,RUNNING
2024-01-24 09:00:00,GEN_B02,61.13,48.9,401.99,87.33,50.003,0.915,24.6,8152.8,RUNNING
2024-01-24 10:00:00,GEN_M01,87.05,69.6,400.21,124.35,49.94,0.922,22.2,12094.4,RUNNING
2024-01-24 10:00:00,GEN_M02,79.95,64.0,401.76,114.22,49.92,0.918,24.3,13387.7,RUNNING
2024-01-24 10:00:00,GEN_M03,88.79,71.0,398.94,126.84,50.044,0.889,25.0,11438.9,RUNNING
2024-01-24 10:00:00,GEN_B01,63.9,51.1,395.54,91.28,50.066,0.923,25.3,11621.3,RUNNING
2024-01-24 10:00:00,GEN_B02,92.18,73.7,401.65,131.68,49.932,0.912,25.2,14364.6,RUNNING
2024-01-24 11:00:00,GEN_M01,72.0,57.6,400.96,102.86,50.142,0.911,27.4,10909.5,RUNNING
2024-01-24 11:00:00,GEN_M02,95.03,76.0,400.19,135.76,50.005,0.921,23.2,8752.0,RUNNING
2024-01-24 11:00:00,GEN_M03,74.73,59.8,401.42,106.75,50.088,0.903,24.0,8933.8,RUNNING
2024-01-24 11:00:00,GEN_B01,83.12,66.5,400.36,118.74,50.055,0.869,22.9,13726.7,RUNNING
2024-01-24 11:00:00,GEN_B02,86.17,68.9,401.79,123.1,50.046,0.931,22.2,9717.5,RUNNING
2024-01-24 12:00:00,GEN_M01,75.05,60.0,398.85,107.22,50.072,0.914,25.5,11172.6,RUNNING
2024-01-24 12:00:00,GEN_M02,86.27,69.0,401.58,123.24,50.048,0.913,24.1,10171.7,RUNNING
2024-01-24 12:00:00,GEN_M03,95.73,76.6,400.12,136.76,49.979,0.934,23.4,10005.3,RUNNING
2024-01-24 12:00:00,GEN_B01,82.81,66.2,398.75,118.29,50.04,0.946,20.0,13312.4,RUNNING
2024-01-24 12:00:00,GEN_B02,79.98,64.0,400.43,114.26,50.09,0.918,25.5,13487.6,RUNNING
2024-01-24 13:00:00,GEN_M01,94.68,75.7,401.1,135.26,49.899,0.939,25.7,8310.7,RUNNING
2024-01-24 13:00:00,GEN_M02,66.42,53.1,400.05,94.89,49.935,0.891,24.0,12111.7,RUNNING
2024-01-24 13:00:00,GEN_M03,86.12,68.9,399.87,123.02,49.997,0.902,26.3,12116.7,RUNNING
2024-01-24 13:00:00,GEN_B01,92.56,74.1,400.23,132.23,49.995,0.915,21.2,9644.1,RUNNING
2024-01-24 13:00:00,GEN_B02,77.16,61.7,401.23,110.23,50.02,0.918,24.7,14254.6,RUNNING
2024-01-24 14:00:00,GEN_M01,85.88,68.7,399.95,122.69,50.017,0.911,24.1,10602.7,RUNNING
2024-01-24 14:00:00,GEN_M02,89.47,71.6,398.3,127.81,49.921,0.921,25.2,10820.4,RUNNING
2024-01-24 14:00:00,GEN_M03,88.82,71.1,401.93,126.88,49.94,0.918,23.6,12759.2,RUNNING
2024-01-24 14:00:00,GEN_B01,85.25,68.2,397.59,121.78,49.998,0.928,25.0,14563.5,RUNNING
2024-01-24 14:00:00,GEN_B02,75.35,60.3,400.42,107.64,50.111,0.912,21.0,12327.2,RUNNING
2024-01-24 15:00:00,GEN_M01,96.94,77.6,399.99,138.49,49.985,0.935,25.5,11719.6,RUNNING
2024-01-24 15:00:00,GEN_M02,76.09,60.9,403.78,108.7,50.007,0.908,23.6,11787.4,RUNNING
2024-01-24 15:00:00,GEN_M03,69.8,55.8,399.4,99.71,49.999,0.897,25.3,14669.8,RUNNING
2024-01-24 15:00:00,GEN_B01,75.9,60.7,398.74,108.43,50.014,0.937,27.4,9435.6,RUNNING
2024-01-24 15:00:00,GEN_B02,80.48,64.4,399.75,114.97,50.027,0.933,26.7,10558.2,RUNNING
2024-01-24 16:00:00,GEN_M01,94.59,75.7,403.19,135.14,49.963,0.896,21.7,11228.4,RUNNING
2024-01-24 16:00:00,GEN_M02,82.57,66.1,400.71,117.96,50.002,0.928,23.7,9697.3,RUNNING
2024-01-24 16:00:00,GEN_M03,79.77,63.8,399.93,113.95,49.981,0.911,21.7,11311.7,RUNNING
2024-01-24 16:00:00,GEN_B01,84.46,67.6,398.37,120.65,50.064,0.921,28.6,9620.2,RUNNING
2024-01-24 16:00:00,GEN_B02,82.65,66.1,399.42,118.07,49.996,0.94,26.9,11618.1,RUNNING
2024-01-24 17:00:00,GEN_M01,84.66,67.7,399.94,120.94,49.863,0.928,27.0,10007.2,RUNNING
2024-01-24 17:00:00,GEN_M02,64.46,51.6,398.9,92.08,49.955,0.919,25.9,8401.3,RUNNING
2024-01-24 17:00:00,GEN_M03,74.81,59.8,399.23,106.87,50.022,0.921,21.6,12865.9,RUNNING
2024-01-24 17:00:00,GEN_B01,88.56,70.8,399.75,126.51,50.011,0.911,25.7,14587.0,RUNNING
2024-01-24 17:00:00,GEN_B02,89.03,71.2,399.97,127.18,50.147,0.907,24.3,12861.0,RUNNING
2024-01-24 18:00:00,GEN_M01,74.49,59.6,399.11,106.42,49.985,0.898,25.4,9801.8,RUNNING
2024-01-24 18:00:00,GEN_M02,86.17,68.9,397.21,123.09,49.965,0.917,25.4,10540.0,RUNNING
2024-01-24 18:00:00,GEN_M03,78.17,62.5,401.92,111.67,49.973,0.935,25.4,14676.4,RUNNING
2024-01-24 18:00:00,GEN_B01,87.62,70.1,399.47,125.16,49.91,0.921,26.4,10120.4,RUNNING
2024-01-24 18:00:00,GEN_B02,78.24,62.6,400.21,111.77,50.035,0.913,23.3,14311.7,RUNNING
2024-01-24 19:00:00,GEN_M01,59.22,47.4,399.88,84.6,49.981,0.917,23.6,9652.2,RUNNING
2024-01-24 19:00:00,GEN_M02,62.07,49.7,399.52,88.67,50.051,0.913,21.8,9379.1,RUNNING
2024-01-24 19:00:00,GEN_M03,62.47,50.0,401.97,89.24,49.943,0.935,20.8,12907.0,RUNNING
2024-01-24 19:00:00,GEN_B01,72.8,58.2,398.37,104.0,50.039,0.93,20.6,9638.7,RUNNING
2024-01-24 19:00:00,GEN_B02,62.08,49.7,402.98,88.68,50.006,0.896,22.8,9153.4,RUNNING
2024-01-24 20:00:00,GEN_M01,68.18,54.5,400.74,97.4,49.976,0.908,22.7,13406.4,RUNNING
2024-01-24 20:00:00,GEN_M02,41.92,33.5,397.68,59.89,50.04,0.887,22.1,10328.4,RUNNING
2024-01-24 20:00:00,GEN_M03,47.98,38.4,398.44,68.54,49.965,0.927,24.5,11547.3,RUNNING
2024-01-24 20:00:00,GEN_B01,38.03,30.4,398.47,54.33,50.05,0.932,21.4,10649.3,RUNNING
2024-01-24 20:00:00,GEN_B02,58.47,46.8,401.04,83.53,50.056,0.906,24.8,11226.2,RUNNING
2024-01-24 21:00:00,GEN_M01,55.39,44.3,397.52,79.13,50.055,0.897,25.4,13753.9,RUNNING
2024-01-24 21:00:00,GEN_M02,58.71,47.0,398.23,83.87,49.948,0.939,24.7,13821.6,RUNNING
2024-01-24 21:00:00,GEN_M03,51.83,41.5,400.4,74.04,50.002,0.92,21.9,9111.9,RUNNING
2024-01-24 21:00:00,GEN_B01,52.36,41.9,398.38,74.8,50.024,0.907,22.8,8945.0,RUNNING
2024-01-24 21:00:00,GEN_B02,63.52,50.8,399.38,90.74,50.05,0.913,23.5,13547.8,RUNNING
2024-01-24 22:00:00,GEN_M01,60.06,48.0,401.89,85.8,49.956,0.94,27.3,12325.7,RUNNING
2024-01-24 22:00:00,GEN_M02,67.69,54.2,399.55,96.7,49.958,0.913,25.9,12200.2,RUNNING
2024-01-24 22:00:00,GEN_M03,54.13,43.3,398.15,77.32,50.054,0.91,26.6,12247.7,RUNNING
2024-01-24 22:00:00,GEN_B01,46.62,37.3,400.05,66.6,50.022,0.924,24.4,8825.5,RUNNING
2024-01-24 22:00:00,GEN_B02,50.31,40.2,402.94,71.87,50.134,0.951,23.2,14799.3,RUNNING
2024-01-24 23:00:00,GEN_M01,59.84,47.9,398.8,85.48,49.963,0.909,23.3,11813.1,RUNNING
2024-01-24 23:00:00,GEN_M02,61.85,49.5,401.34,88.35,49.988,0.877,22.1,9775.7,RUNNING
2024-01-24 23:00:00,GEN_M03,58.4,46.7,399.25,83.43,49.998,0.918,23.5,12013.1,RUNNING
2024-01-24 23:00:00,GEN_B01,48.87,39.1,399.51,69.82,49.995,0.949,22.1,12882.5,RUNNING
2024-01-24 23:00:00,GEN_B02,58.27,46.6,400.46,83.24,49.903,0.915,24.4,11549.2,RUNNING
2024-01-25 00:00:00,GEN_M01,47.22,37.8,399.14,67.45,50.102,0.893,24.6,11040.8,RUNNING
2024-01-25 00:00:00,GEN_M02,60.94,48.7,401.6,87.05,49.946,0.933,23.7,14927.1,RUNNING
2024-01-25 00:00:00,GEN_M03,63.44,50.7,401.22,90.62,49.972,0.942,21.2,8509.7,RUNNING
2024-01-25 00:00:00,GEN_B01,58.76,47.0,401.89,83.94,49.973,0.897,25.4,9844.1,RUNNING
2024-01-25 00:00:00,GEN_B02,46.46,37.2,399.38,66.37,49.933,0.881,21.6,9619.2,RUNNING
2024-01-25 01:00:00,GEN_M01,47.73,38.2,402.92,68.19,49.998,0.927,23.1,12295.6,RUNNING
2024-01-25 01:00:00,GEN_M02,52.19,41.8,401.98,74.56,49.991,0.921,23.3,14165.4,RUNNING
2024-01-25 01:00:00,GEN_M03,54.14,43.3,399.04,77.34,49.962,0.908,24.8,10645.9,RUNNING
2024-01-25 01:00:00,GEN_B01,58.48,46.8,401.31,83.54,49.881,0.915,25.6,8348.0,RUNNING
2024-01-25 01:00:00,GEN_B02,47.98,38.4,399.97,68.55,49.905,0.901,24.9,14985.7,RUNNING
2024-01-25 02:00:00,GEN_M01,45.71,36.6,400.08,65.3,49.93,0.887,20.7,9123.8,RUNNING
2024-01-25 02:00:00,GEN_M02,52.91,42.3,400.02,75.59,49.964,0.921,22.3,12851.6,RUNNING
2024-01-25 02:00:00,GEN_M03,62.84,50.3,401.93,89.77,50.042,0.925,25.4,8956.8,RUNNING
2024-01-25 02:00:00,GEN_B01,53.0,42.4,401.05,75.71,49.964,0.919,23.8,12411.5,RUNNING
2024-01-25 02:00:00,GEN_B02,52.13,41.7,398.98,74.47,50.025,0.918,22.3,14856.1,RUNNING
2024-01-25 03:00:00,GEN_M01,53.04,42.4,399.38,75.77,50.056,0.901,24.3,9400.1,RUNNING
2024-01-25 03:00:00,GEN_M02,53.65,42.9,401.12,76.64,50.038,0.936,20.4,9846.5,RUNNING
2024-01-25 03:00:00,GEN_M03,56.47,45.2,402.15,80.67,50.006,0.91,26.8,10621.1,RUNNING
2024-01-25 03:00:00,GEN_B01,57.97,46.4,398.75,82.81,50.041,0.93,26.4,10086.8,RUNNING
2024-01-25 03:00:00,GEN_B02,55.95,44.8,397.86,79.93,50.007,0.931,24.3,10123.3,RUNNING
2024-01-25 04:00:00,GEN_M01,66.12,52.9,400.62,94.46,49.948,0.913,27.1,11778.4,RUNNING
2024-01-25 04:00:00,GEN_M02,55.89,44.7,399.86,79.85,50.013,0.911,24.3,8800.3,RUNNING
2024-01-25 04:00:00,GEN_M03,70.63,56.5,400.83,100.9,50.066,0.936,26.7,11165.1,RUNNING
2024-01-25 04:00:00,GEN_B01,57.61,46.1,398.3,82.3,49.926,0.93,23.1,9163.8,RUNNING
2024-01-25 04:00:00,GEN_B02,50.66,40.5,398.68,72.37,50.009,0.916,26.1,14982.5,RUNNING
2024-01-25 05:00:00,GEN_M01,60.05,48.0,400.14,85.78,50.008,0.925,22.0,14806.4,RUNNING
2024-01-25 05:00:00,GEN_M02,72.69,58.2,399.04,103.84,49.884,0.932,28.9,12171.2,RUNNING
2024-01-25 05:00:00,GEN_M03,57.65,46.1,401.69,82.35,50.063,0.892,23.9,11121.1,RUNNING
2024-01-25 05:00:00,GEN_B01,56.99,45.6,400.65,81.41,50.05,0.954,23.3,11005.4,RUNNING
2024-01-25 05:00:00,GEN_B02,60.59,48.5,400.77,86.56,50.019,0.961,23.6,8382.7,RUNNING
2024-01-25 06:00:00,GEN_M01,76.63,61.3,403.53,109.48,49.971,0.923,24.5,8515.6,RUNNING
2024-01-25 06:00:00,GEN_M02,71.8,57.4,400.22,102.57,49.953,0.937,25.8,14219.0,RUNNING
2024-01-25 06:00:00,GEN_M03,69.77,55.8,401.16,99.68,49.979,0.895,24.5,12681.6,RUNNING
2024-01-25 06:00:00,GEN_B01,80.83,64.7,398.08,115.48,49.978,0.911,22.9,10739.7,RUNNING
2024-01-25 06:00:00,GEN_B02,73.72,59.0,400.21,105.31,50.022,0.886,26.0,10875.2,RUNNING
2024-01-25 07:00:00,GEN_M01,57.01,45.6,396.49,81.44,50.08,0.923,24.9,10511.6,RUNNING
2024-01-25 07:00:00,GEN_M02,86.29,69.0,401.23,123.27,49.988,0.929,23.9,12581.6,RUNNING
2024-01-25 07:00:00,GEN_M03,92.27,73.8,401.05,131.82,50.098,0.895,20.0,14362.0,RUNNING
2024-01-25 07:00:00,GEN_B01,81.56,65.3,399.41,116.52,49.979,0.918,24.1,11362.4,RUNNING
2024-01-25 07:00:00,GEN_B02,81.67,65.3,399.37,116.67,49.938,0.917,26.9,9763.5,RUNNING
2024-01-25 08:00:00,GEN_M01,82.64,66.1,399.06,118.06,50.008,0.889,22.3,10336.7,RUNNING
2024-01-25 08:00:00,GEN_M02,63.83,51.1,397.3,91.19,49.976,0.929,21.8,12333.8,RUNNING
2024-01-25 08:00:00,GEN_M03,92.12,73.7,398.2,131.6,50.135,0.941,21.9,14808.7,RUNNING
2024-01-25 08:00:00,GEN_B01,87.14,69.7,400.24,124.49,50.004,0.902,20.8,13227.8,RUNNING
2024-01-25 08:00:00,GEN_B02,80.0,64.0,397.39,114.28,49.974,0.889,27.9,12523.3,RUNNING
2024-01-25 09:00:00,GEN_M01,69.16,55.3,398.98,98.79,49.889,0.95,24.3,9067.1,RUNNING
2024-01-25 09:00:00,GEN_M02,84.0,67.2,399.52,120.0,50.007,0.897,24.2,10206.8,RUNNING
2024-01-25 09:00:00,GEN_M03,88.85,71.1,401.81,126.93,50.079,0.941,25.0,9657.4,RUNNING
2024-01-25 09:00:00,GEN_B01,95.3,76.2,398.99,136.14,50.046,0.913,26.5,12691.2,RUNNING
2024-01-25 09:00:00,GEN_B02,96.26,77.0,402.7,137.52,49.977,0.928,25.3,9305.5,RUNNING
2024-01-25 10:00:00,GEN_M01,71.56,57.2,401.35,102.22,50.12,0.93,25.4,13822.0,RUNNING
2024-01-25 10:00:00,GEN_M02,88.49,70.8,400.17,126.42,50.009,0.913,23.0,8170.9,RUNNING
2024-01-25 10:00:00,GEN_M03,77.45,62.0,400.26,110.65,50.017,0.891,25.9,8107.6,RUNNING
2024-01-25 10:00:00,GEN_B01,85.48,68.4,399.4,122.12,50.104,0.874,24.8,13277.6,RUNNING
2024-01-25 10:00:00,GEN_B02,86.67,69.3,400.83,123.81,50.043,0.905,24.1,9900.4,MAINTENANCE
2024-01-25 11:00:00,GEN_M01,84.24,67.4,398.36,120.35,50.036,0.909,23.4,13621.3,RUNNING
2024-01-25 11:00:00,GEN_M02,66.27,53.0,398.8,94.67,50.051,0.923,22.7,13557.5,RUNNING
2024-01-25 11:00:00,GEN_M03,95.07,76.1,400.53,135.82,50.043,0.934,29.4,12238.0,RUNNING
2024-01-25 11:00:00,GEN_B01,84.31,67.5,398.67,120.45,50.035,0.901,23.2,9110.6,RUNNING
2024-01-25 11:00:00,GEN_B02,102.59,82.1,399.58,146.55,50.121,0.902,22.7,8328.3,RUNNING
2024-01-25 12:00:00,GEN_M01,86.24,69.0,398.29,123.2,49.99,0.914,22.7,13586.1,RUNNING
2024-01-25 12:00:00,GEN_M02,75.33,60.3,398.3,107.61,49.977,0.921,23.1,12393.5,RUNNING
2024-01-25 12:00:00,GEN_M03,89.93,71.9,400.59,128.47,49.895,0.951,26.6,12085.1,RUNNING
2024-01-25 12:00:00,GEN_B01,72.61,58.1,401.58,103.73,50.045,0.914,26.5,13901.1,RUNNING
2024-01-25 12:00:00,GEN_B02,79.95,64.0,401.25,114.21,50.03,0.869,25.5,14408.2,RUNNING
2024-01-25 13:00:00,GEN_M01,82.53,66.0,398.01,117.9,50.023,0.913,22.2,9807.4,RUNNING
2024-01-25 13:00:00,GEN_M02,87.0,69.6,402.12,124.28,50.05,0.926,22.4,12674.7,RUNNING
2024-01-25 13:00:00,GEN_M03,79.12,63.3,401.56,113.02,50.071,0.895,24.2,10139.6,RUNNING
2024-01-25 13:00:00,GEN_B01,66.23,53.0,400.9,94.61,49.999,0.909,23.6,13684.3,RUNNING
2024-01-25 13:00:00,GEN_B02,92.51,74.0,400.51,132.16,50.058,0.918,24.0,11255.3,RUNNING
2024-01-25 14:00:00,GEN_M01,101.23,81.0,400.78,144.61,49.968,0.942,21.8,8685.8,RUNNING
2024-01-25 14:00:00,GEN_M02,76.47,61.2,399.02,109.24,50.084,0.9,25.6,14540.1,RUNNING
2024-01-25 14:00:00,GEN_M03,67.79,54.2,399.11,96.85,50.0,0.914,25.6,13838.3,RUNNING
2024-01-25 14:00:00,GEN_B01,68.12,54.5,400.35,97.32,50.056,0.899,25.7,14031.7,RUNNING
2024-01-25 14:00:00,GEN_B02,79.95,64.0,398.2,114.21,49.896,0.936,23.2,10312.4,RUNNING
2024-01-25 15:00:00,GEN_M01,83.68,66.9,400.01,119.55,50.043,0.915,22.3,9690.4,RUNNING
2024-01-25 15:00:00,GEN_M02,79.64,63.7,401.84,113.77,50.01,0.955,23.6,14300.2,RUNNING
2024-01-25 15:00:00,GEN_M03,67.77,54.2,398.78,96.82,50.084,0.92,25.0,11461.6,RUNNING
2024-01-25 15:00:00,GEN_B01,78.12,62.5,401.57,111.6,50.002,0.918,29.3,11190.1,RUNNING
2024-01-25 15:00:00,GEN_B02,90.76,72.6,400.04,129.66,49.934,0.938,25.0,11720.8,RUNNING
2024-01-25 16:00:00,GEN_M01,92.25,73.8,398.75,131.79,49.907,0.933,27.4,9080.9,RUNNING
2024-01-25 16:00:00,GEN_M02,78.77,63.0,399.88,112.53,50.036,0.917,21.0,10690.9,RUNNING
2024-01-25 16:00:00,GEN_M03,81.06,64.8,399.79,115.79,49.933,0.933,19.9,10527.0,RUNNING
2024-01-25 16:00:00,GEN_B01,65.64,52.5,400.44,93.77,49.957,0.926,22.7,9785.2,RUNNING
2024-01-25 16:00:00,GEN_B02,85.3,68.2,398.1,121.86,50.012,0.919,21.5,8679.5,RUNNING
2024-01-25 17:00:00,GEN_M01,82.94,66.3,400.09,118.48,50.03,0.922,24.4,11108.9,RUNNING
2024-01-25 17:00:00,GEN_M02,100.53,80.4,401.43,143.61,49.983,0.919,23.7,11576.9,RUNNING
2024-01-25 17:00:00,GEN_M03,76.72,61.4,397.52,109.59,50.099,0.917,22.7,13414.8,RUNNING
2024-01-25 17:00:00,GEN_B01,76.62,61.3,399.09,109.46,49.95,0.943,25.1,13448.5,RUNNING
2024-01-25 17:00:00,GEN_B02,79.67,63.7,397.67,113.81,49.971,0.914,25.0,12789.4,RUNNING
2024-01-25 18:00:00,GEN_M01,93.12,74.5,399.49,133.03,50.015,0.929,26.4,12635.2,RUNNING
2024-01-25 18:00:00,GEN_M02,87.46,70.0,401.43,124.95,50.06,0.931,25.6,11141.3,RUNNING
2024-01-25 18:00:00,GEN_M03,64.74,51.8,399.75,92.48,49.998,0.944,24.6,11799.1,MAINTENANCE
2024-01-25 18:00:00,GEN_B01,76.68,61.3,399.6,109.54,49.876,0.908,20.1,14523.9,RUNNING
2024-01-25 18:00:00,GEN_B02,89.8,71.8,399.11,128.29,50.002,0.899,24.6,13865.3,RUNNING
2024-01-25 19:00:00,GEN_M01,56.23,45.0,402.77,80.33,50.003,0.923,29.6,10014.9,RUNNING
2024-01-25 19:00:00,GEN_M02,58.97,47.2,401.36,84.24,50.078,0.927,22.7,12110.4,RUNNING
2024-01-25 19:00:00,GEN_M03,57.01,45.6,399.37,81.45,50.048,0.941,21.5,9404.6,RUNNING
2024-01-25 19:00:00,GEN_B01,51.01,40.8,399.05,72.86,49.919,0.934,21.3,9278.2,RUNNING
2024-01-25 19:00:00,GEN_B02,59.21,47.4,400.08,84.58,50.003,0.917,21.4,13125.8,RUNNING
2024-01-25 20:00:00,GEN_M01,59.45,47.6,401.9,84.92,50.085,0.899,27.7,9880.9,RUNNING
2024-01-25 20:00:00,GEN_M02,60.7,48.6,399.56,86.71,49.947,0.912,26.7,9760.3,RUNNING
2024-01-25 20:00:00,GEN_M03,54.59,43.7,399.0,77.98,50.083,0.937,27.2,11555.5,RUNNING
2024-01-25 20:00:00,GEN_B01,59.22,47.4,400.85,84.6,49.917,0.926,26.3,10483.3,RUNNING
2024-01-25 20:00:00,GEN_B02,57.2,45.8,397.93,81.71,49.922,0.889,22.5,11328.2,RUNNING
2024-01-25 21:00:00,GEN_M01,61.27,49.0,399.58,87.53,49.907,0.928,22.2,12625.7,RUNNING
2024-01-25 21:00:00,GEN_M02,51.59,41.3,400.01,73.7,50.012,0.921,23.6,14092.5,RUNNING
2024-01-25 21:00:00,GEN_M03,53.05,42.4,400.64,75.78,50.06,0.934,22.2,12006.9,RUNNING
2024-01-25 21:00:00,GEN_B01,49.23,39.4,400.48,70.33,50.047,0.976,22.1,10324.1,RUNNING
2024-01-25 21:00:00,GEN_B02,63.61,50.9,399.68,90.88,50.002,0.901,28.3,12042.6,RUNNING
2024-01-25 22:00:00,GEN_M01,50.44,40.4,400.46,72.06,50.002,0.937,21.8,8627.5,RUNNING
2024-01-25 22:00:00,GEN_M02,60.35,48.3,399.17,86.22,49.993,0.92,23.4,12988.8,RUNNING
2024-01-25 22:00:00,GEN_M03,53.47,42.8,399.47,76.39,50.012,0.922,22.1,13039.3,RUNNING
2024-01-25 22:00:00,GEN_B01,59.42,47.5,398.4,84.88,49.987,0.9,24.3,11982.7,RUNNING
2024-01-25 22:00:00,GEN_B02,61.13,48.9,400.38,87.32,50.018,0.888,25.5,12359.6,RUNNING
2024-01-25 23:00:00,GEN_M01,55.7,44.6,402.92,79.57,50.046,0.926,23.6,13182.3,RUNNING
2024-01-25 23:00:00,GEN_M02,56.03,44.8,400.06,80.04,49.98,0.921,24.4,11911.0,RUNNING
2024-01-25 23:00:00,GEN_M03,41.54,33.2,400.52,59.34,49.964,0.891,26.9,9877.7,RUNNING
2024-01-25 23:00:00,GEN_B01,61.07,48.9,400.72,87.25,50.002,0.928,24.5,8267.4,RUNNING
2024-01-25 23:00:00,GEN_B02,55.35,44.3,398.55,79.08,49.881,0.916,22.5,12672.7,RUNNING
2024-01-26 00:00:00,GEN_M01,67.65,54.1,400.34,96.64,49.963,0.94,25.0,10717.5,RUNNING
2024-01-26 00:00:00,GEN_M02,55.36,44.3,398.73,79.08,49.926,0.901,22.0,9777.2,RUNNING
2024-01-26 00:00:00,GEN_M03,57.02,45.6,394.22,81.46,50.054,0.886,22.1,12640.6,RUNNING
2024-01-26 00:00:00,GEN_B01,60.67,48.5,399.24,86.67,49.965,0.95,25.5,13933.3,RUNNING
2024-01-26 00:00:00,GEN_B02,45.18,36.1,399.8,64.54,49.983,0.927,23.9,12461.0,RUNNING
2024-01-26 01:00:00,GEN_M01,57.67,46.1,400.14,82.39,49.967,0.92,24.3,9548.5,RUNNING
2024-01-26 01:00:00,GEN_M02,53.73,43.0,400.05,76.76,50.046,0.91,23.3,8378.8,RUNNING
2024-01-26 01:00:00,GEN_M03,57.73,46.2,401.5,82.47,50.009,0.925,23.7,8531.0,RUNNING
2024-01-26 01:00:00,GEN_B01,50.96,40.8,399.03,72.8,49.917,0.937,27.4,8724.2,RUNNING
2024-01-26 01:00:00,GEN_B02,55.39,44.3,400.53,79.13,50.027,0.923,27.3,13569.3,RUNNING
2024-01-26 02:00:00,GEN_M01,54.37,43.5,401.3,77.67,50.025,0.922,20.6,11688.4,MAINTENANCE
2024-01-26 02:00:00,GEN_M02,59.78,47.8,399.11,85.4,50.059,0.892,23.2,11749.7,RUNNING
2024-01-26 02:00:00,GEN_M03,42.92,34.3,399.75,61.31,50.02,0.9,23.1,8496.5,RUNNING
2024-01-26 02:00:00,GEN_B01,56.49,45.2,401.38,80.7,49.915,0.93,21.8,10720.3,RUNNING
2024-01-26 02:00:00,GEN_B02,56.64,45.3,398.94,80.92,49.97,0.91,25.8,14899.6,RUNNING
2024-01-26 03:00:00,GEN_M01,64.99,52.0,397.91,92.84,50.05,0.936,26.1,11943.8,RUNNING
2024-01-26 03:00:00,GEN_M02,55.92,44.7,401.05,79.88,50.112,0.939,25.8,10489.3,RUNNING
2024-01-26 03:00:00,GEN_M03,57.4,45.9,399.68,82.0,50.046,0.92,20.6,12322.0,RUNNING
2024-01-26 03:00:00,GEN_B01,53.23,42.6,400.71,76.04,50.007,0.923,23.7,14408.4,MAINTENANCE
2024-01-26 03:00:00,GEN_B02,50.48,40.4,403.39,72.12,50.061,0.891,22.6,8368.9,RUNNING
2024-01-26 04:00:00,GEN_M01,38.5,30.8,401.34,55.0,49.974,0.94,23.7,14446.0,RUNNING
2024-01-26 04:00:00,GEN_M02,56.7,45.4,399.57,81.0,50.034,0.919,22.4,11926.4,RUNNING
2024-01-26 04:00:00,GEN_M03,60.97,48.8,401.31,87.09,49.984,0.926,23.4,12204.3,RUNNING
2024-01-26 04:00:00,GEN_B01,49.38,39.5,403.59,70.54,50.038,0.921,27.5,13076.1,RUNNING
2024-01-26 04:00:00,GEN_B02,57.83,46.3,402.59,82.61,49.959,0.902,24.6,13032.9,RUNNING
2024-01-26 05:00:00,GEN_M01,54.48,43.6,401.13,77.82,49.94,0.903,21.7,8336.9,RUNNING
2024-01-26 05:00:00,GEN_M02,62.92,50.3,402.65,89.89,49.988,0.918,24.1,13495.4,RUNNING
2024-01-26 05:00:00,GEN_M03,65.33,52.3,396.47,93.33,50.059,0.938,24.6,10497.2,RUNNING
2024-01-26 05:00:00,GEN_B01,51.28,41.0,398.74,73.25,50.087,0.92,22.3,13647.2,RUNNING
2024-01-26 05:00:00,GEN_B02,55.98,44.8,399.03,79.97,49.929,0.928,16.8,11682.3,MAINTENANCE
2024-01-26 06:00:00,GEN_M01,60.46,48.4,401.67,86.38,50.07,0.934,22.9,8506.6,RUNNING
2024-01-26 06:00:00,GEN_M02,67.9,54.3,401.09,96.99,49.994,0.879,26.0,14620.0,RUNNING
2024-01-26 06:00:00,GEN_M03,90.79,72.6,400.52,129.69,50.003,0.951,22.3,13377.0,RUNNING
2024-01-26 06:00:00,GEN_B01,80.0,64.0,401.22,114.28,49.99,0.9,22.2,14605.4,RUNNING
2024-01-26 06:00:00,GEN_B02,94.79,75.8,399.56,135.41,49.951,0.914,26.5,8665.7,RUNNING
2024-01-26 07:00:00,GEN_M01,69.43,55.5,396.69,99.19,49.963,0.905,25.0,13444.8,RUNNING
2024-01-26 07:00:00,GEN_M02,93.12,74.5,400.34,133.03,49.994,0.941,21.3,8345.5,RUNNING
2024-01-26 07:00:00,GEN_M03,87.21,69.8,400.37,124.58,50.027,0.889,19.8,12945.4,RUNNING
2024-01-26 07:00:00,GEN_B01,68.91,55.1,400.51,98.45,49.95,0.909,24.0,10520.0,RUNNING
2024-01-26 07:00:00,GEN_B02,62.89,50.3,399.95,89.84,50.064,0.904,24.6,9801.0,RUNNING
2024-01-26 08:00:00,GEN_M01,61.86,49.5,397.32,88.38,49.989,0.94,24.7,9961.4,RUNNING
2024-01-26 08:00:00,GEN_M02,88.72,71.0,402.01,126.74,49.967,0.904,24.5,13717.6,RUNNING
2024-01-26 08:00:00,GEN_M03,93.54,74.8,397.75,133.62,50.117,0.916,21.0,13189.9,RUNNING
2024-01-26 08:00:00,GEN_B01,83.78,67.0,400.45,119.68,50.087,0.913,25.4,13742.8,RUNNING
2024-01-26 08:00:00,GEN_B02,85.9,68.7,398.07,122.71,50.016,0.913,24.0,8724.6,RUNNING
2024-01-26 09:00:00,GEN_M01,75.44,60.4,396.08,107.77,50.087,0.931,21.2,8330.6,RUNNING
2024-01-26 09:00:00,GEN_M02,80.08,64.1,395.69,114.4,49.964,0.934,22.2,12251.2,RUNNING
2024-01-26 09:00:00,GEN_M03,90.67,72.5,399.51,129.53,50.054,0.912,26.1,9816.3,RUNNING
2024-01-26 09:00:00,GEN_B01,70.61,56.5,398.89,100.86,49.948,0.934,24.8,12722.0,RUNNING
2024-01-26 09:00:00,GEN_B02,84.53,67.6,400.11,120.76,50.006,0.902,22.0,10294.6,RUNNING
2024-01-26 10:00:00,GEN_M01,101.62,81.3,401.85,145.17,49.977,0.938,22.7,14896.3,RUNNING
2024-01-26 10:00:00,GEN_M02,90.27,72.2,400.58,128.96,50.069,0.928,25.4,10901.2,RUNNING
2024-01-26 10:00:00,GEN_M03,84.73,67.8,398.6,121.05,50.029,0.89,24.1,11931.7,RUNNING
2024-01-26 10:00:00,GEN_B01,74.71,59.8,403.25,106.73,50.04,0.929,23.0,9368.9,RUNNING
2024-01-26 10:00:00,GEN_B02,86.48,69.2,397.99,123.54,49.924,0.901,23.4,14658.6,RUNNING
2024-01-26 11:00:00,GEN_M01,99.46,79.6,400.31,142.09,50.007,0.913,27.9,12950.4,RUNNING
2024-01-26 11:00:00,GEN_M02,99.99,80.0,399.88,142.84,49.978,0.912,21.7,12222.1,RUNNING
2024-01-26 11:00:00,GEN_M03,93.11,74.5,399.79,133.01,50.045,0.923,25.0,14314.1,RUNNING
2024-01-26 11:00:00,GEN_B01,93.42,74.7,399.48,133.46,49.996,0.867,20.5,13297.9,RUNNING
2024-01-26 11:00:00,GEN_B02,70.39,56.3,398.77,100.56,50.041,0.888,22.1,11300.7,RUNNING
2024-01-26 12:00:00,GEN_M01,66.77,53.4,400.86,95.39,50.044,0.936,20.7,10837.3,RUNNING
2024-01-26 12:00:00,GEN_M02,92.34,73.9,399.21,131.91,49.963,0.931,24.4,10952.8,RUNNING
2024-01-26 12:00:00,GEN_M03,87.59,70.1,400.21,125.12,49.956,0.935,24.5,9036.0,RUNNING
2024-01-26 12:00:00,GEN_B01,88.05,70.4,401.26,125.79,50.066,0.913,22.7,8625.2,RUNNING
2024-01-26 12:00:00,GEN_B02,78.75,63.0,400.41,112.5,49.971,0.862,23.2,11040.0,RUNNING
2024-01-26 13:00:00,GEN_M01,93.18,74.5,399.79,133.11,49.991,0.94,21.4,8518.0,RUNNING
2024-01-26 13:00:00,GEN_M02,68.07,54.5,400.9,97.24,50.053,0.901,25.2,14733.4,RUNNING
2024-01-26 13:00:00,GEN_M03,99.63,79.7,401.06,142.33,49.905,0.904,20.0,12252.7,RUNNING
2024-01-26 13:00:00,GEN_B01,75.79,60.6,400.15,108.27,50.026,0.945,22.5,11676.1,RUNNING
2024-01-26 13:00:00,GEN_B02,76.69,61.4,398.05,109.55,50.015,0.916,22.6,8852.1,RUNNING
2024-01-26 14:00:00,GEN_M01,86.12,68.9,398.76,123.02,49.988,0.955,20.9,12761.9,RUNNING
2024-01-26 14:00:00,GEN_M02,89.1,71.3,400.06,127.28,50.071,0.94,30.7,12584.1,RUNNING
2024-01-26 14:00:00,GEN_M03,77.06,61.6,400.48,110.08,49.991,0.926,22.5,9764.4,RUNNING
2024-01-26 14:00:00,GEN_B01,96.88,77.5,399.66,138.4,49.904,0.908,23.9,13173.7,RUNNING
2024-01-26 14:00:00,GEN_B02,69.7,55.8,400.05,99.58,49.896,0.911,21.2,10574.4,RUNNING
2024-01-26 15:00:00,GEN_M01,63.89,51.1,401.67,91.27,49.968,0.899,26.8,8148.2,RUNNING
2024-01-26 15:00:00,GEN_M02,79.31,63.5,400.52,113.31,49.961,0.935,23.3,8797.6,RUNNING
2024-01-26 15:00:00,GEN_M03,83.9,67.1,398.77,119.86,50.003,0.922,23.1,13060.3,RUNNING
2024-01-26 15:00:00,GEN_B01,79.93,63.9,400.34,114.18,49.988,0.918,25.5,8882.3,RUNNING
2024-01-26 15:00:00,GEN_B02,80.66,64.5,400.98,115.23,50.045,0.935,20.6,14443.5,RUNNING
2024-01-26 16:00:00,GEN_M01,88.38,70.7,398.71,126.26,49.945,0.912,25.1,10081.8,RUNNING
2024-01-26 16:00:00,GEN_M02,81.08,64.9,399.59,115.82,50.009,0.945,27.0,11323.2,RUNNING
2024-01-26 16:00:00,GEN_M03,77.38,61.9,399.74,110.54,50.072,0.933,22.8,9357.3,RUNNING
2024-01-26 16:00:00,GEN_B01,90.83,72.7,397.71,129.76,50.018,0.921,19.3,13690.3,RUNNING
2024-01-26 16:00:00,GEN_B02,79.15,63.3,403.02,113.07,49.959,0.939,22.8,14579.0,RUNNING
2024-01-26 17:00:00,GEN_M01,81.27,65.0,401.76,116.1,50.073,0.915,23.4,8652.0,RUNNING
2024-01-26 17:00:00,GEN_M02,89.24,71.4,400.01,127.49,50.01,0.906,24.2,13707.4,RUNNING
2024-01-26 17:00:00,GEN_M03,78.19,62.6,398.05,111.7,49.964,0.856,23.3,11749.8,RUNNING
2024-01-26 17:00:00,GEN_B01,79.89,63.9,400.86,114.13,50.027,0.887,27.5,9096.7,RUNNING
2024-01-26 17:00:00,GEN_B02,77.6,62.1,397.29,110.86,49.936,0.937,21.9,8356.8,RUNNING
2024-01-26 18:00:00,GEN_M01,81.2,65.0,400.01,115.99,50.027,0.903,25.8,12861.7,RUNNING
2024-01-26 18:00:00,GEN_M02,75.06,60.1,400.87,107.23,50.008,0.948,26.4,10742.0,RUNNING
2024-01-26 18:00:00,GEN_M03,70.71,56.6,397.32,101.02,49.955,0.906,24.2,9118.9,RUNNING
2024-01-26 18:00:00,GEN_B01,78.69,63.0,399.6,112.41,49.981,0.893,25.2,10181.3,RUNNING
2024-01-26 18:00:00,GEN_B02,70.38,56.3,398.85,100.54,49.974,0.925,23.9,11470.3,RUNNING
2024-01-26 19:00:00,GEN_M01,53.8,43.0,397.09,76.86,49.957,0.898,24.7,12565.7,RUNNING
2024-01-26 19:00:00,GEN_M02,64.02,51.2,399.66,91.45,49.968,0.942,24.2,8674.7,RUNNING
2024-01-26 19:00:00,GEN_M03,71.78,57.4,401.41,102.55,50.017,0.935,23.8,10591.8,RUNNING
2024-01-26 19:00:00,GEN_B01,59.22,47.4,398.77,84.59,49.898,0.91,25.9,8627.4,RUNNING
2024-01-26 19:00:00,GEN_B02,63.83,51.1,398.23,91.18,50.008,0.918,20.3,9522.5,RUNNING
2024-01-26 20:00:00,GEN_M01,53.81,43.1,398.21,76.88,50.074,0.899,25.9,8153.5,RUNNING
2024-01-26 20:00:00,GEN_M02,62.62,50.1,398.28,89.46,49.975,0.931,22.8,14060.0,RUNNING
2024-01-26 20:00:00,GEN_M03,67.02,53.6,398.12,95.74,49.935,0.902,21.1,9405.4,RUNNING
2024-01-26 20:00:00,GEN_B01,64.53,51.6,402.11,92.19,50.095,0.925,23.5,11564.9,RUNNING
2024-01-26 20:00:00,GEN_B02,63.26,50.6,401.09,90.37,50.018,0.895,24.0,13958.9,RUNNING
2024-01-26 21:00:00,GEN_M01,49.6,39.7,400.68,70.86,50.015,0.952,22.0,9880.3,RUNNING
2024-01-26 21:00:00,GEN_M02,61.1,48.9,401.07,87.29,49.961,0.898,27.8,11298.5,RUNNING
2024-01-26 21:00:00,GEN_M03,49.1,39.3,399.76,70.15,49.984,0.951,22.2,12948.5,RUNNING
2024-01-26 21:00:00,GEN_B01,57.17,45.7,402.37,81.67,50.004,0.914,25.9,14806.4,RUNNING
2024-01-26 21:00:00,GEN_B02,56.75,45.4,397.51,81.07,50.078,0.925,23.3,10752.9,RUNNING
2024-01-26 22:00:00,GEN_M01,38.79,31.0,399.07,55.42,49.977,0.93,25.0,12056.5,RUNNING
2024-01-26 22:00:00,GEN_M02,52.38,41.9,397.64,74.83,49.959,0.932,23.3,13385.8,RUNNING
2024-01-26 22:00:00,GEN_M03,73.85,59.1,402.24,105.5,50.036,0.909,24.8,11201.4,RUNNING
2024-01-26 22:00:00,GEN_B01,57.75,46.2,398.3,82.5,49.989,0.9,21.4,14907.8,RUNNING
2024-01-26 22:00:00,GEN_B02,68.81,55.0,401.46,98.29,49.985,0.897,23.9,13934.6,MAINTENANCE
2024-01-26 23:00:00,GEN_M01,46.43,37.1,400.52,66.33,50.026,0.932,21.7,11499.4,RUNNING
2024-01-26 23:00:00,GEN_M02,48.55,38.8,400.72,69.36,49.941,0.939,24.3,14988.7,RUNNING
2024-01-26 23:00:00,GEN_M03,73.79,59.0,399.76,105.42,49.984,0.916,25.2,12438.6,RUNNING
2024-01-26 23:00:00,GEN_B01,47.71,38.2,400.33,68.16,50.001,0.909,19.7,8925.7,RUNNING
2024-01-26 23:00:00,GEN_B02,46.63,37.3,402.65,66.61,50.033,0.893,23.2,11774.1,RUNNING
2024-01-27 00:00:00,GEN_M01,45.94,36.7,400.8,65.62,50.016,0.929,19.3,8381.9,RUNNING
2024-01-27 00:00:00,GEN_M02,58.22,46.6,402.29,83.18,49.975,0.9,24.3,10224.4,RUNNING
2024-01-27 00:00:00,GEN_M03,57.77,46.2,400.66,82.53,50.032,0.884,19.0,8403.4,RUNNING
2024-01-27 00:00:00,GEN_B01,48.91,39.1,399.78,69.87,50.026,0.917,23.4,10937.2,RUNNING
2024-01-27 00:00:00,GEN_B02,48.88,39.1,401.1,69.82,50.001,0.933,21.1,11051.7,RUNNING
2024-01-27 01:00:00,GEN_M01,60.85,48.7,398.78,86.93,49.979,0.94,21.2,10932.1,RUNNING
2024-01-27 01:00:00,GEN_M02,54.37,43.5,400.13,77.66,50.01,0.936,21.9,8424.0,RUNNING
2024-01-27 01:00:00,GEN_M03,62.24,49.8,399.77,88.91,50.069,0.911,18.7,8102.8,RUNNING
2024-01-27 01:00:00,GEN_B01,64.79,51.8,400.26,92.56,49.943,0.898,22.7,11586.3,RUNNING
2024-01-27 01:00:00,GEN_B02,61.69,49.4,400.07,88.13,50.063,0.955,20.8,8188.7,RUNNING
2024-01-27 02:00:00,GEN_M01,53.87,43.1,401.26,76.96,49.986,0.939,20.0,11689.3,RUNNING
2024-01-27 02:00:00,GEN_M02,58.36,46.7,399.78,83.37,49.948,0.888,25.9,10143.8,RUNNING
2024-01-27 02:00:00,GEN_M03,62.4,49.9,402.33,89.14,49.933,0.967,21.0,9739.8,RUNNING
2024-01-27 02:00:00,GEN_B01,69.19,55.4,399.42,98.84,49.936,0.926,23.2,9795.9,RUNNING
2024-01-27 02:00:00,GEN_B02,54.72,43.8,403.12,78.17,49.973,0.929,22.1,14002.9,RUNNING
2024-01-27 03:00:00,GEN_M01,57.34,45.9,400.4,81.92,50.011,0.921,25.0,8702.5,RUNNING
2024-01-27 03:00:00,GEN_M02,55.79,44.6,400.6,79.7,50.009,0.915,23.8,8195.4,RUNNING
2024-01-27 03:00:00,GEN_M03,55.82,44.7,400.47,79.75,49.989,0.924,22.2,10110.6,RUNNING
2024-01-27 03:00:00,GEN_B01,60.73,48.6,403.03,86.75,49.989,0.934,23.3,10790.6,RUNNING
2024-01-27 03:00:00,GEN_B02,56.37,45.1,399.35,80.52,49.889,0.919,25.0,11809.8,RUNNING
2024-01-27 04:00:00,GEN_M01,67.88,54.3,402.3,96.98,49.972,0.917,24.8,9479.0,RUNNING
2024-01-27 04:00:00,GEN_M02,48.42,38.7,402.05,69.17,49.895,0.947,20.7,9182.8,RUNNING
2024-01-27 04:00:00,GEN_M03,65.6,52.5,398.33,93.71,49.921,0.909,24.3,8834.1,RUNNING
2024-01-27 04:00:00,GEN_B01,60.94,48.8,402.53,87.05,49.989,0.922,25.6,10997.4,RUNNING
2024-01-27 04:00:00,GEN_B02,60.08,48.1,399.24,85.83,49.986,0.911,24.0,10257.0,RUNNING
2024-01-27 05:00:00,GEN_M01,54.16,43.3,400.52,77.37,49.971,0.91,23.1,9211.3,RUNNING
2024-01-27 05:00:00,GEN_M02,56.29,45.0,396.85,80.42,50.033,0.914,23.5,10303.4,RUNNING
2024-01-27 05:00:00,GEN_M03,70.75,56.6,400.62,101.07,49.902,0.903,22.9,8603.3,RUNNING
2024-01-27 05:00:00,GEN_B01,60.68,48.5,402.06,86.69,49.977,0.902,21.4,11940.4,RUNNING
2024-01-27 05:00:00,GEN_B02,60.83,48.7,402.51,86.9,49.954,0.939,25.8,12003.1,RUNNING
2024-01-27 06:00:00,GEN_M01,80.54,64.4,401.76,115.05,50.028,0.926,25.8,9041.4,RUNNING
2024-01-27 06:00:00,GEN_M02,86.33,69.1,402.34,123.33,49.993,0.925,26.2,9677.1,RUNNING
2024-01-27 06:00:00,GEN_M03,77.89,62.3,398.88,111.27,50.106,0.943,26.5,9263.3,RUNNING
2024-01-27 06:00:00,GEN_B01,85.26,68.2,402.16,121.81,49.969,0.941,22.7,10501.2,RUNNING
2024-01-27 06:00:00,GEN_B02,100.26,80.2,399.19,143.23,50.068,0.945,23.3,10078.4,RUNNING
2024-01-27 07:00:00,GEN_M01,90.46,72.4,401.04,129.23,49.975,0.923,23.9,13725.1,RUNNING
2024-01-27 07:00:00,GEN_M02,88.79,71.0,399.68,126.85,49.954,0.931,20.3,8042.3,RUNNING
2024-01-27 07:00:00,GEN_M03,90.48,72.4,399.6,129.26,50.003,0.924,23.5,9570.6,RUNNING
2024-01-27 07:00:00,GEN_B01,60.75,48.6,400.74,86.78,50.018,0.945,25.8,11843.3,RUNNING
2024-01-27 07:00:00,GEN_B02,68.7,55.0,397.4,98.14,50.018,0.912,23.9,8483.0,RUNNING
2024-01-27 08:00:00,GEN_M01,73.18,58.5,396.34,104.54,49.97,0.906,22.6,14548.6,RUNNING
2024-01-27 08:00:00,GEN_M02,86.82,69.5,398.74,124.03,50.028,0.914,18.2,10325.7,RUNNING
2024-01-27 08:00:00,GEN_M03,88.56,70.8,398.9,126.52,50.05,0.943,22.0,11937.6,RUNNING
2024-01-27 08:00:00,GEN_B01,91.6,73.3,400.21,130.85,49.982,0.961,21.7,11069.2,RUNNING
2024-01-27 08:00:00,GEN_B02,90.03,72.0,400.38,128.61,49.953,0.886,20.8,12714.7,RUNNING
2024-01-27 09:00:00,GEN_M01,89.1,71.3,398.1,127.28,49.942,0.901,22.9,14025.7,RUNNING
2024-01-27 09:00:00,GEN_M02,91.85,73.5,398.96,131.22,49.964,0.869,20.0,10064.9,RUNNING
2024-01-27 09:00:00,GEN_M03,86.91,69.5,400.13,124.16,49.978,0.931,26.0,12197.5,RUNNING
2024-01-27 09:00:00,GEN_B01,88.14,70.5,399.88,125.92,50.006,0.905,23.0,9372.4,RUNNING
2024-01-27 09:00:00,GEN_B02,75.57,60.5,403.01,107.96,50.08,0.894,26.0,14631.6,RUNNING
2024-01-27 10:00:00,GEN_M01,67.05,53.6,400.2,95.79,49.86,0.908,20.9,10314.3,RUNNING
2024-01-27 10:00:00,GEN_M02,95.32,76.3,400.85,136.17,50.047,0.909,22.4,8555.9,RUNNING
2024-01-27 10:00:00,GEN_M03,67.94,54.3,399.56,97.05,49.937,0.933,22.8,14854.6,RUNNING
2024-01-27 10:00:00,GEN_B01,86.08,68.9,398.85,122.98,49.901,0.929,24.7,9439.1,RUNNING
2024-01-27 10:00:00,GEN_B02,68.68,54.9,402.37,98.11,49.975,0.898,22.7,10373.5,RUNNING
2024-01-27 11:00:00,GEN_M01,87.77,70.2,403.19,125.38,49.87,0.895,24.6,11487.9,RUNNING
2024-01-27 11:00:00,GEN_M02,91.15,72.9,402.09,130.22,50.042,0.954,23.5,12048.4,RUNNING
2024-01-27 11:00:00,GEN_M03,92.85,74.3,399.65,132.65,50.003,0.918,21.5,10981.5,RUNNING
2024-01-27 11:00:00,GEN_B01,71.93,57.5,400.98,102.76,49.93,0.916,21.5,10654.7,RUNNING
2024-01-27 11:00:00,GEN_B02,94.53,75.6,398.46,135.04,49.957,0.916,23.2,9877.4,RUNNING
2024-01-27 12:00:00,GEN_M01,83.96,67.2,400.14,119.95,50.068,0.952,25.2,14356.1,RUNNING
2024-01-27 12:00:00,GEN_M02,89.2,71.4,398.51,127.43,49.943,0.93,25.7,8834.5,RUNNING
2024-01-27 12:00:00,GEN_M03,67.84,54.3,401.16,96.91,50.071,0.915,22.7,9049.5,RUNNING
2024-01-27 12:00:00,GEN_B01,74.75,59.8,399.99,106.79,49.999,0.922,22.9,9807.4,RUNNING
2024-01-27 12:00:00,GEN_B02,73.78,59.0,400.51,105.4,50.045,0.936,20.0,13248.1,RUNNING
2024-01-27 13:00:00,GEN_M01,78.63,62.9,400.33,112.32,50.087,0.919,24.6,14797.7,RUNNING
2024-01-27 13:00:00,GEN_M02,78.68,62.9,397.66,112.4,50.033,0.918,22.5,11200.6,RUNNING
2024-01-27 13:00:00,GEN_M03,86.35,69.1,400.72,123.36,50.008,0.905,18.6,14073.1,RUNNING
2024-01-27 13:00:00,GEN_B01,71.78,57.4,402.22,102.55,49.964,0.921,22.7,13855.3,RUNNING
2024-01-27 13:00:00,GEN_B02,55.01,44.0,400.24,78.58,50.061,0.893,20.3,8190.6,RUNNING
2024-01-27 14:00:00,GEN_M01,90.78,72.6,400.65,129.69,49.967,0.924,20.8,14378.6,RUNNING
2024-01-27 14:00:00,GEN_M02,81.94,65.6,399.8,117.06,49.982,0.922,23.4,8858.7,RUNNING
2024-01-27 14:00:00,GEN_M03,77.76,62.2,399.94,111.08,49.97,0.935,21.2,11492.9,RUNNING
2024-01-27 14:00:00,GEN_B01,87.98,70.4,399.74,125.68,49.964,0.898,24.6,13227.8,RUNNING
2024-01-27 14:00:00,GEN_B02,79.17,63.3,395.55,113.1,50.066,0.917,24.8,13542.9,RUNNING
2024-01-27 15:00:00,GEN_M01,82.67,66.1,402.21,118.1,50.02,0.932,21.2,8151.8,RUNNING
2024-01-27 15:00:00,GEN_M02,77.96,62.4,401.4,111.37,50.016,0.947,20.7,13480.8,RUNNING
2024-01-27 15:00:00,GEN_M03,79.31,63.4,400.01,113.3,49.962,0.936,27.1,14868.3,RUNNING
2024-01-27 15:00:00,GEN_B01,78.71,63.0,399.61,112.44,50.078,0.906,24.5,9886.5,RUNNING
2024-01-27 15:00:00,GEN_B02,86.06,68.8,401.11,122.94,50.046,0.931,22.5,14309.9,RUNNING
2024-01-27 16:00:00,GEN_M01,80.17,64.1,401.35,114.53,50.046,0.866,23.6,14430.0,RUNNING
2024-01-27 16:00:00,GEN_M02,78.53,62.8,401.08,112.18,49.946,0.925,23.1,10083.3,RUNNING
2024-01-27 16:00:00,GEN_M03,106.39,85.1,400.0,151.98,49.959,0.916,25.7,13321.9,RUNNING
2024-01-27 16:00:00,GEN_B01,82.09,65.7,400.84,117.27,49.935,0.912,22.3,14132.1,RUNNING
2024-01-27 16:00:00,GEN_B02,73.72,59.0,402.19,105.31,50.058,0.924,22.4,11494.3,RUNNING
2024-01-27 17:00:00,GEN_M01,58.88,47.1,399.22,84.12,50.019,0.928,22.7,9927.6,RUNNING
2024-01-27 17:00:00,GEN_M02,78.13,62.5,400.34,111.61,49.991,0.901,27.3,12933.6,RUNNING
2024-01-27 17:00:00,GEN_M03,86.31,69.0,400.54,123.3,50.084,0.941,22.8,10932.7,RUNNING
2024-01-27 17:00:00,GEN_B01,84.22,67.4,398.37,120.31,50.0,0.915,24.9,13474.4,RUNNING
2024-01-27 17:00:00,GEN_B02,82.29,65.8,398.68,117.56,50.046,0.895,23.6,12607.2,RUNNING
2024-01-27 18:00:00,GEN_M01,95.15,76.1,399.26,135.93,50.004,0.918,23.0,9770.0,RUNNING
2024-01-27 18:00:00,GEN_M02,74.72,59.8,401.02,106.75,49.997,0.914,20.9,10173.0,RUNNING
2024-01-27 18:00:00,GEN_M03,100.61,80.5,400.92,143.73,50.008,0.864,22.0,9493.9,RUNNING
2024-01-27 18:00:00,GEN_B01,99.17,79.3,398.28,141.68,50.091,0.902,23.2,14423.4,RUNNING
2024-01-27 18:00:00,GEN_B02,76.02,60.8,400.12,108.6,50.069,0.956,21.8,12213.5,RUNNING
2024-01-27 19:00:00,GEN_M01,53.26,42.6,403.63,76.08,50.068,0.924,21.3,12288.7,RUNNING
2024-01-27 19:00:00,GEN_M02,56.86,45.5,402.27,81.23,49.953,0.953,23.9,11493.3,RUNNING
2024-01-27 19:00:00,GEN_M03,54.56,43.6,399.95,77.95,49.973,0.915,24.0,11010.1,RUNNING
2024-01-27 19:00:00,GEN_B01,46.96,37.6,398.38,67.08,50.075,0.945,21.8,13327.0,RUNNING
2024-01-27 19:00:00,GEN_B02,60.69,48.6,403.21,86.7,49.966,0.915,20.1,9173.1,RUNNING
2024-01-27 20:00:00,GEN_M01,70.69,56.6,401.82,100.98,49.939,0.924,24.9,9110.0,RUNNING
2024-01-27 20:00:00,GEN_M02,60.16,48.1,400.18,85.94,49.952,0.883,25.4,12190.6,RUNNING
2024-01-27 20:00:00,GEN_M03,48.64,38.9,401.67,69.48,49.937,0.91,23.6,12921.0,RUNNING
2024-01-27 20:00:00,GEN_B01,49.8,39.8,398.74,71.14,49.978,0.907,23.6,11214.5,RUNNING
2024-01-27 20:00:00,GEN_B02,60.56,48.4,399.99,86.52,50.003,0.918,24.3,8420.1,RUNNING
2024-01-27 21:00:00,GEN_M01,46.52,37.2,400.56,66.46,49.969,0.925,20.6,9758.6,RUNNING
2024-01-27 21:00:00,GEN_M02,56.94,45.6,402.3,81.34,49.932,0.91,19.7,9132.7,RUNNING
2024-01-27 21:00:00,GEN_M03,66.29,53.0,401.04,94.7,49.968,0.91,24.7,14443.9,RUNNING
2024-01-27 21:00:00,GEN_B01,52.98,42.4,397.16,75.69,49.991,0.956,22.9,9468.8,RUNNING
2024-01-27 21:00:00,GEN_B02,49.53,39.6,401.8,70.76,50.059,0.895,24.5,13357.2,RUNNING
2024-01-27 22:00:00,GEN_M01,60.07,48.1,399.29,85.82,50.011,0.945,24.2,10727.7,RUNNING
2024-01-27 22:00:00,GEN_M02,58.71,47.0,400.49,83.87,50.006,0.909,25.7,12502.2,RUNNING
2024-01-27 22:00:00,GEN_M03,65.72,52.6,399.46,93.89,49.975,0.917,26.2,12443.2,RUNNING
2024-01-27 22:00:00,GEN_B01,56.54,45.2,397.85,80.77,49.916,0.925,24.4,11240.8,RUNNING
2024-01-27 22:00:00,GEN_B02,70.61,56.5,398.19,100.87,49.967,0.906,21.1,9725.4,RUNNING
2024-01-27 23:00:00,GEN_M01,60.2,48.2,397.36,86.0,49.946,0.888,25.1,14040.2,RUNNING
2024-01-27 23:00:00,GEN_M02,57.8,46.2,402.87,82.58,50.046,0.949,23.6,11857.0,RUNNING
2024-01-27 23:00:00,GEN_M03,58.41,46.7,401.06,83.45,49.976,0.93,24.5,9901.3,RUNNING
2024-01-27 23:00:00,GEN_B01,47.88,38.3,398.23,68.4,49.979,0.938,23.3,13983.7,RUNNING
2024-01-27 23:00:00,GEN_B02,48.53,38.8,400.11,69.33,50.012,0.91,22.3,13149.3,RUNNING
2024-01-28 00:00:00,GEN_M01,64.8,51.8,399.23,92.57,49.966,0.926,22.9,9600.7,RUNNING
2024-01-28 00:00:00,GEN_M02,53.42,42.7,400.3,76.32,49.929,0.926,21.7,9631.0,RUNNING
2024-01-28 00:00:00,GEN_M03,70.67,56.5,397.66,100.95,49.986,0.921,23.1,8916.9,RUNNING
2024-01-28 00:00:00,GEN_B01,59.62,47.7,399.02,85.17,49.972,0.897,20.9,13336.2,RUNNING
2024-01-28 00:00:00,GEN_B02,68.61,54.9,401.96,98.02,50.049,0.937,24.6,8152.6,RUNNING
2024-01-28 01:00:00,GEN_M01,53.72,43.0,399.37,76.74,49.989,0.921,23.3,13003.4,RUNNING
2024-01-28 01:00:00,GEN_M02,55.04,44.0,400.65,78.62,50.033,0.89,23.2,11358.7,RUNNING
2024-01-28 01:00:00,GEN_M03,48.17,38.5,399.6,68.81,49.987,0.931,22.2,11557.6,RUNNING
2024-01-28 01:00:00,GEN_B01,58.1,46.5,400.33,82.99,50.026,0.909,23.8,11407.9,RUNNING
2024-01-28 01:00:00,GEN_B02,49.19,39.3,401.02,70.27,50.08,0.909,22.7,10054.8,RUNNING
2024-01-28 02:00:00,GEN_M01,68.2,54.6,399.96,97.43,49.951,0.891,21.0,10101.9,RUNNING
2024-01-28 02:00:00,GEN_M02,54.06,43.2,398.96,77.22,50.1,0.928,21.2,13075.7,RUNNING
2024-01-28 02:00:00,GEN_M03,55.49,44.4,400.37,79.28,50.008,0.909,22.2,10776.5,RUNNING
2024-01-28 02:00:00,GEN_B01,57.22,45.8,398.1,81.75,49.882,0.901,22.4,11243.8,RUNNING
2024-01-28 02:00:00,GEN_B02,62.07,49.7,398.49,88.67,49.932,0.916,18.8,13061.3,RUNNING
2024-01-28 03:00:00,GEN_M01,74.41,59.5,402.05,106.31,50.104,0.918,22.5,9548.7,RUNNING
2024-01-28 03:00:00,GEN_M02,53.93,43.1,403.05,77.05,49.935,0.921,23.2,8394.9,RUNNING
2024-01-28 03:00:00,GEN_M03,42.64,34.1,400.47,60.92,50.026,0.932,22.2,14051.9,RUNNING
2024-01-28 03:00:00,GEN_B01,56.59,45.3,397.22,80.85,49.973,0.917,21.0,8422.1,RUNNING
2024-01-28 03:00:00,GEN_B02,65.65,52.5,399.59,93.79,50.041,0.96,23.8,11546.5,RUNNING
2024-01-28 04:00:00,GEN_M01,58.78,47.0,399.78,83.97,50.034,0.897,26.2,10337.7,RUNNING
2024-01-28 04:00:00,GEN_M02,53.92,43.1,397.64,77.03,50.1,0.945,22.8,14550.1,RUNNING
2024-01-28 04:00:00,GEN_M03,59.22,47.4,399.22,84.6,50.037,0.942,25.8,11271.1,RUNNING
2024-01-28 04:00:00,GEN_B01,65.36,52.3,400.22,93.38,49.899,0.879,21.0,11768.4,RUNNING
2024-01-28 04:00:00,GEN_B02,57.16,45.7,400.22,81.65,50.05,0.907,23.8,8932.8,RUNNING
2024-01-28 05:00:00,GEN_M01,57.65,46.1,399.33,82.36,50.051,0.922,25.6,14806.3,RUNNING
2024-01-28 05:00:00,GEN_M02,68.5,54.8,398.37,97.86,49.955,0.923,21.0,11097.6,RUNNING
2024-01-28 05:00:00,GEN_M03,67.81,54.2,395.18,96.87,50.04,0.942,23.5,14649.5,RUNNING
2024-01-28 05:00:00,GEN_B01,56.8,45.4,400.65,81.15,49.988,0.939,21.5,10093.6,RUNNING
2024-01-28 05:00:00,GEN_B02,55.4,44.3,401.97,79.14,49.977,0.927,19.3,11060.5,RUNNING
2024-01-28 06:00:00,GEN_M01,74.98,60.0,400.04,107.11,50.094,0.951,22.8,8495.4,RUNNING
2024-01-28 06:00:00,GEN_M02,87.46,70.0,399.73,124.94,50.015,0.914,25.9,12596.0,RUNNING
2024-01-28 06:00:00,GEN_M03,86.57,69.3,400.0,123.67,49.925,0.9,23.1,8304.7,MAINTENANCE
2024-01-28 06:00:00,GEN_B01,84.61,67.7,399.67,120.87,49.995,0.906,22.0,8180.1,RUNNING
2024-01-28 06:00:00,GEN_B02,71.57,57.3,399.78,102.24,50.031,0.887,19.8,8000.9,RUNNING
2024-01-28 07:00:00,GEN_M01,81.01,64.8,398.52,115.73,50.071,0.912,23.6,8225.3,RUNNING
2024-01-28 07:00:00,GEN_M02,80.24,64.2,397.34,114.62,50.05,0.901,22.7,13237.6,RUNNING
2024-01-28 07:00:00,GEN_M03,78.88,63.1,399.33,112.69,50.069,0.929,20.9,10186.8,RUNNING
2024-01-28 07:00:00,GEN_B01,87.96,70.4,399.43,125.66,49.992,0.903,20.9,14446.0,RUNNING
2024-01-28 07:00:00,GEN_B02,64.5,51.6,402.03,92.15,50.003,0.947,22.0,8275.0,RUNNING
2024-01-28 08:00:00,GEN_M01,83.04,66.4,401.92,118.63,50.011,0.939,21.5,12940.4,RUNNING
2024-01-28 08:00:00,GEN_M02,70.57,56.5,398.79,100.81,49.998,0.932,23.6,14723.9,RUNNING
2024-01-28 08:00:00,GEN_M03,83.6,66.9,401.52,119.42,49.968,0.897,24.2,14191.5,RUNNING
2024-01-28 08:00:00,GEN_B01,80.87,64.7,401.53,115.54,50.068,0.92,20.9,9097.4,RUNNING
2024-01-28 08:00:00,GEN_B02,81.86,65.5,399.19,116.94,49.98,0.949,21.5,11921.8,RUNNING
2024-01-28 09:00:00,GEN_M01,80.53,64.4,399.96,115.04,50.073,0.936,24.7,10353.8,RUNNING
2024-01-28 09:00:00,GEN_M02,83.51,66.8,400.5,119.3,49.912,0.94,19.7,9152.8,RUNNING
2024-01-28 09:00:00,GEN_M03,90.32,72.3,399.23,129.03,49.948,0.913,23.4,8310.8,RUNNING
2024-01-28 09:00:00,GEN_B01,88.23,70.6,402.18,126.05,50.038,0.933,23.1,9004.3,RUNNING
2024-01-28 09:00:00,GEN_B02,65.16,52.1,398.96,93.09,49.981,0.941,22.7,13821.5,RUNNING
2024-01-28 10:00:00,GEN_M01,65.24,52.2,401.45,93.2,50.075,0.889,23.2,11014.9,RUNNING
2024-01-28 10:00:00,GEN_M02,77.74,62.2,397.68,111.05,49.953,0.886,21.2,14354.6,RUNNING
2024-01-28 10:00:00,GEN_M03,68.64,54.9,401.27,98.06,50.0,0.888,23.6,8218.3,RUNNING
2024-01-28 10:00:00,GEN_B01,85.11,68.1,400.13,121.59,50.025,0.968,22.0,13484.0,RUNNING
2024-01-28 10:00:00,GEN_B02,82.37,65.9,400.54,117.68,49.995,0.923,26.1,10246.9,RUNNING
2024-01-28 11:00:00,GEN_M01,69.03,55.2,400.16,98.62,50.06,0.949,21.3,13386.3,RUNNING
2024-01-28 11:00:00,GEN_M02,91.09,72.9,400.61,130.13,49.959,0.917,20.4,13927.0,RUNNING
2024-01-28 11:00:00,GEN_M03,76.66,61.3,400.52,109.51,50.009,0.957,24.8,14858.0,RUNNING
2024-01-28 11:00:00,GEN_B01,66.01,52.8,399.57,94.29,50.029,0.913,26.4,13781.2,RUNNING
2024-01-28 11:00:00,GEN_B02,74.22,59.4,399.19,106.04,50.181,0.944,24.0,10534.8,RUNNING
2024-01-28 12:00:00,GEN_M01,75.0,60.0,401.62,107.14,49.95,0.899,22.5,8782.5,RUNNING
2024-01-28 12:00:00,GEN_M02,86.65,69.3,402.16,123.78,50.018,0.893,20.9,8037.4,RUNNING
2024-01-28 12:00:00,GEN_M03,68.31,54.7,401.1,97.59,50.03,0.943,22.3,13553.9,RUNNING
2024-01-28 12:00:00,GEN_B01,66.35,53.1,400.54,94.78,50.117,0.932,25.7,11613.5,RUNNING
2024-01-28 12:00:00,GEN_B02,73.44,58.8,400.27,104.91,49.989,0.885,21.3,14869.4,RUNNING
2024-01-28 13:00:00,GEN_M01,70.99,56.8,401.09,101.42,49.999,0.919,22.4,11564.4,RUNNING
2024-01-28 13:00:00,GEN_M02,94.44,75.6,397.74,134.92,49.937,0.932,23.4,8341.3,RUNNING
2024-01-28 13:00:00,GEN_M03,79.01,63.2,399.55,112.87,49.991,0.903,24.1,10847.7,RUNNING
2024-01-28 13:00:00,GEN_B01,87.33,69.9,402.6,124.76,50.064,0.882,20.7,9488.7,RUNNING
2024-01-28 13:00:00,GEN_B02,73.23,58.6,400.64,104.62,49.991,0.931,22.8,10658.1,RUNNING
2024-01-28 14:00:00,GEN_M01,91.07,72.9,403.76,130.1,49.89,0.935,25.0,11908.1,RUNNING
2024-01-28 14:00:00,GEN_M02,61.56,49.3,401.17,87.95,49.972,0.926,21.1,13107.5,RUNNING
2024-01-28 14:00:00,GEN_M03,99.4,79.5,401.59,142.0,50.018,0.892,21.9,11631.2,RUNNING
2024-01-28 14:00:00,GEN_B01,74.29,59.4,399.68,106.13,49.973,0.921,25.0,9561.4,RUNNING
2024-01-28 14:00:00,GEN_B02,71.22,57.0,399.43,101.74,50.001,0.925,24.5,9368.2,RUNNING
2024-01-28 15:00:00,GEN_M01,84.38,67.5,398.35,120.54,50.029,0.935,25.3,14423.1,RUNNING
2024-01-28 15:00:00,GEN_M02,91.11,72.9,400.38,130.16,50.086,0.918,20.2,9573.7,MAINTENANCE
2024-01-28 15:00:00,GEN_M03,86.08,68.9,398.46,122.98,50.092,0.93,24.6,9934.7,RUNNING
2024-01-28 15:00:00,GEN_B01,89.2,71.4,402.44,127.42,49.984,0.9,24.1,9311.2,RUNNING
2024-01-28 15:00:00,GEN_B02,74.43,59.5,401.99,106.33,49.99,0.912,25.6,11986.9,RUNNING
2024-01-28 16:00:00,GEN_M01,97.78,78.2,399.82,139.69,50.022,0.954,21.8,8332.1,RUNNING
2024-01-28 16:00:00,GEN_M02,83.25,66.6,400.27,118.93,49.929,0.891,23.4,13298.3,RUNNING
2024-01-28 16:00:00,GEN_M03,77.9,62.3,399.18,111.28,49.993,0.954,22.0,11596.2,RUNNING
2024-01-28 16:00:00,GEN_B01,79.74,63.8,399.25,113.91,49.941,0.91,26.6,14543.5,RUNNING
2024-01-28 16:00:00,GEN_B02,91.32,73.1,398.57,130.46,49.984,0.934,21.0,8363.1,RUNNING
2024-01-28 17:00:00,GEN_M01,68.65,54.9,399.11,98.07,50.047,0.931,21.8,13011.1,RUNNING
2024-01-28 17:00:00,GEN_M02,78.19,62.6,398.23,111.7,49.908,0.911,20.7,11564.4,RUNNING
2024-01-28 17:00:00,GEN_M03,77.41,61.9,399.83,110.58,49.948,0.941,22.1,9715.7,RUNNING
2024-01-28 17:00:00,GEN_B01,89.43,71.5,397.41,127.76,50.043,0.905,24.2,14533.1,RUNNING
2024-01-28 17:00:00,GEN_B02,77.51,62.0,399.93,110.73,49.979,0.928,23.9,13040.8,RUNNING
2024-01-28 18:00:00,GEN_M01,87.11,69.7,399.28,124.45,50.002,0.946,21.2,9008.6,RUNNING
2024-01-28 18:00:00,GEN_M02,95.36,76.3,400.38,136.23,50.115,0.931,20.9,10826.2,RUNNING
2024-01-28 18:00:00,GEN_M03,75.01,60.0,399.42,107.16,50.018,0.934,21.4,10285.1,RUNNING
2024-01-28 18:00:00,GEN_B01,92.17,73.7,399.76,131.67,50.007,0.937,20.9,14161.7,RUNNING
2024-01-28 18:00:00,GEN_B02,83.63,66.9,400.13,119.47,50.056,0.918,22.5,13795.8,RUNNING
2024-01-28 19:00:00,GEN_M01,56.02,44.8,402.66,80.03,49.941,0.907,20.8,13393.7,RUNNING
2024-01-28 19:00:00,GEN_M02,45.72,36.6,400.42,65.32,50.117,0.945,20.9,11527.3,RUNNING
2024-01-28 19:00:00,GEN_M03,54.39,43.5,399.43,77.7,49.957,0.923,23.8,12542.3,RUNNING
2024-01-28 19:00:00,GEN_B01,67.63,54.1,400.13,96.61,49.967,0.92,24.4,12154.9,RUNNING
2024-01-28 19:00:00,GEN_B02,68.54,54.8,400.82,97.92,50.02,0.94,24.9,13832.5,RUNNING
2024-01-28 20:00:00,GEN_M01,57.46,46.0,399.18,82.09,49.967,0.888,22.5,10251.6,RUNNING
2024-01-28 20:00:00,GEN_M02,49.41,39.5,399.76,70.59,50.012,0.925,26.2,10915.2,RUNNING
2024-01-28 20:00:00,GEN_M03,54.58,43.7,401.7,77.97,50.067,0.929,22.8,9098.2,RUNNING
2024-01-28 20:00:00,GEN_B01,65.5,52.4,400.73,93.57,49.963,0.94,25.4,8521.9,RUNNING
2024-01-28 20:00:00,GEN_B02,54.69,43.7,401.34,78.12,49.996,0.928,22.4,8168.8,RUNNING
2024-01-28 21:00:00,GEN_M01,61.21,49.0,400.58,87.45,50.067,0.901,21.5,9037.4,RUNNING
2024-01-28 21:00:00,GEN_M02,63.91,51.1,399.47,91.3,50.11,0.942,25.1,14765.4,RUNNING
2024-01-28 21:00:00,GEN_M03,61.55,49.2,401.48,87.93,49.95,0.924,24.3,9158.9,RUNNING
2024-01-28 21:00:00,GEN_B01,59.74,47.8,399.37,85.34,49.997,0.904,25.5,11400.7,RUNNING
2024-01-28 21:00:00,GEN_B02,42.85,34.3,398.52,61.21,49.991,0.942,23.1,14997.9,RUNNING
2024-01-28 22:00:00,GEN_M01,57.81,46.2,400.94,82.58,49.937,0.901,20.6,8485.0,RUNNING
2024-01-28 22:00:00,GEN_M02,48.38,38.7,398.64,69.12,50.05,0.937,23.0,8416.7,RUNNING
2024-01-28 22:00:00,GEN_M03,51.9,41.5,397.9,74.15,49.952,0.937,22.4,11183.9,RUNNING
2024-01-28 22:00:00,GEN_B01,58.51,46.8,399.39,83.59,49.984,0.907,22.3,11866.9,RUNNING
2024-01-28 22:00:00,GEN_B02,52.43,41.9,402.84,74.89,50.058,0.931,25.5,11985.0,RUNNING
2024-01-28 23:00:00,GEN_M01,61.96,49.6,400.59,88.52,50.031,0.9,21.9,13953.0,RUNNING
2024-01-28 23:00:00,GEN_M02,42.57,34.1,399.74,60.82,50.018,0.893,20.5,11648.9,RUNNING
2024-01-28 23:00:00,GEN_M03,55.3,44.2,399.11,79.0,49.96,0.937,24.9,9227.3,RUNNING
2024-01-28 23:00:00,GEN_B01,50.24,40.2,398.61,71.78,50.047,0.91,26.2,10375.0,RUNNING
2024-01-28 23:00:00,GEN_B02,56.23,45.0,400.13,80.32,49.964,0.94,20.1,12062.9,RUNNING
2024-01-29 00:00:00,GEN_M01,45.93,36.7,398.4,65.61,50.095,0.893,22.1,12095.3,RUNNING
2024-01-29 00:00:00,GEN_M02,55.33,44.3,400.21,79.05,50.074,0.923,23.6,13271.3,RUNNING
2024-01-29 00:00:00,GEN_M03,60.48,48.4,399.68,86.4,50.041,0.926,21.8,12393.4,RUNNING
2024-01-29 00:00:00,GEN_B01,55.39,44.3,401.48,79.13,50.009,0.894,21.5,11963.5,RUNNING
2024-01-29 00:00:00,GEN_B02,66.27,53.0,401.06,94.66,49.912,0.91,22.5,14002.8,RUNNING
2024-01-29 01:00:00,GEN_M01,46.7,37.4,401.3,66.72,49.957,0.938,21.6,12579.0,RUNNING
2024-01-29 01:00:00,GEN_M02,53.67,42.9,400.87,76.67,49.994,0.9,18.6,10559.1,RUNNING
2024-01-29 01:00:00,GEN_M03,52.08,41.7,400.33,74.4,49.982,0.933,23.8,11186.1,RUNNING
2024-01-29 01:00:00,GEN_B01,54.43,43.5,401.38,77.75,49.994,0.914,24.1,14331.5,RUNNING
2024-01-29 01:00:00,GEN_B02,39.62,31.7,398.29,56.6,50.034,0.915,21.3,14992.5,RUNNING
2024-01-29 02:00:00,GEN_M01,54.13,43.3,398.69,77.32,50.078,0.946,22.8,11365.8,RUNNING
2024-01-29 02:00:00,GEN_M02,68.39,54.7,398.98,97.69,49.956,0.908,26.0,9168.9,RUNNING
2024-01-29 02:00:00,GEN_M03,55.08,44.1,400.72,78.69,49.924,0.901,19.6,12221.1,RUNNING
2024-01-29 02:00:00,GEN_B01,65.38,52.3,399.2,93.4,49.961,0.913,23.4,11819.6,RUNNING
2024-01-29 02:00:00,GEN_B02,56.62,45.3,402.35,80.88,50.03,0.934,21.0,14672.0,RUNNING
2024-01-29 03:00:00,GEN_M01,52.59,42.1,402.4,75.14,49.99,0.91,23.1,8612.4,RUNNING
2024-01-29 03:00:00,GEN_M02,61.01,48.8,401.39,87.15,49.935,0.933,20.3,8775.7,RUNNING
2024-01-29 03:00:00,GEN_M03,51.39,41.1,401.36,73.41,50.008,0.896,23.8,9919.2,RUNNING
2024-01-29 03:00:00,GEN_B01,42.04,33.6,400.17,60.05,49.943,0.949,25.1,8719.3,RUNNING
2024-01-29 03:00:00,GEN_B02,50.99,40.8,397.95,72.84,49.978,0.938,18.8,12767.6,RUNNING
2024-01-29 04:00:00,GEN_M01,41.17,32.9,400.34,58.82,49.994,0.943,25.4,10983.1,RUNNING
2024-01-29 04:00:00,GEN_M02,65.61,52.5,401.48,93.72,49.932,0.959,20.8,8046.1,RUNNING
2024-01-29 04:00:00,GEN_M03,56.46,45.2,398.15,80.66,49.936,0.923,20.7,10858.7,RUNNING
2024-01-29 04:00:00,GEN_B01,56.2,45.0,400.88,80.29,49.997,0.912,20.1,10987.1,RUNNING
2024-01-29 04:00:00,GEN_B02,53.14,42.5,400.25,75.91,50.04,0.91,23.5,9989.9,RUNNING
2024-01-29 05:00:00,GEN_M01,42.3,33.8,399.94,60.42,50.015,0.909,20.6,9659.6,RUNNING
2024-01-29 05:00:00,GEN_M02,66.87,53.5,398.55,95.53,49.952,0.915,22.8,12317.1,RUNNING
2024-01-29 05:00:00,GEN_M03,58.03,46.4,399.36,82.91,50.037,0.897,21.1,13891.4,RUNNING
2024-01-29 05:00:00,GEN_B01,62.81,50.3,399.38,89.74,49.934,0.931,22.4,11596.9,RUNNING
2024-01-29 05:00:00,GEN_B02,66.14,52.9,398.62,94.49,49.906,0.924,22.7,11779.4,RUNNING
2024-01-29 06:00:00,GEN_M01,92.42,73.9,400.54,132.02,49.879,0.935,23.3,9859.5,MAINTENANCE
2024-01-29 06:00:00,GEN_M02,75.46,60.4,399.52,107.8,49.982,0.906,21.4,8263.5,RUNNING
2024-01-29 06:00:00,GEN_M03,82.25,65.8,399.68,117.5,49.945,0.907,19.8,10791.2,RUNNING
2024-01-29 06:00:00,GEN_B01,82.68,66.1,397.88,118.12,50.089,0.944,24.0,9112.2,RUNNING
2024-01-29 06:00:00,GEN_B02,83.27,66.6,397.0,118.96,49.977,0.917,19.9,14824.3,RUNNING
2024-01-29 07:00:00,GEN_M01,82.19,65.8,401.91,117.42,49.925,0.897,21.6,14952.1,RUNNING
2024-01-29 07:00:00,GEN_M02,86.12,68.9,398.2,123.02,50.006,0.899,20.5,9503.5,RUNNING
2024-01-29 07:00:00,GEN_M03,79.92,63.9,400.21,114.17,49.938,0.917,18.6,10287.1,RUNNING
2024-01-29 07:00:00,GEN_B01,79.75,63.8,398.91,113.93,50.062,0.883,23.2,12875.1,RUNNING
2024-01-29 07:00:00,GEN_B02,78.98,63.2,398.79,112.83,49.95,0.932,20.9,12478.9,RUNNING
2024-01-29 08:00:00,GEN_M01,83.89,67.1,400.47,119.85,49.959,0.891,27.6,10473.7,RUNNING
2024-01-29 08:00:00,GEN_M02,78.49,62.8,400.45,112.13,49.973,0.939,21.4,12177.6,RUNNING
2024-01-29 08:00:00,GEN_M03,90.39,72.3,397.65,129.13,50.016,0.907,24.7,9015.1,RUNNING
2024-01-29 08:00:00,GEN_B01,67.19,53.8,400.77,95.98,49.942,0.906,24.7,13828.5,RUNNING
2024-01-29 08:00:00,GEN_B02,77.44,62.0,401.51,110.63,50.035,0.921,22.7,12118.6,RUNNING
2024-01-29 09:00:00,GEN_M01,78.64,62.9,402.33,112.35,50.01,0.961,21.9,9739.3,RUNNING
2024-01-29 09:00:00,GEN_M02,75.11,60.1,398.69,107.29,49.981,0.893,22.5,8889.8,RUNNING
2024-01-29 09:00:00,GEN_M03,81.31,65.0,400.1,116.15,49.959,0.887,26.7,8149.5,RUNNING
2024-01-29 09:00:00,GEN_B01,89.08,71.3,398.21,127.26,50.084,0.929,22.5,8113.9,RUNNING
2024-01-29 09:00:00,GEN_B02,78.71,63.0,400.71,112.44,49.929,0.923,23.1,13833.6,RUNNING
2024-01-29 10:00:00,GEN_M01,73.85,59.1,402.49,105.5,50.062,0.854,21.6,8433.2,RUNNING
2024-01-29 10:00:00,GEN_M02,92.82,74.3,398.58,132.6,49.966,0.897,20.8,10471.9,RUNNING
2024-01-29 10:00:00,GEN_M03,84.48,67.6,400.83,120.69,49.997,0.894,22.9,12825.7,RUNNING
2024-01-29 10:00:00,GEN_B01,86.19,69.0,398.97,123.13,49.982,0.933,20.5,8604.6,RUNNING
2024-01-29 10:00:00,GEN_B02,83.01,66.4,402.83,118.59,49.908,0.899,22.9,10971.3,RUNNING
2024-01-29 11:00:00,GEN_M01,70.44,56.4,399.11,100.63,49.983,0.886,24.2,10080.0,RUNNING
2024-01-29 11:00:00,GEN_M02,87.67,70.1,399.32,125.25,50.054,0.911,19.5,12511.9,RUNNING
2024-01-29 11:00:00,GEN_M03,60.09,48.1,397.38,85.85,50.076,0.905,24.6,9152.7,RUNNING
2024-01-29 11:00:00,GEN_B01,90.72,72.6,400.72,129.6,50.004,0.918,22.5,10933.5,RUNNING
2024-01-29 11:00:00,GEN_B02,71.78,57.4,400.56,102.55,50.058,0.948,23.6,14643.2,RUNNING
2024-01-29 12:00:00,GEN_M01,98.9,79.1,398.4,141.28,49.981,0.894,22.7,11203.2,RUNNING
2024-01-29 12:00:00,GEN_M02,84.97,68.0,401.53,121.38,49.911,0.889,19.6,8606.3,MAINTENANCE
2024-01-29 12:00:00,GEN_M03,79.47,63.6,400.63,113.52,49.997,0.955,23.3,12888.7,RUNNING
2024-01-29 12:00:00,GEN_B01,81.9,65.5,399.75,117.0,50.106,0.91,20.2,12260.1,RUNNING
2024-01-29 12:00:00,GEN_B02,76.56,61.3,399.28,109.38,50.072,0.917,21.2,11982.6,RUNNING
2024-01-29 13:00:00,GEN_M01,67.97,54.4,400.65,97.1,49.961,0.926,22.4,10746.0,RUNNING
2024-01-29 13:00:00,GEN_M02,85.84,68.7,403.03,122.62,50.013,0.912,20.0,9418.9,RUNNING
2024-01-29 13:00:00,GEN_M03,78.27,62.6,399.85,111.82,49.993,0.93,17.9,9168.8,RUNNING
2024-01-29 13:00:00,GEN_B01,81.17,64.9,400.22,115.96,49.907,0.942,19.6,12971.1,RUNNING
2024-01-29 13:00:00,GEN_B02,88.09,70.5,398.49,125.85,49.899,0.926,23.0,13293.0,RUNNING
2024-01-29 14:00:00,GEN_M01,81.39,65.1,402.7,116.27,50.029,0.847,21.4,10575.6,RUNNING
2024-01-29 14:00:00,GEN_M02,76.39,61.1,400.53,109.12,50.013,0.942,22.5,13451.5,RUNNING
2024-01-29 14:00:00,GEN_M03,83.26,66.6,399.53,118.95,49.985,0.882,25.4,11906.3,RUNNING
2024-01-29 14:00:00,GEN_B01,91.81,73.4,400.13,131.16,50.027,0.898,22.0,11826.0,RUNNING
2024-01-29 14:00:00,GEN_B02,78.21,62.6,398.64,111.73,50.014,0.949,25.2,12358.7,RUNNING
2024-01-29 15:00:00,GEN_M01,74.18,59.3,399.24,105.98,50.04,0.909,23.8,12281.3,RUNNING
2024-01-29 15:00:00,GEN_M02,70.22,56.2,399.27,100.31,50.107,0.893,27.7,13869.5,RUNNING
2024-01-29 15:00:00,GEN_M03,91.5,73.2,399.25,130.72,49.935,0.919,24.8,8544.0,RUNNING
2024-01-29 15:00:00,GEN_B01,84.03,67.2,398.63,120.04,50.02,0.915,23.5,13984.4,RUNNING
2024-01-29 15:00:00,GEN_B02,74.25,59.4,398.83,106.07,49.977,0.921,24.4,11800.4,RUNNING
2024-01-29 16:00:00,GEN_M01,86.53,69.2,399.88,123.62,49.998,0.926,22.2,10921.1,RUNNING
2024-01-29 16:00:00,GEN_M02,78.29,62.6,404.11,111.84,49.984,0.946,19.4,13614.2,RUNNING
2024-01-29 16:00:00,GEN_M03,95.3,76.2,399.7,136.14,50.014,0.895,24.7,10679.4,RUNNING
2024-01-29 16:00:00,GEN_B01,101.15,80.9,399.84,144.5,49.967,0.948,23.0,13799.4,RUNNING
2024-01-29 16:00:00,GEN_B02,90.75,72.6,399.4,129.65,50.053,0.911,23.5,13881.0,RUNNING
2024-01-29 17:00:00,GEN_M01,96.95,77.6,400.11,138.51,50.061,0.964,22.6,12269.8,RUNNING
2024-01-29 17:00:00,GEN_M02,87.14,69.7,400.44,124.49,49.954,0.928,21.8,11526.4,RUNNING
2024-01-29 17:00:00,GEN_M03,85.65,68.5,399.87,122.36,50.018,0.893,23.6,8582.7,RUNNING
2024-01-29 17:00:00,GEN_B01,73.49,58.8,400.0,104.99,50.017,0.909,24.9,14695.7,RUNNING
2024-01-29 17:00:00,GEN_B02,81.44,65.2,401.27,116.35,50.09,0.899,18.2,12634.6,RUNNING
2024-01-29 18:00:00,GEN_M01,95.99,76.8,398.16,137.13,49.99,0.899,22.8,8880.7,RUNNING
2024-01-29 18:00:00,GEN_M02,74.56,59.6,400.11,106.52,50.011,0.892,21.3,9248.6,RUNNING
2024-01-29 18:00:00,GEN_M03,88.45,70.8,399.18,126.36,50.031,0.903,24.4,12667.9,RUNNING
2024-01-29 18:00:00,GEN_B01,94.49,75.6,398.47,134.98,50.045,0.908,22.4,11316.5,RUNNING
2024-01-29 18:00:00,GEN_B02,72.5,58.0,401.89,103.57,49.964,0.913,25.6,10461.2,RUNNING
2024-01-29 19:00:00,GEN_M01,52.76,42.2,400.76,75.38,50.014,0.893,24.8,10574.7,RUNNING
2024-01-29 19:00:00,GEN_M02,62.57,50.1,397.98,89.39,50.081,0.884,23.3,14982.0,RUNNING
2024-01-29 19:00:00,GEN_M03,60.23,48.2,398.14,86.04,49.998,0.887,23.9,11378.0,RUNNING
2024-01-29 19:00:00,GEN_B01,51.63,41.3,400.1,73.75,50.005,0.9,24.1,9956.7,RUNNING
2024-01-29 19:00:00,GEN_B02,52.27,41.8,400.11,74.68,49.971,0.914,21.6,9796.7,RUNNING
2024-01-29 20:00:00,GEN_M01,46.25,37.0,400.4,66.06,50.016,0.933,23.9,12337.5,RUNNING
2024-01-29 20:00:00,GEN_M02,59.67,47.7,399.12,85.25,50.048,0.923,20.2,12157.9,RUNNING
2024-01-29 20:00:00,GEN_M03,66.56,53.2,402.01,95.08,50.059,0.896,20.8,9005.1,RUNNING
2024-01-29 20:00:00,GEN_B01,60.98,48.8,399.09,87.11,49.906,0.9,22.7,13473.9,RUNNING
2024-01-29 20:00:00,GEN_B02,54.67,43.7,401.42,78.1,50.008,0.906,24.5,8162.3,RUNNING
2024-01-29 21:00:00,GEN_M01,59.56,47.6,401.01,85.08,50.043,0.893,23.8,10213.7,RUNNING
2024-01-29 21:00:00,GEN_M02,61.85,49.5,400.65,88.36,49.926,0.948,22.4,11951.9,RUNNING
2024-01-29 21:00:00,GEN_M03,47.29,37.8,399.59,67.56,49.968,0.946,22.4,9160.5,RUNNING
2024-01-29 21:00:00,GEN_B01,53.37,42.7,401.35,76.24,49.97,0.909,23.1,9973.7,RUNNING
2024-01-29 21:00:00,GEN_B02,56.43,45.1,399.3,80.61,49.984,0.96,23.8,14409.4,RUNNING
2024-01-29 22:00:00,GEN_M01,61.64,49.3,397.23,88.06,50.041,0.898,20.5,10038.0,RUNNING
2024-01-29 22:00:00,GEN_M02,43.77,35.0,402.96,62.53,49.917,0.895,21.3,9984.3,RUNNING
2024-01-29 22:00:00,GEN_M03,49.55,39.6,402.26,70.78,50.013,0.932,20.5,13791.4,RUNNING
2024-01-29 22:00:00,GEN_B01,55.22,44.2,401.4,78.89,49.95,0.925,23.4,13056.8,RUNNING
2024-01-29 22:00:00,GEN_B02,70.86,56.7,401.71,101.23,49.866,0.951,23.0,14136.3,RUNNING
2024-01-29 23:00:00,GEN_M01,50.81,40.6,400.66,72.58,49.992,0.924,22.3,11077.5,RUNNING
2024-01-29 23:00:00,GEN_M02,48.1,38.5,400.79,68.71,50.096,0.937,26.4,9429.7,RUNNING
2024-01-29 23:00:00,GEN_M03,46.32,37.1,399.89,66.18,49.919,0.904,22.8,11610.0,RUNNING
2024-01-29 23:00:00,GEN_B01,54.93,43.9,399.41,78.48,49.995,0.94,26.4,10688.2,RUNNING
2024-01-29 23:00:00,GEN_B02,53.24,42.6,398.58,76.06,50.008,0.908,20.9,11136.5,RUNNING
2024-01-30 00:00:00,GEN_M01,66.75,53.4,401.21,95.36,50.037,0.876,23.0,14534.1,RUNNING
2024-01-30 00:00:00,GEN_M02,56.16,44.9,398.3,80.23,50.023,0.954,22.1,11392.9,RUNNING
2024-01-30 00:00:00,GEN_M03,46.91,37.5,399.51,67.01,49.97,0.934,22.7,11360.9,RUNNING
2024-01-30 00:00:00,GEN_B01,68.52,54.8,400.84,97.89,50.081,0.936,19.0,11248.0,RUNNING
2024-01-30 00:00:00,GEN_B02,51.68,41.3,399.5,73.83,50.033,0.939,22.8,12901.1,RUNNING
2024-01-30 01:00:00,GEN_M01,64.11,51.3,397.06,91.59,50.011,0.921,24.2,10186.4,RUNNING
2024-01-30 01:00:00,GEN_M02,59.49,47.6,401.69,84.98,50.024,0.923,21.4,12220.6,RUNNING
2024-01-30 01:00:00,GEN_M03,51.02,40.8,399.92,72.88,50.031,0.931,21.1,14985.6,RUNNING
2024-01-30 01:00:00,GEN_B01,59.9,47.9,401.54,85.58,50.062,0.935,22.8,8901.5,RUNNING
2024-01-30 01:00:00,GEN_B02,51.84,41.5,399.18,74.06,50.098,0.926,20.5,11436.5,RUNNING
2024-01-30 02:00:00,GEN_M01,54.31,43.4,399.86,77.58,49.961,0.897,22.4,12045.9,RUNNING
2024-01-30 02:00:00,GEN_M02,60.01,48.0,399.47,85.73,49.961,0.943,21.7,9708.3,RUNNING
2024-01-30 02:00:00,GEN_M03,49.48,39.6,400.57,70.69,50.038,0.902,24.5,13087.0,RUNNING
2024-01-30 02:00:00,GEN_B01,42.17,33.7,399.36,60.24,50.114,0.937,26.8,11823.5,RUNNING
2024-01-30 02:00:00,GEN_B02,62.73,50.2,400.97,89.61,50.059,0.928,17.7,8754.6,RUNNING
2024-01-30 03:00:00,GEN_M01,55.79,44.6,398.97,79.7,49.979,0.922,20.2,9242.1,RUNNING
2024-01-30 03:00:00,GEN_M02,61.95,49.6,399.19,88.5,50.025,0.911,23.3,10173.8,RUNNING
2024-01-30 03:00:00,GEN_M03,56.72,45.4,399.78,81.03,49.932,0.914,20.2,10752.3,RUNNING
2024-01-30 03:00:00,GEN_B01,60.23,48.2,401.77,86.04,50.011,0.935,22.2,11478.2,MAINTENANCE
2024-01-30 03:00:00,GEN_B02,65.18,52.1,401.86,93.11,49.993,0.9,19.4,13148.9,RUNNING
2024-01-30 04:00:00,GEN_M01,61.8,49.4,399.36,88.28,50.045,0.911,18.2,14293.9,RUNNING
2024-01-30 04:00:00,GEN_M02,50.87,40.7,396.99,72.67,50.036,0.918,21.8,9130.2,RUNNING
2024-01-30 04:00:00,GEN_M03,56.36,45.1,399.92,80.51,49.932,0.932,23.9,14047.8,RUNNING
2024-01-30 04:00:00,GEN_B01,59.99,48.0,401.67,85.7,50.07,0.932,22.7,10978.0,RUNNING
2024-01-30 04:00:00,GEN_B02,65.54,52.4,399.41,93.63,49.983,0.903,19.6,8869.7,RUNNING
2024-01-30 05:00:00,GEN_M01,62.8,50.2,399.76,89.71,49.955,0.906,23.8,9498.8,RUNNING
2024-01-30 05:00:00,GEN_M02,59.52,47.6,399.27,85.03,50.027,0.952,24.5,14123.4,RUNNING
2024-01-30 05:00:00,GEN_M03,46.81,37.4,401.86,66.87,50.11,0.927,22.4,14145.1,RUNNING
2024-01-30 05:00:00,GEN_B01,62.57,50.1,400.0,89.38,49.98,0.928,17.6,8614.1,RUNNING
2024-01-30 05:00:00,GEN_B02,54.8,43.8,402.48,78.28,49.958,0.892,24.1,8630.9,RUNNING
2024-01-30 06:00:00,GEN_M01,92.96,74.4,399.19,132.8,49.893,0.947,20.1,9478.1,RUNNING
2024-01-30 06:00:00,GEN_M02,83.76,67.0,400.62,119.65,49.945,0.922,20.1,8374.0,RUNNING
2024-01-30 06:00:00,GEN_M03,101.68,81.3,398.56,145.26,50.019,0.895,21.9,11253.2,RUNNING
2024-01-30 06:00:00,GEN_B01,98.45,78.8,399.36,140.64,49.985,0.928,20.8,10058.2,RUNNING
2024-01-30 06:00:00,GEN_B02,91.36,73.1,399.24,130.51,49.946,0.922,23.8,10048.0,RUNNING
2024-01-30 07:00:00,GEN_M01,70.65,56.5,399.88,100.93,49.972,0.918,23.7,10141.7,RUNNING
2024-01-30 07:00:00,GEN_M02,77.13,61.7,399.94,110.18,49.966,0.885,21.1,11762.6,RUNNING
2024-01-30 07:00:00,GEN_M03,70.7,56.6,399.58,101.0,49.997,0.911,23.0,12112.0,RUNNING
2024-01-30 07:00:00,GEN_B01,69.54,55.6,396.31,99.34,50.021,0.892,23.1,11505.8,RUNNING
2024-01-30 07:00:00,GEN_B02,80.29,64.2,402.25,114.7,49.923,0.94,23.7,8319.5,RUNNING
2024-01-30 08:00:00,GEN_M01,88.85,71.1,401.08,126.93,49.95,0.907,22.1,11452.5,RUNNING
2024-01-30 08:00:00,GEN_M02,90.69,72.5,399.7,129.55,50.002,0.915,17.0,8873.2,RUNNING
2024-01-30 08:00:00,GEN_M03,89.64,71.7,401.86,128.06,50.078,0.902,20.3,14041.3,MAINTENANCE
2024-01-30 08:00:00,GEN_B01,72.11,57.7,398.22,103.02,49.975,0.942,23.4,12574.1,RUNNING
2024-01-30 08:00:00,GEN_B02,82.96,66.4,400.08,118.51,49.992,0.917,21.4,12300.5,RUNNING
2024-01-30 09:00:00,GEN_M01,81.01,64.8,398.92,115.73,49.994,0.875,19.8,10514.5,RUNNING
2024-01-30 09:00:00,GEN_M02,87.95,70.4,399.39,125.64,50.026,0.964,20.0,11952.4,RUNNING
2024-01-30 09:00:00,GEN_M03,82.41,65.9,400.1,117.74,50.028,0.875,22.1,8144.3,RUNNING
2024-01-30 09:00:00,GEN_B01,93.47,74.8,397.56,133.53,50.063,0.929,24.0,14172.0,RUNNING
2024-01-30 09:00:00,GEN_B02,65.78,52.6,402.07,93.97,49.924,0.904,20.2,12939.5,RUNNING
2024-01-30 10:00:00,GEN_M01,76.34,61.1,400.67,109.06,50.033,0.933,20.3,8523.8,RUNNING
2024-01-30 10:00:00,GEN_M02,78.54,62.8,399.02,112.2,50.084,0.943,23.1,12818.6,RUNNING
2024-01-30 10:00:00,GEN_M03,86.45,69.2,400.95,123.5,50.006,0.945,20.1,9982.4,RUNNING
2024-01-30 10:00:00,GEN_B01,89.32,71.5,399.16,127.61,50.013,0.912,22.4,14292.1,RUNNING
2024-01-30 10:00:00,GEN_B02,76.93,61.5,397.72,109.9,49.958,0.933,22.8,8911.6,RUNNING
2024-01-30 11:00:00,GEN_M01,68.95,55.2,401.46,98.5,49.987,0.98,25.1,10347.7,RUNNING
2024-01-30 11:00:00,GEN_M02,88.71,71.0,398.83,126.73,49.947,0.94,22.7,8693.3,RUNNING
2024-01-30 11:00:00,GEN_M03,75.27,60.2,399.81,107.53,50.019,0.868,21.1,8455.7,RUNNING
2024-01-30 11:00:00,GEN_B01,95.27,76.2,399.46,136.11,49.914,0.922,28.5,11927.1,RUNNING
2024-01-30 11:00:00,GEN_B02,79.2,63.4,399.12,113.14,50.034,0.925,24.3,9642.3,RUNNING
2024-01-30 12:00:00,GEN_M01,91.87,73.5,399.85,131.24,49.97,0.904,22.8,12073.4,RUNNING
2024-01-30 12:00:00,GEN_M02,84.42,67.5,396.91,120.6,50.091,0.903,20.5,13378.6,RUNNING
2024-01-30 12:00:00,GEN_M03,99.79,79.8,398.57,142.56,49.956,0.939,19.5,9170.0,RUNNING
2024-01-30 12:00:00,GEN_B01,97.64,78.1,402.12,139.49,49.965,0.927,20.4,11277.8,RUNNING
2024-01-30 12:00:00,GEN_B02,80.14,64.1,400.58,114.48,49.95,0.902,22.0,8172.3,RUNNING
2024-01-30 13:00:00,GEN_M01,85.63,68.5,399.97,122.33,50.025,0.935,25.3,9730.4,RUNNING
2024-01-30 13:00:00,GEN_M02,73.48,58.8,402.89,104.97,50.025,0.929,21.2,12231.1,RUNNING
2024-01-30 13:00:00,GEN_M03,84.91,67.9,401.08,121.3,49.912,0.936,23.6,9386.0,RUNNING
2024-01-30 13:00:00,GEN_B01,71.71,57.4,398.08,102.45,50.003,0.912,20.1,11367.0,RUNNING
2024-01-30 13:00:00,GEN_B02,84.59,67.7,399.64,120.84,50.06,0.918,18.1,14933.0,RUNNING
2024-01-30 14:00:00,GEN_M01,96.54,77.2,397.24,137.92,50.005,0.926,23.5,12055.7,RUNNING
2024-01-30 14:00:00,GEN_M02,92.05,73.6,401.01,131.51,49.992,0.891,23.5,14862.1,RUNNING
2024-01-30 14:00:00,GEN_M03,69.21,55.4,401.51,98.88,49.931,0.947,25.2,13323.2,RUNNING
2024-01-30 14:00:00,GEN_B01,78.17,62.5,402.85,111.67,49.957,0.885,22.5,14267.5,RUNNING
2024-01-30 14:00:00,GEN_B02,71.98,57.6,400.34,102.83,49.927,0.926,19.9,9579.1,RUNNING
2024-01-30 15:00:00,GEN_M01,77.84,62.3,399.73,111.21,50.038,0.939,25.2,13791.6,RUNNING
2024-01-30 15:00:00,GEN_M02,69.68,55.7,397.86,99.54,49.931,0.959,24.4,11297.1,RUNNING
2024-01-30 15:00:00,GEN_M03,92.37,73.9,400.79,131.96,49.999,0.905,22.8,14949.3,RUNNING
2024-01-30 15:00:00,GEN_B01,72.29,57.8,398.4,103.27,49.945,0.928,23.0,8590.7,RUNNING
2024-01-30 15:00:00,GEN_B02,80.3,64.2,399.36,114.71,49.971,0.928,24.5,9823.0,RUNNING
2024-01-30 16:00:00,GEN_M01,75.07,60.1,402.66,107.24,49.931,0.946,22.2,11644.8,RUNNING
2024-01-30 16:00:00,GEN_M02,88.63,70.9,401.39,126.61,49.934,0.896,25.5,9888.0,RUNNING
2024-01-30 16:00:00,GEN_M03,87.4,69.9,401.73,124.86,49.984,0.923,18.3,12029.4,RUNNING
2024-01-30 16:00:00,GEN_B01,73.77,59.0,399.47,105.38,50.033,0.912,25.3,14274.4,RUNNING
2024-01-30 16:00:00,GEN_B02,86.8,69.4,400.78,124.0,50.001,0.905,25.3,10012.4,RUNNING
2024-01-30 17:00:00,GEN_M01,76.46,61.2,399.58,109.24,49.959,0.898,24.8,8414.6,RUNNING
2024-01-30 17:00:00,GEN_M02,87.99,70.4,402.38,125.71,49.937,0.908,22.6,11524.7,RUNNING
2024-01-30 17:00:00,GEN_M03,80.33,64.3,400.73,114.75,50.075,0.894,23.2,8784.2,RUNNING
2024-01-30 17:00:00,GEN_B01,85.55,68.4,398.52,122.21,49.955,0.93,23.5,14443.7,RUNNING
2024-01-30 17:00:00,GEN_B02,81.48,65.2,399.21,116.41,49.957,0.895,24.1,9391.7,RUNNING
2024-01-30 18:00:00,GEN_M01,82.24,65.8,399.47,117.49,49.973,0.96,25.0,12038.3,RUNNING
2024-01-30 18:00:00,GEN_M02,96.35,77.1,400.31,137.64,50.091,0.922,23.3,14398.1,RUNNING
2024-01-30 18:00:00,GEN_M03,93.15,74.5,400.81,133.07,49.922,0.91,24.5,14280.2,RUNNING
2024-01-30 18:00:00,GEN_B01,89.44,71.6,398.23,127.78,50.057,0.913,26.4,11376.2,RUNNING
2024-01-30 18:00:00,GEN_B02,102.52,82.0,399.04,146.46,50.021,0.926,22.9,14567.1,RUNNING
2024-01-30 19:00:00,GEN_M01,64.79,51.8,403.71,92.55,49.994,0.918,23.5,11947.9,RUNNING
2024-01-30 19:00:00,GEN_M02,57.98,46.4,400.1,82.83,49.97,0.902,23.2,12720.4,RUNNING
2024-01-30 19:00:00,GEN_M03,53.44,42.7,398.59,76.34,49.996,0.962,22.4,12720.5,RUNNING
2024-01-30 19:00:00,GEN_B01,63.47,50.8,398.27,90.67,49.98,0.909,25.7,14502.7,RUNNING
2024-01-30 19:00:00,GEN_B02,60.65,48.5,401.13,86.65,49.975,0.947,22.9,14942.0,RUNNING
2024-01-30 20:00:00,GEN_M01,55.73,44.6,401.79,79.61,50.056,0.927,24.0,11934.1,RUNNING
2024-01-30 20:00:00,GEN_M02,62.4,49.9,400.87,89.14,49.998,0.873,21.1,12309.5,RUNNING
2024-01-30 20:00:00,GEN_M03,64.92,51.9,397.74,92.75,50.008,0.928,21.1,8870.2,RUNNING
2024-01-30 20:00:00,GEN_B01,56.95,45.6,399.48,81.36,50.054,0.928,22.3,13112.3,RUNNING
2024-01-30 20:00:00,GEN_B02,54.23,43.4,399.75,77.48,50.082,0.922,23.7,14310.3,RUNNING
2024-01-30 21:00:00,GEN_M01,57.12,45.7,401.27,81.6,50.001,0.954,25.0,8078.8,RUNNING
2024-01-30 21:00:00,GEN_M02,62.8,50.2,397.93,89.71,49.979,0.928,21.7,10474.7,RUNNING
2024-01-30 21:00:00,GEN_M03,60.73,48.6,398.23,86.76,49.933,0.907,21.7,14134.2,RUNNING
2024-01-30 21:00:00,GEN_B01,49.14,39.3,397.33,70.2,50.011,0.905,21.0,10214.2,RUNNING
2024-01-30 21:00:00,GEN_B02,68.72,55.0,397.76,98.18,49.932,0.908,21.3,9522.3,RUNNING
2024-01-30 22:00:00,GEN_M01,59.08,47.3,399.31,84.4,50.097,0.885,23.6,8520.2,RUNNING
2024-01-30 22:00:00,GEN_M02,56.69,45.3,399.99,80.98,49.989,0.912,21.2,10569.6,RUNNING
2024-01-30 22:00:00,GEN_M03,54.09,43.3,399.7,77.27,49.995,0.91,21.8,12924.2,RUNNING
2024-01-30 22:00:00,GEN_B01,54.66,43.7,399.44,78.08,49.964,0.905,21.0,14896.4,RUNNING
2024-01-30 22:00:00,GEN_B02,56.43,45.1,399.31,80.62,49.986,0.906,22.4,11106.2,RUNNING
2024-01-30 23:00:00,GEN_M01,59.26,47.4,400.07,84.66,50.033,0.934,23.4,10489.2,MAINTENANCE
2024-01-30 23:00:00,GEN_M02,57.79,46.2,399.35,82.56,49.962,0.918,22.5,13578.9,RUNNING
2024-01-30 23:00:00,GEN_M03,46.62,37.3,401.34,66.59,50.073,0.916,22.8,8710.1,RUNNING
2024-01-30 23:00:00,GEN_B01,50.16,40.1,401.26,71.65,50.01,0.957,20.7,13436.2,RUNNING
2024-01-30 23:00:00,GEN_B02,63.54,50.8,401.83,90.77,49.976,0.899,22.0,9722.9,RUNNING
2024-01-31 00:00:00,GEN_M01,49.95,40.0,401.29,71.35,50.09,0.893,21.2,13388.1,RUNNING
2024-01-31 00:00:00,GEN_M02,65.73,52.6,400.79,93.89,49.9,0.926,19.1,13533.6,RUNNING
2024-01-31 00:00:00,GEN_M03,50.74,40.6,400.59,72.48,49.99,0.933,23.5,10747.2,RUNNING
2024-01-31 00:00:00,GEN_B01,55.53,44.4,400.86,79.33,49.98,0.895,22.8,13848.6,RUNNING
2024-01-31 00:00:00,GEN_B02,58.49,46.8,399.94,83.56,50.037,0.916,23.0,10459.9,RUNNING
2024-01-31 01:00:00,GEN_M01,52.85,42.3,401.66,75.49,50.028,0.895,24.1,8432.7,RUNNING
2024-01-31 01:00:00,GEN_M02,56.45,45.2,399.26,80.65,50.007,0.935,22.0,8709.2,RUNNING
2024-01-31 01:00:00,GEN_M03,52.81,42.2,399.61,75.44,49.938,0.889,24.7,8854.7,RUNNING
2024-01-31 01:00:00,GEN_B01,61.27,49.0,399.19,87.52,49.933,0.929,19.7,9082.1,RUNNING
2024-01-31 01:00:00,GEN_B02,61.12,48.9,400.35,87.31,49.916,0.915,20.9,11269.9,RUNNING
2024-01-31 02:00:00,GEN_M01,45.09,36.1,399.05,64.41,50.107,0.953,21.2,13779.0,RUNNING
2024-01-31 02:00:00,GEN_M02,61.73,49.4,401.61,88.19,50.046,0.917,20.1,14649.4,RUNNING
2024-01-31 02:00:00,GEN_M03,64.79,51.8,398.1,92.56,50.049,0.918,21.5,11005.6,RUNNING
2024-01-31 02:00:00,GEN_B01,60.76,48.6,402.35,86.8,50.033,0.906,22.1,10242.5,RUNNING
2024-01-31 02:00:00,GEN_B02,50.71,40.6,400.12,72.45,50.014,0.903,22.8,11585.2,RUNNING
2024-01-31 03:00:00,GEN_M01,55.72,44.6,397.86,79.6,50.024,0.908,24.7,12074.2,RUNNING
2024-01-31 03:00:00,GEN_M02,59.29,47.4,401.99,84.69,50.017,0.906,22.5,12854.1,RUNNING
2024-01-31 03:00:00,GEN_M03,56.99,45.6,398.98,81.41,50.01,0.921,21.5,8824.8,RUNNING
2024-01-31 03:00:00,GEN_B01,64.23,51.4,397.03,91.76,49.982,0.887,21.5,10808.1,RUNNING
2024-01-31 03:00:00,GEN_B02,59.37,47.5,402.32,84.81,49.946,0.92,21.6,13228.1,RUNNING
2024-01-31 04:00:00,GEN_M01,62.08,49.7,401.3,88.69,49.94,0.927,24.6,10173.0,RUNNING
2024-01-31 04:00:00,GEN_M02,62.61,50.1,401.16,89.45,49.997,0.914,20.8,11378.2,RUNNING
2024-01-31 04:00:00,GEN_M03,51.99,41.6,398.29,74.28,50.009,0.911,22.9,8705.8,RUNNING
2024-01-31 04:00:00,GEN_B01,46.88,37.5,398.23,66.97,49.99,0.922,19.7,14023.2,RUNNING
2024-01-31 04:00:00,GEN_B02,50.56,40.4,399.34,72.23,50.023,0.917,24.5,14423.3,RUNNING
2024-01-31 05:00:00,GEN_M01,59.07,47.3,401.22,84.38,49.959,0.885,22.4,13034.7,RUNNING
2024-01-31 05:00:00,GEN_M02,55.09,44.1,398.42,78.7,50.003,0.9,22.6,13872.5,RUNNING
2024-01-31 05:00:00,GEN_M03,49.68,39.7,400.87,70.97,49.921,0.92,23.5,9588.3,RUNNING
2024-01-31 05:00:00,GEN_B01,56.37,45.1,400.77,80.53,50.004,0.909,21.9,14234.3,RUNNING
2024-01-31 05:00:00,GEN_B02,63.19,50.6,399.9,90.28,49.912,0.902,17.9,9486.9,RUNNING
2024-01-31 06:00:00,GEN_M01,67.01,53.6,397.96,95.73,50.083,0.917,27.1,13402.5,RUNNING
2024-01-31 06:00:00,GEN_M02,76.0,60.8,399.23,108.57,50.042,0.926,20.1,12523.9,RUNNING
2024-01-31 06:00:00,GEN_M03,99.33,79.5,400.33,141.9,50.016,0.917,22.7,14329.5,RUNNING
2024-01-31 06:00:00,GEN_B01,89.73,71.8,400.64,128.19,50.025,0.9,24.3,13774.7,RUNNING
2024-01-31 06:00:00,GEN_B02,95.49,76.4,399.15,136.41,50.001,0.902,18.5,13195.6,RUNNING
2024-01-31 07:00:00,GEN_M01,73.02,58.4,399.74,104.32,50.023,0.936,18.3,14084.8,RUNNING
2024-01-31 07:00:00,GEN_M02,84.44,67.6,400.04,120.63,50.066,0.907,25.9,12679.7,RUNNING
2024-01-31 07:00:00,GEN_M03,81.83,65.5,400.54,116.9,49.984,0.932,22.1,9060.3,RUNNING
2024-01-31 07:00:00,GEN_B01,71.88,57.5,400.99,102.69,50.093,0.926,22.3,12017.6,RUNNING
2024-01-31 07:00:00,GEN_B02,91.33,73.1,399.93,130.46,49.992,0.898,23.6,12590.8,RUNNING
2024-01-31 08:00:00,GEN_M01,71.36,57.1,398.95,101.94,49.94,0.92,20.4,9681.7,RUNNING
2024-01-31 08:00:00,GEN_M02,92.14,73.7,399.92,131.63,50.05,0.911,23.0,9794.7,RUNNING
2024-01-31 08:00:00,GEN_M03,82.14,65.7,399.17,117.34,49.907,0.909,21.6,10160.6,RUNNING
2024-01-31 08:00:00,GEN_B01,88.4,70.7,399.96,126.29,49.933,0.887,25.0,9170.0,RUNNING
2024-01-31 08:00:00,GEN_B02,93.43,74.7,398.18,133.48,49.887,0.912,21.6,9542.2,RUNNING
2024-01-31 09:00:00,GEN_M01,85.3,68.2,401.86,121.85,49.93,0.907,21.3,12362.5,RUNNING
2024-01-31 09:00:00,GEN_M02,83.04,66.4,400.05,118.63,49.973,0.903,21.1,11269.7,RUNNING
2024-01-31 09:00:00,GEN_M03,70.45,56.4,400.23,100.64,50.022,0.915,23.0,12504.1,RUNNING
2024-01-31 09:00:00,GEN_B01,76.43,61.1,397.88,109.19,49.944,0.913,20.7,12496.1,RUNNING
2024-01-31 09:00:00,GEN_B02,65.22,52.2,399.32,93.17,50.114,0.887,22.8,11187.8,RUNNING
2024-01-31 10:00:00,GEN_M01,89.1,71.3,397.19,127.29,50.005,0.927,22.6,11709.9,RUNNING
2024-01-31 10:00:00,GEN_M02,59.33,47.5,398.25,84.76,50.035,0.942,23.7,11372.8,RUNNING
2024-01-31 10:00:00,GEN_M03,72.31,57.9,399.23,103.31,50.029,0.903,21.9,8118.1,RUNNING
2024-01-31 10:00:00,GEN_B01,86.9,69.5,399.61,124.14,50.031,0.906,20.7,13389.2,RUNNING
2024-01-31 10:00:00,GEN_B02,78.54,62.8,400.12,112.2,50.055,0.956,24.7,9496.7,RUNNING
2024-01-31 11:00:00,GEN_M01,78.84,63.1,399.71,112.62,49.932,0.901,20.3,9531.4,RUNNING
2024-01-31 11:00:00,GEN_M02,88.36,70.7,402.78,126.22,50.026,0.942,23.0,13851.0,RUNNING
2024-01-31 11:00:00,GEN_M03,85.27,68.2,400.32,121.81,50.01,0.931,23.7,8054.3,RUNNING
2024-01-31 11:00:00,GEN_B01,74.54,59.6,402.14,106.48,50.093,0.901,20.9,13351.7,RUNNING
2024-01-31 11:00:00,GEN_B02,74.56,59.6,400.8,106.51,50.034,0.938,24.7,14212.0,RUNNING
2024-01-31 12:00:00,GEN_M01,83.77,67.0,400.47,119.67,50.062,0.913,20.7,8754.2,RUNNING
2024-01-31 12:00:00,GEN_M02,82.78,66.2,398.98,118.25,50.067,0.933,23.7,8072.8,RUNNING
2024-01-31 12:00:00,GEN_M03,71.88,57.5,400.25,102.69,49.964,0.942,25.8,10020.0,RUNNING
2024-01-31 12:00:00,GEN_B01,86.2,69.0,399.21,123.14,50.014,0.877,18.8,14556.9,RUNNING
2024-01-31 12:00:00,GEN_B02,69.42,55.5,400.01,99.16,49.94,0.938,22.9,9581.4,RUNNING
2024-01-31 13:00:00,GEN_M01,89.63,71.7,399.7,128.04,49.903,0.93,23.8,10265.5,RUNNING
2024-01-31 13:00:00,GEN_M02,95.83,76.7,400.0,136.9,50.025,0.93,22.1,13297.5,RUNNING
2024-01-31 13:00:00,GEN_M03,72.06,57.6,400.43,102.94,50.129,0.896,22.9,12993.9,RUNNING
2024-01-31 13:00:00,GEN_B01,86.18,68.9,402.5,123.11,49.89,0.906,21.1,13242.2,RUNNING
2024-01-31 13:00:00,GEN_B02,92.97,74.4,398.33,132.81,49.973,0.928,19.3,8534.4,RUNNING
2024-01-31 14:00:00,GEN_M01,95.45,76.4,399.38,136.36,49.915,0.877,25.4,11800.2,RUNNING
2024-01-31 14:00:00,GEN_M02,83.64,66.9,398.79,119.49,50.033,0.954,22.2,11464.3,RUNNING
2024-01-31 14:00:00,GEN_M03,71.55,57.2,398.31,102.21,50.019,0.928,19.4,9884.1,RUNNING
2024-01-31 14:00:00,GEN_B01,95.85,76.7,397.92,136.93,49.94,0.932,21.9,14519.8,RUNNING
2024-01-31 14:00:00,GEN_B02,77.68,62.1,399.38,110.96,50.056,0.927,24.0,8645.5,RUNNING
2024-01-31 15:00:00,GEN_M01,79.18,63.3,399.97,113.11,50.08,0.925,22.8,8049.5,RUNNING
2024-01-31 15:00:00,GEN_M02,89.68,71.7,399.59,128.12,49.942,0.902,23.8,11101.3,RUNNING
2024-01-31 15:00:00,GEN_M03,79.41,63.5,397.36,113.44,50.076,0.931,21.2,13326.2,RUNNING
2024-01-31 15:00:00,GEN_B01,79.6,63.7,402.23,113.72,50.009,0.932,22.5,10885.4,RUNNING
2024-01-31 15:00:00,GEN_B02,89.96,72.0,401.17,128.51,50.039,0.943,22.3,13680.1,RUNNING
2024-01-31 16:00:00,GEN_M01,76.79,61.4,401.17,109.7,49.971,0.92,21.2,12065.8,RUNNING
2024-01-31 16:00:00,GEN_M02,95.04,76.0,399.81,135.77,50.043,0.919,21.8,13533.3,RUNNING
2024-01-31 16:00:00,GEN_M03,83.07,66.5,400.72,118.67,50.049,0.9,21.2,14375.4,RUNNING
2024-01-31 16:00:00,GEN_B01,79.25,63.4,399.17,113.21,49.925,0.941,23.6,8142.9,RUNNING
2024-01-31 16:00:00,GEN_B02,70.05,56.0,399.8,100.07,50.008,0.953,22.9,12227.6,RUNNING
2024-01-31 17:00:00,GEN_M01,111.63,89.3,401.57,159.48,50.048,0.948,22.1,8820.1,RUNNING
2024-01-31 17:00:00,GEN_M02,90.53,72.4,399.65,129.32,49.976,0.94,22.6,12526.0,RUNNING
2024-01-31 17:00:00,GEN_M03,97.28,77.8,397.8,138.98,50.007,0.903,21.6,10784.2,RUNNING
2024-01-31 17:00:00,GEN_B01,70.97,56.8,398.01,101.39,49.98,0.906,21.1,14637.7,RUNNING
2024-01-31 17:00:00,GEN_B02,85.01,68.0,400.39,121.44,49.988,0.915,23.6,9765.1,RUNNING
2024-01-31 18:00:00,GEN_M01,88.29,70.6,399.88,126.12,49.984,0.932,18.9,14896.2,RUNNING
2024-01-31 18:00:00,GEN_M02,67.0,53.6,398.39,95.71,49.995,0.93,18.6,10195.9,RUNNING
2024-01-31 18:00:00,GEN_M03,83.07,66.5,398.38,118.68,49.921,0.922,23.5,13211.9,RUNNING
2024-01-31 18:00:00,GEN_B01,68.96,55.2,399.15,98.51,49.965,0.932,22.7,14843.6,RUNNING
2024-01-31 18:00:00,GEN_B02,83.37,66.7,397.08,119.1,50.094,0.896,19.9,11691.3,RUNNING
2024-01-31 19:00:00,GEN_M01,60.21,48.2,397.86,86.01,49.928,0.928,21.2,10977.1,RUNNING
2024-01-31 19:00:00,GEN_M02,52.08,41.7,398.97,74.4,50.014,0.921,23.8,9570.7,RUNNING
2024-01-31 19:00:00,GEN_M03,53.18,42.5,402.64,75.97,50.03,0.942,22.3,13108.6,RUNNING
2024-01-31 19:00:00,GEN_B01,61.04,48.8,400.81,87.2,49.974,0.889,19.4,12376.2,RUNNING
2024-01-31 19:00:00,GEN_B02,57.22,45.8,399.5,81.75,50.123,0.896,22.2,11551.1,RUNNING
2024-01-31 20:00:00,GEN_M01,49.84,39.9,397.91,71.2,49.97,0.919,22.3,9196.2,RUNNING
2024-01-31 20:00:00,GEN_M02,44.62,35.7,398.38,63.74,50.109,0.88,19.5,8993.5,RUNNING
2024-01-31 20:00:00,GEN_M03,53.62,42.9,400.83,76.61,49.966,0.893,23.6,9202.7,RUNNING
2024-01-31 20:00:00,GEN_B01,60.92,48.7,399.57,87.02,50.022,0.911,23.5,11514.1,RUNNING
2024-01-31 20:00:00,GEN_B02,60.14,48.1,400.76,85.92,49.962,0.952,23.0,12997.5,RUNNING
2024-01-31 21:00:00,GEN_M01,53.68,42.9,398.02,76.69,49.99,0.931,22.1,12402.1,MAINTENANCE
2024-01-31 21:00:00,GEN_M02,61.97,49.6,400.78,88.53,50.014,0.911,25.5,14970.5,RUNNING
2024-01-31 21:00:00,GEN_M03,51.29,41.0,401.43,73.27,49.946,0.934,24.3,9505.9,RUNNING
2024-01-31 21:00:00,GEN_B01,60.3,48.2,396.36,86.15,49.992,0.925,20.3,11556.7,RUNNING
2024-01-31 21:00:00,GEN_B02,55.39,44.3,400.64,79.12,49.978,0.939,22.7,13673.4,RUNNING
2024-01-31 22:00:00,GEN_M01,51.57,41.3,399.25,73.67,50.014,0.911,19.2,14401.2,RUNNING
2024-01-31 22:00:00,GEN_M02,58.44,46.8,400.29,83.48,49.968,0.889,20.4,11409.3,MAINTENANCE
2024-01-31 22:00:00,GEN_M03,55.01,44.0,397.81,78.59,50.006,0.936,25.4,9149.7,RUNNING
2024-01-31 22:00:00,GEN_B01,73.5,58.8,401.71,105.0,49.957,0.913,20.0,12028.3,RUNNING
2024-01-31 22:00:00,GEN_B02,64.94,51.9,397.59,92.77,50.03,0.887,24.1,14320.4,RUNNING
2024-01-31 23:00:00,GEN_M01,56.69,45.3,399.99,80.98,49.902,0.931,23.4,8668.3,RUNNING
2024-01-31 23:00:00,GEN_M02,44.48,35.6,401.85,63.54,50.035,0.906,25.4,12764.3,RUNNING
2024-01-31 23:00:00,GEN_M03,37.37,29.9,401.69,53.39,50.042,0.924,21.6,14380.9,RUNNING
2024-01-31 23:00:00,GEN_B01,61.35,49.1,400.64,87.64,49.954,0.947,20.7,11861.0,RUNNING
2024-01-31 23:00:00,GEN_B02,60.24,48.2,402.26,86.06,50.081,0.934,20.7,11684.3,RUNNING
2024-02-01 00:00:00,GEN_M01,61.98,49.6,399.99,88.54,50.004,0.939,24.6,10632.2,RUNNING
2024-02-01 00:00:00,GEN_M02,61.1,48.9,396.85,87.28,49.95,0.903,21.8,13742.3,RUNNING
2024-02-01 00:00:00,GEN_M03,64.03,51.2,400.95,91.48,50.033,0.87,23.2,11899.2,RUNNING
2024-02-01 00:00:00,GEN_B01,56.33,45.1,399.73,80.47,50.027,0.898,18.0,12714.1,RUNNING
2024-02-01 00:00:00,GEN_B02,59.11,47.3,399.46,84.44,50.008,0.92,23.5,9630.7,RUNNING
2024-02-01 01:00:00,GEN_M01,56.16,44.9,399.41,80.22,49.963,0.937,21.5,11143.2,RUNNING
2024-02-01 01:00:00,GEN_M02,65.0,52.0,401.82,92.85,49.97,0.936,24.0,13109.8,RUNNING
2024-02-01 01:00:00,GEN_M03,48.28,38.6,399.73,68.97,49.971,0.913,21.6,9187.9,RUNNING
2024-02-01 01:00:00,GEN_B01,62.67,50.1,400.3,89.53,50.008,0.921,21.8,13521.5,RUNNING
2024-02-01 01:00:00,GEN_B02,56.95,45.6,400.03,81.35,49.978,0.918,23.7,13339.3,RUNNING
2024-02-01 02:00:00,GEN_M01,45.95,36.8,401.69,65.65,49.926,0.916,23.5,9429.8,RUNNING
2024-02-01 02:00:00,GEN_M02,48.27,38.6,399.38,68.95,50.036,0.925,21.9,14076.0,RUNNING
2024-02-01 02:00:00,GEN_M03,57.98,46.4,400.86,82.83,49.987,0.954,22.5,10969.3,RUNNING
2024-02-01 02:00:00,GEN_B01,46.99,37.6,401.01,67.13,50.028,0.944,18.0,12828.3,RUNNING
2024-02-01 02:00:00,GEN_B02,56.68,45.3,400.94,80.97,49.962,0.972,22.5,9322.8,RUNNING
2024-02-01 03:00:00,GEN_M01,66.24,53.0,400.27,94.63,50.053,0.897,22.0,9620.9,RUNNING
2024-02-01 03:00:00,GEN_M02,59.52,47.6,402.91,85.03,49.923,0.947,21.9,10625.3,RUNNING
2024-02-01 03:00:00,GEN_M03,43.47,34.8,398.24,62.1,49.933,0.924,22.6,11792.1,RUNNING
2024-02-01 03:00:00,GEN_B01,55.03,44.0,400.22,78.62,50.04,0.923,25.8,9266.8,RUNNING
2024-02-01 03:00:00,GEN_B02,48.02,38.4,400.46,68.59,49.903,0.888,22.0,9997.1,RUNNING
2024-02-01 04:00:00,GEN_M01,51.63,41.3,399.42,73.75,50.021,0.919,22.5,12315.1,RUNNING
2024-02-01 04:00:00,GEN_M02,57.74,46.2,399.15,82.49,50.046,0.919,24.4,12026.0,RUNNING
2024-02-01 04:00:00,GEN_M03,56.0,44.8,401.82,80.0,50.012,0.93,22.8,12143.4,RUNNING
2024-02-01 04:00:00,GEN_B01,53.49,42.8,399.82,76.41,50.049,0.908,22.3,11564.1,RUNNING
2024-02-01 04:00:00,GEN_B02,65.18,52.1,399.84,93.11,50.002,0.93,25.3,10966.7,RUNNING
2024-02-01 05:00:00,GEN_M01,54.27,43.4,401.08,77.52,50.041,0.916,24.2,11818.2,RUNNING
2024-02-01 05:00:00,GEN_M02,58.1,46.5,399.85,83.01,50.006,0.904,20.6,12610.0,RUNNING
2024-02-01 05:00:00,GEN_M03,54.06,43.2,399.8,77.23,49.981,0.92,18.6,8361.3,MAINTENANCE
2024-02-01 05:00:00,GEN_B01,64.01,51.2,401.02,91.45,49.938,0.913,26.3,13824.0,RUNNING
2024-02-01 05:00:00,GEN_B02,60.72,48.6,399.45,86.74,50.088,0.921,22.0,10009.9,RUNNING
2024-02-01 06:00:00,GEN_M01,71.08,56.9,397.76,101.55,49.825,0.935,25.1,9408.9,RUNNING
2024-02-01 06:00:00,GEN_M02,90.36,72.3,399.58,129.08,49.973,0.948,22.0,13849.2,RUNNING
2024-02-01 06:00:00,GEN_M03,70.78,56.6,401.79,101.12,50.019,0.945,22.8,13599.3,RUNNING
2024-02-01 06:00:00,GEN_B01,86.89,69.5,399.42,124.12,49.935,0.939,23.4,14911.1,RUNNING
2024-02-01 06:00:00,GEN_B02,92.87,74.3,399.18,132.67,49.922,0.922,22.7,11472.0,RUNNING
2024-02-01 07:00:00,GEN_M01,67.76,54.2,400.52,96.8,49.992,0.908,20.6,10868.8,RUNNING
2024-02-01 07:00:00,GEN_M02,73.09,58.5,399.51,104.41,49.943,0.917,19.7,12791.2,RUNNING
2024-02-01 07:00:00,GEN_M03,83.65,66.9,398.33,119.51,49.994,0.934,19.4,12833.3,RUNNING
2024-02-01 07:00:00,GEN_B01,77.48,62.0,398.45,110.69,49.937,0.925,21.9,10427.3,RUNNING
2024-02-01 07:00:00,GEN_B02,73.49,58.8,398.49,104.99,49.959,0.931,23.1,8782.0,RUNNING
2024-02-01 08:00:00,GEN_M01,74.49,59.6,398.78,106.42,50.089,0.908,21.1,14028.7,RUNNING
2024-02-01 08:00:00,GEN_M02,81.77,65.4,399.7,116.81,50.02,0.903,20.9,12848.1,RUNNING
2024-02-01 08:00:00,GEN_M03,87.31,69.9,395.51,124.74,50.021,0.912,22.3,11837.1,RUNNING
2024-02-01 08:00:00,GEN_B01,78.79,63.0,400.18,112.55,50.045,0.911,19.3,14110.9,RUNNING
2024-02-01 08:00:00,GEN_B02,93.41,74.7,400.9,133.44,49.935,0.941,20.7,9450.2,RUNNING
2024-02-01 09:00:00,GEN_M01,90.01,72.0,399.41,128.59,50.056,0.923,19.3,14769.6,RUNNING
2024-02-01 09:00:00,GEN_M02,65.72,52.6,401.88,93.89,50.024,0.895,19.9,10223.3,RUNNING
2024-02-01 09:00:00,GEN_M03,63.59,50.9,403.68,90.85,49.92,0.916,21.8,14616.3,RUNNING
2024-02-01 09:00:00,GEN_B01,94.37,75.5,399.78,134.81,49.993,0.897,23.6,13981.7,RUNNING
2024-02-01 09:00:00,GEN_B02,78.57,62.9,399.72,112.25,49.953,0.925,20.9,13202.5,RUNNING
2024-02-01 10:00:00,GEN_M01,69.55,55.6,398.98,99.35,50.051,0.917,22.4,14458.5,RUNNING
2024-02-01 10:00:00,GEN_M02,66.05,52.8,399.23,94.36,49.971,0.9,22.6,8954.6,RUNNING
2024-02-01 10:00:00,GEN_M03,90.95,72.8,400.18,129.93,50.003,0.939,20.3,12859.4,RUNNING
2024-02-01 10:00:00,GEN_B01,92.14,73.7,398.4,131.63,49.958,0.935,20.1,14384.1,RUNNING
2024-02-01 10:00:00,GEN_B02,91.28,73.0,400.05,130.4,49.999,0.913,20.7,11607.9,RUNNING
2024-02-01 11:00:00,GEN_M01,75.9,60.7,398.8,108.43,50.034,0.9,22.2,13781.0,RUNNING
2024-02-01 11:00:00,GEN_M02,77.12,61.7,400.28,110.18,49.998,0.92,22.8,12964.9,RUNNING
2024-02-01 11:00:00,GEN_M03,81.87,65.5,399.77,116.95,50.013,0.922,19.9,12880.4,RUNNING
2024-02-01 11:00:00,GEN_B01,72.55,58.0,399.53,103.64,50.0,0.92,21.8,13853.9,RUNNING
2024-02-01 11:00:00,GEN_B02,87.37,69.9,398.75,124.81,49.977,0.932,22.6,10757.1,RUNNING
2024-02-01 12:00:00,GEN_M01,81.36,65.1,401.96,116.22,49.989,0.941,24.1,11489.7,RUNNING
2024-02-01 12:00:00,GEN_M02,81.97,65.6,401.38,117.1,49.999,0.894,20.9,8353.6,RUNNING
2024-02-01 12:00:00,GEN_M03,66.25,53.0,396.37,94.65,49.974,0.925,22.1,12972.3,RUNNING
2024-02-01 12:00:00,GEN_B01,70.68,56.5,399.55,100.97,50.05,0.92,20.1,11281.1,RUNNING
2024-02-01 12:00:00,GEN_B02,72.72,58.2,400.91,103.89,49.984,0.923,24.4,12994.5,RUNNING
2024-02-01 13:00:00,GEN_M01,68.17,54.5,401.4,97.38,50.012,0.946,22.3,14605.2,RUNNING
2024-02-01 13:00:00,GEN_M02,61.26,49.0,402.47,87.52,50.048,0.947,21.8,9283.3,RUNNING
2024-02-01 13:00:00,GEN_M03,81.18,64.9,401.21,115.97,50.026,0.919,20.0,12381.1,RUNNING
2024-02-01 13:00:00,GEN_B01,90.87,72.7,398.4,129.82,50.014,0.887,24.1,14990.7,RUNNING
2024-02-01 13:00:00,GEN_B02,82.58,66.1,398.03,117.97,49.979,0.92,23.4,8906.7,RUNNING
2024-02-01 14:00:00,GEN_M01,69.53,55.6,397.52,99.32,49.988,0.911,22.0,14792.3,RUNNING
2024-02-01 14:00:00,GEN_M02,79.91,63.9,397.74,114.15,49.982,0.939,21.0,11971.8,RUNNING
2024-02-01 14:00:00,GEN_M03,98.17,78.5,399.39,140.24,49.999,0.918,19.8,11248.6,RUNNING
2024-02-01 14:00:00,GEN_B01,81.95,65.6,402.47,117.06,49.969,0.928,20.7,12574.1,RUNNING
2024-02-01 14:00:00,GEN_B02,83.17,66.5,398.66,118.81,49.975,0.931,24.0,9374.3,RUNNING
2024-02-01 15:00:00,GEN_M01,60.56,48.4,400.46,86.51,50.008,0.887,25.0,10841.9,RUNNING
2024-02-01 15:00:00,GEN_M02,89.32,71.5,401.18,127.61,49.982,0.916,18.0,14299.6,RUNNING
2024-02-01 15:00:00,GEN_M03,83.79,67.0,398.93,119.69,50.031,0.874,22.7,12568.0,RUNNING
2024-02-01 15:00:00,GEN_B01,77.8,62.2,401.14,111.14,49.938,0.919,18.5,13986.5,RUNNING
2024-02-01 15:00:00,GEN_B02,82.78,66.2,400.64,118.26,49.997,0.932,22.0,11710.6,RUNNING
2024-02-01 16:00:00,GEN_M01,89.07,71.3,402.04,127.24,49.981,0.941,25.1,12571.8,RUNNING
2024-02-01 16:00:00,GEN_M02,83.74,67.0,400.65,119.63,50.013,0.926,22.7,8604.8,RUNNING
2024-02-01 16:00:00,GEN_M03,98.88,79.1,399.14,141.26,49.986,0.941,23.1,14141.8,RUNNING
2024-02-01 16:00:00,GEN_B01,73.89,59.1,397.89,105.55,49.914,0.894,19.2,12663.4,RUNNING
2024-02-01 16:00:00,GEN_B02,80.79,64.6,397.83,115.41,49.993,0.885,21.4,12226.0,RUNNING
2024-02-01 17:00:00,GEN_M01,77.56,62.0,401.0,110.79,49.99,0.934,26.3,9165.8,RUNNING
2024-02-01 17:00:00,GEN_M02,98.29,78.6,399.47,140.42,50.015,0.901,19.9,14279.9,RUNNING
2024-02-01 17:00:00,GEN_M03,87.76,70.2,399.64,125.37,50.086,0.907,23.3,12533.0,RUNNING
2024-02-01 17:00:00,GEN_B01,98.96,79.2,398.82,141.37,50.104,0.913,22.5,8823.6,RUNNING
2024-02-01 17:00:00,GEN_B02,73.11,58.5,399.09,104.45,49.986,0.939,23.2,11579.3,RUNNING
2024-02-01 18:00:00,GEN_M01,82.96,66.4,399.35,118.51,50.0,0.93,22.2,8987.1,RUNNING
2024-02-01 18:00:00,GEN_M02,79.99,64.0,398.9,114.27,49.972,0.946,20.9,8049.9,RUNNING
2024-02-01 18:00:00,GEN_M03,88.51,70.8,400.66,126.44,49.98,0.906,20.0,10086.3,RUNNING
2024-02-01 18:00:00,GEN_B01,66.39,53.1,398.58,94.85,50.039,0.913,22.0,8513.9,RUNNING
2024-02-01 18:00:00,GEN_B02,79.91,63.9,400.45,114.15,50.001,0.919,21.9,10702.5,RUNNING
2024-02-01 19:00:00,GEN_M01,52.36,41.9,399.54,74.8,49.967,0.892,23.6,10941.0,RUNNING
2024-02-01 19:00:00,GEN_M02,62.91,50.3,400.6,89.87,49.97,0.933,21.0,10998.3,RUNNING
2024-02-01 19:00:00,GEN_M03,53.61,42.9,402.68,76.59,50.024,0.917,25.8,13907.1,RUNNING
2024-02-01 19:00:00,GEN_B01,55.95,44.8,400.31,79.93,49.984,0.896,23.0,11382.7,RUNNING
2024-02-01 19:00:00,GEN_B02,52.8,42.2,399.58,75.43,49.947,0.915,22.7,13938.7,RUNNING
2024-02-01 20:00:00,GEN_M01,48.58,38.9,401.81,69.4,49.979,0.905,20.0,10312.1,RUNNING
2024-02-01 20:00:00,GEN_M02,68.38,54.7,399.65,97.69,49.965,0.929,23.0,12271.9,RUNNING
2024-02-01 20:00:00,GEN_M03,63.91,51.1,399.17,91.3,50.024,0.897,24.0,14626.6,RUNNING
2024-02-01 20:00:00,GEN_B01,59.63,47.7,403.13,85.18,49.955,0.939,21.6,12605.4,RUNNING
2024-02-01 20:00:00,GEN_B02,60.57,48.5,399.26,86.53,50.007,0.925,22.3,10060.5,RUNNING
2024-02-01 21:00:00,GEN_M01,69.67,55.7,399.62,99.54,49.995,0.941,22.7,8725.4,RUNNING
2024-02-01 21:00:00,GEN_M02,35.1,28.1,397.39,50.14,49.94,0.968,21.0,11265.0,RUNNING
2024-02-01 21:00:00,GEN_M03,60.74,48.6,397.35,86.77,50.052,0.904,23.7,8714.8,RUNNING
2024-02-01 21:00:00,GEN_B01,52.27,41.8,400.47,74.66,50.004,0.893,23.2,10244.8,RUNNING
2024-02-01 21:00:00,GEN_B02,57.0,45.6,398.69,81.43,50.0,0.951,24.8,13482.5,RUNNING
2024-02-01 22:00:00,GEN_M01,71.06,56.8,399.21,101.51,49.961,0.946,22.5,11453.1,RUNNING
2024-02-01 22:00:00,GEN_M02,65.83,52.7,399.93,94.04,49.956,0.942,24.2,10766.8,RUNNING
2024-02-01 22:00:00,GEN_M03,48.45,38.8,401.43,69.22,49.943,0.925,22.2,14305.7,RUNNING
2024-02-01 22:00:00,GEN_B01,51.82,41.5,398.8,74.03,50.039,0.917,23.6,9419.5,RUNNING
2024-02-01 22:00:00,GEN_B02,49.22,39.4,397.09,70.32,49.972,0.927,22.3,11385.1,RUNNING
2024-02-01 23:00:00,GEN_M01,42.96,34.4,399.88,61.37,49.973,0.939,24.8,8030.4,RUNNING
2024-02-01 23:00:00,GEN_M02,53.22,42.6,400.04,76.02,49.976,0.926,22.7,8446.0,RUNNING
2024-02-01 23:00:00,GEN_M03,62.05,49.6,396.55,88.64,50.014,0.896,21.5,11050.4,RUNNING
2024-02-01 23:00:00,GEN_B01,57.04,45.6,398.61,81.48,50.018,0.925,23.5,12894.2,RUNNING
2024-02-01 23:00:00,GEN_B02,54.86,43.9,400.17,78.38,49.946,0.909,23.6,14594.2,RUNNING
2024-02-02 00:00:00,GEN_M01,44.37,35.5,399.4,63.39,49.996,0.894,20.8,8999.1,RUNNING
2024-02-02 00:00:00,GEN_M02,54.62,43.7,399.19,78.03,50.025,0.902,21.7,8551.7,RUNNING
2024-02-02 00:00:00,GEN_M03,51.75,41.4,400.35,73.93,49.979,0.915,22.5,14836.3,RUNNING
2024-02-02 00:00:00,GEN_B01,45.35,36.3,401.03,64.78,50.033,0.888,24.7,9974.4,RUNNING
2024-02-02 00:00:00,GEN_B02,41.77,33.4,402.18,59.67,50.103,0.899,23.7,11081.3,RUNNING
2024-02-02 01:00:00,GEN_M01,57.13,45.7,397.2,81.61,50.057,0.92,20.8,12589.2,RUNNING
2024-02-02 01:00:00,GEN_M02,57.4,45.9,399.67,82.0,50.081,0.917,22.3,13156.4,RUNNING
2024-02-02 01:00:00,GEN_M03,68.39,54.7,401.46,97.71,50.006,0.901,21.7,12562.9,RUNNING
2024-02-02 01:00:00,GEN_B01,49.44,39.6,401.59,70.64,50.015,0.906,21.8,14956.6,RUNNING
2024-02-02 01:00:00,GEN_B02,66.82,53.5,401.53,95.46,49.887,0.927,23.0,12775.1,RUNNING
2024-02-02 02:00:00,GEN_M01,45.27,36.2,402.47,64.67,49.899,0.93,24.3,8830.6,RUNNING
2024-02-02 02:00:00,GEN_M02,60.88,48.7,399.08,86.97,49.989,0.936,23.3,11942.4,RUNNING
2024-02-02 02:00:00,GEN_M03,57.25,45.8,398.48,81.79,50.055,0.917,20.9,14988.7,MAINTENANCE
2024-02-02 02:00:00,GEN_B01,64.88,51.9,399.03,92.69,50.021,0.918,21.3,12388.2,RUNNING
2024-02-02 02:00:00,GEN_B02,51.55,41.2,401.26,73.64,49.937,0.9,23.8,8468.7,RUNNING
2024-02-02 03:00:00,GEN_M01,53.99,43.2,402.59,77.13,49.99,0.938,20.2,12972.1,RUNNING
2024-02-02 03:00:00,GEN_M02,56.55,45.2,398.76,80.79,50.086,0.894,24.4,11043.2,RUNNING
2024-02-02 03:00:00,GEN_M03,62.11,49.7,399.27,88.73,49.991,0.892,22.1,12661.3,RUNNING
2024-02-02 03:00:00,GEN_B01,56.47,45.2,401.99,80.68,49.939,0.913,20.5,11748.4,RUNNING
2024-02-02 03:00:00,GEN_B02,52.46,42.0,397.23,74.94,50.043,0.916,21.7,8503.2,RUNNING
2024-02-02 04:00:00,GEN_M01,49.46,39.6,397.34,70.65,49.947,0.95,24.9,13736.3,RUNNING
2024-02-02 04:00:00,GEN_M02,61.06,48.8,400.35,87.22,50.011,0.929,22.8,12458.3,RUNNING
2024-02-02 04:00:00,GEN_M03,54.79,43.8,398.14,78.27,49.997,0.957,21.6,11679.3,RUNNING
2024-02-02 04:00:00,GEN_B01,63.63,50.9,398.55,90.91,50.007,0.91,19.3,12565.3,RUNNING
2024-02-02 04:00:00,GEN_B02,55.63,44.5,396.89,79.48,49.971,0.888,18.8,11281.1,RUNNING
2024-02-02 05:00:00,GEN_M01,42.23,33.8,399.72,60.33,49.943,0.928,21.4,8524.5,RUNNING
2024-02-02 05:00:00,GEN_M02,51.69,41.4,399.39,73.85,49.988,0.911,19.5,14764.6,RUNNING
2024-02-02 05:00:00,GEN_M03,56.66,45.3,400.89,80.95,50.048,0.903,23.8,13826.9,RUNNING
2024-02-02 05:00:00,GEN_B01,61.29,49.0,400.92,87.55,49.953,0.93,20.6,10881.4,RUNNING
2024-02-02 05:00:00,GEN_B02,56.05,44.8,400.3,80.08,50.115,0.891,26.3,10914.9,RUNNING
2024-02-02 06:00:00,GEN_M01,81.25,65.0,401.26,116.07,49.96,0.941,23.2,8397.9,RUNNING
2024-02-02 06:00:00,GEN_M02,75.91,60.7,402.35,108.45,50.002,0.942,19.7,10067.4,RUNNING
2024-02-02 06:00:00,GEN_M03,93.41,74.7,398.44,133.44,50.022,0.9,22.9,11242.0,RUNNING
2024-02-02 06:00:00,GEN_B01,97.31,77.9,397.63,139.02,49.963,0.915,24.5,11174.7,RUNNING
2024-02-02 06:00:00,GEN_B02,64.18,51.3,401.36,91.68,49.97,0.917,19.0,14221.6,RUNNING
2024-02-02 07:00:00,GEN_M01,88.88,71.1,399.35,126.97,49.992,0.925,23.0,8415.3,RUNNING
2024-02-02 07:00:00,GEN_M02,89.93,71.9,395.47,128.47,50.034,0.939,20.3,8633.0,RUNNING
2024-02-02 07:00:00,GEN_M03,83.25,66.6,401.28,118.93,50.003,0.97,22.9,11695.6,RUNNING
2024-02-02 07:00:00,GEN_B01,69.51,55.6,397.63,99.29,49.933,0.907,23.7,9438.8,RUNNING
2024-02-02 07:00:00,GEN_B02,83.91,67.1,399.64,119.87,50.074,0.934,21.6,12622.1,RUNNING
2024-02-02 08:00:00,GEN_M01,86.17,68.9,400.38,123.1,50.027,0.906,20.0,8211.4,RUNNING
2024-02-02 08:00:00,GEN_M02,70.72,56.6,401.11,101.04,49.968,0.929,24.9,10433.4,RUNNING
2024-02-02 08:00:00,GEN_M03,71.02,56.8,400.05,101.46,49.997,0.914,21.9,13816.5,RUNNING
2024-02-02 08:00:00,GEN_B01,77.99,62.4,403.66,111.41,50.098,0.947,21.0,14774.8,RUNNING
2024-02-02 08:00:00,GEN_B02,87.47,70.0,399.56,124.96,49.958,0.909,25.9,14658.8,RUNNING
2024-02-02 09:00:00,GEN_M01,71.22,57.0,399.98,101.74,50.007,0.955,22.3,13632.9,RUNNING
2024-02-02 09:00:00,GEN_M02,83.16,66.5,397.28,118.8,50.104,0.909,18.7,9967.3,MAINTENANCE
2024-02-02 09:00:00,GEN_M03,75.08,60.1,400.83,107.26,50.034,0.955,22.4,12825.2,RUNNING
2024-02-02 09:00:00,GEN_B01,96.26,77.0,401.45,137.51,49.981,0.917,20.3,11468.1,RUNNING
2024-02-02 09:00:00,GEN_B02,70.31,56.2,401.39,100.44,49.986,0.926,20.0,10570.6,RUNNING
2024-02-02 10:00:00,GEN_M01,74.0,59.2,400.47,105.72,50.055,0.937,22.3,13938.9,RUNNING
2024-02-02 10:00:00,GEN_M02,82.22,65.8,400.5,117.46,49.927,0.917,22.5,14375.0,RUNNING
2024-02-02 10:00:00,GEN_M03,72.01,57.6,399.65,102.87,50.098,0.904,19.4,11553.5,RUNNING
2024-02-02 10:00:00,GEN_B01,92.99,74.4,400.77,132.84,50.01,0.903,20.6,13191.4,RUNNING
2024-02-02 10:00:00,GEN_B02,90.58,72.5,399.9,129.41,50.033,0.917,21.3,9630.8,RUNNING
2024-02-02 11:00:00,GEN_M01,78.26,62.6,399.71,111.8,50.068,0.954,27.3,14911.0,RUNNING
2024-02-02 11:00:00,GEN_M02,79.41,63.5,400.15,113.45,49.919,0.889,22.7,12897.6,RUNNING
2024-02-02 11:00:00,GEN_M03,81.74,65.4,402.84,116.77,49.988,0.959,21.1,14841.3,RUNNING
2024-02-02 11:00:00,GEN_B01,76.49,61.2,400.76,109.27,50.028,0.91,25.8,8179.8,RUNNING
2024-02-02 11:00:00,GEN_B02,87.02,69.6,399.78,124.31,49.983,0.915,25.3,12521.8,RUNNING
2024-02-02 12:00:00,GEN_M01,97.45,78.0,402.17,139.22,50.016,0.921,23.6,10917.5,RUNNING
2024-02-02 12:00:00,GEN_M02,85.49,68.4,400.55,122.13,49.88,0.938,24.7,12586.6,RUNNING
2024-02-02 12:00:00,GEN_M03,90.27,72.2,400.82,128.95,50.055,0.91,22.6,12459.8,RUNNING
2024-02-02 12:00:00,GEN_B01,89.18,71.3,400.61,127.41,49.952,0.9,19.7,12213.6,RUNNING
2024-02-02 12:00:00,GEN_B02,92.7,74.2,399.8,132.43,50.011,0.903,21.2,10450.7,RUNNING
2024-02-02 13:00:00,GEN_M01,74.02,59.2,400.91,105.74,49.923,0.931,24.3,9596.0,MAINTENANCE
2024-02-02 13:00:00,GEN_M02,86.47,69.2,399.79,123.54,49.953,0.947,22.8,12756.7,RUNNING
2024-02-02 13:00:00,GEN_M03,80.23,64.2,398.58,114.62,49.981,0.907,20.4,13100.2,RUNNING
2024-02-02 13:00:00,GEN_B01,80.11,64.1,398.72,114.45,49.914,0.923,24.4,8051.0,RUNNING
2024-02-02 13:00:00,GEN_B02,99.81,79.8,404.82,142.59,50.017,0.925,23.0,11703.8,RUNNING
2024-02-02 14:00:00,GEN_M01,82.94,66.3,399.79,118.48,49.997,0.916,21.1,8083.7,RUNNING
2024-02-02 14:00:00,GEN_M02,102.15,81.7,400.25,145.92,49.98,0.936,21.2,8620.7,RUNNING
2024-02-02 14:00:00,GEN_M03,61.99,49.6,399.54,88.56,49.997,0.896,22.4,12998.3,RUNNING
2024-02-02 14:00:00,GEN_B01,95.58,76.5,400.89,136.55,49.943,0.957,24.2,10729.5,RUNNING
2024-02-02 14:00:00,GEN_B02,88.32,70.7,400.86,126.17,49.98,0.908,23.4,8122.5,RUNNING
2024-02-02 15:00:00,GEN_M01,106.6,85.3,400.37,152.28,50.01,0.92,20.5,13015.8,RUNNING
2024-02-02 15:00:00,GEN_M02,75.3,60.2,399.03,107.57,50.015,0.909,22.0,11637.0,RUNNING
2024-02-02 15:00:00,GEN_M03,76.0,60.8,402.79,108.57,50.023,0.911,22.8,10485.3,RUNNING
2024-02-02 15:00:00,GEN_B01,68.29,54.6,400.43,97.56,49.971,0.901,25.7,8504.1,RUNNING
2024-02-02 15:00:00,GEN_B02,72.69,58.2,401.97,103.84,49.999,0.891,20.7,11205.4,RUNNING
2024-02-02 16:00:00,GEN_M01,75.34,60.3,400.62,107.63,49.977,0.895,24.6,13350.2,RUNNING
2024-02-02 16:00:00,GEN_M02,71.58,57.3,400.01,102.26,50.01,0.917,20.1,14775.0,RUNNING
2024-02-02 16:00:00,GEN_M03,80.86,64.7,400.44,115.51,50.064,0.917,19.8,14049.0,RUNNING
2024-02-02 16:00:00,GEN_B01,79.43,63.5,402.18,113.47,50.021,0.921,20.1,10307.9,RUNNING
2024-02-02 16:00:00,GEN_B02,86.47,69.2,398.6,123.53,50.023,0.926,22.8,10020.9,RUNNING
2024-02-02 17:00:00,GEN_M01,79.46,63.6,399.8,113.52,49.969,0.93,22.5,9506.9,RUNNING
2024-02-02 17:00:00,GEN_M02,63.24,50.6,398.17,90.34,50.014,0.921,23.5,11621.9,RUNNING
2024-02-02 17:00:00,GEN_M03,77.56,62.1,400.43,110.81,49.988,0.92,23.4,12414.6,RUNNING
2024-02-02 17:00:00,GEN_B01,100.77,80.6,398.68,143.96,49.978,0.896,22.4,11194.2,RUNNING
2024-02-02 17:00:00,GEN_B02,88.92,71.1,399.14,127.03,49.971,0.953,26.9,9339.3,RUNNING
2024-02-02 18:00:00,GEN_M01,69.17,55.3,399.12,98.81,49.934,0.954,24.2,12516.2,RUNNING
2024-02-02 18:00:00,GEN_M02,90.48,72.4,398.15,129.26,50.006,0.901,23.1,12087.7,RUNNING
2024-02-02 18:00:00,GEN_M03,92.83,74.3,399.68,132.62,49.943,0.92,21.2,13075.9,RUNNING
2024-02-02 18:00:00,GEN_B01,88.85,71.1,399.02,126.93,50.04,0.936,20.7,8421.3,RUNNING
2024-02-02 18:00:00,GEN_B02,92.92,74.3,401.12,132.75,49.993,0.899,21.2,8469.3,RUNNING
2024-02-02 19:00:00,GEN_M01,68.34,54.7,398.06,97.63,49.981,0.959,19.1,13264.7,RUNNING
2024-02-02 19:00:00,GEN_M02,55.27,44.2,399.29,78.96,49.936,0.903,19.6,11996.5,RUNNING
2024-02-02 19:00:00,GEN_M03,49.61,39.7,398.97,70.87,50.011,0.903,22.4,11549.1,RUNNING
2024-02-02 19:00:00,GEN_B01,57.67,46.1,397.1,82.39,49.925,0.953,20.8,8105.2,RUNNING
2024-02-02 19:00:00,GEN_B02,67.51,54.0,398.33,96.45,50.075,0.929,23.4,13184.3,RUNNING
2024-02-02 20:00:00,GEN_M01,44.95,36.0,399.23,64.21,50.032,0.892,19.5,14396.9,RUNNING
2024-02-02 20:00:00,GEN_M02,54.93,43.9,398.48,78.48,50.072,0.897,23.3,10416.7,RUNNING
2024-02-02 20:00:00,GEN_M03,57.48,46.0,400.3,82.11,50.034,0.928,22.4,9412.9,RUNNING
2024-02-02 20:00:00,GEN_B01,62.13,49.7,399.15,88.75,49.945,0.914,22.5,14854.6,RUNNING
2024-02-02 20:00:00,GEN_B02,57.62,46.1,401.58,82.32,50.065,0.927,22.4,14491.2,RUNNING
2024-02-02 21:00:00,GEN_M01,60.13,48.1,399.92,85.9,50.108,0.909,22.9,10611.4,RUNNING
2024-02-02 21:00:00,GEN_M02,62.35,49.9,397.14,89.07,50.007,0.934,24.8,8048.4,RUNNING
2024-02-02 21:00:00,GEN_M03,58.14,46.5,400.2,83.06,49.945,0.967,22.7,13546.4,RUNNING
2024-02-02 21:00:00,GEN_B01,51.4,41.1,398.61,73.43,49.928,0.942,17.4,9277.5,RUNNING
2024-02-02 21:00:00,GEN_B02,51.7,41.4,398.93,73.85,50.05,0.926,22.1,13733.8,RUNNING
2024-02-02 22:00:00,GEN_M01,56.31,45.0,397.81,80.44,49.996,0.926,22.0,12288.4,RUNNING
2024-02-02 22:00:00,GEN_M02,66.25,53.0,397.72,94.65,49.958,0.948,23.0,11534.6,RUNNING
2024-02-02 22:00:00,GEN_M03,57.37,45.9,401.98,81.96,49.951,0.937,19.6,14264.6,RUNNING
2024-02-02 22:00:00,GEN_B01,66.39,53.1,400.4,94.84,49.991,0.919,25.6,9610.3,RUNNING
2024-02-02 22:00:00,GEN_B02,59.57,47.7,400.49,85.1,49.926,0.918,21.6,11537.8,RUNNING
2024-02-02 23:00:00,GEN_M01,63.98,51.2,398.04,91.39,50.04,0.914,18.2,8415.1,RUNNING
2024-02-02 23:00:00,GEN_M02,69.92,55.9,400.8,99.88,49.946,0.912,22.8,9132.1,RUNNING
2024-02-02 23:00:00,GEN_M03,50.76,40.6,401.0,72.51,50.043,0.928,19.8,12564.2,RUNNING
2024-02-02 23:00:00,GEN_B01,41.9,33.5,398.05,59.86,49.944,0.922,24.6,8936.9,RUNNING
2024-02-02 23:00:00,GEN_B02,57.78,46.2,397.47,82.54,49.926,0.918,24.2,12622.9,RUNNING
2024-02-03 00:00:00,GEN_M01,47.41,37.9,401.55,67.73,50.062,0.958,24.8,11226.8,RUNNING
2024-02-03 00:00:00,GEN_M02,56.86,45.5,398.94,81.23,50.008,0.914,20.6,10571.7,RUNNING
2024-02-03 00:00:00,GEN_M03,60.37,48.3,397.6,86.24,49.985,0.917,23.6,14196.7,RUNNING
2024-02-03 00:00:00,GEN_B01,47.38,37.9,400.12,67.69,49.956,0.96,22.8,13014.6,RUNNING
2024-02-03 00:00:00,GEN_B02,63.79,51.0,401.93,91.12,50.003,0.92,22.2,12235.0,RUNNING
2024-02-03 01:00:00,GEN_M01,61.01,48.8,400.77,87.16,50.035,0.94,22.9,12995.9,RUNNING
2024-02-03 01:00:00,GEN_M02,65.99,52.8,401.98,94.27,50.017,0.933,21.2,8130.8,RUNNING
2024-02-03 01:00:00,GEN_M03,66.61,53.3,401.37,95.16,49.981,0.95,23.2,14956.3,RUNNING
2024-02-03 01:00:00,GEN_B01,61.47,49.2,401.65,87.81,50.129,0.897,22.0,11586.5,RUNNING
2024-02-03 01:00:00,GEN_B02,50.22,40.2,399.83,71.75,50.06,0.972,22.1,11049.5,RUNNING
2024-02-03 02:00:00,GEN_M01,53.62,42.9,401.83,76.6,50.081,0.935,23.2,9270.1,RUNNING
2024-02-03 02:00:00,GEN_M02,75.14,60.1,400.18,107.35,49.931,0.914,24.7,8615.6,RUNNING
2024-02-03 02:00:00,GEN_M03,48.64,38.9,398.4,69.49,50.032,0.881,21.3,14521.8,RUNNING
2024-02-03 02:00:00,GEN_B01,56.93,45.5,399.86,81.33,50.055,0.893,22.8,10217.1,RUNNING
2024-02-03 02:00:00,GEN_B02,61.6,49.3,403.22,87.99,49.96,0.892,22.2,12304.3,RUNNING
2024-02-03 03:00:00,GEN_M01,69.67,55.7,396.9,99.53,49.981,0.938,19.8,12446.0,RUNNING
2024-02-03 03:00:00,GEN_M02,61.97,49.6,399.66,88.53,50.079,0.933,19.2,8950.7,RUNNING
2024-02-03 03:00:00,GEN_M03,54.29,43.4,401.67,77.56,50.006,0.925,23.9,10111.0,RUNNING
2024-02-03 03:00:00,GEN_B01,53.43,42.7,401.59,76.32,50.046,0.924,21.5,13076.9,RUNNING
2024-02-03 03:00:00,GEN_B02,65.18,52.1,401.86,93.11,49.999,0.88,20.1,13431.0,RUNNING
2024-02-03 04:00:00,GEN_M01,52.83,42.3,399.76,75.47,49.904,0.873,21.0,12641.6,RUNNING
2024-02-03 04:00:00,GEN_M02,66.01,52.8,402.35,94.3,49.967,0.888,24.5,10558.3,RUNNING
2024-02-03 04:00:00,GEN_M03,38.45,30.8,399.7,54.93,49.935,0.899,20.8,8918.3,RUNNING
2024-02-03 04:00:00,GEN_B01,54.6,43.7,400.21,77.99,50.002,0.907,22.3,12359.2,RUNNING
2024-02-03 04:00:00,GEN_B02,60.98,48.8,399.87,87.11,49.992,0.93,23.7,10226.5,RUNNING
2024-02-03 05:00:00,GEN_M01,42.49,34.0,398.68,60.7,50.017,0.922,20.8,11906.6,RUNNING
2024-02-03 05:00:00,GEN_M02,46.78,37.4,400.22,66.83,49.999,0.898,22.0,8826.0,RUNNING
2024-02-03 05:00:00,GEN_M03,49.37,39.5,399.63,70.53,50.007,0.901,22.0,8679.8,RUNNING
2024-02-03 05:00:00,GEN_B01,57.46,46.0,400.39,82.08,50.016,0.936,24.4,8051.9,RUNNING
2024-02-03 05:00:00,GEN_B02,45.72,36.6,398.42,65.32,50.044,0.935,25.2,13150.4,RUNNING
2024-02-03 06:00:00,GEN_M01,86.23,69.0,400.29,123.18,49.995,0.91,25.5,9306.7,RUNNING
2024-02-03 06:00:00,GEN_M02,63.82,51.1,397.87,91.17,49.988,0.932,22.2,10263.9,RUNNING
2024-02-03 06:00:00,GEN_M03,88.31,70.7,399.72,126.16,49.882,0.95,21.2,11947.3,RUNNING
2024-02-03 06:00:00,GEN_B01,83.02,66.4,401.83,118.6,49.985,0.92,22.4,13466.0,RUNNING
2024-02-03 06:00:00,GEN_B02,73.42,58.7,399.9,104.88,49.939,0.952,19.9,9546.1,RUNNING
2024-02-03 07:00:00,GEN_M01,100.52,80.4,399.28,143.6,50.059,0.904,22.4,10601.9,RUNNING
2024-02-03 07:00:00,GEN_M02,86.7,69.4,398.99,123.85,50.012,0.938,21.9,8045.5,RUNNING
2024-02-03 07:00:00,GEN_M03,82.12,65.7,398.69,117.31,50.057,0.941,21.9,13554.4,RUNNING
2024-02-03 07:00:00,GEN_B01,77.14,61.7,402.12,110.21,49.943,0.932,21.5,9538.4,MAINTENANCE
2024-02-03 07:00:00,GEN_B02,75.66,60.5,400.1,108.09,50.063,0.905,25.3,11068.8,RUNNING
2024-02-03 08:00:00,GEN_M01,83.88,67.1,401.14,119.82,49.99,0.878,20.7,10442.9,RUNNING
2024-02-03 08:00:00,GEN_M02,86.78,69.4,402.66,123.97,49.971,0.932,24.8,10035.5,RUNNING
2024-02-03 08:00:00,GEN_M03,75.19,60.2,400.14,107.42,50.014,0.907,18.3,9011.6,RUNNING
2024-02-03 08:00:00,GEN_B01,92.13,73.7,397.69,131.61,50.045,0.912,22.8,14919.8,RUNNING
2024-02-03 08:00:00,GEN_B02,91.14,72.9,400.96,130.2,49.959,0.895,24.3,11188.1,RUNNING
2024-02-03 09:00:00,GEN_M01,66.91,53.5,399.8,95.58,50.054,0.936,20.5,13983.0,RUNNING
2024-02-03 09:00:00,GEN_M02,83.05,66.4,400.33,118.65,50.0,0.935,22.3,8212.8,RUNNING
2024-02-03 09:00:00,GEN_M03,84.86,67.9,400.79,121.23,50.012,0.932,20.0,14436.3,RUNNING
2024-02-03 09:00:00,GEN_B01,80.64,64.5,399.32,115.19,49.981,0.932,23.2,11738.1,RUNNING
2024-02-03 09:00:00,GEN_B02,77.93,62.3,401.23,111.33,49.976,0.938,21.8,14839.7,RUNNING
2024-02-03 10:00:00,GEN_M01,90.2,72.2,399.34,128.86,49.939,0.908,24.2,12093.5,RUNNING
2024-02-03 10:00:00,GEN_M02,78.43,62.7,403.29,112.05,50.017,0.92,25.0,14136.3,RUNNING
2024-02-03 10:00:00,GEN_M03,103.14,82.5,401.71,147.34,50.056,0.937,25.3,11413.7,RUNNING
2024-02-03 10:00:00,GEN_B01,80.78,64.6,397.82,115.4,49.992,0.903,22.6,10303.7,RUNNING
2024-02-03 10:00:00,GEN_B02,84.53,67.6,402.4,120.76,49.915,0.93,20.3,12717.8,RUNNING
2024-02-03 11:00:00,GEN_M01,68.48,54.8,400.34,97.82,50.008,0.907,22.2,12158.1,MAINTENANCE
2024-02-03 11:00:00,GEN_M02,83.2,66.6,401.09,118.86,50.005,0.924,21.6,11882.0,RUNNING
2024-02-03 11:00:00,GEN_M03,77.42,61.9,400.67,110.6,49.959,0.936,24.1,9807.4,RUNNING
2024-02-03 11:00:00,GEN_B01,77.9,62.3,399.45,111.28,50.018,0.91,23.1,8614.0,RUNNING
2024-02-03 11:00:00,GEN_B02,76.32,61.1,400.77,109.03,50.019,0.929,18.6,8706.7,RUNNING
2024-02-03 12:00:00,GEN_M01,90.91,72.7,398.82,129.87,50.027,0.937,23.7,14288.7,RUNNING
2024-02-03 12:00:00,GEN_M02,76.55,61.2,398.37,109.36,49.951,0.884,18.7,10647.9,RUNNING
2024-02-03 12:00:00,GEN_M03,84.68,67.7,399.56,120.97,49.967,0.925,23.3,11048.1,RUNNING
2024-02-03 12:00:00,GEN_B01,81.27,65.0,400.84,116.1,50.003,0.935,19.9,9933.8,RUNNING
2024-02-03 12:00:00,GEN_B02,78.23,62.6,402.3,111.75,50.025,0.922,26.4,12775.9,RUNNING
2024-02-03 13:00:00,GEN_M01,86.63,69.3,402.68,123.76,50.012,0.96,20.2,8781.5,RUNNING
2024-02-03 13:00:00,GEN_M02,95.09,76.1,400.2,135.84,49.94,0.933,22.3,9185.0,RUNNING
2024-02-03 13:00:00,GEN_M03,76.32,61.1,397.7,109.02,49.989,0.94,22.6,11824.0,RUNNING
2024-02-03 13:00:00,GEN_B01,74.94,59.9,402.48,107.05,49.917,0.935,20.9,14868.7,RUNNING
2024-02-03 13:00:00,GEN_B02,76.47,61.2,398.33,109.24,50.038,0.916,20.7,12611.9,RUNNING
2024-02-03 14:00:00,GEN_M01,79.55,63.6,399.26,113.64,50.045,0.89,17.7,8062.8,RUNNING
2024-02-03 14:00:00,GEN_M02,70.35,56.3,398.91,100.5,49.999,0.898,20.9,14525.2,RUNNING
2024-02-03 14:00:00,GEN_M03,77.37,61.9,400.97,110.53,50.062,0.915,21.6,14353.4,RUNNING
2024-02-03 14:00:00,GEN_B01,100.13,80.1,400.21,143.04,49.931,0.922,25.6,10219.5,RUNNING
2024-02-03 14:00:00,GEN_B02,101.1,80.9,400.45,144.43,49.956,0.914,19.3,9554.2,RUNNING
2024-02-03 15:00:00,GEN_M01,88.7,71.0,400.47,126.71,50.085,0.902,20.4,12020.7,RUNNING
2024-02-03 15:00:00,GEN_M02,94.94,76.0,401.76,135.63,49.95,0.907,22.3,9973.3,RUNNING
2024-02-03 15:00:00,GEN_M03,88.91,71.1,399.35,127.01,49.941,0.93,16.7,8493.8,RUNNING
2024-02-03 15:00:00,GEN_B01,107.68,86.1,401.58,153.83,50.11,0.936,23.8,8614.5,RUNNING
2024-02-03 15:00:00,GEN_B02,73.54,58.8,401.45,105.06,49.897,0.918,19.9,11548.9,RUNNING
2024-02-03 16:00:00,GEN_M01,89.79,71.8,401.41,128.27,50.098,0.917,22.3,13653.1,RUNNING
2024-02-03 16:00:00,GEN_M02,109.33,87.5,401.42,156.18,49.969,0.952,22.1,12767.5,RUNNING
2024-02-03 16:00:00,GEN_M03,81.8,65.4,400.69,116.85,49.915,0.913,19.2,11610.3,RUNNING
2024-02-03 16:00:00,GEN_B01,83.16,66.5,399.91,118.8,49.933,0.922,22.0,8754.5,RUNNING
2024-02-03 16:00:00,GEN_B02,69.38,55.5,400.1,99.12,49.977,0.899,20.8,12212.2,RUNNING
2024-02-03 17:00:00,GEN_M01,84.14,67.3,400.89,120.2,49.99,0.896,20.6,12337.4,RUNNING
2024-02-03 17:00:00,GEN_M02,80.06,64.0,398.88,114.37,50.101,0.89,18.6,14906.6,RUNNING
2024-02-03 17:00:00,GEN_M03,78.74,63.0,400.26,112.48,49.916,0.922,18.7,9416.4,RUNNING
2024-02-03 17:00:00,GEN_B01,89.6,71.7,400.71,128.0,50.025,0.945,21.2,11550.7,RUNNING
2024-02-03 17:00:00,GEN_B02,69.17,55.3,398.28,98.81,50.03,0.902,21.0,12748.3,RUNNING
2024-02-03 18:00:00,GEN_M01,91.05,72.8,398.92,130.07,50.038,0.897,24.5,11007.2,RUNNING
2024-02-03 18:00:00,GEN_M02,78.92,63.1,401.52,112.74,50.054,0.895,23.9,10572.3,RUNNING
2024-02-03 18:00:00,GEN_M03,92.13,73.7,400.55,131.62,50.011,0.88,18.4,11010.2,RUNNING
2024-02-03 18:00:00,GEN_B01,72.4,57.9,400.29,103.42,50.008,0.899,22.8,14283.5,RUNNING
2024-02-03 18:00:00,GEN_B02,92.45,74.0,400.05,132.08,50.047,0.9,21.7,9045.9,RUNNING
2024-02-03 19:00:00,GEN_M01,57.96,46.4,400.72,82.81,49.995,0.917,23.0,13830.7,RUNNING
2024-02-03 19:00:00,GEN_M02,56.72,45.4,400.99,81.03,49.911,0.892,24.0,13396.6,RUNNING
2024-02-03 19:00:00,GEN_M03,65.12,52.1,399.99,93.02,50.002,0.903,24.0,9115.7,RUNNING
2024-02-03 19:00:00,GEN_B01,59.02,47.2,399.13,84.32,49.954,0.973,22.9,13475.3,RUNNING
2024-02-03 19:00:00,GEN_B02,55.55,44.4,398.37,79.36,50.024,0.903,21.6,12029.4,RUNNING
2024-02-03 20:00:00,GEN_M01,54.17,43.3,401.35,77.39,50.009,0.962,21.9,10422.0,MAINTENANCE
2024-02-03 20:00:00,GEN_M02,64.77,51.8,398.59,92.53,49.993,0.93,22.7,13141.0,RUNNING
2024-02-03 20:00:00,GEN_M03,48.94,39.2,399.16,69.92,50.037,0.904,20.4,14930.4,RUNNING
2024-02-03 20:00:00,GEN_B01,42.75,34.2,399.33,61.07,49.947,0.905,23.9,10962.5,RUNNING
2024-02-03 20:00:00,GEN_B02,55.32,44.3,398.15,79.04,49.963,0.894,20.8,12247.1,RUNNING
2024-02-03 21:00:00,GEN_M01,63.42,50.7,398.71,90.6,50.077,0.941,20.3,9162.0,RUNNING
2024-02-03 21:00:00,GEN_M02,69.34,55.5,399.35,99.05,50.057,0.92,21.6,8500.6,RUNNING
2024-02-03 21:00:00,GEN_M03,47.51,38.0,398.68,67.87,49.974,0.897,15.7,9273.1,RUNNING
2024-02-03 21:00:00,GEN_B01,59.84,47.9,401.36,85.48,49.936,0.873,19.2,12711.0,RUNNING
2024-02-03 21:00:00,GEN_B02,65.53,52.4,401.19,93.61,50.052,0.922,22.8,13802.0,RUNNING
2024-02-03 22:00:00,GEN_M01,57.09,45.7,400.88,81.55,49.894,0.946,20.3,12714.7,RUNNING
2024-02-03 22:00:00,GEN_M02,66.3,53.0,399.84,94.72,49.939,0.955,21.5,13340.0,RUNNING
2024-02-03 22:00:00,GEN_M03,58.16,46.5,397.38,83.08,50.0,0.911,19.0,8259.3,RUNNING
2024-02-03 22:00:00,GEN_B01,55.58,44.5,400.34,79.4,50.038,0.929,23.8,8967.2,RUNNING
2024-02-03 22:00:00,GEN_B02,58.24,46.6,401.37,83.19,49.992,0.914,21.9,12917.6,RUNNING
2024-02-03 23:00:00,GEN_M01,54.53,43.6,398.18,77.9,50.04,0.883,24.0,10096.2,RUNNING
2024-02-03 23:00:00,GEN_M02,58.95,47.2,398.2,84.21,50.023,0.906,17.9,12035.7,RUNNING
2024-02-03 23:00:00,GEN_M03,49.95,40.0,398.36,71.36,50.088,0.889,23.6,12105.0,MAINTENANCE
2024-02-03 23:00:00,GEN_B01,70.68,56.5,399.3,100.97,49.953,0.94,23.5,9362.6,RUNNING
2024-02-03 23:00:00,GEN_B02,52.25,41.8,400.73,74.64,49.938,0.941,22.9,13761.3,RUNNING
2024-02-04 00:00:00,GEN_M01,53.41,42.7,400.1,76.3,49.993,0.923,21.9,10132.1,RUNNING
2024-02-04 00:00:00,GEN_M02,65.67,52.5,401.79,93.82,49.992,0.93,23.5,8277.6,RUNNING
2024-02-04 00:00:00,GEN_M03,59.96,48.0,399.43,85.65,50.038,0.91,19.8,13559.8,RUNNING
2024-02-04 00:00:00,GEN_B01,63.57,50.9,401.72,90.81,50.099,0.918,24.1,14462.3,RUNNING
2024-02-04 00:00:00,GEN_B02,55.8,44.6,397.43,79.71,50.01,0.892,22.6,10705.6,RUNNING
2024-02-04 01:00:00,GEN_M01,49.03,39.2,399.67,70.04,50.055,0.915,22.9,11652.3,RUNNING
2024-02-04 01:00:00,GEN_M02,39.98,32.0,398.68,57.12,49.95,0.909,18.6,12370.8,RUNNING
2024-02-04 01:00:00,GEN_M03,48.43,38.7,396.65,69.19,49.982,0.898,20.1,13087.8,RUNNING
2024-02-04 01:00:00,GEN_B01,52.89,42.3,400.67,75.56,50.057,0.931,19.2,11609.0,RUNNING
2024-02-04 01:00:00,GEN_B02,37.85,30.3,399.51,54.07,49.951,0.892,21.0,11517.2,RUNNING
2024-02-04 02:00:00,GEN_M01,61.07,48.9,400.07,87.24,49.997,0.898,21.5,12961.8,RUNNING
2024-02-04 02:00:00,GEN_M02,44.89,35.9,401.1,64.13,49.96,0.943,23.4,13298.5,RUNNING
2024-02-04 02:00:00,GEN_M03,73.12,58.5,401.03,104.46,50.028,0.942,25.6,13699.5,RUNNING
2024-02-04 02:00:00,GEN_B01,51.87,41.5,400.89,74.1,50.008,0.903,19.8,14360.6,RUNNING
2024-02-04 02:00:00,GEN_B02,56.44,45.2,400.12,80.63,50.004,0.927,24.1,13900.9,RUNNING
2024-02-04 03:00:00,GEN_M01,59.69,47.8,398.8,85.28,49.966,0.929,19.4,9275.6,RUNNING
2024-02-04 03:00:00,GEN_M02,61.43,49.1,399.57,87.76,49.948,0.904,22.3,8645.5,RUNNING
2024-02-04 03:00:00,GEN_M03,45.25,36.2,399.81,64.64,50.052,0.939,20.5,13841.3,RUNNING
2024-02-04 03:00:00,GEN_B01,41.16,32.9,401.04,58.8,50.005,0.902,25.3,13578.1,RUNNING
2024-02-04 03:00:00,GEN_B02,52.96,42.4,398.91,75.66,49.954,0.924,22.8,11512.5,RUNNING
2024-02-04 04:00:00,GEN_M01,67.36,53.9,400.0,96.23,50.034,0.944,21.6,14413.8,RUNNING
2024-02-04 04:00:00,GEN_M02,46.13,36.9,399.53,65.9,50.158,0.915,19.3,14609.4,RUNNING
2024-02-04 04:00:00,GEN_M03,63.58,50.9,401.75,90.82,49.94,0.905,21.8,9150.4,RUNNING
2024-02-04 04:00:00,GEN_B01,64.97,52.0,398.78,92.81,50.0,0.929,18.9,13995.3,RUNNING
2024-02-04 04:00:00,GEN_B02,52.97,42.4,403.83,75.67,49.98,0.93,23.9,8546.3,RUNNING
2024-02-04 05:00:00,GEN_M01,59.24,47.4,400.98,84.63,50.024,0.911,21.8,11840.1,RUNNING
2024-02-04 05:00:00,GEN_M02,53.36,42.7,399.83,76.23,50.013,0.924,26.4,9041.0,RUNNING
2024-02-04 05:00:00,GEN_M03,55.28,44.2,397.36,78.97,49.935,0.957,22.7,14824.8,RUNNING
2024-02-04 05:00:00,GEN_B01,46.83,37.5,398.15,66.9,50.087,0.884,17.6,11127.1,RUNNING
2024-02-04 05:00:00,GEN_B02,49.08,39.3,399.28,70.12,50.093,0.896,20.6,12402.2,MAINTENANCE
2024-02-04 06:00:00,GEN_M01,80.23,64.2,398.53,114.61,50.024,0.912,22.2,10281.9,RUNNING
2024-02-04 06:00:00,GEN_M02,84.99,68.0,403.11,121.42,49.991,0.902,24.1,14460.4,RUNNING
2024-02-04 06:00:00,GEN_M03,96.31,77.0,399.75,137.59,49.989,0.918,25.3,13119.5,RUNNING
2024-02-04 06:00:00,GEN_B01,64.5,51.6,398.44,92.15,50.025,0.907,21.2,9165.5,RUNNING
2024-02-04 06:00:00,GEN_B02,70.88,56.7,400.17,101.26,49.961,0.922,23.0,13274.5,RUNNING
2024-02-04 07:00:00,GEN_M01,75.18,60.1,399.97,107.4,50.007,0.92,23.1,9099.0,RUNNING
2024-02-04 07:00:00,GEN_M02,89.88,71.9,399.61,128.39,49.976,0.937,22.2,10060.8,RUNNING
2024-02-04 07:00:00,GEN_M03,79.75,63.8,397.58,113.92,49.982,0.941,23.0,14403.7,RUNNING
2024-02-04 07:00:00,GEN_B01,92.12,73.7,399.34,131.6,49.993,0.938,23.3,9686.2,RUNNING
2024-02-04 07:00:00,GEN_B02,90.64,72.5,402.05,129.49,50.053,0.934,22.0,10866.0,RUNNING
2024-02-04 08:00:00,GEN_M01,79.03,63.2,399.64,112.9,50.063,0.909,24.3,13207.5,RUNNING
2024-02-04 08:00:00,GEN_M02,76.34,61.1,396.16,109.06,49.922,0.926,21.1,10647.2,RUNNING
2024-02-04 08:00:00,GEN_M03,81.37,65.1,399.43,116.25,49.942,0.89,16.6,14989.5,RUNNING
2024-02-04 08:00:00,GEN_B01,73.23,58.6,400.7,104.61,50.06,0.913,19.4,9749.4,RUNNING
2024-02-04 08:00:00,GEN_B02,70.17,56.1,397.53,100.24,49.934,0.953,18.9,9719.1,MAINTENANCE
2024-02-04 09:00:00,GEN_M01,74.35,59.5,399.12,106.21,49.92,0.921,15.6,14143.2,RUNNING
2024-02-04 09:00:00,GEN_M02,80.84,64.7,397.82,115.49,49.996,0.94,20.8,9856.5,RUNNING
2024-02-04 09:00:00,GEN_M03,99.39,79.5,402.24,141.98,49.976,0.934,22.5,12570.0,RUNNING
2024-02-04 09:00:00,GEN_B01,90.96,72.8,399.21,129.94,50.048,0.932,18.9,10440.7,RUNNING
2024-02-04 09:00:00,GEN_B02,91.61,73.3,400.21,130.87,49.847,0.914,25.9,13935.8,RUNNING
2024-02-04 10:00:00,GEN_M01,76.74,61.4,400.84,109.63,49.95,0.917,23.7,8601.0,RUNNING
2024-02-04 10:00:00,GEN_M02,73.49,58.8,399.59,104.99,49.992,0.961,21.6,9225.1,RUNNING
2024-02-04 10:00:00,GEN_M03,77.65,62.1,401.52,110.92,50.05,0.88,17.6,13896.2,RUNNING
2024-02-04 10:00:00,GEN_B01,74.24,59.4,400.03,106.06,49.953,0.872,21.5,11086.1,RUNNING
2024-02-04 10:00:00,GEN_B02,83.02,66.4,401.35,118.59,50.006,0.923,21.2,13206.6,RUNNING
2024-02-04 11:00:00,GEN_M01,54.91,43.9,398.57,78.44,49.921,0.923,22.8,11388.1,RUNNING
2024-02-04 11:00:00,GEN_M02,98.85,79.1,400.73,141.22,50.015,0.881,24.4,8716.2,RUNNING
2024-02-04 11:00:00,GEN_M03,73.84,59.1,401.95,105.49,49.973,0.913,20.8,13958.7,RUNNING
2024-02-04 11:00:00,GEN_B01,88.65,70.9,398.74,126.64,49.963,0.921,18.7,9049.6,MAINTENANCE
2024-02-04 11:00:00,GEN_B02,77.8,62.2,399.0,111.14,49.946,0.932,20.9,14213.1,RUNNING
2024-02-04 12:00:00,GEN_M01,70.13,56.1,399.67,100.19,49.994,0.935,20.2,12819.0,RUNNING
2024-02-04 12:00:00,GEN_M02,76.94,61.6,398.57,109.92,50.038,0.901,21.3,14791.7,RUNNING
2024-02-04 12:00:00,GEN_M03,81.04,64.8,399.69,115.77,49.981,0.904,21.4,10834.5,RUNNING
2024-02-04 12:00:00,GEN_B01,65.08,52.1,399.8,92.97,50.055,0.959,21.2,9078.0,RUNNING
2024-02-04 12:00:00,GEN_B02,70.02,56.0,397.34,100.02,49.96,0.878,18.6,9816.0,RUNNING
2024-02-04 13:00:00,GEN_M01,92.04,73.6,398.39,131.48,49.959,0.881,23.7,9651.6,RUNNING
2024-02-04 13:00:00,GEN_M02,81.41,65.1,402.06,116.3,49.999,0.928,23.5,11331.9,RUNNING
2024-02-04 13:00:00,GEN_M03,72.21,57.8,399.39,103.16,50.06,0.924,21.7,12737.9,RUNNING
2024-02-04 13:00:00,GEN_B01,79.05,63.2,400.52,112.92,49.952,0.9,23.4,8189.0,RUNNING
2024-02-04 13:00:00,GEN_B02,82.74,66.2,402.46,118.2,49.911,0.921,23.3,13167.1,RUNNING
2024-02-04 14:00:00,GEN_M01,91.34,73.1,398.52,130.49,49.949,0.926,22.8,9639.1,RUNNING
2024-02-04 14:00:00,GEN_M02,91.16,72.9,401.04,130.22,49.983,0.922,19.4,10125.8,RUNNING
2024-02-04 14:00:00,GEN_M03,77.11,61.7,400.53,110.15,50.039,0.89,20.5,10389.9,RUNNING
2024-02-04 14:00:00,GEN_B01,81.19,65.0,398.18,115.99,49.968,0.87,21.4,8738.9,RUNNING
2024-02-04 14:00:00,GEN_B02,95.18,76.1,398.79,135.97,50.016,0.899,20.8,12170.4,RUNNING
2024-02-04 15:00:00,GEN_M01,69.88,55.9,401.6,99.83,50.018,0.892,20.3,12827.0,RUNNING
2024-02-04 15:00:00,GEN_M02,66.98,53.6,399.14,95.69,50.079,0.914,26.1,12436.9,RUNNING
2024-02-04 15:00:00,GEN_M03,89.25,71.4,398.71,127.5,49.996,0.894,20.3,8645.4,RUNNING
2024-02-04 15:00:00,GEN_B01,83.64,66.9,401.62,119.49,49.971,0.885,19.9,14887.1,RUNNING
2024-02-04 15:00:00,GEN_B02,95.26,76.2,400.04,136.08,50.055,0.937,21.9,8224.6,RUNNING
2024-02-04 16:00:00,GEN_M01,73.63,58.9,398.33,105.19,49.927,0.932,20.6,13227.1,RUNNING
2024-02-04 16:00:00,GEN_M02,85.17,68.1,401.3,121.67,49.896,0.914,23.0,9979.5,RUNNING
2024-02-04 16:00:00,GEN_M03,82.17,65.7,400.66,117.38,50.018,0.932,22.5,12129.4,RUNNING
2024-02-04 16:00:00,GEN_B01,83.06,66.4,397.83,118.65,50.069,0.931,22.1,8807.8,RUNNING
2024-02-04 16:00:00,GEN_B02,67.45,54.0,399.15,96.35,49.972,0.926,19.9,12816.9,RUNNING
2024-02-04 17:00:00,GEN_M01,71.49,57.2,400.07,102.12,50.047,0.914,22.7,13340.1,RUNNING
2024-02-04 17:00:00,GEN_M02,84.43,67.5,399.37,120.61,49.963,0.96,20.1,14483.6,RUNNING
2024-02-04 17:00:00,GEN_M03,81.29,65.0,401.64,116.13,49.97,0.957,19.1,13998.5,RUNNING
2024-02-04 17:00:00,GEN_B01,56.28,45.0,399.56,80.4,49.898,0.932,19.1,11455.9,RUNNING
2024-02-04 17:00:00,GEN_B02,84.38,67.5,396.85,120.54,49.936,0.913,23.1,8258.9,RUNNING
2024-02-04 18:00:00,GEN_M01,90.14,72.1,401.04,128.78,49.931,0.923,22.5,14789.1,RUNNING
2024-02-04 18:00:00,GEN_M02,78.18,62.5,400.26,111.68,49.967,0.937,24.4,14138.6,RUNNING
2024-02-04 18:00:00,GEN_M03,86.88,69.5,399.48,124.12,49.983,0.945,19.9,9879.3,RUNNING
2024-02-04 18:00:00,GEN_B01,83.28,66.6,401.96,118.97,49.982,0.922,22.2,10569.9,RUNNING
2024-02-04 18:00:00,GEN_B02,77.91,62.3,401.98,111.29,49.958,0.936,19.4,9017.9,RUNNING
2024-02-04 19:00:00,GEN_M01,57.65,46.1,402.23,82.36,49.887,0.916,21.6,10624.8,RUNNING
2024-02-04 19:00:00,GEN_M02,47.29,37.8,398.91,67.56,50.045,0.916,21.5,10499.7,RUNNING
2024-02-04 19:00:00,GEN_M03,53.81,43.1,398.72,76.88,50.049,0.908,20.7,13902.8,RUNNING
2024-02-04 19:00:00,GEN_B01,58.64,46.9,401.13,83.77,50.027,0.924,19.7,10022.6,RUNNING
2024-02-04 19:00:00,GEN_B02,53.02,42.4,399.94,75.74,50.045,0.938,19.0,13894.5,RUNNING
2024-02-04 20:00:00,GEN_M01,70.54,56.4,401.04,100.78,49.887,0.895,20.9,12361.3,RUNNING
2024-02-04 20:00:00,GEN_M02,56.93,45.5,401.45,81.33,49.999,0.9,22.7,12917.5,RUNNING
2024-02-04 20:00:00,GEN_M03,51.47,41.2,401.07,73.52,50.0,0.883,22.8,8047.6,RUNNING
2024-02-04 20:00:00,GEN_B01,69.11,55.3,404.06,98.73,50.033,0.916,21.1,10327.4,RUNNING
2024-02-04 20:00:00,GEN_B02,63.95,51.2,396.87,91.35,49.986,0.918,26.6,11699.1,RUNNING
2024-02-04 21:00:00,GEN_M01,62.81,50.3,400.26,89.73,50.023,0.927,25.8,10745.5,RUNNING
2024-02-04 21:00:00,GEN_M02,62.39,49.9,399.57,89.12,49.968,0.922,19.0,10215.8,RUNNING
2024-02-04 21:00:00,GEN_M03,53.88,43.1,397.96,76.97,50.05,0.901,18.0,9540.2,RUNNING
2024-02-04 21:00:00,GEN_B01,62.43,49.9,404.15,89.19,50.095,0.914,21.0,13484.5,RUNNING
2024-02-04 21:00:00,GEN_B02,52.86,42.3,398.38,75.51,49.997,0.92,27.8,12099.5,MAINTENANCE
2024-02-04 22:00:00,GEN_M01,56.23,45.0,400.74,80.33,49.951,0.949,18.0,14982.2,RUNNING
2024-02-04 22:00:00,GEN_M02,45.33,36.3,396.68,64.76,49.892,0.903,21.6,10064.2,RUNNING
2024-02-04 22:00:00,GEN_M03,51.01,40.8,399.94,72.88,50.065,0.912,24.4,9565.2,RUNNING
2024-02-04 22:00:00,GEN_B01,60.8,48.6,400.5,86.85,50.013,0.936,17.9,14240.8,RUNNING
2024-02-04 22:00:00,GEN_B02,57.86,46.3,400.26,82.66,50.05,0.914,25.6,11121.4,RUNNING
2024-02-04 23:00:00,GEN_M01,49.44,39.5,400.53,70.62,49.96,0.941,23.2,13031.0,RUNNING
2024-02-04 23:00:00,GEN_M02,65.86,52.7,401.73,94.09,50.02,0.937,20.7,9416.3,RUNNING
2024-02-04 23:00:00,GEN_M03,49.97,40.0,396.98,71.39,49.982,0.901,24.9,12668.3,RUNNING
2024-02-04 23:00:00,GEN_B01,61.16,48.9,397.93,87.37,49.935,0.902,27.4,10121.0,RUNNING
2024-02-04 23:00:00,GEN_B02,57.16,45.7,398.14,81.66,49.943,0.912,22.7,14213.0,RUNNING
2024-02-05 00:00:00,GEN_M01,53.97,43.2,398.65,77.1,49.964,0.932,23.3,12120.4,RUNNING
2024-02-05 00:00:00,GEN_M02,62.26,49.8,400.86,88.94,49.987,0.915,21.5,12087.0,RUNNING
2024-02-05 00:00:00,GEN_M03,57.84,46.3,395.78,82.62,49.998,0.903,22.8,14836.0,RUNNING
2024-02-05 00:00:00,GEN_B01,67.51,54.0,400.35,96.44,49.978,0.928,22.5,11199.3,RUNNING
2024-02-05 00:00:00,GEN_B02,51.91,41.5,402.2,74.16,50.053,0.89,25.8,13858.7,RUNNING
2024-02-05 01:00:00,GEN_M01,62.73,50.2,399.99,89.62,50.012,0.884,21.9,12776.3,RUNNING
2024-02-05 01:00:00,GEN_M02,64.8,51.8,399.94,92.56,49.92,0.949,20.2,13098.2,RUNNING
2024-02-05 01:00:00,GEN_M03,64.6,51.7,398.79,92.29,49.954,0.941,24.4,14777.1,RUNNING
2024-02-05 01:00:00,GEN_B01,63.71,51.0,399.2,91.01,50.084,0.928,18.9,12607.1,RUNNING
2024-02-05 01:00:00,GEN_B02,62.15,49.7,397.03,88.79,50.036,0.949,18.4,8601.0,RUNNING
2024-02-05 02:00:00,GEN_M01,69.08,55.3,399.9,98.69,50.085,0.913,20.9,9782.8,RUNNING
2024-02-05 02:00:00,GEN_M02,51.34,41.1,398.02,73.35,50.009,0.921,21.0,14994.7,RUNNING
2024-02-05 02:00:00,GEN_M03,63.51,50.8,400.83,90.73,50.02,0.919,23.0,10915.6,RUNNING
2024-02-05 02:00:00,GEN_B01,60.82,48.7,401.01,86.89,49.994,0.941,23.6,10543.6,RUNNING
2024-02-05 02:00:00,GEN_B02,50.76,40.6,398.73,72.52,50.028,0.888,19.9,9181.0,RUNNING
2024-02-05 03:00:00,GEN_M01,50.5,40.4,396.68,72.14,50.03,0.906,20.0,10203.0,RUNNING
2024-02-05 03:00:00,GEN_M02,53.11,42.5,402.91,75.88,49.881,0.911,18.1,12285.8,RUNNING
2024-02-05 03:00:00,GEN_M03,57.05,45.6,402.3,81.5,49.944,0.873,19.7,12131.0,RUNNING
2024-02-05 03:00:00,GEN_B01,55.37,44.3,400.75,79.09,49.968,0.91,22.8,11940.1,RUNNING
2024-02-05 03:00:00,GEN_B02,53.36,42.7,401.26,76.23,49.997,0.9,25.1,10499.1,RUNNING
2024-02-05 04:00:00,GEN_M01,55.55,44.4,396.92,79.35,50.063,0.919,20.9,9103.5,RUNNING
2024-02-05 04:00:00,GEN_M02,45.64,36.5,401.32,65.2,50.051,0.917,22.4,8963.8,RUNNING
2024-02-05 04:00:00,GEN_M03,50.83,40.7,399.69,72.62,49.959,0.897,21.3,9246.8,RUNNING
2024-02-05 04:00:00,GEN_B01,55.43,44.3,402.66,79.19,50.048,0.906,22.9,13431.6,RUNNING
2024-02-05 04:00:00,GEN_B02,47.45,38.0,397.83,67.78,50.084,0.911,22.9,11398.3,RUNNING
2024-02-05 05:00:00,GEN_M01,72.97,58.4,400.29,104.24,49.991,0.912,19.8,11011.7,RUNNING
2024-02-05 05:00:00,GEN_M02,47.92,38.3,401.49,68.46,50.037,0.927,22.4,14730.1,RUNNING
2024-02-05 05:00:00,GEN_M03,49.85,39.9,401.19,71.22,49.971,0.922,21.7,13238.1,RUNNING
2024-02-05 05:00:00,GEN_B01,62.64,50.1,397.42,89.48,50.009,0.917,22.5,14068.5,RUNNING
2024-02-05 05:00:00,GEN_B02,55.02,44.0,398.37,78.6,49.997,0.942,18.2,14975.1,RUNNING
2024-02-05 06:00:00,GEN_M01,75.34,60.3,402.67,107.64,49.985,0.917,20.5,12302.3,RUNNING
2024-02-05 06:00:00,GEN_M02,80.1,64.1,399.95,114.43,50.022,0.959,20.0,12532.0,RUNNING
2024-02-05 06:00:00,GEN_M03,89.94,71.9,400.9,128.48,50.082,0.905,20.0,13993.2,RUNNING
2024-02-05 06:00:00,GEN_B01,83.66,66.9,400.25,119.52,50.026,0.902,22.8,14740.9,RUNNING
2024-02-05 06:00:00,GEN_B02,82.89,66.3,398.16,118.41,49.975,0.925,20.3,10383.1,RUNNING
2024-02-05 07:00:00,GEN_M01,85.61,68.5,400.76,122.3,50.044,0.947,22.7,9595.5,RUNNING
2024-02-05 07:00:00,GEN_M02,82.4,65.9,404.15,117.71,50.023,0.931,24.6,13993.7,RUNNING
2024-02-05 07:00:00,GEN_M03,88.51,70.8,400.53,126.44,49.984,0.89,23.3,12344.6,RUNNING
2024-02-05 07:00:00,GEN_B01,73.87,59.1,400.99,105.53,49.92,0.926,19.0,9690.7,RUNNING
2024-02-05 07:00:00,GEN_B02,89.69,71.7,400.88,128.12,50.06,0.909,18.8,13172.5,RUNNING
2024-02-05 08:00:00,GEN_M01,84.64,67.7,401.56,120.91,49.963,0.894,20.5,9486.6,RUNNING
2024-02-05 08:00:00,GEN_M02,89.37,71.5,399.29,127.68,50.07,0.953,20.0,12103.2,RUNNING
2024-02-05 08:00:00,GEN_M03,85.91,68.7,399.72,122.73,50.108,0.911,18.4,8893.2,RUNNING
2024-02-05 08:00:00,GEN_B01,96.39,77.1,395.98,137.7,50.032,0.945,21.4,13889.9,RUNNING
2024-02-05 08:00:00,GEN_B02,64.57,51.7,400.31,92.25,50.024,0.947,18.5,11925.8,RUNNING
2024-02-05 09:00:00,GEN_M01,87.64,70.1,397.19,125.2,49.998,0.913,22.5,13290.6,RUNNING
2024-02-05 09:00:00,GEN_M02,69.75,55.8,400.84,99.65,50.054,0.898,22.1,9091.2,RUNNING
2024-02-05 09:00:00,GEN_M03,66.2,53.0,400.69,94.57,50.003,0.917,27.1,12437.2,RUNNING
2024-02-05 09:00:00,GEN_B01,80.46,64.4,400.14,114.94,50.011,0.885,21.1,11031.3,RUNNING
2024-02-05 09:00:00,GEN_B02,89.62,71.7,402.67,128.03,49.915,0.921,23.9,9584.7,RUNNING
2024-02-05 10:00:00,GEN_M01,89.28,71.4,400.29,127.54,49.954,0.928,21.5,9403.7,RUNNING
2024-02-05 10:00:00,GEN_M02,89.63,71.7,399.23,128.05,49.978,0.924,21.5,14346.4,RUNNING
2024-02-05 10:00:00,GEN_M03,76.45,61.2,400.54,109.21,49.976,0.936,18.9,9457.5,RUNNING
2024-02-05 10:00:00,GEN_B01,81.33,65.1,398.95,116.18,49.939,0.903,21.6,13521.4,RUNNING
2024-02-05 10:00:00,GEN_B02,75.54,60.4,400.2,107.92,50.001,0.91,18.7,9364.3,RUNNING
2024-02-05 11:00:00,GEN_M01,79.64,63.7,401.01,113.77,50.029,0.896,23.2,11613.2,RUNNING
2024-02-05 11:00:00,GEN_M02,86.42,69.1,401.42,123.46,49.975,0.916,19.0,8125.8,RUNNING
2024-02-05 11:00:00,GEN_M03,64.44,51.6,400.66,92.06,50.05,0.934,18.8,13952.3,RUNNING
2024-02-05 11:00:00,GEN_B01,87.76,70.2,399.39,125.37,50.014,0.936,21.2,11080.3,RUNNING
2024-02-05 11:00:00,GEN_B02,81.3,65.0,399.98,116.14,50.005,0.918,19.3,12551.4,RUNNING
2024-02-05 12:00:00,GEN_M01,66.94,53.6,395.89,95.63,50.108,0.914,24.4,14829.3,RUNNING
2024-02-05 12:00:00,GEN_M02,79.35,63.5,399.8,113.36,50.065,0.931,21.3,14600.6,RUNNING
2024-02-05 12:00:00,GEN_M03,71.66,57.3,400.79,102.37,49.973,0.936,22.8,8297.0,RUNNING
2024-02-05 12:00:00,GEN_B01,79.67,63.7,399.63,113.82,49.879,0.909,20.8,11403.2,RUNNING
2024-02-05 12:00:00,GEN_B02,68.4,54.7,399.55,97.71,49.939,0.964,23.2,9862.0,RUNNING
2024-02-05 13:00:00,GEN_M01,70.72,56.6,398.65,101.03,49.938,0.93,21.6,13782.1,RUNNING
2024-02-05 13:00:00,GEN_M02,80.91,64.7,400.4,115.58,50.028,0.893,25.7,8497.4,RUNNING
2024-02-05 13:00:00,GEN_M03,75.11,60.1,399.87,107.3,50.009,0.904,22.3,14434.2,RUNNING
2024-02-05 13:00:00,GEN_B01,82.47,66.0,398.23,117.81,50.032,0.886,21.5,12014.3,RUNNING
2024-02-05 13:00:00,GEN_B02,83.09,66.5,398.65,118.7,50.088,0.948,22.6,10141.9,RUNNING
2024-02-05 14:00:00,GEN_M01,93.8,75.0,398.1,134.0,49.95,0.917,24.9,14823.7,RUNNING
2024-02-05 14:00:00,GEN_M02,59.54,47.6,401.78,85.06,49.928,0.923,21.3,13047.3,RUNNING
2024-02-05 14:00:00,GEN_M03,75.55,60.4,399.1,107.93,50.039,0.925,24.3,12603.4,RUNNING
2024-02-05 14:00:00,GEN_B01,79.87,63.9,398.97,114.1,50.074,0.931,20.4,9921.5,RUNNING
2024-02-05 14:00:00,GEN_B02,79.39,63.5,400.51,113.41,50.032,0.919,20.8,11632.9,RUNNING
2024-02-05 15:00:00,GEN_M01,73.32,58.7,396.8,104.75,50.015,0.903,18.4,9476.3,RUNNING
2024-02-05 15:00:00,GEN_M02,85.56,68.4,400.2,122.23,49.981,0.955,19.7,11539.7,RUNNING
2024-02-05 15:00:00,GEN_M03,90.75,72.6,400.14,129.65,50.073,0.919,22.9,10851.5,RUNNING
2024-02-05 15:00:00,GEN_B01,97.93,78.3,400.82,139.9,50.074,0.887,22.2,14366.0,RUNNING
2024-02-05 15:00:00,GEN_B02,77.66,62.1,398.2,110.95,49.939,0.943,19.9,8289.5,RUNNING
2024-02-05 16:00:00,GEN_M01,73.82,59.1,400.95,105.46,49.965,0.886,20.2,14766.2,RUNNING
2024-02-05 16:00:00,GEN_M02,65.43,52.3,400.65,93.48,49.919,0.889,20.9,11822.6,RUNNING
2024-02-05 16:00:00,GEN_M03,88.94,71.2,399.64,127.06,50.0,0.946,20.0,9753.3,RUNNING
2024-02-05 16:00:00,GEN_B01,85.28,68.2,399.75,121.83,50.04,0.926,22.3,13500.8,RUNNING
2024-02-05 16:00:00,GEN_B02,81.69,65.4,399.83,116.7,49.946,0.919,19.8,11422.4,RUNNING
2024-02-05 17:00:00,GEN_M01,82.14,65.7,400.75,117.34,50.032,0.911,18.9,13679.4,RUNNING
2024-02-05 17:00:00,GEN_M02,78.95,63.2,398.91,112.79,50.074,0.915,24.4,9110.6,RUNNING
2024-02-05 17:00:00,GEN_M03,72.82,58.3,397.6,104.02,50.069,0.901,22.9,11585.0,RUNNING
2024-02-05 17:00:00,GEN_B01,83.96,67.2,400.53,119.94,50.007,0.891,20.1,9206.8,RUNNING
2024-02-05 17:00:00,GEN_B02,71.62,57.3,400.01,102.32,49.961,0.91,23.8,9904.9,RUNNING
2024-02-05 18:00:00,GEN_M01,70.5,56.4,401.15,100.71,50.009,0.917,19.7,9532.1,RUNNING
2024-02-05 18:00:00,GEN_M02,81.28,65.0,399.69,116.11,50.026,0.929,21.2,11343.3,RUNNING
2024-02-05 18:00:00,GEN_M03,66.19,53.0,401.15,94.56,49.969,0.918,22.6,12935.6,RUNNING
2024-02-05 18:00:00,GEN_B01,60.14,48.1,402.23,85.91,49.939,0.938,23.6,10676.5,RUNNING
2024-02-05 18:00:00,GEN_B02,79.54,63.6,401.28,113.63,49.88,0.956,20.6,11314.0,RUNNING
2024-02-05 19:00:00,GEN_M01,55.41,44.3,396.52,79.15,49.981,0.937,22.3,9772.3,RUNNING
2024-02-05 19:00:00,GEN_M02,56.71,45.4,398.64,81.02,49.924,0.932,19.7,11122.7,RUNNING
2024-02-05 19:00:00,GEN_M03,64.6,51.7,401.25,92.28,49.971,0.902,22.8,10437.7,RUNNING
2024-02-05 19:00:00,GEN_B01,57.77,46.2,401.66,82.53,49.919,0.904,24.0,11262.5,RUNNING
2024-02-05 19:00:00,GEN_B02,66.0,52.8,401.73,94.28,49.904,0.887,17.9,12426.9,RUNNING
2024-02-05 20:00:00,GEN_M01,54.07,43.3,401.36,77.24,50.014,0.913,21.2,11774.9,RUNNING
2024-02-05 20:00:00,GEN_M02,52.61,42.1,399.34,75.16,49.95,0.902,21.1,14672.2,RUNNING
2024-02-05 20:00:00,GEN_M03,60.89,48.7,399.51,86.98,49.978,0.903,23.1,14870.8,RUNNING
2024-02-05 20:00:00,GEN_B01,63.28,50.6,399.54,90.39,49.942,0.9,22.0,10292.1,RUNNING
2024-02-05 20:00:00,GEN_B02,53.17,42.5,398.18,75.96,49.962,0.954,19.0,13690.3,RUNNING
2024-02-05 21:00:00,GEN_M01,61.19,48.9,402.03,87.41,50.111,0.941,21.0,14562.4,RUNNING
2024-02-05 21:00:00,GEN_M02,56.36,45.1,399.02,80.52,49.952,0.906,17.6,12389.9,RUNNING
2024-02-05 21:00:00,GEN_M03,69.7,55.8,397.16,99.58,50.036,0.939,22.9,11778.9,RUNNING
2024-02-05 21:00:00,GEN_B01,45.57,36.5,401.99,65.1,49.95,0.906,17.3,8297.8,RUNNING
2024-02-05 21:00:00,GEN_B02,63.67,50.9,399.73,90.96,49.99,0.927,20.7,13050.7,RUNNING
2024-02-05 22:00:00,GEN_M01,52.47,42.0,400.47,74.96,50.095,0.912,22.0,14154.4,RUNNING
2024-02-05 22:00:00,GEN_M02,54.87,43.9,400.16,78.38,49.875,0.915,19.1,10210.3,RUNNING
2024-02-05 22:00:00,GEN_M03,57.58,46.1,398.71,82.25,50.049,0.899,20.2,8819.4,RUNNING
2024-02-05 22:00:00,GEN_B01,58.45,46.8,398.6,83.5,50.026,0.894,21.6,9501.8,RUNNING
2024-02-05 22:00:00,GEN_B02,64.6,51.7,401.43,92.28,50.028,0.931,21.6,10639.3,RUNNING
2024-02-05 23:00:00,GEN_M01,53.76,43.0,399.68,76.8,50.023,0.888,17.8,8553.1,RUNNING
2024-02-05 23:00:00,GEN_M02,49.61,39.7,401.18,70.87,50.084,0.916,18.8,14391.5,RUNNING
2024-02-05 23:00:00,GEN_M03,60.24,48.2,402.33,86.05,49.967,0.916,22.3,12233.2,RUNNING
2024-02-05 23:00:00,GEN_B01,75.03,60.0,398.72,107.19,49.942,0.945,21.3,14522.7,RUNNING
2024-02-05 23:00:00,GEN_B02,49.81,39.8,398.98,71.15,49.937,0.932,22.6,13193.5,RUNNING
2024-02-06 00:00:00,GEN_M01,59.99,48.0,399.6,85.71,50.034,0.902,22.2,12388.3,RUNNING
2024-02-06 00:00:00,GEN_M02,37.84,30.3,400.25,54.06,49.969,0.891,22.5,11531.5,RUNNING
2024-02-06 00:00:00,GEN_M03,68.62,54.9,399.46,98.02,49.999,0.964,20.8,14868.5,RUNNING
2024-02-06 00:00:00,GEN_B01,61.89,49.5,400.04,88.41,50.017,0.899,19.2,9621.0,RUNNING
2024-02-06 00:00:00,GEN_B02,44.92,35.9,399.88,64.17,50.0,0.905,21.2,12382.8,RUNNING
2024-02-06 01:00:00,GEN_M01,51.56,41.2,397.07,73.66,49.954,0.923,19.2,9414.3,RUNNING
2024-02-06 01:00:00,GEN_M02,51.83,41.5,401.18,74.04,50.0,0.921,20.9,13850.9,RUNNING
2024-02-06 01:00:00,GEN_M03,54.56,43.7,403.07,77.95,50.031,0.91,22.6,13148.5,RUNNING
2024-02-06 01:00:00,GEN_B01,50.14,40.1,398.86,71.63,50.017,0.899,22.7,12007.3,RUNNING
2024-02-06 01:00:00,GEN_B02,62.1,49.7,400.15,88.71,49.98,0.912,20.7,8289.4,RUNNING
2024-02-06 02:00:00,GEN_M01,57.41,45.9,398.49,82.02,49.982,0.912,19.1,12996.7,RUNNING
2024-02-06 02:00:00,GEN_M02,48.71,39.0,399.5,69.59,49.989,0.893,22.9,8309.2,RUNNING
2024-02-06 02:00:00,GEN_M03,71.79,57.4,398.83,102.55,50.061,0.918,25.9,12465.4,RUNNING
2024-02-06 02:00:00,GEN_B01,68.28,54.6,398.68,97.54,50.001,0.924,16.1,10409.8,RUNNING
2024-02-06 02:00:00,GEN_B02,60.4,48.3,400.2,86.29,50.062,0.928,18.3,11098.4,RUNNING
2024-02-06 03:00:00,GEN_M01,58.77,47.0,399.1,83.95,50.063,0.908,25.2,14327.9,RUNNING
2024-02-06 03:00:00,GEN_M02,57.01,45.6,398.77,81.44,49.943,0.902,21.8,14077.4,RUNNING
2024-02-06 03:00:00,GEN_M03,52.26,41.8,400.73,74.65,50.007,0.898,21.3,14954.8,RUNNING
2024-02-06 03:00:00,GEN_B01,61.95,49.6,396.94,88.5,50.009,0.927,18.9,14383.5,RUNNING
2024-02-06 03:00:00,GEN_B02,54.9,43.9,399.58,78.44,50.004,0.896,20.2,10154.8,RUNNING
2024-02-06 04:00:00,GEN_M01,68.53,54.8,400.3,97.9,50.046,0.903,20.5,11473.7,RUNNING
2024-02-06 04:00:00,GEN_M02,66.57,53.3,402.44,95.1,50.04,0.922,20.0,12424.0,RUNNING
2024-02-06 04:00:00,GEN_M03,53.73,43.0,400.87,76.75,50.001,0.892,21.6,12208.5,RUNNING
2024-02-06 04:00:00,GEN_B01,49.21,39.4,400.29,70.3,50.092,0.949,18.7,10928.8,RUNNING
2024-02-06 04:00:00,GEN_B02,50.43,40.3,397.52,72.04,49.999,0.934,18.7,9885.1,RUNNING
2024-02-06 05:00:00,GEN_M01,63.41,50.7,399.84,90.58,50.041,0.929,21.8,9013.2,RUNNING
2024-02-06 05:00:00,GEN_M02,53.43,42.7,402.25,76.33,49.966,0.927,17.4,14969.1,RUNNING
2024-02-06 05:00:00,GEN_M03,41.88,33.5,404.52,59.82,49.968,0.936,21.4,9193.1,RUNNING
2024-02-06 05:00:00,GEN_B01,62.29,49.8,401.31,88.99,50.098,0.923,20.8,12802.3,RUNNING
2024-02-06 05:00:00,GEN_B02,54.14,43.3,399.32,77.35,50.034,0.917,19.3,8637.8,RUNNING
2024-02-06 06:00:00,GEN_M01,71.71,57.4,401.01,102.44,49.983,0.921,22.2,14548.9,RUNNING
2024-02-06 06:00:00,GEN_M02,75.48,60.4,399.25,107.83,50.004,0.89,18.9,12177.4,RUNNING
2024-02-06 06:00:00,GEN_M03,93.2,74.6,398.13,133.14,49.99,0.909,20.5,10962.2,RUNNING
2024-02-06 06:00:00,GEN_B01,86.77,69.4,400.21,123.96,50.004,0.889,28.5,11372.0,RUNNING
2024-02-06 06:00:00,GEN_B02,84.61,67.7,400.36,120.87,49.941,0.87,22.5,9484.9,RUNNING
2024-02-06 07:00:00,GEN_M01,80.25,64.2,397.64,114.64,50.031,0.892,22.7,14273.2,RUNNING
2024-02-06 07:00:00,GEN_M02,77.87,62.3,402.88,111.24,50.012,0.931,24.5,14842.4,RUNNING
2024-02-06 07:00:00,GEN_M03,91.86,73.5,400.66,131.22,49.974,0.886,22.2,11951.2,RUNNING
2024-02-06 07:00:00,GEN_B01,84.47,67.6,401.89,120.68,49.963,0.932,20.6,9595.1,RUNNING
2024-02-06 07:00:00,GEN_B02,82.02,65.6,398.77,117.17,49.961,0.92,19.1,10690.1,RUNNING
2024-02-06 08:00:00,GEN_M01,82.61,66.1,400.29,118.01,49.998,0.97,20.8,13732.7,RUNNING
2024-02-06 08:00:00,GEN_M02,82.52,66.0,400.15,117.88,50.051,0.919,20.3,12998.6,RUNNING
2024-02-06 08:00:00,GEN_M03,78.35,62.7,402.4,111.92,50.012,0.9,21.3,11573.9,RUNNING
2024-02-06 08:00:00,GEN_B01,78.05,62.4,397.99,111.51,50.007,0.94,23.7,12813.2,RUNNING
2024-02-06 08:00:00,GEN_B02,62.57,50.1,397.74,89.38,49.95,0.936,22.1,14204.9,RUNNING
2024-02-06 09:00:00,GEN_M01,82.83,66.3,398.61,118.33,50.074,0.934,22.5,9843.7,RUNNING
2024-02-06 09:00:00,GEN_M02,92.96,74.4,399.08,132.81,50.031,0.932,20.4,11853.3,RUNNING
2024-02-06 09:00:00,GEN_M03,72.78,58.2,400.65,103.97,50.016,0.889,22.3,13802.7,RUNNING
2024-02-06 09:00:00,GEN_B01,75.49,60.4,396.43,107.84,49.945,0.938,20.5,12028.7,RUNNING
2024-02-06 09:00:00,GEN_B02,98.56,78.8,399.22,140.8,50.034,0.919,23.3,10306.8,RUNNING
2024-02-06 10:00:00,GEN_M01,70.2,56.2,400.14,100.29,49.997,0.932,21.6,14752.9,RUNNING
2024-02-06 10:00:00,GEN_M02,71.94,57.6,399.25,102.78,49.981,0.914,18.3,12546.9,RUNNING
2024-02-06 10:00:00,GEN_M03,86.58,69.3,399.35,123.69,49.957,0.896,21.5,8995.4,RUNNING
2024-02-06 10:00:00,GEN_B01,74.3,59.4,399.71,106.15,49.98,0.943,21.4,8770.2,RUNNING
2024-02-06 10:00:00,GEN_B02,56.64,45.3,396.47,80.92,50.012,0.935,20.3,10549.9,RUNNING
2024-02-06 11:00:00,GEN_M01,67.74,54.2,399.49,96.77,49.986,0.913,21.2,13019.8,RUNNING
2024-02-06 11:00:00,GEN_M02,83.97,67.2,398.95,119.96,49.956,0.948,18.7,13177.6,RUNNING
2024-02-06 11:00:00,GEN_M03,88.36,70.7,399.65,126.23,49.979,0.913,24.0,12652.9,RUNNING
2024-02-06 11:00:00,GEN_B01,71.19,56.9,401.04,101.69,49.985,0.956,22.8,8746.8,RUNNING
2024-02-06 11:00:00,GEN_B02,65.66,52.5,399.27,93.8,50.048,0.927,20.9,12159.2,RUNNING
2024-02-06 12:00:00,GEN_M01,86.1,68.9,399.48,123.01,49.935,0.917,19.0,8903.1,RUNNING
2024-02-06 12:00:00,GEN_M02,82.75,66.2,400.51,118.22,49.904,0.921,17.9,11543.7,RUNNING
2024-02-06 12:00:00,GEN_M03,81.19,65.0,401.29,115.98,50.052,0.888,21.9,11575.0,RUNNING
2024-02-06 12:00:00,GEN_B01,80.67,64.5,399.88,115.24,49.981,0.896,19.4,12984.5,RUNNING
2024-02-06 12:00:00,GEN_B02,67.9,54.3,399.15,97.01,49.92,0.892,20.9,8923.0,RUNNING
2024-02-06 13:00:00,GEN_M01,68.59,54.9,399.31,97.99,49.952,0.912,21.0,14747.1,MAINTENANCE
2024-02-06 13:00:00,GEN_M02,88.73,71.0,401.5,126.75,49.989,0.952,21.8,12114.5,RUNNING
2024-02-06 13:00:00,GEN_M03,84.73,67.8,399.54,121.04,50.021,0.932,18.6,12012.2,RUNNING
2024-02-06 13:00:00,GEN_B01,79.53,63.6,401.82,113.61,50.03,0.925,17.7,13199.1,RUNNING
2024-02-06 13:00:00,GEN_B02,76.6,61.3,397.79,109.43,49.827,0.928,21.5,11224.5,RUNNING
2024-02-06 14:00:00,GEN_M01,73.16,58.5,398.85,104.51,49.966,0.936,19.3,10289.8,RUNNING
2024-02-06 14:00:00,GEN_M02,86.99,69.6,401.58,124.27,50.052,0.9,21.8,10412.1,RUNNING
2024-02-06 14:00:00,GEN_M03,79.22,63.4,396.88,113.17,50.105,0.947,22.1,11305.0,RUNNING
2024-02-06 14:00:00,GEN_B01,87.72,70.2,398.32,125.31,49.991,0.938,22.7,11922.9,RUNNING
2024-02-06 14:00:00,GEN_B02,63.7,51.0,399.24,91.0,50.026,0.906,19.2,9728.4,RUNNING
2024-02-06 15:00:00,GEN_M01,82.51,66.0,398.27,117.86,50.038,0.92,23.6,9489.2,RUNNING
2024-02-06 15:00:00,GEN_M02,69.79,55.8,399.77,99.7,50.03,0.914,19.6,13988.9,RUNNING
2024-02-06 15:00:00,GEN_M03,78.92,63.1,400.72,112.74,50.032,0.892,20.9,8930.4,RUNNING
2024-02-06 15:00:00,GEN_B01,78.43,62.7,398.03,112.04,50.004,0.917,23.5,11543.0,RUNNING
2024-02-06 15:00:00,GEN_B02,75.58,60.5,400.01,107.98,50.023,0.908,24.1,13315.3,RUNNING
2024-02-06 16:00:00,GEN_M01,85.53,68.4,400.57,122.18,49.933,0.904,22.3,11694.0,RUNNING
2024-02-06 16:00:00,GEN_M02,89.75,71.8,401.27,128.21,50.021,0.907,20.9,9789.9,RUNNING
2024-02-06 16:00:00,GEN_M03,87.05,69.6,400.24,124.36,49.956,0.924,16.5,11265.8,RUNNING
2024-02-06 16:00:00,GEN_B01,84.69,67.8,400.13,120.99,49.994,0.896,21.4,10206.8,RUNNING
2024-02-06 16:00:00,GEN_B02,86.79,69.4,399.92,123.99,49.915,0.919,20.8,14045.2,RUNNING
2024-02-06 17:00:00,GEN_M01,87.59,70.1,399.2,125.12,49.921,0.912,17.4,14757.2,RUNNING
2024-02-06 17:00:00,GEN_M02,72.24,57.8,400.25,103.2,50.065,0.919,21.8,9368.1,RUNNING
2024-02-06 17:00:00,GEN_M03,84.63,67.7,401.86,120.91,50.035,0.923,22.7,8755.3,RUNNING
2024-02-06 17:00:00,GEN_B01,71.51,57.2,400.87,102.16,50.101,0.897,23.4,9833.4,RUNNING
2024-02-06 17:00:00,GEN_B02,89.88,71.9,400.6,128.39,49.953,0.918,23.8,10328.8,RUNNING
2024-02-06 18:00:00,GEN_M01,88.29,70.6,400.33,126.13,49.962,0.928,23.1,11577.8,RUNNING
2024-02-06 18:00:00,GEN_M02,88.48,70.8,401.43,126.41,50.019,0.93,20.7,13713.6,RUNNING
2024-02-06 18:00:00,GEN_M03,76.43,61.1,401.42,109.19,49.997,0.923,21.1,10230.1,RUNNING
2024-02-06 18:00:00,GEN_B01,65.89,52.7,400.1,94.13,50.038,0.9,20.0,13410.5,RUNNING
2024-02-06 18:00:00,GEN_B02,74.84,59.9,400.43,106.92,49.94,0.904,18.0,8042.7,RUNNING
2024-02-06 19:00:00,GEN_M01,63.18,50.5,398.5,90.25,49.963,0.911,24.8,12727.2,RUNNING
2024-02-06 19:00:00,GEN_M02,52.27,41.8,402.42,74.67,50.029,0.94,20.3,9281.9,RUNNING
2024-02-06 19:00:00,GEN_M03,49.45,39.6,401.84,70.65,49.97,0.913,22.7,8297.3,RUNNING
2024-02-06 19:00:00,GEN_B01,53.85,43.1,398.99,76.92,50.039,0.902,18.0,11251.6,RUNNING
2024-02-06 19:00:00,GEN_B02,56.95,45.6,398.17,81.35,50.04,0.937,20.0,10904.8,RUNNING
2024-02-06 20:00:00,GEN_M01,56.58,45.3,397.9,80.83,50.064,0.899,17.4,12378.3,RUNNING
2024-02-06 20:00:00,GEN_M02,65.69,52.5,399.74,93.84,50.093,0.895,20.5,13521.6,RUNNING
2024-02-06 20:00:00,GEN_M03,81.41,65.1,399.06,116.3,50.041,0.916,18.9,14887.5,RUNNING
2024-02-06 20:00:00,GEN_B01,52.78,42.2,399.6,75.4,49.955,0.935,23.0,9388.7,RUNNING
2024-02-06 20:00:00,GEN_B02,53.55,42.8,401.09,76.5,49.982,0.905,19.2,8999.8,RUNNING
2024-02-06 21:00:00,GEN_M01,46.61,37.3,398.2,66.58,49.988,0.916,17.1,14275.9,RUNNING
2024-02-06 21:00:00,GEN_M02,54.42,43.5,397.79,77.75,49.956,0.944,20.3,13459.8,RUNNING
2024-02-06 21:00:00,GEN_M03,64.02,51.2,398.32,91.46,50.002,0.898,22.9,12290.2,RUNNING
2024-02-06 21:00:00,GEN_B01,63.35,50.7,402.47,90.5,50.011,0.904,20.7,11836.7,RUNNING
2024-02-06 21:00:00,GEN_B02,48.1,38.5,396.01,68.71,50.012,0.91,22.4,11403.3,RUNNING
2024-02-06 22:00:00,GEN_M01,64.44,51.6,400.36,92.06,49.965,0.905,25.6,12812.4,RUNNING
2024-02-06 22:00:00,GEN_M02,63.47,50.8,400.27,90.68,49.922,0.913,21.7,10794.2,RUNNING
2024-02-06 22:00:00,GEN_M03,63.13,50.5,400.32,90.18,49.971,0.952,23.5,12674.1,RUNNING
2024-02-06 22:00:00,GEN_B01,51.87,41.5,399.19,74.1,50.005,0.929,22.0,14503.7,RUNNING
2024-02-06 22:00:00,GEN_B02,52.46,42.0,400.03,74.94,49.976,0.915,22.1,14862.1,RUNNING
2024-02-06 23:00:00,GEN_M01,55.52,44.4,399.05,79.31,50.003,0.893,18.2,12242.6,RUNNING
2024-02-06 23:00:00,GEN_M02,47.78,38.2,398.75,68.26,49.994,0.904,20.3,13424.9,RUNNING
2024-02-06 23:00:00,GEN_M03,54.43,43.5,398.5,77.75,50.042,0.901,21.2,8212.0,RUNNING
2024-02-06 23:00:00,GEN_B01,44.52,35.6,402.86,63.6,49.909,0.893,21.1,13483.0,RUNNING
2024-02-06 23:00:00,GEN_B02,61.89,49.5,400.21,88.42,50.087,0.896,19.4,12827.2,RUNNING
2024-02-07 00:00:00,GEN_M01,45.08,36.1,400.11,64.4,50.005,0.927,22.0,14808.5,RUNNING
2024-02-07 00:00:00,GEN_M02,53.62,42.9,397.71,76.6,50.065,0.897,22.4,11813.6,RUNNING
2024-02-07 00:00:00,GEN_M03,46.64,37.3,398.58,66.63,50.053,0.906,21.9,8084.0,RUNNING
2024-02-07 00:00:00,GEN_B01,45.04,36.0,400.27,64.34,50.043,0.903,23.9,11970.2,RUNNING
2024-02-07 00:00:00,GEN_B02,56.2,45.0,400.98,80.29,49.983,0.925,21.9,14301.1,RUNNING
2024-02-07 01:00:00,GEN_M01,68.2,54.6,401.69,97.44,49.924,0.94,16.9,10698.4,RUNNING
2024-02-07 01:00:00,GEN_M02,55.5,44.4,398.77,79.29,49.99,0.964,20.4,13257.2,RUNNING
2024-02-07 01:00:00,GEN_M03,66.02,52.8,400.4,94.31,50.005,0.917,19.1,12552.3,RUNNING
2024-02-07 01:00:00,GEN_B01,62.6,50.1,402.93,89.42,50.076,0.931,19.2,13394.4,RUNNING
2024-02-07 01:00:00,GEN_B02,47.01,37.6,402.39,67.16,49.991,0.961,21.9,9588.3,RUNNING
2024-02-07 02:00:00,GEN_M01,74.25,59.4,399.32,106.06,50.004,0.933,22.5,10018.1,RUNNING
2024-02-07 02:00:00,GEN_M02,55.12,44.1,398.77,78.74,49.916,0.922,21.1,14640.2,RUNNING
2024-02-07 02:00:00,GEN_M03,51.93,41.5,398.55,74.18,50.053,0.907,18.2,8729.3,RUNNING
2024-02-07 02:00:00,GEN_B01,52.93,42.3,398.69,75.62,50.07,0.934,19.5,13263.5,MAINTENANCE
2024-02-07 02:00:00,GEN_B02,65.61,52.5,396.48,93.73,50.017,0.908,23.8,9610.1,RUNNING
2024-02-07 03:00:00,GEN_M01,64.63,51.7,399.55,92.32,50.046,0.925,18.0,12168.2,RUNNING
2024-02-07 03:00:00,GEN_M02,61.12,48.9,401.93,87.32,49.918,0.902,22.4,10563.9,RUNNING
2024-02-07 03:00:00,GEN_M03,62.42,49.9,398.08,89.18,49.982,0.938,20.7,13380.2,RUNNING
2024-02-07 03:00:00,GEN_B01,63.82,51.1,400.49,91.18,50.013,0.907,21.7,10206.5,RUNNING
2024-02-07 03:00:00,GEN_B02,48.53,38.8,400.62,69.32,50.01,0.926,19.6,13777.5,RUNNING
2024-02-07 04:00:00,GEN_M01,56.19,44.9,400.77,80.27,50.056,0.952,22.9,13882.0,RUNNING
2024-02-07 04:00:00,GEN_M02,60.57,48.5,399.24,86.54,50.045,0.901,19.9,11330.4,RUNNING
2024-02-07 04:00:00,GEN_M03,77.72,62.2,400.38,111.02,49.982,0.904,19.5,10300.0,RUNNING
2024-02-07 04:00:00,GEN_B01,64.23,51.4,401.12,91.76,49.93,0.932,22.0,9203.0,RUNNING
2024-02-07 04:00:00,GEN_B02,57.22,45.8,398.82,81.74,49.898,0.954,19.0,12537.4,RUNNING
2024-02-07 05:00:00,GEN_M01,63.87,51.1,401.37,91.24,49.975,0.913,19.7,13999.4,RUNNING
2024-02-07 05:00:00,GEN_M02,54.09,43.3,402.1,77.27,50.045,0.922,19.6,10753.9,RUNNING
2024-02-07 05:00:00,GEN_M03,63.93,51.1,401.1,91.33,50.014,0.882,21.8,12422.7,RUNNING
2024-02-07 05:00:00,GEN_B01,74.45,59.6,402.37,106.36,50.017,0.927,23.3,11286.4,RUNNING
2024-02-07 05:00:00,GEN_B02,48.5,38.8,400.05,69.28,50.014,0.918,22.3,14126.1,RUNNING
2024-02-07 06:00:00,GEN_M01,68.59,54.9,400.64,97.98,50.072,0.954,17.9,13132.6,RUNNING
2024-02-07 06:00:00,GEN_M02,69.01,55.2,397.78,98.58,49.972,0.942,20.1,8122.3,RUNNING
2024-02-07 06:00:00,GEN_M03,86.7,69.4,402.39,123.86,50.0,0.912,19.3,12779.8,RUNNING
2024-02-07 06:00:00,GEN_B01,87.12,69.7,401.63,124.45,50.005,0.908,20.5,14712.1,MAINTENANCE
2024-02-07 06:00:00,GEN_B02,73.48,58.8,398.89,104.97,50.056,0.934,18.7,8324.8,RUNNING
2024-02-07 07:00:00,GEN_M01,68.84,55.1,398.33,98.34,49.961,0.914,17.4,10525.9,RUNNING
2024-02-07 07:00:00,GEN_M02,98.05,78.4,399.48,140.08,50.039,0.937,17.5,12954.4,RUNNING
2024-02-07 07:00:00,GEN_M03,77.89,62.3,400.47,111.28,50.035,0.908,19.5,10865.8,RUNNING
2024-02-07 07:00:00,GEN_B01,82.69,66.2,400.16,118.13,49.947,0.914,18.4,12675.8,RUNNING
2024-02-07 07:00:00,GEN_B02,65.38,52.3,399.48,93.41,50.057,0.921,23.0,12639.8,RUNNING
2024-02-07 08:00:00,GEN_M01,76.4,61.1,400.72,109.15,49.971,0.894,23.3,12504.0,RUNNING
2024-02-07 08:00:00,GEN_M02,70.92,56.7,400.22,101.31,50.039,0.921,21.1,12149.1,RUNNING
2024-02-07 08:00:00,GEN_M03,82.61,66.1,398.58,118.01,49.842,0.945,19.5,10229.0,RUNNING
2024-02-07 08:00:00,GEN_B01,79.78,63.8,398.84,113.98,49.96,0.927,19.6,9314.8,RUNNING
2024-02-07 08:00:00,GEN_B02,68.27,54.6,402.72,97.53,50.075,0.903,18.3,12699.1,RUNNING
2024-02-07 09:00:00,GEN_M01,61.48,49.2,401.11,87.83,50.023,0.898,21.5,14198.9,RUNNING
2024-02-07 09:00:00,GEN_M02,74.01,59.2,399.17,105.73,50.1,0.893,21.5,12070.4,RUNNING
2024-02-07 09:00:00,GEN_M03,92.81,74.2,400.28,132.58,49.919,0.893,18.6,13154.8,RUNNING
2024-02-07 09:00:00,GEN_B01,83.64,66.9,401.57,119.49,49.966,0.892,22.4,13231.9,RUNNING
2024-02-07 09:00:00,GEN_B02,81.11,64.9,398.98,115.88,50.035,0.933,22.0,10053.3,RUNNING
2024-02-07 10:00:00,GEN_M01,89.05,71.2,400.96,127.21,50.084,0.927,21.9,12833.2,RUNNING
2024-02-07 10:00:00,GEN_M02,75.18,60.1,402.51,107.4,49.899,0.938,21.6,8817.5,RUNNING
2024-02-07 10:00:00,GEN_M03,73.6,58.9,400.92,105.15,49.943,0.923,22.7,13593.2,RUNNING
2024-02-07 10:00:00,GEN_B01,88.31,70.6,401.66,126.16,49.985,0.875,21.2,13892.8,RUNNING
2024-02-07 10:00:00,GEN_B02,84.36,67.5,397.07,120.52,49.988,0.902,23.1,13904.4,RUNNING
2024-02-07 11:00:00,GEN_M01,69.17,55.3,401.05,98.81,50.015,0.906,20.7,14271.0,RUNNING
2024-02-07 11:00:00,GEN_M02,88.08,70.5,399.07,125.83,49.914,0.911,19.8,8035.6,RUNNING
2024-02-07 11:00:00,GEN_M03,63.89,51.1,398.72,91.27,50.055,0.956,25.0,10051.2,RUNNING
2024-02-07 11:00:00,GEN_B01,68.03,54.4,402.41,97.18,50.018,0.921,19.9,10859.4,RUNNING
2024-02-07 11:00:00,GEN_B02,94.37,75.5,398.85,134.82,49.972,0.916,21.3,9496.2,RUNNING
2024-02-07 12:00:00,GEN_M01,82.01,65.6,398.65,117.16,49.981,0.874,20.1,14802.1,RUNNING
2024-02-07 12:00:00,GEN_M02,73.67,58.9,399.58,105.25,49.886,0.924,18.7,11137.2,RUNNING
2024-02-07 12:00:00,GEN_M03,86.24,69.0,397.67,123.2,50.0,0.934,19.8,9968.2,RUNNING
2024-02-07 12:00:00,GEN_B01,68.01,54.4,400.34,97.15,49.905,0.877,26.6,12127.6,RUNNING
2024-02-07 12:00:00,GEN_B02,78.44,62.8,400.65,112.06,49.96,0.869,20.2,13588.4,RUNNING
2024-02-07 13:00:00,GEN_M01,91.62,73.3,400.18,130.89,50.043,0.941,19.4,13616.7,RUNNING
2024-02-07 13:00:00,GEN_M02,87.45,70.0,398.06,124.92,49.936,0.878,21.8,14062.0,RUNNING
2024-02-07 13:00:00,GEN_M03,88.92,71.1,398.5,127.02,49.994,0.911,21.7,13653.6,RUNNING
2024-02-07 13:00:00,GEN_B01,106.36,85.1,399.96,151.94,50.063,0.954,23.1,12603.6,RUNNING
2024-02-07 13:00:00,GEN_B02,67.33,53.9,401.22,96.18,49.989,0.961,23.2,8944.5,RUNNING
2024-02-07 14:00:00,GEN_M01,86.31,69.0,400.14,123.3,50.02,0.922,22.8,9940.4,RUNNING
2024-02-07 14:00:00,GEN_M02,74.65,59.7,399.66,106.64,49.829,0.928,23.9,10113.8,RUNNING
2024-02-07 14:00:00,GEN_M03,72.93,58.3,398.89,104.18,50.061,0.917,19.1,12470.0,RUNNING
2024-02-07 14:00:00,GEN_B01,76.98,61.6,399.08,109.97,50.016,0.901,17.4,11569.2,RUNNING
2024-02-07 14:00:00,GEN_B02,73.72,59.0,401.39,105.31,49.968,0.928,18.6,8359.5,RUNNING
2024-02-07 15:00:00,GEN_M01,69.73,55.8,398.81,99.62,50.051,0.91,20.2,9579.8,RUNNING
2024-02-07 15:00:00,GEN_M02,97.37,77.9,401.19,139.1,49.921,0.907,22.7,11677.5,RUNNING
2024-02-07 15:00:00,GEN_M03,93.14,74.5,398.55,133.05,50.084,0.934,18.7,12969.5,RUNNING
2024-02-07 15:00:00,GEN_B01,79.86,63.9,399.4,114.08,49.99,0.956,19.5,9249.5,RUNNING
2024-02-07 15:00:00,GEN_B02,67.89,54.3,402.78,96.98,50.015,0.928,23.0,14759.3,RUNNING
2024-02-07 16:00:00,GEN_M01,88.98,71.2,400.75,127.12,50.039,0.884,21.7,14140.5,RUNNING
2024-02-07 16:00:00,GEN_M02,81.27,65.0,400.24,116.1,49.964,0.885,20.5,13868.5,RUNNING
2024-02-07 16:00:00,GEN_M03,91.08,72.9,399.76,130.12,49.963,0.952,18.6,14243.8,RUNNING
2024-02-07 16:00:00,GEN_B01,80.45,64.4,400.61,114.93,49.981,0.934,25.2,11555.6,RUNNING
2024-02-07 16:00:00,GEN_B02,101.19,81.0,400.16,144.56,50.001,0.912,21.2,10347.1,RUNNING
2024-02-07 17:00:00,GEN_M01,84.39,67.5,400.7,120.56,50.107,0.912,15.9,12259.8,RUNNING
2024-02-07 17:00:00,GEN_M02,98.69,79.0,402.59,140.98,50.04,0.934,21.9,11147.8,RUNNING
2024-02-07 17:00:00,GEN_M03,76.07,60.9,399.62,108.67,50.011,0.894,20.7,9702.4,RUNNING
2024-02-07 17:00:00,GEN_B01,78.75,63.0,398.61,112.5,49.902,0.912,21.5,9619.1,RUNNING
2024-02-07 17:00:00,GEN_B02,66.94,53.6,399.99,95.63,50.003,0.88,23.8,9816.7,RUNNING
2024-02-07 18:00:00,GEN_M01,68.26,54.6,399.4,97.51,49.989,0.921,21.0,10359.9,RUNNING
2024-02-07 18:00:00,GEN_M02,76.54,61.2,399.21,109.34,49.947,0.906,21.8,14787.5,RUNNING
2024-02-07 18:00:00,GEN_M03,95.68,76.5,401.82,136.68,50.064,0.911,22.8,14614.3,RUNNING
2024-02-07 18:00:00,GEN_B01,84.21,67.4,400.14,120.3,50.004,0.931,20.3,11943.5,RUNNING
2024-02-07 18:00:00,GEN_B02,82.49,66.0,402.47,117.84,49.914,0.901,21.3,13856.9,RUNNING
2024-02-07 19:00:00,GEN_M01,61.3,49.0,400.32,87.58,49.972,0.933,22.2,13590.7,RUNNING
2024-02-07 19:00:00,GEN_M02,56.41,45.1,401.04,80.58,50.033,0.924,20.0,12556.8,RUNNING
2024-02-07 19:00:00,GEN_M03,69.13,55.3,399.78,98.75,49.977,0.937,26.0,11662.4,MAINTENANCE
2024-02-07 19:00:00,GEN_B01,48.86,39.1,397.79,69.79,49.995,0.92,22.1,10973.8,RUNNING
2024-02-07 19:00:00,GEN_B02,52.98,42.4,400.81,75.69,50.014,0.92,19.4,12505.9,RUNNING
2024-02-07 20:00:00,GEN_M01,42.76,34.2,399.64,61.08,49.973,0.94,16.1,10982.2,RUNNING
2024-02-07 20:00:00,GEN_M02,57.43,45.9,399.62,82.05,50.069,0.916,21.8,9790.7,RUNNING
2024-02-07 20:00:00,GEN_M03,53.14,42.5,401.9,75.91,49.89,0.913,20.7,11254.0,RUNNING
2024-02-07 20:00:00,GEN_B01,53.5,42.8,396.5,76.43,49.987,0.914,17.8,13937.2,RUNNING
2024-02-07 20:00:00,GEN_B02,49.65,39.7,399.95,70.94,50.064,0.886,24.5,10537.1,RUNNING
2024-02-07 21:00:00,GEN_M01,49.99,40.0,397.24,71.42,50.037,0.933,18.7,8588.6,RUNNING
2024-02-07 21:00:00,GEN_M02,47.9,38.3,398.03,68.43,49.962,0.945,20.8,13126.4,RUNNING
2024-02-07 21:00:00,GEN_M03,42.37,33.9,400.6,60.53,49.977,0.907,22.5,11516.3,RUNNING
2024-02-07 21:00:00,GEN_B01,53.23,42.6,399.97,76.05,50.003,0.907,19.5,8722.0,RUNNING
2024-02-07 21:00:00,GEN_B02,68.35,54.7,401.34,97.64,49.995,0.93,22.3,13029.7,RUNNING
2024-02-07 22:00:00,GEN_M01,54.72,43.8,399.97,78.17,49.985,0.966,18.8,8702.7,RUNNING
2024-02-07 22:00:00,GEN_M02,59.52,47.6,401.7,85.02,50.002,0.911,24.0,13494.9,RUNNING
2024-02-07 22:00:00,GEN_M03,43.2,34.6,400.99,61.71,49.985,0.928,19.1,8231.2,RUNNING
2024-02-07 22:00:00,GEN_B01,41.02,32.8,401.64,58.6,49.911,0.927,21.8,12359.5,RUNNING
2024-02-07 22:00:00,GEN_B02,52.47,42.0,402.14,74.96,50.02,0.946,22.4,8918.9,RUNNING
2024-02-07 23:00:00,GEN_M01,55.98,44.8,400.65,79.97,49.965,0.916,20.5,12490.4,RUNNING
2024-02-07 23:00:00,GEN_M02,40.88,32.7,399.61,58.4,50.048,0.943,24.8,10605.1,RUNNING
2024-02-07 23:00:00,GEN_M03,67.98,54.4,399.46,97.12,50.066,0.918,20.8,10900.9,RUNNING
2024-02-07 23:00:00,GEN_B01,44.41,35.5,401.01,63.45,49.967,0.912,20.4,14643.6,RUNNING
2024-02-07 23:00:00,GEN_B02,54.19,43.4,403.38,77.41,50.006,0.935,22.5,11082.3,RUNNING
2024-02-08 00:00:00,GEN_M01,54.22,43.4,399.2,77.46,49.995,0.91,18.6,12666.9,RUNNING
2024-02-08 00:00:00,GEN_M02,75.76,60.6,399.04,108.23,50.002,0.911,23.7,8797.1,RUNNING
2024-02-08 00:00:00,GEN_M03,52.94,42.4,400.5,75.63,50.013,0.919,21.4,13586.2,RUNNING
2024-02-08 00:00:00,GEN_B01,62.71,50.2,400.99,89.58,50.024,0.907,17.0,8009.7,RUNNING
2024-02-08 00:00:00,GEN_B02,53.59,42.9,401.37,76.55,49.913,0.933,21.6,10566.2,RUNNING
2024-02-08 01:00:00,GEN_M01,52.82,42.3,398.67,75.45,50.071,0.919,25.6,12396.1,RUNNING
2024-02-08 01:00:00,GEN_M02,63.97,51.2,401.05,91.38,49.999,0.932,17.6,9395.4,RUNNING
2024-02-08 01:00:00,GEN_M03,56.33,45.1,401.0,80.47,50.033,0.929,22.0,12917.8,RUNNING
2024-02-08 01:00:00,GEN_B01,42.18,33.7,402.58,60.25,49.933,0.898,16.0,8745.7,RUNNING
2024-02-08 01:00:00,GEN_B02,54.09,43.3,399.43,77.28,49.953,0.915,17.4,8916.3,RUNNING
2024-02-08 02:00:00,GEN_M01,53.29,42.6,401.57,76.14,50.08,0.916,21.2,9889.9,RUNNING
2024-02-08 02:00:00,GEN_M02,69.94,55.9,399.13,99.91,50.072,0.91,18.1,11330.6,RUNNING
2024-02-08 02:00:00,GEN_M03,41.4,33.1,399.12,59.14,50.007,0.94,18.6,10782.1,RUNNING
2024-02-08 02:00:00,GEN_B01,61.46,49.2,399.61,87.79,49.987,0.886,20.8,10704.5,RUNNING
2024-02-08 02:00:00,GEN_B02,33.05,26.4,397.94,47.22,50.034,0.932,22.0,12915.3,RUNNING
2024-02-08 03:00:00,GEN_M01,52.17,41.7,399.37,74.53,50.055,0.925,20.1,14244.8,RUNNING
2024-02-08 03:00:00,GEN_M02,64.09,51.3,400.15,91.55,49.921,0.919,15.9,10874.0,RUNNING
2024-02-08 03:00:00,GEN_M03,61.6,49.3,399.86,88.01,49.951,0.94,19.6,8343.6,RUNNING
2024-02-08 03:00:00,GEN_B01,55.72,44.6,400.93,79.61,49.996,0.904,20.9,11863.6,RUNNING
2024-02-08 03:00:00,GEN_B02,55.78,44.6,398.24,79.68,49.923,0.921,22.7,11624.7,RUNNING
2024-02-08 04:00:00,GEN_M01,58.65,46.9,401.03,83.79,49.942,0.92,16.4,13005.0,RUNNING
2024-02-08 04:00:00,GEN_M02,51.3,41.0,401.36,73.29,50.008,0.932,21.3,13216.3,RUNNING
2024-02-08 04:00:00,GEN_M03,64.55,51.6,403.43,92.22,50.048,0.897,21.0,11874.5,RUNNING
2024-02-08 04:00:00,GEN_B01,54.93,43.9,401.2,78.47,49.932,0.946,22.0,9187.3,RUNNING
2024-02-08 04:00:00,GEN_B02,51.76,41.4,399.6,73.94,49.967,0.912,22.3,9848.7,RUNNING
2024-02-08 05:00:00,GEN_M01,42.79,34.2,401.0,61.13,50.028,0.945,20.1,10362.8,RUNNING
2024-02-08 05:00:00,GEN_M02,56.39,45.1,396.77,80.56,49.939,0.917,20.6,13584.3,RUNNING
2024-02-08 05:00:00,GEN_M03,54.95,44.0,400.78,78.5,50.009,0.932,17.1,13576.5,MAINTENANCE
2024-02-08 05:00:00,GEN_B01,64.25,51.4,401.87,91.79,49.956,0.901,20.4,13424.3,RUNNING
2024-02-08 05:00:00,GEN_B02,59.47,47.6,400.59,84.95,50.011,0.903,24.7,8045.7,RUNNING
2024-02-08 06:00:00,GEN_M01,64.25,51.4,401.6,91.79,49.984,0.928,20.5,12098.5,RUNNING
2024-02-08 06:00:00,GEN_M02,95.51,76.4,397.72,136.45,49.968,0.914,21.0,8735.6,RUNNING
2024-02-08 06:00:00,GEN_M03,72.73,58.2,402.87,103.9,50.076,0.925,21.2,14899.1,RUNNING
2024-02-08 06:00:00,GEN_B01,89.04,71.2,402.2,127.21,49.922,0.938,19.2,9113.7,RUNNING
2024-02-08 06:00:00,GEN_B02,79.16,63.3,398.36,113.09,49.92,0.935,18.4,14780.8,RUNNING
2024-02-08 07:00:00,GEN_M01,93.3,74.6,402.76,133.29,49.999,0.926,16.3,12378.8,RUNNING
2024-02-08 07:00:00,GEN_M02,83.25,66.6,401.83,118.93,50.067,0.907,22.9,13653.9,RUNNING
2024-02-08 07:00:00,GEN_M03,79.17,63.3,401.6,113.1,50.056,0.885,21.3,12518.4,RUNNING
2024-02-08 07:00:00,GEN_B01,77.56,62.0,399.81,110.8,50.031,0.913,21.4,8203.2,RUNNING
2024-02-08 07:00:00,GEN_B02,86.04,68.8,404.06,122.91,49.966,0.915,21.0,9636.2,RUNNING
2024-02-08 08:00:00,GEN_M01,89.41,71.5,399.99,127.73,50.051,0.936,22.1,12278.6,RUNNING
2024-02-08 08:00:00,GEN_M02,79.63,63.7,400.03,113.75,49.977,0.935,21.0,14670.7,RUNNING
2024-02-08 08:00:00,GEN_M03,84.73,67.8,398.16,121.05,50.053,0.932,20.2,11491.5,RUNNING
2024-02-08 08:00:00,GEN_B01,83.8,67.0,399.07,119.72,50.038,0.934,20.2,13080.8,RUNNING
2024-02-08 08:00:00,GEN_B02,85.62,68.5,398.47,122.31,49.977,0.921,22.7,9829.1,RUNNING
2024-02-08 09:00:00,GEN_M01,75.03,60.0,398.6,107.19,50.107,0.961,23.3,14006.0,RUNNING
2024-02-08 09:00:00,GEN_M02,77.25,61.8,399.74,110.35,49.936,0.849,22.7,13658.3,RUNNING
2024-02-08 09:00:00,GEN_M03,78.56,62.9,401.5,112.23,49.977,0.913,20.7,14078.5,RUNNING
2024-02-08 09:00:00,GEN_B01,91.79,73.4,400.02,131.13,49.98,0.947,15.7,13809.7,RUNNING
2024-02-08 09:00:00,GEN_B02,75.97,60.8,399.79,108.53,49.978,0.939,17.7,10494.0,RUNNING
2024-02-08 10:00:00,GEN_M01,70.78,56.6,399.9,101.11,49.919,0.889,22.7,10046.8,RUNNING
2024-02-08 10:00:00,GEN_M02,85.63,68.5,402.79,122.32,49.953,0.92,18.1,8525.2,RUNNING
2024-02-08 10:00:00,GEN_M03,58.85,47.1,398.87,84.07,50.006,0.918,21.1,8502.5,RUNNING
2024-02-08 10:00:00,GEN_B01,83.88,67.1,399.18,119.83,49.977,0.887,23.8,14501.3,RUNNING
2024-02-08 10:00:00,GEN_B02,76.42,61.1,399.73,109.16,49.935,0.926,21.5,8355.3,RUNNING
2024-02-08 11:00:00,GEN_M01,79.19,63.4,400.24,113.13,49.988,0.954,19.4,13061.5,RUNNING
2024-02-08 11:00:00,GEN_M02,79.48,63.6,398.79,113.54,49.968,0.915,16.6,8062.6,RUNNING
2024-02-08 11:00:00,GEN_M03,80.92,64.7,400.41,115.59,50.058,0.914,22.0,8204.9,RUNNING
2024-02-08 11:00:00,GEN_B01,83.82,67.1,400.37,119.75,50.064,0.936,21.4,11076.8,MAINTENANCE
2024-02-08 11:00:00,GEN_B02,68.06,54.4,399.51,97.22,49.951,0.929,25.0,11017.5,RUNNING
2024-02-08 12:00:00,GEN_M01,79.05,63.2,398.72,112.92,49.983,0.91,22.6,9005.4,RUNNING
2024-02-08 12:00:00,GEN_M02,92.19,73.8,402.81,131.7,50.054,0.937,18.7,13481.4,RUNNING
2024-02-08 12:00:00,GEN_M03,70.22,56.2,399.34,100.31,49.988,0.935,22.2,9140.3,RUNNING
2024-02-08 12:00:00,GEN_B01,79.81,63.9,401.14,114.02,49.95,0.957,16.7,13681.2,RUNNING
2024-02-08 12:00:00,GEN_B02,63.16,50.5,401.48,90.23,50.065,0.889,22.1,12298.7,RUNNING
2024-02-08 13:00:00,GEN_M01,74.22,59.4,399.46,106.03,50.078,0.972,21.3,14731.8,RUNNING
2024-02-08 13:00:00,GEN_M02,81.81,65.4,401.24,116.87,49.947,0.908,23.2,11618.2,RUNNING
2024-02-08 13:00:00,GEN_M03,71.16,56.9,398.99,101.65,50.04,0.938,19.5,13874.5,RUNNING
2024-02-08 13:00:00,GEN_B01,89.23,71.4,400.46,127.47,50.006,0.901,19.8,12930.1,RUNNING
2024-02-08 13:00:00,GEN_B02,71.99,57.6,401.19,102.84,50.075,0.904,21.8,13607.7,RUNNING
2024-02-08 14:00:00,GEN_M01,78.13,62.5,399.57,111.61,50.105,0.922,20.9,12257.6,RUNNING
2024-02-08 14:00:00,GEN_M02,85.77,68.6,399.28,122.52,49.935,0.942,20.1,10423.1,RUNNING
2024-02-08 14:00:00,GEN_M03,72.25,57.8,399.25,103.21,49.989,0.895,21.0,13999.8,RUNNING
2024-02-08 14:00:00,GEN_B01,83.42,66.7,399.5,119.17,49.922,0.942,20.4,11592.2,RUNNING
2024-02-08 14:00:00,GEN_B02,67.96,54.4,399.18,97.08,50.048,0.926,18.2,8961.6,RUNNING
2024-02-08 15:00:00,GEN_M01,66.32,53.1,401.46,94.74,50.038,0.942,19.6,14378.7,RUNNING
2024-02-08 15:00:00,GEN_M02,75.39,60.3,399.51,107.7,50.001,0.894,20.2,10577.9,RUNNING
2024-02-08 15:00:00,GEN_M03,79.0,63.2,398.13,112.86,50.133,0.929,18.0,12341.3,RUNNING
2024-02-08 15:00:00,GEN_B01,83.53,66.8,399.22,119.32,49.992,0.906,19.4,14414.2,RUNNING
2024-02-08 15:00:00,GEN_B02,77.28,61.8,398.5,110.4,50.13,0.935,21.4,11051.6,RUNNING
2024-02-08 16:00:00,GEN_M01,74.37,59.5,400.74,106.25,49.994,0.908,22.0,9341.0,RUNNING
2024-02-08 16:00:00,GEN_M02,72.21,57.8,398.48,103.16,49.98,0.947,19.9,14892.7,RUNNING
2024-02-08 16:00:00,GEN_M03,73.54,58.8,401.15,105.05,49.946,0.903,21.9,11325.1,RUNNING
2024-02-08 16:00:00,GEN_B01,91.94,73.6,401.47,131.34,50.004,0.937,24.7,9824.3,RUNNING
2024-02-08 16:00:00,GEN_B02,80.69,64.6,396.93,115.27,49.993,0.878,22.7,13640.6,RUNNING
2024-02-08 17:00:00,GEN_M01,82.86,66.3,399.21,118.38,49.98,0.928,22.1,11318.0,RUNNING
2024-02-08 17:00:00,GEN_M02,94.42,75.5,399.33,134.88,49.985,0.983,19.0,12730.8,RUNNING
2024-02-08 17:00:00,GEN_M03,87.33,69.9,400.71,124.76,50.018,0.891,22.3,10520.7,RUNNING
2024-02-08 17:00:00,GEN_B01,86.7,69.4,401.14,123.86,50.047,0.862,20.5,11685.8,RUNNING
2024-02-08 17:00:00,GEN_B02,76.91,61.5,402.03,109.87,50.01,0.91,20.1,10620.9,RUNNING
2024-02-08 18:00:00,GEN_M01,76.27,61.0,402.42,108.96,50.043,0.931,21.5,9595.0,RUNNING
2024-02-08 18:00:00,GEN_M02,108.76,87.0,402.27,155.37,49.953,0.955,21.0,11325.6,RUNNING
2024-02-08 18:00:00,GEN_M03,82.98,66.4,399.07,118.55,50.04,0.949,18.9,14355.3,RUNNING
2024-02-08 18:00:00,GEN_B01,60.1,48.1,399.83,85.86,50.005,0.914,21.0,12476.7,RUNNING
2024-02-08 18:00:00,GEN_B02,92.84,74.3,399.27,132.63,49.97,0.868,20.5,12020.6,RUNNING
2024-02-08 19:00:00,GEN_M01,58.9,47.1,400.2,84.15,49.957,0.91,20.5,14494.5,RUNNING
2024-02-08 19:00:00,GEN_M02,66.59,53.3,398.43,95.13,50.002,0.96,20.2,13034.5,RUNNING
2024-02-08 19:00:00,GEN_M03,49.07,39.3,398.95,70.09,50.029,0.927,19.9,8330.3,RUNNING
2024-02-08 19:00:00,GEN_B01,61.46,49.2,400.25,87.8,49.94,0.921,24.8,11144.0,RUNNING
2024-02-08 19:00:00,GEN_B02,58.06,46.4,397.94,82.95,50.027,0.987,19.9,14446.8,RUNNING
2024-02-08 20:00:00,GEN_M01,52.14,41.7,400.65,74.49,50.001,0.872,18.1,12085.5,RUNNING
2024-02-08 20:00:00,GEN_M02,68.33,54.7,400.61,97.61,50.023,0.928,19.8,12834.9,RUNNING
2024-02-08 20:00:00,GEN_M03,71.29,57.0,399.14,101.85,50.018,0.904,19.0,13888.5,RUNNING
2024-02-08 20:00:00,GEN_B01,51.61,41.3,399.71,73.74,50.023,0.925,23.2,8537.6,RUNNING
2024-02-08 20:00:00,GEN_B02,49.18,39.3,398.75,70.25,49.911,0.919,22.0,11450.1,RUNNING
2024-02-08 21:00:00,GEN_M01,67.16,53.7,397.26,95.95,49.989,0.897,22.0,14326.6,RUNNING
2024-02-08 21:00:00,GEN_M02,48.7,39.0,398.32,69.57,49.94,0.919,19.9,13379.2,RUNNING
2024-02-08 21:00:00,GEN_M03,72.95,58.4,398.95,104.22,50.016,0.942,22.3,14493.7,RUNNING
2024-02-08 21:00:00,GEN_B01,62.46,50.0,400.78,89.23,50.123,0.937,21.1,8859.1,RUNNING
2024-02-08 21:00:00,GEN_B02,53.89,43.1,402.41,76.98,50.004,0.964,25.4,9797.7,RUNNING
2024-02-08 22:00:00,GEN_M01,63.05,50.4,401.26,90.07,49.932,0.904,21.5,13685.7,MAINTENANCE
2024-02-08 22:00:00,GEN_M02,67.41,53.9,402.12,96.31,50.111,0.932,24.1,9170.6,RUNNING
2024-02-08 22:00:00,GEN_M03,51.9,41.5,399.52,74.14,49.897,0.942,16.7,11384.0,RUNNING
2024-02-08 22:00:00,GEN_B01,59.16,47.3,399.81,84.52,49.95,0.884,24.6,11939.9,RUNNING
2024-02-08 22:00:00,GEN_B02,53.0,42.4,399.36,75.71,49.993,0.895,20.0,10641.8,RUNNING
2024-02-08 23:00:00,GEN_M01,58.62,46.9,400.56,83.74,50.034,0.963,22.7,12683.6,RUNNING
2024-02-08 23:00:00,GEN_M02,54.27,43.4,398.48,77.53,50.004,0.927,19.8,14314.7,RUNNING
2024-02-08 23:00:00,GEN_M03,59.33,47.5,399.39,84.76,49.954,0.889,20.7,10715.3,RUNNING
2024-02-08 23:00:00,GEN_B01,49.31,39.4,399.58,70.44,50.082,0.913,19.8,12713.4,RUNNING
2024-02-08 23:00:00,GEN_B02,76.0,60.8,400.54,108.57,50.079,0.942,22.5,12297.0,RUNNING
2024-02-09 00:00:00,GEN_M01,52.51,42.0,398.99,75.02,50.088,0.949,18.5,8039.0,RUNNING
2024-02-09 00:00:00,GEN_M02,52.31,41.8,399.69,74.73,49.949,0.91,15.8,10339.8,RUNNING
2024-02-09 00:00:00,GEN_M03,70.37,56.3,402.12,100.53,49.989,0.897,19.1,9940.2,RUNNING
2024-02-09 00:00:00,GEN_B01,60.07,48.1,398.78,85.81,49.919,0.919,20.8,9953.3,RUNNING
2024-02-09 00:00:00,GEN_B02,57.4,45.9,399.87,82.01,50.004,0.921,23.5,9989.0,RUNNING
2024-02-09 01:00:00,GEN_M01,51.13,40.9,401.14,73.05,50.04,0.912,21.2,12186.2,RUNNING
2024-02-09 01:00:00,GEN_M02,56.78,45.4,398.77,81.12,49.924,0.933,13.8,12200.8,RUNNING
2024-02-09 01:00:00,GEN_M03,56.96,45.6,398.43,81.38,49.964,0.931,17.6,10739.6,RUNNING
2024-02-09 01:00:00,GEN_B01,66.17,52.9,400.35,94.53,49.997,0.916,20.6,9575.5,RUNNING
2024-02-09 01:00:00,GEN_B02,59.54,47.6,402.5,85.06,50.009,0.926,20.1,10577.5,RUNNING
2024-02-09 02:00:00,GEN_M01,56.0,44.8,401.86,79.99,49.882,0.905,22.1,8706.8,RUNNING
2024-02-09 02:00:00,GEN_M02,48.76,39.0,400.26,69.66,50.044,0.939,21.8,10156.0,RUNNING
2024-02-09 02:00:00,GEN_M03,57.03,45.6,397.95,81.47,50.048,0.918,19.5,10262.0,RUNNING
2024-02-09 02:00:00,GEN_B01,44.98,36.0,397.94,64.26,49.965,0.924,16.3,13297.1,RUNNING
2024-02-09 02:00:00,GEN_B02,60.77,48.6,402.58,86.82,50.035,0.924,20.4,11022.8,RUNNING
2024-02-09 03:00:00,GEN_M01,60.5,48.4,399.42,86.43,50.088,0.923,16.3,8004.8,RUNNING
2024-02-09 03:00:00,GEN_M02,57.05,45.6,400.54,81.5,49.961,0.92,22.5,8655.4,RUNNING
2024-02-09 03:00:00,GEN_M03,47.74,38.2,399.23,68.19,49.959,0.918,22.3,9249.5,RUNNING
2024-02-09 03:00:00,GEN_B01,52.34,41.9,402.01,74.77,49.874,0.932,20.7,9127.7,RUNNING
2024-02-09 03:00:00,GEN_B02,53.37,42.7,400.93,76.25,49.973,0.953,19.7,12451.1,RUNNING
2024-02-09 04:00:00,GEN_M01,55.0,44.0,402.0,78.58,49.942,0.906,22.8,10661.0,RUNNING
2024-02-09 04:00:00,GEN_M02,61.01,48.8,400.12,87.16,50.074,0.921,19.0,11702.2,RUNNING
2024-02-09 04:00:00,GEN_M03,62.12,49.7,401.89,88.74,50.043,0.919,20.3,12070.8,RUNNING
2024-02-09 04:00:00,GEN_B01,56.57,45.3,399.4,80.82,49.973,0.929,19.8,10186.9,RUNNING
2024-02-09 04:00:00,GEN_B02,55.86,44.7,400.5,79.79,49.971,0.952,19.2,9610.7,RUNNING
2024-02-09 05:00:00,GEN_M01,61.45,49.2,399.34,87.79,49.964,0.934,25.3,8647.7,RUNNING
2024-02-09 05:00:00,GEN_M02,72.72,58.2,400.01,103.88,50.12,0.936,22.4,11737.2,RUNNING
2024-02-09 05:00:00,GEN_M03,56.16,44.9,399.42,80.23,50.002,0.912,21.7,10687.0,RUNNING
2024-02-09 05:00:00,GEN_B01,66.49,53.2,399.91,94.99,49.985,0.91,18.7,8369.3,RUNNING
2024-02-09 05:00:00,GEN_B02,61.42,49.1,398.96,87.75,49.973,0.89,20.8,13813.6,RUNNING
2024-02-09 06:00:00,GEN_M01,81.62,65.3,403.92,116.6,49.977,0.903,24.1,9587.2,RUNNING
2024-02-09 06:00:00,GEN_M02,92.55,74.0,401.7,132.21,50.02,0.916,21.1,14534.4,RUNNING
2024-02-09 06:00:00,GEN_M03,79.14,63.3,398.05,113.06,50.061,0.883,22.9,8427.8,RUNNING
2024-02-09 06:00:00,GEN_B01,82.7,66.2,397.73,118.14,49.897,0.898,19.8,8314.2,RUNNING
2024-02-09 06:00:00,GEN_B02,70.84,56.7,398.15,101.2,50.034,0.902,23.2,13579.1,RUNNING
2024-02-09 07:00:00,GEN_M01,70.02,56.0,400.43,100.03,49.952,0.904,17.7,12515.0,RUNNING
2024-02-09 07:00:00,GEN_M02,72.14,57.7,399.53,103.06,49.976,0.941,21.9,12381.2,RUNNING
2024-02-09 07:00:00,GEN_M03,72.81,58.3,401.12,104.02,49.93,0.908,23.7,12752.9,RUNNING
2024-02-09 07:00:00,GEN_B01,83.54,66.8,402.47,119.34,49.996,0.908,19.3,11803.2,RUNNING
2024-02-09 07:00:00,GEN_B02,73.5,58.8,399.02,105.0,50.087,0.931,23.3,9072.8,RUNNING
2024-02-09 08:00:00,GEN_M01,76.11,60.9,397.05,108.73,49.976,0.92,20.4,13649.6,RUNNING
2024-02-09 08:00:00,GEN_M02,94.35,75.5,401.75,134.78,49.955,0.923,16.3,13026.0,RUNNING
2024-02-09 08:00:00,GEN_M03,80.18,64.1,398.67,114.55,50.05,0.908,18.0,12332.1,RUNNING
2024-02-09 08:00:00,GEN_B01,80.22,64.2,401.37,114.6,49.947,0.94,17.8,8263.4,RUNNING
2024-02-09 08:00:00,GEN_B02,97.25,77.8,399.46,138.93,50.045,0.89,20.3,10269.6,RUNNING
2024-02-09 09:00:00,GEN_M01,55.98,44.8,400.07,79.97,49.942,0.932,22.2,9153.7,RUNNING
2024-02-09 09:00:00,GEN_M02,70.74,56.6,400.6,101.05,49.953,0.919,17.0,10164.3,RUNNING
2024-02-09 09:00:00,GEN_M03,79.43,63.5,399.93,113.48,50.091,0.943,25.5,13911.8,RUNNING
2024-02-09 09:00:00,GEN_B01,78.04,62.4,400.23,111.48,50.092,0.937,20.8,14145.0,RUNNING
2024-02-09 09:00:00,GEN_B02,73.18,58.5,400.74,104.54,50.067,0.903,18.1,8118.3,RUNNING
2024-02-09 10:00:00,GEN_M01,74.06,59.2,399.47,105.8,49.951,0.938,22.8,14036.7,RUNNING
2024-02-09 10:00:00,GEN_M02,87.02,69.6,399.88,124.31,50.099,0.952,22.9,11037.8,RUNNING
2024-02-09 10:00:00,GEN_M03,58.7,47.0,398.18,83.85,49.959,0.942,19.8,14376.9,RUNNING
2024-02-09 10:00:00,GEN_B01,63.7,51.0,400.19,91.0,49.996,0.923,20.7,11208.6,RUNNING
2024-02-09 10:00:00,GEN_B02,96.68,77.3,402.5,138.11,49.93,0.889,18.1,10471.5,RUNNING
2024-02-09 11:00:00,GEN_M01,71.73,57.4,400.11,102.47,49.997,0.945,21.2,9696.6,RUNNING
2024-02-09 11:00:00,GEN_M02,78.49,62.8,400.48,112.13,49.925,0.891,24.0,9510.1,RUNNING
2024-02-09 11:00:00,GEN_M03,90.15,72.1,402.4,128.79,50.073,0.952,22.0,10520.7,RUNNING
2024-02-09 11:00:00,GEN_B01,77.23,61.8,398.69,110.32,49.982,0.946,20.4,8158.7,RUNNING
2024-02-09 11:00:00,GEN_B02,65.16,52.1,401.25,93.08,49.982,0.881,17.4,9736.6,MAINTENANCE
2024-02-09 12:00:00,GEN_M01,80.64,64.5,399.35,115.2,50.034,0.893,20.1,8327.1,RUNNING
2024-02-09 12:00:00,GEN_M02,81.38,65.1,400.06,116.26,49.913,0.91,20.0,10235.9,MAINTENANCE
2024-02-09 12:00:00,GEN_M03,81.45,65.2,402.77,116.35,50.04,0.929,21.6,13335.4,RUNNING
2024-02-09 12:00:00,GEN_B01,93.96,75.2,399.33,134.24,50.096,0.929,22.7,8585.2,RUNNING
2024-02-09 12:00:00,GEN_B02,103.18,82.5,399.16,147.4,49.962,0.913,21.1,11446.8,RUNNING
2024-02-09 13:00:00,GEN_M01,75.54,60.4,400.32,107.91,50.006,0.911,17.2,10941.1,RUNNING
2024-02-09 13:00:00,GEN_M02,87.59,70.1,400.55,125.13,49.935,0.962,21.6,8934.1,RUNNING
2024-02-09 13:00:00,GEN_M03,65.69,52.6,400.21,93.84,49.992,0.95,21.3,8391.1,RUNNING
2024-02-09 13:00:00,GEN_B01,92.33,73.9,401.21,131.91,50.078,0.942,19.8,11862.3,RUNNING
2024-02-09 13:00:00,GEN_B02,79.89,63.9,398.85,114.13,50.001,0.918,21.8,12233.2,RUNNING
2024-02-09 14:00:00,GEN_M01,93.0,74.4,401.72,132.86,50.032,0.919,20.3,13265.8,RUNNING
2024-02-09 14:00:00,GEN_M02,102.17,81.7,399.57,145.96,50.028,0.939,22.1,14395.7,RUNNING
2024-02-09 14:00:00,GEN_M03,82.3,65.8,399.66,117.58,49.984,0.92,22.1,14879.7,RUNNING
2024-02-09 14:00:00,GEN_B01,93.09,74.5,398.64,132.98,50.114,0.926,17.0,12631.4,MAINTENANCE
2024-02-09 14:00:00,GEN_B02,77.18,61.7,398.82,110.26,49.895,0.927,22.1,14747.2,RUNNING
2024-02-09 15:00:00,GEN_M01,73.94,59.2,397.44,105.63,50.001,0.929,20.8,10614.6,RUNNING
2024-02-09 15:00:00,GEN_M02,70.56,56.4,397.0,100.8,50.041,0.928,22.0,10682.1,RUNNING
2024-02-09 15:00:00,GEN_M03,78.67,62.9,401.89,112.39,49.948,0.943,22.0,11469.0,RUNNING
2024-02-09 15:00:00,GEN_B01,73.87,59.1,402.73,105.53,50.009,0.947,19.3,13913.4,RUNNING
2024-02-09 15:00:00,GEN_B02,83.67,66.9,399.03,119.52,50.046,0.924,24.8,10642.0,RUNNING
2024-02-09 16:00:00,GEN_M01,76.73,61.4,401.32,109.61,49.921,0.933,21.2,14709.5,RUNNING
2024-02-09 16:00:00,GEN_M02,80.07,64.1,400.46,114.38,49.932,0.916,24.0,13228.8,RUNNING
2024-02-09 16:00:00,GEN_M03,87.91,70.3,397.95,125.58,50.029,0.896,19.4,9856.6,RUNNING
2024-02-09 16:00:00,GEN_B01,88.18,70.5,400.3,125.97,49.969,0.892,20.2,14492.8,RUNNING
2024-02-09 16:00:00,GEN_B02,94.86,75.9,401.6,135.51,49.943,0.893,18.9,13138.4,RUNNING
2024-02-09 17:00:00,GEN_M01,78.24,62.6,397.96,111.77,50.097,0.911,18.6,11215.8,RUNNING
2024-02-09 17:00:00,GEN_M02,64.16,51.3,398.91,91.66,50.007,0.893,23.1,11382.5,RUNNING
2024-02-09 17:00:00,GEN_M03,80.87,64.7,400.35,115.53,50.031,0.925,19.5,9735.2,RUNNING
2024-02-09 17:00:00,GEN_B01,85.76,68.6,399.35,122.51,50.024,0.918,20.3,9095.8,RUNNING
2024-02-09 17:00:00,GEN_B02,80.52,64.4,399.63,115.02,50.006,0.919,23.3,8349.1,RUNNING
2024-02-09 18:00:00,GEN_M01,87.78,70.2,399.93,125.4,50.072,0.856,21.1,10409.7,RUNNING
2024-02-09 18:00:00,GEN_M02,93.68,74.9,401.59,133.82,50.028,0.889,22.3,9041.4,RUNNING
2024-02-09 18:00:00,GEN_M03,88.08,70.5,399.14,125.82,50.022,0.913,22.5,8738.0,RUNNING
2024-02-09 18:00:00,GEN_B01,90.1,72.1,397.99,128.72,49.993,0.927,20.4,12284.7,RUNNING
2024-02-09 18:00:00,GEN_B02,66.92,53.5,402.15,95.61,50.006,0.905,23.2,9919.4,RUNNING
2024-02-09 19:00:00,GEN_M01,52.26,41.8,400.42,74.66,49.985,0.903,20.1,12146.4,RUNNING
2024-02-09 19:00:00,GEN_M02,48.36,38.7,400.24,69.08,49.964,0.944,21.1,10258.2,RUNNING
2024-02-09 19:00:00,GEN_M03,57.26,45.8,399.89,81.8,49.996,0.941,21.4,10553.4,RUNNING
2024-02-09 19:00:00,GEN_B01,62.08,49.7,401.31,88.68,50.093,0.911,25.3,13887.2,RUNNING
2024-02-09 19:00:00,GEN_B02,51.47,41.2,399.68,73.53,49.999,0.906,17.8,13752.6,RUNNING
2024-02-09 20:00:00,GEN_M01,59.77,47.8,400.51,85.39,49.956,0.928,22.1,8999.0,RUNNING
2024-02-09 20:00:00,GEN_M02,49.11,39.3,400.14,70.16,49.977,0.902,19.2,11236.2,RUNNING
2024-02-09 20:00:00,GEN_M03,52.29,41.8,397.19,74.7,49.989,0.892,18.3,13406.5,RUNNING
2024-02-09 20:00:00,GEN_B01,61.59,49.3,398.91,87.99,49.906,0.936,20.9,8078.1,RUNNING
2024-02-09 20:00:00,GEN_B02,46.51,37.2,402.51,66.44,50.031,0.928,19.7,12823.1,RUNNING
2024-02-09 21:00:00,GEN_M01,63.33,50.7,399.43,90.47,49.954,0.919,19.3,9891.0,RUNNING
2024-02-09 21:00:00,GEN_M02,51.35,41.1,400.37,73.35,50.036,0.918,23.3,8153.8,RUNNING
2024-02-09 21:00:00,GEN_M03,42.1,33.7,401.56,60.14,49.941,0.935,20.2,11520.1,RUNNING
2024-02-09 21:00:00,GEN_B01,60.33,48.3,403.71,86.19,49.975,0.908,19.8,8124.2,RUNNING
2024-02-09 21:00:00,GEN_B02,57.78,46.2,397.84,82.55,49.945,0.935,19.0,13131.5,RUNNING
2024-02-09 22:00:00,GEN_M01,52.94,42.4,400.77,75.63,49.977,0.902,21.9,13556.0,RUNNING
2024-02-09 22:00:00,GEN_M02,43.26,34.6,399.44,61.8,49.967,0.931,17.3,14498.0,RUNNING
2024-02-09 22:00:00,GEN_M03,53.79,43.0,399.42,76.84,49.938,0.911,23.1,9674.1,RUNNING
2024-02-09 22:00:00,GEN_B01,53.56,42.8,398.81,76.51,49.985,0.904,21.3,13123.5,RUNNING
2024-02-09 22:00:00,GEN_B02,50.89,40.7,401.57,72.7,50.038,0.953,19.8,12565.9,RUNNING
2024-02-09 23:00:00,GEN_M01,59.87,47.9,399.77,85.53,50.003,0.924,21.6,9381.1,RUNNING
2024-02-09 23:00:00,GEN_M02,68.45,54.8,400.28,97.79,50.104,0.906,20.4,12594.9,RUNNING
2024-02-09 23:00:00,GEN_M03,61.17,48.9,401.19,87.38,50.06,0.908,20.9,12382.6,RUNNING
2024-02-09 23:00:00,GEN_B01,54.38,43.5,399.26,77.68,49.985,0.896,20.5,11151.2,RUNNING
2024-02-09 23:00:00,GEN_B02,62.08,49.7,401.95,88.69,49.973,0.929,20.4,8925.9,RUNNING
2024-02-10 00:00:00,GEN_M01,55.64,44.5,400.56,79.49,50.042,0.909,22.2,8952.4,RUNNING
2024-02-10 00:00:00,GEN_M02,48.64,38.9,400.48,69.49,50.062,0.936,20.3,9569.8,RUNNING
2024-02-10 00:00:00,GEN_M03,69.06,55.2,399.32,98.65,50.032,0.953,17.1,8611.7,RUNNING
2024-02-10 00:00:00,GEN_B01,54.83,43.9,398.27,78.33,49.962,0.935,20.5,13946.3,RUNNING
2024-02-10 00:00:00,GEN_B02,55.1,44.1,401.75,78.71,49.934,0.908,17.5,10324.0,RUNNING
2024-02-10 01:00:00,GEN_M01,54.75,43.8,400.24,78.22,49.989,0.911,18.4,14706.3,RUNNING
2024-02-10 01:00:00,GEN_M02,57.87,46.3,397.42,82.68,50.107,0.922,17.9,13351.7,RUNNING
2024-02-10 01:00:00,GEN_M03,57.56,46.0,395.82,82.22,49.972,0.914,19.2,8884.5,RUNNING
2024-02-10 01:00:00,GEN_B01,51.41,41.1,399.55,73.45,49.918,0.881,18.8,14351.1,RUNNING
2024-02-10 01:00:00,GEN_B02,56.99,45.6,398.21,81.41,49.903,0.902,19.8,8062.3,RUNNING
2024-02-10 02:00:00,GEN_M01,59.42,47.5,400.08,84.88,49.939,0.902,23.2,13806.7,RUNNING
2024-02-10 02:00:00,GEN_M02,49.88,39.9,399.74,71.26,50.009,0.904,22.7,12047.5,RUNNING
2024-02-10 02:00:00,GEN_M03,38.83,31.1,402.69,55.47,50.001,0.897,16.6,8447.3,RUNNING
2024-02-10 02:00:00,GEN_B01,61.37,49.1,398.0,87.67,49.973,0.938,21.8,12448.0,RUNNING
2024-02-10 02:00:00,GEN_B02,66.94,53.5,399.49,95.62,50.013,0.884,15.5,10184.1,RUNNING
2024-02-10 03:00:00,GEN_M01,52.28,41.8,401.7,74.68,50.022,0.919,17.3,14168.3,RUNNING
2024-02-10 03:00:00,GEN_M02,58.46,46.8,398.96,83.51,49.904,0.932,21.6,14251.4,RUNNING
2024-02-10 03:00:00,GEN_M03,64.51,51.6,399.86,92.15,50.088,0.914,19.6,10108.3,RUNNING
2024-02-10 03:00:00,GEN_B01,61.43,49.1,400.22,87.75,49.984,0.911,18.9,13974.3,RUNNING
2024-02-10 03:00:00,GEN_B02,55.37,44.3,400.98,79.1,50.064,0.937,23.3,13336.0,RUNNING
2024-02-10 04:00:00,GEN_M01,46.44,37.1,398.77,66.34,49.985,0.934,18.9,9210.5,RUNNING
2024-02-10 04:00:00,GEN_M02,47.89,38.3,400.3,68.41,50.084,0.906,19.6,14696.8,RUNNING
2024-02-10 04:00:00,GEN_M03,55.65,44.5,398.92,79.5,49.946,0.925,18.1,14806.2,RUNNING
2024-02-10 04:00:00,GEN_B01,59.44,47.6,398.87,84.91,50.025,0.922,21.6,14720.2,RUNNING
2024-02-10 04:00:00,GEN_B02,55.82,44.7,400.23,79.74,50.009,0.922,17.8,9795.9,RUNNING
2024-02-10 05:00:00,GEN_M01,59.25,47.4,398.35,84.64,49.989,0.93,21.7,14129.9,RUNNING
2024-02-10 05:00:00,GEN_M02,56.93,45.5,401.26,81.32,49.994,0.885,16.4,13898.0,RUNNING
2024-02-10 05:00:00,GEN_M03,54.36,43.5,401.13,77.65,49.998,0.902,17.7,12886.9,RUNNING
2024-02-10 05:00:00,GEN_B01,54.48,43.6,398.74,77.83,49.957,0.935,17.8,8116.0,RUNNING
2024-02-10 05:00:00,GEN_B02,43.64,34.9,400.35,62.35,50.027,0.909,22.3,10903.5,RUNNING
2024-02-10 06:00:00,GEN_M01,89.02,71.2,399.35,127.17,49.957,0.899,21.8,13516.3,RUNNING
2024-02-10 06:00:00,GEN_M02,79.88,63.9,400.92,114.12,49.961,0.921,20.5,9045.4,RUNNING
2024-02-10 06:00:00,GEN_M03,81.03,64.8,400.72,115.76,50.058,0.875,20.5,11792.0,RUNNING
2024-02-10 06:00:00,GEN_B01,92.39,73.9,399.94,131.98,50.009,0.914,25.0,12945.7,RUNNING
2024-02-10 06:00:00,GEN_B02,74.49,59.6,398.32,106.41,49.994,0.912,20.0,10618.0,RUNNING
2024-02-10 07:00:00,GEN_M01,82.62,66.1,400.12,118.02,50.014,0.917,20.3,14461.3,RUNNING
2024-02-10 07:00:00,GEN_M02,73.38,58.7,399.73,104.83,50.051,0.943,20.4,13648.9,RUNNING
2024-02-10 07:00:00,GEN_M03,67.53,54.0,400.87,96.47,50.045,0.901,17.6,13618.3,RUNNING
2024-02-10 07:00:00,GEN_B01,86.95,69.6,401.74,124.22,49.899,0.946,18.3,13640.0,RUNNING
2024-02-10 07:00:00,GEN_B02,86.75,69.4,400.17,123.93,50.012,0.925,18.2,10096.5,RUNNING
2024-02-10 08:00:00,GEN_M01,82.52,66.0,400.41,117.88,49.969,0.94,18.8,14135.9,RUNNING
2024-02-10 08:00:00,GEN_M02,96.88,77.5,398.6,138.4,49.979,0.922,19.8,11972.0,RUNNING
2024-02-10 08:00:00,GEN_M03,82.11,65.7,400.91,117.3,50.006,0.913,22.3,11338.2,RUNNING
2024-02-10 08:00:00,GEN_B01,96.48,77.2,398.94,137.83,49.971,0.912,22.4,9533.2,RUNNING
2024-02-10 08:00:00,GEN_B02,96.75,77.4,400.99,138.21,49.985,0.937,22.1,14641.7,RUNNING
2024-02-10 09:00:00,GEN_M01,52.08,41.7,400.24,74.39,49.906,0.928,21.2,10205.6,RUNNING
2024-02-10 09:00:00,GEN_M02,69.38,55.5,399.72,99.12,50.049,0.943,24.4,13672.0,RUNNING
2024-02-10 09:00:00,GEN_M03,85.19,68.2,396.83,121.7,49.988,0.858,22.3,11047.6,RUNNING
2024-02-10 09:00:00,GEN_B01,74.6,59.7,399.97,106.57,50.007,0.923,20.4,10029.6,RUNNING
2024-02-10 09:00:00,GEN_B02,84.58,67.7,399.97,120.83,49.946,0.942,20.2,9549.3,RUNNING
2024-02-10 10:00:00,GEN_M01,79.17,63.3,400.24,113.09,50.02,0.908,24.3,10132.1,RUNNING
2024-02-10 10:00:00,GEN_M02,78.12,62.5,400.17,111.6,49.996,0.92,23.3,11510.8,RUNNING
2024-02-10 10:00:00,GEN_M03,72.95,58.4,401.17,104.21,49.929,0.929,19.0,10958.7,RUNNING
2024-02-10 10:00:00,GEN_B01,74.01,59.2,402.09,105.73,50.046,0.914,20.3,10577.8,RUNNING
2024-02-10 10:00:00,GEN_B02,66.58,53.3,397.74,95.12,50.04,0.936,20.3,13866.0,RUNNING
2024-02-10 11:00:00,GEN_M01,72.45,58.0,398.13,103.5,50.03,0.894,22.0,14210.5,RUNNING
2024-02-10 11:00:00,GEN_M02,89.02,71.2,399.0,127.17,50.061,0.889,22.4,14790.5,RUNNING
2024-02-10 11:00:00,GEN_M03,92.25,73.8,400.52,131.78,49.99,0.926,23.1,12056.4,RUNNING
2024-02-10 11:00:00,GEN_B01,75.38,60.3,398.89,107.69,50.08,0.96,22.9,8887.1,RUNNING
2024-02-10 11:00:00,GEN_B02,85.11,68.1,400.45,121.59,50.073,0.909,18.1,8117.3,RUNNING
2024-02-10 12:00:00,GEN_M01,103.33,82.7,400.34,147.61,50.012,0.918,19.1,12466.4,RUNNING
2024-02-10 12:00:00,GEN_M02,60.81,48.6,400.95,86.87,50.038,0.915,20.1,8828.0,RUNNING
2024-02-10 12:00:00,GEN_M03,71.63,57.3,397.97,102.32,49.97,0.903,23.4,11205.6,RUNNING
2024-02-10 12:00:00,GEN_B01,88.71,71.0,400.64,126.74,50.09,0.885,20.7,12827.8,RUNNING
2024-02-10 12:00:00,GEN_B02,77.54,62.0,401.11,110.77,50.029,0.963,20.9,8066.9,RUNNING
2024-02-10 13:00:00,GEN_M01,82.52,66.0,399.95,117.89,50.001,0.92,21.4,8399.0,RUNNING
2024-02-10 13:00:00,GEN_M02,85.43,68.3,400.92,122.04,50.006,0.912,19.7,14626.3,RUNNING
2024-02-10 13:00:00,GEN_M03,96.9,77.5,396.96,138.43,49.972,0.877,18.9,14288.3,RUNNING
2024-02-10 13:00:00,GEN_B01,78.88,63.1,398.64,112.69,49.895,0.95,23.2,14495.6,RUNNING
2024-02-10 13:00:00,GEN_B02,76.5,61.2,401.13,109.28,50.045,0.885,21.3,12667.7,RUNNING
2024-02-10 14:00:00,GEN_M01,67.11,53.7,398.83,95.87,49.966,0.895,22.6,8946.3,RUNNING
2024-02-10 14:00:00,GEN_M02,77.2,61.8,400.48,110.29,49.96,0.908,18.2,11774.8,RUNNING
2024-02-10 14:00:00,GEN_M03,90.67,72.5,398.65,129.53,50.001,0.92,19.3,11370.3,RUNNING
2024-02-10 14:00:00,GEN_B01,68.49,54.8,400.26,97.84,50.009,0.901,17.1,14528.2,RUNNING
2024-02-10 14:00:00,GEN_B02,75.9,60.7,401.16,108.43,49.977,0.966,23.8,11101.4,RUNNING
2024-02-10 15:00:00,GEN_M01,69.28,55.4,402.69,98.97,50.009,0.904,17.2,8069.1,RUNNING
2024-02-10 15:00:00,GEN_M02,85.73,68.6,399.54,122.47,49.94,0.891,20.6,12342.6,RUNNING
2024-02-10 15:00:00,GEN_M03,103.12,82.5,401.19,147.31,50.023,0.933,18.6,8346.2,RUNNING
2024-02-10 15:00:00,GEN_B01,88.57,70.9,398.99,126.53,49.932,0.924,17.0,11346.0,RUNNING
2024-02-10 15:00:00,GEN_B02,68.02,54.4,400.39,97.17,49.937,0.903,15.9,11783.1,RUNNING
2024-02-10 16:00:00,GEN_M01,66.62,53.3,397.31,95.17,49.958,0.955,19.5,11355.2,RUNNING
2024-02-10 16:00:00,GEN_M02,84.22,67.4,399.86,120.32,50.037,0.913,19.1,8630.1,RUNNING
2024-02-10 16:00:00,GEN_M03,83.45,66.8,399.51,119.21,49.963,0.909,20.7,9709.6,RUNNING
2024-02-10 16:00:00,GEN_B01,88.24,70.6,398.87,126.06,50.04,0.911,19.7,11601.5,RUNNING
2024-02-10 16:00:00,GEN_B02,93.07,74.5,400.02,132.96,50.031,0.899,18.2,10731.9,RUNNING
2024-02-10 17:00:00,GEN_M01,81.45,65.2,402.7,116.36,49.941,0.923,18.6,9522.4,RUNNING
2024-02-10 17:00:00,GEN_M02,88.67,70.9,400.61,126.67,49.887,0.93,19.9,11922.0,RUNNING
2024-02-10 17:00:00,GEN_M03,74.04,59.2,400.34,105.78,50.062,0.925,21.5,10866.2,RUNNING
2024-02-10 17:00:00,GEN_B01,74.47,59.6,398.11,106.38,49.951,0.938,19.3,9234.1,RUNNING
2024-02-10 17:00:00,GEN_B02,84.57,67.7,397.47,120.82,50.006,0.939,19.5,14529.9,RUNNING
2024-02-10 18:00:00,GEN_M01,104.92,83.9,401.36,149.89,49.965,0.897,18.1,8727.0,RUNNING
2024-02-10 18:00:00,GEN_M02,69.96,56.0,399.34,99.94,49.963,0.904,19.1,11528.6,RUNNING
2024-02-10 18:00:00,GEN_M03,81.93,65.5,400.54,117.04,50.07,0.92,18.7,11651.2,RUNNING
2024-02-10 18:00:00,GEN_B01,94.55,75.6,398.23,135.08,49.978,0.923,17.9,12121.5,RUNNING
2024-02-10 18:00:00,GEN_B02,69.22,55.4,399.94,98.88,49.926,0.92,19.0,10795.7,RUNNING
2024-02-10 19:00:00,GEN_M01,47.34,37.9,400.61,67.62,50.005,0.94,21.1,12140.2,RUNNING
2024-02-10 19:00:00,GEN_M02,56.75,45.4,399.78,81.07,49.891,0.943,20.5,12605.6,RUNNING
2024-02-10 19:00:00,GEN_M03,59.23,47.4,399.84,84.62,50.051,0.924,19.1,10946.1,RUNNING
2024-02-10 19:00:00,GEN_B01,68.93,55.1,401.98,98.48,49.887,0.898,18.7,10883.9,RUNNING
2024-02-10 19:00:00,GEN_B02,58.48,46.8,398.21,83.55,49.944,0.925,20.4,13289.3,RUNNING
2024-02-10 20:00:00,GEN_M01,54.81,43.8,400.66,78.3,49.97,0.88,21.7,10491.7,RUNNING
2024-02-10 20:00:00,GEN_M02,65.14,52.1,399.92,93.05,50.048,0.92,20.0,13567.3,RUNNING
2024-02-10 20:00:00,GEN_M03,55.29,44.2,400.9,78.99,49.963,0.897,22.3,9129.2,RUNNING
2024-02-10 20:00:00,GEN_B01,50.07,40.1,399.81,71.53,49.873,0.892,20.5,8013.0,RUNNING
2024-02-10 20:00:00,GEN_B02,34.61,27.7,401.61,49.44,49.905,0.894,19.6,10094.9,RUNNING
2024-02-10 21:00:00,GEN_M01,55.02,44.0,399.26,78.6,49.926,0.878,21.4,11842.2,RUNNING
2024-02-10 21:00:00,GEN_M02,52.86,42.3,399.27,75.52,50.026,0.903,20.4,13369.5,RUNNING
2024-02-10 21:00:00,GEN_M03,52.18,41.7,401.85,74.54,49.984,0.908,21.8,11550.9,RUNNING
2024-02-10 21:00:00,GEN_B01,59.09,47.3,398.83,84.42,50.062,0.933,19.7,8026.5,RUNNING
2024-02-10 21:00:00,GEN_B02,66.1,52.9,398.94,94.42,50.06,0.919,18.4,9499.5,RUNNING
2024-02-10 22:00:00,GEN_M01,56.17,44.9,399.76,80.24,50.04,0.929,22.3,13578.3,RUNNING
2024-02-10 22:00:00,GEN_M02,49.66,39.7,399.32,70.95,49.933,0.91,18.5,11459.1,RUNNING
2024-02-10 22:00:00,GEN_M03,50.5,40.4,398.6,72.15,49.952,0.945,24.1,14889.1,RUNNING
2024-02-10 22:00:00,GEN_B01,61.21,49.0,401.25,87.44,50.015,0.896,20.0,8120.8,RUNNING
2024-02-10 22:00:00,GEN_B02,38.27,30.6,401.63,54.67,49.979,0.929,19.1,11117.4,RUNNING
2024-02-10 23:00:00,GEN_M01,57.63,46.1,398.82,82.33,49.982,0.928,21.0,14151.3,RUNNING
2024-02-10 23:00:00,GEN_M02,59.13,47.3,399.28,84.47,50.001,0.947,18.4,11888.0,RUNNING
2024-02-10 23:00:00,GEN_M03,52.7,42.2,398.07,75.28,50.001,0.939,18.8,12775.3,RUNNING
2024-02-10 23:00:00,GEN_B01,51.95,41.6,401.02,74.21,50.04,0.905,21.3,12970.9,RUNNING
2024-02-10 23:00:00,GEN_B02,47.84,38.3,398.56,68.35,50.107,0.898,21.6,12733.9,RUNNING
2024-02-11 00:00:00,GEN_M01,63.75,51.0,400.16,91.07,49.962,0.905,23.1,10145.1,RUNNING
2024-02-11 00:00:00,GEN_M02,54.28,43.4,400.54,77.55,50.029,0.959,16.4,14487.0,RUNNING
2024-02-11 00:00:00,GEN_M03,45.88,36.7,401.74,65.55,50.006,0.916,19.8,13682.5,RUNNING
2024-02-11 00:00:00,GEN_B01,62.17,49.7,397.72,88.82,49.986,0.869,17.6,9852.4,RUNNING
2024-02-11 00:00:00,GEN_B02,58.37,46.7,399.9,83.38,50.022,0.924,20.4,13908.0,RUNNING
2024-02-11 01:00:00,GEN_M01,54.05,43.2,400.59,77.22,50.039,0.941,23.7,12527.8,RUNNING
2024-02-11 01:00:00,GEN_M02,57.5,46.0,399.03,82.14,49.987,0.905,20.1,11728.9,RUNNING
2024-02-11 01:00:00,GEN_M03,61.33,49.1,400.23,87.61,49.955,0.934,21.2,14798.0,RUNNING
2024-02-11 01:00:00,GEN_B01,55.61,44.5,398.52,79.44,50.07,0.95,14.3,9682.7,RUNNING
2024-02-11 01:00:00,GEN_B02,60.2,48.2,401.85,85.99,50.021,0.921,19.6,13927.1,RUNNING
2024-02-11 02:00:00,GEN_M01,64.67,51.7,400.1,92.38,49.982,0.934,21.4,13995.7,RUNNING
2024-02-11 02:00:00,GEN_M02,47.99,38.4,397.82,68.55,50.062,0.906,18.3,10506.7,RUNNING
2024-02-11 02:00:00,GEN_M03,77.98,62.4,397.21,111.4,50.059,0.912,21.0,12364.7,RUNNING
2024-02-11 02:00:00,GEN_B01,54.74,43.8,399.03,78.2,49.975,0.922,20.4,11223.3,RUNNING
2024-02-11 02:00:00,GEN_B02,68.77,55.0,399.21,98.25,49.915,0.919,20.7,11646.1,RUNNING
2024-02-11 03:00:00,GEN_M01,63.64,50.9,399.26,90.91,49.926,0.903,18.3,14655.5,RUNNING
2024-02-11 03:00:00,GEN_M02,54.65,43.7,403.08,78.08,49.934,0.919,19.3,9391.8,RUNNING
2024-02-11 03:00:00,GEN_M03,40.77,32.6,399.56,58.25,49.93,0.878,22.3,12145.2,RUNNING
2024-02-11 03:00:00,GEN_B01,59.41,47.5,401.39,84.87,49.943,0.861,19.1,14259.3,MAINTENANCE
2024-02-11 03:00:00,GEN_B02,58.37,46.7,401.95,83.38,49.935,0.909,22.7,9677.8,RUNNING
2024-02-11 04:00:00,GEN_M01,57.04,45.6,398.37,81.49,49.955,0.939,18.6,12326.6,RUNNING
2024-02-11 04:00:00,GEN_M02,56.35,45.1,401.23,80.5,50.038,0.918,23.3,11513.6,RUNNING
2024-02-11 04:00:00,GEN_M03,41.45,33.2,398.53,59.21,50.051,0.935,20.6,11965.1,RUNNING
2024-02-11 04:00:00,GEN_B01,54.81,43.9,401.18,78.31,50.028,0.979,18.8,9666.6,RUNNING
2024-02-11 04:00:00,GEN_B02,55.09,44.1,401.54,78.7,49.986,0.959,19.9,9094.4,RUNNING
2024-02-11 05:00:00,GEN_M01,60.62,48.5,400.04,86.6,50.0,0.908,22.2,8357.1,RUNNING
2024-02-11 05:00:00,GEN_M02,66.46,53.2,399.74,94.95,49.991,0.922,21.5,10492.3,RUNNING
2024-02-11 05:00:00,GEN_M03,56.21,45.0,399.81,80.3,49.963,0.936,18.5,12925.7,RUNNING
2024-02-11 05:00:00,GEN_B01,52.04,41.6,399.57,74.34,50.022,0.941,20.4,11780.3,RUNNING
2024-02-11 05:00:00,GEN_B02,60.81,48.6,399.54,86.87,50.034,0.898,18.1,10789.9,RUNNING
2024-02-11 06:00:00,GEN_M01,102.96,82.4,402.56,147.08,50.06,0.908,20.2,8354.4,RUNNING
2024-02-11 06:00:00,GEN_M02,68.23,54.6,399.63,97.48,49.985,0.892,23.2,9265.2,RUNNING
2024-02-11 06:00:00,GEN_M03,85.67,68.5,398.88,122.39,50.048,0.915,21.2,14957.2,RUNNING
2024-02-11 06:00:00,GEN_B01,66.54,53.2,398.61,95.05,50.025,0.929,23.2,13749.0,RUNNING
2024-02-11 06:00:00,GEN_B02,71.55,57.2,401.43,102.21,50.024,0.893,23.5,10406.0,RUNNING
2024-02-11 07:00:00,GEN_M01,71.47,57.2,398.0,102.09,49.957,0.892,20.8,14521.5,RUNNING
2024-02-11 07:00:00,GEN_M02,83.71,67.0,400.52,119.59,50.023,0.923,22.3,10982.8,RUNNING
2024-02-11 07:00:00,GEN_M03,88.08,70.5,401.2,125.82,49.982,0.881,21.9,14196.5,RUNNING
2024-02-11 07:00:00,GEN_B01,76.85,61.5,401.61,109.78,50.12,0.923,20.4,10057.8,RUNNING
2024-02-11 07:00:00,GEN_B02,84.59,67.7,401.77,120.84,50.041,0.959,19.8,8752.2,RUNNING
2024-02-11 08:00:00,GEN_M01,66.35,53.1,401.65,94.78,50.072,0.921,17.4,12718.9,RUNNING
2024-02-11 08:00:00,GEN_M02,36.59,29.3,400.28,52.28,50.095,0.949,18.3,13524.4,RUNNING
2024-02-11 08:00:00,GEN_M03,89.34,71.5,399.26,127.63,50.038,0.921,19.9,10793.8,RUNNING
2024-02-11 08:00:00,GEN_B01,81.85,65.5,398.35,116.92,50.013,0.928,21.6,13843.5,RUNNING
2024-02-11 08:00:00,GEN_B02,87.53,70.0,397.8,125.04,49.956,0.935,18.8,8764.5,RUNNING
2024-02-11 09:00:00,GEN_M01,69.24,55.4,398.43,98.92,49.908,0.897,18.0,9911.1,RUNNING
2024-02-11 09:00:00,GEN_M02,91.25,73.0,397.38,130.36,49.974,0.93,18.6,10116.0,RUNNING
2024-02-11 09:00:00,GEN_M03,62.94,50.4,399.39,89.92,49.972,0.919,19.3,11342.7,RUNNING
2024-02-11 09:00:00,GEN_B01,75.19,60.2,400.31,107.42,49.967,0.921,21.0,13180.9,RUNNING
2024-02-11 09:00:00,GEN_B02,73.73,59.0,401.16,105.32,50.032,0.902,21.0,12960.3,RUNNING
2024-02-11 10:00:00,GEN_M01,91.26,73.0,401.39,130.38,49.994,0.926,19.5,10138.0,RUNNING
2024-02-11 10:00:00,GEN_M02,84.68,67.7,401.01,120.97,50.018,0.904,16.9,14259.1,RUNNING
2024-02-11 10:00:00,GEN_M03,84.89,67.9,404.9,121.28,50.066,0.932,17.3,8376.9,RUNNING
2024-02-11 10:00:00,GEN_B01,82.01,65.6,398.03,117.15,49.994,0.903,18.8,13629.5,RUNNING
2024-02-11 10:00:00,GEN_B02,73.24,58.6,400.37,104.62,49.981,0.931,17.2,12087.3,RUNNING
2024-02-11 11:00:00,GEN_M01,85.82,68.7,398.11,122.6,50.023,0.919,21.7,14777.3,RUNNING
2024-02-11 11:00:00,GEN_M02,67.83,54.3,400.68,96.91,50.035,0.899,17.2,13833.4,RUNNING
2024-02-11 11:00:00,GEN_M03,90.95,72.8,399.76,129.93,50.082,0.898,22.3,11261.3,RUNNING
2024-02-11 11:00:00,GEN_B01,80.77,64.6,399.43,115.39,50.146,0.911,18.9,14188.5,RUNNING
2024-02-11 11:00:00,GEN_B02,89.76,71.8,400.38,128.23,50.031,0.906,19.0,8086.3,RUNNING
2024-02-11 12:00:00,GEN_M01,108.83,87.1,399.66,155.47,49.965,0.922,21.4,11855.1,RUNNING
2024-02-11 12:00:00,GEN_M02,69.09,55.3,401.57,98.7,49.964,0.897,19.9,13929.6,RUNNING
2024-02-11 12:00:00,GEN_M03,86.56,69.2,399.32,123.65,49.846,0.896,17.1,9965.6,RUNNING
2024-02-11 12:00:00,GEN_B01,88.4,70.7,400.04,126.29,50.054,0.951,19.4,8550.3,RUNNING
2024-02-11 12:00:00,GEN_B02,66.81,53.5,403.11,95.45,50.065,0.923,20.3,10113.5,RUNNING
2024-02-11 13:00:00,GEN_M01,84.28,67.4,400.23,120.41,50.051,0.939,20.4,9240.0,RUNNING
2024-02-11 13:00:00,GEN_M02,71.64,57.3,400.35,102.34,49.899,0.92,18.3,10086.3,RUNNING
2024-02-11 13:00:00,GEN_M03,95.34,76.3,401.21,136.19,50.015,0.915,18.7,11912.1,RUNNING
2024-02-11 13:00:00,GEN_B01,78.22,62.6,401.86,111.74,49.932,0.895,21.6,9003.0,RUNNING
2024-02-11 13:00:00,GEN_B02,94.73,75.8,400.51,135.33,50.11,0.915,22.0,8380.9,RUNNING
2024-02-11 14:00:00,GEN_M01,92.34,73.9,402.09,131.91,50.047,0.952,17.2,9030.9,RUNNING
2024-02-11 14:00:00,GEN_M02,92.36,73.9,397.36,131.94,49.954,0.929,18.9,8121.6,RUNNING
2024-02-11 14:00:00,GEN_M03,73.32,58.7,400.27,104.74,50.019,0.9,16.5,12329.3,RUNNING
2024-02-11 14:00:00,GEN_B01,75.92,60.7,399.87,108.45,50.073,0.916,17.1,13976.3,RUNNING
2024-02-11 14:00:00,GEN_B02,91.12,72.9,399.61,130.17,50.033,0.95,21.9,13687.4,RUNNING
2024-02-11 15:00:00,GEN_M01,80.75,64.6,403.17,115.36,49.981,0.915,24.2,11805.0,RUNNING
2024-02-11 15:00:00,GEN_M02,70.51,56.4,401.05,100.73,50.019,0.884,19.0,14976.5,RUNNING
2024-02-11 15:00:00,GEN_M03,96.95,77.6,398.56,138.5,49.938,0.907,17.9,9849.8,RUNNING
2024-02-11 15:00:00,GEN_B01,56.61,45.3,400.35,80.87,50.112,0.93,20.3,11305.4,RUNNING
2024-02-11 15:00:00,GEN_B02,76.28,61.0,399.24,108.98,50.003,0.958,21.0,10142.6,RUNNING
2024-02-11 16:00:00,GEN_M01,89.98,72.0,397.44,128.55,50.021,0.9,20.7,11370.8,RUNNING
2024-02-11 16:00:00,GEN_M02,85.66,68.5,398.16,122.38,49.924,0.96,22.2,14280.7,RUNNING
2024-02-11 16:00:00,GEN_M03,92.77,74.2,401.24,132.53,50.034,0.894,19.0,10440.0,RUNNING
2024-02-11 16:00:00,GEN_B01,96.38,77.1,399.65,137.69,50.071,0.892,20.5,11493.4,RUNNING
2024-02-11 16:00:00,GEN_B02,88.63,70.9,399.71,126.62,49.994,0.91,22.9,9976.4,RUNNING
2024-02-11 17:00:00,GEN_M01,72.4,57.9,399.32,103.42,50.029,0.904,19.1,14216.1,RUNNING
2024-02-11 17:00:00,GEN_M02,83.72,67.0,399.96,119.6,50.022,0.94,18.0,9263.5,RUNNING
2024-02-11 17:00:00,GEN_M03,73.7,59.0,400.61,105.28,50.03,0.941,18.8,9372.7,RUNNING
2024-02-11 17:00:00,GEN_B01,87.94,70.4,400.09,125.64,49.936,0.916,20.4,9400.9,RUNNING
2024-02-11 17:00:00,GEN_B02,69.31,55.5,397.69,99.02,50.051,0.915,19.0,13304.6,RUNNING
2024-02-11 18:00:00,GEN_M01,82.12,65.7,397.52,117.31,49.973,0.913,18.6,14818.4,RUNNING
2024-02-11 18:00:00,GEN_M02,84.18,67.3,398.92,120.25,49.925,0.921,19.4,13153.5,RUNNING
2024-02-11 18:00:00,GEN_M03,82.75,66.2,399.63,118.22,50.01,0.902,21.2,14725.3,RUNNING
2024-02-11 18:00:00,GEN_B01,69.47,55.6,399.25,99.24,50.092,0.93,16.2,10831.8,RUNNING
2024-02-11 18:00:00,GEN_B02,76.67,61.3,400.94,109.53,49.995,0.895,22.0,11292.7,RUNNING
2024-02-11 19:00:00,GEN_M01,64.93,51.9,399.3,92.75,49.983,0.925,22.9,8561.9,RUNNING
2024-02-11 19:00:00,GEN_M02,47.21,37.8,397.58,67.44,50.024,0.965,20.0,14084.9,MAINTENANCE
2024-02-11 19:00:00,GEN_M03,51.45,41.2,399.82,73.51,50.049,0.928,19.7,8408.9,RUNNING
2024-02-11 19:00:00,GEN_B01,63.15,50.5,400.65,90.22,49.832,0.933,19.1,14214.9,RUNNING
2024-02-11 19:00:00,GEN_B02,47.12,37.7,401.63,67.31,49.994,0.949,17.0,10376.3,RUNNING
2024-02-11 20:00:00,GEN_M01,56.03,44.8,401.01,80.05,49.943,0.888,21.2,8269.0,RUNNING
2024-02-11 20:00:00,GEN_M02,53.91,43.1,400.7,77.01,50.079,0.913,21.1,12068.6,RUNNING
2024-02-11 20:00:00,GEN_M03,57.71,46.2,401.15,82.45,50.063,0.92,20.6,9272.1,RUNNING
2024-02-11 20:00:00,GEN_B01,65.07,52.1,400.93,92.96,49.965,0.938,19.6,14598.2,RUNNING
2024-02-11 20:00:00,GEN_B02,67.05,53.6,400.11,95.79,49.996,0.917,20.8,8060.2,RUNNING
2024-02-11 21:00:00,GEN_M01,58.59,46.9,399.08,83.7,49.966,0.946,22.8,12638.6,RUNNING
2024-02-11 21:00:00,GEN_M02,51.81,41.4,400.3,74.02,50.056,0.919,16.7,8506.0,RUNNING
2024-02-11 21:00:00,GEN_M03,45.14,36.1,399.88,64.48,50.026,0.944,14.8,12005.6,RUNNING
2024-02-11 21:00:00,GEN_B01,63.25,50.6,402.43,90.36,50.063,0.913,17.5,13242.6,RUNNING
2024-02-11 21:00:00,GEN_B02,61.36,49.1,398.88,87.66,49.976,0.938,19.8,11375.8,RUNNING
2024-02-11 22:00:00,GEN_M01,62.96,50.4,400.03,89.94,49.935,0.886,20.6,14437.3,MAINTENANCE
2024-02-11 22:00:00,GEN_M02,51.49,41.2,399.12,73.56,50.045,0.901,20.8,13825.8,RUNNING
2024-02-11 22:00:00,GEN_M03,53.42,42.7,399.03,76.32,49.959,0.927,19.4,8012.9,RUNNING
2024-02-11 22:00:00,GEN_B01,59.88,47.9,399.08,85.54,49.99,0.952,20.5,12193.4,RUNNING
2024-02-11 22:00:00,GEN_B02,57.0,45.6,401.43,81.43,49.897,0.948,19.7,12850.6,RUNNING
2024-02-11 23:00:00,GEN_M01,70.18,56.1,396.85,100.26,50.038,0.953,22.3,10707.3,RUNNING
2024-02-11 23:00:00,GEN_M02,63.87,51.1,400.04,91.25,49.927,0.937,23.7,9073.0,RUNNING
2024-02-11 23:00:00,GEN_M03,64.15,51.3,398.85,91.65,50.02,0.951,22.0,12187.3,RUNNING
2024-02-11 23:00:00,GEN_B01,54.7,43.8,400.77,78.14,49.961,0.896,19.7,10831.6,RUNNING
2024-02-11 23:00:00,GEN_B02,42.87,34.3,399.27,61.24,49.942,0.933,21.2,8457.9,RUNNING
2024-02-12 00:00:00,GEN_M01,58.71,47.0,400.45,83.87,49.952,0.941,19.4,10212.2,RUNNING
2024-02-12 00:00:00,GEN_M02,65.94,52.8,402.35,94.2,50.064,0.96,20.0,14626.9,RUNNING
2024-02-12 00:00:00,GEN_M03,50.4,40.3,400.2,71.99,50.02,0.917,18.1,11333.1,RUNNING
2024-02-12 00:00:00,GEN_B01,53.33,42.7,398.35,76.18,50.012,0.98,17.5,8401.3,RUNNING
2024-02-12 00:00:00,GEN_B02,48.93,39.1,403.61,69.9,49.976,0.929,19.3,10657.6,RUNNING
2024-02-12 01:00:00,GEN_M01,70.32,56.3,397.72,100.46,50.078,0.908,18.9,12936.4,RUNNING
2024-02-12 01:00:00,GEN_M02,49.68,39.7,401.39,70.97,50.006,0.904,19.0,8812.6,RUNNING
2024-02-12 01:00:00,GEN_M03,59.32,47.5,399.96,84.74,49.988,0.94,21.5,13307.6,RUNNING
2024-02-12 01:00:00,GEN_B01,50.57,40.5,398.64,72.24,49.988,0.92,18.3,14677.5,RUNNING
2024-02-12 01:00:00,GEN_B02,46.31,37.0,399.22,66.15,50.028,0.898,17.0,13938.3,RUNNING
2024-02-12 02:00:00,GEN_M01,69.71,55.8,399.75,99.59,49.975,0.938,20.8,8373.4,RUNNING
2024-02-12 02:00:00,GEN_M02,64.75,51.8,401.37,92.5,49.97,0.903,17.6,14477.0,RUNNING
2024-02-12 02:00:00,GEN_M03,55.1,44.1,400.46,78.71,50.014,0.927,21.9,14606.9,RUNNING
2024-02-12 02:00:00,GEN_B01,59.76,47.8,400.98,85.37,50.043,0.934,18.6,13015.7,RUNNING
2024-02-12 02:00:00,GEN_B02,65.05,52.0,401.28,92.93,50.099,0.908,15.3,10408.6,RUNNING
2024-02-12 03:00:00,GEN_M01,50.75,40.6,400.25,72.5,49.96,0.938,18.5,12702.3,RUNNING
2024-02-12 03:00:00,GEN_M02,58.38,46.7,401.75,83.41,49.974,0.895,23.2,8542.4,RUNNING
2024-02-12 03:00:00,GEN_M03,62.53,50.0,399.5,89.34,49.947,0.934,18.6,11329.4,RUNNING
2024-02-12 03:00:00,GEN_B01,56.1,44.9,400.99,80.15,49.988,0.905,20.3,8546.8,RUNNING
2024-02-12 03:00:00,GEN_B02,42.3,33.8,399.76,60.43,49.964,0.921,20.1,8011.9,RUNNING
2024-02-12 04:00:00,GEN_M01,62.67,50.1,397.7,89.53,49.982,0.939,22.1,13084.4,RUNNING
2024-02-12 04:00:00,GEN_M02,68.22,54.6,401.72,97.46,49.986,0.951,17.2,8147.9,RUNNING
2024-02-12 04:00:00,GEN_M03,52.77,42.2,399.8,75.39,49.923,0.885,19.3,12809.0,RUNNING
2024-02-12 04:00:00,GEN_B01,60.08,48.1,400.72,85.82,49.95,0.928,17.4,14936.8,RUNNING
2024-02-12 04:00:00,GEN_B02,64.73,51.8,402.2,92.48,49.993,0.916,20.6,14641.3,RUNNING
2024-02-12 05:00:00,GEN_M01,56.76,45.4,399.4,81.08,49.984,0.914,17.2,9544.3,RUNNING
2024-02-12 05:00:00,GEN_M02,47.66,38.1,396.99,68.08,50.031,0.913,22.1,11340.6,RUNNING
2024-02-12 05:00:00,GEN_M03,57.45,46.0,400.09,82.07,49.995,0.915,21.1,9545.0,RUNNING
2024-02-12 05:00:00,GEN_B01,47.76,38.2,400.29,68.23,49.909,0.92,20.0,10171.3,RUNNING
2024-02-12 05:00:00,GEN_B02,47.05,37.6,399.49,67.21,49.957,0.914,23.7,13753.4,RUNNING
2024-02-12 06:00:00,GEN_M01,78.51,62.8,398.18,112.15,50.014,0.94,17.0,14209.9,RUNNING
2024-02-12 06:00:00,GEN_M02,92.42,73.9,401.79,132.04,50.046,0.904,23.7,12637.5,RUNNING
2024-02-12 06:00:00,GEN_M03,87.76,70.2,400.54,125.37,49.995,0.899,22.4,14193.9,RUNNING
2024-02-12 06:00:00,GEN_B01,78.28,62.6,401.44,111.84,50.043,0.919,20.4,12662.3,RUNNING
2024-02-12 06:00:00,GEN_B02,103.71,83.0,399.56,148.16,50.027,0.932,20.5,8896.3,MAINTENANCE
2024-02-12 07:00:00,GEN_M01,87.1,69.7,400.58,124.42,50.066,0.925,22.6,12356.1,RUNNING
2024-02-12 07:00:00,GEN_M02,90.47,72.4,403.45,129.24,50.054,0.903,21.5,12675.4,RUNNING
2024-02-12 07:00:00,GEN_M03,83.71,67.0,403.05,119.58,49.962,0.942,22.4,10614.7,RUNNING
2024-02-12 07:00:00,GEN_B01,77.28,61.8,398.51,110.4,49.999,0.944,22.9,11501.6,RUNNING
2024-02-12 07:00:00,GEN_B02,89.71,71.8,398.36,128.16,49.982,0.898,19.0,11939.6,RUNNING
2024-02-12 08:00:00,GEN_M01,81.74,65.4,398.74,116.77,49.979,0.904,25.1,12952.0,RUNNING
2024-02-12 08:00:00,GEN_M02,74.84,59.9,402.01,106.92,50.055,0.9,21.6,12235.6,RUNNING
2024-02-12 08:00:00,GEN_M03,118.53,94.8,400.16,169.33,50.034,0.908,21.4,11415.4,RUNNING
2024-02-12 08:00:00,GEN_B01,83.87,67.1,399.88,119.82,49.984,0.893,18.4,9662.7,RUNNING
2024-02-12 08:00:00,GEN_B02,68.88,55.1,401.43,98.4,50.074,0.889,17.6,13763.2,RUNNING
2024-02-12 09:00:00,GEN_M01,97.05,77.6,401.12,138.65,50.013,0.933,17.6,10578.0,RUNNING
2024-02-12 09:00:00,GEN_M02,73.22,58.6,402.94,104.6,49.949,0.918,20.7,10122.0,RUNNING
2024-02-12 09:00:00,GEN_M03,73.76,59.0,400.04,105.37,50.046,0.915,22.9,13986.9,RUNNING
2024-02-12 09:00:00,GEN_B01,82.57,66.1,398.81,117.95,49.973,0.9,20.2,12359.0,RUNNING
2024-02-12 09:00:00,GEN_B02,73.87,59.1,400.59,105.53,49.984,0.948,17.4,11307.2,RUNNING
2024-02-12 10:00:00,GEN_M01,73.8,59.0,401.14,105.43,50.018,0.928,16.8,14428.0,RUNNING
2024-02-12 10:00:00,GEN_M02,75.26,60.2,398.23,107.51,49.968,0.892,21.8,14278.4,RUNNING
2024-02-12 10:00:00,GEN_M03,78.46,62.8,399.5,112.09,50.115,0.944,18.6,11364.3,RUNNING
2024-02-12 10:00:00,GEN_B01,88.56,70.8,398.41,126.51,49.972,0.901,18.1,10973.7,RUNNING
2024-02-12 10:00:00,GEN_B02,81.0,64.8,400.74,115.71,49.991,0.924,18.6,9734.1,RUNNING
2024-02-12 11:00:00,GEN_M01,73.8,59.0,399.66,105.43,49.995,0.932,23.1,13301.2,RUNNING
2024-02-12 11:00:00,GEN_M02,99.01,79.2,399.9,141.44,49.974,0.917,21.2,14114.5,RUNNING
2024-02-12 11:00:00,GEN_M03,96.09,76.9,398.77,137.27,49.989,0.903,17.1,14767.8,RUNNING
2024-02-12 11:00:00,GEN_B01,77.16,61.7,399.55,110.23,50.021,0.887,23.5,12725.9,RUNNING
2024-02-12 11:00:00,GEN_B02,70.23,56.2,399.54,100.32,50.025,0.868,20.3,8482.1,RUNNING
2024-02-12 12:00:00,GEN_M01,83.54,66.8,401.19,119.34,49.89,0.907,17.8,10207.9,RUNNING
2024-02-12 12:00:00,GEN_M02,80.84,64.7,399.96,115.49,49.953,0.939,21.7,14059.3,RUNNING
2024-02-12 12:00:00,GEN_M03,72.32,57.9,398.64,103.32,49.95,0.908,14.8,8760.5,RUNNING
2024-02-12 12:00:00,GEN_B01,72.83,58.3,401.32,104.04,50.054,0.937,20.1,9426.7,RUNNING
2024-02-12 12:00:00,GEN_B02,72.27,57.8,402.35,103.25,49.921,0.947,20.0,14174.3,RUNNING
2024-02-12 13:00:00,GEN_M01,71.29,57.0,403.34,101.84,49.985,0.887,20.3,10050.7,RUNNING
2024-02-12 13:00:00,GEN_M02,86.8,69.4,399.95,124.0,50.022,0.923,21.6,8485.8,RUNNING
2024-02-12 13:00:00,GEN_M03,99.17,79.3,398.97,141.67,50.044,0.901,19.1,13011.5,RUNNING
2024-02-12 13:00:00,GEN_B01,85.17,68.1,399.85,121.67,50.122,0.945,19.5,9203.5,RUNNING
2024-02-12 13:00:00,GEN_B02,91.47,73.2,400.87,130.67,50.01,0.922,20.4,14770.2,RUNNING
2024-02-12 14:00:00,GEN_M01,77.28,61.8,399.21,110.39,50.035,0.88,20.4,10419.3,RUNNING
2024-02-12 14:00:00,GEN_M02,94.84,75.9,400.81,135.48,50.104,0.926,20.7,14891.7,RUNNING
2024-02-12 14:00:00,GEN_M03,97.15,77.7,399.72,138.79,50.027,0.919,24.7,10983.5,RUNNING
2024-02-12 14:00:00,GEN_B01,80.31,64.2,400.48,114.72,50.06,0.924,15.2,13872.5,RUNNING
2024-02-12 14:00:00,GEN_B02,82.36,65.9,400.81,117.66,49.902,0.922,21.0,12614.0,RUNNING
2024-02-12 15:00:00,GEN_M01,65.52,52.4,399.26,93.6,50.052,0.925,19.8,10270.1,RUNNING
2024-02-12 15:00:00,GEN_M02,91.77,73.4,398.66,131.1,50.064,0.911,16.7,13846.6,RUNNING
2024-02-12 15:00:00,GEN_M03,59.79,47.8,401.62,85.42,50.036,0.922,22.8,12213.9,RUNNING
2024-02-12 15:00:00,GEN_B01,96.73,77.4,400.18,138.18,49.98,0.895,21.3,8285.0,RUNNING
2024-02-12 15:00:00,GEN_B02,86.27,69.0,399.48,123.24,50.031,0.913,21.1,9656.6,RUNNING
2024-02-12 16:00:00,GEN_M01,89.92,71.9,398.42,128.46,49.988,0.937,18.1,10359.4,RUNNING
2024-02-12 16:00:00,GEN_M02,69.66,55.7,397.88,99.52,49.87,0.927,19.4,9385.4,RUNNING
2024-02-12 16:00:00,GEN_M03,76.08,60.9,399.45,108.69,49.99,0.912,20.8,9396.7,RUNNING
2024-02-12 16:00:00,GEN_B01,75.43,60.3,398.47,107.75,49.981,0.907,18.4,12818.9,RUNNING
2024-02-12 16:00:00,GEN_B02,93.58,74.9,400.1,133.68,49.965,0.941,19.9,14143.4,RUNNING
2024-02-12 17:00:00,GEN_M01,98.63,78.9,399.22,140.9,50.017,0.923,19.6,13632.8,RUNNING
2024-02-12 17:00:00,GEN_M02,90.63,72.5,403.81,129.47,49.923,0.903,18.3,13991.7,RUNNING
2024-02-12 17:00:00,GEN_M03,83.59,66.9,399.16,119.41,49.947,0.931,24.4,8788.1,RUNNING
2024-02-12 17:00:00,GEN_B01,78.76,63.0,399.89,112.52,49.957,0.967,21.2,12061.0,RUNNING
2024-02-12 17:00:00,GEN_B02,51.71,41.4,402.81,73.87,49.931,0.94,18.4,11089.2,RUNNING
2024-02-12 18:00:00,GEN_M01,69.77,55.8,400.02,99.67,49.959,0.879,18.4,14830.9,RUNNING
2024-02-12 18:00:00,GEN_M02,85.88,68.7,401.43,122.69,49.996,0.94,20.2,9701.4,RUNNING
2024-02-12 18:00:00,GEN_M03,95.01,76.0,400.86,135.73,49.956,0.901,22.6,11383.6,RUNNING
2024-02-12 18:00:00,GEN_B01,94.53,75.6,400.69,135.04,49.945,0.914,24.6,14986.5,RUNNING
2024-02-12 18:00:00,GEN_B02,93.75,75.0,398.0,133.93,50.03,0.91,18.0,10227.4,RUNNING
2024-02-12 19:00:00,GEN_M01,74.43,59.5,401.1,106.32,50.032,0.918,22.3,10413.1,RUNNING
2024-02-12 19:00:00,GEN_M02,66.13,52.9,399.34,94.47,49.92,0.91,13.0,11172.1,RUNNING
2024-02-12 19:00:00,GEN_M03,55.69,44.6,403.13,79.56,49.982,0.939,20.3,10868.0,RUNNING
2024-02-12 19:00:00,GEN_B01,52.82,42.3,398.79,75.46,50.085,0.924,17.3,9076.4,RUNNING
2024-02-12 19:00:00,GEN_B02,62.17,49.7,401.88,88.81,50.016,0.93,21.2,8431.3,RUNNING
2024-02-12 20:00:00,GEN_M01,46.99,37.6,402.02,67.13,50.02,0.884,21.3,12523.9,RUNNING
2024-02-12 20:00:00,GEN_M02,68.52,54.8,401.62,97.88,49.91,0.922,21.8,13582.9,RUNNING
2024-02-12 20:00:00,GEN_M03,59.69,47.8,400.81,85.27,49.996,0.924,22.8,12572.1,RUNNING
2024-02-12 20:00:00,GEN_B01,67.68,54.1,398.74,96.68,50.051,0.902,18.6,8980.4,RUNNING
2024-02-12 20:00:00,GEN_B02,38.57,30.9,400.19,55.1,49.904,0.906,20.8,13173.1,RUNNING
2024-02-12 21:00:00,GEN_M01,42.7,34.2,401.48,61.0,49.974,0.931,21.6,14965.9,RUNNING
2024-02-12 21:00:00,GEN_M02,63.43,50.7,399.42,90.62,49.93,0.916,22.2,12990.7,MAINTENANCE
2024-02-12 21:00:00,GEN_M03,54.61,43.7,401.25,78.01,49.904,0.907,20.5,8883.9,RUNNING
2024-02-12 21:00:00,GEN_B01,49.02,39.2,399.69,70.03,49.974,0.931,22.4,13037.2,RUNNING
2024-02-12 21:00:00,GEN_B02,51.8,41.4,399.39,74.0,49.991,0.908,23.5,12001.7,RUNNING
2024-02-12 22:00:00,GEN_M01,74.41,59.5,398.77,106.3,49.986,0.922,19.0,9223.2,RUNNING
2024-02-12 22:00:00,GEN_M02,47.73,38.2,401.52,68.19,50.006,0.945,19.0,9113.4,RUNNING
2024-02-12 22:00:00,GEN_M03,51.93,41.5,398.32,74.19,49.937,0.896,20.4,8210.6,RUNNING
2024-02-12 22:00:00,GEN_B01,60.12,48.1,401.77,85.88,49.955,0.871,19.2,13262.5,RUNNING
2024-02-12 22:00:00,GEN_B02,56.51,45.2,397.56,80.73,50.06,0.904,17.1,14854.8,RUNNING
2024-02-12 23:00:00,GEN_M01,67.81,54.3,398.85,96.88,50.058,0.902,21.2,10617.3,RUNNING
2024-02-12 23:00:00,GEN_M02,62.02,49.6,399.41,88.59,49.907,0.889,22.2,11954.7,RUNNING
2024-02-12 23:00:00,GEN_M03,48.24,38.6,401.19,68.92,49.944,0.906,23.8,13446.7,RUNNING
2024-02-12 23:00:00,GEN_B01,68.03,54.4,402.31,97.19,50.105,0.913,18.9,12077.9,RUNNING
2024-02-12 23:00:00,GEN_B02,53.43,42.7,401.33,76.33,49.923,0.909,19.2,14136.7,RUNNING
2024-02-13 00:00:00,GEN_M01,72.71,58.2,399.02,103.88,49.887,0.898,17.1,10204.8,RUNNING
2024-02-13 00:00:00,GEN_M02,42.98,34.4,399.55,61.4,50.023,0.922,20.6,10377.5,RUNNING
2024-02-13 00:00:00,GEN_M03,60.63,48.5,403.8,86.61,50.047,0.949,23.0,12676.6,RUNNING
2024-02-13 00:00:00,GEN_B01,59.71,47.8,400.91,85.3,49.974,0.917,19.5,12374.4,RUNNING
2024-02-13 00:00:00,GEN_B02,49.06,39.2,400.75,70.08,50.029,0.935,19.8,9299.9,RUNNING
2024-02-13 01:00:00,GEN_M01,54.65,43.7,400.8,78.07,50.015,0.94,15.8,9659.7,RUNNING
2024-02-13 01:00:00,GEN_M02,55.56,44.5,400.71,79.38,49.993,0.887,21.5,9910.9,RUNNING
2024-02-13 01:00:00,GEN_M03,48.55,38.8,400.06,69.36,50.057,0.932,19.1,12311.8,RUNNING
2024-02-13 01:00:00,GEN_B01,49.91,39.9,398.6,71.3,50.03,0.906,18.5,13284.4,RUNNING
2024-02-13 01:00:00,GEN_B02,53.29,42.6,398.84,76.14,50.008,0.953,21.0,9930.9,RUNNING
2024-02-13 02:00:00,GEN_M01,49.39,39.5,402.16,70.55,50.063,0.907,17.7,14497.5,RUNNING
2024-02-13 02:00:00,GEN_M02,51.4,41.1,399.63,73.43,49.927,0.945,17.8,10977.9,RUNNING
2024-02-13 02:00:00,GEN_M03,59.51,47.6,399.25,85.02,50.003,0.934,17.2,11499.6,RUNNING
2024-02-13 02:00:00,GEN_B01,54.59,43.7,400.42,77.99,50.107,0.941,22.1,13769.1,MAINTENANCE
2024-02-13 02:00:00,GEN_B02,56.58,45.3,399.61,80.82,49.986,0.894,21.0,11075.1,RUNNING
2024-02-13 03:00:00,GEN_M01,50.19,40.2,399.86,71.7,49.997,0.928,18.4,13957.5,RUNNING
2024-02-13 03:00:00,GEN_M02,52.73,42.2,401.71,75.33,50.063,0.915,20.6,8762.7,RUNNING
2024-02-13 03:00:00,GEN_M03,60.84,48.7,398.92,86.91,49.941,0.919,17.4,10078.7,RUNNING
2024-02-13 03:00:00,GEN_B01,53.35,42.7,401.99,76.22,49.972,0.94,16.2,12715.9,RUNNING
2024-02-13 03:00:00,GEN_B02,52.56,42.0,402.83,75.08,49.977,0.911,19.9,12993.8,RUNNING
2024-02-13 04:00:00,GEN_M01,57.4,45.9,399.58,82.0,49.937,0.9,26.4,11262.6,RUNNING
2024-02-13 04:00:00,GEN_M02,54.19,43.4,400.65,77.41,50.054,0.928,22.8,14117.1,RUNNING
2024-02-13 04:00:00,GEN_M03,52.0,41.6,400.52,74.29,50.097,0.889,18.6,14616.5,RUNNING
2024-02-13 04:00:00,GEN_B01,41.03,32.8,401.55,58.62,50.003,0.897,19.2,9852.3,RUNNING
2024-02-13 04:00:00,GEN_B02,60.97,48.8,399.88,87.1,50.021,0.924,19.1,10636.4,RUNNING
2024-02-13 05:00:00,GEN_M01,52.19,41.8,401.2,74.56,49.911,0.915,21.8,10168.7,RUNNING
2024-02-13 05:00:00,GEN_M02,60.26,48.2,399.79,86.09,49.967,0.927,18.9,8513.6,RUNNING
2024-02-13 05:00:00,GEN_M03,61.34,49.1,399.73,87.63,49.928,0.91,24.0,9802.0,RUNNING
2024-02-13 05:00:00,GEN_B01,45.13,36.1,399.2,64.48,49.946,0.924,18.2,10099.0,RUNNING
2024-02-13 05:00:00,GEN_B02,55.66,44.5,399.26,79.51,49.944,0.909,20.8,14543.5,RUNNING
2024-02-13 06:00:00,GEN_M01,65.07,52.1,400.21,92.95,49.96,0.912,23.3,12412.7,RUNNING
2024-02-13 06:00:00,GEN_M02,56.75,45.4,400.48,81.06,49.937,0.896,19.9,11340.1,RUNNING
2024-02-13 06:00:00,GEN_M03,91.86,73.5,400.52,131.23,50.049,0.888,18.9,12451.3,RUNNING
2024-02-13 06:00:00,GEN_B01,99.71,79.8,401.46,142.44,50.015,0.949,21.5,13751.4,RUNNING
2024-02-13 06:00:00,GEN_B02,94.47,75.6,400.66,134.95,50.036,0.886,14.3,12785.4,RUNNING
2024-02-13 07:00:00,GEN_M01,84.07,67.3,398.58,120.1,50.055,0.912,19.5,13862.9,RUNNING
2024-02-13 07:00:00,GEN_M02,83.95,67.2,398.62,119.93,50.0,0.91,22.3,11715.4,RUNNING
2024-02-13 07:00:00,GEN_M03,78.53,62.8,400.79,112.18,50.022,0.883,20.3,11205.6,RUNNING
2024-02-13 07:00:00,GEN_B01,98.58,78.9,400.27,140.82,49.985,0.972,20.9,8244.0,RUNNING
2024-02-13 07:00:00,GEN_B02,87.29,69.8,400.08,124.71,49.953,0.934,18.4,13561.2,RUNNING
2024-02-13 08:00:00,GEN_M01,91.08,72.9,400.87,130.11,50.032,0.891,19.6,14363.5,RUNNING
2024-02-13 08:00:00,GEN_M02,98.57,78.9,396.27,140.81,49.967,0.937,21.1,14592.7,RUNNING
2024-02-13 08:00:00,GEN_M03,82.17,65.7,400.17,117.39,50.071,0.9,22.2,13190.9,RUNNING
2024-02-13 08:00:00,GEN_B01,79.97,64.0,399.66,114.25,49.965,0.911,19.1,10239.8,RUNNING
2024-02-13 08:00:00,GEN_B02,58.23,46.6,395.85,83.19,49.99,0.912,19.8,13052.5,RUNNING
2024-02-13 09:00:00,GEN_M01,86.67,69.3,397.73,123.81,49.986,0.951,21.4,11265.9,RUNNING
2024-02-13 09:00:00,GEN_M02,95.29,76.2,401.68,136.13,49.955,0.862,18.6,8395.7,RUNNING
2024-02-13 09:00:00,GEN_M03,93.54,74.8,400.76,133.62,49.945,0.9,20.6,12012.4,RUNNING
2024-02-13 09:00:00,GEN_B01,80.08,64.1,402.26,114.39,50.036,0.911,20.1,9312.3,RUNNING
2024-02-13 09:00:00,GEN_B02,67.22,53.8,401.97,96.02,50.044,0.928,17.3,12381.0,RUNNING
2024-02-13 10:00:00,GEN_M01,91.54,73.2,399.23,130.77,50.004,0.91,19.1,9926.1,RUNNING
2024-02-13 10:00:00,GEN_M02,103.37,82.7,398.4,147.67,50.079,0.909,18.9,9509.3,RUNNING
2024-02-13 10:00:00,GEN_M03,89.11,71.3,399.91,127.31,49.951,0.919,21.0,14512.8,RUNNING
2024-02-13 10:00:00,GEN_B01,69.55,55.6,398.37,99.36,49.987,0.91,23.1,9605.2,RUNNING
2024-02-13 10:00:00,GEN_B02,71.96,57.6,397.84,102.8,49.967,0.953,16.3,13718.9,RUNNING
2024-02-13 11:00:00,GEN_M01,84.73,67.8,400.72,121.04,49.976,0.907,20.5,12702.0,RUNNING
2024-02-13 11:00:00,GEN_M02,68.14,54.5,399.58,97.34,50.017,0.919,18.5,12595.8,RUNNING
2024-02-13 11:00:00,GEN_M03,77.6,62.1,400.53,110.86,49.904,0.927,18.7,13265.8,RUNNING
2024-02-13 11:00:00,GEN_B01,79.28,63.4,398.09,113.26,49.996,0.916,21.5,11057.7,RUNNING
2024-02-13 11:00:00,GEN_B02,91.61,73.3,396.35,130.88,50.041,0.906,23.2,13556.2,RUNNING
2024-02-13 12:00:00,GEN_M01,84.18,67.3,399.26,120.26,49.982,0.936,22.6,13513.3,RUNNING
2024-02-13 12:00:00,GEN_M02,76.86,61.5,397.63,109.79,49.983,0.926,21.4,12565.4,RUNNING
2024-02-13 12:00:00,GEN_M03,84.2,67.4,399.71,120.29,49.941,0.91,18.6,8540.5,RUNNING
2024-02-13 12:00:00,GEN_B01,65.98,52.8,402.68,94.26,49.988,0.926,17.9,9851.9,RUNNING
2024-02-13 12:00:00,GEN_B02,84.49,67.6,400.0,120.71,50.04,0.91,19.0,12299.3,RUNNING
2024-02-13 13:00:00,GEN_M01,67.93,54.3,400.98,97.04,49.978,0.893,21.6,14704.2,RUNNING
2024-02-13 13:00:00,GEN_M02,78.43,62.7,398.3,112.04,49.927,0.885,19.5,8124.8,RUNNING
2024-02-13 13:00:00,GEN_M03,87.82,70.3,400.46,125.46,49.98,0.932,17.3,9592.1,RUNNING
2024-02-13 13:00:00,GEN_B01,82.55,66.0,399.08,117.94,50.049,0.912,19.5,11895.8,RUNNING
2024-02-13 13:00:00,GEN_B02,80.38,64.3,399.28,114.83,49.958,0.918,18.5,11866.6,RUNNING
2024-02-13 14:00:00,GEN_M01,80.86,64.7,397.68,115.52,50.022,0.907,18.8,13245.4,RUNNING
2024-02-13 14:00:00,GEN_M02,94.31,75.4,401.62,134.73,50.023,0.911,20.0,13481.2,RUNNING
2024-02-13 14:00:00,GEN_M03,83.12,66.5,403.1,118.75,49.995,0.921,18.0,12800.2,RUNNING
2024-02-13 14:00:00,GEN_B01,85.15,68.1,398.12,121.64,49.992,0.894,17.6,11225.8,RUNNING
2024-02-13 14:00:00,GEN_B02,49.04,39.2,400.83,70.05,49.979,0.893,20.1,10480.3,MAINTENANCE
2024-02-13 15:00:00,GEN_M01,80.22,64.2,398.54,114.6,49.947,0.923,18.7,12731.7,RUNNING
2024-02-13 15:00:00,GEN_M02,63.97,51.2,401.16,91.39,50.07,0.901,20.9,9449.2,RUNNING
2024-02-13 15:00:00,GEN_M03,80.68,64.5,399.96,115.26,49.958,0.905,20.8,9775.4,RUNNING
2024-02-13 15:00:00,GEN_B01,93.74,75.0,398.25,133.92,50.017,0.919,17.7,14663.6,RUNNING
2024-02-13 15:00:00,GEN_B02,68.13,54.5,398.77,97.33,49.968,0.97,18.7,8835.5,RUNNING
2024-02-13 16:00:00,GEN_M01,101.47,81.2,401.09,144.95,49.958,0.944,21.5,9839.2,RUNNING
2024-02-13 16:00:00,GEN_M02,89.41,71.5,402.59,127.73,50.011,0.912,19.7,9537.0,RUNNING
2024-02-13 16:00:00,GEN_M03,73.25,58.6,402.16,104.65,50.066,0.905,19.6,13252.0,RUNNING
2024-02-13 16:00:00,GEN_B01,94.01,75.2,398.6,134.3,49.98,0.937,20.6,8562.3,RUNNING
2024-02-13 16:00:00,GEN_B02,69.18,55.3,400.46,98.83,49.961,0.936,17.6,14558.0,RUNNING
2024-02-13 17:00:00,GEN_M01,73.71,59.0,400.49,105.3,49.976,0.915,20.2,11414.7,RUNNING
2024-02-13 17:00:00,GEN_M02,71.63,57.3,401.12,102.33,49.943,0.91,19.2,11835.1,RUNNING
2024-02-13 17:00:00,GEN_M03,86.43,69.1,397.69,123.48,49.895,0.921,21.8,12822.0,RUNNING
2024-02-13 17:00:00,GEN_B01,85.19,68.2,399.14,121.7,50.08,0.935,19.9,10280.9,RUNNING
2024-02-13 17:00:00,GEN_B02,87.28,69.8,399.6,124.69,50.017,0.917,22.3,12023.5,RUNNING
2024-02-13 18:00:00,GEN_M01,63.01,50.4,399.32,90.01,49.902,0.898,17.8,9477.0,RUNNING
2024-02-13 18:00:00,GEN_M02,83.7,67.0,400.07,119.57,49.984,0.887,17.9,9174.0,RUNNING
2024-02-13 18:00:00,GEN_M03,90.23,72.2,403.78,128.9,50.048,0.917,18.9,11889.8,RUNNING
2024-02-13 18:00:00,GEN_B01,87.04,69.6,400.13,124.35,49.964,0.908,18.1,12853.6,RUNNING
2024-02-13 18:00:00,GEN_B02,80.98,64.8,397.56,115.69,50.117,0.925,19.7,8882.0,RUNNING
2024-02-13 19:00:00,GEN_M01,59.53,47.6,400.43,85.05,50.065,0.962,20.0,10786.7,RUNNING
2024-02-13 19:00:00,GEN_M02,52.8,42.2,399.4,75.42,49.998,0.877,20.4,9748.3,RUNNING
2024-02-13 19:00:00,GEN_M03,63.11,50.5,397.64,90.15,49.949,0.918,15.9,10751.7,RUNNING
2024-02-13 19:00:00,GEN_B01,64.87,51.9,400.65,92.67,49.938,0.919,19.5,11308.6,RUNNING
2024-02-13 19:00:00,GEN_B02,55.23,44.2,400.66,78.9,49.98,0.915,15.9,8285.0,RUNNING
2024-02-13 20:00:00,GEN_M01,62.64,50.1,399.52,89.48,49.944,0.947,20.6,9278.7,RUNNING
2024-02-13 20:00:00,GEN_M02,46.2,37.0,397.6,66.0,50.046,0.94,21.0,8149.4,RUNNING
2024-02-13 20:00:00,GEN_M03,41.91,33.5,400.55,59.86,50.035,0.927,20.6,13215.6,RUNNING
2024-02-13 20:00:00,GEN_B01,49.03,39.2,400.48,70.05,50.058,0.9,17.5,10554.2,RUNNING
2024-02-13 20:00:00,GEN_B02,59.21,47.4,399.8,84.59,50.069,0.919,17.1,9827.5,RUNNING
2024-02-13 21:00:00,GEN_M01,50.42,40.3,402.43,72.02,50.02,0.961,20.6,9033.2,RUNNING
2024-02-13 21:00:00,GEN_M02,73.41,58.7,398.42,104.87,50.116,0.905,19.4,12421.6,RUNNING
2024-02-13 21:00:00,GEN_M03,50.46,40.4,396.03,72.08,50.046,0.909,21.6,8397.4,RUNNING
2024-02-13 21:00:00,GEN_B01,53.15,42.5,400.32,75.93,50.022,0.919,23.1,11170.8,RUNNING
2024-02-13 21:00:00,GEN_B02,61.98,49.6,402.32,88.54,50.025,0.906,21.9,12059.6,RUNNING
2024-02-13 22:00:00,GEN_M01,49.46,39.6,400.59,70.66,50.102,0.914,22.7,9485.5,RUNNING
2024-02-13 22:00:00,GEN_M02,44.19,35.4,400.94,63.13,50.039,0.936,25.0,10922.2,RUNNING
2024-02-13 22:00:00,GEN_M03,57.08,45.7,398.26,81.54,49.964,0.913,23.6,11209.4,RUNNING
2024-02-13 22:00:00,GEN_B01,51.2,41.0,401.65,73.14,50.0,0.937,16.0,10966.1,RUNNING
2024-02-13 22:00:00,GEN_B02,68.35,54.7,401.41,97.64,50.01,0.93,22.8,8416.0,RUNNING
2024-02-13 23:00:00,GEN_M01,59.03,47.2,398.06,84.33,50.074,0.914,21.9,10691.0,RUNNING
2024-02-13 23:00:00,GEN_M02,49.69,39.8,399.11,70.99,49.968,0.914,18.5,10590.1,RUNNING
2024-02-13 23:00:00,GEN_M03,55.76,44.6,400.01,79.66,50.027,0.921,20.3,9412.6,RUNNING
2024-02-13 23:00:00,GEN_B01,57.83,46.3,399.66,82.61,49.965,0.915,22.2,9811.5,RUNNING
2024-02-13 23:00:00,GEN_B02,52.04,41.6,400.35,74.34,49.946,0.902,19.2,10073.0,RUNNING
2024-02-14 00:00:00,GEN_M01,49.08,39.3,397.99,70.12,49.993,0.906,19.1,8873.3,RUNNING
2024-02-14 00:00:00,GEN_M02,49.28,39.4,401.95,70.4,49.954,0.951,18.6,9148.5,RUNNING
2024-02-14 00:00:00,GEN_M03,52.1,41.7,401.88,74.42,50.04,0.921,19.6,11687.0,RUNNING
2024-02-14 00:00:00,GEN_B01,65.7,52.6,400.48,93.86,49.919,0.9,20.1,13168.6,RUNNING
2024-02-14 00:00:00,GEN_B02,55.0,44.0,402.87,78.57,49.967,0.894,21.7,14603.0,RUNNING
2024-02-14 01:00:00,GEN_M01,62.37,49.9,401.66,89.1,49.963,0.977,24.7,14616.3,RUNNING
2024-02-14 01:00:00,GEN_M02,61.4,49.1,402.9,87.72,49.957,0.908,17.9,14402.2,RUNNING
2024-02-14 01:00:00,GEN_M03,61.7,49.4,401.67,88.14,49.884,0.926,19.6,8724.5,RUNNING
2024-02-14 01:00:00,GEN_B01,50.59,40.5,398.8,72.27,50.065,0.937,14.2,13268.0,RUNNING
2024-02-14 01:00:00,GEN_B02,54.81,43.9,401.23,78.31,50.065,0.941,16.7,9970.9,RUNNING
2024-02-14 02:00:00,GEN_M01,68.67,54.9,400.72,98.1,49.911,0.914,17.1,14761.8,RUNNING
2024-02-14 02:00:00,GEN_M02,60.64,48.5,398.77,86.63,50.024,0.934,17.1,14191.8,RUNNING
2024-02-14 02:00:00,GEN_M03,43.82,35.1,402.73,62.6,50.064,0.933,18.6,12479.7,RUNNING
2024-02-14 02:00:00,GEN_B01,55.08,44.1,401.49,78.69,49.957,0.935,16.5,12176.3,RUNNING
2024-02-14 02:00:00,GEN_B02,54.19,43.4,398.97,77.41,49.983,0.92,17.3,10424.5,RUNNING
2024-02-14 03:00:00,GEN_M01,66.14,52.9,404.14,94.48,50.007,0.939,17.0,8961.3,RUNNING
2024-02-14 03:00:00,GEN_M02,52.64,42.1,399.31,75.2,50.096,0.908,19.8,9244.1,RUNNING
2024-02-14 03:00:00,GEN_M03,48.34,38.7,401.4,69.06,50.001,0.908,21.1,12028.2,RUNNING
2024-02-14 03:00:00,GEN_B01,62.76,50.2,400.09,89.66,49.989,0.953,18.6,9385.4,RUNNING
2024-02-14 03:00:00,GEN_B02,48.47,38.8,400.08,69.24,50.01,0.902,20.1,10939.9,RUNNING
2024-02-14 04:00:00,GEN_M01,65.16,52.1,398.69,93.08,50.017,0.917,25.8,13741.0,RUNNING
2024-02-14 04:00:00,GEN_M02,71.48,57.2,399.85,102.12,50.038,0.922,20.0,12823.2,RUNNING
2024-02-14 04:00:00,GEN_M03,51.72,41.4,400.83,73.88,50.028,0.945,19.0,14404.4,RUNNING
2024-02-14 04:00:00,GEN_B01,70.19,56.2,400.2,100.28,49.99,0.898,18.5,13748.5,RUNNING
2024-02-14 04:00:00,GEN_B02,48.17,38.5,399.29,68.82,49.925,0.919,18.8,14440.7,RUNNING
2024-02-14 05:00:00,GEN_M01,47.66,38.1,400.66,68.09,50.077,0.904,20.3,13279.8,RUNNING
2024-02-14 05:00:00,GEN_M02,55.26,44.2,400.84,78.94,50.096,0.918,21.8,10800.9,RUNNING
2024-02-14 05:00:00,GEN_M03,45.13,36.1,400.99,64.48,49.973,0.9,20.6,10658.0,RUNNING
2024-02-14 05:00:00,GEN_B01,56.86,45.5,401.29,81.22,49.901,0.92,18.7,13522.2,RUNNING
2024-02-14 05:00:00,GEN_B02,68.07,54.5,397.51,97.25,50.008,0.928,20.2,11196.1,RUNNING
2024-02-14 06:00:00,GEN_M01,52.24,41.8,399.35,74.63,50.07,0.908,18.8,8325.5,RUNNING
2024-02-14 06:00:00,GEN_M02,78.59,62.9,397.01,112.27,50.057,0.92,20.9,11186.2,RUNNING
2024-02-14 06:00:00,GEN_M03,56.89,45.5,400.76,81.27,49.972,0.932,18.9,13042.8,RUNNING
2024-02-14 06:00:00,GEN_B01,91.06,72.9,400.15,130.09,50.005,0.908,20.8,8813.4,RUNNING
2024-02-14 06:00:00,GEN_B02,73.4,58.7,399.31,104.86,49.963,0.929,20.5,9542.7,RUNNING
2024-02-14 07:00:00,GEN_M01,85.05,68.0,401.45,121.5,50.01,0.896,20.3,14106.6,RUNNING
2024-02-14 07:00:00,GEN_M02,79.04,63.2,398.42,112.91,50.025,0.931,18.7,11927.0,RUNNING
2024-02-14 07:00:00,GEN_M03,88.51,70.8,400.46,126.45,50.006,0.92,19.5,14047.1,RUNNING
2024-02-14 07:00:00,GEN_B01,72.63,58.1,401.62,103.76,49.959,0.905,19.2,12295.6,RUNNING
2024-02-14 07:00:00,GEN_B02,88.59,70.9,400.62,126.56,49.939,0.944,18.5,8253.3,RUNNING
2024-02-14 08:00:00,GEN_M01,69.08,55.3,398.24,98.68,50.09,0.919,21.0,10159.8,RUNNING
2024-02-14 08:00:00,GEN_M02,100.76,80.6,397.86,143.94,49.965,0.93,21.9,12649.9,RUNNING
2024-02-14 08:00:00,GEN_M03,82.95,66.4,401.45,118.51,49.937,0.935,16.5,9235.7,RUNNING
2024-02-14 08:00:00,GEN_B01,82.53,66.0,398.69,117.91,50.06,0.945,20.2,11794.9,RUNNING
2024-02-14 08:00:00,GEN_B02,77.21,61.8,399.44,110.3,50.012,0.929,18.9,13123.4,RUNNING
2024-02-14 09:00:00,GEN_M01,93.57,74.9,397.9,133.67,49.98,0.951,19.5,8382.6,RUNNING
2024-02-14 09:00:00,GEN_M02,65.68,52.5,399.41,93.83,49.956,0.928,21.0,9459.1,RUNNING
2024-02-14 09:00:00,GEN_M03,96.86,77.5,399.85,138.37,49.933,0.914,16.9,10632.1,RUNNING
2024-02-14 09:00:00,GEN_B01,95.13,76.1,399.72,135.9,50.027,0.946,17.0,11714.1,RUNNING
2024-02-14 09:00:00,GEN_B02,73.33,58.7,400.54,104.75,50.021,0.855,17.0,11025.5,RUNNING
2024-02-14 10:00:00,GEN_M01,55.41,44.3,400.18,79.16,49.996,0.926,16.8,10806.6,RUNNING
2024-02-14 10:00:00,GEN_M02,85.74,68.6,402.29,122.49,49.952,0.925,21.0,12328.0,RUNNING
2024-02-14 10:00:00,GEN_M03,78.76,63.0,402.98,112.52,50.005,0.928,18.2,14875.9,RUNNING
2024-02-14 10:00:00,GEN_B01,84.49,67.6,400.08,120.7,49.984,0.913,17.9,8443.7,RUNNING
2024-02-14 10:00:00,GEN_B02,84.42,67.5,398.19,120.6,50.025,0.909,17.7,11989.2,RUNNING
2024-02-14 11:00:00,GEN_M01,77.8,62.2,401.06,111.14,50.019,0.89,20.6,8553.0,RUNNING
2024-02-14 11:00:00,GEN_M02,71.62,57.3,402.49,102.32,50.075,0.932,20.5,8757.1,RUNNING
2024-02-14 11:00:00,GEN_M03,80.95,64.8,401.36,115.64,50.091,0.904,19.0,12658.9,RUNNING
2024-02-14 11:00:00,GEN_B01,61.3,49.0,401.36,87.57,50.104,0.946,18.4,9784.1,RUNNING
2024-02-14 11:00:00,GEN_B02,94.1,75.3,399.0,134.43,50.046,0.952,16.9,9514.7,RUNNING
2024-02-14 12:00:00,GEN_M01,70.58,56.5,400.3,100.83,49.927,0.938,19.3,11463.1,RUNNING
2024-02-14 12:00:00,GEN_M02,77.01,61.6,398.95,110.02,49.983,0.933,20.1,8949.8,RUNNING
2024-02-14 12:00:00,GEN_M03,82.37,65.9,402.06,117.67,50.058,0.919,20.3,8543.0,RUNNING
2024-02-14 12:00:00,GEN_B01,75.78,60.6,401.56,108.25,50.062,0.912,20.5,9509.8,RUNNING
2024-02-14 12:00:00,GEN_B02,61.93,49.5,399.95,88.47,50.019,0.93,17.1,9943.2,RUNNING
2024-02-14 13:00:00,GEN_M01,73.45,58.8,401.03,104.92,49.935,0.897,18.7,9402.1,RUNNING
2024-02-14 13:00:00,GEN_M02,62.25,49.8,399.64,88.92,50.032,0.933,16.5,14662.1,RUNNING
2024-02-14 13:00:00,GEN_M03,97.13,77.7,399.7,138.76,50.104,0.925,19.0,9159.5,RUNNING
2024-02-14 13:00:00,GEN_B01,85.35,68.3,401.67,121.93,50.032,0.917,20.8,8266.7,RUNNING
2024-02-14 13:00:00,GEN_B02,79.56,63.6,400.16,113.65,50.063,0.941,19.4,12517.3,RUNNING
2024-02-14 14:00:00,GEN_M01,54.69,43.8,399.98,78.13,49.966,0.901,18.6,14984.9,RUNNING
2024-02-14 14:00:00,GEN_M02,64.08,51.3,401.34,91.54,50.039,0.905,18.9,13653.0,RUNNING
2024-02-14 14:00:00,GEN_M03,66.05,52.8,400.43,94.36,50.001,0.937,19.2,12857.9,RUNNING
2024-02-14 14:00:00,GEN_B01,66.27,53.0,401.22,94.67,50.022,0.935,16.1,13783.9,RUNNING
2024-02-14 14:00:00,GEN_B02,69.53,55.6,400.05,99.32,49.955,0.924,18.7,13091.1,RUNNING
2024-02-14 15:00:00,GEN_M01,69.81,55.8,399.97,99.73,49.919,0.903,17.0,9955.2,RUNNING
2024-02-14 15:00:00,GEN_M02,88.67,70.9,399.9,126.68,49.949,0.934,20.2,10674.1,RUNNING
2024-02-14 15:00:00,GEN_M03,84.29,67.4,397.95,120.42,49.984,0.899,14.0,13058.2,RUNNING
2024-02-14 15:00:00,GEN_B01,91.54,73.2,401.19,130.77,50.061,0.932,18.1,12781.1,RUNNING
2024-02-14 15:00:00,GEN_B02,84.24,67.4,399.72,120.34,49.972,0.943,17.1,9288.8,RUNNING
2024-02-14 16:00:00,GEN_M01,91.52,73.2,403.17,130.74,49.957,0.91,20.0,12580.2,RUNNING
2024-02-14 16:00:00,GEN_M02,92.47,74.0,400.92,132.1,49.908,0.921,17.1,12205.9,RUNNING
2024-02-14 16:00:00,GEN_M03,70.53,56.4,400.8,100.76,49.97,0.934,17.9,11395.3,RUNNING
2024-02-14 16:00:00,GEN_B01,74.14,59.3,400.59,105.92,50.044,0.931,17.1,10314.6,RUNNING
2024-02-14 16:00:00,GEN_B02,76.63,61.3,402.18,109.48,49.971,0.874,19.1,10562.1,RUNNING
2024-02-14 17:00:00,GEN_M01,71.21,57.0,397.65,101.73,50.022,0.898,21.4,11149.2,RUNNING
2024-02-14 17:00:00,GEN_M02,76.46,61.2,398.49,109.23,50.029,0.91,20.6,8912.3,RUNNING
2024-02-14 17:00:00,GEN_M03,75.3,60.2,400.51,107.58,49.885,0.942,19.1,10352.1,RUNNING
2024-02-14 17:00:00,GEN_B01,61.15,48.9,401.15,87.35,50.031,0.891,21.2,12404.6,RUNNING
2024-02-14 17:00:00,GEN_B02,99.54,79.6,402.39,142.19,50.006,0.928,20.0,9061.8,RUNNING
2024-02-14 18:00:00,GEN_M01,58.06,46.5,397.88,82.95,50.018,0.923,19.6,12922.6,RUNNING
2024-02-14 18:00:00,GEN_M02,82.49,66.0,398.23,117.85,50.103,0.916,20.5,8781.9,RUNNING
2024-02-14 18:00:00,GEN_M03,67.91,54.3,397.74,97.01,50.068,0.942,18.0,9310.2,RUNNING
2024-02-14 18:00:00,GEN_B01,88.64,70.9,401.87,126.64,49.988,0.928,20.6,10952.0,RUNNING
2024-02-14 18:00:00,GEN_B02,85.75,68.6,399.07,122.5,50.008,0.918,13.3,9323.9,RUNNING
2024-02-14 19:00:00,GEN_M01,52.86,42.3,401.78,75.51,50.052,0.908,17.1,14069.7,RUNNING
2024-02-14 19:00:00,GEN_M02,55.73,44.6,400.07,79.62,50.027,0.93,21.2,9211.9,RUNNING
2024-02-14 19:00:00,GEN_M03,53.86,43.1,399.89,76.94,49.982,0.895,20.3,12478.4,RUNNING
2024-02-14 19:00:00,GEN_B01,49.95,40.0,397.53,71.36,49.987,0.926,16.3,9693.5,RUNNING
2024-02-14 19:00:00,GEN_B02,70.12,56.1,401.88,100.18,49.966,0.942,19.1,14518.7,RUNNING
2024-02-14 20:00:00,GEN_M01,70.19,56.2,401.34,100.27,49.995,0.901,15.8,12179.6,RUNNING
2024-02-14 20:00:00,GEN_M02,55.5,44.4,398.85,79.28,50.047,0.92,15.5,14859.9,RUNNING
2024-02-14 20:00:00,GEN_M03,56.11,44.9,398.88,80.16,49.932,0.887,16.4,9951.8,RUNNING
2024-02-14 20:00:00,GEN_B01,46.82,37.5,401.53,66.88,49.955,0.949,17.8,13613.9,RUNNING
2024-02-14 20:00:00,GEN_B02,59.78,47.8,399.51,85.41,49.975,0.927,17.7,11976.3,RUNNING
2024-02-14 21:00:00,GEN_M01,55.28,44.2,402.78,78.98,50.003,0.92,20.2,9067.6,RUNNING
2024-02-14 21:00:00,GEN_M02,43.31,34.6,401.61,61.87,50.062,0.882,18.9,11707.1,RUNNING
2024-02-14 21:00:00,GEN_M03,61.25,49.0,397.41,87.49,50.05,0.955,20.3,14680.9,RUNNING
2024-02-14 21:00:00,GEN_B01,67.34,53.9,398.35,96.2,49.958,0.921,17.3,9987.3,RUNNING
2024-02-14 21:00:00,GEN_B02,56.51,45.2,399.26,80.73,49.962,0.905,18.4,11358.9,RUNNING
2024-02-14 22:00:00,GEN_M01,41.58,33.3,399.16,59.4,49.994,0.913,21.0,10413.3,RUNNING
2024-02-14 22:00:00,GEN_M02,54.42,43.5,400.18,77.74,49.975,0.927,16.3,9597.4,RUNNING
2024-02-14 22:00:00,GEN_M03,60.78,48.6,400.11,86.82,49.938,0.923,17.5,14750.8,RUNNING
2024-02-14 22:00:00,GEN_B01,56.09,44.9,397.96,80.13,50.038,0.911,17.3,10309.5,RUNNING
2024-02-14 22:00:00,GEN_B02,66.02,52.8,402.21,94.31,50.009,0.928,17.6,13415.7,RUNNING
2024-02-14 23:00:00,GEN_M01,48.72,39.0,396.8,69.6,49.944,0.898,18.9,9232.9,RUNNING
2024-02-14 23:00:00,GEN_M02,52.91,42.3,402.2,75.58,50.002,0.924,18.4,9045.3,RUNNING
2024-02-14 23:00:00,GEN_M03,51.6,41.3,398.54,73.72,50.017,0.897,19.4,9629.2,RUNNING
2024-02-14 23:00:00,GEN_B01,63.36,50.7,400.0,90.52,50.066,0.935,23.3,14699.4,RUNNING
2024-02-14 23:00:00,GEN_B02,45.5,36.4,400.27,65.01,50.008,0.92,20.7,9117.6,RUNNING
2024-02-15 00:00:00,GEN_M01,54.48,43.6,399.25,77.83,49.97,0.907,16.4,8942.2,RUNNING
2024-02-15 00:00:00,GEN_M02,48.36,38.7,397.89,69.09,49.985,0.943,18.5,8990.7,RUNNING
2024-02-15 00:00:00,GEN_M03,64.96,52.0,399.56,92.79,50.028,0.907,20.1,13420.9,RUNNING
2024-02-15 00:00:00,GEN_B01,54.01,43.2,399.95,77.15,50.087,0.928,20.9,9097.7,RUNNING
2024-02-15 00:00:00,GEN_B02,58.92,47.1,398.11,84.17,49.955,0.919,19.8,9348.7,RUNNING
2024-02-15 01:00:00,GEN_M01,55.9,44.7,400.13,79.86,50.006,0.92,19.5,8482.0,RUNNING
2024-02-15 01:00:00,GEN_M02,45.72,36.6,398.59,65.32,49.973,0.896,14.8,8965.5,RUNNING
2024-02-15 01:00:00,GEN_M03,55.83,44.7,401.09,79.76,50.023,0.94,21.5,10311.7,RUNNING
2024-02-15 01:00:00,GEN_B01,60.86,48.7,399.37,86.94,50.093,0.922,18.4,11048.7,RUNNING
2024-02-15 01:00:00,GEN_B02,69.48,55.6,400.14,99.25,49.897,0.915,20.1,11574.2,RUNNING
2024-02-15 02:00:00,GEN_M01,60.78,48.6,400.36,86.83,49.999,0.942,18.0,12075.3,RUNNING
2024-02-15 02:00:00,GEN_M02,64.4,51.5,397.43,92.0,50.004,0.937,16.0,10476.1,RUNNING
2024-02-15 02:00:00,GEN_M03,44.93,35.9,398.78,64.19,49.921,0.91,21.2,12529.3,RUNNING
2024-02-15 02:00:00,GEN_B01,52.42,41.9,402.1,74.88,50.006,0.941,17.9,11070.1,RUNNING
2024-02-15 02:00:00,GEN_B02,60.53,48.4,401.4,86.48,50.005,0.939,18.5,10954.5,RUNNING
2024-02-15 03:00:00,GEN_M01,67.69,54.1,395.56,96.69,49.964,0.939,19.2,10040.5,RUNNING
2024-02-15 03:00:00,GEN_M02,57.48,46.0,401.03,82.12,50.11,0.934,18.9,13634.7,RUNNING
2024-02-15 03:00:00,GEN_M03,51.22,41.0,399.08,73.18,50.035,0.946,16.5,9446.4,RUNNING
2024-02-15 03:00:00,GEN_B01,60.27,48.2,400.53,86.11,49.995,0.921,20.2,11547.2,RUNNING
2024-02-15 03:00:00,GEN_B02,49.44,39.6,399.67,70.63,50.042,0.894,20.4,11471.5,RUNNING
2024-02-15 04:00:00,GEN_M01,71.66,57.3,398.79,102.36,50.026,0.907,21.7,13827.5,RUNNING
2024-02-15 04:00:00,GEN_M02,59.45,47.6,398.1,84.93,49.996,0.899,16.2,9655.6,RUNNING
2024-02-15 04:00:00,GEN_M03,47.93,38.3,398.63,68.47,50.113,0.909,19.9,9597.7,RUNNING
2024-02-15 04:00:00,GEN_B01,54.22,43.4,400.51,77.46,49.983,0.925,20.3,13414.2,RUNNING
2024-02-15 04:00:00,GEN_B02,75.0,60.0,398.05,107.15,50.005,0.878,17.2,14351.9,RUNNING
2024-02-15 05:00:00,GEN_M01,61.12,48.9,400.55,87.32,49.985,0.925,19.6,12778.2,RUNNING
2024-02-15 05:00:00,GEN_M02,46.16,36.9,402.78,65.95,50.012,0.923,19.7,9521.6,RUNNING
2024-02-15 05:00:00,GEN_M03,67.95,54.4,401.33,97.07,49.973,0.942,17.8,10187.0,RUNNING
2024-02-15 05:00:00,GEN_B01,54.26,43.4,397.22,77.51,49.978,0.932,21.3,10273.1,RUNNING
2024-02-15 05:00:00,GEN_B02,53.94,43.2,401.02,77.06,49.962,0.894,17.6,12579.6,RUNNING
2024-02-15 06:00:00,GEN_M01,70.36,56.3,398.42,100.52,49.992,0.924,19.6,14693.5,RUNNING
2024-02-15 06:00:00,GEN_M02,73.17,58.5,401.35,104.52,50.013,0.928,20.8,12388.1,RUNNING
2024-02-15 06:00:00,GEN_M03,80.34,64.3,400.22,114.77,50.037,0.93,17.5,11258.2,RUNNING
2024-02-15 06:00:00,GEN_B01,70.4,56.3,398.8,100.58,50.052,0.924,20.3,8173.0,RUNNING
2024-02-15 06:00:00,GEN_B02,93.14,74.5,397.9,133.05,49.988,0.949,16.3,11671.1,RUNNING
2024-02-15 07:00:00,GEN_M01,100.88,80.7,401.08,144.11,50.044,0.898,19.6,10225.4,RUNNING
2024-02-15 07:00:00,GEN_M02,89.36,71.5,398.19,127.65,50.017,0.913,18.6,12273.7,RUNNING
2024-02-15 07:00:00,GEN_M03,93.86,75.1,401.93,134.09,49.949,0.956,21.0,8109.7,RUNNING
2024-02-15 07:00:00,GEN_B01,69.12,55.3,401.96,98.75,50.025,0.895,18.9,8978.1,RUNNING
2024-02-15 07:00:00,GEN_B02,92.6,74.1,400.65,132.29,49.992,0.923,16.2,11043.6,RUNNING
2024-02-15 08:00:00,GEN_M01,86.05,68.8,399.69,122.93,50.072,0.936,23.1,8143.7,RUNNING
2024-02-15 08:00:00,GEN_M02,83.59,66.9,398.54,119.41,50.031,0.909,17.3,10610.6,RUNNING
2024-02-15 08:00:00,GEN_M03,79.61,63.7,399.24,113.73,50.04,0.929,21.1,10925.5,RUNNING
2024-02-15 08:00:00,GEN_B01,64.51,51.6,400.69,92.16,49.999,0.885,17.5,11071.1,RUNNING
2024-02-15 08:00:00,GEN_B02,67.82,54.3,399.16,96.89,50.008,0.92,20.5,9061.9,RUNNING
2024-02-15 09:00:00,GEN_M01,81.58,65.3,399.7,116.54,50.046,0.87,21.4,10215.6,RUNNING
2024-02-15 09:00:00,GEN_M02,70.52,56.4,401.63,100.74,49.956,0.907,17.9,14336.2,RUNNING
2024-02-15 09:00:00,GEN_M03,71.63,57.3,403.6,102.33,50.033,0.927,22.7,12319.0,RUNNING
2024-02-15 09:00:00,GEN_B01,83.4,66.7,400.58,119.15,49.968,0.873,18.7,12290.9,RUNNING
2024-02-15 09:00:00,GEN_B02,86.97,69.6,400.02,124.24,50.009,0.923,19.3,12847.0,RUNNING
2024-02-15 10:00:00,GEN_M01,96.8,77.4,400.16,138.29,50.033,0.933,20.3,9965.6,RUNNING
2024-02-15 10:00:00,GEN_M02,90.71,72.6,401.15,129.59,50.036,0.895,17.7,13523.5,RUNNING
2024-02-15 10:00:00,GEN_M03,78.9,63.1,401.1,112.71,49.934,0.923,20.0,8072.7,RUNNING
2024-02-15 10:00:00,GEN_B01,93.97,75.2,401.25,134.24,50.001,0.907,18.1,8295.1,RUNNING
2024-02-15 10:00:00,GEN_B02,72.37,57.9,400.1,103.38,49.992,0.915,18.8,9367.6,RUNNING
2024-02-15 11:00:00,GEN_M01,83.51,66.8,397.04,119.3,49.992,0.923,18.8,12337.6,RUNNING
2024-02-15 11:00:00,GEN_M02,86.73,69.4,398.99,123.9,49.944,0.915,19.5,8310.3,RUNNING
2024-02-15 11:00:00,GEN_M03,73.59,58.9,400.07,105.12,50.022,0.929,20.2,9597.0,RUNNING
2024-02-15 11:00:00,GEN_B01,86.27,69.0,398.52,123.24,50.002,0.896,24.2,10954.8,RUNNING
2024-02-15 11:00:00,GEN_B02,81.04,64.8,399.27,115.77,49.911,0.949,19.6,11050.8,RUNNING
2024-02-15 12:00:00,GEN_M01,72.3,57.8,400.54,103.29,50.039,0.937,19.5,11223.7,RUNNING
2024-02-15 12:00:00,GEN_M02,91.76,73.4,398.61,131.08,50.061,0.956,21.3,12568.3,RUNNING
2024-02-15 12:00:00,GEN_M03,76.77,61.4,397.98,109.68,49.961,0.906,19.9,13337.2,RUNNING
2024-02-15 12:00:00,GEN_B01,81.87,65.5,398.94,116.96,50.007,0.912,21.1,14471.3,RUNNING
2024-02-15 12:00:00,GEN_B02,90.46,72.4,400.62,129.23,49.929,0.898,20.7,9347.2,RUNNING
2024-02-15 13:00:00,GEN_M01,73.01,58.4,400.4,104.3,49.903,0.898,20.0,12811.1,RUNNING
2024-02-15 13:00:00,GEN_M02,72.75,58.2,396.32,103.92,50.074,0.921,17.3,8781.2,RUNNING
2024-02-15 13:00:00,GEN_M03,100.09,80.1,400.42,142.98,50.045,0.953,18.9,11515.8,RUNNING
2024-02-15 13:00:00,GEN_B01,81.53,65.2,399.43,116.47,50.003,0.948,17.2,11297.7,RUNNING
2024-02-15 13:00:00,GEN_B02,76.95,61.6,401.02,109.93,50.03,0.94,21.8,13245.7,RUNNING
2024-02-15 14:00:00,GEN_M01,102.57,82.1,400.7,146.53,49.978,0.927,22.6,9746.8,RUNNING
2024-02-15 14:00:00,GEN_M02,61.99,49.6,402.97,88.55,49.927,0.919,21.6,10436.1,RUNNING
2024-02-15 14:00:00,GEN_M03,80.19,64.1,401.13,114.55,50.008,0.887,20.6,10667.0,RUNNING
2024-02-15 14:00:00,GEN_B01,82.48,66.0,401.57,117.83,50.027,0.926,17.3,10352.5,RUNNING
2024-02-15 14:00:00,GEN_B02,67.55,54.0,403.3,96.5,50.028,0.935,22.1,10797.3,RUNNING
2024-02-15 15:00:00,GEN_M01,79.66,63.7,399.42,113.8,49.969,0.921,18.4,12340.1,RUNNING
2024-02-15 15:00:00,GEN_M02,67.6,54.1,399.61,96.57,50.023,0.93,21.1,10805.7,RUNNING
2024-02-15 15:00:00,GEN_M03,82.82,66.3,400.16,118.31,49.949,0.946,19.7,8861.1,RUNNING
2024-02-15 15:00:00,GEN_B01,56.31,45.1,398.62,80.45,50.009,0.94,18.8,8700.9,RUNNING
2024-02-15 15:00:00,GEN_B02,67.18,53.7,400.3,95.97,50.019,0.891,24.0,14259.5,RUNNING
2024-02-15 16:00:00,GEN_M01,83.35,66.7,399.92,119.07,49.931,0.892,19.6,13178.3,RUNNING
2024-02-15 16:00:00,GEN_M02,92.94,74.4,399.76,132.78,50.062,0.895,17.7,10424.7,RUNNING
2024-02-15 16:00:00,GEN_M03,72.7,58.2,398.32,103.85,49.905,0.922,19.3,12485.9,RUNNING
2024-02-15 16:00:00,GEN_B01,86.59,69.3,402.04,123.7,50.037,0.929,23.3,10884.0,RUNNING
2024-02-15 16:00:00,GEN_B02,76.45,61.2,400.99,109.21,49.963,0.98,15.6,8259.6,RUNNING
2024-02-15 17:00:00,GEN_M01,76.07,60.9,398.13,108.67,49.936,0.876,18.3,9592.1,RUNNING
2024-02-15 17:00:00,GEN_M02,100.59,80.5,402.21,143.69,50.079,0.946,16.8,13688.3,RUNNING
2024-02-15 17:00:00,GEN_M03,83.6,66.9,400.41,119.43,49.998,0.902,17.7,14301.4,RUNNING
2024-02-15 17:00:00,GEN_B01,71.94,57.6,396.66,102.77,49.948,0.911,20.2,11774.3,RUNNING
2024-02-15 17:00:00,GEN_B02,84.82,67.9,399.76,121.18,50.02,0.927,20.5,14526.5,RUNNING
2024-02-15 18:00:00,GEN_M01,76.16,60.9,400.9,108.8,50.091,0.944,18.6,8434.0,RUNNING
2024-02-15 18:00:00,GEN_M02,69.96,56.0,399.2,99.94,50.005,0.921,17.1,12631.4,RUNNING
2024-02-15 18:00:00,GEN_M03,81.31,65.0,400.78,116.15,50.053,0.931,18.9,14750.6,RUNNING
2024-02-15 18:00:00,GEN_B01,76.93,61.5,398.33,109.91,50.01,0.932,18.1,13350.3,RUNNING
2024-02-15 18:00:00,GEN_B02,96.05,76.8,400.61,137.22,50.022,0.919,16.6,10781.3,RUNNING
2024-02-15 19:00:00,GEN_M01,50.04,40.0,400.03,71.48,49.988,0.957,14.9,9796.4,RUNNING
2024-02-15 19:00:00,GEN_M02,54.77,43.8,403.33,78.25,50.034,0.892,18.9,8925.3,RUNNING
2024-02-15 19:00:00,GEN_M03,54.42,43.5,400.89,77.74,49.96,0.945,15.8,8191.9,RUNNING
2024-02-15 19:00:00,GEN_B01,38.12,30.5,400.44,54.46,49.978,0.902,21.8,10665.7,RUNNING
2024-02-15 19:00:00,GEN_B02,68.24,54.6,402.18,97.49,49.989,0.905,20.5,14324.9,RUNNING
2024-02-15 20:00:00,GEN_M01,64.72,51.8,400.17,92.46,49.928,0.938,16.6,12847.5,RUNNING
2024-02-15 20:00:00,GEN_M02,59.42,47.5,400.34,84.88,49.991,0.92,20.0,14166.4,RUNNING
2024-02-15 20:00:00,GEN_M03,53.39,42.7,401.84,76.27,49.975,0.909,17.8,12451.7,RUNNING
2024-02-15 20:00:00,GEN_B01,55.28,44.2,401.84,78.97,50.005,0.903,18.5,8847.0,MAINTENANCE
2024-02-15 20:00:00,GEN_B02,52.68,42.1,403.12,75.26,50.016,0.909,22.1,9769.2,RUNNING
2024-02-15 21:00:00,GEN_M01,55.31,44.3,399.88,79.02,50.006,0.917,17.9,14618.1,RUNNING
2024-02-15 21:00:00,GEN_M02,54.59,43.7,399.66,77.99,49.992,0.916,20.8,13827.0,RUNNING
2024-02-15 21:00:00,GEN_M03,67.82,54.3,400.52,96.89,50.027,0.942,17.8,9161.7,RUNNING
2024-02-15 21:00:00,GEN_B01,50.37,40.3,403.12,71.96,50.042,0.895,21.3,10557.2,RUNNING
2024-02-15 21:00:00,GEN_B02,62.25,49.8,400.53,88.94,50.003,0.908,19.7,10401.5,RUNNING
2024-02-15 22:00:00,GEN_M01,65.66,52.5,400.32,93.8,49.939,0.903,16.6,12334.8,RUNNING
2024-02-15 22:00:00,GEN_M02,52.4,41.9,400.05,74.86,50.009,0.945,21.1,11579.4,RUNNING
2024-02-15 22:00:00,GEN_M03,67.4,53.9,400.36,96.29,49.977,0.909,21.0,13947.7,RUNNING
2024-02-15 22:00:00,GEN_B01,53.73,43.0,397.08,76.76,49.952,0.912,16.4,10952.1,RUNNING
2024-02-15 22:00:00,GEN_B02,58.16,46.5,398.46,83.09,50.073,0.907,20.2,14774.5,RUNNING
2024-02-15 23:00:00,GEN_M01,67.95,54.4,399.49,97.07,49.944,0.924,19.1,8017.6,RUNNING
2024-02-15 23:00:00,GEN_M02,73.16,58.5,400.41,104.51,49.967,0.932,20.2,13884.7,RUNNING
2024-02-15 23:00:00,GEN_M03,57.43,45.9,400.74,82.05,49.909,0.918,19.2,11559.0,RUNNING
2024-02-15 23:00:00,GEN_B01,50.82,40.7,398.0,72.6,50.056,0.906,18.0,12125.3,RUNNING
2024-02-15 23:00:00,GEN_B02,51.57,41.3,402.08,73.67,50.082,0.951,15.3,9524.0,RUNNING
2024-02-16 00:00:00,GEN_M01,55.88,44.7,398.7,79.83,49.944,0.907,16.2,8084.2,RUNNING
2024-02-16 00:00:00,GEN_M02,57.48,46.0,399.27,82.11,49.985,0.95,18.3,11289.6,RUNNING
2024-02-16 00:00:00,GEN_M03,58.77,47.0,401.15,83.96,49.976,0.906,17.5,11070.2,RUNNING
2024-02-16 00:00:00,GEN_B01,71.26,57.0,399.45,101.8,49.968,0.975,20.6,11255.5,RUNNING
2024-02-16 00:00:00,GEN_B02,50.94,40.8,397.4,72.77,49.974,0.919,20.0,8475.1,RUNNING
2024-02-16 01:00:00,GEN_M01,57.85,46.3,397.52,82.64,49.986,0.91,21.0,10438.3,RUNNING
2024-02-16 01:00:00,GEN_M02,59.53,47.6,397.25,85.05,49.997,0.885,19.8,8229.9,RUNNING
2024-02-16 01:00:00,GEN_M03,58.88,47.1,401.78,84.12,49.991,0.905,17.7,8764.3,RUNNING
2024-02-16 01:00:00,GEN_B01,65.25,52.2,401.34,93.21,50.023,0.913,17.4,12335.9,RUNNING
2024-02-16 01:00:00,GEN_B02,46.23,37.0,400.37,66.04,50.05,0.922,17.6,14076.2,RUNNING
2024-02-16 02:00:00,GEN_M01,67.78,54.2,397.99,96.83,49.935,0.906,18.9,12043.1,RUNNING
2024-02-16 02:00:00,GEN_M02,49.24,39.4,399.21,70.34,49.998,0.884,20.2,10667.5,RUNNING
2024-02-16 02:00:00,GEN_M03,60.08,48.1,399.38,85.82,50.062,0.887,15.5,13286.7,RUNNING
2024-02-16 02:00:00,GEN_B01,55.13,44.1,400.74,78.76,49.969,0.959,19.3,12263.9,RUNNING
2024-02-16 02:00:00,GEN_B02,57.67,46.1,401.19,82.39,50.028,0.904,20.4,14531.6,RUNNING
2024-02-16 03:00:00,GEN_M01,54.1,43.3,399.55,77.29,50.016,0.932,16.2,8057.6,RUNNING
2024-02-16 03:00:00,GEN_M02,59.19,47.3,399.16,84.55,49.967,0.894,15.6,13623.5,RUNNING
2024-02-16 03:00:00,GEN_M03,49.98,40.0,398.31,71.4,49.97,0.927,17.2,11330.6,RUNNING
2024-02-16 03:00:00,GEN_B01,45.41,36.3,400.28,64.87,50.05,0.956,16.7,8852.5,RUNNING
2024-02-16 03:00:00,GEN_B02,47.38,37.9,398.53,67.69,49.983,0.902,17.3,11369.7,RUNNING
2024-02-16 04:00:00,GEN_M01,63.66,50.9,403.35,90.94,50.017,0.937,17.8,12369.9,RUNNING
2024-02-16 04:00:00,GEN_M02,51.82,41.5,398.38,74.02,49.988,0.914,18.4,10761.8,RUNNING
2024-02-16 04:00:00,GEN_M03,41.84,33.5,401.94,59.77,49.917,0.956,20.4,9480.5,RUNNING
2024-02-16 04:00:00,GEN_B01,66.72,53.4,397.95,95.32,49.967,0.894,21.3,13546.3,RUNNING
2024-02-16 04:00:00,GEN_B02,59.06,47.2,399.47,84.37,50.005,0.895,21.2,14838.8,RUNNING
2024-02-16 05:00:00,GEN_M01,55.52,44.4,399.76,79.32,49.989,0.914,17.7,11839.3,RUNNING
2024-02-16 05:00:00,GEN_M02,66.87,53.5,402.13,95.53,49.999,0.918,22.7,8911.4,RUNNING
2024-02-16 05:00:00,GEN_M03,58.02,46.4,397.65,82.88,50.007,0.9,19.7,8273.0,RUNNING
2024-02-16 05:00:00,GEN_B01,55.64,44.5,399.47,79.49,49.918,0.896,19.5,13623.2,RUNNING
2024-02-16 05:00:00,GEN_B02,59.69,47.7,399.7,85.27,50.017,0.907,19.2,9172.3,RUNNING
2024-02-16 06:00:00,GEN_M01,106.61,85.3,399.46,152.3,49.984,0.893,16.9,10701.5,RUNNING
2024-02-16 06:00:00,GEN_M02,88.51,70.8,399.05,126.44,49.995,0.934,20.5,14422.8,RUNNING
2024-02-16 06:00:00,GEN_M03,77.6,62.1,403.7,110.86,49.892,0.894,18.4,11019.6,RUNNING
2024-02-16 06:00:00,GEN_B01,70.33,56.3,399.29,100.47,50.03,0.92,19.6,13733.4,RUNNING
2024-02-16 06:00:00,GEN_B02,85.65,68.5,400.47,122.36,50.121,0.931,17.7,12396.9,RUNNING
2024-02-16 07:00:00,GEN_M01,82.77,66.2,400.47,118.24,50.006,0.977,20.9,13133.6,RUNNING
2024-02-16 07:00:00,GEN_M02,81.92,65.5,400.95,117.03,49.993,0.919,18.9,14781.6,RUNNING
2024-02-16 07:00:00,GEN_M03,85.88,68.7,400.33,122.69,50.004,0.939,18.1,10378.4,RUNNING
2024-02-16 07:00:00,GEN_B01,78.14,62.5,401.45,111.63,49.965,0.931,19.9,9615.4,RUNNING
2024-02-16 07:00:00,GEN_B02,92.6,74.1,400.65,132.29,50.081,0.92,17.8,9340.8,RUNNING
2024-02-16 08:00:00,GEN_M01,77.61,62.1,400.04,110.87,49.924,0.913,17.7,9926.1,RUNNING
2024-02-16 08:00:00,GEN_M02,71.16,56.9,400.42,101.66,49.977,0.967,18.0,9245.5,RUNNING
2024-02-16 08:00:00,GEN_M03,90.56,72.4,400.55,129.36,49.882,0.945,19.2,14699.8,RUNNING
2024-02-16 08:00:00,GEN_B01,86.37,69.1,399.38,123.38,50.019,0.941,20.5,9912.0,RUNNING
2024-02-16 08:00:00,GEN_B02,84.22,67.4,401.18,120.31,49.942,0.932,21.9,9974.9,RUNNING
2024-02-16 09:00:00,GEN_M01,85.79,68.6,400.05,122.56,49.982,0.893,21.5,9794.9,MAINTENANCE
2024-02-16 09:00:00,GEN_M02,74.3,59.4,400.3,106.15,49.995,0.946,21.6,13317.6,RUNNING
2024-02-16 09:00:00,GEN_M03,92.15,73.7,400.69,131.64,50.017,0.943,15.8,9703.8,RUNNING
2024-02-16 09:00:00,GEN_B01,79.59,63.7,400.12,113.71,50.03,0.88,24.5,9876.3,RUNNING
2024-02-16 09:00:00,GEN_B02,72.98,58.4,398.91,104.25,49.948,0.905,20.2,11905.1,RUNNING
2024-02-16 10:00:00,GEN_M01,72.15,57.7,401.24,103.07,49.981,0.939,20.7,9882.3,RUNNING
2024-02-16 10:00:00,GEN_M02,91.32,73.1,397.46,130.45,49.967,0.913,16.8,10942.8,MAINTENANCE
2024-02-16 10:00:00,GEN_M03,98.58,78.9,399.93,140.83,49.909,0.965,18.5,13741.5,RUNNING
2024-02-16 10:00:00,GEN_B01,68.09,54.5,401.04,97.27,50.012,0.953,17.7,11155.7,RUNNING
2024-02-16 10:00:00,GEN_B02,91.69,73.4,399.01,130.99,50.048,0.916,21.5,8356.0,RUNNING
2024-02-16 11:00:00,GEN_M01,80.22,64.2,401.48,114.59,49.924,0.899,18.3,8646.8,RUNNING
2024-02-16 11:00:00,GEN_M02,88.0,70.4,401.49,125.71,50.018,0.893,19.0,12789.2,RUNNING
2024-02-16 11:00:00,GEN_M03,81.88,65.5,399.59,116.97,49.972,0.893,18.2,14578.8,RUNNING
2024-02-16 11:00:00,GEN_B01,66.62,53.3,398.69,95.18,50.029,0.908,19.9,12600.7,RUNNING
2024-02-16 11:00:00,GEN_B02,68.12,54.5,400.97,97.31,50.008,0.892,19.0,11156.2,RUNNING
2024-02-16 12:00:00,GEN_M01,68.14,54.5,399.69,97.35,50.037,0.906,18.1,12899.1,RUNNING
2024-02-16 12:00:00,GEN_M02,107.45,86.0,399.81,153.5,50.018,0.898,15.2,12029.9,RUNNING
2024-02-16 12:00:00,GEN_M03,78.07,62.5,399.11,111.53,50.063,0.94,20.0,9793.3,RUNNING
2024-02-16 12:00:00,GEN_B01,84.98,68.0,399.85,121.41,50.051,0.935,22.1,10015.6,RUNNING
2024-02-16 12:00:00,GEN_B02,72.05,57.6,397.72,102.92,49.945,0.921,23.6,13725.4,RUNNING
2024-02-16 13:00:00,GEN_M01,81.7,65.4,399.97,116.71,49.987,0.92,20.9,9964.6,RUNNING
2024-02-16 13:00:00,GEN_M02,84.26,67.4,399.77,120.37,49.887,0.909,20.7,12305.2,RUNNING
2024-02-16 13:00:00,GEN_M03,90.31,72.2,399.97,129.01,49.966,0.897,18.3,12376.1,RUNNING
2024-02-16 13:00:00,GEN_B01,87.7,70.2,400.75,125.28,50.047,0.907,21.0,12131.3,RUNNING
2024-02-16 13:00:00,GEN_B02,95.03,76.0,398.16,135.75,50.011,0.954,18.6,12771.6,RUNNING
2024-02-16 14:00:00,GEN_M01,76.54,61.2,398.24,109.34,49.962,0.933,18.4,8567.1,RUNNING
2024-02-16 14:00:00,GEN_M02,88.96,71.2,400.09,127.09,49.982,0.924,16.9,9240.1,RUNNING
2024-02-16 14:00:00,GEN_M03,82.84,66.3,401.84,118.34,49.983,0.931,19.8,13562.5,RUNNING
2024-02-16 14:00:00,GEN_B01,99.29,79.4,398.92,141.84,49.992,0.919,17.9,10204.7,RUNNING
2024-02-16 14:00:00,GEN_B02,80.36,64.3,400.32,114.81,49.999,0.925,21.3,10410.0,RUNNING
2024-02-16 15:00:00,GEN_M01,69.97,56.0,401.38,99.96,50.038,0.943,19.6,11703.1,RUNNING
2024-02-16 15:00:00,GEN_M02,80.6,64.5,398.95,115.15,49.941,0.913,22.1,8584.8,RUNNING
2024-02-16 15:00:00,GEN_M03,76.69,61.4,399.15,109.56,50.061,0.896,19.9,14177.6,RUNNING
2024-02-16 15:00:00,GEN_B01,79.86,63.9,400.35,114.08,50.046,0.925,18.5,13510.8,RUNNING
2024-02-16 15:00:00,GEN_B02,79.96,64.0,400.58,114.23,50.032,0.887,19.7,13896.0,RUNNING
2024-02-16 16:00:00,GEN_M01,78.33,62.7,400.56,111.91,50.02,0.929,18.6,12388.8,RUNNING
2024-02-16 16:00:00,GEN_M02,73.33,58.7,398.78,104.75,49.955,0.943,17.7,9945.7,RUNNING
2024-02-16 16:00:00,GEN_M03,83.37,66.7,401.03,119.1,49.998,0.94,19.8,10136.1,RUNNING
2024-02-16 16:00:00,GEN_B01,69.28,55.4,400.76,98.97,49.976,0.915,20.0,10503.1,RUNNING
2024-02-16 16:00:00,GEN_B02,84.2,67.4,401.64,120.29,50.031,0.892,17.8,14473.1,MAINTENANCE
2024-02-16 17:00:00,GEN_M01,78.64,62.9,401.35,112.35,50.102,0.876,15.0,11743.2,RUNNING
2024-02-16 17:00:00,GEN_M02,81.07,64.9,397.39,115.81,50.016,0.938,18.3,10444.5,RUNNING
2024-02-16 17:00:00,GEN_M03,109.72,87.8,400.89,156.74,49.966,0.936,19.1,13333.7,RUNNING
2024-02-16 17:00:00,GEN_B01,89.27,71.4,399.04,127.53,49.935,0.924,19.7,13907.1,RUNNING
2024-02-16 17:00:00,GEN_B02,77.21,61.8,398.15,110.3,49.989,0.911,21.9,10563.5,RUNNING
2024-02-16 18:00:00,GEN_M01,66.64,53.3,401.18,95.2,50.004,0.933,18.9,12517.4,RUNNING
2024-02-16 18:00:00,GEN_M02,83.22,66.6,401.33,118.89,50.025,0.97,17.6,11069.3,RUNNING
2024-02-16 18:00:00,GEN_M03,70.93,56.7,400.58,101.32,50.01,0.931,17.2,9060.4,RUNNING
2024-02-16 18:00:00,GEN_B01,86.45,69.2,398.95,123.5,49.997,0.924,17.2,13329.1,RUNNING
2024-02-16 18:00:00,GEN_B02,96.82,77.5,399.65,138.32,49.956,0.946,17.2,12658.0,RUNNING
2024-02-16 19:00:00,GEN_M01,52.48,42.0,400.44,74.97,50.002,0.914,20.0,10440.1,RUNNING
2024-02-16 19:00:00,GEN_M02,69.93,55.9,400.31,99.9,50.036,0.914,17.1,12346.8,RUNNING
2024-02-16 19:00:00,GEN_M03,59.37,47.5,399.85,84.82,49.956,0.936,21.4,10212.0,RUNNING
2024-02-16 19:00:00,GEN_B01,55.85,44.7,400.96,79.78,49.968,0.886,22.2,10543.3,RUNNING
2024-02-16 19:00:00,GEN_B02,56.56,45.2,399.8,80.8,49.886,0.912,22.8,13574.9,RUNNING
2024-02-16 20:00:00,GEN_M01,54.92,43.9,397.0,78.46,50.004,0.913,18.5,13584.6,RUNNING
2024-02-16 20:00:00,GEN_M02,58.12,46.5,398.06,83.03,49.971,0.905,17.2,13020.9,RUNNING
2024-02-16 20:00:00,GEN_M03,57.36,45.9,400.0,81.95,49.941,0.904,23.1,12536.6,RUNNING
2024-02-16 20:00:00,GEN_B01,63.93,51.1,398.61,91.33,50.069,0.908,18.4,11220.6,RUNNING
2024-02-16 20:00:00,GEN_B02,52.44,42.0,401.59,74.91,49.97,0.91,23.6,14504.6,RUNNING
2024-02-16 21:00:00,GEN_M01,41.1,32.9,398.88,58.72,50.004,0.881,19.4,13200.8,RUNNING
2024-02-16 21:00:00,GEN_M02,56.66,45.3,399.97,80.94,49.997,0.964,17.6,11543.4,RUNNING
2024-02-16 21:00:00,GEN_M03,53.75,43.0,400.84,76.79,50.038,0.959,19.5,9349.7,RUNNING
2024-02-16 21:00:00,GEN_B01,42.34,33.9,398.67,60.49,50.045,0.91,20.5,12436.3,RUNNING
2024-02-16 21:00:00,GEN_B02,69.19,55.4,400.79,98.85,49.944,0.931,21.0,9994.9,RUNNING
2024-02-16 22:00:00,GEN_M01,67.94,54.3,402.22,97.05,49.997,0.94,18.5,13418.4,RUNNING
2024-02-16 22:00:00,GEN_M02,49.8,39.8,398.7,71.15,49.847,0.903,18.5,9799.3,RUNNING
2024-02-16 22:00:00,GEN_M03,47.34,37.9,400.31,67.63,49.955,0.944,16.3,14328.1,RUNNING
2024-02-16 22:00:00,GEN_B01,61.76,49.4,398.86,88.23,50.036,0.938,17.6,9870.4,RUNNING
2024-02-16 22:00:00,GEN_B02,53.32,42.7,401.15,76.16,49.902,0.876,17.3,11875.0,RUNNING
2024-02-16 23:00:00,GEN_M01,41.21,33.0,398.2,58.88,49.995,0.949,20.7,12546.4,RUNNING
2024-02-16 23:00:00,GEN_M02,55.39,44.3,398.38,79.13,50.001,0.939,17.8,10383.4,RUNNING
2024-02-16 23:00:00,GEN_M03,56.99,45.6,401.88,81.42,50.026,0.918,18.4,10563.4,RUNNING
2024-02-16 23:00:00,GEN_B01,59.8,47.8,398.15,85.42,49.976,0.919,17.6,11973.5,RUNNING
2024-02-16 23:00:00,GEN_B02,66.47,53.2,399.66,94.96,50.077,0.922,18.6,13126.0,RUNNING
2024-02-17 00:00:00,GEN_M01,62.36,49.9,398.21,89.09,50.021,0.919,17.0,10313.6,RUNNING
2024-02-17 00:00:00,GEN_M02,52.72,42.2,401.76,75.32,49.983,0.883,19.8,12915.8,RUNNING
2024-02-17 00:00:00,GEN_M03,63.77,51.0,402.58,91.1,49.935,0.923,17.9,8703.3,RUNNING
2024-02-17 00:00:00,GEN_B01,54.46,43.6,397.79,77.79,50.021,0.915,21.7,10717.2,RUNNING
2024-02-17 00:00:00,GEN_B02,59.36,47.5,400.28,84.81,49.982,0.912,17.3,9163.8,RUNNING
2024-02-17 01:00:00,GEN_M01,41.34,33.1,397.67,59.06,49.947,0.93,16.7,13964.1,RUNNING
2024-02-17 01:00:00,GEN_M02,48.55,38.8,399.08,69.35,50.048,0.929,19.4,12597.2,RUNNING
2024-02-17 01:00:00,GEN_M03,51.33,41.1,397.49,73.32,49.933,0.953,16.2,8289.5,RUNNING
2024-02-17 01:00:00,GEN_B01,48.63,38.9,398.4,69.48,49.941,0.938,22.7,13732.4,RUNNING
2024-02-17 01:00:00,GEN_B02,63.19,50.6,401.25,90.27,50.012,0.913,17.4,8690.3,RUNNING
2024-02-17 02:00:00,GEN_M01,56.96,45.6,400.59,81.37,49.892,0.938,21.1,8515.7,RUNNING
2024-02-17 02:00:00,GEN_M02,62.36,49.9,400.18,89.09,50.006,0.88,18.2,9319.2,RUNNING
2024-02-17 02:00:00,GEN_M03,55.06,44.0,400.99,78.66,49.96,0.938,17.9,12317.7,RUNNING
2024-02-17 02:00:00,GEN_B01,60.87,48.7,398.22,86.95,50.017,0.906,22.4,8727.3,RUNNING
2024-02-17 02:00:00,GEN_B02,80.85,64.7,402.12,115.5,50.022,0.867,20.2,10018.3,RUNNING
2024-02-17 03:00:00,GEN_M01,50.37,40.3,400.75,71.96,49.869,0.915,19.7,13432.0,RUNNING
2024-02-17 03:00:00,GEN_M02,60.69,48.6,400.34,86.7,49.916,0.933,18.6,14560.0,RUNNING
2024-02-17 03:00:00,GEN_M03,53.28,42.6,401.97,76.12,50.014,0.907,17.4,13100.0,RUNNING
2024-02-17 03:00:00,GEN_B01,58.41,46.7,398.19,83.44,49.947,0.905,19.0,8134.2,RUNNING
2024-02-17 03:00:00,GEN_B02,54.78,43.8,402.82,78.26,50.042,0.944,18.7,12010.4,RUNNING
2024-02-17 04:00:00,GEN_M01,59.32,47.5,401.21,84.75,49.951,0.934,19.4,11573.2,RUNNING
2024-02-17 04:00:00,GEN_M02,57.5,46.0,399.2,82.15,49.992,0.89,16.4,14248.0,RUNNING
2024-02-17 04:00:00,GEN_M03,61.91,49.5,400.41,88.45,49.995,0.912,18.1,8669.3,RUNNING
2024-02-17 04:00:00,GEN_B01,43.72,35.0,401.12,62.46,49.953,0.916,18.7,14074.5,RUNNING
2024-02-17 04:00:00,GEN_B02,56.48,45.2,399.99,80.68,49.975,0.897,19.5,12501.7,RUNNING
2024-02-17 05:00:00,GEN_M01,54.11,43.3,401.42,77.3,50.062,0.879,21.9,11807.0,RUNNING
2024-02-17 05:00:00,GEN_M02,59.32,47.5,400.03,84.74,49.946,0.949,20.8,10873.8,RUNNING
2024-02-17 05:00:00,GEN_M03,50.49,40.4,400.01,72.13,49.995,0.947,18.2,8525.2,RUNNING
2024-02-17 05:00:00,GEN_B01,59.69,47.8,398.92,85.28,49.981,0.912,17.3,12144.8,RUNNING
2024-02-17 05:00:00,GEN_B02,52.39,41.9,398.57,74.84,50.024,0.937,18.1,13044.7,RUNNING
2024-02-17 06:00:00,GEN_M01,103.41,82.7,399.3,147.72,50.013,0.896,20.0,10953.4,RUNNING
2024-02-17 06:00:00,GEN_M02,72.53,58.0,400.94,103.62,49.963,0.926,16.5,8293.1,RUNNING
2024-02-17 06:00:00,GEN_M03,88.73,71.0,399.47,126.76,50.016,0.927,21.3,13182.6,RUNNING
2024-02-17 06:00:00,GEN_B01,93.97,75.2,399.0,134.24,50.052,0.932,15.6,8313.1,RUNNING
2024-02-17 06:00:00,GEN_B02,89.14,71.3,401.19,127.34,50.005,0.91,15.0,8926.4,RUNNING
2024-02-17 07:00:00,GEN_M01,86.27,69.0,400.04,123.25,49.998,0.935,18.2,10106.6,RUNNING
2024-02-17 07:00:00,GEN_M02,67.33,53.9,400.68,96.18,50.028,0.953,16.8,10761.1,RUNNING
2024-02-17 07:00:00,GEN_M03,71.11,56.9,400.37,101.58,50.012,0.914,19.0,9129.0,RUNNING
2024-02-17 07:00:00,GEN_B01,89.9,71.9,400.54,128.43,49.986,0.913,19.5,8567.0,RUNNING
2024-02-17 07:00:00,GEN_B02,86.5,69.2,397.91,123.57,49.928,0.925,22.1,12687.0,RUNNING
2024-02-17 08:00:00,GEN_M01,81.01,64.8,399.57,115.73,49.94,0.904,20.2,8974.5,RUNNING
2024-02-17 08:00:00,GEN_M02,79.65,63.7,399.94,113.78,50.003,0.913,16.5,9710.4,RUNNING
2024-02-17 08:00:00,GEN_M03,71.72,57.4,401.32,102.45,50.115,0.902,16.7,14786.0,RUNNING
2024-02-17 08:00:00,GEN_B01,78.9,63.1,400.33,112.71,49.97,0.926,17.6,9606.6,RUNNING
2024-02-17 08:00:00,GEN_B02,83.97,67.2,399.62,119.95,49.984,0.915,15.4,8141.3,RUNNING
2024-02-17 09:00:00,GEN_M01,78.13,62.5,399.6,111.61,50.012,0.925,18.0,8705.3,RUNNING
2024-02-17 09:00:00,GEN_M02,82.4,65.9,401.62,117.72,50.076,0.894,17.8,13886.7,RUNNING
2024-02-17 09:00:00,GEN_M03,82.89,66.3,400.08,118.42,50.025,0.914,18.9,11971.9,RUNNING
2024-02-17 09:00:00,GEN_B01,90.57,72.5,399.82,129.38,50.041,0.934,18.5,14682.1,RUNNING
2024-02-17 09:00:00,GEN_B02,68.76,55.0,400.57,98.23,49.996,0.875,18.7,12571.8,RUNNING
2024-02-17 10:00:00,GEN_M01,78.81,63.0,399.99,112.58,49.959,0.911,19.3,12490.1,RUNNING
2024-02-17 10:00:00,GEN_M02,84.54,67.6,402.51,120.77,49.957,0.93,18.0,9502.2,RUNNING
2024-02-17 10:00:00,GEN_M03,81.19,65.0,401.36,115.99,49.958,0.926,17.7,14053.0,RUNNING
2024-02-17 10:00:00,GEN_B01,88.81,71.0,401.46,126.87,50.029,0.907,21.7,14609.9,RUNNING
2024-02-17 10:00:00,GEN_B02,73.39,58.7,398.15,104.85,50.0,0.905,16.7,12016.0,RUNNING
2024-02-17 11:00:00,GEN_M01,93.24,74.6,397.89,133.2,50.054,0.934,18.4,8211.0,RUNNING
2024-02-17 11:00:00,GEN_M02,89.36,71.5,398.86,127.65,49.963,0.929,20.2,14579.5,RUNNING
2024-02-17 11:00:00,GEN_M03,96.68,77.3,401.47,138.11,49.974,0.942,19.7,9463.1,RUNNING
2024-02-17 11:00:00,GEN_B01,77.06,61.6,399.45,110.08,50.044,0.938,19.4,11980.2,RUNNING
2024-02-17 11:00:00,GEN_B02,66.48,53.2,399.81,94.97,50.062,0.921,18.3,12923.5,RUNNING
2024-02-17 12:00:00,GEN_M01,67.71,54.2,400.63,96.72,49.919,0.913,17.4,8072.8,RUNNING
2024-02-17 12:00:00,GEN_M02,77.43,61.9,401.04,110.61,49.916,0.906,20.9,10580.4,RUNNING
2024-02-17 12:00:00,GEN_M03,70.27,56.2,398.96,100.39,50.029,0.92,19.9,8438.8,RUNNING
2024-02-17 12:00:00,GEN_B01,71.52,57.2,402.13,102.17,50.015,0.915,21.7,12915.3,RUNNING
2024-02-17 12:00:00,GEN_B02,89.48,71.6,398.97,127.82,50.023,0.896,17.3,10059.0,RUNNING
2024-02-17 13:00:00,GEN_M01,74.99,60.0,401.36,107.13,49.912,0.929,17.5,9350.7,RUNNING
2024-02-17 13:00:00,GEN_M02,83.83,67.1,400.39,119.76,49.981,0.904,20.9,9319.0,RUNNING
2024-02-17 13:00:00,GEN_M03,91.15,72.9,399.33,130.22,50.0,0.908,20.8,9257.2,RUNNING
2024-02-17 13:00:00,GEN_B01,78.26,62.6,400.4,111.81,50.019,0.898,17.7,12006.3,RUNNING
2024-02-17 13:00:00,GEN_B02,85.31,68.3,401.57,121.88,50.01,0.925,17.9,12722.2,RUNNING
2024-02-17 14:00:00,GEN_M01,81.74,65.4,399.86,116.77,50.007,0.902,19.9,8958.8,RUNNING
2024-02-17 14:00:00,GEN_M02,79.72,63.8,400.55,113.89,50.013,0.918,19.2,13178.1,RUNNING
2024-02-17 14:00:00,GEN_M03,82.23,65.8,401.77,117.46,49.94,0.914,19.3,12263.3,RUNNING
2024-02-17 14:00:00,GEN_B01,84.63,67.7,401.44,120.9,50.056,0.928,19.5,11566.1,RUNNING
2024-02-17 14:00:00,GEN_B02,83.37,66.7,397.32,119.1,50.023,0.895,16.8,13638.7,RUNNING
2024-02-17 15:00:00,GEN_M01,101.86,81.5,401.13,145.52,50.003,0.94,19.0,11906.2,RUNNING
2024-02-17 15:00:00,GEN_M02,87.94,70.4,399.39,125.63,49.985,0.926,18.7,9992.5,RUNNING
2024-02-17 15:00:00,GEN_M03,93.39,74.7,401.01,133.41,49.98,0.944,23.9,12735.5,RUNNING
2024-02-17 15:00:00,GEN_B01,76.48,61.2,401.63,109.26,49.914,0.924,20.3,12087.7,RUNNING
2024-02-17 15:00:00,GEN_B02,84.23,67.4,399.68,120.33,50.0,0.926,21.3,9369.4,RUNNING
2024-02-17 16:00:00,GEN_M01,83.39,66.7,399.45,119.13,49.993,0.856,19.4,8600.3,RUNNING
2024-02-17 16:00:00,GEN_M02,93.33,74.7,397.99,133.33,49.966,0.949,20.8,12406.4,RUNNING
2024-02-17 16:00:00,GEN_M03,76.33,61.1,400.08,109.04,49.986,0.928,19.8,10912.5,RUNNING
2024-02-17 16:00:00,GEN_B01,76.32,61.1,397.59,109.03,50.018,0.917,16.9,13049.4,RUNNING
2024-02-17 16:00:00,GEN_B02,84.79,67.8,401.13,121.13,50.02,0.9,20.0,12536.9,RUNNING
2024-02-17 17:00:00,GEN_M01,87.05,69.6,400.57,124.35,49.995,0.921,19.0,8164.8,RUNNING
2024-02-17 17:00:00,GEN_M02,83.02,66.4,399.37,118.61,50.042,0.934,20.2,12612.8,RUNNING
2024-02-17 17:00:00,GEN_M03,72.45,58.0,398.43,103.5,50.086,0.901,17.8,9200.3,RUNNING
2024-02-17 17:00:00,GEN_B01,66.01,52.8,400.35,94.31,50.004,0.958,17.4,13957.2,RUNNING
2024-02-17 17:00:00,GEN_B02,73.57,58.9,401.06,105.09,49.908,0.955,17.7,10125.5,RUNNING
2024-02-17 18:00:00,GEN_M01,89.55,71.6,398.07,127.93,49.97,0.947,21.6,12029.7,RUNNING
2024-02-17 18:00:00,GEN_M02,81.92,65.5,400.77,117.04,50.005,0.878,20.8,13578.9,RUNNING
2024-02-17 18:00:00,GEN_M03,68.85,55.1,400.78,98.36,50.01,0.881,16.6,14262.8,RUNNING
2024-02-17 18:00:00,GEN_B01,73.03,58.4,399.78,104.33,49.956,0.946,17.8,8494.0,RUNNING
2024-02-17 18:00:00,GEN_B02,69.69,55.7,402.72,99.55,49.991,0.912,16.4,10971.0,RUNNING
2024-02-17 19:00:00,GEN_M01,54.65,43.7,400.02,78.07,49.937,0.938,19.0,9271.9,RUNNING
2024-02-17 19:00:00,GEN_M02,50.97,40.8,400.4,72.82,50.045,0.906,16.9,10477.2,RUNNING
2024-02-17 19:00:00,GEN_M03,42.43,33.9,399.1,60.61,49.972,0.92,16.5,12202.0,RUNNING
2024-02-17 19:00:00,GEN_B01,68.71,55.0,399.12,98.15,50.033,0.931,21.8,13089.9,RUNNING
2024-02-17 19:00:00,GEN_B02,55.92,44.7,401.02,79.89,50.044,0.904,19.3,12886.8,RUNNING
2024-02-17 20:00:00,GEN_M01,62.87,50.3,396.12,89.81,50.03,0.925,22.0,9875.2,RUNNING
2024-02-17 20:00:00,GEN_M02,63.95,51.2,399.24,91.36,50.045,0.899,16.7,14714.0,RUNNING
2024-02-17 20:00:00,GEN_M03,58.07,46.5,399.71,82.95,50.029,0.898,18.9,9087.8,RUNNING
2024-02-17 20:00:00,GEN_B01,50.4,40.3,398.8,72.0,50.039,0.902,21.4,10017.0,RUNNING
2024-02-17 20:00:00,GEN_B02,66.81,53.5,399.17,95.45,49.959,0.929,21.2,8530.2,RUNNING
2024-02-17 21:00:00,GEN_M01,44.8,35.8,399.03,64.01,49.96,0.954,18.5,9962.4,RUNNING
2024-02-17 21:00:00,GEN_M02,49.68,39.7,401.45,70.97,49.931,0.934,20.7,11233.8,RUNNING
2024-02-17 21:00:00,GEN_M03,58.24,46.6,400.07,83.2,49.934,0.905,18.7,9572.4,RUNNING
2024-02-17 21:00:00,GEN_B01,52.36,41.9,400.46,74.8,50.089,0.937,18.7,14338.1,RUNNING
2024-02-17 21:00:00,GEN_B02,66.13,52.9,398.49,94.47,50.04,0.92,18.0,14348.7,RUNNING
2024-02-17 22:00:00,GEN_M01,61.73,49.4,400.97,88.18,49.991,0.911,17.2,13896.7,RUNNING
2024-02-17 22:00:00,GEN_M02,53.5,42.8,400.52,76.43,50.017,0.935,18.2,12560.9,RUNNING
2024-02-17 22:00:00,GEN_M03,52.76,42.2,400.18,75.37,49.945,0.907,21.9,9568.1,RUNNING
2024-02-17 22:00:00,GEN_B01,59.74,47.8,399.2,85.35,49.957,0.882,17.4,11333.0,RUNNING
2024-02-17 22:00:00,GEN_B02,58.14,46.5,397.96,83.06,49.933,0.909,20.3,14486.5,RUNNING
2024-02-17 23:00:00,GEN_M01,56.28,45.0,401.08,80.39,49.982,0.927,21.0,11756.9,RUNNING
2024-02-17 23:00:00,GEN_M02,55.78,44.6,400.74,79.69,49.961,0.905,21.8,11227.5,RUNNING
2024-02-17 23:00:00,GEN_M03,53.75,43.0,400.7,76.79,50.031,0.922,18.7,10756.0,RUNNING
2024-02-17 23:00:00,GEN_B01,51.71,41.4,400.93,73.87,49.988,0.967,20.3,12537.0,RUNNING
2024-02-17 23:00:00,GEN_B02,67.96,54.4,400.58,97.09,49.91,0.899,19.9,9360.8,RUNNING
2024-02-18 00:00:00,GEN_M01,54.58,43.7,399.81,77.98,50.014,0.878,19.1,8210.0,RUNNING
2024-02-18 00:00:00,GEN_M02,60.04,48.0,398.43,85.77,49.988,0.926,20.7,8495.0,MAINTENANCE
2024-02-18 00:00:00,GEN_M03,49.85,39.9,398.27,71.22,49.997,0.915,14.8,9675.9,RUNNING
2024-02-18 00:00:00,GEN_B01,56.11,44.9,399.75,80.16,50.032,0.905,19.1,11317.3,RUNNING
2024-02-18 00:00:00,GEN_B02,53.24,42.6,399.65,76.06,49.972,0.888,19.1,12738.2,MAINTENANCE
2024-02-18 01:00:00,GEN_M01,42.08,33.7,399.66,60.11,49.982,0.889,19.5,11629.2,RUNNING
2024-02-18 01:00:00,GEN_M02,58.38,46.7,402.07,83.41,49.971,0.946,18.5,14289.2,RUNNING
2024-02-18 01:00:00,GEN_M03,57.88,46.3,399.51,82.68,49.939,0.939,17.5,13907.7,RUNNING
2024-02-18 01:00:00,GEN_B01,57.79,46.2,398.88,82.55,50.049,0.912,21.0,12254.8,RUNNING
2024-02-18 01:00:00,GEN_B02,56.27,45.0,401.37,80.38,49.973,0.923,20.4,14321.1,MAINTENANCE
2024-02-18 02:00:00,GEN_M01,55.53,44.4,399.78,79.33,50.066,0.894,21.6,13205.8,RUNNING
2024-02-18 02:00:00,GEN_M02,66.74,53.4,400.93,95.34,49.952,0.941,17.1,9950.4,RUNNING
2024-02-18 02:00:00,GEN_M03,60.59,48.5,398.62,86.55,49.948,0.899,20.7,12879.1,RUNNING
2024-02-18 02:00:00,GEN_B01,47.15,37.7,397.46,67.36,49.974,0.897,19.9,8405.6,RUNNING
2024-02-18 02:00:00,GEN_B02,62.71,50.2,397.68,89.59,50.009,0.932,17.9,14754.1,RUNNING
2024-02-18 03:00:00,GEN_M01,49.1,39.3,398.65,70.14,50.062,0.911,18.3,11282.2,RUNNING
2024-02-18 03:00:00,GEN_M02,54.69,43.8,401.82,78.13,50.061,0.912,20.2,12304.1,RUNNING
2024-02-18 03:00:00,GEN_M03,58.54,46.8,400.89,83.63,50.021,0.939,17.0,8048.5,RUNNING
2024-02-18 03:00:00,GEN_B01,65.58,52.5,398.96,93.68,50.045,0.923,16.7,12078.8,RUNNING
2024-02-18 03:00:00,GEN_B02,39.55,31.6,397.98,56.49,50.055,0.916,20.5,10302.7,RUNNING
2024-02-18 04:00:00,GEN_M01,47.08,37.7,397.2,67.26,49.996,0.932,17.6,8523.9,RUNNING
2024-02-18 04:00:00,GEN_M02,46.14,36.9,396.53,65.92,50.036,0.884,20.1,8572.7,RUNNING
2024-02-18 04:00:00,GEN_M03,53.54,42.8,402.49,76.49,49.936,0.896,15.7,9271.4,RUNNING
2024-02-18 04:00:00,GEN_B01,69.71,55.8,399.65,99.59,49.916,0.905,18.5,13843.0,RUNNING
2024-02-18 04:00:00,GEN_B02,54.83,43.9,398.78,78.33,50.055,0.938,18.6,9662.6,RUNNING
2024-02-18 05:00:00,GEN_M01,62.17,49.7,400.09,88.81,49.985,0.929,21.0,8958.2,RUNNING
2024-02-18 05:00:00,GEN_M02,53.84,43.1,400.13,76.92,50.067,0.884,15.0,13550.1,RUNNING
2024-02-18 05:00:00,GEN_M03,57.21,45.8,398.35,81.74,49.971,0.944,17.3,10824.9,RUNNING
2024-02-18 05:00:00,GEN_B01,52.81,42.2,399.94,75.44,50.071,0.896,16.8,9243.0,RUNNING
2024-02-18 05:00:00,GEN_B02,55.15,44.1,399.5,78.79,49.921,0.907,18.8,14930.3,RUNNING
2024-02-18 06:00:00,GEN_M01,74.9,59.9,400.63,107.0,49.922,0.912,20.1,11694.9,RUNNING
2024-02-18 06:00:00,GEN_M02,76.25,61.0,398.83,108.92,49.981,0.927,16.6,12748.3,RUNNING
2024-02-18 06:00:00,GEN_M03,79.15,63.3,399.81,113.07,49.911,0.919,18.5,11838.4,RUNNING
2024-02-18 06:00:00,GEN_B01,75.48,60.4,400.02,107.82,49.981,0.935,19.4,11860.3,MAINTENANCE
2024-02-18 06:00:00,GEN_B02,69.63,55.7,398.57,99.47,50.036,0.903,18.2,14480.8,RUNNING
2024-02-18 07:00:00,GEN_M01,92.26,73.8,401.59,131.8,49.953,0.938,19.6,11534.0,RUNNING
2024-02-18 07:00:00,GEN_M02,75.79,60.6,398.66,108.27,49.968,0.916,16.0,8572.2,RUNNING
2024-02-18 07:00:00,GEN_M03,76.0,60.8,399.57,108.57,50.009,0.937,17.8,12270.9,RUNNING
2024-02-18 07:00:00,GEN_B01,85.55,68.4,399.53,122.22,50.045,0.902,19.4,12809.9,RUNNING
2024-02-18 07:00:00,GEN_B02,60.77,48.6,400.41,86.81,49.986,0.931,18.2,9069.0,RUNNING
2024-02-18 08:00:00,GEN_M01,87.39,69.9,400.56,124.84,49.991,0.918,17.9,8513.8,RUNNING
2024-02-18 08:00:00,GEN_M02,73.06,58.5,397.47,104.38,50.044,0.885,21.1,9199.9,RUNNING
2024-02-18 08:00:00,GEN_M03,86.91,69.5,397.85,124.16,50.068,0.936,18.6,13603.4,RUNNING
2024-02-18 08:00:00,GEN_B01,86.28,69.0,396.66,123.26,49.922,0.902,16.2,13269.2,MAINTENANCE
2024-02-18 08:00:00,GEN_B02,73.7,59.0,399.41,105.29,49.968,0.878,17.9,13804.2,RUNNING
2024-02-18 09:00:00,GEN_M01,83.17,66.5,398.96,118.82,50.07,0.915,18.3,14476.8,RUNNING
2024-02-18 09:00:00,GEN_M02,66.35,53.1,401.19,94.79,49.995,0.894,18.8,10361.1,RUNNING
2024-02-18 09:00:00,GEN_M03,76.43,61.1,402.96,109.18,50.024,0.95,16.1,12655.3,RUNNING
2024-02-18 09:00:00,GEN_B01,78.16,62.5,402.17,111.66,50.041,0.923,19.6,9263.3,RUNNING
2024-02-18 09:00:00,GEN_B02,79.53,63.6,398.95,113.61,49.982,0.899,19.8,9004.6,RUNNING
2024-02-18 10:00:00,GEN_M01,98.17,78.5,400.58,140.24,49.953,0.921,17.0,14730.3,RUNNING
2024-02-18 10:00:00,GEN_M02,84.15,67.3,397.9,120.21,49.952,0.894,15.1,14752.9,RUNNING
2024-02-18 10:00:00,GEN_M03,70.62,56.5,399.36,100.88,49.995,0.907,19.0,12161.0,RUNNING
2024-02-18 10:00:00,GEN_B01,86.13,68.9,397.9,123.04,49.966,0.931,21.6,12206.0,RUNNING
2024-02-18 10:00:00,GEN_B02,70.99,56.8,400.5,101.41,49.992,0.904,17.9,8579.1,RUNNING
2024-02-18 11:00:00,GEN_M01,78.35,62.7,398.37,111.92,50.049,0.911,18.8,14167.5,RUNNING
2024-02-18 11:00:00,GEN_M02,80.0,64.0,398.46,114.29,50.022,0.937,20.8,9214.5,RUNNING
2024-02-18 11:00:00,GEN_M03,72.95,58.4,400.71,104.22,49.954,0.919,19.2,13962.5,RUNNING
2024-02-18 11:00:00,GEN_B01,97.16,77.7,401.19,138.8,49.99,0.963,20.9,14907.8,RUNNING
2024-02-18 11:00:00,GEN_B02,91.55,73.2,400.59,130.78,50.03,0.934,17.9,14776.8,RUNNING
2024-02-18 12:00:00,GEN_M01,79.44,63.6,400.36,113.49,50.035,0.9,15.8,10462.3,RUNNING
2024-02-18 12:00:00,GEN_M02,80.34,64.3,402.23,114.77,50.008,0.909,18.2,14451.1,RUNNING
2024-02-18 12:00:00,GEN_M03,79.21,63.4,400.35,113.16,50.016,0.933,20.0,12688.1,RUNNING
2024-02-18 12:00:00,GEN_B01,78.3,62.6,399.33,111.86,50.026,0.946,18.5,11689.9,MAINTENANCE
2024-02-18 12:00:00,GEN_B02,69.43,55.5,400.33,99.19,49.999,0.913,18.4,12154.6,RUNNING
2024-02-18 13:00:00,GEN_M01,88.51,70.8,395.88,126.44,49.944,0.931,19.2,9555.6,RUNNING
2024-02-18 13:00:00,GEN_M02,68.86,55.1,400.29,98.37,50.019,0.9,17.8,12307.2,RUNNING
2024-02-18 13:00:00,GEN_M03,89.3,71.4,398.6,127.58,49.947,0.928,19.5,10467.0,RUNNING
2024-02-18 13:00:00,GEN_B01,88.12,70.5,398.63,125.89,49.997,0.901,19.8,10718.1,RUNNING
2024-02-18 13:00:00,GEN_B02,89.95,72.0,401.38,128.5,50.001,0.931,18.7,8857.6,RUNNING
2024-02-18 14:00:00,GEN_M01,82.44,66.0,400.47,117.77,50.081,0.885,21.0,9408.8,RUNNING
2024-02-18 14:00:00,GEN_M02,85.04,68.0,399.62,121.49,49.982,0.927,21.5,11870.0,RUNNING
2024-02-18 14:00:00,GEN_M03,100.29,80.2,400.62,143.28,49.989,0.898,20.6,12689.1,RUNNING
2024-02-18 14:00:00,GEN_B01,93.19,74.6,400.45,133.13,49.974,0.97,19.5,8777.0,RUNNING
2024-02-18 14:00:00,GEN_B02,92.46,74.0,399.97,132.08,50.071,0.934,18.7,12053.1,RUNNING
2024-02-18 15:00:00,GEN_M01,88.54,70.8,399.32,126.49,50.009,0.919,16.8,13566.7,RUNNING
2024-02-18 15:00:00,GEN_M02,89.71,71.8,403.54,128.15,49.999,0.944,16.1,14918.8,RUNNING
2024-02-18 15:00:00,GEN_M03,56.11,44.9,397.81,80.15,49.957,0.921,18.3,13641.8,RUNNING
2024-02-18 15:00:00,GEN_B01,98.94,79.2,399.27,141.34,49.948,0.943,16.9,14896.6,RUNNING
2024-02-18 15:00:00,GEN_B02,82.84,66.3,398.72,118.34,50.003,0.915,18.2,8742.9,MAINTENANCE
2024-02-18 16:00:00,GEN_M01,84.72,67.8,400.28,121.03,49.966,0.923,15.5,13553.6,RUNNING
2024-02-18 16:00:00,GEN_M02,90.3,72.2,402.32,129.0,50.062,0.902,15.3,10076.7,RUNNING
2024-02-18 16:00:00,GEN_M03,90.46,72.4,399.39,129.23,49.944,0.956,18.1,14937.5,RUNNING
2024-02-18 16:00:00,GEN_B01,71.52,57.2,399.1,102.17,49.982,0.931,18.0,13215.6,RUNNING
2024-02-18 16:00:00,GEN_B02,73.48,58.8,397.37,104.97,49.961,0.904,20.3,10260.9,RUNNING
2024-02-18 17:00:00,GEN_M01,70.21,56.2,402.99,100.3,50.009,0.92,14.2,12575.1,RUNNING
2024-02-18 17:00:00,GEN_M02,78.27,62.6,400.85,111.81,49.952,0.945,14.9,9492.1,RUNNING
2024-02-18 17:00:00,GEN_M03,73.49,58.8,399.84,104.98,49.99,0.91,16.3,11814.2,RUNNING
2024-02-18 17:00:00,GEN_B01,81.35,65.1,401.24,116.22,50.15,0.916,13.3,9430.3,RUNNING
2024-02-18 17:00:00,GEN_B02,73.14,58.5,402.25,104.49,49.966,0.907,19.7,8259.0,RUNNING
2024-02-18 18:00:00,GEN_M01,66.13,52.9,399.12,94.47,50.068,0.943,18.0,12233.2,RUNNING
2024-02-18 18:00:00,GEN_M02,95.22,76.2,401.99,136.03,50.017,0.895,17.0,9956.0,RUNNING
2024-02-18 18:00:00,GEN_M03,60.73,48.6,398.14,86.76,49.962,0.921,19.6,13066.8,RUNNING
2024-02-18 18:00:00,GEN_B01,79.37,63.5,397.77,113.39,50.023,0.907,15.7,9506.3,RUNNING
2024-02-18 18:00:00,GEN_B02,84.63,67.7,400.18,120.9,49.971,0.905,19.2,12775.6,RUNNING
2024-02-18 19:00:00,GEN_M01,55.03,44.0,400.76,78.61,50.049,0.896,21.0,13203.2,RUNNING
2024-02-18 19:00:00,GEN_M02,55.36,44.3,401.47,79.09,50.041,0.898,19.5,9929.6,RUNNING
2024-02-18 19:00:00,GEN_M03,56.34,45.1,400.2,80.48,49.911,0.928,15.4,8006.9,RUNNING
2024-02-18 19:00:00,GEN_B01,66.44,53.2,400.08,94.91,50.077,0.927,19.9,14764.4,RUNNING
2024-02-18 19:00:00,GEN_B02,49.78,39.8,402.94,71.11,49.945,0.892,19.0,10423.4,RUNNING
2024-02-18 20:00:00,GEN_M01,52.26,41.8,397.07,74.66,49.927,0.952,16.3,11986.3,RUNNING
2024-02-18 20:00:00,GEN_M02,56.18,44.9,401.84,80.26,49.979,0.915,21.3,13622.3,RUNNING
2024-02-18 20:00:00,GEN_M03,52.09,41.7,401.04,74.41,50.06,0.919,17.3,8365.3,RUNNING
2024-02-18 20:00:00,GEN_B01,61.28,49.0,398.27,87.54,49.969,0.9,17.1,13806.4,RUNNING
2024-02-18 20:00:00,GEN_B02,57.78,46.2,401.28,82.54,50.015,0.93,17.0,12802.8,RUNNING
2024-02-18 21:00:00,GEN_M01,52.35,41.9,401.08,74.79,50.055,0.911,18.4,13944.6,RUNNING
2024-02-18 21:00:00,GEN_M02,48.02,38.4,401.53,68.59,49.993,0.927,19.7,13661.0,RUNNING
2024-02-18 21:00:00,GEN_M03,66.74,53.4,399.1,95.34,50.017,0.925,17.7,11939.9,RUNNING
2024-02-18 21:00:00,GEN_B01,59.74,47.8,401.59,85.34,50.017,0.93,22.1,14614.6,RUNNING
2024-02-18 21:00:00,GEN_B02,54.01,43.2,401.19,77.15,50.063,0.918,19.0,11822.6,RUNNING
2024-02-18 22:00:00,GEN_M01,51.36,41.1,401.09,73.37,50.07,0.956,19.2,14951.5,RUNNING
2024-02-18 22:00:00,GEN_M02,53.52,42.8,400.3,76.46,50.137,0.942,21.2,8604.3,RUNNING
2024-02-18 22:00:00,GEN_M03,36.55,29.2,401.51,52.22,50.037,0.873,20.1,12937.5,RUNNING
2024-02-18 22:00:00,GEN_B01,46.81,37.5,401.64,66.88,49.948,0.924,18.7,13852.0,RUNNING
2024-02-18 22:00:00,GEN_B02,52.2,41.8,399.54,74.57,49.947,0.899,22.1,8866.4,RUNNING
2024-02-18 23:00:00,GEN_M01,51.58,41.3,401.33,73.69,49.839,0.911,17.2,10486.7,RUNNING
2024-02-18 23:00:00,GEN_M02,58.08,46.5,399.56,82.97,50.059,0.92,18.4,8597.7,RUNNING
2024-02-18 23:00:00,GEN_M03,69.8,55.8,398.55,99.71,50.097,0.926,20.2,11298.4,RUNNING
2024-02-18 23:00:00,GEN_B01,58.29,46.6,399.75,83.27,50.064,0.959,19.7,9705.6,RUNNING
2024-02-18 23:00:00,GEN_B02,39.05,31.2,400.78,55.78,50.026,0.934,13.6,14070.9,RUNNING
2024-02-19 00:00:00,GEN_M01,51.73,41.4,401.05,73.9,50.068,0.921,19.2,9024.0,RUNNING
2024-02-19 00:00:00,GEN_M02,54.65,43.7,398.21,78.07,50.038,0.891,18.5,12211.0,RUNNING
2024-02-19 00:00:00,GEN_M03,44.62,35.7,398.72,63.74,49.983,0.95,15.6,14128.0,RUNNING
2024-02-19 00:00:00,GEN_B01,55.42,44.3,401.9,79.17,50.054,0.92,19.7,13176.6,RUNNING
2024-02-19 00:00:00,GEN_B02,51.11,40.9,401.3,73.01,50.01,0.93,22.3,14064.6,RUNNING
2024-02-19 01:00:00,GEN_M01,57.59,46.1,400.75,82.27,49.988,0.959,17.9,13222.5,RUNNING
2024-02-19 01:00:00,GEN_M02,50.38,40.3,397.32,71.97,50.021,0.909,17.0,12626.0,RUNNING
2024-02-19 01:00:00,GEN_M03,64.38,51.5,400.88,91.96,49.967,0.891,15.8,9371.9,RUNNING
2024-02-19 01:00:00,GEN_B01,40.57,32.5,399.16,57.95,49.913,0.901,21.2,10458.9,RUNNING
2024-02-19 01:00:00,GEN_B02,50.84,40.7,401.47,72.63,49.978,0.925,15.9,12653.9,RUNNING
2024-02-19 02:00:00,GEN_M01,46.58,37.3,402.25,66.54,49.981,0.905,19.2,10468.2,MAINTENANCE
2024-02-19 02:00:00,GEN_M02,62.0,49.6,398.8,88.58,50.073,0.921,20.6,13284.3,RUNNING
2024-02-19 02:00:00,GEN_M03,62.02,49.6,398.99,88.59,50.135,0.904,18.6,13738.8,RUNNING
2024-02-19 02:00:00,GEN_B01,58.64,46.9,400.07,83.77,49.995,0.951,22.9,14341.7,RUNNING
2024-02-19 02:00:00,GEN_B02,57.71,46.2,401.09,82.44,49.98,0.883,20.5,11425.9,RUNNING
2024-02-19 03:00:00,GEN_M01,43.7,35.0,399.76,62.42,50.007,0.937,13.9,13839.1,RUNNING
2024-02-19 03:00:00,GEN_M02,59.35,47.5,399.84,84.79,49.957,0.925,18.0,10100.3,RUNNING
2024-02-19 03:00:00,GEN_M03,44.37,35.5,400.48,63.38,50.058,0.886,18.9,14219.7,RUNNING
2024-02-19 03:00:00,GEN_B01,69.38,55.5,399.11,99.12,50.101,0.936,18.5,12397.6,RUNNING
2024-02-19 03:00:00,GEN_B02,66.55,53.2,398.04,95.07,50.029,0.933,16.5,9768.7,RUNNING
2024-02-19 04:00:00,GEN_M01,52.63,42.1,399.45,75.19,49.987,0.919,21.5,10378.3,RUNNING
2024-02-19 04:00:00,GEN_M02,54.43,43.5,398.21,77.75,50.094,0.914,17.1,10464.2,RUNNING
2024-02-19 04:00:00,GEN_M03,62.62,50.1,399.14,89.45,49.98,0.891,20.0,10619.1,RUNNING
2024-02-19 04:00:00,GEN_B01,57.29,45.8,399.13,81.84,49.945,0.934,19.9,11684.8,RUNNING
2024-02-19 04:00:00,GEN_B02,53.15,42.5,402.86,75.92,50.015,0.905,17.9,14476.5,RUNNING
2024-02-19 05:00:00,GEN_M01,55.78,44.6,401.91,79.69,50.01,0.919,21.6,8928.8,RUNNING
2024-02-19 05:00:00,GEN_M02,63.6,50.9,400.74,90.86,50.086,0.931,18.2,11012.3,RUNNING
2024-02-19 05:00:00,GEN_M03,57.98,46.4,400.8,82.83,49.893,0.939,16.4,11906.2,RUNNING
2024-02-19 05:00:00,GEN_B01,52.25,41.8,397.34,74.65,50.041,0.917,18.6,13189.6,RUNNING
2024-02-19 05:00:00,GEN_B02,67.61,54.1,398.54,96.59,49.977,0.923,19.4,8712.5,RUNNING
2024-02-19 06:00:00,GEN_M01,78.43,62.7,403.48,112.04,49.984,0.906,18.7,12276.1,RUNNING
2024-02-19 06:00:00,GEN_M02,79.72,63.8,400.09,113.89,50.032,0.899,22.5,9130.2,RUNNING
2024-02-19 06:00:00,GEN_M03,85.98,68.8,400.34,122.83,49.958,0.937,18.7,10161.4,RUNNING
2024-02-19 06:00:00,GEN_B01,57.18,45.7,400.58,81.69,49.991,0.931,14.6,14401.7,RUNNING
2024-02-19 06:00:00,GEN_B02,101.25,81.0,401.46,144.64,50.069,0.93,19.3,8022.5,RUNNING
2024-02-19 07:00:00,GEN_M01,72.59,58.1,400.56,103.7,49.98,0.946,15.3,11400.4,RUNNING
2024-02-19 07:00:00,GEN_M02,69.66,55.7,398.59,99.51,49.957,0.919,17.9,11658.1,RUNNING
2024-02-19 07:00:00,GEN_M03,75.18,60.1,399.83,107.4,50.005,0.911,20.8,14062.9,RUNNING
2024-02-19 07:00:00,GEN_B01,107.49,86.0,399.09,153.56,49.962,0.927,18.4,10210.5,RUNNING
2024-02-19 07:00:00,GEN_B02,95.46,76.4,401.87,136.37,50.105,0.917,17.1,10402.7,RUNNING
2024-02-19 08:00:00,GEN_M01,72.81,58.3,400.62,104.02,49.991,0.925,16.6,11947.1,RUNNING
2024-02-19 08:00:00,GEN_M02,93.44,74.8,401.75,133.49,50.055,0.927,15.9,8318.5,RUNNING
2024-02-19 08:00:00,GEN_M03,67.29,53.8,401.13,96.14,50.101,0.912,19.2,11105.3,RUNNING
2024-02-19 08:00:00,GEN_B01,83.95,67.2,401.72,119.93,49.969,0.914,20.9,14646.5,RUNNING
2024-02-19 08:00:00,GEN_B02,76.0,60.8,402.21,108.57,50.003,0.919,16.8,8142.9,RUNNING
2024-02-19 09:00:00,GEN_M01,83.73,67.0,402.35,119.61,49.971,0.901,17.1,12590.6,RUNNING
2024-02-19 09:00:00,GEN_M02,73.03,58.4,399.63,104.33,50.012,0.938,20.0,13158.0,RUNNING
2024-02-19 09:00:00,GEN_M03,64.05,51.2,400.32,91.5,50.036,0.902,18.8,12874.3,RUNNING
2024-02-19 09:00:00,GEN_B01,83.63,66.9,401.75,119.48,49.97,0.933,19.6,10476.8,RUNNING
2024-02-19 09:00:00,GEN_B02,98.69,79.0,400.35,140.99,50.07,0.912,23.3,10387.3,RUNNING
2024-02-19 10:00:00,GEN_M01,84.48,67.6,402.85,120.69,49.989,0.898,17.4,11338.9,RUNNING
2024-02-19 10:00:00,GEN_M02,82.2,65.8,401.56,117.43,50.063,0.887,17.0,10986.8,RUNNING
2024-02-19 10:00:00,GEN_M03,75.94,60.8,402.76,108.49,49.981,0.952,19.7,13455.2,RUNNING
2024-02-19 10:00:00,GEN_B01,66.57,53.3,399.11,95.1,50.024,0.885,19.5,12259.0,RUNNING
2024-02-19 10:00:00,GEN_B02,74.95,60.0,402.75,107.07,50.007,0.938,18.0,11366.1,RUNNING
2024-02-19 11:00:00,GEN_M01,73.66,58.9,398.95,105.22,50.012,0.918,15.6,14216.9,RUNNING
2024-02-19 11:00:00,GEN_M02,69.29,55.4,396.73,98.99,49.981,0.935,16.7,13644.1,RUNNING
2024-02-19 11:00:00,GEN_M03,96.16,76.9,400.16,137.38,49.969,0.872,19.4,9399.1,RUNNING
2024-02-19 11:00:00,GEN_B01,93.48,74.8,402.08,133.55,49.953,0.969,18.5,10591.4,RUNNING
2024-02-19 11:00:00,GEN_B02,78.76,63.0,399.9,112.52,49.974,0.884,19.0,13285.9,RUNNING
2024-02-19 12:00:00,GEN_M01,72.45,58.0,398.42,103.5,49.996,0.905,15.2,13314.2,RUNNING
2024-02-19 12:00:00,GEN_M02,78.45,62.8,403.33,112.07,49.981,0.914,19.6,12244.6,RUNNING
2024-02-19 12:00:00,GEN_M03,71.83,57.5,400.59,102.62,49.91,0.907,19.7,12298.4,RUNNING
2024-02-19 12:00:00,GEN_B01,83.15,66.5,398.94,118.79,50.04,0.871,17.5,13070.2,RUNNING
2024-02-19 12:00:00,GEN_B02,84.22,67.4,398.2,120.31,50.042,0.922,17.1,12924.0,RUNNING
2024-02-19 13:00:00,GEN_M01,79.06,63.3,400.25,112.95,50.004,0.894,19.4,12877.4,RUNNING
2024-02-19 13:00:00,GEN_M02,86.84,69.5,399.12,124.06,50.038,0.913,19.4,9865.2,RUNNING
2024-02-19 13:00:00,GEN_M03,94.27,75.4,401.27,134.66,49.998,0.921,18.3,13369.0,RUNNING
2024-02-19 13:00:00,GEN_B01,80.54,64.4,400.19,115.06,50.008,0.967,17.1,12407.9,RUNNING
2024-02-19 13:00:00,GEN_B02,75.14,60.1,398.39,107.34,49.928,0.905,16.6,9760.5,RUNNING
2024-02-19 14:00:00,GEN_M01,78.75,63.0,400.74,112.5,49.972,0.912,13.9,8863.1,RUNNING
2024-02-19 14:00:00,GEN_M02,87.12,69.7,402.32,124.46,49.949,0.935,19.5,12819.9,RUNNING
2024-02-19 14:00:00,GEN_M03,74.13,59.3,401.72,105.9,50.036,0.906,17.1,8266.1,RUNNING
2024-02-19 14:00:00,GEN_B01,82.52,66.0,397.61,117.89,50.009,0.913,17.2,12980.5,RUNNING
2024-02-19 14:00:00,GEN_B02,72.13,57.7,401.62,103.04,49.987,0.905,18.9,13933.0,RUNNING
2024-02-19 15:00:00,GEN_M01,84.23,67.4,399.31,120.32,50.01,0.895,22.4,12325.5,RUNNING
2024-02-19 15:00:00,GEN_M02,79.46,63.6,399.48,113.52,50.012,0.901,17.4,9565.2,RUNNING
2024-02-19 15:00:00,GEN_M03,78.18,62.5,399.01,111.68,50.078,0.903,16.5,8835.9,RUNNING
2024-02-19 15:00:00,GEN_B01,73.49,58.8,401.01,104.98,49.934,0.938,15.7,14293.3,RUNNING
2024-02-19 15:00:00,GEN_B02,85.93,68.7,400.72,122.76,49.944,0.95,24.8,12634.3,RUNNING
2024-02-19 16:00:00,GEN_M01,76.19,61.0,400.0,108.84,50.133,0.914,21.2,13973.6,RUNNING
2024-02-19 16:00:00,GEN_M02,111.27,89.0,398.82,158.95,50.048,0.914,22.0,13173.4,RUNNING
2024-02-19 16:00:00,GEN_M03,86.97,69.6,399.14,124.25,50.006,0.873,19.7,11689.3,RUNNING
2024-02-19 16:00:00,GEN_B01,91.15,72.9,401.11,130.22,49.962,0.924,15.4,8037.6,RUNNING
2024-02-19 16:00:00,GEN_B02,88.11,70.5,401.62,125.86,50.007,0.923,19.7,8411.1,RUNNING
2024-02-19 17:00:00,GEN_M01,88.62,70.9,398.31,126.6,49.996,0.892,19.5,9439.4,RUNNING
2024-02-19 17:00:00,GEN_M02,71.41,57.1,401.53,102.01,50.066,0.916,20.8,11968.0,RUNNING
2024-02-19 17:00:00,GEN_M03,76.91,61.5,396.18,109.88,50.038,0.932,18.9,14463.4,RUNNING
2024-02-19 17:00:00,GEN_B01,87.27,69.8,399.67,124.67,49.95,0.949,17.2,13131.2,RUNNING
2024-02-19 17:00:00,GEN_B02,91.02,72.8,398.97,130.03,50.006,0.937,19.2,12168.4,RUNNING
2024-02-19 18:00:00,GEN_M01,82.19,65.8,400.84,117.42,49.991,0.908,18.1,11534.0,RUNNING
2024-02-19 18:00:00,GEN_M02,71.99,57.6,398.68,102.85,50.015,0.914,15.3,11141.4,RUNNING
2024-02-19 18:00:00,GEN_M03,103.64,82.9,401.36,148.05,50.072,0.928,21.4,9711.6,RUNNING
2024-02-19 18:00:00,GEN_B01,64.22,51.4,399.88,91.74,49.954,0.939,17.6,14441.4,RUNNING
2024-02-19 18:00:00,GEN_B02,81.16,64.9,398.67,115.94,49.941,0.917,18.9,10557.5,RUNNING
2024-02-19 19:00:00,GEN_M01,49.0,39.2,400.45,70.01,50.003,0.909,23.3,10576.7,RUNNING
2024-02-19 19:00:00,GEN_M02,58.5,46.8,401.0,83.58,50.062,0.931,20.3,8073.5,RUNNING
2024-02-19 19:00:00,GEN_M03,49.12,39.3,400.32,70.16,50.011,0.959,14.5,14717.7,RUNNING
2024-02-19 19:00:00,GEN_B01,62.08,49.7,401.27,88.68,49.959,0.9,19.7,8025.5,RUNNING
2024-02-19 19:00:00,GEN_B02,54.15,43.3,399.94,77.35,49.967,0.926,14.3,8928.6,RUNNING
2024-02-19 20:00:00,GEN_M01,66.08,52.9,401.29,94.4,50.009,0.929,18.8,12586.7,RUNNING
2024-02-19 20:00:00,GEN_M02,46.04,36.8,400.43,65.78,50.05,0.913,18.6,9237.5,RUNNING
2024-02-19 20:00:00,GEN_M03,44.38,35.5,400.23,63.4,49.998,0.946,17.9,9752.8,RUNNING
2024-02-19 20:00:00,GEN_B01,49.05,39.2,397.71,70.07,50.037,0.901,19.5,12761.9,RUNNING
2024-02-19 20:00:00,GEN_B02,65.49,52.4,398.03,93.56,50.101,0.916,18.9,10516.0,RUNNING
2024-02-19 21:00:00,GEN_M01,58.11,46.5,399.9,83.01,50.007,0.894,17.3,11850.4,RUNNING
2024-02-19 21:00:00,GEN_M02,68.75,55.0,399.6,98.22,49.99,0.94,20.6,12111.6,RUNNING
2024-02-19 21:00:00,GEN_M03,58.38,46.7,403.72,83.4,50.021,0.907,16.6,11731.3,RUNNING
2024-02-19 21:00:00,GEN_B01,44.62,35.7,402.9,63.75,49.943,0.935,19.3,11647.1,RUNNING
2024-02-19 21:00:00,GEN_B02,50.16,40.1,401.81,71.66,50.031,0.904,18.6,10930.7,RUNNING
2024-02-19 22:00:00,GEN_M01,58.32,46.7,397.77,83.31,49.943,0.919,17.0,12746.3,RUNNING
2024-02-19 22:00:00,GEN_M02,58.87,47.1,399.34,84.1,50.052,0.908,19.2,12253.5,RUNNING
2024-02-19 22:00:00,GEN_M03,66.18,52.9,402.94,94.54,50.029,0.929,17.0,10242.7,RUNNING
2024-02-19 22:00:00,GEN_B01,52.37,41.9,398.9,74.82,49.935,0.937,17.9,14162.2,RUNNING
2024-02-19 22:00:00,GEN_B02,54.16,43.3,400.12,77.38,49.976,0.907,20.6,12767.8,RUNNING
2024-02-19 23:00:00,GEN_M01,41.38,33.1,399.5,59.11,49.967,0.886,24.5,12972.6,RUNNING
2024-02-19 23:00:00,GEN_M02,67.89,54.3,401.07,96.98,49.974,0.947,16.8,11340.1,RUNNING
2024-02-19 23:00:00,GEN_M03,60.27,48.2,398.26,86.1,49.945,0.907,14.7,13314.2,RUNNING
2024-02-19 23:00:00,GEN_B01,57.11,45.7,400.5,81.58,49.938,0.921,18.6,14302.1,RUNNING
2024-02-19 23:00:00,GEN_B02,67.01,53.6,400.74,95.73,50.02,0.937,18.3,14721.9,RUNNING
2024-02-20 00:00:00,GEN_M01,58.4,46.7,400.76,83.43,50.033,0.929,20.1,9037.2,RUNNING
2024-02-20 00:00:00,GEN_M02,48.7,39.0,399.47,69.57,50.078,0.917,16.1,10217.3,RUNNING
2024-02-20 00:00:00,GEN_M03,57.7,46.2,395.99,82.43,50.015,0.887,18.6,11924.8,RUNNING
2024-02-20 00:00:00,GEN_B01,50.81,40.6,399.2,72.59,49.979,0.923,17.6,12716.3,RUNNING
2024-02-20 00:00:00,GEN_B02,47.64,38.1,401.49,68.06,49.978,0.921,15.0,12073.1,RUNNING
2024-02-20 01:00:00,GEN_M01,61.16,48.9,402.46,87.37,49.974,0.911,19.8,12610.5,RUNNING
2024-02-20 01:00:00,GEN_M02,55.22,44.2,397.48,78.89,49.929,0.887,21.6,9582.9,RUNNING
2024-02-20 01:00:00,GEN_M03,65.26,52.2,399.96,93.23,49.89,0.924,18.2,8168.4,RUNNING
2024-02-20 01:00:00,GEN_B01,47.42,37.9,398.28,67.74,50.011,0.946,19.9,10981.2,RUNNING
2024-02-20 01:00:00,GEN_B02,63.56,50.8,399.34,90.8,49.989,0.914,15.5,12005.5,RUNNING
2024-02-20 02:00:00,GEN_M01,47.39,37.9,400.22,67.7,50.049,0.939,21.6,14199.0,RUNNING
2024-02-20 02:00:00,GEN_M02,71.83,57.5,399.41,102.62,49.981,0.95,18.8,10466.1,RUNNING
2024-02-20 02:00:00,GEN_M03,58.03,46.4,401.45,82.9,49.933,0.919,18.2,12872.1,RUNNING
2024-02-20 02:00:00,GEN_B01,54.85,43.9,399.8,78.35,49.959,0.913,18.3,12944.6,RUNNING
2024-02-20 02:00:00,GEN_B02,64.0,51.2,400.65,91.42,49.983,0.911,21.8,8754.2,RUNNING
2024-02-20 03:00:00,GEN_M01,59.93,47.9,399.74,85.61,49.987,0.943,18.9,13521.4,RUNNING
2024-02-20 03:00:00,GEN_M02,57.62,46.1,398.82,82.31,49.992,0.93,17.7,10247.6,RUNNING
2024-02-20 03:00:00,GEN_M03,53.42,42.7,398.07,76.32,50.028,0.915,18.2,12175.7,RUNNING
2024-02-20 03:00:00,GEN_B01,56.88,45.5,400.61,81.26,50.05,0.903,20.9,14573.1,RUNNING
2024-02-20 03:00:00,GEN_B02,59.71,47.8,397.68,85.3,50.075,0.897,19.5,14956.2,RUNNING
2024-02-20 04:00:00,GEN_M01,46.51,37.2,400.71,66.44,49.918,0.91,12.8,8492.8,RUNNING
2024-02-20 04:00:00,GEN_M02,62.53,50.0,399.84,89.33,50.043,0.934,15.3,11013.6,RUNNING
2024-02-20 04:00:00,GEN_M03,46.37,37.1,400.32,66.25,50.0,0.905,19.1,12717.3,RUNNING
2024-02-20 04:00:00,GEN_B01,36.35,29.1,401.45,51.93,50.017,0.935,19.0,11580.9,RUNNING
2024-02-20 04:00:00,GEN_B02,56.46,45.2,399.02,80.65,49.969,0.918,12.6,9915.3,RUNNING
2024-02-20 05:00:00,GEN_M01,49.27,39.4,398.56,70.39,49.97,0.906,20.7,13643.2,RUNNING
2024-02-20 05:00:00,GEN_M02,53.8,43.0,398.89,76.85,49.987,0.924,17.9,9200.5,RUNNING
2024-02-20 05:00:00,GEN_M03,54.64,43.7,401.52,78.05,50.014,0.897,18.2,8290.5,RUNNING
2024-02-20 05:00:00,GEN_B01,60.16,48.1,401.7,85.94,49.963,0.916,18.7,9561.9,RUNNING
2024-02-20 05:00:00,GEN_B02,48.27,38.6,399.92,68.96,50.008,0.936,19.1,9235.6,RUNNING
2024-02-20 06:00:00,GEN_M01,75.69,60.6,399.51,108.13,49.99,0.952,18.3,10291.2,RUNNING
2024-02-20 06:00:00,GEN_M02,82.25,65.8,404.28,117.51,50.067,0.911,20.0,11511.5,RUNNING
2024-02-20 06:00:00,GEN_M03,84.32,67.5,399.56,120.45,49.888,0.936,17.9,14305.2,RUNNING
2024-02-20 06:00:00,GEN_B01,78.28,62.6,400.4,111.83,50.06,0.928,17.6,9327.2,RUNNING
2024-02-20 06:00:00,GEN_B02,83.26,66.6,400.31,118.94,50.034,0.922,16.8,14321.5,RUNNING
2024-02-20 07:00:00,GEN_M01,77.01,61.6,398.78,110.01,49.92,0.921,16.3,13066.5,RUNNING
2024-02-20 07:00:00,GEN_M02,96.74,77.4,400.38,138.2,49.98,0.953,17.1,8452.6,RUNNING
2024-02-20 07:00:00,GEN_M03,94.28,75.4,397.85,134.69,49.907,0.891,11.6,10959.6,RUNNING
2024-02-20 07:00:00,GEN_B01,70.64,56.5,403.9,100.92,49.997,0.94,16.6,13384.0,RUNNING
2024-02-20 07:00:00,GEN_B02,83.0,66.4,402.3,118.58,50.02,0.918,14.5,11197.6,RUNNING
2024-02-20 08:00:00,GEN_M01,79.81,63.8,401.61,114.01,50.041,0.926,17.8,9080.9,RUNNING
2024-02-20 08:00:00,GEN_M02,70.73,56.6,397.64,101.05,50.08,0.946,20.8,10379.2,RUNNING
2024-02-20 08:00:00,GEN_M03,74.13,59.3,402.12,105.89,50.059,0.911,19.3,8152.6,RUNNING
2024-02-20 08:00:00,GEN_B01,93.8,75.0,399.72,134.0,50.0,0.951,20.8,14995.8,RUNNING
2024-02-20 08:00:00,GEN_B02,91.83,73.5,403.88,131.19,50.027,0.927,20.9,11151.0,RUNNING
2024-02-20 09:00:00,GEN_M01,94.83,75.9,398.47,135.47,50.017,0.938,18.1,14808.3,RUNNING
2024-02-20 09:00:00,GEN_M02,71.76,57.4,399.32,102.52,49.973,0.943,20.7,12372.1,RUNNING
2024-02-20 09:00:00,GEN_M03,75.0,60.0,401.8,107.14,50.042,0.885,18.2,12257.3,RUNNING
2024-02-20 09:00:00,GEN_B01,91.59,73.3,399.63,130.84,49.976,0.924,20.6,10299.7,RUNNING
2024-02-20 09:00:00,GEN_B02,90.45,72.4,397.76,129.21,50.032,0.912,17.4,13098.0,RUNNING
2024-02-20 10:00:00,GEN_M01,87.23,69.8,401.25,124.62,50.071,0.888,19.1,8421.8,RUNNING
2024-02-20 10:00:00,GEN_M02,75.59,60.5,398.53,107.99,49.987,0.889,18.0,10204.9,RUNNING
2024-02-20 10:00:00,GEN_M03,83.26,66.6,400.84,118.94,49.877,0.929,18.6,9258.0,RUNNING
2024-02-20 10:00:00,GEN_B01,78.5,62.8,401.95,112.14,50.009,0.906,19.3,13369.6,RUNNING
2024-02-20 10:00:00,GEN_B02,86.95,69.6,399.94,124.21,50.01,0.919,19.2,12621.6,RUNNING
2024-02-20 11:00:00,GEN_M01,77.44,62.0,401.68,110.63,50.014,0.932,21.0,11275.4,RUNNING
2024-02-20 11:00:00,GEN_M02,84.68,67.7,400.64,120.97,49.952,0.903,15.3,9249.1,RUNNING
2024-02-20 11:00:00,GEN_M03,75.96,60.8,400.27,108.51,50.096,0.926,20.2,9264.8,RUNNING
2024-02-20 11:00:00,GEN_B01,69.43,55.5,398.36,99.19,50.032,0.954,19.7,12853.5,RUNNING
2024-02-20 11:00:00,GEN_B02,90.71,72.6,399.83,129.58,49.972,0.894,17.7,14073.0,RUNNING
2024-02-20 12:00:00,GEN_M01,68.36,54.7,401.83,97.66,50.02,0.928,21.3,9493.2,RUNNING
2024-02-20 12:00:00,GEN_M02,79.39,63.5,399.3,113.41,50.002,0.923,18.5,11884.0,RUNNING
2024-02-20 12:00:00,GEN_M03,79.16,63.3,398.93,113.08,49.973,0.938,18.3,9482.3,RUNNING
2024-02-20 12:00:00,GEN_B01,76.31,61.0,401.69,109.01,50.007,0.914,17.0,14927.2,RUNNING
2024-02-20 12:00:00,GEN_B02,73.78,59.0,402.01,105.4,50.049,0.928,15.7,11149.0,RUNNING
2024-02-20 13:00:00,GEN_M01,90.44,72.4,400.99,129.2,49.927,0.921,16.2,14293.9,RUNNING
2024-02-20 13:00:00,GEN_M02,76.43,61.1,398.88,109.18,50.035,0.907,20.9,11435.7,RUNNING
2024-02-20 13:00:00,GEN_M03,86.73,69.4,400.17,123.91,50.059,0.919,21.1,12550.7,RUNNING
2024-02-20 13:00:00,GEN_B01,87.43,69.9,400.78,124.91,49.953,0.896,14.6,11852.8,RUNNING
2024-02-20 13:00:00,GEN_B02,86.64,69.3,398.99,123.77,49.979,0.924,15.7,13828.7,RUNNING
2024-02-20 14:00:00,GEN_M01,80.53,64.4,401.5,115.04,50.017,0.938,19.4,11535.5,RUNNING
2024-02-20 14:00:00,GEN_M02,78.55,62.8,402.64,112.22,50.004,0.907,19.8,12535.7,RUNNING
2024-02-20 14:00:00,GEN_M03,82.79,66.2,399.88,118.26,50.047,0.95,22.0,13832.6,RUNNING
2024-02-20 14:00:00,GEN_B01,82.23,65.8,398.78,117.48,50.067,0.926,17.7,12099.5,RUNNING
2024-02-20 14:00:00,GEN_B02,86.34,69.1,401.07,123.34,50.02,0.953,15.3,9683.7,RUNNING
2024-02-20 15:00:00,GEN_M01,79.06,63.2,399.93,112.94,50.007,0.926,21.2,11093.9,RUNNING
2024-02-20 15:00:00,GEN_M02,86.2,69.0,399.96,123.14,50.029,0.942,18.5,11031.6,RUNNING
2024-02-20 15:00:00,GEN_M03,86.57,69.3,398.5,123.67,50.099,0.916,18.4,8814.9,RUNNING
2024-02-20 15:00:00,GEN_B01,78.28,62.6,401.66,111.83,49.965,0.944,19.7,10810.3,RUNNING
2024-02-20 15:00:00,GEN_B02,78.22,62.6,400.06,111.74,49.944,0.892,19.9,14789.9,RUNNING
2024-02-20 16:00:00,GEN_M01,73.82,59.1,397.09,105.46,50.017,0.925,20.4,14914.3,RUNNING
2024-02-20 16:00:00,GEN_M02,64.43,51.5,398.8,92.04,50.003,0.949,16.9,10693.4,RUNNING
2024-02-20 16:00:00,GEN_M03,72.96,58.4,399.43,104.22,49.955,0.919,15.3,9329.5,RUNNING
2024-02-20 16:00:00,GEN_B01,81.27,65.0,399.23,116.1,50.072,0.93,17.1,13735.4,RUNNING
2024-02-20 16:00:00,GEN_B02,90.49,72.4,400.88,129.26,50.01,0.908,21.3,8652.8,RUNNING
2024-02-20 17:00:00,GEN_M01,73.01,58.4,399.83,104.3,49.932,0.878,20.2,11138.5,RUNNING
2024-02-20 17:00:00,GEN_M02,74.39,59.5,398.19,106.27,50.027,0.956,20.9,14221.0,RUNNING
2024-02-20 17:00:00,GEN_M03,102.39,81.9,399.98,146.27,49.98,0.92,17.6,10468.1,RUNNING
2024-02-20 17:00:00,GEN_B01,87.73,70.2,402.05,125.33,50.066,0.912,18.1,13167.3,RUNNING
2024-02-20 17:00:00,GEN_B02,80.14,64.1,401.33,114.49,50.082,0.925,13.5,12989.5,RUNNING
2024-02-20 18:00:00,GEN_M01,83.47,66.8,400.02,119.24,49.997,0.907,20.1,10994.1,RUNNING
2024-02-20 18:00:00,GEN_M02,82.98,66.4,400.48,118.54,50.074,0.953,19.7,10126.2,RUNNING
2024-02-20 18:00:00,GEN_M03,76.05,60.8,399.4,108.65,50.017,0.903,17.5,12990.0,RUNNING
2024-02-20 18:00:00,GEN_B01,74.14,59.3,399.64,105.92,49.958,0.888,18.3,13276.7,MAINTENANCE
2024-02-20 18:00:00,GEN_B02,97.57,78.1,404.07,139.38,50.039,0.957,17.9,8425.3,RUNNING
2024-02-20 19:00:00,GEN_M01,63.7,51.0,401.68,91.0,50.013,0.932,16.5,12650.2,RUNNING
2024-02-20 19:00:00,GEN_M02,52.71,42.2,399.7,75.3,50.005,0.934,20.5,9918.6,RUNNING
2024-02-20 19:00:00,GEN_M03,55.81,44.6,401.56,79.73,50.063,0.883,14.8,12351.1,RUNNING
2024-02-20 19:00:00,GEN_B01,57.99,46.4,399.36,82.84,49.948,0.916,18.5,14687.6,RUNNING
2024-02-20 19:00:00,GEN_B02,63.56,50.8,399.13,90.8,50.015,0.94,22.0,9212.8,RUNNING
2024-02-20 20:00:00,GEN_M01,49.25,39.4,402.81,70.36,49.983,0.941,18.8,10965.9,RUNNING
2024-02-20 20:00:00,GEN_M02,55.19,44.2,397.78,78.84,49.965,0.906,18.6,9959.3,RUNNING
2024-02-20 20:00:00,GEN_M03,54.25,43.4,399.89,77.5,50.023,0.889,16.1,11587.1,RUNNING
2024-02-20 20:00:00,GEN_B01,51.49,41.2,397.9,73.55,50.011,0.922,14.8,14144.8,RUNNING
2024-02-20 20:00:00,GEN_B02,51.84,41.5,403.93,74.06,49.987,0.937,22.8,8311.4,RUNNING
2024-02-20 21:00:00,GEN_M01,63.17,50.5,399.04,90.25,50.097,0.919,20.6,11516.2,RUNNING
2024-02-20 21:00:00,GEN_M02,55.2,44.2,398.22,78.86,49.901,0.916,19.0,13423.9,RUNNING
2024-02-20 21:00:00,GEN_M03,49.65,39.7,402.22,70.92,50.0,0.891,18.5,13909.8,RUNNING
2024-02-20 21:00:00,GEN_B01,42.12,33.7,400.86,60.17,50.133,0.944,18.3,10218.1,RUNNING
2024-02-20 21:00:00,GEN_B02,57.24,45.8,400.98,81.78,50.008,0.926,16.4,8373.1,RUNNING
2024-02-20 22:00:00,GEN_M01,56.51,45.2,400.15,80.72,49.947,0.915,18.4,14492.0,RUNNING
2024-02-20 22:00:00,GEN_M02,46.92,37.5,401.79,67.03,49.991,0.932,17.2,8279.8,RUNNING
2024-02-20 22:00:00,GEN_M03,48.69,38.9,400.27,69.55,50.029,0.922,17.7,8447.0,RUNNING
2024-02-20 22:00:00,GEN_B01,61.12,48.9,401.3,87.32,49.944,0.94,15.4,8260.6,RUNNING
2024-02-20 22:00:00,GEN_B02,60.02,48.0,401.11,85.74,50.05,0.945,14.7,14479.8,RUNNING
2024-02-20 23:00:00,GEN_M01,50.49,40.4,400.61,72.12,49.979,0.94,19.9,14941.9,RUNNING
2024-02-20 23:00:00,GEN_M02,63.7,51.0,398.82,91.01,49.964,0.947,18.2,8052.3,RUNNING
2024-02-20 23:00:00,GEN_M03,63.38,50.7,399.87,90.54,49.94,0.923,14.9,10265.2,RUNNING
2024-02-20 23:00:00,GEN_B01,58.04,46.4,400.33,82.91,49.974,0.92,20.5,11455.8,RUNNING
2024-02-20 23:00:00,GEN_B02,63.43,50.7,400.77,90.61,49.94,0.933,20.8,9988.5,RUNNING
2024-02-21 00:00:00,GEN_M01,39.23,31.4,399.85,56.05,50.05,0.902,16.2,11526.7,RUNNING
2024-02-21 00:00:00,GEN_M02,60.41,48.3,403.15,86.3,49.905,0.92,17.5,8339.0,RUNNING
2024-02-21 00:00:00,GEN_M03,42.01,33.6,397.45,60.02,50.115,0.913,17.2,8962.7,RUNNING
2024-02-21 00:00:00,GEN_B01,54.67,43.7,400.96,78.1,50.046,0.896,20.4,12806.6,RUNNING
2024-02-21 00:00:00,GEN_B02,54.51,43.6,400.41,77.87,49.92,0.916,20.1,14182.6,RUNNING
2024-02-21 01:00:00,GEN_M01,52.64,42.1,399.33,75.2,49.959,0.904,15.0,13804.6,RUNNING
2024-02-21 01:00:00,GEN_M02,50.08,40.1,400.78,71.54,50.017,0.924,18.4,11548.2,RUNNING
2024-02-21 01:00:00,GEN_M03,60.91,48.7,401.45,87.02,50.089,0.931,20.3,12471.8,RUNNING
2024-02-21 01:00:00,GEN_B01,58.13,46.5,398.69,83.05,50.063,0.92,19.9,12753.0,RUNNING
2024-02-21 01:00:00,GEN_B02,62.55,50.0,401.01,89.35,50.098,0.88,18.8,8644.6,RUNNING
2024-02-21 02:00:00,GEN_M01,60.3,48.2,399.73,86.14,49.882,0.932,18.4,11649.5,RUNNING
2024-02-21 02:00:00,GEN_M02,55.31,44.3,397.39,79.02,50.004,0.932,17.7,12872.5,RUNNING
2024-02-21 02:00:00,GEN_M03,57.06,45.6,399.84,81.52,50.04,0.914,20.4,8997.9,RUNNING
2024-02-21 02:00:00,GEN_B01,71.0,56.8,398.91,101.44,49.938,0.935,18.1,11432.7,RUNNING
2024-02-21 02:00:00,GEN_B02,46.19,36.9,396.72,65.98,50.027,0.933,18.6,9036.3,RUNNING
2024-02-21 03:00:00,GEN_M01,44.01,35.2,400.77,62.86,50.047,0.891,18.7,12210.7,RUNNING
2024-02-21 03:00:00,GEN_M02,50.09,40.1,400.95,71.55,49.942,0.915,17.2,8853.3,MAINTENANCE
2024-02-21 03:00:00,GEN_M03,62.94,50.4,399.25,89.91,49.944,0.905,15.5,12649.0,RUNNING
2024-02-21 03:00:00,GEN_B01,58.18,46.5,400.76,83.12,49.966,0.925,19.4,8539.5,RUNNING
2024-02-21 03:00:00,GEN_B02,46.54,37.2,399.87,66.48,49.947,0.895,16.4,13386.0,RUNNING
2024-02-21 04:00:00,GEN_M01,67.93,54.3,400.87,97.04,49.972,0.879,18.2,12914.0,RUNNING
2024-02-21 04:00:00,GEN_M02,49.55,39.6,399.58,70.78,49.971,0.927,18.1,12448.8,RUNNING
2024-02-21 04:00:00,GEN_M03,51.85,41.5,399.53,74.07,49.976,0.909,22.4,11278.4,RUNNING
2024-02-21 04:00:00,GEN_B01,52.72,42.2,400.7,75.32,50.002,0.927,20.3,9666.5,RUNNING
2024-02-21 04:00:00,GEN_B02,65.22,52.2,400.42,93.18,50.021,0.897,19.6,13763.6,RUNNING
2024-02-21 05:00:00,GEN_M01,75.54,60.4,396.55,107.91,49.987,0.922,18.2,9733.0,RUNNING
2024-02-21 05:00:00,GEN_M02,53.71,43.0,401.88,76.72,50.009,0.909,19.8,14638.5,RUNNING
2024-02-21 05:00:00,GEN_M03,53.53,42.8,399.34,76.47,50.026,0.929,19.2,9933.5,RUNNING
2024-02-21 05:00:00,GEN_B01,49.61,39.7,397.46,70.88,50.066,0.885,21.4,12994.6,RUNNING
2024-02-21 05:00:00,GEN_B02,50.45,40.4,399.68,72.07,49.953,0.93,18.3,10180.8,RUNNING
2024-02-21 06:00:00,GEN_M01,77.67,62.1,401.14,110.95,49.955,0.907,19.7,8725.3,RUNNING
2024-02-21 06:00:00,GEN_M02,73.99,59.2,401.36,105.7,50.01,0.876,18.7,9825.1,RUNNING
2024-02-21 06:00:00,GEN_M03,74.1,59.3,399.87,105.85,50.044,0.908,18.7,14063.6,RUNNING
2024-02-21 06:00:00,GEN_B01,71.58,57.3,400.13,102.26,50.066,0.943,19.6,9740.0,RUNNING
2024-02-21 06:00:00,GEN_B02,89.08,71.3,399.41,127.26,49.966,0.917,17.9,9038.6,RUNNING
2024-02-21 07:00:00,GEN_M01,74.99,60.0,400.83,107.13,49.985,0.905,18.7,14751.4,RUNNING
2024-02-21 07:00:00,GEN_M02,61.19,48.9,400.12,87.41,49.991,0.943,19.8,8732.6,RUNNING
2024-02-21 07:00:00,GEN_M03,68.36,54.7,396.66,97.66,50.04,0.935,19.6,11702.6,RUNNING
2024-02-21 07:00:00,GEN_B01,72.23,57.8,401.23,103.19,49.95,0.894,19.2,13404.3,RUNNING
2024-02-21 07:00:00,GEN_B02,92.21,73.8,400.74,131.73,50.028,0.913,22.2,14495.1,RUNNING
2024-02-21 08:00:00,GEN_M01,79.42,63.5,400.27,113.46,50.015,0.917,21.0,11785.5,RUNNING
2024-02-21 08:00:00,GEN_M02,80.65,64.5,400.27,115.21,49.982,0.892,18.6,12296.8,RUNNING
2024-02-21 08:00:00,GEN_M03,93.74,75.0,402.17,133.91,50.098,0.941,16.2,9168.1,RUNNING
2024-02-21 08:00:00,GEN_B01,97.73,78.2,398.73,139.61,50.025,0.9,19.9,14269.8,MAINTENANCE
2024-02-21 08:00:00,GEN_B02,75.28,60.2,400.27,107.54,50.023,0.884,18.9,13775.3,RUNNING
2024-02-21 09:00:00,GEN_M01,79.71,63.8,400.38,113.87,49.981,0.93,19.9,14150.8,RUNNING
2024-02-21 09:00:00,GEN_M02,85.52,68.4,398.85,122.18,50.056,0.931,18.2,8816.2,RUNNING
2024-02-21 09:00:00,GEN_M03,102.28,81.8,400.91,146.11,49.927,0.926,19.3,14187.3,RUNNING
2024-02-21 09:00:00,GEN_B01,84.6,67.7,403.2,120.85,49.96,0.939,20.3,11889.6,RUNNING
2024-02-21 09:00:00,GEN_B02,88.09,70.5,401.28,125.84,50.046,0.949,19.5,10270.3,RUNNING
2024-02-21 10:00:00,GEN_M01,98.6,78.9,399.87,140.86,50.007,0.916,14.4,9489.3,RUNNING
2024-02-21 10:00:00,GEN_M02,97.06,77.6,400.42,138.66,50.058,0.923,17.0,8468.5,RUNNING
2024-02-21 10:00:00,GEN_M03,84.99,68.0,398.91,121.41,50.051,0.954,18.9,9068.1,RUNNING
2024-02-21 10:00:00,GEN_B01,81.74,65.4,400.7,116.77,49.984,0.905,19.8,11791.6,RUNNING
2024-02-21 10:00:00,GEN_B02,72.07,57.7,400.34,102.96,50.003,0.94,20.0,8086.0,RUNNING
2024-02-21 11:00:00,GEN_M01,55.12,44.1,402.07,78.75,49.994,0.911,14.7,8025.2,RUNNING
2024-02-21 11:00:00,GEN_M02,67.87,54.3,400.48,96.96,50.072,0.927,18.7,13488.2,RUNNING
2024-02-21 11:00:00,GEN_M03,78.22,62.6,401.66,111.75,50.045,0.932,19.1,8646.0,RUNNING
2024-02-21 11:00:00,GEN_B01,70.92,56.7,400.59,101.32,50.025,0.942,15.9,11174.0,RUNNING
2024-02-21 11:00:00,GEN_B02,86.87,69.5,398.5,124.1,49.997,0.883,19.8,13904.1,RUNNING
2024-02-21 12:00:00,GEN_M01,81.95,65.6,400.41,117.07,49.971,0.916,19.7,9673.3,RUNNING
2024-02-21 12:00:00,GEN_M02,93.05,74.4,400.31,132.92,49.971,0.916,15.5,12415.5,RUNNING
2024-02-21 12:00:00,GEN_M03,80.28,64.2,398.75,114.69,49.986,0.922,18.4,13614.2,RUNNING
2024-02-21 12:00:00,GEN_B01,75.12,60.1,400.28,107.31,49.961,0.947,14.8,8472.5,RUNNING
2024-02-21 12:00:00,GEN_B02,79.44,63.6,399.68,113.49,50.017,0.976,16.2,14895.0,RUNNING
2024-02-21 13:00:00,GEN_M01,60.15,48.1,401.96,85.93,49.925,0.92,15.9,9121.7,RUNNING
2024-02-21 13:00:00,GEN_M02,79.53,63.6,401.59,113.61,50.066,0.929,17.6,14121.8,RUNNING
2024-02-21 13:00:00,GEN_M03,78.89,63.1,401.21,112.7,50.05,0.927,18.8,10835.4,RUNNING
2024-02-21 13:00:00,GEN_B01,92.65,74.1,399.08,132.36,50.012,0.926,19.7,9564.0,RUNNING
2024-02-21 13:00:00,GEN_B02,79.83,63.9,399.64,114.04,49.971,0.903,16.9,11243.2,RUNNING
2024-02-21 14:00:00,GEN_M01,102.92,82.3,401.56,147.02,49.99,0.907,18.7,11342.5,RUNNING
2024-02-21 14:00:00,GEN_M02,83.88,67.1,400.39,119.83,49.995,0.919,19.2,11469.7,RUNNING
2024-02-21 14:00:00,GEN_M03,87.78,70.2,400.28,125.4,50.036,0.924,18.9,12056.0,RUNNING
2024-02-21 14:00:00,GEN_B01,81.39,65.1,400.7,116.27,49.998,0.914,17.8,14029.6,RUNNING
2024-02-21 14:00:00,GEN_B02,70.21,56.2,402.77,100.31,49.951,0.91,19.0,13146.8,RUNNING
2024-02-21 15:00:00,GEN_M01,109.05,87.2,400.09,155.79,49.993,0.929,17.8,11717.7,RUNNING
2024-02-21 15:00:00,GEN_M02,77.22,61.8,401.68,110.31,49.895,0.963,14.6,12487.0,RUNNING
2024-02-21 15:00:00,GEN_M03,87.42,69.9,398.94,124.89,49.91,0.903,16.8,9244.9,RUNNING
2024-02-21 15:00:00,GEN_B01,73.79,59.0,401.75,105.41,49.938,0.925,19.9,12559.0,RUNNING
2024-02-21 15:00:00,GEN_B02,62.85,50.3,398.48,89.78,50.036,0.937,14.7,12873.6,RUNNING
2024-02-21 16:00:00,GEN_M01,73.09,58.5,400.7,104.42,50.064,0.927,21.6,13389.4,RUNNING
2024-02-21 16:00:00,GEN_M02,87.82,70.3,398.65,125.46,49.996,0.907,18.2,13015.0,RUNNING
2024-02-21 16:00:00,GEN_M03,87.48,70.0,401.61,124.97,50.031,0.957,19.4,9591.7,RUNNING
2024-02-21 16:00:00,GEN_B01,60.3,48.2,398.95,86.15,49.931,0.922,16.3,12806.8,RUNNING
2024-02-21 16:00:00,GEN_B02,90.29,72.2,400.74,128.98,49.909,0.923,17.3,10884.6,RUNNING
2024-02-21 17:00:00,GEN_M01,82.14,65.7,398.6,117.34,50.034,0.941,16.9,9463.0,RUNNING
2024-02-21 17:00:00,GEN_M02,74.62,59.7,399.67,106.61,49.956,0.941,17.5,9874.3,RUNNING
2024-02-21 17:00:00,GEN_M03,79.23,63.4,401.29,113.18,50.044,0.896,16.9,13083.0,RUNNING
2024-02-21 17:00:00,GEN_B01,84.28,67.4,398.94,120.4,50.018,0.888,19.0,11657.4,RUNNING
2024-02-21 17:00:00,GEN_B02,71.98,57.6,399.74,102.83,50.027,0.932,18.5,11967.4,RUNNING
2024-02-21 18:00:00,GEN_M01,77.37,61.9,398.41,110.52,49.98,0.908,17.2,12931.2,RUNNING
2024-02-21 18:00:00,GEN_M02,97.27,77.8,399.69,138.95,50.02,0.892,17.8,9794.4,RUNNING
2024-02-21 18:00:00,GEN_M03,77.45,62.0,401.98,110.64,49.971,0.872,16.5,12871.1,RUNNING
2024-02-21 18:00:00,GEN_B01,77.91,62.3,399.22,111.29,49.999,0.928,17.8,10969.4,RUNNING
2024-02-21 18:00:00,GEN_B02,80.75,64.6,399.78,115.36,49.953,0.927,18.4,8892.7,RUNNING
2024-02-21 19:00:00,GEN_M01,55.92,44.7,398.58,79.88,50.081,0.896,19.6,10368.9,RUNNING
2024-02-21 19:00:00,GEN_M02,39.31,31.5,396.61,56.16,50.036,0.92,17.2,14321.9,RUNNING
2024-02-21 19:00:00,GEN_M03,66.76,53.4,398.69,95.37,49.98,0.896,17.8,9451.9,RUNNING
2024-02-21 19:00:00,GEN_B01,55.5,44.4,399.4,79.28,50.016,0.919,23.9,8955.0,RUNNING
2024-02-21 19:00:00,GEN_B02,64.93,51.9,398.71,92.76,49.99,0.938,22.9,13247.2,RUNNING
2024-02-21 20:00:00,GEN_M01,52.65,42.1,401.47,75.22,49.995,0.9,20.3,14372.9,RUNNING
2024-02-21 20:00:00,GEN_M02,53.31,42.7,400.81,76.16,50.017,0.937,18.9,13686.6,RUNNING
2024-02-21 20:00:00,GEN_M03,56.46,45.2,401.52,80.66,50.05,0.944,17.4,13897.9,RUNNING
2024-02-21 20:00:00,GEN_B01,50.52,40.4,397.74,72.17,50.0,0.916,21.3,11054.7,RUNNING
2024-02-21 20:00:00,GEN_B02,48.4,38.7,399.3,69.14,49.935,0.95,21.2,10273.1,RUNNING
2024-02-21 21:00:00,GEN_M01,45.51,36.4,400.3,65.02,49.958,0.925,15.4,11367.6,RUNNING
2024-02-21 21:00:00,GEN_M02,68.46,54.8,401.43,97.8,49.882,0.933,18.9,12855.8,RUNNING
2024-02-21 21:00:00,GEN_M03,59.87,47.9,397.59,85.53,50.039,0.892,17.3,13727.4,RUNNING
2024-02-21 21:00:00,GEN_B01,59.99,48.0,399.47,85.7,50.063,0.896,17.8,11734.8,RUNNING
2024-02-21 21:00:00,GEN_B02,62.06,49.7,399.76,88.66,49.976,0.907,17.8,14562.0,RUNNING
2024-02-21 22:00:00,GEN_M01,68.33,54.7,396.34,97.62,50.082,0.921,14.4,10361.9,RUNNING
2024-02-21 22:00:00,GEN_M02,57.07,45.7,400.74,81.53,49.978,0.913,22.2,8555.7,RUNNING
2024-02-21 22:00:00,GEN_M03,68.92,55.1,398.24,98.46,50.02,0.949,18.5,9662.3,RUNNING
2024-02-21 22:00:00,GEN_B01,64.21,51.4,397.56,91.72,50.019,0.909,21.2,10422.2,RUNNING
2024-02-21 22:00:00,GEN_B02,50.28,40.2,401.19,71.82,50.068,0.929,19.5,10180.3,RUNNING
2024-02-21 23:00:00,GEN_M01,58.87,47.1,398.07,84.1,49.866,0.937,16.5,12204.4,RUNNING
2024-02-21 23:00:00,GEN_M02,59.1,47.3,400.08,84.43,50.085,0.951,18.5,12809.9,RUNNING
2024-02-21 23:00:00,GEN_M03,51.86,41.5,400.58,74.09,50.018,0.89,19.6,12223.1,RUNNING
2024-02-21 23:00:00,GEN_B01,48.0,38.4,396.89,68.57,49.976,0.927,15.5,10324.7,RUNNING
2024-02-21 23:00:00,GEN_B02,59.66,47.7,401.27,85.23,50.023,0.908,18.5,10235.4,RUNNING
2024-02-22 00:00:00,GEN_M01,56.25,45.0,402.28,80.36,49.951,0.922,16.9,13403.7,MAINTENANCE
2024-02-22 00:00:00,GEN_M02,53.03,42.4,400.57,75.76,49.979,0.957,17.0,11863.9,RUNNING
2024-02-22 00:00:00,GEN_M03,55.61,44.5,400.45,79.45,50.05,0.925,18.0,8566.6,RUNNING
2024-02-22 00:00:00,GEN_B01,63.76,51.0,398.45,91.09,49.996,0.943,18.2,9159.7,RUNNING
2024-02-22 00:00:00,GEN_B02,60.9,48.7,398.84,86.99,49.988,0.916,18.8,9893.1,RUNNING
2024-02-22 01:00:00,GEN_M01,56.3,45.0,399.2,80.43,50.083,0.954,19.5,8004.0,RUNNING
2024-02-22 01:00:00,GEN_M02,49.83,39.9,401.47,71.18,50.013,0.931,15.7,8342.3,RUNNING
2024-02-22 01:00:00,GEN_M03,51.34,41.1,398.13,73.34,49.995,0.895,18.7,10893.8,RUNNING
2024-02-22 01:00:00,GEN_B01,60.06,48.0,401.14,85.79,49.926,0.945,19.3,12847.4,RUNNING
2024-02-22 01:00:00,GEN_B02,51.41,41.1,400.54,73.45,50.027,0.905,17.5,9282.8,RUNNING
2024-02-22 02:00:00,GEN_M01,63.44,50.7,399.24,90.62,49.949,0.902,17.2,12999.9,RUNNING
2024-02-22 02:00:00,GEN_M02,46.12,36.9,401.92,65.89,49.952,0.881,19.5,12925.4,RUNNING
2024-02-22 02:00:00,GEN_M03,52.61,42.1,397.65,75.16,50.001,0.918,18.3,10065.4,RUNNING
2024-02-22 02:00:00,GEN_B01,40.55,32.4,398.91,57.93,50.025,0.907,15.0,10766.5,RUNNING
2024-02-22 02:00:00,GEN_B02,58.7,47.0,402.3,83.85,49.964,0.929,19.1,10842.2,RUNNING
2024-02-22 03:00:00,GEN_M01,49.15,39.3,402.34,70.21,49.94,0.932,18.9,12148.9,RUNNING
2024-02-22 03:00:00,GEN_M02,42.06,33.7,398.32,60.09,49.946,0.93,15.1,8209.7,RUNNING
2024-02-22 03:00:00,GEN_M03,69.75,55.8,400.35,99.64,50.0,0.908,20.4,13957.9,MAINTENANCE
2024-02-22 03:00:00,GEN_B01,59.18,47.3,400.28,84.55,49.963,0.896,17.7,8297.4,RUNNING
2024-02-22 03:00:00,GEN_B02,56.44,45.2,400.84,80.63,50.023,0.958,16.6,10504.9,RUNNING
2024-02-22 04:00:00,GEN_M01,54.82,43.9,397.24,78.31,50.11,0.95,15.4,12592.7,RUNNING
2024-02-22 04:00:00,GEN_M02,51.53,41.2,401.28,73.61,49.975,0.928,14.3,11590.4,RUNNING
2024-02-22 04:00:00,GEN_M03,55.29,44.2,397.12,78.98,50.025,0.931,21.0,13400.0,RUNNING
2024-02-22 04:00:00,GEN_B01,61.54,49.2,396.52,87.92,49.984,0.902,19.8,8612.0,RUNNING
2024-02-22 04:00:00,GEN_B02,61.22,49.0,399.08,87.45,49.946,0.922,20.9,13743.6,MAINTENANCE
2024-02-22 05:00:00,GEN_M01,47.6,38.1,399.5,68.0,50.029,0.926,17.7,13271.1,RUNNING
2024-02-22 05:00:00,GEN_M02,58.27,46.6,399.56,83.25,49.962,0.9,17.3,10306.7,RUNNING
2024-02-22 05:00:00,GEN_M03,45.83,36.7,399.55,65.47,49.999,0.943,18.8,8743.0,RUNNING
2024-02-22 05:00:00,GEN_B01,52.02,41.6,400.72,74.31,50.046,0.915,19.9,8724.6,RUNNING
2024-02-22 05:00:00,GEN_B02,45.78,36.6,400.38,65.4,50.014,0.892,19.1,9406.0,RUNNING
2024-02-22 06:00:00,GEN_M01,85.24,68.2,399.93,121.78,50.048,0.95,19.0,9674.9,RUNNING
2024-02-22 06:00:00,GEN_M02,84.78,67.8,401.51,121.12,49.956,0.934,16.7,12033.6,RUNNING
2024-02-22 06:00:00,GEN_M03,80.44,64.4,400.24,114.92,50.05,0.916,15.5,13567.5,RUNNING
2024-02-22 06:00:00,GEN_B01,91.46,73.2,397.82,130.66,49.979,0.911,17.5,11414.8,RUNNING
2024-02-22 06:00:00,GEN_B02,92.08,73.7,399.24,131.55,49.959,0.908,18.7,13506.6,RUNNING
2024-02-22 07:00:00,GEN_M01,82.86,66.3,398.39,118.37,50.05,0.923,17.4,14746.1,RUNNING
2024-02-22 07:00:00,GEN_M02,84.0,67.2,398.44,120.0,49.992,0.879,16.5,10420.5,RUNNING
2024-02-22 07:00:00,GEN_M03,89.05,71.2,399.66,127.21,49.942,0.95,19.0,11040.4,RUNNING
2024-02-22 07:00:00,GEN_B01,90.0,72.0,401.88,128.57,50.019,0.926,15.2,10318.2,RUNNING
2024-02-22 07:00:00,GEN_B02,75.56,60.4,401.81,107.94,49.963,0.93,16.4,14901.5,RUNNING
2024-02-22 08:00:00,GEN_M01,91.3,73.0,400.56,130.43,49.955,0.917,16.4,14849.2,RUNNING
2024-02-22 08:00:00,GEN_M02,76.66,61.3,400.24,109.52,49.939,0.939,16.7,10169.8,RUNNING
2024-02-22 08:00:00,GEN_M03,78.73,63.0,400.53,112.47,50.004,0.887,17.4,13721.8,RUNNING
2024-02-22 08:00:00,GEN_B01,91.12,72.9,401.93,130.17,50.011,0.893,22.5,12525.8,RUNNING
2024-02-22 08:00:00,GEN_B02,77.23,61.8,398.28,110.33,50.022,0.943,17.8,13963.5,RUNNING
2024-02-22 09:00:00,GEN_M01,96.49,77.2,401.32,137.84,50.0,0.904,17.9,11668.1,RUNNING
2024-02-22 09:00:00,GEN_M02,77.74,62.2,398.9,111.05,50.021,0.916,18.5,8541.5,RUNNING
2024-02-22 09:00:00,GEN_M03,73.3,58.6,398.49,104.72,50.018,0.921,22.9,14410.5,RUNNING
2024-02-22 09:00:00,GEN_B01,70.99,56.8,397.99,101.42,50.103,0.915,17.5,11052.7,RUNNING
2024-02-22 09:00:00,GEN_B02,79.42,63.5,400.89,113.46,49.901,0.913,20.7,11770.9,RUNNING
2024-02-22 10:00:00,GEN_M01,81.63,65.3,398.93,116.62,49.985,0.959,16.9,11697.2,RUNNING
2024-02-22 10:00:00,GEN_M02,72.17,57.7,400.65,103.1,49.936,0.898,15.2,14009.6,RUNNING
2024-02-22 10:00:00,GEN_M03,69.9,55.9,401.9,99.85,50.026,0.938,14.9,9346.7,RUNNING
2024-02-22 10:00:00,GEN_B01,89.56,71.7,399.96,127.95,50.051,0.953,17.8,8881.7,RUNNING
2024-02-22 10:00:00,GEN_B02,68.67,54.9,398.03,98.1,49.977,0.921,23.2,11973.2,RUNNING
2024-02-22 11:00:00,GEN_M01,82.91,66.3,401.55,118.44,50.017,0.906,19.0,11954.1,RUNNING
2024-02-22 11:00:00,GEN_M02,72.82,58.3,399.92,104.03,49.944,0.901,20.7,12546.1,RUNNING
2024-02-22 11:00:00,GEN_M03,86.6,69.3,398.78,123.71,50.005,0.913,19.1,14813.5,RUNNING
2024-02-22 11:00:00,GEN_B01,79.3,63.4,399.01,113.29,50.038,0.9,17.9,13344.9,RUNNING
2024-02-22 11:00:00,GEN_B02,68.26,54.6,397.33,97.52,50.03,0.919,18.8,9843.8,RUNNING
2024-02-22 12:00:00,GEN_M01,67.91,54.3,398.1,97.02,49.982,0.913,18.5,13424.1,RUNNING
2024-02-22 12:00:00,GEN_M02,88.95,71.2,401.06,127.07,49.94,0.918,18.2,13540.0,RUNNING
2024-02-22 12:00:00,GEN_M03,69.86,55.9,400.76,99.8,50.081,0.926,16.5,8600.3,RUNNING
2024-02-22 12:00:00,GEN_B01,70.15,56.1,400.2,100.21,50.018,0.916,16.0,12879.8,RUNNING
2024-02-22 12:00:00,GEN_B02,77.76,62.2,397.34,111.09,50.06,0.906,19.2,9742.0,RUNNING
2024-02-22 13:00:00,GEN_M01,94.7,75.8,402.48,135.28,49.97,0.953,18.6,13568.1,RUNNING
2024-02-22 13:00:00,GEN_M02,82.84,66.3,402.76,118.35,50.036,0.915,17.9,8399.3,RUNNING
2024-02-22 13:00:00,GEN_M03,85.49,68.4,400.16,122.13,50.06,0.917,17.0,9802.8,RUNNING
2024-02-22 13:00:00,GEN_B01,81.99,65.6,397.85,117.12,49.94,0.944,16.5,8736.3,RUNNING
2024-02-22 13:00:00,GEN_B02,79.83,63.9,399.08,114.04,49.986,0.887,17.0,11460.8,RUNNING
2024-02-22 14:00:00,GEN_M01,83.27,66.6,401.26,118.96,49.971,0.932,20.0,8114.6,RUNNING
2024-02-22 14:00:00,GEN_M02,87.19,69.8,401.59,124.56,50.04,0.935,18.8,11546.1,RUNNING
2024-02-22 14:00:00,GEN_M03,81.83,65.5,399.73,116.9,50.024,0.909,19.8,9860.6,RUNNING
2024-02-22 14:00:00,GEN_B01,58.46,46.8,401.23,83.51,50.042,0.944,16.7,11679.1,RUNNING
2024-02-22 14:00:00,GEN_B02,78.67,62.9,402.21,112.39,49.935,0.92,20.1,13058.8,RUNNING
2024-02-22 15:00:00,GEN_M01,89.58,71.7,399.55,127.97,49.946,0.923,17.3,14059.9,RUNNING
2024-02-22 15:00:00,GEN_M02,51.07,40.9,401.9,72.95,49.93,0.888,17.6,10402.2,RUNNING
2024-02-22 15:00:00,GEN_M03,92.41,73.9,400.65,132.02,50.052,0.904,21.6,11150.2,RUNNING
2024-02-22 15:00:00,GEN_B01,78.13,62.5,399.41,111.61,49.924,0.923,19.1,13247.9,RUNNING
2024-02-22 15:00:00,GEN_B02,78.07,62.5,398.62,111.53,50.01,0.912,22.9,11686.9,RUNNING
2024-02-22 16:00:00,GEN_M01,90.52,72.4,400.2,129.31,49.991,0.95,20.5,9830.5,RUNNING
2024-02-22 16:00:00,GEN_M02,89.03,71.2,401.74,127.18,50.074,0.963,17.4,12096.2,RUNNING
2024-02-22 16:00:00,GEN_M03,77.25,61.8,401.39,110.35,49.998,0.946,17.8,10010.7,RUNNING
2024-02-22 16:00:00,GEN_B01,76.09,60.9,398.47,108.7,50.006,0.958,14.5,10361.2,RUNNING
2024-02-22 16:00:00,GEN_B02,86.15,68.9,399.27,123.07,50.004,0.911,16.9,13151.1,RUNNING
2024-02-22 17:00:00,GEN_M01,63.42,50.7,400.92,90.6,50.032,0.947,16.8,10377.0,RUNNING
2024-02-22 17:00:00,GEN_M02,73.8,59.0,399.77,105.42,49.969,0.917,16.7,8068.6,RUNNING
2024-02-22 17:00:00,GEN_M03,72.53,58.0,398.58,103.61,49.95,0.93,19.7,10597.4,RUNNING
2024-02-22 17:00:00,GEN_B01,89.94,72.0,402.85,128.49,50.037,0.954,19.7,13129.1,RUNNING
2024-02-22 17:00:00,GEN_B02,81.87,65.5,402.13,116.96,49.993,0.906,20.9,14291.5,RUNNING
2024-02-22 18:00:00,GEN_M01,76.12,60.9,398.28,108.75,49.977,0.944,19.0,14186.4,RUNNING
2024-02-22 18:00:00,GEN_M02,87.92,70.3,398.0,125.6,50.108,0.944,13.4,9779.5,RUNNING
2024-02-22 18:00:00,GEN_M03,68.75,55.0,402.97,98.22,50.096,0.888,19.2,11957.5,RUNNING
2024-02-22 18:00:00,GEN_B01,78.29,62.6,399.18,111.85,49.957,0.93,15.5,14645.8,RUNNING
2024-02-22 18:00:00,GEN_B02,76.1,60.9,400.77,108.72,50.082,0.962,17.4,13760.1,RUNNING
2024-02-22 19:00:00,GEN_M01,59.67,47.7,401.32,85.24,49.921,0.944,20.5,8923.3,RUNNING
2024-02-22 19:00:00,GEN_M02,51.21,41.0,396.23,73.16,49.994,0.907,19.3,9663.7,RUNNING
2024-02-22 19:00:00,GEN_M03,50.57,40.5,396.81,72.25,50.008,0.903,20.2,8152.9,RUNNING
2024-02-22 19:00:00,GEN_B01,71.13,56.9,396.82,101.61,50.027,0.898,18.2,13206.1,RUNNING
2024-02-22 19:00:00,GEN_B02,63.64,50.9,401.23,90.91,50.002,0.908,18.5,14820.6,RUNNING
2024-02-22 20:00:00,GEN_M01,64.24,51.4,399.95,91.78,49.972,0.937,15.7,11858.3,RUNNING
2024-02-22 20:00:00,GEN_M02,49.15,39.3,399.2,70.21,49.98,0.893,21.1,12520.3,RUNNING
2024-02-22 20:00:00,GEN_M03,56.49,45.2,402.61,80.7,49.916,0.966,18.2,14020.8,RUNNING
2024-02-22 20:00:00,GEN_B01,65.09,52.1,400.48,92.98,50.107,0.907,16.8,8087.5,RUNNING
2024-02-22 20:00:00,GEN_B02,54.51,43.6,399.11,77.87,49.98,0.898,16.6,8171.8,RUNNING
2024-02-22 21:00:00,GEN_M01,54.27,43.4,399.77,77.53,49.998,0.958,13.5,8140.8,RUNNING
2024-02-22 21:00:00,GEN_M02,56.45,45.2,399.36,80.64,50.065,0.901,20.0,13155.7,RUNNING
2024-02-22 21:00:00,GEN_M03,60.04,48.0,399.12,85.77,50.071,0.943,22.5,13000.9,RUNNING
2024-02-22 21:00:00,GEN_B01,55.15,44.1,399.99,78.79,49.936,0.935,18.2,13102.6,RUNNING
2024-02-22 21:00:00,GEN_B02,60.79,48.6,397.41,86.84,50.095,0.94,17.3,13517.9,RUNNING
2024-02-22 22:00:00,GEN_M01,60.95,48.8,400.51,87.06,49.937,0.915,17.5,14174.5,RUNNING
2024-02-22 22:00:00,GEN_M02,49.47,39.6,401.09,70.67,50.01,0.934,16.0,8741.2,MAINTENANCE
2024-02-22 22:00:00,GEN_M03,54.43,43.5,398.96,77.76,49.916,0.891,19.5,8642.8,RUNNING
2024-02-22 22:00:00,GEN_B01,52.48,42.0,402.33,74.97,49.996,0.938,14.9,11524.4,RUNNING
2024-02-22 22:00:00,GEN_B02,82.77,66.2,402.09,118.25,49.955,0.949,24.0,11131.8,RUNNING
2024-02-22 23:00:00,GEN_M01,43.14,34.5,401.81,61.62,50.019,0.89,17.5,14562.6,RUNNING
2024-02-22 23:00:00,GEN_M02,57.79,46.2,401.28,82.55,50.057,0.917,17.3,8378.8,RUNNING
2024-02-22 23:00:00,GEN_M03,67.65,54.1,401.98,96.64,49.969,0.905,20.8,11406.9,RUNNING
2024-02-22 23:00:00,GEN_B01,56.27,45.0,401.98,80.39,50.107,0.921,17.6,10056.6,RUNNING
2024-02-22 23:00:00,GEN_B02,74.38,59.5,398.77,106.26,50.033,0.91,19.5,10824.4,RUNNING
2024-02-23 00:00:00,GEN_M01,53.82,43.1,397.96,76.89,50.009,0.924,18.8,12198.9,RUNNING
2024-02-23 00:00:00,GEN_M02,54.99,44.0,401.47,78.56,49.935,0.922,17.7,11077.9,RUNNING
2024-02-23 00:00:00,GEN_M03,48.04,38.4,399.99,68.62,49.972,0.949,16.1,13281.8,RUNNING
2024-02-23 00:00:00,GEN_B01,65.09,52.1,401.96,92.99,49.985,0.962,18.2,9934.9,RUNNING
2024-02-23 00:00:00,GEN_B02,45.79,36.6,397.56,65.41,50.011,0.937,15.5,10841.7,RUNNING
2024-02-23 01:00:00,GEN_M01,56.51,45.2,399.49,80.72,49.96,0.89,19.7,14824.5,RUNNING
2024-02-23 01:00:00,GEN_M02,53.08,42.5,399.87,75.83,50.024,0.914,16.6,9382.5,RUNNING
2024-02-23 01:00:00,GEN_M03,57.64,46.1,398.89,82.34,50.026,0.897,21.8,14275.7,RUNNING
2024-02-23 01:00:00,GEN_B01,68.69,55.0,401.95,98.13,50.015,0.957,17.5,10955.3,RUNNING
2024-02-23 01:00:00,GEN_B02,42.9,34.3,401.53,61.28,50.072,0.935,17.9,14307.6,RUNNING
2024-02-23 02:00:00,GEN_M01,75.12,60.1,401.44,107.32,49.979,0.941,18.1,13656.1,RUNNING
2024-02-23 02:00:00,GEN_M02,63.05,50.4,401.11,90.06,49.998,0.945,19.6,11529.3,RUNNING
2024-02-23 02:00:00,GEN_M03,57.09,45.7,398.55,81.55,50.012,0.91,20.3,14462.5,RUNNING
2024-02-23 02:00:00,GEN_B01,57.07,45.7,398.08,81.53,50.063,0.929,18.8,13298.4,RUNNING
2024-02-23 02:00:00,GEN_B02,49.81,39.8,402.24,71.16,50.021,0.901,17.3,13617.2,RUNNING
2024-02-23 03:00:00,GEN_M01,50.37,40.3,399.56,71.96,50.04,0.914,18.7,12868.1,RUNNING
2024-02-23 03:00:00,GEN_M02,59.92,47.9,400.2,85.59,50.001,0.913,16.4,13097.5,RUNNING
2024-02-23 03:00:00,GEN_M03,58.0,46.4,397.59,82.86,49.989,0.908,18.0,11480.6,RUNNING
2024-02-23 03:00:00,GEN_B01,64.03,51.2,401.06,91.47,50.0,0.911,17.8,12595.6,RUNNING
2024-02-23 03:00:00,GEN_B02,50.76,40.6,399.58,72.52,49.899,0.929,19.4,13437.0,RUNNING
2024-02-23 04:00:00,GEN_M01,49.46,39.6,397.69,70.66,50.005,0.917,18.3,11150.4,RUNNING
2024-02-23 04:00:00,GEN_M02,38.18,30.5,400.8,54.54,49.997,0.927,17.5,11190.5,RUNNING
2024-02-23 04:00:00,GEN_M03,41.93,33.5,402.17,59.9,49.925,0.913,17.5,14814.4,RUNNING
2024-02-23 04:00:00,GEN_B01,40.32,32.3,399.1,57.6,49.893,0.895,18.7,12614.5,RUNNING
2024-02-23 04:00:00,GEN_B02,55.56,44.5,398.46,79.38,50.065,0.906,18.3,11202.8,RUNNING
2024-02-23 05:00:00,GEN_M01,59.53,47.6,398.58,85.04,50.037,0.898,20.5,11471.6,RUNNING
2024-02-23 05:00:00,GEN_M02,63.54,50.8,400.93,90.77,50.057,0.905,17.4,13678.1,RUNNING
2024-02-23 05:00:00,GEN_M03,44.81,35.8,401.52,64.02,49.987,0.955,16.4,11817.5,RUNNING
2024-02-23 05:00:00,GEN_B01,43.9,35.1,400.09,62.71,50.045,0.93,13.2,12361.2,RUNNING
2024-02-23 05:00:00,GEN_B02,50.82,40.7,398.99,72.6,50.041,0.972,21.7,12943.7,RUNNING
2024-02-23 06:00:00,GEN_M01,79.35,63.5,400.84,113.36,49.986,0.947,17.6,9420.5,RUNNING
2024-02-23 06:00:00,GEN_M02,77.21,61.8,398.49,110.3,50.017,0.887,17.5,13462.8,RUNNING
2024-02-23 06:00:00,GEN_M03,91.05,72.8,402.68,130.07,50.069,0.931,16.2,9375.1,RUNNING
2024-02-23 06:00:00,GEN_B01,65.87,52.7,402.37,94.1,49.992,0.907,16.4,14998.4,RUNNING
2024-02-23 06:00:00,GEN_B02,73.77,59.0,400.8,105.39,49.919,0.922,16.9,10868.9,RUNNING
2024-02-23 07:00:00,GEN_M01,85.49,68.4,402.16,122.12,50.06,0.908,17.9,11040.7,RUNNING
2024-02-23 07:00:00,GEN_M02,77.97,62.4,401.26,111.38,49.97,0.912,18.2,14054.9,RUNNING
2024-02-23 07:00:00,GEN_M03,68.77,55.0,397.95,98.24,49.981,0.945,20.0,12001.7,RUNNING
2024-02-23 07:00:00,GEN_B01,81.36,65.1,400.43,116.22,49.971,0.938,19.1,10462.3,RUNNING
2024-02-23 07:00:00,GEN_B02,69.22,55.4,399.75,98.89,49.976,0.947,19.1,11259.0,RUNNING
2024-02-23 08:00:00,GEN_M01,98.7,79.0,398.79,141.0,49.887,0.922,19.9,14908.1,RUNNING
2024-02-23 08:00:00,GEN_M02,95.08,76.1,402.36,135.84,49.97,0.918,19.2,8129.5,RUNNING
2024-02-23 08:00:00,GEN_M03,80.32,64.3,401.15,114.74,50.082,0.957,18.5,10116.1,RUNNING
2024-02-23 08:00:00,GEN_B01,97.92,78.3,400.98,139.88,50.007,0.902,18.4,13925.5,RUNNING
2024-02-23 08:00:00,GEN_B02,78.78,63.0,399.88,112.55,49.955,0.917,18.0,9535.5,RUNNING
2024-02-23 09:00:00,GEN_M01,76.67,61.3,400.93,109.53,50.056,0.892,17.8,12783.6,RUNNING
2024-02-23 09:00:00,GEN_M02,97.31,77.9,398.31,139.02,49.98,0.882,18.6,10944.3,RUNNING
2024-02-23 09:00:00,GEN_M03,65.03,52.0,399.83,92.9,50.001,0.927,19.1,11909.1,RUNNING
2024-02-23 09:00:00,GEN_B01,80.26,64.2,400.7,114.66,49.964,0.924,17.0,10621.3,RUNNING
2024-02-23 09:00:00,GEN_B02,79.6,63.7,400.54,113.71,49.986,0.884,15.9,8473.7,RUNNING
2024-02-23 10:00:00,GEN_M01,84.71,67.8,398.19,121.01,50.059,0.937,16.3,13990.9,RUNNING
2024-02-23 10:00:00,GEN_M02,81.18,64.9,398.19,115.98,50.015,0.94,18.0,11818.6,RUNNING
2024-02-23 10:00:00,GEN_M03,86.9,69.5,401.57,124.15,50.067,0.894,17.5,11713.7,RUNNING
2024-02-23 10:00:00,GEN_B01,92.41,73.9,399.03,132.01,49.975,0.916,19.9,9410.2,RUNNING
2024-02-23 10:00:00,GEN_B02,79.52,63.6,398.05,113.6,50.009,0.923,19.7,13490.4,RUNNING
2024-02-23 11:00:00,GEN_M01,78.24,62.6,401.59,111.77,50.028,0.951,17.2,8163.6,RUNNING
2024-02-23 11:00:00,GEN_M02,79.17,63.3,399.78,113.09,49.996,0.959,20.3,13579.7,RUNNING
2024-02-23 11:00:00,GEN_M03,67.81,54.2,399.91,96.86,49.987,0.901,18.7,9925.4,RUNNING
2024-02-23 11:00:00,GEN_B01,86.21,69.0,397.33,123.15,49.94,0.931,19.7,12367.8,RUNNING
2024-02-23 11:00:00,GEN_B02,87.57,70.1,401.12,125.1,49.957,0.892,18.0,8117.9,RUNNING
2024-02-23 12:00:00,GEN_M01,78.16,62.5,399.52,111.66,49.98,0.954,17.5,10255.9,RUNNING
2024-02-23 12:00:00,GEN_M02,64.25,51.4,401.07,91.79,50.043,0.942,18.0,9994.3,RUNNING
2024-02-23 12:00:00,GEN_M03,64.61,51.7,401.62,92.29,50.032,0.904,20.3,9089.3,RUNNING
2024-02-23 12:00:00,GEN_B01,78.02,62.4,403.23,111.46,49.975,0.946,18.5,8318.5,RUNNING
2024-02-23 12:00:00,GEN_B02,72.4,57.9,401.48,103.42,49.989,0.945,14.9,13641.3,RUNNING
2024-02-23 13:00:00,GEN_M01,95.96,76.8,398.66,137.08,50.054,0.889,16.2,13868.7,RUNNING
2024-02-23 13:00:00,GEN_M02,94.42,75.5,401.51,134.88,49.944,0.907,17.1,9085.4,RUNNING
2024-02-23 13:00:00,GEN_M03,83.55,66.8,397.18,119.36,50.003,0.924,21.7,12136.0,RUNNING
2024-02-23 13:00:00,GEN_B01,73.85,59.1,400.49,105.49,49.927,0.899,18.2,10932.9,RUNNING
2024-02-23 13:00:00,GEN_B02,96.88,77.5,399.95,138.4,50.011,0.88,17.4,8559.4,RUNNING
2024-02-23 14:00:00,GEN_M01,83.46,66.8,400.6,119.23,50.07,0.964,19.0,14114.3,RUNNING
2024-02-23 14:00:00,GEN_M02,69.91,55.9,395.92,99.88,49.99,0.945,17.7,11832.0,RUNNING
2024-02-23 14:00:00,GEN_M03,62.18,49.7,400.36,88.82,49.972,0.912,19.7,10061.6,RUNNING
2024-02-23 14:00:00,GEN_B01,66.26,53.0,398.56,94.66,50.11,0.951,19.0,11761.4,RUNNING
2024-02-23 14:00:00,GEN_B02,74.9,59.9,403.04,107.01,49.993,0.937,16.2,13674.2,RUNNING
2024-02-23 15:00:00,GEN_M01,75.04,60.0,401.17,107.2,50.026,0.909,14.0,14940.4,RUNNING
2024-02-23 15:00:00,GEN_M02,83.62,66.9,398.78,119.46,50.135,0.916,19.4,11096.4,RUNNING
2024-02-23 15:00:00,GEN_M03,79.94,64.0,400.14,114.2,49.973,0.898,21.8,10909.0,RUNNING
2024-02-23 15:00:00,GEN_B01,84.03,67.2,400.4,120.04,49.974,0.947,19.2,14928.5,RUNNING
2024-02-23 15:00:00,GEN_B02,107.99,86.4,399.46,154.27,50.025,0.931,21.0,11131.0,RUNNING
2024-02-23 16:00:00,GEN_M01,71.6,57.3,400.61,102.29,49.945,0.934,20.2,9492.3,RUNNING
2024-02-23 16:00:00,GEN_M02,99.63,79.7,401.02,142.33,49.996,0.943,18.0,13470.7,MAINTENANCE
2024-02-23 16:00:00,GEN_M03,83.86,67.1,398.92,119.8,49.939,0.913,20.0,10310.0,RUNNING
2024-02-23 16:00:00,GEN_B01,67.79,54.2,399.57,96.84,49.948,0.914,17.1,13839.7,RUNNING
2024-02-23 16:00:00,GEN_B02,70.84,56.7,400.83,101.2,49.999,0.91,18.7,11554.3,RUNNING
2024-02-23 17:00:00,GEN_M01,69.86,55.9,403.18,99.8,50.011,0.971,17.3,11154.9,RUNNING
2024-02-23 17:00:00,GEN_M02,67.55,54.0,399.81,96.5,49.977,0.921,17.7,8506.7,RUNNING
2024-02-23 17:00:00,GEN_M03,77.16,61.7,398.34,110.22,50.011,0.896,20.9,9807.3,RUNNING
2024-02-23 17:00:00,GEN_B01,79.93,63.9,398.34,114.19,49.979,0.9,18.3,10287.4,RUNNING
2024-02-23 17:00:00,GEN_B02,70.9,56.7,402.55,101.28,50.06,0.929,18.1,14996.9,RUNNING
2024-02-23 18:00:00,GEN_M01,81.09,64.9,400.55,115.84,50.071,0.917,19.5,12870.7,RUNNING
2024-02-23 18:00:00,GEN_M02,91.26,73.0,397.57,130.37,50.004,0.935,17.7,10765.8,RUNNING
2024-02-23 18:00:00,GEN_M03,63.81,51.0,400.7,91.15,49.929,0.913,19.0,10228.7,RUNNING
2024-02-23 18:00:00,GEN_B01,78.4,62.7,400.17,112.0,49.931,0.958,17.1,13887.9,RUNNING
2024-02-23 18:00:00,GEN_B02,90.59,72.5,398.32,129.42,49.948,0.932,16.6,9831.8,RUNNING
2024-02-23 19:00:00,GEN_M01,48.67,38.9,400.87,69.53,49.991,0.924,19.1,12108.2,RUNNING
2024-02-23 19:00:00,GEN_M02,62.11,49.7,400.57,88.72,50.01,0.944,15.6,8317.2,RUNNING
2024-02-23 19:00:00,GEN_M03,56.48,45.2,396.47,80.68,50.026,0.92,21.0,8549.8,RUNNING
2024-02-23 19:00:00,GEN_B01,55.83,44.7,398.81,79.76,50.007,0.927,18.9,13345.4,RUNNING
2024-02-23 19:00:00,GEN_B02,49.1,39.3,398.22,70.14,49.959,0.923,16.4,13647.0,RUNNING
2024-02-23 20:00:00,GEN_M01,53.5,42.8,400.99,76.42,49.951,0.904,16.2,11563.5,RUNNING
2024-02-23 20:00:00,GEN_M02,50.42,40.3,401.38,72.02,50.094,0.95,19.9,13896.2,RUNNING
2024-02-23 20:00:00,GEN_M03,55.52,44.4,398.87,79.31,49.987,0.927,17.1,9579.9,RUNNING
2024-02-23 20:00:00,GEN_B01,68.11,54.5,400.85,97.3,50.045,0.945,15.9,14323.3,RUNNING
2024-02-23 20:00:00,GEN_B02,62.67,50.1,400.42,89.53,50.045,0.93,15.3,9415.0,RUNNING
2024-02-23 21:00:00,GEN_M01,55.65,44.5,402.9,79.49,50.0,0.916,23.2,11246.7,RUNNING
2024-02-23 21:00:00,GEN_M02,65.79,52.6,399.64,93.98,50.034,0.94,15.4,10299.9,RUNNING
2024-02-23 21:00:00,GEN_M03,45.14,36.1,398.08,64.49,50.027,0.925,16.2,12081.8,MAINTENANCE
2024-02-23 21:00:00,GEN_B01,65.21,52.2,397.1,93.15,50.036,0.912,15.9,14494.6,RUNNING
2024-02-23 21:00:00,GEN_B02,48.61,38.9,397.05,69.45,49.957,0.872,19.1,13328.5,RUNNING
2024-02-23 22:00:00,GEN_M01,51.95,41.6,402.68,74.22,50.031,0.968,16.4,13525.6,RUNNING
2024-02-23 22:00:00,GEN_M02,57.46,46.0,400.37,82.08,49.879,0.955,17.7,10610.2,RUNNING
2024-02-23 22:00:00,GEN_M03,63.06,50.4,399.17,90.08,50.028,0.921,15.6,14401.4,RUNNING
2024-02-23 22:00:00,GEN_B01,59.6,47.7,401.92,85.14,49.976,0.921,15.3,10148.1,RUNNING
2024-02-23 22:00:00,GEN_B02,57.97,46.4,401.35,82.81,50.022,0.908,19.4,12322.8,RUNNING
2024-02-23 23:00:00,GEN_M01,59.02,47.2,398.09,84.32,49.899,0.944,19.0,14682.4,RUNNING
2024-02-23 23:00:00,GEN_M02,49.74,39.8,400.53,71.06,49.991,0.926,20.5,9504.7,RUNNING
2024-02-23 23:00:00,GEN_M03,43.19,34.5,402.23,61.7,50.016,0.924,18.7,14741.9,RUNNING
2024-02-23 23:00:00,GEN_B01,53.87,43.1,401.85,76.96,49.978,0.927,20.1,8931.1,RUNNING
2024-02-23 23:00:00,GEN_B02,57.99,46.4,400.85,82.85,50.06,0.898,20.3,12315.9,RUNNING
2024-02-24 00:00:00,GEN_M01,64.85,51.9,401.3,92.65,49.977,0.886,16.2,13403.2,RUNNING
2024-02-24 00:00:00,GEN_M02,40.5,32.4,401.89,57.85,50.042,0.926,20.9,9287.1,RUNNING
2024-02-24 00:00:00,GEN_M03,64.89,51.9,401.48,92.7,49.944,0.902,13.8,10089.2,RUNNING
2024-02-24 00:00:00,GEN_B01,61.47,49.2,400.84,87.81,49.984,0.923,19.1,11344.1,RUNNING
2024-02-24 00:00:00,GEN_B02,54.4,43.5,399.73,77.71,50.04,0.949,18.1,12508.0,RUNNING
2024-02-24 01:00:00,GEN_M01,54.4,43.5,397.44,77.71,50.093,0.943,18.1,12235.4,RUNNING
2024-02-24 01:00:00,GEN_M02,76.09,60.9,398.81,108.7,49.975,0.91,15.8,8456.4,RUNNING
2024-02-24 01:00:00,GEN_M03,57.17,45.7,398.22,81.67,49.956,0.914,16.8,9725.5,MAINTENANCE
2024-02-24 01:00:00,GEN_B01,64.83,51.9,401.21,92.62,49.934,0.856,16.7,9340.6,RUNNING
2024-02-24 01:00:00,GEN_B02,55.25,44.2,398.94,78.93,49.951,0.902,15.8,9840.8,MAINTENANCE
2024-02-24 02:00:00,GEN_M01,46.06,36.8,396.69,65.8,50.123,0.919,13.6,9321.8,RUNNING
2024-02-24 02:00:00,GEN_M02,67.68,54.1,400.96,96.69,49.938,0.912,18.4,10173.4,RUNNING
2024-02-24 02:00:00,GEN_M03,65.98,52.8,396.85,94.26,49.956,0.922,20.0,8553.1,RUNNING
2024-02-24 02:00:00,GEN_B01,62.56,50.1,399.04,89.38,50.117,0.919,20.9,13903.2,RUNNING
2024-02-24 02:00:00,GEN_B02,54.57,43.7,400.47,77.96,50.013,0.96,19.0,10005.2,RUNNING
2024-02-24 03:00:00,GEN_M01,58.11,46.5,401.03,83.01,49.922,0.888,20.8,14679.6,RUNNING
2024-02-24 03:00:00,GEN_M02,51.16,40.9,398.31,73.09,50.082,0.93,14.5,10430.1,RUNNING
2024-02-24 03:00:00,GEN_M03,63.75,51.0,399.75,91.07,50.021,0.942,17.1,11994.0,RUNNING
2024-02-24 03:00:00,GEN_B01,62.41,49.9,399.69,89.16,50.059,0.932,21.7,9396.5,RUNNING
2024-02-24 03:00:00,GEN_B02,60.86,48.7,400.52,86.95,49.971,0.918,18.5,9824.4,RUNNING
2024-02-24 04:00:00,GEN_M01,52.64,42.1,399.12,75.2,50.036,0.949,15.2,13725.5,RUNNING
2024-02-24 04:00:00,GEN_M02,71.82,57.5,399.64,102.59,50.02,0.942,18.5,8652.7,MAINTENANCE
2024-02-24 04:00:00,GEN_M03,52.51,42.0,399.39,75.02,49.969,0.944,16.8,12966.7,RUNNING
2024-02-24 04:00:00,GEN_B01,50.52,40.4,399.39,72.17,50.084,0.907,18.3,10131.9,RUNNING
2024-02-24 04:00:00,GEN_B02,53.96,43.2,398.63,77.09,49.902,0.902,15.2,8653.6,RUNNING
2024-02-24 05:00:00,GEN_M01,55.69,44.5,399.24,79.55,49.998,0.918,17.2,9493.9,RUNNING
2024-02-24 05:00:00,GEN_M02,53.0,42.4,400.9,75.71,49.998,0.944,19.4,13784.6,RUNNING
2024-02-24 05:00:00,GEN_M03,56.87,45.5,399.9,81.24,50.008,0.902,17.5,11711.9,RUNNING
2024-02-24 05:00:00,GEN_B01,62.51,50.0,401.61,89.29,49.918,0.909,15.8,9353.8,RUNNING
2024-02-24 05:00:00,GEN_B02,69.05,55.2,401.79,98.64,49.928,0.946,18.3,13891.1,RUNNING
2024-02-24 06:00:00,GEN_M01,75.11,60.1,399.95,107.3,49.934,0.929,21.2,11692.5,RUNNING
2024-02-24 06:00:00,GEN_M02,94.26,75.4,399.37,134.66,50.03,0.927,19.5,11390.5,RUNNING
2024-02-24 06:00:00,GEN_M03,83.33,66.7,399.96,119.04,50.004,0.944,18.2,11723.0,RUNNING
2024-02-24 06:00:00,GEN_B01,84.79,67.8,401.44,121.13,49.922,0.948,14.0,14180.7,RUNNING
2024-02-24 06:00:00,GEN_B02,61.39,49.1,400.62,87.7,50.031,0.939,19.3,8657.7,RUNNING
2024-02-24 07:00:00,GEN_M01,83.04,66.4,401.81,118.62,49.958,0.883,16.9,12808.7,RUNNING
2024-02-24 07:00:00,GEN_M02,78.22,62.6,397.0,111.74,49.851,0.925,19.0,13785.0,RUNNING
2024-02-24 07:00:00,GEN_M03,91.3,73.0,400.79,130.42,50.06,0.92,14.4,12085.3,RUNNING
2024-02-24 07:00:00,GEN_B01,78.62,62.9,402.87,112.32,49.972,0.918,19.5,9045.7,RUNNING
2024-02-24 07:00:00,GEN_B02,71.34,57.1,402.13,101.92,50.039,0.941,20.1,9519.9,RUNNING
2024-02-24 08:00:00,GEN_M01,85.62,68.5,403.0,122.31,49.904,0.932,17.9,9618.0,RUNNING
2024-02-24 08:00:00,GEN_M02,87.28,69.8,397.54,124.69,50.073,0.974,17.1,14881.5,RUNNING
2024-02-24 08:00:00,GEN_M03,77.84,62.3,398.03,111.2,49.945,0.908,16.5,11447.0,RUNNING
2024-02-24 08:00:00,GEN_B01,93.34,74.7,398.25,133.34,50.023,0.927,16.0,8259.6,RUNNING
2024-02-24 08:00:00,GEN_B02,94.84,75.9,401.08,135.49,50.019,0.916,19.4,13474.6,RUNNING
2024-02-24 09:00:00,GEN_M01,74.1,59.3,397.65,105.85,50.017,0.914,19.0,13113.0,RUNNING
2024-02-24 09:00:00,GEN_M02,83.02,66.4,400.73,118.6,49.985,0.918,22.5,12079.6,RUNNING
2024-02-24 09:00:00,GEN_M03,69.53,55.6,398.4,99.33,50.039,0.901,18.5,12213.1,RUNNING
2024-02-24 09:00:00,GEN_B01,75.44,60.4,399.92,107.77,50.051,0.938,16.2,14410.6,RUNNING
2024-02-24 09:00:00,GEN_B02,88.32,70.7,399.29,126.18,50.056,0.885,18.8,13986.6,RUNNING
2024-02-24 10:00:00,GEN_M01,80.35,64.3,399.94,114.78,49.962,0.93,16.4,13600.5,RUNNING
2024-02-24 10:00:00,GEN_M02,90.71,72.6,401.31,129.58,49.961,0.889,19.3,9237.3,RUNNING
2024-02-24 10:00:00,GEN_M03,84.03,67.2,397.63,120.04,50.003,0.943,19.7,12329.4,RUNNING
2024-02-24 10:00:00,GEN_B01,80.09,64.1,399.45,114.41,49.983,0.923,17.5,10316.6,RUNNING
2024-02-24 10:00:00,GEN_B02,58.54,46.8,403.06,83.62,49.9,0.916,17.8,13827.6,RUNNING
2024-02-24 11:00:00,GEN_M01,79.11,63.3,397.08,113.01,49.973,0.907,16.1,11608.7,RUNNING
2024-02-24 11:00:00,GEN_M02,69.39,55.5,399.46,99.13,49.946,0.938,17.7,8234.2,RUNNING
2024-02-24 11:00:00,GEN_M03,78.44,62.7,400.88,112.05,50.014,0.923,17.9,9758.4,RUNNING
2024-02-24 11:00:00,GEN_B01,82.83,66.3,401.19,118.33,49.994,0.933,15.9,12533.1,RUNNING
2024-02-24 11:00:00,GEN_B02,71.39,57.1,401.37,101.99,49.929,0.914,17.5,10545.4,RUNNING
2024-02-24 12:00:00,GEN_M01,104.0,83.2,398.77,148.58,50.018,0.942,18.2,12552.6,RUNNING
2024-02-24 12:00:00,GEN_M02,72.99,58.4,399.7,104.28,50.02,0.937,18.8,8510.0,RUNNING
2024-02-24 12:00:00,GEN_M03,81.04,64.8,400.5,115.77,50.062,0.91,21.3,13007.3,RUNNING
2024-02-24 12:00:00,GEN_B01,83.88,67.1,398.32,119.82,50.058,0.954,20.3,9280.6,RUNNING
2024-02-24 12:00:00,GEN_B02,81.01,64.8,399.47,115.72,49.941,0.949,18.2,12188.7,RUNNING
2024-02-24 13:00:00,GEN_M01,72.65,58.1,397.68,103.79,49.978,0.937,14.9,10303.4,RUNNING
2024-02-24 13:00:00,GEN_M02,95.14,76.1,400.29,135.92,50.008,0.933,19.4,12399.3,RUNNING
2024-02-24 13:00:00,GEN_M03,104.51,83.6,400.25,149.3,50.039,0.918,15.4,13701.4,RUNNING
2024-02-24 13:00:00,GEN_B01,71.37,57.1,399.35,101.96,49.894,0.911,19.6,13418.1,RUNNING
2024-02-24 13:00:00,GEN_B02,80.68,64.5,400.18,115.26,49.973,0.913,15.2,9186.5,RUNNING
2024-02-24 14:00:00,GEN_M01,71.27,57.0,404.7,101.81,50.093,0.9,17.7,14792.2,RUNNING
2024-02-24 14:00:00,GEN_M02,81.91,65.5,400.21,117.01,50.046,0.917,17.2,13379.1,RUNNING
2024-02-24 14:00:00,GEN_M03,68.91,55.1,397.77,98.44,49.949,0.935,18.2,11042.3,RUNNING
2024-02-24 14:00:00,GEN_B01,74.46,59.6,398.11,106.37,50.028,0.889,16.2,12207.2,RUNNING
2024-02-24 14:00:00,GEN_B02,77.82,62.3,398.92,111.17,49.939,0.907,17.0,12690.2,RUNNING
2024-02-24 15:00:00,GEN_M01,87.83,70.3,400.9,125.47,49.936,0.929,20.1,10312.9,RUNNING
2024-02-24 15:00:00,GEN_M02,65.39,52.3,400.28,93.42,50.03,0.91,16.9,12112.0,RUNNING
2024-02-24 15:00:00,GEN_M03,60.9,48.7,399.97,86.99,50.066,0.899,21.8,10727.6,RUNNING
2024-02-24 15:00:00,GEN_B01,84.95,68.0,400.9,121.35,49.975,0.96,16.0,14387.3,RUNNING
2024-02-24 15:00:00,GEN_B02,99.18,79.3,400.89,141.69,49.963,0.933,13.2,9661.3,RUNNING
2024-02-24 16:00:00,GEN_M01,67.81,54.3,401.55,96.88,49.929,0.916,20.7,14430.6,RUNNING
2024-02-24 16:00:00,GEN_M02,82.87,66.3,399.98,118.39,50.039,0.919,19.3,9677.4,RUNNING
2024-02-24 16:00:00,GEN_M03,80.99,64.8,402.12,115.7,50.009,0.918,20.1,14006.4,RUNNING
2024-02-24 16:00:00,GEN_B01,94.93,75.9,400.06,135.61,49.945,0.895,17.6,12640.9,RUNNING
2024-02-24 16:00:00,GEN_B02,82.31,65.8,401.53,117.58,50.017,0.872,17.5,10599.4,MAINTENANCE
2024-02-24 17:00:00,GEN_M01,91.19,72.9,399.98,130.27,49.978,0.907,15.2,14361.1,RUNNING
2024-02-24 17:00:00,GEN_M02,81.56,65.3,402.3,116.52,50.076,0.919,20.6,14048.3,RUNNING
2024-02-24 17:00:00,GEN_M03,76.47,61.2,396.11,109.24,50.015,0.873,20.0,8947.4,RUNNING
2024-02-24 17:00:00,GEN_B01,81.06,64.8,398.74,115.8,50.042,0.907,16.8,11721.7,RUNNING
2024-02-24 17:00:00,GEN_B02,81.15,64.9,398.68,115.94,50.032,0.921,19.7,10724.3,MAINTENANCE
2024-02-24 18:00:00,GEN_M01,81.72,65.4,401.16,116.75,50.034,0.917,17.1,13168.8,RUNNING
2024-02-24 18:00:00,GEN_M02,83.28,66.6,401.75,118.97,50.043,0.962,17.2,12182.4,RUNNING
2024-02-24 18:00:00,GEN_M03,92.77,74.2,399.62,132.53,49.932,0.951,19.8,12665.5,RUNNING
2024-02-24 18:00:00,GEN_B01,76.43,61.1,401.23,109.19,49.962,0.904,15.3,8206.5,RUNNING
2024-02-24 18:00:00,GEN_B02,82.93,66.3,401.43,118.47,50.054,0.906,19.2,14286.3,RUNNING
2024-02-24 19:00:00,GEN_M01,47.67,38.1,400.52,68.11,49.99,0.847,17.1,11304.6,RUNNING
2024-02-24 19:00:00,GEN_M02,62.66,50.1,401.1,89.52,49.925,0.925,16.0,9170.1,RUNNING
2024-02-24 19:00:00,GEN_M03,58.22,46.6,401.09,83.17,49.924,0.905,14.7,11759.5,RUNNING
2024-02-24 19:00:00,GEN_B01,59.02,47.2,400.88,84.31,49.999,0.902,19.1,13997.4,RUNNING
2024-02-24 19:00:00,GEN_B02,76.38,61.1,399.2,109.11,49.979,0.95,18.7,12926.1,RUNNING
2024-02-24 20:00:00,GEN_M01,62.97,50.4,399.86,89.96,50.048,0.917,17.4,8648.7,RUNNING
2024-02-24 20:00:00,GEN_M02,40.67,32.5,398.54,58.1,50.011,0.894,20.8,9469.1,RUNNING
2024-02-24 20:00:00,GEN_M03,57.56,46.0,402.97,82.22,50.001,0.938,16.1,9164.1,RUNNING
2024-02-24 20:00:00,GEN_B01,56.18,44.9,396.85,80.26,49.965,0.91,19.8,13633.9,RUNNING
2024-02-24 20:00:00,GEN_B02,60.65,48.5,399.93,86.65,50.122,0.926,17.7,13140.1,RUNNING
2024-02-24 21:00:00,GEN_M01,39.56,31.6,400.9,56.52,49.955,0.938,20.1,14143.7,RUNNING
2024-02-24 21:00:00,GEN_M02,67.86,54.3,401.31,96.94,50.052,0.923,17.6,14485.3,RUNNING
2024-02-24 21:00:00,GEN_M03,70.94,56.7,399.12,101.34,50.013,0.937,19.9,11889.1,RUNNING
2024-02-24 21:00:00,GEN_B01,58.42,46.7,399.67,83.46,49.951,0.934,20.4,11550.5,RUNNING
2024-02-24 21:00:00,GEN_B02,53.41,42.7,399.06,76.31,50.063,0.919,19.2,9315.7,RUNNING
2024-02-24 22:00:00,GEN_M01,46.56,37.3,400.82,66.52,49.923,0.94,17.3,9579.3,RUNNING
2024-02-24 22:00:00,GEN_M02,54.24,43.4,396.65,77.48,50.011,0.899,18.3,14729.0,RUNNING
2024-02-24 22:00:00,GEN_M03,53.61,42.9,398.68,76.59,49.992,0.915,14.7,11459.8,RUNNING
2024-02-24 22:00:00,GEN_B01,62.88,50.3,399.31,89.83,49.954,0.942,17.6,11122.2,RUNNING
2024-02-24 22:00:00,GEN_B02,49.32,39.5,399.58,70.46,50.063,0.931,15.8,8092.6,RUNNING
2024-02-24 23:00:00,GEN_M01,55.1,44.1,401.29,78.71,50.03,0.876,19.3,8039.0,RUNNING
2024-02-24 23:00:00,GEN_M02,63.68,50.9,400.84,90.98,49.975,0.939,18.3,10760.7,RUNNING
2024-02-24 23:00:00,GEN_M03,65.5,52.4,399.74,93.58,50.051,0.925,19.4,9520.3,RUNNING
2024-02-24 23:00:00,GEN_B01,58.8,47.0,398.97,84.0,50.05,0.882,18.5,10400.8,RUNNING
2024-02-24 23:00:00,GEN_B02,57.81,46.2,398.35,82.58,49.943,0.932,19.8,12840.6,RUNNING
2024-02-25 00:00:00,GEN_M01,61.08,48.9,401.47,87.26,49.903,0.929,16.1,9456.0,RUNNING
2024-02-25 00:00:00,GEN_M02,46.9,37.5,399.25,67.0,49.996,0.911,20.2,9974.2,RUNNING
2024-02-25 00:00:00,GEN_M03,58.57,46.9,401.14,83.66,49.988,0.916,17.6,9550.2,RUNNING
2024-02-25 00:00:00,GEN_B01,61.99,49.6,398.98,88.56,50.003,0.907,19.4,10501.4,RUNNING
2024-02-25 00:00:00,GEN_B02,58.79,47.0,401.95,83.99,50.052,0.902,10.9,8824.7,RUNNING
2024-02-25 01:00:00,GEN_M01,68.16,54.5,399.59,97.37,50.021,0.923,21.8,10677.0,RUNNING
2024-02-25 01:00:00,GEN_M02,54.54,43.6,401.22,77.92,49.998,0.948,19.5,14549.4,RUNNING
2024-02-25 01:00:00,GEN_M03,58.0,46.4,400.08,82.86,49.961,0.979,17.6,13930.1,RUNNING
2024-02-25 01:00:00,GEN_B01,70.57,56.5,400.92,100.81,50.001,0.956,15.0,11299.0,RUNNING
2024-02-25 01:00:00,GEN_B02,49.43,39.5,399.31,70.62,50.101,0.923,16.7,10214.3,RUNNING
2024-02-25 02:00:00,GEN_M01,59.29,47.4,399.13,84.7,49.919,0.919,18.4,13369.0,RUNNING
2024-02-25 02:00:00,GEN_M02,55.67,44.5,400.2,79.53,49.982,0.955,18.8,10568.2,RUNNING
2024-02-25 02:00:00,GEN_M03,52.86,42.3,400.99,75.51,49.933,0.906,18.3,9943.9,RUNNING
2024-02-25 02:00:00,GEN_B01,59.61,47.7,398.53,85.15,50.014,0.932,18.0,13604.6,RUNNING
2024-02-25 02:00:00,GEN_B02,61.69,49.4,399.52,88.13,50.088,0.907,17.6,13746.9,RUNNING
2024-02-25 03:00:00,GEN_M01,54.21,43.4,400.37,77.44,49.984,0.924,22.2,8074.8,RUNNING
2024-02-25 03:00:00,GEN_M02,46.4,37.1,402.56,66.29,50.033,0.945,17.3,12660.5,RUNNING
2024-02-25 03:00:00,GEN_M03,63.85,51.1,400.5,91.21,49.897,0.886,14.1,10017.0,RUNNING
2024-02-25 03:00:00,GEN_B01,65.59,52.5,399.87,93.7,49.939,0.913,13.3,11904.2,RUNNING
2024-02-25 03:00:00,GEN_B02,67.86,54.3,398.19,96.95,50.008,0.904,14.5,12948.7,RUNNING
2024-02-25 04:00:00,GEN_M01,48.88,39.1,398.23,69.83,49.987,0.921,15.9,8514.4,RUNNING
2024-02-25 04:00:00,GEN_M02,56.41,45.1,400.59,80.59,49.997,0.921,19.5,9545.1,RUNNING
2024-02-25 04:00:00,GEN_M03,51.17,40.9,400.21,73.1,49.975,0.931,15.3,14246.4,RUNNING
2024-02-25 04:00:00,GEN_B01,56.79,45.4,402.65,81.13,49.891,0.949,14.9,8479.3,RUNNING
2024-02-25 04:00:00,GEN_B02,45.21,36.2,399.75,64.59,50.01,0.949,16.5,13943.5,RUNNING
2024-02-25 05:00:00,GEN_M01,56.8,45.4,399.71,81.14,49.995,0.933,17.0,10206.9,RUNNING
2024-02-25 05:00:00,GEN_M02,58.92,47.1,400.17,84.18,49.973,0.93,15.5,13786.1,RUNNING
2024-02-25 05:00:00,GEN_M03,66.55,53.2,399.42,95.08,50.0,0.946,18.1,13744.3,RUNNING
2024-02-25 05:00:00,GEN_B01,55.35,44.3,399.78,79.07,49.925,0.914,14.9,14180.4,RUNNING
2024-02-25 05:00:00,GEN_B02,53.58,42.9,402.41,76.54,50.004,0.944,21.3,9552.5,RUNNING
2024-02-25 06:00:00,GEN_M01,86.53,69.2,398.59,123.61,49.955,0.939,18.4,9949.6,RUNNING
2024-02-25 06:00:00,GEN_M02,64.41,51.5,401.48,92.02,49.956,0.897,18.8,11420.4,RUNNING
2024-02-25 06:00:00,GEN_M03,84.53,67.6,398.56,120.75,50.045,0.933,19.5,9560.4,RUNNING
2024-02-25 06:00:00,GEN_B01,95.95,76.8,400.1,137.07,50.038,0.921,20.6,8989.0,RUNNING
2024-02-25 06:00:00,GEN_B02,79.01,63.2,399.79,112.86,50.066,0.936,14.1,13295.7,RUNNING
2024-02-25 07:00:00,GEN_M01,82.37,65.9,399.19,117.67,49.954,0.936,17.3,10746.0,RUNNING
2024-02-25 07:00:00,GEN_M02,90.29,72.2,400.07,128.99,50.01,0.96,18.1,12676.2,RUNNING
2024-02-25 07:00:00,GEN_M03,81.81,65.4,402.59,116.87,49.895,0.897,17.6,13392.1,RUNNING
2024-02-25 07:00:00,GEN_B01,98.99,79.2,401.47,141.41,50.112,0.951,16.5,12525.0,RUNNING
2024-02-25 07:00:00,GEN_B02,77.21,61.8,400.64,110.3,49.976,0.922,16.4,10711.6,RUNNING
2024-02-25 08:00:00,GEN_M01,78.38,62.7,398.31,111.98,50.026,0.921,18.3,12957.5,RUNNING
2024-02-25 08:00:00,GEN_M02,87.75,70.2,399.56,125.36,50.009,0.967,18.9,11698.5,RUNNING
2024-02-25 08:00:00,GEN_M03,79.74,63.8,398.22,113.92,50.085,0.93,16.5,13817.4,RUNNING
2024-02-25 08:00:00,GEN_B01,68.56,54.8,398.78,97.94,50.018,0.933,16.8,9056.9,RUNNING
2024-02-25 08:00:00,GEN_B02,85.86,68.7,399.19,122.65,49.994,0.935,15.4,13572.3,RUNNING
2024-02-25 09:00:00,GEN_M01,76.97,61.6,404.83,109.96,50.071,0.925,16.7,8445.8,RUNNING
2024-02-25 09:00:00,GEN_M02,97.86,78.3,397.84,139.8,49.914,0.922,18.1,10132.5,RUNNING
2024-02-25 09:00:00,GEN_M03,82.59,66.1,398.86,117.99,49.982,0.934,13.8,14106.6,RUNNING
2024-02-25 09:00:00,GEN_B01,87.3,69.8,401.47,124.72,49.931,0.909,18.7,11287.0,RUNNING
2024-02-25 09:00:00,GEN_B02,105.26,84.2,397.18,150.38,49.962,0.96,18.6,8432.6,RUNNING
2024-02-25 10:00:00,GEN_M01,83.35,66.7,402.57,119.08,49.95,0.91,16.5,9771.2,RUNNING
2024-02-25 10:00:00,GEN_M02,66.33,53.1,398.47,94.75,50.024,0.922,20.1,11051.5,RUNNING
2024-02-25 10:00:00,GEN_M03,73.6,58.9,400.82,105.14,50.007,0.834,21.0,13426.2,RUNNING
2024-02-25 10:00:00,GEN_B01,62.17,49.7,400.04,88.81,49.998,0.923,16.2,10216.9,RUNNING
2024-02-25 10:00:00,GEN_B02,77.53,62.0,401.66,110.76,49.952,0.896,19.3,14857.7,RUNNING
2024-02-25 11:00:00,GEN_M01,73.29,58.6,401.46,104.7,50.018,0.925,19.3,11505.4,RUNNING
2024-02-25 11:00:00,GEN_M02,87.15,69.7,399.74,124.5,49.992,0.946,18.3,8828.1,RUNNING
2024-02-25 11:00:00,GEN_M03,80.35,64.3,399.23,114.78,50.017,0.924,18.5,9535.3,RUNNING
2024-02-25 11:00:00,GEN_B01,70.96,56.8,398.49,101.37,50.023,0.963,15.9,8912.1,RUNNING
2024-02-25 11:00:00,GEN_B02,76.14,60.9,400.64,108.77,49.999,0.896,19.4,11989.8,RUNNING
2024-02-25 12:00:00,GEN_M01,83.48,66.8,401.0,119.26,49.939,0.926,17.6,10144.2,RUNNING
2024-02-25 12:00:00,GEN_M02,83.73,67.0,398.29,119.61,50.123,0.931,19.1,8143.7,RUNNING
2024-02-25 12:00:00,GEN_M03,89.13,71.3,399.44,127.33,50.073,0.911,16.9,12460.8,RUNNING
2024-02-25 12:00:00,GEN_B01,82.61,66.1,402.52,118.02,49.953,0.891,18.8,8630.6,RUNNING
2024-02-25 12:00:00,GEN_B02,81.1,64.9,403.4,115.85,49.977,0.876,18.7,8976.7,RUNNING
2024-02-25 13:00:00,GEN_M01,78.87,63.1,400.21,112.67,50.013,0.936,18.1,14705.4,RUNNING
2024-02-25 13:00:00,GEN_M02,63.26,50.6,399.49,90.37,49.95,0.92,15.8,13930.5,RUNNING
2024-02-25 13:00:00,GEN_M03,77.81,62.3,398.37,111.16,49.97,0.935,17.8,13890.4,RUNNING
2024-02-25 13:00:00,GEN_B01,89.72,71.8,402.15,128.17,50.076,0.884,16.9,10134.0,RUNNING
2024-02-25 13:00:00,GEN_B02,81.57,65.3,398.59,116.53,50.045,0.897,16.0,9289.6,RUNNING
2024-02-25 14:00:00,GEN_M01,93.94,75.2,401.12,134.21,50.01,0.915,17.7,10670.4,RUNNING
2024-02-25 14:00:00,GEN_M02,81.93,65.5,398.82,117.05,49.94,0.939,12.6,14362.8,RUNNING
2024-02-25 14:00:00,GEN_M03,81.57,65.3,400.25,116.53,50.074,0.924,17.7,11091.6,RUNNING
2024-02-25 14:00:00,GEN_B01,92.34,73.9,399.43,131.92,50.064,0.901,17.5,8088.1,RUNNING
2024-02-25 14:00:00,GEN_B02,74.02,59.2,398.28,105.74,49.97,0.943,17.1,14024.5,RUNNING
2024-02-25 15:00:00,GEN_M01,87.76,70.2,400.47,125.38,50.071,0.937,21.8,13388.1,RUNNING
2024-02-25 15:00:00,GEN_M02,86.51,69.2,396.09,123.59,49.958,0.877,16.2,12137.5,RUNNING
2024-02-25 15:00:00,GEN_M03,73.74,59.0,400.82,105.34,50.038,0.934,15.3,12049.6,RUNNING
2024-02-25 15:00:00,GEN_B01,85.45,68.4,402.74,122.08,50.04,0.896,19.3,11416.9,RUNNING
2024-02-25 15:00:00,GEN_B02,87.78,70.2,400.02,125.4,49.925,0.892,16.7,10041.4,RUNNING
2024-02-25 16:00:00,GEN_M01,76.99,61.6,400.64,109.99,50.02,0.912,20.6,13046.8,RUNNING
2024-02-25 16:00:00,GEN_M02,67.33,53.9,401.67,96.19,50.062,0.931,18.1,8855.6,RUNNING
2024-02-25 16:00:00,GEN_M03,79.17,63.3,400.49,113.09,49.929,0.909,17.0,9327.7,RUNNING
2024-02-25 16:00:00,GEN_B01,85.29,68.2,398.63,121.84,49.96,0.915,16.3,11279.2,RUNNING
2024-02-25 16:00:00,GEN_B02,90.78,72.6,400.63,129.68,49.909,0.912,18.3,13747.5,RUNNING
2024-02-25 17:00:00,GEN_M01,80.09,64.1,399.12,114.42,49.972,0.948,19.6,9101.4,RUNNING
2024-02-25 17:00:00,GEN_M02,79.18,63.3,398.64,113.11,49.979,0.903,20.4,14142.2,RUNNING
2024-02-25 17:00:00,GEN_M03,90.81,72.7,397.73,129.73,49.962,0.911,20.8,14749.2,RUNNING
2024-02-25 17:00:00,GEN_B01,76.34,61.1,401.43,109.05,50.027,0.926,16.3,8292.5,RUNNING
2024-02-25 17:00:00,GEN_B02,59.79,47.8,400.28,85.42,49.992,0.904,20.1,14793.0,RUNNING
2024-02-25 18:00:00,GEN_M01,74.92,59.9,397.0,107.03,49.959,0.888,15.9,12678.5,RUNNING
2024-02-25 18:00:00,GEN_M02,80.65,64.5,401.79,115.21,50.042,0.899,14.3,14756.7,RUNNING
2024-02-25 18:00:00,GEN_M03,80.31,64.2,400.87,114.72,50.09,0.944,16.0,8658.5,RUNNING
2024-02-25 18:00:00,GEN_B01,74.37,59.5,402.28,106.25,50.026,0.94,17.9,11865.6,RUNNING
2024-02-25 18:00:00,GEN_B02,80.56,64.4,398.85,115.08,49.955,0.913,15.3,14585.2,RUNNING
2024-02-25 19:00:00,GEN_M01,57.0,45.6,399.38,81.42,50.037,0.943,19.0,9024.5,RUNNING
2024-02-25 19:00:00,GEN_M02,63.35,50.7,400.93,90.5,50.077,0.934,18.6,8358.4,RUNNING
2024-02-25 19:00:00,GEN_M03,68.06,54.4,398.52,97.22,50.094,0.946,20.0,13928.9,RUNNING
2024-02-25 19:00:00,GEN_B01,61.22,49.0,398.78,87.45,50.014,0.923,15.1,9274.5,RUNNING
2024-02-25 19:00:00,GEN_B02,66.06,52.8,401.11,94.37,49.909,0.892,16.6,14030.5,RUNNING
2024-02-25 20:00:00,GEN_M01,54.62,43.7,400.01,78.03,49.993,0.907,18.6,11073.3,RUNNING
2024-02-25 20:00:00,GEN_M02,62.55,50.0,398.85,89.36,49.922,0.878,20.0,13526.9,RUNNING
2024-02-25 20:00:00,GEN_M03,53.67,42.9,399.78,76.67,50.059,0.895,15.1,8416.9,RUNNING
2024-02-25 20:00:00,GEN_B01,64.19,51.3,398.29,91.69,50.005,0.939,14.3,12390.1,RUNNING
2024-02-25 20:00:00,GEN_B02,67.89,54.3,399.07,96.99,50.059,0.947,18.0,13296.9,RUNNING
2024-02-25 21:00:00,GEN_M01,63.23,50.6,399.97,90.33,50.036,0.93,18.4,11077.7,RUNNING
2024-02-25 21:00:00,GEN_M02,63.07,50.5,400.32,90.1,49.962,0.945,19.4,11977.5,RUNNING
2024-02-25 21:00:00,GEN_M03,47.18,37.7,402.31,67.4,50.001,0.951,12.7,11368.1,RUNNING
2024-02-25 21:00:00,GEN_B01,66.37,53.1,400.65,94.81,49.976,0.934,15.6,8833.4,RUNNING
2024-02-25 21:00:00,GEN_B02,62.87,50.3,400.82,89.81,50.047,0.924,17.4,11462.5,RUNNING
2024-02-25 22:00:00,GEN_M01,68.67,54.9,397.21,98.1,50.075,0.941,20.0,14048.7,RUNNING
2024-02-25 22:00:00,GEN_M02,57.11,45.7,399.38,81.58,50.079,0.898,20.4,11972.0,RUNNING
2024-02-25 22:00:00,GEN_M03,65.69,52.6,396.6,93.85,49.925,0.929,17.3,11631.2,RUNNING
2024-02-25 22:00:00,GEN_B01,56.17,44.9,400.46,80.25,50.051,0.947,16.2,13309.3,RUNNING
2024-02-25 22:00:00,GEN_B02,62.09,49.7,401.11,88.71,49.988,0.918,16.2,12891.9,RUNNING
2024-02-25 23:00:00,GEN_M01,56.27,45.0,399.37,80.39,50.072,0.929,16.7,9642.2,RUNNING
2024-02-25 23:00:00,GEN_M02,58.1,46.5,398.99,83.0,50.031,0.916,19.3,12963.0,RUNNING
2024-02-25 23:00:00,GEN_M03,51.41,41.1,400.68,73.44,50.066,0.912,17.9,9071.5,RUNNING
2024-02-25 23:00:00,GEN_B01,48.61,38.9,398.31,69.45,50.021,0.905,16.9,8391.3,RUNNING
2024-02-25 23:00:00,GEN_B02,45.77,36.6,401.02,65.39,49.983,0.934,19.2,10295.0,RUNNING
2024-02-26 00:00:00,GEN_M01,59.3,47.4,399.43,84.72,49.97,0.94,19.6,13936.6,RUNNING
2024-02-26 00:00:00,GEN_M02,60.85,48.7,400.55,86.92,49.971,0.93,21.4,13178.9,RUNNING
2024-02-26 00:00:00,GEN_M03,50.99,40.8,398.74,72.84,50.009,0.924,17.1,14932.0,RUNNING
2024-02-26 00:00:00,GEN_B01,61.82,49.5,400.07,88.31,49.971,0.914,17.8,12437.8,RUNNING
2024-02-26 00:00:00,GEN_B02,55.54,44.4,399.82,79.35,49.905,0.911,20.8,14603.5,RUNNING
2024-02-26 01:00:00,GEN_M01,56.23,45.0,399.49,80.33,49.954,0.912,17.9,8643.1,RUNNING
2024-02-26 01:00:00,GEN_M02,60.78,48.6,398.99,86.83,50.05,0.931,19.2,14271.1,RUNNING
2024-02-26 01:00:00,GEN_M03,49.6,39.7,397.96,70.85,50.024,0.911,15.4,8749.7,RUNNING
2024-02-26 01:00:00,GEN_B01,67.59,54.1,400.71,96.56,50.048,0.9,21.0,9211.4,RUNNING
2024-02-26 01:00:00,GEN_B02,46.26,37.0,398.82,66.09,50.01,0.917,18.1,12903.2,RUNNING
2024-02-26 02:00:00,GEN_M01,53.22,42.6,400.24,76.03,49.913,0.945,14.8,9751.4,RUNNING
2024-02-26 02:00:00,GEN_M02,60.22,48.2,399.0,86.02,50.007,0.9,18.2,8324.8,RUNNING
2024-02-26 02:00:00,GEN_M03,55.62,44.5,399.76,79.46,49.918,0.955,14.8,14621.9,RUNNING
2024-02-26 02:00:00,GEN_B01,57.45,46.0,398.83,82.08,50.027,0.923,14.9,13352.6,RUNNING
2024-02-26 02:00:00,GEN_B02,58.52,46.8,400.58,83.6,49.966,0.918,18.5,10101.6,RUNNING
2024-02-26 03:00:00,GEN_M01,42.32,33.9,400.77,60.46,49.962,0.905,18.8,11009.7,RUNNING
2024-02-26 03:00:00,GEN_M02,57.11,45.7,399.88,81.58,49.992,0.914,19.1,13682.5,RUNNING
2024-02-26 03:00:00,GEN_M03,52.43,41.9,397.27,74.9,49.982,0.931,17.8,13448.3,RUNNING
2024-02-26 03:00:00,GEN_B01,62.53,50.0,400.04,89.33,49.977,0.93,18.3,8928.9,RUNNING
2024-02-26 03:00:00,GEN_B02,58.68,46.9,401.73,83.82,50.006,0.921,17.4,13872.0,RUNNING
2024-02-26 04:00:00,GEN_M01,58.12,46.5,399.24,83.02,50.05,0.911,17.4,12623.2,RUNNING
2024-02-26 04:00:00,GEN_M02,68.04,54.4,399.02,97.2,50.029,0.922,19.1,8941.2,RUNNING
2024-02-26 04:00:00,GEN_M03,51.05,40.8,399.31,72.93,49.975,0.907,13.9,14757.9,RUNNING
2024-02-26 04:00:00,GEN_B01,55.38,44.3,400.98,79.12,50.035,0.926,18.7,14316.7,RUNNING
2024-02-26 04:00:00,GEN_B02,56.66,45.3,401.04,80.95,49.926,0.917,19.4,13715.1,RUNNING
2024-02-26 05:00:00,GEN_M01,42.72,34.2,399.24,61.03,49.994,0.912,13.9,14389.8,RUNNING
2024-02-26 05:00:00,GEN_M02,42.93,34.3,398.94,61.33,50.024,0.906,19.1,9468.8,RUNNING
2024-02-26 05:00:00,GEN_M03,52.52,42.0,400.42,75.03,49.929,0.93,17.9,9923.0,RUNNING
2024-02-26 05:00:00,GEN_B01,50.8,40.6,397.6,72.57,50.033,0.927,19.2,8212.7,RUNNING
2024-02-26 05:00:00,GEN_B02,56.81,45.4,399.56,81.15,50.034,0.911,18.0,11414.3,RUNNING
2024-02-26 06:00:00,GEN_M01,89.26,71.4,402.72,127.52,49.987,0.917,18.5,10018.5,RUNNING
2024-02-26 06:00:00,GEN_M02,78.92,63.1,396.56,112.74,49.971,0.92,15.5,9533.7,RUNNING
2024-02-26 06:00:00,GEN_M03,75.61,60.5,398.0,108.01,49.992,0.939,19.6,10466.7,MAINTENANCE
2024-02-26 06:00:00,GEN_B01,74.17,59.3,402.56,105.95,50.04,0.937,14.5,14622.2,RUNNING
2024-02-26 06:00:00,GEN_B02,56.35,45.1,401.42,80.49,49.93,0.913,16.7,14872.9,RUNNING
2024-02-26 07:00:00,GEN_M01,84.45,67.6,400.01,120.64,50.019,0.926,16.0,9136.8,RUNNING
2024-02-26 07:00:00,GEN_M02,77.24,61.8,400.59,110.35,50.017,0.926,15.9,8842.5,RUNNING
2024-02-26 07:00:00,GEN_M03,82.39,65.9,401.32,117.71,50.015,0.922,18.2,13388.4,RUNNING
2024-02-26 07:00:00,GEN_B01,70.02,56.0,399.24,100.03,49.909,0.927,17.1,8082.6,RUNNING
2024-02-26 07:00:00,GEN_B02,79.22,63.4,401.32,113.17,49.945,0.955,19.0,14429.3,RUNNING
2024-02-26 08:00:00,GEN_M01,83.05,66.4,400.84,118.65,50.066,0.936,17.7,8308.3,RUNNING
2024-02-26 08:00:00,GEN_M02,78.82,63.1,400.88,112.6,49.983,0.947,19.0,9004.7,RUNNING
2024-02-26 08:00:00,GEN_M03,91.99,73.6,398.82,131.41,49.995,0.916,21.2,13845.6,RUNNING
2024-02-26 08:00:00,GEN_B01,107.29,85.8,399.87,153.27,50.003,0.93,19.6,11183.1,RUNNING
2024-02-26 08:00:00,GEN_B02,76.16,60.9,398.28,108.81,50.013,0.941,19.4,9312.6,RUNNING
2024-02-26 09:00:00,GEN_M01,85.55,68.4,399.74,122.22,49.955,0.943,19.9,9701.2,RUNNING
2024-02-26 09:00:00,GEN_M02,106.39,85.1,401.18,151.99,50.099,0.938,16.5,14077.4,RUNNING
2024-02-26 09:00:00,GEN_M03,83.84,67.1,403.06,119.77,50.043,0.892,14.7,11576.2,RUNNING
2024-02-26 09:00:00,GEN_B01,78.47,62.8,400.26,112.1,50.04,0.91,16.4,11526.5,RUNNING
2024-02-26 09:00:00,GEN_B02,82.53,66.0,398.56,117.89,49.932,0.949,19.5,12477.4,RUNNING
2024-02-26 10:00:00,GEN_M01,80.45,64.4,396.17,114.93,50.027,0.941,20.0,11059.0,RUNNING
2024-02-26 10:00:00,GEN_M02,74.37,59.5,399.61,106.24,50.079,0.911,17.4,9276.1,RUNNING
2024-02-26 10:00:00,GEN_M03,77.56,62.1,400.96,110.81,49.962,0.927,17.9,11690.0,RUNNING
2024-02-26 10:00:00,GEN_B01,87.37,69.9,400.11,124.81,49.974,0.917,17.4,12967.7,RUNNING
2024-02-26 10:00:00,GEN_B02,81.7,65.4,402.12,116.71,49.934,0.914,20.2,9629.6,RUNNING
2024-02-26 11:00:00,GEN_M01,95.41,76.3,401.6,136.3,49.999,0.914,19.0,11517.2,RUNNING
2024-02-26 11:00:00,GEN_M02,77.44,62.0,399.69,110.63,49.979,0.923,15.5,12698.1,RUNNING
2024-02-26 11:00:00,GEN_M03,78.46,62.8,399.2,112.09,50.089,0.941,20.1,11832.2,RUNNING
2024-02-26 11:00:00,GEN_B01,78.44,62.7,402.63,112.05,50.055,0.9,16.5,12551.5,RUNNING
2024-02-26 11:00:00,GEN_B02,91.03,72.8,402.19,130.04,50.012,0.917,19.2,14129.7,RUNNING
2024-02-26 12:00:00,GEN_M01,89.13,71.3,397.2,127.33,49.878,0.925,17.5,10229.4,RUNNING
2024-02-26 12:00:00,GEN_M02,69.44,55.6,400.18,99.2,50.036,0.93,21.7,11373.7,RUNNING
2024-02-26 12:00:00,GEN_M03,69.05,55.2,397.27,98.64,49.979,0.915,21.0,10157.4,RUNNING
2024-02-26 12:00:00,GEN_B01,71.39,57.1,400.75,101.99,50.012,0.928,17.9,10421.2,RUNNING
2024-02-26 12:00:00,GEN_B02,88.25,70.6,399.04,126.07,50.006,0.928,15.4,12745.5,RUNNING
2024-02-26 13:00:00,GEN_M01,86.54,69.2,398.92,123.63,49.936,0.893,16.7,11958.4,RUNNING
2024-02-26 13:00:00,GEN_M02,87.29,69.8,398.29,124.7,49.989,0.922,15.8,11029.4,RUNNING
2024-02-26 13:00:00,GEN_M03,83.88,67.1,398.21,119.83,49.999,0.93,20.7,12846.9,RUNNING
2024-02-26 13:00:00,GEN_B01,67.86,54.3,400.07,96.94,49.929,0.934,18.8,14561.4,RUNNING
2024-02-26 13:00:00,GEN_B02,72.29,57.8,399.21,103.27,50.056,0.879,15.6,10610.8,RUNNING
2024-02-26 14:00:00,GEN_M01,74.26,59.4,400.9,106.08,50.015,0.921,18.1,12227.1,RUNNING
2024-02-26 14:00:00,GEN_M02,76.89,61.5,399.37,109.84,49.884,0.94,19.9,13034.8,RUNNING
2024-02-26 14:00:00,GEN_M03,75.58,60.5,399.1,107.97,50.002,0.897,16.8,11180.5,RUNNING
2024-02-26 14:00:00,GEN_B01,88.88,71.1,399.85,126.97,50.016,0.929,14.3,12207.5,RUNNING
2024-02-26 14:00:00,GEN_B02,63.13,50.5,400.61,90.19,49.977,0.95,15.1,10099.6,RUNNING
2024-02-26 15:00:00,GEN_M01,71.88,57.5,398.76,102.68,50.028,0.941,18.1,12872.8,RUNNING
2024-02-26 15:00:00,GEN_M02,74.05,59.2,401.27,105.78,49.953,0.921,17.7,13079.1,RUNNING
2024-02-26 15:00:00,GEN_M03,87.89,70.3,400.43,125.56,49.934,0.906,15.8,13975.7,RUNNING
2024-02-26 15:00:00,GEN_B01,86.53,69.2,400.67,123.61,50.026,0.927,17.6,10875.0,RUNNING
2024-02-26 15:00:00,GEN_B02,75.5,60.4,400.93,107.86,50.076,0.931,15.9,12256.4,RUNNING
2024-02-26 16:00:00,GEN_M01,63.15,50.5,400.03,90.21,49.928,0.921,16.3,12236.8,RUNNING
2024-02-26 16:00:00,GEN_M02,85.94,68.8,399.83,122.78,49.995,0.906,15.1,9303.2,RUNNING
2024-02-26 16:00:00,GEN_M03,87.39,69.9,400.2,124.84,49.975,0.899,20.2,12604.3,RUNNING
2024-02-26 16:00:00,GEN_B01,101.67,81.3,402.42,145.25,49.992,0.886,17.2,14621.8,RUNNING
2024-02-26 16:00:00,GEN_B02,83.9,67.1,400.4,119.86,50.067,0.887,15.1,10135.7,RUNNING
2024-02-26 17:00:00,GEN_M01,72.25,57.8,400.63,103.22,50.044,0.907,18.4,8256.4,RUNNING
2024-02-26 17:00:00,GEN_M02,55.73,44.6,397.65,79.62,50.047,0.919,18.3,10147.4,RUNNING
2024-02-26 17:00:00,GEN_M03,78.29,62.6,400.67,111.84,50.013,0.91,17.1,13240.4,RUNNING
2024-02-26 17:00:00,GEN_B01,90.38,72.3,402.02,129.11,50.038,0.93,16.2,14953.7,RUNNING
2024-02-26 17:00:00,GEN_B02,86.52,69.2,402.26,123.59,50.048,0.925,15.2,10138.4,RUNNING
2024-02-26 18:00:00,GEN_M01,83.69,66.9,399.15,119.55,50.027,0.904,17.3,14762.0,RUNNING
2024-02-26 18:00:00,GEN_M02,82.76,66.2,400.61,118.22,50.035,0.881,19.4,12033.3,RUNNING
2024-02-26 18:00:00,GEN_M03,84.97,68.0,401.73,121.38,50.013,0.905,16.5,11232.0,RUNNING
2024-02-26 18:00:00,GEN_B01,75.57,60.5,399.7,107.95,50.051,0.93,17.5,10268.5,RUNNING
2024-02-26 18:00:00,GEN_B02,81.3,65.0,396.76,116.14,49.963,0.914,16.2,9425.7,RUNNING
2024-02-26 19:00:00,GEN_M01,53.25,42.6,396.65,76.07,49.961,0.936,19.0,8704.7,RUNNING
2024-02-26 19:00:00,GEN_M02,51.24,41.0,398.98,73.2,50.022,0.915,15.1,8423.9,RUNNING
2024-02-26 19:00:00,GEN_M03,50.81,40.7,400.56,72.59,49.937,0.922,18.5,12590.4,RUNNING
2024-02-26 19:00:00,GEN_B01,65.48,52.4,401.6,93.55,49.962,0.917,17.0,8892.1,RUNNING
2024-02-26 19:00:00,GEN_B02,51.86,41.5,400.1,74.09,50.0,0.918,17.5,13838.7,RUNNING
2024-02-26 20:00:00,GEN_M01,41.17,32.9,399.47,58.81,49.996,0.947,21.4,13531.2,RUNNING
2024-02-26 20:00:00,GEN_M02,60.8,48.6,401.38,86.86,49.937,0.928,17.2,8993.7,RUNNING
2024-02-26 20:00:00,GEN_M03,60.46,48.4,401.06,86.38,50.01,0.914,19.8,9326.3,RUNNING
2024-02-26 20:00:00,GEN_B01,53.78,43.0,401.5,76.83,50.013,0.936,21.0,9608.6,RUNNING
2024-02-26 20:00:00,GEN_B02,61.03,48.8,398.98,87.18,49.923,0.897,20.1,11165.6,RUNNING
2024-02-26 21:00:00,GEN_M01,55.53,44.4,400.0,79.32,49.975,0.919,16.2,9349.1,RUNNING
2024-02-26 21:00:00,GEN_M02,58.36,46.7,399.99,83.37,49.996,0.927,15.8,11449.9,RUNNING
2024-02-26 21:00:00,GEN_M03,57.63,46.1,401.39,82.34,50.017,0.938,16.3,8729.3,RUNNING
2024-02-26 21:00:00,GEN_B01,55.35,44.3,403.37,79.07,49.97,0.897,14.9,10467.1,RUNNING
2024-02-26 21:00:00,GEN_B02,61.63,49.3,399.79,88.04,49.982,0.952,17.8,8671.4,RUNNING
2024-02-26 22:00:00,GEN_M01,63.58,50.9,399.84,90.82,49.955,0.924,16.1,8627.3,RUNNING
2024-02-26 22:00:00,GEN_M02,56.55,45.2,400.23,80.78,50.041,0.934,17.5,10201.9,RUNNING
2024-02-26 22:00:00,GEN_M03,63.18,50.5,400.74,90.26,50.042,0.887,16.0,10976.7,RUNNING
2024-02-26 22:00:00,GEN_B01,53.2,42.6,401.25,76.0,50.055,0.906,16.7,10986.0,RUNNING
2024-02-26 22:00:00,GEN_B02,44.95,36.0,399.5,64.21,49.986,0.909,16.6,8530.6,RUNNING
2024-02-26 23:00:00,GEN_M01,50.81,40.6,400.05,72.58,49.989,0.919,18.9,10536.6,RUNNING
2024-02-26 23:00:00,GEN_M02,46.7,37.4,399.65,66.71,50.024,0.938,15.6,9573.5,RUNNING
2024-02-26 23:00:00,GEN_M03,68.61,54.9,396.75,98.02,49.984,0.908,17.1,11703.8,RUNNING
2024-02-26 23:00:00,GEN_B01,53.42,42.7,399.59,76.31,50.083,0.958,13.3,13891.3,RUNNING
2024-02-26 23:00:00,GEN_B02,56.69,45.4,400.69,80.98,50.042,0.898,17.2,9230.2,RUNNING
2024-02-27 00:00:00,GEN_M01,67.78,54.2,399.05,96.82,50.005,0.939,15.6,14877.3,RUNNING
2024-02-27 00:00:00,GEN_M02,61.33,49.1,400.01,87.62,49.959,0.908,19.5,8930.4,RUNNING
2024-02-27 00:00:00,GEN_M03,63.07,50.5,397.65,90.1,49.985,0.918,15.8,11961.7,RUNNING
2024-02-27 00:00:00,GEN_B01,62.7,50.2,398.77,89.58,50.004,0.877,19.7,8800.5,RUNNING
2024-02-27 00:00:00,GEN_B02,62.8,50.2,399.97,89.71,49.934,0.933,19.0,14949.5,RUNNING
2024-02-27 01:00:00,GEN_M01,54.41,43.5,401.17,77.73,50.058,0.947,11.8,13663.3,RUNNING
2024-02-27 01:00:00,GEN_M02,46.67,37.3,399.38,66.67,50.026,0.901,13.6,10218.5,RUNNING
2024-02-27 01:00:00,GEN_M03,44.32,35.5,400.02,63.31,49.992,0.919,18.6,8966.4,RUNNING
2024-02-27 01:00:00,GEN_B01,47.99,38.4,401.87,68.56,49.975,0.957,18.4,14376.7,RUNNING
2024-02-27 01:00:00,GEN_B02,59.07,47.3,399.32,84.39,50.028,0.941,19.3,11542.2,MAINTENANCE
2024-02-27 02:00:00,GEN_M01,50.5,40.4,399.48,72.14,49.955,0.919,16.4,8990.5,RUNNING
2024-02-27 02:00:00,GEN_M02,58.73,47.0,401.28,83.9,49.97,0.936,16.2,12851.8,RUNNING
2024-02-27 02:00:00,GEN_M03,61.89,49.5,401.3,88.42,50.065,0.914,12.1,12628.7,RUNNING
2024-02-27 02:00:00,GEN_B01,58.84,47.1,396.7,84.06,49.975,0.936,22.3,10423.0,RUNNING
2024-02-27 02:00:00,GEN_B02,51.46,41.2,399.02,73.52,49.994,0.891,16.2,11294.0,RUNNING
2024-02-27 03:00:00,GEN_M01,54.34,43.5,399.75,77.63,49.948,0.939,16.0,11644.6,MAINTENANCE
2024-02-27 03:00:00,GEN_M02,55.16,44.1,400.0,78.79,50.04,0.914,17.4,8322.5,RUNNING
2024-02-27 03:00:00,GEN_M03,50.85,40.7,398.42,72.65,50.052,0.904,17.2,11375.8,RUNNING
2024-02-27 03:00:00,GEN_B01,62.67,50.1,397.05,89.53,49.918,0.97,15.9,8462.9,RUNNING
2024-02-27 03:00:00,GEN_B02,51.77,41.4,398.05,73.95,50.009,0.927,19.6,14202.1,RUNNING
2024-02-27 04:00:00,GEN_M01,77.52,62.0,398.93,110.75,50.018,0.902,16.8,8473.3,RUNNING
2024-02-27 04:00:00,GEN_M02,59.32,47.5,400.16,84.75,50.038,0.953,18.4,9502.0,RUNNING
2024-02-27 04:00:00,GEN_M03,46.16,36.9,399.03,65.94,50.017,0.943,18.4,13817.3,RUNNING
2024-02-27 04:00:00,GEN_B01,51.12,40.9,400.9,73.02,49.98,0.891,18.8,8477.5,RUNNING
2024-02-27 04:00:00,GEN_B02,50.91,40.7,400.87,72.73,50.014,0.908,15.4,9702.8,RUNNING
2024-02-27 05:00:00,GEN_M01,53.04,42.4,402.97,75.77,49.973,0.933,16.2,9674.2,RUNNING
2024-02-27 05:00:00,GEN_M02,51.16,40.9,399.8,73.08,49.927,0.928,19.0,12041.3,RUNNING
2024-02-27 05:00:00,GEN_M03,51.88,41.5,400.92,74.12,49.987,0.898,18.2,10248.9,RUNNING
2024-02-27 05:00:00,GEN_B01,54.53,43.6,399.49,77.9,50.061,0.928,21.0,8800.7,RUNNING
2024-02-27 05:00:00,GEN_B02,52.1,41.7,401.87,74.43,50.002,0.947,19.2,14279.3,RUNNING
2024-02-27 06:00:00,GEN_M01,110.76,88.6,399.73,158.23,50.015,0.899,22.3,8645.2,RUNNING
2024-02-27 06:00:00,GEN_M02,89.24,71.4,398.84,127.48,50.059,0.915,18.2,13412.4,RUNNING
2024-02-27 06:00:00,GEN_M03,76.6,61.3,402.62,109.43,49.969,0.934,17.3,8372.2,RUNNING
2024-02-27 06:00:00,GEN_B01,75.42,60.3,399.88,107.74,50.134,0.936,15.4,14487.7,RUNNING
2024-02-27 06:00:00,GEN_B02,85.87,68.7,399.42,122.67,49.926,0.956,16.3,9051.1,RUNNING
2024-02-27 07:00:00,GEN_M01,83.94,67.2,400.31,119.91,50.105,0.926,17.8,13035.1,RUNNING
2024-02-27 07:00:00,GEN_M02,79.95,64.0,397.71,114.22,49.99,0.926,14.0,10833.2,RUNNING
2024-02-27 07:00:00,GEN_M03,89.47,71.6,401.67,127.81,50.064,0.959,15.8,12897.4,RUNNING
2024-02-27 07:00:00,GEN_B01,74.32,59.5,398.41,106.17,50.029,0.926,17.8,12808.1,RUNNING
2024-02-27 07:00:00,GEN_B02,56.71,45.4,400.42,81.02,49.925,0.905,16.3,10789.0,RUNNING
2024-02-27 08:00:00,GEN_M01,81.35,65.1,400.51,116.21,50.028,0.934,14.6,10794.7,RUNNING
2024-02-27 08:00:00,GEN_M02,85.93,68.7,399.12,122.76,49.933,0.922,15.3,14829.0,RUNNING
2024-02-27 08:00:00,GEN_M03,79.85,63.9,397.58,114.08,49.999,0.944,18.3,11491.2,RUNNING
2024-02-27 08:00:00,GEN_B01,86.97,69.6,400.02,124.25,49.981,0.955,15.9,14287.6,RUNNING
2024-02-27 08:00:00,GEN_B02,82.11,65.7,399.93,117.3,50.024,0.916,18.0,13517.2,RUNNING
2024-02-27 09:00:00,GEN_M01,88.99,71.2,399.77,127.12,50.042,0.93,18.4,11803.5,RUNNING
2024-02-27 09:00:00,GEN_M02,78.84,63.1,399.25,112.63,50.049,0.949,17.7,12458.8,RUNNING
2024-02-27 09:00:00,GEN_M03,87.04,69.6,401.25,124.34,49.936,0.924,16.9,11272.8,RUNNING
2024-02-27 09:00:00,GEN_B01,66.85,53.5,399.41,95.5,50.045,0.918,19.6,9227.3,RUNNING
2024-02-27 09:00:00,GEN_B02,62.81,50.2,402.26,89.73,50.084,0.915,17.4,10458.3,RUNNING
2024-02-27 10:00:00,GEN_M01,86.05,68.8,397.64,122.92,49.975,0.946,17.2,8156.3,RUNNING
2024-02-27 10:00:00,GEN_M02,84.17,67.3,400.82,120.25,50.007,0.935,16.5,11617.1,RUNNING
2024-02-27 10:00:00,GEN_M03,85.09,68.1,399.93,121.56,50.067,0.92,16.2,9074.6,RUNNING
2024-02-27 10:00:00,GEN_B01,79.08,63.3,402.54,112.97,49.96,0.925,17.8,8679.3,RUNNING
2024-02-27 10:00:00,GEN_B02,81.02,64.8,399.9,115.74,50.036,0.898,17.3,9893.6,RUNNING
2024-02-27 11:00:00,GEN_M01,88.14,70.5,400.17,125.91,49.956,0.923,18.2,10568.4,RUNNING
2024-02-27 11:00:00,GEN_M02,81.62,65.3,398.27,116.6,49.95,0.922,14.0,9832.5,RUNNING
2024-02-27 11:00:00,GEN_M03,85.66,68.5,400.17,122.38,49.965,0.957,17.7,13352.0,RUNNING
2024-02-27 11:00:00,GEN_B01,83.09,66.5,399.42,118.71,50.05,0.931,17.1,9906.1,RUNNING
2024-02-27 11:00:00,GEN_B02,63.87,51.1,400.94,91.25,49.946,0.918,17.4,11529.1,RUNNING
2024-02-27 12:00:00,GEN_M01,74.31,59.4,399.27,106.15,49.946,0.912,14.7,8206.8,RUNNING
2024-02-27 12:00:00,GEN_M02,86.67,69.3,401.25,123.82,49.982,0.922,13.8,10384.0,RUNNING
2024-02-27 12:00:00,GEN_M03,75.45,60.4,398.64,107.79,49.999,0.926,14.7,10828.9,RUNNING
2024-02-27 12:00:00,GEN_B01,74.41,59.5,398.59,106.3,50.001,0.907,18.9,10522.2,RUNNING
2024-02-27 12:00:00,GEN_B02,87.87,70.3,402.31,125.53,49.932,0.892,19.4,14159.8,RUNNING
2024-02-27 13:00:00,GEN_M01,92.9,74.3,399.07,132.72,49.838,0.922,19.4,10705.9,RUNNING
2024-02-27 13:00:00,GEN_M02,83.06,66.4,402.37,118.66,49.981,0.9,18.0,9232.9,RUNNING
2024-02-27 13:00:00,GEN_M03,90.42,72.3,399.43,129.18,50.035,0.954,17.5,12973.1,RUNNING
2024-02-27 13:00:00,GEN_B01,65.95,52.8,400.84,94.22,49.996,0.898,15.2,10038.9,RUNNING
2024-02-27 13:00:00,GEN_B02,81.34,65.1,400.86,116.2,50.03,0.92,20.9,12124.5,RUNNING
2024-02-27 14:00:00,GEN_M01,77.57,62.1,398.9,110.82,49.986,0.949,18.9,13439.8,RUNNING
2024-02-27 14:00:00,GEN_M02,85.13,68.1,398.78,121.61,50.083,0.93,18.5,11804.2,RUNNING
2024-02-27 14:00:00,GEN_M03,92.36,73.9,399.44,131.94,50.053,0.921,21.2,12091.3,RUNNING
2024-02-27 14:00:00,GEN_B01,61.27,49.0,400.91,87.53,50.038,0.972,19.4,10062.5,RUNNING
2024-02-27 14:00:00,GEN_B02,79.98,64.0,398.1,114.26,50.062,0.92,20.7,12354.4,RUNNING
2024-02-27 15:00:00,GEN_M01,72.93,58.3,400.09,104.19,49.951,0.959,15.7,9286.6,RUNNING
2024-02-27 15:00:00,GEN_M02,76.96,61.6,398.53,109.95,49.982,0.944,20.2,11929.4,RUNNING
2024-02-27 15:00:00,GEN_M03,84.67,67.7,400.08,120.96,50.047,0.925,17.1,8591.5,RUNNING
2024-02-27 15:00:00,GEN_B01,92.02,73.6,396.75,131.45,49.989,0.928,16.0,8143.7,RUNNING
2024-02-27 15:00:00,GEN_B02,77.09,61.7,399.45,110.12,49.999,0.894,16.3,10982.4,RUNNING
2024-02-27 16:00:00,GEN_M01,86.65,69.3,400.75,123.79,49.904,0.926,18.0,11892.7,RUNNING
2024-02-27 16:00:00,GEN_M02,75.82,60.7,397.46,108.32,49.969,0.936,15.0,10669.9,MAINTENANCE
2024-02-27 16:00:00,GEN_M03,92.77,74.2,400.12,132.54,49.983,0.92,17.8,10191.2,RUNNING
2024-02-27 16:00:00,GEN_B01,93.41,74.7,400.99,133.44,49.974,0.94,16.7,13683.9,RUNNING
2024-02-27 16:00:00,GEN_B02,100.07,80.1,401.13,142.96,50.023,0.929,12.2,14230.5,RUNNING
2024-02-27 17:00:00,GEN_M01,83.66,66.9,401.24,119.51,49.999,0.916,19.2,8150.4,RUNNING
2024-02-27 17:00:00,GEN_M02,99.05,79.2,401.12,141.5,50.037,0.909,14.8,10922.1,RUNNING
2024-02-27 17:00:00,GEN_M03,84.21,67.4,401.68,120.3,49.965,0.898,20.0,14690.7,RUNNING
2024-02-27 17:00:00,GEN_B01,82.9,66.3,395.64,118.43,49.976,0.963,14.9,14770.0,RUNNING
2024-02-27 17:00:00,GEN_B02,76.78,61.4,401.05,109.68,49.998,0.913,18.1,11577.9,RUNNING
2024-02-27 18:00:00,GEN_M01,80.34,64.3,398.46,114.77,49.937,0.888,19.0,14375.2,RUNNING
2024-02-27 18:00:00,GEN_M02,86.93,69.5,397.94,124.19,49.982,0.938,17.5,13862.3,RUNNING
2024-02-27 18:00:00,GEN_M03,76.71,61.4,397.33,109.59,49.989,0.912,18.8,10342.9,RUNNING
2024-02-27 18:00:00,GEN_B01,67.27,53.8,401.95,96.1,50.008,0.936,15.9,10886.2,RUNNING
2024-02-27 18:00:00,GEN_B02,102.11,81.7,398.39,145.88,50.011,0.9,19.1,11614.1,RUNNING
2024-02-27 19:00:00,GEN_M01,66.7,53.4,398.33,95.29,49.986,0.928,17.9,10884.1,RUNNING
2024-02-27 19:00:00,GEN_M02,55.09,44.1,399.31,78.7,49.999,0.902,15.7,14247.2,RUNNING
2024-02-27 19:00:00,GEN_M03,56.05,44.8,399.06,80.07,50.029,0.89,14.9,8570.9,RUNNING
2024-02-27 19:00:00,GEN_B01,57.05,45.6,396.12,81.49,49.975,0.927,17.4,12528.5,RUNNING
2024-02-27 19:00:00,GEN_B02,54.66,43.7,400.81,78.09,49.962,0.891,19.4,9383.7,RUNNING
2024-02-27 20:00:00,GEN_M01,52.29,41.8,401.72,74.7,50.064,0.921,17.8,12297.6,RUNNING
2024-02-27 20:00:00,GEN_M02,52.43,41.9,401.02,74.9,50.01,0.91,16.8,12236.5,RUNNING
2024-02-27 20:00:00,GEN_M03,52.22,41.8,401.68,74.59,49.994,0.949,14.6,9098.6,RUNNING
2024-02-27 20:00:00,GEN_B01,52.88,42.3,398.14,75.55,50.02,0.922,16.8,8295.9,RUNNING
2024-02-27 20:00:00,GEN_B02,67.31,53.8,401.82,96.16,49.951,0.927,14.5,10785.8,RUNNING
2024-02-27 21:00:00,GEN_M01,47.66,38.1,400.16,68.08,50.088,0.877,16.0,8227.7,RUNNING
2024-02-27 21:00:00,GEN_M02,41.88,33.5,399.29,59.83,50.023,0.922,15.1,12810.0,RUNNING
2024-02-27 21:00:00,GEN_M03,46.41,37.1,400.63,66.29,49.99,0.952,13.7,13838.5,RUNNING
2024-02-27 21:00:00,GEN_B01,60.33,48.3,400.65,86.18,50.023,0.874,19.0,13356.0,RUNNING
2024-02-27 21:00:00,GEN_B02,54.47,43.6,399.58,77.82,50.04,0.926,15.4,14026.8,RUNNING
2024-02-27 22:00:00,GEN_M01,58.2,46.6,398.06,83.14,50.024,0.905,16.3,14383.6,RUNNING
2024-02-27 22:00:00,GEN_M02,54.44,43.6,399.67,77.77,49.978,0.914,19.5,8889.0,RUNNING
2024-02-27 22:00:00,GEN_M03,68.83,55.1,401.18,98.33,49.949,0.931,16.3,14937.8,RUNNING
2024-02-27 22:00:00,GEN_B01,57.52,46.0,399.66,82.17,49.991,0.932,18.2,10254.6,RUNNING
2024-02-27 22:00:00,GEN_B02,57.59,46.1,397.48,82.27,50.09,0.951,13.4,8021.2,RUNNING
2024-02-27 23:00:00,GEN_M01,51.97,41.6,401.55,74.24,50.024,0.918,19.4,8002.3,RUNNING
2024-02-27 23:00:00,GEN_M02,60.95,48.8,400.96,87.07,49.923,0.961,19.0,12168.9,RUNNING
2024-02-27 23:00:00,GEN_M03,74.27,59.4,400.77,106.11,50.102,0.94,13.6,10180.1,RUNNING
2024-02-27 23:00:00,GEN_B01,62.18,49.7,401.17,88.83,49.948,0.899,17.9,10213.3,RUNNING
2024-02-27 23:00:00,GEN_B02,55.18,44.1,399.7,78.83,49.967,0.919,16.4,12170.5,RUNNING
2024-02-28 00:00:00,GEN_M01,58.2,46.6,401.99,83.15,49.959,0.944,14.7,8408.7,RUNNING
2024-02-28 00:00:00,GEN_M02,58.72,47.0,400.26,83.89,50.028,0.94,19.3,12018.5,RUNNING
2024-02-28 00:00:00,GEN_M03,59.61,47.7,396.38,85.16,49.993,0.906,14.6,14606.7,RUNNING
2024-02-28 00:00:00,GEN_B01,51.17,40.9,401.34,73.1,50.002,0.921,16.0,11636.4,RUNNING
2024-02-28 00:00:00,GEN_B02,55.84,44.7,402.7,79.78,49.998,0.929,18.3,8283.1,RUNNING
2024-02-28 01:00:00,GEN_M01,55.44,44.4,402.54,79.2,49.972,0.889,16.1,14170.6,RUNNING
2024-02-28 01:00:00,GEN_M02,65.57,52.5,401.67,93.67,50.103,0.906,14.9,12345.1,RUNNING
2024-02-28 01:00:00,GEN_M03,54.94,44.0,399.4,78.49,50.039,0.906,14.3,11355.6,RUNNING
2024-02-28 01:00:00,GEN_B01,74.18,59.3,399.69,105.97,49.944,0.928,16.7,13467.7,RUNNING
2024-02-28 01:00:00,GEN_B02,62.88,50.3,397.16,89.83,50.023,0.961,16.1,11860.2,RUNNING
2024-02-28 02:00:00,GEN_M01,66.07,52.9,397.86,94.39,50.002,0.95,17.0,8944.9,RUNNING
2024-02-28 02:00:00,GEN_M02,52.45,42.0,400.58,74.93,50.006,0.911,17.1,8329.7,RUNNING
2024-02-28 02:00:00,GEN_M03,59.57,47.7,401.1,85.1,49.985,0.908,18.6,8478.3,RUNNING
2024-02-28 02:00:00,GEN_B01,70.97,56.8,398.6,101.39,49.968,0.929,14.3,11644.5,MAINTENANCE
2024-02-28 02:00:00,GEN_B02,45.5,36.4,398.89,65.0,50.012,0.909,20.1,12522.5,RUNNING
2024-02-28 03:00:00,GEN_M01,53.86,43.1,400.47,76.95,49.994,0.933,15.3,8886.1,RUNNING
2024-02-28 03:00:00,GEN_M02,61.72,49.4,400.55,88.16,49.978,0.946,16.6,14120.0,RUNNING
2024-02-28 03:00:00,GEN_M03,53.56,42.8,399.3,76.51,49.963,0.961,16.8,11956.8,RUNNING
2024-02-28 03:00:00,GEN_B01,52.68,42.1,399.18,75.25,50.006,0.964,19.5,13003.0,RUNNING
2024-02-28 03:00:00,GEN_B02,49.07,39.3,399.57,70.1,49.97,0.925,18.3,10662.3,RUNNING
2024-02-28 04:00:00,GEN_M01,50.07,40.1,398.38,71.52,50.008,0.905,16.6,11865.4,RUNNING
2024-02-28 04:00:00,GEN_M02,55.92,44.7,402.71,79.89,49.996,0.919,18.4,12857.7,RUNNING
2024-02-28 04:00:00,GEN_M03,70.93,56.7,402.14,101.32,49.863,0.967,19.1,9115.2,RUNNING
2024-02-28 04:00:00,GEN_B01,55.47,44.4,402.6,79.24,50.039,0.913,22.0,10107.6,RUNNING
2024-02-28 04:00:00,GEN_B02,63.23,50.6,399.55,90.33,50.077,0.934,12.1,10668.2,RUNNING
2024-02-28 05:00:00,GEN_M01,44.78,35.8,401.31,63.97,50.03,0.899,17.4,13621.5,RUNNING
2024-02-28 05:00:00,GEN_M02,59.91,47.9,401.09,85.59,50.048,0.958,22.2,9180.4,MAINTENANCE
2024-02-28 05:00:00,GEN_M03,62.63,50.1,401.86,89.47,49.98,0.9,16.2,13083.6,RUNNING
2024-02-28 05:00:00,GEN_B01,60.9,48.7,400.94,87.0,50.009,0.926,19.4,9394.7,RUNNING
2024-02-28 05:00:00,GEN_B02,60.68,48.5,398.06,86.69,49.976,0.931,16.0,12470.2,RUNNING
2024-02-28 06:00:00,GEN_M01,85.66,68.5,399.09,122.38,50.046,0.896,17.5,12389.8,RUNNING
2024-02-28 06:00:00,GEN_M02,84.41,67.5,398.28,120.58,49.916,0.901,18.2,12588.5,RUNNING
2024-02-28 06:00:00,GEN_M03,77.22,61.8,401.93,110.32,50.052,0.906,21.2,8801.0,RUNNING
2024-02-28 06:00:00,GEN_B01,91.57,73.3,398.44,130.82,49.964,0.897,17.0,11294.4,RUNNING
2024-02-28 06:00:00,GEN_B02,71.83,57.5,400.0,102.62,50.053,0.923,18.3,9336.5,RUNNING
2024-02-28 07:00:00,GEN_M01,66.88,53.5,401.63,95.54,49.923,0.918,18.4,9975.2,RUNNING
2024-02-28 07:00:00,GEN_M02,92.78,74.2,399.35,132.54,50.0,0.941,14.1,13241.1,RUNNING
2024-02-28 07:00:00,GEN_M03,86.7,69.4,402.47,123.85,49.966,0.864,16.5,11399.5,RUNNING
2024-02-28 07:00:00,GEN_B01,77.93,62.3,400.23,111.34,50.06,0.929,16.2,10440.3,RUNNING
2024-02-28 07:00:00,GEN_B02,87.74,70.2,400.16,125.34,50.024,0.932,18.7,13349.2,RUNNING
2024-02-28 08:00:00,GEN_M01,75.93,60.7,397.35,108.48,50.037,0.909,15.6,8797.3,RUNNING
2024-02-28 08:00:00,GEN_M02,93.91,75.1,401.27,134.16,49.997,0.925,15.1,12763.2,RUNNING
2024-02-28 08:00:00,GEN_M03,72.75,58.2,401.23,103.93,50.018,0.933,18.3,9129.4,RUNNING
2024-02-28 08:00:00,GEN_B01,88.51,70.8,401.99,126.44,49.998,0.934,21.7,10117.5,RUNNING
2024-02-28 08:00:00,GEN_B02,68.78,55.0,400.45,98.26,50.054,0.916,17.8,12170.4,RUNNING
2024-02-28 09:00:00,GEN_M01,91.92,73.5,402.24,131.31,50.042,0.902,20.6,14879.8,RUNNING
2024-02-28 09:00:00,GEN_M02,84.18,67.3,400.76,120.25,49.959,0.927,21.7,14077.4,RUNNING
2024-02-28 09:00:00,GEN_M03,71.35,57.1,400.62,101.93,50.037,0.904,15.5,9688.3,RUNNING
2024-02-28 09:00:00,GEN_B01,79.96,64.0,399.55,114.22,50.004,0.885,13.4,8188.1,RUNNING
2024-02-28 09:00:00,GEN_B02,71.18,56.9,400.43,101.68,49.916,0.934,17.0,8746.7,RUNNING
2024-02-28 10:00:00,GEN_M01,62.6,50.1,400.77,89.43,50.007,0.923,16.7,8008.8,MAINTENANCE
2024-02-28 10:00:00,GEN_M02,77.86,62.3,398.34,111.23,50.0,0.91,17.1,12732.7,RUNNING
2024-02-28 10:00:00,GEN_M03,65.5,52.4,400.88,93.57,49.974,0.941,18.3,9518.4,RUNNING
2024-02-28 10:00:00,GEN_B01,75.77,60.6,398.56,108.24,49.96,0.919,17.2,13858.7,RUNNING
2024-02-28 10:00:00,GEN_B02,90.56,72.4,399.78,129.37,49.98,0.919,18.4,11154.7,RUNNING
2024-02-28 11:00:00,GEN_M01,75.69,60.5,398.77,108.12,50.048,0.892,15.5,12879.5,RUNNING
2024-02-28 11:00:00,GEN_M02,77.33,61.9,398.25,110.47,50.004,0.935,20.0,14839.3,RUNNING
2024-02-28 11:00:00,GEN_M03,72.19,57.8,399.41,103.13,50.025,0.906,20.6,11890.9,RUNNING
2024-02-28 11:00:00,GEN_B01,102.22,81.8,401.26,146.03,49.952,0.922,19.6,14926.8,RUNNING
2024-02-28 11:00:00,GEN_B02,78.08,62.5,399.77,111.55,49.995,0.9,15.5,12288.8,RUNNING
2024-02-28 12:00:00,GEN_M01,89.38,71.5,397.43,127.69,49.958,0.953,18.2,11977.8,RUNNING
2024-02-28 12:00:00,GEN_M02,89.1,71.3,396.86,127.29,50.083,0.922,15.6,9203.4,RUNNING
2024-02-28 12:00:00,GEN_M03,69.72,55.8,402.13,99.6,49.918,0.952,14.1,11391.9,RUNNING
2024-02-28 12:00:00,GEN_B01,71.38,57.1,400.15,101.97,49.956,0.914,15.9,13389.9,RUNNING
2024-02-28 12:00:00,GEN_B02,86.38,69.1,401.58,123.39,50.013,0.924,17.7,9586.5,RUNNING
2024-02-28 13:00:00,GEN_M01,80.05,64.0,401.53,114.36,50.029,0.931,17.5,12528.7,RUNNING
2024-02-28 13:00:00,GEN_M02,77.26,61.8,400.83,110.37,49.942,0.923,17.6,10327.2,RUNNING
2024-02-28 13:00:00,GEN_M03,83.61,66.9,400.25,119.45,49.974,0.909,17.1,10802.3,RUNNING
2024-02-28 13:00:00,GEN_B01,98.72,79.0,400.73,141.03,50.002,0.914,17.1,11290.9,RUNNING
2024-02-28 13:00:00,GEN_B02,81.01,64.8,399.65,115.73,49.95,0.941,16.9,13356.7,RUNNING
2024-02-28 14:00:00,GEN_M01,83.7,67.0,399.7,119.57,49.963,0.941,20.1,12374.1,RUNNING
2024-02-28 14:00:00,GEN_M02,75.64,60.5,398.54,108.06,50.048,0.905,20.2,11738.6,RUNNING
2024-02-28 14:00:00,GEN_M03,81.19,64.9,400.14,115.98,50.001,0.95,19.2,10896.8,RUNNING
2024-02-28 14:00:00,GEN_B01,82.43,65.9,395.73,117.76,50.025,0.947,17.6,8176.0,RUNNING
2024-02-28 14:00:00,GEN_B02,85.13,68.1,400.7,121.61,50.011,0.912,20.7,13900.6,RUNNING
2024-02-28 15:00:00,GEN_M01,70.56,56.4,400.06,100.79,49.903,0.905,17.3,9033.2,RUNNING
2024-02-28 15:00:00,GEN_M02,92.84,74.3,396.32,132.63,50.08,0.902,16.7,14930.7,RUNNING
2024-02-28 15:00:00,GEN_M03,76.55,61.2,398.89,109.35,49.902,0.924,19.4,14949.2,RUNNING
2024-02-28 15:00:00,GEN_B01,89.22,71.4,399.82,127.45,49.941,0.9,16.3,11968.5,RUNNING
2024-02-28 15:00:00,GEN_B02,78.03,62.4,402.48,111.48,50.044,0.888,19.3,14192.7,RUNNING
2024-02-28 16:00:00,GEN_M01,80.05,64.0,399.17,114.36,49.886,0.914,14.0,13785.8,RUNNING
2024-02-28 16:00:00,GEN_M02,74.4,59.5,398.92,106.29,49.943,0.941,14.6,14488.2,RUNNING
2024-02-28 16:00:00,GEN_M03,92.56,74.0,400.46,132.23,49.94,0.924,18.0,8127.3,RUNNING
2024-02-28 16:00:00,GEN_B01,70.03,56.0,400.04,100.04,50.034,0.956,16.1,12361.7,RUNNING
2024-02-28 16:00:00,GEN_B02,83.26,66.6,400.65,118.94,50.012,0.917,20.8,14957.5,RUNNING
2024-02-28 17:00:00,GEN_M01,84.24,67.4,397.87,120.34,50.035,0.89,18.1,13337.9,RUNNING
2024-02-28 17:00:00,GEN_M02,95.46,76.4,398.52,136.37,50.055,0.899,15.5,14244.6,RUNNING
2024-02-28 17:00:00,GEN_M03,69.52,55.6,399.93,99.31,50.008,0.931,17.7,8320.6,RUNNING
2024-02-28 17:00:00,GEN_B01,86.68,69.3,400.07,123.83,49.997,0.921,17.1,13368.8,RUNNING
2024-02-28 17:00:00,GEN_B02,67.38,53.9,400.84,96.25,49.95,0.892,18.5,13710.2,RUNNING
2024-02-28 18:00:00,GEN_M01,89.56,71.6,400.25,127.94,50.011,0.925,17.3,10092.4,RUNNING
2024-02-28 18:00:00,GEN_M02,87.72,70.2,400.87,125.31,49.935,0.897,18.6,13153.3,RUNNING
2024-02-28 18:00:00,GEN_M03,54.61,43.7,399.67,78.02,50.004,0.923,18.1,9472.0,RUNNING
2024-02-28 18:00:00,GEN_B01,73.63,58.9,401.45,105.18,49.956,0.903,18.7,13476.7,RUNNING
2024-02-28 18:00:00,GEN_B02,75.32,60.3,400.48,107.6,50.033,0.931,16.4,13947.1,RUNNING
2024-02-28 19:00:00,GEN_M01,56.49,45.2,402.8,80.7,49.991,0.924,10.9,11162.5,RUNNING
2024-02-28 19:00:00,GEN_M02,73.74,59.0,400.67,105.34,50.032,0.903,18.7,12745.4,RUNNING
2024-02-28 19:00:00,GEN_M03,43.88,35.1,397.52,62.69,49.996,0.931,15.4,8984.7,MAINTENANCE
2024-02-28 19:00:00,GEN_B01,56.54,45.2,401.73,80.77,50.029,0.917,18.5,12495.7,RUNNING
2024-02-28 19:00:00,GEN_B02,52.17,41.7,401.95,74.53,50.013,0.933,15.5,13811.6,RUNNING
2024-02-28 20:00:00,GEN_M01,44.36,35.5,397.09,63.37,49.931,0.925,20.6,8799.4,RUNNING
2024-02-28 20:00:00,GEN_M02,52.27,41.8,400.48,74.67,49.998,0.938,15.7,14741.4,RUNNING
2024-02-28 20:00:00,GEN_M03,56.85,45.5,401.16,81.22,49.908,0.868,16.4,13958.2,RUNNING
2024-02-28 20:00:00,GEN_B01,44.34,35.5,399.98,63.34,49.982,0.923,11.9,11705.9,RUNNING
2024-02-28 20:00:00,GEN_B02,56.49,45.2,400.19,80.71,50.075,0.894,14.8,10569.0,MAINTENANCE
2024-02-28 21:00:00,GEN_M01,45.04,36.0,402.21,64.34,50.039,0.892,18.7,10161.1,RUNNING
2024-02-28 21:00:00,GEN_M02,62.08,49.7,401.89,88.69,50.028,0.907,18.5,12234.2,RUNNING
2024-02-28 21:00:00,GEN_M03,54.77,43.8,401.84,78.25,50.03,0.959,16.0,13722.4,RUNNING
2024-02-28 21:00:00,GEN_B01,54.88,43.9,399.61,78.4,50.05,0.893,16.5,11868.8,RUNNING
2024-02-28 21:00:00,GEN_B02,56.72,45.4,400.76,81.04,49.963,0.915,16.3,12115.9,RUNNING
2024-02-28 22:00:00,GEN_M01,67.82,54.3,399.15,96.89,50.062,0.913,16.3,14467.2,RUNNING
2024-02-28 22:00:00,GEN_M02,53.15,42.5,399.75,75.93,49.984,0.906,18.0,12570.4,RUNNING
2024-02-28 22:00:00,GEN_M03,66.47,53.2,399.16,94.95,49.985,0.927,17.0,8668.9,RUNNING
2024-02-28 22:00:00,GEN_B01,67.21,53.8,400.2,96.01,49.995,0.921,21.1,11413.5,RUNNING
2024-02-28 22:00:00,GEN_B02,61.95,49.6,399.46,88.5,50.009,0.945,19.7,12993.4,RUNNING
2024-02-28 23:00:00,GEN_M01,56.53,45.2,398.63,80.76,50.053,0.867,15.9,9765.1,RUNNING
2024-02-28 23:00:00,GEN_M02,64.21,51.4,398.91,91.72,50.138,0.948,20.0,10792.3,RUNNING
2024-02-28 23:00:00,GEN_M03,57.73,46.2,400.69,82.47,49.965,0.894,16.7,10929.1,RUNNING
2024-02-28 23:00:00,GEN_B01,59.77,47.8,397.54,85.39,50.024,0.945,16.6,12172.4,RUNNING
2024-02-28 23:00:00,GEN_B02,51.3,41.0,399.03,73.29,49.984,0.916,15.1,11297.3,RUNNING
2024-02-29 00:00:00,GEN_M01,52.1,41.7,400.34,74.43,49.96,0.911,20.9,8895.7,RUNNING
2024-02-29 00:00:00,GEN_M02,59.44,47.6,400.72,84.91,49.931,0.898,16.0,9906.7,RUNNING
2024-02-29 00:00:00,GEN_M03,50.07,40.1,401.55,71.53,50.014,0.924,18.9,11581.3,RUNNING
2024-02-29 00:00:00,GEN_B01,51.23,41.0,398.99,73.18,49.946,0.895,17.7,13023.1,RUNNING
2024-02-29 00:00:00,GEN_B02,65.21,52.2,399.57,93.16,50.001,0.909,15.5,10329.4,RUNNING
2024-02-29 01:00:00,GEN_M01,62.54,50.0,401.99,89.35,50.016,0.922,16.2,14208.3,RUNNING
2024-02-29 01:00:00,GEN_M02,59.17,47.3,400.01,84.53,50.067,0.915,17.5,8211.7,RUNNING
2024-02-29 01:00:00,GEN_M03,56.26,45.0,400.49,80.37,49.997,0.933,20.2,8619.1,RUNNING
2024-02-29 01:00:00,GEN_B01,58.09,46.5,402.74,82.98,50.012,0.901,15.5,9653.5,RUNNING
2024-02-29 01:00:00,GEN_B02,53.31,42.6,397.82,76.15,50.046,0.91,22.6,14996.2,RUNNING
2024-02-29 02:00:00,GEN_M01,50.18,40.1,399.32,71.69,50.08,0.892,18.2,13961.6,RUNNING
2024-02-29 02:00:00,GEN_M02,60.47,48.4,397.4,86.38,50.012,0.942,18.1,9512.8,RUNNING
2024-02-29 02:00:00,GEN_M03,45.65,36.5,402.81,65.21,50.033,0.943,18.1,14270.2,RUNNING
2024-02-29 02:00:00,GEN_B01,63.25,50.6,400.14,90.35,50.043,0.888,16.3,13380.7,RUNNING
2024-02-29 02:00:00,GEN_B02,55.86,44.7,399.17,79.81,50.002,0.915,18.7,14848.9,RUNNING
2024-02-29 03:00:00,GEN_M01,59.7,47.8,397.49,85.28,49.964,0.959,16.9,10462.7,RUNNING
2024-02-29 03:00:00,GEN_M02,65.31,52.2,401.34,93.3,50.065,0.922,14.8,13342.8,RUNNING
2024-02-29 03:00:00,GEN_M03,48.77,39.0,399.13,69.68,50.026,0.907,14.8,10547.8,RUNNING
2024-02-29 03:00:00,GEN_B01,31.59,25.3,400.47,45.13,50.043,0.912,15.6,14533.8,RUNNING
2024-02-29 03:00:00,GEN_B02,54.17,43.3,402.61,77.39,50.019,0.91,17.1,14331.4,RUNNING
2024-02-29 04:00:00,GEN_M01,71.64,57.3,396.89,102.34,49.931,0.931,17.1,9118.7,RUNNING
2024-02-29 04:00:00,GEN_M02,42.92,34.3,400.25,61.32,49.918,0.938,19.5,10500.2,RUNNING
2024-02-29 04:00:00,GEN_M03,50.23,40.2,401.02,71.76,50.118,0.938,18.1,8405.4,RUNNING
2024-02-29 04:00:00,GEN_B01,74.26,59.4,400.58,106.08,49.972,0.91,17.2,8399.3,RUNNING
2024-02-29 04:00:00,GEN_B02,37.02,29.6,401.62,52.88,50.004,0.922,15.8,12907.1,RUNNING
2024-02-29 05:00:00,GEN_M01,50.52,40.4,402.49,72.18,50.07,0.927,17.8,12703.1,RUNNING
2024-02-29 05:00:00,GEN_M02,64.19,51.4,397.36,91.71,49.929,0.91,14.2,12514.5,RUNNING
2024-02-29 05:00:00,GEN_M03,63.01,50.4,403.56,90.02,50.002,0.918,16.8,14982.7,RUNNING
2024-02-29 05:00:00,GEN_B01,52.44,42.0,401.08,74.92,49.948,0.897,21.5,9512.3,RUNNING
2024-02-29 05:00:00,GEN_B02,43.65,34.9,401.6,62.36,50.045,0.95,14.8,10606.7,RUNNING
2024-02-29 06:00:00,GEN_M01,74.96,60.0,400.09,107.09,50.091,0.933,20.4,10051.5,RUNNING
2024-02-29 06:00:00,GEN_M02,80.13,64.1,400.39,114.47,50.001,0.959,13.0,12048.0,RUNNING
2024-02-29 06:00:00,GEN_M03,88.2,70.6,401.65,126.0,49.968,0.937,17.8,10782.5,RUNNING
2024-02-29 06:00:00,GEN_B01,86.87,69.5,399.23,124.09,49.941,0.907,19.5,10356.7,RUNNING
2024-02-29 06:00:00,GEN_B02,77.91,62.3,400.01,111.3,49.941,0.919,15.3,14706.0,RUNNING
2024-02-29 07:00:00,GEN_M01,76.3,61.0,398.83,109.0,49.967,0.94,16.3,10684.5,RUNNING
2024-02-29 07:00:00,GEN_M02,79.7,63.8,399.73,113.86,49.927,0.91,13.7,10663.4,RUNNING
2024-02-29 07:00:00,GEN_M03,92.02,73.6,397.5,131.46,50.043,0.926,15.3,10918.7,RUNNING
2024-02-29 07:00:00,GEN_B01,63.53,50.8,399.46,90.75,49.977,0.95,19.0,10031.4,RUNNING
2024-02-29 07:00:00,GEN_B02,82.95,66.4,399.45,118.5,50.034,0.921,15.7,10900.8,RUNNING
2024-02-29 08:00:00,GEN_M01,62.43,49.9,399.43,89.19,49.93,0.954,12.8,8978.8,RUNNING
2024-02-29 08:00:00,GEN_M02,81.04,64.8,402.33,115.77,50.089,0.928,14.9,11255.7,RUNNING
2024-02-29 08:00:00,GEN_M03,84.38,67.5,396.82,120.55,50.092,0.903,16.7,13963.5,RUNNING
2024-02-29 08:00:00,GEN_B01,67.84,54.3,398.03,96.91,49.926,0.876,18.1,8741.9,RUNNING
2024-02-29 08:00:00,GEN_B02,86.39,69.1,401.46,123.41,50.033,0.905,15.7,14850.1,RUNNING
2024-02-29 09:00:00,GEN_M01,85.16,68.1,398.56,121.66,49.989,0.915,19.8,14136.0,RUNNING
2024-02-29 09:00:00,GEN_M02,90.06,72.0,400.54,128.66,49.972,0.927,17.9,11728.5,RUNNING
2024-02-29 09:00:00,GEN_M03,68.4,54.7,400.61,97.71,50.02,0.886,19.0,10356.8,RUNNING
2024-02-29 09:00:00,GEN_B01,81.83,65.5,401.22,116.91,49.952,0.941,16.6,13984.5,RUNNING
2024-02-29 09:00:00,GEN_B02,73.05,58.4,398.12,104.35,50.053,0.922,18.1,11159.4,RUNNING
2024-02-29 10:00:00,GEN_M01,77.15,61.7,402.01,110.22,49.981,0.929,14.8,8166.3,RUNNING
2024-02-29 10:00:00,GEN_M02,83.32,66.7,402.51,119.02,50.034,0.955,18.5,12067.1,RUNNING
2024-02-29 10:00:00,GEN_M03,84.46,67.6,399.32,120.66,49.993,0.929,11.9,8505.5,RUNNING
2024-02-29 10:00:00,GEN_B01,80.99,64.8,398.02,115.71,49.921,0.896,17.8,14092.9,RUNNING
2024-02-29 10:00:00,GEN_B02,96.96,77.6,398.82,138.52,50.005,0.888,14.6,14899.1,RUNNING
2024-02-29 11:00:00,GEN_M01,72.53,58.0,399.34,103.61,50.084,0.886,18.5,8338.7,RUNNING
2024-02-29 11:00:00,GEN_M02,77.79,62.2,399.99,111.13,49.939,0.908,16.2,8996.2,RUNNING
2024-02-29 11:00:00,GEN_M03,89.14,71.3,400.07,127.34,50.031,0.935,21.3,8521.0,RUNNING
2024-02-29 11:00:00,GEN_B01,83.24,66.6,400.56,118.92,49.992,0.941,15.7,13318.5,RUNNING
2024-02-29 11:00:00,GEN_B02,69.83,55.9,401.1,99.76,50.021,0.933,16.6,11764.3,RUNNING
2024-02-29 12:00:00,GEN_M01,75.29,60.2,399.68,107.55,50.042,0.933,15.9,13336.5,RUNNING
2024-02-29 12:00:00,GEN_M02,91.31,73.0,399.67,130.44,50.098,0.918,19.3,13291.7,RUNNING
2024-02-29 12:00:00,GEN_M03,86.09,68.9,399.76,122.98,49.978,0.923,15.6,14373.3,RUNNING
2024-02-29 12:00:00,GEN_B01,89.21,71.4,401.33,127.44,49.977,0.911,14.3,13893.4,RUNNING
2024-02-29 12:00:00,GEN_B02,80.13,64.1,399.28,114.47,50.005,0.93,15.3,12679.8,RUNNING
2024-02-29 13:00:00,GEN_M01,73.02,58.4,400.22,104.32,49.869,0.914,17.0,9947.0,RUNNING
2024-02-29 13:00:00,GEN_M02,86.12,68.9,397.66,123.02,50.021,0.919,14.7,10512.8,RUNNING
2024-02-29 13:00:00,GEN_M03,77.89,62.3,398.89,111.27,49.952,0.929,15.9,14221.6,RUNNING
2024-02-29 13:00:00,GEN_B01,78.13,62.5,395.57,111.61,50.046,0.927,19.4,10585.7,RUNNING
2024-02-29 13:00:00,GEN_B02,80.34,64.3,400.36,114.77,50.011,0.918,18.6,9977.9,RUNNING
2024-02-29 14:00:00,GEN_M01,77.89,62.3,399.68,111.27,50.067,0.895,16.8,12281.0,RUNNING
2024-02-29 14:00:00,GEN_M02,61.7,49.4,397.6,88.15,50.005,0.914,16.9,13759.9,RUNNING
2024-02-29 14:00:00,GEN_M03,106.43,85.1,397.21,152.05,50.029,0.94,14.8,12090.3,RUNNING
2024-02-29 14:00:00,GEN_B01,68.49,54.8,398.69,97.85,50.004,0.882,20.5,9784.2,RUNNING
2024-02-29 14:00:00,GEN_B02,95.93,76.7,401.03,137.04,49.961,0.922,15.7,14800.2,RUNNING
2024-02-29 15:00:00,GEN_M01,102.02,81.6,402.94,145.75,50.02,0.916,20.7,14271.5,RUNNING
2024-02-29 15:00:00,GEN_M02,85.14,68.1,398.87,121.63,49.97,0.941,15.7,11535.2,RUNNING
2024-02-29 15:00:00,GEN_M03,93.04,74.4,399.28,132.91,49.992,0.95,15.5,9792.1,RUNNING
2024-02-29 15:00:00,GEN_B01,80.68,64.5,400.89,115.26,49.965,0.908,14.2,13284.2,RUNNING
2024-02-29 15:00:00,GEN_B02,62.46,50.0,399.76,89.23,49.976,0.916,15.7,9746.8,RUNNING
2024-02-29 16:00:00,GEN_M01,94.94,75.9,400.76,135.62,50.014,0.953,11.8,8890.4,RUNNING
2024-02-29 16:00:00,GEN_M02,78.89,63.1,398.94,112.69,49.944,0.905,17.8,9918.4,RUNNING
2024-02-29 16:00:00,GEN_M03,82.1,65.7,400.82,117.29,50.007,0.896,16.7,8474.1,RUNNING
2024-02-29 16:00:00,GEN_B01,60.02,48.0,401.15,85.75,50.037,0.94,15.0,13230.8,RUNNING
2024-02-29 16:00:00,GEN_B02,85.31,68.3,400.44,121.88,50.1,0.907,20.7,10837.1,MAINTENANCE
2024-02-29 17:00:00,GEN_M01,74.73,59.8,400.81,106.76,49.995,0.908,16.5,13709.2,RUNNING
2024-02-29 17:00:00,GEN_M02,84.42,67.5,402.27,120.6,50.022,0.933,13.8,8031.8,MAINTENANCE
2024-02-29 17:00:00,GEN_M03,90.54,72.4,398.62,129.34,49.946,0.968,19.1,8815.1,RUNNING
2024-02-29 17:00:00,GEN_B01,74.27,59.4,402.45,106.1,49.978,0.913,17.9,14490.2,RUNNING
2024-02-29 17:00:00,GEN_B02,90.51,72.4,399.21,129.31,49.983,0.944,17.0,14192.5,RUNNING
2024-02-29 18:00:00,GEN_M01,71.56,57.2,400.48,102.23,50.017,0.939,21.2,10416.1,RUNNING
2024-02-29 18:00:00,GEN_M02,76.44,61.2,398.8,109.2,49.906,0.909,15.9,8904.0,RUNNING
2024-02-29 18:00:00,GEN_M03,68.91,55.1,399.88,98.44,49.987,0.895,17.2,8432.4,RUNNING
2024-02-29 18:00:00,GEN_B01,77.3,61.8,400.13,110.44,49.972,0.919,15.8,10480.2,RUNNING
2024-02-29 18:00:00,GEN_B02,86.83,69.5,399.41,124.04,50.001,0.911,18.6,8485.1,RUNNING
2024-02-29 19:00:00,GEN_M01,64.48,51.6,398.84,92.11,50.008,0.899,19.1,13557.4,RUNNING
2024-02-29 19:00:00,GEN_M02,46.58,37.3,400.43,66.55,50.097,0.938,14.2,9851.3,RUNNING
2024-02-29 19:00:00,GEN_M03,54.66,43.7,401.38,78.08,49.968,0.915,18.6,8358.2,RUNNING
2024-02-29 19:00:00,GEN_B01,56.6,45.3,400.1,80.86,49.951,0.897,20.7,12326.7,RUNNING
2024-02-29 19:00:00,GEN_B02,49.42,39.5,395.61,70.59,49.957,0.927,16.4,13800.2,RUNNING
2024-02-29 20:00:00,GEN_M01,46.15,36.9,398.54,65.92,50.0,0.905,17.5,10177.7,RUNNING
2024-02-29 20:00:00,GEN_M02,64.28,51.4,399.44,91.83,49.929,0.941,19.9,8866.5,RUNNING
2024-02-29 20:00:00,GEN_M03,51.42,41.1,401.22,73.46,49.962,0.931,18.1,9996.6,MAINTENANCE
2024-02-29 20:00:00,GEN_B01,58.13,46.5,400.01,83.04,49.973,0.945,15.5,14383.6,RUNNING
2024-02-29 20:00:00,GEN_B02,51.38,41.1,400.2,73.4,49.913,0.877,20.1,12542.0,RUNNING
2024-02-29 21:00:00,GEN_M01,54.69,43.7,398.89,78.12,49.979,0.924,17.5,12613.9,RUNNING
2024-02-29 21:00:00,GEN_M02,63.51,50.8,401.41,90.73,49.887,0.902,18.4,11511.3,RUNNING
2024-02-29 21:00:00,GEN_M03,47.96,38.4,398.58,68.52,49.995,0.888,14.2,13870.7,RUNNING
2024-02-29 21:00:00,GEN_B01,47.06,37.6,398.79,67.23,50.014,0.898,18.7,14214.6,RUNNING
2024-02-29 21:00:00,GEN_B02,59.65,47.7,400.83,85.21,50.042,0.922,16.0,10072.0,RUNNING
2024-02-29 22:00:00,GEN_M01,46.77,37.4,400.93,66.81,50.078,0.946,17.5,9669.7,RUNNING
2024-02-29 22:00:00,GEN_M02,48.92,39.1,398.94,69.89,50.044,0.9,19.6,8220.7,RUNNING
2024-02-29 22:00:00,GEN_M03,55.46,44.4,397.05,79.22,49.955,0.915,15.3,10343.7,RUNNING
2024-02-29 22:00:00,GEN_B01,66.95,53.6,401.73,95.64,49.977,0.913,14.2,10208.6,RUNNING
2024-02-29 22:00:00,GEN_B02,45.25,36.2,400.92,64.64,49.875,0.931,15.2,11242.3,RUNNING
2024-02-29 23:00:00,GEN_M01,58.82,47.1,398.39,84.03,49.972,0.975,19.4,9419.4,RUNNING
2024-02-29 23:00:00,GEN_M02,52.67,42.1,401.03,75.25,49.892,0.875,17.9,13031.8,RUNNING
2024-02-29 23:00:00,GEN_M03,48.76,39.0,399.69,69.66,49.996,0.903,13.7,9199.6,RUNNING
2024-02-29 23:00:00,GEN_B01,59.73,47.8,398.29,85.33,50.048,0.893,17.1,9075.5,RUNNING
2024-02-29 23:00:00,GEN_B02,43.4,34.7,398.23,62.0,50.045,0.954,17.3,14844.4,RUNNING
2024-03-01 00:00:00,GEN_M01,56.09,44.9,396.83,80.13,49.978,0.906,17.6,14854.5,RUNNING
2024-03-01 00:00:00,GEN_M02,49.81,39.9,399.16,71.16,49.927,0.91,15.7,12878.6,RUNNING
2024-03-01 00:00:00,GEN_M03,58.73,47.0,401.47,83.9,49.959,0.925,17.7,10564.3,RUNNING
2024-03-01 00:00:00,GEN_B01,64.28,51.4,401.43,91.82,49.952,0.911,15.6,10793.4,RUNNING
2024-03-01 00:00:00,GEN_B02,48.39,38.7,399.34,69.12,49.986,0.942,14.0,10349.5,RUNNING
2024-03-01 01:00:00,GEN_M01,56.75,45.4,399.36,81.07,49.945,0.922,18.4,12964.6,RUNNING
2024-03-01 01:00:00,GEN_M02,58.97,47.2,402.68,84.25,49.994,0.867,14.7,11683.5,RUNNING
2024-03-01 01:00:00,GEN_M03,59.1,47.3,399.78,84.43,49.996,0.93,17.1,10966.1,RUNNING
2024-03-01 01:00:00,GEN_B01,56.5,45.2,400.76,80.71,50.034,0.927,11.1,11332.5,RUNNING
2024-03-01 01:00:00,GEN_B02,58.48,46.8,398.89,83.54,49.9,0.927,16.8,10397.7,RUNNING
2024-03-01 02:00:00,GEN_M01,55.05,44.0,399.53,78.64,50.003,0.887,16.6,13825.4,RUNNING
2024-03-01 02:00:00,GEN_M02,63.05,50.4,400.52,90.08,49.902,0.902,15.7,14117.0,RUNNING
2024-03-01 02:00:00,GEN_M03,45.32,36.3,398.22,64.74,49.974,0.918,17.3,13524.4,RUNNING
2024-03-01 02:00:00,GEN_B01,52.56,42.0,402.34,75.08,50.002,0.951,14.2,10573.3,RUNNING
2024-03-01 02:00:00,GEN_B02,56.27,45.0,402.34,80.38,49.974,0.904,19.9,11616.8,RUNNING
2024-03-01 03:00:00,GEN_M01,55.57,44.5,401.66,79.39,50.047,0.94,17.5,13327.6,RUNNING
2024-03-01 03:00:00,GEN_M02,47.14,37.7,401.59,67.34,49.992,0.942,21.5,13864.1,RUNNING
2024-03-01 03:00:00,GEN_M03,53.64,42.9,399.31,76.63,50.044,0.911,18.7,9747.9,RUNNING
2024-03-01 03:00:00,GEN_B01,61.73,49.4,397.26,88.19,49.963,0.937,17.0,10314.8,RUNNING
2024-03-01 03:00:00,GEN_B02,53.97,43.2,399.93,77.1,49.988,0.896,18.4,8872.4,RUNNING
2024-03-01 04:00:00,GEN_M01,51.48,41.2,399.45,73.54,50.051,0.868,16.7,11420.6,MAINTENANCE
2024-03-01 04:00:00,GEN_M02,54.91,43.9,401.54,78.45,49.987,0.923,15.9,11666.8,RUNNING
2024-03-01 04:00:00,GEN_M03,46.73,37.4,399.81,66.76,49.918,0.906,16.1,11722.9,RUNNING
2024-03-01 04:00:00,GEN_B01,55.74,44.6,402.54,79.63,50.029,0.935,17.3,9357.8,RUNNING
2024-03-01 04:00:00,GEN_B02,58.21,46.6,402.27,83.16,50.033,0.906,20.6,12247.6,RUNNING
2024-03-01 05:00:00,GEN_M01,44.62,35.7,401.5,63.74,49.926,0.917,16.0,9515.0,RUNNING
2024-03-01 05:00:00,GEN_M02,50.5,40.4,400.81,72.14,49.958,0.937,19.0,10924.8,RUNNING
2024-03-01 05:00:00,GEN_M03,44.08,35.3,399.83,62.97,49.996,0.912,13.0,9209.9,RUNNING
2024-03-01 05:00:00,GEN_B01,46.52,37.2,398.17,66.45,49.969,0.932,15.4,14048.2,RUNNING
2024-03-01 05:00:00,GEN_B02,43.08,34.5,398.98,61.54,50.111,0.899,19.1,9092.4,RUNNING
2024-03-01 06:00:00,GEN_M01,85.58,68.5,402.77,122.26,50.042,0.908,22.6,8388.9,RUNNING
2024-03-01 06:00:00,GEN_M02,79.57,63.7,401.12,113.67,50.004,0.923,19.2,12846.1,RUNNING
2024-03-01 06:00:00,GEN_M03,66.24,53.0,400.87,94.63,49.973,0.946,17.4,10901.1,RUNNING
2024-03-01 06:00:00,GEN_B01,78.36,62.7,400.36,111.95,50.083,0.935,17.5,9833.0,RUNNING
2024-03-01 06:00:00,GEN_B02,78.49,62.8,398.58,112.13,49.996,0.947,17.0,10831.3,RUNNING
2024-03-01 07:00:00,GEN_M01,94.49,75.6,397.33,134.98,49.937,0.927,15.8,9831.8,RUNNING
2024-03-01 07:00:00,GEN_M02,92.95,74.4,399.22,132.79,50.051,0.928,16.1,13792.3,RUNNING
2024-03-01 07:00:00,GEN_M03,80.83,64.7,399.66,115.47,49.941,0.943,16.1,11756.2,RUNNING
2024-03-01 07:00:00,GEN_B01,76.39,61.1,400.88,109.13,49.978,0.943,18.9,9048.3,RUNNING
2024-03-01 07:00:00,GEN_B02,77.01,61.6,399.9,110.01,50.054,0.922,14.4,10725.3,RUNNING
2024-03-01 08:00:00,GEN_M01,93.21,74.6,399.97,133.16,49.993,0.942,17.5,12457.0,RUNNING
2024-03-01 08:00:00,GEN_M02,91.4,73.1,402.39,130.57,49.997,0.943,18.0,9261.0,RUNNING
2024-03-01 08:00:00,GEN_M03,91.46,73.2,399.03,130.65,50.014,0.962,18.6,9605.5,RUNNING
2024-03-01 08:00:00,GEN_B01,76.42,61.1,401.22,109.17,50.013,0.916,15.8,8036.4,RUNNING
2024-03-01 08:00:00,GEN_B02,98.27,78.6,399.78,140.39,50.025,0.903,15.1,11222.9,RUNNING
2024-03-01 09:00:00,GEN_M01,86.34,69.1,399.53,123.35,49.866,0.94,15.6,9606.8,RUNNING
2024-03-01 09:00:00,GEN_M02,64.58,51.7,399.34,92.26,50.028,0.92,19.2,12633.6,RUNNING
2024-03-01 09:00:00,GEN_M03,65.1,52.1,400.47,93.0,49.94,0.937,18.5,11554.4,RUNNING
2024-03-01 09:00:00,GEN_B01,82.61,66.1,396.89,118.01,49.982,0.95,14.8,14800.3,RUNNING
2024-03-01 09:00:00,GEN_B02,94.69,75.8,400.17,135.27,49.974,0.921,14.6,9049.1,RUNNING
2024-03-01 10:00:00,GEN_M01,91.21,73.0,399.75,130.31,50.071,0.895,20.9,13198.9,MAINTENANCE
2024-03-01 10:00:00,GEN_M02,80.33,64.3,399.53,114.75,50.036,0.942,14.4,12947.4,RUNNING
2024-03-01 10:00:00,GEN_M03,93.55,74.8,400.39,133.64,49.971,0.906,19.2,8548.3,RUNNING
2024-03-01 10:00:00,GEN_B01,72.82,58.3,400.34,104.03,50.009,0.883,18.3,8186.4,RUNNING
2024-03-01 10:00:00,GEN_B02,102.91,82.3,399.69,147.02,50.019,0.901,14.4,11045.9,RUNNING
2024-03-01 11:00:00,GEN_M01,100.53,80.4,403.22,143.62,50.07,0.913,15.8,9527.5,RUNNING
2024-03-01 11:00:00,GEN_M02,103.22,82.6,400.88,147.45,49.953,0.897,17.1,11147.4,RUNNING
2024-03-01 11:00:00,GEN_M03,85.76,68.6,400.46,122.52,50.082,0.907,15.0,14271.2,RUNNING
2024-03-01 11:00:00,GEN_B01,90.69,72.6,401.64,129.56,50.026,0.92,16.4,9643.2,RUNNING
2024-03-01 11:00:00,GEN_B02,90.27,72.2,400.52,128.96,50.069,0.921,20.0,14314.1,RUNNING
2024-03-01 12:00:00,GEN_M01,86.72,69.4,400.7,123.88,49.999,0.94,20.0,11537.9,RUNNING
2024-03-01 12:00:00,GEN_M02,85.55,68.4,401.32,122.22,49.898,0.905,19.5,9675.9,RUNNING
2024-03-01 12:00:00,GEN_M03,77.3,61.8,398.34,110.42,50.012,0.958,14.2,10595.4,RUNNING
2024-03-01 12:00:00,GEN_B01,67.63,54.1,397.69,96.61,49.965,0.904,16.7,14111.6,RUNNING
2024-03-01 12:00:00,GEN_B02,79.72,63.8,398.94,113.89,50.003,0.9,16.2,10780.2,RUNNING
2024-03-01 13:00:00,GEN_M01,96.72,77.4,399.4,138.17,50.034,0.954,18.7,9814.8,RUNNING
2024-03-01 13:00:00,GEN_M02,69.71,55.8,400.66,99.58,50.06,0.904,16.6,9017.7,RUNNING
2024-03-01 13:00:00,GEN_M03,76.4,61.1,399.84,109.14,50.008,0.938,20.0,9104.3,RUNNING
2024-03-01 13:00:00,GEN_B01,97.16,77.7,401.89,138.8,50.091,0.918,16.9,11852.7,RUNNING
2024-03-01 13:00:00,GEN_B02,75.61,60.5,400.97,108.02,49.948,0.942,17.0,12097.6,RUNNING
2024-03-01 14:00:00,GEN_M01,74.03,59.2,397.0,105.76,49.976,0.934,13.7,10665.1,RUNNING
2024-03-01 14:00:00,GEN_M02,67.35,53.9,401.4,96.22,50.007,0.94,18.6,9956.1,RUNNING
2024-03-01 14:00:00,GEN_M03,90.35,72.3,400.73,129.06,49.942,0.923,14.4,11296.2,RUNNING
2024-03-01 14:00:00,GEN_B01,93.44,74.7,400.99,133.48,50.107,0.933,17.4,10253.6,RUNNING
2024-03-01 14:00:00,GEN_B02,72.24,57.8,396.35,103.2,49.977,0.892,14.5,9288.3,RUNNING
2024-03-01 15:00:00,GEN_M01,82.22,65.8,399.48,117.46,49.912,0.934,12.8,9240.2,RUNNING
2024-03-01 15:00:00,GEN_M02,95.76,76.6,400.58,136.8,50.034,0.91,17.0,9277.6,RUNNING
2024-03-01 15:00:00,GEN_M03,76.14,60.9,400.24,108.77,49.99,0.962,20.6,12664.2,RUNNING
2024-03-01 15:00:00,GEN_B01,89.38,71.5,399.74,127.69,50.003,0.913,19.2,8949.3,RUNNING
2024-03-01 15:00:00,GEN_B02,91.21,73.0,399.98,130.3,49.983,0.949,16.0,13284.5,RUNNING
2024-03-01 16:00:00,GEN_M01,83.59,66.9,401.04,119.41,49.895,0.923,15.3,13442.8,RUNNING
2024-03-01 16:00:00,GEN_M02,73.13,58.5,399.3,104.47,49.996,0.92,15.2,10861.4,RUNNING
2024-03-01 16:00:00,GEN_M03,80.23,64.2,398.1,114.62,50.014,0.933,14.2,10070.1,RUNNING
2024-03-01 16:00:00,GEN_B01,78.65,62.9,398.72,112.35,49.953,0.905,17.8,8869.2,RUNNING
2024-03-01 16:00:00,GEN_B02,80.44,64.4,400.54,114.92,49.985,0.933,17.9,13663.5,RUNNING
2024-03-01 17:00:00,GEN_M01,98.12,78.5,399.41,140.17,50.062,0.945,15.8,14518.7,RUNNING
2024-03-01 17:00:00,GEN_M02,90.45,72.4,398.04,129.22,50.034,0.938,16.1,13337.7,RUNNING
2024-03-01 17:00:00,GEN_M03,88.74,71.0,398.28,126.78,49.92,0.914,17.6,8831.8,RUNNING
2024-03-01 17:00:00,GEN_B01,101.19,80.9,398.54,144.55,49.886,0.925,17.8,11343.0,RUNNING
2024-03-01 17:00:00,GEN_B02,91.14,72.9,397.96,130.2,49.983,0.9,20.4,9826.2,RUNNING
2024-03-01 18:00:00,GEN_M01,85.27,68.2,402.64,121.81,49.981,0.928,14.5,10707.8,RUNNING
2024-03-01 18:00:00,GEN_M02,63.36,50.7,400.99,90.52,50.054,0.89,18.7,9250.1,RUNNING
2024-03-01 18:00:00,GEN_M03,73.17,58.5,399.83,104.53,50.033,0.942,15.9,12803.0,RUNNING
2024-03-01 18:00:00,GEN_B01,86.46,69.2,399.68,123.52,50.029,0.954,18.4,10273.2,RUNNING
2024-03-01 18:00:00,GEN_B02,95.75,76.6,401.15,136.79,50.064,0.895,16.4,11246.9,RUNNING
2024-03-01 19:00:00,GEN_M01,53.19,42.5,399.24,75.98,50.04,0.946,13.0,14780.9,RUNNING
2024-03-01 19:00:00,GEN_M02,53.48,42.8,402.14,76.4,50.038,0.918,18.8,11581.1,RUNNING
2024-03-01 19:00:00,GEN_M03,59.51,47.6,400.56,85.01,50.071,0.934,18.6,8091.4,RUNNING
2024-03-01 19:00:00,GEN_B01,52.51,42.0,400.69,75.02,49.993,0.893,19.8,11305.6,RUNNING
2024-03-01 19:00:00,GEN_B02,57.99,46.4,401.15,82.84,50.012,0.933,11.6,10492.6,RUNNING
2024-03-01 20:00:00,GEN_M01,50.01,40.0,399.32,71.44,49.978,0.867,20.1,10924.5,RUNNING
2024-03-01 20:00:00,GEN_M02,42.72,34.2,398.87,61.02,49.927,0.915,19.0,9266.6,RUNNING
2024-03-01 20:00:00,GEN_M03,50.2,40.2,399.26,71.71,49.953,0.956,16.7,10155.0,RUNNING
2024-03-01 20:00:00,GEN_B01,59.68,47.7,400.8,85.26,49.948,0.889,18.3,11766.4,RUNNING
2024-03-01 20:00:00,GEN_B02,52.91,42.3,400.3,75.59,50.046,0.919,18.2,10669.0,RUNNING
2024-03-01 21:00:00,GEN_M01,46.29,37.0,398.72,66.13,49.94,0.913,13.8,12268.0,RUNNING
2024-03-01 21:00:00,GEN_M02,62.66,50.1,397.75,89.51,49.898,0.923,16.5,14554.8,RUNNING
2024-03-01 21:00:00,GEN_M03,51.26,41.0,397.38,73.23,49.949,0.918,19.9,10346.6,RUNNING
2024-03-01 21:00:00,GEN_B01,66.07,52.9,398.04,94.39,49.943,0.942,14.9,10158.7,MAINTENANCE
2024-03-01 21:00:00,GEN_B02,51.03,40.8,398.74,72.91,49.998,0.938,14.2,9642.0,RUNNING
2024-03-01 22:00:00,GEN_M01,62.31,49.8,399.2,89.01,50.105,0.94,15.4,11325.6,RUNNING
2024-03-01 22:00:00,GEN_M02,54.36,43.5,398.71,77.66,49.952,0.915,14.3,8455.9,RUNNING
2024-03-01 22:00:00,GEN_M03,46.67,37.3,399.25,66.67,49.905,0.932,16.6,9353.3,RUNNING
2024-03-01 22:00:00,GEN_B01,50.78,40.6,400.22,72.55,49.935,0.926,17.0,13913.7,RUNNING
2024-03-01 22:00:00,GEN_B02,62.36,49.9,398.59,89.09,50.064,0.922,19.6,8542.9,RUNNING
2024-03-01 23:00:00,GEN_M01,61.43,49.1,400.69,87.75,49.946,0.939,18.3,9581.3,RUNNING
2024-03-01 23:00:00,GEN_M02,52.62,42.1,397.86,75.17,50.043,0.89,14.6,11223.7,RUNNING
2024-03-01 23:00:00,GEN_M03,46.34,37.1,401.69,66.2,50.039,0.923,18.3,14747.1,RUNNING
2024-03-01 23:00:00,GEN_B01,54.57,43.7,399.61,77.95,49.993,0.958,18.4,14837.8,RUNNING
2024-03-01 23:00:00,GEN_B02,52.65,42.1,400.44,75.21,49.937,0.923,18.0,13937.5,RUNNING
2024-03-02 00:00:00,GEN_M01,61.79,49.4,398.5,88.28,49.95,0.927,19.3,8583.6,RUNNING
2024-03-02 00:00:00,GEN_M02,64.75,51.8,400.54,92.49,49.994,0.911,13.7,11228.3,RUNNING
2024-03-02 00:00:00,GEN_M03,56.26,45.0,403.29,80.37,49.978,0.902,18.7,8017.9,RUNNING
2024-03-02 00:00:00,GEN_B01,48.83,39.1,398.36,69.76,49.981,0.914,17.8,12314.1,RUNNING
2024-03-02 00:00:00,GEN_B02,44.72,35.8,398.18,63.89,50.008,0.903,20.0,12677.5,RUNNING
2024-03-02 01:00:00,GEN_M01,53.34,42.7,400.34,76.2,49.946,0.892,16.6,13869.6,RUNNING
2024-03-02 01:00:00,GEN_M02,55.34,44.3,400.19,79.06,50.0,0.931,18.8,12814.6,RUNNING
2024-03-02 01:00:00,GEN_M03,57.0,45.6,401.07,81.43,50.068,0.937,18.7,11051.6,RUNNING
2024-03-02 01:00:00,GEN_B01,62.51,50.0,401.42,89.3,50.003,0.939,14.1,10191.5,RUNNING
2024-03-02 01:00:00,GEN_B02,68.85,55.1,400.8,98.35,49.986,0.933,14.7,9177.9,RUNNING
2024-03-02 02:00:00,GEN_M01,54.44,43.5,400.18,77.77,49.959,0.956,17.9,11798.7,RUNNING
2024-03-02 02:00:00,GEN_M02,55.21,44.2,399.74,78.87,49.99,0.916,16.8,11943.2,RUNNING
2024-03-02 02:00:00,GEN_M03,58.2,46.6,402.59,83.15,50.042,0.94,16.3,12459.7,RUNNING
2024-03-02 02:00:00,GEN_B01,58.34,46.7,400.55,83.34,50.105,0.924,16.1,12621.8,RUNNING
2024-03-02 02:00:00,GEN_B02,60.47,48.4,396.74,86.39,49.908,0.955,20.2,13118.5,RUNNING
2024-03-02 03:00:00,GEN_M01,51.39,41.1,402.53,73.42,49.981,0.932,17.3,13505.0,RUNNING
2024-03-02 03:00:00,GEN_M02,54.29,43.4,399.3,77.55,49.979,0.907,14.9,12717.7,RUNNING
2024-03-02 03:00:00,GEN_M03,51.08,40.9,399.03,72.98,49.971,0.879,17.6,8874.0,RUNNING
2024-03-02 03:00:00,GEN_B01,67.28,53.8,399.11,96.12,49.995,0.929,14.1,11039.7,RUNNING
2024-03-02 03:00:00,GEN_B02,69.77,55.8,401.18,99.67,49.968,0.918,14.0,13437.2,RUNNING
2024-03-02 04:00:00,GEN_M01,55.08,44.1,400.13,78.68,49.96,0.936,14.9,14787.9,RUNNING
2024-03-02 04:00:00,GEN_M02,56.68,45.3,403.61,80.97,50.083,0.969,14.8,14398.9,RUNNING
2024-03-02 04:00:00,GEN_M03,53.68,42.9,401.21,76.68,50.055,0.924,15.2,14854.1,RUNNING
2024-03-02 04:00:00,GEN_B01,40.47,32.4,400.63,57.82,49.967,0.893,14.9,11253.9,RUNNING
2024-03-02 04:00:00,GEN_B02,51.73,41.4,400.47,73.89,50.027,0.928,16.0,9467.2,RUNNING
2024-03-02 05:00:00,GEN_M01,62.98,50.4,398.69,89.97,49.932,0.932,17.0,14932.7,RUNNING
2024-03-02 05:00:00,GEN_M02,45.65,36.5,398.06,65.22,49.985,0.909,18.2,9307.0,RUNNING
2024-03-02 05:00:00,GEN_M03,64.78,51.8,401.99,92.54,50.075,0.893,16.5,12559.8,RUNNING
2024-03-02 05:00:00,GEN_B01,57.59,46.1,399.17,82.27,49.937,0.927,16.7,13798.6,RUNNING
2024-03-02 05:00:00,GEN_B02,54.97,44.0,401.8,78.54,50.027,0.877,21.9,13248.2,RUNNING
2024-03-02 06:00:00,GEN_M01,76.98,61.6,400.82,109.97,50.015,0.9,21.2,9971.3,RUNNING
2024-03-02 06:00:00,GEN_M02,96.29,77.0,401.34,137.55,50.029,0.92,13.1,13307.9,RUNNING
2024-03-02 06:00:00,GEN_M03,77.59,62.1,397.43,110.85,49.991,0.894,15.3,8398.0,RUNNING
2024-03-02 06:00:00,GEN_B01,82.88,66.3,398.52,118.4,49.908,0.915,19.0,11993.0,RUNNING
2024-03-02 06:00:00,GEN_B02,72.11,57.7,398.54,103.02,49.951,0.932,17.7,10272.6,RUNNING
2024-03-02 07:00:00,GEN_M01,80.79,64.6,398.29,115.41,49.986,0.915,16.1,14001.5,RUNNING
2024-03-02 07:00:00,GEN_M02,72.08,57.7,398.47,102.97,50.062,0.916,18.2,9269.3,RUNNING
2024-03-02 07:00:00,GEN_M03,74.65,59.7,400.05,106.65,50.038,0.88,17.9,9330.9,RUNNING
2024-03-02 07:00:00,GEN_B01,81.63,65.3,402.02,116.61,49.907,0.952,16.7,9429.8,RUNNING
2024-03-02 07:00:00,GEN_B02,88.31,70.7,399.16,126.16,50.032,0.92,13.5,14642.2,RUNNING
2024-03-02 08:00:00,GEN_M01,87.03,69.6,400.07,124.33,50.055,0.949,13.9,9207.0,RUNNING
2024-03-02 08:00:00,GEN_M02,68.71,55.0,401.36,98.16,50.144,0.898,15.6,13369.5,RUNNING
2024-03-02 08:00:00,GEN_M03,84.42,67.5,400.56,120.6,49.893,0.891,19.5,8666.0,RUNNING
2024-03-02 08:00:00,GEN_B01,70.58,56.5,399.79,100.83,49.989,0.884,15.4,9469.7,RUNNING
2024-03-02 08:00:00,GEN_B02,65.16,52.1,397.67,93.09,50.05,0.915,12.6,10995.6,RUNNING
2024-03-02 09:00:00,GEN_M01,71.72,57.4,400.71,102.46,49.987,0.915,18.1,10948.5,RUNNING
2024-03-02 09:00:00,GEN_M02,86.81,69.4,402.44,124.01,50.06,0.911,15.5,11802.8,RUNNING
2024-03-02 09:00:00,GEN_M03,78.6,62.9,400.28,112.28,50.007,0.92,17.0,10612.7,RUNNING
2024-03-02 09:00:00,GEN_B01,66.89,53.5,399.8,95.56,50.039,0.895,18.3,10546.1,RUNNING
2024-03-02 09:00:00,GEN_B02,95.47,76.4,399.4,136.39,49.928,0.915,15.8,9527.5,RUNNING
2024-03-02 10:00:00,GEN_M01,64.12,51.3,398.81,91.6,49.966,0.954,18.4,9774.7,RUNNING
2024-03-02 10:00:00,GEN_M02,85.22,68.2,401.35,121.74,49.975,0.895,18.8,14089.7,RUNNING
2024-03-02 10:00:00,GEN_M03,77.52,62.0,400.04,110.75,50.023,0.91,14.7,13827.6,RUNNING
2024-03-02 10:00:00,GEN_B01,83.87,67.1,398.29,119.81,49.997,0.954,16.0,11164.1,RUNNING
2024-03-02 10:00:00,GEN_B02,80.17,64.1,399.69,114.53,49.988,0.94,16.1,10894.4,RUNNING
2024-03-02 11:00:00,GEN_M01,80.83,64.7,398.78,115.46,49.886,0.922,15.8,8267.8,RUNNING
2024-03-02 11:00:00,GEN_M02,79.99,64.0,401.52,114.27,50.032,0.927,17.1,9775.1,RUNNING
2024-03-02 11:00:00,GEN_M03,104.32,83.5,402.8,149.03,49.968,0.948,19.2,13710.8,RUNNING
2024-03-02 11:00:00,GEN_B01,87.65,70.1,402.77,125.22,50.098,0.9,15.6,10446.9,RUNNING
2024-03-02 11:00:00,GEN_B02,83.26,66.6,397.52,118.94,50.033,0.922,16.9,9720.4,RUNNING
2024-03-02 12:00:00,GEN_M01,75.26,60.2,399.94,107.52,50.06,0.943,17.9,13032.1,RUNNING
2024-03-02 12:00:00,GEN_M02,92.1,73.7,398.11,131.58,50.059,0.896,14.9,8383.8,RUNNING
2024-03-02 12:00:00,GEN_M03,68.31,54.6,399.59,97.59,49.991,0.966,17.1,12066.8,RUNNING
2024-03-02 12:00:00,GEN_B01,71.31,57.0,398.82,101.86,49.989,0.922,18.9,14510.0,RUNNING
2024-03-02 12:00:00,GEN_B02,66.91,53.5,399.97,95.59,50.067,0.913,13.3,11179.4,RUNNING
2024-03-02 13:00:00,GEN_M01,79.1,63.3,404.0,113.0,49.971,0.916,18.4,13364.9,RUNNING
2024-03-02 13:00:00,GEN_M02,80.1,64.1,400.52,114.43,49.996,0.912,18.3,11417.1,RUNNING
2024-03-02 13:00:00,GEN_M03,75.16,60.1,400.37,107.37,50.01,0.929,14.0,9809.1,RUNNING
2024-03-02 13:00:00,GEN_B01,78.4,62.7,398.47,111.99,50.008,0.91,18.7,12593.0,RUNNING
2024-03-02 13:00:00,GEN_B02,66.01,52.8,401.87,94.29,49.998,0.893,15.7,9080.6,RUNNING
2024-03-02 14:00:00,GEN_M01,77.48,62.0,398.07,110.69,49.978,0.898,19.1,9089.0,RUNNING
2024-03-02 14:00:00,GEN_M02,69.35,55.5,400.96,99.07,49.962,0.891,16.3,14721.9,RUNNING
2024-03-02 14:00:00,GEN_M03,87.66,70.1,402.74,125.24,49.98,0.917,15.3,10892.7,RUNNING
2024-03-02 14:00:00,GEN_B01,58.21,46.6,399.88,83.16,50.032,0.936,17.4,10874.9,RUNNING
2024-03-02 14:00:00,GEN_B02,82.1,65.7,398.81,117.29,49.953,0.951,18.0,14945.3,RUNNING
2024-03-02 15:00:00,GEN_M01,63.19,50.6,400.51,90.27,49.944,0.907,17.9,13239.1,RUNNING
2024-03-02 15:00:00,GEN_M02,84.77,67.8,400.28,121.1,50.033,0.932,16.8,11545.5,RUNNING
2024-03-02 15:00:00,GEN_M03,96.59,77.3,400.64,137.99,50.008,0.903,18.1,10306.6,RUNNING
2024-03-02 15:00:00,GEN_B01,91.97,73.6,399.76,131.39,49.979,0.933,17.6,12841.6,RUNNING
2024-03-02 15:00:00,GEN_B02,99.63,79.7,398.79,142.32,50.024,0.928,18.4,14678.5,RUNNING
2024-03-02 16:00:00,GEN_M01,73.19,58.6,399.36,104.56,50.005,0.914,16.0,13617.1,RUNNING
2024-03-02 16:00:00,GEN_M02,83.94,67.1,398.95,119.91,50.106,0.906,18.0,14086.6,RUNNING
2024-03-02 16:00:00,GEN_M03,110.2,88.2,399.04,157.43,49.918,0.886,17.7,9667.0,RUNNING
2024-03-02 16:00:00,GEN_B01,81.36,65.1,398.03,116.23,49.954,0.933,17.3,13221.1,RUNNING
2024-03-02 16:00:00,GEN_B02,75.41,60.3,403.4,107.72,49.963,0.969,19.1,10186.8,RUNNING
2024-03-02 17:00:00,GEN_M01,81.38,65.1,402.1,116.26,50.066,0.946,16.1,11827.9,RUNNING
2024-03-02 17:00:00,GEN_M02,65.75,52.6,399.27,93.93,50.025,0.91,18.9,13180.1,RUNNING
2024-03-02 17:00:00,GEN_M03,63.69,51.0,396.83,90.99,50.038,0.905,17.1,9377.0,RUNNING
2024-03-02 17:00:00,GEN_B01,77.37,61.9,398.77,110.53,49.992,0.93,17.9,14419.1,RUNNING
2024-03-02 17:00:00,GEN_B02,102.91,82.3,402.54,147.02,49.96,0.917,14.5,9144.8,RUNNING
2024-03-02 18:00:00,GEN_M01,92.06,73.6,401.25,131.51,50.053,0.932,15.5,12428.1,MAINTENANCE
2024-03-02 18:00:00,GEN_M02,88.33,70.7,400.62,126.19,50.005,0.927,21.9,12028.3,RUNNING
2024-03-02 18:00:00,GEN_M03,79.59,63.7,401.74,113.69,49.932,0.925,15.0,10062.8,RUNNING
2024-03-02 18:00:00,GEN_B01,84.3,67.4,398.7,120.42,50.047,0.879,13.6,8212.9,RUNNING
2024-03-02 18:00:00,GEN_B02,61.33,49.1,398.45,87.61,50.027,0.911,20.2,8712.1,RUNNING
2024-03-02 19:00:00,GEN_M01,49.91,39.9,398.82,71.31,49.949,0.94,16.5,8026.1,RUNNING
2024-03-02 19:00:00,GEN_M02,49.56,39.7,399.87,70.81,49.905,0.926,20.0,13133.1,RUNNING
2024-03-02 19:00:00,GEN_M03,50.52,40.4,399.31,72.17,49.994,0.925,18.7,9839.0,RUNNING
2024-03-02 19:00:00,GEN_B01,56.95,45.6,399.2,81.36,49.999,0.972,20.6,8024.4,RUNNING
2024-03-02 19:00:00,GEN_B02,54.44,43.6,399.91,77.77,50.084,0.941,13.8,12529.4,RUNNING
2024-03-02 20:00:00,GEN_M01,54.93,43.9,399.08,78.47,50.025,0.958,18.5,13392.5,RUNNING
2024-03-02 20:00:00,GEN_M02,36.66,29.3,398.92,52.37,49.98,0.905,13.7,10288.6,RUNNING
2024-03-02 20:00:00,GEN_M03,62.64,50.1,401.95,89.48,50.05,0.957,19.8,8140.2,RUNNING
2024-03-02 20:00:00,GEN_B01,71.48,57.2,402.15,102.12,50.021,0.916,17.2,8121.6,RUNNING
2024-03-02 20:00:00,GEN_B02,55.88,44.7,402.2,79.82,50.029,0.912,18.9,14990.4,RUNNING
2024-03-02 21:00:00,GEN_M01,52.58,42.1,400.54,75.11,50.015,0.899,13.2,13681.0,RUNNING
2024-03-02 21:00:00,GEN_M02,45.12,36.1,402.11,64.46,49.968,0.92,16.2,9365.9,RUNNING
2024-03-02 21:00:00,GEN_M03,57.45,46.0,401.03,82.08,50.047,0.945,16.8,14236.1,RUNNING
2024-03-02 21:00:00,GEN_B01,62.55,50.0,398.92,89.36,50.007,0.908,16.6,14956.5,RUNNING
2024-03-02 21:00:00,GEN_B02,50.97,40.8,399.72,72.81,50.009,0.889,17.3,8368.8,RUNNING
2024-03-02 22:00:00,GEN_M01,54.93,43.9,398.43,78.48,49.996,0.944,12.3,8221.7,RUNNING
2024-03-02 22:00:00,GEN_M02,60.28,48.2,401.96,86.11,49.945,0.905,16.4,14973.3,RUNNING
2024-03-02 22:00:00,GEN_M03,64.25,51.4,402.91,91.79,50.035,0.943,16.2,10119.2,RUNNING
2024-03-02 22:00:00,GEN_B01,44.06,35.2,399.45,62.94,50.011,0.898,18.3,11644.7,RUNNING
2024-03-02 22:00:00,GEN_B02,54.05,43.2,397.48,77.21,49.866,0.93,15.1,14359.4,MAINTENANCE
2024-03-02 23:00:00,GEN_M01,54.34,43.5,400.32,77.62,50.051,0.925,15.7,12546.7,RUNNING
2024-03-02 23:00:00,GEN_M02,51.48,41.2,400.15,73.55,49.987,0.939,14.0,13931.4,RUNNING
2024-03-02 23:00:00,GEN_M03,52.3,41.8,398.7,74.72,50.04,0.923,16.5,9865.6,RUNNING
2024-03-02 23:00:00,GEN_B01,56.09,44.9,401.74,80.13,50.055,0.921,14.0,12621.7,RUNNING
2024-03-02 23:00:00,GEN_B02,55.75,44.6,400.59,79.65,50.041,0.945,19.8,8580.4,RUNNING
2024-03-03 00:00:00,GEN_M01,63.96,51.2,399.53,91.37,50.023,0.924,15.0,12613.2,RUNNING
2024-03-03 00:00:00,GEN_M02,61.9,49.5,401.76,88.43,50.042,0.961,11.5,8430.3,RUNNING
2024-03-03 00:00:00,GEN_M03,52.67,42.1,399.73,75.24,50.023,0.911,13.1,8689.4,RUNNING
2024-03-03 00:00:00,GEN_B01,66.54,53.2,399.85,95.05,49.988,0.975,15.4,12917.7,RUNNING
2024-03-03 00:00:00,GEN_B02,47.24,37.8,398.57,67.49,50.055,0.938,17.4,11417.6,RUNNING
2024-03-03 01:00:00,GEN_M01,58.29,46.6,401.25,83.27,49.955,0.943,16.1,10087.5,RUNNING
2024-03-03 01:00:00,GEN_M02,54.6,43.7,401.51,78.0,49.966,0.924,16.6,10058.8,RUNNING
2024-03-03 01:00:00,GEN_M03,64.49,51.6,401.36,92.13,50.039,0.875,15.7,14210.0,RUNNING
2024-03-03 01:00:00,GEN_B01,60.29,48.2,403.09,86.13,49.998,0.926,18.0,13675.5,RUNNING
2024-03-03 01:00:00,GEN_B02,49.2,39.4,399.5,70.29,50.042,0.905,15.5,10324.3,RUNNING
2024-03-03 02:00:00,GEN_M01,61.05,48.8,400.39,87.21,50.049,0.905,17.8,11526.0,RUNNING
2024-03-03 02:00:00,GEN_M02,52.75,42.2,401.28,75.36,50.019,0.934,16.5,14000.5,RUNNING
2024-03-03 02:00:00,GEN_M03,54.77,43.8,402.72,78.25,49.933,0.883,17.6,9954.3,RUNNING
2024-03-03 02:00:00,GEN_B01,61.03,48.8,398.49,87.18,50.077,0.923,17.8,8658.8,RUNNING
2024-03-03 02:00:00,GEN_B02,57.86,46.3,396.3,82.66,49.922,0.943,13.6,11371.0,RUNNING
2024-03-03 03:00:00,GEN_M01,49.32,39.5,401.64,70.46,49.96,0.904,21.2,9671.9,RUNNING
2024-03-03 03:00:00,GEN_M02,60.33,48.3,398.33,86.18,49.933,0.966,16.1,13148.4,RUNNING
2024-03-03 03:00:00,GEN_M03,61.79,49.4,399.79,88.27,49.988,0.924,14.4,11877.3,RUNNING
2024-03-03 03:00:00,GEN_B01,43.14,34.5,402.0,61.62,50.051,0.906,16.0,11763.0,RUNNING
2024-03-03 03:00:00,GEN_B02,44.81,35.8,400.58,64.01,50.085,0.923,17.3,9407.3,RUNNING
2024-03-03 04:00:00,GEN_M01,68.43,54.7,398.77,97.76,50.01,0.96,16.4,13010.0,RUNNING
2024-03-03 04:00:00,GEN_M02,72.26,57.8,401.48,103.23,50.014,0.932,17.4,10660.0,RUNNING
2024-03-03 04:00:00,GEN_M03,58.95,47.2,399.3,84.22,50.0,0.9,14.4,10734.6,RUNNING
2024-03-03 04:00:00,GEN_B01,51.89,41.5,401.3,74.13,49.962,0.947,17.8,8024.1,RUNNING
2024-03-03 04:00:00,GEN_B02,60.58,48.5,397.34,86.54,50.016,0.932,19.6,14945.6,RUNNING
2024-03-03 05:00:00,GEN_M01,43.36,34.7,399.05,61.94,50.027,0.939,21.6,13654.2,RUNNING
2024-03-03 05:00:00,GEN_M02,71.21,57.0,400.17,101.73,50.046,0.887,14.5,12172.9,RUNNING
2024-03-03 05:00:00,GEN_M03,64.23,51.4,402.31,91.76,50.018,0.894,17.6,10085.1,RUNNING
2024-03-03 05:00:00,GEN_B01,55.77,44.6,399.49,79.67,50.011,0.95,16.6,8524.1,RUNNING
2024-03-03 05:00:00,GEN_B02,57.86,46.3,396.71,82.65,50.006,0.942,18.0,12656.4,RUNNING
2024-03-03 06:00:00,GEN_M01,84.28,67.4,398.99,120.41,50.042,0.907,17.6,12684.7,RUNNING
2024-03-03 06:00:00,GEN_M02,88.06,70.4,400.84,125.8,50.014,0.91,18.7,9433.3,RUNNING
2024-03-03 06:00:00,GEN_M03,97.27,77.8,401.12,138.96,50.004,0.906,17.4,14541.6,RUNNING
2024-03-03 06:00:00,GEN_B01,84.8,67.8,400.66,121.14,49.837,0.912,15.5,8713.3,RUNNING
2024-03-03 06:00:00,GEN_B02,84.89,67.9,399.99,121.27,49.972,0.939,15.9,12196.7,RUNNING
2024-03-03 07:00:00,GEN_M01,86.71,69.4,399.76,123.87,49.965,0.897,21.8,12781.9,RUNNING
2024-03-03 07:00:00,GEN_M02,72.77,58.2,399.46,103.96,49.994,0.885,16.2,10658.9,RUNNING
2024-03-03 07:00:00,GEN_M03,89.32,71.5,402.43,127.6,49.847,0.877,20.3,13748.5,RUNNING
2024-03-03 07:00:00,GEN_B01,84.15,67.3,400.86,120.21,49.96,0.946,16.8,10828.2,RUNNING
2024-03-03 07:00:00,GEN_B02,80.21,64.2,399.57,114.59,49.98,0.924,17.5,12994.4,RUNNING
2024-03-03 08:00:00,GEN_M01,84.84,67.9,401.84,121.19,49.993,0.928,14.3,13986.3,RUNNING
2024-03-03 08:00:00,GEN_M02,82.22,65.8,400.11,117.46,49.876,0.936,16.9,14439.2,RUNNING
2024-03-03 08:00:00,GEN_M03,97.7,78.2,400.08,139.57,49.986,0.971,18.4,8530.2,RUNNING
2024-03-03 08:00:00,GEN_B01,86.08,68.9,399.73,122.98,49.955,0.881,17.2,10731.2,RUNNING
2024-03-03 08:00:00,GEN_B02,79.35,63.5,402.15,113.35,49.962,0.925,16.5,10583.9,RUNNING
2024-03-03 09:00:00,GEN_M01,86.37,69.1,400.37,123.39,50.006,0.918,15.3,9416.2,RUNNING
2024-03-03 09:00:00,GEN_M02,79.54,63.6,398.76,113.64,50.115,0.877,16.5,13300.2,RUNNING
2024-03-03 09:00:00,GEN_M03,93.66,74.9,402.0,133.8,49.978,0.928,16.9,8210.9,RUNNING
2024-03-03 09:00:00,GEN_B01,82.47,66.0,399.0,117.81,50.079,0.978,14.8,12338.0,RUNNING
2024-03-03 09:00:00,GEN_B02,86.45,69.2,400.82,123.5,50.052,0.951,17.6,14457.3,RUNNING
2024-03-03 10:00:00,GEN_M01,72.41,57.9,400.21,103.44,50.007,0.912,22.4,13566.9,RUNNING
2024-03-03 10:00:00,GEN_M02,77.16,61.7,399.32,110.23,49.865,0.884,17.9,14899.9,RUNNING
2024-03-03 10:00:00,GEN_M03,77.05,61.6,400.45,110.08,49.995,0.91,15.4,13247.4,RUNNING
2024-03-03 10:00:00,GEN_B01,65.09,52.1,401.0,92.99,50.069,0.904,14.8,13880.4,RUNNING
2024-03-03 10:00:00,GEN_B02,93.58,74.9,397.57,133.68,50.063,0.932,15.4,9645.3,RUNNING
2024-03-03 11:00:00,GEN_M01,85.26,68.2,398.22,121.79,50.02,0.914,18.6,13675.1,RUNNING
2024-03-03 11:00:00,GEN_M02,91.02,72.8,400.38,130.02,50.014,0.927,17.9,13889.1,RUNNING
2024-03-03 11:00:00,GEN_M03,75.01,60.0,399.02,107.15,49.946,0.886,18.0,10640.1,RUNNING
2024-03-03 11:00:00,GEN_B01,76.78,61.4,398.19,109.69,49.909,0.923,16.2,13640.6,RUNNING
2024-03-03 11:00:00,GEN_B02,82.52,66.0,400.17,117.89,50.044,0.948,17.5,13521.8,RUNNING
2024-03-03 12:00:00,GEN_M01,75.01,60.0,401.6,107.15,49.986,0.901,17.2,9936.5,RUNNING
2024-03-03 12:00:00,GEN_M02,76.66,61.3,400.8,109.51,49.964,0.9,19.2,9958.7,RUNNING
2024-03-03 12:00:00,GEN_M03,92.78,74.2,403.2,132.54,49.998,0.908,16.5,14679.6,RUNNING
2024-03-03 12:00:00,GEN_B01,90.53,72.4,400.28,129.33,49.939,0.876,13.4,14401.6,RUNNING
2024-03-03 12:00:00,GEN_B02,83.39,66.7,396.1,119.13,49.992,0.917,16.9,12874.3,RUNNING
2024-03-03 13:00:00,GEN_M01,87.46,70.0,399.55,124.95,50.026,0.896,15.7,9905.3,RUNNING
2024-03-03 13:00:00,GEN_M02,87.8,70.2,399.77,125.43,49.847,0.908,16.3,11455.5,RUNNING
2024-03-03 13:00:00,GEN_M03,79.15,63.3,401.25,113.07,49.975,0.941,15.4,8801.0,RUNNING
2024-03-03 13:00:00,GEN_B01,90.63,72.5,401.34,129.47,49.991,0.932,17.9,8432.5,RUNNING
2024-03-03 13:00:00,GEN_B02,100.45,80.4,401.0,143.51,49.977,0.955,19.8,9432.8,RUNNING
2024-03-03 14:00:00,GEN_M01,69.22,55.4,401.72,98.88,50.054,0.902,17.8,14400.9,RUNNING
2024-03-03 14:00:00,GEN_M02,68.84,55.1,400.45,98.35,49.927,0.941,14.6,10615.8,RUNNING
2024-03-03 14:00:00,GEN_M03,89.89,71.9,400.71,128.42,50.051,0.928,18.3,11441.5,RUNNING
2024-03-03 14:00:00,GEN_B01,95.73,76.6,399.67,136.75,50.025,0.924,16.5,9793.5,RUNNING
2024-03-03 14:00:00,GEN_B02,104.17,83.3,400.43,148.82,49.99,0.922,16.0,14500.5,RUNNING
2024-03-03 15:00:00,GEN_M01,75.9,60.7,399.51,108.43,49.982,0.966,11.9,12937.9,RUNNING
2024-03-03 15:00:00,GEN_M02,86.83,69.5,400.55,124.04,50.056,0.955,16.9,13627.4,RUNNING
2024-03-03 15:00:00,GEN_M03,84.27,67.4,400.59,120.39,50.034,0.918,15.0,10284.1,RUNNING
2024-03-03 15:00:00,GEN_B01,78.09,62.5,399.42,111.55,49.927,0.932,14.6,8771.2,RUNNING
2024-03-03 15:00:00,GEN_B02,84.58,67.7,398.76,120.83,50.025,0.893,16.2,9636.3,RUNNING
2024-03-03 16:00:00,GEN_M01,82.09,65.7,402.64,117.27,50.026,0.92,15.5,12206.6,RUNNING
2024-03-03 16:00:00,GEN_M02,70.19,56.2,400.61,100.27,50.009,0.924,20.3,14581.9,RUNNING
2024-03-03 16:00:00,GEN_M03,74.4,59.5,400.16,106.28,50.075,0.936,14.8,14345.8,RUNNING
2024-03-03 16:00:00,GEN_B01,68.92,55.1,402.69,98.45,49.989,0.936,19.8,10013.3,RUNNING
2024-03-03 16:00:00,GEN_B02,81.87,65.5,401.76,116.96,49.93,0.929,16.9,12214.0,RUNNING
2024-03-03 17:00:00,GEN_M01,96.64,77.3,401.17,138.06,50.066,0.91,15.2,9830.1,RUNNING
2024-03-03 17:00:00,GEN_M02,75.11,60.1,400.19,107.3,49.954,0.898,16.1,9556.8,RUNNING
2024-03-03 17:00:00,GEN_M03,72.35,57.9,402.06,103.36,49.949,0.916,12.3,8259.6,RUNNING
2024-03-03 17:00:00,GEN_B01,90.47,72.4,397.84,129.25,49.968,0.939,13.9,8076.9,RUNNING
2024-03-03 17:00:00,GEN_B02,81.03,64.8,402.15,115.76,50.149,0.917,17.9,12334.6,RUNNING
2024-03-03 18:00:00,GEN_M01,83.92,67.1,399.43,119.89,49.983,0.927,12.3,12612.0,RUNNING
2024-03-03 18:00:00,GEN_M02,79.28,63.4,396.97,113.25,49.986,0.933,19.4,10852.8,RUNNING
2024-03-03 18:00:00,GEN_M03,79.1,63.3,400.99,112.99,49.923,0.88,16.9,8220.1,RUNNING
2024-03-03 18:00:00,GEN_B01,93.8,75.0,403.18,133.99,49.957,0.916,14.8,10429.9,RUNNING
2024-03-03 18:00:00,GEN_B02,109.89,87.9,398.74,156.99,49.942,0.927,15.9,10276.6,RUNNING
2024-03-03 19:00:00,GEN_M01,58.43,46.7,399.02,83.47,49.914,0.917,18.8,12772.5,RUNNING
2024-03-03 19:00:00,GEN_M02,52.33,41.9,400.33,74.76,49.971,0.929,16.1,14353.3,RUNNING
2024-03-03 19:00:00,GEN_M03,48.62,38.9,399.12,69.46,49.97,0.951,19.0,13939.8,RUNNING
2024-03-03 19:00:00,GEN_B01,52.11,41.7,402.57,74.44,50.003,0.915,16.6,9996.5,MAINTENANCE
2024-03-03 19:00:00,GEN_B02,54.95,44.0,400.68,78.5,49.954,0.936,15.3,14944.4,RUNNING
2024-03-03 20:00:00,GEN_M01,69.22,55.4,400.04,98.89,50.032,0.908,13.8,13001.6,RUNNING
2024-03-03 20:00:00,GEN_M02,63.38,50.7,400.24,90.55,50.004,0.919,16.5,9086.5,RUNNING
2024-03-03 20:00:00,GEN_M03,58.62,46.9,398.96,83.74,50.017,0.911,16.8,14946.3,RUNNING
2024-03-03 20:00:00,GEN_B01,67.92,54.3,402.08,97.02,50.067,0.936,21.7,8548.3,RUNNING
2024-03-03 20:00:00,GEN_B02,54.68,43.7,398.46,78.11,49.966,0.944,12.9,10238.0,RUNNING
2024-03-03 21:00:00,GEN_M01,58.17,46.5,400.8,83.1,50.045,0.909,21.4,14216.1,RUNNING
2024-03-03 21:00:00,GEN_M02,55.21,44.2,400.1,78.87,50.092,0.896,16.1,10460.2,RUNNING
2024-03-03 21:00:00,GEN_M03,55.94,44.8,397.4,79.92,50.094,0.893,18.7,10606.4,RUNNING
2024-03-03 21:00:00,GEN_B01,51.39,41.1,400.46,73.42,50.006,0.892,17.6,13893.9,RUNNING
2024-03-03 21:00:00,GEN_B02,55.2,44.2,400.57,78.86,50.098,0.897,17.1,9189.8,RUNNING
2024-03-03 22:00:00,GEN_M01,68.3,54.6,402.29,97.57,50.027,0.928,20.1,8454.0,RUNNING
2024-03-03 22:00:00,GEN_M02,52.81,42.3,398.08,75.45,49.936,0.912,18.3,11146.8,RUNNING
2024-03-03 22:00:00,GEN_M03,53.41,42.7,401.35,76.3,50.063,0.898,17.3,13351.8,RUNNING
2024-03-03 22:00:00,GEN_B01,55.52,44.4,400.49,79.32,50.043,0.936,17.2,8473.0,RUNNING
2024-03-03 22:00:00,GEN_B02,56.44,45.2,401.45,80.63,50.044,0.909,19.0,10604.4,RUNNING
2024-03-03 23:00:00,GEN_M01,61.6,49.3,402.35,88.0,50.02,0.918,17.0,10905.1,RUNNING
2024-03-03 23:00:00,GEN_M02,43.53,34.8,401.7,62.18,50.026,0.921,15.2,8754.2,RUNNING
2024-03-03 23:00:00,GEN_M03,64.21,51.4,399.43,91.73,50.025,0.904,18.4,10105.6,RUNNING
2024-03-03 23:00:00,GEN_B01,56.05,44.8,399.07,80.08,49.992,0.919,15.4,13657.9,RUNNING
2024-03-03 23:00:00,GEN_B02,44.62,35.7,400.6,63.74,50.007,0.893,11.7,13746.4,RUNNING
2024-03-04 00:00:00,GEN_M01,53.98,43.2,401.9,77.12,49.98,0.912,20.5,11968.1,RUNNING
2024-03-04 00:00:00,GEN_M02,45.32,36.3,396.8,64.74,50.039,0.91,18.3,13498.8,RUNNING
2024-03-04 00:00:00,GEN_M03,56.1,44.9,400.6,80.14,49.958,0.941,15.2,8456.2,RUNNING
2024-03-04 00:00:00,GEN_B01,50.84,40.7,398.45,72.63,49.96,0.966,16.9,9957.5,RUNNING
2024-03-04 00:00:00,GEN_B02,62.58,50.1,400.77,89.4,50.015,0.918,17.4,12885.9,RUNNING
2024-03-04 01:00:00,GEN_M01,61.93,49.5,401.2,88.46,50.079,0.93,16.9,9799.0,MAINTENANCE
2024-03-04 01:00:00,GEN_M02,50.17,40.1,402.54,71.67,49.903,0.918,19.1,9788.7,RUNNING
2024-03-04 01:00:00,GEN_M03,58.44,46.7,398.13,83.48,49.956,0.883,16.1,12927.4,RUNNING
2024-03-04 01:00:00,GEN_B01,66.45,53.2,400.41,94.92,50.053,0.915,16.6,12441.2,RUNNING
2024-03-04 01:00:00,GEN_B02,49.13,39.3,400.71,70.19,49.932,0.915,15.2,8072.0,RUNNING
2024-03-04 02:00:00,GEN_M01,59.29,47.4,398.9,84.7,50.037,0.925,16.9,9338.9,RUNNING
2024-03-04 02:00:00,GEN_M02,40.58,32.5,398.76,57.98,49.95,0.924,15.6,12372.3,RUNNING
2024-03-04 02:00:00,GEN_M03,63.37,50.7,396.99,90.53,49.954,0.944,17.8,11629.7,RUNNING
2024-03-04 02:00:00,GEN_B01,46.73,37.4,398.98,66.76,49.958,0.933,17.2,13317.9,RUNNING
2024-03-04 02:00:00,GEN_B02,54.83,43.9,399.95,78.33,50.053,0.909,14.1,8447.5,RUNNING
2024-03-04 03:00:00,GEN_M01,60.76,48.6,401.2,86.8,49.951,0.92,15.8,14455.1,RUNNING
2024-03-04 03:00:00,GEN_M02,59.67,47.7,400.54,85.25,49.999,0.919,15.3,9998.3,RUNNING
2024-03-04 03:00:00,GEN_M03,51.17,40.9,398.73,73.1,49.997,0.933,17.2,11179.6,RUNNING
2024-03-04 03:00:00,GEN_B01,46.16,36.9,400.1,65.95,50.0,0.913,12.3,9475.5,RUNNING
2024-03-04 03:00:00,GEN_B02,51.55,41.2,400.11,73.65,49.953,0.912,18.5,9346.0,RUNNING
2024-03-04 04:00:00,GEN_M01,61.28,49.0,400.18,87.55,50.047,0.973,18.6,9273.7,RUNNING
2024-03-04 04:00:00,GEN_M02,42.16,33.7,400.37,60.23,49.965,0.915,19.7,12182.2,RUNNING
2024-03-04 04:00:00,GEN_M03,60.59,48.5,401.43,86.56,50.056,0.917,19.6,8804.3,RUNNING
2024-03-04 04:00:00,GEN_B01,39.35,31.5,399.0,56.21,50.039,0.885,16.8,12148.7,RUNNING
2024-03-04 04:00:00,GEN_B02,58.9,47.1,399.96,84.15,49.983,0.943,17.9,11130.9,RUNNING
2024-03-04 05:00:00,GEN_M01,60.7,48.6,399.98,86.71,49.913,0.892,16.8,10058.6,RUNNING
2024-03-04 05:00:00,GEN_M02,55.42,44.3,399.89,79.18,50.009,0.883,14.8,10652.1,RUNNING
2024-03-04 05:00:00,GEN_M03,58.69,47.0,400.57,83.84,49.98,0.911,15.7,8372.1,RUNNING
2024-03-04 05:00:00,GEN_B01,54.25,43.4,399.22,77.49,50.094,0.924,14.0,9911.2,RUNNING
2024-03-04 05:00:00,GEN_B02,58.27,46.6,401.31,83.24,50.06,0.911,16.2,8065.5,RUNNING
2024-03-04 06:00:00,GEN_M01,88.87,71.1,399.87,126.96,50.05,0.93,17.6,8031.0,RUNNING
2024-03-04 06:00:00,GEN_M02,73.54,58.8,399.66,105.06,50.057,0.942,14.6,13084.4,RUNNING
2024-03-04 06:00:00,GEN_M03,83.33,66.7,400.85,119.04,49.918,0.907,15.4,13857.4,RUNNING
2024-03-04 06:00:00,GEN_B01,92.3,73.8,400.83,131.85,49.923,0.945,15.9,10252.8,RUNNING
2024-03-04 06:00:00,GEN_B02,93.43,74.7,399.54,133.47,50.078,0.935,16.6,14091.3,RUNNING
2024-03-04 07:00:00,GEN_M01,76.75,61.4,402.17,109.65,49.978,0.903,14.7,12774.6,RUNNING
2024-03-04 07:00:00,GEN_M02,63.48,50.8,398.34,90.69,50.04,0.954,16.4,13390.5,RUNNING
2024-03-04 07:00:00,GEN_M03,86.63,69.3,399.89,123.75,49.976,0.922,16.5,9112.0,RUNNING
2024-03-04 07:00:00,GEN_B01,80.54,64.4,400.04,115.06,49.993,0.927,11.8,11682.8,RUNNING
2024-03-04 07:00:00,GEN_B02,61.18,48.9,397.56,87.4,49.938,0.883,17.6,8388.9,RUNNING
2024-03-04 08:00:00,GEN_M01,79.81,63.8,398.19,114.01,49.875,0.893,13.8,11141.0,RUNNING
2024-03-04 08:00:00,GEN_M02,74.75,59.8,398.97,106.79,50.024,0.936,18.1,12427.9,RUNNING
2024-03-04 08:00:00,GEN_M03,81.98,65.6,400.41,117.12,49.981,0.948,14.5,13593.4,RUNNING
2024-03-04 08:00:00,GEN_B01,82.16,65.7,400.0,117.38,50.1,0.925,15.7,9635.6,RUNNING
2024-03-04 08:00:00,GEN_B02,92.5,74.0,399.17,132.14,50.045,0.913,19.6,12328.8,RUNNING
2024-03-04 09:00:00,GEN_M01,101.65,81.3,398.96,145.21,50.086,0.902,18.7,8931.8,RUNNING
2024-03-04 09:00:00,GEN_M02,89.85,71.9,400.68,128.36,50.016,0.918,20.1,13210.8,RUNNING
2024-03-04 09:00:00,GEN_M03,82.25,65.8,399.48,117.51,50.003,0.978,18.2,13492.2,RUNNING
2024-03-04 09:00:00,GEN_B01,75.48,60.4,399.06,107.83,49.973,0.936,17.6,12587.3,RUNNING
2024-03-04 09:00:00,GEN_B02,72.29,57.8,399.58,103.28,49.91,0.895,15.6,9020.7,RUNNING
2024-03-04 10:00:00,GEN_M01,90.34,72.3,399.75,129.06,50.002,0.916,14.8,12541.6,RUNNING
2024-03-04 10:00:00,GEN_M02,87.23,69.8,398.76,124.61,50.02,0.927,18.9,14785.8,RUNNING
2024-03-04 10:00:00,GEN_M03,87.14,69.7,402.13,124.48,50.106,0.933,16.6,9226.5,RUNNING
2024-03-04 10:00:00,GEN_B01,84.39,67.5,398.27,120.56,50.013,0.916,13.8,11152.6,RUNNING
2024-03-04 10:00:00,GEN_B02,81.66,65.3,401.35,116.65,50.007,0.927,17.5,11353.9,RUNNING
2024-03-04 11:00:00,GEN_M01,83.01,66.4,400.87,118.59,50.01,0.905,20.9,13374.4,RUNNING
2024-03-04 11:00:00,GEN_M02,56.4,45.1,399.96,80.57,50.025,0.925,16.7,8019.4,RUNNING
2024-03-04 11:00:00,GEN_M03,96.41,77.1,399.9,137.73,50.048,0.951,16.8,13492.6,RUNNING
2024-03-04 11:00:00,GEN_B01,79.08,63.3,402.23,112.97,50.026,0.915,16.9,9477.8,RUNNING
2024-03-04 11:00:00,GEN_B02,81.58,65.3,401.69,116.54,49.958,0.927,18.7,8028.6,RUNNING
2024-03-04 12:00:00,GEN_M01,94.55,75.6,399.14,135.08,49.959,0.917,16.1,9791.9,RUNNING
2024-03-04 12:00:00,GEN_M02,73.9,59.1,398.86,105.57,50.02,0.881,15.0,11064.0,RUNNING
2024-03-04 12:00:00,GEN_M03,92.74,74.2,399.77,132.48,49.996,0.884,16.1,13648.1,RUNNING
2024-03-04 12:00:00,GEN_B01,87.84,70.3,398.05,125.49,49.926,0.934,21.6,8975.6,RUNNING
2024-03-04 12:00:00,GEN_B02,78.42,62.7,402.59,112.03,50.113,0.887,15.4,9691.3,RUNNING
2024-03-04 13:00:00,GEN_M01,66.48,53.2,399.71,94.98,49.978,0.893,15.1,8663.8,RUNNING
2024-03-04 13:00:00,GEN_M02,70.98,56.8,399.46,101.4,49.98,0.89,19.7,14192.0,RUNNING
2024-03-04 13:00:00,GEN_M03,76.62,61.3,400.89,109.45,50.041,0.896,18.5,8406.0,RUNNING
2024-03-04 13:00:00,GEN_B01,69.05,55.2,401.24,98.65,49.987,0.937,18.9,10520.7,RUNNING
2024-03-04 13:00:00,GEN_B02,69.22,55.4,400.33,98.89,49.974,0.904,17.3,11414.5,RUNNING
2024-03-04 14:00:00,GEN_M01,95.13,76.1,399.25,135.9,50.071,0.936,16.3,11973.0,RUNNING
2024-03-04 14:00:00,GEN_M02,81.01,64.8,400.71,115.73,49.98,0.901,15.2,14964.0,RUNNING
2024-03-04 14:00:00,GEN_M03,71.63,57.3,397.26,102.32,50.025,0.903,19.8,8841.5,RUNNING
2024-03-04 14:00:00,GEN_B01,98.97,79.2,401.32,141.39,50.028,0.936,19.8,12785.1,RUNNING
2024-03-04 14:00:00,GEN_B02,79.26,63.4,400.73,113.23,49.944,0.932,17.3,11221.7,RUNNING
2024-03-04 15:00:00,GEN_M01,79.39,63.5,400.89,113.41,49.881,0.928,16.7,13852.0,RUNNING
2024-03-04 15:00:00,GEN_M02,81.23,65.0,399.73,116.04,50.017,0.938,16.0,13428.7,RUNNING
2024-03-04 15:00:00,GEN_M03,72.34,57.9,400.55,103.34,49.938,0.886,15.9,10189.6,RUNNING
2024-03-04 15:00:00,GEN_B01,91.65,73.3,397.11,130.93,49.973,0.934,18.9,12225.0,RUNNING
2024-03-04 15:00:00,GEN_B02,80.2,64.2,399.73,114.57,49.997,0.903,16.1,13016.8,RUNNING
2024-03-04 16:00:00,GEN_M01,85.79,68.6,398.47,122.56,50.025,0.923,17.1,10513.3,RUNNING
2024-03-04 16:00:00,GEN_M02,101.27,81.0,399.67,144.68,49.913,0.944,13.4,11126.8,RUNNING
2024-03-04 16:00:00,GEN_M03,71.11,56.9,398.94,101.59,50.031,0.904,13.6,11501.1,RUNNING
2024-03-04 16:00:00,GEN_B01,100.34,80.3,399.15,143.34,50.08,0.907,15.7,11565.6,RUNNING
2024-03-04 16:00:00,GEN_B02,88.39,70.7,399.5,126.27,49.999,0.907,15.0,9823.2,RUNNING
2024-03-04 17:00:00,GEN_M01,93.74,75.0,401.75,133.92,50.079,0.882,19.3,12918.4,RUNNING
2024-03-04 17:00:00,GEN_M02,75.63,60.5,399.52,108.05,50.008,0.988,17.3,13447.9,MAINTENANCE
2024-03-04 17:00:00,GEN_M03,84.42,67.5,401.23,120.6,50.009,0.898,17.3,11468.4,RUNNING
2024-03-04 17:00:00,GEN_B01,78.56,62.8,402.44,112.23,50.005,0.949,12.7,10888.0,RUNNING
2024-03-04 17:00:00,GEN_B02,58.93,47.1,400.32,84.19,50.023,0.929,19.1,8982.2,RUNNING
2024-03-04 18:00:00,GEN_M01,77.64,62.1,399.28,110.91,49.965,0.89,13.7,14945.7,RUNNING
2024-03-04 18:00:00,GEN_M02,85.84,68.7,399.64,122.62,49.953,0.926,18.0,11484.7,RUNNING
2024-03-04 18:00:00,GEN_M03,88.9,71.1,399.21,127.0,49.888,0.867,18.7,8754.0,RUNNING
2024-03-04 18:00:00,GEN_B01,87.63,70.1,403.03,125.19,49.929,0.927,15.9,11713.9,RUNNING
2024-03-04 18:00:00,GEN_B02,65.33,52.3,402.37,93.33,49.989,0.936,22.2,9723.2,RUNNING
2024-03-04 19:00:00,GEN_M01,62.47,50.0,402.19,89.25,50.025,0.928,17.3,9217.2,RUNNING
2024-03-04 19:00:00,GEN_M02,44.46,35.6,399.67,63.51,49.933,0.94,18.1,10129.0,RUNNING
2024-03-04 19:00:00,GEN_M03,51.85,41.5,400.69,74.07,49.956,0.94,16.2,9250.1,RUNNING
2024-03-04 19:00:00,GEN_B01,55.05,44.0,400.1,78.65,50.076,0.911,15.8,13248.7,RUNNING
2024-03-04 19:00:00,GEN_B02,57.67,46.1,401.99,82.39,49.959,0.934,17.2,10768.0,RUNNING
2024-03-04 20:00:00,GEN_M01,55.3,44.2,399.65,79.0,50.009,0.933,17.0,14616.0,RUNNING
2024-03-04 20:00:00,GEN_M02,55.4,44.3,399.48,79.14,49.955,0.919,15.8,10498.0,MAINTENANCE
2024-03-04 20:00:00,GEN_M03,59.61,47.7,398.84,85.15,49.995,0.928,16.1,11243.9,RUNNING
2024-03-04 20:00:00,GEN_B01,57.21,45.8,401.17,81.73,49.965,0.959,16.3,14734.9,RUNNING
2024-03-04 20:00:00,GEN_B02,56.39,45.1,398.41,80.56,50.079,0.925,18.7,8139.4,MAINTENANCE
2024-03-04 21:00:00,GEN_M01,61.19,49.0,400.51,87.41,49.952,0.944,15.1,11772.4,RUNNING
2024-03-04 21:00:00,GEN_M02,53.34,42.7,398.6,76.2,50.022,0.902,13.5,14038.7,RUNNING
2024-03-04 21:00:00,GEN_M03,51.23,41.0,399.93,73.19,50.011,0.922,17.9,12183.2,RUNNING
2024-03-04 21:00:00,GEN_B01,48.41,38.7,400.2,69.16,49.892,0.94,17.8,8107.7,RUNNING
2024-03-04 21:00:00,GEN_B02,52.33,41.9,401.43,74.76,49.992,0.932,15.4,13576.9,RUNNING
2024-03-04 22:00:00,GEN_M01,57.73,46.2,399.73,82.47,50.081,0.957,17.4,9898.5,RUNNING
2024-03-04 22:00:00,GEN_M02,39.72,31.8,397.33,56.75,50.02,0.903,17.6,9327.3,RUNNING
2024-03-04 22:00:00,GEN_M03,50.74,40.6,399.4,72.49,49.992,0.926,15.2,11869.5,RUNNING
2024-03-04 22:00:00,GEN_B01,70.21,56.2,398.94,100.29,49.887,0.882,18.2,11821.4,RUNNING
2024-03-04 22:00:00,GEN_B02,60.86,48.7,401.47,86.94,49.971,0.966,18.1,14063.2,RUNNING
2024-03-04 23:00:00,GEN_M01,58.77,47.0,402.0,83.95,50.07,0.913,18.0,8736.1,RUNNING
2024-03-04 23:00:00,GEN_M02,44.04,35.2,401.44,62.91,49.901,0.906,18.3,12719.9,RUNNING
2024-03-04 23:00:00,GEN_M03,56.67,45.3,399.74,80.96,50.032,0.913,15.4,9216.0,RUNNING
2024-03-04 23:00:00,GEN_B01,58.0,46.4,401.02,82.85,50.018,0.862,16.3,13802.5,RUNNING
2024-03-04 23:00:00,GEN_B02,43.11,34.5,400.56,61.59,50.03,0.931,15.3,8706.4,RUNNING
2024-03-05 00:00:00,GEN_M01,52.14,41.7,398.03,74.49,50.149,0.929,14.2,13157.8,RUNNING
2024-03-05 00:00:00,GEN_M02,70.05,56.0,399.96,100.08,49.986,0.902,15.6,11368.8,RUNNING
2024-03-05 00:00:00,GEN_M03,51.85,41.5,398.74,74.07,50.035,0.911,16.8,8374.0,RUNNING
2024-03-05 00:00:00,GEN_B01,68.53,54.8,399.26,97.9,49.98,0.906,19.7,8584.8,RUNNING
2024-03-05 00:00:00,GEN_B02,62.07,49.7,401.26,88.68,50.036,0.91,16.4,11592.0,MAINTENANCE
2024-03-05 01:00:00,GEN_M01,50.72,40.6,400.67,72.46,49.998,0.906,17.2,13488.3,RUNNING
2024-03-05 01:00:00,GEN_M02,51.37,41.1,400.89,73.39,50.077,0.91,17.6,11222.1,RUNNING
2024-03-05 01:00:00,GEN_M03,53.81,43.0,400.76,76.87,50.09,0.932,14.6,10092.8,RUNNING
2024-03-05 01:00:00,GEN_B01,47.27,37.8,399.06,67.52,49.957,0.924,16.0,14644.0,RUNNING
2024-03-05 01:00:00,GEN_B02,47.36,37.9,399.4,67.65,49.998,0.922,18.2,14337.0,RUNNING
2024-03-05 02:00:00,GEN_M01,52.75,42.2,397.59,75.36,50.064,0.913,19.0,14702.7,RUNNING
2024-03-05 02:00:00,GEN_M02,63.16,50.5,401.28,90.22,49.994,0.925,16.9,11724.7,RUNNING
2024-03-05 02:00:00,GEN_M03,66.23,53.0,398.9,94.61,49.982,0.938,17.2,8076.6,RUNNING
2024-03-05 02:00:00,GEN_B01,46.95,37.6,399.45,67.07,49.936,0.924,18.1,9695.5,RUNNING
2024-03-05 02:00:00,GEN_B02,51.56,41.2,399.42,73.65,50.02,0.94,16.7,11906.2,RUNNING
2024-03-05 03:00:00,GEN_M01,60.31,48.3,398.27,86.16,49.986,0.922,15.9,11337.4,RUNNING
2024-03-05 03:00:00,GEN_M02,58.33,46.7,399.48,83.33,49.939,0.891,15.1,10666.2,RUNNING
2024-03-05 03:00:00,GEN_M03,66.46,53.2,398.04,94.94,49.991,0.923,18.6,8321.5,RUNNING
2024-03-05 03:00:00,GEN_B01,65.75,52.6,400.82,93.92,49.977,0.925,16.9,12258.4,RUNNING
2024-03-05 03:00:00,GEN_B02,65.73,52.6,397.89,93.9,49.987,0.946,16.1,13202.7,RUNNING
2024-03-05 04:00:00,GEN_M01,44.15,35.3,398.38,63.07,50.051,0.919,12.9,10312.6,RUNNING
2024-03-05 04:00:00,GEN_M02,64.5,51.6,399.18,92.14,50.05,0.939,19.6,13999.9,RUNNING
2024-03-05 04:00:00,GEN_M03,58.65,46.9,399.41,83.79,49.976,0.912,16.7,10977.2,RUNNING
2024-03-05 04:00:00,GEN_B01,65.39,52.3,399.66,93.41,50.015,0.893,15.9,12946.3,RUNNING
2024-03-05 04:00:00,GEN_B02,61.31,49.0,398.89,87.58,49.984,0.921,16.1,14799.6,RUNNING
2024-03-05 05:00:00,GEN_M01,61.25,49.0,400.43,87.49,49.988,0.925,15.6,8480.8,RUNNING
2024-03-05 05:00:00,GEN_M02,43.0,34.4,400.81,61.43,50.026,0.9,17.5,12501.7,RUNNING
2024-03-05 05:00:00,GEN_M03,50.92,40.7,398.96,72.75,50.066,0.946,17.8,14654.5,RUNNING
2024-03-05 05:00:00,GEN_B01,43.65,34.9,398.12,62.36,49.955,0.93,15.4,12352.9,RUNNING
2024-03-05 05:00:00,GEN_B02,61.92,49.5,397.62,88.46,49.936,0.916,17.6,9675.2,RUNNING
2024-03-05 06:00:00,GEN_M01,67.64,54.1,398.6,96.63,49.914,0.964,15.1,11134.7,RUNNING
2024-03-05 06:00:00,GEN_M02,93.58,74.9,397.77,133.68,50.119,0.904,14.9,8914.9,RUNNING
2024-03-05 06:00:00,GEN_M03,69.58,55.7,400.98,99.4,49.997,0.968,18.6,12791.7,RUNNING
2024-03-05 06:00:00,GEN_B01,83.6,66.9,402.44,119.43,49.998,0.86,17.3,13764.8,MAINTENANCE
2024-03-05 06:00:00,GEN_B02,65.66,52.5,399.12,93.8,50.013,0.943,18.7,11462.5,RUNNING
2024-03-05 07:00:00,GEN_M01,83.04,66.4,399.39,118.64,49.931,0.913,16.7,9429.4,RUNNING
2024-03-05 07:00:00,GEN_M02,72.07,57.7,397.21,102.96,50.006,0.925,15.1,12099.3,RUNNING
2024-03-05 07:00:00,GEN_M03,75.81,60.6,400.15,108.3,50.002,0.932,17.6,8686.2,RUNNING
2024-03-05 07:00:00,GEN_B01,80.55,64.4,399.89,115.07,50.044,0.896,15.7,8109.6,RUNNING
2024-03-05 07:00:00,GEN_B02,83.02,66.4,398.62,118.61,50.079,0.929,14.0,9759.9,RUNNING
2024-03-05 08:00:00,GEN_M01,78.89,63.1,400.06,112.7,49.938,0.931,12.4,12198.1,RUNNING
2024-03-05 08:00:00,GEN_M02,82.86,66.3,399.7,118.38,50.044,0.878,20.7,9138.8,RUNNING
2024-03-05 08:00:00,GEN_M03,78.56,62.8,399.63,112.23,49.919,0.951,17.7,11940.9,RUNNING
2024-03-05 08:00:00,GEN_B01,66.75,53.4,400.64,95.35,50.007,0.943,16.8,9356.9,RUNNING
2024-03-05 08:00:00,GEN_B02,55.27,44.2,402.2,78.96,49.937,0.899,16.8,13713.6,RUNNING
2024-03-05 09:00:00,GEN_M01,84.8,67.8,400.35,121.14,49.954,0.902,19.8,13704.3,RUNNING
2024-03-05 09:00:00,GEN_M02,76.25,61.0,397.71,108.93,50.014,0.905,18.4,14296.0,RUNNING
2024-03-05 09:00:00,GEN_M03,86.47,69.2,399.96,123.53,50.04,0.918,15.6,14517.4,RUNNING
2024-03-05 09:00:00,GEN_B01,80.48,64.4,399.14,114.97,49.904,0.915,13.3,13872.8,RUNNING
2024-03-05 09:00:00,GEN_B02,85.96,68.8,402.09,122.8,50.064,0.925,16.8,8311.5,RUNNING
2024-03-05 10:00:00,GEN_M01,57.33,45.9,398.84,81.9,50.044,0.926,17.8,12271.1,RUNNING
2024-03-05 10:00:00,GEN_M02,87.81,70.2,398.08,125.44,50.054,0.911,17.5,12425.5,RUNNING
2024-03-05 10:00:00,GEN_M03,87.47,70.0,399.31,124.95,50.067,0.96,14.0,9138.5,RUNNING
2024-03-05 10:00:00,GEN_B01,81.87,65.5,400.35,116.96,50.035,0.89,14.2,13075.2,RUNNING
2024-03-05 10:00:00,GEN_B02,87.56,70.0,400.53,125.08,50.018,0.927,19.8,14958.9,RUNNING
2024-03-05 11:00:00,GEN_M01,94.84,75.9,399.21,135.49,50.021,0.929,17.6,14109.0,RUNNING
2024-03-05 11:00:00,GEN_M02,82.16,65.7,400.76,117.38,49.964,0.9,17.9,9204.5,RUNNING
2024-03-05 11:00:00,GEN_M03,74.1,59.3,402.39,105.85,49.998,0.927,16.3,13903.5,RUNNING
2024-03-05 11:00:00,GEN_B01,89.98,72.0,399.38,128.54,50.053,0.931,15.8,12178.4,RUNNING
2024-03-05 11:00:00,GEN_B02,75.61,60.5,401.87,108.01,50.027,0.9,17.2,12573.0,RUNNING
2024-03-05 12:00:00,GEN_M01,82.68,66.1,401.58,118.11,49.888,0.927,14.8,10683.8,RUNNING
2024-03-05 12:00:00,GEN_M02,65.78,52.6,399.41,93.97,50.066,0.883,18.0,10004.6,RUNNING
2024-03-05 12:00:00,GEN_M03,85.0,68.0,397.91,121.43,50.05,0.928,17.3,12538.7,RUNNING
2024-03-05 12:00:00,GEN_B01,82.42,65.9,399.29,117.74,50.042,0.931,18.2,12975.3,RUNNING
2024-03-05 12:00:00,GEN_B02,85.77,68.6,400.86,122.52,49.995,0.944,16.9,9734.8,RUNNING
2024-03-05 13:00:00,GEN_M01,81.04,64.8,400.6,115.77,49.981,0.916,12.9,11753.5,RUNNING
2024-03-05 13:00:00,GEN_M02,82.3,65.8,397.91,117.57,50.005,0.928,19.2,14288.0,RUNNING
2024-03-05 13:00:00,GEN_M03,82.59,66.1,397.92,117.99,50.016,0.903,17.0,8396.4,RUNNING
2024-03-05 13:00:00,GEN_B01,75.07,60.1,399.47,107.25,49.985,0.942,16.5,10507.6,RUNNING
2024-03-05 13:00:00,GEN_B02,79.69,63.8,400.24,113.84,50.036,0.926,14.3,14690.3,RUNNING
2024-03-05 14:00:00,GEN_M01,75.71,60.6,402.1,108.16,49.985,0.932,16.6,13310.8,RUNNING
2024-03-05 14:00:00,GEN_M02,87.58,70.1,400.64,125.11,49.969,0.926,15.3,13774.9,RUNNING
2024-03-05 14:00:00,GEN_M03,83.97,67.2,398.25,119.96,50.004,0.942,15.4,9153.2,RUNNING
2024-03-05 14:00:00,GEN_B01,87.08,69.7,398.75,124.4,49.979,0.927,16.9,12000.6,RUNNING
2024-03-05 14:00:00,GEN_B02,67.91,54.3,398.74,97.01,49.958,0.912,20.3,9888.1,RUNNING
2024-03-05 15:00:00,GEN_M01,76.86,61.5,398.65,109.79,50.042,0.948,16.7,11896.9,RUNNING
2024-03-05 15:00:00,GEN_M02,88.98,71.2,399.14,127.11,50.008,0.938,17.0,11164.2,RUNNING
2024-03-05 15:00:00,GEN_M03,107.35,85.9,400.12,153.36,50.067,0.918,16.1,11715.4,RUNNING
2024-03-05 15:00:00,GEN_B01,77.4,61.9,403.58,110.57,50.046,0.939,18.5,9393.5,RUNNING
2024-03-05 15:00:00,GEN_B02,93.61,74.9,401.64,133.72,50.014,0.9,15.9,10500.8,RUNNING
2024-03-05 16:00:00,GEN_M01,69.98,56.0,400.46,99.97,50.049,0.925,14.8,13269.1,RUNNING
2024-03-05 16:00:00,GEN_M02,75.68,60.5,400.51,108.12,49.993,0.926,16.3,12264.4,RUNNING
2024-03-05 16:00:00,GEN_M03,85.27,68.2,400.26,121.82,49.953,0.901,15.7,13913.2,RUNNING
2024-03-05 16:00:00,GEN_B01,93.75,75.0,398.54,133.92,50.015,0.904,13.3,10548.3,RUNNING
2024-03-05 16:00:00,GEN_B02,78.04,62.4,402.57,111.48,49.947,0.9,17.3,12183.4,RUNNING
2024-03-05 17:00:00,GEN_M01,66.74,53.4,398.75,95.34,49.994,0.919,14.6,11945.3,RUNNING
2024-03-05 17:00:00,GEN_M02,67.49,54.0,399.73,96.41,50.02,0.944,16.6,10187.4,RUNNING
2024-03-05 17:00:00,GEN_M03,77.54,62.0,397.21,110.78,49.996,0.869,20.4,12755.3,RUNNING
2024-03-05 17:00:00,GEN_B01,92.7,74.2,399.71,132.42,50.083,0.925,18.5,11671.8,RUNNING
2024-03-05 17:00:00,GEN_B02,88.15,70.5,400.77,125.93,50.07,0.932,16.4,13194.7,RUNNING
2024-03-05 18:00:00,GEN_M01,106.55,85.2,401.05,152.22,50.023,0.912,14.6,10783.2,RUNNING
2024-03-05 18:00:00,GEN_M02,74.78,59.8,399.16,106.82,49.911,0.903,13.7,11715.8,RUNNING
2024-03-05 18:00:00,GEN_M03,95.7,76.6,401.3,136.72,50.038,0.876,15.3,13820.1,RUNNING
2024-03-05 18:00:00,GEN_B01,75.73,60.6,400.5,108.19,49.955,0.907,17.6,11587.7,RUNNING
2024-03-05 18:00:00,GEN_B02,77.58,62.1,401.05,110.83,49.983,0.926,17.6,9468.6,RUNNING
2024-03-05 19:00:00,GEN_M01,54.63,43.7,398.8,78.04,49.887,0.912,14.3,9412.2,RUNNING
2024-03-05 19:00:00,GEN_M02,62.39,49.9,400.83,89.13,50.035,0.92,17.6,9182.8,RUNNING
2024-03-05 19:00:00,GEN_M03,56.16,44.9,401.0,80.23,50.051,0.919,18.2,8790.6,RUNNING
2024-03-05 19:00:00,GEN_B01,48.85,39.1,399.13,69.79,50.033,0.926,17.0,13941.5,RUNNING
2024-03-05 19:00:00,GEN_B02,56.64,45.3,399.16,80.91,49.939,0.924,18.4,10294.8,RUNNING
2024-03-05 20:00:00,GEN_M01,59.78,47.8,398.47,85.4,50.047,0.933,14.9,13244.2,RUNNING
2024-03-05 20:00:00,GEN_M02,55.11,44.1,400.13,78.73,50.071,0.929,13.5,8027.2,RUNNING
2024-03-05 20:00:00,GEN_M03,36.63,29.3,401.49,52.33,49.972,0.942,14.4,13188.4,RUNNING
2024-03-05 20:00:00,GEN_B01,71.6,57.3,399.07,102.28,49.95,0.935,16.0,8349.0,RUNNING
2024-03-05 20:00:00,GEN_B02,51.73,41.4,398.34,73.9,49.978,0.906,15.7,13197.8,RUNNING
2024-03-05 21:00:00,GEN_M01,41.39,33.1,399.84,59.12,50.002,0.926,19.2,11026.2,RUNNING
2024-03-05 21:00:00,GEN_M02,46.78,37.4,400.59,66.83,49.998,0.893,16.4,14630.0,RUNNING
2024-03-05 21:00:00,GEN_M03,62.89,50.3,397.81,89.84,49.914,0.931,19.6,11269.6,RUNNING
2024-03-05 21:00:00,GEN_B01,51.97,41.6,399.0,74.24,50.025,0.899,17.2,14932.9,RUNNING
2024-03-05 21:00:00,GEN_B02,46.93,37.5,402.22,67.05,50.064,0.929,17.1,12399.9,RUNNING
2024-03-05 22:00:00,GEN_M01,65.1,52.1,399.17,92.99,49.962,0.943,17.2,10985.9,RUNNING
2024-03-05 22:00:00,GEN_M02,54.88,43.9,399.36,78.4,50.02,0.894,19.0,12045.2,RUNNING
2024-03-05 22:00:00,GEN_M03,52.96,42.4,399.02,75.66,50.049,0.911,18.5,13581.6,RUNNING
2024-03-05 22:00:00,GEN_B01,47.17,37.7,399.78,67.39,49.913,0.899,17.8,9013.0,RUNNING
2024-03-05 22:00:00,GEN_B02,50.98,40.8,401.7,72.84,49.994,0.878,16.0,9774.1,RUNNING
2024-03-05 23:00:00,GEN_M01,36.82,29.5,397.82,52.6,49.931,0.929,17.2,10792.4,RUNNING
2024-03-05 23:00:00,GEN_M02,50.48,40.4,401.4,72.12,49.954,0.943,18.7,9477.0,RUNNING
2024-03-05 23:00:00,GEN_M03,56.59,45.3,398.25,80.84,49.973,0.914,17.1,12317.4,RUNNING
2024-03-05 23:00:00,GEN_B01,75.45,60.4,402.22,107.78,49.945,0.928,15.7,12058.7,RUNNING
2024-03-05 23:00:00,GEN_B02,51.11,40.9,399.03,73.01,49.95,0.905,15.7,14679.3,RUNNING
2024-03-06 00:00:00,GEN_M01,45.59,36.5,400.31,65.12,50.017,0.92,16.8,12234.6,RUNNING
2024-03-06 00:00:00,GEN_M02,51.99,41.6,399.05,74.28,49.986,0.951,16.3,11354.4,RUNNING
2024-03-06 00:00:00,GEN_M03,50.75,40.6,401.7,72.5,49.998,0.927,16.3,8324.3,RUNNING
2024-03-06 00:00:00,GEN_B01,51.32,41.1,401.14,73.31,50.01,0.933,14.1,12031.6,RUNNING
2024-03-06 00:00:00,GEN_B02,58.14,46.5,401.48,83.06,49.981,0.921,12.8,13856.0,RUNNING
2024-03-06 01:00:00,GEN_M01,52.67,42.1,399.93,75.24,49.916,0.937,16.2,14718.1,RUNNING
2024-03-06 01:00:00,GEN_M02,62.37,49.9,400.5,89.1,49.926,0.903,16.6,14524.4,RUNNING
2024-03-06 01:00:00,GEN_M03,56.89,45.5,399.86,81.27,50.018,0.921,19.2,9730.6,MAINTENANCE
2024-03-06 01:00:00,GEN_B01,54.38,43.5,398.82,77.68,49.994,0.916,16.0,11407.3,RUNNING
2024-03-06 01:00:00,GEN_B02,55.11,44.1,399.91,78.73,49.945,0.921,14.6,8695.4,RUNNING
2024-03-06 02:00:00,GEN_M01,58.42,46.7,399.93,83.46,50.028,0.912,17.1,13025.4,MAINTENANCE
2024-03-06 02:00:00,GEN_M02,59.25,47.4,398.5,84.64,49.96,0.943,16.3,12182.6,RUNNING
2024-03-06 02:00:00,GEN_M03,51.88,41.5,400.92,74.11,50.017,0.957,19.3,9647.7,RUNNING
2024-03-06 02:00:00,GEN_B01,49.8,39.8,403.9,71.14,50.025,0.957,15.2,13357.5,RUNNING
2024-03-06 02:00:00,GEN_B02,51.55,41.2,400.04,73.65,50.004,0.915,18.4,14916.7,RUNNING
2024-03-06 03:00:00,GEN_M01,55.49,44.4,397.66,79.28,50.027,0.918,16.3,11448.6,RUNNING
2024-03-06 03:00:00,GEN_M02,52.7,42.2,400.91,75.28,49.966,0.916,19.0,10023.9,RUNNING
2024-03-06 03:00:00,GEN_M03,64.53,51.6,398.37,92.19,50.044,0.942,15.2,13388.9,RUNNING
2024-03-06 03:00:00,GEN_B01,55.95,44.8,401.75,79.92,49.967,0.935,15.2,8428.4,RUNNING
2024-03-06 03:00:00,GEN_B02,56.76,45.4,399.63,81.09,49.974,0.922,14.4,12989.1,RUNNING
2024-03-06 04:00:00,GEN_M01,47.27,37.8,400.61,67.53,49.966,0.935,16.1,10827.9,RUNNING
2024-03-06 04:00:00,GEN_M02,62.62,50.1,398.86,89.46,49.933,0.928,14.0,9669.5,RUNNING
2024-03-06 04:00:00,GEN_M03,51.36,41.1,400.17,73.37,50.061,0.897,17.0,11796.8,RUNNING
2024-03-06 04:00:00,GEN_B01,56.18,44.9,400.41,80.26,49.98,0.935,16.0,9553.3,RUNNING
2024-03-06 04:00:00,GEN_B02,57.94,46.4,397.72,82.77,49.943,0.925,20.1,9307.0,RUNNING
2024-03-06 05:00:00,GEN_M01,64.7,51.8,399.09,92.43,50.021,0.93,17.0,13529.1,RUNNING
2024-03-06 05:00:00,GEN_M02,55.99,44.8,399.8,79.99,49.972,0.946,12.9,13026.1,RUNNING
2024-03-06 05:00:00,GEN_M03,46.28,37.0,402.93,66.12,49.998,0.927,21.2,9373.3,RUNNING
2024-03-06 05:00:00,GEN_B01,56.33,45.1,400.21,80.47,50.097,0.911,19.1,9216.2,RUNNING
2024-03-06 05:00:00,GEN_B02,55.59,44.5,399.5,79.41,50.013,0.908,18.6,12161.3,RUNNING
2024-03-06 06:00:00,GEN_M01,81.83,65.5,401.12,116.91,50.054,0.901,13.9,14094.6,RUNNING
2024-03-06 06:00:00,GEN_M02,79.82,63.9,401.44,114.02,49.961,0.899,16.1,10927.0,RUNNING
2024-03-06 06:00:00,GEN_M03,73.74,59.0,399.2,105.34,49.972,0.916,18.0,11893.4,RUNNING
2024-03-06 06:00:00,GEN_B01,59.69,47.8,397.43,85.27,49.932,0.888,14.8,13960.2,RUNNING
2024-03-06 06:00:00,GEN_B02,87.37,69.9,400.94,124.82,50.077,0.944,17.9,14379.6,RUNNING
2024-03-06 07:00:00,GEN_M01,90.83,72.7,399.67,129.76,50.086,0.909,15.6,9973.3,RUNNING
2024-03-06 07:00:00,GEN_M02,75.76,60.6,400.36,108.22,50.014,0.938,15.5,14660.1,RUNNING
2024-03-06 07:00:00,GEN_M03,103.13,82.5,399.9,147.33,49.908,0.894,15.7,14646.5,RUNNING
2024-03-06 07:00:00,GEN_B01,86.16,68.9,401.89,123.09,50.085,0.915,17.6,13570.0,RUNNING
2024-03-06 07:00:00,GEN_B02,73.23,58.6,399.73,104.61,49.975,0.919,16.7,9566.8,RUNNING
2024-03-06 08:00:00,GEN_M01,73.24,58.6,398.73,104.63,50.008,0.922,17.6,14570.7,RUNNING
2024-03-06 08:00:00,GEN_M02,81.25,65.0,402.6,116.08,50.02,0.91,15.1,14435.2,RUNNING
2024-03-06 08:00:00,GEN_M03,84.56,67.6,400.13,120.8,50.077,0.897,20.1,11784.6,RUNNING
2024-03-06 08:00:00,GEN_B01,72.74,58.2,400.26,103.91,50.087,0.939,13.0,13647.9,RUNNING
2024-03-06 08:00:00,GEN_B02,74.57,59.7,399.83,106.52,49.993,0.924,17.4,11187.2,RUNNING
2024-03-06 09:00:00,GEN_M01,93.0,74.4,398.77,132.86,50.097,0.95,14.2,12589.7,RUNNING
2024-03-06 09:00:00,GEN_M02,74.13,59.3,398.93,105.9,50.108,0.909,17.7,14690.1,RUNNING
2024-03-06 09:00:00,GEN_M03,70.75,56.6,403.94,101.07,50.013,0.899,15.5,10227.3,RUNNING
2024-03-06 09:00:00,GEN_B01,86.65,69.3,401.66,123.79,50.04,0.918,13.9,11969.3,RUNNING
2024-03-06 09:00:00,GEN_B02,93.61,74.9,400.62,133.73,50.02,0.93,14.9,13815.2,RUNNING
2024-03-06 10:00:00,GEN_M01,82.04,65.6,400.45,117.2,50.068,0.895,17.0,8489.5,RUNNING
2024-03-06 10:00:00,GEN_M02,71.23,57.0,398.33,101.76,49.952,0.961,16.8,9094.3,RUNNING
2024-03-06 10:00:00,GEN_M03,80.1,64.1,401.81,114.43,49.927,0.905,18.5,9655.4,RUNNING
2024-03-06 10:00:00,GEN_B01,83.48,66.8,398.4,119.25,49.911,0.911,13.5,10432.3,RUNNING
2024-03-06 10:00:00,GEN_B02,92.07,73.7,399.72,131.53,49.917,0.943,16.5,11913.1,RUNNING
2024-03-06 11:00:00,GEN_M01,82.41,65.9,400.09,117.73,50.012,0.944,15.2,12562.0,RUNNING
2024-03-06 11:00:00,GEN_M02,94.53,75.6,401.57,135.05,50.018,0.926,21.4,14253.8,RUNNING
2024-03-06 11:00:00,GEN_M03,96.77,77.4,399.84,138.24,49.899,0.903,20.8,8786.8,RUNNING
2024-03-06 11:00:00,GEN_B01,77.78,62.2,400.84,111.11,49.953,0.908,15.8,12153.0,MAINTENANCE
2024-03-06 11:00:00,GEN_B02,95.32,76.3,401.09,136.17,50.001,0.92,15.4,10307.1,RUNNING
2024-03-06 12:00:00,GEN_M01,85.68,68.5,401.27,122.4,49.981,0.92,17.5,12287.2,RUNNING
2024-03-06 12:00:00,GEN_M02,56.72,45.4,402.77,81.04,49.983,0.937,19.3,9695.3,RUNNING
2024-03-06 12:00:00,GEN_M03,87.3,69.8,399.43,124.72,49.955,0.921,20.1,14180.6,RUNNING
2024-03-06 12:00:00,GEN_B01,80.02,64.0,401.51,114.32,50.006,0.862,21.6,12972.5,RUNNING
2024-03-06 12:00:00,GEN_B02,82.05,65.6,400.59,117.21,49.976,0.954,18.0,11594.0,RUNNING
2024-03-06 13:00:00,GEN_M01,83.14,66.5,397.78,118.77,50.014,0.921,19.2,12244.3,RUNNING
2024-03-06 13:00:00,GEN_M02,83.81,67.1,401.71,119.74,49.997,0.909,18.2,11553.6,RUNNING
2024-03-06 13:00:00,GEN_M03,67.0,53.6,400.88,95.72,49.955,0.885,14.5,12469.6,RUNNING
2024-03-06 13:00:00,GEN_B01,68.66,54.9,399.05,98.08,49.975,0.926,14.6,9202.2,RUNNING
2024-03-06 13:00:00,GEN_B02,87.63,70.1,400.78,125.18,50.081,0.943,16.7,11239.2,RUNNING
2024-03-06 14:00:00,GEN_M01,85.81,68.6,399.47,122.59,50.034,0.925,14.7,9800.1,RUNNING
2024-03-06 14:00:00,GEN_M02,81.27,65.0,399.86,116.1,49.927,0.921,15.8,8900.2,RUNNING
2024-03-06 14:00:00,GEN_M03,85.28,68.2,399.54,121.83,49.979,0.913,16.9,8868.5,RUNNING
2024-03-06 14:00:00,GEN_B01,72.69,58.2,400.75,103.84,49.988,0.921,14.8,11040.6,RUNNING
2024-03-06 14:00:00,GEN_B02,98.06,78.4,402.62,140.08,50.013,0.909,12.8,10923.4,RUNNING
2024-03-06 15:00:00,GEN_M01,79.21,63.4,400.4,113.15,50.051,0.885,19.2,10613.3,RUNNING
2024-03-06 15:00:00,GEN_M02,93.23,74.6,398.5,133.18,49.903,0.929,14.4,12492.6,RUNNING
2024-03-06 15:00:00,GEN_M03,81.97,65.6,397.36,117.1,49.982,0.953,14.8,12613.7,RUNNING
2024-03-06 15:00:00,GEN_B01,83.69,67.0,401.1,119.56,50.028,0.918,15.7,11003.1,RUNNING
2024-03-06 15:00:00,GEN_B02,83.24,66.6,398.18,118.92,50.024,0.895,14.0,13356.4,RUNNING
2024-03-06 16:00:00,GEN_M01,80.63,64.5,401.55,115.19,50.028,0.944,15.2,9313.7,RUNNING
2024-03-06 16:00:00,GEN_M02,70.43,56.3,400.94,100.62,50.007,0.947,16.8,9083.1,RUNNING
2024-03-06 16:00:00,GEN_M03,74.59,59.7,399.32,106.56,49.987,0.915,14.8,13807.7,RUNNING
2024-03-06 16:00:00,GEN_B01,83.57,66.9,396.66,119.38,50.05,0.938,12.5,12484.8,RUNNING
2024-03-06 16:00:00,GEN_B02,81.28,65.0,397.6,116.11,50.007,0.891,15.9,11304.8,RUNNING
2024-03-06 17:00:00,GEN_M01,105.91,84.7,399.45,151.3,49.982,0.868,19.4,14772.6,RUNNING
2024-03-06 17:00:00,GEN_M02,68.15,54.5,402.51,97.36,49.955,0.924,17.5,13701.1,RUNNING
2024-03-06 17:00:00,GEN_M03,108.33,86.7,402.33,154.76,49.965,0.903,14.9,10776.4,RUNNING
2024-03-06 17:00:00,GEN_B01,81.21,65.0,398.63,116.02,49.988,0.908,19.6,13732.2,RUNNING
2024-03-06 17:00:00,GEN_B02,77.96,62.4,400.23,111.38,49.964,0.934,19.7,14965.4,RUNNING
2024-03-06 18:00:00,GEN_M01,70.93,56.7,399.97,101.33,49.947,0.909,13.2,14068.0,RUNNING
2024-03-06 18:00:00,GEN_M02,96.08,76.9,400.88,137.25,49.972,0.943,17.0,9324.7,RUNNING
2024-03-06 18:00:00,GEN_M03,84.35,67.5,399.56,120.5,49.997,0.909,15.0,12611.8,RUNNING
2024-03-06 18:00:00,GEN_B01,96.84,77.5,399.65,138.34,49.975,0.928,16.5,14237.6,RUNNING
2024-03-06 18:00:00,GEN_B02,90.19,72.2,400.01,128.85,49.901,0.94,11.3,14456.0,RUNNING
2024-03-06 19:00:00,GEN_M01,63.75,51.0,400.31,91.07,49.929,0.909,16.5,9707.8,RUNNING
2024-03-06 19:00:00,GEN_M02,62.79,50.2,400.92,89.7,49.984,0.905,19.0,8430.2,RUNNING
2024-03-06 19:00:00,GEN_M03,56.93,45.5,399.67,81.33,49.967,0.932,17.0,9739.4,RUNNING
2024-03-06 19:00:00,GEN_B01,53.37,42.7,401.48,76.25,50.003,0.927,18.0,9946.5,RUNNING
2024-03-06 19:00:00,GEN_B02,58.14,46.5,398.67,83.06,50.054,0.899,16.9,8993.1,RUNNING
2024-03-06 20:00:00,GEN_M01,61.89,49.5,400.36,88.42,50.098,0.906,17.3,12742.3,RUNNING
2024-03-06 20:00:00,GEN_M02,63.2,50.6,399.65,90.28,49.97,0.914,15.0,10375.1,RUNNING
2024-03-06 20:00:00,GEN_M03,67.26,53.8,400.16,96.08,49.964,0.92,15.8,13384.6,RUNNING
2024-03-06 20:00:00,GEN_B01,62.45,50.0,398.87,89.21,49.979,0.95,14.0,14441.7,RUNNING
2024-03-06 20:00:00,GEN_B02,58.49,46.8,401.64,83.56,50.005,0.938,13.6,12753.2,RUNNING
2024-03-06 21:00:00,GEN_M01,68.13,54.5,399.38,97.32,50.008,0.896,16.2,8063.1,RUNNING
2024-03-06 21:00:00,GEN_M02,49.21,39.4,401.71,70.31,49.991,0.9,15.1,11492.1,RUNNING
2024-03-06 21:00:00,GEN_M03,59.61,47.7,396.18,85.16,49.955,0.941,13.9,14061.2,RUNNING
2024-03-06 21:00:00,GEN_B01,63.47,50.8,399.65,90.67,50.035,0.917,14.8,14729.9,RUNNING
2024-03-06 21:00:00,GEN_B02,63.27,50.6,398.82,90.39,50.058,0.89,15.7,11004.0,RUNNING
2024-03-06 22:00:00,GEN_M01,62.69,50.2,400.19,89.56,49.931,0.929,14.6,8107.6,RUNNING
2024-03-06 22:00:00,GEN_M02,69.93,55.9,398.91,99.9,50.042,0.979,12.5,9312.2,RUNNING
2024-03-06 22:00:00,GEN_M03,55.14,44.1,401.21,78.77,50.052,0.948,13.9,12996.3,RUNNING
2024-03-06 22:00:00,GEN_B01,53.77,43.0,398.52,76.82,49.981,0.936,19.2,11928.7,MAINTENANCE
2024-03-06 22:00:00,GEN_B02,45.23,36.2,399.86,64.62,49.965,0.897,14.2,9843.4,RUNNING
2024-03-06 23:00:00,GEN_M01,53.89,43.1,400.04,76.99,50.05,0.914,14.6,13830.4,RUNNING
2024-03-06 23:00:00,GEN_M02,61.75,49.4,396.22,88.22,49.978,0.909,18.0,10370.9,RUNNING
2024-03-06 23:00:00,GEN_M03,50.06,40.0,400.37,71.51,50.0,0.902,13.6,12664.2,RUNNING
2024-03-06 23:00:00,GEN_B01,60.21,48.2,401.63,86.01,49.992,0.895,17.4,10781.6,RUNNING
2024-03-06 23:00:00,GEN_B02,54.7,43.8,398.35,78.14,49.941,0.933,19.6,10211.5,RUNNING
2024-03-07 00:00:00,GEN_M01,58.12,46.5,400.5,83.02,49.985,0.893,15.2,12674.7,RUNNING
2024-03-07 00:00:00,GEN_M02,52.64,42.1,399.41,75.2,49.941,0.917,17.1,13573.3,RUNNING
2024-03-07 00:00:00,GEN_M03,55.8,44.6,399.46,79.72,50.085,0.932,17.2,10025.5,RUNNING
2024-03-07 00:00:00,GEN_B01,50.95,40.8,398.8,72.79,50.066,0.916,14.6,12295.4,RUNNING
2024-03-07 00:00:00,GEN_B02,60.32,48.3,397.75,86.17,50.063,0.879,19.5,8570.5,RUNNING
2024-03-07 01:00:00,GEN_M01,63.05,50.4,401.82,90.07,50.028,0.899,18.6,9624.2,RUNNING
2024-03-07 01:00:00,GEN_M02,49.21,39.4,399.45,70.3,50.012,0.906,15.4,11561.8,RUNNING
2024-03-07 01:00:00,GEN_M03,58.72,47.0,401.52,83.89,50.056,0.917,15.7,11032.0,RUNNING
2024-03-07 01:00:00,GEN_B01,64.68,51.7,402.62,92.4,50.045,0.925,16.0,13862.6,RUNNING
2024-03-07 01:00:00,GEN_B02,57.21,45.8,399.05,81.73,50.021,0.913,14.0,13814.1,RUNNING
2024-03-07 02:00:00,GEN_M01,54.9,43.9,398.66,78.43,50.042,0.935,15.4,9838.7,RUNNING
2024-03-07 02:00:00,GEN_M02,72.65,58.1,399.57,103.79,49.956,0.922,17.2,13835.4,RUNNING
2024-03-07 02:00:00,GEN_M03,59.58,47.7,400.78,85.11,50.014,0.895,18.4,8992.0,RUNNING
2024-03-07 02:00:00,GEN_B01,58.09,46.5,400.78,82.99,50.021,0.931,17.3,8431.3,RUNNING
2024-03-07 02:00:00,GEN_B02,69.53,55.6,396.19,99.32,49.879,0.944,16.6,9450.1,RUNNING
2024-03-07 03:00:00,GEN_M01,42.5,34.0,400.58,60.71,49.967,0.904,15.7,12022.6,RUNNING
2024-03-07 03:00:00,GEN_M02,60.3,48.2,401.31,86.15,50.087,0.941,14.5,9469.4,RUNNING
2024-03-07 03:00:00,GEN_M03,44.67,35.7,399.44,63.82,50.037,0.913,16.4,11495.6,RUNNING
2024-03-07 03:00:00,GEN_B01,54.57,43.7,400.54,77.96,50.03,0.917,17.4,11466.1,RUNNING
2024-03-07 03:00:00,GEN_B02,66.26,53.0,399.61,94.66,50.029,0.937,17.9,8713.8,RUNNING
2024-03-07 04:00:00,GEN_M01,47.3,37.8,398.91,67.57,50.053,0.89,16.9,8590.8,RUNNING
2024-03-07 04:00:00,GEN_M02,66.13,52.9,399.69,94.47,50.024,0.895,15.4,8709.7,RUNNING
2024-03-07 04:00:00,GEN_M03,49.06,39.2,399.95,70.08,50.036,0.925,15.6,13465.5,RUNNING
2024-03-07 04:00:00,GEN_B01,53.33,42.7,400.17,76.18,49.892,0.939,15.8,13240.1,RUNNING
2024-03-07 04:00:00,GEN_B02,50.17,40.1,397.14,71.67,49.912,0.915,17.4,12905.4,RUNNING
2024-03-07 05:00:00,GEN_M01,51.91,41.5,400.9,74.16,50.032,0.894,18.9,12466.3,RUNNING
2024-03-07 05:00:00,GEN_M02,45.9,36.7,399.18,65.57,50.092,0.9,17.2,10543.8,RUNNING
2024-03-07 05:00:00,GEN_M03,56.94,45.6,402.54,81.35,49.918,0.93,20.6,8818.5,RUNNING
2024-03-07 05:00:00,GEN_B01,56.16,44.9,400.32,80.24,49.959,0.899,18.0,14434.0,RUNNING
2024-03-07 05:00:00,GEN_B02,53.24,42.6,402.56,76.05,50.027,0.937,15.1,8862.1,RUNNING
2024-03-07 06:00:00,GEN_M01,90.08,72.1,396.97,128.69,50.028,0.905,14.3,9496.8,RUNNING
2024-03-07 06:00:00,GEN_M02,77.91,62.3,401.83,111.3,49.997,0.945,13.1,13561.0,RUNNING
2024-03-07 06:00:00,GEN_M03,82.88,66.3,401.7,118.41,50.041,0.908,16.6,10101.7,RUNNING
2024-03-07 06:00:00,GEN_B01,86.18,68.9,399.05,123.11,50.007,0.928,17.4,14202.3,RUNNING
2024-03-07 06:00:00,GEN_B02,76.86,61.5,400.2,109.79,50.009,0.902,18.2,14119.9,RUNNING
2024-03-07 07:00:00,GEN_M01,78.9,63.1,401.53,112.72,49.962,0.927,15.6,13218.2,RUNNING
2024-03-07 07:00:00,GEN_M02,94.89,75.9,399.2,135.55,49.924,0.928,16.9,10032.1,RUNNING
2024-03-07 07:00:00,GEN_M03,83.33,66.7,400.64,119.04,49.955,0.922,16.6,9558.9,RUNNING
2024-03-07 07:00:00,GEN_B01,75.94,60.8,401.86,108.49,49.984,0.903,15.8,12916.7,RUNNING
2024-03-07 07:00:00,GEN_B02,89.38,71.5,400.29,127.68,50.008,0.906,19.0,11359.3,RUNNING
2024-03-07 08:00:00,GEN_M01,78.21,62.6,400.95,111.73,50.004,0.924,15.5,9437.8,RUNNING
2024-03-07 08:00:00,GEN_M02,78.0,62.4,397.3,111.44,50.022,0.942,19.1,11441.7,RUNNING
2024-03-07 08:00:00,GEN_M03,91.07,72.9,400.4,130.1,49.953,0.921,14.8,8167.2,RUNNING
2024-03-07 08:00:00,GEN_B01,94.03,75.2,400.38,134.32,49.936,0.914,19.7,11259.0,RUNNING
2024-03-07 08:00:00,GEN_B02,90.9,72.7,399.69,129.85,49.959,0.956,13.6,12430.3,RUNNING
2024-03-07 09:00:00,GEN_M01,85.24,68.2,401.62,121.77,50.002,0.909,17.8,12646.0,RUNNING
2024-03-07 09:00:00,GEN_M02,89.46,71.6,399.63,127.8,50.021,0.953,11.8,9302.1,RUNNING
2024-03-07 09:00:00,GEN_M03,70.22,56.2,402.02,100.32,49.952,0.939,13.9,13421.2,RUNNING
2024-03-07 09:00:00,GEN_B01,65.3,52.2,400.86,93.29,50.036,0.929,15.3,13567.3,RUNNING
2024-03-07 09:00:00,GEN_B02,91.1,72.9,401.1,130.15,50.018,0.93,17.0,10004.6,RUNNING
2024-03-07 10:00:00,GEN_M01,75.84,60.7,399.12,108.34,49.985,0.919,17.3,9767.6,RUNNING
2024-03-07 10:00:00,GEN_M02,95.43,76.3,399.54,136.33,49.989,0.92,16.6,10234.5,RUNNING
2024-03-07 10:00:00,GEN_M03,83.29,66.6,399.67,118.98,49.968,0.905,16.9,14997.3,RUNNING
2024-03-07 10:00:00,GEN_B01,77.04,61.6,399.46,110.06,49.995,0.897,17.8,14829.8,RUNNING
2024-03-07 10:00:00,GEN_B02,76.51,61.2,397.5,109.3,50.052,0.908,16.7,10093.0,RUNNING
2024-03-07 11:00:00,GEN_M01,98.88,79.1,399.52,141.26,50.014,0.952,16.8,10569.3,RUNNING
2024-03-07 11:00:00,GEN_M02,67.28,53.8,400.76,96.12,50.058,0.917,18.0,12644.4,RUNNING
2024-03-07 11:00:00,GEN_M03,84.2,67.4,400.48,120.29,50.019,0.91,13.3,13666.8,RUNNING
2024-03-07 11:00:00,GEN_B01,95.25,76.2,401.0,136.07,50.067,0.913,14.2,11792.9,RUNNING
2024-03-07 11:00:00,GEN_B02,95.2,76.2,397.2,136.0,49.922,0.948,12.8,9669.2,RUNNING
2024-03-07 12:00:00,GEN_M01,85.33,68.3,401.81,121.9,50.093,0.876,14.8,13381.0,RUNNING
2024-03-07 12:00:00,GEN_M02,86.45,69.2,397.96,123.5,50.024,0.901,12.2,11906.6,RUNNING
2024-03-07 12:00:00,GEN_M03,64.77,51.8,400.45,92.53,50.002,0.907,17.6,10402.1,RUNNING
2024-03-07 12:00:00,GEN_B01,85.15,68.1,401.55,121.64,49.976,0.929,16.9,14356.2,RUNNING
2024-03-07 12:00:00,GEN_B02,83.3,66.6,398.96,119.0,49.993,0.919,17.1,10261.1,RUNNING
2024-03-07 13:00:00,GEN_M01,96.23,77.0,400.46,137.48,50.027,0.933,22.3,13369.4,RUNNING
2024-03-07 13:00:00,GEN_M02,89.01,71.2,400.25,127.16,50.054,0.958,18.5,9162.0,RUNNING
2024-03-07 13:00:00,GEN_M03,83.21,66.6,400.53,118.87,49.981,0.922,16.0,13360.8,RUNNING
2024-03-07 13:00:00,GEN_B01,72.61,58.1,399.09,103.73,50.038,0.937,17.1,12576.5,RUNNING
2024-03-07 13:00:00,GEN_B02,98.02,78.4,400.99,140.04,49.876,0.906,17.9,10397.8,RUNNING
2024-03-07 14:00:00,GEN_M01,89.36,71.5,399.68,127.66,50.03,0.949,18.4,14973.6,RUNNING
2024-03-07 14:00:00,GEN_M02,91.44,73.1,399.72,130.62,50.001,0.901,14.7,9198.3,RUNNING
2024-03-07 14:00:00,GEN_M03,91.95,73.6,399.85,131.36,50.054,0.911,15.0,8985.8,RUNNING
2024-03-07 14:00:00,GEN_B01,77.88,62.3,398.63,111.26,49.885,0.937,19.4,8866.7,RUNNING
2024-03-07 14:00:00,GEN_B02,85.09,68.1,398.86,121.56,50.059,0.937,17.1,12564.5,RUNNING
2024-03-07 15:00:00,GEN_M01,101.0,80.8,399.51,144.28,50.02,0.93,16.8,9687.2,RUNNING
2024-03-07 15:00:00,GEN_M02,79.16,63.3,398.87,113.08,49.997,0.95,15.2,14945.3,RUNNING
2024-03-07 15:00:00,GEN_M03,101.64,81.3,399.3,145.2,50.02,0.879,18.9,8388.3,RUNNING
2024-03-07 15:00:00,GEN_B01,99.99,80.0,400.08,142.85,49.997,0.914,16.8,13357.4,RUNNING
2024-03-07 15:00:00,GEN_B02,86.57,69.3,400.17,123.67,49.984,0.918,19.2,11779.8,RUNNING
2024-03-07 16:00:00,GEN_M01,75.16,60.1,398.93,107.37,49.988,0.925,17.9,11865.6,RUNNING
2024-03-07 16:00:00,GEN_M02,73.18,58.5,398.61,104.54,50.039,0.928,11.9,13355.7,MAINTENANCE
2024-03-07 16:00:00,GEN_M03,79.67,63.7,399.35,113.82,50.029,0.917,14.5,10281.7,RUNNING
2024-03-07 16:00:00,GEN_B01,68.9,55.1,400.16,98.43,49.938,0.947,17.0,12982.6,RUNNING
2024-03-07 16:00:00,GEN_B02,71.78,57.4,401.99,102.54,49.961,0.922,21.3,13980.8,RUNNING
2024-03-07 17:00:00,GEN_M01,70.96,56.8,398.14,101.37,49.963,0.939,18.0,10519.3,RUNNING
2024-03-07 17:00:00,GEN_M02,90.82,72.7,399.55,129.74,49.943,0.912,13.8,8134.7,RUNNING
2024-03-07 17:00:00,GEN_M03,100.34,80.3,399.55,143.35,49.96,0.923,15.2,8187.6,RUNNING
2024-03-07 17:00:00,GEN_B01,75.8,60.6,398.91,108.28,49.988,0.911,16.7,10362.7,RUNNING
2024-03-07 17:00:00,GEN_B02,59.19,47.4,401.34,84.56,49.945,0.878,12.8,10629.6,RUNNING
2024-03-07 18:00:00,GEN_M01,93.4,74.7,397.53,133.42,49.984,0.896,14.5,13534.2,RUNNING
2024-03-07 18:00:00,GEN_M02,85.29,68.2,402.07,121.85,49.954,0.923,15.7,12813.5,RUNNING
2024-03-07 18:00:00,GEN_M03,93.33,74.7,400.3,133.33,50.077,0.905,16.4,10455.3,RUNNING
2024-03-07 18:00:00,GEN_B01,60.92,48.7,401.55,87.03,49.998,0.929,19.0,14981.0,RUNNING
2024-03-07 18:00:00,GEN_B02,74.16,59.3,401.82,105.94,50.003,0.919,20.5,13406.6,RUNNING
2024-03-07 19:00:00,GEN_M01,61.51,49.2,397.27,87.87,50.077,0.943,16.2,9079.0,RUNNING
2024-03-07 19:00:00,GEN_M02,56.32,45.1,398.34,80.46,50.088,0.93,11.0,10427.5,RUNNING
2024-03-07 19:00:00,GEN_M03,41.63,33.3,399.75,59.48,50.08,0.936,14.7,9338.5,RUNNING
2024-03-07 19:00:00,GEN_B01,50.25,40.2,401.81,71.78,49.933,0.886,18.5,8399.7,RUNNING
2024-03-07 19:00:00,GEN_B02,53.86,43.1,400.39,76.94,49.916,0.906,15.9,8514.2,RUNNING
2024-03-07 20:00:00,GEN_M01,62.68,50.1,399.19,89.55,50.044,0.913,20.0,13450.9,RUNNING
2024-03-07 20:00:00,GEN_M02,49.27,39.4,399.33,70.39,49.943,0.933,15.0,13365.9,RUNNING
2024-03-07 20:00:00,GEN_M03,60.72,48.6,400.87,86.75,49.987,0.922,17.1,12792.0,RUNNING
2024-03-07 20:00:00,GEN_B01,63.23,50.6,403.03,90.33,49.941,0.896,17.6,12561.7,RUNNING
2024-03-07 20:00:00,GEN_B02,52.82,42.3,399.6,75.46,50.011,0.894,13.7,14099.3,RUNNING
2024-03-07 21:00:00,GEN_M01,53.17,42.5,398.8,75.96,50.006,0.916,15.7,10928.2,RUNNING
2024-03-07 21:00:00,GEN_M02,51.83,41.5,398.9,74.04,49.973,0.916,16.3,12091.3,RUNNING
2024-03-07 21:00:00,GEN_M03,61.04,48.8,401.37,87.2,49.996,0.892,13.8,9652.2,RUNNING
2024-03-07 21:00:00,GEN_B01,56.87,45.5,398.97,81.24,49.947,0.94,15.7,13715.8,RUNNING
2024-03-07 21:00:00,GEN_B02,55.05,44.0,399.51,78.65,50.076,0.965,16.5,11530.7,RUNNING
2024-03-07 22:00:00,GEN_M01,55.89,44.7,398.86,79.85,50.086,0.936,18.5,14336.5,RUNNING
2024-03-07 22:00:00,GEN_M02,54.15,43.3,401.55,77.36,50.064,0.915,15.4,10786.4,RUNNING
2024-03-07 22:00:00,GEN_M03,47.57,38.1,399.35,67.96,49.952,0.955,13.0,9062.9,RUNNING
2024-03-07 22:00:00,GEN_B01,52.83,42.3,399.71,75.47,49.938,0.933,19.9,13842.8,RUNNING
2024-03-07 22:00:00,GEN_B02,55.09,44.1,397.74,78.71,50.042,0.921,16.5,8720.8,RUNNING
2024-03-07 23:00:00,GEN_M01,55.32,44.3,399.58,79.03,50.042,0.901,15.8,10047.7,RUNNING
2024-03-07 23:00:00,GEN_M02,41.88,33.5,398.47,59.82,50.005,0.915,19.1,14161.6,RUNNING
2024-03-07 23:00:00,GEN_M03,58.83,47.1,401.01,84.04,49.997,0.889,13.4,9871.5,RUNNING
2024-03-07 23:00:00,GEN_B01,43.7,35.0,401.78,62.43,50.016,0.946,15.4,12276.4,RUNNING
2024-03-07 23:00:00,GEN_B02,56.82,45.5,400.11,81.17,49.964,0.917,14.4,10927.0,RUNNING
2024-03-08 00:00:00,GEN_M01,47.35,37.9,399.41,67.65,50.187,0.949,13.9,8335.7,RUNNING
2024-03-08 00:00:00,GEN_M02,34.7,27.8,398.23,49.58,49.948,0.909,18.2,13414.9,RUNNING
2024-03-08 00:00:00,GEN_M03,53.74,43.0,398.78,76.77,50.043,0.897,18.2,8152.8,RUNNING
2024-03-08 00:00:00,GEN_B01,60.86,48.7,401.34,86.94,49.878,0.904,15.2,11080.7,RUNNING
2024-03-08 00:00:00,GEN_B02,43.49,34.8,400.58,62.13,49.959,0.943,14.8,9393.6,RUNNING
2024-03-08 01:00:00,GEN_M01,64.39,51.5,401.55,91.98,49.974,0.95,17.5,11189.5,RUNNING
2024-03-08 01:00:00,GEN_M02,44.05,35.2,401.48,62.93,49.919,0.902,11.5,11960.0,RUNNING
2024-03-08 01:00:00,GEN_M03,59.83,47.9,402.22,85.47,50.052,0.869,16.7,11434.0,RUNNING
2024-03-08 01:00:00,GEN_B01,55.78,44.6,401.58,79.69,50.082,0.896,16.1,11190.0,RUNNING
2024-03-08 01:00:00,GEN_B02,56.83,45.5,400.33,81.19,50.106,0.935,16.6,11861.0,RUNNING
2024-03-08 02:00:00,GEN_M01,54.55,43.6,403.08,77.92,49.943,0.935,16.8,8820.7,RUNNING
2024-03-08 02:00:00,GEN_M02,62.03,49.6,401.05,88.62,50.074,0.935,15.7,12526.1,RUNNING
2024-03-08 02:00:00,GEN_M03,65.2,52.2,399.02,93.14,49.955,0.941,15.7,10565.6,RUNNING
2024-03-08 02:00:00,GEN_B01,42.15,33.7,394.87,60.22,49.911,0.906,16.8,13073.6,RUNNING
2024-03-08 02:00:00,GEN_B02,58.52,46.8,400.77,83.61,49.967,0.944,20.1,11513.3,RUNNING
2024-03-08 03:00:00,GEN_M01,52.78,42.2,401.58,75.4,50.051,0.959,19.4,10045.4,RUNNING
2024-03-08 03:00:00,GEN_M02,60.29,48.2,397.72,86.12,49.999,0.899,19.4,8509.0,RUNNING
2024-03-08 03:00:00,GEN_M03,57.21,45.8,402.01,81.73,49.991,0.933,18.5,10798.1,RUNNING
2024-03-08 03:00:00,GEN_B01,64.65,51.7,398.97,92.35,50.034,0.924,10.1,9183.8,RUNNING
2024-03-08 03:00:00,GEN_B02,34.98,28.0,399.06,49.97,49.965,0.884,16.4,13721.1,RUNNING
2024-03-08 04:00:00,GEN_M01,53.08,42.5,398.94,75.83,49.936,0.9,15.4,11724.3,RUNNING
2024-03-08 04:00:00,GEN_M02,57.91,46.3,402.99,82.73,50.023,0.941,17.4,14471.9,RUNNING
2024-03-08 04:00:00,GEN_M03,45.69,36.5,399.16,65.27,49.969,0.907,15.6,10271.8,RUNNING
2024-03-08 04:00:00,GEN_B01,66.98,53.6,401.16,95.69,50.0,0.941,20.7,8054.0,RUNNING
2024-03-08 04:00:00,GEN_B02,51.23,41.0,399.46,73.19,50.012,0.929,15.3,9677.4,RUNNING
2024-03-08 05:00:00,GEN_M01,49.13,39.3,400.91,70.19,49.977,0.917,17.0,10354.8,RUNNING
2024-03-08 05:00:00,GEN_M02,47.65,38.1,400.78,68.07,50.096,0.921,17.6,9059.6,RUNNING
2024-03-08 05:00:00,GEN_M03,56.64,45.3,400.57,80.91,49.953,0.927,18.0,9809.1,RUNNING
2024-03-08 05:00:00,GEN_B01,64.18,51.3,395.39,91.69,50.049,0.947,15.3,12197.2,RUNNING
2024-03-08 05:00:00,GEN_B02,47.82,38.3,402.02,68.32,49.91,0.948,15.0,8818.1,RUNNING
2024-03-08 06:00:00,GEN_M01,91.98,73.6,396.99,131.41,49.982,0.94,17.3,11273.8,MAINTENANCE
2024-03-08 06:00:00,GEN_M02,64.38,51.5,400.59,91.97,49.942,0.946,15.1,12046.0,RUNNING
2024-03-08 06:00:00,GEN_M03,85.59,68.5,400.88,122.27,49.97,0.916,15.1,12434.8,RUNNING
2024-03-08 06:00:00,GEN_B01,76.33,61.1,402.01,109.04,49.96,0.957,14.2,11961.4,RUNNING
2024-03-08 06:00:00,GEN_B02,84.18,67.3,399.55,120.26,50.019,0.9,15.6,11842.5,RUNNING
2024-03-08 07:00:00,GEN_M01,57.15,45.7,400.6,81.65,50.007,0.943,17.3,9923.1,RUNNING
2024-03-08 07:00:00,GEN_M02,102.34,81.9,401.68,146.2,50.028,0.92,9.8,8272.2,RUNNING
2024-03-08 07:00:00,GEN_M03,90.21,72.2,397.81,128.87,49.951,0.91,17.6,13953.5,RUNNING
2024-03-08 07:00:00,GEN_B01,60.04,48.0,400.96,85.77,50.058,0.922,16.2,10355.7,RUNNING
2024-03-08 07:00:00,GEN_B02,73.75,59.0,399.93,105.36,50.044,0.915,17.8,11812.2,RUNNING
2024-03-08 08:00:00,GEN_M01,75.27,60.2,401.09,107.53,49.936,0.917,15.5,9355.3,RUNNING
2024-03-08 08:00:00,GEN_M02,91.94,73.6,397.99,131.35,50.009,0.948,16.8,8267.3,RUNNING
2024-03-08 08:00:00,GEN_M03,81.98,65.6,399.71,117.12,50.01,0.942,13.9,10777.3,RUNNING
2024-03-08 08:00:00,GEN_B01,92.08,73.7,399.09,131.54,50.025,0.893,17.0,14061.2,RUNNING
2024-03-08 08:00:00,GEN_B02,81.79,65.4,401.27,116.84,49.978,0.932,16.5,9285.2,MAINTENANCE
2024-03-08 09:00:00,GEN_M01,80.94,64.8,401.35,115.63,50.07,0.943,14.4,12817.7,RUNNING
2024-03-08 09:00:00,GEN_M02,84.88,67.9,399.01,121.26,49.897,0.889,16.0,12188.6,RUNNING
2024-03-08 09:00:00,GEN_M03,81.4,65.1,395.16,116.28,49.951,0.964,19.7,11111.0,RUNNING
2024-03-08 09:00:00,GEN_B01,75.93,60.7,401.47,108.47,49.937,0.95,17.4,13093.4,RUNNING
2024-03-08 09:00:00,GEN_B02,85.23,68.2,400.67,121.76,50.026,0.913,16.8,10348.7,RUNNING
2024-03-08 10:00:00,GEN_M01,81.26,65.0,399.95,116.08,50.021,0.917,19.3,11011.5,RUNNING
2024-03-08 10:00:00,GEN_M02,77.59,62.1,398.2,110.85,50.063,0.919,16.3,10116.8,RUNNING
2024-03-08 10:00:00,GEN_M03,97.01,77.6,400.73,138.59,50.047,0.963,13.5,10255.7,RUNNING
2024-03-08 10:00:00,GEN_B01,75.74,60.6,397.17,108.2,50.082,0.912,15.0,14554.4,RUNNING
2024-03-08 10:00:00,GEN_B02,95.11,76.1,400.54,135.87,49.939,0.927,13.9,12944.9,RUNNING
2024-03-08 11:00:00,GEN_M01,84.17,67.3,399.88,120.25,49.99,0.893,16.7,10339.2,RUNNING
2024-03-08 11:00:00,GEN_M02,71.16,56.9,399.89,101.66,50.004,0.931,15.0,14668.5,RUNNING
2024-03-08 11:00:00,GEN_M03,82.82,66.3,398.75,118.31,49.981,0.906,14.4,11966.4,RUNNING
2024-03-08 11:00:00,GEN_B01,71.27,57.0,400.25,101.81,49.925,0.933,19.8,8719.5,RUNNING
2024-03-08 11:00:00,GEN_B02,81.58,65.3,397.81,116.55,49.936,0.893,14.3,11015.8,RUNNING
2024-03-08 12:00:00,GEN_M01,65.78,52.6,400.21,93.97,50.121,0.912,18.0,13410.1,RUNNING
2024-03-08 12:00:00,GEN_M02,103.58,82.9,397.06,147.97,49.94,0.926,17.7,8521.7,RUNNING
2024-03-08 12:00:00,GEN_M03,63.77,51.0,397.61,91.11,50.107,0.942,14.4,12350.6,RUNNING
2024-03-08 12:00:00,GEN_B01,77.86,62.3,399.16,111.23,49.985,0.898,18.8,8330.2,RUNNING
2024-03-08 12:00:00,GEN_B02,80.11,64.1,398.39,114.45,50.057,0.933,14.6,8051.5,RUNNING
2024-03-08 13:00:00,GEN_M01,72.43,57.9,400.46,103.47,49.984,0.952,18.1,13029.6,RUNNING
2024-03-08 13:00:00,GEN_M02,86.91,69.5,398.39,124.16,49.972,0.949,17.5,9426.7,RUNNING
2024-03-08 13:00:00,GEN_M03,92.87,74.3,401.6,132.67,49.943,0.897,19.5,11122.2,RUNNING
2024-03-08 13:00:00,GEN_B01,76.35,61.1,400.53,109.07,49.93,0.925,14.8,10560.4,RUNNING
2024-03-08 13:00:00,GEN_B02,67.18,53.7,401.08,95.98,50.036,0.917,13.5,13287.6,RUNNING
2024-03-08 14:00:00,GEN_M01,88.2,70.6,400.53,126.0,50.015,0.934,13.8,13037.5,RUNNING
2024-03-08 14:00:00,GEN_M02,108.74,87.0,402.58,155.34,50.009,0.894,19.2,14579.9,RUNNING
2024-03-08 14:00:00,GEN_M03,63.3,50.6,400.51,90.43,50.006,0.926,17.8,13307.7,RUNNING
2024-03-08 14:00:00,GEN_B01,91.04,72.8,401.56,130.05,49.971,0.939,15.0,14069.6,RUNNING
2024-03-08 14:00:00,GEN_B02,98.89,79.1,402.12,141.27,49.981,0.922,17.5,12215.3,RUNNING
2024-03-08 15:00:00,GEN_M01,77.7,62.2,400.75,111.01,50.062,0.897,17.3,12494.2,RUNNING
2024-03-08 15:00:00,GEN_M02,80.55,64.4,397.8,115.07,50.074,0.933,16.6,11094.5,RUNNING
2024-03-08 15:00:00,GEN_M03,75.49,60.4,401.48,107.85,50.058,0.89,15.5,14290.5,RUNNING
2024-03-08 15:00:00,GEN_B01,95.98,76.8,401.05,137.12,50.004,0.916,19.0,11194.5,RUNNING
2024-03-08 15:00:00,GEN_B02,86.23,69.0,401.72,123.19,50.053,0.91,15.6,10638.1,RUNNING
2024-03-08 16:00:00,GEN_M01,82.55,66.0,401.34,117.93,49.914,0.952,14.0,9944.4,RUNNING
2024-03-08 16:00:00,GEN_M02,77.88,62.3,402.27,111.26,50.034,0.922,14.5,11388.7,RUNNING
2024-03-08 16:00:00,GEN_M03,73.54,58.8,398.96,105.06,50.03,0.911,10.9,12913.8,RUNNING
2024-03-08 16:00:00,GEN_B01,79.8,63.8,396.71,114.0,49.958,0.938,20.1,12248.8,RUNNING
2024-03-08 16:00:00,GEN_B02,75.2,60.2,400.25,107.43,49.907,0.924,16.6,12579.5,RUNNING
2024-03-08 17:00:00,GEN_M01,76.08,60.9,400.0,108.69,49.945,0.87,20.1,12511.3,RUNNING
2024-03-08 17:00:00,GEN_M02,87.58,70.1,399.35,125.11,50.003,0.928,15.0,9306.5,RUNNING
2024-03-08 17:00:00,GEN_M03,91.45,73.2,402.67,130.64,49.974,0.943,20.2,11845.1,RUNNING
2024-03-08 17:00:00,GEN_B01,73.62,58.9,397.37,105.17,49.952,0.92,16.4,11046.6,RUNNING
2024-03-08 17:00:00,GEN_B02,83.45,66.8,401.09,119.21,50.038,0.916,16.6,14508.9,RUNNING
2024-03-08 18:00:00,GEN_M01,85.34,68.3,396.52,121.91,50.07,0.911,16.0,12418.6,RUNNING
2024-03-08 18:00:00,GEN_M02,69.01,55.2,399.19,98.59,49.984,0.927,15.0,12628.3,RUNNING
2024-03-08 18:00:00,GEN_M03,67.45,54.0,401.61,96.35,49.986,0.927,20.2,13753.0,RUNNING
2024-03-08 18:00:00,GEN_B01,69.57,55.7,401.35,99.38,50.0,0.918,16.7,13372.1,RUNNING
2024-03-08 18:00:00,GEN_B02,72.88,58.3,400.45,104.12,50.067,0.932,17.0,9494.1,RUNNING
2024-03-08 19:00:00,GEN_M01,43.07,34.5,401.45,61.53,49.89,0.948,14.7,14476.2,RUNNING
2024-03-08 19:00:00,GEN_M02,63.74,51.0,400.52,91.06,50.004,0.923,16.6,14459.9,RUNNING
2024-03-08 19:00:00,GEN_M03,64.7,51.8,400.8,92.43,49.986,0.929,14.4,14643.2,MAINTENANCE
2024-03-08 19:00:00,GEN_B01,49.77,39.8,399.93,71.09,50.078,0.925,17.1,13377.9,RUNNING
2024-03-08 19:00:00,GEN_B02,59.95,48.0,399.47,85.64,49.978,0.904,17.1,14501.2,RUNNING
2024-03-08 20:00:00,GEN_M01,55.68,44.5,400.44,79.54,49.96,0.918,14.9,11554.8,RUNNING
2024-03-08 20:00:00,GEN_M02,49.16,39.3,400.89,70.22,50.089,0.922,16.2,9347.5,RUNNING
2024-03-08 20:00:00,GEN_M03,45.07,36.1,397.96,64.38,49.975,0.944,18.5,12894.7,RUNNING
2024-03-08 20:00:00,GEN_B01,53.74,43.0,398.96,76.77,50.044,0.945,16.2,14048.8,RUNNING
2024-03-08 20:00:00,GEN_B02,66.66,53.3,398.95,95.23,49.937,0.874,17.3,14027.8,RUNNING
2024-03-08 21:00:00,GEN_M01,64.0,51.2,399.37,91.43,49.903,0.896,16.6,12104.0,RUNNING
2024-03-08 21:00:00,GEN_M02,61.02,48.8,402.45,87.17,49.964,0.927,13.6,8239.9,RUNNING
2024-03-08 21:00:00,GEN_M03,58.89,47.1,399.58,84.12,50.012,0.926,16.3,13678.7,RUNNING
2024-03-08 21:00:00,GEN_B01,49.97,40.0,399.49,71.39,49.957,0.914,17.0,14787.8,MAINTENANCE
2024-03-08 21:00:00,GEN_B02,51.29,41.0,399.86,73.28,50.068,0.901,17.5,8087.2,RUNNING
2024-03-08 22:00:00,GEN_M01,39.77,31.8,402.58,56.82,50.024,0.901,17.0,11277.2,RUNNING
2024-03-08 22:00:00,GEN_M02,48.58,38.9,401.79,69.4,49.993,0.879,14.2,11793.5,RUNNING
2024-03-08 22:00:00,GEN_M03,44.91,35.9,398.43,64.16,49.945,0.902,19.0,8940.4,MAINTENANCE
2024-03-08 22:00:00,GEN_B01,70.8,56.6,399.18,101.14,50.085,0.874,20.3,13890.7,RUNNING
2024-03-08 22:00:00,GEN_B02,63.11,50.5,402.26,90.15,50.004,0.931,18.9,8064.1,RUNNING
2024-03-08 23:00:00,GEN_M01,50.87,40.7,401.7,72.67,50.011,0.954,15.7,12531.0,RUNNING
2024-03-08 23:00:00,GEN_M02,65.45,52.4,400.26,93.51,49.958,0.923,16.0,14745.2,RUNNING
2024-03-08 23:00:00,GEN_M03,48.88,39.1,399.48,69.83,50.018,0.874,18.8,8803.0,RUNNING
2024-03-08 23:00:00,GEN_B01,63.16,50.5,401.53,90.22,50.022,0.945,17.2,14880.2,RUNNING
2024-03-08 23:00:00,GEN_B02,59.39,47.5,399.86,84.85,49.998,0.855,13.4,12353.4,RUNNING
2024-03-09 00:00:00,GEN_M01,54.19,43.4,396.73,77.42,49.933,0.93,15.9,12784.5,RUNNING
2024-03-09 00:00:00,GEN_M02,52.76,42.2,398.05,75.38,50.002,0.904,14.7,11279.0,RUNNING
2024-03-09 00:00:00,GEN_M03,51.42,41.1,400.84,73.46,50.043,0.915,12.8,10165.6,RUNNING
2024-03-09 00:00:00,GEN_B01,60.9,48.7,399.85,87.0,50.008,0.918,17.9,13628.1,RUNNING
2024-03-09 00:00:00,GEN_B02,57.46,46.0,400.66,82.08,50.059,0.95,18.6,12453.3,RUNNING
2024-03-09 01:00:00,GEN_M01,44.16,35.3,401.48,63.09,49.987,0.932,17.1,10213.6,RUNNING
2024-03-09 01:00:00,GEN_M02,60.24,48.2,400.0,86.05,49.96,0.928,15.9,8218.0,RUNNING
2024-03-09 01:00:00,GEN_M03,53.05,42.4,399.69,75.79,50.059,0.911,14.5,8962.3,RUNNING
2024-03-09 01:00:00,GEN_B01,55.3,44.2,399.04,79.0,50.061,0.893,15.6,13008.5,RUNNING
2024-03-09 01:00:00,GEN_B02,55.61,44.5,401.77,79.44,50.037,0.922,16.4,13411.0,RUNNING
2024-03-09 02:00:00,GEN_M01,49.41,39.5,400.45,70.58,50.024,0.912,17.6,11359.5,RUNNING
2024-03-09 02:00:00,GEN_M02,49.84,39.9,403.66,71.2,50.041,0.926,14.7,10786.5,RUNNING
2024-03-09 02:00:00,GEN_M03,53.31,42.6,398.9,76.16,49.967,0.92,15.5,12560.3,RUNNING
2024-03-09 02:00:00,GEN_B01,56.73,45.4,399.56,81.05,49.945,0.868,13.1,14678.1,RUNNING
2024-03-09 02:00:00,GEN_B02,56.78,45.4,399.5,81.12,49.949,0.913,17.0,8698.1,RUNNING
2024-03-09 03:00:00,GEN_M01,66.52,53.2,397.72,95.02,50.007,0.945,16.8,13222.6,RUNNING
2024-03-09 03:00:00,GEN_M02,45.09,36.1,399.48,64.41,50.03,0.903,16.3,8669.8,RUNNING
2024-03-09 03:00:00,GEN_M03,49.75,39.8,396.94,71.07,50.059,0.864,16.6,10083.6,RUNNING
2024-03-09 03:00:00,GEN_B01,45.38,36.3,401.33,64.83,50.058,0.943,16.4,9939.0,RUNNING
2024-03-09 03:00:00,GEN_B02,49.81,39.8,400.51,71.16,49.981,0.883,16.2,12732.3,RUNNING
2024-03-09 04:00:00,GEN_M01,59.18,47.3,399.76,84.55,50.019,0.889,15.1,9866.8,RUNNING
2024-03-09 04:00:00,GEN_M02,45.02,36.0,400.11,64.32,49.974,0.921,19.7,13624.3,RUNNING
2024-03-09 04:00:00,GEN_M03,41.06,32.9,398.88,58.66,49.949,0.945,14.3,10325.5,RUNNING
2024-03-09 04:00:00,GEN_B01,61.2,49.0,399.72,87.43,50.01,0.928,13.6,11035.1,RUNNING
2024-03-09 04:00:00,GEN_B02,55.83,44.7,401.16,79.76,49.928,0.882,18.5,9407.9,RUNNING
2024-03-09 05:00:00,GEN_M01,55.42,44.3,400.87,79.17,49.925,0.957,14.6,13341.3,RUNNING
2024-03-09 05:00:00,GEN_M02,51.23,41.0,399.78,73.19,49.937,0.923,13.1,12157.0,RUNNING
2024-03-09 05:00:00,GEN_M03,56.06,44.8,399.84,80.09,49.964,0.928,18.2,9167.8,RUNNING
2024-03-09 05:00:00,GEN_B01,59.56,47.6,402.06,85.09,49.985,0.95,15.5,10777.8,RUNNING
2024-03-09 05:00:00,GEN_B02,51.34,41.1,396.96,73.34,50.108,0.926,16.6,10146.9,RUNNING
2024-03-09 06:00:00,GEN_M01,82.97,66.4,398.41,118.52,50.064,0.923,15.7,9364.9,RUNNING
2024-03-09 06:00:00,GEN_M02,80.71,64.6,400.14,115.3,50.007,0.941,16.4,9065.6,RUNNING
2024-03-09 06:00:00,GEN_M03,75.11,60.1,401.65,107.29,49.996,0.94,14.8,10082.4,RUNNING
2024-03-09 06:00:00,GEN_B01,83.96,67.2,398.66,119.94,50.051,0.946,13.2,13902.9,RUNNING
2024-03-09 06:00:00,GEN_B02,82.18,65.7,399.17,117.4,49.969,0.935,17.9,11713.0,RUNNING
2024-03-09 07:00:00,GEN_M01,82.91,66.3,399.68,118.45,50.015,0.925,15.3,11136.6,RUNNING
2024-03-09 07:00:00,GEN_M02,66.04,52.8,398.62,94.35,49.848,0.964,15.4,12755.8,RUNNING
2024-03-09 07:00:00,GEN_M03,73.53,58.8,397.82,105.04,49.99,0.91,13.7,9399.4,RUNNING
2024-03-09 07:00:00,GEN_B01,79.36,63.5,397.58,113.38,50.042,0.951,19.4,14014.5,RUNNING
2024-03-09 07:00:00,GEN_B02,74.99,60.0,399.82,107.13,49.914,0.944,16.8,8238.1,RUNNING
2024-03-09 08:00:00,GEN_M01,66.03,52.8,400.23,94.33,50.03,0.931,17.1,11494.0,RUNNING
2024-03-09 08:00:00,GEN_M02,73.12,58.5,400.25,104.45,50.076,0.919,15.7,12622.7,MAINTENANCE
2024-03-09 08:00:00,GEN_M03,88.18,70.5,397.92,125.97,49.935,0.943,16.8,14594.5,RUNNING
2024-03-09 08:00:00,GEN_B01,72.46,58.0,398.46,103.51,50.037,0.925,16.8,14296.8,RUNNING
2024-03-09 08:00:00,GEN_B02,83.85,67.1,400.02,119.78,50.033,0.942,14.6,10972.2,RUNNING
2024-03-09 09:00:00,GEN_M01,79.96,64.0,397.88,114.23,50.0,0.92,13.0,8435.5,RUNNING
2024-03-09 09:00:00,GEN_M02,103.51,82.8,398.28,147.87,49.995,0.921,19.1,10798.0,RUNNING
2024-03-09 09:00:00,GEN_M03,88.11,70.5,402.26,125.87,49.967,0.936,13.6,10570.8,RUNNING
2024-03-09 09:00:00,GEN_B01,89.52,71.6,399.29,127.89,49.889,0.922,13.6,11528.2,RUNNING
2024-03-09 09:00:00,GEN_B02,73.33,58.7,400.98,104.75,49.996,0.94,17.7,14798.7,RUNNING
2024-03-09 10:00:00,GEN_M01,104.83,83.9,399.21,149.76,49.965,0.918,16.5,9630.8,RUNNING
2024-03-09 10:00:00,GEN_M02,82.42,65.9,398.55,117.75,50.003,0.921,11.6,14341.5,RUNNING
2024-03-09 10:00:00,GEN_M03,85.8,68.6,399.25,122.56,49.949,0.93,16.8,12668.4,RUNNING
2024-03-09 10:00:00,GEN_B01,83.51,66.8,401.18,119.3,50.048,0.905,18.0,10971.4,RUNNING
2024-03-09 10:00:00,GEN_B02,101.7,81.4,400.64,145.28,50.086,0.91,17.9,11790.7,RUNNING
2024-03-09 11:00:00,GEN_M01,86.76,69.4,399.6,123.94,49.952,0.914,16.4,10709.5,RUNNING
2024-03-09 11:00:00,GEN_M02,80.15,64.1,399.39,114.5,49.97,0.938,18.1,8289.2,RUNNING
2024-03-09 11:00:00,GEN_M03,88.22,70.6,400.9,126.02,49.987,0.916,15.6,11331.7,RUNNING
2024-03-09 11:00:00,GEN_B01,77.19,61.8,397.05,110.27,49.992,0.925,16.1,14757.4,RUNNING
2024-03-09 11:00:00,GEN_B02,101.06,80.9,403.4,144.38,50.05,0.891,16.8,10330.4,RUNNING
2024-03-09 12:00:00,GEN_M01,74.71,59.8,402.73,106.73,50.059,0.945,13.5,10228.1,RUNNING
2024-03-09 12:00:00,GEN_M02,91.61,73.3,399.23,130.87,49.957,0.907,16.5,11364.7,RUNNING
2024-03-09 12:00:00,GEN_M03,91.26,73.0,401.17,130.37,49.961,0.905,20.2,8347.1,RUNNING
2024-03-09 12:00:00,GEN_B01,82.44,66.0,402.14,117.77,50.027,0.916,20.6,12993.4,RUNNING
2024-03-09 12:00:00,GEN_B02,83.08,66.5,398.66,118.68,50.016,0.897,14.3,14891.2,RUNNING
2024-03-09 13:00:00,GEN_M01,75.0,60.0,398.12,107.14,49.937,0.946,18.3,14957.5,RUNNING
2024-03-09 13:00:00,GEN_M02,98.01,78.4,398.73,140.02,50.027,0.921,14.0,13289.7,RUNNING
2024-03-09 13:00:00,GEN_M03,81.82,65.5,399.59,116.88,49.943,0.936,15.6,8120.9,RUNNING
2024-03-09 13:00:00,GEN_B01,77.64,62.1,401.78,110.91,49.948,0.918,16.0,14213.1,RUNNING
2024-03-09 13:00:00,GEN_B02,65.67,52.5,401.93,93.81,49.923,0.925,15.0,12052.6,RUNNING
2024-03-09 14:00:00,GEN_M01,75.41,60.3,397.11,107.73,50.078,0.912,13.9,10035.8,RUNNING
2024-03-09 14:00:00,GEN_M02,63.23,50.6,403.58,90.33,50.046,0.93,15.1,14600.8,RUNNING
2024-03-09 14:00:00,GEN_M03,93.22,74.6,400.79,133.18,50.072,0.907,19.8,12219.4,RUNNING
2024-03-09 14:00:00,GEN_B01,72.62,58.1,401.99,103.75,49.975,0.937,10.8,12488.1,RUNNING
2024-03-09 14:00:00,GEN_B02,95.08,76.1,400.79,135.83,49.949,0.921,16.3,13373.9,RUNNING
2024-03-09 15:00:00,GEN_M01,90.97,72.8,399.51,129.96,49.904,0.926,12.5,9313.8,RUNNING
2024-03-09 15:00:00,GEN_M02,88.65,70.9,404.21,126.64,50.04,0.921,15.5,12673.3,RUNNING
2024-03-09 15:00:00,GEN_M03,74.5,59.6,401.49,106.43,49.996,0.918,15.0,8730.8,RUNNING
2024-03-09 15:00:00,GEN_B01,84.02,67.2,400.81,120.03,50.021,0.936,20.2,11229.3,RUNNING
2024-03-09 15:00:00,GEN_B02,80.16,64.1,401.12,114.52,50.018,0.917,12.0,11487.4,RUNNING
2024-03-09 16:00:00,GEN_M01,57.63,46.1,401.74,82.33,50.036,0.944,17.6,8579.3,RUNNING
2024-03-09 16:00:00,GEN_M02,63.64,50.9,402.28,90.92,49.982,0.933,17.1,11442.3,RUNNING
2024-03-09 16:00:00,GEN_M03,76.11,60.9,398.38,108.73,50.004,0.947,19.7,12331.0,RUNNING
2024-03-09 16:00:00,GEN_B01,61.8,49.4,401.82,88.29,50.086,0.933,14.7,9897.9,RUNNING
2024-03-09 16:00:00,GEN_B02,78.28,62.6,400.27,111.83,49.992,0.918,13.2,11659.4,RUNNING
2024-03-09 17:00:00,GEN_M01,76.28,61.0,401.55,108.97,49.962,0.922,13.6,14244.8,RUNNING
2024-03-09 17:00:00,GEN_M02,87.2,69.8,398.25,124.58,49.99,0.952,17.1,11474.3,RUNNING
2024-03-09 17:00:00,GEN_M03,77.83,62.3,400.28,111.19,49.958,0.938,15.5,13411.4,RUNNING
2024-03-09 17:00:00,GEN_B01,72.71,58.2,401.62,103.87,50.021,0.909,17.2,14936.8,RUNNING
2024-03-09 17:00:00,GEN_B02,83.11,66.5,399.68,118.72,49.974,0.905,14.6,13594.4,RUNNING
2024-03-09 18:00:00,GEN_M01,91.78,73.4,402.2,131.12,49.966,0.946,16.6,14901.6,RUNNING
2024-03-09 18:00:00,GEN_M02,90.35,72.3,400.99,129.07,50.013,0.911,18.2,11828.1,RUNNING
2024-03-09 18:00:00,GEN_M03,69.81,55.8,397.34,99.72,50.015,0.914,17.6,11071.6,RUNNING
2024-03-09 18:00:00,GEN_B01,76.86,61.5,398.7,109.79,49.957,0.982,15.2,12069.9,RUNNING
2024-03-09 18:00:00,GEN_B02,73.29,58.6,397.98,104.71,50.056,0.944,14.3,9868.5,RUNNING
2024-03-09 19:00:00,GEN_M01,51.6,41.3,401.02,73.71,49.95,0.905,15.3,14423.7,RUNNING
2024-03-09 19:00:00,GEN_M02,48.16,38.5,398.73,68.8,50.048,0.932,20.6,9065.2,RUNNING
2024-03-09 19:00:00,GEN_M03,50.21,40.2,401.24,71.73,49.972,0.928,16.2,12432.4,RUNNING
2024-03-09 19:00:00,GEN_B01,57.05,45.6,397.25,81.49,50.039,0.96,15.4,12513.1,RUNNING
2024-03-09 19:00:00,GEN_B02,57.3,45.8,401.92,81.85,50.046,0.929,18.4,12036.9,RUNNING
2024-03-09 20:00:00,GEN_M01,49.08,39.3,399.52,70.11,50.015,0.885,15.3,14740.9,RUNNING
2024-03-09 20:00:00,GEN_M02,60.08,48.1,400.62,85.83,50.058,0.938,12.1,12984.8,RUNNING
2024-03-09 20:00:00,GEN_M03,61.53,49.2,400.55,87.9,50.051,0.911,19.5,13206.7,RUNNING
2024-03-09 20:00:00,GEN_B01,49.86,39.9,398.18,71.23,50.006,0.921,14.8,14243.5,RUNNING
2024-03-09 20:00:00,GEN_B02,63.97,51.2,398.51,91.38,49.964,0.908,16.1,10113.8,RUNNING
2024-03-09 21:00:00,GEN_M01,55.35,44.3,399.04,79.07,50.016,0.957,16.2,8494.0,RUNNING
2024-03-09 21:00:00,GEN_M02,58.55,46.8,399.78,83.64,49.966,0.899,14.5,9479.8,RUNNING
2024-03-09 21:00:00,GEN_M03,49.66,39.7,400.65,70.94,50.047,0.893,18.6,14183.9,RUNNING
2024-03-09 21:00:00,GEN_B01,68.65,54.9,398.07,98.06,50.01,0.907,14.6,10014.2,RUNNING
2024-03-09 21:00:00,GEN_B02,69.04,55.2,399.81,98.63,49.909,0.921,15.5,13865.0,RUNNING
2024-03-09 22:00:00,GEN_M01,49.52,39.6,400.81,70.74,50.008,0.945,17.5,11166.0,RUNNING
2024-03-09 22:00:00,GEN_M02,42.11,33.7,398.53,60.16,49.929,0.938,15.9,12722.5,RUNNING
2024-03-09 22:00:00,GEN_M03,70.97,56.8,399.77,101.39,50.013,0.939,13.0,10338.4,RUNNING
2024-03-09 22:00:00,GEN_B01,66.95,53.6,397.49,95.64,49.946,0.929,18.8,11118.5,RUNNING
2024-03-09 22:00:00,GEN_B02,56.7,45.4,402.2,81.0,50.022,0.883,17.2,12136.4,RUNNING
2024-03-09 23:00:00,GEN_M01,46.61,37.3,400.74,66.58,50.015,0.87,13.8,11666.2,RUNNING
2024-03-09 23:00:00,GEN_M02,71.52,57.2,396.33,102.17,49.919,0.933,16.6,10956.8,RUNNING
2024-03-09 23:00:00,GEN_M03,61.76,49.4,399.27,88.23,50.04,0.942,15.7,9501.3,RUNNING
2024-03-09 23:00:00,GEN_B01,62.99,50.4,399.1,89.99,49.968,0.92,15.4,11124.7,RUNNING
2024-03-09 23:00:00,GEN_B02,60.53,48.4,401.55,86.47,49.957,0.913,15.2,11645.1,RUNNING
2024-03-10 00:00:00,GEN_M01,67.75,54.2,402.82,96.78,50.103,0.929,15.7,8138.6,RUNNING
2024-03-10 00:00:00,GEN_M02,59.39,47.5,401.22,84.84,50.006,0.943,17.1,13412.8,RUNNING
2024-03-10 00:00:00,GEN_M03,45.35,36.3,401.52,64.79,49.943,0.929,16.4,11189.1,RUNNING
2024-03-10 00:00:00,GEN_B01,60.81,48.7,399.17,86.88,49.993,0.952,16.4,8416.9,RUNNING
2024-03-10 00:00:00,GEN_B02,54.88,43.9,399.34,78.4,49.973,0.91,15.0,8755.4,RUNNING
2024-03-10 01:00:00,GEN_M01,47.35,37.9,399.53,67.64,50.02,0.928,18.3,11287.5,RUNNING
2024-03-10 01:00:00,GEN_M02,69.14,55.3,403.41,98.77,50.027,0.93,14.4,14607.8,RUNNING
2024-03-10 01:00:00,GEN_M03,58.05,46.4,401.65,82.92,49.999,0.911,18.1,12385.5,RUNNING
2024-03-10 01:00:00,GEN_B01,56.74,45.4,399.13,81.06,49.997,0.9,14.3,10971.9,RUNNING
2024-03-10 01:00:00,GEN_B02,56.61,45.3,400.3,80.88,49.951,0.909,13.7,14966.0,RUNNING
2024-03-10 02:00:00,GEN_M01,73.2,58.6,400.9,104.57,50.065,0.93,17.7,14824.8,RUNNING
2024-03-10 02:00:00,GEN_M02,45.72,36.6,395.94,65.31,50.01,0.899,13.4,9961.7,RUNNING
2024-03-10 02:00:00,GEN_M03,51.69,41.3,399.58,73.84,49.981,0.889,15.9,11632.4,RUNNING
2024-03-10 02:00:00,GEN_B01,58.06,46.5,399.15,82.95,49.987,0.92,20.5,13949.2,RUNNING
2024-03-10 02:00:00,GEN_B02,39.82,31.9,402.5,56.88,49.975,0.939,15.1,14822.7,RUNNING
2024-03-10 03:00:00,GEN_M01,60.78,48.6,396.81,86.83,50.023,0.908,15.8,12068.0,RUNNING
2024-03-10 03:00:00,GEN_M02,58.66,46.9,399.61,83.8,50.043,0.92,18.0,9455.4,RUNNING
2024-03-10 03:00:00,GEN_M03,58.84,47.1,400.16,84.06,49.986,0.922,16.7,11335.0,RUNNING
2024-03-10 03:00:00,GEN_B01,55.26,44.2,398.13,78.95,50.019,0.926,17.6,12878.9,RUNNING
2024-03-10 03:00:00,GEN_B02,44.33,35.5,399.34,63.33,49.992,0.92,12.8,12154.3,RUNNING
2024-03-10 04:00:00,GEN_M01,55.98,44.8,401.27,79.98,50.022,0.925,17.4,14044.1,RUNNING
2024-03-10 04:00:00,GEN_M02,44.52,35.6,398.02,63.61,50.075,0.89,12.8,8319.6,RUNNING
2024-03-10 04:00:00,GEN_M03,66.99,53.6,401.19,95.7,50.003,0.96,16.6,8123.1,RUNNING
2024-03-10 04:00:00,GEN_B01,50.67,40.5,401.89,72.39,50.074,0.915,16.7,11274.5,RUNNING
2024-03-10 04:00:00,GEN_B02,69.33,55.5,400.44,99.04,49.985,0.919,14.5,12705.0,RUNNING
2024-03-10 05:00:00,GEN_M01,66.09,52.9,400.2,94.42,49.995,0.927,17.9,10322.1,RUNNING
2024-03-10 05:00:00,GEN_M02,61.93,49.5,398.02,88.47,50.043,0.916,17.8,14142.4,RUNNING
2024-03-10 05:00:00,GEN_M03,50.02,40.0,400.45,71.45,50.019,0.897,17.2,14353.6,RUNNING
2024-03-10 05:00:00,GEN_B01,60.35,48.3,403.03,86.22,49.981,0.965,15.1,8247.6,RUNNING
2024-03-10 05:00:00,GEN_B02,55.04,44.0,401.99,78.63,50.005,0.933,13.5,11353.1,RUNNING
2024-03-10 06:00:00,GEN_M01,80.32,64.3,398.08,114.75,49.909,0.89,16.3,14198.6,RUNNING
2024-03-10 06:00:00,GEN_M02,93.66,74.9,397.63,133.8,50.043,0.902,15.5,13701.9,RUNNING
2024-03-10 06:00:00,GEN_M03,80.81,64.6,397.87,115.44,50.146,0.929,16.9,11087.4,RUNNING
2024-03-10 06:00:00,GEN_B01,89.06,71.2,401.63,127.23,49.982,0.928,16.1,9057.7,RUNNING
2024-03-10 06:00:00,GEN_B02,85.69,68.6,401.38,122.41,50.078,0.938,12.6,10653.9,RUNNING
2024-03-10 07:00:00,GEN_M01,96.22,77.0,400.19,137.46,49.978,0.902,16.2,10893.4,RUNNING
2024-03-10 07:00:00,GEN_M02,97.81,78.3,400.3,139.73,50.027,0.95,17.0,12791.5,RUNNING
2024-03-10 07:00:00,GEN_M03,55.01,44.0,401.41,78.58,49.969,0.897,16.4,10532.7,RUNNING
2024-03-10 07:00:00,GEN_B01,88.12,70.5,401.32,125.89,49.977,0.912,17.0,12890.6,RUNNING
2024-03-10 07:00:00,GEN_B02,97.79,78.2,402.94,139.7,49.995,0.923,12.3,12640.9,RUNNING
2024-03-10 08:00:00,GEN_M01,79.53,63.6,400.95,113.61,50.042,0.944,16.3,13781.2,RUNNING
2024-03-10 08:00:00,GEN_M02,70.27,56.2,400.24,100.39,49.961,0.931,12.9,10390.2,RUNNING
2024-03-10 08:00:00,GEN_M03,78.35,62.7,401.44,111.92,50.052,0.924,16.5,11478.2,RUNNING
2024-03-10 08:00:00,GEN_B01,70.15,56.1,400.36,100.22,50.018,0.903,16.5,12914.9,RUNNING
2024-03-10 08:00:00,GEN_B02,61.16,48.9,398.32,87.37,50.049,0.943,16.1,8626.8,RUNNING
2024-03-10 09:00:00,GEN_M01,79.97,64.0,399.59,114.25,49.989,0.921,11.3,11447.3,RUNNING
2024-03-10 09:00:00,GEN_M02,66.42,53.1,400.88,94.88,49.942,0.914,16.2,13815.7,RUNNING
2024-03-10 09:00:00,GEN_M03,75.46,60.4,399.42,107.8,49.979,0.904,20.1,11911.3,RUNNING
2024-03-10 09:00:00,GEN_B01,78.59,62.9,400.27,112.27,49.921,0.955,15.2,11486.6,RUNNING
2024-03-10 09:00:00,GEN_B02,63.04,50.4,401.01,90.06,49.983,0.939,15.2,14263.5,RUNNING
2024-03-10 10:00:00,GEN_M01,91.65,73.3,401.45,130.93,50.026,0.947,15.6,10568.5,RUNNING
2024-03-10 10:00:00,GEN_M02,77.58,62.1,397.95,110.82,49.983,0.925,12.0,14497.5,RUNNING
2024-03-10 10:00:00,GEN_M03,69.24,55.4,402.02,98.92,50.047,0.945,19.4,13464.0,RUNNING
2024-03-10 10:00:00,GEN_B01,65.72,52.6,401.27,93.89,50.022,0.928,17.9,10468.7,RUNNING
2024-03-10 10:00:00,GEN_B02,84.92,67.9,399.77,121.31,49.866,0.903,14.9,9485.2,RUNNING
2024-03-10 11:00:00,GEN_M01,76.89,61.5,399.5,109.84,50.054,0.914,13.6,12581.6,RUNNING
2024-03-10 11:00:00,GEN_M02,75.38,60.3,398.03,107.69,49.947,0.922,17.1,11317.8,RUNNING
2024-03-10 11:00:00,GEN_M03,86.34,69.1,400.15,123.34,50.09,0.947,16.3,14092.9,RUNNING
2024-03-10 11:00:00,GEN_B01,84.75,67.8,401.29,121.07,49.985,0.922,18.1,8374.1,RUNNING
2024-03-10 11:00:00,GEN_B02,82.87,66.3,399.24,118.38,49.971,0.918,16.7,13805.9,RUNNING
2024-03-10 12:00:00,GEN_M01,88.35,70.7,402.66,126.22,49.971,0.934,18.2,14211.9,RUNNING
2024-03-10 12:00:00,GEN_M02,88.76,71.0,401.01,126.8,49.929,0.92,16.2,13451.9,RUNNING
2024-03-10 12:00:00,GEN_M03,72.64,58.1,398.41,103.77,49.981,0.926,15.8,12174.5,RUNNING
2024-03-10 12:00:00,GEN_B01,91.6,73.3,399.79,130.86,50.127,0.892,14.7,11846.2,RUNNING
2024-03-10 12:00:00,GEN_B02,88.32,70.7,400.43,126.17,49.924,0.916,17.7,13915.2,RUNNING
2024-03-10 13:00:00,GEN_M01,63.59,50.9,398.23,90.85,49.959,0.888,15.7,11784.4,RUNNING
2024-03-10 13:00:00,GEN_M02,80.23,64.2,400.33,114.61,49.942,0.898,15.2,14990.2,RUNNING
2024-03-10 13:00:00,GEN_M03,75.06,60.0,400.5,107.23,49.992,0.935,17.8,14833.1,RUNNING
2024-03-10 13:00:00,GEN_B01,98.34,78.7,398.47,140.48,49.906,0.885,17.5,13381.7,RUNNING
2024-03-10 13:00:00,GEN_B02,89.94,72.0,400.58,128.49,50.035,0.904,15.1,9842.0,RUNNING
2024-03-10 14:00:00,GEN_M01,74.23,59.4,400.95,106.04,50.023,0.898,17.6,8528.3,RUNNING
2024-03-10 14:00:00,GEN_M02,77.41,61.9,403.43,110.58,50.091,0.911,17.4,12888.5,RUNNING
2024-03-10 14:00:00,GEN_M03,87.26,69.8,400.19,124.65,49.938,0.94,15.1,12331.6,RUNNING
2024-03-10 14:00:00,GEN_B01,95.25,76.2,401.34,136.07,50.073,0.939,15.4,12132.3,RUNNING
2024-03-10 14:00:00,GEN_B02,72.19,57.8,399.95,103.13,50.061,0.97,19.7,10259.5,RUNNING
2024-03-10 15:00:00,GEN_M01,90.33,72.3,401.9,129.05,49.973,0.893,14.5,13635.4,RUNNING
2024-03-10 15:00:00,GEN_M02,64.64,51.7,399.66,92.35,50.05,0.9,15.6,10307.9,RUNNING
2024-03-10 15:00:00,GEN_M03,95.02,76.0,400.08,135.75,50.029,0.896,16.3,9858.0,RUNNING
2024-03-10 15:00:00,GEN_B01,59.3,47.4,401.57,84.71,50.0,0.88,19.6,9240.0,RUNNING
2024-03-10 15:00:00,GEN_B02,76.67,61.3,400.94,109.53,49.954,0.888,19.1,14395.5,RUNNING
2024-03-10 16:00:00,GEN_M01,90.0,72.0,401.13,128.57,50.084,0.929,17.7,13256.4,RUNNING
2024-03-10 16:00:00,GEN_M02,82.19,65.8,400.05,117.41,50.048,0.922,17.4,8362.5,RUNNING
2024-03-10 16:00:00,GEN_M03,76.37,61.1,399.52,109.1,49.996,0.903,16.2,8796.0,RUNNING
2024-03-10 16:00:00,GEN_B01,91.24,73.0,401.07,130.34,50.024,0.902,16.4,14992.2,RUNNING
2024-03-10 16:00:00,GEN_B02,94.48,75.6,399.46,134.97,50.011,0.925,15.5,9594.2,RUNNING
2024-03-10 17:00:00,GEN_M01,107.26,85.8,397.55,153.22,49.976,0.909,19.8,14896.4,RUNNING
2024-03-10 17:00:00,GEN_M02,85.61,68.5,400.94,122.3,49.997,0.946,16.8,13752.0,RUNNING
2024-03-10 17:00:00,GEN_M03,65.13,52.1,401.11,93.04,49.983,0.954,10.9,12702.6,RUNNING
2024-03-10 17:00:00,GEN_B01,76.38,61.1,399.41,109.12,50.003,0.913,17.3,14101.8,RUNNING
2024-03-10 17:00:00,GEN_B02,83.84,67.1,399.24,119.77,49.978,0.895,16.9,11968.1,RUNNING
2024-03-10 18:00:00,GEN_M01,77.69,62.2,400.67,110.98,49.964,0.919,13.6,11922.6,RUNNING
2024-03-10 18:00:00,GEN_M02,68.33,54.7,399.36,97.61,50.012,0.891,17.0,11665.0,RUNNING
2024-03-10 18:00:00,GEN_M03,98.32,78.7,398.43,140.46,49.975,0.919,15.5,10988.2,RUNNING
2024-03-10 18:00:00,GEN_B01,80.08,64.1,401.07,114.41,49.921,0.919,14.8,14658.2,RUNNING
2024-03-10 18:00:00,GEN_B02,84.74,67.8,398.67,121.06,49.968,0.932,20.0,9490.3,RUNNING
2024-03-10 19:00:00,GEN_M01,57.95,46.4,400.68,82.78,49.921,0.932,20.4,12840.1,RUNNING
2024-03-10 19:00:00,GEN_M02,46.38,37.1,398.17,66.26,49.951,0.923,18.0,13591.5,RUNNING
2024-03-10 19:00:00,GEN_M03,51.66,41.3,397.71,73.8,49.984,0.938,14.9,11992.2,RUNNING
2024-03-10 19:00:00,GEN_B01,61.39,49.1,399.96,87.69,49.967,0.89,12.6,9644.3,RUNNING
2024-03-10 19:00:00,GEN_B02,46.71,37.4,399.05,66.73,50.014,0.907,13.0,10311.2,RUNNING
2024-03-10 20:00:00,GEN_M01,62.88,50.3,399.6,89.83,49.994,0.905,11.8,13025.9,RUNNING
2024-03-10 20:00:00,GEN_M02,49.06,39.3,399.18,70.09,50.006,0.928,16.2,14723.8,RUNNING
2024-03-10 20:00:00,GEN_M03,53.6,42.9,399.71,76.57,50.034,0.921,9.7,9526.8,RUNNING
2024-03-10 20:00:00,GEN_B01,58.83,47.1,402.92,84.04,50.042,0.934,16.3,14519.5,RUNNING
2024-03-10 20:00:00,GEN_B02,57.79,46.2,401.84,82.55,50.045,0.927,13.3,8265.2,RUNNING
2024-03-10 21:00:00,GEN_M01,55.92,44.7,399.65,79.89,50.036,0.903,17.1,10978.2,RUNNING
2024-03-10 21:00:00,GEN_M02,57.31,45.8,399.78,81.87,49.935,0.926,15.4,9617.4,RUNNING
2024-03-10 21:00:00,GEN_M03,48.48,38.8,398.54,69.25,50.029,0.911,14.3,14852.3,RUNNING
2024-03-10 21:00:00,GEN_B01,59.44,47.5,402.67,84.91,50.012,0.898,18.3,11421.8,RUNNING
2024-03-10 21:00:00,GEN_B02,65.63,52.5,400.5,93.76,49.917,0.907,18.6,9643.9,RUNNING
2024-03-10 22:00:00,GEN_M01,49.25,39.4,402.02,70.36,49.913,0.906,14.1,13314.7,RUNNING
2024-03-10 22:00:00,GEN_M02,60.91,48.7,400.66,87.01,49.948,0.883,15.2,8026.9,RUNNING
2024-03-10 22:00:00,GEN_M03,53.24,42.6,399.9,76.06,49.943,0.898,12.4,9625.4,RUNNING
2024-03-10 22:00:00,GEN_B01,67.29,53.8,399.79,96.13,49.897,0.927,15.9,10418.0,RUNNING
2024-03-10 22:00:00,GEN_B02,54.06,43.2,400.58,77.23,49.988,0.916,14.9,11346.8,RUNNING
2024-03-10 23:00:00,GEN_M01,50.18,40.1,400.4,71.68,49.872,0.913,17.4,14980.0,RUNNING
2024-03-10 23:00:00,GEN_M02,47.6,38.1,398.1,68.0,50.025,0.94,17.9,8134.7,RUNNING
2024-03-10 23:00:00,GEN_M03,58.35,46.7,397.99,83.36,50.009,0.941,15.7,11561.0,RUNNING
2024-03-10 23:00:00,GEN_B01,55.47,44.4,399.2,79.25,49.925,0.898,16.6,12819.8,RUNNING
2024-03-10 23:00:00,GEN_B02,38.86,31.1,398.95,55.52,49.992,0.919,16.0,13715.4,RUNNING
2024-03-11 00:00:00,GEN_M01,52.34,41.9,401.96,74.77,49.937,0.94,14.9,8084.0,RUNNING
2024-03-11 00:00:00,GEN_M02,44.14,35.3,396.42,63.05,50.023,0.907,19.1,9323.0,RUNNING
2024-03-11 00:00:00,GEN_M03,60.79,48.6,399.95,86.85,50.009,0.907,12.0,13360.7,RUNNING
2024-03-11 00:00:00,GEN_B01,55.42,44.3,400.33,79.17,50.033,0.945,16.6,12227.4,RUNNING
2024-03-11 00:00:00,GEN_B02,59.2,47.4,403.45,84.57,49.979,0.896,14.9,13645.6,RUNNING
2024-03-11 01:00:00,GEN_M01,52.43,41.9,400.15,74.89,50.003,0.943,15.7,9689.9,RUNNING
2024-03-11 01:00:00,GEN_M02,51.08,40.9,400.79,72.98,50.036,0.954,15.1,14739.9,RUNNING
2024-03-11 01:00:00,GEN_M03,55.47,44.4,400.6,79.24,49.977,0.907,15.4,8970.1,RUNNING
2024-03-11 01:00:00,GEN_B01,54.08,43.3,400.47,77.26,50.1,0.938,17.1,9484.3,RUNNING
2024-03-11 01:00:00,GEN_B02,50.49,40.4,401.89,72.14,49.986,0.892,14.0,11024.1,RUNNING
2024-03-11 02:00:00,GEN_M01,50.23,40.2,399.41,71.76,50.035,0.901,15.9,14668.3,RUNNING
2024-03-11 02:00:00,GEN_M02,65.45,52.4,401.53,93.5,49.934,0.895,14.9,13011.0,RUNNING
2024-03-11 02:00:00,GEN_M03,54.47,43.6,399.71,77.82,50.009,0.898,14.0,8344.3,RUNNING
2024-03-11 02:00:00,GEN_B01,57.45,46.0,401.33,82.07,49.977,0.861,13.4,13889.0,RUNNING
2024-03-11 02:00:00,GEN_B02,63.25,50.6,400.21,90.35,49.976,0.91,16.7,9436.8,RUNNING
2024-03-11 03:00:00,GEN_M01,61.32,49.1,399.92,87.6,49.9,0.935,15.2,9300.0,RUNNING
2024-03-11 03:00:00,GEN_M02,54.02,43.2,401.42,77.17,50.046,0.942,15.7,9422.3,RUNNING
2024-03-11 03:00:00,GEN_M03,59.07,47.3,399.9,84.38,49.999,0.941,14.5,10272.6,RUNNING
2024-03-11 03:00:00,GEN_B01,47.31,37.8,398.53,67.58,49.86,0.951,14.0,13483.7,RUNNING
2024-03-11 03:00:00,GEN_B02,39.88,31.9,400.99,56.97,50.029,0.891,14.8,14829.7,MAINTENANCE
2024-03-11 04:00:00,GEN_M01,65.3,52.2,399.73,93.29,50.001,0.902,18.0,8546.5,RUNNING
2024-03-11 04:00:00,GEN_M02,58.14,46.5,400.5,83.06,50.161,0.902,17.2,10491.5,RUNNING
2024-03-11 04:00:00,GEN_M03,60.21,48.2,399.23,86.01,50.024,0.925,10.7,13373.3,RUNNING
2024-03-11 04:00:00,GEN_B01,41.21,33.0,401.44,58.87,50.118,0.885,18.0,14958.3,RUNNING
2024-03-11 04:00:00,GEN_B02,53.29,42.6,398.9,76.13,50.006,0.946,16.0,11772.1,RUNNING
2024-03-11 05:00:00,GEN_M01,57.08,45.7,396.73,81.54,49.969,0.885,15.9,8706.2,RUNNING
2024-03-11 05:00:00,GEN_M02,44.81,35.8,398.38,64.02,50.066,0.923,16.4,11971.9,RUNNING
2024-03-11 05:00:00,GEN_M03,54.29,43.4,399.9,77.56,49.984,0.928,16.6,11403.9,RUNNING
2024-03-11 05:00:00,GEN_B01,70.26,56.2,400.29,100.37,49.914,0.95,13.9,10971.1,RUNNING
2024-03-11 05:00:00,GEN_B02,45.88,36.7,398.11,65.54,50.061,0.917,15.6,10500.3,RUNNING
2024-03-11 06:00:00,GEN_M01,72.34,57.9,397.63,103.34,50.018,0.907,16.4,8695.5,RUNNING
2024-03-11 06:00:00,GEN_M02,73.47,58.8,400.26,104.96,49.944,0.942,16.9,10345.3,RUNNING
2024-03-11 06:00:00,GEN_M03,78.22,62.6,399.83,111.74,49.834,0.921,16.6,13466.0,RUNNING
2024-03-11 06:00:00,GEN_B01,88.83,71.1,397.62,126.89,50.037,0.927,17.9,12133.0,RUNNING
2024-03-11 06:00:00,GEN_B02,99.31,79.4,400.83,141.87,49.947,0.908,16.6,8999.4,RUNNING
2024-03-11 07:00:00,GEN_M01,71.07,56.9,401.06,101.53,50.083,0.918,14.7,11548.0,RUNNING
2024-03-11 07:00:00,GEN_M02,83.17,66.5,399.51,118.81,50.044,0.935,17.6,13287.0,RUNNING
2024-03-11 07:00:00,GEN_M03,78.27,62.6,401.44,111.81,49.994,0.915,13.7,13865.4,RUNNING
2024-03-11 07:00:00,GEN_B01,93.63,74.9,400.4,133.76,49.995,0.974,16.9,13323.0,RUNNING
2024-03-11 07:00:00,GEN_B02,74.4,59.5,401.57,106.29,49.926,0.906,14.1,9074.8,RUNNING
2024-03-11 08:00:00,GEN_M01,91.66,73.3,398.56,130.94,49.966,0.937,13.3,9526.7,RUNNING
2024-03-11 08:00:00,GEN_M02,95.77,76.6,402.36,136.82,50.001,0.891,14.7,11256.5,RUNNING
2024-03-11 08:00:00,GEN_M03,80.53,64.4,398.57,115.05,50.065,0.924,14.5,10982.3,RUNNING
2024-03-11 08:00:00,GEN_B01,84.4,67.5,398.76,120.58,50.023,0.913,14.7,13465.8,RUNNING
2024-03-11 08:00:00,GEN_B02,76.9,61.5,399.31,109.86,49.961,0.899,16.8,13170.3,RUNNING
2024-03-11 09:00:00,GEN_M01,82.11,65.7,400.71,117.3,50.012,0.92,19.2,11708.2,RUNNING
2024-03-11 09:00:00,GEN_M02,79.2,63.4,400.49,113.15,49.941,0.884,15.5,8892.9,RUNNING
2024-03-11 09:00:00,GEN_M03,67.87,54.3,397.8,96.96,49.933,0.883,18.8,9907.8,RUNNING
2024-03-11 09:00:00,GEN_B01,80.45,64.4,399.07,114.93,49.947,0.928,15.8,9965.4,RUNNING
2024-03-11 09:00:00,GEN_B02,72.25,57.8,403.06,103.22,50.109,0.893,14.4,9837.2,RUNNING
2024-03-11 10:00:00,GEN_M01,93.32,74.7,401.59,133.32,49.997,0.881,19.1,12994.7,RUNNING
2024-03-11 10:00:00,GEN_M02,82.1,65.7,400.36,117.28,50.024,0.904,16.7,10727.9,RUNNING
2024-03-11 10:00:00,GEN_M03,90.15,72.1,399.63,128.79,50.013,0.909,14.1,9961.2,RUNNING
2024-03-11 10:00:00,GEN_B01,70.52,56.4,400.99,100.75,49.973,0.91,17.4,10545.9,RUNNING
2024-03-11 10:00:00,GEN_B02,79.24,63.4,402.17,113.2,49.913,0.902,15.3,13730.6,RUNNING
2024-03-11 11:00:00,GEN_M01,88.56,70.9,398.7,126.52,50.051,0.897,20.0,14069.4,RUNNING
2024-03-11 11:00:00,GEN_M02,77.36,61.9,398.96,110.51,49.979,0.893,15.9,9976.8,RUNNING
2024-03-11 11:00:00,GEN_M03,87.99,70.4,398.91,125.7,50.007,0.921,14.3,11431.6,RUNNING
2024-03-11 11:00:00,GEN_B01,80.25,64.2,400.34,114.64,49.995,0.917,18.6,12921.5,RUNNING
2024-03-11 11:00:00,GEN_B02,83.19,66.6,400.7,118.84,50.011,0.961,18.0,13922.5,RUNNING
2024-03-11 12:00:00,GEN_M01,92.99,74.4,398.86,132.85,50.141,0.953,18.0,12990.9,RUNNING
2024-03-11 12:00:00,GEN_M02,91.85,73.5,399.65,131.21,50.005,0.911,11.3,14123.7,RUNNING
2024-03-11 12:00:00,GEN_M03,97.08,77.7,398.56,138.69,50.038,0.928,16.1,11668.5,RUNNING
2024-03-11 12:00:00,GEN_B01,63.72,51.0,400.62,91.03,49.983,0.928,17.9,14729.7,RUNNING
2024-03-11 12:00:00,GEN_B02,87.26,69.8,400.7,124.66,49.981,0.909,16.2,10849.7,RUNNING
2024-03-11 13:00:00,GEN_M01,89.0,71.2,397.89,127.14,50.09,0.943,16.5,9888.3,RUNNING
2024-03-11 13:00:00,GEN_M02,93.34,74.7,400.95,133.35,49.951,0.932,16.3,8578.0,RUNNING
2024-03-11 13:00:00,GEN_M03,79.76,63.8,399.4,113.95,49.989,0.922,16.5,9496.7,RUNNING
2024-03-11 13:00:00,GEN_B01,75.4,60.3,398.42,107.71,50.025,0.926,20.4,11298.7,RUNNING
2024-03-11 13:00:00,GEN_B02,88.86,71.1,401.38,126.94,49.987,0.914,14.8,8568.0,RUNNING
2024-03-11 14:00:00,GEN_M01,85.95,68.8,400.75,122.79,50.076,0.915,16.3,10042.3,RUNNING
2024-03-11 14:00:00,GEN_M02,82.35,65.9,400.15,117.65,50.034,0.932,15.9,12572.8,MAINTENANCE
2024-03-11 14:00:00,GEN_M03,83.79,67.0,399.53,119.71,49.991,0.926,19.3,11820.8,RUNNING
2024-03-11 14:00:00,GEN_B01,69.41,55.5,400.81,99.16,50.019,0.928,16.1,13266.6,RUNNING
2024-03-11 14:00:00,GEN_B02,66.63,53.3,399.17,95.18,49.964,0.885,14.5,9497.3,RUNNING
2024-03-11 15:00:00,GEN_M01,97.69,78.2,399.76,139.56,49.985,0.901,17.3,14505.8,RUNNING
2024-03-11 15:00:00,GEN_M02,81.42,65.1,398.54,116.32,50.048,0.904,14.6,9918.4,RUNNING
2024-03-11 15:00:00,GEN_M03,95.3,76.2,399.33,136.14,49.921,0.925,17.0,10789.6,RUNNING
2024-03-11 15:00:00,GEN_B01,88.02,70.4,399.41,125.74,50.061,0.936,18.9,8442.0,RUNNING
2024-03-11 15:00:00,GEN_B02,87.92,70.3,400.97,125.6,49.937,0.914,16.6,8676.3,RUNNING
2024-03-11 16:00:00,GEN_M01,74.5,59.6,399.54,106.43,49.986,0.911,13.2,11931.2,RUNNING
2024-03-11 16:00:00,GEN_M02,87.74,70.2,399.9,125.35,49.887,0.902,12.3,9393.9,RUNNING
2024-03-11 16:00:00,GEN_M03,67.06,53.7,397.61,95.81,49.994,0.95,17.9,8421.5,RUNNING
2024-03-11 16:00:00,GEN_B01,82.67,66.1,399.75,118.11,49.9,0.94,14.5,9897.9,RUNNING
2024-03-11 16:00:00,GEN_B02,91.51,73.2,400.66,130.73,50.112,0.922,17.3,14819.6,RUNNING
2024-03-11 17:00:00,GEN_M01,96.55,77.2,397.17,137.93,49.909,0.918,14.8,9111.2,RUNNING
2024-03-11 17:00:00,GEN_M02,78.48,62.8,401.94,112.11,49.965,0.928,16.8,9466.4,RUNNING
2024-03-11 17:00:00,GEN_M03,98.64,78.9,398.85,140.92,50.005,0.924,17.4,11693.3,RUNNING
2024-03-11 17:00:00,GEN_B01,86.09,68.9,398.42,122.98,49.934,0.932,17.9,13193.1,RUNNING
2024-03-11 17:00:00,GEN_B02,79.72,63.8,398.74,113.88,49.994,0.9,12.2,9437.4,RUNNING
2024-03-11 18:00:00,GEN_M01,76.86,61.5,400.52,109.81,50.045,0.928,14.0,13087.1,RUNNING
2024-03-11 18:00:00,GEN_M02,107.23,85.8,399.54,153.18,50.064,0.915,15.7,8096.2,RUNNING
2024-03-11 18:00:00,GEN_M03,86.65,69.3,401.6,123.79,49.985,0.924,17.7,10786.7,RUNNING
2024-03-11 18:00:00,GEN_B01,84.56,67.7,399.04,120.81,49.973,0.903,15.9,10791.8,RUNNING
2024-03-11 18:00:00,GEN_B02,79.87,63.9,398.96,114.09,49.989,0.912,12.3,12265.6,RUNNING
2024-03-11 19:00:00,GEN_M01,61.36,49.1,401.74,87.66,50.073,0.91,15.9,8232.1,RUNNING
2024-03-11 19:00:00,GEN_M02,65.5,52.4,400.45,93.57,50.08,0.922,11.6,13504.4,RUNNING
2024-03-11 19:00:00,GEN_M03,54.82,43.9,399.41,78.32,50.042,0.926,12.7,12591.8,RUNNING
2024-03-11 19:00:00,GEN_B01,52.71,42.2,398.02,75.3,49.899,0.908,17.1,12118.9,RUNNING
2024-03-11 19:00:00,GEN_B02,56.85,45.5,397.21,81.21,49.973,0.939,16.0,9104.4,RUNNING
2024-03-11 20:00:00,GEN_M01,60.89,48.7,399.36,86.99,50.037,0.932,19.4,12559.5,RUNNING
2024-03-11 20:00:00,GEN_M02,52.67,42.1,399.58,75.24,50.061,0.931,18.1,10596.1,RUNNING
2024-03-11 20:00:00,GEN_M03,53.19,42.6,403.98,75.98,49.981,0.912,19.0,14158.8,RUNNING
2024-03-11 20:00:00,GEN_B01,61.37,49.1,399.64,87.68,50.04,0.873,11.6,10887.6,RUNNING
2024-03-11 20:00:00,GEN_B02,61.13,48.9,398.2,87.33,50.003,0.895,14.0,11381.0,RUNNING
2024-03-11 21:00:00,GEN_M01,59.64,47.7,399.32,85.2,50.024,0.928,12.0,9946.3,RUNNING
2024-03-11 21:00:00,GEN_M02,54.15,43.3,400.92,77.36,49.934,0.924,11.0,14928.0,RUNNING
2024-03-11 21:00:00,GEN_M03,49.72,39.8,401.44,71.02,49.978,0.905,15.7,8343.2,RUNNING
2024-03-11 21:00:00,GEN_B01,49.19,39.3,397.22,70.27,50.033,0.917,19.6,11834.6,RUNNING
2024-03-11 21:00:00,GEN_B02,50.06,40.0,398.3,71.51,49.974,0.94,18.5,14509.5,RUNNING
2024-03-11 22:00:00,GEN_M01,65.36,52.3,399.08,93.37,49.982,0.944,17.0,8441.9,RUNNING
2024-03-11 22:00:00,GEN_M02,57.41,45.9,400.58,82.02,49.936,0.915,15.5,8814.0,RUNNING
2024-03-11 22:00:00,GEN_M03,53.29,42.6,399.83,76.13,50.073,0.876,15.3,9475.2,RUNNING
2024-03-11 22:00:00,GEN_B01,61.49,49.2,400.75,87.85,50.048,0.882,15.1,11579.9,RUNNING
2024-03-11 22:00:00,GEN_B02,57.07,45.7,399.14,81.53,50.068,0.921,13.1,12723.8,RUNNING
2024-03-11 23:00:00,GEN_M01,59.37,47.5,401.7,84.81,49.992,0.927,15.6,14060.7,RUNNING
2024-03-11 23:00:00,GEN_M02,61.79,49.4,401.74,88.27,49.95,0.896,15.0,9080.0,RUNNING
2024-03-11 23:00:00,GEN_M03,54.06,43.3,397.92,77.23,49.987,0.939,15.7,9840.1,RUNNING
2024-03-11 23:00:00,GEN_B01,59.09,47.3,403.63,84.41,50.01,0.94,14.3,9152.2,RUNNING
2024-03-11 23:00:00,GEN_B02,46.39,37.1,398.87,66.27,50.052,0.926,15.5,13686.9,RUNNING
2024-03-12 00:00:00,GEN_M01,56.37,45.1,402.7,80.53,50.007,0.925,17.9,14609.3,RUNNING
2024-03-12 00:00:00,GEN_M02,63.41,50.7,400.19,90.58,49.968,0.937,18.7,14901.3,RUNNING
2024-03-12 00:00:00,GEN_M03,60.54,48.4,401.05,86.48,50.01,0.925,17.5,12399.3,RUNNING
2024-03-12 00:00:00,GEN_B01,61.52,49.2,398.73,87.88,50.009,0.946,16.7,8356.1,RUNNING
2024-03-12 00:00:00,GEN_B02,58.43,46.7,398.09,83.47,50.123,0.885,14.4,13633.1,RUNNING
2024-03-12 01:00:00,GEN_M01,58.78,47.0,402.41,83.97,49.994,0.916,13.4,14755.7,RUNNING
2024-03-12 01:00:00,GEN_M02,53.9,43.1,399.45,77.0,50.036,0.886,14.6,14922.8,RUNNING
2024-03-12 01:00:00,GEN_M03,50.63,40.5,399.86,72.33,49.971,0.895,18.8,12755.4,RUNNING
2024-03-12 01:00:00,GEN_B01,50.08,40.1,398.53,71.54,49.994,0.919,17.4,10359.6,RUNNING
2024-03-12 01:00:00,GEN_B02,50.6,40.5,400.67,72.28,49.958,0.924,15.6,14201.4,RUNNING
2024-03-12 02:00:00,GEN_M01,46.16,36.9,397.42,65.95,49.969,0.92,16.0,10955.6,RUNNING
2024-03-12 02:00:00,GEN_M02,57.81,46.3,398.53,82.59,49.892,0.931,17.4,10079.1,RUNNING
2024-03-12 02:00:00,GEN_M03,57.23,45.8,401.53,81.76,49.988,0.921,16.0,9417.4,RUNNING
2024-03-12 02:00:00,GEN_B01,43.55,34.8,399.68,62.22,50.021,0.933,22.3,14763.9,RUNNING
2024-03-12 02:00:00,GEN_B02,73.17,58.5,396.64,104.52,49.935,0.94,14.3,11734.4,RUNNING
2024-03-12 03:00:00,GEN_M01,52.66,42.1,398.83,75.22,49.978,0.879,14.5,8307.5,RUNNING
2024-03-12 03:00:00,GEN_M02,58.33,46.7,398.55,83.33,49.922,0.902,17.2,12262.4,RUNNING
2024-03-12 03:00:00,GEN_M03,63.73,51.0,397.47,91.04,49.99,0.931,19.1,13317.5,RUNNING
2024-03-12 03:00:00,GEN_B01,61.68,49.3,401.14,88.11,49.942,0.911,18.5,12967.9,RUNNING
2024-03-12 03:00:00,GEN_B02,43.54,34.8,399.43,62.19,49.912,0.918,13.4,9788.0,RUNNING
2024-03-12 04:00:00,GEN_M01,56.06,44.9,401.19,80.09,49.987,0.919,19.6,10949.0,RUNNING
2024-03-12 04:00:00,GEN_M02,70.34,56.3,398.5,100.48,50.001,0.935,16.8,10205.8,RUNNING
2024-03-12 04:00:00,GEN_M03,63.76,51.0,399.57,91.09,50.095,0.913,16.1,13510.0,RUNNING
2024-03-12 04:00:00,GEN_B01,47.94,38.4,401.24,68.49,49.957,0.918,13.8,11185.0,RUNNING
2024-03-12 04:00:00,GEN_B02,41.1,32.9,397.9,58.71,49.959,0.935,18.6,11381.2,RUNNING
2024-03-12 05:00:00,GEN_M01,61.42,49.1,403.04,87.74,49.938,0.941,17.5,13518.4,RUNNING
2024-03-12 05:00:00,GEN_M02,48.45,38.8,400.58,69.21,50.048,0.931,15.4,12933.6,RUNNING
2024-03-12 05:00:00,GEN_M03,53.03,42.4,399.29,75.76,50.027,0.932,16.4,14507.2,RUNNING
2024-03-12 05:00:00,GEN_B01,46.1,36.9,397.74,65.86,49.968,0.9,16.8,10124.6,RUNNING
2024-03-12 05:00:00,GEN_B02,55.28,44.2,399.89,78.97,49.945,0.966,12.0,9707.0,RUNNING
2024-03-12 06:00:00,GEN_M01,88.2,70.6,398.23,126.0,50.029,0.939,18.5,8204.2,RUNNING
2024-03-12 06:00:00,GEN_M02,83.1,66.5,399.23,118.71,49.984,0.918,16.1,14505.0,RUNNING
2024-03-12 06:00:00,GEN_M03,76.99,61.6,398.69,109.99,50.043,0.947,17.6,11963.3,RUNNING
2024-03-12 06:00:00,GEN_B01,84.95,68.0,399.21,121.35,50.018,0.942,14.5,11560.7,RUNNING
2024-03-12 06:00:00,GEN_B02,101.17,80.9,399.7,144.52,49.969,0.934,13.6,12243.9,RUNNING
2024-03-12 07:00:00,GEN_M01,68.75,55.0,398.22,98.21,49.997,0.894,16.3,12301.7,RUNNING
2024-03-12 07:00:00,GEN_M02,74.1,59.3,399.31,105.86,49.946,0.947,14.7,9476.7,RUNNING
2024-03-12 07:00:00,GEN_M03,92.88,74.3,399.76,132.69,50.024,0.944,13.6,10256.6,RUNNING
2024-03-12 07:00:00,GEN_B01,71.18,56.9,399.93,101.68,50.05,0.921,16.9,11166.0,RUNNING
2024-03-12 07:00:00,GEN_B02,97.41,77.9,398.81,139.15,50.007,0.923,18.5,8848.0,RUNNING
2024-03-12 08:00:00,GEN_M01,71.73,57.4,400.91,102.47,50.039,0.915,13.8,9759.1,RUNNING
2024-03-12 08:00:00,GEN_M02,75.28,60.2,400.68,107.55,49.992,0.937,19.7,12591.5,RUNNING
2024-03-12 08:00:00,GEN_M03,62.35,49.9,402.18,89.07,49.972,0.939,16.6,13203.1,RUNNING
2024-03-12 08:00:00,GEN_B01,89.74,71.8,400.62,128.2,50.095,0.939,16.9,14774.0,RUNNING
2024-03-12 08:00:00,GEN_B02,88.32,70.7,401.06,126.17,49.896,0.918,17.9,8783.3,RUNNING
2024-03-12 09:00:00,GEN_M01,75.05,60.0,399.37,107.22,50.085,0.953,17.0,11940.1,RUNNING
2024-03-12 09:00:00,GEN_M02,76.63,61.3,400.88,109.47,49.936,0.901,16.3,9416.4,RUNNING
2024-03-12 09:00:00,GEN_M03,72.76,58.2,400.33,103.94,49.956,0.914,17.4,8870.1,RUNNING
2024-03-12 09:00:00,GEN_B01,57.55,46.0,400.03,82.22,50.05,0.936,19.9,11321.2,RUNNING
2024-03-12 09:00:00,GEN_B02,80.89,64.7,400.09,115.56,50.052,0.92,16.5,10935.7,RUNNING
2024-03-12 10:00:00,GEN_M01,86.43,69.1,401.37,123.47,49.962,0.885,13.8,13226.0,RUNNING
2024-03-12 10:00:00,GEN_M02,66.39,53.1,400.67,94.84,49.997,0.897,17.3,14614.4,RUNNING
2024-03-12 10:00:00,GEN_M03,71.92,57.5,399.04,102.75,49.967,0.901,14.7,13338.5,RUNNING
2024-03-12 10:00:00,GEN_B01,81.31,65.0,400.9,116.16,50.024,0.889,18.1,8006.1,RUNNING
2024-03-12 10:00:00,GEN_B02,104.16,83.3,401.19,148.8,50.042,0.899,15.3,9707.7,RUNNING
2024-03-12 11:00:00,GEN_M01,74.97,60.0,396.41,107.1,50.001,0.948,15.6,14966.6,RUNNING
2024-03-12 11:00:00,GEN_M02,81.23,65.0,399.17,116.04,50.031,0.923,12.9,9138.0,RUNNING
2024-03-12 11:00:00,GEN_M03,85.77,68.6,398.85,122.53,50.006,0.921,15.5,10441.7,RUNNING
2024-03-12 11:00:00,GEN_B01,81.74,65.4,403.41,116.77,49.962,0.912,15.5,12533.9,RUNNING
2024-03-12 11:00:00,GEN_B02,71.68,57.3,401.78,102.39,50.016,0.934,15.4,11934.7,RUNNING
2024-03-12 12:00:00,GEN_M01,99.97,80.0,401.21,142.82,50.048,0.969,18.8,13406.4,RUNNING
2024-03-12 12:00:00,GEN_M02,89.11,71.3,400.73,127.3,50.006,0.906,15.7,14077.4,RUNNING
2024-03-12 12:00:00,GEN_M03,88.64,70.9,399.7,126.63,49.917,0.919,16.8,8950.7,RUNNING
2024-03-12 12:00:00,GEN_B01,86.79,69.4,399.9,123.99,49.995,0.902,11.5,13387.7,RUNNING
2024-03-12 12:00:00,GEN_B02,99.39,79.5,401.94,141.99,49.959,0.913,15.8,9441.6,RUNNING
2024-03-12 13:00:00,GEN_M01,88.04,70.4,399.76,125.78,50.042,0.92,14.5,13509.9,RUNNING
2024-03-12 13:00:00,GEN_M02,72.05,57.6,399.59,102.93,50.029,0.914,14.6,13214.5,RUNNING
2024-03-12 13:00:00,GEN_M03,56.76,45.4,398.3,81.09,50.068,0.915,13.7,9676.2,RUNNING
2024-03-12 13:00:00,GEN_B01,87.8,70.2,400.63,125.43,50.018,0.879,14.0,13406.7,RUNNING
2024-03-12 13:00:00,GEN_B02,82.49,66.0,399.63,117.84,50.076,0.882,16.3,14429.1,RUNNING
2024-03-12 14:00:00,GEN_M01,100.52,80.4,399.42,143.6,50.044,0.93,19.6,9170.4,RUNNING
2024-03-12 14:00:00,GEN_M02,56.4,45.1,399.57,80.57,49.987,0.944,13.1,10142.5,RUNNING
2024-03-12 14:00:00,GEN_M03,94.92,75.9,399.23,135.6,50.043,0.931,15.4,9960.5,RUNNING
2024-03-12 14:00:00,GEN_B01,82.25,65.8,403.0,117.5,49.848,0.907,14.7,11647.5,RUNNING
2024-03-12 14:00:00,GEN_B02,87.3,69.8,399.38,124.71,49.954,0.891,18.0,11224.2,RUNNING
2024-03-12 15:00:00,GEN_M01,81.73,65.4,400.2,116.76,49.979,0.948,15.7,12651.0,RUNNING
2024-03-12 15:00:00,GEN_M02,90.86,72.7,398.28,129.79,49.966,0.926,14.4,12101.2,RUNNING
2024-03-12 15:00:00,GEN_M03,78.0,62.4,401.86,111.43,49.974,0.936,13.1,10035.9,RUNNING
2024-03-12 15:00:00,GEN_B01,72.77,58.2,398.61,103.96,49.928,0.892,14.1,12457.3,RUNNING
2024-03-12 15:00:00,GEN_B02,85.06,68.0,401.32,121.51,49.949,0.941,16.0,9216.6,RUNNING
2024-03-12 16:00:00,GEN_M01,72.19,57.8,400.29,103.13,49.956,0.95,10.3,14685.5,RUNNING
2024-03-12 16:00:00,GEN_M02,84.26,67.4,402.53,120.37,49.973,0.929,14.8,11506.0,RUNNING
2024-03-12 16:00:00,GEN_M03,68.88,55.1,400.1,98.4,50.027,0.929,16.3,11488.9,RUNNING
2024-03-12 16:00:00,GEN_B01,81.54,65.2,399.87,116.49,50.01,0.914,15.9,14137.9,RUNNING
2024-03-12 16:00:00,GEN_B02,80.77,64.6,397.16,115.38,50.076,0.938,17.9,14631.1,RUNNING
2024-03-12 17:00:00,GEN_M01,80.74,64.6,400.06,115.34,50.008,0.879,13.8,9418.1,RUNNING
2024-03-12 17:00:00,GEN_M02,92.08,73.7,402.27,131.54,49.984,0.913,18.5,9891.1,RUNNING
2024-03-12 17:00:00,GEN_M03,61.49,49.2,399.54,87.84,49.945,0.901,12.9,14376.4,RUNNING
2024-03-12 17:00:00,GEN_B01,86.64,69.3,401.72,123.78,50.006,0.909,16.2,9359.2,RUNNING
2024-03-12 17:00:00,GEN_B02,73.55,58.8,399.36,105.07,49.958,0.903,16.5,9967.8,RUNNING
2024-03-12 18:00:00,GEN_M01,78.46,62.8,401.59,112.08,50.077,0.938,14.9,8913.3,RUNNING
2024-03-12 18:00:00,GEN_M02,77.49,62.0,397.36,110.71,50.012,0.919,16.2,11406.8,RUNNING
2024-03-12 18:00:00,GEN_M03,89.6,71.7,401.13,128.0,50.024,0.942,14.3,12625.0,RUNNING
2024-03-12 18:00:00,GEN_B01,92.82,74.3,400.78,132.6,49.942,0.943,13.9,8303.5,RUNNING
2024-03-12 18:00:00,GEN_B02,72.72,58.2,400.33,103.88,50.037,0.927,15.1,14943.6,RUNNING
2024-03-12 19:00:00,GEN_M01,61.99,49.6,401.54,88.56,49.985,0.911,12.3,11322.0,RUNNING
2024-03-12 19:00:00,GEN_M02,56.96,45.6,400.51,81.38,49.965,0.861,11.3,12592.6,RUNNING
2024-03-12 19:00:00,GEN_M03,64.42,51.5,399.3,92.03,49.886,0.928,13.9,9822.3,RUNNING
2024-03-12 19:00:00,GEN_B01,55.54,44.4,401.04,79.34,49.972,0.966,12.5,9455.6,RUNNING
2024-03-12 19:00:00,GEN_B02,52.65,42.1,401.32,75.22,50.053,0.909,12.6,13860.3,RUNNING
2024-03-12 20:00:00,GEN_M01,58.42,46.7,400.13,83.46,49.967,0.928,16.8,13823.8,RUNNING
2024-03-12 20:00:00,GEN_M02,70.24,56.2,399.12,100.34,50.045,0.936,16.2,8077.4,RUNNING
2024-03-12 20:00:00,GEN_M03,60.6,48.5,402.75,86.58,50.003,0.918,19.3,11407.6,RUNNING
2024-03-12 20:00:00,GEN_B01,45.54,36.4,398.6,65.06,49.953,0.955,14.6,10092.0,RUNNING
2024-03-12 20:00:00,GEN_B02,45.39,36.3,398.48,64.85,49.987,0.951,16.1,10837.0,RUNNING
2024-03-12 21:00:00,GEN_M01,64.27,51.4,401.69,91.82,49.959,0.927,16.3,12993.3,RUNNING
2024-03-12 21:00:00,GEN_M02,60.92,48.7,397.76,87.03,49.947,0.869,15.4,13518.0,RUNNING
2024-03-12 21:00:00,GEN_M03,58.29,46.6,401.92,83.27,50.079,0.907,14.6,8869.4,RUNNING
2024-03-12 21:00:00,GEN_B01,65.11,52.1,399.21,93.02,50.062,0.896,16.1,14363.3,RUNNING
2024-03-12 21:00:00,GEN_B02,45.11,36.1,399.66,64.45,49.918,0.93,15.0,9818.2,RUNNING
2024-03-12 22:00:00,GEN_M01,61.12,48.9,401.59,87.32,50.023,0.916,15.0,11343.0,RUNNING
2024-03-12 22:00:00,GEN_M02,64.48,51.6,400.82,92.12,49.945,0.967,16.8,14262.3,RUNNING
2024-03-12 22:00:00,GEN_M03,43.07,34.5,400.26,61.53,49.943,0.899,16.1,8740.5,RUNNING
2024-03-12 22:00:00,GEN_B01,49.51,39.6,400.32,70.72,49.989,0.926,15.2,13317.7,RUNNING
2024-03-12 22:00:00,GEN_B02,58.98,47.2,400.43,84.26,49.993,0.907,16.4,13494.4,RUNNING
2024-03-12 23:00:00,GEN_M01,55.55,44.4,399.29,79.36,49.989,0.916,16.8,13662.4,RUNNING
2024-03-12 23:00:00,GEN_M02,42.45,34.0,403.11,60.64,50.003,0.928,19.9,13176.7,RUNNING
2024-03-12 23:00:00,GEN_M03,62.62,50.1,397.3,89.46,49.928,0.935,18.5,14824.9,RUNNING
2024-03-12 23:00:00,GEN_B01,54.22,43.4,399.51,77.46,49.944,0.912,15.0,11730.0,RUNNING
2024-03-12 23:00:00,GEN_B02,46.35,37.1,401.0,66.21,50.14,0.899,16.0,8129.1,RUNNING
2024-03-13 00:00:00,GEN_M01,42.43,33.9,397.26,60.62,49.983,0.937,15.7,10716.6,RUNNING
2024-03-13 00:00:00,GEN_M02,67.71,54.2,401.13,96.73,50.041,0.95,16.5,8526.6,RUNNING
2024-03-13 00:00:00,GEN_M03,61.71,49.4,401.59,88.16,50.003,0.925,15.5,9717.4,RUNNING
2024-03-13 00:00:00,GEN_B01,52.54,42.0,398.49,75.06,49.956,0.873,17.8,9717.4,RUNNING
2024-03-13 00:00:00,GEN_B02,57.88,46.3,399.33,82.69,49.966,0.885,13.1,12119.5,MAINTENANCE
2024-03-13 01:00:00,GEN_M01,58.04,46.4,400.01,82.91,49.983,0.938,17.4,8812.9,RUNNING
2024-03-13 01:00:00,GEN_M02,61.27,49.0,401.75,87.53,50.008,0.951,14.2,10264.0,RUNNING
2024-03-13 01:00:00,GEN_M03,55.8,44.6,401.03,79.72,49.968,0.937,18.3,10695.4,RUNNING
2024-03-13 01:00:00,GEN_B01,49.87,39.9,401.87,71.24,49.978,0.895,17.6,12558.3,RUNNING
2024-03-13 01:00:00,GEN_B02,48.92,39.1,398.76,69.89,50.081,0.908,15.1,14486.0,RUNNING
2024-03-13 02:00:00,GEN_M01,50.0,40.0,399.58,71.43,50.026,0.902,18.0,14705.6,MAINTENANCE
2024-03-13 02:00:00,GEN_M02,60.05,48.0,398.33,85.78,49.973,0.902,17.2,14243.0,RUNNING
2024-03-13 02:00:00,GEN_M03,52.29,41.8,400.39,74.7,50.097,0.95,18.9,12418.7,RUNNING
2024-03-13 02:00:00,GEN_B01,64.73,51.8,400.82,92.47,50.034,0.933,19.1,13974.6,RUNNING
2024-03-13 02:00:00,GEN_B02,65.68,52.5,398.71,93.83,49.972,0.947,14.5,10149.9,RUNNING
2024-03-13 03:00:00,GEN_M01,54.47,43.6,398.93,77.82,49.93,0.932,13.9,14544.3,RUNNING
2024-03-13 03:00:00,GEN_M02,39.02,31.2,399.88,55.74,50.025,0.95,17.9,9199.1,RUNNING
2024-03-13 03:00:00,GEN_M03,59.01,47.2,397.18,84.3,49.984,0.884,20.0,12306.1,RUNNING
2024-03-13 03:00:00,GEN_B01,48.06,38.4,399.46,68.66,49.89,0.934,20.1,13917.0,RUNNING
2024-03-13 03:00:00,GEN_B02,61.47,49.2,399.37,87.81,50.02,0.938,13.8,8542.8,RUNNING
2024-03-13 04:00:00,GEN_M01,55.94,44.8,399.58,79.92,49.901,0.903,11.6,9185.2,RUNNING
2024-03-13 04:00:00,GEN_M02,45.58,36.5,397.23,65.12,49.988,0.922,18.2,12508.0,RUNNING
2024-03-13 04:00:00,GEN_M03,41.5,33.2,403.0,59.29,49.954,0.929,14.2,13726.9,MAINTENANCE
2024-03-13 04:00:00,GEN_B01,49.2,39.4,398.78,70.29,50.099,0.897,12.9,9313.0,RUNNING
2024-03-13 04:00:00,GEN_B02,63.12,50.5,400.16,90.18,49.841,0.902,18.0,10240.6,RUNNING
2024-03-13 05:00:00,GEN_M01,47.26,37.8,400.61,67.52,50.057,0.965,19.1,10244.1,RUNNING
2024-03-13 05:00:00,GEN_M02,57.65,46.1,399.0,82.36,50.002,0.944,17.6,12834.6,RUNNING
2024-03-13 05:00:00,GEN_M03,64.64,51.7,397.83,92.34,50.068,0.877,13.9,8051.4,MAINTENANCE
2024-03-13 05:00:00,GEN_B01,57.68,46.1,400.82,82.4,49.966,0.943,15.0,14092.2,RUNNING
2024-03-13 05:00:00,GEN_B02,54.58,43.7,400.33,77.98,49.948,0.931,18.6,10670.6,RUNNING
2024-03-13 06:00:00,GEN_M01,73.77,59.0,398.55,105.38,49.957,0.931,17.5,11034.8,RUNNING
2024-03-13 06:00:00,GEN_M02,79.14,63.3,399.6,113.06,49.995,0.925,16.5,12316.6,RUNNING
2024-03-13 06:00:00,GEN_M03,47.97,38.4,399.23,68.53,50.002,0.941,15.6,14767.1,RUNNING
2024-03-13 06:00:00,GEN_B01,70.53,56.4,398.04,100.75,49.94,0.919,15.1,10305.0,RUNNING
2024-03-13 06:00:00,GEN_B02,73.27,58.6,401.12,104.67,49.926,0.948,13.1,8677.1,RUNNING
2024-03-13 07:00:00,GEN_M01,102.85,82.3,399.08,146.92,50.047,0.942,14.3,9409.4,RUNNING
2024-03-13 07:00:00,GEN_M02,76.93,61.5,401.37,109.91,50.008,0.905,14.0,12196.9,RUNNING
2024-03-13 07:00:00,GEN_M03,81.9,65.5,401.11,116.99,50.022,0.917,15.2,12922.4,RUNNING
2024-03-13 07:00:00,GEN_B01,106.12,84.9,396.09,151.6,50.109,0.91,15.5,9299.8,RUNNING
2024-03-13 07:00:00,GEN_B02,82.11,65.7,397.0,117.31,49.964,0.93,13.5,11989.2,RUNNING
2024-03-13 08:00:00,GEN_M01,104.45,83.6,397.92,149.21,50.02,0.939,16.3,14524.0,RUNNING
2024-03-13 08:00:00,GEN_M02,94.29,75.4,400.9,134.7,50.016,0.907,17.4,10230.1,RUNNING
2024-03-13 08:00:00,GEN_M03,107.27,85.8,401.2,153.25,49.936,0.91,14.5,8006.4,RUNNING
2024-03-13 08:00:00,GEN_B01,75.36,60.3,399.14,107.65,50.018,0.915,13.0,10285.2,RUNNING
2024-03-13 08:00:00,GEN_B02,88.22,70.6,401.69,126.03,50.039,0.94,14.5,10618.1,RUNNING
2024-03-13 09:00:00,GEN_M01,79.64,63.7,400.21,113.77,50.042,0.918,16.6,8151.8,RUNNING
2024-03-13 09:00:00,GEN_M02,71.41,57.1,399.98,102.01,49.987,0.937,13.6,13153.9,RUNNING
2024-03-13 09:00:00,GEN_M03,90.79,72.6,399.63,129.7,49.99,0.894,17.9,8062.4,RUNNING
2024-03-13 09:00:00,GEN_B01,90.04,72.0,401.71,128.62,49.94,0.91,15.6,9184.6,RUNNING
2024-03-13 09:00:00,GEN_B02,90.71,72.6,398.04,129.59,50.041,0.9,17.6,11724.3,RUNNING
2024-03-13 10:00:00,GEN_M01,84.69,67.8,400.13,120.99,50.004,0.934,15.6,10694.7,RUNNING
2024-03-13 10:00:00,GEN_M02,80.62,64.5,400.85,115.17,50.062,0.922,17.5,13807.0,RUNNING
2024-03-13 10:00:00,GEN_M03,69.09,55.3,404.9,98.7,50.08,0.904,16.5,14105.2,RUNNING
2024-03-13 10:00:00,GEN_B01,63.24,50.6,402.83,90.35,49.961,0.924,15.7,14519.7,RUNNING
2024-03-13 10:00:00,GEN_B02,89.25,71.4,399.81,127.5,50.063,0.927,18.1,11524.3,RUNNING
2024-03-13 11:00:00,GEN_M01,94.85,75.9,400.31,135.5,50.05,0.89,14.4,14326.6,RUNNING
2024-03-13 11:00:00,GEN_M02,76.3,61.0,396.12,109.0,49.948,0.908,17.1,9215.5,RUNNING
2024-03-13 11:00:00,GEN_M03,80.42,64.3,402.65,114.88,49.97,0.882,13.1,10269.5,RUNNING
2024-03-13 11:00:00,GEN_B01,69.13,55.3,399.22,98.76,50.008,0.907,17.1,10034.7,RUNNING
2024-03-13 11:00:00,GEN_B02,76.62,61.3,398.76,109.46,49.927,0.943,22.7,11724.1,RUNNING
2024-03-13 12:00:00,GEN_M01,76.37,61.1,399.55,109.1,50.057,0.915,14.9,8151.8,RUNNING
2024-03-13 12:00:00,GEN_M02,92.69,74.2,403.22,132.41,50.001,0.92,13.7,11808.9,RUNNING
2024-03-13 12:00:00,GEN_M03,86.52,69.2,398.84,123.6,50.061,0.892,15.9,12411.5,RUNNING
2024-03-13 12:00:00,GEN_B01,71.48,57.2,397.21,102.12,50.116,0.935,15.7,13580.6,RUNNING
2024-03-13 12:00:00,GEN_B02,85.72,68.6,400.59,122.46,50.02,0.942,15.1,9662.6,RUNNING
2024-03-13 13:00:00,GEN_M01,81.94,65.6,398.85,117.06,49.96,0.911,14.9,14109.4,RUNNING
2024-03-13 13:00:00,GEN_M02,77.46,62.0,399.56,110.65,49.998,0.954,15.1,13159.6,RUNNING
2024-03-13 13:00:00,GEN_M03,77.46,62.0,398.56,110.66,50.026,0.881,15.9,10324.8,RUNNING
2024-03-13 13:00:00,GEN_B01,79.0,63.2,402.09,112.86,50.032,0.923,15.9,9125.0,RUNNING
2024-03-13 13:00:00,GEN_B02,77.89,62.3,398.09,111.27,50.059,0.906,11.5,13739.2,RUNNING
2024-03-13 14:00:00,GEN_M01,54.83,43.9,398.35,78.33,50.015,0.931,14.6,12132.9,RUNNING
2024-03-13 14:00:00,GEN_M02,86.98,69.6,403.65,124.26,49.894,0.964,16.2,11361.6,RUNNING
2024-03-13 14:00:00,GEN_M03,74.18,59.3,399.57,105.97,50.06,0.871,14.4,13975.8,RUNNING
2024-03-13 14:00:00,GEN_B01,101.35,81.1,401.09,144.78,50.019,0.931,13.3,8765.0,RUNNING
2024-03-13 14:00:00,GEN_B02,74.33,59.5,398.15,106.19,50.038,0.947,15.0,14735.5,MAINTENANCE
2024-03-13 15:00:00,GEN_M01,84.07,67.3,402.04,120.1,50.006,0.867,10.4,10824.5,RUNNING
2024-03-13 15:00:00,GEN_M02,81.25,65.0,398.67,116.07,50.046,0.944,13.7,12216.7,RUNNING
2024-03-13 15:00:00,GEN_M03,90.74,72.6,402.94,129.64,50.013,0.944,14.8,13398.7,RUNNING
2024-03-13 15:00:00,GEN_B01,77.57,62.1,401.4,110.81,49.983,0.911,18.1,8847.1,RUNNING
2024-03-13 15:00:00,GEN_B02,74.13,59.3,400.35,105.89,50.014,0.913,17.4,10655.4,RUNNING
2024-03-13 16:00:00,GEN_M01,89.07,71.3,399.52,127.24,49.928,0.928,17.7,11998.3,RUNNING
2024-03-13 16:00:00,GEN_M02,93.21,74.6,401.04,133.16,50.025,0.926,14.5,12974.5,RUNNING
2024-03-13 16:00:00,GEN_M03,85.95,68.8,400.13,122.78,50.085,0.948,20.6,8857.6,RUNNING
2024-03-13 16:00:00,GEN_B01,81.75,65.4,398.82,116.78,49.99,0.909,18.2,10229.8,RUNNING
2024-03-13 16:00:00,GEN_B02,99.24,79.4,401.18,141.78,50.012,0.915,15.1,10800.7,RUNNING
2024-03-13 17:00:00,GEN_M01,68.48,54.8,398.54,97.83,49.966,0.929,14.8,9857.2,RUNNING
2024-03-13 17:00:00,GEN_M02,72.45,58.0,399.75,103.5,49.982,0.938,16.2,10817.8,RUNNING
2024-03-13 17:00:00,GEN_M03,83.1,66.5,399.73,118.71,49.934,0.885,12.4,11816.0,RUNNING
2024-03-13 17:00:00,GEN_B01,67.6,54.1,400.09,96.57,50.006,0.932,15.1,13049.1,RUNNING
2024-03-13 17:00:00,GEN_B02,80.74,64.6,400.33,115.34,50.01,0.921,14.8,9499.3,RUNNING
2024-03-13 18:00:00,GEN_M01,79.24,63.4,399.63,113.2,49.968,0.941,13.1,14639.9,RUNNING
2024-03-13 18:00:00,GEN_M02,66.63,53.3,399.21,95.18,50.034,0.894,14.8,14990.7,RUNNING
2024-03-13 18:00:00,GEN_M03,90.49,72.4,398.04,129.27,50.024,0.892,14.0,14426.4,RUNNING
2024-03-13 18:00:00,GEN_B01,76.02,60.8,399.56,108.6,50.001,0.903,12.7,14081.1,RUNNING
2024-03-13 18:00:00,GEN_B02,76.18,60.9,401.33,108.83,49.989,0.947,15.0,14287.0,RUNNING
2024-03-13 19:00:00,GEN_M01,43.96,35.2,399.65,62.8,50.063,0.905,14.3,13912.4,RUNNING
2024-03-13 19:00:00,GEN_M02,56.82,45.5,398.46,81.18,50.037,0.895,15.8,9593.2,RUNNING
2024-03-13 19:00:00,GEN_M03,59.18,47.3,400.75,84.55,50.078,0.922,15.3,9862.1,RUNNING
2024-03-13 19:00:00,GEN_B01,64.95,52.0,399.65,92.79,50.003,0.935,16.1,9681.7,RUNNING
2024-03-13 19:00:00,GEN_B02,53.17,42.5,399.48,75.96,50.054,0.91,13.6,13943.7,RUNNING
2024-03-13 20:00:00,GEN_M01,59.11,47.3,400.1,84.45,49.992,0.912,19.7,10412.6,RUNNING
2024-03-13 20:00:00,GEN_M02,71.19,57.0,400.75,101.7,50.006,0.93,20.0,8819.0,RUNNING
2024-03-13 20:00:00,GEN_M03,49.06,39.2,399.54,70.08,49.982,0.939,16.1,8217.5,RUNNING
2024-03-13 20:00:00,GEN_B01,54.27,43.4,400.49,77.52,50.047,0.945,15.9,8125.8,RUNNING
2024-03-13 20:00:00,GEN_B02,70.53,56.4,401.3,100.75,49.993,0.931,10.6,12190.6,RUNNING
2024-03-13 21:00:00,GEN_M01,56.56,45.2,397.8,80.79,49.989,0.932,12.9,10569.6,RUNNING
2024-03-13 21:00:00,GEN_M02,39.66,31.7,400.06,56.66,50.007,0.898,16.6,8697.1,RUNNING
2024-03-13 21:00:00,GEN_M03,65.2,52.2,400.46,93.14,50.014,0.931,14.1,9583.4,RUNNING
2024-03-13 21:00:00,GEN_B01,62.65,50.1,400.5,89.5,50.056,0.927,16.8,13541.5,RUNNING
2024-03-13 21:00:00,GEN_B02,53.47,42.8,398.68,76.39,49.951,0.938,16.7,10149.7,RUNNING
2024-03-13 22:00:00,GEN_M01,45.96,36.8,401.6,65.66,49.998,0.921,13.1,8392.6,RUNNING
2024-03-13 22:00:00,GEN_M02,53.6,42.9,401.14,76.57,50.033,0.906,13.6,12374.5,RUNNING
2024-03-13 22:00:00,GEN_M03,49.85,39.9,399.45,71.21,50.016,0.891,15.2,10075.7,RUNNING
2024-03-13 22:00:00,GEN_B01,50.96,40.8,398.16,72.8,50.046,0.927,15.3,10598.6,RUNNING
2024-03-13 22:00:00,GEN_B02,56.35,45.1,398.35,80.51,49.959,0.946,11.1,9769.7,RUNNING
2024-03-13 23:00:00,GEN_M01,51.92,41.5,397.67,74.18,49.964,0.918,17.2,14318.4,RUNNING
2024-03-13 23:00:00,GEN_M02,57.58,46.1,400.29,82.26,50.025,0.92,16.4,10307.4,RUNNING
2024-03-13 23:00:00,GEN_M03,57.56,46.0,397.47,82.22,50.011,0.939,13.5,13079.9,RUNNING
2024-03-13 23:00:00,GEN_B01,59.64,47.7,399.48,85.2,50.056,0.874,14.6,10057.5,RUNNING
2024-03-13 23:00:00,GEN_B02,64.59,51.7,402.44,92.27,49.935,0.916,15.5,12460.9,RUNNING
2024-03-14 00:00:00,GEN_M01,56.64,45.3,398.34,80.91,49.947,0.87,19.3,14736.4,RUNNING
2024-03-14 00:00:00,GEN_M02,48.16,38.5,400.48,68.8,50.048,0.901,14.3,13628.3,RUNNING
2024-03-14 00:00:00,GEN_M03,54.84,43.9,401.68,78.35,49.954,0.897,16.7,9600.7,RUNNING
2024-03-14 00:00:00,GEN_B01,68.41,54.7,399.7,97.73,50.07,0.94,13.5,10549.6,RUNNING
2024-03-14 00:00:00,GEN_B02,56.19,45.0,399.38,80.28,49.944,0.903,14.1,14648.9,RUNNING
2024-03-14 01:00:00,GEN_M01,50.8,40.6,399.45,72.58,50.029,0.916,19.0,10014.6,RUNNING
2024-03-14 01:00:00,GEN_M02,52.23,41.8,400.87,74.62,50.03,0.948,17.0,14477.1,MAINTENANCE
2024-03-14 01:00:00,GEN_M03,43.25,34.6,400.84,61.78,50.041,0.933,13.1,12990.7,RUNNING
2024-03-14 01:00:00,GEN_B01,76.57,61.3,400.55,109.38,49.996,0.932,13.8,13390.2,RUNNING
2024-03-14 01:00:00,GEN_B02,59.07,47.3,400.19,84.38,50.057,0.97,15.8,12016.6,RUNNING
2024-03-14 02:00:00,GEN_M01,61.07,48.9,399.46,87.24,50.044,0.921,14.2,9502.5,RUNNING
2024-03-14 02:00:00,GEN_M02,55.88,44.7,399.24,79.83,49.994,0.927,13.7,13232.4,RUNNING
2024-03-14 02:00:00,GEN_M03,49.44,39.6,398.7,70.63,50.101,0.933,17.2,14548.4,RUNNING
2024-03-14 02:00:00,GEN_B01,62.56,50.0,398.54,89.37,49.985,0.95,13.2,10790.6,RUNNING
2024-03-14 02:00:00,GEN_B02,48.85,39.1,401.88,69.79,50.012,0.869,15.5,14381.3,RUNNING
2024-03-14 03:00:00,GEN_M01,47.46,38.0,400.31,67.79,50.007,0.942,17.1,14587.7,RUNNING
2024-03-14 03:00:00,GEN_M02,53.65,42.9,402.46,76.65,50.011,0.902,17.1,10745.7,RUNNING
2024-03-14 03:00:00,GEN_M03,53.05,42.4,400.95,75.79,50.0,0.947,14.1,14327.2,RUNNING
2024-03-14 03:00:00,GEN_B01,43.05,34.4,399.6,61.5,49.959,0.951,14.8,14019.0,RUNNING
2024-03-14 03:00:00,GEN_B02,41.78,33.4,399.43,59.68,49.955,0.942,17.2,9168.6,RUNNING
2024-03-14 04:00:00,GEN_M01,63.75,51.0,399.47,91.07,50.016,0.929,16.3,9636.6,RUNNING
2024-03-14 04:00:00,GEN_M02,55.85,44.7,396.76,79.78,49.995,0.907,16.0,9773.9,RUNNING
2024-03-14 04:00:00,GEN_M03,52.53,42.0,400.25,75.04,49.963,0.93,15.1,14691.9,RUNNING
2024-03-14 04:00:00,GEN_B01,61.77,49.4,401.4,88.24,49.972,0.915,17.1,8650.1,RUNNING
2024-03-14 04:00:00,GEN_B02,47.56,38.0,402.45,67.94,49.963,0.904,14.7,13165.2,RUNNING
2024-03-14 05:00:00,GEN_M01,52.15,41.7,403.8,74.5,50.041,0.938,17.1,8043.9,RUNNING
2024-03-14 05:00:00,GEN_M02,77.7,62.2,399.41,111.0,49.985,0.941,16.6,11054.3,RUNNING
2024-03-14 05:00:00,GEN_M03,46.86,37.5,400.89,66.95,49.992,0.941,17.3,13024.8,RUNNING
2024-03-14 05:00:00,GEN_B01,56.12,44.9,401.13,80.17,49.986,0.936,17.4,14360.6,RUNNING
2024-03-14 05:00:00,GEN_B02,51.35,41.1,400.2,73.35,50.03,0.898,15.0,13496.4,RUNNING
2024-03-14 06:00:00,GEN_M01,83.09,66.5,398.76,118.7,50.051,0.918,20.1,11525.8,RUNNING
2024-03-14 06:00:00,GEN_M02,93.08,74.5,399.74,132.97,50.032,0.932,20.1,11755.7,RUNNING
2024-03-14 06:00:00,GEN_M03,68.87,55.1,400.18,98.39,49.944,0.896,16.9,11712.8,RUNNING
2024-03-14 06:00:00,GEN_B01,80.52,64.4,400.77,115.03,50.03,0.909,16.4,14783.1,RUNNING
2024-03-14 06:00:00,GEN_B02,74.32,59.5,399.1,106.18,50.072,0.893,17.4,11087.4,RUNNING
2024-03-14 07:00:00,GEN_M01,72.23,57.8,400.97,103.19,50.058,0.932,15.4,8698.2,RUNNING
2024-03-14 07:00:00,GEN_M02,84.12,67.3,400.61,120.18,50.054,0.977,17.3,13211.3,RUNNING
2024-03-14 07:00:00,GEN_M03,86.3,69.0,400.51,123.29,50.018,0.908,15.4,10618.8,RUNNING
2024-03-14 07:00:00,GEN_B01,80.24,64.2,400.02,114.62,49.977,0.928,16.8,14438.8,RUNNING
2024-03-14 07:00:00,GEN_B02,71.82,57.5,400.79,102.61,50.029,0.93,13.5,13946.8,RUNNING
2024-03-14 08:00:00,GEN_M01,70.01,56.0,401.12,100.02,50.043,0.905,15.1,13441.9,RUNNING
2024-03-14 08:00:00,GEN_M02,102.68,82.1,402.33,146.68,50.003,0.943,17.6,13098.0,RUNNING
2024-03-14 08:00:00,GEN_M03,81.64,65.3,399.48,116.62,50.011,0.905,16.3,8852.0,RUNNING
2024-03-14 08:00:00,GEN_B01,80.63,64.5,396.85,115.18,49.938,0.92,14.5,10560.8,RUNNING
2024-03-14 08:00:00,GEN_B02,80.94,64.8,401.25,115.63,50.041,0.922,18.0,13631.7,RUNNING
2024-03-14 09:00:00,GEN_M01,76.35,61.1,403.61,109.07,50.076,0.921,19.3,12497.0,RUNNING
2024-03-14 09:00:00,GEN_M02,92.22,73.8,397.78,131.74,49.977,0.905,10.5,12780.1,RUNNING
2024-03-14 09:00:00,GEN_M03,65.16,52.1,401.86,93.08,49.991,0.887,16.4,8997.9,RUNNING
2024-03-14 09:00:00,GEN_B01,71.16,56.9,401.8,101.66,49.986,0.935,17.6,9652.8,RUNNING
2024-03-14 09:00:00,GEN_B02,70.51,56.4,398.64,100.72,50.021,0.89,13.0,13994.2,RUNNING
2024-03-14 10:00:00,GEN_M01,76.32,61.1,399.58,109.03,50.034,0.894,12.6,12723.3,RUNNING
2024-03-14 10:00:00,GEN_M02,93.12,74.5,400.19,133.03,50.017,0.921,16.8,13066.1,RUNNING
2024-03-14 10:00:00,GEN_M03,73.04,58.4,399.41,104.35,49.97,0.943,14.3,13372.2,RUNNING
2024-03-14 10:00:00,GEN_B01,66.25,53.0,402.21,94.65,50.058,0.913,14.5,9727.3,RUNNING
2024-03-14 10:00:00,GEN_B02,70.23,56.2,402.03,100.33,49.977,0.921,14.7,13189.5,RUNNING
2024-03-14 11:00:00,GEN_M01,71.21,57.0,396.52,101.72,49.982,0.929,14.2,14948.1,RUNNING
2024-03-14 11:00:00,GEN_M02,84.75,67.8,398.12,121.06,50.037,0.902,14.6,9293.3,RUNNING
2024-03-14 11:00:00,GEN_M03,69.23,55.4,402.37,98.91,50.079,0.944,14.0,10616.9,MAINTENANCE
2024-03-14 11:00:00,GEN_B01,88.84,71.1,402.94,126.92,50.055,0.925,18.0,12490.1,RUNNING
2024-03-14 11:00:00,GEN_B02,89.98,72.0,399.79,128.54,49.984,0.946,16.0,11925.1,RUNNING
2024-03-14 12:00:00,GEN_M01,68.36,54.7,401.79,97.65,50.064,0.91,11.6,9130.5,RUNNING
2024-03-14 12:00:00,GEN_M02,81.76,65.4,400.69,116.79,49.981,0.928,14.7,11882.4,RUNNING
2024-03-14 12:00:00,GEN_M03,82.5,66.0,399.98,117.85,49.916,0.951,14.5,11424.3,RUNNING
2024-03-14 12:00:00,GEN_B01,71.67,57.3,401.99,102.38,50.012,0.939,16.4,9041.8,MAINTENANCE
2024-03-14 12:00:00,GEN_B02,90.55,72.4,398.3,129.35,50.026,0.892,17.3,9624.8,RUNNING
2024-03-14 13:00:00,GEN_M01,101.19,81.0,398.48,144.56,49.922,0.938,16.4,11004.7,RUNNING
2024-03-14 13:00:00,GEN_M02,83.31,66.6,398.46,119.01,50.003,0.923,15.3,8195.2,RUNNING
2024-03-14 13:00:00,GEN_M03,89.96,72.0,397.04,128.52,49.96,0.924,20.5,14634.2,RUNNING
2024-03-14 13:00:00,GEN_B01,91.36,73.1,401.68,130.51,49.926,0.914,16.3,11158.9,RUNNING
2024-03-14 13:00:00,GEN_B02,95.87,76.7,400.66,136.95,49.996,0.894,14.0,9764.8,RUNNING
2024-03-14 14:00:00,GEN_M01,69.12,55.3,400.16,98.74,49.881,0.947,13.9,10157.0,RUNNING
2024-03-14 14:00:00,GEN_M02,80.21,64.2,400.01,114.59,50.008,0.916,14.4,11456.0,RUNNING
2024-03-14 14:00:00,GEN_M03,60.51,48.4,398.99,86.44,49.933,0.916,13.2,10859.7,RUNNING
2024-03-14 14:00:00,GEN_B01,67.87,54.3,396.99,96.96,50.1,0.932,18.7,9875.5,RUNNING
2024-03-14 14:00:00,GEN_B02,78.02,62.4,399.85,111.46,50.064,0.934,15.1,12968.3,RUNNING
2024-03-14 15:00:00,GEN_M01,79.59,63.7,399.1,113.7,50.108,0.915,14.5,10766.9,RUNNING
2024-03-14 15:00:00,GEN_M02,91.99,73.6,399.81,131.42,50.031,0.925,17.1,13006.0,RUNNING
2024-03-14 15:00:00,GEN_M03,79.83,63.9,400.11,114.04,49.998,0.891,14.8,10092.1,RUNNING
2024-03-14 15:00:00,GEN_B01,99.85,79.9,400.41,142.64,50.108,0.888,15.3,10348.9,RUNNING
2024-03-14 15:00:00,GEN_B02,65.91,52.7,399.23,94.15,49.938,0.939,15.2,13685.9,RUNNING
2024-03-14 16:00:00,GEN_M01,71.08,56.9,397.5,101.54,49.999,0.9,19.6,10707.4,RUNNING
2024-03-14 16:00:00,GEN_M02,81.61,65.3,402.39,116.58,49.95,0.93,14.1,8176.6,RUNNING
2024-03-14 16:00:00,GEN_M03,101.68,81.3,400.25,145.26,50.004,0.952,15.0,11812.8,RUNNING
2024-03-14 16:00:00,GEN_B01,66.26,53.0,400.93,94.66,49.989,0.923,16.5,9027.0,RUNNING
2024-03-14 16:00:00,GEN_B02,96.44,77.2,400.21,137.78,49.957,0.943,16.1,9310.0,RUNNING
2024-03-14 17:00:00,GEN_M01,80.79,64.6,398.25,115.42,50.017,0.935,15.3,13210.1,RUNNING
2024-03-14 17:00:00,GEN_M02,93.45,74.8,399.84,133.5,50.0,0.911,15.3,12906.2,RUNNING
2024-03-14 17:00:00,GEN_M03,77.73,62.2,400.9,111.05,50.051,0.899,15.5,13161.0,RUNNING
2024-03-14 17:00:00,GEN_B01,78.71,63.0,400.13,112.44,49.953,0.93,15.8,11064.3,RUNNING
2024-03-14 17:00:00,GEN_B02,83.74,67.0,401.12,119.63,50.059,0.92,15.4,12100.5,RUNNING
2024-03-14 18:00:00,GEN_M01,103.23,82.6,399.59,147.47,50.02,0.936,17.1,8318.3,RUNNING
2024-03-14 18:00:00,GEN_M02,82.38,65.9,398.3,117.69,49.98,0.929,18.3,9726.9,RUNNING
2024-03-14 18:00:00,GEN_M03,76.72,61.4,398.88,109.6,50.026,0.919,14.3,11133.0,RUNNING
2024-03-14 18:00:00,GEN_B01,94.22,75.4,400.52,134.6,49.945,0.943,17.1,12891.6,RUNNING
2024-03-14 18:00:00,GEN_B02,79.93,63.9,399.46,114.18,49.988,0.93,18.0,9190.3,RUNNING
2024-03-14 19:00:00,GEN_M01,43.48,34.8,398.98,62.12,49.935,0.875,11.6,13362.5,RUNNING
2024-03-14 19:00:00,GEN_M02,61.82,49.5,399.48,88.31,50.007,0.93,14.1,14511.6,RUNNING
2024-03-14 19:00:00,GEN_M03,58.37,46.7,398.93,83.39,49.884,0.933,14.7,12599.9,RUNNING
2024-03-14 19:00:00,GEN_B01,61.78,49.4,401.06,88.26,50.027,0.93,17.6,8461.5,RUNNING
2024-03-14 19:00:00,GEN_B02,60.52,48.4,400.63,86.45,50.065,0.917,13.3,9260.0,RUNNING
2024-03-14 20:00:00,GEN_M01,52.85,42.3,398.26,75.49,50.005,0.919,13.2,9622.5,RUNNING
2024-03-14 20:00:00,GEN_M02,62.16,49.7,398.58,88.8,49.964,0.931,11.8,11258.5,RUNNING
2024-03-14 20:00:00,GEN_M03,61.8,49.4,399.82,88.29,49.988,0.903,20.8,10544.3,RUNNING
2024-03-14 20:00:00,GEN_B01,58.64,46.9,399.22,83.77,49.942,0.923,14.9,10678.9,RUNNING
2024-03-14 20:00:00,GEN_B02,70.04,56.0,398.33,100.06,50.032,0.913,16.5,8591.7,RUNNING
2024-03-14 21:00:00,GEN_M01,53.78,43.0,403.17,76.83,49.982,0.922,16.2,8559.8,RUNNING
2024-03-14 21:00:00,GEN_M02,53.24,42.6,399.23,76.06,49.956,0.956,17.6,10866.3,RUNNING
2024-03-14 21:00:00,GEN_M03,47.21,37.8,399.43,67.44,49.989,0.887,13.2,13477.2,RUNNING
2024-03-14 21:00:00,GEN_B01,53.64,42.9,400.31,76.62,50.065,0.898,16.6,12704.3,RUNNING
2024-03-14 21:00:00,GEN_B02,54.06,43.2,397.5,77.22,50.0,0.953,11.1,13499.3,RUNNING
2024-03-14 22:00:00,GEN_M01,53.01,42.4,400.12,75.73,50.029,0.941,17.0,10048.8,RUNNING
2024-03-14 22:00:00,GEN_M02,63.33,50.7,400.78,90.47,50.024,0.932,15.4,12127.2,RUNNING
2024-03-14 22:00:00,GEN_M03,43.48,34.8,400.29,62.11,49.999,0.948,14.2,10237.2,RUNNING
2024-03-14 22:00:00,GEN_B01,47.47,38.0,399.69,67.81,49.938,0.946,15.9,11673.9,RUNNING
2024-03-14 22:00:00,GEN_B02,64.79,51.8,401.07,92.56,50.043,0.899,15.5,8861.7,RUNNING
2024-03-14 23:00:00,GEN_M01,59.49,47.6,400.75,84.99,49.986,0.891,13.1,13278.4,MAINTENANCE
2024-03-14 23:00:00,GEN_M02,60.6,48.5,398.24,86.57,50.0,0.95,17.5,11193.4,RUNNING
2024-03-14 23:00:00,GEN_M03,49.41,39.5,397.91,70.59,49.932,0.907,15.5,12184.0,RUNNING
2024-03-14 23:00:00,GEN_B01,75.79,60.6,399.47,108.28,49.951,0.942,15.4,8250.1,RUNNING
2024-03-14 23:00:00,GEN_B02,50.8,40.6,400.75,72.58,50.023,0.908,15.2,8334.9,RUNNING
2024-03-15 00:00:00,GEN_M01,50.01,40.0,397.79,71.44,50.018,0.915,13.5,8505.7,RUNNING
2024-03-15 00:00:00,GEN_M02,47.73,38.2,398.13,68.19,49.969,0.943,13.1,13326.3,RUNNING
2024-03-15 00:00:00,GEN_M03,67.95,54.4,398.85,97.08,49.996,0.919,15.9,10214.9,RUNNING
2024-03-15 00:00:00,GEN_B01,69.21,55.4,401.67,98.87,49.913,0.936,12.1,12923.2,RUNNING
2024-03-15 00:00:00,GEN_B02,61.3,49.0,398.59,87.58,50.09,0.976,16.7,10998.4,RUNNING
2024-03-15 01:00:00,GEN_M01,71.34,57.1,399.09,101.91,50.014,0.935,13.2,10014.7,RUNNING
2024-03-15 01:00:00,GEN_M02,55.98,44.8,401.42,79.97,50.021,0.93,16.6,12143.2,RUNNING
2024-03-15 01:00:00,GEN_M03,54.46,43.6,400.55,77.81,50.036,0.922,18.0,14281.2,RUNNING
2024-03-15 01:00:00,GEN_B01,51.76,41.4,397.94,73.94,50.039,0.941,15.3,10860.9,MAINTENANCE
2024-03-15 01:00:00,GEN_B02,60.77,48.6,401.64,86.82,50.052,0.891,15.9,12720.8,RUNNING
2024-03-15 02:00:00,GEN_M01,46.21,37.0,399.59,66.02,50.035,0.921,17.4,10413.0,RUNNING
2024-03-15 02:00:00,GEN_M02,55.51,44.4,399.78,79.3,50.036,0.907,15.4,13486.7,RUNNING
2024-03-15 02:00:00,GEN_M03,62.41,49.9,397.81,89.16,49.931,0.933,15.8,11907.1,RUNNING
2024-03-15 02:00:00,GEN_B01,61.8,49.4,399.39,88.28,50.044,0.935,14.5,10510.5,MAINTENANCE
2024-03-15 02:00:00,GEN_B02,55.51,44.4,399.45,79.3,49.961,0.945,17.0,9623.9,RUNNING
2024-03-15 03:00:00,GEN_M01,66.19,53.0,398.96,94.56,50.04,0.9,17.4,14090.0,RUNNING
2024-03-15 03:00:00,GEN_M02,48.98,39.2,400.56,69.97,49.91,0.921,14.4,14548.7,MAINTENANCE
2024-03-15 03:00:00,GEN_M03,64.96,52.0,399.93,92.8,50.001,0.95,17.3,11349.7,RUNNING
2024-03-15 03:00:00,GEN_B01,51.53,41.2,401.7,73.61,50.069,0.932,17.3,14472.0,RUNNING
2024-03-15 03:00:00,GEN_B02,53.58,42.9,402.91,76.54,50.08,0.905,12.2,8907.0,RUNNING
2024-03-15 04:00:00,GEN_M01,56.75,45.4,401.04,81.07,49.943,0.912,14.8,11699.4,RUNNING
2024-03-15 04:00:00,GEN_M02,62.8,50.2,402.42,89.72,50.016,0.904,14.5,8077.5,RUNNING
2024-03-15 04:00:00,GEN_M03,67.14,53.7,400.2,95.91,50.044,0.908,15.6,9938.9,RUNNING
2024-03-15 04:00:00,GEN_B01,67.1,53.7,399.04,95.86,49.978,0.895,16.7,9323.5,RUNNING
2024-03-15 04:00:00,GEN_B02,58.56,46.8,400.47,83.65,49.915,0.91,15.2,8344.5,RUNNING
2024-03-15 05:00:00,GEN_M01,48.88,39.1,399.1,69.83,50.024,0.909,16.6,11557.3,RUNNING
2024-03-15 05:00:00,GEN_M02,63.12,50.5,401.38,90.17,49.961,0.919,15.4,10948.8,RUNNING
2024-03-15 05:00:00,GEN_M03,52.76,42.2,397.94,75.37,50.037,0.908,19.7,9596.4,RUNNING
2024-03-15 05:00:00,GEN_B01,50.02,40.0,399.37,71.46,50.029,0.9,15.7,11140.1,RUNNING
2024-03-15 05:00:00,GEN_B02,59.79,47.8,402.6,85.42,50.023,0.906,12.9,9934.5,RUNNING
2024-03-15 06:00:00,GEN_M01,93.01,74.4,401.24,132.88,49.95,0.88,19.8,8364.9,RUNNING
2024-03-15 06:00:00,GEN_M02,94.89,75.9,399.11,135.56,50.038,0.92,17.9,13255.1,RUNNING
2024-03-15 06:00:00,GEN_M03,76.36,61.1,399.7,109.09,49.94,0.939,14.4,8673.1,RUNNING
2024-03-15 06:00:00,GEN_B01,89.29,71.4,398.75,127.55,49.988,0.882,10.1,11616.2,RUNNING
2024-03-15 06:00:00,GEN_B02,86.69,69.4,401.11,123.85,49.985,0.917,15.3,11474.2,RUNNING
2024-03-15 07:00:00,GEN_M01,95.3,76.2,399.88,136.14,49.975,0.923,19.6,9174.8,RUNNING
2024-03-15 07:00:00,GEN_M02,86.12,68.9,401.43,123.04,50.033,0.93,19.8,11938.2,RUNNING
2024-03-15 07:00:00,GEN_M03,71.27,57.0,397.83,101.82,49.982,0.929,14.7,9280.5,RUNNING
2024-03-15 07:00:00,GEN_B01,80.79,64.6,398.1,115.42,49.961,0.92,16.4,14847.4,RUNNING
2024-03-15 07:00:00,GEN_B02,72.16,57.7,403.74,103.08,49.925,0.948,14.9,9248.7,RUNNING
2024-03-15 08:00:00,GEN_M01,88.04,70.4,401.81,125.77,50.033,0.924,15.7,14879.9,RUNNING
2024-03-15 08:00:00,GEN_M02,78.19,62.5,399.41,111.69,49.93,0.882,17.9,12607.7,RUNNING
2024-03-15 08:00:00,GEN_M03,77.62,62.1,399.35,110.88,50.041,0.933,14.0,9819.8,RUNNING
2024-03-15 08:00:00,GEN_B01,82.87,66.3,398.66,118.39,49.994,0.901,15.3,14039.0,RUNNING
2024-03-15 08:00:00,GEN_B02,92.42,73.9,400.34,132.03,49.958,0.919,16.1,11244.2,RUNNING
2024-03-15 09:00:00,GEN_M01,71.02,56.8,400.92,101.46,49.952,0.976,14.6,11021.6,RUNNING
2024-03-15 09:00:00,GEN_M02,75.58,60.5,399.68,107.97,49.951,0.883,17.1,8852.5,MAINTENANCE
2024-03-15 09:00:00,GEN_M03,86.99,69.6,400.51,124.27,49.989,0.914,16.9,8141.6,RUNNING
2024-03-15 09:00:00,GEN_B01,89.03,71.2,401.69,127.18,49.995,0.917,15.4,12485.0,RUNNING
2024-03-15 09:00:00,GEN_B02,84.96,68.0,399.44,121.37,49.94,0.934,15.5,12027.7,RUNNING
2024-03-15 10:00:00,GEN_M01,89.68,71.7,401.85,128.12,50.027,0.929,14.1,9671.0,RUNNING
2024-03-15 10:00:00,GEN_M02,78.58,62.9,398.98,112.26,49.986,0.906,15.7,14024.8,RUNNING
2024-03-15 10:00:00,GEN_M03,74.87,59.9,397.85,106.96,50.02,0.897,18.2,9547.0,RUNNING
2024-03-15 10:00:00,GEN_B01,94.47,75.6,398.96,134.95,50.011,0.893,16.3,10747.6,RUNNING
2024-03-15 10:00:00,GEN_B02,73.17,58.5,400.57,104.53,49.975,0.916,13.4,11143.7,RUNNING
2024-03-15 11:00:00,GEN_M01,74.83,59.9,397.25,106.91,50.031,0.895,13.0,8216.0,RUNNING
2024-03-15 11:00:00,GEN_M02,95.82,76.7,401.33,136.89,49.943,0.962,18.4,10328.3,RUNNING
2024-03-15 11:00:00,GEN_M03,57.73,46.2,401.25,82.47,50.038,0.905,13.8,10716.1,RUNNING
2024-03-15 11:00:00,GEN_B01,80.38,64.3,402.49,114.83,49.966,0.949,14.6,10224.3,RUNNING
2024-03-15 11:00:00,GEN_B02,85.31,68.2,401.49,121.87,49.967,0.937,17.6,10915.6,RUNNING
2024-03-15 12:00:00,GEN_M01,92.92,74.3,399.6,132.74,50.07,0.881,15.2,8527.1,RUNNING
2024-03-15 12:00:00,GEN_M02,79.47,63.6,398.63,113.53,49.955,0.871,18.3,9279.5,RUNNING
2024-03-15 12:00:00,GEN_M03,92.36,73.9,399.51,131.94,49.989,0.944,14.9,11095.6,RUNNING
2024-03-15 12:00:00,GEN_B01,97.38,77.9,399.66,139.11,49.995,0.886,13.3,9013.6,RUNNING
2024-03-15 12:00:00,GEN_B02,89.05,71.2,397.43,127.22,50.031,0.893,15.6,9262.6,RUNNING
2024-03-15 13:00:00,GEN_M01,68.94,55.1,399.78,98.48,49.996,0.917,12.1,11645.1,RUNNING
2024-03-15 13:00:00,GEN_M02,87.45,70.0,398.39,124.92,50.039,0.952,12.9,12829.3,RUNNING
2024-03-15 13:00:00,GEN_M03,79.59,63.7,398.72,113.69,49.976,0.91,18.3,12411.2,RUNNING
2024-03-15 13:00:00,GEN_B01,83.86,67.1,399.98,119.8,50.083,0.926,11.5,13716.8,RUNNING
2024-03-15 13:00:00,GEN_B02,97.29,77.8,399.89,138.99,49.979,0.942,18.2,13755.4,RUNNING
2024-03-15 14:00:00,GEN_M01,85.38,68.3,399.87,121.97,49.982,0.928,15.4,8696.2,RUNNING
2024-03-15 14:00:00,GEN_M02,79.48,63.6,400.88,113.54,50.019,0.911,13.9,14607.7,RUNNING
2024-03-15 14:00:00,GEN_M03,95.02,76.0,400.66,135.74,50.023,0.921,13.9,10751.4,RUNNING
2024-03-15 14:00:00,GEN_B01,93.91,75.1,399.27,134.16,49.951,0.911,11.0,11705.9,RUNNING
2024-03-15 14:00:00,GEN_B02,71.77,57.4,400.3,102.53,50.017,0.893,16.0,10233.3,RUNNING
2024-03-15 15:00:00,GEN_M01,93.61,74.9,397.84,133.73,49.915,0.925,18.0,10321.5,RUNNING
2024-03-15 15:00:00,GEN_M02,92.32,73.9,401.81,131.89,50.039,0.957,14.3,9132.6,RUNNING
2024-03-15 15:00:00,GEN_M03,63.52,50.8,402.36,90.74,49.981,0.932,17.1,11946.2,RUNNING
2024-03-15 15:00:00,GEN_B01,88.26,70.6,402.35,126.09,49.985,0.973,11.6,13918.9,RUNNING
2024-03-15 15:00:00,GEN_B02,72.74,58.2,402.67,103.92,50.037,0.89,10.6,13795.5,RUNNING
2024-03-15 16:00:00,GEN_M01,79.91,63.9,399.9,114.15,50.043,0.936,14.4,9829.0,RUNNING
2024-03-15 16:00:00,GEN_M02,81.33,65.1,399.91,116.19,49.963,0.9,13.6,11370.5,RUNNING
2024-03-15 16:00:00,GEN_M03,89.1,71.3,400.67,127.29,49.935,0.917,18.0,11230.7,RUNNING
2024-03-15 16:00:00,GEN_B01,69.7,55.8,401.38,99.57,49.998,0.941,14.6,9736.1,RUNNING
2024-03-15 16:00:00,GEN_B02,70.02,56.0,400.76,100.03,49.869,0.906,15.8,8138.7,RUNNING
2024-03-15 17:00:00,GEN_M01,75.11,60.1,399.65,107.3,50.057,0.962,16.2,11532.8,RUNNING
2024-03-15 17:00:00,GEN_M02,92.11,73.7,400.42,131.59,49.981,0.9,14.2,11550.6,RUNNING
2024-03-15 17:00:00,GEN_M03,71.08,56.9,398.57,101.55,49.986,0.891,16.0,9617.1,RUNNING
2024-03-15 17:00:00,GEN_B01,88.96,71.2,398.52,127.08,49.973,0.95,14.9,12332.4,RUNNING
2024-03-15 17:00:00,GEN_B02,102.21,81.8,398.86,146.02,50.01,0.93,13.4,13293.8,RUNNING
2024-03-15 18:00:00,GEN_M01,93.09,74.5,398.55,132.99,49.978,0.938,17.0,12029.3,RUNNING
2024-03-15 18:00:00,GEN_M02,96.76,77.4,397.91,138.23,50.051,0.962,17.1,13377.0,RUNNING
2024-03-15 18:00:00,GEN_M03,73.74,59.0,399.03,105.34,49.956,0.915,14.6,10439.1,RUNNING
2024-03-15 18:00:00,GEN_B01,84.34,67.5,396.82,120.49,50.047,0.924,16.2,9041.7,RUNNING
2024-03-15 18:00:00,GEN_B02,83.52,66.8,401.41,119.31,50.03,0.926,17.9,14352.8,RUNNING
2024-03-15 19:00:00,GEN_M01,56.18,44.9,398.56,80.25,50.019,0.928,14.4,9295.0,RUNNING
2024-03-15 19:00:00,GEN_M02,36.34,29.1,397.25,51.91,50.016,0.959,15.7,8437.5,RUNNING
2024-03-15 19:00:00,GEN_M03,58.73,47.0,398.43,83.91,49.971,0.919,14.7,11838.5,RUNNING
2024-03-15 19:00:00,GEN_B01,54.06,43.2,402.21,77.23,50.016,0.924,16.9,10567.1,RUNNING
2024-03-15 19:00:00,GEN_B02,43.8,35.0,398.75,62.57,49.975,0.903,15.2,10312.0,RUNNING
2024-03-15 20:00:00,GEN_M01,57.9,46.3,400.1,82.71,50.018,0.929,17.0,13173.0,RUNNING
2024-03-15 20:00:00,GEN_M02,59.44,47.6,397.11,84.91,50.023,0.896,18.7,11600.1,RUNNING
2024-03-15 20:00:00,GEN_M03,58.32,46.7,400.32,83.32,50.082,0.945,15.8,10383.2,RUNNING
2024-03-15 20:00:00,GEN_B01,68.28,54.6,398.33,97.55,49.982,0.919,17.1,14655.5,RUNNING
2024-03-15 20:00:00,GEN_B02,49.32,39.5,399.71,70.46,50.13,0.888,16.8,14388.8,RUNNING
2024-03-15 21:00:00,GEN_M01,57.21,45.8,399.38,81.72,49.971,0.946,16.8,9778.0,RUNNING
2024-03-15 21:00:00,GEN_M02,45.13,36.1,400.48,64.47,50.029,0.917,16.8,8897.4,RUNNING
2024-03-15 21:00:00,GEN_M03,62.69,50.2,402.3,89.56,49.959,0.97,18.8,9785.3,RUNNING
2024-03-15 21:00:00,GEN_B01,59.53,47.6,399.83,85.04,49.99,0.934,16.0,9484.2,RUNNING
2024-03-15 21:00:00,GEN_B02,61.55,49.2,399.74,87.92,50.044,0.944,14.4,14011.1,RUNNING
2024-03-15 22:00:00,GEN_M01,59.56,47.7,402.8,85.09,50.016,0.917,15.8,11084.6,RUNNING
2024-03-15 22:00:00,GEN_M02,62.52,50.0,401.08,89.31,50.012,0.894,16.1,10297.1,RUNNING
2024-03-15 22:00:00,GEN_M03,58.06,46.4,402.11,82.95,50.016,0.926,13.0,11630.3,RUNNING
2024-03-15 22:00:00,GEN_B01,54.95,44.0,399.77,78.5,50.053,0.919,17.1,9118.8,RUNNING
2024-03-15 22:00:00,GEN_B02,61.47,49.2,400.57,87.81,50.043,0.898,15.4,12219.8,RUNNING
2024-03-15 23:00:00,GEN_M01,61.1,48.9,396.85,87.29,49.911,0.902,15.7,14728.6,RUNNING
2024-03-15 23:00:00,GEN_M02,65.87,52.7,399.39,94.1,50.003,0.868,20.0,14255.4,RUNNING
2024-03-15 23:00:00,GEN_M03,61.14,48.9,399.62,87.34,49.952,0.913,15.9,10838.1,RUNNING
2024-03-15 23:00:00,GEN_B01,46.16,36.9,398.09,65.94,49.949,0.897,13.9,11385.8,RUNNING
2024-03-15 23:00:00,GEN_B02,60.58,48.5,398.42,86.54,49.945,0.94,13.4,14289.5,RUNNING
2024-03-16 00:00:00,GEN_M01,54.88,43.9,398.49,78.4,49.933,0.906,14.0,8989.9,RUNNING
2024-03-16 00:00:00,GEN_M02,45.48,36.4,401.86,64.97,49.988,0.916,14.0,10436.0,RUNNING
2024-03-16 00:00:00,GEN_M03,52.6,42.1,400.11,75.14,50.03,0.872,12.4,11897.9,RUNNING
2024-03-16 00:00:00,GEN_B01,62.7,50.2,401.16,89.57,50.084,0.912,13.0,11743.9,MAINTENANCE
2024-03-16 00:00:00,GEN_B02,53.25,42.6,401.54,76.08,49.997,0.926,15.2,10594.5,RUNNING
2024-03-16 01:00:00,GEN_M01,71.5,57.2,402.07,102.14,50.075,0.907,19.0,8569.4,RUNNING
2024-03-16 01:00:00,GEN_M02,57.16,45.7,400.21,81.65,49.914,0.913,19.0,10949.1,RUNNING
2024-03-16 01:00:00,GEN_M03,51.34,41.1,399.44,73.34,50.08,0.939,14.7,8585.6,RUNNING
2024-03-16 01:00:00,GEN_B01,60.51,48.4,400.32,86.44,50.004,0.961,16.0,12208.3,MAINTENANCE
2024-03-16 01:00:00,GEN_B02,46.75,37.4,400.66,66.78,50.07,0.924,10.0,13755.7,RUNNING
2024-03-16 02:00:00,GEN_M01,41.4,33.1,398.4,59.14,49.936,0.9,17.0,8524.2,RUNNING
2024-03-16 02:00:00,GEN_M02,44.19,35.3,403.57,63.12,49.973,0.921,12.9,13073.5,RUNNING
2024-03-16 02:00:00,GEN_M03,67.91,54.3,402.86,97.01,49.965,0.941,16.9,12979.4,RUNNING
2024-03-16 02:00:00,GEN_B01,59.93,47.9,404.24,85.61,49.887,0.903,14.0,9862.2,RUNNING
2024-03-16 02:00:00,GEN_B02,61.36,49.1,400.2,87.65,50.036,0.903,16.1,13624.8,RUNNING
2024-03-16 03:00:00,GEN_M01,62.55,50.0,400.7,89.36,50.032,0.938,14.9,8101.1,RUNNING
2024-03-16 03:00:00,GEN_M02,50.44,40.3,397.15,72.05,50.015,0.928,16.5,12350.2,RUNNING
2024-03-16 03:00:00,GEN_M03,70.31,56.2,398.34,100.44,50.0,0.893,15.8,12830.2,RUNNING
2024-03-16 03:00:00,GEN_B01,59.49,47.6,402.13,84.98,49.946,0.921,14.2,13862.9,RUNNING
2024-03-16 03:00:00,GEN_B02,47.48,38.0,401.91,67.83,50.024,0.902,15.1,9645.7,RUNNING
2024-03-16 04:00:00,GEN_M01,49.99,40.0,403.28,71.42,49.972,0.959,16.1,13609.9,RUNNING
2024-03-16 04:00:00,GEN_M02,56.22,45.0,400.68,80.32,49.878,0.924,12.1,9581.5,RUNNING
2024-03-16 04:00:00,GEN_M03,56.74,45.4,399.77,81.05,49.993,0.908,14.9,14558.9,RUNNING
2024-03-16 04:00:00,GEN_B01,56.82,45.5,399.64,81.17,49.997,0.933,17.2,11419.0,RUNNING
2024-03-16 04:00:00,GEN_B02,43.48,34.8,400.9,62.12,50.076,0.901,13.7,8482.0,RUNNING
2024-03-16 05:00:00,GEN_M01,55.92,44.7,401.75,79.89,50.017,0.912,18.6,12734.1,RUNNING
2024-03-16 05:00:00,GEN_M02,52.97,42.4,400.55,75.67,49.917,0.9,17.5,8484.1,RUNNING
2024-03-16 05:00:00,GEN_M03,46.28,37.0,398.95,66.11,50.031,0.963,17.6,10164.9,RUNNING
2024-03-16 05:00:00,GEN_B01,50.67,40.5,398.46,72.39,49.943,0.904,14.9,10218.0,RUNNING
2024-03-16 05:00:00,GEN_B02,60.24,48.2,401.09,86.06,49.904,0.886,16.5,9164.6,RUNNING
2024-03-16 06:00:00,GEN_M01,89.8,71.8,402.7,128.28,49.976,0.926,14.6,13733.1,RUNNING
2024-03-16 06:00:00,GEN_M02,74.58,59.7,399.8,106.54,50.064,0.926,17.3,9494.2,RUNNING
2024-03-16 06:00:00,GEN_M03,88.54,70.8,398.32,126.48,50.038,0.89,18.0,8476.9,RUNNING
2024-03-16 06:00:00,GEN_B01,75.08,60.1,398.73,107.25,50.073,0.932,16.5,12575.7,RUNNING
2024-03-16 06:00:00,GEN_B02,68.05,54.4,401.32,97.21,50.035,0.918,15.5,11886.7,RUNNING
2024-03-16 07:00:00,GEN_M01,77.81,62.2,403.1,111.15,49.977,0.937,17.1,9988.6,RUNNING
2024-03-16 07:00:00,GEN_M02,88.46,70.8,400.39,126.37,49.989,0.929,13.9,11440.3,RUNNING
2024-03-16 07:00:00,GEN_M03,86.48,69.2,398.37,123.55,49.982,0.908,15.3,13245.3,RUNNING
2024-03-16 07:00:00,GEN_B01,69.98,56.0,399.61,99.97,50.003,0.895,13.9,11062.5,RUNNING
2024-03-16 07:00:00,GEN_B02,93.25,74.6,399.68,133.22,49.986,0.898,13.1,12687.6,RUNNING
2024-03-16 08:00:00,GEN_M01,78.01,62.4,399.98,111.44,50.038,0.934,17.3,11708.0,RUNNING
2024-03-16 08:00:00,GEN_M02,85.92,68.7,398.0,122.74,49.967,0.935,12.5,13019.3,RUNNING
2024-03-16 08:00:00,GEN_M03,86.61,69.3,396.56,123.72,49.941,0.955,15.8,10511.9,MAINTENANCE
2024-03-16 08:00:00,GEN_B01,84.51,67.6,400.1,120.73,50.09,0.925,10.1,9983.7,RUNNING
2024-03-16 08:00:00,GEN_B02,78.54,62.8,398.17,112.2,49.927,0.955,12.2,8088.6,RUNNING
2024-03-16 09:00:00,GEN_M01,88.53,70.8,398.01,126.47,50.01,0.9,18.3,12749.2,RUNNING
2024-03-16 09:00:00,GEN_M02,83.04,66.4,398.12,118.63,50.006,0.927,16.1,9777.0,RUNNING
2024-03-16 09:00:00,GEN_M03,74.5,59.6,403.01,106.43,50.01,0.913,11.2,9679.9,RUNNING
2024-03-16 09:00:00,GEN_B01,82.35,65.9,398.35,117.65,49.975,0.892,17.7,13920.3,RUNNING
2024-03-16 09:00:00,GEN_B02,89.6,71.7,399.61,128.0,50.021,0.928,17.2,13098.5,RUNNING
2024-03-16 10:00:00,GEN_M01,70.35,56.3,398.42,100.49,50.024,0.928,11.8,8754.8,RUNNING
2024-03-16 10:00:00,GEN_M02,75.56,60.4,398.96,107.95,50.082,0.946,15.3,11632.4,RUNNING
2024-03-16 10:00:00,GEN_M03,92.64,74.1,400.24,132.35,49.914,0.925,15.7,12790.7,RUNNING
2024-03-16 10:00:00,GEN_B01,68.34,54.7,400.72,97.63,50.053,0.902,13.7,9145.1,RUNNING
2024-03-16 10:00:00,GEN_B02,69.58,55.7,401.07,99.4,49.925,0.961,16.1,13983.0,RUNNING
2024-03-16 11:00:00,GEN_M01,76.28,61.0,399.2,108.97,49.986,0.95,15.9,10757.4,RUNNING
2024-03-16 11:00:00,GEN_M02,75.61,60.5,399.35,108.02,50.021,0.943,21.4,14309.1,RUNNING
2024-03-16 11:00:00,GEN_M03,89.78,71.8,400.5,128.26,50.087,0.921,9.9,8120.2,RUNNING
2024-03-16 11:00:00,GEN_B01,70.84,56.7,399.7,101.2,50.034,0.978,13.5,14078.0,RUNNING
2024-03-16 11:00:00,GEN_B02,78.35,62.7,397.68,111.93,49.916,0.91,16.6,10867.5,RUNNING
2024-03-16 12:00:00,GEN_M01,81.78,65.4,399.96,116.83,49.985,0.893,15.0,10535.8,RUNNING
2024-03-16 12:00:00,GEN_M02,66.33,53.1,401.78,94.76,49.987,0.938,15.0,12863.1,RUNNING
2024-03-16 12:00:00,GEN_M03,83.52,66.8,399.75,119.31,50.038,0.925,15.5,13392.8,RUNNING
2024-03-16 12:00:00,GEN_B01,49.28,39.4,399.24,70.39,49.981,0.952,13.6,13002.2,RUNNING
2024-03-16 12:00:00,GEN_B02,69.59,55.7,401.28,99.42,50.033,0.892,14.1,12582.5,RUNNING
2024-03-16 13:00:00,GEN_M01,95.24,76.2,399.37,136.06,50.008,0.909,21.0,13574.7,RUNNING
2024-03-16 13:00:00,GEN_M02,79.3,63.4,401.66,113.29,49.937,0.922,14.9,8762.5,RUNNING
2024-03-16 13:00:00,GEN_M03,73.97,59.2,396.69,105.68,49.977,0.925,12.7,9877.7,RUNNING
2024-03-16 13:00:00,GEN_B01,82.77,66.2,400.54,118.25,50.013,0.877,16.6,14998.0,RUNNING
2024-03-16 13:00:00,GEN_B02,80.05,64.0,400.82,114.36,50.069,0.915,15.3,8313.7,RUNNING
2024-03-16 14:00:00,GEN_M01,77.8,62.2,400.03,111.14,50.022,0.931,15.8,14887.7,RUNNING
2024-03-16 14:00:00,GEN_M02,79.49,63.6,399.67,113.56,49.927,0.897,16.5,11760.3,RUNNING
2024-03-16 14:00:00,GEN_M03,94.1,75.3,399.68,134.43,50.049,0.938,17.6,13074.5,RUNNING
2024-03-16 14:00:00,GEN_B01,66.71,53.4,398.94,95.3,50.041,0.903,14.5,11714.9,RUNNING
2024-03-16 14:00:00,GEN_B02,79.12,63.3,400.28,113.02,49.979,0.96,18.0,12743.0,RUNNING
2024-03-16 15:00:00,GEN_M01,85.15,68.1,400.0,121.65,50.01,0.914,18.9,12532.5,RUNNING
2024-03-16 15:00:00,GEN_M02,84.77,67.8,398.81,121.1,49.983,0.923,13.6,14388.1,RUNNING
2024-03-16 15:00:00,GEN_M03,92.37,73.9,400.88,131.96,50.06,0.918,14.6,8828.5,RUNNING
2024-03-16 15:00:00,GEN_B01,87.11,69.7,397.56,124.45,50.029,0.887,9.9,12430.5,RUNNING
2024-03-16 15:00:00,GEN_B02,76.36,61.1,400.11,109.09,49.996,0.92,20.3,13891.9,RUNNING
2024-03-16 16:00:00,GEN_M01,72.0,57.6,398.11,102.86,50.059,0.935,15.1,13027.6,RUNNING
2024-03-16 16:00:00,GEN_M02,69.65,55.7,398.43,99.49,50.003,0.931,16.1,12982.2,RUNNING
2024-03-16 16:00:00,GEN_M03,83.75,67.0,398.4,119.64,50.063,0.952,13.0,13515.5,RUNNING
2024-03-16 16:00:00,GEN_B01,80.9,64.7,400.14,115.57,49.985,0.89,16.3,12943.9,RUNNING
2024-03-16 16:00:00,GEN_B02,82.95,66.4,399.35,118.5,50.025,0.943,14.9,11966.2,RUNNING
2024-03-16 17:00:00,GEN_M01,86.58,69.3,399.73,123.68,49.973,0.911,17.2,10496.2,RUNNING
2024-03-16 17:00:00,GEN_M02,86.39,69.1,400.4,123.41,49.942,0.886,16.1,12862.1,RUNNING
2024-03-16 17:00:00,GEN_M03,103.69,83.0,400.17,148.13,50.012,0.942,17.3,9093.5,RUNNING
2024-03-16 17:00:00,GEN_B01,93.18,74.5,401.64,133.11,50.057,0.927,16.5,8536.5,RUNNING
2024-03-16 17:00:00,GEN_B02,75.21,60.2,398.88,107.45,49.981,0.928,16.5,13763.1,RUNNING
2024-03-16 18:00:00,GEN_M01,74.65,59.7,401.97,106.64,50.002,0.922,11.3,11014.0,RUNNING
2024-03-16 18:00:00,GEN_M02,73.37,58.7,399.7,104.81,49.983,0.886,16.7,11449.6,RUNNING
2024-03-16 18:00:00,GEN_M03,104.67,83.7,402.33,149.53,49.964,0.89,16.2,13718.5,RUNNING
2024-03-16 18:00:00,GEN_B01,79.39,63.5,403.44,113.41,50.02,0.914,16.3,8680.3,RUNNING
2024-03-16 18:00:00,GEN_B02,84.18,67.3,402.11,120.26,49.985,0.919,17.7,10011.8,RUNNING
2024-03-16 19:00:00,GEN_M01,51.44,41.2,393.76,73.48,49.941,0.908,14.1,9494.2,RUNNING
2024-03-16 19:00:00,GEN_M02,47.78,38.2,398.83,68.25,49.91,0.899,18.0,14821.5,RUNNING
2024-03-16 19:00:00,GEN_M03,48.53,38.8,400.45,69.33,50.07,0.94,12.8,13277.1,RUNNING
2024-03-16 19:00:00,GEN_B01,53.87,43.1,400.64,76.96,49.96,0.917,18.4,13892.0,RUNNING
2024-03-16 19:00:00,GEN_B02,51.18,40.9,398.81,73.12,50.052,0.946,15.2,13032.6,RUNNING
2024-03-16 20:00:00,GEN_M01,63.47,50.8,401.83,90.67,49.938,0.91,14.4,13258.0,RUNNING
2024-03-16 20:00:00,GEN_M02,48.04,38.4,401.28,68.63,49.999,0.898,13.6,9350.7,RUNNING
2024-03-16 20:00:00,GEN_M03,58.13,46.5,400.31,83.04,50.014,0.951,20.1,10848.8,RUNNING
2024-03-16 20:00:00,GEN_B01,52.18,41.7,399.51,74.54,49.995,0.917,14.8,9024.2,RUNNING
2024-03-16 20:00:00,GEN_B02,57.0,45.6,401.17,81.43,50.057,0.924,12.3,12945.9,RUNNING
2024-03-16 21:00:00,GEN_M01,61.86,49.5,397.59,88.37,50.061,0.934,15.9,11984.8,RUNNING
2024-03-16 21:00:00,GEN_M02,66.31,53.1,401.07,94.73,49.946,0.914,16.5,11786.3,RUNNING
2024-03-16 21:00:00,GEN_M03,78.63,62.9,401.28,112.33,50.01,0.944,15.4,14512.1,RUNNING
2024-03-16 21:00:00,GEN_B01,58.99,47.2,399.35,84.28,50.064,0.932,14.9,10657.7,RUNNING
2024-03-16 21:00:00,GEN_B02,63.72,51.0,399.49,91.03,50.052,0.922,15.0,8910.7,RUNNING
2024-03-16 22:00:00,GEN_M01,62.43,49.9,400.84,89.19,50.008,0.941,17.2,12337.1,RUNNING
2024-03-16 22:00:00,GEN_M02,55.88,44.7,399.8,79.83,50.016,0.906,13.0,10635.3,RUNNING
2024-03-16 22:00:00,GEN_M03,62.28,49.8,397.02,88.97,50.005,0.911,16.9,14557.1,RUNNING
2024-03-16 22:00:00,GEN_B01,66.88,53.5,401.2,95.54,50.05,0.912,13.8,8162.0,RUNNING
2024-03-16 22:00:00,GEN_B02,65.98,52.8,402.0,94.26,50.13,0.939,14.7,12854.2,RUNNING
2024-03-16 23:00:00,GEN_M01,60.84,48.7,399.31,86.92,50.075,0.922,17.3,14970.0,RUNNING
2024-03-16 23:00:00,GEN_M02,61.33,49.1,398.59,87.61,49.956,0.912,14.7,8760.8,RUNNING
2024-03-16 23:00:00,GEN_M03,60.1,48.1,401.9,85.86,49.994,0.881,13.6,8148.4,RUNNING
2024-03-16 23:00:00,GEN_B01,57.78,46.2,401.93,82.55,49.992,0.916,14.4,13538.0,RUNNING
2024-03-16 23:00:00,GEN_B02,53.88,43.1,400.04,76.97,49.987,0.937,14.7,8277.8,RUNNING
2024-03-17 00:00:00,GEN_M01,46.58,37.3,399.71,66.55,50.07,0.944,14.8,11657.0,RUNNING
2024-03-17 00:00:00,GEN_M02,59.19,47.4,399.78,84.56,50.006,0.924,19.2,9789.4,RUNNING
2024-03-17 00:00:00,GEN_M03,50.17,40.1,400.66,71.68,50.008,0.93,14.9,11523.4,RUNNING
2024-03-17 00:00:00,GEN_B01,72.45,58.0,400.99,103.5,50.054,0.941,17.3,14662.1,RUNNING
2024-03-17 00:00:00,GEN_B02,52.29,41.8,402.3,74.7,50.048,0.934,19.4,14369.9,RUNNING
2024-03-17 01:00:00,GEN_M01,59.24,47.4,400.57,84.63,50.001,0.917,16.0,11651.2,RUNNING
2024-03-17 01:00:00,GEN_M02,54.11,43.3,398.38,77.31,50.053,0.923,16.0,9525.2,RUNNING
2024-03-17 01:00:00,GEN_M03,54.74,43.8,400.49,78.2,50.097,0.917,19.4,13698.3,RUNNING
2024-03-17 01:00:00,GEN_B01,60.93,48.7,397.54,87.04,50.12,0.908,14.8,13285.8,RUNNING
2024-03-17 01:00:00,GEN_B02,76.28,61.0,401.15,108.97,49.975,0.915,16.9,13956.7,RUNNING
2024-03-17 02:00:00,GEN_M01,55.61,44.5,398.78,79.45,49.964,0.931,14.6,13484.0,RUNNING
2024-03-17 02:00:00,GEN_M02,50.99,40.8,400.21,72.84,49.891,0.92,13.3,9412.7,RUNNING
2024-03-17 02:00:00,GEN_M03,56.84,45.5,400.51,81.2,49.936,0.916,16.6,8964.2,RUNNING
2024-03-17 02:00:00,GEN_B01,61.15,48.9,401.37,87.35,49.951,0.881,16.3,11772.0,RUNNING
2024-03-17 02:00:00,GEN_B02,52.82,42.3,400.22,75.46,50.052,0.89,14.5,12164.9,RUNNING
2024-03-17 03:00:00,GEN_M01,53.24,42.6,400.61,76.06,50.016,0.911,16.9,13762.7,RUNNING
2024-03-17 03:00:00,GEN_M02,52.2,41.8,400.23,74.58,50.11,0.917,16.0,10996.7,RUNNING
2024-03-17 03:00:00,GEN_M03,65.01,52.0,399.92,92.88,50.045,0.896,13.0,8905.0,MAINTENANCE
2024-03-17 03:00:00,GEN_B01,62.52,50.0,400.14,89.31,50.046,0.923,18.1,10710.1,RUNNING
2024-03-17 03:00:00,GEN_B02,60.54,48.4,401.88,86.48,50.072,0.892,13.9,11189.1,RUNNING
2024-03-17 04:00:00,GEN_M01,60.94,48.8,398.9,87.06,49.966,0.907,15.9,11922.0,RUNNING
2024-03-17 04:00:00,GEN_M02,54.72,43.8,399.52,78.17,50.012,0.899,18.3,8659.7,RUNNING
2024-03-17 04:00:00,GEN_M03,59.91,47.9,398.74,85.59,50.02,0.919,14.0,9368.8,MAINTENANCE
2024-03-17 04:00:00,GEN_B01,51.0,40.8,398.95,72.85,50.041,0.928,13.8,9663.5,RUNNING
2024-03-17 04:00:00,GEN_B02,47.65,38.1,400.18,68.06,49.956,0.964,14.7,14766.9,RUNNING
2024-03-17 05:00:00,GEN_M01,60.93,48.7,398.2,87.04,50.066,0.953,12.7,11701.6,RUNNING
2024-03-17 05:00:00,GEN_M02,66.61,53.3,402.28,95.16,50.038,0.929,14.8,8246.1,RUNNING
2024-03-17 05:00:00,GEN_M03,54.42,43.5,400.38,77.74,49.978,0.881,16.0,8244.2,RUNNING
2024-03-17 05:00:00,GEN_B01,54.79,43.8,398.32,78.27,49.966,0.937,13.4,13080.6,RUNNING
2024-03-17 05:00:00,GEN_B02,47.92,38.3,398.31,68.45,50.04,0.917,13.9,8185.6,RUNNING
2024-03-17 06:00:00,GEN_M01,85.48,68.4,399.82,122.12,49.925,0.926,16.8,13798.4,RUNNING
2024-03-17 06:00:00,GEN_M02,77.85,62.3,398.66,111.21,49.984,0.89,17.2,13238.1,RUNNING
2024-03-17 06:00:00,GEN_M03,76.37,61.1,398.79,109.1,49.964,0.934,15.1,11394.0,RUNNING
2024-03-17 06:00:00,GEN_B01,76.21,61.0,399.41,108.87,50.054,0.958,17.0,11408.2,RUNNING
2024-03-17 06:00:00,GEN_B02,80.32,64.3,400.61,114.75,50.056,0.881,14.0,11251.6,RUNNING
2024-03-17 07:00:00,GEN_M01,60.75,48.6,398.4,86.79,50.002,0.947,15.6,8096.2,RUNNING
2024-03-17 07:00:00,GEN_M02,86.21,69.0,397.35,123.16,50.037,0.92,15.8,9397.9,RUNNING
2024-03-17 07:00:00,GEN_M03,75.17,60.1,401.83,107.39,50.008,0.912,16.6,13228.5,RUNNING
2024-03-17 07:00:00,GEN_B01,76.93,61.5,397.88,109.9,49.994,0.925,20.2,13514.6,RUNNING
2024-03-17 07:00:00,GEN_B02,82.79,66.2,401.11,118.26,49.967,0.912,16.8,9273.2,RUNNING
2024-03-17 08:00:00,GEN_M01,87.91,70.3,401.6,125.58,49.979,0.956,15.2,9180.6,RUNNING
2024-03-17 08:00:00,GEN_M02,85.36,68.3,399.18,121.94,49.923,0.916,16.0,11362.7,RUNNING
2024-03-17 08:00:00,GEN_M03,78.31,62.6,403.36,111.87,50.03,0.888,14.8,8470.3,RUNNING
2024-03-17 08:00:00,GEN_B01,75.82,60.7,398.92,108.31,50.003,0.909,14.6,12434.5,RUNNING
2024-03-17 08:00:00,GEN_B02,65.84,52.7,401.86,94.06,50.042,0.927,11.1,8316.6,RUNNING
2024-03-17 09:00:00,GEN_M01,84.3,67.4,404.52,120.42,50.01,0.972,15.1,11750.1,RUNNING
2024-03-17 09:00:00,GEN_M02,79.15,63.3,399.4,113.07,50.023,0.933,15.5,11344.3,RUNNING
2024-03-17 09:00:00,GEN_M03,69.01,55.2,399.88,98.58,49.943,0.919,10.1,14785.1,RUNNING
2024-03-17 09:00:00,GEN_B01,91.31,73.0,399.45,130.44,50.034,0.907,13.4,9521.0,RUNNING
2024-03-17 09:00:00,GEN_B02,62.48,50.0,400.18,89.25,50.0,0.94,14.2,12077.1,RUNNING
2024-03-17 10:00:00,GEN_M01,67.11,53.7,398.7,95.87,50.003,0.92,14.7,13702.1,RUNNING
2024-03-17 10:00:00,GEN_M02,82.91,66.3,402.08,118.45,49.912,0.876,15.8,8016.4,RUNNING
2024-03-17 10:00:00,GEN_M03,82.52,66.0,399.2,117.89,49.999,0.942,16.1,13234.6,RUNNING
2024-03-17 10:00:00,GEN_B01,87.95,70.4,398.16,125.65,49.96,0.938,17.0,10843.7,RUNNING
2024-03-17 10:00:00,GEN_B02,69.12,55.3,398.37,98.74,50.04,0.913,17.3,14103.5,RUNNING
2024-03-17 11:00:00,GEN_M01,99.04,79.2,399.32,141.48,49.999,0.92,16.4,8336.3,RUNNING
2024-03-17 11:00:00,GEN_M02,76.63,61.3,403.77,109.47,50.006,0.934,17.2,11611.1,RUNNING
2024-03-17 11:00:00,GEN_M03,86.54,69.2,398.13,123.63,49.911,0.929,16.3,11123.4,RUNNING
2024-03-17 11:00:00,GEN_B01,77.93,62.3,401.34,111.33,49.939,0.906,20.1,9669.7,RUNNING
2024-03-17 11:00:00,GEN_B02,103.04,82.4,399.6,147.2,50.022,0.926,16.8,13898.2,RUNNING
2024-03-17 12:00:00,GEN_M01,68.5,54.8,399.13,97.85,50.082,0.917,15.7,8063.0,RUNNING
2024-03-17 12:00:00,GEN_M02,100.48,80.4,400.16,143.54,50.054,0.901,14.6,8413.2,RUNNING
2024-03-17 12:00:00,GEN_M03,96.34,77.1,400.62,137.63,50.027,0.918,15.5,10231.1,RUNNING
2024-03-17 12:00:00,GEN_B01,73.15,58.5,399.79,104.5,50.077,0.95,12.8,10215.0,RUNNING
2024-03-17 12:00:00,GEN_B02,84.26,67.4,399.9,120.37,50.048,0.933,13.7,8021.4,RUNNING
2024-03-17 13:00:00,GEN_M01,94.08,75.3,398.47,134.4,50.075,0.95,12.6,8623.2,RUNNING
2024-03-17 13:00:00,GEN_M02,92.98,74.4,400.91,132.83,49.954,0.943,16.5,10594.4,RUNNING
2024-03-17 13:00:00,GEN_M03,79.25,63.4,402.22,113.22,49.965,0.928,14.3,11874.6,RUNNING
2024-03-17 13:00:00,GEN_B01,73.33,58.7,400.59,104.76,50.032,0.927,16.2,12474.0,RUNNING
2024-03-17 13:00:00,GEN_B02,100.4,80.3,400.41,143.42,50.045,0.924,16.7,13475.1,RUNNING
2024-03-17 14:00:00,GEN_M01,83.73,67.0,403.41,119.61,50.016,0.945,19.7,12576.1,RUNNING
2024-03-17 14:00:00,GEN_M02,93.26,74.6,400.86,133.23,49.964,0.919,16.8,12477.0,RUNNING
2024-03-17 14:00:00,GEN_M03,85.56,68.4,398.84,122.23,50.048,0.929,16.8,9879.2,RUNNING
2024-03-17 14:00:00,GEN_B01,103.58,82.9,400.33,147.97,49.949,0.905,12.7,10186.8,RUNNING
2024-03-17 14:00:00,GEN_B02,95.81,76.6,399.36,136.87,49.928,0.886,13.5,9052.3,RUNNING
2024-03-17 15:00:00,GEN_M01,78.46,62.8,397.19,112.08,50.007,0.939,12.4,10718.4,RUNNING
2024-03-17 15:00:00,GEN_M02,92.07,73.7,399.85,131.53,50.019,0.911,15.0,9429.0,RUNNING
2024-03-17 15:00:00,GEN_M03,73.47,58.8,398.96,104.96,50.036,0.943,12.2,14968.6,RUNNING
2024-03-17 15:00:00,GEN_B01,76.5,61.2,402.07,109.29,50.002,0.933,17.1,10512.0,RUNNING
2024-03-17 15:00:00,GEN_B02,99.92,79.9,398.59,142.74,50.008,0.907,18.7,9324.0,RUNNING
2024-03-17 16:00:00,GEN_M01,94.89,75.9,399.9,135.55,49.948,0.891,13.1,14603.9,RUNNING
2024-03-17 16:00:00,GEN_M02,62.27,49.8,400.35,88.96,49.978,0.94,15.5,8593.4,RUNNING
2024-03-17 16:00:00,GEN_M03,88.53,70.8,400.31,126.47,49.977,0.959,15.7,9508.8,RUNNING
2024-03-17 16:00:00,GEN_B01,89.33,71.5,399.74,127.62,49.981,0.914,15.2,9852.8,RUNNING
2024-03-17 16:00:00,GEN_B02,78.76,63.0,399.99,112.51,50.009,0.921,15.2,14204.5,RUNNING
2024-03-17 17:00:00,GEN_M01,85.3,68.2,403.37,121.86,50.035,0.905,16.8,8383.6,RUNNING
2024-03-17 17:00:00,GEN_M02,81.33,65.1,399.51,116.19,49.972,0.93,17.6,12616.0,RUNNING
2024-03-17 17:00:00,GEN_M03,73.1,58.5,399.28,104.42,50.043,0.883,11.9,14290.8,RUNNING
2024-03-17 17:00:00,GEN_B01,63.64,50.9,395.9,90.92,50.095,0.922,12.6,12093.1,RUNNING
2024-03-17 17:00:00,GEN_B02,74.55,59.6,399.81,106.49,50.061,0.928,16.8,14676.9,RUNNING
2024-03-17 18:00:00,GEN_M01,76.23,61.0,399.11,108.9,49.949,0.942,14.2,10526.0,RUNNING
2024-03-17 18:00:00,GEN_M02,76.07,60.9,399.32,108.67,49.955,0.908,14.3,13555.6,RUNNING
2024-03-17 18:00:00,GEN_M03,84.24,67.4,399.1,120.34,49.971,0.954,13.1,10423.4,RUNNING
2024-03-17 18:00:00,GEN_B01,91.11,72.9,400.86,130.15,49.977,0.926,12.9,9268.5,RUNNING
2024-03-17 18:00:00,GEN_B02,91.29,73.0,400.16,130.42,50.034,0.954,12.5,12636.9,RUNNING
2024-03-17 19:00:00,GEN_M01,57.26,45.8,400.49,81.8,50.103,0.936,20.1,11536.4,RUNNING
2024-03-17 19:00:00,GEN_M02,49.38,39.5,400.25,70.54,49.934,0.938,18.5,9126.0,RUNNING
2024-03-17 19:00:00,GEN_M03,66.16,52.9,397.28,94.52,50.035,0.954,15.9,12769.9,RUNNING
2024-03-17 19:00:00,GEN_B01,63.71,51.0,400.95,91.02,50.08,0.923,15.3,10790.8,RUNNING
2024-03-17 19:00:00,GEN_B02,59.19,47.4,399.73,84.56,49.975,0.943,16.9,9301.3,RUNNING
2024-03-17 20:00:00,GEN_M01,69.4,55.5,401.52,99.14,49.94,0.928,19.7,12287.0,RUNNING
2024-03-17 20:00:00,GEN_M02,60.66,48.5,401.68,86.66,49.985,0.93,15.9,12580.1,RUNNING
2024-03-17 20:00:00,GEN_M03,59.94,47.9,398.23,85.62,49.898,0.908,15.2,12941.1,RUNNING
2024-03-17 20:00:00,GEN_B01,62.18,49.7,400.71,88.83,49.992,0.94,18.2,13014.5,RUNNING
2024-03-17 20:00:00,GEN_B02,64.93,51.9,400.13,92.75,49.959,0.926,15.0,8798.5,RUNNING
2024-03-17 21:00:00,GEN_M01,40.75,32.6,398.81,58.21,49.904,0.907,15.3,14638.2,RUNNING
2024-03-17 21:00:00,GEN_M02,52.68,42.1,399.04,75.26,49.958,0.896,17.6,14434.0,RUNNING
2024-03-17 21:00:00,GEN_M03,64.82,51.9,400.41,92.6,49.923,0.885,15.0,12792.0,RUNNING
2024-03-17 21:00:00,GEN_B01,48.06,38.5,400.02,68.66,49.969,0.93,14.2,11878.0,RUNNING
2024-03-17 21:00:00,GEN_B02,50.02,40.0,401.19,71.45,49.953,0.889,13.6,9276.8,RUNNING
2024-03-17 22:00:00,GEN_M01,53.3,42.6,401.88,76.14,49.923,0.934,13.9,8635.9,RUNNING
2024-03-17 22:00:00,GEN_M02,58.39,46.7,400.34,83.41,50.02,0.915,15.8,12765.7,RUNNING
2024-03-17 22:00:00,GEN_M03,56.22,45.0,398.5,80.32,50.046,0.948,14.2,13463.4,RUNNING
2024-03-17 22:00:00,GEN_B01,60.57,48.5,403.2,86.52,49.947,0.915,14.7,11747.5,RUNNING
2024-03-17 22:00:00,GEN_B02,69.23,55.4,400.63,98.9,49.855,0.929,15.0,8893.2,RUNNING
2024-03-17 23:00:00,GEN_M01,63.74,51.0,399.17,91.06,49.94,0.952,13.0,13371.1,RUNNING
2024-03-17 23:00:00,GEN_M02,54.08,43.3,398.95,77.26,49.977,0.91,13.9,12292.8,RUNNING
2024-03-17 23:00:00,GEN_M03,65.41,52.3,400.44,93.45,49.984,0.948,12.1,11946.9,RUNNING
2024-03-17 23:00:00,GEN_B01,40.52,32.4,399.02,57.88,50.02,0.897,15.2,11164.6,RUNNING
2024-03-17 23:00:00,GEN_B02,58.22,46.6,399.18,83.17,50.019,0.887,13.7,12799.9,RUNNING
2024-03-18 00:00:00,GEN_M01,51.44,41.2,401.03,73.49,49.99,0.901,14.2,9941.4,RUNNING
2024-03-18 00:00:00,GEN_M02,48.16,38.5,399.99,68.8,49.954,0.899,18.6,12190.2,RUNNING
2024-03-18 00:00:00,GEN_M03,43.85,35.1,400.86,62.64,49.971,0.9,15.0,10906.2,RUNNING
2024-03-18 00:00:00,GEN_B01,62.53,50.0,399.09,89.33,49.94,0.909,15.6,8802.2,RUNNING
2024-03-18 00:00:00,GEN_B02,59.66,47.7,399.09,85.23,49.964,0.925,14.9,8758.7,RUNNING
2024-03-18 01:00:00,GEN_M01,64.7,51.8,398.67,92.43,50.086,0.917,17.6,12932.6,RUNNING
2024-03-18 01:00:00,GEN_M02,53.91,43.1,400.14,77.02,49.931,0.919,16.3,13842.7,RUNNING
2024-03-18 01:00:00,GEN_M03,60.01,48.0,399.64,85.73,50.011,0.91,16.0,13815.3,RUNNING
2024-03-18 01:00:00,GEN_B01,46.96,37.6,403.35,67.08,50.027,0.879,16.9,10994.0,RUNNING
2024-03-18 01:00:00,GEN_B02,53.05,42.4,398.92,75.78,50.094,0.862,16.8,14282.3,RUNNING
2024-03-18 02:00:00,GEN_M01,47.1,37.7,401.13,67.29,50.096,0.961,13.2,11387.4,RUNNING
2024-03-18 02:00:00,GEN_M02,53.65,42.9,399.68,76.64,49.943,0.952,17.2,11190.0,RUNNING
2024-03-18 02:00:00,GEN_M03,63.27,50.6,403.27,90.39,49.925,0.916,15.1,11364.6,RUNNING
2024-03-18 02:00:00,GEN_B01,45.4,36.3,398.48,64.85,50.042,0.946,14.5,10189.5,RUNNING
2024-03-18 02:00:00,GEN_B02,58.8,47.0,398.74,83.99,50.017,0.91,16.0,12695.0,RUNNING
2024-03-18 03:00:00,GEN_M01,50.1,40.1,399.79,71.57,50.049,0.951,18.0,9732.8,RUNNING
2024-03-18 03:00:00,GEN_M02,59.77,47.8,400.82,85.39,50.008,0.894,13.7,12686.7,RUNNING
2024-03-18 03:00:00,GEN_M03,46.54,37.2,399.96,66.48,50.068,0.929,14.7,9426.3,RUNNING
2024-03-18 03:00:00,GEN_B01,58.54,46.8,401.88,83.63,50.012,0.923,13.4,13527.6,RUNNING
2024-03-18 03:00:00,GEN_B02,49.09,39.3,401.39,70.13,49.98,0.919,15.1,8109.5,RUNNING
2024-03-18 04:00:00,GEN_M01,71.9,57.5,400.81,102.71,49.981,0.926,14.6,9944.6,RUNNING
2024-03-18 04:00:00,GEN_M02,61.47,49.2,400.24,87.82,50.059,0.925,16.5,11957.8,RUNNING
2024-03-18 04:00:00,GEN_M03,70.34,56.3,399.04,100.49,50.074,0.939,18.8,10892.7,RUNNING
2024-03-18 04:00:00,GEN_B01,62.78,50.2,399.37,89.68,50.115,0.905,16.0,14938.1,RUNNING
2024-03-18 04:00:00,GEN_B02,46.66,37.3,399.92,66.66,49.997,0.938,13.8,13669.3,RUNNING
2024-03-18 05:00:00,GEN_M01,56.48,45.2,400.31,80.69,50.043,0.922,17.7,14355.2,RUNNING
2024-03-18 05:00:00,GEN_M02,57.96,46.4,402.31,82.81,49.994,0.933,17.4,13676.3,RUNNING
2024-03-18 05:00:00,GEN_M03,64.26,51.4,400.77,91.8,50.007,0.925,16.2,14145.0,MAINTENANCE
2024-03-18 05:00:00,GEN_B01,60.16,48.1,397.45,85.95,49.996,0.917,14.2,14299.2,RUNNING
2024-03-18 05:00:00,GEN_B02,68.4,54.7,399.11,97.72,49.958,0.895,14.6,12665.2,RUNNING
2024-03-18 06:00:00,GEN_M01,96.02,76.8,400.36,137.18,49.901,0.958,16.5,11625.7,RUNNING
2024-03-18 06:00:00,GEN_M02,81.64,65.3,398.73,116.63,50.013,0.908,13.8,11200.5,RUNNING
2024-03-18 06:00:00,GEN_M03,85.25,68.2,400.38,121.78,50.011,0.923,16.5,9853.2,RUNNING
2024-03-18 06:00:00,GEN_B01,96.19,76.9,398.81,137.41,50.021,0.898,13.2,9697.4,RUNNING
2024-03-18 06:00:00,GEN_B02,90.57,72.5,401.32,129.38,49.976,0.885,16.7,14465.7,RUNNING
2024-03-18 07:00:00,GEN_M01,72.9,58.3,397.96,104.14,50.057,0.915,12.7,13945.7,RUNNING
2024-03-18 07:00:00,GEN_M02,71.05,56.8,397.82,101.51,50.013,0.941,16.6,9290.9,RUNNING
2024-03-18 07:00:00,GEN_M03,69.86,55.9,400.34,99.8,49.977,0.896,17.0,14414.6,RUNNING
2024-03-18 07:00:00,GEN_B01,78.08,62.5,401.14,111.54,50.059,0.939,13.4,8415.4,RUNNING
2024-03-18 07:00:00,GEN_B02,97.14,77.7,397.88,138.77,50.021,0.912,14.1,14738.0,RUNNING
2024-03-18 08:00:00,GEN_M01,91.13,72.9,398.55,130.18,50.003,0.923,13.3,10108.8,RUNNING
2024-03-18 08:00:00,GEN_M02,88.0,70.4,400.05,125.71,50.144,0.917,22.3,10753.5,RUNNING
2024-03-18 08:00:00,GEN_M03,92.26,73.8,400.46,131.79,49.997,0.923,16.6,12705.5,RUNNING
2024-03-18 08:00:00,GEN_B01,79.76,63.8,397.78,113.94,49.939,0.913,13.5,10667.9,RUNNING
2024-03-18 08:00:00,GEN_B02,87.55,70.0,402.39,125.07,50.025,0.92,15.4,14110.6,RUNNING
2024-03-18 09:00:00,GEN_M01,66.14,52.9,398.27,94.49,50.055,0.901,14.0,14777.3,RUNNING
2024-03-18 09:00:00,GEN_M02,82.91,66.3,400.67,118.44,49.952,0.918,15.4,9784.8,RUNNING
2024-03-18 09:00:00,GEN_M03,71.58,57.3,400.76,102.25,50.045,0.95,15.5,9039.3,RUNNING
2024-03-18 09:00:00,GEN_B01,93.98,75.2,401.86,134.25,50.098,0.903,16.5,13121.5,RUNNING
2024-03-18 09:00:00,GEN_B02,89.34,71.5,401.38,127.63,49.972,0.931,13.0,10544.3,RUNNING
2024-03-18 10:00:00,GEN_M01,66.57,53.3,399.42,95.09,49.936,0.88,14.9,14332.0,MAINTENANCE
2024-03-18 10:00:00,GEN_M02,93.42,74.7,399.1,133.45,49.985,0.936,18.4,12715.1,RUNNING
2024-03-18 10:00:00,GEN_M03,87.47,70.0,401.19,124.95,49.965,0.919,13.3,8378.9,RUNNING
2024-03-18 10:00:00,GEN_B01,92.38,73.9,399.89,131.96,49.939,0.9,13.6,13084.5,RUNNING
2024-03-18 10:00:00,GEN_B02,81.58,65.3,401.43,116.55,50.049,0.898,20.7,10855.1,RUNNING
2024-03-18 11:00:00,GEN_M01,79.72,63.8,399.94,113.88,50.041,0.915,14.5,10016.1,RUNNING
2024-03-18 11:00:00,GEN_M02,85.73,68.6,400.38,122.48,50.043,0.891,14.5,12949.6,RUNNING
2024-03-18 11:00:00,GEN_M03,95.94,76.8,401.98,137.06,50.003,0.925,15.5,8454.1,RUNNING
2024-03-18 11:00:00,GEN_B01,78.68,62.9,400.82,112.4,50.012,0.93,15.8,9922.1,RUNNING
2024-03-18 11:00:00,GEN_B02,66.07,52.9,402.77,94.38,50.071,0.92,12.1,10743.3,RUNNING
2024-03-18 12:00:00,GEN_M01,76.56,61.2,399.04,109.37,49.987,0.906,14.2,8803.6,RUNNING
2024-03-18 12:00:00,GEN_M02,52.76,42.2,399.64,75.38,50.032,0.92,16.0,10390.0,RUNNING
2024-03-18 12:00:00,GEN_M03,68.84,55.1,398.95,98.34,50.046,0.924,13.7,11379.2,RUNNING
2024-03-18 12:00:00,GEN_B01,62.64,50.1,400.12,89.49,49.958,0.917,13.4,12122.4,RUNNING
2024-03-18 12:00:00,GEN_B02,95.66,76.5,398.38,136.65,50.126,0.944,17.2,12530.9,RUNNING
2024-03-18 13:00:00,GEN_M01,74.39,59.5,402.65,106.27,50.025,0.907,16.8,13812.1,RUNNING
2024-03-18 13:00:00,GEN_M02,67.85,54.3,399.18,96.92,50.048,0.944,18.4,9242.2,RUNNING
2024-03-18 13:00:00,GEN_M03,111.8,89.4,400.26,159.71,49.968,0.944,14.7,10840.4,RUNNING
2024-03-18 13:00:00,GEN_B01,74.14,59.3,399.3,105.92,50.025,0.924,14.5,11887.6,RUNNING
2024-03-18 13:00:00,GEN_B02,89.47,71.6,403.68,127.81,50.029,0.91,16.6,9754.6,RUNNING
2024-03-18 14:00:00,GEN_M01,86.7,69.4,398.66,123.86,49.957,0.943,14.3,12812.9,RUNNING
2024-03-18 14:00:00,GEN_M02,78.66,62.9,399.43,112.37,50.025,0.911,15.8,14036.5,RUNNING
2024-03-18 14:00:00,GEN_M03,94.42,75.5,400.56,134.89,50.029,0.925,14.5,12693.3,RUNNING
2024-03-18 14:00:00,GEN_B01,88.89,71.1,399.75,126.98,50.083,0.929,19.7,14539.6,RUNNING
2024-03-18 14:00:00,GEN_B02,78.92,63.1,398.36,112.74,50.004,0.939,15.3,13059.2,RUNNING
2024-03-18 15:00:00,GEN_M01,88.46,70.8,400.75,126.37,50.08,0.927,19.7,14261.7,RUNNING
2024-03-18 15:00:00,GEN_M02,80.54,64.4,399.61,115.06,49.925,0.912,10.7,13137.7,RUNNING
2024-03-18 15:00:00,GEN_M03,75.8,60.6,398.42,108.28,49.94,0.907,14.3,9428.4,RUNNING
2024-03-18 15:00:00,GEN_B01,83.84,67.1,398.49,119.77,49.956,0.953,16.8,9771.1,RUNNING
2024-03-18 15:00:00,GEN_B02,88.82,71.1,399.62,126.89,50.034,0.874,14.4,12587.6,RUNNING
2024-03-18 16:00:00,GEN_M01,81.41,65.1,399.15,116.3,50.039,0.884,15.5,8783.3,RUNNING
2024-03-18 16:00:00,GEN_M02,77.0,61.6,399.97,110.0,49.978,0.887,11.2,10169.1,RUNNING
2024-03-18 16:00:00,GEN_M03,91.36,73.1,401.54,130.51,49.925,0.9,16.8,13071.7,RUNNING
2024-03-18 16:00:00,GEN_B01,93.27,74.6,399.84,133.24,50.031,0.893,14.9,12193.2,RUNNING
2024-03-18 16:00:00,GEN_B02,77.67,62.1,400.62,110.96,49.955,0.918,12.2,9491.0,RUNNING
2024-03-18 17:00:00,GEN_M01,92.13,73.7,397.5,131.61,50.01,0.912,17.1,11224.7,RUNNING
2024-03-18 17:00:00,GEN_M02,81.1,64.9,400.03,115.86,49.985,0.936,16.9,12754.5,RUNNING
2024-03-18 17:00:00,GEN_M03,83.99,67.2,401.01,119.99,50.048,0.948,14.0,9707.8,RUNNING
2024-03-18 17:00:00,GEN_B01,90.05,72.0,399.23,128.65,49.966,0.911,17.1,12675.5,RUNNING
2024-03-18 17:00:00,GEN_B02,82.04,65.6,398.75,117.2,50.009,0.902,11.9,10528.7,RUNNING
2024-03-18 18:00:00,GEN_M01,102.46,82.0,400.35,146.37,49.949,0.899,12.8,13568.4,RUNNING
2024-03-18 18:00:00,GEN_M02,72.5,58.0,399.31,103.57,49.987,0.932,17.7,8352.8,RUNNING
2024-03-18 18:00:00,GEN_M03,87.86,70.3,401.59,125.52,50.068,0.917,18.6,11183.4,RUNNING
2024-03-18 18:00:00,GEN_B01,70.42,56.3,400.76,100.61,50.042,0.925,15.0,8353.8,RUNNING
2024-03-18 18:00:00,GEN_B02,74.03,59.2,398.2,105.76,49.945,0.932,16.7,14879.8,RUNNING
2024-03-18 19:00:00,GEN_M01,47.0,37.6,398.53,67.14,50.008,0.932,13.9,9488.7,RUNNING
2024-03-18 19:00:00,GEN_M02,54.99,44.0,399.2,78.56,49.954,0.907,16.9,9195.5,RUNNING
2024-03-18 19:00:00,GEN_M03,51.69,41.4,398.8,73.84,49.953,0.933,15.1,14991.1,RUNNING
2024-03-18 19:00:00,GEN_B01,58.82,47.1,399.91,84.03,50.061,0.919,14.5,12341.8,RUNNING
2024-03-18 19:00:00,GEN_B02,56.2,45.0,401.61,80.29,49.992,0.899,14.1,10536.0,RUNNING
2024-03-18 20:00:00,GEN_M01,52.43,41.9,403.06,74.89,49.952,0.908,14.6,11073.8,RUNNING
2024-03-18 20:00:00,GEN_M02,53.68,42.9,400.94,76.69,50.068,0.888,14.1,13252.9,RUNNING
2024-03-18 20:00:00,GEN_M03,47.0,37.6,401.91,67.15,50.031,0.93,15.1,9114.0,RUNNING
2024-03-18 20:00:00,GEN_B01,61.86,49.5,399.29,88.36,49.992,0.887,17.3,12036.0,RUNNING
2024-03-18 20:00:00,GEN_B02,56.45,45.2,399.34,80.64,49.98,0.909,17.2,11078.8,RUNNING
2024-03-18 21:00:00,GEN_M01,58.06,46.4,399.47,82.94,49.893,0.918,14.4,8981.7,RUNNING
2024-03-18 21:00:00,GEN_M02,47.97,38.4,398.25,68.54,49.958,0.916,15.2,14039.0,RUNNING
2024-03-18 21:00:00,GEN_M03,63.91,51.1,400.66,91.3,49.948,0.909,19.3,11046.5,RUNNING
2024-03-18 21:00:00,GEN_B01,53.16,42.5,401.39,75.95,50.05,0.924,13.5,8385.3,RUNNING
2024-03-18 21:00:00,GEN_B02,48.74,39.0,398.21,69.62,50.033,0.933,18.0,8263.4,RUNNING
2024-03-18 22:00:00,GEN_M01,62.97,50.4,399.5,89.96,50.12,0.902,15.8,8722.6,RUNNING
2024-03-18 22:00:00,GEN_M02,61.64,49.3,400.51,88.05,50.017,0.898,15.4,10477.3,RUNNING
2024-03-18 22:00:00,GEN_M03,52.9,42.3,398.97,75.58,49.928,0.938,15.9,9081.6,RUNNING
2024-03-18 22:00:00,GEN_B01,44.71,35.8,399.21,63.87,49.912,0.919,17.8,13228.2,RUNNING
2024-03-18 22:00:00,GEN_B02,58.72,47.0,398.5,83.89,49.945,0.908,14.1,14251.1,RUNNING
2024-03-18 23:00:00,GEN_M01,66.48,53.2,397.12,94.97,49.953,0.933,12.4,14174.9,RUNNING
2024-03-18 23:00:00,GEN_M02,65.73,52.6,401.25,93.9,50.069,0.941,13.5,8379.9,RUNNING
2024-03-18 23:00:00,GEN_M03,44.3,35.4,399.33,63.28,49.979,0.937,11.7,14980.2,RUNNING
2024-03-18 23:00:00,GEN_B01,48.99,39.2,398.38,69.99,50.017,0.911,16.2,10511.8,RUNNING
2024-03-18 23:00:00,GEN_B02,58.94,47.2,401.76,84.2,49.958,0.936,16.4,9660.8,RUNNING
2024-03-19 00:00:00,GEN_M01,51.67,41.3,398.02,73.81,50.067,0.889,15.0,12978.9,RUNNING
2024-03-19 00:00:00,GEN_M02,52.19,41.8,401.24,74.56,50.01,0.895,12.3,9949.1,RUNNING
2024-03-19 00:00:00,GEN_M03,60.64,48.5,400.95,86.62,50.002,0.929,14.0,12929.8,RUNNING
2024-03-19 00:00:00,GEN_B01,49.64,39.7,399.94,70.92,50.105,0.931,15.5,14811.6,RUNNING
2024-03-19 00:00:00,GEN_B02,61.71,49.4,400.8,88.15,50.01,0.956,15.8,12422.3,RUNNING
2024-03-19 01:00:00,GEN_M01,55.8,44.6,399.57,79.71,49.963,0.91,16.6,12984.4,RUNNING
2024-03-19 01:00:00,GEN_M02,60.78,48.6,399.54,86.82,49.993,0.893,14.6,11969.7,RUNNING
2024-03-19 01:00:00,GEN_M03,52.82,42.3,398.39,75.45,49.922,0.894,17.2,10569.8,RUNNING
2024-03-19 01:00:00,GEN_B01,68.32,54.7,399.63,97.6,49.943,0.945,15.8,10687.0,RUNNING
2024-03-19 01:00:00,GEN_B02,60.35,48.3,402.22,86.21,50.03,0.899,16.7,13836.4,RUNNING
2024-03-19 02:00:00,GEN_M01,68.83,55.1,401.65,98.32,50.031,0.893,16.5,13759.3,RUNNING
2024-03-19 02:00:00,GEN_M02,62.47,50.0,403.0,89.24,49.928,0.897,15.6,13062.6,RUNNING
2024-03-19 02:00:00,GEN_M03,55.35,44.3,400.31,79.07,49.976,0.94,15.1,9733.6,RUNNING
2024-03-19 02:00:00,GEN_B01,52.63,42.1,396.82,75.19,49.947,0.965,18.8,8405.0,RUNNING
2024-03-19 02:00:00,GEN_B02,46.67,37.3,400.43,66.67,50.024,0.926,14.5,14741.8,RUNNING
2024-03-19 03:00:00,GEN_M01,42.85,34.3,400.51,61.22,50.017,0.921,15.6,10336.0,RUNNING
2024-03-19 03:00:00,GEN_M02,65.35,52.3,398.92,93.35,49.985,0.896,13.8,8029.1,RUNNING
2024-03-19 03:00:00,GEN_M03,61.0,48.8,401.63,87.15,49.933,0.914,12.8,14165.4,RUNNING
2024-03-19 03:00:00,GEN_B01,54.56,43.6,402.13,77.95,50.009,0.917,13.9,11409.8,RUNNING
2024-03-19 03:00:00,GEN_B02,42.61,34.1,398.83,60.87,50.005,0.929,12.6,10026.4,RUNNING
2024-03-19 04:00:00,GEN_M01,57.12,45.7,399.7,81.6,50.089,0.919,13.6,10424.5,RUNNING
2024-03-19 04:00:00,GEN_M02,63.92,51.1,398.34,91.32,49.912,0.924,13.8,9004.8,RUNNING
2024-03-19 04:00:00,GEN_M03,50.66,40.5,400.03,72.37,50.052,0.943,15.5,8784.6,RUNNING
2024-03-19 04:00:00,GEN_B01,51.24,41.0,400.4,73.2,50.05,0.913,18.3,12883.7,RUNNING
2024-03-19 04:00:00,GEN_B02,65.84,52.7,400.11,94.06,50.055,0.901,12.6,13711.4,RUNNING
2024-03-19 05:00:00,GEN_M01,60.16,48.1,400.93,85.95,50.022,0.944,16.0,14485.5,RUNNING
2024-03-19 05:00:00,GEN_M02,50.87,40.7,401.83,72.67,49.961,0.906,16.0,11291.0,RUNNING
2024-03-19 05:00:00,GEN_M03,60.18,48.1,400.55,85.98,49.976,0.964,15.5,11773.4,RUNNING
2024-03-19 05:00:00,GEN_B01,57.05,45.6,398.74,81.49,49.932,0.934,11.0,9952.8,RUNNING
2024-03-19 05:00:00,GEN_B02,43.55,34.8,397.91,62.22,50.021,0.939,17.3,8349.2,RUNNING
2024-03-19 06:00:00,GEN_M01,86.98,69.6,401.69,124.26,50.027,0.873,12.9,11626.2,RUNNING
2024-03-19 06:00:00,GEN_M02,82.36,65.9,400.82,117.65,49.98,0.94,14.3,13207.0,RUNNING
2024-03-19 06:00:00,GEN_M03,90.45,72.4,403.11,129.22,50.05,0.94,16.6,13091.9,RUNNING
2024-03-19 06:00:00,GEN_B01,92.51,74.0,399.0,132.16,50.022,0.932,14.0,14694.6,MAINTENANCE
2024-03-19 06:00:00,GEN_B02,81.43,65.1,399.8,116.33,49.997,0.926,14.4,11265.2,RUNNING
2024-03-19 07:00:00,GEN_M01,79.03,63.2,399.88,112.9,49.945,0.96,14.0,11439.5,RUNNING
2024-03-19 07:00:00,GEN_M02,95.41,76.3,399.95,136.31,49.965,0.901,14.9,10115.6,RUNNING
2024-03-19 07:00:00,GEN_M03,83.36,66.7,399.69,119.08,50.039,0.911,14.9,13340.6,RUNNING
2024-03-19 07:00:00,GEN_B01,74.63,59.7,400.12,106.61,49.978,0.902,14.7,11702.0,RUNNING
2024-03-19 07:00:00,GEN_B02,96.07,76.9,398.79,137.25,50.001,0.938,18.1,11494.3,RUNNING
2024-03-19 08:00:00,GEN_M01,65.53,52.4,398.81,93.61,50.089,0.901,17.3,10755.6,RUNNING
2024-03-19 08:00:00,GEN_M02,85.75,68.6,400.04,122.5,50.083,0.949,15.3,11673.6,RUNNING
2024-03-19 08:00:00,GEN_M03,69.61,55.7,399.0,99.45,50.084,0.886,12.5,13081.9,RUNNING
2024-03-19 08:00:00,GEN_B01,87.01,69.6,398.89,124.3,50.032,0.933,16.3,9895.1,RUNNING
2024-03-19 08:00:00,GEN_B02,80.88,64.7,399.63,115.54,49.958,0.923,15.0,8437.2,RUNNING
2024-03-19 09:00:00,GEN_M01,76.2,61.0,399.18,108.86,50.063,0.892,14.0,12047.4,RUNNING
2024-03-19 09:00:00,GEN_M02,65.62,52.5,397.57,93.74,50.032,0.946,14.2,11856.6,RUNNING
2024-03-19 09:00:00,GEN_M03,83.54,66.8,400.44,119.35,50.001,0.935,17.3,13534.5,RUNNING
2024-03-19 09:00:00,GEN_B01,78.1,62.5,398.94,111.56,49.921,0.927,16.5,11326.2,RUNNING
2024-03-19 09:00:00,GEN_B02,63.21,50.6,399.53,90.3,50.007,0.927,15.2,13243.9,RUNNING
2024-03-19 10:00:00,GEN_M01,72.85,58.3,398.35,104.07,49.976,0.926,10.2,13697.1,RUNNING
2024-03-19 10:00:00,GEN_M02,83.09,66.5,397.54,118.69,49.955,0.911,16.8,11768.5,RUNNING
2024-03-19 10:00:00,GEN_M03,67.77,54.2,400.13,96.81,50.028,0.894,17.5,11162.9,RUNNING
2024-03-19 10:00:00,GEN_B01,94.8,75.8,399.11,135.43,50.001,0.906,14.8,9956.0,RUNNING
2024-03-19 10:00:00,GEN_B02,79.02,63.2,401.34,112.88,49.962,0.947,15.6,10901.4,RUNNING
2024-03-19 11:00:00,GEN_M01,81.74,65.4,400.12,116.77,50.128,0.893,13.6,12284.7,RUNNING
2024-03-19 11:00:00,GEN_M02,85.29,68.2,400.69,121.84,50.015,0.89,12.9,13723.8,RUNNING
2024-03-19 11:00:00,GEN_M03,82.56,66.0,399.47,117.95,49.998,0.942,14.8,9183.7,RUNNING
2024-03-19 11:00:00,GEN_B01,86.22,69.0,399.08,123.17,49.938,0.936,15.2,9870.6,RUNNING
2024-03-19 11:00:00,GEN_B02,75.55,60.4,403.95,107.92,50.027,0.946,19.3,9119.0,RUNNING
2024-03-19 12:00:00,GEN_M01,93.19,74.6,397.94,133.13,50.004,0.896,15.6,12767.6,RUNNING
2024-03-19 12:00:00,GEN_M02,79.4,63.5,402.01,113.43,49.977,0.954,15.9,9555.5,RUNNING
2024-03-19 12:00:00,GEN_M03,76.64,61.3,400.78,109.49,50.063,0.92,13.8,11650.4,RUNNING
2024-03-19 12:00:00,GEN_B01,84.36,67.5,402.12,120.52,49.945,0.911,18.9,11522.4,RUNNING
2024-03-19 12:00:00,GEN_B02,96.4,77.1,398.33,137.72,50.036,0.924,18.5,11061.1,RUNNING
2024-03-19 13:00:00,GEN_M01,98.67,78.9,400.25,140.95,50.032,0.867,22.2,10729.4,RUNNING
2024-03-19 13:00:00,GEN_M02,79.81,63.8,400.7,114.02,50.009,0.932,14.2,10962.9,RUNNING
2024-03-19 13:00:00,GEN_M03,93.71,75.0,398.62,133.87,50.097,0.895,13.6,12330.6,RUNNING
2024-03-19 13:00:00,GEN_B01,79.98,64.0,400.6,114.26,49.94,0.902,15.2,12790.9,RUNNING
2024-03-19 13:00:00,GEN_B02,75.08,60.1,399.8,107.26,50.039,0.872,14.1,14252.5,RUNNING
2024-03-19 14:00:00,GEN_M01,72.07,57.7,400.02,102.95,50.091,0.91,16.6,11604.0,RUNNING
2024-03-19 14:00:00,GEN_M02,87.16,69.7,399.21,124.51,50.056,0.938,17.0,8479.8,RUNNING
2024-03-19 14:00:00,GEN_M03,50.41,40.3,401.65,72.01,49.986,0.929,14.0,14498.3,RUNNING
2024-03-19 14:00:00,GEN_B01,76.61,61.3,401.12,109.44,49.939,0.915,12.5,8841.4,RUNNING
2024-03-19 14:00:00,GEN_B02,96.95,77.6,398.79,138.51,49.961,0.911,19.3,13905.8,RUNNING
2024-03-19 15:00:00,GEN_M01,92.78,74.2,398.64,132.54,50.025,0.921,18.0,13749.8,RUNNING
2024-03-19 15:00:00,GEN_M02,79.73,63.8,398.42,113.9,50.088,0.919,13.9,10687.8,RUNNING
2024-03-19 15:00:00,GEN_M03,67.57,54.1,399.53,96.53,49.973,0.926,12.2,11724.9,RUNNING
2024-03-19 15:00:00,GEN_B01,94.03,75.2,399.43,134.33,49.96,0.926,13.4,11197.0,RUNNING
2024-03-19 15:00:00,GEN_B02,70.5,56.4,400.23,100.71,49.978,0.933,16.0,9430.0,RUNNING
2024-03-19 16:00:00,GEN_M01,83.55,66.8,395.99,119.36,50.026,0.915,13.0,12164.0,RUNNING
2024-03-19 16:00:00,GEN_M02,70.15,56.1,400.34,100.22,49.842,0.944,17.9,10140.4,RUNNING
2024-03-19 16:00:00,GEN_M03,90.24,72.2,402.31,128.92,50.009,0.935,19.4,12250.2,RUNNING
2024-03-19 16:00:00,GEN_B01,70.19,56.2,397.83,100.28,49.998,0.932,16.0,12970.3,RUNNING
2024-03-19 16:00:00,GEN_B02,77.62,62.1,400.18,110.88,50.04,0.938,13.6,9172.2,RUNNING
2024-03-19 17:00:00,GEN_M01,97.05,77.6,398.33,138.65,50.054,0.922,15.4,8155.1,RUNNING
2024-03-19 17:00:00,GEN_M02,68.42,54.7,402.12,97.75,50.019,0.948,16.6,13445.1,RUNNING
2024-03-19 17:00:00,GEN_M03,76.4,61.1,401.81,109.15,50.009,0.944,14.6,9381.8,RUNNING
2024-03-19 17:00:00,GEN_B01,61.33,49.1,400.85,87.62,49.949,0.936,16.9,10360.9,RUNNING
2024-03-19 17:00:00,GEN_B02,95.16,76.1,401.91,135.94,49.963,0.935,17.3,8031.4,RUNNING
2024-03-19 18:00:00,GEN_M01,84.57,67.7,400.87,120.81,49.975,0.898,15.1,10824.5,RUNNING
2024-03-19 18:00:00,GEN_M02,85.31,68.2,398.99,121.87,50.026,0.89,13.0,12816.7,RUNNING
2024-03-19 18:00:00,GEN_M03,81.92,65.5,399.91,117.03,50.049,0.921,15.6,13727.8,RUNNING
2024-03-19 18:00:00,GEN_B01,79.05,63.2,400.09,112.93,50.059,0.91,16.1,11535.5,RUNNING
2024-03-19 18:00:00,GEN_B02,85.61,68.5,399.6,122.3,50.063,0.929,14.1,9802.9,RUNNING
2024-03-19 19:00:00,GEN_M01,67.31,53.8,400.55,96.16,50.022,0.915,16.7,10552.7,MAINTENANCE
2024-03-19 19:00:00,GEN_M02,51.96,41.6,400.78,74.23,50.032,0.867,14.3,10977.6,RUNNING
2024-03-19 19:00:00,GEN_M03,50.75,40.6,400.22,72.51,50.009,0.963,14.1,13715.6,RUNNING
2024-03-19 19:00:00,GEN_B01,59.05,47.2,397.87,84.35,49.983,0.898,16.6,8141.8,RUNNING
2024-03-19 19:00:00,GEN_B02,60.74,48.6,399.6,86.77,50.067,0.946,17.2,13515.3,RUNNING
2024-03-19 20:00:00,GEN_M01,57.1,45.7,400.59,81.56,49.921,0.909,14.5,13970.9,RUNNING
2024-03-19 20:00:00,GEN_M02,59.38,47.5,400.18,84.83,49.994,0.889,14.5,10024.5,RUNNING
2024-03-19 20:00:00,GEN_M03,59.19,47.4,397.1,84.56,49.877,0.911,16.0,11365.9,RUNNING
2024-03-19 20:00:00,GEN_B01,65.48,52.4,401.74,93.54,49.971,0.958,18.6,10066.0,RUNNING
2024-03-19 20:00:00,GEN_B02,42.9,34.3,400.06,61.28,50.112,0.901,15.5,8223.5,RUNNING
2024-03-19 21:00:00,GEN_M01,49.6,39.7,403.98,70.86,49.942,0.946,14.3,11986.3,RUNNING
2024-03-19 21:00:00,GEN_M02,56.99,45.6,401.08,81.41,49.96,0.888,13.9,12258.4,RUNNING
2024-03-19 21:00:00,GEN_M03,53.91,43.1,402.35,77.02,49.984,0.926,14.8,10677.8,RUNNING
2024-03-19 21:00:00,GEN_B01,49.41,39.5,398.86,70.59,49.967,0.926,17.7,12163.0,RUNNING
2024-03-19 21:00:00,GEN_B02,50.9,40.7,401.27,72.71,49.958,0.913,13.5,12114.0,RUNNING
2024-03-19 22:00:00,GEN_M01,57.5,46.0,401.64,82.14,50.003,0.907,17.5,14542.6,RUNNING
2024-03-19 22:00:00,GEN_M02,56.26,45.0,401.18,80.37,49.991,0.898,13.3,11476.8,RUNNING
2024-03-19 22:00:00,GEN_M03,50.64,40.5,401.89,72.34,49.906,0.942,17.6,11307.3,RUNNING
2024-03-19 22:00:00,GEN_B01,57.43,45.9,399.54,82.05,50.05,0.907,16.1,11957.7,RUNNING
2024-03-19 22:00:00,GEN_B02,61.93,49.5,400.63,88.46,50.027,0.957,13.3,9375.6,RUNNING
2024-03-19 23:00:00,GEN_M01,61.48,49.2,399.19,87.83,49.974,0.903,16.9,14443.0,RUNNING
2024-03-19 23:00:00,GEN_M02,53.8,43.0,400.86,76.86,50.088,0.923,18.7,11165.7,RUNNING
2024-03-19 23:00:00,GEN_M03,50.75,40.6,399.55,72.51,50.043,0.948,16.8,8974.7,RUNNING
2024-03-19 23:00:00,GEN_B01,50.2,40.2,401.42,71.71,50.013,0.927,13.1,12017.4,RUNNING
2024-03-19 23:00:00,GEN_B02,61.48,49.2,400.69,87.83,49.952,0.922,15.7,13781.2,RUNNING
2024-03-20 00:00:00,GEN_M01,55.6,44.5,398.51,79.43,50.044,0.94,14.1,8985.3,RUNNING
2024-03-20 00:00:00,GEN_M02,70.68,56.5,398.95,100.97,49.969,0.929,15.0,12380.9,RUNNING
2024-03-20 00:00:00,GEN_M03,57.1,45.7,399.66,81.57,50.072,0.98,16.9,12691.0,RUNNING
2024-03-20 00:00:00,GEN_B01,51.53,41.2,401.93,73.61,50.018,0.933,16.3,14502.7,RUNNING
2024-03-20 00:00:00,GEN_B02,61.02,48.8,398.43,87.17,50.025,0.915,16.1,13700.8,RUNNING
2024-03-20 01:00:00,GEN_M01,52.08,41.7,398.6,74.4,49.986,0.899,17.2,8815.3,MAINTENANCE
2024-03-20 01:00:00,GEN_M02,53.23,42.6,398.85,76.05,49.992,0.948,20.1,8470.7,RUNNING
2024-03-20 01:00:00,GEN_M03,59.54,47.6,399.51,85.06,50.109,0.914,16.6,12151.5,RUNNING
2024-03-20 01:00:00,GEN_B01,62.77,50.2,399.31,89.67,49.987,0.941,15.0,10950.1,RUNNING
2024-03-20 01:00:00,GEN_B02,60.18,48.1,400.8,85.97,49.989,0.91,15.0,14114.8,RUNNING
2024-03-20 02:00:00,GEN_M01,48.87,39.1,400.15,69.81,50.084,0.894,17.1,9176.8,RUNNING
2024-03-20 02:00:00,GEN_M02,61.43,49.1,401.27,87.76,50.041,0.91,16.4,13835.9,RUNNING
2024-03-20 02:00:00,GEN_M03,48.73,39.0,396.29,69.61,49.942,0.886,17.3,8512.8,RUNNING
2024-03-20 02:00:00,GEN_B01,64.5,51.6,400.4,92.14,49.938,0.923,15.5,12376.2,RUNNING
2024-03-20 02:00:00,GEN_B02,62.65,50.1,401.39,89.5,50.035,0.898,15.8,9447.5,RUNNING
2024-03-20 03:00:00,GEN_M01,49.4,39.5,401.93,70.57,50.003,0.919,13.2,10689.9,RUNNING
2024-03-20 03:00:00,GEN_M02,53.67,42.9,398.18,76.68,50.087,0.948,13.5,14994.6,RUNNING
2024-03-20 03:00:00,GEN_M03,55.46,44.4,397.41,79.23,49.977,0.875,12.6,10331.8,RUNNING
2024-03-20 03:00:00,GEN_B01,55.54,44.4,399.72,79.35,50.109,0.916,15.7,9123.8,RUNNING
2024-03-20 03:00:00,GEN_B02,69.23,55.4,403.02,98.9,49.912,0.898,15.9,13275.1,RUNNING
2024-03-20 04:00:00,GEN_M01,54.46,43.6,400.91,77.8,50.045,0.905,13.9,14799.3,RUNNING
2024-03-20 04:00:00,GEN_M02,51.09,40.9,401.87,72.98,50.076,0.939,18.7,11387.5,RUNNING
2024-03-20 04:00:00,GEN_M03,48.29,38.6,399.18,68.98,49.914,0.922,17.2,11303.8,RUNNING
2024-03-20 04:00:00,GEN_B01,64.69,51.8,401.49,92.41,49.898,0.943,14.2,10820.4,RUNNING
2024-03-20 04:00:00,GEN_B02,62.69,50.2,400.08,89.56,49.964,0.909,18.2,12476.8,RUNNING
2024-03-20 05:00:00,GEN_M01,65.0,52.0,401.14,92.85,50.002,0.911,15.3,9291.7,RUNNING
2024-03-20 05:00:00,GEN_M02,45.9,36.7,400.31,65.58,49.927,0.912,16.3,10857.8,RUNNING
2024-03-20 05:00:00,GEN_M03,54.18,43.3,401.34,77.41,50.0,0.932,15.1,10512.2,RUNNING
2024-03-20 05:00:00,GEN_B01,45.95,36.8,400.08,65.64,50.083,0.903,14.5,8010.2,RUNNING
2024-03-20 05:00:00,GEN_B02,62.62,50.1,400.04,89.46,49.992,0.902,13.6,12866.8,RUNNING
2024-03-20 06:00:00,GEN_M01,75.92,60.7,401.02,108.45,49.969,0.92,17.3,9475.4,RUNNING
2024-03-20 06:00:00,GEN_M02,82.46,66.0,398.95,117.8,50.058,0.919,12.3,9631.0,RUNNING
2024-03-20 06:00:00,GEN_M03,93.62,74.9,401.63,133.74,50.034,0.936,14.9,8926.9,RUNNING
2024-03-20 06:00:00,GEN_B01,97.84,78.3,401.25,139.78,49.965,0.941,18.4,11061.2,RUNNING
2024-03-20 06:00:00,GEN_B02,68.81,55.0,401.08,98.29,50.039,0.93,13.7,10182.1,RUNNING
2024-03-20 07:00:00,GEN_M01,90.01,72.0,400.16,128.59,50.06,0.906,17.8,10139.8,RUNNING
2024-03-20 07:00:00,GEN_M02,89.26,71.4,400.81,127.51,49.976,0.933,17.5,11292.5,RUNNING
2024-03-20 07:00:00,GEN_M03,87.35,69.9,401.66,124.78,49.996,0.923,15.8,14829.4,RUNNING
2024-03-20 07:00:00,GEN_B01,67.56,54.0,396.65,96.52,49.978,0.93,14.1,14288.2,RUNNING
2024-03-20 07:00:00,GEN_B02,73.33,58.7,399.88,104.76,50.036,0.916,20.7,11230.6,RUNNING
2024-03-20 08:00:00,GEN_M01,77.03,61.6,401.87,110.04,50.014,0.896,14.9,13167.7,RUNNING
2024-03-20 08:00:00,GEN_M02,77.01,61.6,401.29,110.01,50.049,0.923,13.8,9432.3,RUNNING
2024-03-20 08:00:00,GEN_M03,89.74,71.8,399.31,128.2,49.985,0.94,12.8,10810.4,RUNNING
2024-03-20 08:00:00,GEN_B01,98.3,78.6,399.88,140.43,50.055,0.884,12.9,14575.5,RUNNING
2024-03-20 08:00:00,GEN_B02,81.82,65.5,401.31,116.89,49.96,0.904,14.9,13392.9,RUNNING
2024-03-20 09:00:00,GEN_M01,62.79,50.2,398.66,89.7,49.998,0.922,14.1,10691.9,RUNNING
2024-03-20 09:00:00,GEN_M02,64.0,51.2,398.19,91.42,49.996,0.922,12.4,13926.0,RUNNING
2024-03-20 09:00:00,GEN_M03,79.57,63.7,400.13,113.67,49.947,0.893,15.9,13599.9,RUNNING
2024-03-20 09:00:00,GEN_B01,104.69,83.8,400.54,149.56,50.053,0.95,16.4,11608.7,RUNNING
2024-03-20 09:00:00,GEN_B02,72.03,57.6,398.5,102.9,50.141,0.941,12.5,11920.2,RUNNING
2024-03-20 10:00:00,GEN_M01,88.79,71.0,402.05,126.84,50.012,0.926,17.1,9889.7,RUNNING
2024-03-20 10:00:00,GEN_M02,77.61,62.1,400.52,110.87,49.927,0.961,15.0,8547.1,RUNNING
2024-03-20 10:00:00,GEN_M03,74.29,59.4,399.96,106.13,49.882,0.927,13.6,11602.9,RUNNING
2024-03-20 10:00:00,GEN_B01,71.35,57.1,402.92,101.93,50.009,0.923,15.6,14860.7,RUNNING
2024-03-20 10:00:00,GEN_B02,81.66,65.3,400.12,116.66,49.998,0.917,10.1,9296.3,RUNNING
2024-03-20 11:00:00,GEN_M01,72.91,58.3,400.58,104.16,50.07,0.911,16.7,11847.1,RUNNING
2024-03-20 11:00:00,GEN_M02,80.5,64.4,400.59,115.0,49.976,0.919,13.6,14896.3,RUNNING
2024-03-20 11:00:00,GEN_M03,89.02,71.2,400.84,127.18,49.966,0.912,18.3,12627.9,RUNNING
2024-03-20 11:00:00,GEN_B01,67.9,54.3,402.05,97.0,50.031,0.917,15.7,10941.4,RUNNING
2024-03-20 11:00:00,GEN_B02,64.05,51.2,400.38,91.51,50.071,0.928,13.4,8139.8,RUNNING
2024-03-20 12:00:00,GEN_M01,77.6,62.1,400.18,110.86,49.977,0.921,15.8,12738.5,RUNNING
2024-03-20 12:00:00,GEN_M02,73.01,58.4,399.96,104.3,49.961,0.909,14.5,9161.8,RUNNING
2024-03-20 12:00:00,GEN_M03,77.15,61.7,402.08,110.22,50.038,0.913,15.7,10998.7,RUNNING
2024-03-20 12:00:00,GEN_B01,74.92,59.9,400.08,107.03,50.083,0.912,13.1,11226.5,RUNNING
2024-03-20 12:00:00,GEN_B02,76.84,61.5,397.17,109.77,49.95,0.935,17.8,9314.7,RUNNING
2024-03-20 13:00:00,GEN_M01,65.55,52.4,399.93,93.65,49.992,0.932,17.3,9111.8,RUNNING
2024-03-20 13:00:00,GEN_M02,76.04,60.8,398.7,108.63,49.893,0.967,12.0,8026.7,RUNNING
2024-03-20 13:00:00,GEN_M03,80.99,64.8,398.75,115.7,50.026,0.935,16.3,14822.6,RUNNING
2024-03-20 13:00:00,GEN_B01,90.61,72.5,401.52,129.45,49.97,0.927,15.1,10597.2,RUNNING
2024-03-20 13:00:00,GEN_B02,81.73,65.4,399.56,116.76,49.987,0.941,14.7,12343.3,RUNNING
2024-03-20 14:00:00,GEN_M01,87.12,69.7,400.26,124.46,50.021,0.923,15.1,14494.1,RUNNING
2024-03-20 14:00:00,GEN_M02,87.18,69.7,399.26,124.54,50.013,0.915,15.4,10942.9,RUNNING
2024-03-20 14:00:00,GEN_M03,109.85,87.9,398.3,156.92,50.063,0.917,18.6,10786.3,RUNNING
2024-03-20 14:00:00,GEN_B01,86.91,69.5,401.13,124.15,49.982,0.876,14.4,12459.9,RUNNING
2024-03-20 14:00:00,GEN_B02,81.02,64.8,403.36,115.74,50.051,0.903,15.5,8805.3,RUNNING
2024-03-20 15:00:00,GEN_M01,82.48,66.0,401.75,117.83,49.925,0.91,17.7,12625.6,RUNNING
2024-03-20 15:00:00,GEN_M02,72.18,57.7,401.94,103.11,49.988,0.895,18.4,13951.9,RUNNING
2024-03-20 15:00:00,GEN_M03,73.36,58.7,396.15,104.8,50.034,0.88,15.2,8970.9,RUNNING
2024-03-20 15:00:00,GEN_B01,60.06,48.0,398.22,85.8,50.013,0.922,17.3,8493.5,RUNNING
2024-03-20 15:00:00,GEN_B02,73.2,58.6,399.42,104.57,49.975,0.907,15.4,13141.7,RUNNING
2024-03-20 16:00:00,GEN_M01,76.72,61.4,399.39,109.6,49.974,0.912,13.0,9917.1,RUNNING
2024-03-20 16:00:00,GEN_M02,88.38,70.7,400.67,126.26,49.966,0.939,16.6,13118.6,RUNNING
2024-03-20 16:00:00,GEN_M03,84.28,67.4,398.39,120.39,49.931,0.918,14.9,10158.4,RUNNING
2024-03-20 16:00:00,GEN_B01,81.39,65.1,402.44,116.27,49.945,0.926,18.0,14611.9,RUNNING
2024-03-20 16:00:00,GEN_B02,98.59,78.9,401.08,140.84,50.002,0.913,19.7,13365.1,RUNNING
2024-03-20 17:00:00,GEN_M01,106.12,84.9,397.99,151.6,50.086,0.885,14.8,11802.4,RUNNING
2024-03-20 17:00:00,GEN_M02,78.21,62.6,399.99,111.72,50.03,0.914,16.1,12825.8,RUNNING
2024-03-20 17:00:00,GEN_M03,90.27,72.2,399.84,128.96,50.035,0.928,17.8,8118.5,RUNNING
2024-03-20 17:00:00,GEN_B01,85.46,68.4,401.13,122.09,50.03,0.956,12.6,9547.4,RUNNING
2024-03-20 17:00:00,GEN_B02,92.91,74.3,402.73,132.72,49.947,0.883,13.3,8597.2,RUNNING
2024-03-20 18:00:00,GEN_M01,90.25,72.2,400.4,128.93,50.009,0.899,15.5,14041.7,RUNNING
2024-03-20 18:00:00,GEN_M02,84.94,68.0,399.31,121.34,50.071,0.936,14.6,11586.2,RUNNING
2024-03-20 18:00:00,GEN_M03,91.91,73.5,398.7,131.3,50.05,0.911,12.8,11151.5,RUNNING
2024-03-20 18:00:00,GEN_B01,61.47,49.2,399.93,87.81,50.056,0.898,16.0,13312.6,RUNNING
2024-03-20 18:00:00,GEN_B02,67.76,54.2,402.47,96.79,50.054,0.904,13.8,14034.4,RUNNING
2024-03-20 19:00:00,GEN_M01,47.14,37.7,403.5,67.34,50.032,0.903,15.2,14445.6,RUNNING
2024-03-20 19:00:00,GEN_M02,64.18,51.3,398.98,91.69,50.045,0.95,15.4,11815.9,RUNNING
2024-03-20 19:00:00,GEN_M03,57.87,46.3,400.34,82.67,50.038,0.88,13.4,14939.9,RUNNING
2024-03-20 19:00:00,GEN_B01,61.62,49.3,399.16,88.02,49.934,0.899,14.5,13107.0,RUNNING
2024-03-20 19:00:00,GEN_B02,69.48,55.6,402.7,99.26,49.997,0.904,13.6,10113.6,RUNNING
2024-03-20 20:00:00,GEN_M01,50.65,40.5,401.36,72.36,50.13,0.915,13.5,10968.5,RUNNING
2024-03-20 20:00:00,GEN_M02,54.54,43.6,401.22,77.92,50.097,0.898,12.0,13490.0,RUNNING
2024-03-20 20:00:00,GEN_M03,54.73,43.8,401.03,78.18,50.005,0.962,14.8,10056.1,RUNNING
2024-03-20 20:00:00,GEN_B01,50.63,40.5,402.14,72.33,50.094,0.928,12.1,9494.6,RUNNING
2024-03-20 20:00:00,GEN_B02,60.45,48.4,401.31,86.36,49.979,0.911,11.0,11415.7,RUNNING
2024-03-20 21:00:00,GEN_M01,48.2,38.6,399.86,68.86,50.055,0.921,15.7,9885.6,RUNNING
2024-03-20 21:00:00,GEN_M02,52.94,42.3,401.46,75.62,50.017,0.912,18.2,13767.3,RUNNING
2024-03-20 21:00:00,GEN_M03,49.23,39.4,402.69,70.33,50.062,0.944,11.3,12049.4,RUNNING
2024-03-20 21:00:00,GEN_B01,59.08,47.3,403.18,84.4,49.993,0.91,14.5,13443.9,RUNNING
2024-03-20 21:00:00,GEN_B02,54.26,43.4,399.81,77.51,50.067,0.941,14.2,14311.6,RUNNING
2024-03-20 22:00:00,GEN_M01,48.57,38.9,397.88,69.39,49.925,0.913,17.6,14625.2,RUNNING
2024-03-20 22:00:00,GEN_M02,58.45,46.8,400.66,83.5,49.981,0.879,14.8,9569.4,RUNNING
2024-03-20 22:00:00,GEN_M03,56.27,45.0,400.78,80.39,50.068,0.885,12.8,8608.8,RUNNING
2024-03-20 22:00:00,GEN_B01,40.94,32.7,401.69,58.48,50.008,0.911,14.7,12783.1,RUNNING
2024-03-20 22:00:00,GEN_B02,67.78,54.2,400.44,96.83,50.127,0.908,11.5,8156.0,RUNNING
2024-03-20 23:00:00,GEN_M01,54.82,43.9,402.7,78.31,49.915,0.901,17.5,9258.7,RUNNING
2024-03-20 23:00:00,GEN_M02,65.6,52.5,400.66,93.71,50.035,0.922,16.5,9569.4,RUNNING
2024-03-20 23:00:00,GEN_M03,59.86,47.9,399.39,85.51,50.023,0.926,15.1,11342.9,RUNNING
2024-03-20 23:00:00,GEN_B01,56.41,45.1,399.57,80.58,50.005,0.918,18.3,10347.1,RUNNING
2024-03-20 23:00:00,GEN_B02,66.17,52.9,400.02,94.52,49.925,0.949,13.6,14009.1,RUNNING
2024-03-21 00:00:00,GEN_M01,72.02,57.6,401.28,102.88,50.029,0.951,14.5,13506.9,RUNNING
2024-03-21 00:00:00,GEN_M02,61.43,49.1,399.3,87.76,49.999,0.916,13.9,8643.8,RUNNING
2024-03-21 00:00:00,GEN_M03,49.55,39.6,400.44,70.78,50.018,0.927,10.7,12254.8,RUNNING
2024-03-21 00:00:00,GEN_B01,70.54,56.4,402.65,100.78,49.983,0.929,20.2,9726.4,RUNNING
2024-03-21 00:00:00,GEN_B02,69.17,55.3,401.14,98.82,49.944,0.891,16.6,9608.7,RUNNING
2024-03-21 01:00:00,GEN_M01,64.16,51.3,400.89,91.66,49.957,0.881,18.7,9630.3,RUNNING
2024-03-21 01:00:00,GEN_M02,55.21,44.2,402.15,78.87,50.042,0.918,14.8,13669.2,RUNNING
2024-03-21 01:00:00,GEN_M03,55.33,44.3,399.14,79.04,49.94,0.918,15.4,12150.6,RUNNING
2024-03-21 01:00:00,GEN_B01,59.65,47.7,399.69,85.21,50.052,0.952,17.6,11823.9,RUNNING
2024-03-21 01:00:00,GEN_B02,56.8,45.4,404.42,81.15,49.997,0.948,14.3,14305.6,RUNNING
2024-03-21 02:00:00,GEN_M01,60.96,48.8,401.96,87.09,50.008,0.918,15.8,12795.0,RUNNING
2024-03-21 02:00:00,GEN_M02,55.9,44.7,400.32,79.86,50.001,0.932,13.9,8066.7,RUNNING
2024-03-21 02:00:00,GEN_M03,59.36,47.5,398.41,84.8,49.995,0.945,15.9,12120.6,RUNNING
2024-03-21 02:00:00,GEN_B01,74.68,59.7,399.11,106.69,49.979,0.901,15.4,12077.1,RUNNING
2024-03-21 02:00:00,GEN_B02,69.62,55.7,400.26,99.46,49.969,0.901,15.9,12944.4,RUNNING
2024-03-21 03:00:00,GEN_M01,56.41,45.1,398.73,80.59,50.113,0.946,14.1,9187.6,RUNNING
2024-03-21 03:00:00,GEN_M02,47.29,37.8,399.71,67.55,49.992,0.911,13.5,10902.3,RUNNING
2024-03-21 03:00:00,GEN_M03,66.28,53.0,398.42,94.68,49.969,0.902,14.0,12645.0,RUNNING
2024-03-21 03:00:00,GEN_B01,63.23,50.6,401.98,90.32,50.03,0.898,14.5,14217.6,RUNNING
2024-03-21 03:00:00,GEN_B02,45.32,36.3,399.21,64.74,50.043,0.951,12.6,13436.1,RUNNING
2024-03-21 04:00:00,GEN_M01,52.87,42.3,400.83,75.52,49.958,0.936,18.2,10371.1,RUNNING
2024-03-21 04:00:00,GEN_M02,50.99,40.8,398.64,72.85,49.93,0.906,13.5,9578.9,RUNNING
2024-03-21 04:00:00,GEN_M03,60.3,48.2,399.43,86.14,50.033,0.943,11.7,10607.6,RUNNING
2024-03-21 04:00:00,GEN_B01,51.94,41.6,397.81,74.2,49.95,0.923,19.7,10484.6,RUNNING
2024-03-21 04:00:00,GEN_B02,59.65,47.7,399.95,85.21,49.999,0.871,15.6,8250.0,RUNNING
2024-03-21 05:00:00,GEN_M01,57.36,45.9,399.45,81.95,49.92,0.933,14.0,9412.0,RUNNING
2024-03-21 05:00:00,GEN_M02,57.6,46.1,400.21,82.28,49.899,0.909,18.5,11106.7,RUNNING
2024-03-21 05:00:00,GEN_M03,57.2,45.8,398.4,81.72,50.044,0.913,14.9,11425.7,RUNNING
2024-03-21 05:00:00,GEN_B01,55.41,44.3,400.27,79.16,50.033,0.918,16.0,8149.2,RUNNING
2024-03-21 05:00:00,GEN_B02,56.88,45.5,401.27,81.26,49.998,0.91,16.4,8546.6,RUNNING
2024-03-21 06:00:00,GEN_M01,70.42,56.3,398.49,100.61,50.008,0.923,15.9,10295.3,MAINTENANCE
2024-03-21 06:00:00,GEN_M02,91.92,73.5,395.44,131.32,49.99,0.878,18.0,8705.1,RUNNING
2024-03-21 06:00:00,GEN_M03,92.87,74.3,401.73,132.67,50.013,0.893,15.2,14627.1,RUNNING
2024-03-21 06:00:00,GEN_B01,71.57,57.3,400.27,102.25,49.982,0.943,15.3,9330.5,RUNNING
2024-03-21 06:00:00,GEN_B02,82.71,66.2,400.44,118.16,49.979,0.913,15.3,13360.3,RUNNING
2024-03-21 07:00:00,GEN_M01,86.06,68.9,400.18,122.95,49.97,0.936,14.8,12133.0,RUNNING
2024-03-21 07:00:00,GEN_M02,90.04,72.0,400.45,128.63,49.986,0.883,15.5,8399.7,RUNNING
2024-03-21 07:00:00,GEN_M03,74.51,59.6,397.8,106.45,49.903,0.934,16.2,13964.5,RUNNING
2024-03-21 07:00:00,GEN_B01,76.04,60.8,402.04,108.63,50.071,0.907,16.4,12942.4,RUNNING
2024-03-21 07:00:00,GEN_B02,77.03,61.6,398.28,110.04,50.043,0.907,12.9,9586.8,RUNNING
2024-03-21 08:00:00,GEN_M01,84.77,67.8,398.49,121.1,50.007,0.896,14.2,9358.8,RUNNING
2024-03-21 08:00:00,GEN_M02,85.81,68.7,400.42,122.59,49.882,0.919,15.8,14187.9,RUNNING
2024-03-21 08:00:00,GEN_M03,81.35,65.1,397.27,116.21,50.018,0.93,15.4,10532.0,RUNNING
2024-03-21 08:00:00,GEN_B01,71.87,57.5,398.14,102.67,49.932,0.962,15.5,8084.2,RUNNING
2024-03-21 08:00:00,GEN_B02,74.55,59.6,402.7,106.49,50.041,0.968,14.4,12245.9,RUNNING
2024-03-21 09:00:00,GEN_M01,85.17,68.1,400.92,121.67,49.978,0.956,16.3,12087.1,RUNNING
2024-03-21 09:00:00,GEN_M02,78.33,62.7,400.37,111.89,50.063,0.928,13.7,11923.8,RUNNING
2024-03-21 09:00:00,GEN_M03,83.98,67.2,400.8,119.97,50.046,0.924,14.4,11949.9,RUNNING
2024-03-21 09:00:00,GEN_B01,99.3,79.4,398.91,141.86,50.061,0.914,16.9,12547.4,RUNNING
2024-03-21 09:00:00,GEN_B02,80.58,64.5,400.31,115.11,50.059,0.893,10.5,10315.2,RUNNING
2024-03-21 10:00:00,GEN_M01,79.1,63.3,399.62,113.0,50.059,0.892,16.3,8589.2,RUNNING
2024-03-21 10:00:00,GEN_M02,89.4,71.5,399.89,127.72,50.074,0.932,16.1,8946.7,RUNNING
2024-03-21 10:00:00,GEN_M03,82.72,66.2,399.91,118.17,50.062,0.914,14.1,13887.8,RUNNING
2024-03-21 10:00:00,GEN_B01,66.79,53.4,401.3,95.41,49.986,0.925,18.4,13893.5,RUNNING
2024-03-21 10:00:00,GEN_B02,56.51,45.2,400.72,80.73,50.055,0.907,14.1,14133.6,RUNNING
2024-03-21 11:00:00,GEN_M01,77.1,61.7,399.8,110.14,50.043,0.905,14.8,12998.7,RUNNING
2024-03-21 11:00:00,GEN_M02,77.31,61.9,400.24,110.45,49.971,0.918,14.4,12798.0,RUNNING
2024-03-21 11:00:00,GEN_M03,66.55,53.2,397.53,95.08,50.046,0.912,13.9,10939.5,RUNNING
2024-03-21 11:00:00,GEN_B01,69.04,55.2,398.1,98.63,49.941,0.896,16.2,11890.3,RUNNING
2024-03-21 11:00:00,GEN_B02,82.89,66.3,396.83,118.41,49.947,0.932,14.5,11765.2,RUNNING
2024-03-21 12:00:00,GEN_M01,82.11,65.7,402.23,117.29,50.028,0.926,12.2,9184.3,RUNNING
2024-03-21 12:00:00,GEN_M02,81.42,65.1,401.21,116.31,49.995,0.915,17.1,8827.3,RUNNING
2024-03-21 12:00:00,GEN_M03,59.67,47.7,400.82,85.24,50.045,0.941,11.8,11792.5,RUNNING
2024-03-21 12:00:00,GEN_B01,67.78,54.2,400.24,96.83,49.915,0.908,14.1,11876.2,RUNNING
2024-03-21 12:00:00,GEN_B02,98.68,78.9,399.82,140.97,49.943,0.951,12.3,8022.5,RUNNING
2024-03-21 13:00:00,GEN_M01,83.9,67.1,401.8,119.86,50.009,0.925,13.5,13387.9,RUNNING
2024-03-21 13:00:00,GEN_M02,87.07,69.7,402.99,124.39,50.078,0.919,13.5,13505.0,RUNNING
2024-03-21 13:00:00,GEN_M03,78.24,62.6,400.97,111.77,50.007,0.923,18.7,11192.2,RUNNING
2024-03-21 13:00:00,GEN_B01,84.86,67.9,400.27,121.23,49.959,0.952,10.7,9917.6,RUNNING
2024-03-21 13:00:00,GEN_B02,78.4,62.7,401.19,112.0,49.983,0.92,15.2,14405.9,RUNNING
2024-03-21 14:00:00,GEN_M01,89.24,71.4,400.98,127.48,49.978,0.927,15.2,10231.9,RUNNING
2024-03-21 14:00:00,GEN_M02,94.34,75.5,398.27,134.77,49.954,0.93,16.3,13644.1,RUNNING
2024-03-21 14:00:00,GEN_M03,71.55,57.2,399.99,102.22,49.969,0.887,13.0,8130.5,RUNNING
2024-03-21 14:00:00,GEN_B01,86.8,69.4,401.36,124.01,49.955,0.928,17.2,9446.9,RUNNING
2024-03-21 14:00:00,GEN_B02,73.78,59.0,398.41,105.4,49.927,0.924,9.6,12135.5,RUNNING
2024-03-21 15:00:00,GEN_M01,84.16,67.3,398.4,120.24,49.91,0.904,14.0,14192.1,RUNNING
2024-03-21 15:00:00,GEN_M02,80.2,64.2,400.87,114.57,50.007,0.89,14.6,10691.5,RUNNING
2024-03-21 15:00:00,GEN_M03,76.88,61.5,398.79,109.83,50.073,0.919,14.3,10712.6,RUNNING
2024-03-21 15:00:00,GEN_B01,89.4,71.5,401.46,127.72,49.856,0.922,15.1,9045.6,RUNNING
2024-03-21 15:00:00,GEN_B02,83.86,67.1,398.44,119.8,50.024,0.938,13.8,10008.2,MAINTENANCE
2024-03-21 16:00:00,GEN_M01,64.81,51.8,398.7,92.59,50.087,0.931,15.6,13775.6,RUNNING
2024-03-21 16:00:00,GEN_M02,77.73,62.2,397.32,111.04,50.076,0.936,15.3,13717.6,RUNNING
2024-03-21 16:00:00,GEN_M03,75.12,60.1,399.82,107.31,50.03,0.929,14.0,14079.2,RUNNING
2024-03-21 16:00:00,GEN_B01,90.63,72.5,402.18,129.48,50.086,0.926,16.2,9911.4,RUNNING
2024-03-21 16:00:00,GEN_B02,62.0,49.6,399.07,88.56,49.965,0.919,15.3,14083.8,RUNNING
2024-03-21 17:00:00,GEN_M01,60.26,48.2,402.03,86.09,50.022,0.946,12.2,13565.7,RUNNING
2024-03-21 17:00:00,GEN_M02,96.47,77.2,402.91,137.82,49.994,0.904,17.9,12900.9,RUNNING
2024-03-21 17:00:00,GEN_M03,69.67,55.7,402.26,99.53,49.991,0.935,20.7,9473.8,RUNNING
2024-03-21 17:00:00,GEN_B01,70.91,56.7,400.83,101.29,50.074,0.941,13.3,11368.7,RUNNING
2024-03-21 17:00:00,GEN_B02,95.83,76.7,400.87,136.9,49.916,0.908,14.2,13219.8,RUNNING
2024-03-21 18:00:00,GEN_M01,67.47,54.0,400.58,96.39,50.02,0.911,17.1,13852.8,RUNNING
2024-03-21 18:00:00,GEN_M02,66.62,53.3,399.78,95.17,49.943,0.908,16.2,9027.0,RUNNING
2024-03-21 18:00:00,GEN_M03,71.63,57.3,400.8,102.33,50.026,0.943,12.3,12754.5,RUNNING
2024-03-21 18:00:00,GEN_B01,59.81,47.8,400.18,85.44,50.011,0.924,17.7,9877.5,RUNNING
2024-03-21 18:00:00,GEN_B02,83.51,66.8,401.07,119.3,49.982,0.891,14.7,8946.3,RUNNING
2024-03-21 19:00:00,GEN_M01,45.58,36.5,401.09,65.12,49.974,0.926,13.7,11666.7,RUNNING
2024-03-21 19:00:00,GEN_M02,56.53,45.2,400.23,80.76,50.038,0.959,17.6,13487.8,MAINTENANCE
2024-03-21 19:00:00,GEN_M03,56.55,45.2,400.19,80.78,49.973,0.918,18.3,8122.9,RUNNING
2024-03-21 19:00:00,GEN_B01,52.45,42.0,399.14,74.93,49.985,0.934,14.3,14004.6,RUNNING
2024-03-21 19:00:00,GEN_B02,43.49,34.8,400.18,62.13,50.069,0.913,15.8,14563.2,RUNNING
2024-03-21 20:00:00,GEN_M01,64.74,51.8,399.32,92.48,50.021,0.932,13.5,9462.0,RUNNING
2024-03-21 20:00:00,GEN_M02,54.26,43.4,399.78,77.52,49.989,0.94,16.8,14453.1,RUNNING
2024-03-21 20:00:00,GEN_M03,74.99,60.0,398.46,107.13,49.954,0.903,11.3,11599.1,RUNNING
2024-03-21 20:00:00,GEN_B01,66.92,53.5,400.04,95.61,50.013,0.938,12.2,9636.0,RUNNING
2024-03-21 20:00:00,GEN_B02,40.88,32.7,400.46,58.4,50.022,0.941,19.8,14033.2,RUNNING
2024-03-21 21:00:00,GEN_M01,55.74,44.6,400.8,79.63,50.104,0.955,12.3,12109.7,RUNNING
2024-03-21 21:00:00,GEN_M02,46.8,37.4,398.63,66.86,50.175,0.925,14.2,11749.3,RUNNING
2024-03-21 21:00:00,GEN_M03,45.64,36.5,402.8,65.2,50.04,0.926,12.5,10159.8,RUNNING
2024-03-21 21:00:00,GEN_B01,58.87,47.1,398.07,84.1,49.997,0.919,15.5,11224.9,RUNNING
2024-03-21 21:00:00,GEN_B02,61.79,49.4,398.96,88.26,50.021,0.923,16.8,9427.2,RUNNING
2024-03-21 22:00:00,GEN_M01,63.52,50.8,402.09,90.75,50.08,0.925,15.3,13011.5,RUNNING
2024-03-21 22:00:00,GEN_M02,63.67,50.9,398.25,90.96,50.014,0.892,17.8,9408.1,RUNNING
2024-03-21 22:00:00,GEN_M03,60.64,48.5,399.76,86.63,50.05,0.938,14.8,13289.5,RUNNING
2024-03-21 22:00:00,GEN_B01,58.32,46.7,399.69,83.31,49.962,0.924,19.2,14857.9,RUNNING
2024-03-21 22:00:00,GEN_B02,49.12,39.3,400.68,70.17,49.975,0.915,14.5,9200.4,RUNNING
2024-03-21 23:00:00,GEN_M01,54.2,43.4,402.06,77.43,50.048,0.939,17.3,8021.0,RUNNING
2024-03-21 23:00:00,GEN_M02,53.13,42.5,398.83,75.9,49.993,0.919,15.6,8084.1,RUNNING
2024-03-21 23:00:00,GEN_M03,45.86,36.7,399.2,65.52,50.013,0.915,15.5,14193.6,RUNNING
2024-03-21 23:00:00,GEN_B01,46.85,37.5,399.03,66.93,50.059,0.954,14.6,8707.8,RUNNING
2024-03-21 23:00:00,GEN_B02,56.57,45.3,397.79,80.81,50.015,0.915,16.0,11140.3,RUNNING
2024-03-22 00:00:00,GEN_M01,50.1,40.1,400.27,71.57,49.973,0.944,12.5,14623.8,RUNNING
2024-03-22 00:00:00,GEN_M02,61.0,48.8,398.26,87.14,49.968,0.959,18.7,14435.3,RUNNING
2024-03-22 00:00:00,GEN_M03,50.59,40.5,401.78,72.27,49.999,0.934,16.5,11154.8,RUNNING
2024-03-22 00:00:00,GEN_B01,54.05,43.2,401.33,77.21,50.035,0.923,13.3,8217.0,RUNNING
2024-03-22 00:00:00,GEN_B02,50.74,40.6,400.47,72.49,49.99,0.89,14.0,14492.9,RUNNING
2024-03-22 01:00:00,GEN_M01,53.1,42.5,402.63,75.85,49.951,0.931,15.8,12749.7,RUNNING
2024-03-22 01:00:00,GEN_M02,54.02,43.2,399.94,77.17,49.911,0.902,13.8,13820.0,RUNNING
2024-03-22 01:00:00,GEN_M03,48.94,39.2,398.04,69.91,49.927,0.94,13.0,14786.5,RUNNING
2024-03-22 01:00:00,GEN_B01,63.11,50.5,402.25,90.16,50.089,0.9,16.5,11069.7,RUNNING
2024-03-22 01:00:00,GEN_B02,53.29,42.6,401.44,76.13,49.983,0.935,14.7,14612.7,RUNNING
2024-03-22 02:00:00,GEN_M01,41.25,33.0,399.31,58.92,49.989,0.901,15.8,14643.4,RUNNING
2024-03-22 02:00:00,GEN_M02,68.24,54.6,398.61,97.49,50.007,0.906,19.3,12663.0,RUNNING
2024-03-22 02:00:00,GEN_M03,54.14,43.3,402.67,77.34,49.992,0.889,19.1,10088.0,RUNNING
2024-03-22 02:00:00,GEN_B01,54.07,43.3,400.87,77.24,49.941,0.907,18.4,13632.0,RUNNING
2024-03-22 02:00:00,GEN_B02,52.36,41.9,398.28,74.8,49.971,0.912,13.6,13852.8,RUNNING
2024-03-22 03:00:00,GEN_M01,65.99,52.8,398.81,94.28,50.057,0.911,15.9,13957.1,RUNNING
2024-03-22 03:00:00,GEN_M02,75.0,60.0,397.56,107.14,50.014,0.934,14.1,8228.9,RUNNING
2024-03-22 03:00:00,GEN_M03,52.99,42.4,398.09,75.7,50.017,0.959,14.0,11784.4,RUNNING
2024-03-22 03:00:00,GEN_B01,53.13,42.5,399.51,75.9,49.968,0.923,16.0,8999.8,RUNNING
2024-03-22 03:00:00,GEN_B02,65.83,52.7,401.19,94.05,50.043,0.898,14.7,14025.5,RUNNING
2024-03-22 04:00:00,GEN_M01,53.74,43.0,401.03,76.77,50.088,0.914,18.0,13392.9,RUNNING
2024-03-22 04:00:00,GEN_M02,61.51,49.2,401.67,87.88,49.968,0.919,15.9,13877.9,RUNNING
2024-03-22 04:00:00,GEN_M03,45.09,36.1,398.72,64.41,50.017,0.94,14.7,9098.0,RUNNING
2024-03-22 04:00:00,GEN_B01,60.48,48.4,400.14,86.41,49.993,0.897,16.8,11015.7,RUNNING
2024-03-22 04:00:00,GEN_B02,51.28,41.0,398.16,73.25,49.959,0.911,17.0,14850.8,RUNNING
2024-03-22 05:00:00,GEN_M01,65.91,52.7,402.09,94.16,50.004,0.885,16.0,13567.0,RUNNING
2024-03-22 05:00:00,GEN_M02,61.06,48.8,400.53,87.23,49.908,0.88,15.6,10577.9,RUNNING
2024-03-22 05:00:00,GEN_M03,62.96,50.4,400.93,89.94,50.083,0.918,15.6,14984.7,RUNNING
2024-03-22 05:00:00,GEN_B01,61.78,49.4,399.58,88.26,50.003,0.898,19.2,13131.8,RUNNING
2024-03-22 05:00:00,GEN_B02,48.34,38.7,398.45,69.05,49.99,0.93,17.5,11679.0,RUNNING
2024-03-22 06:00:00,GEN_M01,100.05,80.0,396.38,142.94,50.02,0.924,17.5,14988.8,RUNNING
2024-03-22 06:00:00,GEN_M02,83.97,67.2,399.51,119.95,49.884,0.926,15.4,9553.6,RUNNING
2024-03-22 06:00:00,GEN_M03,93.84,75.1,397.41,134.05,50.004,0.906,11.9,13511.2,RUNNING
2024-03-22 06:00:00,GEN_B01,90.97,72.8,400.22,129.96,49.901,0.919,13.7,13920.2,RUNNING
2024-03-22 06:00:00,GEN_B02,66.14,52.9,402.18,94.48,50.079,0.903,14.6,11070.0,RUNNING
2024-03-22 07:00:00,GEN_M01,74.39,59.5,399.03,106.28,50.103,0.927,14.4,14462.7,RUNNING
2024-03-22 07:00:00,GEN_M02,91.53,73.2,400.39,130.76,49.999,0.923,17.6,13717.0,RUNNING
2024-03-22 07:00:00,GEN_M03,80.67,64.5,398.48,115.24,50.001,0.934,14.8,11132.6,RUNNING
2024-03-22 07:00:00,GEN_B01,73.23,58.6,400.14,104.61,50.078,0.925,19.6,9015.5,RUNNING
2024-03-22 07:00:00,GEN_B02,84.58,67.7,399.67,120.83,49.996,0.907,15.1,9689.5,RUNNING
2024-03-22 08:00:00,GEN_M01,82.98,66.4,400.14,118.55,50.016,0.948,12.8,8039.0,RUNNING
2024-03-22 08:00:00,GEN_M02,84.42,67.5,399.06,120.6,50.036,0.918,14.7,12103.3,RUNNING
2024-03-22 08:00:00,GEN_M03,62.68,50.1,398.83,89.54,49.984,0.96,15.3,13316.9,RUNNING
2024-03-22 08:00:00,GEN_B01,76.4,61.1,400.56,109.14,49.945,0.907,16.9,8626.1,RUNNING
2024-03-22 08:00:00,GEN_B02,69.59,55.7,399.49,99.42,49.954,0.931,14.5,9716.6,RUNNING
2024-03-22 09:00:00,GEN_M01,76.32,61.1,399.86,109.02,49.97,0.928,15.3,14635.7,RUNNING
2024-03-22 09:00:00,GEN_M02,87.58,70.1,402.5,125.11,50.006,0.901,16.6,14867.6,RUNNING
2024-03-22 09:00:00,GEN_M03,76.95,61.6,398.62,109.93,49.874,0.925,14.4,12900.1,RUNNING
2024-03-22 09:00:00,GEN_B01,99.75,79.8,400.84,142.51,49.959,0.924,16.5,8549.5,RUNNING
2024-03-22 09:00:00,GEN_B02,80.08,64.1,397.95,114.41,50.152,0.949,16.0,10460.4,RUNNING
2024-03-22 10:00:00,GEN_M01,65.04,52.0,399.54,92.92,50.092,0.933,15.7,11745.2,RUNNING
2024-03-22 10:00:00,GEN_M02,80.84,64.7,401.56,115.48,49.966,0.94,15.6,9273.5,RUNNING
2024-03-22 10:00:00,GEN_M03,100.83,80.7,397.55,144.04,49.961,0.899,14.3,8337.1,RUNNING
2024-03-22 10:00:00,GEN_B01,83.21,66.6,400.37,118.87,50.079,0.941,18.4,11654.5,RUNNING
2024-03-22 10:00:00,GEN_B02,75.44,60.4,399.91,107.77,50.139,0.929,16.2,10282.3,RUNNING
2024-03-22 11:00:00,GEN_M01,87.09,69.7,399.68,124.41,49.965,0.936,17.4,12361.1,RUNNING
2024-03-22 11:00:00,GEN_M02,79.68,63.7,396.63,113.82,50.045,0.925,15.0,13061.4,RUNNING
2024-03-22 11:00:00,GEN_M03,76.58,61.3,400.01,109.4,49.951,0.926,15.9,13699.6,RUNNING
2024-03-22 11:00:00,GEN_B01,69.28,55.4,402.92,98.97,50.01,0.925,13.8,10907.1,RUNNING
2024-03-22 11:00:00,GEN_B02,90.91,72.7,399.93,129.87,50.013,0.921,19.6,12355.7,RUNNING
2024-03-22 12:00:00,GEN_M01,79.8,63.8,399.64,114.0,49.933,0.938,12.9,13965.2,RUNNING
2024-03-22 12:00:00,GEN_M02,74.47,59.6,400.57,106.38,49.96,0.93,16.8,12983.9,RUNNING
2024-03-22 12:00:00,GEN_M03,68.18,54.5,400.3,97.4,49.999,0.928,17.6,14692.7,RUNNING
2024-03-22 12:00:00,GEN_B01,80.1,64.1,401.94,114.42,50.053,0.934,15.3,8871.7,RUNNING
2024-03-22 12:00:00,GEN_B02,91.98,73.6,402.68,131.4,50.036,0.944,13.4,14261.9,RUNNING
2024-03-22 13:00:00,GEN_M01,85.93,68.7,399.12,122.75,49.99,0.892,12.4,13392.4,RUNNING
2024-03-22 13:00:00,GEN_M02,64.16,51.3,399.75,91.66,50.016,0.937,14.4,11761.8,RUNNING
2024-03-22 13:00:00,GEN_M03,78.46,62.8,400.35,112.09,49.937,0.915,14.0,8455.9,RUNNING
2024-03-22 13:00:00,GEN_B01,106.58,85.3,400.3,152.25,50.021,0.93,17.8,12283.0,RUNNING
2024-03-22 13:00:00,GEN_B02,87.5,70.0,401.25,124.99,49.958,0.909,11.2,10478.0,RUNNING
2024-03-22 14:00:00,GEN_M01,98.38,78.7,400.5,140.54,50.042,0.943,16.8,9640.2,RUNNING
2024-03-22 14:00:00,GEN_M02,83.48,66.8,400.91,119.26,50.072,0.923,16.8,14548.1,RUNNING
2024-03-22 14:00:00,GEN_M03,84.31,67.5,400.0,120.45,50.031,0.934,13.3,10847.4,RUNNING
2024-03-22 14:00:00,GEN_B01,98.38,78.7,399.16,140.54,50.066,0.906,16.3,9145.8,RUNNING
2024-03-22 14:00:00,GEN_B02,82.08,65.7,402.48,117.26,49.997,0.916,16.5,11924.2,RUNNING
2024-03-22 15:00:00,GEN_M01,54.56,43.7,402.26,77.95,50.027,0.912,15.2,9893.7,RUNNING
2024-03-22 15:00:00,GEN_M02,76.79,61.4,396.84,109.71,49.993,0.936,15.9,8827.2,RUNNING
2024-03-22 15:00:00,GEN_M03,70.9,56.7,398.8,101.28,49.947,0.936,9.8,9213.0,RUNNING
2024-03-22 15:00:00,GEN_B01,94.18,75.3,399.62,134.54,50.017,0.901,16.6,9311.3,RUNNING
2024-03-22 15:00:00,GEN_B02,56.63,45.3,400.62,80.9,49.903,0.924,14.7,14865.1,RUNNING
2024-03-22 16:00:00,GEN_M01,89.51,71.6,401.06,127.88,50.095,0.915,11.0,12986.3,RUNNING
2024-03-22 16:00:00,GEN_M02,88.65,70.9,400.33,126.65,50.008,0.928,16.2,14742.4,RUNNING
2024-03-22 16:00:00,GEN_M03,80.61,64.5,399.78,115.16,49.998,0.897,13.2,8255.2,RUNNING
2024-03-22 16:00:00,GEN_B01,80.15,64.1,400.88,114.49,49.967,0.923,15.9,9860.7,RUNNING
2024-03-22 16:00:00,GEN_B02,64.62,51.7,400.79,92.31,49.977,0.895,13.3,8427.2,RUNNING
2024-03-22 17:00:00,GEN_M01,93.94,75.2,399.74,134.21,50.037,0.933,12.8,8958.1,RUNNING
2024-03-22 17:00:00,GEN_M02,86.83,69.5,400.61,124.04,50.069,0.896,15.2,14255.4,RUNNING
2024-03-22 17:00:00,GEN_M03,85.1,68.1,402.62,121.57,50.042,0.908,18.7,14036.4,RUNNING
2024-03-22 17:00:00,GEN_B01,68.38,54.7,398.89,97.69,49.941,0.925,14.7,12115.6,RUNNING
2024-03-22 17:00:00,GEN_B02,89.15,71.3,399.21,127.35,50.044,0.91,14.5,13389.4,RUNNING
2024-03-22 18:00:00,GEN_M01,71.44,57.2,399.21,102.06,49.966,0.915,15.4,14410.7,RUNNING
2024-03-22 18:00:00,GEN_M02,88.79,71.0,400.94,126.85,49.991,0.931,16.7,14591.8,RUNNING
2024-03-22 18:00:00,GEN_M03,91.67,73.3,398.13,130.95,49.975,0.933,16.2,13633.2,RUNNING
2024-03-22 18:00:00,GEN_B01,59.7,47.8,400.65,85.28,49.995,0.943,20.6,11913.7,MAINTENANCE
2024-03-22 18:00:00,GEN_B02,82.14,65.7,398.62,117.34,50.042,0.909,16.4,8787.3,RUNNING
2024-03-22 19:00:00,GEN_M01,71.7,57.4,398.86,102.42,49.899,0.979,12.2,12595.0,RUNNING
2024-03-22 19:00:00,GEN_M02,61.7,49.4,401.16,88.15,49.947,0.904,13.4,14675.8,RUNNING
2024-03-22 19:00:00,GEN_M03,44.54,35.6,397.06,63.62,50.02,0.918,16.5,11530.6,RUNNING
2024-03-22 19:00:00,GEN_B01,62.61,50.1,399.85,89.44,50.056,0.928,16.2,12802.4,RUNNING
2024-03-22 19:00:00,GEN_B02,62.99,50.4,398.37,89.99,49.996,0.885,16.8,11429.8,RUNNING
2024-03-22 20:00:00,GEN_M01,69.75,55.8,399.54,99.65,49.952,0.939,18.9,13245.3,MAINTENANCE
2024-03-22 20:00:00,GEN_M02,41.22,33.0,398.88,58.89,49.996,0.948,14.4,11576.2,RUNNING
2024-03-22 20:00:00,GEN_M03,58.82,47.1,400.44,84.03,50.026,0.923,15.1,12825.9,RUNNING
2024-03-22 20:00:00,GEN_B01,40.99,32.8,400.12,58.55,49.964,0.932,12.9,14473.1,RUNNING
2024-03-22 20:00:00,GEN_B02,59.12,47.3,396.66,84.46,49.957,0.896,14.4,12644.1,RUNNING
2024-03-22 21:00:00,GEN_M01,47.15,37.7,397.74,67.35,50.012,0.915,10.3,14487.9,RUNNING
2024-03-22 21:00:00,GEN_M02,59.65,47.7,401.98,85.21,50.029,0.938,15.1,12493.9,RUNNING
2024-03-22 21:00:00,GEN_M03,63.88,51.1,399.49,91.26,49.983,0.914,16.5,9989.1,RUNNING
2024-03-22 21:00:00,GEN_B01,72.34,57.9,400.04,103.35,49.927,0.931,17.4,12481.2,RUNNING
2024-03-22 21:00:00,GEN_B02,53.52,42.8,396.45,76.46,50.018,0.923,19.0,9107.5,RUNNING
2024-03-22 22:00:00,GEN_M01,58.91,47.1,400.0,84.16,49.945,0.941,14.1,10844.5,RUNNING
2024-03-22 22:00:00,GEN_M02,63.8,51.0,403.07,91.15,49.966,0.9,15.7,13860.1,RUNNING
2024-03-22 22:00:00,GEN_M03,51.25,41.0,398.63,73.21,50.033,0.906,19.1,10779.5,RUNNING
2024-03-22 22:00:00,GEN_B01,52.76,42.2,398.8,75.37,50.036,0.928,12.2,9709.6,RUNNING
2024-03-22 22:00:00,GEN_B02,48.3,38.6,398.87,69.0,49.998,0.896,13.6,9167.0,RUNNING
2024-03-22 23:00:00,GEN_M01,64.24,51.4,398.67,91.77,49.993,0.903,14.8,8941.5,RUNNING
2024-03-22 23:00:00,GEN_M02,72.32,57.9,398.1,103.31,49.988,0.922,12.0,14163.3,RUNNING
2024-03-22 23:00:00,GEN_M03,57.0,45.6,400.66,81.43,49.954,0.941,17.0,13285.9,RUNNING
2024-03-22 23:00:00,GEN_B01,56.64,45.3,395.92,80.91,49.976,0.902,17.4,13417.5,RUNNING
2024-03-22 23:00:00,GEN_B02,61.51,49.2,399.09,87.88,50.012,0.916,16.8,14845.1,RUNNING
2024-03-23 00:00:00,GEN_M01,57.12,45.7,399.51,81.6,49.917,0.932,16.7,11463.5,RUNNING
2024-03-23 00:00:00,GEN_M02,64.29,51.4,401.69,91.85,50.059,0.904,13.3,11909.0,RUNNING
2024-03-23 00:00:00,GEN_M03,47.93,38.3,399.8,68.47,50.08,0.953,16.9,9027.7,RUNNING
2024-03-23 00:00:00,GEN_B01,67.89,54.3,400.89,96.99,50.033,0.925,12.2,10512.0,RUNNING
2024-03-23 00:00:00,GEN_B02,56.87,45.5,398.84,81.25,49.952,0.917,13.9,11536.6,RUNNING
2024-03-23 01:00:00,GEN_M01,54.69,43.8,400.53,78.13,49.952,0.914,15.6,14957.8,RUNNING
2024-03-23 01:00:00,GEN_M02,46.24,37.0,400.89,66.05,49.97,0.927,14.5,14671.7,RUNNING
2024-03-23 01:00:00,GEN_M03,56.36,45.1,401.89,80.51,49.985,0.916,14.2,8363.8,RUNNING
2024-03-23 01:00:00,GEN_B01,52.61,42.1,402.09,75.16,50.057,0.937,18.1,9022.8,RUNNING
2024-03-23 01:00:00,GEN_B02,49.62,39.7,403.5,70.88,50.034,0.954,17.2,8346.8,RUNNING
2024-03-23 02:00:00,GEN_M01,59.68,47.7,399.13,85.26,50.031,0.938,15.8,14563.5,RUNNING
2024-03-23 02:00:00,GEN_M02,64.15,51.3,399.15,91.65,50.044,0.882,15.0,10998.3,RUNNING
2024-03-23 02:00:00,GEN_M03,46.7,37.4,399.34,66.71,50.044,0.946,17.3,13760.2,RUNNING
2024-03-23 02:00:00,GEN_B01,56.71,45.4,396.89,81.01,49.979,0.93,17.1,8857.4,RUNNING
2024-03-23 02:00:00,GEN_B02,43.44,34.8,398.73,62.06,49.993,0.923,16.4,11251.3,RUNNING
2024-03-23 03:00:00,GEN_M01,55.03,44.0,402.48,78.61,50.011,0.971,14.1,13633.2,RUNNING
2024-03-23 03:00:00,GEN_M02,46.36,37.1,399.54,66.23,49.961,0.913,14.5,12581.1,RUNNING
2024-03-23 03:00:00,GEN_M03,52.65,42.1,401.39,75.21,50.05,0.949,15.0,12955.1,RUNNING
2024-03-23 03:00:00,GEN_B01,55.69,44.6,400.79,79.56,49.942,0.945,19.2,13621.3,RUNNING
2024-03-23 03:00:00,GEN_B02,64.94,52.0,401.12,92.78,50.08,0.93,12.6,13040.3,RUNNING
2024-03-23 04:00:00,GEN_M01,61.24,49.0,399.31,87.49,50.033,0.902,14.7,12577.1,RUNNING
2024-03-23 04:00:00,GEN_M02,57.76,46.2,397.62,82.52,49.965,0.936,14.1,13378.6,RUNNING
2024-03-23 04:00:00,GEN_M03,50.68,40.5,399.74,72.4,50.047,0.888,14.0,8898.5,RUNNING
2024-03-23 04:00:00,GEN_B01,58.35,46.7,399.73,83.36,49.943,0.919,15.9,8166.5,RUNNING
2024-03-23 04:00:00,GEN_B02,48.43,38.7,401.32,69.19,49.984,0.937,13.9,12669.4,RUNNING
2024-03-23 05:00:00,GEN_M01,55.07,44.1,398.15,78.68,50.057,0.95,16.3,11888.2,RUNNING
2024-03-23 05:00:00,GEN_M02,71.34,57.1,400.3,101.91,50.085,0.952,16.2,8132.8,RUNNING
2024-03-23 05:00:00,GEN_M03,45.46,36.4,400.88,64.94,50.061,0.897,14.1,10387.1,RUNNING
2024-03-23 05:00:00,GEN_B01,61.63,49.3,396.5,88.04,49.911,0.897,14.0,8227.1,RUNNING
2024-03-23 05:00:00,GEN_B02,51.81,41.5,399.26,74.02,50.0,0.939,15.1,8303.2,RUNNING
2024-03-23 06:00:00,GEN_M01,81.1,64.9,401.07,115.86,49.992,0.884,16.2,13543.8,RUNNING
2024-03-23 06:00:00,GEN_M02,83.78,67.0,399.61,119.68,50.008,0.933,17.9,11533.7,RUNNING
2024-03-23 06:00:00,GEN_M03,65.77,52.6,402.53,93.96,50.005,0.905,17.2,10780.7,RUNNING
2024-03-23 06:00:00,GEN_B01,83.87,67.1,399.22,119.81,50.011,0.929,14.3,14356.7,RUNNING
2024-03-23 06:00:00,GEN_B02,85.15,68.1,399.84,121.65,49.996,0.912,14.2,11516.9,RUNNING
2024-03-23 07:00:00,GEN_M01,86.35,69.1,400.9,123.35,50.055,0.917,15.8,13087.1,RUNNING
2024-03-23 07:00:00,GEN_M02,83.89,67.1,401.64,119.85,50.005,0.915,12.4,11695.4,RUNNING
2024-03-23 07:00:00,GEN_M03,69.68,55.7,398.34,99.54,49.937,0.914,15.8,13156.6,RUNNING
2024-03-23 07:00:00,GEN_B01,88.07,70.5,399.73,125.81,50.006,0.919,13.4,11746.9,RUNNING
2024-03-23 07:00:00,GEN_B02,86.71,69.4,397.82,123.87,50.009,0.907,14.0,13595.3,RUNNING
2024-03-23 08:00:00,GEN_M01,96.89,77.5,400.68,138.41,49.967,0.891,15.6,10874.3,RUNNING
2024-03-23 08:00:00,GEN_M02,91.99,73.6,402.04,131.42,50.059,0.918,11.3,11399.1,RUNNING
2024-03-23 08:00:00,GEN_M03,83.42,66.7,401.83,119.17,49.912,0.954,11.9,11694.4,RUNNING
2024-03-23 08:00:00,GEN_B01,99.48,79.6,400.63,142.11,49.929,0.914,14.7,10325.8,RUNNING
2024-03-23 08:00:00,GEN_B02,93.47,74.8,401.23,133.53,49.973,0.906,17.1,12653.0,RUNNING
2024-03-23 09:00:00,GEN_M01,64.76,51.8,400.05,92.51,50.025,0.925,18.1,9615.9,MAINTENANCE
2024-03-23 09:00:00,GEN_M02,90.34,72.3,399.15,129.06,49.973,0.914,18.6,8016.7,RUNNING
2024-03-23 09:00:00,GEN_M03,80.92,64.7,399.9,115.6,49.957,0.903,16.6,11275.9,RUNNING
2024-03-23 09:00:00,GEN_B01,91.59,73.3,400.85,130.84,49.946,0.897,16.0,12614.2,RUNNING
2024-03-23 09:00:00,GEN_B02,83.03,66.4,403.44,118.62,49.899,0.921,13.8,8400.9,RUNNING
2024-03-23 10:00:00,GEN_M01,86.51,69.2,397.76,123.58,49.996,0.923,14.7,10588.7,RUNNING
2024-03-23 10:00:00,GEN_M02,90.37,72.3,399.36,129.09,49.974,0.912,18.5,11226.6,RUNNING
2024-03-23 10:00:00,GEN_M03,94.36,75.5,400.34,134.8,50.018,0.945,16.1,11709.2,RUNNING
2024-03-23 10:00:00,GEN_B01,72.47,58.0,400.7,103.53,50.004,0.904,13.6,10555.3,RUNNING
2024-03-23 10:00:00,GEN_B02,76.14,60.9,399.68,108.77,49.981,0.943,17.6,9837.3,RUNNING
2024-03-23 11:00:00,GEN_M01,94.75,75.8,399.69,135.35,49.973,0.941,16.2,12859.0,RUNNING
2024-03-23 11:00:00,GEN_M02,81.73,65.4,403.36,116.75,50.015,0.906,15.5,12988.9,RUNNING
2024-03-23 11:00:00,GEN_M03,71.05,56.8,397.74,101.49,50.0,0.946,17.0,13633.2,RUNNING
2024-03-23 11:00:00,GEN_B01,66.17,52.9,400.18,94.53,50.028,0.903,14.7,11016.0,RUNNING
2024-03-23 11:00:00,GEN_B02,85.41,68.3,400.47,122.01,49.967,0.917,16.1,10460.4,RUNNING
2024-03-23 12:00:00,GEN_M01,83.79,67.0,399.64,119.7,50.021,0.92,11.4,9750.5,RUNNING
2024-03-23 12:00:00,GEN_M02,103.1,82.5,398.03,147.29,50.05,0.91,16.4,12342.3,RUNNING
2024-03-23 12:00:00,GEN_M03,87.51,70.0,398.28,125.01,49.942,0.886,14.0,13649.7,RUNNING
2024-03-23 12:00:00,GEN_B01,77.42,61.9,403.29,110.59,49.95,0.902,13.1,11513.3,RUNNING
2024-03-23 12:00:00,GEN_B02,78.03,62.4,400.61,111.47,50.049,0.897,14.9,9797.5,RUNNING
2024-03-23 13:00:00,GEN_M01,81.45,65.2,403.51,116.35,49.996,0.898,20.7,12131.9,RUNNING
2024-03-23 13:00:00,GEN_M02,87.65,70.1,398.58,125.21,50.007,0.892,11.5,10332.5,RUNNING
2024-03-23 13:00:00,GEN_M03,78.28,62.6,400.13,111.83,50.025,0.902,13.7,13769.8,RUNNING
2024-03-23 13:00:00,GEN_B01,86.44,69.2,400.2,123.49,49.992,0.914,15.7,14700.3,RUNNING
2024-03-23 13:00:00,GEN_B02,88.48,70.8,398.59,126.4,49.984,0.919,16.2,14764.5,RUNNING
2024-03-23 14:00:00,GEN_M01,83.04,66.4,399.35,118.62,50.053,0.927,15.2,14220.7,RUNNING
2024-03-23 14:00:00,GEN_M02,80.13,64.1,400.42,114.47,50.001,0.89,14.4,12925.3,RUNNING
2024-03-23 14:00:00,GEN_M03,84.95,68.0,399.44,121.36,49.957,0.91,13.9,14351.8,RUNNING
2024-03-23 14:00:00,GEN_B01,91.5,73.2,399.41,130.71,49.935,0.929,18.4,11502.2,RUNNING
2024-03-23 14:00:00,GEN_B02,82.94,66.3,400.48,118.48,49.977,0.933,18.9,10303.4,RUNNING
2024-03-23 15:00:00,GEN_M01,89.4,71.5,403.43,127.72,50.063,0.949,17.7,13594.0,RUNNING
2024-03-23 15:00:00,GEN_M02,76.9,61.5,399.29,109.86,49.998,0.911,18.5,14932.3,RUNNING
2024-03-23 15:00:00,GEN_M03,75.44,60.4,398.27,107.77,49.966,0.901,15.1,12232.1,RUNNING
2024-03-23 15:00:00,GEN_B01,106.7,85.4,400.04,152.43,50.039,0.894,15.0,9512.7,RUNNING
2024-03-23 15:00:00,GEN_B02,71.47,57.2,401.26,102.09,49.957,0.94,12.0,11526.9,RUNNING
2024-03-23 16:00:00,GEN_M01,79.54,63.6,399.27,113.63,50.052,0.917,15.5,8625.8,RUNNING
2024-03-23 16:00:00,GEN_M02,84.89,67.9,398.48,121.27,50.067,0.907,15.4,13242.3,RUNNING
2024-03-23 16:00:00,GEN_M03,66.26,53.0,400.87,94.66,49.986,0.917,14.8,13754.0,RUNNING
2024-03-23 16:00:00,GEN_B01,83.42,66.7,399.7,119.17,49.951,0.928,15.2,11587.3,RUNNING
2024-03-23 16:00:00,GEN_B02,81.4,65.1,397.92,116.28,50.021,0.915,13.5,11857.0,RUNNING
2024-03-23 17:00:00,GEN_M01,82.64,66.1,399.77,118.05,49.955,0.929,17.0,14204.1,RUNNING
2024-03-23 17:00:00,GEN_M02,81.46,65.2,396.48,116.37,49.964,0.929,10.9,14669.8,RUNNING
2024-03-23 17:00:00,GEN_M03,76.33,61.1,399.01,109.04,50.103,0.916,16.1,8870.0,RUNNING
2024-03-23 17:00:00,GEN_B01,77.07,61.7,399.93,110.1,49.861,0.93,16.1,13385.3,RUNNING
2024-03-23 17:00:00,GEN_B02,87.34,69.9,403.59,124.77,50.012,0.874,15.5,13976.0,RUNNING
2024-03-23 18:00:00,GEN_M01,67.47,54.0,401.82,96.39,49.972,0.915,14.6,11478.7,RUNNING
2024-03-23 18:00:00,GEN_M02,89.06,71.2,399.6,127.23,50.012,0.941,13.2,8951.9,RUNNING
2024-03-23 18:00:00,GEN_M03,84.37,67.5,401.8,120.54,50.031,0.881,14.0,9920.8,RUNNING
2024-03-23 18:00:00,GEN_B01,89.63,71.7,399.69,128.04,50.045,0.946,17.5,14794.3,RUNNING
2024-03-23 18:00:00,GEN_B02,88.19,70.6,401.33,125.99,49.948,0.907,16.1,10899.3,RUNNING
2024-03-23 19:00:00,GEN_M01,46.8,37.4,400.71,66.86,49.956,0.895,17.8,8093.6,RUNNING
2024-03-23 19:00:00,GEN_M02,59.22,47.4,399.72,84.59,49.956,0.946,10.8,13365.2,RUNNING
2024-03-23 19:00:00,GEN_M03,59.32,47.5,399.84,84.74,50.014,0.938,14.3,13613.4,RUNNING
2024-03-23 19:00:00,GEN_B01,53.24,42.6,402.39,76.05,49.984,0.932,13.2,11336.5,RUNNING
2024-03-23 19:00:00,GEN_B02,62.01,49.6,398.83,88.59,49.976,0.905,16.2,13241.8,RUNNING
2024-03-23 20:00:00,GEN_M01,59.02,47.2,399.02,84.31,49.965,0.927,13.6,9439.2,RUNNING
2024-03-23 20:00:00,GEN_M02,44.39,35.5,398.51,63.42,50.098,0.941,16.2,14771.9,RUNNING
2024-03-23 20:00:00,GEN_M03,59.76,47.8,401.86,85.38,49.995,0.905,13.2,12656.7,RUNNING
2024-03-23 20:00:00,GEN_B01,60.31,48.2,399.02,86.16,50.048,0.934,15.8,14223.1,RUNNING
2024-03-23 20:00:00,GEN_B02,46.26,37.0,397.81,66.08,50.006,0.934,16.1,10755.9,RUNNING
2024-03-23 21:00:00,GEN_M01,58.79,47.0,396.8,83.98,49.974,0.914,16.0,11471.5,RUNNING
2024-03-23 21:00:00,GEN_M02,63.1,50.5,399.5,90.14,49.958,0.9,13.3,12440.8,MAINTENANCE
2024-03-23 21:00:00,GEN_M03,49.31,39.4,403.06,70.44,49.997,0.893,13.9,14992.9,RUNNING
2024-03-23 21:00:00,GEN_B01,52.32,41.9,398.95,74.74,50.074,0.941,17.2,9436.3,RUNNING
2024-03-23 21:00:00,GEN_B02,54.79,43.8,400.62,78.28,50.067,0.927,15.5,13549.6,RUNNING
2024-03-23 22:00:00,GEN_M01,62.39,49.9,399.88,89.13,50.033,0.926,13.8,8501.4,RUNNING
2024-03-23 22:00:00,GEN_M02,48.69,39.0,398.05,69.56,49.955,0.962,15.3,13791.1,RUNNING
2024-03-23 22:00:00,GEN_M03,55.31,44.2,398.38,79.01,49.96,0.963,12.7,14487.0,RUNNING
2024-03-23 22:00:00,GEN_B01,54.52,43.6,401.3,77.88,49.974,0.896,16.2,13881.8,RUNNING
2024-03-23 22:00:00,GEN_B02,49.17,39.3,399.22,70.24,49.814,0.934,12.1,14937.3,RUNNING
2024-03-23 23:00:00,GEN_M01,60.54,48.4,397.93,86.49,50.076,0.939,13.2,8629.7,RUNNING
2024-03-23 23:00:00,GEN_M02,56.54,45.2,400.44,80.76,49.94,0.872,12.3,12542.7,RUNNING
2024-03-23 23:00:00,GEN_M03,50.15,40.1,398.33,71.64,49.995,0.907,18.5,9367.8,RUNNING
2024-03-23 23:00:00,GEN_B01,70.03,56.0,400.7,100.05,50.064,0.909,11.5,10085.3,RUNNING
2024-03-23 23:00:00,GEN_B02,56.43,45.1,397.68,80.61,49.92,0.937,16.4,12001.2,RUNNING
2024-03-24 00:00:00,GEN_M01,47.41,37.9,397.51,67.73,50.065,0.936,15.7,11341.2,RUNNING
2024-03-24 00:00:00,GEN_M02,51.74,41.4,399.18,73.91,50.053,0.944,14.4,13344.2,RUNNING
2024-03-24 00:00:00,GEN_M03,35.23,28.2,399.47,50.32,50.042,0.914,14.5,9101.2,RUNNING
2024-03-24 00:00:00,GEN_B01,60.42,48.3,400.0,86.31,50.015,0.895,16.7,9524.0,RUNNING
2024-03-24 00:00:00,GEN_B02,69.1,55.3,399.38,98.71,50.045,0.919,14.6,14556.4,RUNNING
2024-03-24 01:00:00,GEN_M01,61.63,49.3,401.07,88.04,49.996,0.937,14.5,10414.3,RUNNING
2024-03-24 01:00:00,GEN_M02,58.93,47.1,400.93,84.19,50.122,0.901,18.8,13379.7,RUNNING
2024-03-24 01:00:00,GEN_M03,58.18,46.5,399.21,83.12,49.938,0.963,16.1,12552.1,RUNNING
2024-03-24 01:00:00,GEN_B01,56.61,45.3,400.94,80.87,50.072,0.906,15.4,9085.5,RUNNING
2024-03-24 01:00:00,GEN_B02,57.04,45.6,400.32,81.49,49.985,0.921,13.9,13362.7,RUNNING
2024-03-24 02:00:00,GEN_M01,76.15,60.9,399.07,108.79,50.055,0.914,16.7,13263.7,RUNNING
2024-03-24 02:00:00,GEN_M02,51.01,40.8,400.47,72.87,50.023,0.901,13.9,10602.6,RUNNING
2024-03-24 02:00:00,GEN_M03,65.84,52.7,399.05,94.06,50.016,0.946,14.2,14832.9,RUNNING
2024-03-24 02:00:00,GEN_B01,47.51,38.0,402.21,67.88,50.026,0.899,11.3,9122.5,RUNNING
2024-03-24 02:00:00,GEN_B02,61.05,48.8,401.0,87.21,50.008,0.928,17.2,8821.3,RUNNING
2024-03-24 03:00:00,GEN_M01,50.69,40.5,400.01,72.41,49.986,0.92,14.2,12216.9,RUNNING
2024-03-24 03:00:00,GEN_M02,48.21,38.6,398.93,68.87,49.989,0.96,10.9,14323.6,RUNNING
2024-03-24 03:00:00,GEN_M03,52.58,42.1,399.84,75.12,49.987,0.922,12.1,14000.7,RUNNING
2024-03-24 03:00:00,GEN_B01,49.83,39.9,398.91,71.18,49.954,0.955,16.1,12778.2,RUNNING
2024-03-24 03:00:00,GEN_B02,42.65,34.1,400.23,60.93,49.933,0.883,13.9,11992.7,RUNNING
2024-03-24 04:00:00,GEN_M01,54.96,44.0,397.86,78.52,49.971,0.919,16.4,14778.1,RUNNING
2024-03-24 04:00:00,GEN_M02,48.98,39.2,399.58,69.98,50.024,0.926,15.4,12036.4,RUNNING
2024-03-24 04:00:00,GEN_M03,39.96,32.0,399.89,57.08,50.015,0.914,12.0,14720.6,RUNNING
2024-03-24 04:00:00,GEN_B01,52.19,41.7,398.33,74.55,49.957,0.946,12.8,14109.5,RUNNING
2024-03-24 04:00:00,GEN_B02,68.18,54.5,400.23,97.4,50.078,0.901,16.7,10834.6,RUNNING
2024-03-24 05:00:00,GEN_M01,54.26,43.4,401.18,77.51,50.005,0.93,13.5,11029.5,RUNNING
2024-03-24 05:00:00,GEN_M02,61.12,48.9,401.24,87.31,50.014,0.897,13.3,12779.8,RUNNING
2024-03-24 05:00:00,GEN_M03,58.84,47.1,397.41,84.06,50.113,0.976,16.2,8550.3,RUNNING
2024-03-24 05:00:00,GEN_B01,66.97,53.6,399.39,95.66,49.981,0.936,15.3,11395.8,RUNNING
2024-03-24 05:00:00,GEN_B02,64.27,51.4,399.85,91.81,50.006,0.948,17.6,12635.9,RUNNING
2024-03-24 06:00:00,GEN_M01,70.56,56.4,398.9,100.8,49.974,0.924,13.0,8601.8,RUNNING
2024-03-24 06:00:00,GEN_M02,80.32,64.3,399.31,114.74,50.122,0.934,13.4,9506.8,RUNNING
2024-03-24 06:00:00,GEN_M03,71.35,57.1,402.04,101.92,50.011,0.924,15.0,14210.2,RUNNING
2024-03-24 06:00:00,GEN_B01,92.35,73.9,402.11,131.93,49.981,0.943,13.2,10822.9,RUNNING
2024-03-24 06:00:00,GEN_B02,81.25,65.0,399.57,116.07,49.987,0.912,16.7,10083.6,RUNNING
2024-03-24 07:00:00,GEN_M01,62.64,50.1,401.57,89.49,50.024,0.894,10.5,12718.7,RUNNING
2024-03-24 07:00:00,GEN_M02,81.25,65.0,399.82,116.08,50.01,0.904,14.4,10738.4,RUNNING
2024-03-24 07:00:00,GEN_M03,92.43,73.9,399.55,132.04,50.077,0.926,18.6,10221.6,RUNNING
2024-03-24 07:00:00,GEN_B01,62.55,50.0,398.22,89.36,49.969,0.922,16.1,14921.5,RUNNING
2024-03-24 07:00:00,GEN_B02,74.83,59.9,400.41,106.9,49.969,0.899,12.2,13845.4,RUNNING
2024-03-24 08:00:00,GEN_M01,61.24,49.0,400.04,87.48,50.002,0.93,12.0,12520.8,RUNNING
2024-03-24 08:00:00,GEN_M02,98.41,78.7,400.27,140.58,50.008,0.951,17.5,14022.3,RUNNING
2024-03-24 08:00:00,GEN_M03,92.91,74.3,399.8,132.72,49.932,0.911,14.6,14262.2,RUNNING
2024-03-24 08:00:00,GEN_B01,77.95,62.4,402.23,111.36,49.897,0.932,13.1,13199.1,RUNNING
2024-03-24 08:00:00,GEN_B02,92.21,73.8,401.88,131.72,49.965,0.908,14.7,14222.4,RUNNING
2024-03-24 09:00:00,GEN_M01,101.94,81.6,401.08,145.63,49.9,0.928,16.1,14658.0,RUNNING
2024-03-24 09:00:00,GEN_M02,81.41,65.1,398.81,116.3,50.06,0.896,17.1,14680.4,RUNNING
2024-03-24 09:00:00,GEN_M03,76.73,61.4,398.38,109.62,50.0,0.947,12.0,9183.7,RUNNING
2024-03-24 09:00:00,GEN_B01,60.14,48.1,399.01,85.92,49.974,0.942,16.5,13306.9,MAINTENANCE
2024-03-24 09:00:00,GEN_B02,79.9,63.9,400.24,114.14,50.074,0.925,14.5,11173.0,RUNNING
2024-03-24 10:00:00,GEN_M01,78.4,62.7,398.14,112.01,50.007,0.918,16.8,11948.6,RUNNING
2024-03-24 10:00:00,GEN_M02,91.42,73.1,401.35,130.59,50.03,0.914,18.2,9427.3,RUNNING
2024-03-24 10:00:00,GEN_M03,89.82,71.9,399.06,128.31,50.087,0.944,16.2,10087.1,RUNNING
2024-03-24 10:00:00,GEN_B01,72.58,58.1,398.79,103.69,49.967,0.938,16.7,10295.5,RUNNING
2024-03-24 10:00:00,GEN_B02,87.83,70.3,399.05,125.47,49.982,0.911,12.2,9175.3,RUNNING
2024-03-24 11:00:00,GEN_M01,74.76,59.8,400.77,106.79,49.919,0.909,13.0,12791.7,RUNNING
2024-03-24 11:00:00,GEN_M02,67.4,53.9,398.37,96.29,49.891,0.922,11.3,14664.3,RUNNING
2024-03-24 11:00:00,GEN_M03,76.65,61.3,400.77,109.51,50.044,0.925,14.4,8480.2,RUNNING
2024-03-24 11:00:00,GEN_B01,79.02,63.2,399.47,112.89,50.01,0.939,13.7,11486.1,RUNNING
2024-03-24 11:00:00,GEN_B02,67.35,53.9,400.43,96.22,50.053,0.967,10.9,14926.6,RUNNING
2024-03-24 12:00:00,GEN_M01,82.07,65.7,400.03,117.24,50.081,0.912,16.8,13165.3,RUNNING
2024-03-24 12:00:00,GEN_M02,84.54,67.6,397.94,120.78,50.051,0.925,13.6,14354.6,RUNNING
2024-03-24 12:00:00,GEN_M03,89.7,71.8,400.95,128.15,49.974,0.931,15.8,14542.7,RUNNING
2024-03-24 12:00:00,GEN_B01,65.56,52.4,400.21,93.65,50.015,0.902,13.7,12177.0,RUNNING
2024-03-24 12:00:00,GEN_B02,64.49,51.6,402.18,92.13,50.0,0.907,15.3,9112.5,RUNNING
2024-03-24 13:00:00,GEN_M01,75.8,60.6,401.39,108.29,50.054,0.89,17.9,8016.6,RUNNING
2024-03-24 13:00:00,GEN_M02,82.54,66.0,398.58,117.91,49.996,0.898,17.3,10133.9,RUNNING
2024-03-24 13:00:00,GEN_M03,89.59,71.7,402.32,127.98,50.003,0.936,12.9,8972.6,RUNNING
2024-03-24 13:00:00,GEN_B01,64.84,51.9,401.66,92.63,49.902,0.959,14.7,9705.4,RUNNING
2024-03-24 13:00:00,GEN_B02,89.59,71.7,398.17,127.98,50.022,0.926,16.8,11198.6,RUNNING
2024-03-24 14:00:00,GEN_M01,81.7,65.4,399.22,116.71,50.074,0.901,15.0,8634.0,RUNNING
2024-03-24 14:00:00,GEN_M02,66.07,52.9,400.95,94.39,50.007,0.92,15.6,11792.9,RUNNING
2024-03-24 14:00:00,GEN_M03,83.21,66.6,401.71,118.87,49.926,0.941,18.9,13004.7,RUNNING
2024-03-24 14:00:00,GEN_B01,68.25,54.6,399.41,97.51,50.035,0.94,18.9,13684.0,RUNNING
2024-03-24 14:00:00,GEN_B02,85.96,68.8,400.23,122.79,50.028,0.92,11.8,14260.4,RUNNING
2024-03-24 15:00:00,GEN_M01,72.66,58.1,400.7,103.8,49.988,0.929,15.9,11475.9,RUNNING
2024-03-24 15:00:00,GEN_M02,77.44,62.0,398.24,110.63,50.019,0.958,15.2,12226.0,RUNNING
2024-03-24 15:00:00,GEN_M03,82.06,65.6,400.74,117.23,50.079,0.912,13.2,12056.2,RUNNING
2024-03-24 15:00:00,GEN_B01,70.5,56.4,399.95,100.72,49.968,0.888,14.8,12133.6,RUNNING
2024-03-24 15:00:00,GEN_B02,77.13,61.7,398.09,110.19,50.004,0.893,16.2,8836.1,RUNNING
2024-03-24 16:00:00,GEN_M01,86.05,68.8,401.47,122.93,50.061,0.917,11.9,9389.5,RUNNING
2024-03-24 16:00:00,GEN_M02,67.8,54.2,401.64,96.85,50.099,0.921,10.9,10231.9,RUNNING
2024-03-24 16:00:00,GEN_M03,93.07,74.5,398.55,132.95,50.115,0.941,15.5,13511.4,RUNNING
2024-03-24 16:00:00,GEN_B01,86.74,69.4,399.84,123.92,50.054,0.941,16.9,9095.3,RUNNING
2024-03-24 16:00:00,GEN_B02,71.04,56.8,401.99,101.48,49.927,0.921,11.9,10801.7,RUNNING
2024-03-24 17:00:00,GEN_M01,65.34,52.3,397.65,93.34,50.044,0.942,15.8,13840.0,RUNNING
2024-03-24 17:00:00,GEN_M02,81.43,65.1,401.22,116.32,49.97,0.942,15.0,12111.9,RUNNING
2024-03-24 17:00:00,GEN_M03,84.22,67.4,399.49,120.31,50.008,0.906,15.5,14423.4,RUNNING
2024-03-24 17:00:00,GEN_B01,88.13,70.5,399.1,125.9,49.957,0.928,16.4,10603.0,RUNNING
2024-03-24 17:00:00,GEN_B02,88.96,71.2,399.86,127.08,50.058,0.894,15.9,12420.8,RUNNING
2024-03-24 18:00:00,GEN_M01,87.42,69.9,399.5,124.89,50.024,0.924,15.3,14728.8,RUNNING
2024-03-24 18:00:00,GEN_M02,84.24,67.4,401.36,120.35,50.023,0.92,17.0,9705.6,RUNNING
2024-03-24 18:00:00,GEN_M03,85.7,68.6,399.77,122.42,49.986,0.93,17.5,14738.8,RUNNING
2024-03-24 18:00:00,GEN_B01,88.63,70.9,399.98,126.62,50.078,0.932,13.4,9666.1,RUNNING
2024-03-24 18:00:00,GEN_B02,68.81,55.1,398.51,98.31,49.874,0.892,18.4,12044.2,RUNNING
2024-03-24 19:00:00,GEN_M01,56.65,45.3,399.06,80.93,49.954,0.938,15.8,9292.9,RUNNING
2024-03-24 19:00:00,GEN_M02,58.49,46.8,397.69,83.55,49.91,0.917,9.8,8463.3,RUNNING
2024-03-24 19:00:00,GEN_M03,57.77,46.2,400.48,82.53,49.954,0.903,17.2,10281.8,RUNNING
2024-03-24 19:00:00,GEN_B01,56.51,45.2,398.77,80.73,49.932,0.928,15.9,11872.4,RUNNING
2024-03-24 19:00:00,GEN_B02,62.47,50.0,400.92,89.24,49.992,0.893,13.7,14879.5,RUNNING
2024-03-24 20:00:00,GEN_M01,67.0,53.6,398.78,95.72,49.906,0.895,15.3,11302.7,RUNNING
2024-03-24 20:00:00,GEN_M02,48.97,39.2,401.65,69.96,50.03,0.915,14.9,10351.5,RUNNING
2024-03-24 20:00:00,GEN_M03,58.38,46.7,400.39,83.4,50.051,0.937,12.6,11460.6,RUNNING
2024-03-24 20:00:00,GEN_B01,63.02,50.4,400.68,90.02,49.956,0.897,13.3,12782.0,RUNNING
2024-03-24 20:00:00,GEN_B02,61.42,49.1,397.49,87.74,49.969,0.949,15.9,14433.3,RUNNING
2024-03-24 21:00:00,GEN_M01,54.23,43.4,400.67,77.46,49.992,0.914,19.5,9437.8,RUNNING
2024-03-24 21:00:00,GEN_M02,63.55,50.8,399.62,90.78,49.994,0.936,16.0,11732.4,RUNNING
2024-03-24 21:00:00,GEN_M03,71.47,57.2,397.7,102.1,50.006,0.904,13.5,14725.7,RUNNING
2024-03-24 21:00:00,GEN_B01,57.41,45.9,401.08,82.02,49.941,0.902,15.7,8649.1,MAINTENANCE
2024-03-24 21:00:00,GEN_B02,53.89,43.1,400.3,76.99,50.129,0.875,15.6,12841.1,RUNNING
2024-03-24 22:00:00,GEN_M01,49.39,39.5,402.64,70.55,49.969,0.908,14.2,13773.5,RUNNING
2024-03-24 22:00:00,GEN_M02,57.15,45.7,401.17,81.64,49.905,0.919,17.2,13499.6,RUNNING
2024-03-24 22:00:00,GEN_M03,50.93,40.7,398.36,72.75,50.023,0.94,13.1,11931.7,RUNNING
2024-03-24 22:00:00,GEN_B01,57.31,45.9,398.89,81.88,49.982,0.904,13.2,12627.4,RUNNING
2024-03-24 22:00:00,GEN_B02,42.09,33.7,399.68,60.13,50.061,0.926,13.9,13344.0,RUNNING
2024-03-24 23:00:00,GEN_M01,54.14,43.3,400.32,77.34,49.992,0.93,13.5,12183.0,RUNNING
2024-03-24 23:00:00,GEN_M02,55.28,44.2,402.37,78.98,50.057,0.926,18.5,11576.0,RUNNING
2024-03-24 23:00:00,GEN_M03,50.47,40.4,397.99,72.1,50.021,0.911,16.7,9202.6,RUNNING
2024-03-24 23:00:00,GEN_B01,50.8,40.6,398.24,72.58,50.048,0.92,15.0,13519.6,RUNNING
2024-03-24 23:00:00,GEN_B02,47.67,38.1,401.06,68.09,49.95,0.914,14.5,12511.2,RUNNING
2024-03-25 00:00:00,GEN_M01,50.79,40.6,400.71,72.56,50.087,0.947,16.3,14849.8,RUNNING
2024-03-25 00:00:00,GEN_M02,52.78,42.2,397.88,75.4,50.012,0.94,13.0,10947.9,RUNNING
2024-03-25 00:00:00,GEN_M03,56.58,45.3,398.86,80.83,49.876,0.943,17.9,14244.2,RUNNING
2024-03-25 00:00:00,GEN_B01,47.55,38.0,401.62,67.92,50.134,0.904,14.2,8042.2,RUNNING
2024-03-25 00:00:00,GEN_B02,57.25,45.8,400.47,81.79,49.97,0.907,15.1,8131.0,MAINTENANCE
2024-03-25 01:00:00,GEN_M01,51.55,41.2,399.33,73.64,49.875,0.922,14.2,8726.6,RUNNING
2024-03-25 01:00:00,GEN_M02,56.95,45.6,399.4,81.35,50.0,0.908,15.1,11191.5,RUNNING
2024-03-25 01:00:00,GEN_M03,47.48,38.0,403.89,67.83,49.979,0.929,15.6,8545.2,RUNNING
2024-03-25 01:00:00,GEN_B01,73.7,59.0,402.0,105.29,50.011,0.91,11.8,14691.0,RUNNING
2024-03-25 01:00:00,GEN_B02,56.61,45.3,402.36,80.88,49.999,0.934,14.4,13045.5,RUNNING
2024-03-25 02:00:00,GEN_M01,53.38,42.7,401.96,76.26,50.017,0.935,12.2,14229.9,RUNNING
2024-03-25 02:00:00,GEN_M02,50.79,40.6,400.7,72.55,50.008,0.941,17.5,13671.1,RUNNING
2024-03-25 02:00:00,GEN_M03,51.28,41.0,398.6,73.26,49.943,0.911,15.2,9280.2,RUNNING
2024-03-25 02:00:00,GEN_B01,55.04,44.0,399.52,78.63,49.975,0.933,16.3,12854.2,RUNNING
2024-03-25 02:00:00,GEN_B02,59.49,47.6,399.82,84.99,49.968,0.887,12.4,10223.6,RUNNING
2024-03-25 03:00:00,GEN_M01,64.18,51.3,401.32,91.69,49.999,0.939,16.5,13514.7,MAINTENANCE
2024-03-25 03:00:00,GEN_M02,58.46,46.8,398.24,83.51,50.007,0.924,17.4,10327.8,RUNNING
2024-03-25 03:00:00,GEN_M03,47.58,38.1,399.34,67.97,49.935,0.944,15.2,8918.8,RUNNING
2024-03-25 03:00:00,GEN_B01,57.77,46.2,397.66,82.53,50.014,0.953,14.6,8261.2,RUNNING
2024-03-25 03:00:00,GEN_B02,66.84,53.5,400.4,95.49,49.993,0.957,16.2,13973.1,RUNNING
2024-03-25 04:00:00,GEN_M01,57.33,45.9,397.52,81.9,50.055,0.937,15.4,12455.8,RUNNING
2024-03-25 04:00:00,GEN_M02,57.66,46.1,398.54,82.37,49.997,0.886,12.5,11023.8,RUNNING
2024-03-25 04:00:00,GEN_M03,57.28,45.8,400.97,81.82,49.993,0.913,13.1,12484.3,RUNNING
2024-03-25 04:00:00,GEN_B01,66.83,53.5,399.23,95.47,49.986,0.913,15.5,11228.5,RUNNING
2024-03-25 04:00:00,GEN_B02,56.2,45.0,401.72,80.28,49.961,0.926,18.2,12703.1,RUNNING
2024-03-25 05:00:00,GEN_M01,50.43,40.3,401.19,72.05,50.081,0.917,14.4,13016.8,RUNNING
2024-03-25 05:00:00,GEN_M02,49.23,39.4,398.13,70.33,50.038,0.9,13.0,10635.1,RUNNING
2024-03-25 05:00:00,GEN_M03,60.45,48.4,401.0,86.36,50.002,0.873,13.6,12111.5,RUNNING
2024-03-25 05:00:00,GEN_B01,53.4,42.7,401.05,76.28,49.998,0.921,14.2,9248.4,MAINTENANCE
2024-03-25 05:00:00,GEN_B02,57.38,45.9,399.46,81.97,49.991,0.905,13.4,14317.3,RUNNING
2024-03-25 06:00:00,GEN_M01,98.11,78.5,401.34,140.16,50.071,0.939,13.6,13382.3,RUNNING
2024-03-25 06:00:00,GEN_M02,76.27,61.0,399.95,108.96,49.976,0.935,14.7,11295.6,RUNNING
2024-03-25 06:00:00,GEN_M03,71.45,57.2,400.35,102.07,49.99,0.916,18.3,10962.6,RUNNING
2024-03-25 06:00:00,GEN_B01,67.43,53.9,399.02,96.33,49.997,0.902,16.3,14057.3,RUNNING
2024-03-25 06:00:00,GEN_B02,82.31,65.8,400.09,117.58,50.082,0.904,15.8,8839.6,RUNNING
2024-03-25 07:00:00,GEN_M01,79.87,63.9,400.04,114.1,50.006,0.922,15.3,10006.2,RUNNING
2024-03-25 07:00:00,GEN_M02,83.08,66.5,399.86,118.69,49.963,0.89,13.3,13428.1,RUNNING
2024-03-25 07:00:00,GEN_M03,84.86,67.9,400.06,121.22,50.017,0.94,14.2,8152.1,RUNNING
2024-03-25 07:00:00,GEN_B01,63.75,51.0,402.08,91.07,49.916,0.938,12.1,9692.3,RUNNING
2024-03-25 07:00:00,GEN_B02,94.56,75.6,399.91,135.09,50.088,0.955,13.3,8271.7,MAINTENANCE
2024-03-25 08:00:00,GEN_M01,84.24,67.4,400.24,120.34,49.99,0.92,11.9,9565.3,RUNNING
2024-03-25 08:00:00,GEN_M02,64.69,51.7,400.34,92.41,50.096,0.903,10.0,13895.1,RUNNING
2024-03-25 08:00:00,GEN_M03,92.88,74.3,398.94,132.68,50.066,0.895,15.3,9875.4,RUNNING
2024-03-25 08:00:00,GEN_B01,76.04,60.8,401.71,108.63,50.084,0.912,15.9,8350.1,RUNNING
2024-03-25 08:00:00,GEN_B02,76.85,61.5,399.07,109.78,49.985,0.926,16.5,10976.5,RUNNING
2024-03-25 09:00:00,GEN_M01,84.97,68.0,397.5,121.39,49.944,0.916,11.4,8094.3,RUNNING
2024-03-25 09:00:00,GEN_M02,80.0,64.0,398.6,114.28,49.924,0.916,10.8,11241.8,RUNNING
2024-03-25 09:00:00,GEN_M03,74.69,59.7,399.61,106.7,49.968,0.947,13.9,14407.5,RUNNING
2024-03-25 09:00:00,GEN_B01,77.9,62.3,401.18,111.28,49.967,0.884,16.0,10057.4,RUNNING
2024-03-25 09:00:00,GEN_B02,76.44,61.2,401.26,109.2,50.07,0.934,15.6,13322.1,RUNNING
2024-03-25 10:00:00,GEN_M01,69.17,55.3,397.4,98.82,50.004,0.929,13.2,14281.8,RUNNING
2024-03-25 10:00:00,GEN_M02,82.43,65.9,400.09,117.75,50.012,0.911,12.4,11122.3,RUNNING
2024-03-25 10:00:00,GEN_M03,76.17,60.9,400.05,108.81,50.096,0.939,15.4,13818.5,RUNNING
2024-03-25 10:00:00,GEN_B01,81.02,64.8,400.5,115.74,50.087,0.902,17.7,11785.4,RUNNING
2024-03-25 10:00:00,GEN_B02,88.35,70.7,400.16,126.22,50.009,0.953,14.8,9770.5,RUNNING
2024-03-25 11:00:00,GEN_M01,89.29,71.4,400.09,127.56,49.994,0.942,13.6,14292.3,RUNNING
2024-03-25 11:00:00,GEN_M02,66.53,53.2,401.04,95.04,50.103,0.917,14.0,12536.5,RUNNING
2024-03-25 11:00:00,GEN_M03,89.54,71.6,399.47,127.91,50.076,0.894,16.6,12310.9,RUNNING
2024-03-25 11:00:00,GEN_B01,84.87,67.9,397.85,121.24,49.926,0.961,12.6,13107.3,RUNNING
2024-03-25 11:00:00,GEN_B02,80.44,64.4,399.51,114.91,50.053,0.932,15.6,10211.2,RUNNING
2024-03-25 12:00:00,GEN_M01,72.3,57.8,400.15,103.28,50.0,0.93,13.1,8016.5,RUNNING
2024-03-25 12:00:00,GEN_M02,77.0,61.6,398.01,110.0,50.021,0.902,17.6,8802.5,RUNNING
2024-03-25 12:00:00,GEN_M03,77.57,62.1,398.5,110.82,50.048,0.892,12.9,13163.0,RUNNING
2024-03-25 12:00:00,GEN_B01,87.75,70.2,398.36,125.36,49.923,0.896,15.0,12055.1,RUNNING
2024-03-25 12:00:00,GEN_B02,67.09,53.7,400.06,95.85,49.985,0.915,14.7,13868.6,RUNNING
2024-03-25 13:00:00,GEN_M01,94.01,75.2,401.18,134.31,50.015,0.924,14.3,13219.5,RUNNING
2024-03-25 13:00:00,GEN_M02,102.33,81.9,402.56,146.19,49.906,0.921,16.3,14023.2,RUNNING
2024-03-25 13:00:00,GEN_M03,89.46,71.6,401.82,127.8,49.92,0.917,14.3,8361.0,RUNNING
2024-03-25 13:00:00,GEN_B01,81.53,65.2,398.06,116.47,50.064,0.925,11.2,12890.1,RUNNING
2024-03-25 13:00:00,GEN_B02,77.46,62.0,397.17,110.66,50.069,0.897,18.7,14294.4,RUNNING
2024-03-25 14:00:00,GEN_M01,97.34,77.9,400.42,139.06,49.958,0.886,16.0,11549.8,RUNNING
2024-03-25 14:00:00,GEN_M02,72.61,58.1,398.92,103.73,50.039,0.923,18.4,11113.9,RUNNING
2024-03-25 14:00:00,GEN_M03,79.97,64.0,396.87,114.25,49.993,0.887,17.5,14007.9,RUNNING
2024-03-25 14:00:00,GEN_B01,80.96,64.8,399.57,115.65,49.952,0.922,16.0,10420.1,RUNNING
2024-03-25 14:00:00,GEN_B02,66.22,53.0,397.7,94.6,50.0,0.892,11.4,10455.2,RUNNING
2024-03-25 15:00:00,GEN_M01,77.5,62.0,402.14,110.71,50.093,0.949,17.1,11576.5,RUNNING
2024-03-25 15:00:00,GEN_M02,89.31,71.4,400.99,127.59,50.007,0.887,14.6,14755.1,RUNNING
2024-03-25 15:00:00,GEN_M03,66.21,53.0,400.23,94.58,50.071,0.909,18.7,9467.0,RUNNING
2024-03-25 15:00:00,GEN_B01,72.33,57.9,401.18,103.32,50.07,0.924,14.9,13539.9,RUNNING
2024-03-25 15:00:00,GEN_B02,87.79,70.2,398.82,125.41,50.019,0.9,18.0,10260.2,RUNNING
2024-03-25 16:00:00,GEN_M01,73.28,58.6,401.62,104.68,50.01,0.925,11.0,9613.0,RUNNING
2024-03-25 16:00:00,GEN_M02,89.57,71.7,401.74,127.95,50.027,0.952,16.2,13530.3,RUNNING
2024-03-25 16:00:00,GEN_M03,89.47,71.6,398.14,127.82,50.001,0.934,14.6,10641.4,RUNNING
2024-03-25 16:00:00,GEN_B01,72.66,58.1,400.74,103.79,49.994,0.901,17.8,13400.3,RUNNING
2024-03-25 16:00:00,GEN_B02,85.81,68.7,400.74,122.59,49.965,0.892,20.1,13950.2,RUNNING
2024-03-25 17:00:00,GEN_M01,75.65,60.5,398.51,108.08,50.027,0.908,13.9,9274.5,RUNNING
2024-03-25 17:00:00,GEN_M02,76.53,61.2,400.62,109.33,49.993,0.896,13.9,9480.9,RUNNING
2024-03-25 17:00:00,GEN_M03,68.2,54.6,400.38,97.42,49.941,0.937,14.3,12497.1,RUNNING
2024-03-25 17:00:00,GEN_B01,87.94,70.4,400.36,125.63,50.018,0.908,15.9,14559.8,RUNNING
2024-03-25 17:00:00,GEN_B02,81.0,64.8,400.32,115.71,50.053,0.908,11.9,10037.9,RUNNING
2024-03-25 18:00:00,GEN_M01,81.91,65.5,399.17,117.02,49.998,0.908,12.1,11154.4,RUNNING
2024-03-25 18:00:00,GEN_M02,79.61,63.7,397.2,113.73,49.992,0.876,15.4,12909.9,RUNNING
2024-03-25 18:00:00,GEN_M03,90.61,72.5,399.19,129.45,49.991,0.93,12.2,10774.6,RUNNING
2024-03-25 18:00:00,GEN_B01,89.76,71.8,397.36,128.22,50.02,0.93,15.5,14643.7,RUNNING
2024-03-25 18:00:00,GEN_B02,72.64,58.1,398.57,103.77,50.019,0.946,12.4,12016.2,RUNNING
2024-03-25 19:00:00,GEN_M01,49.81,39.8,399.33,71.16,50.048,0.916,22.0,8176.0,RUNNING
2024-03-25 19:00:00,GEN_M02,52.2,41.8,399.54,74.57,50.042,0.903,12.4,10272.9,RUNNING
2024-03-25 19:00:00,GEN_M03,56.97,45.6,403.48,81.39,50.015,0.913,12.1,8250.3,RUNNING
2024-03-25 19:00:00,GEN_B01,65.93,52.7,400.69,94.19,50.078,0.949,14.9,13827.8,RUNNING
2024-03-25 19:00:00,GEN_B02,47.67,38.1,399.61,68.1,49.985,0.93,12.9,8864.6,RUNNING
2024-03-25 20:00:00,GEN_M01,62.27,49.8,400.12,88.96,49.948,0.913,17.4,13480.1,RUNNING
2024-03-25 20:00:00,GEN_M02,48.32,38.7,399.17,69.02,50.045,0.934,12.2,9683.5,RUNNING
2024-03-25 20:00:00,GEN_M03,68.07,54.5,398.78,97.24,49.998,0.942,15.8,12657.2,RUNNING
2024-03-25 20:00:00,GEN_B01,49.54,39.6,400.33,70.78,49.932,0.907,13.3,9555.2,RUNNING
2024-03-25 20:00:00,GEN_B02,52.99,42.4,400.12,75.7,50.031,0.959,9.8,10469.8,RUNNING
2024-03-25 21:00:00,GEN_M01,60.73,48.6,400.68,86.75,50.052,0.909,18.8,10449.4,RUNNING
2024-03-25 21:00:00,GEN_M02,63.15,50.5,400.9,90.22,50.0,0.896,14.2,11514.3,RUNNING
2024-03-25 21:00:00,GEN_M03,56.23,45.0,402.14,80.33,50.019,0.892,14.4,14518.6,RUNNING
2024-03-25 21:00:00,GEN_B01,54.08,43.3,400.35,77.26,50.026,0.917,15.6,14488.5,RUNNING
2024-03-25 21:00:00,GEN_B02,54.66,43.7,399.89,78.09,50.012,0.909,13.7,13438.5,RUNNING
2024-03-25 22:00:00,GEN_M01,40.73,32.6,402.13,58.19,50.075,0.934,15.2,14598.7,RUNNING
2024-03-25 22:00:00,GEN_M02,65.78,52.6,401.0,93.96,50.092,0.94,15.4,13279.1,RUNNING
2024-03-25 22:00:00,GEN_M03,58.11,46.5,399.65,83.01,50.037,0.928,16.4,13817.8,RUNNING
2024-03-25 22:00:00,GEN_B01,64.74,51.8,399.08,92.48,49.933,0.927,10.2,11473.5,RUNNING
2024-03-25 22:00:00,GEN_B02,66.42,53.1,397.9,94.88,50.036,0.943,13.5,11884.4,RUNNING
2024-03-25 23:00:00,GEN_M01,57.04,45.6,399.35,81.49,49.935,0.915,15.9,11722.6,RUNNING
2024-03-25 23:00:00,GEN_M02,53.32,42.7,400.81,76.17,49.944,0.927,13.3,9454.8,RUNNING
2024-03-25 23:00:00,GEN_M03,52.79,42.2,400.96,75.42,49.953,0.92,14.6,11356.2,RUNNING
2024-03-25 23:00:00,GEN_B01,59.98,48.0,401.7,85.68,50.033,0.912,16.7,8606.0,RUNNING
2024-03-25 23:00:00,GEN_B02,42.67,34.1,399.21,60.96,49.928,0.957,17.1,14768.9,RUNNING
2024-03-26 00:00:00,GEN_M01,57.96,46.4,399.42,82.8,49.971,0.965,15.0,9036.6,RUNNING
2024-03-26 00:00:00,GEN_M02,45.32,36.3,399.38,64.74,49.975,0.933,16.1,11044.5,RUNNING
2024-03-26 00:00:00,GEN_M03,44.61,35.7,401.26,63.74,49.989,0.933,15.2,11689.5,RUNNING
2024-03-26 00:00:00,GEN_B01,52.14,41.7,398.87,74.48,50.014,0.933,14.1,11519.4,RUNNING
2024-03-26 00:00:00,GEN_B02,61.82,49.5,400.94,88.32,50.075,0.858,15.7,11483.2,RUNNING
2024-03-26 01:00:00,GEN_M01,57.89,46.3,399.81,82.7,49.953,0.937,17.7,14275.4,RUNNING
2024-03-26 01:00:00,GEN_M02,72.43,57.9,399.05,103.47,50.019,0.944,12.0,10949.1,RUNNING
2024-03-26 01:00:00,GEN_M03,49.05,39.2,401.05,70.07,49.997,0.933,14.8,11789.5,RUNNING
2024-03-26 01:00:00,GEN_B01,56.51,45.2,403.78,80.73,50.048,0.906,16.7,14596.3,RUNNING
2024-03-26 01:00:00,GEN_B02,61.0,48.8,399.49,87.14,49.974,0.908,15.0,14915.5,RUNNING
2024-03-26 02:00:00,GEN_M01,47.67,38.1,400.98,68.1,49.982,0.924,12.5,9304.1,RUNNING
2024-03-26 02:00:00,GEN_M02,49.73,39.8,402.35,71.04,50.01,0.914,12.4,8539.3,RUNNING
2024-03-26 02:00:00,GEN_M03,59.95,48.0,397.29,85.64,50.006,0.885,12.0,12014.9,RUNNING
2024-03-26 02:00:00,GEN_B01,41.95,33.6,398.32,59.93,50.07,0.94,15.4,11324.6,RUNNING
2024-03-26 02:00:00,GEN_B02,53.18,42.5,401.63,75.97,49.981,0.94,15.0,9827.8,RUNNING
2024-03-26 03:00:00,GEN_M01,43.27,34.6,400.04,61.82,50.008,0.925,14.0,14985.4,RUNNING
2024-03-26 03:00:00,GEN_M02,62.9,50.3,397.75,89.85,50.007,0.908,16.5,12549.9,RUNNING
2024-03-26 03:00:00,GEN_M03,62.4,49.9,401.13,89.14,50.05,0.904,18.9,14604.8,RUNNING
2024-03-26 03:00:00,GEN_B01,58.41,46.7,398.61,83.45,49.909,0.927,13.2,13510.7,RUNNING
2024-03-26 03:00:00,GEN_B02,48.52,38.8,400.59,69.32,50.051,0.943,15.5,11768.6,RUNNING
2024-03-26 04:00:00,GEN_M01,59.9,47.9,400.71,85.58,49.984,0.872,15.7,10985.6,RUNNING
2024-03-26 04:00:00,GEN_M02,51.71,41.4,399.18,73.87,50.013,0.92,17.2,11624.4,RUNNING
2024-03-26 04:00:00,GEN_M03,51.77,41.4,399.25,73.95,50.021,0.93,18.0,12980.9,RUNNING
2024-03-26 04:00:00,GEN_B01,46.94,37.5,400.04,67.05,50.067,0.887,12.8,9582.5,RUNNING
2024-03-26 04:00:00,GEN_B02,53.85,43.1,398.23,76.93,49.954,0.919,14.6,8448.3,RUNNING
2024-03-26 05:00:00,GEN_M01,66.58,53.3,397.54,95.11,50.023,0.921,16.0,9784.5,RUNNING
2024-03-26 05:00:00,GEN_M02,59.98,48.0,399.03,85.69,49.943,0.904,11.9,14617.1,RUNNING
2024-03-26 05:00:00,GEN_M03,58.72,47.0,399.6,83.89,49.995,0.887,10.6,11403.9,RUNNING
2024-03-26 05:00:00,GEN_B01,58.66,46.9,397.04,83.79,49.968,0.889,15.8,8005.9,RUNNING
2024-03-26 05:00:00,GEN_B02,56.21,45.0,399.06,80.29,50.158,0.899,14.2,8854.5,RUNNING
2024-03-26 06:00:00,GEN_M01,81.08,64.9,400.54,115.84,50.029,0.927,16.0,8357.5,RUNNING
2024-03-26 06:00:00,GEN_M02,77.95,62.4,398.02,111.35,50.039,0.942,13.6,11080.6,RUNNING
2024-03-26 06:00:00,GEN_M03,97.25,77.8,401.34,138.93,50.013,0.907,17.3,14399.2,RUNNING
2024-03-26 06:00:00,GEN_B01,76.1,60.9,401.87,108.71,50.07,0.936,13.1,12201.9,RUNNING
2024-03-26 06:00:00,GEN_B02,83.99,67.2,399.52,119.99,50.0,0.899,15.2,9090.7,RUNNING
2024-03-26 07:00:00,GEN_M01,80.41,64.3,398.8,114.88,50.061,0.944,12.7,14774.8,RUNNING
2024-03-26 07:00:00,GEN_M02,72.88,58.3,399.12,104.11,49.967,0.948,16.8,11008.1,RUNNING
2024-03-26 07:00:00,GEN_M03,70.31,56.2,399.44,100.44,49.914,0.927,13.9,10320.4,MAINTENANCE
2024-03-26 07:00:00,GEN_B01,100.21,80.2,399.67,143.16,50.033,0.921,15.7,14729.6,RUNNING
2024-03-26 07:00:00,GEN_B02,81.82,65.5,397.56,116.89,50.092,0.931,14.2,12843.1,RUNNING
2024-03-26 08:00:00,GEN_M01,69.95,56.0,401.11,99.93,50.052,0.931,15.8,10316.2,RUNNING
2024-03-26 08:00:00,GEN_M02,79.35,63.5,398.91,113.36,50.011,0.95,15.7,13367.9,RUNNING
2024-03-26 08:00:00,GEN_M03,92.39,73.9,398.69,131.98,49.907,0.898,14.9,11607.2,RUNNING
2024-03-26 08:00:00,GEN_B01,82.42,65.9,397.65,117.74,50.044,0.912,16.0,10869.9,RUNNING
2024-03-26 08:00:00,GEN_B02,80.69,64.6,399.98,115.28,50.052,0.921,15.2,13941.4,RUNNING
2024-03-26 09:00:00,GEN_M01,75.45,60.4,400.24,107.78,50.01,0.94,12.8,8743.1,RUNNING
2024-03-26 09:00:00,GEN_M02,83.17,66.5,400.21,118.82,50.055,0.894,16.5,13862.8,RUNNING
2024-03-26 09:00:00,GEN_M03,79.67,63.7,401.16,113.82,50.045,0.92,15.1,13052.2,RUNNING
2024-03-26 09:00:00,GEN_B01,69.84,55.9,400.85,99.78,50.018,0.907,14.1,14299.6,MAINTENANCE
2024-03-26 09:00:00,GEN_B02,73.43,58.7,398.9,104.9,50.007,0.944,13.5,10454.3,RUNNING
2024-03-26 10:00:00,GEN_M01,84.55,67.6,400.32,120.79,49.951,0.905,15.6,12270.9,RUNNING
2024-03-26 10:00:00,GEN_M02,84.7,67.8,399.27,121.0,49.933,0.925,13.0,13524.0,RUNNING
2024-03-26 10:00:00,GEN_M03,77.58,62.1,402.71,110.83,49.974,0.93,15.5,14673.9,RUNNING
2024-03-26 10:00:00,GEN_B01,74.66,59.7,401.04,106.65,50.048,0.933,15.6,14357.4,RUNNING
2024-03-26 10:00:00,GEN_B02,90.45,72.4,398.91,129.22,50.04,0.912,15.5,10876.2,RUNNING
2024-03-26 11:00:00,GEN_M01,88.19,70.6,400.59,125.98,49.971,0.92,13.7,14148.8,RUNNING
2024-03-26 11:00:00,GEN_M02,85.96,68.8,400.03,122.8,49.962,0.902,15.6,11443.5,RUNNING
2024-03-26 11:00:00,GEN_M03,84.02,67.2,397.88,120.03,49.997,0.92,15.3,11505.4,RUNNING
2024-03-26 11:00:00,GEN_B01,90.0,72.0,400.39,128.57,50.041,0.891,16.0,8887.3,RUNNING
2024-03-26 11:00:00,GEN_B02,80.36,64.3,400.14,114.81,49.992,0.902,15.0,8003.4,RUNNING
2024-03-26 12:00:00,GEN_M01,73.71,59.0,400.58,105.3,50.005,0.924,14.4,10517.3,RUNNING
2024-03-26 12:00:00,GEN_M02,78.94,63.2,395.46,112.77,49.999,0.915,13.4,12532.3,RUNNING
2024-03-26 12:00:00,GEN_M03,86.01,68.8,401.53,122.87,50.007,0.913,13.1,10371.9,RUNNING
2024-03-26 12:00:00,GEN_B01,73.42,58.7,400.06,104.89,49.992,0.934,13.0,9985.8,RUNNING
2024-03-26 12:00:00,GEN_B02,78.15,62.5,399.11,111.65,49.953,0.962,12.8,14426.0,RUNNING
2024-03-26 13:00:00,GEN_M01,77.85,62.3,399.54,111.22,49.989,0.91,16.5,14117.0,RUNNING
2024-03-26 13:00:00,GEN_M02,74.29,59.4,400.56,106.13,49.997,0.947,13.7,12000.0,MAINTENANCE
2024-03-26 13:00:00,GEN_M03,79.05,63.2,400.17,112.93,50.067,0.972,16.3,12691.6,RUNNING
2024-03-26 13:00:00,GEN_B01,61.24,49.0,401.84,87.49,50.077,0.936,17.8,9957.7,RUNNING
2024-03-26 13:00:00,GEN_B02,71.76,57.4,398.95,102.51,50.043,0.909,15.2,13610.3,RUNNING
2024-03-26 14:00:00,GEN_M01,76.47,61.2,397.28,109.24,50.047,0.902,13.2,10349.2,RUNNING
2024-03-26 14:00:00,GEN_M02,77.42,61.9,402.11,110.6,50.048,0.912,15.6,10432.0,RUNNING
2024-03-26 14:00:00,GEN_M03,89.57,71.7,401.45,127.96,50.002,0.896,13.6,14950.6,RUNNING
2024-03-26 14:00:00,GEN_B01,83.72,67.0,398.24,119.6,50.031,0.919,13.5,8860.8,RUNNING
2024-03-26 14:00:00,GEN_B02,86.98,69.6,401.06,124.25,50.081,0.924,16.2,10463.8,RUNNING
2024-03-26 15:00:00,GEN_M01,71.28,57.0,402.07,101.83,49.993,0.954,15.5,11862.0,RUNNING
2024-03-26 15:00:00,GEN_M02,87.55,70.0,402.52,125.07,49.968,0.944,14.1,8304.6,RUNNING
2024-03-26 15:00:00,GEN_M03,70.93,56.7,401.67,101.32,50.045,0.911,16.3,13373.8,RUNNING
2024-03-26 15:00:00,GEN_B01,76.19,61.0,402.26,108.85,49.997,0.919,14.1,9431.0,RUNNING
2024-03-26 15:00:00,GEN_B02,99.64,79.7,400.05,142.34,49.961,0.936,15.4,12955.2,MAINTENANCE
2024-03-26 16:00:00,GEN_M01,81.4,65.1,399.99,116.29,49.948,0.904,15.2,13974.9,RUNNING
2024-03-26 16:00:00,GEN_M02,65.43,52.3,400.0,93.47,50.05,0.911,17.3,10432.3,RUNNING
2024-03-26 16:00:00,GEN_M03,90.97,72.8,397.92,129.96,49.859,0.93,14.9,14676.0,RUNNING
2024-03-26 16:00:00,GEN_B01,91.15,72.9,400.08,130.21,50.048,0.89,16.0,14575.6,RUNNING
2024-03-26 16:00:00,GEN_B02,76.79,61.4,398.23,109.7,50.004,0.906,15.6,9161.4,RUNNING
2024-03-26 17:00:00,GEN_M01,76.08,60.9,397.36,108.68,49.945,0.934,16.2,8252.4,RUNNING
2024-03-26 17:00:00,GEN_M02,79.68,63.7,400.68,113.83,49.945,0.897,13.6,8516.8,RUNNING
2024-03-26 17:00:00,GEN_M03,79.17,63.3,402.0,113.1,49.998,0.897,14.5,10361.6,RUNNING
2024-03-26 17:00:00,GEN_B01,97.37,77.9,400.31,139.1,50.008,0.904,12.7,11139.2,RUNNING
2024-03-26 17:00:00,GEN_B02,94.24,75.4,398.52,134.63,50.066,0.945,16.5,10333.3,RUNNING
2024-03-26 18:00:00,GEN_M01,75.82,60.7,399.11,108.32,50.066,0.884,14.0,9651.0,RUNNING
2024-03-26 18:00:00,GEN_M02,85.15,68.1,400.66,121.64,49.986,0.942,16.1,13662.8,RUNNING
2024-03-26 18:00:00,GEN_M03,82.57,66.1,399.66,117.96,49.931,0.913,14.4,14194.1,RUNNING
2024-03-26 18:00:00,GEN_B01,70.03,56.0,398.93,100.04,49.987,0.926,16.0,13208.7,RUNNING
2024-03-26 18:00:00,GEN_B02,87.48,70.0,400.16,124.98,49.983,0.92,15.4,14838.3,RUNNING
2024-03-26 19:00:00,GEN_M01,61.63,49.3,400.62,88.04,49.995,0.954,13.6,13976.8,RUNNING
2024-03-26 19:00:00,GEN_M02,49.83,39.9,400.76,71.18,50.068,0.916,18.0,12250.2,RUNNING
2024-03-26 19:00:00,GEN_M03,56.24,45.0,402.78,80.34,49.983,0.929,15.8,12339.4,RUNNING
2024-03-26 19:00:00,GEN_B01,53.75,43.0,399.48,76.79,50.134,0.908,14.1,13431.0,RUNNING
2024-03-26 19:00:00,GEN_B02,41.35,33.1,399.07,59.07,49.986,0.894,14.4,11713.4,RUNNING
2024-03-26 20:00:00,GEN_M01,57.13,45.7,404.06,81.62,49.98,0.926,17.2,13511.6,RUNNING
2024-03-26 20:00:00,GEN_M02,62.26,49.8,399.38,88.95,50.06,0.918,16.9,14340.2,RUNNING
2024-03-26 20:00:00,GEN_M03,50.92,40.7,400.93,72.74,49.905,0.948,15.9,13385.1,RUNNING
2024-03-26 20:00:00,GEN_B01,50.11,40.1,401.56,71.58,50.056,0.91,16.4,12452.4,RUNNING
2024-03-26 20:00:00,GEN_B02,61.6,49.3,401.17,87.99,49.975,0.938,17.3,10402.1,RUNNING
2024-03-26 21:00:00,GEN_M01,40.49,32.4,403.73,57.84,50.003,0.915,13.2,12356.5,RUNNING
2024-03-26 21:00:00,GEN_M02,62.2,49.8,396.78,88.86,50.081,0.914,14.4,8527.4,RUNNING
2024-03-26 21:00:00,GEN_M03,53.92,43.1,401.09,77.02,50.024,0.966,17.6,8359.5,RUNNING
2024-03-26 21:00:00,GEN_B01,51.02,40.8,396.66,72.89,50.032,0.965,17.6,10789.3,RUNNING
2024-03-26 21:00:00,GEN_B02,48.38,38.7,399.31,69.11,49.963,0.909,19.2,8095.1,RUNNING
2024-03-26 22:00:00,GEN_M01,55.86,44.7,400.36,79.8,50.0,0.911,15.7,13665.5,RUNNING
2024-03-26 22:00:00,GEN_M02,59.46,47.6,398.96,84.95,50.004,0.914,15.1,11908.3,RUNNING
2024-03-26 22:00:00,GEN_M03,58.2,46.6,400.79,83.14,49.962,0.947,15.0,10420.0,RUNNING
2024-03-26 22:00:00,GEN_B01,65.3,52.2,400.37,93.29,49.999,0.929,16.4,10979.3,RUNNING
2024-03-26 22:00:00,GEN_B02,51.74,41.4,396.77,73.91,50.009,0.912,16.6,12805.4,RUNNING
2024-03-26 23:00:00,GEN_M01,61.13,48.9,398.77,87.33,50.002,0.948,12.7,12280.2,RUNNING
2024-03-26 23:00:00,GEN_M02,65.43,52.3,401.75,93.48,50.087,0.917,14.3,13264.1,RUNNING
2024-03-26 23:00:00,GEN_M03,44.63,35.7,397.94,63.75,50.064,0.936,16.0,12983.2,RUNNING
2024-03-26 23:00:00,GEN_B01,52.18,41.7,399.03,74.54,49.941,0.903,17.2,9790.5,RUNNING
2024-03-26 23:00:00,GEN_B02,61.45,49.2,402.21,87.78,50.056,0.933,14.2,8754.2,MAINTENANCE
2024-03-27 00:00:00,GEN_M01,66.6,53.3,401.43,95.14,50.029,0.895,12.7,8869.5,RUNNING
2024-03-27 00:00:00,GEN_M02,50.85,40.7,399.07,72.64,50.074,0.895,15.0,10298.8,RUNNING
2024-03-27 00:00:00,GEN_M03,51.48,41.2,402.52,73.55,49.967,0.918,13.6,13885.9,RUNNING
2024-03-27 00:00:00,GEN_B01,46.78,37.4,401.48,66.83,49.95,0.907,16.4,11412.5,RUNNING
2024-03-27 00:00:00,GEN_B02,55.8,44.6,401.49,79.71,49.965,0.918,16.2,12299.9,RUNNING
2024-03-27 01:00:00,GEN_M01,55.35,44.3,399.99,79.07,50.032,0.925,14.0,14124.3,RUNNING
2024-03-27 01:00:00,GEN_M02,49.6,39.7,400.21,70.85,49.972,0.903,15.4,10519.0,RUNNING
2024-03-27 01:00:00,GEN_M03,57.4,45.9,398.18,82.01,49.976,0.941,12.5,10313.0,RUNNING
2024-03-27 01:00:00,GEN_B01,60.89,48.7,399.08,86.98,49.899,0.908,17.3,11313.6,MAINTENANCE
2024-03-27 01:00:00,GEN_B02,64.71,51.8,401.05,92.44,50.042,0.889,14.6,11686.9,RUNNING
2024-03-27 02:00:00,GEN_M01,54.66,43.7,399.58,78.08,50.026,0.917,16.4,10193.7,RUNNING
2024-03-27 02:00:00,GEN_M02,50.85,40.7,399.74,72.65,49.946,0.953,16.3,13595.8,RUNNING
2024-03-27 02:00:00,GEN_M03,48.06,38.4,400.29,68.65,50.033,0.882,14.5,13355.2,RUNNING
2024-03-27 02:00:00,GEN_B01,42.32,33.9,399.81,60.45,50.003,0.903,13.7,10665.6,RUNNING
2024-03-27 02:00:00,GEN_B02,40.76,32.6,398.75,58.23,50.009,0.925,13.1,11521.8,RUNNING
2024-03-27 03:00:00,GEN_M01,60.65,48.5,399.33,86.64,50.014,0.913,16.7,14072.4,RUNNING
2024-03-27 03:00:00,GEN_M02,63.63,50.9,399.92,90.9,50.016,0.938,14.9,9322.0,RUNNING
2024-03-27 03:00:00,GEN_M03,45.69,36.6,400.51,65.27,50.061,0.887,17.7,14322.9,RUNNING
2024-03-27 03:00:00,GEN_B01,66.78,53.4,399.36,95.4,49.987,0.899,15.7,10671.2,RUNNING
2024-03-27 03:00:00,GEN_B02,67.22,53.8,399.83,96.03,49.985,0.905,16.1,12850.6,RUNNING
2024-03-27 04:00:00,GEN_M01,64.11,51.3,398.81,91.58,50.048,0.922,14.4,13119.0,RUNNING
2024-03-27 04:00:00,GEN_M02,39.51,31.6,400.08,56.44,49.938,0.912,13.5,10163.3,RUNNING
2024-03-27 04:00:00,GEN_M03,50.56,40.4,400.63,72.23,50.103,0.908,16.8,14962.6,RUNNING
2024-03-27 04:00:00,GEN_B01,63.89,51.1,401.68,91.28,50.057,0.922,18.8,8790.8,RUNNING
2024-03-27 04:00:00,GEN_B02,36.21,29.0,398.56,51.73,49.979,0.903,15.4,13805.1,RUNNING
2024-03-27 05:00:00,GEN_M01,58.68,46.9,400.27,83.83,49.99,0.914,13.6,13458.2,RUNNING
2024-03-27 05:00:00,GEN_M02,62.57,50.1,399.08,89.39,49.961,0.922,14.1,14405.2,RUNNING
2024-03-27 05:00:00,GEN_M03,44.88,35.9,400.06,64.11,50.013,0.885,13.6,8503.9,RUNNING
2024-03-27 05:00:00,GEN_B01,70.11,56.1,398.62,100.15,49.909,0.919,15.4,12937.4,RUNNING
2024-03-27 05:00:00,GEN_B02,66.05,52.8,401.03,94.35,50.0,0.907,16.5,14637.0,RUNNING
2024-03-27 06:00:00,GEN_M01,78.65,62.9,398.59,112.36,50.049,0.927,12.9,13344.8,RUNNING
2024-03-27 06:00:00,GEN_M02,84.13,67.3,400.2,120.18,50.058,0.906,14.6,13563.7,RUNNING
2024-03-27 06:00:00,GEN_M03,89.39,71.5,396.73,127.7,50.064,0.908,15.7,9112.4,RUNNING
2024-03-27 06:00:00,GEN_B01,75.45,60.4,400.26,107.79,50.035,0.905,17.5,12858.8,RUNNING
2024-03-27 06:00:00,GEN_B02,68.5,54.8,398.79,97.86,50.046,0.924,12.8,14989.3,MAINTENANCE
2024-03-27 07:00:00,GEN_M01,80.59,64.5,402.9,115.12,49.913,0.914,15.8,11550.1,RUNNING
2024-03-27 07:00:00,GEN_M02,92.12,73.7,400.98,131.6,49.923,0.93,14.4,13883.6,RUNNING
2024-03-27 07:00:00,GEN_M03,105.8,84.6,400.26,151.14,50.055,0.932,13.9,8441.1,RUNNING
2024-03-27 07:00:00,GEN_B01,80.23,64.2,398.2,114.61,50.051,0.935,14.8,8747.3,RUNNING
2024-03-27 07:00:00,GEN_B02,68.7,55.0,401.22,98.14,50.049,0.934,14.1,14309.8,RUNNING
2024-03-27 08:00:00,GEN_M01,73.52,58.8,399.97,105.03,49.976,0.905,16.5,8340.2,RUNNING
2024-03-27 08:00:00,GEN_M02,88.03,70.4,398.13,125.76,50.008,0.926,14.1,10610.6,RUNNING
2024-03-27 08:00:00,GEN_M03,64.77,51.8,400.93,92.53,50.055,0.952,17.4,8941.3,RUNNING
2024-03-27 08:00:00,GEN_B01,85.64,68.5,400.29,122.35,49.968,0.904,14.9,9824.2,RUNNING
2024-03-27 08:00:00,GEN_B02,64.65,51.7,398.09,92.35,49.934,0.933,12.6,14485.7,RUNNING
2024-03-27 09:00:00,GEN_M01,77.91,62.3,400.68,111.29,50.082,0.921,16.7,14831.1,RUNNING
2024-03-27 09:00:00,GEN_M02,83.22,66.6,397.16,118.89,50.004,0.937,13.8,13798.8,RUNNING
2024-03-27 09:00:00,GEN_M03,73.83,59.1,398.61,105.47,49.952,0.933,14.9,8926.5,RUNNING
2024-03-27 09:00:00,GEN_B01,67.45,54.0,401.55,96.36,49.982,0.928,16.0,13427.8,RUNNING
2024-03-27 09:00:00,GEN_B02,77.18,61.7,396.81,110.26,49.96,0.927,14.3,10016.5,RUNNING
2024-03-27 10:00:00,GEN_M01,94.7,75.8,401.05,135.28,49.943,0.934,18.0,14441.1,RUNNING
2024-03-27 10:00:00,GEN_M02,75.87,60.7,400.68,108.38,50.021,0.929,13.9,11228.9,RUNNING
2024-03-27 10:00:00,GEN_M03,66.76,53.4,399.41,95.37,49.964,0.896,19.2,8157.8,RUNNING
2024-03-27 10:00:00,GEN_B01,82.77,66.2,400.99,118.24,49.949,0.961,18.0,11350.3,RUNNING
2024-03-27 10:00:00,GEN_B02,73.95,59.2,400.95,105.64,49.979,0.941,15.8,12387.7,RUNNING
2024-03-27 11:00:00,GEN_M01,83.24,66.6,401.58,118.92,49.968,0.933,14.1,9359.8,RUNNING
2024-03-27 11:00:00,GEN_M02,61.31,49.0,400.63,87.58,50.001,0.92,18.0,11830.3,RUNNING
2024-03-27 11:00:00,GEN_M03,91.0,72.8,400.43,130.0,50.018,0.9,15.8,9590.3,RUNNING
2024-03-27 11:00:00,GEN_B01,85.67,68.5,401.3,122.38,50.019,0.913,14.1,11381.7,RUNNING
2024-03-27 11:00:00,GEN_B02,71.14,56.9,398.15,101.64,49.987,0.875,18.5,13389.6,RUNNING
2024-03-27 12:00:00,GEN_M01,75.2,60.2,399.42,107.43,49.988,0.909,13.7,13429.1,RUNNING
2024-03-27 12:00:00,GEN_M02,92.06,73.6,397.16,131.51,49.987,0.91,14.1,11823.7,RUNNING
2024-03-27 12:00:00,GEN_M03,61.99,49.6,399.95,88.56,49.972,0.897,15.8,10593.7,RUNNING
2024-03-27 12:00:00,GEN_B01,66.62,53.3,399.98,95.17,49.986,0.948,11.7,9017.5,RUNNING
2024-03-27 12:00:00,GEN_B02,77.13,61.7,399.67,110.19,49.941,0.929,17.0,12409.5,RUNNING
2024-03-27 13:00:00,GEN_M01,93.43,74.7,400.26,133.47,50.004,0.891,17.0,8235.2,RUNNING
2024-03-27 13:00:00,GEN_M02,83.37,66.7,397.55,119.1,49.934,0.913,18.1,10127.4,RUNNING
2024-03-27 13:00:00,GEN_M03,67.69,54.2,401.51,96.7,50.033,0.92,16.4,9381.3,RUNNING
2024-03-27 13:00:00,GEN_B01,83.85,67.1,401.34,119.78,50.036,0.904,13.8,8310.0,RUNNING
2024-03-27 13:00:00,GEN_B02,84.77,67.8,399.29,121.1,50.001,0.93,15.8,9073.2,RUNNING
2024-03-27 14:00:00,GEN_M01,83.53,66.8,399.77,119.33,49.982,0.904,18.0,11026.3,RUNNING
2024-03-27 14:00:00,GEN_M02,92.75,74.2,398.81,132.5,49.957,0.91,13.5,9251.8,RUNNING
2024-03-27 14:00:00,GEN_M03,92.4,73.9,398.37,132.0,49.971,0.901,18.2,9023.7,RUNNING
2024-03-27 14:00:00,GEN_B01,84.43,67.5,400.73,120.62,49.951,0.95,18.3,12582.6,RUNNING
2024-03-27 14:00:00,GEN_B02,105.43,84.3,399.57,150.61,50.008,0.965,14.8,8077.1,RUNNING
2024-03-27 15:00:00,GEN_M01,96.01,76.8,400.46,137.16,50.046,0.911,14.2,12810.4,RUNNING
2024-03-27 15:00:00,GEN_M02,86.35,69.1,401.66,123.35,49.943,0.915,15.7,13670.6,RUNNING
2024-03-27 15:00:00,GEN_M03,107.63,86.1,397.24,153.76,49.959,0.938,15.3,10533.7,RUNNING
2024-03-27 15:00:00,GEN_B01,84.16,67.3,398.08,120.23,49.999,0.913,13.1,10817.1,RUNNING
2024-03-27 15:00:00,GEN_B02,83.53,66.8,404.42,119.33,50.006,0.933,16.4,13164.5,RUNNING
2024-03-27 16:00:00,GEN_M01,88.07,70.5,399.46,125.81,50.012,0.901,13.1,11962.4,RUNNING
2024-03-27 16:00:00,GEN_M02,85.58,68.5,401.04,122.26,50.05,0.948,14.7,9897.1,RUNNING
2024-03-27 16:00:00,GEN_M03,63.64,50.9,401.08,90.91,49.93,0.915,12.5,14161.6,RUNNING
2024-03-27 16:00:00,GEN_B01,77.03,61.6,401.2,110.04,49.945,0.94,15.2,14472.6,RUNNING
2024-03-27 16:00:00,GEN_B02,76.08,60.9,401.0,108.68,49.993,0.944,10.9,11604.6,RUNNING
2024-03-27 17:00:00,GEN_M01,85.47,68.4,397.62,122.1,49.956,0.901,14.5,10738.1,RUNNING
2024-03-27 17:00:00,GEN_M02,84.43,67.5,398.69,120.61,49.931,0.937,17.8,13773.7,RUNNING
2024-03-27 17:00:00,GEN_M03,94.57,75.7,397.44,135.1,49.968,0.91,16.6,8046.7,RUNNING
2024-03-27 17:00:00,GEN_B01,101.14,80.9,399.24,144.48,49.965,0.889,16.1,14213.1,RUNNING
2024-03-27 17:00:00,GEN_B02,91.91,73.5,400.93,131.3,49.936,0.935,15.8,8626.6,RUNNING
2024-03-27 18:00:00,GEN_M01,86.38,69.1,400.27,123.4,49.987,0.941,12.6,14758.3,RUNNING
2024-03-27 18:00:00,GEN_M02,90.17,72.1,399.99,128.81,49.959,0.91,16.2,12676.2,RUNNING
2024-03-27 18:00:00,GEN_M03,85.23,68.2,398.91,121.76,50.012,0.892,14.2,12288.9,RUNNING
2024-03-27 18:00:00,GEN_B01,70.56,56.5,400.28,100.8,49.941,0.901,15.9,10824.7,RUNNING
2024-03-27 18:00:00,GEN_B02,81.96,65.6,399.37,117.08,49.975,0.886,16.2,9667.9,RUNNING
2024-03-27 19:00:00,GEN_M01,47.13,37.7,397.62,67.33,50.041,0.919,16.4,12402.4,RUNNING
2024-03-27 19:00:00,GEN_M02,45.7,36.6,399.95,65.29,49.955,0.957,17.2,12274.8,RUNNING
2024-03-27 19:00:00,GEN_M03,59.29,47.4,398.69,84.7,49.991,0.923,14.6,10263.6,RUNNING
2024-03-27 19:00:00,GEN_B01,60.1,48.1,400.24,85.86,49.902,0.921,18.4,9661.2,RUNNING
2024-03-27 19:00:00,GEN_B02,55.54,44.4,399.2,79.34,49.995,0.939,15.6,8582.6,RUNNING
2024-03-27 20:00:00,GEN_M01,50.16,40.1,399.7,71.66,49.992,0.911,14.8,14460.1,RUNNING
2024-03-27 20:00:00,GEN_M02,53.33,42.7,399.37,76.18,50.014,0.922,18.4,14762.2,RUNNING
2024-03-27 20:00:00,GEN_M03,51.5,41.2,398.62,73.58,49.992,0.896,17.8,8559.0,RUNNING
2024-03-27 20:00:00,GEN_B01,62.98,50.4,401.13,89.97,50.013,0.924,13.2,10385.9,RUNNING
2024-03-27 20:00:00,GEN_B02,67.25,53.8,400.65,96.07,49.99,0.932,14.3,12085.2,RUNNING
2024-03-27 21:00:00,GEN_M01,48.73,39.0,400.61,69.61,49.957,0.946,15.9,14550.9,RUNNING
2024-03-27 21:00:00,GEN_M02,46.79,37.4,401.62,66.85,50.082,0.928,14.2,12851.7,RUNNING
2024-03-27 21:00:00,GEN_M03,55.59,44.5,396.47,79.41,49.913,0.927,15.7,9746.1,RUNNING
2024-03-27 21:00:00,GEN_B01,55.47,44.4,402.15,79.24,49.959,0.929,15.7,12662.9,RUNNING
2024-03-27 21:00:00,GEN_B02,48.55,38.8,397.95,69.36,50.026,0.935,14.7,14114.2,RUNNING
2024-03-27 22:00:00,GEN_M01,73.94,59.2,400.26,105.64,50.015,0.893,15.5,10566.4,RUNNING
2024-03-27 22:00:00,GEN_M02,46.53,37.2,399.25,66.48,50.05,0.925,12.8,11447.8,RUNNING
2024-03-27 22:00:00,GEN_M03,60.63,48.5,401.57,86.61,50.06,0.931,16.5,14287.4,RUNNING
2024-03-27 22:00:00,GEN_B01,59.9,47.9,399.69,85.58,49.965,0.929,13.5,14079.6,RUNNING
2024-03-27 22:00:00,GEN_B02,56.64,45.3,396.83,80.92,49.964,0.939,17.2,12102.8,RUNNING
2024-03-27 23:00:00,GEN_M01,56.4,45.1,402.69,80.57,49.967,0.905,13.2,9712.6,RUNNING
2024-03-27 23:00:00,GEN_M02,46.55,37.2,401.23,66.5,50.107,0.92,13.5,10529.8,RUNNING
2024-03-27 23:00:00,GEN_M03,50.82,40.7,400.62,72.6,50.057,0.921,14.2,12371.7,RUNNING
2024-03-27 23:00:00,GEN_B01,51.22,41.0,399.42,73.17,50.028,0.911,13.9,8134.3,RUNNING
2024-03-27 23:00:00,GEN_B02,62.38,49.9,399.96,89.11,50.022,0.919,13.9,8653.9,RUNNING
2024-03-28 00:00:00,GEN_M01,50.88,40.7,400.18,72.69,50.002,0.908,15.0,9805.8,RUNNING
2024-03-28 00:00:00,GEN_M02,56.8,45.4,399.82,81.14,49.967,0.93,15.1,8459.9,RUNNING
2024-03-28 00:00:00,GEN_M03,55.31,44.3,400.0,79.02,50.071,0.923,13.9,11886.9,RUNNING
2024-03-28 00:00:00,GEN_B01,57.76,46.2,400.22,82.52,49.981,0.929,15.9,10827.7,RUNNING
2024-03-28 00:00:00,GEN_B02,52.82,42.3,398.89,75.46,50.061,0.917,13.3,9538.3,RUNNING
2024-03-28 01:00:00,GEN_M01,61.67,49.3,402.17,88.1,50.039,0.899,13.0,10949.8,RUNNING
2024-03-28 01:00:00,GEN_M02,59.65,47.7,397.85,85.21,49.959,0.947,15.1,8118.8,RUNNING
2024-03-28 01:00:00,GEN_M03,63.29,50.6,400.31,90.42,49.989,0.943,13.0,8612.5,RUNNING
2024-03-28 01:00:00,GEN_B01,61.78,49.4,400.59,88.25,50.029,0.896,17.4,12534.3,RUNNING
2024-03-28 01:00:00,GEN_B02,46.67,37.3,401.24,66.67,49.97,0.92,14.2,8826.6,RUNNING
2024-03-28 02:00:00,GEN_M01,50.21,40.2,397.44,71.72,49.984,0.912,14.4,13976.9,RUNNING
2024-03-28 02:00:00,GEN_M02,43.54,34.8,398.19,62.2,50.087,0.925,13.7,11356.3,RUNNING
2024-03-28 02:00:00,GEN_M03,51.36,41.1,401.64,73.38,50.013,0.933,13.6,8364.8,RUNNING
2024-03-28 02:00:00,GEN_B01,55.22,44.2,399.44,78.88,50.012,0.93,16.7,10485.4,RUNNING
2024-03-28 02:00:00,GEN_B02,43.55,34.8,400.98,62.22,50.035,0.948,19.6,9607.9,RUNNING
2024-03-28 03:00:00,GEN_M01,47.81,38.3,398.5,68.3,50.063,0.907,19.7,13828.6,RUNNING
2024-03-28 03:00:00,GEN_M02,58.39,46.7,403.4,83.42,49.908,0.901,14.8,10413.5,RUNNING
2024-03-28 03:00:00,GEN_M03,53.93,43.1,397.42,77.04,50.057,0.938,17.0,11415.9,RUNNING
2024-03-28 03:00:00,GEN_B01,54.23,43.4,401.74,77.47,49.966,0.927,15.9,8236.2,RUNNING
2024-03-28 03:00:00,GEN_B02,58.09,46.5,402.18,82.99,50.008,0.896,15.3,9357.6,RUNNING
2024-03-28 04:00:00,GEN_M01,61.78,49.4,400.21,88.26,50.068,0.912,18.2,10870.4,RUNNING
2024-03-28 04:00:00,GEN_M02,59.36,47.5,401.0,84.8,50.022,0.946,15.4,12287.9,RUNNING
2024-03-28 04:00:00,GEN_M03,50.9,40.7,401.56,72.71,49.944,0.948,12.6,13396.6,RUNNING
2024-03-28 04:00:00,GEN_B01,39.88,31.9,396.05,56.98,49.967,0.886,16.4,12706.3,RUNNING
2024-03-28 04:00:00,GEN_B02,54.39,43.5,398.35,77.7,49.963,0.941,14.8,13583.8,RUNNING
2024-03-28 05:00:00,GEN_M01,52.58,42.1,402.22,75.11,50.078,0.9,12.7,10690.3,RUNNING
2024-03-28 05:00:00,GEN_M02,57.01,45.6,400.76,81.45,50.016,0.914,13.0,11403.3,RUNNING
2024-03-28 05:00:00,GEN_M03,48.05,38.4,399.23,68.65,49.995,0.918,13.6,14086.7,RUNNING
2024-03-28 05:00:00,GEN_B01,64.11,51.3,400.64,91.58,49.99,0.944,14.6,10773.0,RUNNING
2024-03-28 05:00:00,GEN_B02,55.26,44.2,400.95,78.94,50.069,0.944,15.9,9032.6,RUNNING
2024-03-28 06:00:00,GEN_M01,79.0,63.2,400.37,112.86,50.123,0.919,17.0,12276.3,RUNNING
2024-03-28 06:00:00,GEN_M02,96.46,77.2,399.87,137.81,49.992,0.949,14.4,8972.3,RUNNING
2024-03-28 06:00:00,GEN_M03,76.75,61.4,401.04,109.64,49.934,0.935,13.9,13763.4,RUNNING
2024-03-28 06:00:00,GEN_B01,69.84,55.9,400.46,99.77,50.06,0.897,13.9,14522.5,RUNNING
2024-03-28 06:00:00,GEN_B02,67.05,53.6,402.42,95.79,49.943,0.913,12.9,13313.0,RUNNING
2024-03-28 07:00:00,GEN_M01,61.09,48.9,401.19,87.27,49.998,0.898,16.9,9168.6,RUNNING
2024-03-28 07:00:00,GEN_M02,65.17,52.1,401.91,93.1,50.056,0.944,15.1,12881.5,RUNNING
2024-03-28 07:00:00,GEN_M03,84.28,67.4,399.61,120.4,50.033,0.929,15.3,9416.4,RUNNING
2024-03-28 07:00:00,GEN_B01,69.72,55.8,401.36,99.6,49.97,0.899,15.5,9370.8,MAINTENANCE
2024-03-28 07:00:00,GEN_B02,86.28,69.0,402.99,123.26,50.076,0.919,18.2,14676.2,RUNNING
2024-03-28 08:00:00,GEN_M01,72.24,57.8,399.89,103.2,49.99,0.958,16.2,8344.4,RUNNING
2024-03-28 08:00:00,GEN_M02,95.1,76.1,399.86,135.86,50.0,0.889,16.3,12860.8,RUNNING
2024-03-28 08:00:00,GEN_M03,73.61,58.9,401.46,105.15,49.984,0.943,13.8,8487.6,RUNNING
2024-03-28 08:00:00,GEN_B01,73.43,58.7,400.78,104.9,49.984,0.912,14.4,14074.5,RUNNING
2024-03-28 08:00:00,GEN_B02,90.88,72.7,398.95,129.83,50.068,0.925,16.0,12601.8,RUNNING
2024-03-28 09:00:00,GEN_M01,91.76,73.4,399.34,131.08,50.02,0.879,14.3,9434.4,RUNNING
2024-03-28 09:00:00,GEN_M02,95.39,76.3,398.51,136.27,49.96,0.871,15.6,11356.9,RUNNING
2024-03-28 09:00:00,GEN_M03,105.54,84.4,402.2,150.77,50.09,0.918,16.5,9831.9,RUNNING
2024-03-28 09:00:00,GEN_B01,65.69,52.6,397.43,93.84,50.016,0.913,12.9,12563.6,RUNNING
2024-03-28 09:00:00,GEN_B02,79.38,63.5,402.72,113.39,49.96,0.883,16.3,10003.5,MAINTENANCE
2024-03-28 10:00:00,GEN_M01,75.45,60.4,400.65,107.78,50.036,0.899,14.6,11987.2,RUNNING
2024-03-28 10:00:00,GEN_M02,69.12,55.3,400.4,98.75,50.007,0.916,15.7,9762.1,RUNNING
2024-03-28 10:00:00,GEN_M03,102.91,82.3,401.39,147.02,49.997,0.931,18.6,10869.1,RUNNING
2024-03-28 10:00:00,GEN_B01,67.01,53.6,400.15,95.72,49.991,0.936,15.1,12230.1,RUNNING
2024-03-28 10:00:00,GEN_B02,81.91,65.5,400.06,117.01,49.996,0.936,12.9,12395.1,RUNNING
2024-03-28 11:00:00,GEN_M01,74.8,59.8,400.23,106.86,50.048,0.894,16.9,8291.0,RUNNING
2024-03-28 11:00:00,GEN_M02,85.99,68.8,404.0,122.84,50.067,0.928,12.5,12219.3,RUNNING
2024-03-28 11:00:00,GEN_M03,65.21,52.2,400.75,93.16,50.091,0.922,12.7,10576.0,RUNNING
2024-03-28 11:00:00,GEN_B01,85.08,68.1,400.0,121.54,49.947,0.908,12.8,8670.8,RUNNING
2024-03-28 11:00:00,GEN_B02,75.56,60.4,401.5,107.94,49.982,0.925,15.6,10193.2,RUNNING
2024-03-28 12:00:00,GEN_M01,85.27,68.2,397.13,121.81,49.995,0.929,16.8,11757.7,RUNNING
2024-03-28 12:00:00,GEN_M02,84.14,67.3,398.71,120.2,50.078,0.892,16.9,11671.7,RUNNING
2024-03-28 12:00:00,GEN_M03,76.1,60.9,401.79,108.72,49.953,0.919,11.3,11378.2,RUNNING
2024-03-28 12:00:00,GEN_B01,85.96,68.8,400.62,122.8,50.006,0.905,15.1,10933.3,RUNNING
2024-03-28 12:00:00,GEN_B02,85.93,68.7,399.09,122.76,50.052,0.925,14.6,8697.2,RUNNING
2024-03-28 13:00:00,GEN_M01,59.41,47.5,401.43,84.87,49.962,0.925,11.8,14664.4,RUNNING
2024-03-28 13:00:00,GEN_M02,90.45,72.4,400.38,129.21,49.966,0.942,14.5,10060.2,RUNNING
2024-03-28 13:00:00,GEN_M03,79.43,63.5,402.26,113.48,49.907,0.906,16.1,14296.1,RUNNING
2024-03-28 13:00:00,GEN_B01,79.52,63.6,400.92,113.6,50.061,0.905,15.3,12216.5,RUNNING
2024-03-28 13:00:00,GEN_B02,79.23,63.4,397.32,113.19,49.976,0.931,11.6,9207.3,RUNNING
2024-03-28 14:00:00,GEN_M01,87.89,70.3,398.38,125.55,49.97,0.881,15.5,14566.7,RUNNING
2024-03-28 14:00:00,GEN_M02,69.34,55.5,397.68,99.06,50.084,0.912,11.3,11850.4,RUNNING
2024-03-28 14:00:00,GEN_M03,84.15,67.3,398.69,120.21,50.031,0.898,15.4,8038.8,RUNNING
2024-03-28 14:00:00,GEN_B01,89.19,71.3,399.9,127.41,49.927,0.936,16.8,12842.1,RUNNING
2024-03-28 14:00:00,GEN_B02,88.16,70.5,403.22,125.94,49.998,0.907,13.4,10972.0,RUNNING
2024-03-28 15:00:00,GEN_M01,91.24,73.0,398.84,130.35,50.106,0.91,12.3,11777.8,RUNNING
2024-03-28 15:00:00,GEN_M02,66.75,53.4,400.48,95.35,49.957,0.907,16.8,13566.4,RUNNING
2024-03-28 15:00:00,GEN_M03,70.75,56.6,400.13,101.08,50.016,0.919,13.2,14680.7,RUNNING
2024-03-28 15:00:00,GEN_B01,65.09,52.1,398.25,92.99,49.971,0.911,16.5,14574.4,RUNNING
2024-03-28 15:00:00,GEN_B02,80.93,64.7,398.17,115.62,50.054,0.912,14.4,8843.5,RUNNING
2024-03-28 16:00:00,GEN_M01,72.59,58.1,397.94,103.71,49.939,0.911,17.9,13996.9,RUNNING
2024-03-28 16:00:00,GEN_M02,84.43,67.5,397.63,120.62,49.939,0.912,13.1,12222.1,RUNNING
2024-03-28 16:00:00,GEN_M03,101.07,80.9,400.56,144.39,50.019,0.946,17.4,12392.4,RUNNING
2024-03-28 16:00:00,GEN_B01,82.56,66.0,402.18,117.94,50.091,0.885,16.2,10841.6,RUNNING
2024-03-28 16:00:00,GEN_B02,86.26,69.0,399.91,123.23,50.065,0.932,16.9,10354.1,MAINTENANCE
2024-03-28 17:00:00,GEN_M01,87.22,69.8,400.47,124.6,50.015,0.939,14.5,12443.2,RUNNING
2024-03-28 17:00:00,GEN_M02,64.79,51.8,400.91,92.55,49.958,0.921,13.3,11752.1,RUNNING
2024-03-28 17:00:00,GEN_M03,72.04,57.6,401.65,102.91,50.021,0.93,15.0,8195.3,RUNNING
2024-03-28 17:00:00,GEN_B01,92.34,73.9,398.57,131.91,50.037,0.929,17.4,10529.0,RUNNING
2024-03-28 17:00:00,GEN_B02,94.37,75.5,402.1,134.81,49.986,0.919,14.6,13512.0,RUNNING
2024-03-28 18:00:00,GEN_M01,88.01,70.4,398.43,125.73,50.039,0.93,13.9,14306.3,RUNNING
2024-03-28 18:00:00,GEN_M02,74.61,59.7,400.96,106.59,50.061,0.937,16.4,8812.3,RUNNING
2024-03-28 18:00:00,GEN_M03,101.4,81.1,397.25,144.86,49.94,0.879,14.0,8507.8,RUNNING
2024-03-28 18:00:00,GEN_B01,93.46,74.8,400.37,133.52,49.92,0.944,18.7,13622.9,RUNNING
2024-03-28 18:00:00,GEN_B02,87.15,69.7,400.99,124.5,49.922,0.905,12.3,9977.7,RUNNING
2024-03-28 19:00:00,GEN_M01,64.0,51.2,400.04,91.43,50.1,0.931,12.7,11439.2,RUNNING
2024-03-28 19:00:00,GEN_M02,62.87,50.3,398.8,89.82,49.952,0.927,14.4,13504.3,RUNNING
2024-03-28 19:00:00,GEN_M03,65.96,52.8,401.3,94.23,50.016,0.907,18.7,10410.5,RUNNING
2024-03-28 19:00:00,GEN_B01,60.8,48.6,398.41,86.86,49.997,0.934,12.4,8149.4,RUNNING
2024-03-28 19:00:00,GEN_B02,63.79,51.0,401.05,91.12,50.033,0.924,13.4,13270.5,RUNNING
2024-03-28 20:00:00,GEN_M01,63.87,51.1,401.33,91.25,50.069,0.904,12.2,11554.7,RUNNING
2024-03-28 20:00:00,GEN_M02,63.36,50.7,399.85,90.52,50.007,0.888,14.6,11792.2,RUNNING
2024-03-28 20:00:00,GEN_M03,55.88,44.7,399.58,79.83,50.004,0.939,16.3,10185.8,RUNNING
2024-03-28 20:00:00,GEN_B01,39.18,31.3,397.87,55.97,49.955,0.934,14.7,8818.5,RUNNING
2024-03-28 20:00:00,GEN_B02,59.74,47.8,399.66,85.34,49.993,0.902,9.4,14097.7,RUNNING
2024-03-28 21:00:00,GEN_M01,55.18,44.1,400.97,78.84,50.001,0.874,15.2,9125.4,RUNNING
2024-03-28 21:00:00,GEN_M02,57.1,45.7,399.66,81.57,49.958,0.912,14.6,10049.2,RUNNING
2024-03-28 21:00:00,GEN_M03,58.55,46.8,400.42,83.65,49.936,0.921,11.5,13303.0,RUNNING
2024-03-28 21:00:00,GEN_B01,53.84,43.1,399.99,76.91,49.906,0.89,16.3,13567.5,RUNNING
2024-03-28 21:00:00,GEN_B02,62.6,50.1,396.82,89.44,50.017,0.925,17.3,9710.8,RUNNING
2024-03-28 22:00:00,GEN_M01,48.33,38.7,398.42,69.04,50.035,0.913,11.2,11762.9,RUNNING
2024-03-28 22:00:00,GEN_M02,61.75,49.4,396.08,88.22,49.974,0.927,16.6,10465.6,RUNNING
2024-03-28 22:00:00,GEN_M03,66.65,53.3,398.5,95.22,50.05,0.966,15.9,9054.3,RUNNING
2024-03-28 22:00:00,GEN_B01,53.73,43.0,398.91,76.76,49.952,0.908,18.7,9487.3,RUNNING
2024-03-28 22:00:00,GEN_B02,50.33,40.3,400.21,71.91,50.067,0.9,13.6,14704.6,RUNNING
2024-03-28 23:00:00,GEN_M01,46.48,37.2,400.8,66.4,50.077,0.948,15.7,10960.6,RUNNING
2024-03-28 23:00:00,GEN_M02,60.49,48.4,402.22,86.42,50.02,0.909,16.1,12363.5,RUNNING
2024-03-28 23:00:00,GEN_M03,64.05,51.2,398.89,91.49,49.956,0.924,15.6,8495.7,RUNNING
2024-03-28 23:00:00,GEN_B01,46.42,37.1,401.24,66.32,49.962,0.925,14.7,14042.7,RUNNING
2024-03-28 23:00:00,GEN_B02,64.64,51.7,398.18,92.35,50.016,0.949,16.3,13640.4,RUNNING
2024-03-29 00:00:00,GEN_M01,63.6,50.9,402.67,90.86,50.063,0.914,12.7,9506.9,RUNNING
2024-03-29 00:00:00,GEN_M02,65.97,52.8,398.45,94.24,50.007,0.915,13.2,11947.5,RUNNING
2024-03-29 00:00:00,GEN_M03,60.08,48.1,400.44,85.83,50.02,0.923,15.6,12807.1,RUNNING
2024-03-29 00:00:00,GEN_B01,58.87,47.1,399.12,84.1,49.937,0.926,16.0,14635.4,RUNNING
2024-03-29 00:00:00,GEN_B02,64.79,51.8,399.8,92.55,50.023,0.9,14.9,14719.0,RUNNING
2024-03-29 01:00:00,GEN_M01,56.56,45.3,401.31,80.81,49.977,0.922,14.8,10760.7,RUNNING
2024-03-29 01:00:00,GEN_M02,52.29,41.8,398.66,74.7,49.994,0.947,15.0,11978.3,RUNNING
2024-03-29 01:00:00,GEN_M03,63.47,50.8,399.86,90.68,49.883,0.936,16.1,12957.3,RUNNING
2024-03-29 01:00:00,GEN_B01,48.99,39.2,401.4,69.99,50.081,0.911,13.5,9217.6,RUNNING
2024-03-29 01:00:00,GEN_B02,67.6,54.1,400.75,96.57,49.99,0.917,12.2,14855.0,RUNNING
2024-03-29 02:00:00,GEN_M01,53.4,42.7,400.94,76.29,49.997,0.936,13.0,12594.7,RUNNING
2024-03-29 02:00:00,GEN_M02,49.17,39.3,399.27,70.24,49.975,0.899,13.6,8959.9,RUNNING
2024-03-29 02:00:00,GEN_M03,68.68,54.9,398.17,98.12,50.023,0.905,10.4,14784.2,RUNNING
2024-03-29 02:00:00,GEN_B01,56.02,44.8,399.42,80.03,50.006,0.916,15.2,14673.5,RUNNING
2024-03-29 02:00:00,GEN_B02,68.96,55.2,400.83,98.51,50.046,0.894,13.9,11093.3,RUNNING
2024-03-29 03:00:00,GEN_M01,47.9,38.3,399.74,68.43,49.998,0.913,15.0,8576.0,RUNNING
2024-03-29 03:00:00,GEN_M02,54.57,43.7,399.83,77.96,50.017,0.939,11.1,14082.5,RUNNING
2024-03-29 03:00:00,GEN_M03,64.86,51.9,399.22,92.65,50.081,0.924,12.7,13117.1,RUNNING
2024-03-29 03:00:00,GEN_B01,58.0,46.4,402.8,82.85,50.027,0.95,14.7,10023.7,RUNNING
2024-03-29 03:00:00,GEN_B02,51.81,41.4,402.47,74.02,50.037,0.938,16.3,9204.5,RUNNING
2024-03-29 04:00:00,GEN_M01,71.42,57.1,400.79,102.04,50.044,0.886,16.3,8051.2,RUNNING
2024-03-29 04:00:00,GEN_M02,52.49,42.0,399.78,74.99,49.996,0.946,16.3,12347.3,RUNNING
2024-03-29 04:00:00,GEN_M03,55.94,44.8,400.73,79.92,49.971,0.899,16.6,11231.1,RUNNING
2024-03-29 04:00:00,GEN_B01,56.53,45.2,399.61,80.75,50.011,0.943,16.0,8380.6,RUNNING
2024-03-29 04:00:00,GEN_B02,68.3,54.6,401.02,97.56,49.925,0.946,13.8,8811.4,RUNNING
2024-03-29 05:00:00,GEN_M01,75.78,60.6,400.14,108.26,50.107,0.908,16.5,11984.7,RUNNING
2024-03-29 05:00:00,GEN_M02,60.62,48.5,401.44,86.61,50.003,0.915,13.5,8710.7,RUNNING
2024-03-29 05:00:00,GEN_M03,60.34,48.3,399.07,86.19,50.125,0.921,11.8,12910.8,RUNNING
2024-03-29 05:00:00,GEN_B01,55.9,44.7,400.41,79.85,50.074,0.893,15.6,11813.9,RUNNING
2024-03-29 05:00:00,GEN_B02,67.2,53.8,399.63,95.99,50.002,0.956,13.3,10974.6,RUNNING
2024-03-29 06:00:00,GEN_M01,101.34,81.1,400.71,144.78,49.986,0.908,16.9,9183.8,RUNNING
2024-03-29 06:00:00,GEN_M02,86.68,69.3,400.25,123.82,50.021,0.941,17.2,10136.1,RUNNING
2024-03-29 06:00:00,GEN_M03,88.87,71.1,399.33,126.96,50.003,0.914,15.1,14608.0,RUNNING
2024-03-29 06:00:00,GEN_B01,82.52,66.0,400.28,117.88,49.999,0.965,11.9,11962.9,RUNNING
2024-03-29 06:00:00,GEN_B02,85.58,68.5,399.33,122.26,50.016,0.923,16.5,8774.5,RUNNING
2024-03-29 07:00:00,GEN_M01,116.61,93.3,400.52,166.59,50.026,0.943,19.0,8210.0,RUNNING
2024-03-29 07:00:00,GEN_M02,82.57,66.1,397.82,117.96,49.958,0.873,13.3,13811.9,RUNNING
2024-03-29 07:00:00,GEN_M03,77.61,62.1,399.79,110.87,50.059,0.912,15.3,11023.1,RUNNING
2024-03-29 07:00:00,GEN_B01,81.5,65.2,401.9,116.42,49.957,0.935,14.9,12126.4,RUNNING
2024-03-29 07:00:00,GEN_B02,56.42,45.1,397.51,80.6,49.96,0.921,16.4,14692.1,RUNNING
2024-03-29 08:00:00,GEN_M01,90.38,72.3,400.67,129.12,49.964,0.927,12.5,12650.0,RUNNING
2024-03-29 08:00:00,GEN_M02,76.58,61.3,397.48,109.4,50.059,0.906,13.0,13663.7,RUNNING
2024-03-29 08:00:00,GEN_M03,71.02,56.8,400.03,101.45,49.996,0.944,15.4,10829.7,RUNNING
2024-03-29 08:00:00,GEN_B01,85.91,68.7,401.56,122.73,49.971,0.922,13.6,9026.1,RUNNING
2024-03-29 08:00:00,GEN_B02,85.49,68.4,398.85,122.12,49.986,0.935,13.5,14822.6,RUNNING
2024-03-29 09:00:00,GEN_M01,84.71,67.8,402.93,121.02,50.019,0.912,12.3,13475.3,RUNNING
2024-03-29 09:00:00,GEN_M02,79.72,63.8,399.44,113.89,50.058,0.968,14.5,10859.2,RUNNING
2024-03-29 09:00:00,GEN_M03,76.12,60.9,400.79,108.75,50.009,0.923,12.3,8034.2,RUNNING
2024-03-29 09:00:00,GEN_B01,62.72,50.2,399.45,89.6,50.033,0.884,10.5,8794.9,RUNNING
2024-03-29 09:00:00,GEN_B02,90.2,72.2,398.05,128.86,49.873,0.944,15.2,9216.7,RUNNING
2024-03-29 10:00:00,GEN_M01,80.76,64.6,399.13,115.38,49.961,0.913,13.6,9540.2,RUNNING
2024-03-29 10:00:00,GEN_M02,80.13,64.1,399.2,114.47,50.123,0.923,12.9,9721.5,RUNNING
2024-03-29 10:00:00,GEN_M03,98.58,78.9,398.44,140.83,50.008,0.912,16.7,10043.6,RUNNING
2024-03-29 10:00:00,GEN_B01,85.36,68.3,398.79,121.95,50.071,0.939,15.7,11033.4,RUNNING
2024-03-29 10:00:00,GEN_B02,67.81,54.3,400.45,96.88,50.04,0.915,14.9,11785.7,RUNNING
2024-03-29 11:00:00,GEN_M01,78.43,62.7,397.18,112.04,49.973,0.906,12.0,11449.0,RUNNING
2024-03-29 11:00:00,GEN_M02,69.55,55.6,399.56,99.35,49.986,0.917,13.8,10618.9,RUNNING
2024-03-29 11:00:00,GEN_M03,79.75,63.8,401.44,113.93,49.926,0.92,15.0,14070.1,RUNNING
2024-03-29 11:00:00,GEN_B01,83.56,66.9,400.24,119.38,50.005,0.931,12.4,13729.6,RUNNING
2024-03-29 11:00:00,GEN_B02,79.59,63.7,397.94,113.69,49.938,0.927,12.6,11034.5,RUNNING
2024-03-29 12:00:00,GEN_M01,95.1,76.1,397.45,135.86,50.041,0.903,12.7,8486.8,RUNNING
2024-03-29 12:00:00,GEN_M02,69.53,55.6,400.84,99.33,49.961,0.904,13.3,11241.3,RUNNING
2024-03-29 12:00:00,GEN_M03,83.61,66.9,399.77,119.45,50.096,0.929,12.4,12525.4,RUNNING
2024-03-29 12:00:00,GEN_B01,81.53,65.2,399.8,116.47,50.074,0.926,11.2,8187.8,RUNNING
2024-03-29 12:00:00,GEN_B02,93.3,74.6,398.12,133.28,50.096,0.922,13.8,13067.4,RUNNING
2024-03-29 13:00:00,GEN_M01,89.51,71.6,400.51,127.87,50.025,0.907,15.6,14123.0,RUNNING
2024-03-29 13:00:00,GEN_M02,91.75,73.4,401.66,131.08,50.04,0.876,13.9,13679.7,RUNNING
2024-03-29 13:00:00,GEN_M03,89.32,71.5,400.17,127.6,50.018,0.894,18.5,10130.9,RUNNING
2024-03-29 13:00:00,GEN_B01,79.57,63.7,400.0,113.67,50.046,0.92,18.3,9197.5,RUNNING
2024-03-29 13:00:00,GEN_B02,80.08,64.1,395.63,114.4,50.019,0.875,16.2,8579.5,RUNNING
2024-03-29 14:00:00,GEN_M01,69.7,55.8,401.68,99.57,49.982,0.968,18.0,10077.7,RUNNING
2024-03-29 14:00:00,GEN_M02,91.19,73.0,399.05,130.27,49.977,0.928,14.8,13351.3,RUNNING
2024-03-29 14:00:00,GEN_M03,75.95,60.8,400.97,108.5,49.999,0.937,13.0,11951.3,RUNNING
2024-03-29 14:00:00,GEN_B01,82.96,66.4,400.22,118.52,49.97,0.916,13.2,8043.1,RUNNING
2024-03-29 14:00:00,GEN_B02,81.68,65.3,399.17,116.69,49.861,0.901,16.5,12093.3,RUNNING
2024-03-29 15:00:00,GEN_M01,82.59,66.1,400.24,117.98,50.011,0.915,17.0,12638.3,RUNNING
2024-03-29 15:00:00,GEN_M02,71.6,57.3,398.21,102.29,50.084,0.923,15.5,11014.7,RUNNING
2024-03-29 15:00:00,GEN_M03,81.05,64.8,398.39,115.79,50.008,0.903,14.9,9104.4,RUNNING
2024-03-29 15:00:00,GEN_B01,82.82,66.3,400.45,118.32,50.008,0.922,14.6,12962.0,RUNNING
2024-03-29 15:00:00,GEN_B02,73.85,59.1,399.96,105.51,49.991,0.9,16.3,9772.2,RUNNING
2024-03-29 16:00:00,GEN_M01,90.86,72.7,397.99,129.81,49.996,0.905,12.5,9023.0,RUNNING
2024-03-29 16:00:00,GEN_M02,77.43,61.9,398.6,110.61,49.982,0.891,13.5,13359.2,RUNNING
2024-03-29 16:00:00,GEN_M03,87.31,69.8,400.68,124.72,49.967,0.941,13.2,8071.1,RUNNING
2024-03-29 16:00:00,GEN_B01,81.65,65.3,403.75,116.65,49.979,0.909,12.9,13502.2,RUNNING
2024-03-29 16:00:00,GEN_B02,66.72,53.4,397.47,95.32,49.996,0.943,15.3,8259.8,RUNNING
2024-03-29 17:00:00,GEN_M01,75.7,60.6,397.5,108.15,49.969,0.896,16.8,11217.7,RUNNING
2024-03-29 17:00:00,GEN_M02,74.75,59.8,400.01,106.78,49.981,0.896,14.5,12241.3,RUNNING
2024-03-29 17:00:00,GEN_M03,94.74,75.8,400.32,135.35,49.977,0.909,15.6,12114.0,RUNNING
2024-03-29 17:00:00,GEN_B01,67.95,54.4,400.73,97.07,50.018,0.931,14.1,13902.5,RUNNING
2024-03-29 17:00:00,GEN_B02,66.39,53.1,402.61,94.84,50.017,0.922,12.0,10097.4,RUNNING
2024-03-29 18:00:00,GEN_M01,77.47,62.0,399.53,110.68,49.955,0.934,12.2,8857.2,RUNNING
2024-03-29 18:00:00,GEN_M02,50.79,40.6,403.53,72.55,50.084,0.91,15.0,8226.5,RUNNING
2024-03-29 18:00:00,GEN_M03,79.4,63.5,399.77,113.42,50.037,0.894,13.3,13120.2,RUNNING
2024-03-29 18:00:00,GEN_B01,96.92,77.5,398.64,138.45,50.051,0.914,15.8,9104.7,RUNNING
2024-03-29 18:00:00,GEN_B02,64.36,51.5,398.26,91.95,49.97,0.934,15.2,13985.8,RUNNING
2024-03-29 19:00:00,GEN_M01,55.35,44.3,401.69,79.08,50.007,0.919,10.5,14653.0,RUNNING
2024-03-29 19:00:00,GEN_M02,63.94,51.2,399.8,91.35,50.03,0.878,14.5,9462.6,RUNNING
2024-03-29 19:00:00,GEN_M03,55.51,44.4,399.26,79.3,49.96,0.917,16.0,10274.5,RUNNING
2024-03-29 19:00:00,GEN_B01,52.71,42.2,398.29,75.3,50.042,0.908,18.1,13116.6,RUNNING
2024-03-29 19:00:00,GEN_B02,58.69,47.0,399.41,83.85,50.003,0.958,15.8,9250.4,RUNNING
2024-03-29 20:00:00,GEN_M01,53.38,42.7,401.09,76.25,49.939,0.91,14.2,12556.3,RUNNING
2024-03-29 20:00:00,GEN_M02,57.85,46.3,400.32,82.64,49.954,0.936,15.3,14912.9,RUNNING
2024-03-29 20:00:00,GEN_M03,52.24,41.8,398.18,74.62,50.002,0.924,15.0,13298.5,RUNNING
2024-03-29 20:00:00,GEN_B01,56.52,45.2,399.79,80.75,49.993,0.905,16.2,13218.2,RUNNING
2024-03-29 20:00:00,GEN_B02,53.56,42.9,398.26,76.52,50.018,0.925,20.5,9357.2,RUNNING
2024-03-29 21:00:00,GEN_M01,56.52,45.2,397.94,80.75,50.01,0.9,11.8,11063.1,RUNNING
2024-03-29 21:00:00,GEN_M02,58.16,46.5,399.9,83.09,50.076,0.942,14.9,13419.1,RUNNING
2024-03-29 21:00:00,GEN_M03,57.41,45.9,397.67,82.01,50.028,0.945,13.8,14695.5,RUNNING
2024-03-29 21:00:00,GEN_B01,43.39,34.7,399.64,61.99,49.951,0.917,13.8,14246.9,RUNNING
2024-03-29 21:00:00,GEN_B02,47.9,38.3,398.42,68.43,50.07,0.904,10.9,11542.2,RUNNING
2024-03-29 22:00:00,GEN_M01,55.69,44.6,400.09,79.56,50.064,0.906,15.3,14009.4,RUNNING
2024-03-29 22:00:00,GEN_M02,55.55,44.4,400.56,79.35,50.108,0.931,16.6,10381.3,RUNNING
2024-03-29 22:00:00,GEN_M03,51.01,40.8,397.97,72.88,50.038,0.946,19.0,11114.2,RUNNING
2024-03-29 22:00:00,GEN_B01,65.07,52.1,401.11,92.95,50.0,0.906,16.3,8644.8,RUNNING
2024-03-29 22:00:00,GEN_B02,46.93,37.5,402.77,67.04,49.986,0.89,14.4,10903.7,RUNNING
2024-03-29 23:00:00,GEN_M01,53.56,42.8,401.11,76.51,49.943,0.924,15.0,14127.2,RUNNING
2024-03-29 23:00:00,GEN_M02,49.4,39.5,400.93,70.57,50.091,0.912,12.6,12608.9,RUNNING
2024-03-29 23:00:00,GEN_M03,60.61,48.5,398.48,86.58,49.96,0.916,13.6,9238.1,RUNNING
2024-03-29 23:00:00,GEN_B01,54.71,43.8,400.84,78.16,49.98,0.937,13.7,9420.2,RUNNING
2024-03-29 23:00:00,GEN_B02,57.97,46.4,399.75,82.82,49.993,0.923,14.0,8987.5,RUNNING
2024-03-30 00:00:00,GEN_M01,54.46,43.6,395.56,77.8,50.028,0.901,15.2,13511.5,RUNNING
2024-03-30 00:00:00,GEN_M02,54.08,43.3,399.83,77.26,49.995,0.919,17.1,14223.9,RUNNING
2024-03-30 00:00:00,GEN_M03,78.83,63.1,400.85,112.61,49.958,0.905,14.7,12418.3,RUNNING
2024-03-30 00:00:00,GEN_B01,48.6,38.9,400.32,69.43,50.038,0.944,14.2,12235.7,RUNNING
2024-03-30 00:00:00,GEN_B02,66.14,52.9,397.12,94.49,50.063,0.911,12.8,11909.9,RUNNING
2024-03-30 01:00:00,GEN_M01,66.28,53.0,401.2,94.68,49.975,0.907,9.0,8864.5,RUNNING
2024-03-30 01:00:00,GEN_M02,61.87,49.5,399.7,88.39,50.018,0.911,17.6,8474.8,MAINTENANCE
2024-03-30 01:00:00,GEN_M03,59.76,47.8,400.61,85.37,49.994,0.946,17.8,8411.0,RUNNING
2024-03-30 01:00:00,GEN_B01,53.2,42.6,399.0,76.0,49.922,0.903,14.2,8840.2,RUNNING
2024-03-30 01:00:00,GEN_B02,56.66,45.3,397.16,80.95,50.109,0.949,14.0,12078.3,RUNNING
2024-03-30 02:00:00,GEN_M01,49.65,39.7,400.96,70.93,49.934,0.901,17.1,8226.5,RUNNING
2024-03-30 02:00:00,GEN_M02,55.73,44.6,399.43,79.61,50.065,0.926,17.8,10235.7,RUNNING
2024-03-30 02:00:00,GEN_M03,60.99,48.8,401.4,87.13,50.011,0.929,16.7,11516.2,RUNNING
2024-03-30 02:00:00,GEN_B01,73.17,58.5,400.19,104.53,50.006,0.895,11.5,13527.3,RUNNING
2024-03-30 02:00:00,GEN_B02,57.18,45.7,400.57,81.69,50.03,0.931,12.9,8993.1,RUNNING
2024-03-30 03:00:00,GEN_M01,63.67,50.9,401.18,90.96,50.065,0.911,15.9,8373.0,RUNNING
2024-03-30 03:00:00,GEN_M02,50.66,40.5,401.25,72.37,50.036,0.886,14.4,12249.4,RUNNING
2024-03-30 03:00:00,GEN_M03,69.12,55.3,398.22,98.74,50.075,0.94,12.2,11204.2,RUNNING
2024-03-30 03:00:00,GEN_B01,66.05,52.8,398.15,94.36,50.05,0.902,12.3,14702.9,RUNNING
2024-03-30 03:00:00,GEN_B02,55.95,44.8,395.73,79.93,49.949,0.912,11.5,12930.0,RUNNING
2024-03-30 04:00:00,GEN_M01,63.83,51.1,398.27,91.19,50.026,0.895,16.2,8592.1,RUNNING
2024-03-30 04:00:00,GEN_M02,70.22,56.2,400.25,100.32,50.035,0.882,15.1,13164.6,RUNNING
2024-03-30 04:00:00,GEN_M03,62.09,49.7,402.07,88.7,49.966,0.955,21.5,12171.7,RUNNING
2024-03-30 04:00:00,GEN_B01,60.6,48.5,401.62,86.57,50.028,0.911,17.9,9087.6,RUNNING
2024-03-30 04:00:00,GEN_B02,55.69,44.6,400.87,79.56,49.961,0.939,17.2,13536.3,RUNNING
2024-03-30 05:00:00,GEN_M01,47.43,37.9,400.26,67.76,49.965,0.953,12.7,11719.1,RUNNING
2024-03-30 05:00:00,GEN_M02,62.84,50.3,401.15,89.77,49.959,0.911,17.7,12139.3,RUNNING
2024-03-30 05:00:00,GEN_M03,52.86,42.3,401.24,75.51,49.964,0.916,12.5,13197.1,RUNNING
2024-03-30 05:00:00,GEN_B01,62.77,50.2,399.95,89.67,49.941,0.933,14.8,13054.5,RUNNING
2024-03-30 05:00:00,GEN_B02,55.63,44.5,399.73,79.48,49.972,0.908,17.8,9267.2,RUNNING
2024-03-30 06:00:00,GEN_M01,82.01,65.6,400.76,117.15,50.029,0.898,14.2,13714.9,RUNNING
2024-03-30 06:00:00,GEN_M02,87.93,70.3,399.71,125.61,49.978,0.912,15.9,8748.9,RUNNING
2024-03-30 06:00:00,GEN_M03,74.41,59.5,399.14,106.3,50.044,0.917,15.4,8969.1,RUNNING
2024-03-30 06:00:00,GEN_B01,76.5,61.2,399.49,109.29,49.898,0.881,13.4,9929.3,RUNNING
2024-03-30 06:00:00,GEN_B02,87.75,70.2,400.49,125.36,49.905,0.892,17.5,10038.6,RUNNING
2024-03-30 07:00:00,GEN_M01,84.75,67.8,398.39,121.07,50.073,0.934,13.3,13606.9,RUNNING
2024-03-30 07:00:00,GEN_M02,82.71,66.2,402.74,118.15,50.07,0.95,15.2,9266.3,RUNNING
2024-03-30 07:00:00,GEN_M03,84.56,67.6,401.52,120.8,49.936,0.916,13.0,14284.6,RUNNING
2024-03-30 07:00:00,GEN_B01,67.4,53.9,398.41,96.28,50.033,0.915,14.8,11884.1,RUNNING
2024-03-30 07:00:00,GEN_B02,73.16,58.5,399.17,104.51,49.984,0.91,15.1,11480.9,RUNNING
2024-03-30 08:00:00,GEN_M01,65.69,52.6,400.48,93.85,49.988,0.951,13.2,12723.4,RUNNING
2024-03-30 08:00:00,GEN_M02,73.28,58.6,401.57,104.68,50.032,0.948,14.9,14918.6,RUNNING
2024-03-30 08:00:00,GEN_M03,65.09,52.1,398.53,92.99,50.022,0.915,16.6,10494.5,RUNNING
2024-03-30 08:00:00,GEN_B01,74.36,59.5,400.95,106.23,50.008,0.917,18.6,14010.7,RUNNING
2024-03-30 08:00:00,GEN_B02,67.31,53.8,400.13,96.16,49.963,0.902,8.9,12387.0,RUNNING
2024-03-30 09:00:00,GEN_M01,65.49,52.4,399.77,93.56,50.021,0.927,14.9,13581.0,RUNNING
2024-03-30 09:00:00,GEN_M02,92.57,74.1,402.67,132.25,50.039,0.907,16.5,9913.0,RUNNING
2024-03-30 09:00:00,GEN_M03,82.04,65.6,397.63,117.2,50.101,0.928,14.5,9814.0,RUNNING
2024-03-30 09:00:00,GEN_B01,92.37,73.9,397.3,131.96,50.023,0.9,15.6,12254.2,RUNNING
2024-03-30 09:00:00,GEN_B02,81.82,65.5,400.4,116.88,50.043,0.916,11.3,13691.5,RUNNING
2024-03-30 10:00:00,GEN_M01,61.04,48.8,399.16,87.2,49.964,0.906,17.5,12087.1,RUNNING
2024-03-30 10:00:00,GEN_M02,93.55,74.8,404.36,133.65,49.999,0.907,14.0,11185.2,RUNNING
2024-03-30 10:00:00,GEN_M03,102.16,81.7,399.73,145.94,50.077,0.93,13.3,14268.6,RUNNING
2024-03-30 10:00:00,GEN_B01,78.29,62.6,398.3,111.84,49.935,0.939,13.2,13049.1,RUNNING
2024-03-30 10:00:00,GEN_B02,70.2,56.2,400.49,100.29,50.063,0.927,14.4,8439.4,RUNNING
2024-03-30 11:00:00,GEN_M01,82.57,66.1,401.35,117.96,49.986,0.892,13.1,13065.9,RUNNING
2024-03-30 11:00:00,GEN_M02,88.41,70.7,399.86,126.3,49.935,0.928,9.6,11524.1,RUNNING
2024-03-30 11:00:00,GEN_M03,87.13,69.7,401.54,124.48,49.958,0.942,16.7,8629.5,RUNNING
2024-03-30 11:00:00,GEN_B01,80.34,64.3,401.17,114.78,50.045,0.907,16.6,13759.6,RUNNING
2024-03-30 11:00:00,GEN_B02,83.49,66.8,402.38,119.27,49.999,0.917,14.0,13576.6,RUNNING
2024-03-30 12:00:00,GEN_M01,85.69,68.6,400.07,122.42,49.984,0.938,17.2,14628.2,RUNNING
2024-03-30 12:00:00,GEN_M02,98.67,78.9,398.52,140.95,50.039,0.919,17.8,12326.9,RUNNING
2024-03-30 12:00:00,GEN_M03,57.51,46.0,399.32,82.16,49.964,0.902,15.0,13689.0,MAINTENANCE
2024-03-30 12:00:00,GEN_B01,76.78,61.4,399.47,109.69,49.899,0.923,14.4,10354.6,RUNNING
2024-03-30 12:00:00,GEN_B02,64.83,51.9,401.59,92.62,50.008,0.905,15.2,10548.4,RUNNING
2024-03-30 13:00:00,GEN_M01,70.76,56.6,399.09,101.08,50.011,0.922,14.0,8733.1,RUNNING
2024-03-30 13:00:00,GEN_M02,71.0,56.8,400.44,101.42,50.027,0.949,13.7,10150.3,RUNNING
2024-03-30 13:00:00,GEN_M03,72.88,58.3,397.73,104.12,49.939,0.935,15.7,8443.6,RUNNING
2024-03-30 13:00:00,GEN_B01,67.31,53.8,400.13,96.16,50.036,0.885,15.7,14155.7,RUNNING
2024-03-30 13:00:00,GEN_B02,87.45,70.0,400.44,124.93,49.997,0.903,13.9,8994.8,RUNNING
2024-03-30 14:00:00,GEN_M01,76.0,60.8,400.6,108.57,49.957,0.931,13.2,9682.3,RUNNING
2024-03-30 14:00:00,GEN_M02,113.91,91.1,400.52,162.73,49.993,0.913,19.2,10709.0,RUNNING
2024-03-30 14:00:00,GEN_M03,73.45,58.8,400.88,104.93,50.049,0.915,13.5,14171.6,RUNNING
2024-03-30 14:00:00,GEN_B01,86.27,69.0,398.74,123.24,49.918,0.937,19.2,9834.5,RUNNING
2024-03-30 14:00:00,GEN_B02,82.48,66.0,400.2,117.83,49.894,0.927,17.5,10241.9,RUNNING
2024-03-30 15:00:00,GEN_M01,83.57,66.9,396.55,119.38,49.911,0.893,14.2,12619.6,RUNNING
2024-03-30 15:00:00,GEN_M02,79.74,63.8,400.31,113.92,49.923,0.909,15.7,14670.4,RUNNING
2024-03-30 15:00:00,GEN_M03,78.97,63.2,400.55,112.81,50.088,0.929,16.9,13492.2,RUNNING
2024-03-30 15:00:00,GEN_B01,69.05,55.2,399.77,98.65,49.957,0.924,16.1,13010.2,RUNNING
2024-03-30 15:00:00,GEN_B02,78.4,62.7,400.28,111.99,49.948,0.922,11.3,14691.7,RUNNING
2024-03-30 16:00:00,GEN_M01,58.53,46.8,400.16,83.61,50.144,0.923,13.0,8711.5,RUNNING
2024-03-30 16:00:00,GEN_M02,76.85,61.5,399.12,109.79,50.022,0.921,16.7,12736.2,RUNNING
2024-03-30 16:00:00,GEN_M03,76.46,61.2,398.4,109.23,50.015,0.919,12.0,8718.5,RUNNING
2024-03-30 16:00:00,GEN_B01,81.52,65.2,399.98,116.46,49.928,0.908,14.8,14101.1,RUNNING
2024-03-30 16:00:00,GEN_B02,73.17,58.5,399.08,104.53,49.956,0.958,16.0,10948.6,RUNNING
2024-03-30 17:00:00,GEN_M01,77.1,61.7,401.37,110.14,49.982,0.928,14.5,10333.7,RUNNING
2024-03-30 17:00:00,GEN_M02,84.16,67.3,400.34,120.23,50.005,0.923,14.9,14128.2,RUNNING
2024-03-30 17:00:00,GEN_M03,78.39,62.7,399.59,111.99,50.117,0.932,15.1,8098.6,RUNNING
2024-03-30 17:00:00,GEN_B01,91.04,72.8,398.07,130.05,49.932,0.946,13.4,8408.1,RUNNING
2024-03-30 17:00:00,GEN_B02,93.71,75.0,403.06,133.87,49.995,0.927,13.9,12169.9,RUNNING
2024-03-30 18:00:00,GEN_M01,85.03,68.0,399.87,121.47,50.026,0.913,18.6,8451.7,RUNNING
2024-03-30 18:00:00,GEN_M02,83.11,66.5,399.69,118.73,50.012,0.906,15.7,11861.1,RUNNING
2024-03-30 18:00:00,GEN_M03,75.73,60.6,401.96,108.18,49.995,0.929,14.8,9399.9,RUNNING
2024-03-30 18:00:00,GEN_B01,85.5,68.4,398.88,122.14,50.03,0.925,12.9,8290.5,RUNNING
2024-03-30 18:00:00,GEN_B02,83.37,66.7,398.01,119.1,49.97,0.924,14.8,9618.6,RUNNING
2024-03-30 19:00:00,GEN_M01,54.97,44.0,396.87,78.53,49.935,0.901,15.0,10991.3,RUNNING
2024-03-30 19:00:00,GEN_M02,58.33,46.7,399.2,83.32,49.967,0.918,17.3,12686.6,RUNNING
2024-03-30 19:00:00,GEN_M03,54.24,43.4,399.01,77.49,49.972,0.967,14.4,10325.3,RUNNING
2024-03-30 19:00:00,GEN_B01,37.98,30.4,400.13,54.25,49.985,0.897,11.6,9706.2,RUNNING
2024-03-30 19:00:00,GEN_B02,55.26,44.2,398.48,78.94,49.931,0.893,14.7,9760.7,RUNNING
2024-03-30 20:00:00,GEN_M01,72.68,58.1,401.08,103.82,49.956,0.903,16.9,12065.0,RUNNING
2024-03-30 20:00:00,GEN_M02,45.63,36.5,399.82,65.18,49.981,0.93,16.3,12122.4,RUNNING
2024-03-30 20:00:00,GEN_M03,47.9,38.3,400.7,68.43,49.957,0.911,13.5,9699.7,RUNNING
2024-03-30 20:00:00,GEN_B01,67.58,54.1,401.63,96.54,49.997,0.92,20.8,11302.4,RUNNING
2024-03-30 20:00:00,GEN_B02,50.67,40.5,402.44,72.38,50.022,0.961,15.2,12323.7,RUNNING
2024-03-30 21:00:00,GEN_M01,45.78,36.6,400.7,65.4,49.999,0.924,15.2,8226.2,RUNNING
2024-03-30 21:00:00,GEN_M02,61.41,49.1,399.14,87.73,50.117,0.922,15.5,13817.6,RUNNING
2024-03-30 21:00:00,GEN_M03,54.75,43.8,396.96,78.22,49.987,0.898,14.5,14767.8,RUNNING
2024-03-30 21:00:00,GEN_B01,58.26,46.6,399.0,83.22,50.047,0.919,14.9,9123.8,RUNNING
2024-03-30 21:00:00,GEN_B02,53.42,42.7,398.83,76.32,50.004,0.91,16.0,13267.6,RUNNING
2024-03-30 22:00:00,GEN_M01,49.24,39.4,400.46,70.34,50.066,0.885,16.0,9982.8,RUNNING
2024-03-30 22:00:00,GEN_M02,63.89,51.1,400.77,91.28,49.996,0.947,13.7,11165.5,MAINTENANCE
2024-03-30 22:00:00,GEN_M03,54.86,43.9,399.96,78.38,49.989,0.922,13.0,14991.3,RUNNING
2024-03-30 22:00:00,GEN_B01,56.69,45.4,398.53,80.99,49.964,0.948,17.2,11959.1,RUNNING
2024-03-30 22:00:00,GEN_B02,71.43,57.1,402.81,102.04,50.073,0.953,16.0,8299.7,RUNNING
2024-03-30 23:00:00,GEN_M01,47.64,38.1,399.88,68.05,49.933,0.947,16.3,11205.7,RUNNING
2024-03-30 23:00:00,GEN_M02,51.62,41.3,397.28,73.74,49.933,0.914,15.1,8452.9,RUNNING
2024-03-30 23:00:00,GEN_M03,60.87,48.7,403.66,86.95,49.946,0.883,13.3,13514.9,RUNNING
2024-03-30 23:00:00,GEN_B01,57.06,45.6,400.29,81.52,50.055,0.924,13.5,8538.2,RUNNING
2024-03-30 23:00:00,GEN_B02,57.4,45.9,401.56,82.01,50.068,0.929,15.9,12950.8,RUNNING
2024-03-31 00:00:00,GEN_M01,57.15,45.7,398.97,81.65,49.96,0.91,14.0,13017.5,RUNNING
2024-03-31 00:00:00,GEN_M02,70.7,56.6,401.56,101.0,49.946,0.92,14.6,11525.0,RUNNING
2024-03-31 00:00:00,GEN_M03,62.15,49.7,399.99,88.79,49.982,0.922,16.9,14311.5,RUNNING
2024-03-31 00:00:00,GEN_B01,51.96,41.6,399.39,74.23,50.011,0.949,13.9,10966.8,RUNNING
2024-03-31 00:00:00,GEN_B02,50.14,40.1,397.78,71.62,50.036,0.892,13.5,9435.2,RUNNING
