timestamp,fuel_level_l,fuel_consumption_lph,inflow_l,estimated_days_remaining,reorder_threshold_l,resupply_status
2024-01-01 00:00:00,100000.0,337.11,26457.9,12.4,30000,SCHEDULED
2024-01-01 01:00:00,99979.8,484.27,0.0,8.6,30000,NORMAL
2024-01-01 02:00:00,99963.3,395.95,0.0,10.5,30000,NORMAL
2024-01-01 03:00:00,99943.9,465.13,0.0,9.0,30000,NORMAL
2024-01-01 04:00:00,99927.9,384.07,0.0,10.8,30000,NORMAL
2024-01-01 05:00:00,99909.4,445.13,0.0,9.4,30000,NORMAL
2024-01-01 06:00:00,99889.9,467.94,0.0,8.9,30000,NORMAL
2024-01-01 07:00:00,99869.7,484.68,0.0,8.6,30000,NORMAL
2024-01-01 08:00:00,99850.1,469.81,0.0,8.9,30000,NORMAL
2024-01-01 09:00:00,99835.3,355.29,0.0,11.7,30000,NORMAL
2024-01-01 10:00:00,99815.9,465.11,0.0,8.9,30000,NORMAL
2024-01-01 11:00:00,99792.6,559.04,0.0,7.4,30000,NORMAL
2024-01-01 12:00:00,99773.1,469.64,0.0,8.9,30000,NORMAL
2024-01-01 13:00:00,99757.2,380.74,0.0,10.9,30000,NORMAL
2024-01-01 14:00:00,99739.9,414.49,0.0,10.0,30000,NORMAL
2024-01-01 15:00:00,99722.3,424.42,0.0,9.8,30000,NORMAL
2024-01-01 16:00:00,99708.4,333.42,0.0,12.5,30000,NORMAL
2024-01-01 17:00:00,99689.4,455.03,0.0,9.1,30000,NORMAL
2024-01-01 18:00:00,99671.4,432.48,0.0,9.6,30000,NORMAL
2024-01-01 19:00:00,99653.3,434.82,0.0,9.5,30000,NORMAL
2024-01-01 20:00:00,99634.8,443.77,0.0,9.4,30000,NORMAL
2024-01-01 21:00:00,99617.5,413.9,0.0,10.0,30000,NORMAL
2024-01-01 22:00:00,99597.0,492.75,0.0,8.4,30000,NORMAL
2024-01-01 23:00:00,99577.9,459.2,0.0,9.0,30000,NORMAL
2024-01-02 00:00:00,99560.2,423.31,0.0,9.8,30000,NORMAL
2024-01-02 01:00:00,99540.6,472.25,0.0,8.8,30000,NORMAL
2024-01-02 02:00:00,99521.1,467.77,0.0,8.9,30000,NORMAL
2024-01-02 03:00:00,99504.3,402.25,0.0,10.3,30000,NORMAL
2024-01-02 04:00:00,99485.9,441.35,0.0,9.4,30000,NORMAL
2024-01-02 05:00:00,99467.5,441.28,0.0,9.4,30000,NORMAL
2024-01-02 06:00:00,99450.0,420.74,0.0,9.8,30000,NORMAL
2024-01-02 07:00:00,99434.1,382.16,0.0,10.8,30000,NORMAL
2024-01-02 08:00:00,99416.6,419.19,0.0,9.9,30000,NORMAL
2024-01-02 09:00:00,99395.2,513.32,0.0,8.1,30000,NORMAL
2024-01-02 10:00:00,99377.8,417.55,0.0,9.9,30000,NORMAL
2024-01-02 11:00:00,99357.2,494.95,0.0,8.4,30000,NORMAL
2024-01-02 12:00:00,99338.5,448.23,0.0,9.2,30000,NORMAL
2024-01-02 13:00:00,99319.4,458.38,0.0,9.0,30000,NORMAL
2024-01-02 14:00:00,99303.2,388.79,0.0,10.6,30000,NORMAL
2024-01-02 15:00:00,99282.0,508.2,0.0,8.1,30000,NORMAL
2024-01-02 16:00:00,99259.0,553.01,0.0,7.5,30000,NORMAL
2024-01-02 17:00:00,99241.7,415.09,0.0,10.0,30000,NORMAL
2024-01-02 18:00:00,99220.2,515.18,0.0,8.0,30000,NORMAL
2024-01-02 19:00:00,99204.1,386.54,0.0,10.7,30000,NORMAL
2024-01-02 20:00:00,99185.5,447.31,0.0,9.2,30000,NORMAL
2024-01-02 21:00:00,99169.2,391.38,0.0,10.6,30000,NORMAL
2024-01-02 22:00:00,99149.7,468.87,0.0,8.8,30000,NORMAL
2024-01-02 23:00:00,99131.3,439.8,0.0,9.4,30000,NORMAL
2024-01-03 00:00:00,99112.7,447.46,0.0,9.2,30000,NORMAL
2024-01-03 01:00:00,99091.2,515.6,0.0,8.0,30000,NORMAL
2024-01-03 02:00:00,99069.9,512.18,0.0,8.1,30000,NORMAL
2024-01-03 03:00:00,99051.5,441.39,0.0,9.4,30000,NORMAL
2024-01-03 04:00:00,99030.4,505.36,0.0,8.2,30000,NORMAL
2024-01-03 05:00:00,99009.3,507.52,0.0,8.1,30000,NORMAL
2024-01-03 06:00:00,98988.2,505.47,0.0,8.2,30000,NORMAL
2024-01-03 07:00:00,98969.2,457.39,0.0,9.0,30000,NORMAL
2024-01-03 08:00:00,98949.7,466.53,0.0,8.8,30000,NORMAL
2024-01-03 09:00:00,98931.6,435.82,0.0,9.5,30000,NORMAL
2024-01-03 10:00:00,98907.9,566.7,0.0,7.3,30000,NORMAL
2024-01-03 11:00:00,98888.4,469.95,0.0,8.8,30000,NORMAL
2024-01-03 12:00:00,98869.8,445.89,0.0,9.2,30000,NORMAL
2024-01-03 13:00:00,98850.0,475.16,0.0,8.7,30000,NORMAL
2024-01-03 14:00:00,98830.7,463.58,0.0,8.9,30000,NORMAL
2024-01-03 15:00:00,98807.6,553.12,0.0,7.4,30000,NORMAL
2024-01-03 16:00:00,98788.9,448.9,0.0,9.2,30000,NORMAL
2024-01-03 17:00:00,98768.6,488.28,0.0,8.4,30000,NORMAL
2024-01-03 18:00:00,98750.1,444.03,0.0,9.3,30000,NORMAL
2024-01-03 19:00:00,98734.8,365.63,0.0,11.3,30000,NORMAL
2024-01-03 20:00:00,98716.1,450.07,0.0,9.1,30000,NORMAL
2024-01-03 21:00:00,98695.6,492.67,0.0,8.3,30000,NORMAL
2024-01-03 22:00:00,98676.5,456.8,0.0,9.0,30000,NORMAL
2024-01-03 23:00:00,98660.2,392.19,0.0,10.5,30000,NORMAL
2024-01-04 00:00:00,98638.1,529.26,0.0,7.8,30000,NORMAL
2024-01-04 01:00:00,98621.9,390.52,0.0,10.5,30000,NORMAL
2024-01-04 02:00:00,98604.7,411.35,0.0,10.0,30000,NORMAL
2024-01-04 03:00:00,98588.3,393.75,0.0,10.4,30000,NORMAL
2024-01-04 04:00:00,98571.7,398.19,0.0,10.3,30000,NORMAL
2024-01-04 05:00:00,98552.9,452.25,0.0,9.1,30000,NORMAL
2024-01-04 06:00:00,98532.9,480.55,0.0,8.5,30000,NORMAL
2024-01-04 07:00:00,98515.3,420.65,0.0,9.8,30000,NORMAL
2024-01-04 08:00:00,98495.4,478.22,0.0,8.6,30000,NORMAL
2024-01-04 09:00:00,98475.0,488.45,0.0,8.4,30000,NORMAL
2024-01-04 10:00:00,98457.0,433.55,0.0,9.5,30000,NORMAL
2024-01-04 11:00:00,98441.4,374.31,0.0,11.0,30000,NORMAL
2024-01-04 12:00:00,98419.5,525.7,0.0,7.8,30000,NORMAL
2024-01-04 13:00:00,98402.1,416.47,0.0,9.8,30000,NORMAL
2024-01-04 14:00:00,98388.0,339.5,0.0,12.1,30000,NORMAL
2024-01-04 15:00:00,98370.0,430.55,0.0,9.5,30000,NORMAL
2024-01-04 16:00:00,98350.1,479.19,0.0,8.6,30000,NORMAL
2024-01-04 17:00:00,98329.8,486.68,0.0,8.4,30000,NORMAL
2024-01-04 18:00:00,98313.4,393.15,0.0,10.4,30000,NORMAL
2024-01-04 19:00:00,98298.5,357.56,0.0,11.5,30000,NORMAL
2024-01-04 20:00:00,98279.1,465.29,0.0,8.8,30000,NORMAL
2024-01-04 21:00:00,98259.3,475.85,0.0,8.6,30000,NORMAL
2024-01-04 22:00:00,98238.2,505.9,0.0,8.1,30000,NORMAL
2024-01-04 23:00:00,98217.4,500.16,0.0,8.2,30000,NORMAL
2024-01-05 00:00:00,98198.3,457.33,0.0,8.9,30000,NORMAL
2024-01-05 01:00:00,98181.5,404.07,0.0,10.1,30000,NORMAL
2024-01-05 02:00:00,98163.8,425.87,0.0,9.6,30000,NORMAL
2024-01-05 03:00:00,98145.5,437.85,0.0,9.3,30000,NORMAL
2024-01-05 04:00:00,98128.7,404.23,0.0,10.1,30000,NORMAL
2024-01-05 05:00:00,98107.7,504.05,0.0,8.1,30000,NORMAL
2024-01-05 06:00:00,98086.8,501.39,0.0,8.2,30000,NORMAL
2024-01-05 07:00:00,98070.9,380.2,0.0,10.7,30000,NORMAL
2024-01-05 08:00:00,98052.8,433.92,0.0,9.4,30000,NORMAL
2024-01-05 09:00:00,98029.8,553.11,0.0,7.4,30000,NORMAL
2024-01-05 10:00:00,98008.6,508.14,0.0,8.0,30000,NORMAL
2024-01-05 11:00:00,97989.5,459.41,0.0,8.9,30000,NORMAL
2024-01-05 12:00:00,97968.5,504.79,0.0,8.1,30000,NORMAL
2024-01-05 13:00:00,97946.3,532.47,0.0,7.7,30000,NORMAL
2024-01-05 14:00:00,97927.3,454.73,0.0,9.0,30000,NORMAL
2024-01-05 15:00:00,97911.4,382.15,0.0,10.7,30000,NORMAL
2024-01-05 16:00:00,97890.9,492.98,0.0,8.3,30000,NORMAL
2024-01-05 17:00:00,97870.2,495.57,0.0,8.2,30000,NORMAL
2024-01-05 18:00:00,97853.6,399.71,0.0,10.2,30000,NORMAL
2024-01-05 19:00:00,97834.3,463.03,0.0,8.8,30000,NORMAL
2024-01-05 20:00:00,97817.2,410.47,0.0,9.9,30000,NORMAL
2024-01-05 21:00:00,97801.8,367.76,0.0,11.1,30000,NORMAL
2024-01-05 22:00:00,97782.6,461.03,0.0,8.8,30000,NORMAL
2024-01-05 23:00:00,97760.8,522.61,0.0,7.8,30000,NORMAL
2024-01-06 00:00:00,97741.4,466.06,0.0,8.7,30000,NORMAL
2024-01-06 01:00:00,97722.3,458.84,0.0,8.9,30000,NORMAL
2024-01-06 02:00:00,97706.3,383.37,0.0,10.6,30000,NORMAL
2024-01-06 03:00:00,97686.3,481.41,0.0,8.5,30000,NORMAL
2024-01-06 04:00:00,97668.7,422.32,0.0,9.6,30000,NORMAL
2024-01-06 05:00:00,97651.6,411.1,0.0,9.9,30000,NORMAL
2024-01-06 06:00:00,97631.0,494.11,0.0,8.2,30000,NORMAL
2024-01-06 07:00:00,97614.7,389.22,0.0,10.4,30000,NORMAL
2024-01-06 08:00:00,97596.4,439.41,0.0,9.3,30000,NORMAL
2024-01-06 09:00:00,97580.1,392.61,0.0,10.4,30000,NORMAL
2024-01-06 10:00:00,97562.0,435.03,0.0,9.3,30000,NORMAL
2024-01-06 11:00:00,97547.8,340.39,0.0,11.9,30000,NORMAL
2024-01-06 12:00:00,97527.9,477.08,0.0,8.5,30000,NORMAL
2024-01-06 13:00:00,97508.3,469.51,0.0,8.7,30000,NORMAL
2024-01-06 14:00:00,97485.0,558.84,0.0,7.3,30000,NORMAL
2024-01-06 15:00:00,97465.8,462.12,0.0,8.8,30000,NORMAL
2024-01-06 16:00:00,97448.9,404.89,0.0,10.0,30000,NORMAL
2024-01-06 17:00:00,97428.1,499.58,0.0,8.1,30000,NORMAL
2024-01-06 18:00:00,97407.3,498.45,0.0,8.1,30000,NORMAL
2024-01-06 19:00:00,97385.9,515.34,0.0,7.9,30000,NORMAL
2024-01-06 20:00:00,97371.2,351.96,0.0,11.5,30000,NORMAL
2024-01-06 21:00:00,97353.9,414.95,0.0,9.8,30000,NORMAL
2024-01-06 22:00:00,97337.0,404.62,0.0,10.0,30000,NORMAL
2024-01-06 23:00:00,97315.1,526.43,0.0,7.7,30000,NORMAL
2024-01-07 00:00:00,97294.7,490.28,0.0,8.3,30000,NORMAL
2024-01-07 01:00:00,97273.6,506.52,0.0,8.0,30000,NORMAL
2024-01-07 02:00:00,97257.1,395.75,0.0,10.2,30000,NORMAL
2024-01-07 03:00:00,97238.1,456.63,0.0,8.9,30000,NORMAL
2024-01-07 04:00:00,97222.7,368.63,0.0,11.0,30000,NORMAL
2024-01-07 05:00:00,97206.3,394.88,0.0,10.3,30000,NORMAL
2024-01-07 06:00:00,97187.2,456.18,0.0,8.9,30000,NORMAL
2024-01-07 07:00:00,97168.0,461.09,0.0,8.8,30000,NORMAL
2024-01-07 08:00:00,97148.5,469.67,0.0,8.6,30000,NORMAL
2024-01-07 09:00:00,97131.1,417.49,0.0,9.7,30000,NORMAL
2024-01-07 10:00:00,97111.4,471.27,0.0,8.6,30000,NORMAL
2024-01-07 11:00:00,97092.7,450.23,0.0,9.0,30000,NORMAL
2024-01-07 12:00:00,97070.7,528.5,0.0,7.7,30000,NORMAL
2024-01-07 13:00:00,97052.8,428.67,0.0,9.4,30000,NORMAL
2024-01-07 14:00:00,97037.9,358.27,0.0,11.3,30000,NORMAL
2024-01-07 15:00:00,97017.8,480.84,0.0,8.4,30000,NORMAL
2024-01-07 16:00:00,96998.4,466.79,0.0,8.7,30000,NORMAL
2024-01-07 17:00:00,96981.5,405.51,0.0,10.0,30000,NORMAL
2024-01-07 18:00:00,96963.4,433.67,0.0,9.3,30000,NORMAL
2024-01-07 19:00:00,96944.3,459.7,0.0,8.8,30000,NORMAL
2024-01-07 20:00:00,96926.3,431.03,0.0,9.4,30000,NORMAL
2024-01-07 21:00:00,96909.9,394.48,0.0,10.2,30000,NORMAL
2024-01-07 22:00:00,96891.5,440.01,0.0,9.2,30000,NORMAL
2024-01-07 23:00:00,96870.9,494.22,0.0,8.2,30000,NORMAL
2024-01-08 00:00:00,96852.9,431.92,0.0,9.3,30000,NORMAL
2024-01-08 01:00:00,96833.7,460.59,0.0,8.8,30000,NORMAL
2024-01-08 02:00:00,96815.4,440.93,0.0,9.1,30000,NORMAL
2024-01-08 03:00:00,96799.2,388.25,0.0,10.4,30000,NORMAL
2024-01-08 04:00:00,96780.7,444.68,0.0,9.1,30000,NORMAL
2024-01-08 05:00:00,96762.8,427.74,0.0,9.4,30000,NORMAL
2024-01-08 06:00:00,96742.5,487.93,0.0,8.3,30000,NORMAL
2024-01-08 07:00:00,96721.2,511.77,0.0,7.9,30000,NORMAL
2024-01-08 08:00:00,96700.6,494.08,0.0,8.2,30000,NORMAL
2024-01-08 09:00:00,96683.4,413.24,0.0,9.7,30000,NORMAL
2024-01-08 10:00:00,96667.1,391.86,0.0,10.3,30000,NORMAL
2024-01-08 11:00:00,96651.5,374.32,0.0,10.8,30000,NORMAL
2024-01-08 12:00:00,96632.4,458.47,0.0,8.8,30000,NORMAL
2024-01-08 13:00:00,96615.1,414.54,0.0,9.7,30000,NORMAL
2024-01-08 14:00:00,96598.7,394.35,0.0,10.2,30000,NORMAL
2024-01-08 15:00:00,96575.8,548.09,0.0,7.3,30000,NORMAL
2024-01-08 16:00:00,96556.1,474.31,0.0,8.5,30000,NORMAL
2024-01-08 17:00:00,96536.6,466.81,0.0,8.6,30000,NORMAL
2024-01-08 18:00:00,96517.3,464.31,0.0,8.7,30000,NORMAL
2024-01-08 19:00:00,96495.1,530.94,0.0,7.6,30000,NORMAL
2024-01-08 20:00:00,96476.7,441.65,0.0,9.1,30000,NORMAL
2024-01-08 21:00:00,96456.7,480.89,0.0,8.4,30000,NORMAL
2024-01-08 22:00:00,96436.1,495.17,0.0,8.1,30000,NORMAL
2024-01-08 23:00:00,96413.4,542.89,0.0,7.4,30000,NORMAL
2024-01-09 00:00:00,96394.7,449.93,0.0,8.9,30000,NORMAL
2024-01-09 01:00:00,96373.4,511.73,0.0,7.8,30000,NORMAL
2024-01-09 02:00:00,96358.4,358.58,0.0,11.2,30000,NORMAL
2024-01-09 03:00:00,96335.3,555.87,0.0,7.2,30000,NORMAL
2024-01-09 04:00:00,96315.6,471.13,0.0,8.5,30000,NORMAL
2024-01-09 05:00:00,96295.3,487.76,0.0,8.2,30000,NORMAL
2024-01-09 06:00:00,96279.2,385.81,0.0,10.4,30000,NORMAL
2024-01-09 07:00:00,96263.3,382.57,0.0,10.5,30000,NORMAL
2024-01-09 08:00:00,96245.9,417.69,0.0,9.6,30000,NORMAL
2024-01-09 09:00:00,96227.1,450.99,0.0,8.9,30000,NORMAL
2024-01-09 10:00:00,96208.9,437.27,0.0,9.2,30000,NORMAL
2024-01-09 11:00:00,96191.0,429.5,0.0,9.3,30000,NORMAL
2024-01-09 12:00:00,96172.7,440.15,0.0,9.1,30000,NORMAL
2024-01-09 13:00:00,96158.8,333.27,0.0,12.0,30000,NORMAL
2024-01-09 14:00:00,96139.1,471.33,0.0,8.5,30000,NORMAL
2024-01-09 15:00:00,96120.7,441.51,0.0,9.1,30000,NORMAL
2024-01-09 16:00:00,96100.0,497.56,0.0,8.0,30000,NORMAL
2024-01-09 17:00:00,96082.2,426.21,0.0,9.4,30000,NORMAL
2024-01-09 18:00:00,96064.3,431.4,0.0,9.3,30000,NORMAL
2024-01-09 19:00:00,96045.2,457.9,0.0,8.7,30000,NORMAL
2024-01-09 20:00:00,96025.0,484.2,0.0,8.3,30000,NORMAL
2024-01-09 21:00:00,96003.9,507.53,0.0,7.9,30000,NORMAL
2024-01-09 22:00:00,95985.2,447.97,0.0,8.9,30000,NORMAL
2024-01-09 23:00:00,95965.6,471.43,0.0,8.5,30000,NORMAL
2024-01-10 00:00:00,95946.7,451.65,0.0,8.9,30000,NORMAL
2024-01-10 01:00:00,95928.6,435.31,0.0,9.2,30000,NORMAL
2024-01-10 02:00:00,95913.9,353.88,0.0,11.3,30000,NORMAL
2024-01-10 03:00:00,95894.7,460.3,0.0,8.7,30000,NORMAL
2024-01-10 04:00:00,95877.8,404.47,0.0,9.9,30000,NORMAL
2024-01-10 05:00:00,95857.3,493.54,0.0,8.1,30000,NORMAL
2024-01-10 06:00:00,95840.3,406.59,0.0,9.8,30000,NORMAL
2024-01-10 07:00:00,95822.8,421.59,0.0,9.5,30000,NORMAL
2024-01-10 08:00:00,95805.7,408.9,0.0,9.8,30000,NORMAL
2024-01-10 09:00:00,95785.9,476.66,0.0,8.4,30000,NORMAL
2024-01-10 10:00:00,95767.7,434.84,0.0,9.2,30000,NORMAL
2024-01-10 11:00:00,95747.8,478.42,0.0,8.3,30000,NORMAL
2024-01-10 12:00:00,95734.6,316.49,0.0,12.6,30000,NORMAL
2024-01-10 13:00:00,95711.7,549.71,0.0,7.3,30000,NORMAL
2024-01-10 14:00:00,95695.1,399.48,0.0,10.0,30000,NORMAL
2024-01-10 15:00:00,95674.7,488.43,0.0,8.2,30000,NORMAL
2024-01-10 16:00:00,95654.9,475.0,0.0,8.4,30000,NORMAL
2024-01-10 17:00:00,95634.7,485.58,0.0,8.2,30000,NORMAL
2024-01-10 18:00:00,95617.6,409.11,0.0,9.7,30000,NORMAL
2024-01-10 19:00:00,95599.6,433.05,0.0,9.2,30000,NORMAL
2024-01-10 20:00:00,95580.0,469.92,0.0,8.5,30000,NORMAL
2024-01-10 21:00:00,95561.3,450.2,0.0,8.8,30000,NORMAL
2024-01-10 22:00:00,95544.4,404.53,0.0,9.8,30000,NORMAL
2024-01-10 23:00:00,95524.5,478.67,0.0,8.3,30000,NORMAL
2024-01-11 00:00:00,95501.0,564.19,0.0,7.1,30000,NORMAL
2024-01-11 01:00:00,95483.1,428.91,0.0,9.3,30000,NORMAL
2024-01-11 02:00:00,95463.3,474.41,0.0,8.4,30000,NORMAL
2024-01-11 03:00:00,95444.1,461.39,0.0,8.6,30000,NORMAL
2024-01-11 04:00:00,95426.1,431.46,0.0,9.2,30000,NORMAL
2024-01-11 05:00:00,95405.7,490.31,0.0,8.1,30000,NORMAL
2024-01-11 06:00:00,95385.3,489.63,0.0,8.1,30000,NORMAL
2024-01-11 07:00:00,95367.7,422.51,0.0,9.4,30000,NORMAL
2024-01-11 08:00:00,95345.9,521.65,0.0,7.6,30000,NORMAL
2024-01-11 09:00:00,95327.2,450.53,0.0,8.8,30000,NORMAL
2024-01-11 10:00:00,95306.2,503.78,0.0,7.9,30000,NORMAL
2024-01-11 11:00:00,95286.7,467.22,0.0,8.5,30000,NORMAL
2024-01-11 12:00:00,95267.9,451.98,0.0,8.8,30000,NORMAL
2024-01-11 13:00:00,95249.1,449.58,0.0,8.8,30000,NORMAL
2024-01-11 14:00:00,95229.0,483.81,0.0,8.2,30000,NORMAL
2024-01-11 15:00:00,95212.5,395.0,0.0,10.0,30000,NORMAL
2024-01-11 16:00:00,95193.0,468.57,0.0,8.5,30000,NORMAL
2024-01-11 17:00:00,95171.5,515.51,0.0,7.7,30000,NORMAL
2024-01-11 18:00:00,95151.7,475.53,0.0,8.3,30000,NORMAL
2024-01-11 19:00:00,95136.6,362.67,0.0,10.9,30000,NORMAL
2024-01-11 20:00:00,95120.7,380.85,0.0,10.4,30000,NORMAL
2024-01-11 21:00:00,95101.9,451.05,0.0,8.8,30000,NORMAL
2024-01-11 22:00:00,95084.8,410.65,0.0,9.6,30000,NORMAL
2024-01-11 23:00:00,95064.2,494.48,0.0,8.0,30000,NORMAL
2024-01-12 00:00:00,95046.5,426.29,0.0,9.3,30000,NORMAL
2024-01-12 01:00:00,95026.6,477.57,0.0,8.3,30000,NORMAL
2024-01-12 02:00:00,95003.8,546.97,0.0,7.2,30000,NORMAL
2024-01-12 03:00:00,94985.0,451.15,0.0,8.8,30000,NORMAL
2024-01-12 04:00:00,94968.3,399.41,0.0,9.9,30000,NORMAL
2024-01-12 05:00:00,94948.8,469.79,0.0,8.4,30000,NORMAL
2024-01-12 06:00:00,94929.4,464.14,0.0,8.5,30000,NORMAL
2024-01-12 07:00:00,94910.2,462.5,0.0,8.6,30000,NORMAL
2024-01-12 08:00:00,94888.6,518.4,0.0,7.6,30000,NORMAL
2024-01-12 09:00:00,94872.3,390.69,0.0,10.1,30000,NORMAL
2024-01-12 10:00:00,94851.4,499.97,0.0,7.9,30000,NORMAL
2024-01-12 11:00:00,94834.0,419.69,0.0,9.4,30000,NORMAL
2024-01-12 12:00:00,94812.3,519.03,0.0,7.6,30000,NORMAL
2024-01-12 13:00:00,94798.0,343.89,0.0,11.5,30000,NORMAL
2024-01-12 14:00:00,94774.6,561.53,0.0,7.0,30000,NORMAL
2024-01-12 15:00:00,94756.4,436.46,0.0,9.0,30000,NORMAL
2024-01-12 16:00:00,94740.2,389.49,0.0,10.1,30000,NORMAL
2024-01-12 17:00:00,94719.5,495.38,0.0,8.0,30000,NORMAL
2024-01-12 18:00:00,94699.7,475.58,0.0,8.3,30000,NORMAL
2024-01-12 19:00:00,94680.0,472.66,0.0,8.3,30000,NORMAL
2024-01-12 20:00:00,94659.3,496.48,0.0,7.9,30000,NORMAL
2024-01-12 21:00:00,94640.5,451.82,0.0,8.7,30000,NORMAL
2024-01-12 22:00:00,94622.4,435.37,0.0,9.1,30000,NORMAL
2024-01-12 23:00:00,94606.0,392.03,0.0,10.1,30000,NORMAL
2024-01-13 00:00:00,94587.5,444.31,0.0,8.9,30000,NORMAL
2024-01-13 01:00:00,94569.9,424.43,0.0,9.3,30000,NORMAL
2024-01-13 02:00:00,94551.1,449.58,0.0,8.8,30000,NORMAL
2024-01-13 03:00:00,94532.1,455.65,0.0,8.6,30000,NORMAL
2024-01-13 04:00:00,94509.8,536.87,0.0,7.3,30000,NORMAL
2024-01-13 05:00:00,94492.6,412.63,0.0,9.5,30000,NORMAL
2024-01-13 06:00:00,94474.1,442.95,0.0,8.9,30000,NORMAL
2024-01-13 07:00:00,94456.3,428.23,0.0,9.2,30000,NORMAL
2024-01-13 08:00:00,94440.4,379.86,0.0,10.4,30000,NORMAL
2024-01-13 09:00:00,94415.6,595.59,0.0,6.6,30000,NORMAL
2024-01-13 10:00:00,94398.8,403.19,0.0,9.8,30000,NORMAL
2024-01-13 11:00:00,94379.3,468.47,0.0,8.4,30000,NORMAL
2024-01-13 12:00:00,94357.0,535.01,0.0,7.3,30000,NORMAL
2024-01-13 13:00:00,94340.8,388.03,0.0,10.1,30000,NORMAL
2024-01-13 14:00:00,94320.3,493.8,0.0,8.0,30000,NORMAL
2024-01-13 15:00:00,94304.7,373.03,0.0,10.5,30000,NORMAL
2024-01-13 16:00:00,94287.7,409.88,0.0,9.6,30000,NORMAL
2024-01-13 17:00:00,94267.7,478.07,0.0,8.2,30000,NORMAL
2024-01-13 18:00:00,94249.6,436.36,0.0,9.0,30000,NORMAL
2024-01-13 19:00:00,94227.8,522.73,0.0,7.5,30000,NORMAL
2024-01-13 20:00:00,94208.8,456.43,0.0,8.6,30000,NORMAL
2024-01-13 21:00:00,94188.9,476.05,0.0,8.2,30000,NORMAL
2024-01-13 22:00:00,94171.6,415.51,0.0,9.4,30000,NORMAL
2024-01-13 23:00:00,94155.0,398.07,0.0,9.9,30000,NORMAL
2024-01-14 00:00:00,94138.7,392.2,0.0,10.0,30000,NORMAL
2024-01-14 01:00:00,94121.9,403.25,0.0,9.7,30000,NORMAL
2024-01-14 02:00:00,94104.6,415.25,0.0,9.4,30000,NORMAL
2024-01-14 03:00:00,94083.4,507.85,0.0,7.7,30000,NORMAL
2024-01-14 04:00:00,94063.8,470.17,0.0,8.3,30000,NORMAL
2024-01-14 05:00:00,94047.7,386.11,0.0,10.1,30000,NORMAL
2024-01-14 06:00:00,94029.8,429.41,0.0,9.1,30000,NORMAL
2024-01-14 07:00:00,94011.2,448.48,0.0,8.7,30000,NORMAL
2024-01-14 08:00:00,93986.3,596.67,0.0,6.6,30000,NORMAL
2024-01-14 09:00:00,93967.5,450.43,0.0,8.7,30000,NORMAL
2024-01-14 10:00:00,93947.8,472.68,0.0,8.3,30000,NORMAL
2024-01-14 11:00:00,93931.1,400.38,0.0,9.8,30000,NORMAL
2024-01-14 12:00:00,93910.9,486.03,0.0,8.1,30000,NORMAL
2024-01-14 13:00:00,93889.3,519.02,0.0,7.5,30000,NORMAL
2024-01-14 14:00:00,93870.8,442.46,0.0,8.8,30000,NORMAL
2024-01-14 15:00:00,93850.8,480.77,0.0,8.1,30000,NORMAL
2024-01-14 16:00:00,93830.9,478.77,0.0,8.2,30000,NORMAL
2024-01-14 17:00:00,93812.0,453.47,0.0,8.6,30000,NORMAL
2024-01-14 18:00:00,93790.5,514.55,0.0,7.6,30000,NORMAL
2024-01-14 19:00:00,93773.4,410.07,0.0,9.5,30000,NORMAL
2024-01-14 20:00:00,93756.5,406.39,0.0,9.6,30000,NORMAL
2024-01-14 21:00:00,93737.7,450.22,0.0,8.7,30000,NORMAL
2024-01-14 22:00:00,93719.8,431.33,0.0,9.1,30000,NORMAL
2024-01-14 23:00:00,93707.1,304.43,0.0,12.8,30000,NORMAL
2024-01-15 00:00:00,100000.0,413.43,20739.9,10.1,30000,SCHEDULED
2024-01-15 01:00:00,99981.9,433.97,0.0,9.6,30000,NORMAL
2024-01-15 02:00:00,99961.7,485.66,0.0,8.6,30000,NORMAL
2024-01-15 03:00:00,99942.8,452.71,0.0,9.2,30000,NORMAL
2024-01-15 04:00:00,99923.8,456.67,0.0,9.1,30000,NORMAL
2024-01-15 05:00:00,99905.4,442.22,0.0,9.4,30000,NORMAL
2024-01-15 06:00:00,99886.2,460.58,0.0,9.0,30000,NORMAL
2024-01-15 07:00:00,99861.5,591.25,0.0,7.0,30000,NORMAL
2024-01-15 08:00:00,99843.5,432.39,0.0,9.6,30000,NORMAL
2024-01-15 09:00:00,99824.8,449.34,0.0,9.3,30000,NORMAL
2024-01-15 10:00:00,99807.9,406.77,0.0,10.2,30000,NORMAL
2024-01-15 11:00:00,99793.1,354.82,0.0,11.7,30000,NORMAL
2024-01-15 12:00:00,99773.8,463.28,0.0,9.0,30000,NORMAL
2024-01-15 13:00:00,99752.7,506.59,0.0,8.2,30000,NORMAL
2024-01-15 14:00:00,99729.1,566.0,0.0,7.3,30000,NORMAL
2024-01-15 15:00:00,99710.7,440.62,0.0,9.4,30000,NORMAL
2024-01-15 16:00:00,99692.5,437.04,0.0,9.5,30000,NORMAL
2024-01-15 17:00:00,99671.8,496.78,0.0,8.4,30000,NORMAL
2024-01-15 18:00:00,99649.5,535.61,0.0,7.8,30000,NORMAL
2024-01-15 19:00:00,99633.3,388.21,0.0,10.7,30000,NORMAL
2024-01-15 20:00:00,99613.2,483.23,0.0,8.6,30000,NORMAL
2024-01-15 21:00:00,99590.6,541.39,0.0,7.7,30000,NORMAL
2024-01-15 22:00:00,99572.4,437.55,0.0,9.5,30000,NORMAL
2024-01-15 23:00:00,99556.1,392.09,0.0,10.6,30000,NORMAL
2024-01-16 00:00:00,99535.7,489.26,0.0,8.5,30000,NORMAL
2024-01-16 01:00:00,99519.7,382.72,0.0,10.8,30000,NORMAL
2024-01-16 02:00:00,99498.5,509.52,0.0,8.1,30000,NORMAL
2024-01-16 03:00:00,99475.6,549.53,0.0,7.5,30000,NORMAL
2024-01-16 04:00:00,99457.9,424.99,0.0,9.8,30000,NORMAL
2024-01-16 05:00:00,99435.7,532.9,0.0,7.8,30000,NORMAL
2024-01-16 06:00:00,99415.6,481.56,0.0,8.6,30000,NORMAL
2024-01-16 07:00:00,99394.0,519.3,0.0,8.0,30000,NORMAL
2024-01-16 08:00:00,99376.6,417.51,0.0,9.9,30000,NORMAL
2024-01-16 09:00:00,99356.5,481.17,0.0,8.6,30000,NORMAL
2024-01-16 10:00:00,99337.3,462.11,0.0,9.0,30000,NORMAL
2024-01-16 11:00:00,99320.2,410.72,0.0,10.1,30000,NORMAL
2024-01-16 12:00:00,99302.1,432.4,0.0,9.6,30000,NORMAL
2024-01-16 13:00:00,99282.2,478.81,0.0,8.6,30000,NORMAL
2024-01-16 14:00:00,99265.8,393.75,0.0,10.5,30000,NORMAL
2024-01-16 15:00:00,99249.5,389.93,0.0,10.6,30000,NORMAL
2024-01-16 16:00:00,99233.5,386.15,0.0,10.7,30000,NORMAL
2024-01-16 17:00:00,99216.3,411.22,0.0,10.1,30000,NORMAL
2024-01-16 18:00:00,99197.0,464.31,0.0,8.9,30000,NORMAL
2024-01-16 19:00:00,99179.3,424.67,0.0,9.7,30000,NORMAL
2024-01-16 20:00:00,99157.9,513.88,0.0,8.0,30000,NORMAL
2024-01-16 21:00:00,99142.1,377.8,0.0,10.9,30000,NORMAL
2024-01-16 22:00:00,99122.3,475.66,0.0,8.7,30000,NORMAL
2024-01-16 23:00:00,99104.3,431.65,0.0,9.6,30000,NORMAL
2024-01-17 00:00:00,99085.8,444.76,0.0,9.3,30000,NORMAL
2024-01-17 01:00:00,99065.6,484.22,0.0,8.5,30000,NORMAL
2024-01-17 02:00:00,99052.4,318.28,0.0,13.0,30000,NORMAL
2024-01-17 03:00:00,99038.1,343.11,0.0,12.0,30000,NORMAL
2024-01-17 04:00:00,99019.4,446.87,0.0,9.2,30000,NORMAL
2024-01-17 05:00:00,99001.1,438.88,0.0,9.4,30000,NORMAL
2024-01-17 06:00:00,98985.4,378.59,0.0,10.9,30000,NORMAL
2024-01-17 07:00:00,98962.4,550.26,0.0,7.5,30000,NORMAL
2024-01-17 08:00:00,98946.1,392.07,0.0,10.5,30000,NORMAL
2024-01-17 09:00:00,98928.5,423.39,0.0,9.7,30000,NORMAL
2024-01-17 10:00:00,98907.3,507.5,0.0,8.1,30000,NORMAL
2024-01-17 11:00:00,98890.0,416.25,0.0,9.9,30000,NORMAL
2024-01-17 12:00:00,98873.0,406.61,0.0,10.1,30000,NORMAL
2024-01-17 13:00:00,98853.5,469.45,0.0,8.8,30000,NORMAL
2024-01-17 14:00:00,98836.3,412.84,0.0,10.0,30000,NORMAL
2024-01-17 15:00:00,98816.7,469.74,0.0,8.8,30000,NORMAL
2024-01-17 16:00:00,98796.9,475.65,0.0,8.7,30000,NORMAL
2024-01-17 17:00:00,98777.3,468.96,0.0,8.8,30000,NORMAL
2024-01-17 18:00:00,98756.1,508.95,0.0,8.1,30000,NORMAL
2024-01-17 19:00:00,98738.2,430.71,0.0,9.6,30000,NORMAL
2024-01-17 20:00:00,98720.5,424.8,0.0,9.7,30000,NORMAL
2024-01-17 21:00:00,98701.9,445.72,0.0,9.2,30000,NORMAL
2024-01-17 22:00:00,98689.1,308.51,0.0,13.3,30000,NORMAL
2024-01-17 23:00:00,98669.9,460.68,0.0,8.9,30000,NORMAL
2024-01-18 00:00:00,98651.8,433.52,0.0,9.5,30000,NORMAL
2024-01-18 01:00:00,98632.3,469.12,0.0,8.8,30000,NORMAL
2024-01-18 02:00:00,98615.4,405.18,0.0,10.1,30000,NORMAL
2024-01-18 03:00:00,98593.8,517.26,0.0,7.9,30000,NORMAL
2024-01-18 04:00:00,98575.5,439.61,0.0,9.3,30000,NORMAL
2024-01-18 05:00:00,98555.0,491.78,0.0,8.4,30000,NORMAL
2024-01-18 06:00:00,98537.3,424.63,0.0,9.7,30000,NORMAL
2024-01-18 07:00:00,98517.6,473.33,0.0,8.7,30000,NORMAL
2024-01-18 08:00:00,98502.1,372.24,0.0,11.0,30000,NORMAL
2024-01-18 09:00:00,98487.9,340.17,0.0,12.1,30000,NORMAL
2024-01-18 10:00:00,98469.6,439.65,0.0,9.3,30000,NORMAL
2024-01-18 11:00:00,98450.9,448.99,0.0,9.1,30000,NORMAL
2024-01-18 12:00:00,98432.3,445.19,0.0,9.2,30000,NORMAL
2024-01-18 13:00:00,98414.2,435.54,0.0,9.4,30000,NORMAL
2024-01-18 14:00:00,98396.3,429.92,0.0,9.5,30000,NORMAL
2024-01-18 15:00:00,98376.1,483.77,0.0,8.5,30000,NORMAL
2024-01-18 16:00:00,98353.7,539.19,0.0,7.6,30000,NORMAL
2024-01-18 17:00:00,98329.5,579.37,0.0,7.1,30000,NORMAL
2024-01-18 18:00:00,98308.5,504.72,0.0,8.1,30000,NORMAL
2024-01-18 19:00:00,98294.5,335.62,0.0,12.2,30000,NORMAL
2024-01-18 20:00:00,98273.6,502.54,0.0,8.1,30000,NORMAL
2024-01-18 21:00:00,98252.7,501.91,0.0,8.2,30000,NORMAL
2024-01-18 22:00:00,98234.1,444.96,0.0,9.2,30000,NORMAL
2024-01-18 23:00:00,98213.4,496.36,0.0,8.2,30000,NORMAL
2024-01-19 00:00:00,98193.9,468.01,0.0,8.7,30000,NORMAL
2024-01-19 01:00:00,98175.2,449.26,0.0,9.1,30000,NORMAL
2024-01-19 02:00:00,98155.9,462.66,0.0,8.8,30000,NORMAL
2024-01-19 03:00:00,98138.3,422.3,0.0,9.7,30000,NORMAL
2024-01-19 04:00:00,98123.4,358.01,0.0,11.4,30000,NORMAL
2024-01-19 05:00:00,98108.6,356.13,0.0,11.5,30000,NORMAL
2024-01-19 06:00:00,98087.9,495.85,0.0,8.2,30000,NORMAL
2024-01-19 07:00:00,98071.3,398.71,0.0,10.2,30000,NORMAL
2024-01-19 08:00:00,98055.7,373.52,0.0,10.9,30000,NORMAL
2024-01-19 09:00:00,98040.2,372.51,0.0,11.0,30000,NORMAL
2024-01-19 10:00:00,98022.5,426.2,0.0,9.6,30000,NORMAL
2024-01-19 11:00:00,98000.6,525.79,0.0,7.8,30000,NORMAL
2024-01-19 12:00:00,97982.1,442.74,0.0,9.2,30000,NORMAL
2024-01-19 13:00:00,97966.3,378.44,0.0,10.8,30000,NORMAL
2024-01-19 14:00:00,97944.5,524.09,0.0,7.8,30000,NORMAL
2024-01-19 15:00:00,97925.1,466.33,0.0,8.7,30000,NORMAL
2024-01-19 16:00:00,97907.0,432.67,0.0,9.4,30000,NORMAL
2024-01-19 17:00:00,97887.3,474.27,0.0,8.6,30000,NORMAL
2024-01-19 18:00:00,97868.5,450.58,0.0,9.1,30000,NORMAL
2024-01-19 19:00:00,97851.3,414.13,0.0,9.8,30000,NORMAL
2024-01-19 20:00:00,97833.6,422.66,0.0,9.6,30000,NORMAL
2024-01-19 21:00:00,97817.5,388.16,0.0,10.5,30000,NORMAL
2024-01-19 22:00:00,97799.7,426.51,0.0,9.6,30000,NORMAL
2024-01-19 23:00:00,97779.0,496.52,0.0,8.2,30000,NORMAL
2024-01-20 00:00:00,97758.4,495.15,0.0,8.2,30000,NORMAL
2024-01-20 01:00:00,97740.0,441.2,0.0,9.2,30000,NORMAL
2024-01-20 02:00:00,97721.6,441.75,0.0,9.2,30000,NORMAL
2024-01-20 03:00:00,97705.0,398.33,0.0,10.2,30000,NORMAL
2024-01-20 04:00:00,97685.4,469.8,0.0,8.7,30000,NORMAL
2024-01-20 05:00:00,97669.5,380.84,0.0,10.7,30000,NORMAL
2024-01-20 06:00:00,97649.1,491.59,0.0,8.3,30000,NORMAL
2024-01-20 07:00:00,97629.4,470.93,0.0,8.6,30000,NORMAL
2024-01-20 08:00:00,97611.2,436.74,0.0,9.3,30000,NORMAL
2024-01-20 09:00:00,97591.6,471.77,0.0,8.6,30000,NORMAL
2024-01-20 10:00:00,97573.5,432.94,0.0,9.4,30000,NORMAL
2024-01-20 11:00:00,97554.4,459.43,0.0,8.8,30000,NORMAL
2024-01-20 12:00:00,97535.2,460.74,0.0,8.8,30000,NORMAL
2024-01-20 13:00:00,97514.0,508.33,0.0,8.0,30000,NORMAL
2024-01-20 14:00:00,97494.3,474.47,0.0,8.6,30000,NORMAL
2024-01-20 15:00:00,97473.3,502.43,0.0,8.1,30000,NORMAL
2024-01-20 16:00:00,97453.8,469.66,0.0,8.6,30000,NORMAL
2024-01-20 17:00:00,97435.1,447.13,0.0,9.1,30000,NORMAL
2024-01-20 18:00:00,97415.3,475.74,0.0,8.5,30000,NORMAL
2024-01-20 19:00:00,97395.8,467.25,0.0,8.7,30000,NORMAL
2024-01-20 20:00:00,97377.8,431.94,0.0,9.4,30000,NORMAL
2024-01-20 21:00:00,97362.0,379.62,0.0,10.7,30000,NORMAL
2024-01-20 22:00:00,97344.4,423.89,0.0,9.6,30000,NORMAL
2024-01-20 23:00:00,97326.7,423.52,0.0,9.6,30000,NORMAL
2024-01-21 00:00:00,97306.8,477.76,0.0,8.5,30000,NORMAL
2024-01-21 01:00:00,97288.2,446.75,0.0,9.1,30000,NORMAL
2024-01-21 02:00:00,97271.1,409.37,0.0,9.9,30000,NORMAL
2024-01-21 03:00:00,97252.7,441.77,0.0,9.2,30000,NORMAL
2024-01-21 04:00:00,97234.6,433.97,0.0,9.3,30000,NORMAL
2024-01-21 05:00:00,97217.8,404.06,0.0,10.0,30000,NORMAL
2024-01-21 06:00:00,97196.0,523.36,0.0,7.7,30000,NORMAL
2024-01-21 07:00:00,97177.6,440.69,0.0,9.2,30000,NORMAL
2024-01-21 08:00:00,97160.5,410.41,0.0,9.9,30000,NORMAL
2024-01-21 09:00:00,97145.3,366.89,0.0,11.0,30000,NORMAL
2024-01-21 10:00:00,97126.3,454.37,0.0,8.9,30000,NORMAL
2024-01-21 11:00:00,97106.5,475.91,0.0,8.5,30000,NORMAL
2024-01-21 12:00:00,97089.1,417.42,0.0,9.7,30000,NORMAL
2024-01-21 13:00:00,97070.1,457.01,0.0,8.9,30000,NORMAL
2024-01-21 14:00:00,97053.6,395.43,0.0,10.2,30000,NORMAL
2024-01-21 15:00:00,97035.3,438.53,0.0,9.2,30000,NORMAL
2024-01-21 16:00:00,97014.3,504.23,0.0,8.0,30000,NORMAL
2024-01-21 17:00:00,96996.0,438.33,0.0,9.2,30000,NORMAL
2024-01-21 18:00:00,96978.6,417.79,0.0,9.7,30000,NORMAL
2024-01-21 19:00:00,96957.1,517.11,0.0,7.8,30000,NORMAL
2024-01-21 20:00:00,96937.9,459.89,0.0,8.8,30000,NORMAL
2024-01-21 21:00:00,96920.2,424.84,0.0,9.5,30000,NORMAL
2024-01-21 22:00:00,96903.3,406.72,0.0,9.9,30000,NORMAL
2024-01-21 23:00:00,96886.9,392.56,0.0,10.3,30000,NORMAL
2024-01-22 00:00:00,96867.3,471.34,0.0,8.6,30000,NORMAL
2024-01-22 01:00:00,96846.9,488.35,0.0,8.3,30000,NORMAL
2024-01-22 02:00:00,96828.2,450.01,0.0,9.0,30000,NORMAL
2024-01-22 03:00:00,96809.8,440.08,0.0,9.2,30000,NORMAL
2024-01-22 04:00:00,96789.9,479.41,0.0,8.4,30000,NORMAL
2024-01-22 05:00:00,96774.1,379.1,0.0,10.6,30000,NORMAL
2024-01-22 06:00:00,96755.2,453.79,0.0,8.9,30000,NORMAL
2024-01-22 07:00:00,96736.4,450.86,0.0,8.9,30000,NORMAL
2024-01-22 08:00:00,96716.8,470.73,0.0,8.6,30000,NORMAL
2024-01-22 09:00:00,96697.0,473.95,0.0,8.5,30000,NORMAL
2024-01-22 10:00:00,96679.1,429.6,0.0,9.4,30000,NORMAL
2024-01-22 11:00:00,96656.5,542.72,0.0,7.4,30000,NORMAL
2024-01-22 12:00:00,96640.0,395.77,0.0,10.2,30000,NORMAL
2024-01-22 13:00:00,96622.2,426.17,0.0,9.4,30000,NORMAL
2024-01-22 14:00:00,96601.7,492.9,0.0,8.2,30000,NORMAL
2024-01-22 15:00:00,96584.3,418.25,0.0,9.6,30000,NORMAL
2024-01-22 16:00:00,96565.3,455.57,0.0,8.8,30000,NORMAL
2024-01-22 17:00:00,96547.7,423.38,0.0,9.5,30000,NORMAL
2024-01-22 18:00:00,96529.7,430.44,0.0,9.3,30000,NORMAL
2024-01-22 19:00:00,96513.7,385.28,0.0,10.4,30000,NORMAL
2024-01-22 20:00:00,96493.3,488.04,0.0,8.2,30000,NORMAL
2024-01-22 21:00:00,96473.0,489.15,0.0,8.2,30000,NORMAL
2024-01-22 22:00:00,96452.6,488.98,0.0,8.2,30000,NORMAL
2024-01-22 23:00:00,96434.7,428.54,0.0,9.4,30000,NORMAL
2024-01-23 00:00:00,96415.3,466.61,0.0,8.6,30000,NORMAL
2024-01-23 01:00:00,96392.4,549.76,0.0,7.3,30000,NORMAL
2024-01-23 02:00:00,96373.0,464.51,0.0,8.6,30000,NORMAL
2024-01-23 03:00:00,96356.7,392.19,0.0,10.2,30000,NORMAL
2024-01-23 04:00:00,96339.7,407.3,0.0,9.9,30000,NORMAL
2024-01-23 05:00:00,96322.8,404.94,0.0,9.9,30000,NORMAL
2024-01-23 06:00:00,96301.3,516.04,0.0,7.8,30000,NORMAL
2024-01-23 07:00:00,96281.8,469.72,0.0,8.5,30000,NORMAL
2024-01-23 08:00:00,96266.3,371.3,0.0,10.8,30000,NORMAL
2024-01-23 09:00:00,96244.8,515.15,0.0,7.8,30000,NORMAL
2024-01-23 10:00:00,96224.9,478.33,0.0,8.4,30000,NORMAL
2024-01-23 11:00:00,96205.8,458.72,0.0,8.7,30000,NORMAL
2024-01-23 12:00:00,96183.9,525.86,0.0,7.6,30000,NORMAL
2024-01-23 13:00:00,96165.6,438.55,0.0,9.1,30000,NORMAL
2024-01-23 14:00:00,96144.0,518.1,0.0,7.7,30000,NORMAL
2024-01-23 15:00:00,96129.9,339.52,0.0,11.8,30000,NORMAL
2024-01-23 16:00:00,96112.6,413.35,0.0,9.7,30000,NORMAL
2024-01-23 17:00:00,96092.2,489.59,0.0,8.2,30000,NORMAL
2024-01-23 18:00:00,96070.0,533.91,0.0,7.5,30000,NORMAL
2024-01-23 19:00:00,96053.8,389.11,0.0,10.3,30000,NORMAL
2024-01-23 20:00:00,96035.9,429.1,0.0,9.3,30000,NORMAL
2024-01-23 21:00:00,96016.8,458.31,0.0,8.7,30000,NORMAL
2024-01-23 22:00:00,96000.0,403.03,0.0,9.9,30000,NORMAL
2024-01-23 23:00:00,95981.8,436.84,0.0,9.2,30000,NORMAL
2024-01-24 00:00:00,95959.8,529.12,0.0,7.6,30000,NORMAL
2024-01-24 01:00:00,95943.2,398.43,0.0,10.0,30000,NORMAL
2024-01-24 02:00:00,95924.9,437.98,0.0,9.1,30000,NORMAL
2024-01-24 03:00:00,95905.6,463.65,0.0,8.6,30000,NORMAL
2024-01-24 04:00:00,95885.9,473.27,0.0,8.4,30000,NORMAL
2024-01-24 05:00:00,95868.9,406.76,0.0,9.8,30000,NORMAL
2024-01-24 06:00:00,95850.6,441.09,0.0,9.1,30000,NORMAL
2024-01-24 07:00:00,95832.4,435.51,0.0,9.2,30000,NORMAL
2024-01-24 08:00:00,95813.0,465.18,0.0,8.6,30000,NORMAL
2024-01-24 09:00:00,95796.7,391.19,0.0,10.2,30000,NORMAL
2024-01-24 10:00:00,95775.3,513.57,0.0,7.8,30000,NORMAL
2024-01-24 11:00:00,95756.0,462.9,0.0,8.6,30000,NORMAL
2024-01-24 12:00:00,95735.1,503.36,0.0,7.9,30000,NORMAL
2024-01-24 13:00:00,95717.5,421.44,0.0,9.5,30000,NORMAL
2024-01-24 14:00:00,95701.3,388.99,0.0,10.3,30000,NORMAL
2024-01-24 15:00:00,95684.5,402.27,0.0,9.9,30000,NORMAL
2024-01-24 16:00:00,95664.3,485.03,0.0,8.2,30000,NORMAL
2024-01-24 17:00:00,95646.5,427.96,0.0,9.3,30000,NORMAL
2024-01-24 18:00:00,95631.1,369.01,0.0,10.8,30000,NORMAL
2024-01-24 19:00:00,95612.0,459.02,0.0,8.7,30000,NORMAL
2024-01-24 20:00:00,95593.9,433.96,0.0,9.2,30000,NORMAL
2024-01-24 21:00:00,95575.8,435.23,0.0,9.1,30000,NORMAL
2024-01-24 22:00:00,95560.6,364.49,0.0,10.9,30000,NORMAL
2024-01-24 23:00:00,95545.0,374.55,0.0,10.6,30000,NORMAL
2024-01-25 00:00:00,95527.4,422.6,0.0,9.4,30000,NORMAL
2024-01-25 01:00:00,95510.6,403.62,0.0,9.9,30000,NORMAL
2024-01-25 02:00:00,95493.0,421.53,0.0,9.4,30000,NORMAL
2024-01-25 03:00:00,95472.5,491.63,0.0,8.1,30000,NORMAL
2024-01-25 04:00:00,95456.0,396.79,0.0,10.0,30000,NORMAL
2024-01-25 05:00:00,95439.1,404.71,0.0,9.8,30000,NORMAL
2024-01-25 06:00:00,95421.5,423.64,0.0,9.4,30000,NORMAL
2024-01-25 07:00:00,95404.7,401.83,0.0,9.9,30000,NORMAL
2024-01-25 08:00:00,95386.4,439.23,0.0,9.0,30000,NORMAL
2024-01-25 09:00:00,95365.5,501.38,0.0,7.9,30000,NORMAL
2024-01-25 10:00:00,95347.4,435.63,0.0,9.1,30000,NORMAL
2024-01-25 11:00:00,95328.1,462.91,0.0,8.6,30000,NORMAL
2024-01-25 12:00:00,95314.2,333.94,0.0,11.9,30000,NORMAL
2024-01-25 13:00:00,95295.3,454.08,0.0,8.7,30000,NORMAL
2024-01-25 14:00:00,95273.4,523.79,0.0,7.6,30000,NORMAL
2024-01-25 15:00:00,95254.5,454.91,0.0,8.7,30000,NORMAL
2024-01-25 16:00:00,95235.5,456.41,0.0,8.7,30000,NORMAL
2024-01-25 17:00:00,95216.1,464.28,0.0,8.5,30000,NORMAL
2024-01-25 18:00:00,95194.1,528.4,0.0,7.5,30000,NORMAL
2024-01-25 19:00:00,95172.5,517.69,0.0,7.7,30000,NORMAL
2024-01-25 20:00:00,95155.9,398.9,0.0,9.9,30000,NORMAL
2024-01-25 21:00:00,95134.7,510.13,0.0,7.8,30000,NORMAL
2024-01-25 22:00:00,95113.0,518.8,0.0,7.6,30000,NORMAL
2024-01-25 23:00:00,95097.8,364.49,0.0,10.9,30000,NORMAL
2024-01-26 00:00:00,95079.0,451.31,0.0,8.8,30000,NORMAL
2024-01-26 01:00:00,95059.2,476.28,0.0,8.3,30000,NORMAL
2024-01-26 02:00:00,95046.3,309.98,0.0,12.8,30000,NORMAL
2024-01-26 03:00:00,95028.9,415.98,0.0,9.5,30000,NORMAL
2024-01-26 04:00:00,95011.7,414.21,0.0,9.6,30000,NORMAL
2024-01-26 05:00:00,94994.3,417.74,0.0,9.5,30000,NORMAL
2024-01-26 06:00:00,94973.4,502.23,0.0,7.9,30000,NORMAL
2024-01-26 07:00:00,94954.7,447.17,0.0,8.8,30000,NORMAL
2024-01-26 08:00:00,94935.1,471.06,0.0,8.4,30000,NORMAL
2024-01-26 09:00:00,94916.2,454.47,0.0,8.7,30000,NORMAL
2024-01-26 10:00:00,94892.3,573.41,0.0,6.9,30000,NORMAL
2024-01-26 11:00:00,94871.4,499.82,0.0,7.9,30000,NORMAL
2024-01-26 12:00:00,94852.7,449.12,0.0,8.8,30000,NORMAL
2024-01-26 13:00:00,94834.5,436.8,0.0,9.0,30000,NORMAL
2024-01-26 14:00:00,94817.2,415.17,0.0,9.5,30000,NORMAL
2024-01-26 15:00:00,94800.5,401.34,0.0,9.8,30000,NORMAL
2024-01-26 16:00:00,94784.3,390.15,0.0,10.1,30000,NORMAL
2024-01-26 17:00:00,94763.5,499.1,0.0,7.9,30000,NORMAL
2024-01-26 18:00:00,94746.6,405.25,0.0,9.7,30000,NORMAL
2024-01-26 19:00:00,94726.5,482.1,0.0,8.2,30000,NORMAL
2024-01-26 20:00:00,94708.8,424.82,0.0,9.3,30000,NORMAL
2024-01-26 21:00:00,94691.6,412.45,0.0,9.6,30000,NORMAL
2024-01-26 22:00:00,94673.5,433.49,0.0,9.1,30000,NORMAL
2024-01-26 23:00:00,94651.1,539.6,0.0,7.3,30000,NORMAL
2024-01-27 00:00:00,94626.0,601.88,0.0,6.6,30000,NORMAL
2024-01-27 01:00:00,94608.0,431.68,0.0,9.1,30000,NORMAL
2024-01-27 02:00:00,94590.2,427.09,0.0,9.2,30000,NORMAL
2024-01-27 03:00:00,94569.5,497.75,0.0,7.9,30000,NORMAL
2024-01-27 04:00:00,94550.4,457.63,0.0,8.6,30000,NORMAL
2024-01-27 05:00:00,94533.0,417.33,0.0,9.4,30000,NORMAL
2024-01-27 06:00:00,94513.2,474.54,0.0,8.3,30000,NORMAL
2024-01-27 07:00:00,94492.9,488.38,0.0,8.1,30000,NORMAL
2024-01-27 08:00:00,94474.6,438.0,0.0,9.0,30000,NORMAL
2024-01-27 09:00:00,94456.3,439.4,0.0,9.0,30000,NORMAL
2024-01-27 10:00:00,94434.0,535.75,0.0,7.3,30000,NORMAL
2024-01-27 11:00:00,94417.0,408.96,0.0,9.6,30000,NORMAL
2024-01-27 12:00:00,94399.3,423.0,0.0,9.3,30000,NORMAL
2024-01-27 13:00:00,94381.5,426.87,0.0,9.2,30000,NORMAL
2024-01-27 14:00:00,94359.3,534.95,0.0,7.3,30000,NORMAL
2024-01-27 15:00:00,94344.6,351.17,0.0,11.2,30000,NORMAL
2024-01-27 16:00:00,94324.2,491.12,0.0,8.0,30000,NORMAL
2024-01-27 17:00:00,94305.5,448.53,0.0,8.8,30000,NORMAL
2024-01-27 18:00:00,94282.9,540.67,0.0,7.3,30000,NORMAL
2024-01-27 19:00:00,94263.4,467.78,0.0,8.4,30000,NORMAL
2024-01-27 20:00:00,94249.2,342.43,0.0,11.5,30000,NORMAL
2024-01-27 21:00:00,94227.1,530.57,0.0,7.4,30000,NORMAL
2024-01-27 22:00:00,94208.8,438.2,0.0,9.0,30000,NORMAL
2024-01-27 23:00:00,94194.3,347.97,0.0,11.3,30000,NORMAL
2024-01-28 00:00:00,100000.0,429.73,25072.2,9.7,30000,SCHEDULED
2024-01-28 01:00:00,99983.4,397.54,0.0,10.5,30000,NORMAL
2024-01-28 02:00:00,99967.9,373.43,0.0,11.2,30000,NORMAL
2024-01-28 03:00:00,99948.5,464.83,0.0,9.0,30000,NORMAL
2024-01-28 04:00:00,99932.3,387.81,0.0,10.7,30000,NORMAL
2024-01-28 05:00:00,99915.7,398.7,0.0,10.4,30000,NORMAL
2024-01-28 06:00:00,99894.2,517.87,0.0,8.0,30000,NORMAL
2024-01-28 07:00:00,99876.1,433.47,0.0,9.6,30000,NORMAL
2024-01-28 08:00:00,99859.9,389.14,0.0,10.7,30000,NORMAL
2024-01-28 09:00:00,99843.0,405.22,0.0,10.3,30000,NORMAL
2024-01-28 10:00:00,99823.4,469.31,0.0,8.9,30000,NORMAL
2024-01-28 11:00:00,99803.8,471.1,0.0,8.8,30000,NORMAL
2024-01-28 12:00:00,99783.7,483.29,0.0,8.6,30000,NORMAL
2024-01-28 13:00:00,99763.3,490.21,0.0,8.5,30000,NORMAL
2024-01-28 14:00:00,99743.8,466.68,0.0,8.9,30000,NORMAL
2024-01-28 15:00:00,99723.8,480.4,0.0,8.6,30000,NORMAL
2024-01-28 16:00:00,99706.0,426.22,0.0,9.7,30000,NORMAL
2024-01-28 17:00:00,99689.6,394.11,0.0,10.5,30000,NORMAL
2024-01-28 18:00:00,99668.0,517.9,0.0,8.0,30000,NORMAL
2024-01-28 19:00:00,99647.4,494.01,0.0,8.4,30000,NORMAL
2024-01-28 20:00:00,99629.3,435.93,0.0,9.5,30000,NORMAL
2024-01-28 21:00:00,99611.9,416.78,0.0,10.0,30000,NORMAL
2024-01-28 22:00:00,99588.4,564.31,0.0,7.4,30000,NORMAL
2024-01-28 23:00:00,99571.5,404.78,0.0,10.2,30000,NORMAL
2024-01-29 00:00:00,99552.3,461.36,0.0,9.0,30000,NORMAL
2024-01-29 01:00:00,99535.0,416.49,0.0,10.0,30000,NORMAL
2024-01-29 02:00:00,99517.1,429.44,0.0,9.7,30000,NORMAL
2024-01-29 03:00:00,99499.9,412.49,0.0,10.1,30000,NORMAL
2024-01-29 04:00:00,99485.6,341.79,0.0,12.1,30000,NORMAL
2024-01-29 05:00:00,99466.1,469.51,0.0,8.8,30000,NORMAL
2024-01-29 06:00:00,99446.0,482.84,0.0,8.6,30000,NORMAL
2024-01-29 07:00:00,99428.6,416.77,0.0,9.9,30000,NORMAL
2024-01-29 08:00:00,99404.4,580.31,0.0,7.1,30000,NORMAL
2024-01-29 09:00:00,99385.1,464.17,0.0,8.9,30000,NORMAL
2024-01-29 10:00:00,99366.0,458.36,0.0,9.0,30000,NORMAL
2024-01-29 11:00:00,99346.4,469.35,0.0,8.8,30000,NORMAL
2024-01-29 12:00:00,99328.9,420.35,0.0,9.8,30000,NORMAL
2024-01-29 13:00:00,99312.2,401.12,0.0,10.3,30000,NORMAL
2024-01-29 14:00:00,99295.0,411.93,0.0,10.0,30000,NORMAL
2024-01-29 15:00:00,99277.4,422.75,0.0,9.8,30000,NORMAL
2024-01-29 16:00:00,99257.5,478.03,0.0,8.7,30000,NORMAL
2024-01-29 17:00:00,99239.5,431.11,0.0,9.6,30000,NORMAL
2024-01-29 18:00:00,99219.5,480.94,0.0,8.6,30000,NORMAL
2024-01-29 19:00:00,99203.4,386.92,0.0,10.7,30000,NORMAL
2024-01-29 20:00:00,99186.0,417.79,0.0,9.9,30000,NORMAL
2024-01-29 21:00:00,99168.7,414.39,0.0,10.0,30000,NORMAL
2024-01-29 22:00:00,99157.9,259.15,0.0,15.9,30000,NORMAL
2024-01-29 23:00:00,99140.1,427.1,0.0,9.7,30000,NORMAL
2024-01-30 00:00:00,99123.5,398.12,0.0,10.4,30000,NORMAL
2024-01-30 01:00:00,99103.8,472.86,0.0,8.7,30000,NORMAL
2024-01-30 02:00:00,99083.5,486.63,0.0,8.5,30000,NORMAL
2024-01-30 03:00:00,99067.7,379.99,0.0,10.9,30000,NORMAL
2024-01-30 04:00:00,99049.5,437.73,0.0,9.4,30000,NORMAL
2024-01-30 05:00:00,99033.4,386.01,0.0,10.7,30000,NORMAL
2024-01-30 06:00:00,99014.0,466.22,0.0,8.8,30000,NORMAL
2024-01-30 07:00:00,98996.6,415.65,0.0,9.9,30000,NORMAL
2024-01-30 08:00:00,98979.0,423.3,0.0,9.7,30000,NORMAL
2024-01-30 09:00:00,98960.7,439.16,0.0,9.4,30000,NORMAL
2024-01-30 10:00:00,98941.4,464.3,0.0,8.9,30000,NORMAL
2024-01-30 11:00:00,98922.5,452.76,0.0,9.1,30000,NORMAL
2024-01-30 12:00:00,98902.9,469.66,0.0,8.8,30000,NORMAL
2024-01-30 13:00:00,98882.7,485.94,0.0,8.5,30000,NORMAL
2024-01-30 14:00:00,98864.2,443.34,0.0,9.3,30000,NORMAL
2024-01-30 15:00:00,98847.6,398.22,0.0,10.3,30000,NORMAL
2024-01-30 16:00:00,98832.2,369.94,0.0,11.1,30000,NORMAL
2024-01-30 17:00:00,98815.0,411.86,0.0,10.0,30000,NORMAL
2024-01-30 18:00:00,98795.8,461.24,0.0,8.9,30000,NORMAL
2024-01-30 19:00:00,98779.9,380.85,0.0,10.8,30000,NORMAL
2024-01-30 20:00:00,98759.0,503.69,0.0,8.2,30000,NORMAL
2024-01-30 21:00:00,98742.4,397.46,0.0,10.4,30000,NORMAL
2024-01-30 22:00:00,98723.9,444.35,0.0,9.3,30000,NORMAL
2024-01-30 23:00:00,98702.1,523.82,0.0,7.9,30000,NORMAL
2024-01-31 00:00:00,98683.7,440.89,0.0,9.3,30000,NORMAL
2024-01-31 01:00:00,98667.2,395.4,0.0,10.4,30000,NORMAL
2024-01-31 02:00:00,98653.7,324.49,0.0,12.7,30000,NORMAL
2024-01-31 03:00:00,98634.1,470.31,0.0,8.7,30000,NORMAL
2024-01-31 04:00:00,98614.7,465.51,0.0,8.8,30000,NORMAL
2024-01-31 05:00:00,98594.8,478.8,0.0,8.6,30000,NORMAL
2024-01-31 06:00:00,98575.8,455.65,0.0,9.0,30000,NORMAL
2024-01-31 07:00:00,98558.1,423.18,0.0,9.7,30000,NORMAL
2024-01-31 08:00:00,98541.0,410.68,0.0,10.0,30000,NORMAL
2024-01-31 09:00:00,98522.2,452.09,0.0,9.1,30000,NORMAL
2024-01-31 10:00:00,98501.4,499.5,0.0,8.2,30000,NORMAL
2024-01-31 11:00:00,98488.8,302.03,0.0,13.6,30000,NORMAL
2024-01-31 12:00:00,98468.1,496.93,0.0,8.3,30000,NORMAL
2024-01-31 13:00:00,98449.9,435.48,0.0,9.4,30000,NORMAL
2024-01-31 14:00:00,98431.5,441.64,0.0,9.3,30000,NORMAL
2024-01-31 15:00:00,98411.3,484.76,0.0,8.5,30000,NORMAL
2024-01-31 16:00:00,98392.9,441.46,0.0,9.3,30000,NORMAL
2024-01-31 17:00:00,98373.7,461.29,0.0,8.9,30000,NORMAL
2024-01-31 18:00:00,98358.4,368.31,0.0,11.1,30000,NORMAL
2024-01-31 19:00:00,98340.2,436.13,0.0,9.4,30000,NORMAL
2024-01-31 20:00:00,98320.4,475.32,0.0,8.6,30000,NORMAL
2024-01-31 21:00:00,98302.5,430.42,0.0,9.5,30000,NORMAL
2024-01-31 22:00:00,98284.4,433.42,0.0,9.4,30000,NORMAL
2024-01-31 23:00:00,98265.3,458.2,0.0,8.9,30000,NORMAL
2024-02-01 00:00:00,100000.0,471.55,28043.3,8.8,30000,SCHEDULED
2024-02-01 01:00:00,99980.3,471.98,0.0,8.8,30000,NORMAL
2024-02-01 02:00:00,99958.8,517.58,0.0,8.0,30000,NORMAL
2024-02-01 03:00:00,99940.2,445.15,0.0,9.4,30000,NORMAL
2024-02-01 04:00:00,99926.4,331.57,0.0,12.6,30000,NORMAL
2024-02-01 05:00:00,99908.5,428.59,0.0,9.7,30000,NORMAL
2024-02-01 06:00:00,99891.5,409.5,0.0,10.2,30000,NORMAL
2024-02-01 07:00:00,99872.9,446.85,0.0,9.3,30000,NORMAL
2024-02-01 08:00:00,99854.8,433.94,0.0,9.6,30000,NORMAL
2024-02-01 09:00:00,99835.5,463.17,0.0,9.0,30000,NORMAL
2024-02-01 10:00:00,99818.1,416.48,0.0,10.0,30000,NORMAL
2024-02-01 11:00:00,99798.9,460.78,0.0,9.0,30000,NORMAL
2024-02-01 12:00:00,99779.4,468.49,0.0,8.9,30000,NORMAL
2024-02-01 13:00:00,99760.6,451.77,0.0,9.2,30000,NORMAL
2024-02-01 14:00:00,99744.9,376.84,0.0,11.0,30000,NORMAL
2024-02-01 15:00:00,99724.3,494.69,0.0,8.4,30000,NORMAL
2024-02-01 16:00:00,99704.2,480.99,0.0,8.6,30000,NORMAL
2024-02-01 17:00:00,99685.9,440.43,0.0,9.4,30000,NORMAL
2024-02-01 18:00:00,99670.9,359.44,0.0,11.6,30000,NORMAL
2024-02-01 19:00:00,99651.5,465.1,0.0,8.9,30000,NORMAL
2024-02-01 20:00:00,99633.9,423.6,0.0,9.8,30000,NORMAL
2024-02-01 21:00:00,99616.3,422.52,0.0,9.8,30000,NORMAL
2024-02-01 22:00:00,99597.7,446.09,0.0,9.3,30000,NORMAL
2024-02-01 23:00:00,99575.9,522.77,0.0,7.9,30000,NORMAL
2024-02-02 00:00:00,99556.8,457.35,0.0,9.1,30000,NORMAL
2024-02-02 01:00:00,99538.3,444.47,0.0,9.3,30000,NORMAL
2024-02-02 02:00:00,99520.7,423.93,0.0,9.8,30000,NORMAL
2024-02-02 03:00:00,99501.8,451.56,0.0,9.2,30000,NORMAL
2024-02-02 04:00:00,99483.1,449.94,0.0,9.2,30000,NORMAL
2024-02-02 05:00:00,99463.1,480.15,0.0,8.6,30000,NORMAL
2024-02-02 06:00:00,99445.5,423.43,0.0,9.8,30000,NORMAL
2024-02-02 07:00:00,99428.4,409.4,0.0,10.1,30000,NORMAL
2024-02-02 08:00:00,99410.6,427.86,0.0,9.7,30000,NORMAL
2024-02-02 09:00:00,99392.0,445.65,0.0,9.3,30000,NORMAL
2024-02-02 10:00:00,99373.3,448.94,0.0,9.2,30000,NORMAL
2024-02-02 11:00:00,99354.6,449.51,0.0,9.2,30000,NORMAL
2024-02-02 12:00:00,99337.9,400.45,0.0,10.3,30000,NORMAL
2024-02-02 13:00:00,99319.3,445.73,0.0,9.3,30000,NORMAL
2024-02-02 14:00:00,99299.1,484.18,0.0,8.5,30000,NORMAL
2024-02-02 15:00:00,99277.7,513.61,0.0,8.1,30000,NORMAL
2024-02-02 16:00:00,99256.9,499.22,0.0,8.3,30000,NORMAL
2024-02-02 17:00:00,99238.3,446.96,0.0,9.3,30000,NORMAL
2024-02-02 18:00:00,99219.9,442.08,0.0,9.4,30000,NORMAL
2024-02-02 19:00:00,99198.5,512.15,0.0,8.1,30000,NORMAL
2024-02-02 20:00:00,99180.0,444.51,0.0,9.3,30000,NORMAL
2024-02-02 21:00:00,99159.5,493.36,0.0,8.4,30000,NORMAL
2024-02-02 22:00:00,99140.8,448.55,0.0,9.2,30000,NORMAL
2024-02-02 23:00:00,99127.0,330.04,0.0,12.5,30000,NORMAL
2024-02-03 00:00:00,99106.9,483.2,0.0,8.5,30000,NORMAL
2024-02-03 01:00:00,99086.1,498.31,0.0,8.3,30000,NORMAL
2024-02-03 02:00:00,99068.1,433.6,0.0,9.5,30000,NORMAL
2024-02-03 03:00:00,99051.7,392.14,0.0,10.5,30000,NORMAL
2024-02-03 04:00:00,99029.8,526.08,0.0,7.8,30000,NORMAL
2024-02-03 05:00:00,99011.4,442.71,0.0,9.3,30000,NORMAL
2024-02-03 06:00:00,98993.3,432.81,0.0,9.5,30000,NORMAL
2024-02-03 07:00:00,98973.6,472.44,0.0,8.7,30000,NORMAL
2024-02-03 08:00:00,98949.2,586.82,0.0,7.0,30000,NORMAL
2024-02-03 09:00:00,98929.4,474.21,0.0,8.7,30000,NORMAL
2024-02-03 10:00:00,98910.3,458.91,0.0,9.0,30000,NORMAL
2024-02-03 11:00:00,98891.4,453.49,0.0,9.1,30000,NORMAL
2024-02-03 12:00:00,98869.2,532.71,0.0,7.7,30000,NORMAL
2024-02-03 13:00:00,98849.4,476.37,0.0,8.6,30000,NORMAL
2024-02-03 14:00:00,98828.8,493.19,0.0,8.3,30000,NORMAL
2024-02-03 15:00:00,98809.4,465.2,0.0,8.9,30000,NORMAL
2024-02-03 16:00:00,98789.6,476.79,0.0,8.6,30000,NORMAL
2024-02-03 17:00:00,98771.4,436.08,0.0,9.4,30000,NORMAL
2024-02-03 18:00:00,98752.3,458.47,0.0,9.0,30000,NORMAL
2024-02-03 19:00:00,98735.0,415.69,0.0,9.9,30000,NORMAL
2024-02-03 20:00:00,98717.3,424.6,0.0,9.7,30000,NORMAL
2024-02-03 21:00:00,98697.5,474.52,0.0,8.7,30000,NORMAL
2024-02-03 22:00:00,98680.2,414.82,0.0,9.9,30000,NORMAL
2024-02-03 23:00:00,98661.2,456.53,0.0,9.0,30000,NORMAL
2024-02-04 00:00:00,98643.2,431.62,0.0,9.5,30000,NORMAL
2024-02-04 01:00:00,98626.8,393.79,0.0,10.4,30000,NORMAL
2024-02-04 02:00:00,98607.6,461.39,0.0,8.9,30000,NORMAL
2024-02-04 03:00:00,98587.2,488.77,0.0,8.4,30000,NORMAL
2024-02-04 04:00:00,98571.2,384.24,0.0,10.7,30000,NORMAL
2024-02-04 05:00:00,98551.2,480.45,0.0,8.5,30000,NORMAL
2024-02-04 06:00:00,98534.8,394.25,0.0,10.4,30000,NORMAL
2024-02-04 07:00:00,98513.2,517.78,0.0,7.9,30000,NORMAL
2024-02-04 08:00:00,98493.3,478.35,0.0,8.6,30000,NORMAL
2024-02-04 09:00:00,98477.3,384.24,0.0,10.7,30000,NORMAL
2024-02-04 10:00:00,98456.7,492.65,0.0,8.3,30000,NORMAL
2024-02-04 11:00:00,98439.3,419.34,0.0,9.8,30000,NORMAL
2024-02-04 12:00:00,98422.5,401.73,0.0,10.2,30000,NORMAL
2024-02-04 13:00:00,98402.3,486.09,0.0,8.4,30000,NORMAL
2024-02-04 14:00:00,98381.0,510.34,0.0,8.0,30000,NORMAL
2024-02-04 15:00:00,98361.3,473.82,0.0,8.6,30000,NORMAL
2024-02-04 16:00:00,98343.3,431.42,0.0,9.5,30000,NORMAL
2024-02-04 17:00:00,98324.2,458.48,0.0,8.9,30000,NORMAL
2024-02-04 18:00:00,98306.6,420.89,0.0,9.7,30000,NORMAL
2024-02-04 19:00:00,98288.3,441.28,0.0,9.3,30000,NORMAL
2024-02-04 20:00:00,98268.7,470.4,0.0,8.7,30000,NORMAL
2024-02-04 21:00:00,98252.9,378.69,0.0,10.8,30000,NORMAL
2024-02-04 22:00:00,98233.2,472.32,0.0,8.7,30000,NORMAL
2024-02-04 23:00:00,98217.4,379.38,0.0,10.8,30000,NORMAL
2024-02-05 00:00:00,98201.3,386.31,0.0,10.6,30000,NORMAL
2024-02-05 01:00:00,98181.2,482.69,0.0,8.5,30000,NORMAL
2024-02-05 02:00:00,98164.2,407.8,0.0,10.0,30000,NORMAL
2024-02-05 03:00:00,98147.5,400.45,0.0,10.2,30000,NORMAL
2024-02-05 04:00:00,98129.4,435.22,0.0,9.4,30000,NORMAL
2024-02-05 05:00:00,98111.9,420.43,0.0,9.7,30000,NORMAL
2024-02-05 06:00:00,98092.6,461.57,0.0,8.9,30000,NORMAL
2024-02-05 07:00:00,98073.5,458.73,0.0,8.9,30000,NORMAL
2024-02-05 08:00:00,98056.8,400.72,0.0,10.2,30000,NORMAL
2024-02-05 09:00:00,98041.6,364.45,0.0,11.2,30000,NORMAL
2024-02-05 10:00:00,98023.3,439.86,0.0,9.3,30000,NORMAL
2024-02-05 11:00:00,98002.3,505.03,0.0,8.1,30000,NORMAL
2024-02-05 12:00:00,97983.6,446.71,0.0,9.1,30000,NORMAL
2024-02-05 13:00:00,97965.6,432.62,0.0,9.4,30000,NORMAL
2024-02-05 14:00:00,97943.3,536.52,0.0,7.6,30000,NORMAL
2024-02-05 15:00:00,97922.9,487.63,0.0,8.4,30000,NORMAL
2024-02-05 16:00:00,97907.8,363.62,0.0,11.2,30000,NORMAL
2024-02-05 17:00:00,97889.6,436.05,0.0,9.4,30000,NORMAL
2024-02-05 18:00:00,97870.4,461.15,0.0,8.8,30000,NORMAL
2024-02-05 19:00:00,97853.9,396.62,0.0,10.3,30000,NORMAL
2024-02-05 20:00:00,97835.7,435.35,0.0,9.4,30000,NORMAL
2024-02-05 21:00:00,97816.9,451.06,0.0,9.0,30000,NORMAL
2024-02-05 22:00:00,97798.7,438.81,0.0,9.3,30000,NORMAL
2024-02-05 23:00:00,97782.4,389.46,0.0,10.5,30000,NORMAL
2024-02-06 00:00:00,97760.6,523.41,0.0,7.8,30000,NORMAL
2024-02-06 01:00:00,97741.3,463.34,0.0,8.8,30000,NORMAL
2024-02-06 02:00:00,97724.4,407.04,0.0,10.0,30000,NORMAL
2024-02-06 03:00:00,97703.8,493.8,0.0,8.2,30000,NORMAL
2024-02-06 04:00:00,97685.2,445.95,0.0,9.1,30000,NORMAL
2024-02-06 05:00:00,97664.4,499.59,0.0,8.1,30000,NORMAL
2024-02-06 06:00:00,97645.9,444.79,0.0,9.1,30000,NORMAL
2024-02-06 07:00:00,97630.2,376.19,0.0,10.8,30000,NORMAL
2024-02-06 08:00:00,97613.7,396.64,0.0,10.3,30000,NORMAL
2024-02-06 09:00:00,97592.5,507.05,0.0,8.0,30000,NORMAL
2024-02-06 10:00:00,97571.6,501.64,0.0,8.1,30000,NORMAL
2024-02-06 11:00:00,97555.6,383.53,0.0,10.6,30000,NORMAL
2024-02-06 12:00:00,97534.0,519.65,0.0,7.8,30000,NORMAL
2024-02-06 13:00:00,97513.1,501.29,0.0,8.1,30000,NORMAL
2024-02-06 14:00:00,97495.7,418.29,0.0,9.7,30000,NORMAL
2024-02-06 15:00:00,97477.1,446.1,0.0,9.1,30000,NORMAL
2024-02-06 16:00:00,97462.9,339.86,0.0,11.9,30000,NORMAL
2024-02-06 17:00:00,97445.6,414.96,0.0,9.8,30000,NORMAL
2024-02-06 18:00:00,97427.3,439.43,0.0,9.2,30000,NORMAL
2024-02-06 19:00:00,97407.9,465.47,0.0,8.7,30000,NORMAL
2024-02-06 20:00:00,97389.4,444.21,0.0,9.1,30000,NORMAL
2024-02-06 21:00:00,97370.4,456.94,0.0,8.9,30000,NORMAL
2024-02-06 22:00:00,97353.7,401.59,0.0,10.1,30000,NORMAL
2024-02-06 23:00:00,97334.2,466.19,0.0,8.7,30000,NORMAL
2024-02-07 00:00:00,97312.0,534.16,0.0,7.6,30000,NORMAL
2024-02-07 01:00:00,97292.3,471.97,0.0,8.6,30000,NORMAL
2024-02-07 02:00:00,97273.5,451.7,0.0,9.0,30000,NORMAL
2024-02-07 03:00:00,97256.3,412.97,0.0,9.8,30000,NORMAL
2024-02-07 04:00:00,97238.3,432.17,0.0,9.4,30000,NORMAL
2024-02-07 05:00:00,97222.3,384.39,0.0,10.5,30000,NORMAL
2024-02-07 06:00:00,97206.5,377.72,0.0,10.7,30000,NORMAL
2024-02-07 07:00:00,97187.9,446.5,0.0,9.1,30000,NORMAL
2024-02-07 08:00:00,97168.0,477.72,0.0,8.5,30000,NORMAL
2024-02-07 09:00:00,97151.0,407.22,0.0,9.9,30000,NORMAL
2024-02-07 10:00:00,97129.8,509.79,0.0,7.9,30000,NORMAL
2024-02-07 11:00:00,97112.2,421.96,0.0,9.6,30000,NORMAL
2024-02-07 12:00:00,97093.7,445.5,0.0,9.1,30000,NORMAL
2024-02-07 13:00:00,97072.9,497.27,0.0,8.1,30000,NORMAL
2024-02-07 14:00:00,97054.8,434.35,0.0,9.3,30000,NORMAL
2024-02-07 15:00:00,97034.8,481.38,0.0,8.4,30000,NORMAL
2024-02-07 16:00:00,97014.8,478.63,0.0,8.4,30000,NORMAL
2024-02-07 17:00:00,96997.5,416.3,0.0,9.7,30000,NORMAL
2024-02-07 18:00:00,96980.1,417.65,0.0,9.7,30000,NORMAL
2024-02-07 19:00:00,96958.8,511.12,0.0,7.9,30000,NORMAL
2024-02-07 20:00:00,96937.3,516.0,0.0,7.8,30000,NORMAL
2024-02-07 21:00:00,96917.2,481.28,0.0,8.4,30000,NORMAL
2024-02-07 22:00:00,96900.3,406.61,0.0,9.9,30000,NORMAL
2024-02-07 23:00:00,96879.7,493.42,0.0,8.2,30000,NORMAL
2024-02-08 00:00:00,96861.6,436.1,0.0,9.3,30000,NORMAL
2024-02-08 01:00:00,96845.5,386.57,0.0,10.4,30000,NORMAL
2024-02-08 02:00:00,96828.0,418.17,0.0,9.6,30000,NORMAL
2024-02-08 03:00:00,96809.8,438.81,0.0,9.2,30000,NORMAL
2024-02-08 04:00:00,96788.7,504.33,0.0,8.0,30000,NORMAL
2024-02-08 05:00:00,96771.7,409.87,0.0,9.8,30000,NORMAL
2024-02-08 06:00:00,96754.9,401.71,0.0,10.0,30000,NORMAL
2024-02-08 07:00:00,96737.2,425.86,0.0,9.5,30000,NORMAL
2024-02-08 08:00:00,96718.7,443.91,0.0,9.1,30000,NORMAL
2024-02-08 09:00:00,96698.5,483.65,0.0,8.3,30000,NORMAL
2024-02-08 10:00:00,96678.6,478.52,0.0,8.4,30000,NORMAL
2024-02-08 11:00:00,96664.5,337.52,0.0,11.9,30000,NORMAL
2024-02-08 12:00:00,96646.5,432.21,0.0,9.3,30000,NORMAL
2024-02-08 13:00:00,96627.5,456.2,0.0,8.8,30000,NORMAL
2024-02-08 14:00:00,96610.6,406.48,0.0,9.9,30000,NORMAL
2024-02-08 15:00:00,96593.5,410.98,0.0,9.8,30000,NORMAL
2024-02-08 16:00:00,96573.4,481.23,0.0,8.4,30000,NORMAL
2024-02-08 17:00:00,96553.2,484.16,0.0,8.3,30000,NORMAL
2024-02-08 18:00:00,96534.8,441.14,0.0,9.1,30000,NORMAL
2024-02-08 19:00:00,96515.3,470.1,0.0,8.6,30000,NORMAL
2024-02-08 20:00:00,96495.5,473.16,0.0,8.5,30000,NORMAL
2024-02-08 21:00:00,96479.1,395.16,0.0,10.2,30000,NORMAL
2024-02-08 22:00:00,96462.6,395.83,0.0,10.2,30000,NORMAL
2024-02-08 23:00:00,96444.7,430.34,0.0,9.3,30000,NORMAL
2024-02-09 00:00:00,96427.3,415.35,0.0,9.7,30000,NORMAL
2024-02-09 01:00:00,96409.8,420.17,0.0,9.6,30000,NORMAL
2024-02-09 02:00:00,96391.3,445.24,0.0,9.0,30000,NORMAL
2024-02-09 03:00:00,96372.7,445.42,0.0,9.0,30000,NORMAL
2024-02-09 04:00:00,96359.3,321.98,0.0,12.5,30000,NORMAL
2024-02-09 05:00:00,96340.4,454.78,0.0,8.8,30000,NORMAL
2024-02-09 06:00:00,96322.1,437.4,0.0,9.2,30000,NORMAL
2024-02-09 07:00:00,96302.9,461.28,0.0,8.7,30000,NORMAL
2024-02-09 08:00:00,96285.5,417.95,0.0,9.6,30000,NORMAL
2024-02-09 09:00:00,96268.1,418.23,0.0,9.6,30000,NORMAL
2024-02-09 10:00:00,96250.1,430.47,0.0,9.3,30000,NORMAL
2024-02-09 11:00:00,96229.2,503.43,0.0,8.0,30000,NORMAL
2024-02-09 12:00:00,96211.3,429.16,0.0,9.3,30000,NORMAL
2024-02-09 13:00:00,96190.2,505.54,0.0,7.9,30000,NORMAL
2024-02-09 14:00:00,96169.4,498.86,0.0,8.0,30000,NORMAL
2024-02-09 15:00:00,96151.4,433.08,0.0,9.3,30000,NORMAL
2024-02-09 16:00:00,96133.7,424.45,0.0,9.4,30000,NORMAL
2024-02-09 17:00:00,96115.9,426.19,0.0,9.4,30000,NORMAL
2024-02-09 18:00:00,96097.5,442.8,0.0,9.0,30000,NORMAL
2024-02-09 19:00:00,96079.9,422.06,0.0,9.5,30000,NORMAL
2024-02-09 20:00:00,96059.6,486.79,0.0,8.2,30000,NORMAL
2024-02-09 21:00:00,96042.2,417.71,0.0,9.6,30000,NORMAL
2024-02-09 22:00:00,96021.7,493.15,0.0,8.1,30000,NORMAL
2024-02-09 23:00:00,96004.9,403.38,0.0,9.9,30000,NORMAL
2024-02-10 00:00:00,95989.6,366.63,0.0,10.9,30000,NORMAL
2024-02-10 01:00:00,95974.6,360.14,0.0,11.1,30000,NORMAL
2024-02-10 02:00:00,95957.0,422.98,0.0,9.5,30000,NORMAL
2024-02-10 03:00:00,95939.9,409.62,0.0,9.8,30000,NORMAL
2024-02-10 04:00:00,95922.9,407.36,0.0,9.8,30000,NORMAL
2024-02-10 05:00:00,95902.1,499.15,0.0,8.0,30000,NORMAL
2024-02-10 06:00:00,95884.9,413.42,0.0,9.7,30000,NORMAL
2024-02-10 07:00:00,95870.2,351.72,0.0,11.4,30000,NORMAL
2024-02-10 08:00:00,95850.3,478.24,0.0,8.4,30000,NORMAL
2024-02-10 09:00:00,95828.8,516.8,0.0,7.7,30000,NORMAL
2024-02-10 10:00:00,95809.1,472.49,0.0,8.4,30000,NORMAL
2024-02-10 11:00:00,95791.7,416.49,0.0,9.6,30000,NORMAL
2024-02-10 12:00:00,95772.6,458.58,0.0,8.7,30000,NORMAL
2024-02-10 13:00:00,95755.6,409.83,0.0,9.7,30000,NORMAL
2024-02-10 14:00:00,95738.8,401.42,0.0,9.9,30000,NORMAL
2024-02-10 15:00:00,95720.5,440.12,0.0,9.1,30000,NORMAL
2024-02-10 16:00:00,95701.9,447.15,0.0,8.9,30000,NORMAL
2024-02-10 17:00:00,95683.5,439.86,0.0,9.1,30000,NORMAL
2024-02-10 18:00:00,95661.3,533.58,0.0,7.5,30000,NORMAL
2024-02-10 19:00:00,95642.5,452.14,0.0,8.8,30000,NORMAL
2024-02-10 20:00:00,95621.7,497.99,0.0,8.0,30000,NORMAL
2024-02-10 21:00:00,95598.3,561.59,0.0,7.1,30000,NORMAL
2024-02-10 22:00:00,95580.6,426.32,0.0,9.3,30000,NORMAL
2024-02-10 23:00:00,95561.5,457.43,0.0,8.7,30000,NORMAL
2024-02-11 00:00:00,95541.0,490.85,0.0,8.1,30000,NORMAL
2024-02-11 01:00:00,95522.0,456.1,0.0,8.7,30000,NORMAL
2024-02-11 02:00:00,95503.9,436.14,0.0,9.1,30000,NORMAL
2024-02-11 03:00:00,95480.2,567.18,0.0,7.0,30000,NORMAL
2024-02-11 04:00:00,95459.0,509.92,0.0,7.8,30000,NORMAL
2024-02-11 05:00:00,95444.6,344.92,0.0,11.5,30000,NORMAL
2024-02-11 06:00:00,95423.0,517.87,0.0,7.7,30000,NORMAL
2024-02-11 07:00:00,95400.9,530.02,0.0,7.5,30000,NORMAL
2024-02-11 08:00:00,95379.7,509.77,0.0,7.8,30000,NORMAL
2024-02-11 09:00:00,95359.4,487.53,0.0,8.1,30000,NORMAL
2024-02-11 10:00:00,95337.4,527.55,0.0,7.5,30000,NORMAL
2024-02-11 11:00:00,95316.8,494.13,0.0,8.0,30000,NORMAL
2024-02-11 12:00:00,95296.9,478.94,0.0,8.3,30000,NORMAL
2024-02-11 13:00:00,95277.8,456.71,0.0,8.7,30000,NORMAL
2024-02-11 14:00:00,95261.3,396.42,0.0,10.0,30000,NORMAL
2024-02-11 15:00:00,95245.4,381.36,0.0,10.4,30000,NORMAL
2024-02-11 16:00:00,95225.1,488.65,0.0,8.1,30000,NORMAL
2024-02-11 17:00:00,95204.7,487.75,0.0,8.1,30000,NORMAL
2024-02-11 18:00:00,95186.1,447.86,0.0,8.9,30000,NORMAL
2024-02-11 19:00:00,95169.1,407.17,0.0,9.7,30000,NORMAL
2024-02-11 20:00:00,95152.7,393.5,0.0,10.1,30000,NORMAL
2024-02-11 21:00:00,95134.7,431.89,0.0,9.2,30000,NORMAL
2024-02-11 22:00:00,95114.5,485.09,0.0,8.2,30000,NORMAL
2024-02-11 23:00:00,95091.1,561.92,0.0,7.1,30000,NORMAL
2024-02-12 00:00:00,95072.4,448.77,0.0,8.8,30000,NORMAL
2024-02-12 01:00:00,95053.1,464.39,0.0,8.5,30000,NORMAL
2024-02-12 02:00:00,95032.0,506.3,0.0,7.8,30000,NORMAL
2024-02-12 03:00:00,95013.3,446.81,0.0,8.9,30000,NORMAL
2024-02-12 04:00:00,94993.8,468.44,0.0,8.4,30000,NORMAL
2024-02-12 05:00:00,94973.4,491.1,0.0,8.1,30000,NORMAL
2024-02-12 06:00:00,94952.3,505.1,0.0,7.8,30000,NORMAL
2024-02-12 07:00:00,94933.5,452.71,0.0,8.7,30000,NORMAL
2024-02-12 08:00:00,94915.7,425.97,0.0,9.3,30000,NORMAL
2024-02-12 09:00:00,94896.5,460.21,0.0,8.6,30000,NORMAL
2024-02-12 10:00:00,94881.3,365.13,0.0,10.8,30000,NORMAL
2024-02-12 11:00:00,94862.0,464.69,0.0,8.5,30000,NORMAL
2024-02-12 12:00:00,94841.4,493.34,0.0,8.0,30000,NORMAL
2024-02-12 13:00:00,94819.1,534.91,0.0,7.4,30000,NORMAL
2024-02-12 14:00:00,94798.4,496.23,0.0,8.0,30000,NORMAL
2024-02-12 15:00:00,94785.0,321.7,0.0,12.3,30000,NORMAL
2024-02-12 16:00:00,94763.4,519.59,0.0,7.6,30000,NORMAL
2024-02-12 17:00:00,94741.6,523.35,0.0,7.5,30000,NORMAL
2024-02-12 18:00:00,94724.7,403.97,0.0,9.8,30000,NORMAL
2024-02-12 19:00:00,94706.8,429.97,0.0,9.2,30000,NORMAL
2024-02-12 20:00:00,94685.1,521.95,0.0,7.6,30000,NORMAL
2024-02-12 21:00:00,94666.2,452.78,0.0,8.7,30000,NORMAL
2024-02-12 22:00:00,94648.7,420.62,0.0,9.4,30000,NORMAL
2024-02-12 23:00:00,94631.5,412.43,0.0,9.6,30000,NORMAL
2024-02-13 00:00:00,94607.3,581.73,0.0,6.8,30000,NORMAL
2024-02-13 01:00:00,94586.9,489.37,0.0,8.1,30000,NORMAL
2024-02-13 02:00:00,94568.7,436.07,0.0,9.0,30000,NORMAL
2024-02-13 03:00:00,94547.0,521.43,0.0,7.6,30000,NORMAL
2024-02-13 04:00:00,94528.4,445.49,0.0,8.8,30000,NORMAL
2024-02-13 05:00:00,94507.1,510.57,0.0,7.7,30000,NORMAL
2024-02-13 06:00:00,94487.2,479.06,0.0,8.2,30000,NORMAL
2024-02-13 07:00:00,94469.1,433.07,0.0,9.1,30000,NORMAL
2024-02-13 08:00:00,94449.3,474.92,0.0,8.3,30000,NORMAL
2024-02-13 09:00:00,94429.5,476.94,0.0,8.2,30000,NORMAL
2024-02-13 10:00:00,94409.1,490.04,0.0,8.0,30000,NORMAL
2024-02-13 11:00:00,94386.9,531.42,0.0,7.4,30000,NORMAL
2024-02-13 12:00:00,94363.6,560.59,0.0,7.0,30000,NORMAL
2024-02-13 13:00:00,94344.0,470.56,0.0,8.4,30000,NORMAL
2024-02-13 14:00:00,94329.2,354.6,0.0,11.1,30000,NORMAL
2024-02-13 15:00:00,94308.6,493.83,0.0,8.0,30000,NORMAL
2024-02-13 16:00:00,94290.4,436.96,0.0,9.0,30000,NORMAL
2024-02-13 17:00:00,94275.2,365.44,0.0,10.7,30000,NORMAL
2024-02-13 18:00:00,94255.0,484.53,0.0,8.1,30000,NORMAL
2024-02-13 19:00:00,94235.3,471.97,0.0,8.3,30000,NORMAL
2024-02-13 20:00:00,94218.2,409.72,0.0,9.6,30000,NORMAL
2024-02-13 21:00:00,94202.0,390.7,0.0,10.0,30000,NORMAL
2024-02-13 22:00:00,94180.3,519.79,0.0,7.5,30000,NORMAL
2024-02-13 23:00:00,94160.5,475.31,0.0,8.3,30000,NORMAL
2024-02-14 00:00:00,94143.4,410.45,0.0,9.6,30000,NORMAL
2024-02-14 01:00:00,94123.3,483.13,0.0,8.1,30000,NORMAL
2024-02-14 02:00:00,94105.4,428.99,0.0,9.1,30000,NORMAL
2024-02-14 03:00:00,94085.5,477.24,0.0,8.2,30000,NORMAL
2024-02-14 04:00:00,94066.1,465.7,0.0,8.4,30000,NORMAL
2024-02-14 05:00:00,94052.7,321.78,0.0,12.2,30000,NORMAL
2024-02-14 06:00:00,94033.7,455.41,0.0,8.6,30000,NORMAL
2024-02-14 07:00:00,94015.3,441.67,0.0,8.9,30000,NORMAL
2024-02-14 08:00:00,93998.1,412.98,0.0,9.5,30000,NORMAL
2024-02-14 09:00:00,93982.0,386.8,0.0,10.1,30000,NORMAL
2024-02-14 10:00:00,93963.7,439.12,0.0,8.9,30000,NORMAL
2024-02-14 11:00:00,93945.7,432.36,0.0,9.1,30000,NORMAL
2024-02-14 12:00:00,93925.6,482.57,0.0,8.1,30000,NORMAL
2024-02-14 13:00:00,93907.1,442.74,0.0,8.8,30000,NORMAL
2024-02-14 14:00:00,93888.2,454.43,0.0,8.6,30000,NORMAL
2024-02-14 15:00:00,93868.8,466.36,0.0,8.4,30000,NORMAL
2024-02-14 16:00:00,93851.0,426.8,0.0,9.2,30000,NORMAL
2024-02-14 17:00:00,93834.3,400.18,0.0,9.8,30000,NORMAL
2024-02-14 18:00:00,93810.9,560.67,0.0,7.0,30000,NORMAL
2024-02-14 19:00:00,93792.4,446.11,0.0,8.8,30000,NORMAL
2024-02-14 20:00:00,93774.0,439.5,0.0,8.9,30000,NORMAL
2024-02-14 21:00:00,93752.3,520.67,0.0,7.5,30000,NORMAL
2024-02-14 22:00:00,93729.7,544.36,0.0,7.2,30000,NORMAL
2024-02-14 23:00:00,93707.9,522.29,0.0,7.5,30000,NORMAL
2024-02-15 00:00:00,100000.0,430.48,25694.6,9.7,30000,SCHEDULED
2024-02-15 01:00:00,99980.0,479.23,0.0,8.7,30000,NORMAL
2024-02-15 02:00:00,99956.6,561.84,0.0,7.4,30000,NORMAL
2024-02-15 03:00:00,99937.0,471.01,0.0,8.8,30000,NORMAL
2024-02-15 04:00:00,99917.3,473.23,0.0,8.8,30000,NORMAL
2024-02-15 05:00:00,99900.6,399.34,0.0,10.4,30000,NORMAL
2024-02-15 06:00:00,99884.5,387.24,0.0,10.7,30000,NORMAL
2024-02-15 07:00:00,99862.9,517.72,0.0,8.0,30000,NORMAL
2024-02-15 08:00:00,99843.5,467.29,0.0,8.9,30000,NORMAL
2024-02-15 09:00:00,99823.8,472.36,0.0,8.8,30000,NORMAL
2024-02-15 10:00:00,99802.8,503.68,0.0,8.3,30000,NORMAL
2024-02-15 11:00:00,99782.3,492.62,0.0,8.4,30000,NORMAL
2024-02-15 12:00:00,99762.0,486.09,0.0,8.6,30000,NORMAL
2024-02-15 13:00:00,99741.9,481.8,0.0,8.6,30000,NORMAL
2024-02-15 14:00:00,99722.9,456.93,0.0,9.1,30000,NORMAL
2024-02-15 15:00:00,99703.7,460.46,0.0,9.0,30000,NORMAL
2024-02-15 16:00:00,99683.1,495.8,0.0,8.4,30000,NORMAL
2024-02-15 17:00:00,99666.3,403.08,0.0,10.3,30000,NORMAL
2024-02-15 18:00:00,99649.7,397.48,0.0,10.4,30000,NORMAL
2024-02-15 19:00:00,99630.8,454.08,0.0,9.1,30000,NORMAL
2024-02-15 20:00:00,99611.7,457.46,0.0,9.1,30000,NORMAL
2024-02-15 21:00:00,99591.5,486.22,0.0,8.5,30000,NORMAL
2024-02-15 22:00:00,99573.2,438.89,0.0,9.5,30000,NORMAL
2024-02-15 23:00:00,99556.0,411.1,0.0,10.1,30000,NORMAL
2024-02-16 00:00:00,99536.0,480.09,0.0,8.6,30000,NORMAL
2024-02-16 01:00:00,99514.5,517.33,0.0,8.0,30000,NORMAL
2024-02-16 02:00:00,99495.0,468.25,0.0,8.9,30000,NORMAL
2024-02-16 03:00:00,99479.3,377.3,0.0,11.0,30000,NORMAL
2024-02-16 04:00:00,99459.9,463.78,0.0,8.9,30000,NORMAL
2024-02-16 05:00:00,99445.2,353.43,0.0,11.7,30000,NORMAL
2024-02-16 06:00:00,99426.5,447.95,0.0,9.2,30000,NORMAL
2024-02-16 07:00:00,99412.0,349.51,0.0,11.9,30000,NORMAL
2024-02-16 08:00:00,99394.1,428.49,0.0,9.7,30000,NORMAL
2024-02-16 09:00:00,99374.3,475.55,0.0,8.7,30000,NORMAL
2024-02-16 10:00:00,99356.2,435.73,0.0,9.5,30000,NORMAL
2024-02-16 11:00:00,99335.0,507.44,0.0,8.2,30000,NORMAL
2024-02-16 12:00:00,99315.8,460.95,0.0,9.0,30000,NORMAL
2024-02-16 13:00:00,99299.4,393.82,0.0,10.5,30000,NORMAL
2024-02-16 14:00:00,99278.8,495.03,0.0,8.4,30000,NORMAL
2024-02-16 15:00:00,99258.6,484.46,0.0,8.5,30000,NORMAL
2024-02-16 16:00:00,99237.2,513.69,0.0,8.0,30000,NORMAL
2024-02-16 17:00:00,99216.9,485.49,0.0,8.5,30000,NORMAL
2024-02-16 18:00:00,99197.2,473.49,0.0,8.7,30000,NORMAL
2024-02-16 19:00:00,99180.5,400.35,0.0,10.3,30000,NORMAL
2024-02-16 20:00:00,99160.1,490.66,0.0,8.4,30000,NORMAL
2024-02-16 21:00:00,99141.6,442.68,0.0,9.3,30000,NORMAL
2024-02-16 22:00:00,99121.2,490.3,0.0,8.4,30000,NORMAL
2024-02-16 23:00:00,99097.8,561.51,0.0,7.4,30000,NORMAL
2024-02-17 00:00:00,99076.6,510.34,0.0,8.1,30000,NORMAL
2024-02-17 01:00:00,99057.2,464.25,0.0,8.9,30000,NORMAL
2024-02-17 02:00:00,99038.3,453.67,0.0,9.1,30000,NORMAL
2024-02-17 03:00:00,99020.4,429.11,0.0,9.6,30000,NORMAL
2024-02-17 04:00:00,99006.5,333.85,0.0,12.4,30000,NORMAL
2024-02-17 05:00:00,98987.7,452.32,0.0,9.1,30000,NORMAL
2024-02-17 06:00:00,98970.0,424.31,0.0,9.7,30000,NORMAL
2024-02-17 07:00:00,98950.6,466.1,0.0,8.8,30000,NORMAL
2024-02-17 08:00:00,98932.9,424.19,0.0,9.7,30000,NORMAL
2024-02-17 09:00:00,98913.7,461.05,0.0,8.9,30000,NORMAL
2024-02-17 10:00:00,98892.3,512.3,0.0,8.0,30000,NORMAL
2024-02-17 11:00:00,98873.3,457.84,0.0,9.0,30000,NORMAL
2024-02-17 12:00:00,98856.8,395.69,0.0,10.4,30000,NORMAL
2024-02-17 13:00:00,98839.8,408.46,0.0,10.1,30000,NORMAL
2024-02-17 14:00:00,98819.6,484.54,0.0,8.5,30000,NORMAL
2024-02-17 15:00:00,98799.3,487.65,0.0,8.4,30000,NORMAL
2024-02-17 16:00:00,98782.3,406.42,0.0,10.1,30000,NORMAL
2024-02-17 17:00:00,98763.6,448.56,0.0,9.2,30000,NORMAL
2024-02-17 18:00:00,98743.0,495.23,0.0,8.3,30000,NORMAL
2024-02-17 19:00:00,98720.7,536.04,0.0,7.7,30000,NORMAL
2024-02-17 20:00:00,98701.5,458.82,0.0,9.0,30000,NORMAL
2024-02-17 21:00:00,98683.2,440.05,0.0,9.3,30000,NORMAL
2024-02-17 22:00:00,98665.2,431.52,0.0,9.5,30000,NORMAL
2024-02-17 23:00:00,98646.2,457.16,0.0,9.0,30000,NORMAL
2024-02-18 00:00:00,98624.5,519.45,0.0,7.9,30000,NORMAL
2024-02-18 01:00:00,98605.5,457.24,0.0,9.0,30000,NORMAL
2024-02-18 02:00:00,98585.7,475.0,0.0,8.6,30000,NORMAL
2024-02-18 03:00:00,98569.9,378.92,0.0,10.8,30000,NORMAL
2024-02-18 04:00:00,98547.8,529.72,0.0,7.8,30000,NORMAL
2024-02-18 05:00:00,98526.3,516.84,0.0,7.9,30000,NORMAL
2024-02-18 06:00:00,98508.2,435.19,0.0,9.4,30000,NORMAL
2024-02-18 07:00:00,98489.6,444.78,0.0,9.2,30000,NORMAL
2024-02-18 08:00:00,98468.4,508.97,0.0,8.1,30000,NORMAL
2024-02-18 09:00:00,98443.5,597.26,0.0,6.9,30000,NORMAL
2024-02-18 10:00:00,98428.3,365.76,0.0,11.2,30000,NORMAL
2024-02-18 11:00:00,98410.6,424.45,0.0,9.7,30000,NORMAL
2024-02-18 12:00:00,98392.7,430.29,0.0,9.5,30000,NORMAL
2024-02-18 13:00:00,98371.8,502.05,0.0,8.2,30000,NORMAL
2024-02-18 14:00:00,98352.3,467.72,0.0,8.8,30000,NORMAL
2024-02-18 15:00:00,98334.6,424.38,0.0,9.7,30000,NORMAL
2024-02-18 16:00:00,98318.8,379.19,0.0,10.8,30000,NORMAL
2024-02-18 17:00:00,98297.9,500.57,0.0,8.2,30000,NORMAL
2024-02-18 18:00:00,98279.6,439.99,0.0,9.3,30000,NORMAL
2024-02-18 19:00:00,98263.3,392.11,0.0,10.4,30000,NORMAL
2024-02-18 20:00:00,98245.9,415.89,0.0,9.8,30000,NORMAL
2024-02-18 21:00:00,98228.1,428.74,0.0,9.5,30000,NORMAL
2024-02-18 22:00:00,98209.9,435.0,0.0,9.4,30000,NORMAL
2024-02-18 23:00:00,98193.4,397.76,0.0,10.3,30000,NORMAL
2024-02-19 00:00:00,98176.8,398.39,0.0,10.3,30000,NORMAL
2024-02-19 01:00:00,98153.1,568.48,0.0,7.2,30000,NORMAL
2024-02-19 02:00:00,98133.7,466.48,0.0,8.8,30000,NORMAL
2024-02-19 03:00:00,98115.8,429.43,0.0,9.5,30000,NORMAL
2024-02-19 04:00:00,98096.2,468.9,0.0,8.7,30000,NORMAL
2024-02-19 05:00:00,98077.1,458.03,0.0,8.9,30000,NORMAL
2024-02-19 06:00:00,98060.3,404.67,0.0,10.1,30000,NORMAL
2024-02-19 07:00:00,98045.5,354.23,0.0,11.5,30000,NORMAL
2024-02-19 08:00:00,98027.9,423.46,0.0,9.6,30000,NORMAL
2024-02-19 09:00:00,98009.5,440.87,0.0,9.3,30000,NORMAL
2024-02-19 10:00:00,97991.0,444.52,0.0,9.2,30000,NORMAL
2024-02-19 11:00:00,97976.0,358.43,0.0,11.4,30000,NORMAL
2024-02-19 12:00:00,97952.1,574.0,0.0,7.1,30000,NORMAL
2024-02-19 13:00:00,97928.4,570.14,0.0,7.2,30000,NORMAL
2024-02-19 14:00:00,97908.7,472.24,0.0,8.6,30000,NORMAL
2024-02-19 15:00:00,97889.9,451.27,0.0,9.0,30000,NORMAL
2024-02-19 16:00:00,97872.3,421.76,0.0,9.7,30000,NORMAL
2024-02-19 17:00:00,97852.4,478.93,0.0,8.5,30000,NORMAL
2024-02-19 18:00:00,97833.9,444.15,0.0,9.2,30000,NORMAL
2024-02-19 19:00:00,97812.5,512.61,0.0,8.0,30000,NORMAL
2024-02-19 20:00:00,97791.8,495.7,0.0,8.2,30000,NORMAL
2024-02-19 21:00:00,97774.9,407.47,0.0,10.0,30000,NORMAL
2024-02-19 22:00:00,97757.6,415.61,0.0,9.8,30000,NORMAL
2024-02-19 23:00:00,97736.8,498.48,0.0,8.2,30000,NORMAL
2024-02-20 00:00:00,97716.6,484.73,0.0,8.4,30000,NORMAL
2024-02-20 01:00:00,97700.2,394.34,0.0,10.3,30000,NORMAL
2024-02-20 02:00:00,97682.4,427.14,0.0,9.5,30000,NORMAL
2024-02-20 03:00:00,97663.9,442.3,0.0,9.2,30000,NORMAL
2024-02-20 04:00:00,97645.3,448.16,0.0,9.1,30000,NORMAL
2024-02-20 05:00:00,97626.7,446.41,0.0,9.1,30000,NORMAL
2024-02-20 06:00:00,97606.0,494.96,0.0,8.2,30000,NORMAL
2024-02-20 07:00:00,97587.0,457.29,0.0,8.9,30000,NORMAL
2024-02-20 08:00:00,97568.1,454.04,0.0,9.0,30000,NORMAL
2024-02-20 09:00:00,97550.9,412.16,0.0,9.9,30000,NORMAL
2024-02-20 10:00:00,97531.8,458.38,0.0,8.9,30000,NORMAL
2024-02-20 11:00:00,97513.1,448.56,0.0,9.1,30000,NORMAL
2024-02-20 12:00:00,97495.3,426.01,0.0,9.5,30000,NORMAL
2024-02-20 13:00:00,97479.0,392.47,0.0,10.3,30000,NORMAL
2024-02-20 14:00:00,97457.6,513.85,0.0,7.9,30000,NORMAL
2024-02-20 15:00:00,97435.1,538.99,0.0,7.5,30000,NORMAL
2024-02-20 16:00:00,97415.9,462.23,0.0,8.8,30000,NORMAL
2024-02-20 17:00:00,97394.1,521.73,0.0,7.8,30000,NORMAL
2024-02-20 18:00:00,97374.9,461.48,0.0,8.8,30000,NORMAL
2024-02-20 19:00:00,97359.0,380.66,0.0,10.7,30000,NORMAL
2024-02-20 20:00:00,97339.7,465.01,0.0,8.7,30000,NORMAL
2024-02-20 21:00:00,97321.6,433.02,0.0,9.4,30000,NORMAL
2024-02-20 22:00:00,97301.9,473.79,0.0,8.6,30000,NORMAL
2024-02-20 23:00:00,97279.9,528.54,0.0,7.7,30000,NORMAL
2024-02-21 00:00:00,97262.2,424.66,0.0,9.5,30000,NORMAL
2024-02-21 01:00:00,97242.6,469.38,0.0,8.6,30000,NORMAL
2024-02-21 02:00:00,97222.1,493.06,0.0,8.2,30000,NORMAL
2024-02-21 03:00:00,97200.5,517.71,0.0,7.8,30000,NORMAL
2024-02-21 04:00:00,97179.7,499.29,0.0,8.1,30000,NORMAL
2024-02-21 05:00:00,97163.3,394.25,0.0,10.3,30000,NORMAL
2024-02-21 06:00:00,97146.8,394.19,0.0,10.3,30000,NORMAL
2024-02-21 07:00:00,97126.5,488.25,0.0,8.3,30000,NORMAL
2024-02-21 08:00:00,97108.5,430.77,0.0,9.4,30000,NORMAL
2024-02-21 09:00:00,97091.8,400.81,0.0,10.1,30000,NORMAL
2024-02-21 10:00:00,97070.6,509.42,0.0,7.9,30000,NORMAL
2024-02-21 11:00:00,97052.6,431.52,0.0,9.4,30000,NORMAL
2024-02-21 12:00:00,97030.5,531.52,0.0,7.6,30000,NORMAL
2024-02-21 13:00:00,97012.7,427.98,0.0,9.4,30000,NORMAL
2024-02-21 14:00:00,96995.5,412.66,0.0,9.8,30000,NORMAL
2024-02-21 15:00:00,96976.8,446.78,0.0,9.0,30000,NORMAL
2024-02-21 16:00:00,96956.5,487.91,0.0,8.3,30000,NORMAL
2024-02-21 17:00:00,96937.2,464.65,0.0,8.7,30000,NORMAL
2024-02-21 18:00:00,96914.5,544.58,0.0,7.4,30000,NORMAL
2024-02-21 19:00:00,96895.4,458.58,0.0,8.8,30000,NORMAL
2024-02-21 20:00:00,96877.0,441.17,0.0,9.1,30000,NORMAL
2024-02-21 21:00:00,96855.1,525.46,0.0,7.7,30000,NORMAL
2024-02-21 22:00:00,96835.1,479.76,0.0,8.4,30000,NORMAL
2024-02-21 23:00:00,96817.2,429.32,0.0,9.4,30000,NORMAL
2024-02-22 00:00:00,96798.0,461.93,0.0,8.7,30000,NORMAL
2024-02-22 01:00:00,96778.8,460.91,0.0,8.7,30000,NORMAL
2024-02-22 02:00:00,96760.4,439.73,0.0,9.2,30000,NORMAL
2024-02-22 03:00:00,96741.3,459.12,0.0,8.8,30000,NORMAL
2024-02-22 04:00:00,96725.2,385.62,0.0,10.5,30000,NORMAL
2024-02-22 05:00:00,96707.2,432.2,0.0,9.3,30000,NORMAL
2024-02-22 06:00:00,96687.6,471.56,0.0,8.5,30000,NORMAL
2024-02-22 07:00:00,96669.9,423.59,0.0,9.5,30000,NORMAL
2024-02-22 08:00:00,96653.0,405.42,0.0,9.9,30000,NORMAL
2024-02-22 09:00:00,96634.4,447.97,0.0,9.0,30000,NORMAL
2024-02-22 10:00:00,96616.6,426.36,0.0,9.4,30000,NORMAL
2024-02-22 11:00:00,96600.6,383.9,0.0,10.5,30000,NORMAL
2024-02-22 12:00:00,96584.6,385.14,0.0,10.4,30000,NORMAL
2024-02-22 13:00:00,96565.0,470.4,0.0,8.6,30000,NORMAL
2024-02-22 14:00:00,96546.0,454.53,0.0,8.9,30000,NORMAL
2024-02-22 15:00:00,96526.6,465.7,0.0,8.6,30000,NORMAL
2024-02-22 16:00:00,96508.5,435.07,0.0,9.2,30000,NORMAL
2024-02-22 17:00:00,96492.9,374.33,0.0,10.7,30000,NORMAL
2024-02-22 18:00:00,96476.0,406.29,0.0,9.9,30000,NORMAL
2024-02-22 19:00:00,96457.9,433.9,0.0,9.3,30000,NORMAL
2024-02-22 20:00:00,96438.2,471.8,0.0,8.5,30000,NORMAL
2024-02-22 21:00:00,96423.1,362.57,0.0,11.1,30000,NORMAL
2024-02-22 22:00:00,96409.2,334.44,0.0,12.0,30000,NORMAL
2024-02-22 23:00:00,96387.4,522.45,0.0,7.7,30000,NORMAL
2024-02-23 00:00:00,96367.4,479.89,0.0,8.4,30000,NORMAL
2024-02-23 01:00:00,96350.5,406.2,0.0,9.9,30000,NORMAL
2024-02-23 02:00:00,96332.2,438.27,0.0,9.2,30000,NORMAL
2024-02-23 03:00:00,96314.4,428.94,0.0,9.4,30000,NORMAL
2024-02-23 04:00:00,96295.0,464.48,0.0,8.6,30000,NORMAL
2024-02-23 05:00:00,96277.3,424.63,0.0,9.4,30000,NORMAL
2024-02-23 06:00:00,96261.0,392.57,0.0,10.2,30000,NORMAL
2024-02-23 07:00:00,96241.2,474.47,0.0,8.5,30000,NORMAL
2024-02-23 08:00:00,96218.7,540.72,0.0,7.4,30000,NORMAL
2024-02-23 09:00:00,96198.8,476.49,0.0,8.4,30000,NORMAL
2024-02-23 10:00:00,96179.9,453.75,0.0,8.8,30000,NORMAL
2024-02-23 11:00:00,96161.6,439.29,0.0,9.1,30000,NORMAL
2024-02-23 12:00:00,96144.5,410.56,0.0,9.8,30000,NORMAL
2024-02-23 13:00:00,96126.6,429.62,0.0,9.3,30000,NORMAL
2024-02-23 14:00:00,96107.0,469.62,0.0,8.5,30000,NORMAL
2024-02-23 15:00:00,96085.8,509.36,0.0,7.9,30000,NORMAL
2024-02-23 16:00:00,96064.5,511.59,0.0,7.8,30000,NORMAL
2024-02-23 17:00:00,96045.4,458.52,0.0,8.7,30000,NORMAL
2024-02-23 18:00:00,96026.2,459.34,0.0,8.7,30000,NORMAL
2024-02-23 19:00:00,96007.4,452.61,0.0,8.8,30000,NORMAL
2024-02-23 20:00:00,95987.4,478.55,0.0,8.4,30000,NORMAL
2024-02-23 21:00:00,95968.6,452.4,0.0,8.8,30000,NORMAL
2024-02-23 22:00:00,95949.7,453.22,0.0,8.8,30000,NORMAL
2024-02-23 23:00:00,95932.7,406.99,0.0,9.8,30000,NORMAL
2024-02-24 00:00:00,95915.8,405.8,0.0,9.8,30000,NORMAL
2024-02-24 01:00:00,95898.5,415.44,0.0,9.6,30000,NORMAL
2024-02-24 02:00:00,95879.3,462.0,0.0,8.6,30000,NORMAL
2024-02-24 03:00:00,95861.2,434.68,0.0,9.2,30000,NORMAL
2024-02-24 04:00:00,95837.0,579.12,0.0,6.9,30000,NORMAL
2024-02-24 05:00:00,95817.5,469.4,0.0,8.5,30000,NORMAL
2024-02-24 06:00:00,95795.5,528.54,0.0,7.6,30000,NORMAL
2024-02-24 07:00:00,95773.6,524.24,0.0,7.6,30000,NORMAL
2024-02-24 08:00:00,95754.0,471.23,0.0,8.5,30000,NORMAL
2024-02-24 09:00:00,95735.3,447.96,0.0,8.9,30000,NORMAL
2024-02-24 10:00:00,95718.4,405.05,0.0,9.8,30000,NORMAL
2024-02-24 11:00:00,95700.9,419.91,0.0,9.5,30000,NORMAL
2024-02-24 12:00:00,95680.4,492.02,0.0,8.1,30000,NORMAL
2024-02-24 13:00:00,95661.1,463.48,0.0,8.6,30000,NORMAL
2024-02-24 14:00:00,95643.7,417.88,0.0,9.5,30000,NORMAL
2024-02-24 15:00:00,95625.4,439.63,0.0,9.1,30000,NORMAL
2024-02-24 16:00:00,95606.0,466.47,0.0,8.5,30000,NORMAL
2024-02-24 17:00:00,95587.2,451.24,0.0,8.8,30000,NORMAL
2024-02-24 18:00:00,95568.9,438.09,0.0,9.1,30000,NORMAL
2024-02-24 19:00:00,95550.3,447.26,0.0,8.9,30000,NORMAL
2024-02-24 20:00:00,95536.5,329.22,0.0,12.1,30000,NORMAL
2024-02-24 21:00:00,95517.8,450.91,0.0,8.8,30000,NORMAL
2024-02-24 22:00:00,95501.2,397.09,0.0,10.0,30000,NORMAL
2024-02-24 23:00:00,95481.7,468.17,0.0,8.5,30000,NORMAL
2024-02-25 00:00:00,95462.7,456.7,0.0,8.7,30000,NORMAL
2024-02-25 01:00:00,95442.4,487.42,0.0,8.2,30000,NORMAL
2024-02-25 02:00:00,95422.0,487.91,0.0,8.1,30000,NORMAL
2024-02-25 03:00:00,95399.7,535.98,0.0,7.4,30000,NORMAL
2024-02-25 04:00:00,95385.1,350.84,0.0,11.3,30000,NORMAL
2024-02-25 05:00:00,95366.6,443.7,0.0,9.0,30000,NORMAL
2024-02-25 06:00:00,95352.1,347.98,0.0,11.4,30000,NORMAL
2024-02-25 07:00:00,95332.3,474.53,0.0,8.4,30000,NORMAL
2024-02-25 08:00:00,95313.9,441.65,0.0,9.0,30000,NORMAL
2024-02-25 09:00:00,95296.2,426.46,0.0,9.3,30000,NORMAL
2024-02-25 10:00:00,95276.9,463.35,0.0,8.6,30000,NORMAL
2024-02-25 11:00:00,95260.3,397.36,0.0,10.0,30000,NORMAL
2024-02-25 12:00:00,95237.7,542.39,0.0,7.3,30000,NORMAL
2024-02-25 13:00:00,95219.5,437.78,0.0,9.1,30000,NORMAL
2024-02-25 14:00:00,95200.5,453.83,0.0,8.7,30000,NORMAL
2024-02-25 15:00:00,95182.1,443.57,0.0,8.9,30000,NORMAL
2024-02-25 16:00:00,95161.4,496.12,0.0,8.0,30000,NORMAL
2024-02-25 17:00:00,95145.1,389.89,0.0,10.2,30000,NORMAL
2024-02-25 18:00:00,95124.7,491.41,0.0,8.1,30000,NORMAL
2024-02-25 19:00:00,95107.0,424.07,0.0,9.3,30000,NORMAL
2024-02-25 20:00:00,95089.3,424.51,0.0,9.3,30000,NORMAL
2024-02-25 21:00:00,95068.7,493.97,0.0,8.0,30000,NORMAL
2024-02-25 22:00:00,95050.5,436.59,0.0,9.1,30000,NORMAL
2024-02-25 23:00:00,95030.5,480.69,0.0,8.2,30000,NORMAL
2024-02-26 00:00:00,95010.4,481.62,0.0,8.2,30000,NORMAL
2024-02-26 01:00:00,94992.4,432.54,0.0,9.2,30000,NORMAL
2024-02-26 02:00:00,94973.2,461.65,0.0,8.6,30000,NORMAL
2024-02-26 03:00:00,94955.4,425.81,0.0,9.3,30000,NORMAL
2024-02-26 04:00:00,94936.7,449.02,0.0,8.8,30000,NORMAL
2024-02-26 05:00:00,94917.0,473.68,0.0,8.3,30000,NORMAL
2024-02-26 06:00:00,94900.2,402.16,0.0,9.8,30000,NORMAL
2024-02-26 07:00:00,94880.6,472.01,0.0,8.4,30000,NORMAL
2024-02-26 08:00:00,94861.2,465.88,0.0,8.5,30000,NORMAL
2024-02-26 09:00:00,94845.5,375.55,0.0,10.5,30000,NORMAL
2024-02-26 10:00:00,94828.3,412.7,0.0,9.6,30000,NORMAL
2024-02-26 11:00:00,94811.0,415.43,0.0,9.5,30000,NORMAL
2024-02-26 12:00:00,94793.2,427.78,0.0,9.2,30000,NORMAL
2024-02-26 13:00:00,94776.4,402.21,0.0,9.8,30000,NORMAL
2024-02-26 14:00:00,94755.7,496.96,0.0,7.9,30000,NORMAL
2024-02-26 15:00:00,94734.8,503.03,0.0,7.8,30000,NORMAL
2024-02-26 16:00:00,94717.7,410.61,0.0,9.6,30000,NORMAL
2024-02-26 17:00:00,94701.3,392.29,0.0,10.1,30000,NORMAL
2024-02-26 18:00:00,94682.6,449.33,0.0,8.8,30000,NORMAL
2024-02-26 19:00:00,94661.1,516.51,0.0,7.6,30000,NORMAL
2024-02-26 20:00:00,94637.8,557.71,0.0,7.1,30000,NORMAL
2024-02-26 21:00:00,94620.5,416.27,0.0,9.5,30000,NORMAL
2024-02-26 22:00:00,94606.5,336.25,0.0,11.7,30000,NORMAL
2024-02-26 23:00:00,94590.8,375.63,0.0,10.5,30000,NORMAL
2024-02-27 00:00:00,94575.8,360.88,0.0,10.9,30000,NORMAL
2024-02-27 01:00:00,94556.2,470.84,0.0,8.4,30000,NORMAL
2024-02-27 02:00:00,94537.2,454.88,0.0,8.7,30000,NORMAL
2024-02-27 03:00:00,94518.0,460.86,0.0,8.5,30000,NORMAL
2024-02-27 04:00:00,94496.9,506.3,0.0,7.8,30000,NORMAL
2024-02-27 05:00:00,94474.8,531.45,0.0,7.4,30000,NORMAL
2024-02-27 06:00:00,94454.3,492.15,0.0,8.0,30000,NORMAL
2024-02-27 07:00:00,94434.0,486.76,0.0,8.1,30000,NORMAL
2024-02-27 08:00:00,94418.3,376.3,0.0,10.5,30000,NORMAL
2024-02-27 09:00:00,94400.6,424.57,0.0,9.3,30000,NORMAL
2024-02-27 10:00:00,94379.0,519.24,0.0,7.6,30000,NORMAL
2024-02-27 11:00:00,94361.4,422.52,0.0,9.3,30000,NORMAL
2024-02-27 12:00:00,94340.3,505.28,0.0,7.8,30000,NORMAL
2024-02-27 13:00:00,94321.3,456.17,0.0,8.6,30000,NORMAL
2024-02-27 14:00:00,94300.9,489.16,0.0,8.0,30000,NORMAL
2024-02-27 15:00:00,94284.0,406.41,0.0,9.7,30000,NORMAL
2024-02-27 16:00:00,94263.7,488.16,0.0,8.0,30000,NORMAL
2024-02-27 17:00:00,94246.2,418.03,0.0,9.4,30000,NORMAL
2024-02-27 18:00:00,94227.0,461.53,0.0,8.5,30000,NORMAL
2024-02-27 19:00:00,94208.3,448.55,0.0,8.8,30000,NORMAL
2024-02-27 20:00:00,94187.1,509.6,0.0,7.7,30000,NORMAL
2024-02-27 21:00:00,94166.6,491.6,0.0,8.0,30000,NORMAL
2024-02-27 22:00:00,94151.5,361.71,0.0,10.8,30000,NORMAL
2024-02-27 23:00:00,94134.5,409.48,0.0,9.6,30000,NORMAL
2024-02-28 00:00:00,100000.0,418.21,26383.5,10.0,30000,SCHEDULED
2024-02-28 01:00:00,99982.3,425.23,0.0,9.8,30000,NORMAL
2024-02-28 02:00:00,99965.8,395.53,0.0,10.5,30000,NORMAL
2024-02-28 03:00:00,99949.9,381.77,0.0,10.9,30000,NORMAL
2024-02-28 04:00:00,99929.6,486.37,0.0,8.6,30000,NORMAL
2024-02-28 05:00:00,99915.2,346.32,0.0,12.0,30000,NORMAL
2024-02-28 06:00:00,99894.3,502.76,0.0,8.3,30000,NORMAL
2024-02-28 07:00:00,99878.2,385.65,0.0,10.8,30000,NORMAL
2024-02-28 08:00:00,99860.4,427.61,0.0,9.7,30000,NORMAL
2024-02-28 09:00:00,99844.0,391.57,0.0,10.6,30000,NORMAL
2024-02-28 10:00:00,99827.2,404.04,0.0,10.3,30000,NORMAL
2024-02-28 11:00:00,99808.9,438.83,0.0,9.5,30000,NORMAL
2024-02-28 12:00:00,99790.5,443.16,0.0,9.4,30000,NORMAL
2024-02-28 13:00:00,99774.9,372.68,0.0,11.2,30000,NORMAL
2024-02-28 14:00:00,99757.0,429.73,0.0,9.7,30000,NORMAL
2024-02-28 15:00:00,99738.1,455.16,0.0,9.1,30000,NORMAL
2024-02-28 16:00:00,99718.3,473.4,0.0,8.8,30000,NORMAL
2024-02-28 17:00:00,99703.8,347.88,0.0,11.9,30000,NORMAL
2024-02-28 18:00:00,99686.1,426.06,0.0,9.7,30000,NORMAL
2024-02-28 19:00:00,99671.6,347.32,0.0,12.0,30000,NORMAL
2024-02-28 20:00:00,99653.9,424.59,0.0,9.8,30000,NORMAL
2024-02-28 21:00:00,99636.1,428.48,0.0,9.7,30000,NORMAL
2024-02-28 22:00:00,99616.0,481.46,0.0,8.6,30000,NORMAL
2024-02-28 23:00:00,99595.2,498.67,0.0,8.3,30000,NORMAL
2024-02-29 00:00:00,99578.6,398.91,0.0,10.4,30000,NORMAL
2024-02-29 01:00:00,99559.3,464.71,0.0,8.9,30000,NORMAL
2024-02-29 02:00:00,99539.1,482.75,0.0,8.6,30000,NORMAL
2024-02-29 03:00:00,99521.9,412.65,0.0,10.0,30000,NORMAL
2024-02-29 04:00:00,99501.6,488.65,0.0,8.5,30000,NORMAL
2024-02-29 05:00:00,99482.6,456.8,0.0,9.1,30000,NORMAL
2024-02-29 06:00:00,99464.4,436.33,0.0,9.5,30000,NORMAL
2024-02-29 07:00:00,99445.3,457.09,0.0,9.1,30000,NORMAL
2024-02-29 08:00:00,99429.9,370.99,0.0,11.2,30000,NORMAL
2024-02-29 09:00:00,99410.8,457.02,0.0,9.1,30000,NORMAL
2024-02-29 10:00:00,99393.8,407.71,0.0,10.2,30000,NORMAL
2024-02-29 11:00:00,99375.0,451.44,0.0,9.2,30000,NORMAL
2024-02-29 12:00:00,99357.1,429.71,0.0,9.6,30000,NORMAL
2024-02-29 13:00:00,99337.8,464.42,0.0,8.9,30000,NORMAL
2024-02-29 14:00:00,99316.5,509.59,0.0,8.1,30000,NORMAL
2024-02-29 15:00:00,99297.5,456.36,0.0,9.1,30000,NORMAL
2024-02-29 16:00:00,99276.7,500.02,0.0,8.3,30000,NORMAL
2024-02-29 17:00:00,99260.1,398.85,0.0,10.4,30000,NORMAL
2024-02-29 18:00:00,99238.3,521.68,0.0,7.9,30000,NORMAL
2024-02-29 19:00:00,99221.7,399.36,0.0,10.4,30000,NORMAL
2024-02-29 20:00:00,99205.6,387.33,0.0,10.7,30000,NORMAL
2024-02-29 21:00:00,99187.4,436.26,0.0,9.5,30000,NORMAL
2024-02-29 22:00:00,99169.6,427.78,0.0,9.7,30000,NORMAL
2024-02-29 23:00:00,99154.1,370.9,0.0,11.1,30000,NORMAL
2024-03-01 00:00:00,100000.0,393.61,17811.5,10.6,30000,SCHEDULED
2024-03-01 01:00:00,99984.1,382.44,0.0,10.9,30000,NORMAL
2024-03-01 02:00:00,99966.7,417.01,0.0,10.0,30000,NORMAL
2024-03-01 03:00:00,99944.8,524.49,0.0,7.9,30000,NORMAL
2024-03-01 04:00:00,99924.6,485.65,0.0,8.6,30000,NORMAL
2024-03-01 05:00:00,99905.2,466.17,0.0,8.9,30000,NORMAL
2024-03-01 06:00:00,99881.9,558.26,0.0,7.5,30000,NORMAL
2024-03-01 07:00:00,99866.9,360.38,0.0,11.5,30000,NORMAL
2024-03-01 08:00:00,99848.3,446.62,0.0,9.3,30000,NORMAL
2024-03-01 09:00:00,99825.3,551.77,0.0,7.5,30000,NORMAL
2024-03-01 10:00:00,99807.6,424.63,0.0,9.8,30000,NORMAL
2024-03-01 11:00:00,99790.6,408.61,0.0,10.2,30000,NORMAL
2024-03-01 12:00:00,99770.1,490.87,0.0,8.5,30000,NORMAL
2024-03-01 13:00:00,99752.5,422.16,0.0,9.8,30000,NORMAL
2024-03-01 14:00:00,99731.2,512.97,0.0,8.1,30000,NORMAL
2024-03-01 15:00:00,99710.7,491.57,0.0,8.5,30000,NORMAL
2024-03-01 16:00:00,99692.3,440.48,0.0,9.4,30000,NORMAL
2024-03-01 17:00:00,99671.5,499.03,0.0,8.3,30000,NORMAL
2024-03-01 18:00:00,99653.3,438.22,0.0,9.5,30000,NORMAL
2024-03-01 19:00:00,99634.3,456.64,0.0,9.1,30000,NORMAL
2024-03-01 20:00:00,99614.3,479.26,0.0,8.7,30000,NORMAL
2024-03-01 21:00:00,99596.3,430.52,0.0,9.6,30000,NORMAL
2024-03-01 22:00:00,99574.4,525.51,0.0,7.9,30000,NORMAL
2024-03-01 23:00:00,99555.6,453.5,0.0,9.1,30000,NORMAL
2024-03-02 00:00:00,99536.2,464.48,0.0,8.9,30000,NORMAL
2024-03-02 01:00:00,99520.2,384.18,0.0,10.8,30000,NORMAL
2024-03-02 02:00:00,99502.8,417.77,0.0,9.9,30000,NORMAL
2024-03-02 03:00:00,99483.7,458.14,0.0,9.0,30000,NORMAL
2024-03-02 04:00:00,99463.1,493.44,0.0,8.4,30000,NORMAL
2024-03-02 05:00:00,99441.4,520.65,0.0,8.0,30000,NORMAL
2024-03-02 06:00:00,99424.9,396.97,0.0,10.4,30000,NORMAL
2024-03-02 07:00:00,99407.9,408.67,0.0,10.1,30000,NORMAL
2024-03-02 08:00:00,99391.7,388.51,0.0,10.7,30000,NORMAL
2024-03-02 09:00:00,99371.9,474.68,0.0,8.7,30000,NORMAL
2024-03-02 10:00:00,99350.2,520.67,0.0,8.0,30000,NORMAL
2024-03-02 11:00:00,99331.8,442.1,0.0,9.4,30000,NORMAL
2024-03-02 12:00:00,99312.9,452.92,0.0,9.1,30000,NORMAL
2024-03-02 13:00:00,99293.9,456.63,0.0,9.1,30000,NORMAL
2024-03-02 14:00:00,99276.1,426.55,0.0,9.7,30000,NORMAL
2024-03-02 15:00:00,99259.9,388.93,0.0,10.6,30000,NORMAL
2024-03-02 16:00:00,99239.0,503.0,0.0,8.2,30000,NORMAL
2024-03-02 17:00:00,99219.9,457.71,0.0,9.0,30000,NORMAL
2024-03-02 18:00:00,99202.3,422.59,0.0,9.8,30000,NORMAL
2024-03-02 19:00:00,99177.3,600.26,0.0,6.9,30000,NORMAL
2024-03-02 20:00:00,99158.5,449.86,0.0,9.2,30000,NORMAL
2024-03-02 21:00:00,99143.3,364.4,0.0,11.3,30000,NORMAL
2024-03-02 22:00:00,99123.2,482.74,0.0,8.6,30000,NORMAL
2024-03-02 23:00:00,99108.3,357.92,0.0,11.5,30000,NORMAL
2024-03-03 00:00:00,99088.6,473.3,0.0,8.7,30000,NORMAL
2024-03-03 01:00:00,99068.9,471.97,0.0,8.7,30000,NORMAL
2024-03-03 02:00:00,99047.3,518.99,0.0,8.0,30000,NORMAL
2024-03-03 03:00:00,99030.6,399.88,0.0,10.3,30000,NORMAL
2024-03-03 04:00:00,99012.5,435.32,0.0,9.5,30000,NORMAL
2024-03-03 05:00:00,98993.9,446.55,0.0,9.2,30000,NORMAL
2024-03-03 06:00:00,98973.3,493.29,0.0,8.4,30000,NORMAL
2024-03-03 07:00:00,98953.7,471.71,0.0,8.7,30000,NORMAL
2024-03-03 08:00:00,98933.9,475.94,0.0,8.7,30000,NORMAL
2024-03-03 09:00:00,98912.6,510.94,0.0,8.1,30000,NORMAL
2024-03-03 10:00:00,98894.3,438.89,0.0,9.4,30000,NORMAL
2024-03-03 11:00:00,98872.5,523.14,0.0,7.9,30000,NORMAL
2024-03-03 12:00:00,98853.9,445.58,0.0,9.2,30000,NORMAL
2024-03-03 13:00:00,98833.3,494.77,0.0,8.3,30000,NORMAL
2024-03-03 14:00:00,98815.6,425.22,0.0,9.7,30000,NORMAL
2024-03-03 15:00:00,98795.6,479.75,0.0,8.6,30000,NORMAL
2024-03-03 16:00:00,98774.4,507.91,0.0,8.1,30000,NORMAL
2024-03-03 17:00:00,98757.9,395.9,0.0,10.4,30000,NORMAL
2024-03-03 18:00:00,98737.2,497.22,0.0,8.3,30000,NORMAL
2024-03-03 19:00:00,98718.1,458.94,0.0,9.0,30000,NORMAL
2024-03-03 20:00:00,98695.1,551.92,0.0,7.5,30000,NORMAL
2024-03-03 21:00:00,98676.9,436.81,0.0,9.4,30000,NORMAL
2024-03-03 22:00:00,98657.5,464.67,0.0,8.8,30000,NORMAL
2024-03-03 23:00:00,98639.1,442.2,0.0,9.3,30000,NORMAL
2024-03-04 00:00:00,98619.0,483.14,0.0,8.5,30000,NORMAL
2024-03-04 01:00:00,98604.8,340.84,0.0,12.1,30000,NORMAL
2024-03-04 02:00:00,98589.0,379.48,0.0,10.8,30000,NORMAL
2024-03-04 03:00:00,98568.8,483.43,0.0,8.5,30000,NORMAL
2024-03-04 04:00:00,98550.0,451.33,0.0,9.1,30000,NORMAL
2024-03-04 05:00:00,98535.4,349.83,0.0,11.7,30000,NORMAL
2024-03-04 06:00:00,98518.0,418.3,0.0,9.8,30000,NORMAL
2024-03-04 07:00:00,98500.1,430.36,0.0,9.5,30000,NORMAL
2024-03-04 08:00:00,98482.3,425.75,0.0,9.6,30000,NORMAL
2024-03-04 09:00:00,98461.7,496.58,0.0,8.3,30000,NORMAL
2024-03-04 10:00:00,98440.3,512.82,0.0,8.0,30000,NORMAL
2024-03-04 11:00:00,98426.2,338.11,0.0,12.1,30000,NORMAL
2024-03-04 12:00:00,98407.7,444.03,0.0,9.2,30000,NORMAL
2024-03-04 13:00:00,98388.7,455.69,0.0,9.0,30000,NORMAL
2024-03-04 14:00:00,98373.0,375.92,0.0,10.9,30000,NORMAL
2024-03-04 15:00:00,98351.7,512.66,0.0,8.0,30000,NORMAL
2024-03-04 16:00:00,98332.2,468.55,0.0,8.7,30000,NORMAL
2024-03-04 17:00:00,98311.6,492.53,0.0,8.3,30000,NORMAL
2024-03-04 18:00:00,98293.8,427.71,0.0,9.6,30000,NORMAL
2024-03-04 19:00:00,98276.7,411.05,0.0,10.0,30000,NORMAL
2024-03-04 20:00:00,98259.1,421.53,0.0,9.7,30000,NORMAL
2024-03-04 21:00:00,98240.6,444.5,0.0,9.2,30000,NORMAL
2024-03-04 22:00:00,98222.7,428.72,0.0,9.5,30000,NORMAL
2024-03-04 23:00:00,98202.1,495.28,0.0,8.3,30000,NORMAL
2024-03-05 00:00:00,98177.8,583.3,0.0,7.0,30000,NORMAL
2024-03-05 01:00:00,98157.8,479.13,0.0,8.5,30000,NORMAL
2024-03-05 02:00:00,98143.1,352.64,0.0,11.6,30000,NORMAL
2024-03-05 03:00:00,98124.1,457.75,0.0,8.9,30000,NORMAL
2024-03-05 04:00:00,98107.8,390.61,0.0,10.5,30000,NORMAL
2024-03-05 05:00:00,98089.9,429.62,0.0,9.5,30000,NORMAL
2024-03-05 06:00:00,98071.2,448.22,0.0,9.1,30000,NORMAL
2024-03-05 07:00:00,98053.0,437.04,0.0,9.3,30000,NORMAL
2024-03-05 08:00:00,98036.4,398.25,0.0,10.3,30000,NORMAL
2024-03-05 09:00:00,98016.6,476.1,0.0,8.6,30000,NORMAL
2024-03-05 10:00:00,98002.0,350.31,0.0,11.7,30000,NORMAL
2024-03-05 11:00:00,97982.4,469.32,0.0,8.7,30000,NORMAL
2024-03-05 12:00:00,97965.6,404.9,0.0,10.1,30000,NORMAL
2024-03-05 13:00:00,97946.2,463.93,0.0,8.8,30000,NORMAL
2024-03-05 14:00:00,97930.3,382.77,0.0,10.7,30000,NORMAL
2024-03-05 15:00:00,97911.0,461.57,0.0,8.8,30000,NORMAL
2024-03-05 16:00:00,97889.4,518.87,0.0,7.9,30000,NORMAL
2024-03-05 17:00:00,97871.9,420.27,0.0,9.7,30000,NORMAL
2024-03-05 18:00:00,97854.5,419.17,0.0,9.7,30000,NORMAL
2024-03-05 19:00:00,97834.8,471.62,0.0,8.6,30000,NORMAL
2024-03-05 20:00:00,97815.6,460.55,0.0,8.8,30000,NORMAL
2024-03-05 21:00:00,97799.7,380.91,0.0,10.7,30000,NORMAL
2024-03-05 22:00:00,97778.7,505.38,0.0,8.1,30000,NORMAL
2024-03-05 23:00:00,97758.2,490.45,0.0,8.3,30000,NORMAL
2024-03-06 00:00:00,97736.8,514.1,0.0,7.9,30000,NORMAL
2024-03-06 01:00:00,97716.9,477.3,0.0,8.5,30000,NORMAL
2024-03-06 02:00:00,97694.3,544.39,0.0,7.5,30000,NORMAL
2024-03-06 03:00:00,97679.4,356.37,0.0,11.4,30000,NORMAL
2024-03-06 04:00:00,97657.5,526.2,0.0,7.7,30000,NORMAL
2024-03-06 05:00:00,97639.5,430.5,0.0,9.5,30000,NORMAL
2024-03-06 06:00:00,97621.9,422.8,0.0,9.6,30000,NORMAL
2024-03-06 07:00:00,97604.7,414.28,0.0,9.8,30000,NORMAL
2024-03-06 08:00:00,97584.9,475.47,0.0,8.6,30000,NORMAL
2024-03-06 09:00:00,97564.4,490.01,0.0,8.3,30000,NORMAL
2024-03-06 10:00:00,97546.7,426.68,0.0,9.5,30000,NORMAL
2024-03-06 11:00:00,97527.3,463.68,0.0,8.8,30000,NORMAL
2024-03-06 12:00:00,97502.8,588.19,0.0,6.9,30000,NORMAL
2024-03-06 13:00:00,97485.5,416.51,0.0,9.8,30000,NORMAL
2024-03-06 14:00:00,97467.5,430.28,0.0,9.4,30000,NORMAL
2024-03-06 15:00:00,97445.8,520.99,0.0,7.8,30000,NORMAL
2024-03-06 16:00:00,97430.4,371.22,0.0,10.9,30000,NORMAL
2024-03-06 17:00:00,97411.1,462.26,0.0,8.8,30000,NORMAL
2024-03-06 18:00:00,97397.4,329.23,0.0,12.3,30000,NORMAL
2024-03-06 19:00:00,97381.5,381.02,0.0,10.6,30000,NORMAL
2024-03-06 20:00:00,97365.2,390.5,0.0,10.4,30000,NORMAL
2024-03-06 21:00:00,97348.3,406.17,0.0,10.0,30000,NORMAL
2024-03-06 22:00:00,97332.2,387.64,0.0,10.5,30000,NORMAL
2024-03-06 23:00:00,97313.0,460.05,0.0,8.8,30000,NORMAL
2024-03-07 00:00:00,97291.3,519.99,0.0,7.8,30000,NORMAL
2024-03-07 01:00:00,97268.3,551.95,0.0,7.3,30000,NORMAL
2024-03-07 02:00:00,97251.7,398.53,0.0,10.2,30000,NORMAL
2024-03-07 03:00:00,97231.5,486.42,0.0,8.3,30000,NORMAL
2024-03-07 04:00:00,97210.2,510.43,0.0,7.9,30000,NORMAL
2024-03-07 05:00:00,97191.2,456.05,0.0,8.9,30000,NORMAL
2024-03-07 06:00:00,97171.0,485.42,0.0,8.3,30000,NORMAL
2024-03-07 07:00:00,97151.3,473.0,0.0,8.6,30000,NORMAL
2024-03-07 08:00:00,97131.6,472.93,0.0,8.6,30000,NORMAL
2024-03-07 09:00:00,97114.3,413.17,0.0,9.8,30000,NORMAL
2024-03-07 10:00:00,97099.7,350.3,0.0,11.5,30000,NORMAL
2024-03-07 11:00:00,97081.7,432.57,0.0,9.4,30000,NORMAL
2024-03-07 12:00:00,97064.6,411.66,0.0,9.8,30000,NORMAL
2024-03-07 13:00:00,97046.4,436.11,0.0,9.3,30000,NORMAL
2024-03-07 14:00:00,97025.6,498.07,0.0,8.1,30000,NORMAL
2024-03-07 15:00:00,97003.9,521.78,0.0,7.7,30000,NORMAL
2024-03-07 16:00:00,96984.8,457.54,0.0,8.8,30000,NORMAL
2024-03-07 17:00:00,96968.6,390.8,0.0,10.3,30000,NORMAL
2024-03-07 18:00:00,96950.6,430.54,0.0,9.4,30000,NORMAL
2024-03-07 19:00:00,96933.5,411.38,0.0,9.8,30000,NORMAL
2024-03-07 20:00:00,96914.5,456.2,0.0,8.9,30000,NORMAL
2024-03-07 21:00:00,96896.7,426.66,0.0,9.5,30000,NORMAL
2024-03-07 22:00:00,96876.1,495.13,0.0,8.2,30000,NORMAL
2024-03-07 23:00:00,96859.1,407.6,0.0,9.9,30000,NORMAL
2024-03-08 00:00:00,96835.8,559.17,0.0,7.2,30000,NORMAL
2024-03-08 01:00:00,96820.1,376.38,0.0,10.7,30000,NORMAL
2024-03-08 02:00:00,96800.7,465.29,0.0,8.7,30000,NORMAL
2024-03-08 03:00:00,96785.3,369.47,0.0,10.9,30000,NORMAL
2024-03-08 04:00:00,96764.4,502.39,0.0,8.0,30000,NORMAL
2024-03-08 05:00:00,96745.5,452.34,0.0,8.9,30000,NORMAL
2024-03-08 06:00:00,96726.4,460.29,0.0,8.8,30000,NORMAL
2024-03-08 07:00:00,96709.5,405.14,0.0,9.9,30000,NORMAL
2024-03-08 08:00:00,96688.5,504.3,0.0,8.0,30000,NORMAL
2024-03-08 09:00:00,96668.4,482.14,0.0,8.4,30000,NORMAL
2024-03-08 10:00:00,96650.8,422.73,0.0,9.5,30000,NORMAL
2024-03-08 11:00:00,96632.0,449.17,0.0,9.0,30000,NORMAL
2024-03-08 12:00:00,96615.1,405.48,0.0,9.9,30000,NORMAL
2024-03-08 13:00:00,96598.4,401.54,0.0,10.0,30000,NORMAL
2024-03-08 14:00:00,96580.9,419.23,0.0,9.6,30000,NORMAL
2024-03-08 15:00:00,96562.8,436.3,0.0,9.2,30000,NORMAL
2024-03-08 16:00:00,96544.0,450.09,0.0,8.9,30000,NORMAL
2024-03-08 17:00:00,96525.4,447.78,0.0,9.0,30000,NORMAL
2024-03-08 18:00:00,96508.4,406.74,0.0,9.9,30000,NORMAL
2024-03-08 19:00:00,96488.1,487.95,0.0,8.2,30000,NORMAL
2024-03-08 20:00:00,96467.1,504.48,0.0,8.0,30000,NORMAL
2024-03-08 21:00:00,96446.4,495.68,0.0,8.1,30000,NORMAL
2024-03-08 22:00:00,96426.2,485.31,0.0,8.3,30000,NORMAL
2024-03-08 23:00:00,96412.6,324.87,0.0,12.4,30000,NORMAL
2024-03-09 00:00:00,96396.0,400.08,0.0,10.0,30000,NORMAL
2024-03-09 01:00:00,96380.3,375.58,0.0,10.7,30000,NORMAL
2024-03-09 02:00:00,96365.3,361.37,0.0,11.1,30000,NORMAL
2024-03-09 03:00:00,96344.1,507.2,0.0,7.9,30000,NORMAL
2024-03-09 04:00:00,96321.9,534.76,0.0,7.5,30000,NORMAL
2024-03-09 05:00:00,96303.1,450.38,0.0,8.9,30000,NORMAL
2024-03-09 06:00:00,96283.4,473.57,0.0,8.5,30000,NORMAL
2024-03-09 07:00:00,96265.4,432.04,0.0,9.3,30000,NORMAL
2024-03-09 08:00:00,96244.2,508.48,0.0,7.9,30000,NORMAL
2024-03-09 09:00:00,96224.8,464.0,0.0,8.6,30000,NORMAL
2024-03-09 10:00:00,96207.2,423.93,0.0,9.5,30000,NORMAL
2024-03-09 11:00:00,96187.3,478.11,0.0,8.4,30000,NORMAL
2024-03-09 12:00:00,96168.9,440.92,0.0,9.1,30000,NORMAL
2024-03-09 13:00:00,96149.7,459.78,0.0,8.7,30000,NORMAL
2024-03-09 14:00:00,96129.5,484.67,0.0,8.3,30000,NORMAL
2024-03-09 15:00:00,96102.9,638.01,0.0,6.3,30000,NORMAL
2024-03-09 16:00:00,96080.5,539.31,0.0,7.4,30000,NORMAL
2024-03-09 17:00:00,96061.4,457.5,0.0,8.7,30000,NORMAL
2024-03-09 18:00:00,96044.6,403.01,0.0,9.9,30000,NORMAL
2024-03-09 19:00:00,96030.6,337.32,0.0,11.9,30000,NORMAL
2024-03-09 20:00:00,96009.1,514.21,0.0,7.8,30000,NORMAL
2024-03-09 21:00:00,95988.1,505.99,0.0,7.9,30000,NORMAL
2024-03-09 22:00:00,95970.6,418.6,0.0,9.6,30000,NORMAL
2024-03-09 23:00:00,95952.0,445.62,0.0,9.0,30000,NORMAL
2024-03-10 00:00:00,95932.9,460.4,0.0,8.7,30000,NORMAL
2024-03-10 01:00:00,95912.9,479.7,0.0,8.3,30000,NORMAL
2024-03-10 02:00:00,95890.7,532.73,0.0,7.5,30000,NORMAL
2024-03-10 03:00:00,95874.6,384.85,0.0,10.4,30000,NORMAL
2024-03-10 04:00:00,95854.5,483.68,0.0,8.3,30000,NORMAL
2024-03-10 05:00:00,95835.3,460.94,0.0,8.7,30000,NORMAL
2024-03-10 06:00:00,95817.6,424.49,0.0,9.4,30000,NORMAL
2024-03-10 07:00:00,95797.2,490.32,0.0,8.1,30000,NORMAL
2024-03-10 08:00:00,95778.6,444.44,0.0,9.0,30000,NORMAL
2024-03-10 09:00:00,95760.1,445.98,0.0,8.9,30000,NORMAL
2024-03-10 10:00:00,95740.7,465.69,0.0,8.6,30000,NORMAL
2024-03-10 11:00:00,95722.9,427.1,0.0,9.3,30000,NORMAL
2024-03-10 12:00:00,95702.8,482.72,0.0,8.3,30000,NORMAL
2024-03-10 13:00:00,95684.8,430.13,0.0,9.3,30000,NORMAL
2024-03-10 14:00:00,95662.6,534.51,0.0,7.5,30000,NORMAL
2024-03-10 15:00:00,95643.3,461.42,0.0,8.6,30000,NORMAL
2024-03-10 16:00:00,95626.0,416.5,0.0,9.6,30000,NORMAL
2024-03-10 17:00:00,95606.6,465.44,0.0,8.6,30000,NORMAL
2024-03-10 18:00:00,95585.8,499.48,0.0,8.0,30000,NORMAL
2024-03-10 19:00:00,95570.3,371.24,0.0,10.7,30000,NORMAL
2024-03-10 20:00:00,95548.9,513.35,0.0,7.8,30000,NORMAL
2024-03-10 21:00:00,95529.5,467.01,0.0,8.5,30000,NORMAL
2024-03-10 22:00:00,95510.8,448.48,0.0,8.9,30000,NORMAL
2024-03-10 23:00:00,95493.5,415.68,0.0,9.6,30000,NORMAL
2024-03-11 00:00:00,95474.0,467.35,0.0,8.5,30000,NORMAL
2024-03-11 01:00:00,95457.1,405.82,0.0,9.8,30000,NORMAL
2024-03-11 02:00:00,95442.5,350.54,0.0,11.3,30000,NORMAL
2024-03-11 03:00:00,95425.2,414.35,0.0,9.6,30000,NORMAL
2024-03-11 04:00:00,95407.0,436.37,0.0,9.1,30000,NORMAL
2024-03-11 05:00:00,95387.0,480.66,0.0,8.3,30000,NORMAL
2024-03-11 06:00:00,95368.7,439.06,0.0,9.1,30000,NORMAL
2024-03-11 07:00:00,95352.3,392.75,0.0,10.1,30000,NORMAL
2024-03-11 08:00:00,95335.0,416.94,0.0,9.5,30000,NORMAL
2024-03-11 09:00:00,95316.2,451.03,0.0,8.8,30000,NORMAL
2024-03-11 10:00:00,95296.1,482.28,0.0,8.2,30000,NORMAL
2024-03-11 11:00:00,95275.6,490.66,0.0,8.1,30000,NORMAL
2024-03-11 12:00:00,95259.7,381.9,0.0,10.4,30000,NORMAL
2024-03-11 13:00:00,95240.9,452.56,0.0,8.8,30000,NORMAL
2024-03-11 14:00:00,95220.5,488.69,0.0,8.1,30000,NORMAL
2024-03-11 15:00:00,95203.6,406.35,0.0,9.8,30000,NORMAL
2024-03-11 16:00:00,95181.1,540.01,0.0,7.3,30000,NORMAL
2024-03-11 17:00:00,95163.3,425.28,0.0,9.3,30000,NORMAL
2024-03-11 18:00:00,95142.5,501.0,0.0,7.9,30000,NORMAL
2024-03-11 19:00:00,95122.3,484.56,0.0,8.2,30000,NORMAL
2024-03-11 20:00:00,95105.0,415.61,0.0,9.5,30000,NORMAL
2024-03-11 21:00:00,95086.2,450.81,0.0,8.8,30000,NORMAL
2024-03-11 22:00:00,95064.6,518.21,0.0,7.6,30000,NORMAL
2024-03-11 23:00:00,95047.0,423.16,0.0,9.4,30000,NORMAL
2024-03-12 00:00:00,95027.8,458.86,0.0,8.6,30000,NORMAL
2024-03-12 01:00:00,95012.2,374.72,0.0,10.6,30000,NORMAL
2024-03-12 02:00:00,94992.7,467.98,0.0,8.5,30000,NORMAL
2024-03-12 03:00:00,94974.8,429.77,0.0,9.2,30000,NORMAL
2024-03-12 04:00:00,94955.0,476.19,0.0,8.3,30000,NORMAL
2024-03-12 05:00:00,94938.0,407.78,0.0,9.7,30000,NORMAL
2024-03-12 06:00:00,94918.6,465.99,0.0,8.5,30000,NORMAL
2024-03-12 07:00:00,94900.5,432.49,0.0,9.1,30000,NORMAL
2024-03-12 08:00:00,94887.3,318.1,0.0,12.4,30000,NORMAL
2024-03-12 09:00:00,94868.4,454.39,0.0,8.7,30000,NORMAL
2024-03-12 10:00:00,94847.0,513.05,0.0,7.7,30000,NORMAL
2024-03-12 11:00:00,94830.5,395.18,0.0,10.0,30000,NORMAL
2024-03-12 12:00:00,94813.1,417.77,0.0,9.5,30000,NORMAL
2024-03-12 13:00:00,94791.6,516.27,0.0,7.7,30000,NORMAL
2024-03-12 14:00:00,94771.7,477.82,0.0,8.3,30000,NORMAL
2024-03-12 15:00:00,94753.6,433.55,0.0,9.1,30000,NORMAL
2024-03-12 16:00:00,94734.3,464.79,0.0,8.5,30000,NORMAL
2024-03-12 17:00:00,94716.8,418.72,0.0,9.4,30000,NORMAL
2024-03-12 18:00:00,94692.9,573.57,0.0,6.9,30000,NORMAL
2024-03-12 19:00:00,94672.3,494.34,0.0,8.0,30000,NORMAL
2024-03-12 20:00:00,94650.0,535.44,0.0,7.4,30000,NORMAL
2024-03-12 21:00:00,94631.1,454.6,0.0,8.7,30000,NORMAL
2024-03-12 22:00:00,94615.0,386.31,0.0,10.2,30000,NORMAL
2024-03-12 23:00:00,94595.2,475.17,0.0,8.3,30000,NORMAL
2024-03-13 00:00:00,94573.8,512.76,0.0,7.7,30000,NORMAL
2024-03-13 01:00:00,94552.4,514.86,0.0,7.7,30000,NORMAL
2024-03-13 02:00:00,94537.1,365.62,0.0,10.8,30000,NORMAL
2024-03-13 03:00:00,94517.9,460.57,0.0,8.6,30000,NORMAL
2024-03-13 04:00:00,94502.5,370.1,0.0,10.6,30000,NORMAL
2024-03-13 05:00:00,94485.0,420.7,0.0,9.4,30000,NORMAL
2024-03-13 06:00:00,94465.0,479.27,0.0,8.2,30000,NORMAL
2024-03-13 07:00:00,94443.5,516.57,0.0,7.6,30000,NORMAL
2024-03-13 08:00:00,94424.3,461.12,0.0,8.5,30000,NORMAL
2024-03-13 09:00:00,94407.9,392.61,0.0,10.0,30000,NORMAL
2024-03-13 10:00:00,94387.9,479.97,0.0,8.2,30000,NORMAL
2024-03-13 11:00:00,94370.9,407.46,0.0,9.7,30000,NORMAL
2024-03-13 12:00:00,94352.8,435.38,0.0,9.0,30000,NORMAL
2024-03-13 13:00:00,94333.9,454.52,0.0,8.6,30000,NORMAL
2024-03-13 14:00:00,94316.5,416.51,0.0,9.4,30000,NORMAL
2024-03-13 15:00:00,94296.4,481.82,0.0,8.2,30000,NORMAL
2024-03-13 16:00:00,94276.1,487.62,0.0,8.1,30000,NORMAL
2024-03-13 17:00:00,94255.2,501.41,0.0,7.8,30000,NORMAL
2024-03-13 18:00:00,94233.5,521.27,0.0,7.5,30000,NORMAL
2024-03-13 19:00:00,94215.0,442.84,0.0,8.9,30000,NORMAL
2024-03-13 20:00:00,94198.8,388.65,0.0,10.1,30000,NORMAL
2024-03-13 21:00:00,94182.5,393.47,0.0,10.0,30000,NORMAL
2024-03-13 22:00:00,94160.1,536.76,0.0,7.3,30000,NORMAL
2024-03-13 23:00:00,94138.0,530.76,0.0,7.4,30000,NORMAL
2024-03-14 00:00:00,94116.4,516.92,0.0,7.6,30000,NORMAL
2024-03-14 01:00:00,94098.9,420.72,0.0,9.3,30000,NORMAL
2024-03-14 02:00:00,94076.6,534.41,0.0,7.3,30000,NORMAL
2024-03-14 03:00:00,94058.2,441.52,0.0,8.9,30000,NORMAL
2024-03-14 04:00:00,94038.8,467.15,0.0,8.4,30000,NORMAL
2024-03-14 05:00:00,94018.3,491.32,0.0,8.0,30000,NORMAL
2024-03-14 06:00:00,93996.9,513.06,0.0,7.6,30000,NORMAL
2024-03-14 07:00:00,93977.1,477.06,0.0,8.2,30000,NORMAL
2024-03-14 08:00:00,93955.4,518.75,0.0,7.5,30000,NORMAL
2024-03-14 09:00:00,93936.7,450.66,0.0,8.7,30000,NORMAL
2024-03-14 10:00:00,93918.3,439.86,0.0,8.9,30000,NORMAL
2024-03-14 11:00:00,93900.2,433.98,0.0,9.0,30000,NORMAL
2024-03-14 12:00:00,93883.9,392.53,0.0,10.0,30000,NORMAL
2024-03-14 13:00:00,93871.0,310.08,0.0,12.6,30000,NORMAL
2024-03-14 14:00:00,93850.1,502.07,0.0,7.8,30000,NORMAL
2024-03-14 15:00:00,93831.8,438.29,0.0,8.9,30000,NORMAL
2024-03-14 16:00:00,93811.5,487.16,0.0,8.0,30000,NORMAL
2024-03-14 17:00:00,93791.5,479.91,0.0,8.1,30000,NORMAL
2024-03-14 18:00:00,93772.4,457.9,0.0,8.5,30000,NORMAL
2024-03-14 19:00:00,93751.7,497.22,0.0,7.9,30000,NORMAL
2024-03-14 20:00:00,93730.7,503.58,0.0,7.8,30000,NORMAL
2024-03-14 21:00:00,93714.0,402.41,0.0,9.7,30000,NORMAL
2024-03-14 22:00:00,93692.0,526.65,0.0,7.4,30000,NORMAL
2024-03-14 23:00:00,93671.5,493.22,0.0,7.9,30000,NORMAL
2024-03-15 00:00:00,100000.0,406.22,23701.6,10.3,30000,SCHEDULED
2024-03-15 01:00:00,99983.8,387.86,0.0,10.7,30000,NORMAL
2024-03-15 02:00:00,99963.8,481.39,0.0,8.7,30000,NORMAL
2024-03-15 03:00:00,99945.4,441.16,0.0,9.4,30000,NORMAL
2024-03-15 04:00:00,99931.8,325.36,0.0,12.8,30000,NORMAL
2024-03-15 05:00:00,99914.2,422.28,0.0,9.9,30000,NORMAL
2024-03-15 06:00:00,99896.3,430.95,0.0,9.7,30000,NORMAL
2024-03-15 07:00:00,99877.3,455.28,0.0,9.1,30000,NORMAL
2024-03-15 08:00:00,99861.8,373.04,0.0,11.2,30000,NORMAL
2024-03-15 09:00:00,99842.8,455.83,0.0,9.1,30000,NORMAL
2024-03-15 10:00:00,99820.9,525.04,0.0,7.9,30000,NORMAL
2024-03-15 11:00:00,99801.8,459.35,0.0,9.1,30000,NORMAL
2024-03-15 12:00:00,99781.8,479.47,0.0,8.7,30000,NORMAL
2024-03-15 13:00:00,99759.8,528.17,0.0,7.9,30000,NORMAL
2024-03-15 14:00:00,99741.2,445.27,0.0,9.3,30000,NORMAL
2024-03-15 15:00:00,99722.7,443.66,0.0,9.4,30000,NORMAL
2024-03-15 16:00:00,99703.3,467.24,0.0,8.9,30000,NORMAL
2024-03-15 17:00:00,99686.4,405.76,0.0,10.2,30000,NORMAL
2024-03-15 18:00:00,99669.1,415.27,0.0,10.0,30000,NORMAL
2024-03-15 19:00:00,99654.6,348.04,0.0,11.9,30000,NORMAL
2024-03-15 20:00:00,99631.0,564.42,0.0,7.4,30000,NORMAL
2024-03-15 21:00:00,99610.6,491.54,0.0,8.4,30000,NORMAL
2024-03-15 22:00:00,99593.8,402.63,0.0,10.3,30000,NORMAL
2024-03-15 23:00:00,99572.9,501.19,0.0,8.3,30000,NORMAL
2024-03-16 00:00:00,99555.8,409.6,0.0,10.1,30000,NORMAL
2024-03-16 01:00:00,99536.9,453.4,0.0,9.1,30000,NORMAL
2024-03-16 02:00:00,99518.1,453.15,0.0,9.2,30000,NORMAL
2024-03-16 03:00:00,99500.2,427.69,0.0,9.7,30000,NORMAL
2024-03-16 04:00:00,99483.2,409.36,0.0,10.1,30000,NORMAL
2024-03-16 05:00:00,99461.9,510.43,0.0,8.1,30000,NORMAL
2024-03-16 06:00:00,99443.0,454.22,0.0,9.1,30000,NORMAL
2024-03-16 07:00:00,99420.7,534.1,0.0,7.8,30000,NORMAL
2024-03-16 08:00:00,99404.2,397.95,0.0,10.4,30000,NORMAL
2024-03-16 09:00:00,99386.4,426.36,0.0,9.7,30000,NORMAL
2024-03-16 10:00:00,99367.7,447.72,0.0,9.2,30000,NORMAL
2024-03-16 11:00:00,99346.7,505.16,0.0,8.2,30000,NORMAL
2024-03-16 12:00:00,99329.6,410.54,0.0,10.1,30000,NORMAL
2024-03-16 13:00:00,99309.6,478.56,0.0,8.6,30000,NORMAL
2024-03-16 14:00:00,99290.2,467.15,0.0,8.9,30000,NORMAL
2024-03-16 15:00:00,99268.5,521.42,0.0,7.9,30000,NORMAL
2024-03-16 16:00:00,99248.7,474.9,0.0,8.7,30000,NORMAL
2024-03-16 17:00:00,99233.7,360.18,0.0,11.5,30000,NORMAL
2024-03-16 18:00:00,99217.0,399.3,0.0,10.4,30000,NORMAL
2024-03-16 19:00:00,99200.3,401.84,0.0,10.3,30000,NORMAL
2024-03-16 20:00:00,99182.5,427.38,0.0,9.7,30000,NORMAL
2024-03-16 21:00:00,99161.0,516.22,0.0,8.0,30000,NORMAL
2024-03-16 22:00:00,99142.8,436.74,0.0,9.5,30000,NORMAL
2024-03-16 23:00:00,99123.9,451.73,0.0,9.1,30000,NORMAL
2024-03-17 00:00:00,99105.7,438.75,0.0,9.4,30000,NORMAL
2024-03-17 01:00:00,99085.8,476.94,0.0,8.7,30000,NORMAL
2024-03-17 02:00:00,99068.5,413.91,0.0,10.0,30000,NORMAL
2024-03-17 03:00:00,99050.2,441.47,0.0,9.3,30000,NORMAL
2024-03-17 04:00:00,99031.8,440.87,0.0,9.4,30000,NORMAL
2024-03-17 05:00:00,99013.2,446.45,0.0,9.2,30000,NORMAL
2024-03-17 06:00:00,98995.6,421.71,0.0,9.8,30000,NORMAL
2024-03-17 07:00:00,98979.6,383.25,0.0,10.8,30000,NORMAL
2024-03-17 08:00:00,98958.9,496.63,0.0,8.3,30000,NORMAL
2024-03-17 09:00:00,98940.4,444.18,0.0,9.3,30000,NORMAL
2024-03-17 10:00:00,98919.3,506.43,0.0,8.1,30000,NORMAL
2024-03-17 11:00:00,98899.6,473.97,0.0,8.7,30000,NORMAL
2024-03-17 12:00:00,98879.8,475.73,0.0,8.7,30000,NORMAL
2024-03-17 13:00:00,98858.7,506.53,0.0,8.1,30000,NORMAL
2024-03-17 14:00:00,98834.5,579.9,0.0,7.1,30000,NORMAL
2024-03-17 15:00:00,98813.0,515.19,0.0,8.0,30000,NORMAL
2024-03-17 16:00:00,98792.4,494.32,0.0,8.3,30000,NORMAL
2024-03-17 17:00:00,98773.1,464.62,0.0,8.9,30000,NORMAL
2024-03-17 18:00:00,98751.7,512.94,0.0,8.0,30000,NORMAL
2024-03-17 19:00:00,98734.5,412.67,0.0,10.0,30000,NORMAL
2024-03-17 20:00:00,98714.5,479.24,0.0,8.6,30000,NORMAL
2024-03-17 21:00:00,98693.1,513.86,0.0,8.0,30000,NORMAL
2024-03-17 22:00:00,98672.4,497.62,0.0,8.3,30000,NORMAL
2024-03-17 23:00:00,98653.8,446.19,0.0,9.2,30000,NORMAL
2024-03-18 00:00:00,98634.1,472.77,0.0,8.7,30000,NORMAL
2024-03-18 01:00:00,98616.0,433.54,0.0,9.5,30000,NORMAL
2024-03-18 02:00:00,98598.9,411.59,0.0,10.0,30000,NORMAL
2024-03-18 03:00:00,98577.1,522.54,0.0,7.9,30000,NORMAL
2024-03-18 04:00:00,98559.3,428.29,0.0,9.6,30000,NORMAL
2024-03-18 05:00:00,98541.4,427.87,0.0,9.6,30000,NORMAL
2024-03-18 06:00:00,98523.6,428.97,0.0,9.6,30000,NORMAL
2024-03-18 07:00:00,98506.3,415.21,0.0,9.9,30000,NORMAL
2024-03-18 08:00:00,98489.0,413.76,0.0,9.9,30000,NORMAL
2024-03-18 09:00:00,98473.9,363.74,0.0,11.3,30000,NORMAL
2024-03-18 10:00:00,98458.4,372.39,0.0,11.0,30000,NORMAL
2024-03-18 11:00:00,98440.0,440.37,0.0,9.3,30000,NORMAL
2024-03-18 12:00:00,98420.3,472.82,0.0,8.7,30000,NORMAL
2024-03-18 13:00:00,98405.1,366.19,0.0,11.2,30000,NORMAL
2024-03-18 14:00:00,98385.9,459.09,0.0,8.9,30000,NORMAL
2024-03-18 15:00:00,98364.5,514.15,0.0,8.0,30000,NORMAL
2024-03-18 16:00:00,98346.7,426.42,0.0,9.6,30000,NORMAL
2024-03-18 17:00:00,98330.0,400.54,0.0,10.2,30000,NORMAL
2024-03-18 18:00:00,98311.4,446.99,0.0,9.2,30000,NORMAL
2024-03-18 19:00:00,98291.6,475.96,0.0,8.6,30000,NORMAL
2024-03-18 20:00:00,98274.0,422.04,0.0,9.7,30000,NORMAL
2024-03-18 21:00:00,98253.3,497.64,0.0,8.2,30000,NORMAL
2024-03-18 22:00:00,98233.5,473.47,0.0,8.6,30000,NORMAL
2024-03-18 23:00:00,98211.2,536.55,0.0,7.6,30000,NORMAL
2024-03-19 00:00:00,98195.9,365.93,0.0,11.2,30000,NORMAL
2024-03-19 01:00:00,98180.1,379.41,0.0,10.8,30000,NORMAL
2024-03-19 02:00:00,98162.3,429.08,0.0,9.5,30000,NORMAL
2024-03-19 03:00:00,98146.3,383.05,0.0,10.7,30000,NORMAL
2024-03-19 04:00:00,98124.3,528.69,0.0,7.7,30000,NORMAL
2024-03-19 05:00:00,98105.0,461.64,0.0,8.9,30000,NORMAL
2024-03-19 06:00:00,98087.0,433.5,0.0,9.4,30000,NORMAL
2024-03-19 07:00:00,98065.0,527.68,0.0,7.7,30000,NORMAL
2024-03-19 08:00:00,98045.6,464.63,0.0,8.8,30000,NORMAL
2024-03-19 09:00:00,98027.3,439.56,0.0,9.3,30000,NORMAL
2024-03-19 10:00:00,98010.2,410.92,0.0,9.9,30000,NORMAL
2024-03-19 11:00:00,97990.3,477.79,0.0,8.5,30000,NORMAL
2024-03-19 12:00:00,97970.4,476.11,0.0,8.6,30000,NORMAL
2024-03-19 13:00:00,97950.3,484.09,0.0,8.4,30000,NORMAL
2024-03-19 14:00:00,97929.8,490.31,0.0,8.3,30000,NORMAL
2024-03-19 15:00:00,97908.1,522.53,0.0,7.8,30000,NORMAL
2024-03-19 16:00:00,97891.0,408.6,0.0,10.0,30000,NORMAL
2024-03-19 17:00:00,97867.6,561.84,0.0,7.3,30000,NORMAL
2024-03-19 18:00:00,97845.1,540.0,0.0,7.5,30000,NORMAL
2024-03-19 19:00:00,97822.8,535.86,0.0,7.6,30000,NORMAL
2024-03-19 20:00:00,97804.5,439.69,0.0,9.3,30000,NORMAL
2024-03-19 21:00:00,97787.2,414.3,0.0,9.8,30000,NORMAL
2024-03-19 22:00:00,97768.2,455.25,0.0,8.9,30000,NORMAL
2024-03-19 23:00:00,97748.9,464.17,0.0,8.8,30000,NORMAL
2024-03-20 00:00:00,97728.4,492.86,0.0,8.3,30000,NORMAL
2024-03-20 01:00:00,97710.0,441.79,0.0,9.2,30000,NORMAL
2024-03-20 02:00:00,97689.3,496.07,0.0,8.2,30000,NORMAL
2024-03-20 03:00:00,97671.3,432.63,0.0,9.4,30000,NORMAL
2024-03-20 04:00:00,97652.4,452.39,0.0,9.0,30000,NORMAL
2024-03-20 05:00:00,97632.2,486.14,0.0,8.4,30000,NORMAL
2024-03-20 06:00:00,97613.2,456.09,0.0,8.9,30000,NORMAL
2024-03-20 07:00:00,97595.8,416.21,0.0,9.8,30000,NORMAL
2024-03-20 08:00:00,97578.9,404.9,0.0,10.0,30000,NORMAL
2024-03-20 09:00:00,97558.0,503.26,0.0,8.1,30000,NORMAL
2024-03-20 10:00:00,97538.2,474.81,0.0,8.6,30000,NORMAL
2024-03-20 11:00:00,97516.6,519.37,0.0,7.8,30000,NORMAL
2024-03-20 12:00:00,97495.4,507.26,0.0,8.0,30000,NORMAL
2024-03-20 13:00:00,97477.3,435.92,0.0,9.3,30000,NORMAL
2024-03-20 14:00:00,97456.4,500.33,0.0,8.1,30000,NORMAL
2024-03-20 15:00:00,97436.9,467.62,0.0,8.7,30000,NORMAL
2024-03-20 16:00:00,97418.4,444.32,0.0,9.1,30000,NORMAL
2024-03-20 17:00:00,97394.1,582.5,0.0,7.0,30000,NORMAL
2024-03-20 18:00:00,97370.5,567.3,0.0,7.2,30000,NORMAL
2024-03-20 19:00:00,97350.4,482.52,0.0,8.4,30000,NORMAL
2024-03-20 20:00:00,97333.4,407.5,0.0,10.0,30000,NORMAL
2024-03-20 21:00:00,97315.7,426.08,0.0,9.5,30000,NORMAL
2024-03-20 22:00:00,97298.0,422.9,0.0,9.6,30000,NORMAL
2024-03-20 23:00:00,97277.6,490.71,0.0,8.3,30000,NORMAL
2024-03-21 00:00:00,97258.0,469.2,0.0,8.6,30000,NORMAL
2024-03-21 01:00:00,97239.9,434.39,0.0,9.3,30000,NORMAL
2024-03-21 02:00:00,97216.9,553.32,0.0,7.3,30000,NORMAL
2024-03-21 03:00:00,97199.0,428.51,0.0,9.5,30000,NORMAL
2024-03-21 04:00:00,97176.4,543.18,0.0,7.5,30000,NORMAL
2024-03-21 05:00:00,97155.2,508.54,0.0,8.0,30000,NORMAL
2024-03-21 06:00:00,97135.1,482.2,0.0,8.4,30000,NORMAL
2024-03-21 07:00:00,97118.0,411.06,0.0,9.8,30000,NORMAL
2024-03-21 08:00:00,97095.9,530.21,0.0,7.6,30000,NORMAL
2024-03-21 09:00:00,97073.0,548.65,0.0,7.4,30000,NORMAL
2024-03-21 10:00:00,97053.8,461.81,0.0,8.8,30000,NORMAL
2024-03-21 11:00:00,97032.5,512.39,0.0,7.9,30000,NORMAL
2024-03-21 12:00:00,97013.5,454.91,0.0,8.9,30000,NORMAL
2024-03-21 13:00:00,96991.6,525.25,0.0,7.7,30000,NORMAL
2024-03-21 14:00:00,96974.8,402.58,0.0,10.0,30000,NORMAL
2024-03-21 15:00:00,96954.0,499.47,0.0,8.1,30000,NORMAL
2024-03-21 16:00:00,96940.5,324.07,0.0,12.5,30000,NORMAL
2024-03-21 17:00:00,96924.2,391.51,0.0,10.3,30000,NORMAL
2024-03-21 18:00:00,96907.7,397.02,0.0,10.2,30000,NORMAL
2024-03-21 19:00:00,96888.9,450.69,0.0,9.0,30000,NORMAL
2024-03-21 20:00:00,96872.0,405.81,0.0,9.9,30000,NORMAL
2024-03-21 21:00:00,96855.1,406.19,0.0,9.9,30000,NORMAL
2024-03-21 22:00:00,96836.7,441.03,0.0,9.1,30000,NORMAL
2024-03-21 23:00:00,96818.2,443.62,0.0,9.1,30000,NORMAL
2024-03-22 00:00:00,96801.8,392.34,0.0,10.3,30000,NORMAL
2024-03-22 01:00:00,96785.9,382.85,0.0,10.5,30000,NORMAL
2024-03-22 02:00:00,96768.9,407.45,0.0,9.9,30000,NORMAL
2024-03-22 03:00:00,96748.1,500.1,0.0,8.1,30000,NORMAL
2024-03-22 04:00:00,96723.8,581.85,0.0,6.9,30000,NORMAL
2024-03-22 05:00:00,96702.0,522.98,0.0,7.7,30000,NORMAL
2024-03-22 06:00:00,96684.0,432.14,0.0,9.3,30000,NORMAL
2024-03-22 07:00:00,96664.4,470.81,0.0,8.6,30000,NORMAL
2024-03-22 08:00:00,96645.7,449.92,0.0,9.0,30000,NORMAL
2024-03-22 09:00:00,96627.2,442.85,0.0,9.1,30000,NORMAL
2024-03-22 10:00:00,96608.2,455.48,0.0,8.8,30000,NORMAL
2024-03-22 11:00:00,96588.9,463.86,0.0,8.7,30000,NORMAL
2024-03-22 12:00:00,96573.8,362.69,0.0,11.1,30000,NORMAL
2024-03-22 13:00:00,96556.3,419.04,0.0,9.6,30000,NORMAL
2024-03-22 14:00:00,96537.7,447.87,0.0,9.0,30000,NORMAL
2024-03-22 15:00:00,96514.0,569.22,0.0,7.1,30000,NORMAL
2024-03-22 16:00:00,96493.9,481.85,0.0,8.3,30000,NORMAL
2024-03-22 17:00:00,96472.8,505.1,0.0,8.0,30000,NORMAL
2024-03-22 18:00:00,96454.3,444.49,0.0,9.0,30000,NORMAL
2024-03-22 19:00:00,96432.6,521.95,0.0,7.7,30000,NORMAL
2024-03-22 20:00:00,96413.2,464.21,0.0,8.7,30000,NORMAL
2024-03-22 21:00:00,96392.8,491.29,0.0,8.2,30000,NORMAL
2024-03-22 22:00:00,96373.6,458.76,0.0,8.8,30000,NORMAL
2024-03-22 23:00:00,96353.7,477.6,0.0,8.4,30000,NORMAL
2024-03-23 00:00:00,96336.0,426.21,0.0,9.4,30000,NORMAL
2024-03-23 01:00:00,96313.4,541.49,0.0,7.4,30000,NORMAL
2024-03-23 02:00:00,96295.7,425.92,0.0,9.4,30000,NORMAL
2024-03-23 03:00:00,96278.9,402.56,0.0,10.0,30000,NORMAL
2024-03-23 04:00:00,96259.8,458.02,0.0,8.8,30000,NORMAL
2024-03-23 05:00:00,96237.2,543.66,0.0,7.4,30000,NORMAL
2024-03-23 06:00:00,96219.8,415.84,0.0,9.6,30000,NORMAL
2024-03-23 07:00:00,96201.5,440.95,0.0,9.1,30000,NORMAL
2024-03-23 08:00:00,96182.2,462.81,0.0,8.7,30000,NORMAL
2024-03-23 09:00:00,96166.2,383.8,0.0,10.4,30000,NORMAL
2024-03-23 10:00:00,96150.3,381.22,0.0,10.5,30000,NORMAL
2024-03-23 11:00:00,96129.2,506.26,0.0,7.9,30000,NORMAL
2024-03-23 12:00:00,96110.3,453.78,0.0,8.8,30000,NORMAL
2024-03-23 13:00:00,96093.8,396.98,0.0,10.1,30000,NORMAL
2024-03-23 14:00:00,96075.7,434.32,0.0,9.2,30000,NORMAL
2024-03-23 15:00:00,96058.1,422.03,0.0,9.5,30000,NORMAL
2024-03-23 16:00:00,96039.3,450.4,0.0,8.9,30000,NORMAL
2024-03-23 17:00:00,96020.2,459.83,0.0,8.7,30000,NORMAL
2024-03-23 18:00:00,96005.9,342.58,0.0,11.7,30000,NORMAL
2024-03-23 19:00:00,95984.4,516.7,0.0,7.7,30000,NORMAL
2024-03-23 20:00:00,95965.5,453.69,0.0,8.8,30000,NORMAL
2024-03-23 21:00:00,95948.0,418.08,0.0,9.6,30000,NORMAL
2024-03-23 22:00:00,95927.4,494.22,0.0,8.1,30000,NORMAL
2024-03-23 23:00:00,95910.8,398.28,0.0,10.0,30000,NORMAL
2024-03-24 00:00:00,95892.8,434.29,0.0,9.2,30000,NORMAL
2024-03-24 01:00:00,95876.5,389.17,0.0,10.3,30000,NORMAL
2024-03-24 02:00:00,95856.2,487.22,0.0,8.2,30000,NORMAL
2024-03-24 03:00:00,95835.0,509.68,0.0,7.8,30000,NORMAL
2024-03-24 04:00:00,95815.5,469.2,0.0,8.5,30000,NORMAL
2024-03-24 05:00:00,95797.1,440.55,0.0,9.1,30000,NORMAL
2024-03-24 06:00:00,95781.0,386.21,0.0,10.3,30000,NORMAL
2024-03-24 07:00:00,95763.2,427.13,0.0,9.3,30000,NORMAL
2024-03-24 08:00:00,95744.0,461.59,0.0,8.6,30000,NORMAL
2024-03-24 09:00:00,95726.4,421.28,0.0,9.5,30000,NORMAL
2024-03-24 10:00:00,95708.6,427.25,0.0,9.3,30000,NORMAL
2024-03-24 11:00:00,95692.2,393.89,0.0,10.1,30000,NORMAL
2024-03-24 12:00:00,95675.0,412.83,0.0,9.7,30000,NORMAL
2024-03-24 13:00:00,95659.3,376.67,0.0,10.6,30000,NORMAL
2024-03-24 14:00:00,95640.0,463.83,0.0,8.6,30000,NORMAL
2024-03-24 15:00:00,95621.1,452.49,0.0,8.8,30000,NORMAL
2024-03-24 16:00:00,95602.2,454.73,0.0,8.8,30000,NORMAL
2024-03-24 17:00:00,95584.2,431.97,0.0,9.2,30000,NORMAL
2024-03-24 18:00:00,95566.7,420.47,0.0,9.5,30000,NORMAL
2024-03-24 19:00:00,95548.5,435.1,0.0,9.1,30000,NORMAL
2024-03-24 20:00:00,95530.7,428.68,0.0,9.3,30000,NORMAL
2024-03-24 21:00:00,95511.6,457.66,0.0,8.7,30000,NORMAL
2024-03-24 22:00:00,95489.0,541.65,0.0,7.3,30000,NORMAL
2024-03-24 23:00:00,95470.7,440.54,0.0,9.0,30000,NORMAL
2024-03-25 00:00:00,95453.2,420.4,0.0,9.5,30000,NORMAL
2024-03-25 01:00:00,95434.9,437.54,0.0,9.1,30000,NORMAL
2024-03-25 02:00:00,95417.2,425.39,0.0,9.3,30000,NORMAL
2024-03-25 03:00:00,95399.5,425.19,0.0,9.3,30000,NORMAL
2024-03-25 04:00:00,95382.0,420.78,0.0,9.4,30000,NORMAL
2024-03-25 05:00:00,95361.8,484.25,0.0,8.2,30000,NORMAL
2024-03-25 06:00:00,95341.6,483.61,0.0,8.2,30000,NORMAL
2024-03-25 07:00:00,95321.0,495.12,0.0,8.0,30000,NORMAL
2024-03-25 08:00:00,95299.9,505.7,0.0,7.9,30000,NORMAL
2024-03-25 09:00:00,95281.9,431.77,0.0,9.2,30000,NORMAL
2024-03-25 10:00:00,95266.5,371.61,0.0,10.7,30000,NORMAL
2024-03-25 11:00:00,95243.6,548.48,0.0,7.2,30000,NORMAL
2024-03-25 12:00:00,95229.6,337.12,0.0,11.8,30000,NORMAL
2024-03-25 13:00:00,95211.5,432.92,0.0,9.2,30000,NORMAL
2024-03-25 14:00:00,95195.7,378.67,0.0,10.5,30000,NORMAL
2024-03-25 15:00:00,95176.1,470.14,0.0,8.4,30000,NORMAL
2024-03-25 16:00:00,95159.4,402.16,0.0,9.9,30000,NORMAL
2024-03-25 17:00:00,95138.3,506.58,0.0,7.8,30000,NORMAL
2024-03-25 18:00:00,95119.1,461.62,0.0,8.6,30000,NORMAL
2024-03-25 19:00:00,95097.2,525.57,0.0,7.5,30000,NORMAL
2024-03-25 20:00:00,95078.2,455.08,0.0,8.7,30000,NORMAL
2024-03-25 21:00:00,95057.0,507.96,0.0,7.8,30000,NORMAL
2024-03-25 22:00:00,95040.5,395.72,0.0,10.0,30000,NORMAL
2024-03-25 23:00:00,95019.7,499.25,0.0,7.9,30000,NORMAL
2024-03-26 00:00:00,95001.3,443.25,0.0,8.9,30000,NORMAL
2024-03-26 01:00:00,94982.0,461.89,0.0,8.6,30000,NORMAL
2024-03-26 02:00:00,94961.3,496.38,0.0,8.0,30000,NORMAL
2024-03-26 03:00:00,94941.8,469.33,0.0,8.4,30000,NORMAL
2024-03-26 04:00:00,94924.7,410.47,0.0,9.6,30000,NORMAL
2024-03-26 05:00:00,94906.9,425.53,0.0,9.3,30000,NORMAL
2024-03-26 06:00:00,94890.4,397.12,0.0,10.0,30000,NORMAL
2024-03-26 07:00:00,94870.2,485.77,0.0,8.1,30000,NORMAL
2024-03-26 08:00:00,94852.1,432.71,0.0,9.1,30000,NORMAL
2024-03-26 09:00:00,94834.3,427.56,0.0,9.2,30000,NORMAL
2024-03-26 10:00:00,94815.1,460.13,0.0,8.6,30000,NORMAL
2024-03-26 11:00:00,94796.9,438.15,0.0,9.0,30000,NORMAL
2024-03-26 12:00:00,94775.7,508.45,0.0,7.8,30000,NORMAL
2024-03-26 13:00:00,94755.3,489.25,0.0,8.1,30000,NORMAL
2024-03-26 14:00:00,94735.1,486.15,0.0,8.1,30000,NORMAL
2024-03-26 15:00:00,94717.2,429.24,0.0,9.2,30000,NORMAL
2024-03-26 16:00:00,94696.9,485.49,0.0,8.1,30000,NORMAL
2024-03-26 17:00:00,94677.2,475.17,0.0,8.3,30000,NORMAL
2024-03-26 18:00:00,94660.9,389.19,0.0,10.1,30000,NORMAL
2024-03-26 19:00:00,94642.7,437.69,0.0,9.0,30000,NORMAL
2024-03-26 20:00:00,94624.3,441.43,0.0,8.9,30000,NORMAL
2024-03-26 21:00:00,94602.4,524.77,0.0,7.5,30000,NORMAL
2024-03-26 22:00:00,94584.6,429.01,0.0,9.2,30000,NORMAL
2024-03-26 23:00:00,94564.8,474.12,0.0,8.3,30000,NORMAL
2024-03-27 00:00:00,94543.3,515.05,0.0,7.6,30000,NORMAL
2024-03-27 01:00:00,94526.5,403.87,0.0,9.8,30000,NORMAL
2024-03-27 02:00:00,94507.2,463.97,0.0,8.5,30000,NORMAL
2024-03-27 03:00:00,94484.2,551.62,0.0,7.1,30000,NORMAL
2024-03-27 04:00:00,94468.7,371.56,0.0,10.6,30000,NORMAL
2024-03-27 05:00:00,94451.2,419.66,0.0,9.4,30000,NORMAL
2024-03-27 06:00:00,94431.9,463.65,0.0,8.5,30000,NORMAL
2024-03-27 07:00:00,94412.4,468.22,0.0,8.4,30000,NORMAL
2024-03-27 08:00:00,94393.3,457.87,0.0,8.6,30000,NORMAL
2024-03-27 09:00:00,94373.4,477.29,0.0,8.2,30000,NORMAL
2024-03-27 10:00:00,94352.1,513.05,0.0,7.7,30000,NORMAL
2024-03-27 11:00:00,94333.2,452.71,0.0,8.7,30000,NORMAL
2024-03-27 12:00:00,94314.6,446.29,0.0,8.8,30000,NORMAL
2024-03-27 13:00:00,94294.6,479.73,0.0,8.2,30000,NORMAL
2024-03-27 14:00:00,94271.7,549.5,0.0,7.1,30000,NORMAL
2024-03-27 15:00:00,94251.7,480.0,0.0,8.2,30000,NORMAL
2024-03-27 16:00:00,94230.8,501.94,0.0,7.8,30000,NORMAL
2024-03-27 17:00:00,94215.3,371.34,0.0,10.6,30000,NORMAL
2024-03-27 18:00:00,94197.0,441.02,0.0,8.9,30000,NORMAL
2024-03-27 19:00:00,94180.7,389.32,0.0,10.1,30000,NORMAL
2024-03-27 20:00:00,94162.0,450.76,0.0,8.7,30000,NORMAL
2024-03-27 21:00:00,94140.2,521.35,0.0,7.5,30000,NORMAL
2024-03-27 22:00:00,94124.2,385.41,0.0,10.2,30000,NORMAL
2024-03-27 23:00:00,94101.8,536.86,0.0,7.3,30000,NORMAL
2024-03-28 00:00:00,100000.0,449.77,26785.5,9.3,30000,SCHEDULED
2024-03-28 01:00:00,99979.1,501.44,0.0,8.3,30000,NORMAL
2024-03-28 02:00:00,99956.2,549.78,0.0,7.6,30000,NORMAL
2024-03-28 03:00:00,99936.2,479.06,0.0,8.7,30000,NORMAL
2024-03-28 04:00:00,99919.3,406.41,0.0,10.2,30000,NORMAL
2024-03-28 05:00:00,99898.4,500.62,0.0,8.3,30000,NORMAL
2024-03-28 06:00:00,99885.3,316.47,0.0,13.2,30000,NORMAL
2024-03-28 07:00:00,99868.4,404.63,0.0,10.3,30000,NORMAL
2024-03-28 08:00:00,99850.9,420.97,0.0,9.9,30000,NORMAL
2024-03-28 09:00:00,99836.5,344.81,0.0,12.1,30000,NORMAL
2024-03-28 10:00:00,99814.2,534.2,0.0,7.8,30000,NORMAL
2024-03-28 11:00:00,99792.7,516.45,0.0,8.1,30000,NORMAL
2024-03-28 12:00:00,99773.0,472.55,0.0,8.8,30000,NORMAL
2024-03-28 13:00:00,99752.2,498.99,0.0,8.3,30000,NORMAL
2024-03-28 14:00:00,99732.7,468.32,0.0,8.9,30000,NORMAL
2024-03-28 15:00:00,99712.2,493.2,0.0,8.4,30000,NORMAL
2024-03-28 16:00:00,99690.8,513.12,0.0,8.1,30000,NORMAL
2024-03-28 17:00:00,99675.1,377.69,0.0,11.0,30000,NORMAL
2024-03-28 18:00:00,99654.4,495.77,0.0,8.4,30000,NORMAL
2024-03-28 19:00:00,99633.3,506.46,0.0,8.2,30000,NORMAL
2024-03-28 20:00:00,99615.8,420.47,0.0,9.9,30000,NORMAL
2024-03-28 21:00:00,99597.5,438.44,0.0,9.5,30000,NORMAL
2024-03-28 22:00:00,99580.4,411.24,0.0,10.1,30000,NORMAL
2024-03-28 23:00:00,99561.0,465.56,0.0,8.9,30000,NORMAL
2024-03-29 00:00:00,99541.4,469.54,0.0,8.8,30000,NORMAL
2024-03-29 01:00:00,99522.3,459.79,0.0,9.0,30000,NORMAL
2024-03-29 02:00:00,99505.1,411.68,0.0,10.1,30000,NORMAL
2024-03-29 03:00:00,99483.5,518.59,0.0,8.0,30000,NORMAL
2024-03-29 04:00:00,99466.0,420.91,0.0,9.8,30000,NORMAL
2024-03-29 05:00:00,99446.1,477.63,0.0,8.7,30000,NORMAL
2024-03-29 06:00:00,99425.7,489.42,0.0,8.5,30000,NORMAL
2024-03-29 07:00:00,99410.5,364.42,0.0,11.4,30000,NORMAL
2024-03-29 08:00:00,99391.0,466.74,0.0,8.9,30000,NORMAL
2024-03-29 09:00:00,99369.7,512.68,0.0,8.1,30000,NORMAL
2024-03-29 10:00:00,99350.9,449.29,0.0,9.2,30000,NORMAL
2024-03-29 11:00:00,99330.3,494.95,0.0,8.4,30000,NORMAL
2024-03-29 12:00:00,99313.0,416.1,0.0,9.9,30000,NORMAL
2024-03-29 13:00:00,99292.0,502.71,0.0,8.2,30000,NORMAL
2024-03-29 14:00:00,99275.7,393.15,0.0,10.5,30000,NORMAL
2024-03-29 15:00:00,99257.0,448.91,0.0,9.2,30000,NORMAL
2024-03-29 16:00:00,99235.6,511.75,0.0,8.1,30000,NORMAL
2024-03-29 17:00:00,99214.4,508.98,0.0,8.1,30000,NORMAL
2024-03-29 18:00:00,99198.4,385.01,0.0,10.7,30000,NORMAL
2024-03-29 19:00:00,99180.1,439.3,0.0,9.4,30000,NORMAL
2024-03-29 20:00:00,99162.6,420.03,0.0,9.8,30000,NORMAL
2024-03-29 21:00:00,99141.4,508.99,0.0,8.1,30000,NORMAL
2024-03-29 22:00:00,99122.8,446.28,0.0,9.3,30000,NORMAL
2024-03-29 23:00:00,99103.7,457.41,0.0,9.0,30000,NORMAL
2024-03-30 00:00:00,99084.0,474.09,0.0,8.7,30000,NORMAL
2024-03-30 01:00:00,99067.7,389.31,0.0,10.6,30000,NORMAL
2024-03-30 02:00:00,99048.4,464.95,0.0,8.9,30000,NORMAL
2024-03-30 03:00:00,99031.7,399.49,0.0,10.3,30000,NORMAL
2024-03-30 04:00:00,99014.0,425.51,0.0,9.7,30000,NORMAL
2024-03-30 05:00:00,98996.2,427.83,0.0,9.6,30000,NORMAL
2024-03-30 06:00:00,98976.4,474.2,0.0,8.7,30000,NORMAL
2024-03-30 07:00:00,98959.3,410.36,0.0,10.0,30000,NORMAL
2024-03-30 08:00:00,98941.5,426.27,0.0,9.7,30000,NORMAL
2024-03-30 09:00:00,98922.1,466.2,0.0,8.8,30000,NORMAL
2024-03-30 10:00:00,98900.5,519.27,0.0,7.9,30000,NORMAL
2024-03-30 11:00:00,98880.8,471.88,0.0,8.7,30000,NORMAL
2024-03-30 12:00:00,98859.7,506.53,0.0,8.1,30000,NORMAL
2024-03-30 13:00:00,98845.4,343.8,0.0,12.0,30000,NORMAL
2024-03-30 14:00:00,98823.7,521.76,0.0,7.9,30000,NORMAL
2024-03-30 15:00:00,98806.7,407.13,0.0,10.1,30000,NORMAL
2024-03-30 16:00:00,98789.2,419.56,0.0,9.8,30000,NORMAL
2024-03-30 17:00:00,98766.4,547.07,0.0,7.5,30000,NORMAL
2024-03-30 18:00:00,98747.3,458.52,0.0,9.0,30000,NORMAL
2024-03-30 19:00:00,98730.1,412.51,0.0,10.0,30000,NORMAL
2024-03-30 20:00:00,98712.6,419.41,0.0,9.8,30000,NORMAL
2024-03-30 21:00:00,98696.8,380.84,0.0,10.8,30000,NORMAL
2024-03-30 22:00:00,98678.0,450.73,0.0,9.1,30000,NORMAL
2024-03-30 23:00:00,98659.9,433.2,0.0,9.5,30000,NORMAL
2024-03-31 00:00:00,98639.8,483.47,0.0,8.5,30000,NORMAL
