timestamp,equipment_id,equipment_type,runtime_hours,temperature_c,vibration_mm_s,power_kw,pressure,health_score,anomaly,failure_risk
2024-01-01 00:00:00,EQ_M001,Compressor,10261.7,27.0,7.41,27.1,6.1,20.0,1,100.0
2024-01-01 00:00:00,EQ_M002,Water Pump,11996.7,30.9,8.0,17.17,2.95,20.0,1,100.0
2024-01-01 00:00:00,EQ_M003,Air Handler,9428.8,24.7,7.15,13.29,2.66,23.2,1,100.0
2024-01-01 00:00:00,EQ_B001,Compressor,6548.4,25.7,3.74,26.31,6.24,69.4,0,60.6
2024-01-01 00:00:00,EQ_B002,Water Pump,9006.6,23.6,6.66,15.03,3.31,29.9,1,100.0
2024-01-01 01:00:00,EQ_M001,Compressor,10262.4,25.1,7.97,23.72,6.59,20.0,1,100.0
2024-01-01 01:00:00,EQ_M002,Water Pump,11997.3,27.6,8.0,14.37,3.23,20.0,1,100.0
2024-01-01 01:00:00,EQ_M003,Air Handler,9429.6,24.1,7.33,13.81,3.21,22.6,1,100.0
2024-01-01 01:00:00,EQ_B001,Compressor,6549.0,25.4,3.76,24.4,6.33,69.3,0,60.7
2024-01-01 01:00:00,EQ_B002,Water Pump,9007.5,24.7,6.68,13.65,3.29,29.9,1,100.0
2024-01-01 02:00:00,EQ_M001,Compressor,10263.1,25.8,8.0,22.85,6.82,20.0,1,100.0
2024-01-01 02:00:00,EQ_M002,Water Pump,11998.1,29.0,8.0,13.68,2.74,20.0,1,100.0
2024-01-01 02:00:00,EQ_M003,Air Handler,9430.3,23.8,6.79,15.56,3.05,24.3,1,100.0
2024-01-01 02:00:00,EQ_B001,Compressor,6550.0,23.6,4.01,20.94,6.25,68.6,0,61.4
2024-01-01 02:00:00,EQ_B002,Water Pump,9008.4,24.2,6.38,13.77,3.04,30.8,1,99.2
2024-01-01 03:00:00,EQ_M001,Compressor,10263.8,23.3,7.3,19.97,6.57,20.0,1,100.0
2024-01-01 03:00:00,EQ_M002,Water Pump,11998.8,28.5,8.0,16.56,2.84,20.0,1,100.0
2024-01-01 03:00:00,EQ_M003,Air Handler,9431.1,24.2,7.08,11.93,2.89,23.4,1,100.0
2024-01-01 03:00:00,EQ_B001,Compressor,6550.7,25.5,3.8,21.41,6.54,69.2,0,60.8
2024-01-01 03:00:00,EQ_B002,Water Pump,9009.1,26.3,6.62,15.15,3.29,30.0,1,100.0
2024-01-01 04:00:00,EQ_M001,Compressor,10264.8,25.3,7.55,21.61,6.46,20.0,1,100.0
2024-01-01 04:00:00,EQ_M002,Water Pump,11999.6,28.0,8.0,14.43,2.95,20.0,1,100.0
2024-01-01 04:00:00,EQ_M003,Air Handler,9431.6,24.3,6.81,14.69,2.94,24.2,1,100.0
2024-01-01 04:00:00,EQ_B001,Compressor,6551.3,24.6,3.81,19.04,6.72,69.2,0,60.8
2024-01-01 04:00:00,EQ_B002,Water Pump,9009.8,25.0,7.0,14.36,3.03,28.9,1,100.0
2024-01-01 05:00:00,EQ_M001,Compressor,10265.6,23.5,7.5,23.18,6.28,20.0,1,100.0
2024-01-01 05:00:00,EQ_M002,Water Pump,12000.6,28.8,8.0,17.03,3.37,20.0,1,100.0
2024-01-01 05:00:00,EQ_M003,Air Handler,9432.2,25.0,7.13,15.9,3.23,23.2,1,100.0
2024-01-01 05:00:00,EQ_B001,Compressor,6551.9,24.4,3.99,21.19,6.72,68.6,0,61.4
2024-01-01 05:00:00,EQ_B002,Water Pump,9010.6,25.1,6.46,16.61,3.25,30.5,1,99.5
2024-01-01 06:00:00,EQ_M001,Compressor,10266.3,25.8,8.0,22.54,6.64,20.0,1,100.0
2024-01-01 06:00:00,EQ_M002,Water Pump,12001.4,28.8,8.0,13.11,3.26,20.0,1,100.0
2024-01-01 06:00:00,EQ_M003,Air Handler,9433.1,25.2,7.04,14.72,3.01,23.5,1,100.0
2024-01-01 06:00:00,EQ_B001,Compressor,6552.4,24.3,4.13,23.43,6.59,68.2,0,61.8
2024-01-01 06:00:00,EQ_B002,Water Pump,9011.1,25.8,7.0,17.05,2.85,28.9,1,100.0
2024-01-01 07:00:00,EQ_M001,Compressor,10267.0,24.4,7.14,21.78,6.69,20.0,1,100.0
2024-01-01 07:00:00,EQ_M002,Water Pump,12002.0,29.5,8.0,15.17,3.11,20.0,1,100.0
2024-01-01 07:00:00,EQ_M003,Air Handler,9433.9,25.3,7.17,16.25,3.05,23.1,1,100.0
2024-01-01 07:00:00,EQ_B001,Compressor,6553.4,23.1,4.0,22.53,6.98,68.6,0,61.4
2024-01-01 07:00:00,EQ_B002,Water Pump,9011.9,23.5,5.9,15.2,2.88,32.1,1,97.9
2024-01-01 08:00:00,EQ_M001,Compressor,10267.7,24.7,8.0,23.46,6.43,20.0,1,100.0
2024-01-01 08:00:00,EQ_M002,Water Pump,12002.6,28.1,8.0,15.87,3.07,20.0,1,100.0
2024-01-01 08:00:00,EQ_M003,Air Handler,9434.4,25.5,6.62,11.74,2.88,24.7,1,100.0
2024-01-01 08:00:00,EQ_B001,Compressor,6554.2,24.4,3.49,24.04,7.03,70.1,0,59.9
2024-01-01 08:00:00,EQ_B002,Water Pump,9012.6,24.6,6.35,15.21,3.29,30.8,1,99.2
2024-01-01 09:00:00,EQ_M001,Compressor,10268.7,24.1,7.3,21.24,6.3,20.0,1,100.0
2024-01-01 09:00:00,EQ_M002,Water Pump,12003.3,29.0,8.0,13.3,3.01,20.0,1,100.0
2024-01-01 09:00:00,EQ_M003,Air Handler,9435.2,24.2,7.24,16.36,2.96,22.8,1,100.0
2024-01-01 09:00:00,EQ_B001,Compressor,6554.8,24.0,4.32,25.78,6.15,67.6,0,62.4
2024-01-01 09:00:00,EQ_B002,Water Pump,9013.1,24.8,7.13,13.38,3.01,28.4,1,100.0
2024-01-01 10:00:00,EQ_M001,Compressor,10269.3,25.2,7.44,20.92,6.58,20.0,1,100.0
2024-01-01 10:00:00,EQ_M002,Water Pump,12004.1,26.9,8.0,13.84,2.69,20.0,1,100.0
2024-01-01 10:00:00,EQ_M003,Air Handler,9436.1,24.5,7.18,15.09,3.14,23.0,1,100.0
2024-01-01 10:00:00,EQ_B001,Compressor,6555.5,23.6,3.89,24.16,6.44,68.9,0,61.1
2024-01-01 10:00:00,EQ_B002,Water Pump,9013.8,24.5,7.0,13.12,3.08,28.8,1,100.0
2024-01-01 11:00:00,EQ_M001,Compressor,10270.0,25.4,8.0,23.01,6.71,20.0,1,100.0
2024-01-01 11:00:00,EQ_M002,Water Pump,12004.7,26.7,8.0,17.56,2.91,20.0,1,100.0
2024-01-01 11:00:00,EQ_M003,Air Handler,9437.0,24.3,7.55,13.75,3.12,21.9,1,100.0
2024-01-01 11:00:00,EQ_B001,Compressor,6556.2,24.1,3.91,22.48,6.52,68.8,0,61.2
2024-01-01 11:00:00,EQ_B002,Water Pump,9014.4,24.0,6.73,14.51,2.98,29.6,1,100.0
2024-01-01 12:00:00,EQ_M001,Compressor,10270.7,24.8,7.75,26.15,6.25,20.0,1,100.0
2024-01-01 12:00:00,EQ_M002,Water Pump,12005.4,29.1,8.0,14.7,2.73,20.0,1,100.0
2024-01-01 12:00:00,EQ_M003,Air Handler,9437.7,25.5,7.13,15.86,3.07,23.1,1,100.0
2024-01-01 12:00:00,EQ_B001,Compressor,6556.8,24.5,4.43,24.02,6.08,67.2,0,62.8
2024-01-01 12:00:00,EQ_B002,Water Pump,9015.2,24.9,6.28,14.91,3.0,31.0,1,99.0
2024-01-01 13:00:00,EQ_M001,Compressor,10271.5,25.7,8.0,19.31,6.5,20.0,1,100.0
2024-01-01 13:00:00,EQ_M002,Water Pump,12006.1,30.0,8.0,17.09,3.22,20.0,1,100.0
2024-01-01 13:00:00,EQ_M003,Air Handler,9438.4,24.7,7.11,14.78,2.75,23.2,1,100.0
2024-01-01 13:00:00,EQ_B001,Compressor,6557.4,24.7,4.19,23.48,6.35,68.0,0,62.0
2024-01-01 13:00:00,EQ_B002,Water Pump,9016.1,26.2,6.4,15.38,2.93,30.6,1,99.4
2024-01-01 14:00:00,EQ_M001,Compressor,10272.2,26.0,7.51,19.08,6.79,20.0,1,100.0
2024-01-01 14:00:00,EQ_M002,Water Pump,12006.8,30.6,8.0,11.67,2.89,20.0,1,100.0
2024-01-01 14:00:00,EQ_M003,Air Handler,9439.2,24.6,7.11,14.99,3.04,23.2,1,100.0
2024-01-01 14:00:00,EQ_B001,Compressor,6558.0,25.4,3.94,22.93,6.43,68.7,0,61.3
2024-01-01 14:00:00,EQ_B002,Water Pump,9016.8,24.5,6.55,15.35,3.01,30.1,1,99.9
2024-01-01 15:00:00,EQ_M001,Compressor,10273.1,25.0,7.69,26.62,6.57,20.0,1,100.0
2024-01-01 15:00:00,EQ_M002,Water Pump,12007.7,28.8,8.0,16.04,3.34,20.0,1,100.0
2024-01-01 15:00:00,EQ_M003,Air Handler,9439.8,24.7,6.87,15.97,2.96,23.9,1,100.0
2024-01-01 15:00:00,EQ_B001,Compressor,6559.0,24.9,4.35,23.85,6.09,67.5,0,62.5
2024-01-01 15:00:00,EQ_B002,Water Pump,9017.7,24.4,6.41,13.17,2.89,30.5,1,99.5
2024-01-01 16:00:00,EQ_M001,Compressor,10273.8,26.0,8.0,22.38,6.17,20.0,1,100.0
2024-01-01 16:00:00,EQ_M002,Water Pump,12008.3,28.4,8.0,14.49,2.43,20.0,1,100.0
2024-01-01 16:00:00,EQ_M003,Air Handler,9440.3,23.8,6.58,14.6,2.9,24.8,1,100.0
2024-01-01 16:00:00,EQ_B001,Compressor,6559.7,24.8,3.77,24.69,6.15,69.2,0,60.8
2024-01-01 16:00:00,EQ_B002,Water Pump,9018.6,23.5,6.68,14.13,2.96,29.7,1,100.0
2024-01-01 17:00:00,EQ_M001,Compressor,10274.4,26.8,8.0,19.9,6.83,20.0,1,100.0
2024-01-01 17:00:00,EQ_M002,Water Pump,12009.1,28.4,8.0,13.17,2.8,20.0,1,100.0
2024-01-01 17:00:00,EQ_M003,Air Handler,9440.9,24.7,6.6,15.08,3.17,24.7,1,100.0
2024-01-01 17:00:00,EQ_B001,Compressor,6560.6,26.0,3.74,22.99,6.29,69.3,0,60.7
2024-01-01 17:00:00,EQ_B002,Water Pump,9019.4,23.9,6.97,14.61,2.99,28.8,1,100.0
2024-01-01 18:00:00,EQ_M001,Compressor,10275.2,26.7,7.77,20.75,6.41,20.0,1,100.0
2024-01-01 18:00:00,EQ_M002,Water Pump,12009.7,28.5,8.0,13.8,2.95,20.0,1,100.0
2024-01-01 18:00:00,EQ_M003,Air Handler,9441.7,24.3,7.25,15.67,3.15,22.7,1,100.0
2024-01-01 18:00:00,EQ_B001,Compressor,6561.1,24.3,3.76,23.12,6.66,69.2,0,60.8
2024-01-01 18:00:00,EQ_B002,Water Pump,9020.2,24.7,6.95,13.22,2.8,28.9,1,100.0
2024-01-01 19:00:00,EQ_M001,Compressor,10276.0,26.3,8.0,21.71,6.12,20.0,1,100.0
2024-01-01 19:00:00,EQ_M002,Water Pump,12010.3,30.2,8.0,15.83,3.06,20.0,1,100.0
2024-01-01 19:00:00,EQ_M003,Air Handler,9442.5,24.0,6.55,14.67,2.78,24.8,1,100.0
2024-01-01 19:00:00,EQ_B001,Compressor,6561.8,25.4,4.18,23.56,7.0,67.9,0,62.1
2024-01-01 19:00:00,EQ_B002,Water Pump,9021.1,25.4,6.76,17.47,3.07,29.4,1,100.0
2024-01-01 20:00:00,EQ_M001,Compressor,10277.0,23.4,8.0,20.7,6.29,20.0,1,100.0
2024-01-01 20:00:00,EQ_M002,Water Pump,12011.0,26.4,8.0,13.79,2.92,20.0,1,100.0
2024-01-01 20:00:00,EQ_M003,Air Handler,9443.3,25.0,6.54,15.15,3.06,24.8,1,100.0
2024-01-01 20:00:00,EQ_B001,Compressor,6562.4,25.2,3.91,23.56,6.77,68.7,0,61.3
2024-01-01 20:00:00,EQ_B002,Water Pump,9021.7,26.1,6.59,13.75,2.84,30.0,1,100.0
2024-01-01 21:00:00,EQ_M001,Compressor,10277.6,25.7,7.38,22.92,6.62,20.0,1,100.0
2024-01-01 21:00:00,EQ_M002,Water Pump,12011.7,27.0,8.0,14.54,3.23,20.0,1,100.0
2024-01-01 21:00:00,EQ_M003,Air Handler,9443.9,23.8,6.68,13.44,2.83,24.4,1,100.0
2024-01-01 21:00:00,EQ_B001,Compressor,6563.1,24.5,4.33,21.23,6.66,67.5,0,62.5
2024-01-01 21:00:00,EQ_B002,Water Pump,9022.4,25.2,6.78,15.59,2.92,29.4,1,100.0
2024-01-01 22:00:00,EQ_M001,Compressor,10278.3,24.9,7.98,20.89,6.81,20.0,1,100.0
2024-01-01 22:00:00,EQ_M002,Water Pump,12012.3,29.1,8.0,17.09,2.93,20.0,1,100.0
2024-01-01 22:00:00,EQ_M003,Air Handler,9444.5,25.7,6.72,14.68,3.19,24.3,1,100.0
2024-01-01 22:00:00,EQ_B001,Compressor,6563.7,24.6,4.44,21.91,6.65,67.1,0,62.9
2024-01-01 22:00:00,EQ_B002,Water Pump,9023.1,25.6,6.39,18.24,3.1,30.6,1,99.4
2024-01-01 23:00:00,EQ_M001,Compressor,10279.2,24.7,7.61,17.29,6.79,20.0,1,100.0
2024-01-01 23:00:00,EQ_M002,Water Pump,12013.3,28.3,8.0,16.09,3.12,20.0,1,100.0
2024-01-01 23:00:00,EQ_M003,Air Handler,9445.4,25.3,6.87,13.16,2.91,23.8,1,100.0
2024-01-01 23:00:00,EQ_B001,Compressor,6564.4,24.1,4.02,20.37,6.48,68.4,0,61.6
2024-01-01 23:00:00,EQ_B002,Water Pump,9023.6,26.7,6.58,12.76,3.11,30.0,1,100.0
2024-01-02 00:00:00,EQ_M001,Compressor,10279.7,24.6,7.68,22.83,6.12,20.0,1,100.0
2024-01-02 00:00:00,EQ_M002,Water Pump,12014.2,27.0,8.0,14.27,2.85,20.0,1,100.0
2024-01-02 00:00:00,EQ_M003,Air Handler,9445.9,23.9,6.82,13.98,3.03,24.0,1,100.0
2024-01-02 00:00:00,EQ_B001,Compressor,6565.1,24.9,3.71,21.91,6.04,69.3,0,60.7
2024-01-02 00:00:00,EQ_B002,Water Pump,9024.5,23.2,6.39,13.19,2.99,30.5,1,99.5
2024-01-02 01:00:00,EQ_M001,Compressor,10280.3,23.3,7.5,22.08,6.31,20.0,1,100.0
2024-01-02 01:00:00,EQ_M002,Water Pump,12015.0,29.1,8.0,17.63,2.76,20.0,1,100.0
2024-01-02 01:00:00,EQ_M003,Air Handler,9446.5,23.8,6.96,16.3,2.91,23.5,1,100.0
2024-01-02 01:00:00,EQ_B001,Compressor,6565.8,25.7,4.55,22.65,6.18,66.8,0,63.2
2024-01-02 01:00:00,EQ_B002,Water Pump,9025.1,22.5,6.68,15.93,2.86,29.6,1,100.0
2024-01-02 02:00:00,EQ_M001,Compressor,10281.0,25.0,7.38,23.51,6.43,20.0,1,100.0
2024-01-02 02:00:00,EQ_M002,Water Pump,12016.0,27.2,8.0,16.01,2.67,20.0,1,100.0
2024-01-02 02:00:00,EQ_M003,Air Handler,9447.3,25.5,6.83,14.37,3.16,23.9,1,100.0
2024-01-02 02:00:00,EQ_B001,Compressor,6566.3,23.1,3.38,23.23,6.54,70.3,0,59.7
2024-01-02 02:00:00,EQ_B002,Water Pump,9026.0,23.6,6.5,17.01,2.89,30.2,1,99.8
2024-01-02 03:00:00,EQ_M001,Compressor,10281.8,24.9,7.76,20.25,6.29,20.0,1,100.0
2024-01-02 03:00:00,EQ_M002,Water Pump,12016.6,28.0,8.0,17.54,3.22,20.0,1,100.0
2024-01-02 03:00:00,EQ_M003,Air Handler,9448.3,24.0,6.58,13.7,2.78,24.7,1,100.0
2024-01-02 03:00:00,EQ_B001,Compressor,6567.2,24.6,3.95,20.75,6.59,68.6,0,61.4
2024-01-02 03:00:00,EQ_B002,Water Pump,9026.7,24.1,6.62,13.94,3.16,29.8,1,100.0
2024-01-02 04:00:00,EQ_M001,Compressor,10282.7,25.2,7.94,25.16,6.41,20.0,1,100.0
2024-01-02 04:00:00,EQ_M002,Water Pump,12017.4,26.0,8.0,14.01,2.9,20.0,1,100.0
2024-01-02 04:00:00,EQ_M003,Air Handler,9449.1,24.6,7.12,16.12,3.23,23.0,1,100.0
2024-01-02 04:00:00,EQ_B001,Compressor,6568.0,24.5,4.14,21.77,6.58,68.0,0,62.0
2024-01-02 04:00:00,EQ_B002,Water Pump,9027.3,26.5,6.56,13.37,2.76,30.0,1,100.0
2024-01-02 05:00:00,EQ_M001,Compressor,10283.7,24.4,7.72,24.14,6.83,20.0,1,100.0
2024-01-02 05:00:00,EQ_M002,Water Pump,12018.3,29.3,8.0,16.64,2.97,20.0,1,100.0
2024-01-02 05:00:00,EQ_M003,Air Handler,9449.8,24.0,7.04,14.41,3.04,23.2,1,100.0
2024-01-02 05:00:00,EQ_B001,Compressor,6568.8,22.4,4.33,21.09,6.64,67.4,0,62.6
2024-01-02 05:00:00,EQ_B002,Water Pump,9027.9,24.8,6.33,14.15,2.9,30.7,1,99.3
2024-01-02 06:00:00,EQ_M001,Compressor,10284.5,25.2,7.65,19.67,6.82,20.0,1,100.0
2024-01-02 06:00:00,EQ_M002,Water Pump,12019.2,28.5,8.0,14.49,3.09,20.0,1,100.0
2024-01-02 06:00:00,EQ_M003,Air Handler,9450.4,23.6,7.43,15.0,3.13,22.1,1,100.0
2024-01-02 06:00:00,EQ_B001,Compressor,6569.6,24.9,4.24,20.38,6.47,67.7,0,62.3
2024-01-02 06:00:00,EQ_B002,Water Pump,9028.7,26.4,6.27,15.56,2.78,30.8,1,99.2
2024-01-02 07:00:00,EQ_M001,Compressor,10285.5,24.3,7.89,23.66,6.4,20.0,1,100.0
2024-01-02 07:00:00,EQ_M002,Water Pump,12019.7,27.0,8.0,13.25,2.91,20.0,1,100.0
2024-01-02 07:00:00,EQ_M003,Air Handler,9451.0,24.0,7.31,15.07,3.19,22.4,1,100.0
2024-01-02 07:00:00,EQ_B001,Compressor,6570.4,24.7,4.15,20.75,6.6,67.9,0,62.1
2024-01-02 07:00:00,EQ_B002,Water Pump,9029.4,25.5,6.73,16.1,3.21,29.4,1,100.0
2024-01-02 08:00:00,EQ_M001,Compressor,10286.1,27.1,7.56,20.4,6.9,20.0,1,100.0
2024-01-02 08:00:00,EQ_M002,Water Pump,12020.5,29.1,8.0,18.49,2.91,20.0,1,100.0
2024-01-02 08:00:00,EQ_M003,Air Handler,9451.5,24.8,7.41,15.64,2.99,22.1,1,100.0
2024-01-02 08:00:00,EQ_B001,Compressor,6571.1,25.2,3.87,21.75,6.07,68.7,0,61.3
2024-01-02 08:00:00,EQ_B002,Water Pump,9030.3,24.5,6.87,18.08,2.88,29.0,1,100.0
2024-01-02 09:00:00,EQ_M001,Compressor,10287.0,25.5,8.0,23.61,6.04,20.0,1,100.0
2024-01-02 09:00:00,EQ_M002,Water Pump,12021.2,29.3,8.0,11.39,3.21,20.0,1,100.0
2024-01-02 09:00:00,EQ_M003,Air Handler,9452.1,24.6,6.53,13.99,2.65,24.8,1,100.0
2024-01-02 09:00:00,EQ_B001,Compressor,6572.0,24.6,4.49,24.11,6.04,66.9,0,63.1
2024-01-02 09:00:00,EQ_B002,Water Pump,9031.1,23.7,6.58,14.66,2.99,29.9,1,100.0
2024-01-02 10:00:00,EQ_M001,Compressor,10287.9,25.3,7.87,24.99,6.71,20.0,1,100.0
2024-01-02 10:00:00,EQ_M002,Water Pump,12022.1,28.6,8.0,11.21,3.09,20.0,1,100.0
2024-01-02 10:00:00,EQ_M003,Air Handler,9453.1,23.5,7.17,15.82,3.05,22.8,1,100.0
2024-01-02 10:00:00,EQ_B001,Compressor,6572.6,26.4,4.11,19.55,6.65,68.0,0,62.0
2024-01-02 10:00:00,EQ_B002,Water Pump,9031.7,24.5,6.51,14.31,3.1,30.1,1,99.9
2024-01-02 11:00:00,EQ_M001,Compressor,10288.7,22.4,7.46,21.48,5.94,20.0,1,100.0
2024-01-02 11:00:00,EQ_M002,Water Pump,12022.9,30.2,8.0,16.09,2.94,20.0,1,100.0
2024-01-02 11:00:00,EQ_M003,Air Handler,9453.6,23.9,6.98,14.77,2.96,23.4,1,100.0
2024-01-02 11:00:00,EQ_B001,Compressor,6573.1,24.7,3.99,24.46,6.73,68.4,0,61.6
2024-01-02 11:00:00,EQ_B002,Water Pump,9032.3,24.7,6.34,16.05,3.3,30.6,1,99.4
2024-01-02 12:00:00,EQ_M001,Compressor,10289.4,24.3,7.67,21.41,6.29,20.0,1,100.0
2024-01-02 12:00:00,EQ_M002,Water Pump,12023.5,27.3,8.0,15.3,3.11,20.0,1,100.0
2024-01-02 12:00:00,EQ_M003,Air Handler,9454.5,22.5,6.75,12.16,3.08,24.1,1,100.0
2024-01-02 12:00:00,EQ_B001,Compressor,6573.7,25.7,4.39,23.27,5.52,67.2,0,62.8
2024-01-02 12:00:00,EQ_B002,Water Pump,9033.0,25.6,6.38,16.04,3.15,30.5,1,99.5
2024-01-02 13:00:00,EQ_M001,Compressor,10289.9,24.2,7.66,19.62,6.01,20.0,1,100.0
2024-01-02 13:00:00,EQ_M002,Water Pump,12024.0,28.3,8.0,13.51,2.91,20.0,1,100.0
2024-01-02 13:00:00,EQ_M003,Air Handler,9455.3,23.6,6.88,13.35,2.59,23.7,1,100.0
2024-01-02 13:00:00,EQ_B001,Compressor,6574.5,25.5,4.48,27.6,6.34,66.9,0,63.1
2024-01-02 13:00:00,EQ_B002,Water Pump,9033.7,23.2,6.49,13.73,2.96,30.1,1,99.9
2024-01-02 14:00:00,EQ_M001,Compressor,10290.5,24.9,8.0,21.32,6.91,20.0,1,100.0
2024-01-02 14:00:00,EQ_M002,Water Pump,12024.8,29.5,8.0,12.88,3.14,20.0,1,100.0
2024-01-02 14:00:00,EQ_M003,Air Handler,9456.1,23.4,7.38,15.57,2.8,22.2,1,100.0
2024-01-02 14:00:00,EQ_B001,Compressor,6575.4,23.7,4.05,18.51,6.77,68.2,0,61.8
2024-01-02 14:00:00,EQ_B002,Water Pump,9034.3,25.0,6.63,11.7,2.94,29.7,1,100.0
2024-01-02 15:00:00,EQ_M001,Compressor,10291.4,25.8,7.86,21.28,6.22,20.0,1,100.0
2024-01-02 15:00:00,EQ_M002,Water Pump,12025.3,28.8,8.0,13.17,3.04,20.0,1,100.0
2024-01-02 15:00:00,EQ_M003,Air Handler,9456.7,25.5,7.04,15.65,3.04,23.2,1,100.0
2024-01-02 15:00:00,EQ_B001,Compressor,6576.0,24.5,4.43,26.29,6.48,67.0,0,63.0
2024-01-02 15:00:00,EQ_B002,Water Pump,9034.9,25.9,6.83,15.27,2.81,29.1,1,100.0
2024-01-02 16:00:00,EQ_M001,Compressor,10292.1,24.8,7.51,18.0,6.65,20.0,1,100.0
2024-01-02 16:00:00,EQ_M002,Water Pump,12026.2,28.9,8.0,16.21,3.1,20.0,1,100.0
2024-01-02 16:00:00,EQ_M003,Air Handler,9457.5,23.5,6.89,13.41,2.61,23.6,1,100.0
2024-01-02 16:00:00,EQ_B001,Compressor,6576.8,24.4,3.99,22.36,5.99,68.3,0,61.7
2024-01-02 16:00:00,EQ_B002,Water Pump,9035.8,23.8,7.12,13.44,3.28,28.2,1,100.0
2024-01-02 17:00:00,EQ_M001,Compressor,10292.7,25.7,7.83,19.23,6.54,20.0,1,100.0
2024-01-02 17:00:00,EQ_M002,Water Pump,12027.1,28.7,8.0,14.03,2.93,20.0,1,100.0
2024-01-02 17:00:00,EQ_M003,Air Handler,9458.4,24.4,6.4,16.49,3.12,25.1,1,100.0
2024-01-02 17:00:00,EQ_B001,Compressor,6577.4,24.4,4.13,23.9,6.42,67.9,0,62.1
2024-01-02 17:00:00,EQ_B002,Water Pump,9036.5,24.8,6.37,14.46,3.01,30.4,1,99.6
2024-01-02 18:00:00,EQ_M001,Compressor,10293.2,25.5,8.0,20.68,6.47,20.0,1,100.0
2024-01-02 18:00:00,EQ_M002,Water Pump,12027.7,27.8,8.0,13.62,3.15,20.0,1,100.0
2024-01-02 18:00:00,EQ_M003,Air Handler,9459.4,23.6,6.56,16.24,3.11,24.6,1,100.0
2024-01-02 18:00:00,EQ_B001,Compressor,6578.1,23.5,4.06,21.4,6.54,68.1,0,61.9
2024-01-02 18:00:00,EQ_B002,Water Pump,9037.2,24.2,6.71,13.99,2.86,29.4,1,100.0
2024-01-02 19:00:00,EQ_M001,Compressor,10293.9,25.6,7.56,24.97,5.66,20.0,1,100.0
2024-01-02 19:00:00,EQ_M002,Water Pump,12028.6,28.5,8.0,14.49,3.18,20.0,1,100.0
2024-01-02 19:00:00,EQ_M003,Air Handler,9460.4,25.1,7.18,16.33,3.3,22.7,1,100.0
2024-01-02 19:00:00,EQ_B001,Compressor,6578.8,25.8,3.79,23.12,6.51,68.9,0,61.1
2024-01-02 19:00:00,EQ_B002,Water Pump,9037.8,23.4,6.63,16.04,3.08,29.6,1,100.0
2024-01-02 20:00:00,EQ_M001,Compressor,10294.8,24.7,7.65,20.74,6.76,20.0,1,100.0
2024-01-02 20:00:00,EQ_M002,Water Pump,12029.3,30.6,8.0,13.45,3.09,20.0,1,100.0
2024-01-02 20:00:00,EQ_M003,Air Handler,9461.2,24.4,6.38,15.22,3.03,25.1,1,100.0
2024-01-02 20:00:00,EQ_B001,Compressor,6579.5,26.6,4.26,21.44,6.51,67.5,0,62.5
2024-01-02 20:00:00,EQ_B002,Water Pump,9038.7,24.1,6.38,12.56,3.22,30.4,1,99.6
2024-01-02 21:00:00,EQ_M001,Compressor,10295.4,24.3,8.0,21.36,6.55,20.0,1,100.0
2024-01-02 21:00:00,EQ_M002,Water Pump,12030.1,28.8,8.0,14.88,3.02,20.0,1,100.0
2024-01-02 21:00:00,EQ_M003,Air Handler,9462.0,23.3,6.42,13.85,2.8,25.0,1,100.0
2024-01-02 21:00:00,EQ_B001,Compressor,6580.1,24.4,4.42,21.2,6.45,67.0,0,63.0
2024-01-02 21:00:00,EQ_B002,Water Pump,9039.4,23.3,5.77,17.42,3.18,32.2,1,97.8
2024-01-02 22:00:00,EQ_M001,Compressor,10296.3,24.4,7.97,22.84,6.53,20.0,1,100.0
2024-01-02 22:00:00,EQ_M002,Water Pump,12031.0,27.0,8.0,13.05,2.93,20.0,1,100.0
2024-01-02 22:00:00,EQ_M003,Air Handler,9462.9,26.0,7.11,14.33,2.95,22.9,1,100.0
2024-01-02 22:00:00,EQ_B001,Compressor,6580.9,27.0,4.24,21.91,6.08,67.5,0,62.5
2024-01-02 22:00:00,EQ_B002,Water Pump,9040.1,24.2,6.55,16.43,2.72,29.8,1,100.0
2024-01-02 23:00:00,EQ_M001,Compressor,10297.0,25.7,7.57,18.29,6.3,20.0,1,100.0
2024-01-02 23:00:00,EQ_M002,Water Pump,12031.6,29.9,8.0,14.09,3.22,20.0,1,100.0
2024-01-02 23:00:00,EQ_M003,Air Handler,9463.7,23.2,6.65,13.3,2.58,24.3,1,100.0
2024-01-02 23:00:00,EQ_B001,Compressor,6581.8,25.0,4.46,23.96,6.17,66.8,0,63.2
2024-01-02 23:00:00,EQ_B002,Water Pump,9040.7,23.1,6.41,15.94,3.06,30.3,1,99.7
2024-01-03 00:00:00,EQ_M001,Compressor,10297.8,23.0,7.67,24.63,6.25,20.0,1,100.0
2024-01-03 00:00:00,EQ_M002,Water Pump,12032.2,24.9,8.0,13.94,3.42,20.0,1,100.0
2024-01-03 00:00:00,EQ_M003,Air Handler,9464.3,24.2,6.97,15.1,2.93,23.3,1,100.0
2024-01-03 00:00:00,EQ_B001,Compressor,6582.6,23.6,4.14,19.73,6.25,67.8,0,62.2
2024-01-03 00:00:00,EQ_B002,Water Pump,9041.4,25.1,6.77,15.3,3.02,29.2,1,100.0
2024-01-03 01:00:00,EQ_M001,Compressor,10298.8,25.2,8.0,24.24,6.11,20.0,1,100.0
2024-01-03 01:00:00,EQ_M002,Water Pump,12033.2,26.7,8.0,17.54,2.74,20.0,1,100.0
2024-01-03 01:00:00,EQ_M003,Air Handler,9465.1,23.1,6.22,14.13,3.25,25.5,1,100.0
2024-01-03 01:00:00,EQ_B001,Compressor,6583.2,26.2,4.11,24.83,6.52,67.9,0,62.1
2024-01-03 01:00:00,EQ_B002,Water Pump,9041.9,23.3,6.67,17.98,2.89,29.5,1,100.0
2024-01-03 02:00:00,EQ_M001,Compressor,10299.5,24.5,7.73,21.92,6.29,20.0,1,100.0
2024-01-03 02:00:00,EQ_M002,Water Pump,12034.1,28.6,8.0,16.18,2.93,20.0,1,100.0
2024-01-03 02:00:00,EQ_M003,Air Handler,9466.1,21.1,6.87,15.05,3.16,23.6,1,100.0
2024-01-03 02:00:00,EQ_B001,Compressor,6584.1,23.8,3.93,22.17,6.71,68.4,0,61.6
2024-01-03 02:00:00,EQ_B002,Water Pump,9042.7,24.1,6.72,16.06,3.17,29.3,1,100.0
2024-01-03 03:00:00,EQ_M001,Compressor,10300.4,24.8,7.47,23.96,6.54,20.0,1,100.0
2024-01-03 03:00:00,EQ_M002,Water Pump,12034.8,25.7,8.0,16.93,2.8,20.0,1,100.0
2024-01-03 03:00:00,EQ_M003,Air Handler,9467.0,25.3,7.05,14.7,3.24,23.0,1,100.0
2024-01-03 03:00:00,EQ_B001,Compressor,6584.6,23.6,4.19,21.89,6.52,67.6,0,62.4
2024-01-03 03:00:00,EQ_B002,Water Pump,9043.6,25.5,6.72,14.49,3.3,29.3,1,100.0
2024-01-03 04:00:00,EQ_M001,Compressor,10301.3,25.6,7.82,23.09,6.71,20.0,1,100.0
2024-01-03 04:00:00,EQ_M002,Water Pump,12035.8,28.7,8.0,16.93,2.89,20.0,1,100.0
2024-01-03 04:00:00,EQ_M003,Air Handler,9467.5,25.9,6.75,16.09,3.21,23.9,1,100.0
2024-01-03 04:00:00,EQ_B001,Compressor,6585.2,23.3,3.48,21.25,6.5,69.7,0,60.3
2024-01-03 04:00:00,EQ_B002,Water Pump,9044.2,25.4,6.72,14.27,3.06,29.3,1,100.0
2024-01-03 05:00:00,EQ_M001,Compressor,10301.8,24.7,7.8,21.78,5.78,20.0,1,100.0
2024-01-03 05:00:00,EQ_M002,Water Pump,12036.7,26.4,8.0,14.94,2.88,20.0,1,100.0
2024-01-03 05:00:00,EQ_M003,Air Handler,9468.1,24.7,6.81,14.58,3.15,23.7,1,100.0
2024-01-03 05:00:00,EQ_B001,Compressor,6586.1,24.6,3.36,25.38,6.4,70.1,0,59.9
2024-01-03 05:00:00,EQ_B002,Water Pump,9044.9,25.0,6.42,13.64,2.96,30.2,1,99.8
2024-01-03 06:00:00,EQ_M001,Compressor,10302.4,25.9,7.63,23.28,7.05,20.0,1,100.0
2024-01-03 06:00:00,EQ_M002,Water Pump,12037.6,27.6,8.0,15.03,3.07,20.0,1,100.0
2024-01-03 06:00:00,EQ_M003,Air Handler,9468.6,23.7,6.92,12.0,3.02,23.4,1,100.0
2024-01-03 06:00:00,EQ_B001,Compressor,6587.0,25.0,3.95,21.03,5.95,68.3,0,61.7
2024-01-03 06:00:00,EQ_B002,Water Pump,9045.8,24.3,6.66,14.46,2.58,29.4,1,100.0
2024-01-03 07:00:00,EQ_M001,Compressor,10303.2,24.0,7.45,23.18,6.57,20.0,1,100.0
2024-01-03 07:00:00,EQ_M002,Water Pump,12038.2,25.7,8.0,14.71,3.1,20.0,1,100.0
2024-01-03 07:00:00,EQ_M003,Air Handler,9469.5,24.6,7.49,14.38,3.15,21.7,1,100.0
2024-01-03 07:00:00,EQ_B001,Compressor,6587.8,23.4,4.14,21.76,6.68,67.7,0,62.3
2024-01-03 07:00:00,EQ_B002,Water Pump,9046.4,25.9,6.56,16.45,2.64,29.7,1,100.0
2024-01-03 08:00:00,EQ_M001,Compressor,10303.9,24.4,8.0,21.25,6.29,20.0,1,100.0
2024-01-03 08:00:00,EQ_M002,Water Pump,12039.0,27.5,8.0,15.38,2.77,20.0,1,100.0
2024-01-03 08:00:00,EQ_M003,Air Handler,9470.4,22.7,7.16,14.27,3.12,22.6,1,100.0
2024-01-03 08:00:00,EQ_B001,Compressor,6588.8,24.6,3.99,21.42,6.57,68.2,0,61.8
2024-01-03 08:00:00,EQ_B002,Water Pump,9047.2,26.1,6.26,12.78,3.1,30.6,1,99.4
2024-01-03 09:00:00,EQ_M001,Compressor,10304.7,26.7,7.44,18.68,6.89,20.0,1,100.0
2024-01-03 09:00:00,EQ_M002,Water Pump,12039.9,28.0,8.0,14.34,3.12,20.0,1,100.0
2024-01-03 09:00:00,EQ_M003,Air Handler,9471.0,23.0,7.25,13.66,3.02,22.3,1,100.0
2024-01-03 09:00:00,EQ_B001,Compressor,6589.5,25.1,4.58,21.59,6.34,66.4,0,63.6
2024-01-03 09:00:00,EQ_B002,Water Pump,9047.8,25.3,6.43,15.89,2.67,30.1,1,99.9
2024-01-03 10:00:00,EQ_M001,Compressor,10305.6,26.9,7.85,21.6,6.35,20.0,1,100.0
2024-01-03 10:00:00,EQ_M002,Water Pump,12040.5,30.1,8.0,15.55,3.28,20.0,1,100.0
2024-01-03 10:00:00,EQ_M003,Air Handler,9471.8,23.8,6.95,13.79,2.83,23.3,1,100.0
2024-01-03 10:00:00,EQ_B001,Compressor,6590.2,21.9,3.56,20.13,6.56,69.5,0,60.5
2024-01-03 10:00:00,EQ_B002,Water Pump,9048.3,24.2,6.37,11.57,3.12,30.3,1,99.7
2024-01-03 11:00:00,EQ_M001,Compressor,10306.3,25.2,7.79,16.24,6.85,20.0,1,100.0
2024-01-03 11:00:00,EQ_M002,Water Pump,12041.2,29.5,8.0,16.39,3.02,20.0,1,100.0
2024-01-03 11:00:00,EQ_M003,Air Handler,9472.4,23.0,6.95,16.26,2.95,23.2,1,100.0
2024-01-03 11:00:00,EQ_B001,Compressor,6591.1,23.2,4.07,21.69,6.35,67.9,0,62.1
2024-01-03 11:00:00,EQ_B002,Water Pump,9048.9,24.6,5.73,13.97,3.24,32.2,1,97.8
2024-01-03 12:00:00,EQ_M001,Compressor,10307.2,24.1,7.93,22.14,5.96,20.0,1,100.0
2024-01-03 12:00:00,EQ_M002,Water Pump,12041.9,27.5,8.0,15.66,2.62,20.0,1,100.0
2024-01-03 12:00:00,EQ_M003,Air Handler,9473.3,23.8,7.1,12.03,3.09,22.8,1,100.0
2024-01-03 12:00:00,EQ_B001,Compressor,6591.7,24.8,3.98,22.71,6.14,68.2,0,61.8
2024-01-03 12:00:00,EQ_B002,Water Pump,9049.8,22.9,6.84,14.2,2.8,28.9,1,100.0
2024-01-03 13:00:00,EQ_M001,Compressor,10308.0,23.5,7.5,21.26,6.39,20.0,1,100.0
2024-01-03 13:00:00,EQ_M002,Water Pump,12042.7,28.1,8.0,15.29,2.89,20.0,1,100.0
2024-01-03 13:00:00,EQ_M003,Air Handler,9474.2,23.8,6.78,15.26,2.93,23.7,1,100.0
2024-01-03 13:00:00,EQ_B001,Compressor,6592.5,25.4,3.64,22.49,6.43,69.2,0,60.8
2024-01-03 13:00:00,EQ_B002,Water Pump,9050.4,22.5,6.34,14.33,2.97,30.4,1,99.6
2024-01-03 14:00:00,EQ_M001,Compressor,10308.7,24.8,8.0,20.52,5.88,20.0,1,100.0
2024-01-03 14:00:00,EQ_M002,Water Pump,12043.4,29.8,8.0,14.81,2.87,20.0,1,100.0
2024-01-03 14:00:00,EQ_M003,Air Handler,9475.1,24.2,7.1,14.87,2.79,22.8,1,100.0
2024-01-03 14:00:00,EQ_B001,Compressor,6593.3,23.9,3.82,21.97,6.28,68.6,0,61.4
2024-01-03 14:00:00,EQ_B002,Water Pump,9051.3,24.9,6.36,15.89,3.21,30.3,1,99.7
2024-01-03 15:00:00,EQ_M001,Compressor,10309.5,23.9,8.0,19.75,6.31,20.0,1,100.0
2024-01-03 15:00:00,EQ_M002,Water Pump,12044.2,27.1,8.0,18.31,2.72,20.0,1,100.0
2024-01-03 15:00:00,EQ_M003,Air Handler,9475.7,25.4,7.6,13.7,3.2,21.3,1,100.0
2024-01-03 15:00:00,EQ_B001,Compressor,6594.2,23.4,3.69,25.58,6.82,69.0,0,61.0
2024-01-03 15:00:00,EQ_B002,Water Pump,9051.8,24.7,6.62,15.99,3.08,29.5,1,100.0
2024-01-03 16:00:00,EQ_M001,Compressor,10310.0,24.7,7.86,21.28,6.99,20.0,1,100.0
2024-01-03 16:00:00,EQ_M002,Water Pump,12044.8,30.4,8.0,12.89,2.66,20.0,1,100.0
2024-01-03 16:00:00,EQ_M003,Air Handler,9476.3,25.6,7.08,16.6,2.84,22.8,1,100.0
2024-01-03 16:00:00,EQ_B001,Compressor,6594.9,24.1,4.43,21.11,6.68,66.8,0,63.2
2024-01-03 16:00:00,EQ_B002,Water Pump,9052.8,25.6,6.81,15.42,2.75,28.9,1,100.0
2024-01-03 17:00:00,EQ_M001,Compressor,10310.9,23.9,7.73,24.4,6.34,20.0,1,100.0
2024-01-03 17:00:00,EQ_M002,Water Pump,12045.6,30.0,8.0,17.29,2.79,20.0,1,100.0
2024-01-03 17:00:00,EQ_M003,Air Handler,9476.9,24.7,6.9,17.17,3.03,23.3,1,100.0
2024-01-03 17:00:00,EQ_B001,Compressor,6595.7,25.4,4.05,23.58,6.32,67.9,0,62.1
2024-01-03 17:00:00,EQ_B002,Water Pump,9053.5,24.9,6.55,15.95,2.75,29.7,1,100.0
2024-01-03 18:00:00,EQ_M001,Compressor,10311.7,25.1,7.64,22.76,6.73,20.0,1,100.0
2024-01-03 18:00:00,EQ_M002,Water Pump,12046.4,29.4,8.0,16.46,2.87,20.0,1,100.0
2024-01-03 18:00:00,EQ_M003,Air Handler,9477.5,24.3,6.99,14.98,3.0,23.1,1,100.0
2024-01-03 18:00:00,EQ_B001,Compressor,6596.5,23.8,3.79,20.11,6.68,68.7,0,61.3
2024-01-03 18:00:00,EQ_B002,Water Pump,9054.2,24.4,6.54,14.07,2.94,29.7,1,100.0
2024-01-03 19:00:00,EQ_M001,Compressor,10312.5,24.6,8.0,22.99,6.23,20.0,1,100.0
2024-01-03 19:00:00,EQ_M002,Water Pump,12047.3,29.0,8.0,16.3,3.3,20.0,1,100.0
2024-01-03 19:00:00,EQ_M003,Air Handler,9478.1,22.3,6.69,16.08,2.91,24.0,1,100.0
2024-01-03 19:00:00,EQ_B001,Compressor,6597.2,25.1,4.53,22.92,6.21,66.4,0,63.6
2024-01-03 19:00:00,EQ_B002,Water Pump,9055.0,26.1,6.38,12.26,2.94,30.2,1,99.8
2024-01-03 20:00:00,EQ_M001,Compressor,10313.4,23.1,7.77,24.11,6.39,20.0,1,100.0
2024-01-03 20:00:00,EQ_M002,Water Pump,12048.1,29.3,8.0,12.92,3.14,20.0,1,100.0
2024-01-03 20:00:00,EQ_M003,Air Handler,9479.0,23.6,7.12,13.94,3.1,22.6,1,100.0
2024-01-03 20:00:00,EQ_B001,Compressor,6597.9,24.7,5.33,24.61,6.57,64.0,0,66.0
2024-01-03 20:00:00,EQ_B002,Water Pump,9055.6,24.2,6.25,18.25,2.88,30.6,1,99.4
2024-01-03 21:00:00,EQ_M001,Compressor,10314.2,27.3,7.87,20.39,5.95,20.0,1,100.0
2024-01-03 21:00:00,EQ_M002,Water Pump,12049.0,29.9,8.0,15.78,3.29,20.0,1,100.0
2024-01-03 21:00:00,EQ_M003,Air Handler,9479.9,23.0,6.43,16.5,2.89,24.7,1,100.0
2024-01-03 21:00:00,EQ_B001,Compressor,6598.4,23.3,3.94,22.32,6.55,68.2,0,61.8
2024-01-03 21:00:00,EQ_B002,Water Pump,9056.6,25.0,6.67,13.59,2.86,29.3,1,100.0
2024-01-03 22:00:00,EQ_M001,Compressor,10314.8,22.6,7.69,17.59,6.26,20.0,1,100.0
2024-01-03 22:00:00,EQ_M002,Water Pump,12049.9,29.5,8.0,14.49,3.1,20.0,1,100.0
2024-01-03 22:00:00,EQ_M003,Air Handler,9480.5,24.8,6.88,16.19,2.95,23.4,1,100.0
2024-01-03 22:00:00,EQ_B001,Compressor,6599.2,23.7,3.39,22.61,6.83,69.8,0,60.2
2024-01-03 22:00:00,EQ_B002,Water Pump,9057.5,25.7,6.86,13.86,3.25,28.7,1,100.0
2024-01-03 23:00:00,EQ_M001,Compressor,10315.4,26.8,8.0,20.81,6.69,20.0,1,100.0
2024-01-03 23:00:00,EQ_M002,Water Pump,12050.8,28.2,8.0,14.19,3.22,20.0,1,100.0
2024-01-03 23:00:00,EQ_M003,Air Handler,9481.2,23.9,7.21,13.36,2.86,22.4,1,100.0
2024-01-03 23:00:00,EQ_B001,Compressor,6599.8,24.3,4.19,25.11,6.76,67.4,0,62.6
2024-01-03 23:00:00,EQ_B002,Water Pump,9058.4,23.5,6.28,12.84,2.9,30.4,1,99.6
2024-01-04 00:00:00,EQ_M001,Compressor,10316.1,24.2,7.82,20.91,6.38,20.0,1,100.0
2024-01-04 00:00:00,EQ_M002,Water Pump,12051.6,28.1,8.0,16.39,2.91,20.0,1,100.0
2024-01-04 00:00:00,EQ_M003,Air Handler,9482.0,23.7,7.16,12.85,3.25,22.5,1,100.0
2024-01-04 00:00:00,EQ_B001,Compressor,6600.4,25.0,4.2,25.47,7.03,67.4,0,62.6
2024-01-04 00:00:00,EQ_B002,Water Pump,9059.4,24.0,6.6,16.29,3.02,29.4,1,100.0
2024-01-04 01:00:00,EQ_M001,Compressor,10316.9,24.4,7.87,22.43,5.8,20.0,1,100.0
2024-01-04 01:00:00,EQ_M002,Water Pump,12052.6,28.1,8.0,15.55,2.97,20.0,1,100.0
2024-01-04 01:00:00,EQ_M003,Air Handler,9482.6,25.0,6.81,16.05,2.67,23.5,1,100.0
2024-01-04 01:00:00,EQ_B001,Compressor,6601.1,24.5,3.61,24.78,6.14,69.2,0,60.8
2024-01-04 01:00:00,EQ_B002,Water Pump,9059.9,23.4,6.38,15.94,3.13,30.1,1,99.9
2024-01-04 02:00:00,EQ_M001,Compressor,10317.7,24.1,7.58,22.06,6.32,20.0,1,100.0
2024-01-04 02:00:00,EQ_M002,Water Pump,12053.1,29.6,8.0,13.04,2.58,20.0,1,100.0
2024-01-04 02:00:00,EQ_M003,Air Handler,9483.2,23.2,7.0,17.14,2.95,22.9,1,100.0
2024-01-04 02:00:00,EQ_B001,Compressor,6601.8,24.2,4.21,23.2,6.69,67.3,0,62.7
2024-01-04 02:00:00,EQ_B002,Water Pump,9060.6,23.0,6.34,15.56,3.15,30.2,1,99.8
2024-01-04 03:00:00,EQ_M001,Compressor,10318.5,23.6,7.36,17.19,6.63,20.0,1,100.0
2024-01-04 03:00:00,EQ_M002,Water Pump,12054.1,28.9,8.0,14.38,2.93,20.0,1,100.0
2024-01-04 03:00:00,EQ_M003,Air Handler,9484.1,23.4,7.26,11.97,2.85,22.2,1,100.0
2024-01-04 03:00:00,EQ_B001,Compressor,6602.7,24.2,3.76,18.6,7.06,68.7,0,61.3
2024-01-04 03:00:00,EQ_B002,Water Pump,9061.2,23.6,6.24,14.42,2.82,30.5,1,99.5
2024-01-04 04:00:00,EQ_M001,Compressor,10319.0,22.5,7.91,20.94,6.34,20.0,1,100.0
2024-01-04 04:00:00,EQ_M002,Water Pump,12054.9,27.0,8.0,16.07,3.33,20.0,1,100.0
2024-01-04 04:00:00,EQ_M003,Air Handler,9484.6,24.3,6.8,13.24,2.76,23.6,1,100.0
2024-01-04 04:00:00,EQ_B001,Compressor,6603.3,23.4,4.28,22.75,6.41,67.1,0,62.9
2024-01-04 04:00:00,EQ_B002,Water Pump,9062.2,24.7,6.31,15.04,3.16,30.3,1,99.7
2024-01-04 05:00:00,EQ_M001,Compressor,10319.8,25.9,7.86,23.04,6.88,20.0,1,100.0
2024-01-04 05:00:00,EQ_M002,Water Pump,12055.4,27.9,8.0,15.52,3.13,20.0,1,100.0
2024-01-04 05:00:00,EQ_M003,Air Handler,9485.4,23.7,7.02,16.13,2.99,22.9,1,100.0
2024-01-04 05:00:00,EQ_B001,Compressor,6604.1,22.8,4.18,19.73,6.39,67.4,0,62.6
2024-01-04 05:00:00,EQ_B002,Water Pump,9062.8,22.6,6.43,14.32,3.08,29.9,1,100.0
2024-01-04 06:00:00,EQ_M001,Compressor,10320.4,23.2,7.84,22.66,6.2,20.0,1,100.0
2024-01-04 06:00:00,EQ_M002,Water Pump,12056.3,26.9,8.0,12.79,3.09,20.0,1,100.0
2024-01-04 06:00:00,EQ_M003,Air Handler,9485.9,24.0,6.15,16.04,3.11,25.5,1,100.0
2024-01-04 06:00:00,EQ_B001,Compressor,6604.6,24.4,4.27,19.53,6.47,67.1,0,62.9
2024-01-04 06:00:00,EQ_B002,Water Pump,9063.6,22.7,6.51,14.41,2.83,29.7,1,100.0
2024-01-04 07:00:00,EQ_M001,Compressor,10321.0,24.5,7.64,22.12,6.46,20.0,1,100.0
2024-01-04 07:00:00,EQ_M002,Water Pump,12056.9,27.8,8.0,15.07,2.96,20.0,1,100.0
2024-01-04 07:00:00,EQ_M003,Air Handler,9486.8,24.9,6.94,14.87,2.78,23.1,1,100.0
2024-01-04 07:00:00,EQ_B001,Compressor,6605.2,23.3,4.14,21.15,6.43,67.5,0,62.5
2024-01-04 07:00:00,EQ_B002,Water Pump,9064.2,24.2,6.72,18.47,2.79,29.1,1,100.0
2024-01-04 08:00:00,EQ_M001,Compressor,10321.7,23.5,6.92,21.04,6.27,20.0,1,100.0
2024-01-04 08:00:00,EQ_M002,Water Pump,12057.4,29.0,8.0,15.35,3.13,20.0,1,100.0
2024-01-04 08:00:00,EQ_M003,Air Handler,9487.6,23.5,7.11,16.06,2.87,22.6,1,100.0
2024-01-04 08:00:00,EQ_B001,Compressor,6605.7,23.7,4.13,19.51,6.36,67.5,0,62.5
2024-01-04 08:00:00,EQ_B002,Water Pump,9065.1,24.4,6.37,17.18,3.18,30.1,1,99.9
2024-01-04 09:00:00,EQ_M001,Compressor,10322.7,24.3,7.63,23.29,6.75,20.0,1,100.0
2024-01-04 09:00:00,EQ_M002,Water Pump,12058.2,29.4,8.0,15.57,3.09,20.0,1,100.0
2024-01-04 09:00:00,EQ_M003,Air Handler,9488.1,24.5,7.2,15.86,2.7,22.3,1,100.0
2024-01-04 09:00:00,EQ_B001,Compressor,6606.5,23.9,4.13,21.0,6.78,67.5,0,62.5
2024-01-04 09:00:00,EQ_B002,Water Pump,9066.1,22.7,6.75,13.65,2.94,28.9,1,100.0
2024-01-04 10:00:00,EQ_M001,Compressor,10323.3,24.4,7.93,23.96,6.22,20.0,1,100.0
2024-01-04 10:00:00,EQ_M002,Water Pump,12058.8,27.8,8.0,13.97,3.34,20.0,1,100.0
2024-01-04 10:00:00,EQ_M003,Air Handler,9488.9,24.7,6.76,13.38,3.04,23.6,1,100.0
2024-01-04 10:00:00,EQ_B001,Compressor,6607.5,23.3,4.26,19.83,6.65,67.1,0,62.9
2024-01-04 10:00:00,EQ_B002,Water Pump,9067.0,24.6,6.75,14.2,3.43,28.9,1,100.0
2024-01-04 11:00:00,EQ_M001,Compressor,10324.1,24.0,7.95,22.65,6.75,20.0,1,100.0
2024-01-04 11:00:00,EQ_M002,Water Pump,12059.3,28.9,8.0,15.32,3.07,20.0,1,100.0
2024-01-04 11:00:00,EQ_M003,Air Handler,9489.8,23.3,6.71,16.88,2.79,23.8,1,100.0
2024-01-04 11:00:00,EQ_B001,Compressor,6608.1,23.3,4.03,21.86,6.33,67.8,0,62.2
2024-01-04 11:00:00,EQ_B002,Water Pump,9067.7,24.5,6.67,16.22,3.31,29.1,1,100.0
2024-01-04 12:00:00,EQ_M001,Compressor,10324.8,25.0,8.0,23.47,6.85,20.0,1,100.0
2024-01-04 12:00:00,EQ_M002,Water Pump,12060.1,28.2,8.0,15.81,2.88,20.0,1,100.0
2024-01-04 12:00:00,EQ_M003,Air Handler,9490.4,22.7,7.24,14.76,3.06,22.1,1,100.0
2024-01-04 12:00:00,EQ_B001,Compressor,6609.0,23.7,4.31,21.19,6.99,67.0,0,63.0
2024-01-04 12:00:00,EQ_B002,Water Pump,9068.7,23.4,6.16,15.26,2.59,30.7,1,99.3
2024-01-04 13:00:00,EQ_M001,Compressor,10325.7,22.9,7.65,23.65,6.38,20.0,1,100.0
2024-01-04 13:00:00,EQ_M002,Water Pump,12061.0,29.2,8.0,15.73,3.3,20.0,1,100.0
2024-01-04 13:00:00,EQ_M003,Air Handler,9491.3,23.2,7.01,15.35,2.76,22.8,1,100.0
2024-01-04 13:00:00,EQ_B001,Compressor,6609.5,21.9,4.04,21.42,5.84,67.8,0,62.2
2024-01-04 13:00:00,EQ_B002,Water Pump,9069.3,22.9,6.09,11.46,3.3,30.9,1,99.1
2024-01-04 14:00:00,EQ_M001,Compressor,10326.5,25.1,7.82,22.59,6.25,20.0,1,100.0
2024-01-04 14:00:00,EQ_M002,Water Pump,12062.0,26.3,8.0,14.05,2.79,20.0,1,100.0
2024-01-04 14:00:00,EQ_M003,Air Handler,9492.2,24.5,7.49,11.05,2.73,21.4,1,100.0
2024-01-04 14:00:00,EQ_B001,Compressor,6610.2,25.3,4.05,22.83,6.16,67.7,0,62.3
2024-01-04 14:00:00,EQ_B002,Water Pump,9070.1,24.2,6.58,16.06,3.26,29.4,1,100.0
2024-01-04 15:00:00,EQ_M001,Compressor,10327.3,23.7,7.82,25.5,6.43,20.0,1,100.0
2024-01-04 15:00:00,EQ_M002,Water Pump,12062.5,27.8,8.0,16.96,2.81,20.0,1,100.0
2024-01-04 15:00:00,EQ_M003,Air Handler,9493.0,25.2,7.2,16.16,2.98,22.2,1,100.0
2024-01-04 15:00:00,EQ_B001,Compressor,6610.8,23.7,3.97,21.11,6.75,67.9,0,62.1
2024-01-04 15:00:00,EQ_B002,Water Pump,9070.6,24.1,6.56,12.39,2.86,29.4,1,100.0
2024-01-04 16:00:00,EQ_M001,Compressor,10328.0,23.8,8.0,18.36,6.38,20.0,1,100.0
2024-01-04 16:00:00,EQ_M002,Water Pump,12063.2,28.7,8.0,12.22,3.21,20.0,1,100.0
2024-01-04 16:00:00,EQ_M003,Air Handler,9493.7,23.1,7.51,13.09,2.96,21.3,1,100.0
2024-01-04 16:00:00,EQ_B001,Compressor,6611.6,23.4,4.35,25.52,6.58,66.8,0,63.2
2024-01-04 16:00:00,EQ_B002,Water Pump,9071.2,24.1,6.48,14.6,2.83,29.7,1,100.0
2024-01-04 17:00:00,EQ_M001,Compressor,10328.6,25.0,7.96,23.33,6.28,20.0,1,100.0
2024-01-04 17:00:00,EQ_M002,Water Pump,12064.2,29.3,8.0,15.23,3.02,20.0,1,100.0
2024-01-04 17:00:00,EQ_M003,Air Handler,9494.3,24.2,6.82,13.55,3.05,23.4,1,100.0
2024-01-04 17:00:00,EQ_B001,Compressor,6612.6,24.8,3.74,23.75,6.12,68.6,0,61.4
2024-01-04 17:00:00,EQ_B002,Water Pump,9071.7,22.6,6.61,13.92,2.94,29.3,1,100.0
2024-01-04 18:00:00,EQ_M001,Compressor,10329.2,23.3,7.5,24.37,6.73,20.0,1,100.0
2024-01-04 18:00:00,EQ_M002,Water Pump,12064.9,28.3,8.0,16.54,3.02,20.0,1,100.0
2024-01-04 18:00:00,EQ_M003,Air Handler,9495.2,23.3,6.79,13.55,3.08,23.4,1,100.0
2024-01-04 18:00:00,EQ_B001,Compressor,6613.2,22.6,4.37,27.11,6.75,66.7,0,63.3
2024-01-04 18:00:00,EQ_B002,Water Pump,9072.4,25.1,6.57,15.09,2.99,29.4,1,100.0
2024-01-04 19:00:00,EQ_M001,Compressor,10329.8,24.6,7.51,21.73,6.66,20.0,1,100.0
2024-01-04 19:00:00,EQ_M002,Water Pump,12065.8,30.4,8.0,13.84,3.35,20.0,1,100.0
2024-01-04 19:00:00,EQ_M003,Air Handler,9495.9,24.0,7.28,13.62,2.71,22.0,1,100.0
2024-01-04 19:00:00,EQ_B001,Compressor,6614.1,23.2,3.96,21.99,6.79,67.9,0,62.1
2024-01-04 19:00:00,EQ_B002,Water Pump,9073.1,23.1,6.61,14.96,3.21,29.2,1,100.0
2024-01-04 20:00:00,EQ_M001,Compressor,10330.6,25.3,7.23,22.53,6.43,20.0,1,100.0
2024-01-04 20:00:00,EQ_M002,Water Pump,12066.4,28.6,8.0,14.32,3.24,20.0,1,100.0
2024-01-04 20:00:00,EQ_M003,Air Handler,9496.7,24.2,7.58,14.26,3.15,21.1,1,100.0
2024-01-04 20:00:00,EQ_B001,Compressor,6614.7,25.4,3.48,21.71,6.68,69.4,0,60.6
2024-01-04 20:00:00,EQ_B002,Water Pump,9073.6,24.6,6.99,14.62,2.87,28.1,1,100.0
2024-01-04 21:00:00,EQ_M001,Compressor,10331.5,21.9,8.0,21.06,6.82,20.0,1,100.0
2024-01-04 21:00:00,EQ_M002,Water Pump,12067.1,27.4,8.0,15.19,2.89,20.0,1,100.0
2024-01-04 21:00:00,EQ_M003,Air Handler,9497.4,23.7,7.16,11.74,2.99,22.3,1,100.0
2024-01-04 21:00:00,EQ_B001,Compressor,6615.5,24.8,4.27,24.32,6.3,67.0,0,63.0
2024-01-04 21:00:00,EQ_B002,Water Pump,9074.3,24.9,6.61,13.24,3.08,29.2,1,100.0
2024-01-04 22:00:00,EQ_M001,Compressor,10332.3,23.0,8.0,22.26,6.61,20.0,1,100.0
2024-01-04 22:00:00,EQ_M002,Water Pump,12067.8,27.3,8.0,12.69,3.2,20.0,1,100.0
2024-01-04 22:00:00,EQ_M003,Air Handler,9498.0,23.8,6.37,14.81,3.31,24.7,1,100.0
2024-01-04 22:00:00,EQ_B001,Compressor,6616.1,22.5,4.05,23.15,6.64,67.6,0,62.4
2024-01-04 22:00:00,EQ_B002,Water Pump,9074.9,23.4,6.49,14.6,3.02,29.6,1,100.0
2024-01-04 23:00:00,EQ_M001,Compressor,10333.0,25.8,7.77,22.02,6.91,20.0,1,100.0
2024-01-04 23:00:00,EQ_M002,Water Pump,12068.5,27.1,8.0,15.71,2.96,20.0,1,100.0
2024-01-04 23:00:00,EQ_M003,Air Handler,9498.8,23.4,7.11,15.92,2.89,22.4,1,100.0
2024-01-04 23:00:00,EQ_B001,Compressor,6616.7,24.5,4.35,20.74,6.67,66.7,0,63.3
2024-01-04 23:00:00,EQ_B002,Water Pump,9075.6,24.5,6.59,16.35,2.85,29.3,1,100.0
2024-01-05 00:00:00,EQ_M001,Compressor,10333.5,24.2,8.0,18.84,6.57,20.0,1,100.0
2024-01-05 00:00:00,EQ_M002,Water Pump,12069.3,27.6,8.0,17.53,2.72,20.0,1,100.0
2024-01-05 00:00:00,EQ_M003,Air Handler,9499.3,25.0,6.96,12.36,2.85,22.9,1,100.0
2024-01-05 00:00:00,EQ_B001,Compressor,6617.4,24.4,3.81,20.22,6.2,68.4,0,61.6
2024-01-05 00:00:00,EQ_B002,Water Pump,9076.6,23.4,6.77,15.28,3.1,28.7,1,100.0
2024-01-05 01:00:00,EQ_M001,Compressor,10334.5,25.1,7.94,23.63,6.89,20.0,1,100.0
2024-01-05 01:00:00,EQ_M002,Water Pump,12069.8,28.2,8.0,12.61,2.81,20.0,1,100.0
2024-01-05 01:00:00,EQ_M003,Air Handler,9500.0,22.0,6.3,14.06,3.37,24.9,1,100.0
2024-01-05 01:00:00,EQ_B001,Compressor,6618.2,23.8,4.12,20.22,6.4,67.4,0,62.6
2024-01-05 01:00:00,EQ_B002,Water Pump,9077.4,22.6,6.57,13.24,3.07,29.3,1,100.0
2024-01-05 02:00:00,EQ_M001,Compressor,10335.3,25.2,7.2,23.75,6.3,20.0,1,100.0
2024-01-05 02:00:00,EQ_M002,Water Pump,12070.7,27.9,8.0,12.7,2.89,20.0,1,100.0
2024-01-05 02:00:00,EQ_M003,Air Handler,9500.9,22.1,6.77,15.64,2.99,23.4,1,100.0
2024-01-05 02:00:00,EQ_B001,Compressor,6619.0,23.4,3.99,24.05,6.73,67.8,0,62.2
2024-01-05 02:00:00,EQ_B002,Water Pump,9078.0,24.4,6.59,14.22,2.96,29.2,1,100.0
2024-01-05 03:00:00,EQ_M001,Compressor,10336.0,24.5,7.41,21.81,6.59,20.0,1,100.0
2024-01-05 03:00:00,EQ_M002,Water Pump,12071.3,28.6,8.0,14.6,2.88,20.0,1,100.0
2024-01-05 03:00:00,EQ_M003,Air Handler,9501.8,23.7,6.97,16.85,2.87,22.8,1,100.0
2024-01-05 03:00:00,EQ_B001,Compressor,6619.6,25.0,2.78,21.35,6.31,71.4,0,58.6
2024-01-05 03:00:00,EQ_B002,Water Pump,9078.6,22.8,7.08,15.06,2.91,27.8,1,100.0
2024-01-05 04:00:00,EQ_M001,Compressor,10336.6,24.7,8.0,20.92,6.2,20.0,1,100.0
2024-01-05 04:00:00,EQ_M002,Water Pump,12072.0,29.7,8.0,15.23,3.07,20.0,1,100.0
2024-01-05 04:00:00,EQ_M003,Air Handler,9502.5,25.7,7.25,13.05,2.66,22.0,1,100.0
2024-01-05 04:00:00,EQ_B001,Compressor,6620.3,24.5,4.4,23.48,6.56,66.6,0,63.4
2024-01-05 04:00:00,EQ_B002,Water Pump,9079.2,22.4,6.31,18.1,2.72,30.1,1,99.9
2024-01-05 05:00:00,EQ_M001,Compressor,10337.2,26.2,7.25,20.87,6.58,20.0,1,100.0
2024-01-05 05:00:00,EQ_M002,Water Pump,12072.7,25.2,8.0,16.22,3.06,20.0,1,100.0
2024-01-05 05:00:00,EQ_M003,Air Handler,9503.3,24.1,6.55,16.84,2.85,24.1,1,100.0
2024-01-05 05:00:00,EQ_B001,Compressor,6621.1,25.2,4.33,17.65,6.57,66.7,0,63.3
2024-01-05 05:00:00,EQ_B002,Water Pump,9079.9,23.6,6.8,15.61,2.97,28.6,1,100.0
2024-01-05 06:00:00,EQ_M001,Compressor,10338.1,25.2,7.5,19.7,6.97,20.0,1,100.0
2024-01-05 06:00:00,EQ_M002,Water Pump,12073.3,29.5,8.0,13.98,2.64,20.0,1,100.0
2024-01-05 06:00:00,EQ_M003,Air Handler,9504.1,24.8,7.01,16.79,3.09,22.7,1,100.0
2024-01-05 06:00:00,EQ_B001,Compressor,6622.1,24.4,4.6,21.17,6.58,65.9,0,64.1
2024-01-05 06:00:00,EQ_B002,Water Pump,9080.8,23.3,6.62,18.67,3.15,29.1,1,100.0
2024-01-05 07:00:00,EQ_M001,Compressor,10339.0,25.6,8.0,22.53,6.67,20.0,1,100.0
2024-01-05 07:00:00,EQ_M002,Water Pump,12074.1,27.5,8.0,14.68,2.78,20.0,1,100.0
2024-01-05 07:00:00,EQ_M003,Air Handler,9504.9,22.9,6.87,16.62,2.93,23.1,1,100.0
2024-01-05 07:00:00,EQ_B001,Compressor,6622.6,24.2,4.2,20.48,6.63,67.1,0,62.9
2024-01-05 07:00:00,EQ_B002,Water Pump,9081.8,24.1,7.33,19.57,2.63,27.0,1,100.0
2024-01-05 08:00:00,EQ_M001,Compressor,10339.9,25.6,7.83,20.18,6.22,20.0,1,100.0
2024-01-05 08:00:00,EQ_M002,Water Pump,12074.9,28.1,8.0,14.47,3.01,20.0,1,100.0
2024-01-05 08:00:00,EQ_M003,Air Handler,9505.8,23.5,7.12,14.57,2.91,22.3,1,100.0
2024-01-05 08:00:00,EQ_B001,Compressor,6623.3,24.1,4.16,22.69,6.19,67.2,0,62.8
2024-01-05 08:00:00,EQ_B002,Water Pump,9082.7,22.6,6.47,15.65,3.17,29.5,1,100.0
2024-01-05 09:00:00,EQ_M001,Compressor,10340.8,25.7,7.6,24.52,6.61,20.0,1,100.0
2024-01-05 09:00:00,EQ_M002,Water Pump,12075.8,27.2,8.0,15.46,2.79,20.0,1,100.0
2024-01-05 09:00:00,EQ_M003,Air Handler,9506.6,24.1,6.82,16.76,2.79,23.2,1,100.0
2024-01-05 09:00:00,EQ_B001,Compressor,6624.1,24.3,4.54,24.18,5.94,66.1,0,63.9
2024-01-05 09:00:00,EQ_B002,Water Pump,9083.5,23.4,6.32,16.32,2.99,30.0,1,100.0
2024-01-05 10:00:00,EQ_M001,Compressor,10341.6,25.5,7.89,22.18,6.34,20.0,1,100.0
2024-01-05 10:00:00,EQ_M002,Water Pump,12076.7,29.0,8.0,19.2,2.85,20.0,1,100.0
2024-01-05 10:00:00,EQ_M003,Air Handler,9507.5,23.0,7.32,15.06,3.06,21.7,1,100.0
2024-01-05 10:00:00,EQ_B001,Compressor,6624.9,24.4,4.4,20.56,6.49,66.5,0,63.5
2024-01-05 10:00:00,EQ_B002,Water Pump,9084.4,23.7,6.77,13.52,2.52,28.6,1,100.0
2024-01-05 11:00:00,EQ_M001,Compressor,10342.2,25.2,8.0,18.83,6.28,20.0,1,100.0
2024-01-05 11:00:00,EQ_M002,Water Pump,12077.7,28.9,8.0,11.89,3.05,20.0,1,100.0
2024-01-05 11:00:00,EQ_M003,Air Handler,9508.4,23.4,6.77,15.46,2.87,23.3,1,100.0
2024-01-05 11:00:00,EQ_B001,Compressor,6625.5,24.6,4.39,21.56,6.6,66.5,0,63.5
2024-01-05 11:00:00,EQ_B002,Water Pump,9085.2,23.3,7.06,14.83,3.35,27.8,1,100.0
2024-01-05 12:00:00,EQ_M001,Compressor,10342.8,23.8,7.67,25.41,6.82,20.0,1,100.0
2024-01-05 12:00:00,EQ_M002,Water Pump,12078.5,26.7,8.0,14.37,3.1,20.0,1,100.0
2024-01-05 12:00:00,EQ_M003,Air Handler,9509.3,23.5,6.78,14.46,2.92,23.3,1,100.0
2024-01-05 12:00:00,EQ_B001,Compressor,6626.4,23.6,3.85,22.57,6.1,68.1,0,61.9
2024-01-05 12:00:00,EQ_B002,Water Pump,9086.1,22.3,6.65,14.92,3.17,29.0,1,100.0
2024-01-05 13:00:00,EQ_M001,Compressor,10343.5,25.8,7.54,23.74,5.83,20.0,1,100.0
2024-01-05 13:00:00,EQ_M002,Water Pump,12079.3,28.4,8.0,15.92,3.18,20.0,1,100.0
2024-01-05 13:00:00,EQ_M003,Air Handler,9510.2,24.7,7.27,14.28,3.14,21.8,1,100.0
2024-01-05 13:00:00,EQ_B001,Compressor,6627.1,22.0,4.09,21.44,6.97,67.4,0,62.6
2024-01-05 13:00:00,EQ_B002,Water Pump,9086.7,24.0,6.53,16.32,3.11,29.3,1,100.0
2024-01-05 14:00:00,EQ_M001,Compressor,10344.2,24.8,8.0,21.77,5.9,20.0,1,100.0
2024-01-05 14:00:00,EQ_M002,Water Pump,12080.1,28.5,8.0,15.06,3.11,20.0,1,100.0
2024-01-05 14:00:00,EQ_M003,Air Handler,9510.8,22.9,7.16,17.56,3.42,22.1,1,100.0
2024-01-05 14:00:00,EQ_B001,Compressor,6628.0,25.2,4.23,22.83,6.38,67.0,0,63.0
2024-01-05 14:00:00,EQ_B002,Water Pump,9087.4,24.0,6.48,17.18,3.07,29.5,1,100.0
2024-01-05 15:00:00,EQ_M001,Compressor,10345.2,26.6,7.97,22.92,6.71,20.0,1,100.0
2024-01-05 15:00:00,EQ_M002,Water Pump,12080.9,27.4,8.0,14.89,2.93,20.0,1,100.0
2024-01-05 15:00:00,EQ_M003,Air Handler,9511.4,23.8,7.33,11.49,3.21,21.6,1,100.0
2024-01-05 15:00:00,EQ_B001,Compressor,6628.7,22.6,4.31,20.87,6.45,66.7,0,63.3
2024-01-05 15:00:00,EQ_B002,Water Pump,9088.3,24.7,6.88,15.41,3.09,28.3,1,100.0
2024-01-05 16:00:00,EQ_M001,Compressor,10345.8,23.8,8.0,22.08,6.2,20.0,1,100.0
2024-01-05 16:00:00,EQ_M002,Water Pump,12081.7,28.8,8.0,16.15,3.02,20.0,1,100.0
2024-01-05 16:00:00,EQ_M003,Air Handler,9512.0,22.5,7.02,14.64,2.62,22.5,1,100.0
2024-01-05 16:00:00,EQ_B001,Compressor,6629.5,24.8,4.07,24.07,6.14,67.4,0,62.6
2024-01-05 16:00:00,EQ_B002,Water Pump,9089.0,23.3,6.59,13.72,2.76,29.1,1,100.0
2024-01-05 17:00:00,EQ_M001,Compressor,10346.4,23.2,7.84,21.25,5.85,20.0,1,100.0
2024-01-05 17:00:00,EQ_M002,Water Pump,12082.5,27.3,8.0,14.76,3.16,20.0,1,100.0
2024-01-05 17:00:00,EQ_M003,Air Handler,9513.0,22.0,7.41,15.33,3.04,21.4,1,100.0
2024-01-05 17:00:00,EQ_B001,Compressor,6630.2,24.4,3.9,21.95,6.83,67.9,0,62.1
2024-01-05 17:00:00,EQ_B002,Water Pump,9089.9,24.2,6.37,14.04,3.13,29.8,1,100.0
2024-01-05 18:00:00,EQ_M001,Compressor,10347.1,23.2,8.0,27.09,6.34,20.0,1,100.0
2024-01-05 18:00:00,EQ_M002,Water Pump,12083.3,27.4,8.0,17.3,3.12,20.0,1,100.0
2024-01-05 18:00:00,EQ_M003,Air Handler,9513.7,22.2,7.4,11.67,3.39,21.4,1,100.0
2024-01-05 18:00:00,EQ_B001,Compressor,6630.8,22.3,3.99,21.12,6.28,67.6,0,62.4
2024-01-05 18:00:00,EQ_B002,Water Pump,9090.7,24.5,6.42,13.52,3.07,29.6,1,100.0
2024-01-05 19:00:00,EQ_M001,Compressor,10347.8,24.5,8.0,22.86,6.23,20.0,1,100.0
2024-01-05 19:00:00,EQ_M002,Water Pump,12084.0,27.0,8.0,17.66,3.07,20.0,1,100.0
2024-01-05 19:00:00,EQ_M003,Air Handler,9514.6,24.0,6.69,16.69,3.23,23.5,1,100.0
2024-01-05 19:00:00,EQ_B001,Compressor,6631.5,23.3,3.8,21.95,6.54,68.2,0,61.8
2024-01-05 19:00:00,EQ_B002,Water Pump,9091.3,22.3,6.89,14.97,3.08,28.2,1,100.0
2024-01-05 20:00:00,EQ_M001,Compressor,10348.3,24.6,8.0,22.62,6.66,20.0,1,100.0
2024-01-05 20:00:00,EQ_M002,Water Pump,12084.9,29.2,8.0,16.8,2.91,20.0,1,100.0
2024-01-05 20:00:00,EQ_M003,Air Handler,9515.3,25.5,7.18,14.24,2.96,22.0,1,100.0
2024-01-05 20:00:00,EQ_B001,Compressor,6632.3,25.7,3.51,22.12,6.58,69.1,0,60.9
2024-01-05 20:00:00,EQ_B002,Water Pump,9092.0,24.2,7.07,13.58,2.62,27.6,1,100.0
2024-01-05 21:00:00,EQ_M001,Compressor,10349.3,25.0,8.0,22.31,6.13,20.0,1,100.0
2024-01-05 21:00:00,EQ_M002,Water Pump,12085.7,28.7,8.0,14.95,3.14,20.0,1,100.0
2024-01-05 21:00:00,EQ_M003,Air Handler,9515.9,24.3,7.24,11.81,3.04,21.8,1,100.0
2024-01-05 21:00:00,EQ_B001,Compressor,6632.9,24.3,3.96,25.45,6.81,67.7,0,62.3
2024-01-05 21:00:00,EQ_B002,Water Pump,9092.8,26.9,6.37,12.56,3.35,29.7,1,100.0
2024-01-05 22:00:00,EQ_M001,Compressor,10349.9,23.9,8.0,22.02,7.02,20.0,1,100.0
2024-01-05 22:00:00,EQ_M002,Water Pump,12086.7,27.2,8.0,14.94,3.02,20.0,1,100.0
2024-01-05 22:00:00,EQ_M003,Air Handler,9516.4,23.6,7.13,11.96,2.67,22.1,1,100.0
2024-01-05 22:00:00,EQ_B001,Compressor,6633.5,22.9,4.49,24.21,7.07,66.1,0,63.9
2024-01-05 22:00:00,EQ_B002,Water Pump,9093.7,24.3,6.72,16.86,3.1,28.7,1,100.0
2024-01-05 23:00:00,EQ_M001,Compressor,10350.8,25.4,7.7,18.3,6.51,20.0,1,100.0
2024-01-05 23:00:00,EQ_M002,Water Pump,12087.3,29.2,8.0,15.72,2.99,20.0,1,100.0
2024-01-05 23:00:00,EQ_M003,Air Handler,9517.1,23.8,6.86,15.65,2.82,22.9,1,100.0
2024-01-05 23:00:00,EQ_B001,Compressor,6634.1,22.9,4.38,18.02,6.51,66.4,0,63.6
2024-01-05 23:00:00,EQ_B002,Water Pump,9094.3,22.4,6.35,15.01,3.21,29.8,1,100.0
2024-01-06 00:00:00,EQ_M001,Compressor,10351.3,24.1,7.62,20.15,5.86,20.0,1,100.0
2024-01-06 00:00:00,EQ_M002,Water Pump,12087.9,27.2,8.0,15.85,2.89,20.0,1,100.0
2024-01-06 00:00:00,EQ_M003,Air Handler,9518.1,22.0,7.37,17.35,2.69,21.4,1,100.0
2024-01-06 00:00:00,EQ_B001,Compressor,6635.1,25.1,3.87,23.02,5.9,68.0,0,62.0
2024-01-06 00:00:00,EQ_B002,Water Pump,9095.3,24.6,6.7,15.73,3.06,28.7,1,100.0
2024-01-06 01:00:00,EQ_M001,Compressor,10351.9,23.1,8.0,20.27,6.67,20.0,1,100.0
2024-01-06 01:00:00,EQ_M002,Water Pump,12088.5,27.1,8.0,18.61,3.27,20.0,1,100.0
2024-01-06 01:00:00,EQ_M003,Air Handler,9518.8,24.6,7.03,15.43,3.23,22.4,1,100.0
2024-01-06 01:00:00,EQ_B001,Compressor,6635.8,23.5,4.22,20.61,6.11,66.9,0,63.1
2024-01-06 01:00:00,EQ_B002,Water Pump,9095.9,23.8,6.61,15.92,2.99,29.0,1,100.0
2024-01-06 02:00:00,EQ_M001,Compressor,10352.6,24.2,7.31,20.39,6.02,20.0,1,100.0
2024-01-06 02:00:00,EQ_M002,Water Pump,12089.4,27.9,8.0,14.08,2.92,20.0,1,100.0
2024-01-06 02:00:00,EQ_M003,Air Handler,9519.7,23.8,7.14,13.15,3.27,22.1,1,100.0
2024-01-06 02:00:00,EQ_B001,Compressor,6636.7,22.8,4.35,21.38,6.81,66.5,0,63.5
2024-01-06 02:00:00,EQ_B002,Water Pump,9096.7,22.8,6.54,16.32,3.01,29.2,1,100.0
2024-01-06 03:00:00,EQ_M001,Compressor,10353.4,23.3,7.9,17.68,6.82,20.0,1,100.0
2024-01-06 03:00:00,EQ_M002,Water Pump,12090.3,28.3,8.0,15.79,3.12,20.0,1,100.0
2024-01-06 03:00:00,EQ_M003,Air Handler,9520.7,23.9,7.16,14.2,3.09,22.0,1,100.0
2024-01-06 03:00:00,EQ_B001,Compressor,6637.5,25.5,4.53,20.42,6.54,65.9,0,64.1
2024-01-06 03:00:00,EQ_B002,Water Pump,9097.5,22.1,6.6,15.56,3.07,29.0,1,100.0
2024-01-06 04:00:00,EQ_M001,Compressor,10354.2,23.4,7.89,23.25,6.54,20.0,1,100.0
2024-01-06 04:00:00,EQ_M002,Water Pump,12090.9,28.8,8.0,14.01,3.01,20.0,1,100.0
2024-01-06 04:00:00,EQ_M003,Air Handler,9521.2,22.4,6.83,13.19,2.79,23.0,1,100.0
2024-01-06 04:00:00,EQ_B001,Compressor,6638.5,22.6,4.17,22.76,6.63,67.0,0,63.0
2024-01-06 04:00:00,EQ_B002,Water Pump,9098.4,22.8,6.73,13.74,2.92,28.6,1,100.0
2024-01-06 05:00:00,EQ_M001,Compressor,10354.8,26.3,7.99,21.68,6.05,20.0,1,100.0
2024-01-06 05:00:00,EQ_M002,Water Pump,12091.7,25.9,8.0,15.46,3.06,20.0,1,100.0
2024-01-06 05:00:00,EQ_M003,Air Handler,9522.0,21.0,7.13,16.39,3.01,22.1,1,100.0
2024-01-06 05:00:00,EQ_B001,Compressor,6639.4,24.3,4.19,23.64,6.73,66.9,0,63.1
2024-01-06 05:00:00,EQ_B002,Water Pump,9099.1,22.3,6.94,16.52,2.68,27.9,1,100.0
2024-01-06 06:00:00,EQ_M001,Compressor,10355.7,23.1,8.0,20.62,6.41,20.0,1,100.0
2024-01-06 06:00:00,EQ_M002,Water Pump,12092.4,27.8,8.0,16.51,3.29,20.0,1,100.0
2024-01-06 06:00:00,EQ_M003,Air Handler,9523.0,24.8,6.9,9.79,3.18,22.8,1,100.0
2024-01-06 06:00:00,EQ_B001,Compressor,6640.0,23.1,3.72,21.54,6.71,68.3,0,61.7
2024-01-06 06:00:00,EQ_B002,Water Pump,9099.7,21.6,6.84,16.54,3.08,28.2,1,100.0
2024-01-06 07:00:00,EQ_M001,Compressor,10356.3,24.0,8.0,23.39,6.89,20.0,1,100.0
2024-01-06 07:00:00,EQ_M002,Water Pump,12093.0,29.4,8.0,15.1,2.98,20.0,1,100.0
2024-01-06 07:00:00,EQ_M003,Air Handler,9523.5,22.8,7.02,14.96,3.03,22.4,1,100.0
2024-01-06 07:00:00,EQ_B001,Compressor,6640.6,24.4,4.0,19.37,6.68,67.5,0,62.5
2024-01-06 07:00:00,EQ_B002,Water Pump,9100.2,25.5,6.79,14.56,3.01,28.4,1,100.0
2024-01-06 08:00:00,EQ_M001,Compressor,10357.0,24.3,7.62,26.46,6.63,20.0,1,100.0
2024-01-06 08:00:00,EQ_M002,Water Pump,12093.6,29.5,8.0,15.99,3.04,20.0,1,100.0
2024-01-06 08:00:00,EQ_M003,Air Handler,9524.3,23.7,7.16,13.18,3.06,22.0,1,100.0
2024-01-06 08:00:00,EQ_B001,Compressor,6641.1,23.3,4.16,23.92,6.68,67.0,0,63.0
2024-01-06 08:00:00,EQ_B002,Water Pump,9101.0,25.0,6.25,16.46,3.52,30.0,1,100.0
2024-01-06 09:00:00,EQ_M001,Compressor,10357.5,25.3,8.0,22.86,6.31,20.0,1,100.0
2024-01-06 09:00:00,EQ_M002,Water Pump,12094.1,26.2,8.0,16.73,2.95,20.0,1,100.0
2024-01-06 09:00:00,EQ_M003,Air Handler,9525.1,22.9,7.23,15.5,2.63,21.7,1,100.0
2024-01-06 09:00:00,EQ_B001,Compressor,6641.8,23.5,4.54,21.24,6.82,65.9,0,64.1
2024-01-06 09:00:00,EQ_B002,Water Pump,9101.9,25.8,6.88,17.82,3.08,28.1,1,100.0
2024-01-06 10:00:00,EQ_M001,Compressor,10358.4,25.1,7.67,21.28,6.84,20.0,1,100.0
2024-01-06 10:00:00,EQ_M002,Water Pump,12094.7,27.3,8.0,12.86,3.15,20.0,1,100.0
2024-01-06 10:00:00,EQ_M003,Air Handler,9525.7,23.9,6.96,15.96,2.99,22.6,1,100.0
2024-01-06 10:00:00,EQ_B001,Compressor,6642.4,25.4,4.27,21.54,6.63,66.7,0,63.3
2024-01-06 10:00:00,EQ_B002,Water Pump,9102.5,23.2,6.81,16.87,3.01,28.3,1,100.0
2024-01-06 11:00:00,EQ_M001,Compressor,10359.1,25.3,7.48,20.05,6.66,20.0,1,100.0
2024-01-06 11:00:00,EQ_M002,Water Pump,12095.2,28.4,8.0,17.04,3.04,20.0,1,100.0
2024-01-06 11:00:00,EQ_M003,Air Handler,9526.6,24.2,7.04,12.54,3.07,22.3,1,100.0
2024-01-06 11:00:00,EQ_B001,Compressor,6643.2,23.3,3.53,18.07,6.44,68.9,0,61.1
2024-01-06 11:00:00,EQ_B002,Water Pump,9103.5,22.4,6.47,13.65,2.72,29.3,1,100.0
2024-01-06 12:00:00,EQ_M001,Compressor,10359.7,23.6,8.0,24.66,6.44,20.0,1,100.0
2024-01-06 12:00:00,EQ_M002,Water Pump,12095.7,28.2,8.0,13.5,2.73,20.0,1,100.0
2024-01-06 12:00:00,EQ_M003,Air Handler,9527.2,24.1,7.05,16.41,2.82,22.3,1,100.0
2024-01-06 12:00:00,EQ_B001,Compressor,6644.1,24.5,4.24,22.07,6.14,66.7,0,63.3
2024-01-06 12:00:00,EQ_B002,Water Pump,9104.5,22.9,6.57,15.54,3.46,29.0,1,100.0
2024-01-06 13:00:00,EQ_M001,Compressor,10360.5,23.3,7.39,22.61,6.43,20.0,1,100.0
2024-01-06 13:00:00,EQ_M002,Water Pump,12096.4,27.7,8.0,12.99,2.94,20.0,1,100.0
2024-01-06 13:00:00,EQ_M003,Air Handler,9527.8,23.3,6.98,16.63,3.18,22.5,1,100.0
2024-01-06 13:00:00,EQ_B001,Compressor,6644.9,24.0,4.45,22.65,7.29,66.1,0,63.9
2024-01-06 13:00:00,EQ_B002,Water Pump,9105.3,22.6,6.97,11.29,3.03,27.8,1,100.0
2024-01-06 14:00:00,EQ_M001,Compressor,10361.5,25.4,7.66,23.06,6.6,20.0,1,100.0
2024-01-06 14:00:00,EQ_M002,Water Pump,12097.1,26.4,8.0,17.73,2.8,20.0,1,100.0
2024-01-06 14:00:00,EQ_M003,Air Handler,9528.3,22.3,7.06,13.6,2.91,22.2,1,100.0
2024-01-06 14:00:00,EQ_B001,Compressor,6645.8,23.8,3.89,25.99,7.25,67.8,0,62.2
2024-01-06 14:00:00,EQ_B002,Water Pump,9106.2,23.0,6.89,14.42,2.82,28.0,1,100.0
2024-01-06 15:00:00,EQ_M001,Compressor,10362.3,22.9,7.68,20.75,5.83,20.0,1,100.0
2024-01-06 15:00:00,EQ_M002,Water Pump,12097.7,28.3,8.0,15.18,3.02,20.0,1,100.0
2024-01-06 15:00:00,EQ_M003,Air Handler,9529.3,22.0,7.13,14.09,2.88,22.0,1,100.0
2024-01-06 15:00:00,EQ_B001,Compressor,6646.4,22.9,4.9,21.66,6.52,64.7,0,65.3
2024-01-06 15:00:00,EQ_B002,Water Pump,9107.0,23.3,6.63,15.53,2.86,28.8,1,100.0
2024-01-06 16:00:00,EQ_M001,Compressor,10362.8,24.3,7.38,22.21,6.37,20.0,1,100.0
2024-01-06 16:00:00,EQ_M002,Water Pump,12098.3,26.1,8.0,14.82,3.22,20.0,1,100.0
2024-01-06 16:00:00,EQ_M003,Air Handler,9530.0,23.5,6.96,14.93,2.84,22.5,1,100.0
2024-01-06 16:00:00,EQ_B001,Compressor,6647.2,23.9,3.64,25.12,6.25,68.5,0,61.5
2024-01-06 16:00:00,EQ_B002,Water Pump,9107.8,24.9,6.46,15.14,3.04,29.3,1,100.0
2024-01-06 17:00:00,EQ_M001,Compressor,10363.5,22.8,8.0,18.27,6.63,20.0,1,100.0
2024-01-06 17:00:00,EQ_M002,Water Pump,12098.9,29.8,8.0,16.25,3.08,20.0,1,100.0
2024-01-06 17:00:00,EQ_M003,Air Handler,9530.7,22.8,7.3,13.74,3.1,21.5,1,100.0
2024-01-06 17:00:00,EQ_B001,Compressor,6648.0,23.8,3.74,24.01,6.73,68.2,0,61.8
2024-01-06 17:00:00,EQ_B002,Water Pump,9108.3,25.4,6.64,13.32,3.2,28.7,1,100.0
2024-01-06 18:00:00,EQ_M001,Compressor,10364.4,24.5,7.6,21.79,6.52,20.0,1,100.0
2024-01-06 18:00:00,EQ_M002,Water Pump,12099.6,29.6,8.0,16.94,2.98,20.0,1,100.0
2024-01-06 18:00:00,EQ_M003,Air Handler,9531.3,24.1,6.91,14.27,2.94,22.6,1,100.0
2024-01-06 18:00:00,EQ_B001,Compressor,6648.5,26.3,3.93,20.31,6.43,67.6,0,62.4
2024-01-06 18:00:00,EQ_B002,Water Pump,9109.0,26.0,6.52,18.43,3.34,29.1,1,100.0
2024-01-06 19:00:00,EQ_M001,Compressor,10365.1,23.9,7.82,23.14,6.58,20.0,1,100.0
2024-01-06 19:00:00,EQ_M002,Water Pump,12100.6,27.2,8.0,14.33,3.26,20.0,1,100.0
2024-01-06 19:00:00,EQ_M003,Air Handler,9531.8,24.2,7.37,12.79,3.16,21.3,1,100.0
2024-01-06 19:00:00,EQ_B001,Compressor,6649.1,24.7,4.59,20.41,6.49,65.6,0,64.4
2024-01-06 19:00:00,EQ_B002,Water Pump,9110.0,23.6,5.88,15.8,3.01,31.0,1,99.0
2024-01-06 20:00:00,EQ_M001,Compressor,10365.6,25.1,7.85,25.03,6.55,20.0,1,100.0
2024-01-06 20:00:00,EQ_M002,Water Pump,12101.5,28.4,8.0,15.09,3.18,20.0,1,100.0
2024-01-06 20:00:00,EQ_M003,Air Handler,9532.7,23.4,6.59,14.15,3.03,23.6,1,100.0
2024-01-06 20:00:00,EQ_B001,Compressor,6649.8,22.0,4.32,21.7,6.46,66.4,0,63.6
2024-01-06 20:00:00,EQ_B002,Water Pump,9110.9,24.2,6.62,13.59,2.8,28.8,1,100.0
2024-01-06 21:00:00,EQ_M001,Compressor,10366.1,25.5,7.51,23.72,6.52,20.0,1,100.0
2024-01-06 21:00:00,EQ_M002,Water Pump,12102.2,25.9,8.0,15.94,2.91,20.0,1,100.0
2024-01-06 21:00:00,EQ_M003,Air Handler,9533.3,24.4,6.83,14.59,2.53,22.9,1,100.0
2024-01-06 21:00:00,EQ_B001,Compressor,6650.4,25.1,4.29,21.74,6.48,66.5,0,63.5
2024-01-06 21:00:00,EQ_B002,Water Pump,9111.5,23.1,7.06,14.52,2.65,27.4,1,100.0
2024-01-06 22:00:00,EQ_M001,Compressor,10367.0,22.9,8.0,21.74,6.83,20.0,1,100.0
2024-01-06 22:00:00,EQ_M002,Water Pump,12103.2,28.3,8.0,15.07,2.91,20.0,1,100.0
2024-01-06 22:00:00,EQ_M003,Air Handler,9534.0,24.8,7.24,18.01,2.89,21.6,1,100.0
2024-01-06 22:00:00,EQ_B001,Compressor,6651.2,24.5,3.96,21.27,6.16,67.5,0,62.5
2024-01-06 22:00:00,EQ_B002,Water Pump,9112.4,22.6,6.44,16.14,3.02,29.3,1,100.0
2024-01-06 23:00:00,EQ_M001,Compressor,10367.9,24.9,7.76,18.91,6.53,20.0,1,100.0
2024-01-06 23:00:00,EQ_M002,Water Pump,12103.7,26.6,8.0,13.75,2.84,20.0,1,100.0
2024-01-06 23:00:00,EQ_M003,Air Handler,9534.9,24.2,7.02,11.79,3.07,22.3,1,100.0
2024-01-06 23:00:00,EQ_B001,Compressor,6652.1,23.8,3.96,19.48,6.4,67.5,0,62.5
2024-01-06 23:00:00,EQ_B002,Water Pump,9113.2,23.3,7.01,16.64,3.07,27.6,1,100.0
2024-01-07 00:00:00,EQ_M001,Compressor,10368.7,24.8,8.0,24.08,6.7,20.0,1,100.0
2024-01-07 00:00:00,EQ_M002,Water Pump,12104.7,28.4,8.0,15.92,2.88,20.0,1,100.0
2024-01-07 00:00:00,EQ_M003,Air Handler,9535.4,23.1,7.59,16.64,2.89,20.5,1,100.0
2024-01-07 00:00:00,EQ_B001,Compressor,6652.7,23.7,4.34,20.92,6.34,66.3,0,63.7
2024-01-07 00:00:00,EQ_B002,Water Pump,9113.9,23.9,6.85,15.52,2.41,28.0,1,100.0
2024-01-07 01:00:00,EQ_M001,Compressor,10369.4,25.1,7.94,21.58,6.63,20.0,1,100.0
2024-01-07 01:00:00,EQ_M002,Water Pump,12105.5,27.0,8.0,12.08,2.97,20.0,1,100.0
2024-01-07 01:00:00,EQ_M003,Air Handler,9536.4,23.8,7.07,15.37,3.11,22.1,1,100.0
2024-01-07 01:00:00,EQ_B001,Compressor,6653.5,23.0,3.98,23.03,6.24,67.4,0,62.6
2024-01-07 01:00:00,EQ_B002,Water Pump,9114.4,23.4,6.22,13.54,3.3,29.9,1,100.0
2024-01-07 02:00:00,EQ_M001,Compressor,10370.4,23.4,7.61,22.95,5.89,20.0,1,100.0
2024-01-07 02:00:00,EQ_M002,Water Pump,12106.2,26.1,8.0,13.93,2.81,20.0,1,100.0
2024-01-07 02:00:00,EQ_M003,Air Handler,9536.9,23.0,6.6,14.5,3.11,23.5,1,100.0
2024-01-07 02:00:00,EQ_B001,Compressor,6654.2,21.7,3.97,22.15,6.96,67.4,0,62.6
2024-01-07 02:00:00,EQ_B002,Water Pump,9115.4,22.9,6.2,13.86,3.45,30.0,1,100.0
2024-01-07 03:00:00,EQ_M001,Compressor,10371.0,24.8,7.54,22.1,6.26,20.0,1,100.0
2024-01-07 03:00:00,EQ_M002,Water Pump,12107.0,27.2,8.0,13.12,3.16,20.0,1,100.0
2024-01-07 03:00:00,EQ_M003,Air Handler,9537.8,23.9,6.98,17.21,3.23,22.3,1,100.0
2024-01-07 03:00:00,EQ_B001,Compressor,6654.9,23.4,3.82,21.03,6.69,67.8,0,62.2
2024-01-07 03:00:00,EQ_B002,Water Pump,9116.0,23.3,6.67,17.02,3.15,28.5,1,100.0
2024-01-07 04:00:00,EQ_M001,Compressor,10371.5,21.2,7.53,21.48,6.46,20.0,1,100.0
2024-01-07 04:00:00,EQ_M002,Water Pump,12107.6,28.5,8.0,17.61,3.04,20.0,1,100.0
2024-01-07 04:00:00,EQ_M003,Air Handler,9538.5,22.9,6.98,16.65,3.07,22.3,1,100.0
2024-01-07 04:00:00,EQ_B001,Compressor,6655.8,22.5,4.17,25.72,6.57,66.8,0,63.2
2024-01-07 04:00:00,EQ_B002,Water Pump,9116.7,24.7,6.17,16.7,2.85,30.0,1,100.0
2024-01-07 05:00:00,EQ_M001,Compressor,10372.3,24.3,7.65,23.28,6.49,20.0,1,100.0
2024-01-07 05:00:00,EQ_M002,Water Pump,12108.3,26.9,8.0,15.74,3.09,20.0,1,100.0
2024-01-07 05:00:00,EQ_M003,Air Handler,9539.3,23.3,6.84,16.53,2.86,22.7,1,100.0
2024-01-07 05:00:00,EQ_B001,Compressor,6656.7,23.9,3.93,22.04,6.57,67.5,0,62.5
2024-01-07 05:00:00,EQ_B002,Water Pump,9117.3,22.3,6.36,12.74,2.99,29.5,1,100.0
2024-01-07 06:00:00,EQ_M001,Compressor,10372.9,24.5,7.97,24.15,6.94,20.0,1,100.0
2024-01-07 06:00:00,EQ_M002,Water Pump,12108.9,27.3,8.0,14.74,2.9,20.0,1,100.0
2024-01-07 06:00:00,EQ_M003,Air Handler,9540.2,21.5,6.66,14.29,2.96,23.3,1,100.0
2024-01-07 06:00:00,EQ_B001,Compressor,6657.6,24.5,4.04,19.32,6.23,67.2,0,62.8
2024-01-07 06:00:00,EQ_B002,Water Pump,9117.9,24.2,6.66,12.94,2.88,28.5,1,100.0
2024-01-07 07:00:00,EQ_M001,Compressor,10373.7,22.9,7.95,23.88,6.51,20.0,1,100.0
2024-01-07 07:00:00,EQ_M002,Water Pump,12109.7,27.7,8.0,15.53,3.14,20.0,1,100.0
2024-01-07 07:00:00,EQ_M003,Air Handler,9540.8,23.3,6.91,17.21,2.94,22.5,1,100.0
2024-01-07 07:00:00,EQ_B001,Compressor,6658.5,24.3,4.22,23.45,6.85,66.6,0,63.4
2024-01-07 07:00:00,EQ_B002,Water Pump,9118.6,22.8,6.52,15.8,2.43,29.0,1,100.0
2024-01-07 08:00:00,EQ_M001,Compressor,10374.4,23.7,7.63,27.32,6.53,20.0,1,100.0
2024-01-07 08:00:00,EQ_M002,Water Pump,12110.4,29.2,8.0,15.37,2.73,20.0,1,100.0
2024-01-07 08:00:00,EQ_M003,Air Handler,9541.6,23.3,6.95,16.1,2.87,22.4,1,100.0
2024-01-07 08:00:00,EQ_B001,Compressor,6659.4,23.1,4.06,23.04,6.68,67.1,0,62.9
2024-01-07 08:00:00,EQ_B002,Water Pump,9119.6,24.2,6.22,12.89,3.29,29.8,1,100.0
2024-01-07 09:00:00,EQ_M001,Compressor,10374.9,25.3,7.98,20.37,6.6,20.0,1,100.0
2024-01-07 09:00:00,EQ_M002,Water Pump,12111.0,28.2,8.0,15.86,2.74,20.0,1,100.0
2024-01-07 09:00:00,EQ_M003,Air Handler,9542.3,22.8,7.36,15.92,2.97,21.1,1,100.0
2024-01-07 09:00:00,EQ_B001,Compressor,6660.0,24.2,4.38,23.21,6.06,66.1,0,63.9
2024-01-07 09:00:00,EQ_B002,Water Pump,9120.2,22.1,6.65,17.02,2.82,28.5,1,100.0
2024-01-07 10:00:00,EQ_M001,Compressor,10375.7,24.7,7.6,20.17,6.19,20.0,1,100.0
2024-01-07 10:00:00,EQ_M002,Water Pump,12111.6,29.3,8.0,14.81,3.24,20.0,1,100.0
2024-01-07 10:00:00,EQ_M003,Air Handler,9542.9,22.3,6.74,16.22,2.99,23.0,1,100.0
2024-01-07 10:00:00,EQ_B001,Compressor,6660.6,24.9,3.91,22.65,6.1,67.5,0,62.5
2024-01-07 10:00:00,EQ_B002,Water Pump,9120.9,21.8,6.39,15.48,2.67,29.3,1,100.0
2024-01-07 11:00:00,EQ_M001,Compressor,10376.5,24.3,7.79,23.16,6.51,20.0,1,100.0
2024-01-07 11:00:00,EQ_M002,Water Pump,12112.5,27.5,8.0,13.89,2.94,20.0,1,100.0
2024-01-07 11:00:00,EQ_M003,Air Handler,9543.5,22.8,7.28,16.04,2.66,21.4,1,100.0
2024-01-07 11:00:00,EQ_B001,Compressor,6661.2,25.5,4.14,19.1,6.54,66.8,0,63.2
2024-01-07 11:00:00,EQ_B002,Water Pump,9121.4,21.3,6.06,13.48,2.84,30.3,1,99.7
2024-01-07 12:00:00,EQ_M001,Compressor,10377.1,24.9,7.92,21.57,6.87,20.0,1,100.0
2024-01-07 12:00:00,EQ_M002,Water Pump,12113.2,27.6,8.0,12.96,2.42,20.0,1,100.0
2024-01-07 12:00:00,EQ_M003,Air Handler,9544.3,24.8,7.48,13.58,2.81,20.8,1,100.0
2024-01-07 12:00:00,EQ_B001,Compressor,6662.2,22.5,3.84,20.75,6.58,67.7,0,62.3
2024-01-07 12:00:00,EQ_B002,Water Pump,9122.2,20.8,6.63,15.87,2.7,28.6,1,100.0
2024-01-07 13:00:00,EQ_M001,Compressor,10377.7,25.0,7.8,25.5,6.69,20.0,1,100.0
2024-01-07 13:00:00,EQ_M002,Water Pump,12113.9,26.7,8.0,14.16,3.51,20.0,1,100.0
2024-01-07 13:00:00,EQ_M003,Air Handler,9544.9,21.4,6.62,15.24,2.95,23.3,1,100.0
2024-01-07 13:00:00,EQ_B001,Compressor,6662.8,22.8,4.02,20.93,6.83,67.1,0,62.9
2024-01-07 13:00:00,EQ_B002,Water Pump,9122.8,21.7,6.54,13.12,3.05,28.8,1,100.0
2024-01-07 14:00:00,EQ_M001,Compressor,10378.2,23.9,7.96,19.37,6.92,20.0,1,100.0
2024-01-07 14:00:00,EQ_M002,Water Pump,12114.7,25.5,8.0,16.01,2.7,20.0,1,100.0
2024-01-07 14:00:00,EQ_M003,Air Handler,9545.8,22.7,7.82,12.44,2.63,20.0,1,100.0
2024-01-07 14:00:00,EQ_B001,Compressor,6663.7,24.5,4.15,19.18,6.42,66.7,0,63.3
2024-01-07 14:00:00,EQ_B002,Water Pump,9123.8,21.2,7.02,14.68,2.92,27.4,1,100.0
2024-01-07 15:00:00,EQ_M001,Compressor,10379.1,26.2,7.72,21.82,6.38,20.0,1,100.0
2024-01-07 15:00:00,EQ_M002,Water Pump,12115.3,27.8,8.0,16.31,2.72,20.0,1,100.0
2024-01-07 15:00:00,EQ_M003,Air Handler,9546.6,23.0,7.12,15.39,2.97,21.8,1,100.0
2024-01-07 15:00:00,EQ_B001,Compressor,6664.6,23.1,3.64,23.01,5.86,68.3,0,61.7
2024-01-07 15:00:00,EQ_B002,Water Pump,9124.5,23.6,6.57,16.2,3.14,28.7,1,100.0
2024-01-07 16:00:00,EQ_M001,Compressor,10379.8,25.0,8.0,23.42,6.77,20.0,1,100.0
2024-01-07 16:00:00,EQ_M002,Water Pump,12116.0,27.9,8.0,15.52,2.84,20.0,1,100.0
2024-01-07 16:00:00,EQ_M003,Air Handler,9547.6,24.4,7.12,13.84,3.06,21.8,1,100.0
2024-01-07 16:00:00,EQ_B001,Compressor,6665.3,22.0,4.24,25.56,6.37,66.5,0,63.5
2024-01-07 16:00:00,EQ_B002,Water Pump,9125.3,21.9,6.99,16.08,2.74,27.5,1,100.0
2024-01-07 17:00:00,EQ_M001,Compressor,10380.4,23.9,7.66,24.13,6.27,20.0,1,100.0
2024-01-07 17:00:00,EQ_M002,Water Pump,12116.6,25.4,8.0,14.07,3.39,20.0,1,100.0
2024-01-07 17:00:00,EQ_M003,Air Handler,9548.2,21.4,6.82,15.38,3.21,22.7,1,100.0
2024-01-07 17:00:00,EQ_B001,Compressor,6666.0,23.0,3.37,25.29,6.6,69.1,0,60.9
2024-01-07 17:00:00,EQ_B002,Water Pump,9126.2,22.4,6.66,16.49,3.29,28.4,1,100.0
2024-01-07 18:00:00,EQ_M001,Compressor,10381.3,24.7,8.0,20.54,6.23,20.0,1,100.0
2024-01-07 18:00:00,EQ_M002,Water Pump,12117.4,27.7,8.0,15.45,3.2,20.0,1,100.0
2024-01-07 18:00:00,EQ_M003,Air Handler,9548.9,22.2,7.64,12.07,3.11,20.2,1,100.0
2024-01-07 18:00:00,EQ_B001,Compressor,6666.9,23.3,5.07,19.5,6.19,64.0,0,66.0
2024-01-07 18:00:00,EQ_B002,Water Pump,9127.1,22.3,6.36,17.61,2.94,29.3,1,100.0
2024-01-07 19:00:00,EQ_M001,Compressor,10381.9,23.7,7.77,20.13,6.24,20.0,1,100.0
2024-01-07 19:00:00,EQ_M002,Water Pump,12118.0,27.5,8.0,13.0,2.86,20.0,1,100.0
2024-01-07 19:00:00,EQ_M003,Air Handler,9549.7,24.1,7.33,16.21,2.96,21.1,1,100.0
2024-01-07 19:00:00,EQ_B001,Compressor,6667.7,23.6,4.33,23.69,6.89,66.2,0,63.8
2024-01-07 19:00:00,EQ_B002,Water Pump,9127.7,24.3,6.7,15.27,2.94,28.3,1,100.0
2024-01-07 20:00:00,EQ_M001,Compressor,10382.9,23.2,8.0,21.99,6.28,20.0,1,100.0
2024-01-07 20:00:00,EQ_M002,Water Pump,12118.8,28.1,8.0,16.39,2.59,20.0,1,100.0
2024-01-07 20:00:00,EQ_M003,Air Handler,9550.6,23.5,7.49,13.67,3.05,20.6,1,100.0
2024-01-07 20:00:00,EQ_B001,Compressor,6668.4,24.0,3.93,21.53,6.62,67.3,0,62.7
2024-01-07 20:00:00,EQ_B002,Water Pump,9128.5,24.1,6.59,17.72,3.03,28.6,1,100.0
2024-01-07 21:00:00,EQ_M001,Compressor,10383.8,25.8,7.93,23.68,5.99,20.0,1,100.0
2024-01-07 21:00:00,EQ_M002,Water Pump,12119.5,27.3,8.0,14.87,2.97,20.0,1,100.0
2024-01-07 21:00:00,EQ_M003,Air Handler,9551.2,21.4,6.57,13.71,2.88,23.4,1,100.0
2024-01-07 21:00:00,EQ_B001,Compressor,6669.1,22.4,4.26,21.72,6.67,66.4,0,63.6
2024-01-07 21:00:00,EQ_B002,Water Pump,9129.4,23.4,6.73,14.48,2.99,28.2,1,100.0
2024-01-07 22:00:00,EQ_M001,Compressor,10384.8,26.5,8.0,25.45,6.3,20.0,1,100.0
2024-01-07 22:00:00,EQ_M002,Water Pump,12120.2,27.2,8.0,16.15,2.79,20.0,1,100.0
2024-01-07 22:00:00,EQ_M003,Air Handler,9551.9,23.8,7.19,12.98,2.83,21.5,1,100.0
2024-01-07 22:00:00,EQ_B001,Compressor,6670.1,24.0,4.5,21.21,6.35,65.6,0,64.4
2024-01-07 22:00:00,EQ_B002,Water Pump,9130.2,22.5,7.14,11.93,3.08,27.0,1,100.0
2024-01-07 23:00:00,EQ_M001,Compressor,10385.7,25.3,7.87,21.77,6.39,20.0,1,100.0
2024-01-07 23:00:00,EQ_M002,Water Pump,12121.0,27.9,8.0,15.78,3.47,20.0,1,100.0
2024-01-07 23:00:00,EQ_M003,Air Handler,9552.4,24.3,6.9,16.89,3.15,22.4,1,100.0
2024-01-07 23:00:00,EQ_B001,Compressor,6671.0,23.8,4.53,24.58,6.95,65.5,0,64.5
2024-01-07 23:00:00,EQ_B002,Water Pump,9131.0,22.7,6.49,16.3,2.93,28.9,1,100.0
2024-01-08 00:00:00,EQ_M001,Compressor,10386.2,23.6,7.68,22.52,6.48,20.0,1,100.0
2024-01-08 00:00:00,EQ_M002,Water Pump,12121.5,26.6,8.0,12.86,2.98,20.0,1,100.0
2024-01-08 00:00:00,EQ_M003,Air Handler,9552.9,23.5,6.84,14.61,3.27,22.6,1,100.0
2024-01-08 00:00:00,EQ_B001,Compressor,6671.9,23.4,3.91,22.14,6.37,67.4,0,62.6
2024-01-08 00:00:00,EQ_B002,Water Pump,9131.9,23.3,6.45,18.41,2.71,29.0,1,100.0
2024-01-08 01:00:00,EQ_M001,Compressor,10386.9,23.3,7.67,19.09,6.32,20.0,1,100.0
2024-01-08 01:00:00,EQ_M002,Water Pump,12122.2,27.8,8.0,12.82,2.98,20.0,1,100.0
2024-01-08 01:00:00,EQ_M003,Air Handler,9553.7,22.0,7.01,14.4,2.91,22.0,1,100.0
2024-01-08 01:00:00,EQ_B001,Compressor,6672.6,22.3,3.9,19.56,6.27,67.4,0,62.6
2024-01-08 01:00:00,EQ_B002,Water Pump,9132.8,21.5,6.53,12.08,2.64,28.7,1,100.0
2024-01-08 02:00:00,EQ_M001,Compressor,10387.8,23.7,8.0,21.39,6.74,20.0,1,100.0
2024-01-08 02:00:00,EQ_M002,Water Pump,12123.1,27.0,8.0,14.12,2.73,20.0,1,100.0
2024-01-08 02:00:00,EQ_M003,Air Handler,9554.3,23.2,6.87,15.13,3.39,22.5,1,100.0
2024-01-08 02:00:00,EQ_B001,Compressor,6673.4,21.4,3.82,20.3,6.4,67.6,0,62.4
2024-01-08 02:00:00,EQ_B002,Water Pump,9133.6,23.3,6.06,14.99,2.93,30.2,1,99.8
2024-01-08 03:00:00,EQ_M001,Compressor,10388.5,22.2,8.0,21.63,6.26,20.0,1,100.0
2024-01-08 03:00:00,EQ_M002,Water Pump,12123.7,26.4,8.0,15.34,2.65,20.0,1,100.0
2024-01-08 03:00:00,EQ_M003,Air Handler,9554.9,23.5,6.71,14.71,3.05,22.9,1,100.0
2024-01-08 03:00:00,EQ_B001,Compressor,6674.3,23.9,4.47,22.62,6.64,65.7,0,64.3
2024-01-08 03:00:00,EQ_B002,Water Pump,9134.2,22.7,6.78,11.04,3.38,28.0,1,100.0
2024-01-08 04:00:00,EQ_M001,Compressor,10389.2,22.9,8.0,23.47,6.01,20.0,1,100.0
2024-01-08 04:00:00,EQ_M002,Water Pump,12124.5,28.4,8.0,13.88,3.2,20.0,1,100.0
2024-01-08 04:00:00,EQ_M003,Air Handler,9555.6,21.5,7.3,14.86,2.68,21.1,1,100.0
2024-01-08 04:00:00,EQ_B001,Compressor,6674.9,22.3,4.55,24.44,6.39,65.4,0,64.6
2024-01-08 04:00:00,EQ_B002,Water Pump,9134.8,21.6,6.6,12.97,2.73,28.5,1,100.0
2024-01-08 05:00:00,EQ_M001,Compressor,10390.1,23.5,7.72,19.46,6.0,20.0,1,100.0
2024-01-08 05:00:00,EQ_M002,Water Pump,12125.4,26.4,8.0,16.27,3.07,20.0,1,100.0
2024-01-08 05:00:00,EQ_M003,Air Handler,9556.2,21.9,6.76,14.6,3.22,22.8,1,100.0
2024-01-08 05:00:00,EQ_B001,Compressor,6675.5,23.2,4.48,23.55,6.45,65.6,0,64.4
2024-01-08 05:00:00,EQ_B002,Water Pump,9135.3,22.5,6.53,12.74,2.93,28.7,1,100.0
2024-01-08 06:00:00,EQ_M001,Compressor,10391.0,25.2,8.0,22.19,6.48,20.0,1,100.0
2024-01-08 06:00:00,EQ_M002,Water Pump,12126.2,29.5,8.0,13.78,3.13,20.0,1,100.0
2024-01-08 06:00:00,EQ_M003,Air Handler,9557.1,22.1,7.29,14.69,2.93,21.2,1,100.0
2024-01-08 06:00:00,EQ_B001,Compressor,6676.3,21.9,4.19,19.83,6.55,66.5,0,63.5
2024-01-08 06:00:00,EQ_B002,Water Pump,9136.1,23.5,6.18,15.18,3.15,29.8,1,100.0
2024-01-08 07:00:00,EQ_M001,Compressor,10391.7,25.5,7.23,23.1,6.52,20.0,1,100.0
2024-01-08 07:00:00,EQ_M002,Water Pump,12127.0,25.7,8.0,12.96,2.96,20.0,1,100.0
2024-01-08 07:00:00,EQ_M003,Air Handler,9558.0,21.5,7.34,17.77,3.21,21.0,1,100.0
2024-01-08 07:00:00,EQ_B001,Compressor,6677.3,22.7,4.24,23.89,6.18,66.3,0,63.7
2024-01-08 07:00:00,EQ_B002,Water Pump,9136.7,23.9,6.07,17.33,3.2,30.1,1,99.9
2024-01-08 08:00:00,EQ_M001,Compressor,10392.3,24.3,7.77,24.77,6.2,20.0,1,100.0
2024-01-08 08:00:00,EQ_M002,Water Pump,12127.8,28.3,8.0,9.72,3.14,20.0,1,100.0
2024-01-08 08:00:00,EQ_M003,Air Handler,9558.9,23.9,7.87,15.58,2.97,20.0,1,100.0
2024-01-08 08:00:00,EQ_B001,Compressor,6677.9,24.3,4.17,22.08,6.8,66.5,0,63.5
2024-01-08 08:00:00,EQ_B002,Water Pump,9137.4,23.3,6.45,16.81,2.77,28.9,1,100.0
2024-01-08 09:00:00,EQ_M001,Compressor,10392.9,24.1,7.86,23.03,6.3,20.0,1,100.0
2024-01-08 09:00:00,EQ_M002,Water Pump,12128.4,26.4,8.0,11.65,3.34,20.0,1,100.0
2024-01-08 09:00:00,EQ_M003,Air Handler,9559.5,24.1,6.88,16.19,2.89,22.4,1,100.0
2024-01-08 09:00:00,EQ_B001,Compressor,6678.5,23.4,4.02,20.58,6.29,67.0,0,63.0
2024-01-08 09:00:00,EQ_B002,Water Pump,9138.2,23.3,6.83,15.0,2.9,27.8,1,100.0
2024-01-08 10:00:00,EQ_M001,Compressor,10393.7,23.3,8.0,20.13,6.58,20.0,1,100.0
2024-01-08 10:00:00,EQ_M002,Water Pump,12129.3,27.5,8.0,15.33,3.01,20.0,1,100.0
2024-01-08 10:00:00,EQ_M003,Air Handler,9560.2,22.7,7.19,13.22,2.9,21.4,1,100.0
2024-01-08 10:00:00,EQ_B001,Compressor,6679.2,23.2,4.2,20.74,6.54,66.4,0,63.6
2024-01-08 10:00:00,EQ_B002,Water Pump,9138.9,22.4,6.62,13.9,3.02,28.4,1,100.0
2024-01-08 11:00:00,EQ_M001,Compressor,10394.5,23.6,7.66,22.95,6.07,20.0,1,100.0
2024-01-08 11:00:00,EQ_M002,Water Pump,12130.0,26.5,8.0,18.14,2.83,20.0,1,100.0
2024-01-08 11:00:00,EQ_M003,Air Handler,9561.2,24.7,7.18,15.84,3.13,21.5,1,100.0
2024-01-08 11:00:00,EQ_B001,Compressor,6679.9,23.7,4.29,22.28,6.31,66.1,0,63.9
2024-01-08 11:00:00,EQ_B002,Water Pump,9139.7,22.5,6.89,16.19,2.58,27.6,1,100.0
2024-01-08 12:00:00,EQ_M001,Compressor,10395.1,23.6,8.0,21.58,6.2,20.0,1,100.0
2024-01-08 12:00:00,EQ_M002,Water Pump,12130.9,27.1,8.0,15.18,2.63,20.0,1,100.0
2024-01-08 12:00:00,EQ_M003,Air Handler,9561.8,21.7,7.11,14.08,3.38,21.6,1,100.0
2024-01-08 12:00:00,EQ_B001,Compressor,6680.4,22.8,4.38,21.57,6.74,65.8,0,64.2
2024-01-08 12:00:00,EQ_B002,Water Pump,9140.6,22.9,6.47,14.56,3.05,28.8,1,100.0
2024-01-08 13:00:00,EQ_M001,Compressor,10396.1,23.6,7.19,24.69,6.52,20.0,1,100.0
2024-01-08 13:00:00,EQ_M002,Water Pump,12131.7,27.9,8.0,13.13,3.24,20.0,1,100.0
2024-01-08 13:00:00,EQ_M003,Air Handler,9562.8,23.4,6.87,16.02,2.75,22.3,1,100.0
2024-01-08 13:00:00,EQ_B001,Compressor,6681.1,24.1,4.05,18.24,6.33,66.8,0,63.2
2024-01-08 13:00:00,EQ_B002,Water Pump,9141.3,22.4,7.06,13.04,2.93,27.1,1,100.0
2024-01-08 14:00:00,EQ_M001,Compressor,10396.8,23.0,8.0,22.21,6.72,20.0,1,100.0
2024-01-08 14:00:00,EQ_M002,Water Pump,12132.6,27.2,8.0,14.91,2.84,20.0,1,100.0
2024-01-08 14:00:00,EQ_M003,Air Handler,9563.7,23.8,6.67,12.17,3.33,22.9,1,100.0
2024-01-08 14:00:00,EQ_B001,Compressor,6681.8,22.5,3.65,21.25,5.86,68.0,0,62.0
2024-01-08 14:00:00,EQ_B002,Water Pump,9142.1,23.8,6.32,15.78,2.78,29.3,1,100.0
2024-01-08 15:00:00,EQ_M001,Compressor,10397.5,25.5,8.0,22.12,6.48,20.0,1,100.0
2024-01-08 15:00:00,EQ_M002,Water Pump,12133.5,27.2,8.0,16.22,3.11,20.0,1,100.0
2024-01-08 15:00:00,EQ_M003,Air Handler,9564.2,20.9,7.22,16.02,3.18,21.3,1,100.0
2024-01-08 15:00:00,EQ_B001,Compressor,6682.4,23.2,4.78,24.32,6.3,64.6,0,65.4
2024-01-08 15:00:00,EQ_B002,Water Pump,9142.8,23.2,6.19,13.1,2.9,29.6,1,100.0
2024-01-08 16:00:00,EQ_M001,Compressor,10398.3,25.3,7.94,25.35,6.4,20.0,1,100.0
2024-01-08 16:00:00,EQ_M002,Water Pump,12134.1,27.4,8.0,18.31,2.97,20.0,1,100.0
2024-01-08 16:00:00,EQ_M003,Air Handler,9565.0,23.0,7.52,14.58,3.26,20.4,1,100.0
2024-01-08 16:00:00,EQ_B001,Compressor,6683.1,22.0,4.57,23.61,6.24,65.3,0,64.7
2024-01-08 16:00:00,EQ_B002,Water Pump,9143.4,19.2,6.55,14.62,2.76,28.6,1,100.0
2024-01-08 17:00:00,EQ_M001,Compressor,10399.3,25.0,8.0,22.79,6.95,20.0,1,100.0
2024-01-08 17:00:00,EQ_M002,Water Pump,12134.7,28.3,8.0,15.18,3.01,20.0,1,100.0
2024-01-08 17:00:00,EQ_M003,Air Handler,9565.7,24.3,7.17,14.12,2.77,21.4,1,100.0
2024-01-08 17:00:00,EQ_B001,Compressor,6683.7,21.4,3.97,22.98,6.77,67.0,0,63.0
2024-01-08 17:00:00,EQ_B002,Water Pump,9144.1,23.6,6.46,13.88,3.2,28.8,1,100.0
2024-01-08 18:00:00,EQ_M001,Compressor,10400.1,23.6,8.0,23.86,6.85,20.0,1,100.0
2024-01-08 18:00:00,EQ_M002,Water Pump,12135.4,27.3,8.0,14.36,3.03,20.0,1,100.0
2024-01-08 18:00:00,EQ_M003,Air Handler,9566.5,23.1,6.83,15.04,2.92,22.4,1,100.0
2024-01-08 18:00:00,EQ_B001,Compressor,6684.5,21.8,4.04,21.38,7.04,66.8,0,63.2
2024-01-08 18:00:00,EQ_B002,Water Pump,9144.6,22.5,6.44,17.1,3.26,28.9,1,100.0
2024-01-08 19:00:00,EQ_M001,Compressor,10400.8,24.3,7.18,22.58,6.99,20.0,1,100.0
2024-01-08 19:00:00,EQ_M002,Water Pump,12136.1,29.1,8.0,14.65,3.02,20.0,1,100.0
2024-01-08 19:00:00,EQ_M003,Air Handler,9567.3,24.3,7.2,16.09,2.52,21.3,1,100.0
2024-01-08 19:00:00,EQ_B001,Compressor,6685.1,23.4,4.27,24.01,6.14,66.1,0,63.9
2024-01-08 19:00:00,EQ_B002,Water Pump,9145.3,24.2,6.49,15.71,3.42,28.7,1,100.0
2024-01-08 20:00:00,EQ_M001,Compressor,10401.6,23.4,7.83,24.26,6.82,20.0,1,100.0
2024-01-08 20:00:00,EQ_M002,Water Pump,12136.7,27.7,8.0,15.97,3.19,20.0,1,100.0
2024-01-08 20:00:00,EQ_M003,Air Handler,9568.0,22.1,7.33,15.27,2.59,20.9,1,100.0
2024-01-08 20:00:00,EQ_B001,Compressor,6685.9,21.2,4.02,18.9,6.05,66.9,0,63.1
2024-01-08 20:00:00,EQ_B002,Water Pump,9146.0,21.9,6.22,12.47,2.99,29.5,1,100.0
2024-01-08 21:00:00,EQ_M001,Compressor,10402.1,23.5,8.0,20.53,6.5,20.0,1,100.0
2024-01-08 21:00:00,EQ_M002,Water Pump,12137.6,26.2,8.0,16.19,2.72,20.0,1,100.0
2024-01-08 21:00:00,EQ_M003,Air Handler,9568.6,23.3,7.45,11.77,2.92,20.6,1,100.0
2024-01-08 21:00:00,EQ_B001,Compressor,6686.7,23.5,4.51,21.2,6.05,65.4,0,64.6
2024-01-08 21:00:00,EQ_B002,Water Pump,9146.5,22.4,6.57,15.9,2.96,28.5,1,100.0
2024-01-08 22:00:00,EQ_M001,Compressor,10402.7,23.9,7.93,22.34,6.18,20.0,1,100.0
2024-01-08 22:00:00,EQ_M002,Water Pump,12138.3,25.9,8.0,13.38,2.98,20.0,1,100.0
2024-01-08 22:00:00,EQ_M003,Air Handler,9569.1,22.6,6.39,13.75,3.03,23.7,1,100.0
2024-01-08 22:00:00,EQ_B001,Compressor,6687.7,23.5,4.57,19.47,6.51,65.2,0,64.8
2024-01-08 22:00:00,EQ_B002,Water Pump,9147.2,22.7,6.4,15.17,2.88,28.9,1,100.0
2024-01-08 23:00:00,EQ_M001,Compressor,10403.6,24.6,7.99,20.23,6.62,20.0,1,100.0
2024-01-08 23:00:00,EQ_M002,Water Pump,12138.8,26.5,8.0,12.78,3.16,20.0,1,100.0
2024-01-08 23:00:00,EQ_M003,Air Handler,9569.7,23.4,6.66,14.62,2.85,22.9,1,100.0
2024-01-08 23:00:00,EQ_B001,Compressor,6688.5,23.2,4.8,21.06,6.46,64.5,0,65.5
2024-01-08 23:00:00,EQ_B002,Water Pump,9148.0,23.9,5.95,16.35,3.0,30.3,1,99.7
2024-01-09 00:00:00,EQ_M001,Compressor,10404.6,23.0,7.59,21.14,6.89,20.0,1,100.0
2024-01-09 00:00:00,EQ_M002,Water Pump,12139.4,26.7,8.0,13.32,3.03,20.0,1,100.0
2024-01-09 00:00:00,EQ_M003,Air Handler,9570.3,24.0,6.85,15.26,2.69,22.3,1,100.0
2024-01-09 00:00:00,EQ_B001,Compressor,6689.2,20.4,4.42,20.69,6.42,65.6,0,64.4
2024-01-09 00:00:00,EQ_B002,Water Pump,9148.8,21.5,6.46,15.47,2.91,28.7,1,100.0
2024-01-09 01:00:00,EQ_M001,Compressor,10405.1,23.7,7.93,21.87,6.27,20.0,1,100.0
2024-01-09 01:00:00,EQ_M002,Water Pump,12140.4,27.2,8.0,15.08,2.82,20.0,1,100.0
2024-01-09 01:00:00,EQ_M003,Air Handler,9571.2,20.5,7.66,17.49,3.12,20.0,1,100.0
2024-01-09 01:00:00,EQ_B001,Compressor,6690.0,22.5,4.31,22.29,6.67,66.0,0,64.0
2024-01-09 01:00:00,EQ_B002,Water Pump,9149.7,21.1,6.63,13.46,3.23,28.2,1,100.0
2024-01-09 02:00:00,EQ_M001,Compressor,10405.7,22.8,7.53,19.94,6.83,20.0,1,100.0
2024-01-09 02:00:00,EQ_M002,Water Pump,12141.3,25.9,8.0,15.96,3.02,20.0,1,100.0
2024-01-09 02:00:00,EQ_M003,Air Handler,9571.9,23.5,7.4,15.58,3.18,20.6,1,100.0
2024-01-09 02:00:00,EQ_B001,Compressor,6690.8,22.8,4.39,18.94,6.55,65.7,0,64.3
2024-01-09 02:00:00,EQ_B002,Water Pump,9150.5,23.1,6.34,14.21,2.91,29.1,1,100.0
2024-01-09 03:00:00,EQ_M001,Compressor,10406.6,22.8,8.0,23.96,6.2,20.0,1,100.0
2024-01-09 03:00:00,EQ_M002,Water Pump,12142.0,29.1,8.0,14.25,2.99,20.0,1,100.0
2024-01-09 03:00:00,EQ_M003,Air Handler,9572.7,22.4,7.2,15.97,3.18,21.2,1,100.0
2024-01-09 03:00:00,EQ_B001,Compressor,6691.7,24.1,3.85,23.29,6.02,67.3,0,62.7
2024-01-09 03:00:00,EQ_B002,Water Pump,9151.0,23.3,6.66,14.2,2.72,28.1,1,100.0
2024-01-09 04:00:00,EQ_M001,Compressor,10407.1,23.0,7.75,18.49,6.61,20.0,1,100.0
2024-01-09 04:00:00,EQ_M002,Water Pump,12142.6,27.6,8.0,17.7,2.84,20.0,1,100.0
2024-01-09 04:00:00,EQ_M003,Air Handler,9573.2,22.1,7.1,14.15,3.09,21.5,1,100.0
2024-01-09 04:00:00,EQ_B001,Compressor,6692.6,23.5,3.81,20.03,7.02,67.4,0,62.6
2024-01-09 04:00:00,EQ_B002,Water Pump,9151.6,23.0,7.29,15.43,3.12,26.2,1,100.0
2024-01-09 05:00:00,EQ_M001,Compressor,10408.1,24.7,8.0,20.42,6.51,20.0,1,100.0
2024-01-09 05:00:00,EQ_M002,Water Pump,12143.3,27.7,8.0,16.12,2.81,20.0,1,100.0
2024-01-09 05:00:00,EQ_M003,Air Handler,9574.0,23.8,7.14,17.17,2.99,21.4,1,100.0
2024-01-09 05:00:00,EQ_B001,Compressor,6693.6,23.2,3.67,21.64,6.48,67.8,0,62.2
2024-01-09 05:00:00,EQ_B002,Water Pump,9152.2,23.8,7.4,14.21,3.43,25.9,1,100.0
2024-01-09 06:00:00,EQ_M001,Compressor,10408.6,23.1,7.91,21.02,6.9,20.0,1,100.0
2024-01-09 06:00:00,EQ_M002,Water Pump,12144.0,27.4,8.0,15.58,2.99,20.0,1,100.0
2024-01-09 06:00:00,EQ_M003,Air Handler,9574.5,23.4,7.27,13.52,3.03,21.0,1,100.0
2024-01-09 06:00:00,EQ_B001,Compressor,6694.6,22.5,4.45,22.16,5.75,65.5,0,64.5
2024-01-09 06:00:00,EQ_B002,Water Pump,9153.1,23.1,6.95,15.11,3.16,27.2,1,100.0
2024-01-09 07:00:00,EQ_M001,Compressor,10409.4,24.2,7.76,19.39,6.76,20.0,1,100.0
2024-01-09 07:00:00,EQ_M002,Water Pump,12144.9,28.1,8.0,15.31,2.94,20.0,1,100.0
2024-01-09 07:00:00,EQ_M003,Air Handler,9575.0,23.0,7.02,13.92,2.88,21.7,1,100.0
2024-01-09 07:00:00,EQ_B001,Compressor,6695.6,23.6,4.69,22.45,6.99,64.7,0,65.3
2024-01-09 07:00:00,EQ_B002,Water Pump,9153.8,21.9,6.24,13.84,3.04,29.3,1,100.0
2024-01-09 08:00:00,EQ_M001,Compressor,10409.9,23.6,8.0,23.75,6.32,20.0,1,100.0
2024-01-09 08:00:00,EQ_M002,Water Pump,12145.6,27.2,8.0,12.41,2.8,20.0,1,100.0
2024-01-09 08:00:00,EQ_M003,Air Handler,9575.8,21.3,7.02,17.38,2.95,21.8,1,100.0
2024-01-09 08:00:00,EQ_B001,Compressor,6696.4,24.2,4.11,23.82,6.09,66.5,0,63.5
2024-01-09 08:00:00,EQ_B002,Water Pump,9154.7,22.8,7.08,16.19,2.91,26.8,1,100.0
2024-01-09 09:00:00,EQ_M001,Compressor,10410.6,23.1,7.71,20.67,6.77,20.0,1,100.0
2024-01-09 09:00:00,EQ_M002,Water Pump,12146.1,28.6,8.0,12.54,2.88,20.0,1,100.0
2024-01-09 09:00:00,EQ_M003,Air Handler,9576.3,23.1,6.64,16.04,3.21,22.9,1,100.0
2024-01-09 09:00:00,EQ_B001,Compressor,6697.0,21.1,3.99,20.5,6.58,66.8,0,63.2
2024-01-09 09:00:00,EQ_B002,Water Pump,9155.3,22.3,6.98,15.65,3.15,27.1,1,100.0
2024-01-09 10:00:00,EQ_M001,Compressor,10411.1,22.9,7.91,24.8,6.05,20.0,1,100.0
2024-01-09 10:00:00,EQ_M002,Water Pump,12146.9,26.9,8.0,14.17,3.25,20.0,1,100.0
2024-01-09 10:00:00,EQ_M003,Air Handler,9577.2,24.5,7.61,15.54,2.91,20.0,1,100.0
2024-01-09 10:00:00,EQ_B001,Compressor,6697.8,23.5,4.75,22.49,6.57,64.5,0,65.5
2024-01-09 10:00:00,EQ_B002,Water Pump,9156.0,21.9,5.72,18.29,2.97,30.9,1,99.1
2024-01-09 11:00:00,EQ_M001,Compressor,10411.7,24.3,7.47,23.9,6.88,20.0,1,100.0
2024-01-09 11:00:00,EQ_M002,Water Pump,12147.4,27.7,8.0,13.58,3.27,20.0,1,100.0
2024-01-09 11:00:00,EQ_M003,Air Handler,9578.0,21.2,7.18,13.19,2.87,21.2,1,100.0
2024-01-09 11:00:00,EQ_B001,Compressor,6698.5,22.5,3.64,22.6,6.77,67.9,0,62.1
2024-01-09 11:00:00,EQ_B002,Water Pump,9156.8,23.3,6.66,15.65,2.87,28.1,1,100.0
2024-01-09 12:00:00,EQ_M001,Compressor,10412.3,24.4,7.81,22.05,6.79,20.0,1,100.0
2024-01-09 12:00:00,EQ_M002,Water Pump,12148.3,27.8,8.0,15.45,3.16,20.0,1,100.0
2024-01-09 12:00:00,EQ_M003,Air Handler,9578.6,22.5,6.52,15.9,2.98,23.2,1,100.0
2024-01-09 12:00:00,EQ_B001,Compressor,6699.4,22.0,3.82,22.32,6.44,67.3,0,62.7
2024-01-09 12:00:00,EQ_B002,Water Pump,9157.6,23.5,6.02,18.9,2.75,30.0,1,100.0
2024-01-09 13:00:00,EQ_M001,Compressor,10413.2,22.5,8.0,22.55,6.32,20.0,1,100.0
2024-01-09 13:00:00,EQ_M002,Water Pump,12149.2,27.2,8.0,15.26,2.81,20.0,1,100.0
2024-01-09 13:00:00,EQ_M003,Air Handler,9579.4,22.6,7.06,14.43,3.29,21.6,1,100.0
2024-01-09 13:00:00,EQ_B001,Compressor,6700.1,23.4,4.06,20.58,6.09,66.6,0,63.4
2024-01-09 13:00:00,EQ_B002,Water Pump,9158.4,21.5,7.11,13.29,2.92,26.7,1,100.0
2024-01-09 14:00:00,EQ_M001,Compressor,10414.1,23.4,7.88,21.34,6.0,20.0,1,100.0
2024-01-09 14:00:00,EQ_M002,Water Pump,12149.9,25.7,8.0,16.13,2.83,20.0,1,100.0
2024-01-09 14:00:00,EQ_M003,Air Handler,9579.9,24.1,7.41,18.28,3.07,20.5,1,100.0
2024-01-09 14:00:00,EQ_B001,Compressor,6700.9,21.8,3.79,23.61,6.21,67.4,0,62.6
2024-01-09 14:00:00,EQ_B002,Water Pump,9159.0,22.9,6.74,16.11,2.96,27.8,1,100.0
2024-01-09 15:00:00,EQ_M001,Compressor,10414.9,24.5,8.0,23.2,6.19,20.0,1,100.0
2024-01-09 15:00:00,EQ_M002,Water Pump,12150.6,26.5,8.0,15.33,3.12,20.0,1,100.0
2024-01-09 15:00:00,EQ_M003,Air Handler,9580.6,22.1,7.48,16.54,2.84,20.3,1,100.0
2024-01-09 15:00:00,EQ_B001,Compressor,6701.5,21.7,3.89,22.9,6.45,67.0,0,63.0
2024-01-09 15:00:00,EQ_B002,Water Pump,9160.0,23.7,6.53,15.27,2.93,28.4,1,100.0
2024-01-09 16:00:00,EQ_M001,Compressor,10415.5,23.7,7.6,22.06,6.63,20.0,1,100.0
2024-01-09 16:00:00,EQ_M002,Water Pump,12151.6,26.7,8.0,13.52,3.38,20.0,1,100.0
2024-01-09 16:00:00,EQ_M003,Air Handler,9581.2,21.7,6.84,15.5,3.22,22.2,1,100.0
2024-01-09 16:00:00,EQ_B001,Compressor,6702.5,21.6,3.91,24.44,6.68,67.0,0,63.0
2024-01-09 16:00:00,EQ_B002,Water Pump,9160.5,22.4,6.33,18.21,2.68,29.0,1,100.0
2024-01-09 17:00:00,EQ_M001,Compressor,10416.2,21.8,7.83,23.26,6.15,20.0,1,100.0
2024-01-09 17:00:00,EQ_M002,Water Pump,12152.4,26.8,8.0,14.94,3.14,20.0,1,100.0
2024-01-09 17:00:00,EQ_M003,Air Handler,9582.1,22.0,7.52,16.37,3.1,20.2,1,100.0
2024-01-09 17:00:00,EQ_B001,Compressor,6703.4,23.4,3.83,23.13,6.43,67.2,0,62.8
2024-01-09 17:00:00,EQ_B002,Water Pump,9161.1,23.8,6.19,13.14,2.83,29.4,1,100.0
2024-01-09 18:00:00,EQ_M001,Compressor,10417.1,24.4,8.0,21.61,6.62,20.0,1,100.0
2024-01-09 18:00:00,EQ_M002,Water Pump,12153.2,27.8,8.0,17.61,2.98,20.0,1,100.0
2024-01-09 18:00:00,EQ_M003,Air Handler,9582.9,23.2,7.11,17.18,3.23,21.4,1,100.0
2024-01-09 18:00:00,EQ_B001,Compressor,6704.2,23.0,4.38,20.23,6.47,65.5,0,64.5
2024-01-09 18:00:00,EQ_B002,Water Pump,9162.1,23.5,6.67,15.41,3.02,28.0,1,100.0
2024-01-09 19:00:00,EQ_M001,Compressor,10418.0,22.7,7.67,22.09,6.45,20.0,1,100.0
2024-01-09 19:00:00,EQ_M002,Water Pump,12154.2,27.0,8.0,16.4,3.06,20.0,1,100.0
2024-01-09 19:00:00,EQ_M003,Air Handler,9583.8,22.2,6.97,14.37,3.04,21.8,1,100.0
2024-01-09 19:00:00,EQ_B001,Compressor,6704.8,22.5,4.38,21.17,6.02,65.5,0,64.5
2024-01-09 19:00:00,EQ_B002,Water Pump,9162.7,23.0,6.37,13.55,2.97,28.9,1,100.0
2024-01-09 20:00:00,EQ_M001,Compressor,10418.9,23.6,7.88,23.55,6.25,20.0,1,100.0
2024-01-09 20:00:00,EQ_M002,Water Pump,12154.9,26.8,8.0,13.65,2.85,20.0,1,100.0
2024-01-09 20:00:00,EQ_M003,Air Handler,9584.6,23.9,7.03,14.22,2.8,21.6,1,100.0
2024-01-09 20:00:00,EQ_B001,Compressor,6705.6,21.9,3.96,24.68,6.83,66.8,0,63.2
2024-01-09 20:00:00,EQ_B002,Water Pump,9163.6,23.8,7.21,14.33,3.09,26.3,1,100.0
2024-01-09 21:00:00,EQ_M001,Compressor,10419.6,22.7,8.0,25.2,6.22,20.0,1,100.0
2024-01-09 21:00:00,EQ_M002,Water Pump,12155.7,27.7,8.0,12.63,3.12,20.0,1,100.0
2024-01-09 21:00:00,EQ_M003,Air Handler,9585.1,23.5,7.18,15.54,3.06,21.1,1,100.0
2024-01-09 21:00:00,EQ_B001,Compressor,6706.3,23.1,4.59,22.87,6.59,64.9,0,65.1
2024-01-09 21:00:00,EQ_B002,Water Pump,9164.4,22.8,6.69,15.77,3.0,27.9,1,100.0
2024-01-09 22:00:00,EQ_M001,Compressor,10420.1,23.6,7.39,20.44,6.63,20.0,1,100.0
2024-01-09 22:00:00,EQ_M002,Water Pump,12156.3,26.8,8.0,14.77,3.11,20.0,1,100.0
2024-01-09 22:00:00,EQ_M003,Air Handler,9586.0,22.9,7.42,13.93,3.06,20.4,1,100.0
2024-01-09 22:00:00,EQ_B001,Compressor,6706.8,21.3,3.91,26.05,6.1,66.9,0,63.1
2024-01-09 22:00:00,EQ_B002,Water Pump,9164.9,23.0,7.24,14.73,3.26,26.2,1,100.0
2024-01-09 23:00:00,EQ_M001,Compressor,10420.8,23.7,8.0,20.65,6.47,20.0,1,100.0
2024-01-09 23:00:00,EQ_M002,Water Pump,12157.1,26.8,8.0,12.77,3.36,20.0,1,100.0
2024-01-09 23:00:00,EQ_M003,Air Handler,9586.8,22.6,7.11,15.94,2.9,21.3,1,100.0
2024-01-09 23:00:00,EQ_B001,Compressor,6707.5,22.7,4.26,22.41,6.12,65.9,0,64.1
2024-01-09 23:00:00,EQ_B002,Water Pump,9165.7,21.2,6.32,15.21,3.3,29.0,1,100.0
2024-01-10 00:00:00,EQ_M001,Compressor,10421.7,22.6,7.43,24.17,6.55,20.0,1,100.0
2024-01-10 00:00:00,EQ_M002,Water Pump,12157.6,24.4,8.0,14.41,3.03,20.0,1,100.0
2024-01-10 00:00:00,EQ_M003,Air Handler,9587.7,21.2,6.92,13.65,3.17,21.9,1,100.0
2024-01-10 00:00:00,EQ_B001,Compressor,6708.5,22.5,3.85,21.44,6.7,67.1,0,62.9
2024-01-10 00:00:00,EQ_B002,Water Pump,9166.3,23.2,6.63,15.13,2.62,28.0,1,100.0
2024-01-10 01:00:00,EQ_M001,Compressor,10422.7,23.0,8.0,20.72,6.65,20.0,1,100.0
2024-01-10 01:00:00,EQ_M002,Water Pump,12158.2,28.0,8.0,14.62,2.89,20.0,1,100.0
2024-01-10 01:00:00,EQ_M003,Air Handler,9588.6,23.6,6.86,15.42,2.91,22.1,1,100.0
2024-01-10 01:00:00,EQ_B001,Compressor,6709.3,22.8,4.1,22.29,6.26,66.3,0,63.7
2024-01-10 01:00:00,EQ_B002,Water Pump,9167.3,20.8,7.1,15.77,3.29,26.6,1,100.0
2024-01-10 02:00:00,EQ_M001,Compressor,10423.4,24.2,7.92,21.93,6.18,20.0,1,100.0
2024-01-10 02:00:00,EQ_M002,Water Pump,12158.7,25.4,8.0,15.67,2.97,20.0,1,100.0
2024-01-10 02:00:00,EQ_M003,Air Handler,9589.6,21.6,6.72,13.01,3.05,22.5,1,100.0
2024-01-10 02:00:00,EQ_B001,Compressor,6709.8,21.8,4.24,22.9,6.76,65.9,0,64.1
2024-01-10 02:00:00,EQ_B002,Water Pump,9167.9,21.8,6.8,16.38,2.74,27.5,1,100.0
2024-01-10 03:00:00,EQ_M001,Compressor,10424.2,23.1,7.89,23.35,6.1,20.0,1,100.0
2024-01-10 03:00:00,EQ_M002,Water Pump,12159.4,28.3,8.0,13.81,2.78,20.0,1,100.0
2024-01-10 03:00:00,EQ_M003,Air Handler,9590.3,22.5,7.49,14.23,2.96,20.2,1,100.0
2024-01-10 03:00:00,EQ_B001,Compressor,6710.3,23.0,4.32,20.97,6.42,65.7,0,64.3
2024-01-10 03:00:00,EQ_B002,Water Pump,9168.7,21.5,6.82,13.52,2.78,27.4,1,100.0
2024-01-10 04:00:00,EQ_M001,Compressor,10424.8,24.0,8.0,18.66,6.26,20.0,1,100.0
2024-01-10 04:00:00,EQ_M002,Water Pump,12160.1,27.0,8.0,13.42,3.04,20.0,1,100.0
2024-01-10 04:00:00,EQ_M003,Air Handler,9590.9,24.5,6.74,15.16,2.65,22.4,1,100.0
2024-01-10 04:00:00,EQ_B001,Compressor,6711.0,22.4,4.55,21.75,6.38,65.0,0,65.0
2024-01-10 04:00:00,EQ_B002,Water Pump,9169.4,23.9,6.64,15.62,3.08,27.9,1,100.0
2024-01-10 05:00:00,EQ_M001,Compressor,10425.3,23.9,7.95,22.66,6.37,20.0,1,100.0
2024-01-10 05:00:00,EQ_M002,Water Pump,12160.7,25.2,8.0,16.03,2.77,20.0,1,100.0
2024-01-10 05:00:00,EQ_M003,Air Handler,9591.9,22.3,7.05,15.55,2.89,21.5,1,100.0
2024-01-10 05:00:00,EQ_B001,Compressor,6711.7,22.9,4.09,21.68,6.58,66.3,0,63.7
2024-01-10 05:00:00,EQ_B002,Water Pump,9169.9,22.6,6.78,14.51,3.05,27.5,1,100.0
2024-01-10 06:00:00,EQ_M001,Compressor,10426.1,23.2,8.0,24.03,6.04,20.0,1,100.0
2024-01-10 06:00:00,EQ_M002,Water Pump,12161.3,25.2,8.0,12.09,2.88,20.0,1,100.0
2024-01-10 06:00:00,EQ_M003,Air Handler,9592.7,22.8,6.83,13.05,2.72,22.1,1,100.0
2024-01-10 06:00:00,EQ_B001,Compressor,6712.4,21.8,4.14,22.45,5.97,66.2,0,63.8
2024-01-10 06:00:00,EQ_B002,Water Pump,9170.7,21.6,6.95,15.04,3.33,27.0,1,100.0
2024-01-10 07:00:00,EQ_M001,Compressor,10426.8,23.8,7.26,18.18,7.14,20.0,1,100.0
2024-01-10 07:00:00,EQ_M002,Water Pump,12162.3,25.4,8.0,13.08,3.26,20.0,1,100.0
2024-01-10 07:00:00,EQ_M003,Air Handler,9593.4,23.9,7.17,14.21,2.77,21.1,1,100.0
2024-01-10 07:00:00,EQ_B001,Compressor,6712.9,22.3,4.51,23.5,6.97,65.1,0,64.9
2024-01-10 07:00:00,EQ_B002,Water Pump,9171.2,23.2,6.52,13.18,2.81,28.3,1,100.0
2024-01-10 08:00:00,EQ_M001,Compressor,10427.7,25.6,7.99,21.27,6.04,20.0,1,100.0
2024-01-10 08:00:00,EQ_M002,Water Pump,12163.2,27.6,8.0,13.59,3.24,20.0,1,100.0
2024-01-10 08:00:00,EQ_M003,Air Handler,9594.3,22.3,6.33,12.48,3.03,23.6,1,100.0
2024-01-10 08:00:00,EQ_B001,Compressor,6713.6,23.1,4.6,21.52,6.55,64.8,0,65.2
2024-01-10 08:00:00,EQ_B002,Water Pump,9172.0,22.2,6.82,16.04,2.75,27.4,1,100.0
2024-01-10 09:00:00,EQ_M001,Compressor,10428.6,23.7,7.73,23.1,6.19,20.0,1,100.0
2024-01-10 09:00:00,EQ_M002,Water Pump,12164.0,25.8,8.0,14.17,2.88,20.0,1,100.0
2024-01-10 09:00:00,EQ_M003,Air Handler,9595.2,22.5,7.81,12.96,2.83,20.0,1,100.0
2024-01-10 09:00:00,EQ_B001,Compressor,6714.4,24.6,4.16,20.2,6.29,66.1,0,63.9
2024-01-10 09:00:00,EQ_B002,Water Pump,9172.6,23.8,6.39,15.87,3.53,28.7,1,100.0
2024-01-10 10:00:00,EQ_M001,Compressor,10429.2,23.3,7.82,19.74,6.53,20.0,1,100.0
2024-01-10 10:00:00,EQ_M002,Water Pump,12164.9,27.3,8.0,18.64,2.69,20.0,1,100.0
2024-01-10 10:00:00,EQ_M003,Air Handler,9595.9,22.8,7.22,14.0,2.79,20.9,1,100.0
2024-01-10 10:00:00,EQ_B001,Compressor,6715.1,22.3,4.56,21.87,5.58,64.9,0,65.1
2024-01-10 10:00:00,EQ_B002,Water Pump,9173.5,21.5,6.77,14.18,2.81,27.5,1,100.0
2024-01-10 11:00:00,EQ_M001,Compressor,10429.9,22.4,7.7,23.21,6.72,20.0,1,100.0
2024-01-10 11:00:00,EQ_M002,Water Pump,12165.8,26.4,8.0,15.45,3.01,20.0,1,100.0
2024-01-10 11:00:00,EQ_M003,Air Handler,9596.6,23.8,6.96,15.22,2.62,21.7,1,100.0
2024-01-10 11:00:00,EQ_B001,Compressor,6716.0,22.9,4.3,21.69,6.48,65.7,0,64.3
2024-01-10 11:00:00,EQ_B002,Water Pump,9174.4,22.4,6.32,14.26,3.01,28.9,1,100.0
2024-01-10 12:00:00,EQ_M001,Compressor,10430.6,25.4,7.99,21.43,6.32,20.0,1,100.0
2024-01-10 12:00:00,EQ_M002,Water Pump,12166.5,26.3,8.0,13.95,3.13,20.0,1,100.0
2024-01-10 12:00:00,EQ_M003,Air Handler,9597.1,21.1,6.77,14.95,2.92,22.2,1,100.0
2024-01-10 12:00:00,EQ_B001,Compressor,6717.0,21.2,3.84,21.79,5.85,67.0,0,63.0
2024-01-10 12:00:00,EQ_B002,Water Pump,9175.2,20.3,7.02,14.51,2.99,26.8,1,100.0
2024-01-10 13:00:00,EQ_M001,Compressor,10431.2,24.2,8.0,21.13,6.57,20.0,1,100.0
2024-01-10 13:00:00,EQ_M002,Water Pump,12167.2,27.6,8.0,15.05,3.23,20.0,1,100.0
2024-01-10 13:00:00,EQ_M003,Air Handler,9597.7,23.6,7.38,16.71,2.86,20.4,1,100.0
2024-01-10 13:00:00,EQ_B001,Compressor,6717.9,22.1,4.42,17.08,6.83,65.3,0,64.7
2024-01-10 13:00:00,EQ_B002,Water Pump,9176.0,22.4,6.03,11.57,3.08,29.7,1,100.0
2024-01-10 14:00:00,EQ_M001,Compressor,10432.1,23.2,8.0,22.25,6.66,20.0,1,100.0
2024-01-10 14:00:00,EQ_M002,Water Pump,12167.7,24.6,8.0,13.25,3.11,20.0,1,100.0
2024-01-10 14:00:00,EQ_M003,Air Handler,9598.6,22.2,6.46,13.1,3.14,23.1,1,100.0
2024-01-10 14:00:00,EQ_B001,Compressor,6718.8,22.6,4.43,20.02,6.07,65.2,0,64.8
2024-01-10 14:00:00,EQ_B002,Water Pump,9176.9,22.1,6.32,15.72,2.88,28.8,1,100.0
2024-01-10 15:00:00,EQ_M001,Compressor,10433.0,25.3,7.61,24.52,5.82,20.0,1,100.0
2024-01-10 15:00:00,EQ_M002,Water Pump,12168.6,26.2,8.0,14.89,2.74,20.0,1,100.0
2024-01-10 15:00:00,EQ_M003,Air Handler,9599.1,22.0,7.24,15.8,3.15,20.8,1,100.0
2024-01-10 15:00:00,EQ_B001,Compressor,6719.6,23.7,4.14,26.07,6.6,66.1,0,63.9
2024-01-10 15:00:00,EQ_B002,Water Pump,9177.9,22.0,6.68,11.73,2.93,27.7,1,100.0
2024-01-10 16:00:00,EQ_M001,Compressor,10433.8,23.4,8.0,22.5,6.99,20.0,1,100.0
2024-01-10 16:00:00,EQ_M002,Water Pump,12169.3,26.8,8.0,15.87,2.9,20.0,1,100.0
2024-01-10 16:00:00,EQ_M003,Air Handler,9599.9,23.7,7.07,13.63,3.16,21.3,1,100.0
2024-01-10 16:00:00,EQ_B001,Compressor,6720.4,22.3,4.65,21.93,7.1,64.6,0,65.4
2024-01-10 16:00:00,EQ_B002,Water Pump,9178.4,22.5,6.45,16.57,3.13,28.4,1,100.0
2024-01-10 17:00:00,EQ_M001,Compressor,10434.4,23.0,7.81,25.48,6.57,20.0,1,100.0
2024-01-10 17:00:00,EQ_M002,Water Pump,12169.9,26.5,8.0,15.71,2.88,20.0,1,100.0
2024-01-10 17:00:00,EQ_M003,Air Handler,9600.8,21.5,6.67,17.74,3.02,22.5,1,100.0
2024-01-10 17:00:00,EQ_B001,Compressor,6721.3,21.2,4.36,20.58,6.88,65.4,0,64.6
2024-01-10 17:00:00,EQ_B002,Water Pump,9179.4,21.7,6.32,13.33,3.28,28.8,1,100.0
2024-01-10 18:00:00,EQ_M001,Compressor,10435.0,24.8,7.91,26.34,6.71,20.0,1,100.0
2024-01-10 18:00:00,EQ_M002,Water Pump,12170.4,26.7,8.0,13.96,3.12,20.0,1,100.0
2024-01-10 18:00:00,EQ_M003,Air Handler,9601.5,22.7,6.47,16.2,3.54,23.1,1,100.0
2024-01-10 18:00:00,EQ_B001,Compressor,6722.2,23.2,4.45,18.28,6.57,65.1,0,64.9
2024-01-10 18:00:00,EQ_B002,Water Pump,9179.9,23.4,6.22,14.21,3.04,29.1,1,100.0
2024-01-10 19:00:00,EQ_M001,Compressor,10435.9,23.2,7.84,21.41,6.72,20.0,1,100.0
2024-01-10 19:00:00,EQ_M002,Water Pump,12171.3,27.0,8.0,13.48,2.94,20.0,1,100.0
2024-01-10 19:00:00,EQ_M003,Air Handler,9602.1,22.0,6.93,16.96,3.06,21.7,1,100.0
2024-01-10 19:00:00,EQ_B001,Compressor,6723.0,21.0,4.74,21.82,6.91,64.3,0,65.7
2024-01-10 19:00:00,EQ_B002,Water Pump,9180.6,24.4,6.72,17.03,3.01,27.6,1,100.0
2024-01-10 20:00:00,EQ_M001,Compressor,10436.5,23.2,7.63,23.12,6.41,20.0,1,100.0
2024-01-10 20:00:00,EQ_M002,Water Pump,12172.1,26.5,8.0,11.2,3.16,20.0,1,100.0
2024-01-10 20:00:00,EQ_M003,Air Handler,9603.0,23.7,7.38,13.84,2.7,20.3,1,100.0
2024-01-10 20:00:00,EQ_B001,Compressor,6723.7,21.3,4.4,25.39,6.33,65.3,0,64.7
2024-01-10 20:00:00,EQ_B002,Water Pump,9181.1,22.9,6.62,15.51,3.02,27.9,1,100.0
2024-01-10 21:00:00,EQ_M001,Compressor,10437.3,22.6,7.8,22.65,6.5,20.0,1,100.0
2024-01-10 21:00:00,EQ_M002,Water Pump,12172.9,26.0,8.0,16.57,2.88,20.0,1,100.0
2024-01-10 21:00:00,EQ_M003,Air Handler,9603.9,23.7,7.03,10.65,2.94,21.4,1,100.0
2024-01-10 21:00:00,EQ_B001,Compressor,6724.3,21.6,4.57,20.17,6.76,64.7,0,65.3
2024-01-10 21:00:00,EQ_B002,Water Pump,9181.8,21.3,6.43,13.87,2.72,28.4,1,100.0
2024-01-10 22:00:00,EQ_M001,Compressor,10438.1,20.5,7.47,29.21,6.85,20.0,1,100.0
2024-01-10 22:00:00,EQ_M002,Water Pump,12173.4,28.8,8.0,15.2,3.16,20.0,1,100.0
2024-01-10 22:00:00,EQ_M003,Air Handler,9604.4,22.0,7.72,15.0,2.8,20.0,1,100.0
2024-01-10 22:00:00,EQ_B001,Compressor,6725.0,22.5,3.8,24.08,6.49,67.0,0,63.0
2024-01-10 22:00:00,EQ_B002,Water Pump,9182.3,22.3,7.37,16.67,3.11,25.6,1,100.0
2024-01-10 23:00:00,EQ_M001,Compressor,10438.9,22.4,8.0,22.66,6.33,20.0,1,100.0
2024-01-10 23:00:00,EQ_M002,Water Pump,12174.2,27.9,8.0,16.72,3.21,20.0,1,100.0
2024-01-10 23:00:00,EQ_M003,Air Handler,9605.3,22.1,7.37,14.26,3.06,20.3,1,100.0
2024-01-10 23:00:00,EQ_B001,Compressor,6725.7,24.0,4.43,22.25,6.53,65.1,0,64.9
2024-01-10 23:00:00,EQ_B002,Water Pump,9182.9,24.6,6.87,14.74,3.39,27.1,1,100.0
2024-01-11 00:00:00,EQ_M001,Compressor,10439.8,23.5,7.7,18.54,6.34,20.0,1,100.0
2024-01-11 00:00:00,EQ_M002,Water Pump,12174.9,26.1,8.0,14.75,3.31,20.0,1,100.0
2024-01-11 00:00:00,EQ_M003,Air Handler,9606.2,22.1,7.13,15.0,3.05,21.0,1,100.0
2024-01-11 00:00:00,EQ_B001,Compressor,6726.5,22.1,4.5,22.86,6.75,64.9,0,65.1
2024-01-11 00:00:00,EQ_B002,Water Pump,9183.5,21.9,6.99,13.29,3.27,26.7,1,100.0
2024-01-11 01:00:00,EQ_M001,Compressor,10440.4,24.8,8.0,23.02,6.28,20.0,1,100.0
2024-01-11 01:00:00,EQ_M002,Water Pump,12175.5,25.1,8.0,16.62,2.94,20.0,1,100.0
2024-01-11 01:00:00,EQ_M003,Air Handler,9606.9,22.3,7.42,15.97,2.95,20.2,1,100.0
2024-01-11 01:00:00,EQ_B001,Compressor,6727.0,20.9,4.23,22.06,6.46,65.7,0,64.3
2024-01-11 01:00:00,EQ_B002,Water Pump,9184.0,21.9,6.48,13.14,3.19,28.3,1,100.0
2024-01-11 02:00:00,EQ_M001,Compressor,10440.9,22.3,7.04,26.41,6.51,20.0,1,100.0
2024-01-11 02:00:00,EQ_M002,Water Pump,12176.1,27.2,8.0,13.48,2.68,20.0,1,100.0
2024-01-11 02:00:00,EQ_M003,Air Handler,9607.7,21.6,7.4,13.99,3.17,20.2,1,100.0
2024-01-11 02:00:00,EQ_B001,Compressor,6728.0,21.9,4.32,22.82,6.54,65.4,0,64.6
2024-01-11 02:00:00,EQ_B002,Water Pump,9184.6,21.3,6.7,16.14,3.22,27.6,1,100.0
2024-01-11 03:00:00,EQ_M001,Compressor,10441.6,23.1,7.64,19.69,6.6,20.0,1,100.0
2024-01-11 03:00:00,EQ_M002,Water Pump,12176.7,26.0,8.0,16.13,3.19,20.0,1,100.0
2024-01-11 03:00:00,EQ_M003,Air Handler,9608.5,21.6,7.46,17.04,2.91,20.0,1,100.0
2024-01-11 03:00:00,EQ_B001,Compressor,6728.7,22.1,4.08,23.62,6.67,66.2,0,63.8
2024-01-11 03:00:00,EQ_B002,Water Pump,9185.3,22.8,6.56,12.72,2.87,28.0,1,100.0
2024-01-11 04:00:00,EQ_M001,Compressor,10442.4,23.6,7.54,20.63,6.34,20.0,1,100.0
2024-01-11 04:00:00,EQ_M002,Water Pump,12177.5,26.7,8.0,18.41,2.94,20.0,1,100.0
2024-01-11 04:00:00,EQ_M003,Air Handler,9609.2,24.4,6.94,17.68,3.15,21.6,1,100.0
2024-01-11 04:00:00,EQ_B001,Compressor,6729.3,21.0,4.26,23.45,6.3,65.6,0,64.4
2024-01-11 04:00:00,EQ_B002,Water Pump,9186.1,20.2,6.78,14.69,2.71,27.3,1,100.0
2024-01-11 05:00:00,EQ_M001,Compressor,10443.2,23.0,7.98,23.44,6.82,20.0,1,100.0
2024-01-11 05:00:00,EQ_M002,Water Pump,12178.3,26.3,8.0,15.02,3.14,20.0,1,100.0
2024-01-11 05:00:00,EQ_M003,Air Handler,9610.0,22.5,7.48,16.26,2.75,20.0,1,100.0
2024-01-11 05:00:00,EQ_B001,Compressor,6729.9,21.9,4.3,22.01,6.74,65.5,0,64.5
2024-01-11 05:00:00,EQ_B002,Water Pump,9186.8,22.8,6.27,14.46,2.77,28.9,1,100.0
2024-01-11 06:00:00,EQ_M001,Compressor,10444.0,22.3,8.0,24.56,6.64,20.0,1,100.0
2024-01-11 06:00:00,EQ_M002,Water Pump,12179.1,24.5,8.0,14.37,2.44,20.0,1,100.0
2024-01-11 06:00:00,EQ_M003,Air Handler,9610.8,21.3,7.29,11.81,3.07,20.5,1,100.0
2024-01-11 06:00:00,EQ_B001,Compressor,6730.7,23.3,3.97,22.6,6.43,66.5,0,63.5
2024-01-11 06:00:00,EQ_B002,Water Pump,9187.3,22.8,6.99,12.06,3.18,26.7,1,100.0
2024-01-11 07:00:00,EQ_M001,Compressor,10444.5,21.4,8.0,22.7,6.17,20.0,1,100.0
2024-01-11 07:00:00,EQ_M002,Water Pump,12179.9,26.7,8.0,14.01,3.23,20.0,1,100.0
2024-01-11 07:00:00,EQ_M003,Air Handler,9611.7,22.7,7.26,17.48,3.24,20.6,1,100.0
2024-01-11 07:00:00,EQ_B001,Compressor,6731.2,21.7,3.86,20.24,6.7,66.8,0,63.2
2024-01-11 07:00:00,EQ_B002,Water Pump,9187.9,22.6,7.16,17.71,2.5,26.2,1,100.0
2024-01-11 08:00:00,EQ_M001,Compressor,10445.0,21.7,8.0,16.2,6.69,20.0,1,100.0
2024-01-11 08:00:00,EQ_M002,Water Pump,12180.6,25.3,8.0,18.51,2.65,20.0,1,100.0
2024-01-11 08:00:00,EQ_M003,Air Handler,9612.6,22.0,7.25,12.37,3.1,20.6,1,100.0
2024-01-11 08:00:00,EQ_B001,Compressor,6731.8,20.8,4.23,18.35,6.35,65.7,0,64.3
2024-01-11 08:00:00,EQ_B002,Water Pump,9188.5,22.6,6.76,12.79,2.66,27.4,1,100.0
2024-01-11 09:00:00,EQ_M001,Compressor,10445.6,24.4,7.68,20.1,6.24,20.0,1,100.0
2024-01-11 09:00:00,EQ_M002,Water Pump,12181.2,26.6,8.0,13.8,2.58,20.0,1,100.0
2024-01-11 09:00:00,EQ_M003,Air Handler,9613.1,21.7,7.23,15.82,2.92,20.6,1,100.0
2024-01-11 09:00:00,EQ_B001,Compressor,6732.6,20.1,4.46,23.21,6.35,65.0,0,65.0
2024-01-11 09:00:00,EQ_B002,Water Pump,9189.4,22.9,7.2,14.44,2.84,26.0,1,100.0
2024-01-11 10:00:00,EQ_M001,Compressor,10446.5,23.3,7.92,22.46,6.59,20.0,1,100.0
2024-01-11 10:00:00,EQ_M002,Water Pump,12182.0,26.6,8.0,15.03,3.4,20.0,1,100.0
2024-01-11 10:00:00,EQ_M003,Air Handler,9614.0,21.4,7.09,14.27,2.89,21.0,1,100.0
2024-01-11 10:00:00,EQ_B001,Compressor,6733.6,23.2,4.62,20.45,6.34,64.5,0,65.5
2024-01-11 10:00:00,EQ_B002,Water Pump,9190.3,21.0,6.42,16.55,2.83,28.4,1,100.0
2024-01-11 11:00:00,EQ_M001,Compressor,10447.2,22.1,7.63,21.93,5.91,20.0,1,100.0
2024-01-11 11:00:00,EQ_M002,Water Pump,12182.8,28.4,8.0,14.94,3.16,20.0,1,100.0
2024-01-11 11:00:00,EQ_M003,Air Handler,9614.6,23.6,7.39,13.81,2.87,20.1,1,100.0
2024-01-11 11:00:00,EQ_B001,Compressor,6734.4,22.0,3.8,20.12,6.56,66.9,0,63.1
2024-01-11 11:00:00,EQ_B002,Water Pump,9190.8,20.4,6.28,16.18,2.79,28.8,1,100.0
2024-01-11 12:00:00,EQ_M001,Compressor,10447.8,23.4,7.41,21.4,6.46,20.0,1,100.0
2024-01-11 12:00:00,EQ_M002,Water Pump,12183.4,25.7,8.0,16.43,3.3,20.0,1,100.0
2024-01-11 12:00:00,EQ_M003,Air Handler,9615.1,24.1,7.23,12.5,2.93,20.6,1,100.0
2024-01-11 12:00:00,EQ_B001,Compressor,6735.2,23.7,4.06,23.55,6.02,66.1,0,63.9
2024-01-11 12:00:00,EQ_B002,Water Pump,9191.6,21.3,6.37,15.49,3.29,28.5,1,100.0
2024-01-11 13:00:00,EQ_M001,Compressor,10448.3,20.9,7.85,24.23,6.55,20.0,1,100.0
2024-01-11 13:00:00,EQ_M002,Water Pump,12184.4,27.1,8.0,14.05,2.87,20.0,1,100.0
2024-01-11 13:00:00,EQ_M003,Air Handler,9616.1,21.1,7.44,12.92,3.0,20.0,1,100.0
2024-01-11 13:00:00,EQ_B001,Compressor,6736.2,22.3,3.92,19.6,6.1,66.5,0,63.5
2024-01-11 13:00:00,EQ_B002,Water Pump,9192.5,20.5,6.58,15.09,2.61,27.8,1,100.0
2024-01-11 14:00:00,EQ_M001,Compressor,10449.3,21.3,8.0,21.01,6.33,20.0,1,100.0
2024-01-11 14:00:00,EQ_M002,Water Pump,12184.9,26.2,8.0,14.64,3.07,20.0,1,100.0
2024-01-11 14:00:00,EQ_M003,Air Handler,9616.8,22.2,6.83,14.42,3.35,21.8,1,100.0
2024-01-11 14:00:00,EQ_B001,Compressor,6737.0,21.6,3.6,22.07,5.74,67.5,0,62.5
2024-01-11 14:00:00,EQ_B002,Water Pump,9193.2,21.6,6.61,15.95,3.18,27.8,1,100.0
2024-01-11 15:00:00,EQ_M001,Compressor,10450.0,23.2,7.97,22.57,6.65,20.0,1,100.0
2024-01-11 15:00:00,EQ_M002,Water Pump,12185.9,25.2,8.0,14.76,2.88,20.0,1,100.0
2024-01-11 15:00:00,EQ_M003,Air Handler,9617.7,21.1,7.28,15.72,2.99,20.4,1,100.0
2024-01-11 15:00:00,EQ_B001,Compressor,6737.7,22.3,4.28,23.19,6.43,65.4,0,64.6
2024-01-11 15:00:00,EQ_B002,Water Pump,9194.0,21.5,6.85,16.04,2.74,27.0,1,100.0
2024-01-11 16:00:00,EQ_M001,Compressor,10450.9,23.9,8.0,23.16,7.06,20.0,1,100.0
2024-01-11 16:00:00,EQ_M002,Water Pump,12186.8,26.4,8.0,13.79,3.2,20.0,1,100.0
2024-01-11 16:00:00,EQ_M003,Air Handler,9618.6,20.4,7.22,14.1,2.79,20.6,1,100.0
2024-01-11 16:00:00,EQ_B001,Compressor,6738.2,20.9,4.35,22.12,6.96,65.2,0,64.8
2024-01-11 16:00:00,EQ_B002,Water Pump,9195.0,23.5,7.17,14.74,3.29,26.1,1,100.0
2024-01-11 17:00:00,EQ_M001,Compressor,10451.6,23.4,7.69,22.75,6.62,20.0,1,100.0
2024-01-11 17:00:00,EQ_M002,Water Pump,12187.7,27.8,8.0,17.11,2.92,20.0,1,100.0
2024-01-11 17:00:00,EQ_M003,Air Handler,9619.2,23.1,6.85,16.0,2.86,21.7,1,100.0
2024-01-11 17:00:00,EQ_B001,Compressor,6738.9,20.8,4.13,23.01,6.3,65.9,0,64.1
2024-01-11 17:00:00,EQ_B002,Water Pump,9195.7,22.1,6.37,16.83,2.96,28.5,1,100.0
2024-01-11 18:00:00,EQ_M001,Compressor,10452.5,23.5,7.63,21.65,6.27,20.0,1,100.0
2024-01-11 18:00:00,EQ_M002,Water Pump,12188.6,26.8,8.0,16.68,2.93,20.0,1,100.0
2024-01-11 18:00:00,EQ_M003,Air Handler,9619.9,21.1,7.47,15.53,2.78,20.0,1,100.0
2024-01-11 18:00:00,EQ_B001,Compressor,6739.6,23.5,3.81,17.07,6.61,66.8,0,63.2
2024-01-11 18:00:00,EQ_B002,Water Pump,9196.5,19.8,6.2,14.82,3.44,29.0,1,100.0
2024-01-11 19:00:00,EQ_M001,Compressor,10453.4,24.5,8.0,23.61,6.4,20.0,1,100.0
2024-01-11 19:00:00,EQ_M002,Water Pump,12189.1,27.3,8.0,17.71,2.87,20.0,1,100.0
2024-01-11 19:00:00,EQ_M003,Air Handler,9620.9,23.1,7.22,12.03,2.23,20.6,1,100.0
2024-01-11 19:00:00,EQ_B001,Compressor,6740.3,22.9,3.95,18.45,7.05,66.4,0,63.6
2024-01-11 19:00:00,EQ_B002,Water Pump,9197.1,22.1,6.5,15.39,3.27,28.0,1,100.0
2024-01-11 20:00:00,EQ_M001,Compressor,10454.3,22.5,7.55,21.37,6.85,20.0,1,100.0
2024-01-11 20:00:00,EQ_M002,Water Pump,12189.7,24.8,8.0,16.87,2.82,20.0,1,100.0
2024-01-11 20:00:00,EQ_M003,Air Handler,9621.5,23.0,6.91,14.08,2.67,21.5,1,100.0
2024-01-11 20:00:00,EQ_B001,Compressor,6741.1,20.8,4.4,18.42,6.5,65.0,0,65.0
2024-01-11 20:00:00,EQ_B002,Water Pump,9197.7,23.0,6.86,13.92,2.99,26.9,1,100.0
2024-01-11 21:00:00,EQ_M001,Compressor,10455.2,24.1,8.0,19.75,6.65,20.0,1,100.0
2024-01-11 21:00:00,EQ_M002,Water Pump,12190.3,26.6,8.0,15.17,2.77,20.0,1,100.0
2024-01-11 21:00:00,EQ_M003,Air Handler,9622.2,21.0,6.97,15.35,3.03,21.3,1,100.0
2024-01-11 21:00:00,EQ_B001,Compressor,6741.7,21.7,4.32,22.35,6.75,65.3,0,64.7
2024-01-11 21:00:00,EQ_B002,Water Pump,9198.6,21.5,6.57,17.54,3.26,27.8,1,100.0
2024-01-11 22:00:00,EQ_M001,Compressor,10456.2,22.8,8.0,23.75,6.9,20.0,1,100.0
2024-01-11 22:00:00,EQ_M002,Water Pump,12191.1,27.9,8.0,15.44,3.13,20.0,1,100.0
2024-01-11 22:00:00,EQ_M003,Air Handler,9623.2,22.1,7.06,15.96,2.88,21.0,1,100.0
2024-01-11 22:00:00,EQ_B001,Compressor,6742.3,20.3,4.42,20.72,6.18,65.0,0,65.0
2024-01-11 22:00:00,EQ_B002,Water Pump,9199.3,22.1,6.68,12.14,3.17,27.5,1,100.0
2024-01-11 23:00:00,EQ_M001,Compressor,10457.0,23.2,7.92,21.5,6.23,20.0,1,100.0
2024-01-11 23:00:00,EQ_M002,Water Pump,12191.8,26.3,8.0,16.38,3.08,20.0,1,100.0
2024-01-11 23:00:00,EQ_M003,Air Handler,9623.8,21.8,6.87,14.14,3.03,21.6,1,100.0
2024-01-11 23:00:00,EQ_B001,Compressor,6743.0,22.7,4.33,23.81,7.01,65.2,0,64.8
2024-01-11 23:00:00,EQ_B002,Water Pump,9199.8,24.0,7.05,14.97,2.78,26.4,1,100.0
2024-01-12 00:00:00,EQ_M001,Compressor,10457.6,22.9,7.68,21.05,6.6,20.0,1,100.0
2024-01-12 00:00:00,EQ_M002,Water Pump,12192.5,27.1,8.0,17.83,2.83,20.0,1,100.0
2024-01-12 00:00:00,EQ_M003,Air Handler,9624.4,21.9,7.37,15.61,2.95,20.1,1,100.0
2024-01-12 00:00:00,EQ_B001,Compressor,6743.5,21.7,4.38,28.46,6.21,65.1,0,64.9
2024-01-12 00:00:00,EQ_B002,Water Pump,9200.6,22.9,6.77,12.87,3.28,27.2,1,100.0
2024-01-12 01:00:00,EQ_M001,Compressor,10458.1,22.4,7.42,20.22,6.56,20.0,1,100.0
2024-01-12 01:00:00,EQ_M002,Water Pump,12193.1,26.1,8.0,13.59,2.95,20.0,1,100.0
2024-01-12 01:00:00,EQ_M003,Air Handler,9625.4,22.3,7.3,14.25,3.11,20.3,1,100.0
2024-01-12 01:00:00,EQ_B001,Compressor,6744.0,21.8,4.39,22.47,6.57,65.0,0,65.0
2024-01-12 01:00:00,EQ_B002,Water Pump,9201.4,21.7,7.06,15.22,3.21,26.3,1,100.0
2024-01-12 02:00:00,EQ_M001,Compressor,10458.9,22.2,7.88,27.36,6.86,20.0,1,100.0
2024-01-12 02:00:00,EQ_M002,Water Pump,12193.9,26.6,8.0,14.2,2.93,20.0,1,100.0
2024-01-12 02:00:00,EQ_M003,Air Handler,9626.2,20.4,7.56,12.22,2.96,20.0,1,100.0
2024-01-12 02:00:00,EQ_B001,Compressor,6744.8,22.8,4.16,21.22,6.48,65.7,0,64.3
2024-01-12 02:00:00,EQ_B002,Water Pump,9202.0,20.2,6.91,15.31,3.08,26.7,1,100.0
2024-01-12 03:00:00,EQ_M001,Compressor,10459.4,23.9,7.68,22.78,6.5,20.0,1,100.0
2024-01-12 03:00:00,EQ_M002,Water Pump,12194.9,28.3,8.0,15.75,2.96,20.0,1,100.0
2024-01-12 03:00:00,EQ_M003,Air Handler,9626.9,22.6,6.6,15.2,2.71,22.4,1,100.0
2024-01-12 03:00:00,EQ_B001,Compressor,6745.7,21.4,4.4,24.75,6.96,65.0,0,65.0
2024-01-12 03:00:00,EQ_B002,Water Pump,9202.8,20.9,6.55,15.91,3.15,27.8,1,100.0
2024-01-12 04:00:00,EQ_M001,Compressor,10459.9,24.3,7.94,25.87,6.87,20.0,1,100.0
2024-01-12 04:00:00,EQ_M002,Water Pump,12195.7,25.9,8.0,14.53,2.75,20.0,1,100.0
2024-01-12 04:00:00,EQ_M003,Air Handler,9627.6,23.0,7.17,13.5,2.88,20.6,1,100.0
2024-01-12 04:00:00,EQ_B001,Compressor,6746.6,24.1,4.42,23.7,6.24,64.9,0,65.1
2024-01-12 04:00:00,EQ_B002,Water Pump,9203.7,21.5,7.05,14.55,2.86,26.3,1,100.0
2024-01-12 05:00:00,EQ_M001,Compressor,10460.7,23.3,8.0,25.14,6.46,20.0,1,100.0
2024-01-12 05:00:00,EQ_M002,Water Pump,12196.6,28.8,8.0,11.51,3.19,20.0,1,100.0
2024-01-12 05:00:00,EQ_M003,Air Handler,9628.2,22.3,7.32,15.73,3.3,20.2,1,100.0
2024-01-12 05:00:00,EQ_B001,Compressor,6747.4,20.7,4.09,23.04,6.44,65.9,0,64.1
2024-01-12 05:00:00,EQ_B002,Water Pump,9204.6,20.1,6.36,12.06,3.01,28.4,1,100.0
2024-01-12 06:00:00,EQ_M001,Compressor,10461.4,22.6,7.87,20.75,6.83,20.0,1,100.0
2024-01-12 06:00:00,EQ_M002,Water Pump,12197.4,27.0,8.0,14.37,2.99,20.0,1,100.0
2024-01-12 06:00:00,EQ_M003,Air Handler,9628.8,23.1,7.21,11.83,3.22,20.5,1,100.0
2024-01-12 06:00:00,EQ_B001,Compressor,6748.0,23.1,4.31,20.54,7.32,65.2,0,64.8
2024-01-12 06:00:00,EQ_B002,Water Pump,9205.4,21.8,6.98,14.4,3.41,26.5,1,100.0
2024-01-12 07:00:00,EQ_M001,Compressor,10462.1,22.1,7.7,20.77,6.72,20.0,1,100.0
2024-01-12 07:00:00,EQ_M002,Water Pump,12198.3,27.3,8.0,14.73,3.06,20.0,1,100.0
2024-01-12 07:00:00,EQ_M003,Air Handler,9629.6,21.3,6.78,12.09,3.26,21.8,1,100.0
2024-01-12 07:00:00,EQ_B001,Compressor,6748.8,20.8,4.27,22.57,6.53,65.3,0,64.7
2024-01-12 07:00:00,EQ_B002,Water Pump,9206.2,20.2,6.91,16.88,2.99,26.7,1,100.0
2024-01-12 08:00:00,EQ_M001,Compressor,10462.9,23.8,7.88,22.23,6.6,20.0,1,100.0
2024-01-12 08:00:00,EQ_M002,Water Pump,12198.9,26.8,8.0,13.9,3.17,20.0,1,100.0
2024-01-12 08:00:00,EQ_M003,Air Handler,9630.1,22.9,7.18,13.27,3.05,20.6,1,100.0
2024-01-12 08:00:00,EQ_B001,Compressor,6749.5,21.6,3.96,24.58,6.32,66.2,0,63.8
2024-01-12 08:00:00,EQ_B002,Water Pump,9207.0,21.9,6.77,14.21,3.0,27.1,1,100.0
2024-01-12 09:00:00,EQ_M001,Compressor,10463.6,23.2,8.0,19.71,6.28,20.0,1,100.0
2024-01-12 09:00:00,EQ_M002,Water Pump,12199.6,27.5,8.0,16.22,3.01,20.0,1,100.0
2024-01-12 09:00:00,EQ_M003,Air Handler,9630.7,21.6,7.09,14.74,2.83,20.8,1,100.0
2024-01-12 09:00:00,EQ_B001,Compressor,6750.5,23.1,3.99,23.31,6.39,66.1,0,63.9
2024-01-12 09:00:00,EQ_B002,Water Pump,9207.5,22.3,6.51,17.19,3.01,27.9,1,100.0
2024-01-12 10:00:00,EQ_M001,Compressor,10464.2,22.6,7.73,22.63,6.25,20.0,1,100.0
2024-01-12 10:00:00,EQ_M002,Water Pump,12200.5,25.4,8.0,16.78,2.98,20.0,1,100.0
2024-01-12 10:00:00,EQ_M003,Air Handler,9631.6,21.5,7.89,15.79,3.04,20.0,1,100.0
2024-01-12 10:00:00,EQ_B001,Compressor,6751.0,22.2,4.3,19.47,6.39,65.2,0,64.8
2024-01-12 10:00:00,EQ_B002,Water Pump,9208.5,21.6,6.96,15.01,2.64,26.5,1,100.0
2024-01-12 11:00:00,EQ_M001,Compressor,10465.1,22.6,7.8,21.1,6.15,20.0,1,100.0
2024-01-12 11:00:00,EQ_M002,Water Pump,12201.2,25.4,8.0,14.54,2.99,20.0,1,100.0
2024-01-12 11:00:00,EQ_M003,Air Handler,9632.4,20.5,7.25,15.51,3.22,20.3,1,100.0
2024-01-12 11:00:00,EQ_B001,Compressor,6751.6,21.5,3.94,24.98,6.74,66.3,0,63.7
2024-01-12 11:00:00,EQ_B002,Water Pump,9209.3,21.8,6.95,14.97,3.13,26.5,1,100.0
2024-01-12 12:00:00,EQ_M001,Compressor,10466.1,22.3,7.8,23.99,6.86,20.0,1,100.0
2024-01-12 12:00:00,EQ_M002,Water Pump,12201.8,25.3,8.0,14.82,3.04,20.0,1,100.0
2024-01-12 12:00:00,EQ_M003,Air Handler,9633.0,23.7,7.26,17.68,3.02,20.3,1,100.0
2024-01-12 12:00:00,EQ_B001,Compressor,6752.3,20.4,4.31,24.28,7.04,65.2,0,64.8
2024-01-12 12:00:00,EQ_B002,Water Pump,9209.8,21.3,6.87,14.2,3.11,26.8,1,100.0
2024-01-12 13:00:00,EQ_M001,Compressor,10466.9,23.7,8.0,19.28,5.98,20.0,1,100.0
2024-01-12 13:00:00,EQ_M002,Water Pump,12202.7,26.6,8.0,17.29,2.9,20.0,1,100.0
2024-01-12 13:00:00,EQ_M003,Air Handler,9633.8,22.5,6.84,13.78,3.25,21.6,1,100.0
2024-01-12 13:00:00,EQ_B001,Compressor,6753.2,23.8,4.29,23.49,6.72,65.2,0,64.8
2024-01-12 13:00:00,EQ_B002,Water Pump,9210.7,22.8,6.63,12.97,3.03,27.5,1,100.0
2024-01-12 14:00:00,EQ_M001,Compressor,10467.6,21.6,8.0,23.24,6.76,20.0,1,100.0
2024-01-12 14:00:00,EQ_M002,Water Pump,12203.5,25.7,8.0,12.99,2.86,20.0,1,100.0
2024-01-12 14:00:00,EQ_M003,Air Handler,9634.6,21.0,7.08,14.0,3.36,20.8,1,100.0
2024-01-12 14:00:00,EQ_B001,Compressor,6754.1,20.9,4.26,23.57,6.81,65.3,0,64.7
2024-01-12 14:00:00,EQ_B002,Water Pump,9211.5,20.7,6.63,15.81,3.1,27.5,1,100.0
2024-01-12 15:00:00,EQ_M001,Compressor,10468.5,23.9,8.0,20.53,6.46,20.0,1,100.0
2024-01-12 15:00:00,EQ_M002,Water Pump,12204.2,25.1,8.0,15.48,3.59,20.0,1,100.0
2024-01-12 15:00:00,EQ_M003,Air Handler,9635.6,21.7,6.96,15.88,2.72,21.2,1,100.0
2024-01-12 15:00:00,EQ_B001,Compressor,6755.1,22.6,3.73,25.11,6.78,66.9,0,63.1
2024-01-12 15:00:00,EQ_B002,Water Pump,9212.1,22.1,6.89,15.89,3.06,26.7,1,100.0
2024-01-12 16:00:00,EQ_M001,Compressor,10469.5,22.3,7.03,19.34,6.55,20.0,1,100.0
2024-01-12 16:00:00,EQ_M002,Water Pump,12205.1,26.8,8.0,15.5,3.2,20.0,1,100.0
2024-01-12 16:00:00,EQ_M003,Air Handler,9636.3,21.7,7.43,13.55,3.07,20.0,1,100.0
2024-01-12 16:00:00,EQ_B001,Compressor,6755.6,23.1,3.76,19.6,6.44,66.8,0,63.2
2024-01-12 16:00:00,EQ_B002,Water Pump,9213.0,19.6,6.51,16.18,3.12,27.8,1,100.0
2024-01-12 17:00:00,EQ_M001,Compressor,10470.3,21.1,8.0,20.79,6.52,20.0,1,100.0
2024-01-12 17:00:00,EQ_M002,Water Pump,12206.0,26.6,8.0,14.22,2.78,20.0,1,100.0
2024-01-12 17:00:00,EQ_M003,Air Handler,9637.1,22.5,7.26,16.58,3.13,20.2,1,100.0
2024-01-12 17:00:00,EQ_B001,Compressor,6756.1,20.2,4.54,22.48,6.95,64.4,0,65.6
2024-01-12 17:00:00,EQ_B002,Water Pump,9213.7,22.4,6.6,14.36,2.88,27.5,1,100.0
2024-01-12 18:00:00,EQ_M001,Compressor,10471.1,21.0,8.0,24.1,6.47,20.0,1,100.0
2024-01-12 18:00:00,EQ_M002,Water Pump,12206.9,26.5,8.0,15.91,2.87,20.0,1,100.0
2024-01-12 18:00:00,EQ_M003,Air Handler,9637.9,22.1,7.22,16.15,2.72,20.4,1,100.0
2024-01-12 18:00:00,EQ_B001,Compressor,6756.7,23.1,4.49,21.01,6.18,64.6,0,65.4
2024-01-12 18:00:00,EQ_B002,Water Pump,9214.6,22.0,6.63,14.74,3.12,27.4,1,100.0
2024-01-12 19:00:00,EQ_M001,Compressor,10471.9,23.5,7.56,22.48,6.38,20.0,1,100.0
2024-01-12 19:00:00,EQ_M002,Water Pump,12207.7,25.1,8.0,15.22,3.02,20.0,1,100.0
2024-01-12 19:00:00,EQ_M003,Air Handler,9638.5,20.0,7.26,12.47,2.83,20.2,1,100.0
2024-01-12 19:00:00,EQ_B001,Compressor,6757.3,21.1,4.46,21.1,6.58,64.6,0,65.4
2024-01-12 19:00:00,EQ_B002,Water Pump,9215.4,22.9,5.94,14.28,3.24,29.5,1,100.0
2024-01-12 20:00:00,EQ_M001,Compressor,10472.5,22.6,8.0,21.79,6.64,20.0,1,100.0
2024-01-12 20:00:00,EQ_M002,Water Pump,12208.3,25.9,8.0,15.4,3.06,20.0,1,100.0
2024-01-12 20:00:00,EQ_M003,Air Handler,9639.1,22.9,7.4,14.36,3.19,20.0,1,100.0
2024-01-12 20:00:00,EQ_B001,Compressor,6757.9,21.5,3.65,23.56,6.5,67.1,0,62.9
2024-01-12 20:00:00,EQ_B002,Water Pump,9216.4,21.6,6.87,17.86,3.06,26.7,1,100.0
2024-01-12 21:00:00,EQ_M001,Compressor,10473.2,22.5,7.49,18.6,6.64,20.0,1,100.0
2024-01-12 21:00:00,EQ_M002,Water Pump,12208.9,26.9,8.0,18.3,2.88,20.0,1,100.0
2024-01-12 21:00:00,EQ_M003,Air Handler,9639.9,21.0,7.08,15.23,2.95,20.7,1,100.0
2024-01-12 21:00:00,EQ_B001,Compressor,6758.6,21.4,4.25,21.15,5.81,65.3,0,64.7
2024-01-12 21:00:00,EQ_B002,Water Pump,9217.1,21.5,6.52,15.17,2.79,27.7,1,100.0
2024-01-12 22:00:00,EQ_M001,Compressor,10473.8,22.4,8.0,24.21,6.58,20.0,1,100.0
2024-01-12 22:00:00,EQ_M002,Water Pump,12209.7,26.5,8.0,15.98,2.94,20.0,1,100.0
2024-01-12 22:00:00,EQ_M003,Air Handler,9640.6,21.7,7.04,16.43,3.39,20.9,1,100.0
2024-01-12 22:00:00,EQ_B001,Compressor,6759.4,21.4,4.62,20.85,6.46,64.1,0,65.9
2024-01-12 22:00:00,EQ_B002,Water Pump,9217.9,21.1,6.2,13.43,3.17,28.7,1,100.0
2024-01-12 23:00:00,EQ_M001,Compressor,10474.3,22.9,7.94,20.56,6.77,20.0,1,100.0
2024-01-12 23:00:00,EQ_M002,Water Pump,12210.5,25.2,8.0,14.3,3.02,20.0,1,100.0
2024-01-12 23:00:00,EQ_M003,Air Handler,9641.2,20.8,7.13,13.62,2.74,20.6,1,100.0
2024-01-12 23:00:00,EQ_B001,Compressor,6760.0,23.4,4.39,22.9,6.62,64.8,0,65.2
2024-01-12 23:00:00,EQ_B002,Water Pump,9218.8,22.5,6.77,13.51,2.85,27.0,1,100.0
2024-01-13 00:00:00,EQ_M001,Compressor,10475.2,23.0,7.97,18.64,6.55,20.0,1,100.0
2024-01-13 00:00:00,EQ_M002,Water Pump,12211.3,26.4,8.0,14.37,2.95,20.0,1,100.0
2024-01-13 00:00:00,EQ_M003,Air Handler,9642.1,21.8,7.53,15.77,3.15,20.0,1,100.0
2024-01-13 00:00:00,EQ_B001,Compressor,6760.8,19.1,4.21,22.43,6.43,65.4,0,64.6
2024-01-13 00:00:00,EQ_B002,Water Pump,9219.3,21.6,6.4,13.05,3.35,28.1,1,100.0
2024-01-13 01:00:00,EQ_M001,Compressor,10475.8,22.4,7.72,22.35,6.28,20.0,1,100.0
2024-01-13 01:00:00,EQ_M002,Water Pump,12211.9,28.1,8.0,13.6,2.91,20.0,1,100.0
2024-01-13 01:00:00,EQ_M003,Air Handler,9642.8,22.8,7.39,14.89,2.62,20.0,1,100.0
2024-01-13 01:00:00,EQ_B001,Compressor,6761.4,22.8,4.07,21.52,6.95,65.8,0,64.2
2024-01-13 01:00:00,EQ_B002,Water Pump,9220.2,22.2,7.08,12.99,3.0,26.0,1,100.0
2024-01-13 02:00:00,EQ_M001,Compressor,10476.7,22.9,7.98,20.85,6.44,20.0,1,100.0
2024-01-13 02:00:00,EQ_M002,Water Pump,12212.6,25.0,8.0,13.34,3.16,20.0,1,100.0
2024-01-13 02:00:00,EQ_M003,Air Handler,9643.7,22.2,6.64,11.4,3.23,22.0,1,100.0
2024-01-13 02:00:00,EQ_B001,Compressor,6762.3,22.5,4.7,23.32,6.57,63.9,0,66.1
2024-01-13 02:00:00,EQ_B002,Water Pump,9221.1,22.5,6.86,14.66,2.93,26.7,1,100.0
2024-01-13 03:00:00,EQ_M001,Compressor,10477.6,22.7,7.63,23.63,6.48,20.0,1,100.0
2024-01-13 03:00:00,EQ_M002,Water Pump,12213.5,26.0,8.0,17.94,2.83,20.0,1,100.0
2024-01-13 03:00:00,EQ_M003,Air Handler,9644.6,21.8,7.25,15.22,3.24,20.2,1,100.0
2024-01-13 03:00:00,EQ_B001,Compressor,6762.8,22.7,3.89,25.59,6.46,66.3,0,63.7
2024-01-13 03:00:00,EQ_B002,Water Pump,9221.9,22.4,7.27,15.24,2.98,25.4,1,100.0
2024-01-13 04:00:00,EQ_M001,Compressor,10478.1,22.8,7.89,22.79,6.44,20.0,1,100.0
2024-01-13 04:00:00,EQ_M002,Water Pump,12214.1,26.7,8.0,13.51,2.49,20.0,1,100.0
2024-01-13 04:00:00,EQ_M003,Air Handler,9645.2,22.7,7.74,15.5,3.49,20.0,1,100.0
2024-01-13 04:00:00,EQ_B001,Compressor,6763.4,21.1,4.39,22.15,6.66,64.8,0,65.2
2024-01-13 04:00:00,EQ_B002,Water Pump,9222.6,21.6,6.66,18.22,3.41,27.2,1,100.0
2024-01-13 05:00:00,EQ_M001,Compressor,10478.8,22.3,8.0,20.17,6.14,20.0,1,100.0
2024-01-13 05:00:00,EQ_M002,Water Pump,12214.7,26.5,8.0,13.6,2.87,20.0,1,100.0
2024-01-13 05:00:00,EQ_M003,Air Handler,9645.8,20.6,7.19,11.97,3.04,20.4,1,100.0
2024-01-13 05:00:00,EQ_B001,Compressor,6764.3,21.6,4.39,22.3,6.26,64.8,0,65.2
2024-01-13 05:00:00,EQ_B002,Water Pump,9223.2,23.0,7.03,10.6,2.9,26.1,1,100.0
2024-01-13 06:00:00,EQ_M001,Compressor,10479.6,23.4,8.0,19.16,6.58,20.0,1,100.0
2024-01-13 06:00:00,EQ_M002,Water Pump,12215.2,24.6,8.0,15.64,3.24,20.0,1,100.0
2024-01-13 06:00:00,EQ_M003,Air Handler,9646.4,22.0,7.16,13.36,3.0,20.4,1,100.0
2024-01-13 06:00:00,EQ_B001,Compressor,6765.0,20.0,4.41,22.05,5.93,64.7,0,65.3
2024-01-13 06:00:00,EQ_B002,Water Pump,9224.1,21.3,6.28,11.32,2.6,28.3,1,100.0
2024-01-13 07:00:00,EQ_M001,Compressor,10480.5,23.0,8.0,23.36,6.77,20.0,1,100.0
2024-01-13 07:00:00,EQ_M002,Water Pump,12216.0,27.0,8.0,15.5,2.82,20.0,1,100.0
2024-01-13 07:00:00,EQ_M003,Air Handler,9647.4,22.4,7.17,12.12,3.21,20.4,1,100.0
2024-01-13 07:00:00,EQ_B001,Compressor,6765.7,19.9,4.16,22.83,6.18,65.4,0,64.6
2024-01-13 07:00:00,EQ_B002,Water Pump,9225.0,22.0,7.05,15.61,3.05,26.0,1,100.0
2024-01-13 08:00:00,EQ_M001,Compressor,10481.1,21.4,7.83,21.32,6.41,20.0,1,100.0
2024-01-13 08:00:00,EQ_M002,Water Pump,12216.6,26.0,8.0,13.87,2.92,20.0,1,100.0
2024-01-13 08:00:00,EQ_M003,Air Handler,9647.9,22.6,7.31,16.6,2.9,20.0,1,100.0
2024-01-13 08:00:00,EQ_B001,Compressor,6766.5,23.5,4.04,21.22,6.69,65.8,0,64.2
2024-01-13 08:00:00,EQ_B002,Water Pump,9225.7,21.4,6.85,14.98,2.95,26.6,1,100.0
2024-01-13 09:00:00,EQ_M001,Compressor,10482.0,22.3,7.5,21.51,6.28,20.0,1,100.0
2024-01-13 09:00:00,EQ_M002,Water Pump,12217.3,25.0,8.0,12.06,2.91,20.0,1,100.0
2024-01-13 09:00:00,EQ_M003,Air Handler,9648.5,22.2,7.44,15.52,2.95,20.0,1,100.0
2024-01-13 09:00:00,EQ_B001,Compressor,6767.2,23.7,4.2,19.76,6.42,65.3,0,64.7
2024-01-13 09:00:00,EQ_B002,Water Pump,9226.5,21.5,6.27,15.06,2.22,28.4,1,100.0
2024-01-13 10:00:00,EQ_M001,Compressor,10482.9,22.7,7.55,22.2,6.7,20.0,1,100.0
2024-01-13 10:00:00,EQ_M002,Water Pump,12218.1,25.4,8.0,17.35,2.96,20.0,1,100.0
2024-01-13 10:00:00,EQ_M003,Air Handler,9649.1,21.1,7.21,15.17,2.97,20.3,1,100.0
2024-01-13 10:00:00,EQ_B001,Compressor,6767.8,21.2,4.82,19.96,7.22,63.4,0,66.6
2024-01-13 10:00:00,EQ_B002,Water Pump,9227.3,22.2,6.55,14.47,3.1,27.5,1,100.0
2024-01-13 11:00:00,EQ_M001,Compressor,10483.5,22.9,7.56,20.18,6.19,20.0,1,100.0
2024-01-13 11:00:00,EQ_M002,Water Pump,12218.9,27.0,8.0,14.68,2.92,20.0,1,100.0
2024-01-13 11:00:00,EQ_M003,Air Handler,9649.8,22.4,7.04,18.21,3.03,20.8,1,100.0
2024-01-13 11:00:00,EQ_B001,Compressor,6768.4,22.7,4.34,22.1,6.84,64.9,0,65.1
2024-01-13 11:00:00,EQ_B002,Water Pump,9228.2,21.6,6.45,17.84,3.34,27.8,1,100.0
2024-01-13 12:00:00,EQ_M001,Compressor,10484.1,22.6,8.0,21.12,6.9,20.0,1,100.0
2024-01-13 12:00:00,EQ_M002,Water Pump,12219.5,25.8,8.0,15.0,3.11,20.0,1,100.0
2024-01-13 12:00:00,EQ_M003,Air Handler,9650.5,22.4,7.13,14.1,2.77,20.5,1,100.0
2024-01-13 12:00:00,EQ_B001,Compressor,6769.4,21.9,4.59,22.54,6.42,64.1,0,65.9
2024-01-13 12:00:00,EQ_B002,Water Pump,9229.1,22.8,6.86,16.19,2.97,26.5,1,100.0
2024-01-13 13:00:00,EQ_M001,Compressor,10484.7,22.0,7.76,19.11,6.31,20.0,1,100.0
2024-01-13 13:00:00,EQ_M002,Water Pump,12220.5,25.2,8.0,15.4,3.26,20.0,1,100.0
2024-01-13 13:00:00,EQ_M003,Air Handler,9651.4,22.2,6.97,15.51,2.25,20.9,1,100.0
2024-01-13 13:00:00,EQ_B001,Compressor,6770.2,21.6,3.94,21.37,6.38,66.1,0,63.9
2024-01-13 13:00:00,EQ_B002,Water Pump,9229.9,19.5,6.73,13.01,3.07,26.9,1,100.0
2024-01-13 14:00:00,EQ_M001,Compressor,10485.5,21.9,8.0,20.31,6.42,20.0,1,100.0
2024-01-13 14:00:00,EQ_M002,Water Pump,12221.5,24.7,8.0,19.84,2.78,20.0,1,100.0
2024-01-13 14:00:00,EQ_M003,Air Handler,9651.9,22.8,6.73,15.04,2.9,21.7,1,100.0
2024-01-13 14:00:00,EQ_B001,Compressor,6771.1,20.5,4.08,20.55,7.01,65.6,0,64.4
2024-01-13 14:00:00,EQ_B002,Water Pump,9230.5,21.4,6.41,14.13,3.17,27.9,1,100.0
2024-01-13 15:00:00,EQ_M001,Compressor,10486.3,21.9,7.92,21.46,6.17,20.0,1,100.0
2024-01-13 15:00:00,EQ_M002,Water Pump,12222.1,26.6,8.0,14.07,2.96,20.0,1,100.0
2024-01-13 15:00:00,EQ_M003,Air Handler,9652.5,22.2,7.37,14.72,2.62,20.0,1,100.0
2024-01-13 15:00:00,EQ_B001,Compressor,6771.8,20.7,3.92,19.83,6.23,66.1,0,63.9
2024-01-13 15:00:00,EQ_B002,Water Pump,9231.1,20.1,6.4,15.64,2.99,27.9,1,100.0
2024-01-13 16:00:00,EQ_M001,Compressor,10486.8,22.8,8.0,21.78,6.42,20.0,1,100.0
2024-01-13 16:00:00,EQ_M002,Water Pump,12222.8,25.7,8.0,14.52,2.92,20.0,1,100.0
2024-01-13 16:00:00,EQ_M003,Air Handler,9653.4,21.1,6.99,12.27,3.46,20.9,1,100.0
2024-01-13 16:00:00,EQ_B001,Compressor,6772.6,20.1,4.77,23.13,7.09,63.5,0,66.5
2024-01-13 16:00:00,EQ_B002,Water Pump,9231.6,22.5,6.6,15.6,2.95,27.3,1,100.0
2024-01-13 17:00:00,EQ_M001,Compressor,10487.4,23.6,7.72,26.59,6.87,20.0,1,100.0
2024-01-13 17:00:00,EQ_M002,Water Pump,12223.4,27.4,8.0,16.31,2.62,20.0,1,100.0
2024-01-13 17:00:00,EQ_M003,Air Handler,9654.2,21.9,7.49,14.63,3.25,20.0,1,100.0
2024-01-13 17:00:00,EQ_B001,Compressor,6773.3,21.2,4.63,24.7,6.44,63.9,0,66.1
2024-01-13 17:00:00,EQ_B002,Water Pump,9232.6,21.8,6.53,15.76,3.07,27.5,1,100.0
2024-01-13 18:00:00,EQ_M001,Compressor,10488.1,22.2,8.0,21.18,6.51,20.0,1,100.0
2024-01-13 18:00:00,EQ_M002,Water Pump,12224.0,26.0,8.0,11.79,2.63,20.0,1,100.0
2024-01-13 18:00:00,EQ_M003,Air Handler,9654.7,21.8,7.38,11.97,2.99,20.0,1,100.0
2024-01-13 18:00:00,EQ_B001,Compressor,6773.9,22.4,3.43,24.11,6.71,67.5,0,62.5
2024-01-13 18:00:00,EQ_B002,Water Pump,9233.4,22.0,6.46,16.33,2.91,27.7,1,100.0
2024-01-13 19:00:00,EQ_M001,Compressor,10489.1,23.7,7.74,20.68,6.12,20.0,1,100.0
2024-01-13 19:00:00,EQ_M002,Water Pump,12224.7,26.2,8.0,16.64,3.09,20.0,1,100.0
2024-01-13 19:00:00,EQ_M003,Air Handler,9655.6,20.7,7.02,15.13,2.73,20.7,1,100.0
2024-01-13 19:00:00,EQ_B001,Compressor,6774.8,20.0,4.19,17.19,5.98,65.2,0,64.8
2024-01-13 19:00:00,EQ_B002,Water Pump,9234.1,22.7,6.68,15.7,2.86,27.0,1,100.0
2024-01-13 20:00:00,EQ_M001,Compressor,10489.7,23.0,8.0,24.94,6.75,20.0,1,100.0
2024-01-13 20:00:00,EQ_M002,Water Pump,12225.6,23.8,8.0,14.71,3.23,20.0,1,100.0
2024-01-13 20:00:00,EQ_M003,Air Handler,9656.2,22.2,7.61,14.05,2.99,20.0,1,100.0
2024-01-13 20:00:00,EQ_B001,Compressor,6775.3,20.1,4.59,25.45,6.77,64.0,0,66.0
2024-01-13 20:00:00,EQ_B002,Water Pump,9235.0,21.6,6.78,16.99,3.14,26.7,1,100.0
2024-01-13 21:00:00,EQ_M001,Compressor,10490.2,21.8,8.0,18.91,6.49,20.0,1,100.0
2024-01-13 21:00:00,EQ_M002,Water Pump,12226.1,24.6,8.0,16.03,2.93,20.0,1,100.0
2024-01-13 21:00:00,EQ_M003,Air Handler,9657.1,21.6,6.92,14.12,2.82,21.0,1,100.0
2024-01-13 21:00:00,EQ_B001,Compressor,6776.3,21.4,4.64,21.32,6.75,63.9,0,66.1
2024-01-13 21:00:00,EQ_B002,Water Pump,9235.9,23.6,6.56,15.49,2.72,27.4,1,100.0
2024-01-13 22:00:00,EQ_M001,Compressor,10490.7,22.5,8.0,21.7,6.93,20.0,1,100.0
2024-01-13 22:00:00,EQ_M002,Water Pump,12227.0,28.4,8.0,13.85,3.09,20.0,1,100.0
2024-01-13 22:00:00,EQ_M003,Air Handler,9657.8,22.4,7.03,15.06,3.05,20.7,1,100.0
2024-01-13 22:00:00,EQ_B001,Compressor,6777.3,21.7,4.3,22.7,6.35,64.9,0,65.1
2024-01-13 22:00:00,EQ_B002,Water Pump,9236.8,22.2,6.82,16.2,3.18,26.6,1,100.0
2024-01-13 23:00:00,EQ_M001,Compressor,10491.5,21.5,7.92,24.3,7.04,20.0,1,100.0
2024-01-13 23:00:00,EQ_M002,Water Pump,12227.9,27.1,8.0,14.76,3.02,20.0,1,100.0
2024-01-13 23:00:00,EQ_M003,Air Handler,9658.7,20.2,7.32,17.93,2.81,20.0,1,100.0
2024-01-13 23:00:00,EQ_B001,Compressor,6777.9,21.4,3.82,22.62,6.38,66.3,0,63.7
2024-01-13 23:00:00,EQ_B002,Water Pump,9237.8,21.0,6.87,11.65,2.96,26.4,1,100.0
2024-01-14 00:00:00,EQ_M001,Compressor,10492.2,22.9,8.0,22.74,7.13,20.0,1,100.0
2024-01-14 00:00:00,EQ_M002,Water Pump,12228.8,25.9,8.0,14.09,3.0,20.0,1,100.0
2024-01-14 00:00:00,EQ_M003,Air Handler,9659.7,22.6,6.65,13.75,3.07,21.8,1,100.0
2024-01-14 00:00:00,EQ_B001,Compressor,6778.4,22.4,4.36,20.64,6.29,64.7,0,65.3
2024-01-14 00:00:00,EQ_B002,Water Pump,9238.4,20.7,6.99,12.75,2.84,26.0,1,100.0
2024-01-14 01:00:00,EQ_M001,Compressor,10492.8,22.5,8.0,20.31,6.35,20.0,1,100.0
2024-01-14 01:00:00,EQ_M002,Water Pump,12229.3,26.1,8.0,15.42,2.85,20.0,1,100.0
2024-01-14 01:00:00,EQ_M003,Air Handler,9660.6,22.5,6.72,14.34,3.08,21.6,1,100.0
2024-01-14 01:00:00,EQ_B001,Compressor,6778.9,20.2,3.75,21.93,6.49,66.5,0,63.5
2024-01-14 01:00:00,EQ_B002,Water Pump,9239.2,20.8,6.81,14.77,2.83,26.6,1,100.0
2024-01-14 02:00:00,EQ_M001,Compressor,10493.8,23.0,8.0,25.24,6.7,20.0,1,100.0
2024-01-14 02:00:00,EQ_M002,Water Pump,12230.0,27.4,8.0,12.7,2.45,20.0,1,100.0
2024-01-14 02:00:00,EQ_M003,Air Handler,9661.3,21.0,6.82,16.0,2.78,21.3,1,100.0
2024-01-14 02:00:00,EQ_B001,Compressor,6779.7,23.3,3.42,19.71,6.23,67.5,0,62.5
2024-01-14 02:00:00,EQ_B002,Water Pump,9240.2,20.4,6.8,17.28,2.49,26.6,1,100.0
2024-01-14 03:00:00,EQ_M001,Compressor,10494.4,21.7,8.0,20.72,7.0,20.0,1,100.0
2024-01-14 03:00:00,EQ_M002,Water Pump,12230.8,25.8,8.0,12.64,3.04,20.0,1,100.0
2024-01-14 03:00:00,EQ_M003,Air Handler,9662.2,21.6,6.79,16.88,3.2,21.3,1,100.0
2024-01-14 03:00:00,EQ_B001,Compressor,6780.5,23.1,4.0,19.23,6.73,65.7,0,64.3
2024-01-14 03:00:00,EQ_B002,Water Pump,9240.7,21.0,6.71,14.71,2.94,26.9,1,100.0
2024-01-14 04:00:00,EQ_M001,Compressor,10495.3,22.3,8.0,22.57,6.29,20.0,1,100.0
2024-01-14 04:00:00,EQ_M002,Water Pump,12231.4,24.7,8.0,17.37,3.09,20.0,1,100.0
2024-01-14 04:00:00,EQ_M003,Air Handler,9663.1,19.3,7.33,16.01,2.74,20.0,1,100.0
2024-01-14 04:00:00,EQ_B001,Compressor,6781.4,21.5,3.83,22.6,5.97,66.2,0,63.8
2024-01-14 04:00:00,EQ_B002,Water Pump,9241.4,22.8,6.88,14.11,3.25,26.4,1,100.0
2024-01-14 05:00:00,EQ_M001,Compressor,10496.1,21.7,7.78,22.02,6.6,20.0,1,100.0
2024-01-14 05:00:00,EQ_M002,Water Pump,12232.0,27.1,8.0,14.18,3.04,20.0,1,100.0
2024-01-14 05:00:00,EQ_M003,Air Handler,9664.0,20.8,7.84,16.82,3.08,20.0,1,100.0
2024-01-14 05:00:00,EQ_B001,Compressor,6782.0,21.2,4.48,22.54,6.2,64.3,0,65.7
2024-01-14 05:00:00,EQ_B002,Water Pump,9242.1,20.8,6.76,14.29,2.85,26.7,1,100.0
2024-01-14 06:00:00,EQ_M001,Compressor,10496.6,23.4,8.0,24.52,7.26,20.0,1,100.0
2024-01-14 06:00:00,EQ_M002,Water Pump,12233.0,27.4,8.0,13.57,2.98,20.0,1,100.0
2024-01-14 06:00:00,EQ_M003,Air Handler,9664.7,19.0,6.75,14.7,3.15,21.4,1,100.0
2024-01-14 06:00:00,EQ_B001,Compressor,6782.8,20.1,4.38,24.77,6.72,64.6,0,65.4
2024-01-14 06:00:00,EQ_B002,Water Pump,9242.7,20.7,6.71,16.38,3.33,26.9,1,100.0
2024-01-14 07:00:00,EQ_M001,Compressor,10497.4,21.3,8.0,22.27,6.84,20.0,1,100.0
2024-01-14 07:00:00,EQ_M002,Water Pump,12233.7,25.9,8.0,17.82,2.78,20.0,1,100.0
2024-01-14 07:00:00,EQ_M003,Air Handler,9665.7,23.6,6.97,15.96,2.65,20.8,1,100.0
2024-01-14 07:00:00,EQ_B001,Compressor,6783.6,20.5,3.76,20.49,6.2,66.4,0,63.6
2024-01-14 07:00:00,EQ_B002,Water Pump,9243.5,23.8,6.28,14.32,2.63,28.1,1,100.0
2024-01-14 08:00:00,EQ_M001,Compressor,10498.1,23.7,7.79,22.87,6.39,20.0,1,100.0
2024-01-14 08:00:00,EQ_M002,Water Pump,12234.5,26.2,8.0,15.62,2.81,20.0,1,100.0
2024-01-14 08:00:00,EQ_M003,Air Handler,9666.6,21.4,7.03,13.05,3.34,20.6,1,100.0
2024-01-14 08:00:00,EQ_B001,Compressor,6784.6,20.5,4.12,25.44,6.37,65.3,0,64.7
2024-01-14 08:00:00,EQ_B002,Water Pump,9244.1,18.6,6.35,14.88,2.81,27.9,1,100.0
2024-01-14 09:00:00,EQ_M001,Compressor,10498.9,24.1,7.92,21.24,6.32,20.0,1,100.0
2024-01-14 09:00:00,EQ_M002,Water Pump,12235.2,24.0,8.0,15.23,2.89,20.0,1,100.0
2024-01-14 09:00:00,EQ_M003,Air Handler,9667.5,21.6,6.64,15.35,3.19,21.7,1,100.0
2024-01-14 09:00:00,EQ_B001,Compressor,6785.6,22.1,3.61,21.55,6.14,66.8,0,63.2
2024-01-14 09:00:00,EQ_B002,Water Pump,9244.8,20.8,5.74,15.02,2.84,29.7,1,100.0
2024-01-14 10:00:00,EQ_M001,Compressor,10499.9,23.3,8.0,19.59,6.19,20.0,1,100.0
2024-01-14 10:00:00,EQ_M002,Water Pump,12235.8,26.0,8.0,13.43,3.01,20.0,1,100.0
2024-01-14 10:00:00,EQ_M003,Air Handler,9668.4,20.6,7.24,14.2,2.97,20.0,1,100.0
2024-01-14 10:00:00,EQ_B001,Compressor,6786.5,20.1,4.18,24.12,6.25,65.1,0,64.9
2024-01-14 10:00:00,EQ_B002,Water Pump,9245.5,22.4,6.71,17.27,3.06,26.8,1,100.0
2024-01-14 11:00:00,EQ_M001,Compressor,10500.8,23.9,7.67,20.71,5.97,20.0,1,100.0
2024-01-14 11:00:00,EQ_M002,Water Pump,12236.7,25.8,8.0,16.04,3.11,20.0,1,100.0
2024-01-14 11:00:00,EQ_M003,Air Handler,9669.1,23.0,7.0,13.22,2.99,20.6,1,100.0
2024-01-14 11:00:00,EQ_B001,Compressor,6787.0,21.4,4.56,20.73,6.81,64.0,0,66.0
2024-01-14 11:00:00,EQ_B002,Water Pump,9246.4,21.3,6.73,14.03,2.76,26.7,1,100.0
2024-01-14 12:00:00,EQ_M001,Compressor,10501.5,22.0,7.84,18.85,6.15,20.0,1,100.0
2024-01-14 12:00:00,EQ_M002,Water Pump,12237.4,27.4,8.0,17.14,2.79,20.0,1,100.0
2024-01-14 12:00:00,EQ_M003,Air Handler,9669.8,22.4,7.22,17.64,3.11,20.0,1,100.0
2024-01-14 12:00:00,EQ_B001,Compressor,6787.7,22.0,4.79,22.03,6.38,63.3,0,66.7
2024-01-14 12:00:00,EQ_B002,Water Pump,9247.0,21.5,6.34,12.99,3.07,27.9,1,100.0
2024-01-14 13:00:00,EQ_M001,Compressor,10502.3,23.6,8.0,20.7,6.58,20.0,1,100.0
2024-01-14 13:00:00,EQ_M002,Water Pump,12238.2,26.3,8.0,15.84,3.09,20.0,1,100.0
2024-01-14 13:00:00,EQ_M003,Air Handler,9670.7,22.4,6.9,14.54,3.09,20.9,1,100.0
2024-01-14 13:00:00,EQ_B001,Compressor,6788.7,23.4,4.03,21.7,6.94,65.6,0,64.4
2024-01-14 13:00:00,EQ_B002,Water Pump,9247.7,21.6,6.8,15.33,2.88,26.5,1,100.0
2024-01-14 14:00:00,EQ_M001,Compressor,10502.9,25.3,7.06,22.23,6.37,20.0,1,100.0
2024-01-14 14:00:00,EQ_M002,Water Pump,12238.8,26.1,8.0,15.41,3.09,20.0,1,100.0
2024-01-14 14:00:00,EQ_M003,Air Handler,9671.5,23.0,7.02,15.19,3.04,20.6,1,100.0
2024-01-14 14:00:00,EQ_B001,Compressor,6789.3,21.6,4.51,20.95,6.18,64.1,0,65.9
2024-01-14 14:00:00,EQ_B002,Water Pump,9248.7,21.7,6.5,15.57,2.97,27.4,1,100.0
2024-01-14 15:00:00,EQ_M001,Compressor,10503.8,23.2,8.0,23.5,6.59,20.0,1,100.0
2024-01-14 15:00:00,EQ_M002,Water Pump,12239.6,22.2,8.0,14.74,2.81,20.0,1,100.0
2024-01-14 15:00:00,EQ_M003,Air Handler,9672.2,21.6,7.1,15.5,3.1,20.3,1,100.0
2024-01-14 15:00:00,EQ_B001,Compressor,6790.2,22.3,4.4,21.83,6.36,64.4,0,65.6
2024-01-14 15:00:00,EQ_B002,Water Pump,9249.3,21.0,7.13,16.49,3.13,25.5,1,100.0
2024-01-14 16:00:00,EQ_M001,Compressor,10504.6,22.0,8.0,22.84,6.78,20.0,1,100.0
2024-01-14 16:00:00,EQ_M002,Water Pump,12240.5,25.2,8.0,16.57,3.01,20.0,1,100.0
2024-01-14 16:00:00,EQ_M003,Air Handler,9672.8,21.0,6.61,15.49,3.09,21.7,1,100.0
2024-01-14 16:00:00,EQ_B001,Compressor,6791.0,22.7,4.27,21.9,5.91,64.8,0,65.2
2024-01-14 16:00:00,EQ_B002,Water Pump,9250.2,19.1,6.53,16.27,2.98,27.3,1,100.0
2024-01-14 17:00:00,EQ_M001,Compressor,10505.5,22.1,7.89,22.21,6.62,20.0,1,100.0
2024-01-14 17:00:00,EQ_M002,Water Pump,12241.4,28.0,8.0,16.42,2.76,20.0,1,100.0
2024-01-14 17:00:00,EQ_M003,Air Handler,9673.4,22.8,7.48,15.1,3.41,20.0,1,100.0
2024-01-14 17:00:00,EQ_B001,Compressor,6791.8,21.2,4.41,23.89,6.78,64.4,0,65.6
2024-01-14 17:00:00,EQ_B002,Water Pump,9251.0,21.5,6.69,16.49,2.67,26.8,1,100.0
2024-01-14 18:00:00,EQ_M001,Compressor,10506.1,23.0,8.0,21.72,6.84,20.0,1,100.0
2024-01-14 18:00:00,EQ_M002,Water Pump,12242.1,25.8,8.0,14.25,2.95,20.0,1,100.0
2024-01-14 18:00:00,EQ_M003,Air Handler,9674.1,20.3,7.74,12.32,3.05,20.0,1,100.0
2024-01-14 18:00:00,EQ_B001,Compressor,6792.5,21.8,3.85,20.01,6.75,66.0,0,64.0
2024-01-14 18:00:00,EQ_B002,Water Pump,9251.6,21.9,6.76,15.66,3.16,26.6,1,100.0
2024-01-14 19:00:00,EQ_M001,Compressor,10506.8,21.5,8.0,22.46,6.4,20.0,1,100.0
2024-01-14 19:00:00,EQ_M002,Water Pump,12242.7,27.0,8.0,12.78,2.83,20.0,1,100.0
2024-01-14 19:00:00,EQ_M003,Air Handler,9674.8,23.1,7.11,14.07,3.01,20.2,1,100.0
2024-01-14 19:00:00,EQ_B001,Compressor,6793.1,20.3,4.66,24.76,6.68,63.6,0,66.4
2024-01-14 19:00:00,EQ_B002,Water Pump,9252.5,23.1,6.82,15.44,2.93,26.4,1,100.0
2024-01-14 20:00:00,EQ_M001,Compressor,10507.6,23.2,8.0,24.08,6.64,20.0,1,100.0
2024-01-14 20:00:00,EQ_M002,Water Pump,12243.3,25.6,8.0,17.58,2.82,20.0,1,100.0
2024-01-14 20:00:00,EQ_M003,Air Handler,9675.6,22.6,7.29,15.83,2.94,20.0,1,100.0
2024-01-14 20:00:00,EQ_B001,Compressor,6794.0,20.9,3.99,23.59,5.94,65.6,0,64.4
2024-01-14 20:00:00,EQ_B002,Water Pump,9253.1,20.3,6.72,12.71,2.84,26.7,1,100.0
2024-01-14 21:00:00,EQ_M001,Compressor,10508.3,21.0,7.84,19.11,6.42,20.0,1,100.0
2024-01-14 21:00:00,EQ_M002,Water Pump,12244.0,26.5,8.0,14.88,2.75,20.0,1,100.0
2024-01-14 21:00:00,EQ_M003,Air Handler,9676.4,22.5,6.97,13.98,3.2,20.6,1,100.0
2024-01-14 21:00:00,EQ_B001,Compressor,6794.8,22.0,4.43,20.52,6.25,64.3,0,65.7
2024-01-14 21:00:00,EQ_B002,Water Pump,9253.9,21.4,6.46,16.66,3.13,27.5,1,100.0
2024-01-14 22:00:00,EQ_M001,Compressor,10508.9,21.6,8.0,20.97,6.7,20.0,1,100.0
2024-01-14 22:00:00,EQ_M002,Water Pump,12244.9,26.2,8.0,15.26,3.08,20.0,1,100.0
2024-01-14 22:00:00,EQ_M003,Air Handler,9677.2,20.7,7.56,13.95,3.0,20.0,1,100.0
2024-01-14 22:00:00,EQ_B001,Compressor,6795.4,21.4,3.62,23.57,6.34,66.7,0,63.3
2024-01-14 22:00:00,EQ_B002,Water Pump,9254.4,22.0,7.16,15.13,3.22,25.3,1,100.0
2024-01-14 23:00:00,EQ_M001,Compressor,10509.6,20.1,8.0,23.29,6.18,20.0,1,100.0
2024-01-14 23:00:00,EQ_M002,Water Pump,12245.4,26.0,8.0,13.17,2.9,20.0,1,100.0
2024-01-14 23:00:00,EQ_M003,Air Handler,9678.2,22.0,7.07,12.7,3.0,20.3,1,100.0
2024-01-14 23:00:00,EQ_B001,Compressor,6796.3,22.6,4.3,21.47,6.75,64.7,0,65.3
2024-01-14 23:00:00,EQ_B002,Water Pump,9255.0,20.7,7.05,13.64,2.87,25.7,1,100.0
2024-01-15 00:00:00,EQ_M001,Compressor,10510.2,20.7,7.7,22.57,6.52,20.0,1,100.0
2024-01-15 00:00:00,EQ_M002,Water Pump,12246.0,26.0,8.0,14.28,2.7,20.0,1,100.0
2024-01-15 00:00:00,EQ_M003,Air Handler,9679.0,21.4,7.83,16.33,3.17,20.0,1,100.0
2024-01-15 00:00:00,EQ_B001,Compressor,6797.2,22.3,3.41,21.73,6.29,67.3,0,62.7
2024-01-15 00:00:00,EQ_B002,Water Pump,9255.9,19.6,6.95,15.67,2.91,25.9,1,100.0
2024-01-15 01:00:00,EQ_M001,Compressor,10511.0,21.8,7.92,24.35,6.85,20.0,1,100.0
2024-01-15 01:00:00,EQ_M002,Water Pump,12246.7,24.6,8.0,18.17,2.95,20.0,1,100.0
2024-01-15 01:00:00,EQ_M003,Air Handler,9680.0,22.4,6.92,15.79,3.17,20.7,1,100.0
2024-01-15 01:00:00,EQ_B001,Compressor,6797.7,19.6,4.15,22.62,6.57,65.1,0,64.9
2024-01-15 01:00:00,EQ_B002,Water Pump,9256.8,21.2,6.9,14.29,3.13,26.1,1,100.0
2024-01-15 02:00:00,EQ_M001,Compressor,10511.9,21.6,7.78,22.11,6.07,20.0,1,100.0
2024-01-15 02:00:00,EQ_M002,Water Pump,12247.3,24.9,8.0,15.68,3.05,20.0,1,100.0
2024-01-15 02:00:00,EQ_M003,Air Handler,9680.5,22.0,7.56,15.28,2.92,20.0,1,100.0
2024-01-15 02:00:00,EQ_B001,Compressor,6798.6,21.8,4.26,23.27,6.81,64.7,0,65.3
2024-01-15 02:00:00,EQ_B002,Water Pump,9257.7,22.9,6.83,16.41,3.06,26.3,1,100.0
2024-01-15 03:00:00,EQ_M001,Compressor,10512.4,21.5,7.79,21.7,6.68,20.0,1,100.0
2024-01-15 03:00:00,EQ_M002,Water Pump,12248.2,26.4,8.0,12.92,2.91,20.0,1,100.0
2024-01-15 03:00:00,EQ_M003,Air Handler,9681.4,20.3,7.61,15.95,2.62,20.0,1,100.0
2024-01-15 03:00:00,EQ_B001,Compressor,6799.5,20.3,4.74,21.78,7.33,63.3,0,66.7
2024-01-15 03:00:00,EQ_B002,Water Pump,9258.4,21.3,6.81,16.12,2.74,26.3,1,100.0
2024-01-15 04:00:00,EQ_M001,Compressor,10513.3,22.4,8.0,24.14,6.69,20.0,1,100.0
2024-01-15 04:00:00,EQ_M002,Water Pump,12248.7,27.6,8.0,14.14,2.74,20.0,1,100.0
2024-01-15 04:00:00,EQ_M003,Air Handler,9682.3,21.1,7.26,14.89,3.02,20.0,1,100.0
2024-01-15 04:00:00,EQ_B001,Compressor,6800.5,20.5,4.5,19.97,7.12,64.0,0,66.0
2024-01-15 04:00:00,EQ_B002,Water Pump,9259.3,21.7,6.47,14.56,2.8,27.3,1,100.0
2024-01-15 05:00:00,EQ_M001,Compressor,10513.9,22.3,7.84,19.17,7.22,20.0,1,100.0
2024-01-15 05:00:00,EQ_M002,Water Pump,12249.6,24.4,8.0,15.19,2.68,20.0,1,100.0
2024-01-15 05:00:00,EQ_M003,Air Handler,9683.0,21.6,7.45,18.14,2.67,20.0,1,100.0
2024-01-15 05:00:00,EQ_B001,Compressor,6801.1,22.2,3.94,22.97,6.68,65.7,0,64.3
2024-01-15 05:00:00,EQ_B002,Water Pump,9259.9,19.2,6.7,15.87,3.18,26.6,1,100.0
2024-01-15 06:00:00,EQ_M001,Compressor,10514.4,22.7,8.0,20.35,6.67,20.0,1,100.0
2024-01-15 06:00:00,EQ_M002,Water Pump,12250.3,25.3,8.0,15.24,2.66,20.0,1,100.0
2024-01-15 06:00:00,EQ_M003,Air Handler,9683.6,21.2,7.32,17.13,3.08,20.0,1,100.0
2024-01-15 06:00:00,EQ_B001,Compressor,6801.8,21.5,4.27,19.4,6.65,64.7,0,65.3
2024-01-15 06:00:00,EQ_B002,Water Pump,9260.6,22.2,7.06,17.61,3.07,25.6,1,100.0
2024-01-15 07:00:00,EQ_M001,Compressor,10515.0,21.6,7.68,23.25,6.3,20.0,1,100.0
2024-01-15 07:00:00,EQ_M002,Water Pump,12251.2,27.0,8.0,14.8,3.21,20.0,1,100.0
2024-01-15 07:00:00,EQ_M003,Air Handler,9684.3,21.1,7.4,13.99,2.95,20.0,1,100.0
2024-01-15 07:00:00,EQ_B001,Compressor,6802.4,21.2,4.52,21.62,6.28,63.9,0,66.1
2024-01-15 07:00:00,EQ_B002,Water Pump,9261.4,20.7,7.23,13.1,3.24,25.0,1,100.0
2024-01-15 08:00:00,EQ_M001,Compressor,10515.9,22.4,7.6,21.09,6.22,20.0,1,100.0
2024-01-15 08:00:00,EQ_M002,Water Pump,12251.7,25.0,8.0,12.02,3.32,20.0,1,100.0
2024-01-15 08:00:00,EQ_M003,Air Handler,9685.3,21.2,7.45,16.59,3.05,20.0,1,100.0
2024-01-15 08:00:00,EQ_B001,Compressor,6802.9,20.4,4.65,17.37,6.75,63.5,0,66.5
2024-01-15 08:00:00,EQ_B002,Water Pump,9262.0,21.1,6.64,18.22,2.9,26.8,1,100.0
2024-01-15 09:00:00,EQ_M001,Compressor,10516.6,24.3,8.0,24.03,6.4,20.0,1,100.0
2024-01-15 09:00:00,EQ_M002,Water Pump,12252.5,25.1,8.0,16.0,3.02,20.0,1,100.0
2024-01-15 09:00:00,EQ_M003,Air Handler,9685.9,21.2,7.55,14.56,2.93,20.0,1,100.0
2024-01-15 09:00:00,EQ_B001,Compressor,6803.6,20.9,4.34,21.26,6.59,64.4,0,65.6
2024-01-15 09:00:00,EQ_B002,Water Pump,9262.8,21.1,7.17,15.64,2.92,25.2,1,100.0
2024-01-15 10:00:00,EQ_M001,Compressor,10517.2,22.3,7.95,24.36,6.72,20.0,1,100.0
2024-01-15 10:00:00,EQ_M002,Water Pump,12253.3,25.7,8.0,13.72,3.4,20.0,1,100.0
2024-01-15 10:00:00,EQ_M003,Air Handler,9686.5,20.2,7.34,16.17,3.26,20.0,1,100.0
2024-01-15 10:00:00,EQ_B001,Compressor,6804.5,21.8,4.5,21.75,6.57,63.9,0,66.1
2024-01-15 10:00:00,EQ_B002,Water Pump,9263.6,21.9,6.6,12.44,3.15,26.9,1,100.0
2024-01-15 11:00:00,EQ_M001,Compressor,10517.7,22.1,8.0,19.34,7.02,20.0,1,100.0
2024-01-15 11:00:00,EQ_M002,Water Pump,12253.9,25.2,8.0,17.27,2.41,20.0,1,100.0
2024-01-15 11:00:00,EQ_M003,Air Handler,9687.2,23.4,7.34,15.38,2.84,20.0,1,100.0
2024-01-15 11:00:00,EQ_B001,Compressor,6805.4,21.8,4.55,18.81,7.53,63.8,0,66.2
2024-01-15 11:00:00,EQ_B002,Water Pump,9264.3,22.5,6.43,14.37,3.14,27.4,1,100.0
2024-01-15 12:00:00,EQ_M001,Compressor,10518.3,21.2,8.0,21.54,6.29,20.0,1,100.0
2024-01-15 12:00:00,EQ_M002,Water Pump,12254.7,24.8,8.0,17.07,2.76,20.0,1,100.0
2024-01-15 12:00:00,EQ_M003,Air Handler,9687.9,20.0,7.45,11.96,2.7,20.0,1,100.0
2024-01-15 12:00:00,EQ_B001,Compressor,6806.1,20.4,4.36,18.95,5.83,64.3,0,65.7
2024-01-15 12:00:00,EQ_B002,Water Pump,9265.0,20.2,6.57,14.61,2.87,27.0,1,100.0
2024-01-15 13:00:00,EQ_M001,Compressor,10519.3,20.8,8.0,21.81,6.48,20.0,1,100.0
2024-01-15 13:00:00,EQ_M002,Water Pump,12255.7,25.8,8.0,15.29,3.1,20.0,1,100.0
2024-01-15 13:00:00,EQ_M003,Air Handler,9688.7,22.2,6.95,16.17,2.86,20.6,1,100.0
2024-01-15 13:00:00,EQ_B001,Compressor,6806.9,20.3,4.69,21.35,6.5,63.3,0,66.7
2024-01-15 13:00:00,EQ_B002,Water Pump,9265.8,22.4,6.37,15.04,2.59,27.6,1,100.0
2024-01-15 14:00:00,EQ_M001,Compressor,10519.8,21.8,7.75,22.31,6.39,20.0,1,100.0
2024-01-15 14:00:00,EQ_M002,Water Pump,12256.6,25.6,8.0,11.39,3.24,20.0,1,100.0
2024-01-15 14:00:00,EQ_M003,Air Handler,9689.5,20.8,7.0,16.0,2.97,20.4,1,100.0
2024-01-15 14:00:00,EQ_B001,Compressor,6807.7,21.6,4.21,20.69,6.49,64.8,0,65.2
2024-01-15 14:00:00,EQ_B002,Water Pump,9266.4,20.9,6.65,14.09,3.36,26.7,1,100.0
2024-01-15 15:00:00,EQ_M001,Compressor,10520.4,23.3,8.0,21.72,6.93,20.0,1,100.0
2024-01-15 15:00:00,EQ_M002,Water Pump,12257.5,26.0,8.0,12.26,3.16,20.0,1,100.0
2024-01-15 15:00:00,EQ_M003,Air Handler,9690.5,20.0,7.41,16.52,3.04,20.0,1,100.0
2024-01-15 15:00:00,EQ_B001,Compressor,6808.5,21.0,4.41,22.32,6.16,64.2,0,65.8
2024-01-15 15:00:00,EQ_B002,Water Pump,9267.1,21.1,6.27,14.01,2.81,27.8,1,100.0
2024-01-15 16:00:00,EQ_M001,Compressor,10521.3,20.7,8.0,20.59,6.19,20.0,1,100.0
2024-01-15 16:00:00,EQ_M002,Water Pump,12258.4,25.1,8.0,15.87,2.91,20.0,1,100.0
2024-01-15 16:00:00,EQ_M003,Air Handler,9691.2,23.3,6.87,16.44,3.02,20.7,1,100.0
2024-01-15 16:00:00,EQ_B001,Compressor,6809.3,21.8,4.53,20.03,6.63,63.8,0,66.2
2024-01-15 16:00:00,EQ_B002,Water Pump,9267.7,22.5,6.48,13.59,2.53,27.2,1,100.0
2024-01-15 17:00:00,EQ_M001,Compressor,10522.2,21.2,8.0,20.84,6.29,20.0,1,100.0
2024-01-15 17:00:00,EQ_M002,Water Pump,12259.1,24.2,8.0,15.09,3.24,20.0,1,100.0
2024-01-15 17:00:00,EQ_M003,Air Handler,9691.7,21.5,7.36,13.7,3.19,20.0,1,100.0
2024-01-15 17:00:00,EQ_B001,Compressor,6810.1,20.3,4.52,21.31,6.59,63.8,0,66.2
2024-01-15 17:00:00,EQ_B002,Water Pump,9268.5,20.8,6.44,14.41,2.86,27.3,1,100.0
2024-01-15 18:00:00,EQ_M001,Compressor,10522.9,22.4,7.64,21.29,6.97,20.0,1,100.0
2024-01-15 18:00:00,EQ_M002,Water Pump,12259.8,24.8,8.0,16.07,2.75,20.0,1,100.0
2024-01-15 18:00:00,EQ_M003,Air Handler,9692.3,20.9,7.56,15.72,3.19,20.0,1,100.0
2024-01-15 18:00:00,EQ_B001,Compressor,6810.6,23.6,4.68,23.64,7.1,63.3,0,66.7
2024-01-15 18:00:00,EQ_B002,Water Pump,9269.1,21.3,6.65,12.56,3.37,26.7,1,100.0
2024-01-15 19:00:00,EQ_M001,Compressor,10523.9,23.0,8.0,18.72,6.7,20.0,1,100.0
2024-01-15 19:00:00,EQ_M002,Water Pump,12260.7,25.2,8.0,14.12,3.06,20.0,1,100.0
2024-01-15 19:00:00,EQ_M003,Air Handler,9692.9,19.5,7.41,17.32,3.16,20.0,1,100.0
2024-01-15 19:00:00,EQ_B001,Compressor,6811.3,21.8,3.97,25.64,6.94,65.5,0,64.5
2024-01-15 19:00:00,EQ_B002,Water Pump,9270.0,22.1,6.46,17.82,3.12,27.3,1,100.0
2024-01-15 20:00:00,EQ_M001,Compressor,10524.6,20.9,7.68,21.78,6.79,20.0,1,100.0
2024-01-15 20:00:00,EQ_M002,Water Pump,12261.2,25.3,8.0,15.83,2.65,20.0,1,100.0
2024-01-15 20:00:00,EQ_M003,Air Handler,9693.7,22.7,7.13,16.06,3.09,20.0,1,100.0
2024-01-15 20:00:00,EQ_B001,Compressor,6811.8,20.8,4.59,21.94,7.1,63.6,0,66.4
2024-01-15 20:00:00,EQ_B002,Water Pump,9270.8,22.0,7.32,16.75,2.81,24.7,1,100.0
2024-01-15 21:00:00,EQ_M001,Compressor,10525.5,21.0,8.0,20.03,6.1,20.0,1,100.0
2024-01-15 21:00:00,EQ_M002,Water Pump,12261.8,28.2,8.0,18.32,2.99,20.0,1,100.0
2024-01-15 21:00:00,EQ_M003,Air Handler,9694.5,19.6,7.28,14.51,2.99,20.0,1,100.0
2024-01-15 21:00:00,EQ_B001,Compressor,6812.7,21.6,3.65,19.98,6.38,66.4,0,63.6
2024-01-15 21:00:00,EQ_B002,Water Pump,9271.5,20.7,7.16,16.44,3.08,25.1,1,100.0
2024-01-15 22:00:00,EQ_M001,Compressor,10526.3,21.5,8.0,23.03,6.29,20.0,1,100.0
2024-01-15 22:00:00,EQ_M002,Water Pump,12262.5,25.8,8.0,16.58,3.09,20.0,1,100.0
2024-01-15 22:00:00,EQ_M003,Air Handler,9695.1,21.0,6.88,14.29,2.98,20.7,1,100.0
2024-01-15 22:00:00,EQ_B001,Compressor,6813.7,21.3,4.64,19.44,6.64,63.4,0,66.6
2024-01-15 22:00:00,EQ_B002,Water Pump,9272.1,20.5,6.26,17.28,3.05,27.8,1,100.0
2024-01-15 23:00:00,EQ_M001,Compressor,10527.0,22.0,8.0,20.31,6.91,20.0,1,100.0
2024-01-15 23:00:00,EQ_M002,Water Pump,12263.2,25.4,8.0,16.42,3.07,20.0,1,100.0
2024-01-15 23:00:00,EQ_M003,Air Handler,9695.8,20.8,7.3,10.76,2.94,20.0,1,100.0
2024-01-15 23:00:00,EQ_B001,Compressor,6814.3,20.9,4.4,20.66,6.96,64.1,0,65.9
2024-01-15 23:00:00,EQ_B002,Water Pump,9272.8,20.4,7.19,16.0,3.03,25.0,1,100.0
2024-01-16 00:00:00,EQ_M001,Compressor,10527.9,21.2,7.54,24.69,6.12,20.0,1,100.0
2024-01-16 00:00:00,EQ_M002,Water Pump,12263.8,25.4,8.0,16.03,2.98,20.0,1,100.0
2024-01-16 00:00:00,EQ_M003,Air Handler,9696.4,20.9,7.45,16.25,2.79,20.0,1,100.0
2024-01-16 00:00:00,EQ_B001,Compressor,6814.9,22.6,3.9,22.74,6.78,65.6,0,64.4
2024-01-16 00:00:00,EQ_B002,Water Pump,9273.3,22.0,6.7,16.03,2.91,26.5,1,100.0
2024-01-16 01:00:00,EQ_M001,Compressor,10528.5,22.1,8.0,24.79,6.87,20.0,1,100.0
2024-01-16 01:00:00,EQ_M002,Water Pump,12264.6,24.1,8.0,13.21,2.96,20.0,1,100.0
2024-01-16 01:00:00,EQ_M003,Air Handler,9697.2,21.1,7.34,14.4,3.29,20.0,1,100.0
2024-01-16 01:00:00,EQ_B001,Compressor,6815.6,21.0,4.19,20.05,6.46,64.7,0,65.3
2024-01-16 01:00:00,EQ_B002,Water Pump,9274.0,21.5,6.31,16.23,3.4,27.7,1,100.0
2024-01-16 02:00:00,EQ_M001,Compressor,10529.1,22.5,7.78,20.34,6.32,20.0,1,100.0
2024-01-16 02:00:00,EQ_M002,Water Pump,12265.5,25.5,8.0,15.32,2.69,20.0,1,100.0
2024-01-16 02:00:00,EQ_M003,Air Handler,9697.8,20.8,6.86,16.22,3.2,20.7,1,100.0
2024-01-16 02:00:00,EQ_B001,Compressor,6816.3,18.8,4.92,24.08,6.58,62.5,0,67.5
2024-01-16 02:00:00,EQ_B002,Water Pump,9274.7,20.0,6.99,14.14,2.91,25.6,1,100.0
2024-01-16 03:00:00,EQ_M001,Compressor,10529.9,23.5,7.68,22.3,6.45,20.0,1,100.0
2024-01-16 03:00:00,EQ_M002,Water Pump,12266.1,26.5,8.0,14.03,3.48,20.0,1,100.0
2024-01-16 03:00:00,EQ_M003,Air Handler,9698.6,20.3,7.33,12.3,3.25,20.0,1,100.0
2024-01-16 03:00:00,EQ_B001,Compressor,6817.0,22.3,4.34,20.87,7.19,64.3,0,65.7
2024-01-16 03:00:00,EQ_B002,Water Pump,9275.4,21.9,6.63,16.51,2.94,26.7,1,100.0
2024-01-16 04:00:00,EQ_M001,Compressor,10530.5,21.6,8.0,21.12,6.37,20.0,1,100.0
2024-01-16 04:00:00,EQ_M002,Water Pump,12266.9,24.9,8.0,16.49,3.26,20.0,1,100.0
2024-01-16 04:00:00,EQ_M003,Air Handler,9699.3,21.9,7.6,13.66,2.8,20.0,1,100.0
2024-01-16 04:00:00,EQ_B001,Compressor,6817.7,21.2,4.51,19.75,6.62,63.7,0,66.3
2024-01-16 04:00:00,EQ_B002,Water Pump,9276.0,21.0,6.72,17.13,2.98,26.4,1,100.0
2024-01-16 05:00:00,EQ_M001,Compressor,10531.2,21.6,8.0,20.85,6.8,20.0,1,100.0
2024-01-16 05:00:00,EQ_M002,Water Pump,12267.6,24.8,8.0,14.52,3.08,20.0,1,100.0
2024-01-16 05:00:00,EQ_M003,Air Handler,9699.8,20.6,7.29,15.21,2.91,20.0,1,100.0
2024-01-16 05:00:00,EQ_B001,Compressor,6818.5,20.3,4.16,21.27,6.58,64.8,0,65.2
2024-01-16 05:00:00,EQ_B002,Water Pump,9276.7,21.7,7.33,16.47,2.94,24.6,1,100.0
2024-01-16 06:00:00,EQ_M001,Compressor,10531.9,21.3,8.0,21.69,6.29,20.0,1,100.0
2024-01-16 06:00:00,EQ_M002,Water Pump,12268.2,24.8,8.0,15.74,2.99,20.0,1,100.0
2024-01-16 06:00:00,EQ_M003,Air Handler,9700.6,20.8,7.39,14.03,2.89,20.0,1,100.0
2024-01-16 06:00:00,EQ_B001,Compressor,6819.2,20.8,4.15,19.63,6.69,64.8,0,65.2
2024-01-16 06:00:00,EQ_B002,Water Pump,9277.6,20.0,6.48,16.0,2.84,27.1,1,100.0
2024-01-16 07:00:00,EQ_M001,Compressor,10532.8,22.1,8.0,23.36,6.21,20.0,1,100.0
2024-01-16 07:00:00,EQ_M002,Water Pump,12269.0,26.3,8.0,16.51,3.01,20.0,1,100.0
2024-01-16 07:00:00,EQ_M003,Air Handler,9701.2,21.6,7.76,16.74,2.71,20.0,1,100.0
2024-01-16 07:00:00,EQ_B001,Compressor,6820.0,21.5,4.22,19.42,6.83,64.6,0,65.4
2024-01-16 07:00:00,EQ_B002,Water Pump,9278.4,20.6,7.28,16.57,2.8,24.7,1,100.0
2024-01-16 08:00:00,EQ_M001,Compressor,10533.3,22.3,8.0,22.66,7.04,20.0,1,100.0
2024-01-16 08:00:00,EQ_M002,Water Pump,12269.8,27.3,8.0,16.3,3.12,20.0,1,100.0
2024-01-16 08:00:00,EQ_M003,Air Handler,9702.1,20.5,6.85,15.28,3.22,20.7,1,100.0
2024-01-16 08:00:00,EQ_B001,Compressor,6820.7,21.5,4.19,22.03,7.07,64.7,0,65.3
2024-01-16 08:00:00,EQ_B002,Water Pump,9279.2,18.7,6.72,14.99,2.9,26.3,1,100.0
2024-01-16 09:00:00,EQ_M001,Compressor,10534.2,21.4,7.93,23.64,5.86,20.0,1,100.0
2024-01-16 09:00:00,EQ_M002,Water Pump,12270.8,25.6,8.0,17.39,2.89,20.0,1,100.0
2024-01-16 09:00:00,EQ_M003,Air Handler,9702.7,21.7,7.22,13.98,2.63,20.0,1,100.0
2024-01-16 09:00:00,EQ_B001,Compressor,6821.5,22.1,4.56,22.21,6.5,63.6,0,66.4
2024-01-16 09:00:00,EQ_B002,Water Pump,9279.8,21.0,6.71,18.31,3.17,26.4,1,100.0
2024-01-16 10:00:00,EQ_M001,Compressor,10535.0,22.9,7.67,24.5,6.27,20.0,1,100.0
2024-01-16 10:00:00,EQ_M002,Water Pump,12271.7,25.5,8.0,15.53,3.03,20.0,1,100.0
2024-01-16 10:00:00,EQ_M003,Air Handler,9703.6,19.7,7.51,15.3,2.87,20.0,1,100.0
2024-01-16 10:00:00,EQ_B001,Compressor,6822.1,20.8,3.99,21.33,6.41,65.2,0,64.8
2024-01-16 10:00:00,EQ_B002,Water Pump,9280.4,20.7,7.16,15.67,3.11,25.0,1,100.0
2024-01-16 11:00:00,EQ_M001,Compressor,10535.8,21.8,7.95,20.47,6.25,20.0,1,100.0
2024-01-16 11:00:00,EQ_M002,Water Pump,12272.6,26.0,8.0,15.67,2.97,20.0,1,100.0
2024-01-16 11:00:00,EQ_M003,Air Handler,9704.2,20.8,6.95,16.14,2.82,20.4,1,100.0
2024-01-16 11:00:00,EQ_B001,Compressor,6822.9,20.8,4.34,24.97,6.48,64.2,0,65.8
2024-01-16 11:00:00,EQ_B002,Water Pump,9281.2,22.5,7.51,15.99,3.23,23.9,1,100.0
2024-01-16 12:00:00,EQ_M001,Compressor,10536.5,19.6,7.86,24.04,6.63,20.0,1,100.0
2024-01-16 12:00:00,EQ_M002,Water Pump,12273.3,24.8,8.0,15.85,3.2,20.0,1,100.0
2024-01-16 12:00:00,EQ_M003,Air Handler,9705.0,20.9,7.19,15.52,3.33,20.0,1,100.0
2024-01-16 12:00:00,EQ_B001,Compressor,6823.7,20.9,4.64,19.29,6.54,63.3,0,66.7
2024-01-16 12:00:00,EQ_B002,Water Pump,9282.0,18.3,6.43,17.02,3.09,27.2,1,100.0
2024-01-16 13:00:00,EQ_M001,Compressor,10537.2,21.7,7.79,18.34,6.85,20.0,1,100.0
2024-01-16 13:00:00,EQ_M002,Water Pump,12274.0,24.8,8.0,16.72,3.01,20.0,1,100.0
2024-01-16 13:00:00,EQ_M003,Air Handler,9705.9,20.8,7.24,16.39,3.2,20.0,1,100.0
2024-01-16 13:00:00,EQ_B001,Compressor,6824.4,20.2,4.26,20.21,7.1,64.4,0,65.6
2024-01-16 13:00:00,EQ_B002,Water Pump,9283.0,21.2,6.48,14.82,3.2,27.0,1,100.0
2024-01-16 14:00:00,EQ_M001,Compressor,10537.8,23.0,7.49,21.64,6.29,20.0,1,100.0
2024-01-16 14:00:00,EQ_M002,Water Pump,12274.5,26.5,8.0,12.8,2.81,20.0,1,100.0
2024-01-16 14:00:00,EQ_M003,Air Handler,9706.6,21.8,7.38,15.86,3.3,20.0,1,100.0
2024-01-16 14:00:00,EQ_B001,Compressor,6825.3,21.6,4.16,21.64,6.28,64.7,0,65.3
2024-01-16 14:00:00,EQ_B002,Water Pump,9283.9,20.8,6.77,17.69,3.01,26.1,1,100.0
2024-01-16 15:00:00,EQ_M001,Compressor,10538.4,22.9,8.0,19.63,7.61,20.0,1,100.0
2024-01-16 15:00:00,EQ_M002,Water Pump,12275.3,25.9,8.0,12.17,2.86,20.0,1,100.0
2024-01-16 15:00:00,EQ_M003,Air Handler,9707.1,21.9,6.57,13.97,3.34,21.4,1,100.0
2024-01-16 15:00:00,EQ_B001,Compressor,6825.8,19.1,3.8,23.28,6.63,65.8,0,64.2
2024-01-16 15:00:00,EQ_B002,Water Pump,9284.7,19.6,6.93,13.14,2.96,25.6,1,100.0
2024-01-16 16:00:00,EQ_M001,Compressor,10539.3,21.6,8.0,22.77,6.75,20.0,1,100.0
2024-01-16 16:00:00,EQ_M002,Water Pump,12276.3,25.9,8.0,13.21,2.73,20.0,1,100.0
2024-01-16 16:00:00,EQ_M003,Air Handler,9708.1,21.9,6.65,15.8,3.09,21.2,1,100.0
2024-01-16 16:00:00,EQ_B001,Compressor,6826.6,22.1,4.28,21.21,6.93,64.3,0,65.7
2024-01-16 16:00:00,EQ_B002,Water Pump,9285.4,21.5,7.2,17.98,2.91,24.8,1,100.0
2024-01-16 17:00:00,EQ_M001,Compressor,10539.8,21.6,8.0,19.67,6.27,20.0,1,100.0
2024-01-16 17:00:00,EQ_M002,Water Pump,12276.9,25.0,8.0,16.45,2.79,20.0,1,100.0
2024-01-16 17:00:00,EQ_M003,Air Handler,9709.1,21.1,7.71,11.86,3.25,20.0,1,100.0
2024-01-16 17:00:00,EQ_B001,Compressor,6827.4,21.2,4.18,22.94,6.22,64.6,0,65.4
2024-01-16 17:00:00,EQ_B002,Water Pump,9286.0,20.5,6.76,16.78,3.01,26.1,1,100.0
2024-01-16 18:00:00,EQ_M001,Compressor,10540.4,22.7,8.0,24.26,6.93,20.0,1,100.0
2024-01-16 18:00:00,EQ_M002,Water Pump,12277.4,26.4,8.0,15.11,3.13,20.0,1,100.0
2024-01-16 18:00:00,EQ_M003,Air Handler,9710.0,23.1,7.11,11.35,3.16,20.0,1,100.0
2024-01-16 18:00:00,EQ_B001,Compressor,6828.1,22.5,4.48,24.94,6.8,63.7,0,66.3
2024-01-16 18:00:00,EQ_B002,Water Pump,9287.0,20.8,6.48,17.63,2.95,27.0,1,100.0
2024-01-16 19:00:00,EQ_M001,Compressor,10540.9,20.9,7.97,23.4,6.96,20.0,1,100.0
2024-01-16 19:00:00,EQ_M002,Water Pump,12278.0,27.5,8.0,15.65,3.12,20.0,1,100.0
2024-01-16 19:00:00,EQ_M003,Air Handler,9711.0,19.8,7.16,16.4,3.22,20.0,1,100.0
2024-01-16 19:00:00,EQ_B001,Compressor,6828.7,21.5,4.82,21.08,6.11,62.7,0,67.3
2024-01-16 19:00:00,EQ_B002,Water Pump,9287.8,21.9,6.9,15.23,2.72,25.7,1,100.0
2024-01-16 20:00:00,EQ_M001,Compressor,10541.8,21.8,7.88,17.8,6.93,20.0,1,100.0
2024-01-16 20:00:00,EQ_M002,Water Pump,12278.8,24.8,8.0,15.19,3.05,20.0,1,100.0
2024-01-16 20:00:00,EQ_M003,Air Handler,9711.9,21.8,7.73,15.34,2.96,20.0,1,100.0
2024-01-16 20:00:00,EQ_B001,Compressor,6829.4,21.8,3.97,25.95,6.58,65.2,0,64.8
2024-01-16 20:00:00,EQ_B002,Water Pump,9288.5,18.9,6.39,14.84,2.99,27.2,1,100.0
2024-01-16 21:00:00,EQ_M001,Compressor,10542.7,21.2,7.87,21.28,6.25,20.0,1,100.0
2024-01-16 21:00:00,EQ_M002,Water Pump,12279.5,26.1,8.0,12.0,3.08,20.0,1,100.0
2024-01-16 21:00:00,EQ_M003,Air Handler,9712.4,22.6,6.75,14.36,2.91,20.9,1,100.0
2024-01-16 21:00:00,EQ_B001,Compressor,6830.3,21.6,4.03,24.4,6.68,65.0,0,65.0
2024-01-16 21:00:00,EQ_B002,Water Pump,9289.0,21.1,6.45,16.07,3.08,27.0,1,100.0
2024-01-16 22:00:00,EQ_M001,Compressor,10543.6,20.8,8.0,23.24,7.1,20.0,1,100.0
2024-01-16 22:00:00,EQ_M002,Water Pump,12280.1,26.7,8.0,16.97,3.0,20.0,1,100.0
2024-01-16 22:00:00,EQ_M003,Air Handler,9713.0,20.4,7.03,13.89,3.11,20.0,1,100.0
2024-01-16 22:00:00,EQ_B001,Compressor,6830.9,20.1,4.94,22.87,6.5,62.3,0,67.7
2024-01-16 22:00:00,EQ_B002,Water Pump,9289.9,20.3,6.76,15.58,3.05,26.1,1,100.0
2024-01-16 23:00:00,EQ_M001,Compressor,10544.1,20.6,7.99,20.4,7.03,20.0,1,100.0
2024-01-16 23:00:00,EQ_M002,Water Pump,12280.8,26.0,8.0,17.79,2.58,20.0,1,100.0
2024-01-16 23:00:00,EQ_M003,Air Handler,9713.9,21.5,7.09,14.51,2.7,20.0,1,100.0
2024-01-16 23:00:00,EQ_B001,Compressor,6831.6,20.2,4.56,18.54,6.47,63.4,0,66.6
2024-01-16 23:00:00,EQ_B002,Water Pump,9290.6,20.1,6.56,15.38,3.13,26.7,1,100.0
2024-01-17 00:00:00,EQ_M001,Compressor,10545.0,21.9,7.85,22.62,6.46,20.0,1,100.0
2024-01-17 00:00:00,EQ_M002,Water Pump,12281.4,24.7,8.0,11.93,2.95,20.0,1,100.0
2024-01-17 00:00:00,EQ_M003,Air Handler,9714.6,21.1,6.6,12.6,3.1,21.3,1,100.0
2024-01-17 00:00:00,EQ_B001,Compressor,6832.5,21.2,4.03,23.72,6.73,65.0,0,65.0
2024-01-17 00:00:00,EQ_B002,Water Pump,9291.2,20.8,6.95,14.36,3.11,25.5,1,100.0
2024-01-17 01:00:00,EQ_M001,Compressor,10545.5,21.7,7.33,21.37,5.87,20.0,1,100.0
2024-01-17 01:00:00,EQ_M002,Water Pump,12282.1,24.7,8.0,15.53,3.14,20.0,1,100.0
2024-01-17 01:00:00,EQ_M003,Air Handler,9715.1,20.8,7.33,16.32,2.65,20.0,1,100.0
2024-01-17 01:00:00,EQ_B001,Compressor,6833.1,20.3,4.05,22.37,6.99,64.9,0,65.1
2024-01-17 01:00:00,EQ_B002,Water Pump,9291.7,20.6,6.86,14.55,3.25,25.8,1,100.0
2024-01-17 02:00:00,EQ_M001,Compressor,10546.3,20.9,8.0,22.9,6.46,20.0,1,100.0
2024-01-17 02:00:00,EQ_M002,Water Pump,12283.0,23.6,8.0,14.83,2.88,20.0,1,100.0
2024-01-17 02:00:00,EQ_M003,Air Handler,9716.0,20.7,7.45,16.68,2.87,20.0,1,100.0
2024-01-17 02:00:00,EQ_B001,Compressor,6834.1,19.9,4.34,23.92,6.45,64.1,0,65.9
2024-01-17 02:00:00,EQ_B002,Water Pump,9292.5,20.2,6.48,14.35,2.93,26.9,1,100.0
2024-01-17 03:00:00,EQ_M001,Compressor,10547.1,22.6,7.95,20.71,6.47,20.0,1,100.0
2024-01-17 03:00:00,EQ_M002,Water Pump,12283.5,26.1,8.0,15.59,2.8,20.0,1,100.0
2024-01-17 03:00:00,EQ_M003,Air Handler,9716.9,20.9,7.28,14.39,3.36,20.0,1,100.0
2024-01-17 03:00:00,EQ_B001,Compressor,6834.9,21.1,3.87,22.65,6.33,65.4,0,64.6
2024-01-17 03:00:00,EQ_B002,Water Pump,9293.2,21.1,7.25,16.49,2.66,24.6,1,100.0
2024-01-17 04:00:00,EQ_M001,Compressor,10548.1,21.9,8.0,20.84,6.34,20.0,1,100.0
2024-01-17 04:00:00,EQ_M002,Water Pump,12284.4,25.7,8.0,13.4,3.06,20.0,1,100.0
2024-01-17 04:00:00,EQ_M003,Air Handler,9717.7,21.4,6.8,14.75,3.29,20.6,1,100.0
2024-01-17 04:00:00,EQ_B001,Compressor,6835.8,19.7,4.15,21.64,6.86,64.6,0,65.4
2024-01-17 04:00:00,EQ_B002,Water Pump,9294.1,19.3,7.01,14.91,3.07,25.3,1,100.0
2024-01-17 05:00:00,EQ_M001,Compressor,10548.7,19.8,7.92,24.58,6.93,20.0,1,100.0
2024-01-17 05:00:00,EQ_M002,Water Pump,12285.3,24.9,8.0,15.55,2.9,20.0,1,100.0
2024-01-17 05:00:00,EQ_M003,Air Handler,9718.4,20.8,7.36,14.29,3.2,20.0,1,100.0
2024-01-17 05:00:00,EQ_B001,Compressor,6836.8,21.4,3.96,23.6,6.57,65.2,0,64.8
2024-01-17 05:00:00,EQ_B002,Water Pump,9295.0,20.0,6.74,14.98,3.04,26.1,1,100.0
2024-01-17 06:00:00,EQ_M001,Compressor,10549.7,22.7,7.55,22.35,6.45,20.0,1,100.0
2024-01-17 06:00:00,EQ_M002,Water Pump,12285.8,24.8,8.0,14.99,3.18,20.0,1,100.0
2024-01-17 06:00:00,EQ_M003,Air Handler,9719.2,22.8,7.16,12.76,3.18,20.0,1,100.0
2024-01-17 06:00:00,EQ_B001,Compressor,6837.7,22.9,4.48,22.2,6.37,63.6,0,66.4
2024-01-17 06:00:00,EQ_B002,Water Pump,9295.7,20.8,6.8,16.53,2.8,25.9,1,100.0
2024-01-17 07:00:00,EQ_M001,Compressor,10550.5,22.3,8.0,21.76,6.52,20.0,1,100.0
2024-01-17 07:00:00,EQ_M002,Water Pump,12286.5,24.9,8.0,14.44,3.05,20.0,1,100.0
2024-01-17 07:00:00,EQ_M003,Air Handler,9719.8,21.4,6.9,16.28,3.05,20.3,1,100.0
2024-01-17 07:00:00,EQ_B001,Compressor,6838.6,20.3,4.16,27.62,6.01,64.5,0,65.5
2024-01-17 07:00:00,EQ_B002,Water Pump,9296.3,21.0,7.26,15.44,3.04,24.5,1,100.0
2024-01-17 08:00:00,EQ_M001,Compressor,10551.1,21.9,8.0,22.27,6.54,20.0,1,100.0
2024-01-17 08:00:00,EQ_M002,Water Pump,12287.5,24.4,8.0,15.25,2.89,20.0,1,100.0
2024-01-17 08:00:00,EQ_M003,Air Handler,9720.7,19.9,7.0,11.76,2.87,20.0,1,100.0
2024-01-17 08:00:00,EQ_B001,Compressor,6839.5,21.1,4.47,21.95,6.43,63.6,0,66.4
2024-01-17 08:00:00,EQ_B002,Water Pump,9297.1,21.8,6.86,14.75,2.87,25.7,1,100.0
2024-01-17 09:00:00,EQ_M001,Compressor,10551.8,20.8,8.0,21.24,5.96,20.0,1,100.0
2024-01-17 09:00:00,EQ_M002,Water Pump,12288.1,24.8,8.0,15.14,3.03,20.0,1,100.0
2024-01-17 09:00:00,EQ_M003,Air Handler,9721.7,20.7,6.9,14.9,2.87,20.3,1,100.0
2024-01-17 09:00:00,EQ_B001,Compressor,6840.2,21.2,4.1,20.92,6.69,64.7,0,65.3
2024-01-17 09:00:00,EQ_B002,Water Pump,9298.1,19.7,7.22,13.89,3.09,24.6,1,100.0
2024-01-17 10:00:00,EQ_M001,Compressor,10552.4,22.2,7.76,18.41,6.71,20.0,1,100.0
2024-01-17 10:00:00,EQ_M002,Water Pump,12288.6,23.9,8.0,13.79,3.15,20.0,1,100.0
2024-01-17 10:00:00,EQ_M003,Air Handler,9722.5,21.2,7.37,17.18,3.27,20.0,1,100.0
2024-01-17 10:00:00,EQ_B001,Compressor,6841.2,19.2,4.35,21.81,7.1,63.9,0,66.1
2024-01-17 10:00:00,EQ_B002,Water Pump,9298.8,21.8,6.23,14.72,3.12,27.6,1,100.0
2024-01-17 11:00:00,EQ_M001,Compressor,10553.2,21.1,8.0,20.92,6.49,20.0,1,100.0
2024-01-17 11:00:00,EQ_M002,Water Pump,12289.4,24.6,8.0,16.5,3.18,20.0,1,100.0
2024-01-17 11:00:00,EQ_M003,Air Handler,9723.3,20.5,7.96,16.58,3.17,20.0,1,100.0
2024-01-17 11:00:00,EQ_B001,Compressor,6841.7,20.5,4.5,24.25,6.55,63.5,0,66.5
2024-01-17 11:00:00,EQ_B002,Water Pump,9299.4,19.7,6.97,15.61,3.04,25.4,1,100.0
2024-01-17 12:00:00,EQ_M001,Compressor,10553.9,21.7,8.0,19.19,6.33,20.0,1,100.0
2024-01-17 12:00:00,EQ_M002,Water Pump,12290.0,24.1,8.0,11.55,2.93,20.0,1,100.0
2024-01-17 12:00:00,EQ_M003,Air Handler,9724.0,20.3,7.29,13.87,2.89,20.0,1,100.0
2024-01-17 12:00:00,EQ_B001,Compressor,6842.5,20.7,4.21,23.84,6.4,64.3,0,65.7
2024-01-17 12:00:00,EQ_B002,Water Pump,9300.2,21.7,6.73,16.01,2.9,26.1,1,100.0
2024-01-17 13:00:00,EQ_M001,Compressor,10554.9,21.1,7.88,23.29,7.03,20.0,1,100.0
2024-01-17 13:00:00,EQ_M002,Water Pump,12291.0,26.3,8.0,15.27,2.95,20.0,1,100.0
2024-01-17 13:00:00,EQ_M003,Air Handler,9725.0,20.1,7.43,13.0,3.17,20.0,1,100.0
2024-01-17 13:00:00,EQ_B001,Compressor,6843.2,20.7,4.62,22.03,6.13,63.1,0,66.9
2024-01-17 13:00:00,EQ_B002,Water Pump,9301.2,20.1,6.79,16.22,3.11,25.9,1,100.0
2024-01-17 14:00:00,EQ_M001,Compressor,10555.4,21.0,8.0,20.1,6.55,20.0,1,100.0
2024-01-17 14:00:00,EQ_M002,Water Pump,12291.6,24.7,8.0,12.51,3.01,20.0,1,100.0
2024-01-17 14:00:00,EQ_M003,Air Handler,9725.9,20.3,7.11,13.9,3.04,20.0,1,100.0
2024-01-17 14:00:00,EQ_B001,Compressor,6843.8,19.3,4.3,23.33,6.55,64.0,0,66.0
2024-01-17 14:00:00,EQ_B002,Water Pump,9301.7,21.5,6.83,15.91,2.64,25.7,1,100.0
2024-01-17 15:00:00,EQ_M001,Compressor,10556.0,21.2,8.0,26.25,6.15,20.0,1,100.0
2024-01-17 15:00:00,EQ_M002,Water Pump,12292.2,25.7,8.0,14.81,3.07,20.0,1,100.0
2024-01-17 15:00:00,EQ_M003,Air Handler,9726.4,19.6,7.23,14.42,3.11,20.0,1,100.0
2024-01-17 15:00:00,EQ_B001,Compressor,6844.4,23.2,4.23,18.73,6.45,64.3,0,65.7
2024-01-17 15:00:00,EQ_B002,Water Pump,9302.5,20.7,6.99,17.79,2.96,25.3,1,100.0
2024-01-17 16:00:00,EQ_M001,Compressor,10556.9,21.1,8.0,20.76,6.83,20.0,1,100.0
2024-01-17 16:00:00,EQ_M002,Water Pump,12293.0,26.0,8.0,16.28,2.96,20.0,1,100.0
2024-01-17 16:00:00,EQ_M003,Air Handler,9727.2,20.3,7.17,15.6,3.34,20.0,1,100.0
2024-01-17 16:00:00,EQ_B001,Compressor,6845.2,20.5,4.3,22.85,7.17,64.0,0,66.0
2024-01-17 16:00:00,EQ_B002,Water Pump,9303.4,20.3,6.99,14.53,2.97,25.2,1,100.0
2024-01-17 17:00:00,EQ_M001,Compressor,10557.6,21.7,8.0,21.34,6.36,20.0,1,100.0
2024-01-17 17:00:00,EQ_M002,Water Pump,12293.9,26.7,8.0,14.78,2.95,20.0,1,100.0
2024-01-17 17:00:00,EQ_M003,Air Handler,9728.1,20.0,7.64,14.23,3.01,20.0,1,100.0
2024-01-17 17:00:00,EQ_B001,Compressor,6845.9,20.0,4.3,20.37,7.07,64.0,0,66.0
2024-01-17 17:00:00,EQ_B002,Water Pump,9304.2,19.7,6.67,15.1,2.98,26.2,1,100.0
2024-01-17 18:00:00,EQ_M001,Compressor,10558.5,22.0,8.0,21.78,6.77,20.0,1,100.0
2024-01-17 18:00:00,EQ_M002,Water Pump,12294.8,24.8,8.0,15.54,3.21,20.0,1,100.0
2024-01-17 18:00:00,EQ_M003,Air Handler,9728.7,21.4,7.13,13.55,3.22,20.0,1,100.0
2024-01-17 18:00:00,EQ_B001,Compressor,6846.9,21.2,4.25,22.58,6.37,64.2,0,65.8
2024-01-17 18:00:00,EQ_B002,Water Pump,9305.2,21.2,6.84,12.99,3.24,25.7,1,100.0
2024-01-17 19:00:00,EQ_M001,Compressor,10559.4,22.4,8.0,21.12,6.68,20.0,1,100.0
2024-01-17 19:00:00,EQ_M002,Water Pump,12295.5,25.6,8.0,14.69,3.3,20.0,1,100.0
2024-01-17 19:00:00,EQ_M003,Air Handler,9729.3,19.7,7.05,14.5,3.08,20.0,1,100.0
2024-01-17 19:00:00,EQ_B001,Compressor,6847.7,20.8,4.26,21.41,6.5,64.1,0,65.9
2024-01-17 19:00:00,EQ_B002,Water Pump,9305.7,20.9,7.05,16.37,3.14,25.0,1,100.0
2024-01-17 20:00:00,EQ_M001,Compressor,10560.0,21.5,7.65,22.91,7.04,20.0,1,100.0
2024-01-17 20:00:00,EQ_M002,Water Pump,12296.1,23.2,8.0,17.05,2.7,20.0,1,100.0
2024-01-17 20:00:00,EQ_M003,Air Handler,9730.1,20.8,7.6,14.89,2.78,20.0,1,100.0
2024-01-17 20:00:00,EQ_B001,Compressor,6848.5,20.6,4.75,19.96,7.26,62.6,0,67.4
2024-01-17 20:00:00,EQ_B002,Water Pump,9306.6,21.1,6.82,16.43,3.21,25.7,1,100.0
2024-01-17 21:00:00,EQ_M001,Compressor,10560.8,22.3,8.0,21.65,6.3,20.0,1,100.0
2024-01-17 21:00:00,EQ_M002,Water Pump,12297.0,25.6,8.0,13.49,2.93,20.0,1,100.0
2024-01-17 21:00:00,EQ_M003,Air Handler,9730.8,20.8,7.14,16.31,2.58,20.0,1,100.0
2024-01-17 21:00:00,EQ_B001,Compressor,6849.2,20.2,4.44,21.23,6.27,63.6,0,66.4
2024-01-17 21:00:00,EQ_B002,Water Pump,9307.4,22.1,6.39,17.43,2.95,27.0,1,100.0
2024-01-17 22:00:00,EQ_M001,Compressor,10561.5,22.6,8.0,22.23,6.63,20.0,1,100.0
2024-01-17 22:00:00,EQ_M002,Water Pump,12297.9,25.2,8.0,13.91,2.78,20.0,1,100.0
2024-01-17 22:00:00,EQ_M003,Air Handler,9731.8,21.3,7.31,14.22,3.21,20.0,1,100.0
2024-01-17 22:00:00,EQ_B001,Compressor,6849.8,21.1,4.26,20.86,6.95,64.1,0,65.9
2024-01-17 22:00:00,EQ_B002,Water Pump,9308.2,19.8,6.88,14.66,2.96,25.5,1,100.0
2024-01-17 23:00:00,EQ_M001,Compressor,10562.3,22.1,7.92,22.8,6.46,20.0,1,100.0
2024-01-17 23:00:00,EQ_M002,Water Pump,12298.7,24.6,8.0,12.61,2.71,20.0,1,100.0
2024-01-17 23:00:00,EQ_M003,Air Handler,9732.8,21.9,7.1,14.56,3.12,20.0,1,100.0
2024-01-17 23:00:00,EQ_B001,Compressor,6850.4,19.7,4.87,20.38,6.51,62.2,0,67.8
2024-01-17 23:00:00,EQ_B002,Water Pump,9309.1,21.7,6.81,13.05,3.44,25.7,1,100.0
2024-01-18 00:00:00,EQ_M001,Compressor,10562.8,21.1,7.63,21.2,6.46,20.0,1,100.0
2024-01-18 00:00:00,EQ_M002,Water Pump,12299.3,24.1,8.0,13.34,2.37,20.0,1,100.0
2024-01-18 00:00:00,EQ_M003,Air Handler,9733.4,20.4,7.06,15.95,2.95,20.0,1,100.0
2024-01-18 00:00:00,EQ_B001,Compressor,6851.4,19.2,4.3,21.63,6.18,64.0,0,66.0
2024-01-18 00:00:00,EQ_B002,Water Pump,9309.8,18.5,6.65,16.94,3.02,26.2,1,100.0
2024-01-18 01:00:00,EQ_M001,Compressor,10563.4,21.9,7.75,23.65,6.7,20.0,1,100.0
2024-01-18 01:00:00,EQ_M002,Water Pump,12300.2,24.8,8.0,15.48,3.06,20.0,1,100.0
2024-01-18 01:00:00,EQ_M003,Air Handler,9734.0,21.6,7.14,15.34,3.17,20.0,1,100.0
2024-01-18 01:00:00,EQ_B001,Compressor,6851.9,19.2,4.5,21.27,6.38,63.4,0,66.6
2024-01-18 01:00:00,EQ_B002,Water Pump,9310.6,17.8,6.36,15.37,2.99,27.0,1,100.0
2024-01-18 02:00:00,EQ_M001,Compressor,10564.2,22.1,8.0,21.31,6.78,20.0,1,100.0
2024-01-18 02:00:00,EQ_M002,Water Pump,12300.9,24.2,8.0,11.83,3.2,20.0,1,100.0
2024-01-18 02:00:00,EQ_M003,Air Handler,9735.0,21.6,7.62,14.8,3.04,20.0,1,100.0
2024-01-18 02:00:00,EQ_B001,Compressor,6852.6,21.2,4.14,22.19,6.44,64.4,0,65.6
2024-01-18 02:00:00,EQ_B002,Water Pump,9311.2,18.2,6.65,14.98,2.81,26.2,1,100.0
2024-01-18 03:00:00,EQ_M001,Compressor,10565.0,20.6,7.58,23.77,6.69,20.0,1,100.0
2024-01-18 03:00:00,EQ_M002,Water Pump,12301.8,25.7,8.0,16.06,2.93,20.0,1,100.0
2024-01-18 03:00:00,EQ_M003,Air Handler,9735.8,20.9,7.27,14.41,3.07,20.0,1,100.0
2024-01-18 03:00:00,EQ_B001,Compressor,6853.3,20.0,4.14,21.04,6.63,64.4,0,65.6
2024-01-18 03:00:00,EQ_B002,Water Pump,9312.0,19.9,6.57,15.11,2.96,26.4,1,100.0
2024-01-18 04:00:00,EQ_M001,Compressor,10565.6,20.3,7.92,22.5,6.58,20.0,1,100.0
2024-01-18 04:00:00,EQ_M002,Water Pump,12302.5,24.8,8.0,13.34,3.11,20.0,1,100.0
2024-01-18 04:00:00,EQ_M003,Air Handler,9736.6,18.9,6.77,13.39,3.25,20.5,1,100.0
2024-01-18 04:00:00,EQ_B001,Compressor,6854.0,21.7,4.1,22.78,6.46,64.5,0,65.5
2024-01-18 04:00:00,EQ_B002,Water Pump,9312.9,20.5,6.92,16.59,3.12,25.3,1,100.0
2024-01-18 05:00:00,EQ_M001,Compressor,10566.4,21.5,8.0,22.78,6.58,20.0,1,100.0
2024-01-18 05:00:00,EQ_M002,Water Pump,12303.4,25.4,8.0,14.63,2.5,20.0,1,100.0
2024-01-18 05:00:00,EQ_M003,Air Handler,9737.6,18.8,7.09,12.99,3.22,20.0,1,100.0
2024-01-18 05:00:00,EQ_B001,Compressor,6854.6,21.1,3.99,17.81,6.41,64.8,0,65.2
2024-01-18 05:00:00,EQ_B002,Water Pump,9313.5,22.0,7.13,15.49,3.19,24.7,1,100.0
2024-01-18 06:00:00,EQ_M001,Compressor,10567.0,22.2,8.0,21.03,6.84,20.0,1,100.0
2024-01-18 06:00:00,EQ_M002,Water Pump,12304.1,23.7,8.0,14.46,2.82,20.0,1,100.0
2024-01-18 06:00:00,EQ_M003,Air Handler,9738.2,19.9,7.61,13.76,2.84,20.0,1,100.0
2024-01-18 06:00:00,EQ_B001,Compressor,6855.4,21.8,4.43,20.89,6.4,63.5,0,66.5
2024-01-18 06:00:00,EQ_B002,Water Pump,9314.1,21.7,6.29,16.57,3.17,27.2,1,100.0
2024-01-18 07:00:00,EQ_M001,Compressor,10568.0,22.6,7.92,18.73,6.45,20.0,1,100.0
2024-01-18 07:00:00,EQ_M002,Water Pump,12304.9,24.7,8.0,11.93,2.81,20.0,1,100.0
2024-01-18 07:00:00,EQ_M003,Air Handler,9739.0,21.7,7.9,13.0,2.83,20.0,1,100.0
2024-01-18 07:00:00,EQ_B001,Compressor,6856.0,20.2,4.63,20.95,6.28,62.9,0,67.1
2024-01-18 07:00:00,EQ_B002,Water Pump,9314.8,20.2,6.37,14.31,2.8,26.9,1,100.0
2024-01-18 08:00:00,EQ_M001,Compressor,10568.7,21.5,7.71,22.72,6.6,20.0,1,100.0
2024-01-18 08:00:00,EQ_M002,Water Pump,12305.8,25.6,8.0,18.8,3.24,20.0,1,100.0
2024-01-18 08:00:00,EQ_M003,Air Handler,9739.9,22.0,6.72,14.6,3.37,20.6,1,100.0
2024-01-18 08:00:00,EQ_B001,Compressor,6856.7,21.1,4.34,25.69,6.18,63.8,0,66.2
2024-01-18 08:00:00,EQ_B002,Water Pump,9315.3,18.3,6.99,16.02,2.89,25.1,1,100.0
2024-01-18 09:00:00,EQ_M001,Compressor,10569.5,21.3,7.76,23.26,6.06,20.0,1,100.0
2024-01-18 09:00:00,EQ_M002,Water Pump,12306.4,25.5,8.0,15.07,2.84,20.0,1,100.0
2024-01-18 09:00:00,EQ_M003,Air Handler,9740.8,21.2,7.47,11.98,3.09,20.0,1,100.0
2024-01-18 09:00:00,EQ_B001,Compressor,6857.5,20.9,4.65,23.4,6.71,62.8,0,67.2
2024-01-18 09:00:00,EQ_B002,Water Pump,9315.9,18.7,6.64,13.48,2.75,26.1,1,100.0
2024-01-18 10:00:00,EQ_M001,Compressor,10570.2,22.7,7.96,25.67,6.62,20.0,1,100.0
2024-01-18 10:00:00,EQ_M002,Water Pump,12307.3,24.7,8.0,17.68,2.63,20.0,1,100.0
2024-01-18 10:00:00,EQ_M003,Air Handler,9741.3,21.2,7.3,14.17,3.44,20.0,1,100.0
2024-01-18 10:00:00,EQ_B001,Compressor,6858.4,19.3,4.68,19.05,6.27,62.7,0,67.3
2024-01-18 10:00:00,EQ_B002,Water Pump,9316.8,20.4,7.08,17.19,3.24,24.8,1,100.0
2024-01-18 11:00:00,EQ_M001,Compressor,10570.7,20.2,7.71,21.64,6.6,20.0,1,100.0
2024-01-18 11:00:00,EQ_M002,Water Pump,12307.8,24.8,8.0,14.09,3.1,20.0,1,100.0
2024-01-18 11:00:00,EQ_M003,Air Handler,9742.1,21.6,7.23,14.23,3.27,20.0,1,100.0
2024-01-18 11:00:00,EQ_B001,Compressor,6859.1,22.0,4.23,20.04,6.78,64.1,0,65.9
2024-01-18 11:00:00,EQ_B002,Water Pump,9317.6,20.4,6.35,13.8,3.3,27.0,1,100.0
2024-01-18 12:00:00,EQ_M001,Compressor,10571.5,23.6,8.0,21.34,6.43,20.0,1,100.0
2024-01-18 12:00:00,EQ_M002,Water Pump,12308.6,26.8,8.0,14.51,3.26,20.0,1,100.0
2024-01-18 12:00:00,EQ_M003,Air Handler,9742.9,20.8,7.01,14.96,2.95,20.0,1,100.0
2024-01-18 12:00:00,EQ_B001,Compressor,6859.9,21.4,5.22,24.03,6.85,61.1,0,68.9
2024-01-18 12:00:00,EQ_B002,Water Pump,9318.5,20.7,6.37,17.84,3.29,26.9,1,100.0
2024-01-18 13:00:00,EQ_M001,Compressor,10572.2,21.7,8.0,21.25,6.06,20.0,1,100.0
2024-01-18 13:00:00,EQ_M002,Water Pump,12309.2,26.3,8.0,17.21,3.09,20.0,1,100.0
2024-01-18 13:00:00,EQ_M003,Air Handler,9743.8,21.5,7.47,13.93,2.51,20.0,1,100.0
2024-01-18 13:00:00,EQ_B001,Compressor,6860.7,21.3,4.23,19.95,6.46,64.1,0,65.9
2024-01-18 13:00:00,EQ_B002,Water Pump,9319.3,20.6,7.05,14.91,3.27,24.9,1,100.0
2024-01-18 14:00:00,EQ_M001,Compressor,10573.1,23.2,7.87,18.86,6.73,20.0,1,100.0
2024-01-18 14:00:00,EQ_M002,Water Pump,12309.9,25.6,8.0,13.0,2.91,20.0,1,100.0
2024-01-18 14:00:00,EQ_M003,Air Handler,9744.5,20.8,7.46,15.0,3.23,20.0,1,100.0
2024-01-18 14:00:00,EQ_B001,Compressor,6861.3,22.6,3.94,22.88,5.74,64.9,0,65.1
2024-01-18 14:00:00,EQ_B002,Water Pump,9320.1,19.1,6.5,15.72,2.87,26.5,1,100.0
2024-01-18 15:00:00,EQ_M001,Compressor,10573.8,21.7,8.0,23.11,6.36,20.0,1,100.0
2024-01-18 15:00:00,EQ_M002,Water Pump,12310.5,24.1,8.0,15.02,2.99,20.0,1,100.0
2024-01-18 15:00:00,EQ_M003,Air Handler,9745.2,20.6,7.56,15.19,2.97,20.0,1,100.0
2024-01-18 15:00:00,EQ_B001,Compressor,6862.2,21.8,4.18,22.35,6.67,64.2,0,65.8
2024-01-18 15:00:00,EQ_B002,Water Pump,9320.8,19.4,7.04,14.93,2.67,24.9,1,100.0
2024-01-18 16:00:00,EQ_M001,Compressor,10574.7,23.3,8.0,18.17,5.69,20.0,1,100.0
2024-01-18 16:00:00,EQ_M002,Water Pump,12311.2,25.5,8.0,13.55,3.01,20.0,1,100.0
2024-01-18 16:00:00,EQ_M003,Air Handler,9746.0,20.6,6.5,13.67,3.08,21.2,1,100.0
2024-01-18 16:00:00,EQ_B001,Compressor,6863.1,20.9,4.11,21.26,6.68,64.4,0,65.6
2024-01-18 16:00:00,EQ_B002,Water Pump,9321.6,20.8,7.22,17.72,2.86,24.3,1,100.0
2024-01-18 17:00:00,EQ_M001,Compressor,10575.5,21.3,8.0,20.81,6.68,20.0,1,100.0
2024-01-18 17:00:00,EQ_M002,Water Pump,12311.7,23.3,8.0,14.09,2.79,20.0,1,100.0
2024-01-18 17:00:00,EQ_M003,Air Handler,9746.6,21.7,7.36,15.82,2.78,20.0,1,100.0
2024-01-18 17:00:00,EQ_B001,Compressor,6863.8,20.0,4.58,23.37,6.29,63.0,0,67.0
2024-01-18 17:00:00,EQ_B002,Water Pump,9322.4,19.9,6.63,14.1,3.08,26.1,1,100.0
2024-01-18 18:00:00,EQ_M001,Compressor,10576.1,21.0,8.0,20.32,6.35,20.0,1,100.0
2024-01-18 18:00:00,EQ_M002,Water Pump,12312.4,26.1,8.0,17.37,3.11,20.0,1,100.0
2024-01-18 18:00:00,EQ_M003,Air Handler,9747.3,19.9,7.46,14.46,3.1,20.0,1,100.0
2024-01-18 18:00:00,EQ_B001,Compressor,6864.5,19.4,4.24,19.79,6.2,64.0,0,66.0
2024-01-18 18:00:00,EQ_B002,Water Pump,9323.1,21.2,7.24,18.4,2.84,24.2,1,100.0
2024-01-18 19:00:00,EQ_M001,Compressor,10576.8,22.0,7.93,21.36,7.28,20.0,1,100.0
2024-01-18 19:00:00,EQ_M002,Water Pump,12313.4,25.0,8.0,17.31,3.13,20.0,1,100.0
2024-01-18 19:00:00,EQ_M003,Air Handler,9747.8,20.1,7.12,16.46,2.86,20.0,1,100.0
2024-01-18 19:00:00,EQ_B001,Compressor,6865.2,22.8,3.96,17.58,6.84,64.8,0,65.2
2024-01-18 19:00:00,EQ_B002,Water Pump,9324.1,19.6,6.77,16.24,3.13,25.6,1,100.0
2024-01-18 20:00:00,EQ_M001,Compressor,10577.5,20.7,8.0,20.61,6.13,20.0,1,100.0
2024-01-18 20:00:00,EQ_M002,Water Pump,12314.2,24.9,8.0,16.06,2.76,20.0,1,100.0
2024-01-18 20:00:00,EQ_M003,Air Handler,9748.6,20.5,7.41,15.84,2.96,20.0,1,100.0
2024-01-18 20:00:00,EQ_B001,Compressor,6865.9,21.9,4.97,21.63,6.29,61.8,0,68.2
2024-01-18 20:00:00,EQ_B002,Water Pump,9325.0,22.2,7.35,16.73,3.58,23.9,1,100.0
2024-01-18 21:00:00,EQ_M001,Compressor,10578.2,22.2,8.0,22.29,6.96,20.0,1,100.0
2024-01-18 21:00:00,EQ_M002,Water Pump,12314.7,27.5,8.0,13.07,3.05,20.0,1,100.0
2024-01-18 21:00:00,EQ_M003,Air Handler,9749.3,20.5,7.61,12.0,3.26,20.0,1,100.0
2024-01-18 21:00:00,EQ_B001,Compressor,6866.5,19.2,4.3,18.54,6.71,63.8,0,66.2
2024-01-18 21:00:00,EQ_B002,Water Pump,9325.8,22.6,6.84,17.54,3.06,25.4,1,100.0
2024-01-18 22:00:00,EQ_M001,Compressor,10578.8,20.1,7.41,21.69,6.72,20.0,1,100.0
2024-01-18 22:00:00,EQ_M002,Water Pump,12315.5,26.2,8.0,15.9,2.56,20.0,1,100.0
2024-01-18 22:00:00,EQ_M003,Air Handler,9750.0,18.9,7.54,14.6,3.32,20.0,1,100.0
2024-01-18 22:00:00,EQ_B001,Compressor,6867.0,20.1,3.96,22.49,6.25,64.8,0,65.2
2024-01-18 22:00:00,EQ_B002,Water Pump,9326.7,19.9,6.48,12.9,3.14,26.5,1,100.0
2024-01-18 23:00:00,EQ_M001,Compressor,10579.3,23.1,7.85,21.46,6.18,20.0,1,100.0
2024-01-18 23:00:00,EQ_M002,Water Pump,12316.0,25.5,8.0,18.32,3.17,20.0,1,100.0
2024-01-18 23:00:00,EQ_M003,Air Handler,9750.9,22.2,7.45,16.49,2.75,20.0,1,100.0
2024-01-18 23:00:00,EQ_B001,Compressor,6868.0,21.0,4.45,22.28,6.32,63.3,0,66.7
2024-01-18 23:00:00,EQ_B002,Water Pump,9327.4,21.2,6.87,14.12,3.12,25.3,1,100.0
2024-01-19 00:00:00,EQ_M001,Compressor,10579.9,21.6,8.0,23.12,6.71,20.0,1,100.0
2024-01-19 00:00:00,EQ_M002,Water Pump,12317.0,24.3,8.0,16.44,3.23,20.0,1,100.0
2024-01-19 00:00:00,EQ_M003,Air Handler,9751.8,19.7,7.25,15.4,2.89,20.0,1,100.0
2024-01-19 00:00:00,EQ_B001,Compressor,6868.6,21.4,3.94,20.68,6.69,64.8,0,65.2
2024-01-19 00:00:00,EQ_B002,Water Pump,9328.3,17.9,7.28,14.38,3.04,24.1,1,100.0
2024-01-19 01:00:00,EQ_M001,Compressor,10580.7,20.4,8.0,21.12,6.67,20.0,1,100.0
2024-01-19 01:00:00,EQ_M002,Water Pump,12317.9,24.5,8.0,13.02,2.71,20.0,1,100.0
2024-01-19 01:00:00,EQ_M003,Air Handler,9752.6,19.7,7.54,14.02,3.04,20.0,1,100.0
2024-01-19 01:00:00,EQ_B001,Compressor,6869.4,19.0,4.48,18.85,6.49,63.2,0,66.8
2024-01-19 01:00:00,EQ_B002,Water Pump,9329.0,21.9,7.23,16.04,3.45,24.2,1,100.0
2024-01-19 02:00:00,EQ_M001,Compressor,10581.4,21.4,7.91,25.13,6.37,20.0,1,100.0
2024-01-19 02:00:00,EQ_M002,Water Pump,12318.6,25.5,8.0,14.55,3.18,20.0,1,100.0
2024-01-19 02:00:00,EQ_M003,Air Handler,9753.6,21.4,7.44,17.67,2.98,20.0,1,100.0
2024-01-19 02:00:00,EQ_B001,Compressor,6870.0,19.9,3.79,19.8,6.66,65.3,0,64.7
2024-01-19 02:00:00,EQ_B002,Water Pump,9329.6,20.9,6.4,13.81,3.19,26.7,1,100.0
2024-01-19 03:00:00,EQ_M001,Compressor,10582.2,19.9,7.86,22.92,5.93,20.0,1,100.0
2024-01-19 03:00:00,EQ_M002,Water Pump,12319.4,25.3,8.0,16.36,2.94,20.0,1,100.0
2024-01-19 03:00:00,EQ_M003,Air Handler,9754.3,22.0,7.4,16.83,3.02,20.0,1,100.0
2024-01-19 03:00:00,EQ_B001,Compressor,6871.0,20.4,4.32,26.52,6.71,63.6,0,66.4
2024-01-19 03:00:00,EQ_B002,Water Pump,9330.5,19.3,6.78,16.47,3.03,25.5,1,100.0
2024-01-19 04:00:00,EQ_M001,Compressor,10582.9,20.9,8.0,20.62,6.44,20.0,1,100.0
2024-01-19 04:00:00,EQ_M002,Water Pump,12320.3,24.9,8.0,11.48,2.92,20.0,1,100.0
2024-01-19 04:00:00,EQ_M003,Air Handler,9755.2,22.3,7.88,13.8,2.95,20.0,1,100.0
2024-01-19 04:00:00,EQ_B001,Compressor,6871.5,19.9,4.72,21.74,6.13,62.5,0,67.5
2024-01-19 04:00:00,EQ_B002,Water Pump,9331.3,19.0,7.48,14.91,3.21,23.4,1,100.0
2024-01-19 05:00:00,EQ_M001,Compressor,10583.8,22.0,8.0,23.26,6.04,20.0,1,100.0
2024-01-19 05:00:00,EQ_M002,Water Pump,12320.9,25.3,8.0,15.39,2.72,20.0,1,100.0
2024-01-19 05:00:00,EQ_M003,Air Handler,9756.1,18.6,7.17,16.41,2.78,20.0,1,100.0
2024-01-19 05:00:00,EQ_B001,Compressor,6872.2,21.2,4.44,19.02,6.52,63.3,0,66.7
2024-01-19 05:00:00,EQ_B002,Water Pump,9332.1,21.3,6.95,17.69,2.59,25.0,1,100.0
2024-01-19 06:00:00,EQ_M001,Compressor,10584.5,20.2,7.92,20.33,6.64,20.0,1,100.0
2024-01-19 06:00:00,EQ_M002,Water Pump,12321.9,24.5,8.0,14.49,2.56,20.0,1,100.0
2024-01-19 06:00:00,EQ_M003,Air Handler,9757.1,19.7,7.15,13.73,3.27,20.0,1,100.0
2024-01-19 06:00:00,EQ_B001,Compressor,6872.9,19.8,4.33,21.46,6.46,63.6,0,66.4
2024-01-19 06:00:00,EQ_B002,Water Pump,9332.7,19.5,6.86,13.41,2.77,25.3,1,100.0
2024-01-19 07:00:00,EQ_M001,Compressor,10585.4,22.6,8.0,21.86,6.2,20.0,1,100.0
2024-01-19 07:00:00,EQ_M002,Water Pump,12322.7,24.0,8.0,14.69,2.87,20.0,1,100.0
2024-01-19 07:00:00,EQ_M003,Air Handler,9757.7,20.5,7.44,15.27,2.8,20.0,1,100.0
2024-01-19 07:00:00,EQ_B001,Compressor,6873.5,18.9,4.37,20.52,6.53,63.5,0,66.5
2024-01-19 07:00:00,EQ_B002,Water Pump,9333.5,20.1,6.64,13.64,3.22,25.9,1,100.0
2024-01-19 08:00:00,EQ_M001,Compressor,10586.3,22.1,7.41,23.54,6.78,20.0,1,100.0
2024-01-19 08:00:00,EQ_M002,Water Pump,12323.4,26.3,8.0,12.52,2.92,20.0,1,100.0
2024-01-19 08:00:00,EQ_M003,Air Handler,9758.3,18.1,7.29,15.62,3.15,20.0,1,100.0
2024-01-19 08:00:00,EQ_B001,Compressor,6874.2,20.1,4.17,21.69,6.64,64.0,0,66.0
2024-01-19 08:00:00,EQ_B002,Water Pump,9334.3,19.0,6.39,15.75,2.96,26.7,1,100.0
2024-01-19 09:00:00,EQ_M001,Compressor,10587.1,20.7,7.78,25.61,6.32,20.0,1,100.0
2024-01-19 09:00:00,EQ_M002,Water Pump,12324.3,26.2,8.0,15.11,2.93,20.0,1,100.0
2024-01-19 09:00:00,EQ_M003,Air Handler,9759.0,20.7,7.0,15.84,2.91,20.0,1,100.0
2024-01-19 09:00:00,EQ_B001,Compressor,6874.8,19.6,4.17,21.06,6.18,64.1,0,65.9
2024-01-19 09:00:00,EQ_B002,Water Pump,9334.8,21.7,6.3,16.52,3.02,26.9,1,100.0
2024-01-19 10:00:00,EQ_M001,Compressor,10587.7,21.2,8.0,20.51,6.45,20.0,1,100.0
2024-01-19 10:00:00,EQ_M002,Water Pump,12324.9,25.7,8.0,13.72,2.77,20.0,1,100.0
2024-01-19 10:00:00,EQ_M003,Air Handler,9760.0,18.8,7.53,14.47,3.02,20.0,1,100.0
2024-01-19 10:00:00,EQ_B001,Compressor,6875.4,19.7,4.59,23.5,6.44,62.8,0,67.2
2024-01-19 10:00:00,EQ_B002,Water Pump,9335.7,18.6,7.85,12.4,3.06,22.3,1,100.0
2024-01-19 11:00:00,EQ_M001,Compressor,10588.4,21.8,7.99,20.07,6.83,20.0,1,100.0
2024-01-19 11:00:00,EQ_M002,Water Pump,12325.6,24.6,8.0,17.2,2.92,20.0,1,100.0
2024-01-19 11:00:00,EQ_M003,Air Handler,9760.7,21.0,7.31,15.35,2.77,20.0,1,100.0
2024-01-19 11:00:00,EQ_B001,Compressor,6876.0,20.2,4.14,21.21,6.79,64.1,0,65.9
2024-01-19 11:00:00,EQ_B002,Water Pump,9336.4,17.9,6.77,15.83,2.65,25.5,1,100.0
2024-01-19 12:00:00,EQ_M001,Compressor,10589.1,22.0,7.86,22.06,6.38,20.0,1,100.0
2024-01-19 12:00:00,EQ_M002,Water Pump,12326.6,24.8,8.0,12.38,3.25,20.0,1,100.0
2024-01-19 12:00:00,EQ_M003,Air Handler,9761.4,19.6,7.36,16.69,3.15,20.0,1,100.0
2024-01-19 12:00:00,EQ_B001,Compressor,6876.5,20.1,4.23,19.4,6.0,63.8,0,66.2
2024-01-19 12:00:00,EQ_B002,Water Pump,9337.2,21.7,6.85,17.02,3.03,25.2,1,100.0
2024-01-19 13:00:00,EQ_M001,Compressor,10589.8,20.3,8.0,18.34,6.51,20.0,1,100.0
2024-01-19 13:00:00,EQ_M002,Water Pump,12327.4,24.2,8.0,15.36,3.26,20.0,1,100.0
2024-01-19 13:00:00,EQ_M003,Air Handler,9762.0,18.3,7.47,14.69,2.91,20.0,1,100.0
2024-01-19 13:00:00,EQ_B001,Compressor,6877.5,21.0,4.32,25.34,6.42,63.6,0,66.4
2024-01-19 13:00:00,EQ_B002,Water Pump,9337.9,21.1,6.89,12.31,3.12,25.1,1,100.0
2024-01-19 14:00:00,EQ_M001,Compressor,10590.8,22.3,7.71,22.03,6.46,20.0,1,100.0
2024-01-19 14:00:00,EQ_M002,Water Pump,12327.9,26.2,8.0,13.32,3.34,20.0,1,100.0
2024-01-19 14:00:00,EQ_M003,Air Handler,9762.9,20.3,6.84,17.2,2.76,20.0,1,100.0
2024-01-19 14:00:00,EQ_B001,Compressor,6878.0,20.6,4.42,21.13,6.54,63.3,0,66.7
2024-01-19 14:00:00,EQ_B002,Water Pump,9338.7,20.3,6.77,14.67,3.28,25.5,1,100.0
2024-01-19 15:00:00,EQ_M001,Compressor,10591.5,18.2,7.84,20.59,6.51,20.0,1,100.0
2024-01-19 15:00:00,EQ_M002,Water Pump,12328.4,24.5,8.0,11.47,3.15,20.0,1,100.0
2024-01-19 15:00:00,EQ_M003,Air Handler,9763.8,20.0,6.84,13.02,2.93,20.0,1,100.0
2024-01-19 15:00:00,EQ_B001,Compressor,6878.6,20.6,3.82,24.97,6.3,65.1,0,64.9
2024-01-19 15:00:00,EQ_B002,Water Pump,9339.3,20.6,7.13,16.02,3.43,24.4,1,100.0
2024-01-19 16:00:00,EQ_M001,Compressor,10592.5,19.5,8.0,22.11,6.4,20.0,1,100.0
2024-01-19 16:00:00,EQ_M002,Water Pump,12329.1,24.1,8.0,16.18,3.1,20.0,1,100.0
2024-01-19 16:00:00,EQ_M003,Air Handler,9764.5,19.1,7.69,13.86,3.06,20.0,1,100.0
2024-01-19 16:00:00,EQ_B001,Compressor,6879.4,20.4,4.31,20.49,6.1,63.6,0,66.4
2024-01-19 16:00:00,EQ_B002,Water Pump,9339.9,20.0,6.95,15.55,3.28,24.9,1,100.0
2024-01-19 17:00:00,EQ_M001,Compressor,10593.1,21.0,8.0,22.15,6.12,20.0,1,100.0
2024-01-19 17:00:00,EQ_M002,Water Pump,12329.9,23.0,8.0,17.11,2.63,20.0,1,100.0
2024-01-19 17:00:00,EQ_M003,Air Handler,9765.5,21.7,6.86,14.96,3.24,20.0,1,100.0
2024-01-19 17:00:00,EQ_B001,Compressor,6880.2,19.3,4.93,22.88,7.12,61.7,0,68.3
2024-01-19 17:00:00,EQ_B002,Water Pump,9340.7,20.1,7.31,14.87,3.09,23.8,1,100.0
2024-01-19 18:00:00,EQ_M001,Compressor,10594.1,20.4,8.0,21.7,6.49,20.0,1,100.0
2024-01-19 18:00:00,EQ_M002,Water Pump,12330.6,23.7,8.0,17.43,2.9,20.0,1,100.0
2024-01-19 18:00:00,EQ_M003,Air Handler,9766.3,18.7,6.99,15.68,2.98,20.0,1,100.0
2024-01-19 18:00:00,EQ_B001,Compressor,6880.9,20.1,4.71,21.77,6.39,62.4,0,67.6
2024-01-19 18:00:00,EQ_B002,Water Pump,9341.5,20.2,6.96,15.49,3.15,24.9,1,100.0
2024-01-19 19:00:00,EQ_M001,Compressor,10594.7,20.1,7.86,21.56,6.72,20.0,1,100.0
2024-01-19 19:00:00,EQ_M002,Water Pump,12331.3,24.8,8.0,16.34,2.8,20.0,1,100.0
2024-01-19 19:00:00,EQ_M003,Air Handler,9766.9,19.8,6.75,16.26,2.68,20.2,1,100.0
2024-01-19 19:00:00,EQ_B001,Compressor,6881.7,20.4,4.27,22.99,6.63,63.7,0,66.3
2024-01-19 19:00:00,EQ_B002,Water Pump,9342.1,21.0,6.93,17.78,3.15,24.9,1,100.0
2024-01-19 20:00:00,EQ_M001,Compressor,10595.2,21.1,8.0,22.66,6.29,20.0,1,100.0
2024-01-19 20:00:00,EQ_M002,Water Pump,12332.2,25.2,8.0,13.99,3.0,20.0,1,100.0
2024-01-19 20:00:00,EQ_M003,Air Handler,9767.8,19.4,7.11,14.96,3.29,20.0,1,100.0
2024-01-19 20:00:00,EQ_B001,Compressor,6882.6,19.4,4.48,23.38,6.75,63.0,0,67.0
2024-01-19 20:00:00,EQ_B002,Water Pump,9342.9,19.4,7.23,13.73,3.07,24.0,1,100.0
2024-01-19 21:00:00,EQ_M001,Compressor,10596.2,23.2,7.87,19.7,6.14,20.0,1,100.0
2024-01-19 21:00:00,EQ_M002,Water Pump,12332.8,25.6,8.0,15.14,3.25,20.0,1,100.0
2024-01-19 21:00:00,EQ_M003,Air Handler,9768.7,19.5,7.48,13.94,3.28,20.0,1,100.0
2024-01-19 21:00:00,EQ_B001,Compressor,6883.5,20.8,4.41,17.31,6.49,63.2,0,66.8
2024-01-19 21:00:00,EQ_B002,Water Pump,9343.7,20.5,6.57,14.49,2.89,26.0,1,100.0
2024-01-19 22:00:00,EQ_M001,Compressor,10596.8,21.0,8.0,19.83,6.78,20.0,1,100.0
2024-01-19 22:00:00,EQ_M002,Water Pump,12333.6,24.9,8.0,19.51,3.04,20.0,1,100.0
2024-01-19 22:00:00,EQ_M003,Air Handler,9769.5,19.7,7.23,14.69,3.08,20.0,1,100.0
2024-01-19 22:00:00,EQ_B001,Compressor,6884.3,21.3,5.23,20.25,6.24,60.8,0,69.2
2024-01-19 22:00:00,EQ_B002,Water Pump,9344.4,18.4,6.35,15.78,3.26,26.6,1,100.0
2024-01-19 23:00:00,EQ_M001,Compressor,10597.5,22.2,8.0,26.96,7.24,20.0,1,100.0
2024-01-19 23:00:00,EQ_M002,Water Pump,12334.5,25.2,8.0,15.26,3.04,20.0,1,100.0
2024-01-19 23:00:00,EQ_M003,Air Handler,9770.3,20.2,7.4,15.19,2.9,20.0,1,100.0
2024-01-19 23:00:00,EQ_B001,Compressor,6885.2,20.2,4.56,19.81,6.28,62.8,0,67.2
2024-01-19 23:00:00,EQ_B002,Water Pump,9345.2,20.2,6.9,16.71,2.94,25.0,1,100.0
2024-01-20 00:00:00,EQ_M001,Compressor,10598.3,20.6,8.0,23.84,6.56,20.0,1,100.0
2024-01-20 00:00:00,EQ_M002,Water Pump,12335.1,25.0,8.0,15.1,3.19,20.0,1,100.0
2024-01-20 00:00:00,EQ_M003,Air Handler,9771.1,21.3,7.6,14.68,2.91,20.0,1,100.0
2024-01-20 00:00:00,EQ_B001,Compressor,6885.8,19.7,4.37,18.19,6.69,63.3,0,66.7
2024-01-20 00:00:00,EQ_B002,Water Pump,9346.0,19.7,6.93,10.77,2.97,24.9,1,100.0
2024-01-20 01:00:00,EQ_M001,Compressor,10599.3,20.6,7.58,18.42,6.49,20.0,1,100.0
2024-01-20 01:00:00,EQ_M002,Water Pump,12335.7,22.7,8.0,15.26,2.96,20.0,1,100.0
2024-01-20 01:00:00,EQ_M003,Air Handler,9771.7,20.5,7.07,16.17,3.17,20.0,1,100.0
2024-01-20 01:00:00,EQ_B001,Compressor,6886.7,20.1,4.42,20.14,6.19,63.1,0,66.9
2024-01-20 01:00:00,EQ_B002,Water Pump,9346.5,20.6,6.88,15.54,3.02,25.0,1,100.0
2024-01-20 02:00:00,EQ_M001,Compressor,10600.0,19.6,8.0,26.75,6.86,20.0,1,100.0
2024-01-20 02:00:00,EQ_M002,Water Pump,12336.4,25.7,8.0,14.12,2.89,20.0,1,100.0
2024-01-20 02:00:00,EQ_M003,Air Handler,9772.4,19.9,6.94,14.12,3.01,20.0,1,100.0
2024-01-20 02:00:00,EQ_B001,Compressor,6887.3,19.0,4.76,21.63,6.91,62.1,0,67.9
2024-01-20 02:00:00,EQ_B002,Water Pump,9347.4,20.7,6.44,14.94,2.87,26.3,1,100.0
2024-01-20 03:00:00,EQ_M001,Compressor,10600.7,22.1,7.99,22.18,6.49,20.0,1,100.0
2024-01-20 03:00:00,EQ_M002,Water Pump,12337.3,24.2,8.0,15.4,3.05,20.0,1,100.0
2024-01-20 03:00:00,EQ_M003,Air Handler,9773.1,20.2,6.79,14.33,2.81,20.0,1,100.0
2024-01-20 03:00:00,EQ_B001,Compressor,6888.3,19.0,4.45,22.99,6.52,63.0,0,67.0
2024-01-20 03:00:00,EQ_B002,Water Pump,9348.0,19.5,7.08,14.88,2.97,24.4,1,100.0
2024-01-20 04:00:00,EQ_M001,Compressor,10601.4,20.5,8.0,21.7,6.77,20.0,1,100.0
2024-01-20 04:00:00,EQ_M002,Water Pump,12338.1,25.0,8.0,12.34,2.93,20.0,1,100.0
2024-01-20 04:00:00,EQ_M003,Air Handler,9774.1,19.1,7.06,17.99,3.13,20.0,1,100.0
2024-01-20 04:00:00,EQ_B001,Compressor,6889.0,20.4,4.42,23.52,6.36,63.1,0,66.9
2024-01-20 04:00:00,EQ_B002,Water Pump,9348.7,20.5,6.98,16.86,2.92,24.7,1,100.0
2024-01-20 05:00:00,EQ_M001,Compressor,10602.0,19.9,8.0,20.88,6.64,20.0,1,100.0
2024-01-20 05:00:00,EQ_M002,Water Pump,12338.7,24.2,8.0,11.31,3.4,20.0,1,100.0
2024-01-20 05:00:00,EQ_M003,Air Handler,9775.0,17.8,7.22,14.46,3.15,20.0,1,100.0
2024-01-20 05:00:00,EQ_B001,Compressor,6890.0,19.2,4.63,20.96,6.49,62.5,0,67.5
2024-01-20 05:00:00,EQ_B002,Water Pump,9349.2,18.5,7.19,14.2,2.8,24.1,1,100.0
2024-01-20 06:00:00,EQ_M001,Compressor,10602.5,22.8,7.99,19.86,6.34,20.0,1,100.0
2024-01-20 06:00:00,EQ_M002,Water Pump,12339.7,24.7,8.0,10.95,2.8,20.0,1,100.0
2024-01-20 06:00:00,EQ_M003,Air Handler,9775.8,19.3,7.25,14.37,2.69,20.0,1,100.0
2024-01-20 06:00:00,EQ_B001,Compressor,6890.5,20.3,4.52,24.58,6.53,62.8,0,67.2
2024-01-20 06:00:00,EQ_B002,Water Pump,9349.9,19.6,6.82,12.6,2.68,25.2,1,100.0
2024-01-20 07:00:00,EQ_M001,Compressor,10603.2,20.8,8.0,22.96,6.41,20.0,1,100.0
2024-01-20 07:00:00,EQ_M002,Water Pump,12340.2,24.4,8.0,17.16,3.07,20.0,1,100.0
2024-01-20 07:00:00,EQ_M003,Air Handler,9776.6,20.3,6.9,17.02,3.37,20.0,1,100.0
2024-01-20 07:00:00,EQ_B001,Compressor,6891.1,19.6,4.65,22.37,6.81,62.4,0,67.6
2024-01-20 07:00:00,EQ_B002,Water Pump,9350.5,20.9,6.83,16.21,2.88,25.1,1,100.0
2024-01-20 08:00:00,EQ_M001,Compressor,10603.8,20.4,8.0,24.95,6.3,20.0,1,100.0
2024-01-20 08:00:00,EQ_M002,Water Pump,12340.8,24.2,8.0,12.36,3.02,20.0,1,100.0
2024-01-20 08:00:00,EQ_M003,Air Handler,9777.4,20.9,7.0,18.39,3.26,20.0,1,100.0
2024-01-20 08:00:00,EQ_B001,Compressor,6891.9,19.4,4.09,21.61,6.62,64.1,0,65.9
2024-01-20 08:00:00,EQ_B002,Water Pump,9351.4,21.4,6.99,14.4,2.57,24.6,1,100.0
2024-01-20 09:00:00,EQ_M001,Compressor,10604.3,20.5,8.0,18.53,7.1,20.0,1,100.0
2024-01-20 09:00:00,EQ_M002,Water Pump,12341.3,23.6,8.0,16.13,2.95,20.0,1,100.0
2024-01-20 09:00:00,EQ_M003,Air Handler,9777.9,19.7,6.96,10.79,3.18,20.0,1,100.0
2024-01-20 09:00:00,EQ_B001,Compressor,6892.6,19.8,4.04,23.23,6.12,64.2,0,65.8
2024-01-20 09:00:00,EQ_B002,Water Pump,9352.0,20.3,6.7,14.11,2.85,25.5,1,100.0
2024-01-20 10:00:00,EQ_M001,Compressor,10605.2,23.7,8.0,22.85,7.36,20.0,1,100.0
2024-01-20 10:00:00,EQ_M002,Water Pump,12342.3,26.4,8.0,15.8,3.12,20.0,1,100.0
2024-01-20 10:00:00,EQ_M003,Air Handler,9778.6,19.8,7.43,12.78,2.96,20.0,1,100.0
2024-01-20 10:00:00,EQ_B001,Compressor,6893.4,18.6,4.26,21.31,6.77,63.5,0,66.5
2024-01-20 10:00:00,EQ_B002,Water Pump,9352.6,20.3,6.35,14.53,2.93,26.5,1,100.0
2024-01-20 11:00:00,EQ_M001,Compressor,10605.8,21.1,8.0,22.79,6.43,20.0,1,100.0
2024-01-20 11:00:00,EQ_M002,Water Pump,12343.3,22.9,8.0,14.21,2.93,20.0,1,100.0
2024-01-20 11:00:00,EQ_M003,Air Handler,9779.3,19.6,7.51,15.15,3.01,20.0,1,100.0
2024-01-20 11:00:00,EQ_B001,Compressor,6894.1,19.9,4.53,18.75,6.53,62.7,0,67.3
2024-01-20 11:00:00,EQ_B002,Water Pump,9353.4,21.4,6.57,16.02,3.02,25.9,1,100.0
2024-01-20 12:00:00,EQ_M001,Compressor,10606.7,18.7,8.0,23.02,6.2,20.0,1,100.0
2024-01-20 12:00:00,EQ_M002,Water Pump,12344.3,25.0,8.0,16.42,3.16,20.0,1,100.0
2024-01-20 12:00:00,EQ_M003,Air Handler,9780.1,21.0,7.2,15.85,3.31,20.0,1,100.0
2024-01-20 12:00:00,EQ_B001,Compressor,6894.8,20.7,5.06,23.3,6.57,61.1,0,68.9
2024-01-20 12:00:00,EQ_B002,Water Pump,9354.3,18.0,7.19,17.93,2.78,24.0,1,100.0
2024-01-20 13:00:00,EQ_M001,Compressor,10607.4,22.5,8.0,22.0,6.58,20.0,1,100.0
2024-01-20 13:00:00,EQ_M002,Water Pump,12345.2,23.4,8.0,13.67,3.05,20.0,1,100.0
2024-01-20 13:00:00,EQ_M003,Air Handler,9780.9,20.5,6.89,14.7,2.78,20.0,1,100.0
2024-01-20 13:00:00,EQ_B001,Compressor,6895.7,21.3,4.55,22.08,6.67,62.7,0,67.3
2024-01-20 13:00:00,EQ_B002,Water Pump,9355.3,19.1,6.92,17.63,2.72,24.8,1,100.0
2024-01-20 14:00:00,EQ_M001,Compressor,10608.2,19.9,7.92,22.26,6.88,20.0,1,100.0
2024-01-20 14:00:00,EQ_M002,Water Pump,12346.1,26.2,8.0,15.65,3.22,20.0,1,100.0
2024-01-20 14:00:00,EQ_M003,Air Handler,9781.8,18.4,7.61,16.82,3.08,20.0,1,100.0
2024-01-20 14:00:00,EQ_B001,Compressor,6896.5,20.1,4.37,21.12,6.85,63.2,0,66.8
2024-01-20 14:00:00,EQ_B002,Water Pump,9356.0,20.1,6.74,18.09,2.9,25.3,1,100.0
2024-01-20 15:00:00,EQ_M001,Compressor,10609.1,23.2,8.0,21.0,6.49,20.0,1,100.0
2024-01-20 15:00:00,EQ_M002,Water Pump,12347.0,22.6,8.0,13.79,3.09,20.0,1,100.0
2024-01-20 15:00:00,EQ_M003,Air Handler,9782.4,20.0,7.62,15.47,3.24,20.0,1,100.0
2024-01-20 15:00:00,EQ_B001,Compressor,6897.3,20.6,4.65,20.22,6.82,62.3,0,67.7
2024-01-20 15:00:00,EQ_B002,Water Pump,9356.6,20.2,6.98,19.09,2.78,24.6,1,100.0
2024-01-20 16:00:00,EQ_M001,Compressor,10609.7,22.4,8.0,19.28,6.72,20.0,1,100.0
2024-01-20 16:00:00,EQ_M002,Water Pump,12347.6,24.8,8.0,12.98,2.71,20.0,1,100.0
2024-01-20 16:00:00,EQ_M003,Air Handler,9783.3,20.6,7.79,15.72,3.17,20.0,1,100.0
2024-01-20 16:00:00,EQ_B001,Compressor,6897.8,19.2,4.19,22.26,5.95,63.7,0,66.3
2024-01-20 16:00:00,EQ_B002,Water Pump,9357.3,19.1,6.73,12.85,2.86,25.3,1,100.0
2024-01-20 17:00:00,EQ_M001,Compressor,10610.5,21.6,8.0,23.54,6.97,20.0,1,100.0
2024-01-20 17:00:00,EQ_M002,Water Pump,12348.3,25.7,8.0,14.47,3.03,20.0,1,100.0
2024-01-20 17:00:00,EQ_M003,Air Handler,9784.2,20.3,7.37,15.78,3.13,20.0,1,100.0
2024-01-20 17:00:00,EQ_B001,Compressor,6898.5,18.4,4.25,20.59,6.64,63.5,0,66.5
2024-01-20 17:00:00,EQ_B002,Water Pump,9358.0,19.1,7.23,14.82,3.44,23.8,1,100.0
2024-01-20 18:00:00,EQ_M001,Compressor,10611.4,20.0,8.0,23.09,6.72,20.0,1,100.0
2024-01-20 18:00:00,EQ_M002,Water Pump,12349.0,24.2,8.0,14.68,2.72,20.0,1,100.0
2024-01-20 18:00:00,EQ_M003,Air Handler,9784.9,19.1,7.23,13.43,3.0,20.0,1,100.0
2024-01-20 18:00:00,EQ_B001,Compressor,6899.1,21.7,4.59,23.96,6.3,62.5,0,67.5
2024-01-20 18:00:00,EQ_B002,Water Pump,9358.6,18.8,7.37,16.26,2.81,23.4,1,100.0
2024-01-20 19:00:00,EQ_M001,Compressor,10612.4,21.4,8.0,21.73,6.91,20.0,1,100.0
2024-01-20 19:00:00,EQ_M002,Water Pump,12349.6,23.7,8.0,15.1,2.93,20.0,1,100.0
2024-01-20 19:00:00,EQ_M003,Air Handler,9785.4,21.4,6.67,12.45,3.05,20.2,1,100.0
2024-01-20 19:00:00,EQ_B001,Compressor,6900.0,19.9,4.97,22.22,6.77,61.3,0,68.7
2024-01-20 19:00:00,EQ_B002,Water Pump,9359.2,19.6,7.35,16.54,2.99,23.4,1,100.0
2024-01-20 20:00:00,EQ_M001,Compressor,10613.2,21.4,7.72,22.17,6.61,20.0,1,100.0
2024-01-20 20:00:00,EQ_M002,Water Pump,12350.5,23.2,8.0,17.35,2.52,20.0,1,100.0
2024-01-20 20:00:00,EQ_M003,Air Handler,9786.0,19.4,7.56,16.46,3.14,20.0,1,100.0
2024-01-20 20:00:00,EQ_B001,Compressor,6900.7,21.1,3.96,20.0,6.47,64.4,0,65.6
2024-01-20 20:00:00,EQ_B002,Water Pump,9359.9,20.6,6.64,14.33,3.12,25.6,1,100.0
2024-01-20 21:00:00,EQ_M001,Compressor,10614.0,19.5,7.82,21.04,6.34,20.0,1,100.0
2024-01-20 21:00:00,EQ_M002,Water Pump,12351.2,23.9,8.0,13.83,3.25,20.0,1,100.0
2024-01-20 21:00:00,EQ_M003,Air Handler,9786.5,18.0,7.34,14.81,2.76,20.0,1,100.0
2024-01-20 21:00:00,EQ_B001,Compressor,6901.3,21.8,4.47,21.9,6.49,62.8,0,67.2
2024-01-20 21:00:00,EQ_B002,Water Pump,9360.9,21.1,6.69,10.22,3.3,25.4,1,100.0
2024-01-20 22:00:00,EQ_M001,Compressor,10614.5,20.6,8.0,22.43,6.48,20.0,1,100.0
2024-01-20 22:00:00,EQ_M002,Water Pump,12351.9,25.6,8.0,12.46,2.71,20.0,1,100.0
2024-01-20 22:00:00,EQ_M003,Air Handler,9787.2,21.1,7.21,12.27,3.02,20.0,1,100.0
2024-01-20 22:00:00,EQ_B001,Compressor,6902.2,20.1,4.12,23.32,6.35,63.9,0,66.1
2024-01-20 22:00:00,EQ_B002,Water Pump,9361.6,20.6,6.83,13.29,2.73,25.0,1,100.0
2024-01-20 23:00:00,EQ_M001,Compressor,10615.2,21.0,8.0,22.58,6.91,20.0,1,100.0
2024-01-20 23:00:00,EQ_M002,Water Pump,12352.6,26.3,8.0,16.7,2.91,20.0,1,100.0
2024-01-20 23:00:00,EQ_M003,Air Handler,9788.1,20.4,7.24,16.18,2.76,20.0,1,100.0
2024-01-20 23:00:00,EQ_B001,Compressor,6902.8,19.5,5.31,24.93,6.41,60.3,0,69.7
2024-01-20 23:00:00,EQ_B002,Water Pump,9362.4,21.3,6.89,15.07,2.55,24.8,1,100.0
2024-01-21 00:00:00,EQ_M001,Compressor,10616.0,20.2,7.92,18.94,6.63,20.0,1,100.0
2024-01-21 00:00:00,EQ_M002,Water Pump,12353.3,25.5,8.0,13.72,2.99,20.0,1,100.0
2024-01-21 00:00:00,EQ_M003,Air Handler,9788.9,20.0,7.27,16.65,3.21,20.0,1,100.0
2024-01-21 00:00:00,EQ_B001,Compressor,6903.7,21.0,3.98,25.38,6.63,64.3,0,65.7
2024-01-21 00:00:00,EQ_B002,Water Pump,9363.2,19.2,6.96,18.25,2.78,24.6,1,100.0
2024-01-21 01:00:00,EQ_M001,Compressor,10616.9,21.0,7.84,24.73,5.98,20.0,1,100.0
2024-01-21 01:00:00,EQ_M002,Water Pump,12354.1,24.9,8.0,14.81,3.03,20.0,1,100.0
2024-01-21 01:00:00,EQ_M003,Air Handler,9789.6,21.2,7.25,14.95,2.77,20.0,1,100.0
2024-01-21 01:00:00,EQ_B001,Compressor,6904.3,22.0,4.73,21.03,6.49,62.0,0,68.0
2024-01-21 01:00:00,EQ_B002,Water Pump,9364.0,20.2,7.08,16.91,3.47,24.2,1,100.0
2024-01-21 02:00:00,EQ_M001,Compressor,10617.6,22.0,8.0,22.59,6.03,20.0,1,100.0
2024-01-21 02:00:00,EQ_M002,Water Pump,12355.0,23.9,8.0,16.28,2.79,20.0,1,100.0
2024-01-21 02:00:00,EQ_M003,Air Handler,9790.3,20.2,7.29,11.42,3.07,20.0,1,100.0
2024-01-21 02:00:00,EQ_B001,Compressor,6904.9,18.5,4.09,22.66,6.55,63.9,0,66.1
2024-01-21 02:00:00,EQ_B002,Water Pump,9364.6,20.1,7.02,15.02,3.23,24.4,1,100.0
2024-01-21 03:00:00,EQ_M001,Compressor,10618.6,20.2,8.0,23.15,6.21,20.0,1,100.0
2024-01-21 03:00:00,EQ_M002,Water Pump,12355.6,25.5,8.0,15.44,3.2,20.0,1,100.0
2024-01-21 03:00:00,EQ_M003,Air Handler,9790.9,20.7,6.99,14.97,2.86,20.0,1,100.0
2024-01-21 03:00:00,EQ_B001,Compressor,6905.9,20.1,4.28,18.98,6.42,63.3,0,66.7
2024-01-21 03:00:00,EQ_B002,Water Pump,9365.4,20.2,6.91,11.8,2.99,24.7,1,100.0
2024-01-21 04:00:00,EQ_M001,Compressor,10619.1,23.1,8.0,20.04,6.24,20.0,1,100.0
2024-01-21 04:00:00,EQ_M002,Water Pump,12356.2,23.8,8.0,18.54,3.11,20.0,1,100.0
2024-01-21 04:00:00,EQ_M003,Air Handler,9791.6,19.6,7.03,15.78,3.27,20.0,1,100.0
2024-01-21 04:00:00,EQ_B001,Compressor,6906.4,17.9,4.7,22.89,5.76,62.1,0,67.9
2024-01-21 04:00:00,EQ_B002,Water Pump,9366.1,21.2,7.03,15.03,3.08,24.3,1,100.0
2024-01-21 05:00:00,EQ_M001,Compressor,10619.9,19.5,8.0,25.29,6.98,20.0,1,100.0
2024-01-21 05:00:00,EQ_M002,Water Pump,12356.9,24.2,8.0,15.89,3.1,20.0,1,100.0
2024-01-21 05:00:00,EQ_M003,Air Handler,9792.2,19.7,7.36,15.02,3.13,20.0,1,100.0
2024-01-21 05:00:00,EQ_B001,Compressor,6906.9,19.1,4.43,18.71,6.45,62.9,0,67.1
2024-01-21 05:00:00,EQ_B002,Water Pump,9367.1,18.6,6.62,17.88,2.75,25.6,1,100.0
2024-01-21 06:00:00,EQ_M001,Compressor,10620.7,20.8,8.0,19.53,6.58,20.0,1,100.0
2024-01-21 06:00:00,EQ_M002,Water Pump,12357.6,24.7,8.0,12.44,3.41,20.0,1,100.0
2024-01-21 06:00:00,EQ_M003,Air Handler,9792.8,20.4,7.14,14.44,2.99,20.0,1,100.0
2024-01-21 06:00:00,EQ_B001,Compressor,6907.5,16.9,4.4,25.55,5.82,63.0,0,67.0
2024-01-21 06:00:00,EQ_B002,Water Pump,9367.6,21.2,6.87,15.93,2.83,24.8,1,100.0
2024-01-21 07:00:00,EQ_M001,Compressor,10621.5,21.4,8.0,22.13,6.91,20.0,1,100.0
2024-01-21 07:00:00,EQ_M002,Water Pump,12358.3,24.7,8.0,16.97,3.06,20.0,1,100.0
2024-01-21 07:00:00,EQ_M003,Air Handler,9793.3,20.2,6.81,14.37,2.91,20.0,1,100.0
2024-01-21 07:00:00,EQ_B001,Compressor,6908.5,19.3,4.13,23.32,6.51,63.8,0,66.2
2024-01-21 07:00:00,EQ_B002,Water Pump,9368.4,19.6,6.58,15.79,3.19,25.7,1,100.0
2024-01-21 08:00:00,EQ_M001,Compressor,10622.0,20.1,8.0,21.9,6.64,20.0,1,100.0
2024-01-21 08:00:00,EQ_M002,Water Pump,12359.1,24.2,8.0,15.76,3.16,20.0,1,100.0
2024-01-21 08:00:00,EQ_M003,Air Handler,9794.0,20.8,7.61,16.26,2.79,20.0,1,100.0
2024-01-21 08:00:00,EQ_B001,Compressor,6909.2,21.1,4.43,19.23,6.39,62.9,0,67.1
2024-01-21 08:00:00,EQ_B002,Water Pump,9369.0,20.3,6.8,15.79,3.05,25.0,1,100.0
2024-01-21 09:00:00,EQ_M001,Compressor,10622.7,19.7,8.0,21.77,5.74,20.0,1,100.0
2024-01-21 09:00:00,EQ_M002,Water Pump,12359.6,24.6,8.0,14.76,2.91,20.0,1,100.0
2024-01-21 09:00:00,EQ_M003,Air Handler,9794.7,20.1,7.17,18.84,2.7,20.0,1,100.0
2024-01-21 09:00:00,EQ_B001,Compressor,6910.0,18.7,4.17,19.67,6.57,63.6,0,66.4
2024-01-21 09:00:00,EQ_B002,Water Pump,9369.8,20.2,6.43,12.53,3.4,26.1,1,100.0
2024-01-21 10:00:00,EQ_M001,Compressor,10623.3,19.1,8.0,19.29,6.92,20.0,1,100.0
2024-01-21 10:00:00,EQ_M002,Water Pump,12360.3,24.4,8.0,12.62,2.71,20.0,1,100.0
2024-01-21 10:00:00,EQ_M003,Air Handler,9795.6,19.4,7.35,16.76,2.72,20.0,1,100.0
2024-01-21 10:00:00,EQ_B001,Compressor,6910.9,18.7,4.61,20.65,6.6,62.3,0,67.7
2024-01-21 10:00:00,EQ_B002,Water Pump,9370.5,20.8,6.93,14.44,3.04,24.6,1,100.0
2024-01-21 11:00:00,EQ_M001,Compressor,10623.9,20.1,7.68,23.38,6.24,20.0,1,100.0
2024-01-21 11:00:00,EQ_M002,Water Pump,12360.9,25.4,8.0,16.7,2.88,20.0,1,100.0
2024-01-21 11:00:00,EQ_M003,Air Handler,9796.3,18.5,7.13,10.89,2.98,20.0,1,100.0
2024-01-21 11:00:00,EQ_B001,Compressor,6911.7,18.8,4.61,23.63,6.24,62.3,0,67.7
2024-01-21 11:00:00,EQ_B002,Water Pump,9371.2,21.1,6.69,15.48,2.8,25.3,1,100.0
2024-01-21 12:00:00,EQ_M001,Compressor,10624.9,22.3,8.0,19.19,6.6,20.0,1,100.0
2024-01-21 12:00:00,EQ_M002,Water Pump,12361.9,25.1,8.0,14.6,3.01,20.0,1,100.0
2024-01-21 12:00:00,EQ_M003,Air Handler,9796.9,19.8,7.5,15.21,2.94,20.0,1,100.0
2024-01-21 12:00:00,EQ_B001,Compressor,6912.6,19.9,4.57,20.74,6.8,62.4,0,67.6
2024-01-21 12:00:00,EQ_B002,Water Pump,9372.0,21.4,6.93,13.32,2.68,24.6,1,100.0
2024-01-21 13:00:00,EQ_M001,Compressor,10625.8,21.7,8.0,22.2,6.33,20.0,1,100.0
2024-01-21 13:00:00,EQ_M002,Water Pump,12362.6,25.4,8.0,12.98,2.89,20.0,1,100.0
2024-01-21 13:00:00,EQ_M003,Air Handler,9797.9,20.2,7.73,14.76,3.1,20.0,1,100.0
2024-01-21 13:00:00,EQ_B001,Compressor,6913.1,20.2,4.43,22.57,6.66,62.8,0,67.2
2024-01-21 13:00:00,EQ_B002,Water Pump,9372.9,21.2,6.84,15.78,3.16,24.8,1,100.0
2024-01-21 14:00:00,EQ_M001,Compressor,10626.8,20.7,8.0,24.33,7.12,20.0,1,100.0
2024-01-21 14:00:00,EQ_M002,Water Pump,12363.5,24.9,8.0,15.42,3.12,20.0,1,100.0
2024-01-21 14:00:00,EQ_M003,Air Handler,9798.5,18.3,7.15,14.21,3.1,20.0,1,100.0
2024-01-21 14:00:00,EQ_B001,Compressor,6913.8,19.8,4.3,24.63,6.2,63.2,0,66.8
2024-01-21 14:00:00,EQ_B002,Water Pump,9373.6,20.0,7.14,16.13,3.02,23.9,1,100.0
2024-01-21 15:00:00,EQ_M001,Compressor,10627.4,20.2,8.0,18.71,6.61,20.0,1,100.0
2024-01-21 15:00:00,EQ_M002,Water Pump,12364.2,25.1,8.0,15.14,3.49,20.0,1,100.0
2024-01-21 15:00:00,EQ_M003,Air Handler,9799.2,20.6,6.98,15.52,2.97,20.0,1,100.0
2024-01-21 15:00:00,EQ_B001,Compressor,6914.5,18.9,4.65,20.91,6.53,62.1,0,67.9
2024-01-21 15:00:00,EQ_B002,Water Pump,9374.5,21.0,6.79,16.31,3.15,24.9,1,100.0
2024-01-21 16:00:00,EQ_M001,Compressor,10628.3,22.1,8.0,23.13,6.75,20.0,1,100.0
2024-01-21 16:00:00,EQ_M002,Water Pump,12364.8,23.4,8.0,14.79,3.05,20.0,1,100.0
2024-01-21 16:00:00,EQ_M003,Air Handler,9799.9,19.0,7.13,13.06,3.22,20.0,1,100.0
2024-01-21 16:00:00,EQ_B001,Compressor,6915.2,18.5,4.5,17.29,6.53,62.6,0,67.4
2024-01-21 16:00:00,EQ_B002,Water Pump,9375.0,20.3,6.63,15.48,2.87,25.4,1,100.0
2024-01-21 17:00:00,EQ_M001,Compressor,10628.9,19.8,8.0,19.61,6.52,20.0,1,100.0
2024-01-21 17:00:00,EQ_M002,Water Pump,12365.7,24.7,8.0,16.35,3.16,20.0,1,100.0
2024-01-21 17:00:00,EQ_M003,Air Handler,9800.7,19.2,6.65,14.21,2.57,20.0,1,100.0
2024-01-21 17:00:00,EQ_B001,Compressor,6916.1,19.3,4.4,20.4,7.0,62.8,0,67.2
2024-01-21 17:00:00,EQ_B002,Water Pump,9375.5,20.5,6.89,16.0,2.9,24.6,1,100.0
2024-01-21 18:00:00,EQ_M001,Compressor,10629.8,21.3,8.0,24.07,6.37,20.0,1,100.0
2024-01-21 18:00:00,EQ_M002,Water Pump,12366.6,22.6,8.0,13.35,3.16,20.0,1,100.0
2024-01-21 18:00:00,EQ_M003,Air Handler,9801.6,19.9,7.55,15.19,3.06,20.0,1,100.0
2024-01-21 18:00:00,EQ_B001,Compressor,6916.9,21.3,4.21,23.83,6.51,63.4,0,66.6
2024-01-21 18:00:00,EQ_B002,Water Pump,9376.5,19.1,6.29,17.23,3.26,26.4,1,100.0
2024-01-21 19:00:00,EQ_M001,Compressor,10630.7,20.3,8.0,22.0,6.42,20.0,1,100.0
2024-01-21 19:00:00,EQ_M002,Water Pump,12367.4,23.3,8.0,15.14,3.07,20.0,1,100.0
2024-01-21 19:00:00,EQ_M003,Air Handler,9802.4,18.6,7.32,15.32,3.19,20.0,1,100.0
2024-01-21 19:00:00,EQ_B001,Compressor,6917.7,19.9,4.01,20.64,6.47,64.0,0,66.0
2024-01-21 19:00:00,EQ_B002,Water Pump,9377.1,18.9,6.84,13.94,3.01,24.8,1,100.0
2024-01-21 20:00:00,EQ_M001,Compressor,10631.3,21.3,8.0,22.84,6.59,20.0,1,100.0
2024-01-21 20:00:00,EQ_M002,Water Pump,12367.9,24.6,8.0,14.83,2.58,20.0,1,100.0
2024-01-21 20:00:00,EQ_M003,Air Handler,9803.1,19.3,7.66,15.28,2.74,20.0,1,100.0
2024-01-21 20:00:00,EQ_B001,Compressor,6918.6,18.5,4.29,27.01,7.05,63.2,0,66.8
2024-01-21 20:00:00,EQ_B002,Water Pump,9377.6,18.6,6.89,13.39,2.97,24.6,1,100.0
2024-01-21 21:00:00,EQ_M001,Compressor,10632.1,19.7,8.0,19.49,7.01,20.0,1,100.0
2024-01-21 21:00:00,EQ_M002,Water Pump,12368.8,24.9,8.0,15.97,2.63,20.0,1,100.0
2024-01-21 21:00:00,EQ_M003,Air Handler,9803.6,19.8,7.26,14.89,2.96,20.0,1,100.0
2024-01-21 21:00:00,EQ_B001,Compressor,6919.5,20.7,4.43,18.21,5.92,62.7,0,67.3
2024-01-21 21:00:00,EQ_B002,Water Pump,9378.4,20.1,7.02,16.97,2.96,24.2,1,100.0
2024-01-21 22:00:00,EQ_M001,Compressor,10632.6,22.6,7.83,19.81,6.83,20.0,1,100.0
2024-01-21 22:00:00,EQ_M002,Water Pump,12369.4,24.2,8.0,18.25,3.31,20.0,1,100.0
2024-01-21 22:00:00,EQ_M003,Air Handler,9804.6,19.0,7.5,15.94,2.66,20.0,1,100.0
2024-01-21 22:00:00,EQ_B001,Compressor,6920.4,21.6,4.84,22.37,6.42,61.5,0,68.5
2024-01-21 22:00:00,EQ_B002,Water Pump,9378.9,19.0,6.48,15.22,3.09,25.8,1,100.0
2024-01-21 23:00:00,EQ_M001,Compressor,10633.1,20.7,8.0,22.95,6.53,20.0,1,100.0
2024-01-21 23:00:00,EQ_M002,Water Pump,12369.9,25.8,8.0,15.39,3.22,20.0,1,100.0
2024-01-21 23:00:00,EQ_M003,Air Handler,9805.2,19.2,7.36,15.2,3.24,20.0,1,100.0
2024-01-21 23:00:00,EQ_B001,Compressor,6921.1,20.7,4.41,22.43,6.67,62.8,0,67.2
2024-01-21 23:00:00,EQ_B002,Water Pump,9379.7,19.9,6.31,17.98,3.0,26.3,1,100.0
2024-01-22 00:00:00,EQ_M001,Compressor,10633.8,22.3,7.96,22.65,6.82,20.0,1,100.0
2024-01-22 00:00:00,EQ_M002,Water Pump,12370.8,24.6,8.0,15.85,3.15,20.0,1,100.0
2024-01-22 00:00:00,EQ_M003,Air Handler,9805.9,19.3,7.48,14.18,2.92,20.0,1,100.0
2024-01-22 00:00:00,EQ_B001,Compressor,6921.7,19.5,3.86,24.91,6.71,64.4,0,65.6
2024-01-22 00:00:00,EQ_B002,Water Pump,9380.4,19.4,6.49,14.67,2.97,25.8,1,100.0
2024-01-22 01:00:00,EQ_M001,Compressor,10634.4,19.6,8.0,21.69,5.9,20.0,1,100.0
2024-01-22 01:00:00,EQ_M002,Water Pump,12371.7,24.0,8.0,17.95,3.15,20.0,1,100.0
2024-01-22 01:00:00,EQ_M003,Air Handler,9806.6,19.3,7.25,12.95,2.79,20.0,1,100.0
2024-01-22 01:00:00,EQ_B001,Compressor,6922.5,20.2,4.31,20.17,6.35,63.0,0,67.0
2024-01-22 01:00:00,EQ_B002,Water Pump,9381.2,20.2,6.59,16.05,3.14,25.5,1,100.0
2024-01-22 02:00:00,EQ_M001,Compressor,10635.2,20.7,8.0,21.61,6.9,20.0,1,100.0
2024-01-22 02:00:00,EQ_M002,Water Pump,12372.6,23.6,8.0,14.31,3.3,20.0,1,100.0
2024-01-22 02:00:00,EQ_M003,Air Handler,9807.3,21.0,6.79,16.99,2.88,20.0,1,100.0
2024-01-22 02:00:00,EQ_B001,Compressor,6923.4,20.7,4.75,23.4,6.08,61.7,0,68.3
2024-01-22 02:00:00,EQ_B002,Water Pump,9381.9,19.2,7.04,13.2,3.09,24.1,1,100.0
2024-01-22 03:00:00,EQ_M001,Compressor,10635.7,20.1,8.0,22.86,6.7,20.0,1,100.0
2024-01-22 03:00:00,EQ_M002,Water Pump,12373.2,25.4,8.0,14.07,2.75,20.0,1,100.0
2024-01-22 03:00:00,EQ_M003,Air Handler,9808.1,19.4,7.26,15.23,2.65,20.0,1,100.0
2024-01-22 03:00:00,EQ_B001,Compressor,6924.2,19.1,4.6,20.03,6.41,62.1,0,67.9
2024-01-22 03:00:00,EQ_B002,Water Pump,9382.9,18.2,6.8,14.86,3.29,24.8,1,100.0
2024-01-22 04:00:00,EQ_M001,Compressor,10636.6,19.7,7.97,25.3,6.53,20.0,1,100.0
2024-01-22 04:00:00,EQ_M002,Water Pump,12374.1,23.4,8.0,14.68,3.08,20.0,1,100.0
2024-01-22 04:00:00,EQ_M003,Air Handler,9809.1,21.7,7.65,13.06,3.08,20.0,1,100.0
2024-01-22 04:00:00,EQ_B001,Compressor,6925.2,19.3,4.42,23.77,6.68,62.7,0,67.3
2024-01-22 04:00:00,EQ_B002,Water Pump,9383.4,19.8,6.79,14.3,2.94,24.8,1,100.0
2024-01-22 05:00:00,EQ_M001,Compressor,10637.4,19.4,8.0,23.75,6.42,20.0,1,100.0
2024-01-22 05:00:00,EQ_M002,Water Pump,12375.1,23.3,8.0,13.23,3.03,20.0,1,100.0
2024-01-22 05:00:00,EQ_M003,Air Handler,9810.0,17.7,7.62,16.67,3.2,20.0,1,100.0
2024-01-22 05:00:00,EQ_B001,Compressor,6926.0,20.9,4.25,21.36,6.58,63.2,0,66.8
2024-01-22 05:00:00,EQ_B002,Water Pump,9384.3,19.2,7.02,14.94,3.02,24.1,1,100.0
2024-01-22 06:00:00,EQ_M001,Compressor,10638.3,22.6,8.0,24.36,6.61,20.0,1,100.0
2024-01-22 06:00:00,EQ_M002,Water Pump,12375.6,26.1,8.0,12.97,3.07,20.0,1,100.0
2024-01-22 06:00:00,EQ_M003,Air Handler,9810.9,19.7,7.31,14.03,3.0,20.0,1,100.0
2024-01-22 06:00:00,EQ_B001,Compressor,6926.8,18.8,4.57,24.88,6.24,62.2,0,67.8
2024-01-22 06:00:00,EQ_B002,Water Pump,9385.0,18.7,6.87,12.03,2.93,24.6,1,100.0
2024-01-22 07:00:00,EQ_M001,Compressor,10639.2,20.9,8.0,20.12,6.15,20.0,1,100.0
2024-01-22 07:00:00,EQ_M002,Water Pump,12376.4,23.8,8.0,13.62,3.07,20.0,1,100.0
2024-01-22 07:00:00,EQ_M003,Air Handler,9811.7,17.5,7.05,14.44,3.07,20.0,1,100.0
2024-01-22 07:00:00,EQ_B001,Compressor,6927.5,18.5,4.78,22.2,6.09,61.6,0,68.4
2024-01-22 07:00:00,EQ_B002,Water Pump,9385.6,19.9,7.04,14.41,2.61,24.1,1,100.0
2024-01-22 08:00:00,EQ_M001,Compressor,10640.0,18.8,7.84,17.12,6.73,20.0,1,100.0
2024-01-22 08:00:00,EQ_M002,Water Pump,12377.0,23.4,8.0,15.39,3.1,20.0,1,100.0
2024-01-22 08:00:00,EQ_M003,Air Handler,9812.6,19.5,7.19,15.32,3.02,20.0,1,100.0
2024-01-22 08:00:00,EQ_B001,Compressor,6928.1,20.9,4.49,23.4,6.57,62.4,0,67.6
2024-01-22 08:00:00,EQ_B002,Water Pump,9386.2,20.2,6.82,16.51,3.06,24.7,1,100.0
2024-01-22 09:00:00,EQ_M001,Compressor,10640.6,21.8,8.0,18.27,5.97,20.0,1,100.0
2024-01-22 09:00:00,EQ_M002,Water Pump,12377.9,25.1,8.0,15.33,2.8,20.0,1,100.0
2024-01-22 09:00:00,EQ_M003,Air Handler,9813.1,19.3,7.14,16.0,2.99,20.0,1,100.0
2024-01-22 09:00:00,EQ_B001,Compressor,6929.1,20.6,4.57,18.97,5.96,62.2,0,67.8
2024-01-22 09:00:00,EQ_B002,Water Pump,9386.9,18.4,7.03,15.68,3.18,24.1,1,100.0
2024-01-22 10:00:00,EQ_M001,Compressor,10641.2,20.4,7.84,24.67,6.49,20.0,1,100.0
2024-01-22 10:00:00,EQ_M002,Water Pump,12378.6,25.5,8.0,13.86,2.81,20.0,1,100.0
2024-01-22 10:00:00,EQ_M003,Air Handler,9814.0,19.6,7.69,14.97,2.84,20.0,1,100.0
2024-01-22 10:00:00,EQ_B001,Compressor,6929.7,18.9,4.42,23.5,6.4,62.6,0,67.4
2024-01-22 10:00:00,EQ_B002,Water Pump,9387.4,19.8,7.19,15.54,2.85,23.6,1,100.0
2024-01-22 11:00:00,EQ_M001,Compressor,10641.9,19.5,8.0,21.8,6.53,20.0,1,100.0
2024-01-22 11:00:00,EQ_M002,Water Pump,12379.2,23.2,8.0,16.61,3.18,20.0,1,100.0
2024-01-22 11:00:00,EQ_M003,Air Handler,9814.8,20.1,7.41,14.53,3.03,20.0,1,100.0
2024-01-22 11:00:00,EQ_B001,Compressor,6930.6,19.2,4.46,24.1,6.29,62.5,0,67.5
2024-01-22 11:00:00,EQ_B002,Water Pump,9388.1,20.7,6.54,15.45,3.25,25.5,1,100.0
2024-01-22 12:00:00,EQ_M001,Compressor,10642.8,21.0,7.71,18.9,6.76,20.0,1,100.0
2024-01-22 12:00:00,EQ_M002,Water Pump,12380.1,24.0,8.0,14.35,3.06,20.0,1,100.0
2024-01-22 12:00:00,EQ_M003,Air Handler,9815.7,18.8,7.14,15.08,2.97,20.0,1,100.0
2024-01-22 12:00:00,EQ_B001,Compressor,6931.1,20.3,4.8,20.03,6.43,61.5,0,68.5
2024-01-22 12:00:00,EQ_B002,Water Pump,9388.6,19.2,6.91,16.43,3.3,24.4,1,100.0
2024-01-22 13:00:00,EQ_M001,Compressor,10643.3,20.2,8.0,26.6,6.17,20.0,1,100.0
2024-01-22 13:00:00,EQ_M002,Water Pump,12380.6,23.2,8.0,15.71,3.14,20.0,1,100.0
2024-01-22 13:00:00,EQ_M003,Air Handler,9816.3,19.8,7.21,14.52,2.92,20.0,1,100.0
2024-01-22 13:00:00,EQ_B001,Compressor,6931.6,20.2,4.48,20.12,6.86,62.4,0,67.6
2024-01-22 13:00:00,EQ_B002,Water Pump,9389.3,18.4,6.87,15.74,3.33,24.5,1,100.0
2024-01-22 14:00:00,EQ_M001,Compressor,10644.0,19.5,7.91,23.04,6.56,20.0,1,100.0
2024-01-22 14:00:00,EQ_M002,Water Pump,12381.4,25.2,8.0,15.21,2.75,20.0,1,100.0
2024-01-22 14:00:00,EQ_M003,Air Handler,9817.1,19.4,7.4,14.95,2.98,20.0,1,100.0
2024-01-22 14:00:00,EQ_B001,Compressor,6932.2,18.0,4.65,24.37,6.44,61.9,0,68.1
2024-01-22 14:00:00,EQ_B002,Water Pump,9389.9,19.9,6.81,14.88,2.71,24.7,1,100.0
2024-01-22 15:00:00,EQ_M001,Compressor,10644.8,22.0,8.0,15.65,5.98,20.0,1,100.0
2024-01-22 15:00:00,EQ_M002,Water Pump,12382.2,24.7,8.0,14.71,2.92,20.0,1,100.0
2024-01-22 15:00:00,EQ_M003,Air Handler,9818.0,18.9,7.17,12.57,2.56,20.0,1,100.0
2024-01-22 15:00:00,EQ_B001,Compressor,6933.0,18.3,4.36,22.47,6.14,62.7,0,67.3
2024-01-22 15:00:00,EQ_B002,Water Pump,9390.6,19.5,6.55,14.0,3.02,25.5,1,100.0
2024-01-22 16:00:00,EQ_M001,Compressor,10645.7,22.4,7.9,23.13,6.34,20.0,1,100.0
2024-01-22 16:00:00,EQ_M002,Water Pump,12383.2,24.9,8.0,18.23,2.93,20.0,1,100.0
2024-01-22 16:00:00,EQ_M003,Air Handler,9818.6,19.3,7.48,17.37,3.08,20.0,1,100.0
2024-01-22 16:00:00,EQ_B001,Compressor,6933.8,18.7,4.27,21.91,7.07,63.0,0,67.0
2024-01-22 16:00:00,EQ_B002,Water Pump,9391.2,19.3,6.86,13.94,3.16,24.5,1,100.0
2024-01-22 17:00:00,EQ_M001,Compressor,10646.2,22.9,7.46,22.97,6.31,20.0,1,100.0
2024-01-22 17:00:00,EQ_M002,Water Pump,12384.0,25.5,8.0,12.85,3.01,20.0,1,100.0
2024-01-22 17:00:00,EQ_M003,Air Handler,9819.1,16.9,7.62,15.54,3.16,20.0,1,100.0
2024-01-22 17:00:00,EQ_B001,Compressor,6934.5,18.5,4.99,21.4,6.71,60.8,0,69.2
2024-01-22 17:00:00,EQ_B002,Water Pump,9392.2,18.8,7.03,15.6,2.79,24.0,1,100.0
2024-01-22 18:00:00,EQ_M001,Compressor,10647.1,21.8,8.0,19.7,6.49,20.0,1,100.0
2024-01-22 18:00:00,EQ_M002,Water Pump,12384.7,25.5,8.0,15.22,3.12,20.0,1,100.0
2024-01-22 18:00:00,EQ_M003,Air Handler,9819.6,18.3,7.35,13.92,2.85,20.0,1,100.0
2024-01-22 18:00:00,EQ_B001,Compressor,6935.4,19.4,4.82,20.64,6.26,61.4,0,68.6
2024-01-22 18:00:00,EQ_B002,Water Pump,9392.9,19.7,6.58,14.27,3.2,25.3,1,100.0
2024-01-22 19:00:00,EQ_M001,Compressor,10647.8,20.1,8.0,19.89,6.92,20.0,1,100.0
2024-01-22 19:00:00,EQ_M002,Water Pump,12385.3,23.7,8.0,12.21,2.59,20.0,1,100.0
2024-01-22 19:00:00,EQ_M003,Air Handler,9820.1,19.0,7.12,14.99,3.2,20.0,1,100.0
2024-01-22 19:00:00,EQ_B001,Compressor,6935.9,20.3,4.7,21.9,6.51,61.7,0,68.3
2024-01-22 19:00:00,EQ_B002,Water Pump,9393.7,18.9,6.91,14.25,2.9,24.3,1,100.0
2024-01-22 20:00:00,EQ_M001,Compressor,10648.4,21.9,8.0,19.23,6.52,20.0,1,100.0
2024-01-22 20:00:00,EQ_M002,Water Pump,12386.0,24.7,8.0,15.69,2.95,20.0,1,100.0
2024-01-22 20:00:00,EQ_M003,Air Handler,9821.0,19.5,7.56,17.02,3.02,20.0,1,100.0
2024-01-22 20:00:00,EQ_B001,Compressor,6936.5,19.8,4.53,22.61,6.42,62.2,0,67.8
2024-01-22 20:00:00,EQ_B002,Water Pump,9394.3,17.9,6.62,15.83,3.45,25.2,1,100.0
2024-01-22 21:00:00,EQ_M001,Compressor,10649.0,21.4,8.0,16.66,6.5,20.0,1,100.0
2024-01-22 21:00:00,EQ_M002,Water Pump,12386.5,25.2,8.0,15.41,3.02,20.0,1,100.0
2024-01-22 21:00:00,EQ_M003,Air Handler,9821.7,20.0,7.43,16.95,3.33,20.0,1,100.0
2024-01-22 21:00:00,EQ_B001,Compressor,6937.1,19.7,4.98,18.56,6.93,60.8,0,69.2
2024-01-22 21:00:00,EQ_B002,Water Pump,9395.3,19.3,6.57,13.22,2.81,25.3,1,100.0
2024-01-22 22:00:00,EQ_M001,Compressor,10649.7,21.7,8.0,22.93,6.41,20.0,1,100.0
2024-01-22 22:00:00,EQ_M002,Water Pump,12387.0,26.0,8.0,14.77,3.2,20.0,1,100.0
2024-01-22 22:00:00,EQ_M003,Air Handler,9822.3,18.7,7.08,13.46,3.16,20.0,1,100.0
2024-01-22 22:00:00,EQ_B001,Compressor,6937.7,18.5,4.61,19.71,6.07,61.9,0,68.1
2024-01-22 22:00:00,EQ_B002,Water Pump,9396.2,20.1,6.88,14.54,3.32,24.4,1,100.0
2024-01-22 23:00:00,EQ_M001,Compressor,10650.4,19.7,8.0,24.06,6.58,20.0,1,100.0
2024-01-22 23:00:00,EQ_M002,Water Pump,12387.6,23.8,8.0,13.65,3.3,20.0,1,100.0
2024-01-22 23:00:00,EQ_M003,Air Handler,9822.8,20.5,7.39,13.41,2.9,20.0,1,100.0
2024-01-22 23:00:00,EQ_B001,Compressor,6938.3,19.8,3.97,25.56,6.53,63.8,0,66.2
2024-01-22 23:00:00,EQ_B002,Water Pump,9397.1,19.8,6.63,15.77,2.63,25.2,1,100.0
2024-01-23 00:00:00,EQ_M001,Compressor,10651.3,19.7,8.0,19.08,7.04,20.0,1,100.0
2024-01-23 00:00:00,EQ_M002,Water Pump,12388.5,24.3,8.0,17.35,3.04,20.0,1,100.0
2024-01-23 00:00:00,EQ_M003,Air Handler,9823.6,19.6,7.42,13.27,3.23,20.0,1,100.0
2024-01-23 00:00:00,EQ_B001,Compressor,6939.2,19.1,4.26,17.8,6.79,63.0,0,67.0
2024-01-23 00:00:00,EQ_B002,Water Pump,9397.8,17.9,7.73,14.75,2.39,21.8,1,100.0
2024-01-23 01:00:00,EQ_M001,Compressor,10651.8,20.2,8.0,23.28,6.79,20.0,1,100.0
2024-01-23 01:00:00,EQ_M002,Water Pump,12389.2,22.3,8.0,13.96,2.82,20.0,1,100.0
2024-01-23 01:00:00,EQ_M003,Air Handler,9824.4,20.4,7.56,13.89,2.89,20.0,1,100.0
2024-01-23 01:00:00,EQ_B001,Compressor,6939.7,20.0,4.56,22.52,6.84,62.1,0,67.9
2024-01-23 01:00:00,EQ_B002,Water Pump,9398.6,18.7,6.75,13.25,3.16,24.8,1,100.0
2024-01-23 02:00:00,EQ_M001,Compressor,10652.7,20.7,7.88,17.8,6.55,20.0,1,100.0
2024-01-23 02:00:00,EQ_M002,Water Pump,12389.8,25.4,8.0,14.48,3.11,20.0,1,100.0
2024-01-23 02:00:00,EQ_M003,Air Handler,9824.9,18.6,7.29,14.8,3.0,20.0,1,100.0
2024-01-23 02:00:00,EQ_B001,Compressor,6940.3,19.3,4.54,24.96,6.61,62.1,0,67.9
2024-01-23 02:00:00,EQ_B002,Water Pump,9399.3,20.0,6.48,15.55,2.88,25.6,1,100.0
2024-01-23 03:00:00,EQ_M001,Compressor,10653.6,20.8,8.0,23.77,6.36,20.0,1,100.0
2024-01-23 03:00:00,EQ_M002,Water Pump,12390.4,26.7,8.0,15.82,3.17,20.0,1,100.0
2024-01-23 03:00:00,EQ_M003,Air Handler,9825.4,18.7,7.31,14.75,2.72,20.0,1,100.0
2024-01-23 03:00:00,EQ_B001,Compressor,6940.9,20.2,5.14,22.47,6.44,60.3,0,69.7
2024-01-23 03:00:00,EQ_B002,Water Pump,9400.2,19.5,7.17,15.49,3.0,23.5,1,100.0
2024-01-23 04:00:00,EQ_M001,Compressor,10654.5,21.0,8.0,21.38,6.71,20.0,1,100.0
2024-01-23 04:00:00,EQ_M002,Water Pump,12391.2,24.4,8.0,14.16,3.02,20.0,1,100.0
2024-01-23 04:00:00,EQ_M003,Air Handler,9826.0,17.6,6.66,13.88,3.18,20.0,1,100.0
2024-01-23 04:00:00,EQ_B001,Compressor,6941.8,19.1,4.83,24.82,6.08,61.2,0,68.8
2024-01-23 04:00:00,EQ_B002,Water Pump,9400.9,20.6,6.64,16.45,3.03,25.1,1,100.0
2024-01-23 05:00:00,EQ_M001,Compressor,10655.0,20.3,7.89,22.84,7.07,20.0,1,100.0
2024-01-23 05:00:00,EQ_M002,Water Pump,12391.7,24.6,8.0,15.69,2.72,20.0,1,100.0
2024-01-23 05:00:00,EQ_M003,Air Handler,9826.6,18.7,7.17,15.94,3.15,20.0,1,100.0
2024-01-23 05:00:00,EQ_B001,Compressor,6942.3,21.4,4.25,21.01,6.39,63.0,0,67.0
2024-01-23 05:00:00,EQ_B002,Water Pump,9401.4,18.5,6.88,15.14,3.23,24.3,1,100.0
2024-01-23 06:00:00,EQ_M001,Compressor,10656.0,19.3,8.0,21.02,6.74,20.0,1,100.0
2024-01-23 06:00:00,EQ_M002,Water Pump,12392.5,24.2,8.0,16.29,2.8,20.0,1,100.0
2024-01-23 06:00:00,EQ_M003,Air Handler,9827.6,19.1,7.19,14.11,2.53,20.0,1,100.0
2024-01-23 06:00:00,EQ_B001,Compressor,6943.0,19.7,4.52,21.51,6.06,62.1,0,67.9
2024-01-23 06:00:00,EQ_B002,Water Pump,9401.9,17.7,7.25,16.9,2.8,23.2,1,100.0
2024-01-23 07:00:00,EQ_M001,Compressor,10656.7,20.3,8.0,19.36,6.79,20.0,1,100.0
2024-01-23 07:00:00,EQ_M002,Water Pump,12393.2,23.2,8.0,12.78,3.16,20.0,1,100.0
2024-01-23 07:00:00,EQ_M003,Air Handler,9828.5,18.9,6.95,15.0,2.95,20.0,1,100.0
2024-01-23 07:00:00,EQ_B001,Compressor,6943.6,20.5,4.4,26.24,6.25,62.5,0,67.5
2024-01-23 07:00:00,EQ_B002,Water Pump,9402.5,19.4,7.08,13.25,2.85,23.7,1,100.0
2024-01-23 08:00:00,EQ_M001,Compressor,10657.2,21.3,8.0,19.52,6.8,20.0,1,100.0
2024-01-23 08:00:00,EQ_M002,Water Pump,12394.1,24.0,8.0,16.25,2.82,20.0,1,100.0
2024-01-23 08:00:00,EQ_M003,Air Handler,9829.5,19.8,7.15,15.34,2.81,20.0,1,100.0
2024-01-23 08:00:00,EQ_B001,Compressor,6944.1,19.1,5.07,19.62,6.94,60.5,0,69.5
2024-01-23 08:00:00,EQ_B002,Water Pump,9403.3,19.9,6.39,15.66,2.68,25.8,1,100.0
2024-01-23 09:00:00,EQ_M001,Compressor,10658.0,20.4,7.93,21.77,6.84,20.0,1,100.0
2024-01-23 09:00:00,EQ_M002,Water Pump,12394.8,25.1,8.0,15.47,2.92,20.0,1,100.0
2024-01-23 09:00:00,EQ_M003,Air Handler,9830.0,19.3,8.0,16.97,2.59,20.0,1,100.0
2024-01-23 09:00:00,EQ_B001,Compressor,6944.9,20.8,4.63,20.89,6.68,61.8,0,68.2
2024-01-23 09:00:00,EQ_B002,Water Pump,9403.8,18.6,6.9,13.0,2.68,24.2,1,100.0
2024-01-23 10:00:00,EQ_M001,Compressor,10658.9,20.0,7.84,22.82,6.52,20.0,1,100.0
2024-01-23 10:00:00,EQ_M002,Water Pump,12395.6,23.8,8.0,16.58,3.12,20.0,1,100.0
2024-01-23 10:00:00,EQ_M003,Air Handler,9830.9,17.9,6.64,15.89,2.72,20.0,1,100.0
2024-01-23 10:00:00,EQ_B001,Compressor,6945.6,18.4,4.04,23.76,6.7,63.6,0,66.4
2024-01-23 10:00:00,EQ_B002,Water Pump,9404.3,20.3,7.24,13.55,2.85,23.2,1,100.0
2024-01-23 11:00:00,EQ_M001,Compressor,10659.4,20.6,8.0,24.18,6.25,20.0,1,100.0
2024-01-23 11:00:00,EQ_M002,Water Pump,12396.4,23.0,8.0,12.71,2.9,20.0,1,100.0
2024-01-23 11:00:00,EQ_M003,Air Handler,9831.5,19.8,7.28,14.61,2.99,20.0,1,100.0
2024-01-23 11:00:00,EQ_B001,Compressor,6946.4,18.9,4.49,22.38,6.38,62.2,0,67.8
2024-01-23 11:00:00,EQ_B002,Water Pump,9405.0,17.8,6.92,13.41,3.0,24.2,1,100.0
2024-01-23 12:00:00,EQ_M001,Compressor,10660.4,21.9,7.6,23.4,6.5,20.0,1,100.0
2024-01-23 12:00:00,EQ_M002,Water Pump,12397.1,23.6,8.0,12.9,2.71,20.0,1,100.0
2024-01-23 12:00:00,EQ_M003,Air Handler,9832.5,18.4,7.25,17.31,3.22,20.0,1,100.0
2024-01-23 12:00:00,EQ_B001,Compressor,6947.2,19.9,4.81,21.29,6.12,61.2,0,68.8
2024-01-23 12:00:00,EQ_B002,Water Pump,9405.9,19.3,6.35,13.29,2.97,25.9,1,100.0
2024-01-23 13:00:00,EQ_M001,Compressor,10661.1,20.9,7.68,19.62,6.48,20.0,1,100.0
2024-01-23 13:00:00,EQ_M002,Water Pump,12398.0,25.3,8.0,12.26,2.97,20.0,1,100.0
2024-01-23 13:00:00,EQ_M003,Air Handler,9833.4,18.6,7.23,12.22,2.73,20.0,1,100.0
2024-01-23 13:00:00,EQ_B001,Compressor,6947.8,18.9,4.01,22.74,6.82,63.6,0,66.4
2024-01-23 13:00:00,EQ_B002,Water Pump,9406.8,19.3,7.03,17.79,2.92,23.8,1,100.0
2024-01-23 14:00:00,EQ_M001,Compressor,10661.8,22.8,8.0,22.74,6.92,20.0,1,100.0
2024-01-23 14:00:00,EQ_M002,Water Pump,12398.8,23.9,8.0,16.27,3.07,20.0,1,100.0
2024-01-23 14:00:00,EQ_M003,Air Handler,9834.2,20.4,7.59,12.94,3.09,20.0,1,100.0
2024-01-23 14:00:00,EQ_B001,Compressor,6948.5,21.6,4.54,23.6,6.59,62.0,0,68.0
2024-01-23 14:00:00,EQ_B002,Water Pump,9407.4,20.0,6.54,13.07,3.33,25.3,1,100.0
2024-01-23 15:00:00,EQ_M001,Compressor,10662.5,20.0,8.0,23.66,6.68,20.0,1,100.0
2024-01-23 15:00:00,EQ_M002,Water Pump,12399.3,24.3,8.0,14.81,2.86,20.0,1,100.0
2024-01-23 15:00:00,EQ_M003,Air Handler,9834.9,17.8,7.43,14.65,2.86,20.0,1,100.0
2024-01-23 15:00:00,EQ_B001,Compressor,6949.1,19.1,4.68,23.36,6.33,61.6,0,68.4
2024-01-23 15:00:00,EQ_B002,Water Pump,9407.9,19.7,6.79,14.99,2.85,24.5,1,100.0
2024-01-23 16:00:00,EQ_M001,Compressor,10663.0,19.4,8.0,20.64,6.3,20.0,1,100.0
2024-01-23 16:00:00,EQ_M002,Water Pump,12400.2,22.7,8.0,14.46,2.75,20.0,1,100.0
2024-01-23 16:00:00,EQ_M003,Air Handler,9835.4,19.9,7.76,11.08,3.17,20.0,1,100.0
2024-01-23 16:00:00,EQ_B001,Compressor,6950.0,18.4,4.36,24.14,6.64,62.5,0,67.5
2024-01-23 16:00:00,EQ_B002,Water Pump,9408.7,21.3,7.16,17.25,2.83,23.4,1,100.0
2024-01-23 17:00:00,EQ_M001,Compressor,10663.9,20.9,8.0,19.31,6.65,20.0,1,100.0
2024-01-23 17:00:00,EQ_M002,Water Pump,12400.8,22.6,8.0,13.09,3.16,20.0,1,100.0
2024-01-23 17:00:00,EQ_M003,Air Handler,9835.9,17.8,7.06,14.81,3.08,20.0,1,100.0
2024-01-23 17:00:00,EQ_B001,Compressor,6950.7,19.4,3.91,22.99,6.6,63.9,0,66.1
2024-01-23 17:00:00,EQ_B002,Water Pump,9409.4,20.9,7.04,14.18,3.14,23.8,1,100.0
2024-01-23 18:00:00,EQ_M001,Compressor,10664.7,20.0,8.0,23.84,6.25,20.0,1,100.0
2024-01-23 18:00:00,EQ_M002,Water Pump,12401.6,23.6,8.0,15.29,3.23,20.0,1,100.0
2024-01-23 18:00:00,EQ_M003,Air Handler,9836.9,17.7,7.25,14.81,3.01,20.0,1,100.0
2024-01-23 18:00:00,EQ_B001,Compressor,6951.6,20.2,4.69,23.02,6.31,61.5,0,68.5
2024-01-23 18:00:00,EQ_B002,Water Pump,9410.1,19.3,7.02,14.76,2.87,23.8,1,100.0
2024-01-23 19:00:00,EQ_M001,Compressor,10665.5,19.6,8.0,22.62,6.54,20.0,1,100.0
2024-01-23 19:00:00,EQ_M002,Water Pump,12402.3,25.3,8.0,15.39,3.25,20.0,1,100.0
2024-01-23 19:00:00,EQ_M003,Air Handler,9837.7,20.2,7.48,18.57,3.3,20.0,1,100.0
2024-01-23 19:00:00,EQ_B001,Compressor,6952.1,20.0,4.23,20.97,6.43,62.9,0,67.1
2024-01-23 19:00:00,EQ_B002,Water Pump,9410.9,18.2,6.66,13.23,3.18,24.9,1,100.0
2024-01-23 20:00:00,EQ_M001,Compressor,10666.4,19.5,8.0,22.09,6.47,20.0,1,100.0
2024-01-23 20:00:00,EQ_M002,Water Pump,12403.3,23.8,8.0,15.67,2.84,20.0,1,100.0
2024-01-23 20:00:00,EQ_M003,Air Handler,9838.6,19.1,7.75,13.52,3.27,20.0,1,100.0
2024-01-23 20:00:00,EQ_B001,Compressor,6952.8,19.7,4.37,24.51,6.53,62.5,0,67.5
2024-01-23 20:00:00,EQ_B002,Water Pump,9411.7,19.2,7.03,11.67,3.12,23.8,1,100.0
2024-01-23 21:00:00,EQ_M001,Compressor,10667.3,21.2,8.0,19.15,6.5,20.0,1,100.0
2024-01-23 21:00:00,EQ_M002,Water Pump,12404.2,24.7,8.0,17.83,2.93,20.0,1,100.0
2024-01-23 21:00:00,EQ_M003,Air Handler,9839.2,19.1,6.93,14.07,3.05,20.0,1,100.0
2024-01-23 21:00:00,EQ_B001,Compressor,6953.5,18.7,3.94,19.06,6.53,63.8,0,66.2
2024-01-23 21:00:00,EQ_B002,Water Pump,9412.5,19.9,6.79,14.44,3.03,24.5,1,100.0
2024-01-23 22:00:00,EQ_M001,Compressor,10668.0,21.5,8.0,22.96,6.48,20.0,1,100.0
2024-01-23 22:00:00,EQ_M002,Water Pump,12405.2,22.9,8.0,15.5,2.84,20.0,1,100.0
2024-01-23 22:00:00,EQ_M003,Air Handler,9840.1,18.6,7.66,14.77,2.86,20.0,1,100.0
2024-01-23 22:00:00,EQ_B001,Compressor,6954.2,18.3,4.55,23.43,6.45,61.9,0,68.1
2024-01-23 22:00:00,EQ_B002,Water Pump,9413.2,20.0,7.29,13.63,3.11,23.0,1,100.0
2024-01-23 23:00:00,EQ_M001,Compressor,10669.0,19.5,8.0,22.49,6.17,20.0,1,100.0
2024-01-23 23:00:00,EQ_M002,Water Pump,12405.7,23.9,8.0,14.57,2.71,20.0,1,100.0
2024-01-23 23:00:00,EQ_M003,Air Handler,9840.7,19.4,7.1,16.83,2.99,20.0,1,100.0
2024-01-23 23:00:00,EQ_B001,Compressor,6955.1,17.6,3.55,19.73,6.52,64.9,0,65.1
2024-01-23 23:00:00,EQ_B002,Water Pump,9414.0,17.8,6.43,14.0,2.82,25.5,1,100.0
2024-01-24 00:00:00,EQ_M001,Compressor,10669.5,20.0,8.0,21.59,7.13,20.0,1,100.0
2024-01-24 00:00:00,EQ_M002,Water Pump,12406.7,22.9,8.0,14.98,2.98,20.0,1,100.0
2024-01-24 00:00:00,EQ_M003,Air Handler,9841.7,18.4,7.07,14.85,3.05,20.0,1,100.0
2024-01-24 00:00:00,EQ_B001,Compressor,6955.9,19.1,4.48,21.73,6.27,62.1,0,67.9
2024-01-24 00:00:00,EQ_B002,Water Pump,9414.9,19.9,6.95,15.78,2.68,24.0,1,100.0
2024-01-24 01:00:00,EQ_M001,Compressor,10670.3,21.2,7.62,19.83,6.59,20.0,1,100.0
2024-01-24 01:00:00,EQ_M002,Water Pump,12407.5,24.0,8.0,15.12,3.09,20.0,1,100.0
2024-01-24 01:00:00,EQ_M003,Air Handler,9842.6,18.5,7.93,15.36,3.3,20.0,1,100.0
2024-01-24 01:00:00,EQ_B001,Compressor,6956.5,21.3,4.31,23.06,6.73,62.6,0,67.4
2024-01-24 01:00:00,EQ_B002,Water Pump,9415.9,18.5,6.68,15.4,3.1,24.8,1,100.0
2024-01-24 02:00:00,EQ_M001,Compressor,10671.2,20.6,8.0,24.97,6.1,20.0,1,100.0
2024-01-24 02:00:00,EQ_M002,Water Pump,12408.4,24.8,8.0,14.47,3.07,20.0,1,100.0
2024-01-24 02:00:00,EQ_M003,Air Handler,9843.4,17.8,6.83,15.5,2.86,20.0,1,100.0
2024-01-24 02:00:00,EQ_B001,Compressor,6957.1,19.1,4.37,22.76,6.6,62.4,0,67.6
2024-01-24 02:00:00,EQ_B002,Water Pump,9416.8,18.9,6.5,13.36,2.74,25.3,1,100.0
2024-01-24 03:00:00,EQ_M001,Compressor,10672.2,18.9,7.97,23.16,5.91,20.0,1,100.0
2024-01-24 03:00:00,EQ_M002,Water Pump,12409.3,22.6,8.0,17.85,2.86,20.0,1,100.0
2024-01-24 03:00:00,EQ_M003,Air Handler,9844.1,18.5,7.25,16.22,2.93,20.0,1,100.0
2024-01-24 03:00:00,EQ_B001,Compressor,6957.9,18.5,4.06,23.98,6.62,63.3,0,66.7
2024-01-24 03:00:00,EQ_B002,Water Pump,9417.4,19.4,6.97,15.85,2.91,23.9,1,100.0
2024-01-24 04:00:00,EQ_M001,Compressor,10672.9,21.3,8.0,18.28,7.19,20.0,1,100.0
2024-01-24 04:00:00,EQ_M002,Water Pump,12410.1,26.2,8.0,14.08,3.15,20.0,1,100.0
2024-01-24 04:00:00,EQ_M003,Air Handler,9844.9,17.7,7.52,15.87,2.87,20.0,1,100.0
2024-01-24 04:00:00,EQ_B001,Compressor,6958.9,17.9,4.36,22.99,7.17,62.4,0,67.6
2024-01-24 04:00:00,EQ_B002,Water Pump,9418.2,19.6,7.01,15.95,2.83,23.7,1,100.0
2024-01-24 05:00:00,EQ_M001,Compressor,10673.4,20.2,8.0,20.13,7.04,20.0,1,100.0
2024-01-24 05:00:00,EQ_M002,Water Pump,12410.6,22.7,8.0,14.95,3.06,20.0,1,100.0
2024-01-24 05:00:00,EQ_M003,Air Handler,9845.6,18.5,7.74,17.81,3.2,20.0,1,100.0
2024-01-24 05:00:00,EQ_B001,Compressor,6959.5,19.1,4.24,22.79,6.43,62.8,0,67.2
2024-01-24 05:00:00,EQ_B002,Water Pump,9419.0,20.1,7.03,15.75,2.89,23.7,1,100.0
2024-01-24 06:00:00,EQ_M001,Compressor,10674.3,19.5,7.93,21.66,6.17,20.0,1,100.0
2024-01-24 06:00:00,EQ_M002,Water Pump,12411.3,22.6,8.0,15.78,3.14,20.0,1,100.0
2024-01-24 06:00:00,EQ_M003,Air Handler,9846.3,18.3,7.65,16.15,2.98,20.0,1,100.0
2024-01-24 06:00:00,EQ_B001,Compressor,6960.3,19.8,4.57,22.3,6.11,61.8,0,68.2
2024-01-24 06:00:00,EQ_B002,Water Pump,9419.5,20.2,7.2,12.38,2.77,23.2,1,100.0
2024-01-24 07:00:00,EQ_M001,Compressor,10675.0,19.9,8.0,24.71,6.69,20.0,1,100.0
2024-01-24 07:00:00,EQ_M002,Water Pump,12412.1,22.3,8.0,14.38,3.2,20.0,1,100.0
2024-01-24 07:00:00,EQ_M003,Air Handler,9847.1,19.7,7.56,16.0,2.97,20.0,1,100.0
2024-01-24 07:00:00,EQ_B001,Compressor,6961.3,18.3,4.77,21.32,6.7,61.2,0,68.8
2024-01-24 07:00:00,EQ_B002,Water Pump,9420.1,19.7,6.31,15.37,2.96,25.8,1,100.0
2024-01-24 08:00:00,EQ_M001,Compressor,10675.5,20.4,8.0,23.47,6.19,20.0,1,100.0
2024-01-24 08:00:00,EQ_M002,Water Pump,12413.1,22.3,8.0,16.04,2.83,20.0,1,100.0
2024-01-24 08:00:00,EQ_M003,Air Handler,9847.8,19.8,7.92,11.08,2.82,20.0,1,100.0
2024-01-24 08:00:00,EQ_B001,Compressor,6961.8,20.5,4.51,24.58,6.49,61.9,0,68.1
2024-01-24 08:00:00,EQ_B002,Water Pump,9420.8,17.9,7.12,15.24,3.16,23.4,1,100.0
2024-01-24 09:00:00,EQ_M001,Compressor,10676.5,20.8,8.0,21.54,6.35,20.0,1,100.0
2024-01-24 09:00:00,EQ_M002,Water Pump,12414.1,25.8,8.0,15.63,2.77,20.0,1,100.0
2024-01-24 09:00:00,EQ_M003,Air Handler,9848.7,19.6,6.73,12.85,2.9,20.0,1,100.0
2024-01-24 09:00:00,EQ_B001,Compressor,6962.6,19.0,4.89,24.01,7.06,60.8,0,69.2
2024-01-24 09:00:00,EQ_B002,Water Pump,9421.4,19.0,6.84,14.53,3.03,24.2,1,100.0
2024-01-24 10:00:00,EQ_M001,Compressor,10677.3,21.6,7.69,23.18,6.45,20.0,1,100.0
2024-01-24 10:00:00,EQ_M002,Water Pump,12414.8,26.1,8.0,12.15,3.0,20.0,1,100.0
2024-01-24 10:00:00,EQ_M003,Air Handler,9849.5,17.7,6.72,16.83,2.92,20.0,1,100.0
2024-01-24 10:00:00,EQ_B001,Compressor,6963.5,19.5,3.96,23.12,7.08,63.6,0,66.4
2024-01-24 10:00:00,EQ_B002,Water Pump,9422.4,19.0,6.78,15.28,3.09,24.4,1,100.0
2024-01-24 11:00:00,EQ_M001,Compressor,10678.0,20.9,7.87,16.69,7.3,20.0,1,100.0
2024-01-24 11:00:00,EQ_M002,Water Pump,12415.8,23.0,8.0,14.28,2.95,20.0,1,100.0
2024-01-24 11:00:00,EQ_M003,Air Handler,9850.3,18.6,7.59,13.47,2.64,20.0,1,100.0
2024-01-24 11:00:00,EQ_B001,Compressor,6964.0,18.3,4.48,20.32,5.97,62.0,0,68.0
2024-01-24 11:00:00,EQ_B002,Water Pump,9423.0,19.2,7.07,12.71,2.67,23.5,1,100.0
2024-01-24 12:00:00,EQ_M001,Compressor,10678.9,17.6,7.73,24.43,6.34,20.0,1,100.0
2024-01-24 12:00:00,EQ_M002,Water Pump,12416.6,23.5,8.0,17.04,3.12,20.0,1,100.0
2024-01-24 12:00:00,EQ_M003,Air Handler,9851.1,18.7,7.28,19.02,2.97,20.0,1,100.0
2024-01-24 12:00:00,EQ_B001,Compressor,6964.7,18.9,4.16,21.18,6.61,63.0,0,67.0
2024-01-24 12:00:00,EQ_B002,Water Pump,9423.9,20.2,6.8,13.42,3.12,24.3,1,100.0
2024-01-24 13:00:00,EQ_M001,Compressor,10679.4,20.5,8.0,22.22,6.35,20.0,1,100.0
2024-01-24 13:00:00,EQ_M002,Water Pump,12417.3,23.6,8.0,13.62,2.74,20.0,1,100.0
2024-01-24 13:00:00,EQ_M003,Air Handler,9852.0,18.5,7.17,15.11,2.54,20.0,1,100.0
2024-01-24 13:00:00,EQ_B001,Compressor,6965.5,18.4,4.42,21.14,7.0,62.2,0,67.8
2024-01-24 13:00:00,EQ_B002,Water Pump,9424.8,20.0,7.09,16.94,2.92,23.4,1,100.0
2024-01-24 14:00:00,EQ_M001,Compressor,10680.3,19.5,8.0,23.45,6.36,20.0,1,100.0
2024-01-24 14:00:00,EQ_M002,Water Pump,12418.1,22.2,8.0,14.22,3.08,20.0,1,100.0
2024-01-24 14:00:00,EQ_M003,Air Handler,9852.6,19.7,7.42,13.22,2.9,20.0,1,100.0
2024-01-24 14:00:00,EQ_B001,Compressor,6966.2,18.9,4.48,22.26,6.59,62.0,0,68.0
2024-01-24 14:00:00,EQ_B002,Water Pump,9425.6,19.9,6.89,13.28,2.78,24.0,1,100.0
2024-01-24 15:00:00,EQ_M001,Compressor,10681.0,20.3,8.0,22.14,6.54,20.0,1,100.0
2024-01-24 15:00:00,EQ_M002,Water Pump,12418.6,24.0,8.0,11.65,3.19,20.0,1,100.0
2024-01-24 15:00:00,EQ_M003,Air Handler,9853.3,19.7,7.24,15.34,2.96,20.0,1,100.0
2024-01-24 15:00:00,EQ_B001,Compressor,6967.0,20.6,4.31,22.88,6.72,62.5,0,67.5
2024-01-24 15:00:00,EQ_B002,Water Pump,9426.1,19.4,6.42,15.27,2.84,25.4,1,100.0
2024-01-24 16:00:00,EQ_M001,Compressor,10681.9,22.7,7.94,22.47,6.49,20.0,1,100.0
2024-01-24 16:00:00,EQ_M002,Water Pump,12419.4,24.7,8.0,13.67,3.11,20.0,1,100.0
2024-01-24 16:00:00,EQ_M003,Air Handler,9854.3,19.8,7.28,14.0,2.78,20.0,1,100.0
2024-01-24 16:00:00,EQ_B001,Compressor,6967.6,19.0,4.55,20.29,6.43,61.8,0,68.2
2024-01-24 16:00:00,EQ_B002,Water Pump,9426.9,19.2,6.56,11.93,2.97,25.0,1,100.0
2024-01-24 17:00:00,EQ_M001,Compressor,10682.8,21.4,8.0,20.56,6.58,20.0,1,100.0
2024-01-24 17:00:00,EQ_M002,Water Pump,12420.0,24.5,8.0,13.03,3.1,20.0,1,100.0
2024-01-24 17:00:00,EQ_M003,Air Handler,9855.1,18.6,7.67,12.3,3.13,20.0,1,100.0
2024-01-24 17:00:00,EQ_B001,Compressor,6968.2,20.1,4.44,23.5,6.35,62.1,0,67.9
2024-01-24 17:00:00,EQ_B002,Water Pump,9427.9,19.8,7.09,13.85,3.41,23.4,1,100.0
2024-01-24 18:00:00,EQ_M001,Compressor,10683.4,21.8,7.96,20.25,7.0,20.0,1,100.0
2024-01-24 18:00:00,EQ_M002,Water Pump,12420.6,22.8,8.0,16.08,3.13,20.0,1,100.0
2024-01-24 18:00:00,EQ_M003,Air Handler,9855.8,18.7,7.36,16.4,2.88,20.0,1,100.0
2024-01-24 18:00:00,EQ_B001,Compressor,6969.0,19.0,4.56,23.8,6.58,61.7,0,68.3
2024-01-24 18:00:00,EQ_B002,Water Pump,9428.8,19.0,6.84,15.28,2.91,24.1,1,100.0
2024-01-24 19:00:00,EQ_M001,Compressor,10684.0,19.5,8.0,21.34,6.58,20.0,1,100.0
2024-01-24 19:00:00,EQ_M002,Water Pump,12421.2,24.2,8.0,17.18,3.26,20.0,1,100.0
2024-01-24 19:00:00,EQ_M003,Air Handler,9856.7,20.3,7.57,14.27,2.94,20.0,1,100.0
2024-01-24 19:00:00,EQ_B001,Compressor,6969.8,18.6,4.46,29.66,6.78,62.0,0,68.0
2024-01-24 19:00:00,EQ_B002,Water Pump,9429.4,17.2,7.07,13.31,2.75,23.4,1,100.0
2024-01-24 20:00:00,EQ_M001,Compressor,10685.0,20.1,8.0,23.27,6.45,20.0,1,100.0
2024-01-24 20:00:00,EQ_M002,Water Pump,12421.8,23.2,8.0,15.69,3.27,20.0,1,100.0
2024-01-24 20:00:00,EQ_M003,Air Handler,9857.6,20.2,6.66,17.47,2.76,20.0,1,100.0
2024-01-24 20:00:00,EQ_B001,Compressor,6970.6,18.7,4.74,19.32,6.32,61.2,0,68.8
2024-01-24 20:00:00,EQ_B002,Water Pump,9429.9,16.8,7.26,13.74,2.91,22.8,1,100.0
2024-01-24 21:00:00,EQ_M001,Compressor,10685.8,20.7,8.0,22.46,6.88,20.0,1,100.0
2024-01-24 21:00:00,EQ_M002,Water Pump,12422.6,23.8,8.0,15.35,2.88,20.0,1,100.0
2024-01-24 21:00:00,EQ_M003,Air Handler,9858.1,20.0,6.88,13.92,2.59,20.0,1,100.0
2024-01-24 21:00:00,EQ_B001,Compressor,6971.3,19.7,4.51,19.09,6.93,61.8,0,68.2
2024-01-24 21:00:00,EQ_B002,Water Pump,9430.9,18.3,7.68,16.44,2.75,21.6,1,100.0
2024-01-24 22:00:00,EQ_M001,Compressor,10686.5,18.3,8.0,20.82,6.72,20.0,1,100.0
2024-01-24 22:00:00,EQ_M002,Water Pump,12423.3,24.1,8.0,15.32,2.94,20.0,1,100.0
2024-01-24 22:00:00,EQ_M003,Air Handler,9859.0,19.2,7.47,18.53,2.76,20.0,1,100.0
2024-01-24 22:00:00,EQ_B001,Compressor,6972.2,19.5,4.4,18.62,5.96,62.1,0,67.9
2024-01-24 22:00:00,EQ_B002,Water Pump,9431.4,19.7,6.72,14.36,3.0,24.5,1,100.0
2024-01-24 23:00:00,EQ_M001,Compressor,10687.1,20.2,8.0,23.25,6.21,20.0,1,100.0
2024-01-24 23:00:00,EQ_M002,Water Pump,12424.2,23.5,8.0,14.23,3.18,20.0,1,100.0
2024-01-24 23:00:00,EQ_M003,Air Handler,9859.7,20.0,7.73,13.88,3.15,20.0,1,100.0
2024-01-24 23:00:00,EQ_B001,Compressor,6972.9,19.8,4.74,24.33,6.39,61.1,0,68.9
2024-01-24 23:00:00,EQ_B002,Water Pump,9432.4,19.0,7.11,15.9,2.76,23.3,1,100.0
2024-01-25 00:00:00,EQ_M001,Compressor,10688.0,20.9,8.0,22.9,6.39,20.0,1,100.0
2024-01-25 00:00:00,EQ_M002,Water Pump,12424.7,24.3,8.0,15.24,2.99,20.0,1,100.0
2024-01-25 00:00:00,EQ_M003,Air Handler,9860.6,17.9,7.33,17.37,3.18,20.0,1,100.0
2024-01-25 00:00:00,EQ_B001,Compressor,6973.6,19.3,4.32,21.28,6.42,62.4,0,67.6
2024-01-25 00:00:00,EQ_B002,Water Pump,9433.3,19.6,6.96,16.3,2.9,23.7,1,100.0
2024-01-25 01:00:00,EQ_M001,Compressor,10688.9,20.6,8.0,22.14,6.19,20.0,1,100.0
2024-01-25 01:00:00,EQ_M002,Water Pump,12425.5,25.0,8.0,15.01,2.94,20.0,1,100.0
2024-01-25 01:00:00,EQ_M003,Air Handler,9861.2,20.0,7.79,13.75,2.92,20.0,1,100.0
2024-01-25 01:00:00,EQ_B001,Compressor,6974.4,19.0,4.39,23.97,6.48,62.2,0,67.8
2024-01-25 01:00:00,EQ_B002,Water Pump,9434.0,17.9,7.07,14.29,3.1,23.4,1,100.0
2024-01-25 02:00:00,EQ_M001,Compressor,10689.8,20.2,8.0,21.93,6.34,20.0,1,100.0
2024-01-25 02:00:00,EQ_M002,Water Pump,12426.1,23.7,8.0,15.67,2.97,20.0,1,100.0
2024-01-25 02:00:00,EQ_M003,Air Handler,9861.8,19.0,7.09,14.62,2.52,20.0,1,100.0
2024-01-25 02:00:00,EQ_B001,Compressor,6974.9,17.4,4.44,22.56,6.51,62.0,0,68.0
2024-01-25 02:00:00,EQ_B002,Water Pump,9435.0,18.7,6.71,13.3,3.2,24.4,1,100.0
2024-01-25 03:00:00,EQ_M001,Compressor,10690.4,17.8,8.0,24.03,6.77,20.0,1,100.0
2024-01-25 03:00:00,EQ_M002,Water Pump,12426.8,23.3,8.0,13.77,3.24,20.0,1,100.0
2024-01-25 03:00:00,EQ_M003,Air Handler,9862.4,19.0,7.05,16.53,3.35,20.0,1,100.0
2024-01-25 03:00:00,EQ_B001,Compressor,6975.8,19.9,4.46,23.46,6.63,61.9,0,68.1
2024-01-25 03:00:00,EQ_B002,Water Pump,9435.6,19.6,7.1,15.04,3.09,23.3,1,100.0
2024-01-25 04:00:00,EQ_M001,Compressor,10691.0,19.6,8.0,22.64,6.9,20.0,1,100.0
2024-01-25 04:00:00,EQ_M002,Water Pump,12427.4,23.1,8.0,12.58,3.17,20.0,1,100.0
2024-01-25 04:00:00,EQ_M003,Air Handler,9863.2,17.7,7.49,15.6,3.47,20.0,1,100.0
2024-01-25 04:00:00,EQ_B001,Compressor,6976.4,17.8,4.56,21.04,6.49,61.6,0,68.4
2024-01-25 04:00:00,EQ_B002,Water Pump,9436.2,19.5,6.69,10.83,3.03,24.5,1,100.0
2024-01-25 05:00:00,EQ_M001,Compressor,10692.0,18.9,8.0,19.71,6.67,20.0,1,100.0
2024-01-25 05:00:00,EQ_M002,Water Pump,12428.3,23.7,8.0,13.87,3.22,20.0,1,100.0
2024-01-25 05:00:00,EQ_M003,Air Handler,9863.9,17.9,7.59,16.5,3.38,20.0,1,100.0
2024-01-25 05:00:00,EQ_B001,Compressor,6977.3,20.0,4.79,23.45,6.16,60.9,0,69.1
2024-01-25 05:00:00,EQ_B002,Water Pump,9436.8,20.0,7.19,14.44,2.99,23.0,1,100.0
2024-01-25 06:00:00,EQ_M001,Compressor,10692.7,21.1,8.0,20.74,6.08,20.0,1,100.0
2024-01-25 06:00:00,EQ_M002,Water Pump,12429.2,25.6,8.0,15.84,3.2,20.0,1,100.0
2024-01-25 06:00:00,EQ_M003,Air Handler,9864.5,20.8,7.16,15.93,2.93,20.0,1,100.0
2024-01-25 06:00:00,EQ_B001,Compressor,6978.2,19.7,4.57,17.84,7.17,61.6,0,68.4
2024-01-25 06:00:00,EQ_B002,Water Pump,9437.8,18.4,6.49,13.8,2.96,25.0,1,100.0
2024-01-25 07:00:00,EQ_M001,Compressor,10693.3,21.3,8.0,23.23,6.93,20.0,1,100.0
2024-01-25 07:00:00,EQ_M002,Water Pump,12430.1,22.5,8.0,16.47,2.89,20.0,1,100.0
2024-01-25 07:00:00,EQ_M003,Air Handler,9865.3,18.6,7.94,13.52,2.99,20.0,1,100.0
2024-01-25 07:00:00,EQ_B001,Compressor,6978.7,18.1,4.53,23.22,6.6,61.7,0,68.3
2024-01-25 07:00:00,EQ_B002,Water Pump,9438.6,18.6,6.51,14.02,2.71,25.0,1,100.0
2024-01-25 08:00:00,EQ_M001,Compressor,10694.0,20.9,8.0,23.95,5.91,20.0,1,100.0
2024-01-25 08:00:00,EQ_M002,Water Pump,12430.6,23.5,8.0,16.0,3.3,20.0,1,100.0
2024-01-25 08:00:00,EQ_M003,Air Handler,9866.3,19.1,7.26,14.06,2.93,20.0,1,100.0
2024-01-25 08:00:00,EQ_B001,Compressor,6979.7,18.6,4.36,18.3,6.65,62.2,0,67.8
2024-01-25 08:00:00,EQ_B002,Water Pump,9439.3,16.6,7.15,15.3,3.28,23.1,1,100.0
2024-01-25 09:00:00,EQ_M001,Compressor,10694.5,21.6,8.0,20.15,6.81,20.0,1,100.0
2024-01-25 09:00:00,EQ_M002,Water Pump,12431.2,24.5,8.0,13.58,2.75,20.0,1,100.0
2024-01-25 09:00:00,EQ_M003,Air Handler,9866.9,17.6,7.3,14.39,2.88,20.0,1,100.0
2024-01-25 09:00:00,EQ_B001,Compressor,6980.3,20.2,4.56,21.57,6.42,61.6,0,68.4
2024-01-25 09:00:00,EQ_B002,Water Pump,9439.9,16.9,6.9,14.19,2.72,23.8,1,100.0
2024-01-25 10:00:00,EQ_M001,Compressor,10695.5,19.4,8.0,27.11,6.54,20.0,1,100.0
2024-01-25 10:00:00,EQ_M002,Water Pump,12431.9,22.9,8.0,17.18,3.03,20.0,1,100.0
2024-01-25 10:00:00,EQ_M003,Air Handler,9867.6,18.2,7.35,14.5,3.27,20.0,1,100.0
2024-01-25 10:00:00,EQ_B001,Compressor,6981.1,18.1,4.53,24.45,6.87,61.6,0,68.4
2024-01-25 10:00:00,EQ_B002,Water Pump,9440.6,18.1,6.74,13.46,2.93,24.3,1,100.0
2024-01-25 11:00:00,EQ_M001,Compressor,10696.3,21.1,8.0,21.73,6.5,20.0,1,100.0
2024-01-25 11:00:00,EQ_M002,Water Pump,12432.8,24.2,8.0,14.76,2.87,20.0,1,100.0
2024-01-25 11:00:00,EQ_M003,Air Handler,9868.2,16.9,7.06,14.29,2.83,20.0,1,100.0
2024-01-25 11:00:00,EQ_B001,Compressor,6981.6,18.5,4.64,22.02,6.34,61.3,0,68.7
2024-01-25 11:00:00,EQ_B002,Water Pump,9441.5,19.1,7.19,15.39,2.78,22.9,1,100.0
2024-01-25 12:00:00,EQ_M001,Compressor,10697.2,21.0,8.0,22.31,6.27,20.0,1,100.0
2024-01-25 12:00:00,EQ_M002,Water Pump,12433.3,23.5,8.0,18.96,2.95,20.0,1,100.0
2024-01-25 12:00:00,EQ_M003,Air Handler,9869.2,19.0,7.74,14.51,3.15,20.0,1,100.0
2024-01-25 12:00:00,EQ_B001,Compressor,6982.5,18.7,4.52,21.74,6.65,61.7,0,68.3
2024-01-25 12:00:00,EQ_B002,Water Pump,9442.3,18.9,6.78,16.7,2.99,24.1,1,100.0
2024-01-25 13:00:00,EQ_M001,Compressor,10697.7,22.0,8.0,23.1,6.22,20.0,1,100.0
2024-01-25 13:00:00,EQ_M002,Water Pump,12434.1,22.5,8.0,15.25,2.61,20.0,1,100.0
2024-01-25 13:00:00,EQ_M003,Air Handler,9870.2,17.4,7.6,14.49,3.11,20.0,1,100.0
2024-01-25 13:00:00,EQ_B001,Compressor,6983.2,18.9,4.27,19.36,6.52,62.4,0,67.6
2024-01-25 13:00:00,EQ_B002,Water Pump,9443.1,18.3,6.98,12.09,2.96,23.5,1,100.0
2024-01-25 14:00:00,EQ_M001,Compressor,10698.3,21.2,8.0,20.68,6.64,20.0,1,100.0
2024-01-25 14:00:00,EQ_M002,Water Pump,12434.8,22.3,8.0,14.21,3.44,20.0,1,100.0
2024-01-25 14:00:00,EQ_M003,Air Handler,9871.0,17.9,7.58,16.2,2.8,20.0,1,100.0
2024-01-25 14:00:00,EQ_B001,Compressor,6984.0,19.6,4.33,23.31,6.03,62.2,0,67.8
2024-01-25 14:00:00,EQ_B002,Water Pump,9443.7,18.7,7.17,13.44,3.21,22.9,1,100.0
2024-01-25 15:00:00,EQ_M001,Compressor,10699.0,20.1,8.0,19.48,6.37,20.0,1,100.0
2024-01-25 15:00:00,EQ_M002,Water Pump,12435.4,25.3,8.0,16.56,3.1,20.0,1,100.0
2024-01-25 15:00:00,EQ_M003,Air Handler,9871.8,20.6,7.01,12.3,3.22,20.0,1,100.0
2024-01-25 15:00:00,EQ_B001,Compressor,6984.8,19.6,4.02,23.86,6.44,63.1,0,66.9
2024-01-25 15:00:00,EQ_B002,Water Pump,9444.3,17.8,7.25,15.83,2.81,22.7,1,100.0
2024-01-25 16:00:00,EQ_M001,Compressor,10699.6,20.0,8.0,22.03,6.78,20.0,1,100.0
2024-01-25 16:00:00,EQ_M002,Water Pump,12436.2,23.0,8.0,16.05,3.15,20.0,1,100.0
2024-01-25 16:00:00,EQ_M003,Air Handler,9872.4,18.3,6.6,14.46,3.26,20.0,1,100.0
2024-01-25 16:00:00,EQ_B001,Compressor,6985.4,17.5,4.56,22.91,6.42,61.5,0,68.5
2024-01-25 16:00:00,EQ_B002,Water Pump,9445.2,18.6,7.21,15.52,3.23,22.8,1,100.0
2024-01-25 17:00:00,EQ_M001,Compressor,10700.5,20.6,7.7,22.52,6.59,20.0,1,100.0
2024-01-25 17:00:00,EQ_M002,Water Pump,12436.9,22.6,8.0,16.89,3.22,20.0,1,100.0
2024-01-25 17:00:00,EQ_M003,Air Handler,9873.4,17.2,6.95,16.07,3.1,20.0,1,100.0
2024-01-25 17:00:00,EQ_B001,Compressor,6986.3,18.6,4.93,22.08,6.69,60.4,0,69.6
2024-01-25 17:00:00,EQ_B002,Water Pump,9446.0,17.7,6.9,14.4,2.8,23.7,1,100.0
2024-01-25 18:00:00,EQ_M001,Compressor,10701.4,21.5,7.92,22.96,6.63,20.0,1,100.0
2024-01-25 18:00:00,EQ_M002,Water Pump,12437.5,22.6,8.0,13.68,2.95,20.0,1,100.0
2024-01-25 18:00:00,EQ_M003,Air Handler,9874.1,17.5,7.13,16.5,3.23,20.0,1,100.0
2024-01-25 18:00:00,EQ_B001,Compressor,6987.0,16.6,4.71,20.79,6.05,61.0,0,69.0
2024-01-25 18:00:00,EQ_B002,Water Pump,9446.7,16.6,7.01,14.99,3.29,23.4,1,100.0
2024-01-25 19:00:00,EQ_M001,Compressor,10702.3,20.5,8.0,20.4,6.55,20.0,1,100.0
2024-01-25 19:00:00,EQ_M002,Water Pump,12438.0,24.0,8.0,11.74,3.22,20.0,1,100.0
2024-01-25 19:00:00,EQ_M003,Air Handler,9874.9,17.2,6.96,15.57,3.05,20.0,1,100.0
2024-01-25 19:00:00,EQ_B001,Compressor,6987.8,19.4,4.69,22.1,6.49,61.1,0,68.9
2024-01-25 19:00:00,EQ_B002,Water Pump,9447.5,19.0,6.58,13.46,2.57,24.7,1,100.0
2024-01-25 20:00:00,EQ_M001,Compressor,10703.0,20.7,8.0,18.17,6.61,20.0,1,100.0
2024-01-25 20:00:00,EQ_M002,Water Pump,12438.9,24.6,8.0,10.21,2.75,20.0,1,100.0
2024-01-25 20:00:00,EQ_M003,Air Handler,9875.6,19.0,7.73,16.67,2.63,20.0,1,100.0
2024-01-25 20:00:00,EQ_B001,Compressor,6988.6,17.0,4.84,23.75,6.32,60.6,0,69.4
2024-01-25 20:00:00,EQ_B002,Water Pump,9448.0,18.7,6.59,14.44,3.06,24.6,1,100.0
2024-01-25 21:00:00,EQ_M001,Compressor,10703.9,20.8,8.0,23.31,6.46,20.0,1,100.0
2024-01-25 21:00:00,EQ_M002,Water Pump,12439.5,22.4,8.0,15.96,3.06,20.0,1,100.0
2024-01-25 21:00:00,EQ_M003,Air Handler,9876.5,17.7,7.66,18.23,3.19,20.0,1,100.0
2024-01-25 21:00:00,EQ_B001,Compressor,6989.2,17.1,4.43,24.81,6.6,61.9,0,68.1
2024-01-25 21:00:00,EQ_B002,Water Pump,9448.9,18.2,6.74,16.79,3.07,24.2,1,100.0
2024-01-25 22:00:00,EQ_M001,Compressor,10704.9,18.5,7.71,23.45,6.26,20.0,1,100.0
2024-01-25 22:00:00,EQ_M002,Water Pump,12440.1,23.2,8.0,16.05,3.08,20.0,1,100.0
2024-01-25 22:00:00,EQ_M003,Air Handler,9877.3,19.7,7.5,14.74,3.29,20.0,1,100.0
2024-01-25 22:00:00,EQ_B001,Compressor,6990.0,16.2,5.06,23.3,6.7,59.9,0,70.1
2024-01-25 22:00:00,EQ_B002,Water Pump,9449.5,18.9,6.98,15.2,3.23,23.5,1,100.0
2024-01-25 23:00:00,EQ_M001,Compressor,10705.7,19.5,8.0,23.91,6.04,20.0,1,100.0
2024-01-25 23:00:00,EQ_M002,Water Pump,12440.6,23.7,8.0,13.32,3.14,20.0,1,100.0
2024-01-25 23:00:00,EQ_M003,Air Handler,9877.8,19.5,7.47,16.51,3.29,20.0,1,100.0
2024-01-25 23:00:00,EQ_B001,Compressor,6990.5,19.1,4.38,22.9,6.09,62.0,0,68.0
2024-01-25 23:00:00,EQ_B002,Water Pump,9450.1,18.6,6.97,15.42,3.19,23.5,1,100.0
2024-01-26 00:00:00,EQ_M001,Compressor,10706.6,19.3,8.0,21.42,6.15,20.0,1,100.0
2024-01-26 00:00:00,EQ_M002,Water Pump,12441.5,23.1,8.0,15.28,3.0,20.0,1,100.0
2024-01-26 00:00:00,EQ_M003,Air Handler,9878.3,18.9,7.61,17.2,3.1,20.0,1,100.0
2024-01-26 00:00:00,EQ_B001,Compressor,6991.2,18.0,4.49,22.41,6.45,61.6,0,68.4
2024-01-26 00:00:00,EQ_B002,Water Pump,9450.6,17.7,7.0,15.82,2.93,23.4,1,100.0
2024-01-26 01:00:00,EQ_M001,Compressor,10707.2,20.5,8.0,22.58,6.21,20.0,1,100.0
2024-01-26 01:00:00,EQ_M002,Water Pump,12442.4,23.2,8.0,14.7,2.95,20.0,1,100.0
2024-01-26 01:00:00,EQ_M003,Air Handler,9878.9,20.2,7.59,14.93,3.22,20.0,1,100.0
2024-01-26 01:00:00,EQ_B001,Compressor,6992.1,17.3,4.88,20.49,6.46,60.5,0,69.5
2024-01-26 01:00:00,EQ_B002,Water Pump,9451.5,18.0,7.36,15.22,2.69,22.3,1,100.0
2024-01-26 02:00:00,EQ_M001,Compressor,10707.9,21.2,8.0,21.33,6.31,20.0,1,100.0
2024-01-26 02:00:00,EQ_M002,Water Pump,12443.3,23.4,8.0,16.81,3.45,20.0,1,100.0
2024-01-26 02:00:00,EQ_M003,Air Handler,9879.4,17.0,7.49,13.85,3.11,20.0,1,100.0
2024-01-26 02:00:00,EQ_B001,Compressor,6992.7,17.5,4.37,23.93,6.75,62.0,0,68.0
2024-01-26 02:00:00,EQ_B002,Water Pump,9452.3,17.6,7.26,14.86,2.62,22.6,1,100.0
2024-01-26 03:00:00,EQ_M001,Compressor,10708.4,20.7,8.0,24.56,6.33,20.0,1,100.0
2024-01-26 03:00:00,EQ_M002,Water Pump,12444.0,21.4,8.0,15.13,3.04,20.0,1,100.0
2024-01-26 03:00:00,EQ_M003,Air Handler,9880.1,17.6,7.56,15.83,2.95,20.0,1,100.0
2024-01-26 03:00:00,EQ_B001,Compressor,6993.2,16.6,4.28,22.59,6.85,62.3,0,67.7
2024-01-26 03:00:00,EQ_B002,Water Pump,9453.3,20.5,6.98,17.81,2.67,23.4,1,100.0
2024-01-26 04:00:00,EQ_M001,Compressor,10709.3,21.1,7.89,23.17,6.39,20.0,1,100.0
2024-01-26 04:00:00,EQ_M002,Water Pump,12445.0,22.6,8.0,14.95,2.96,20.0,1,100.0
2024-01-26 04:00:00,EQ_M003,Air Handler,9880.9,17.7,6.91,16.57,3.15,20.0,1,100.0
2024-01-26 04:00:00,EQ_B001,Compressor,6993.8,20.8,4.79,22.2,6.43,60.7,0,69.3
2024-01-26 04:00:00,EQ_B002,Water Pump,9454.2,18.6,7.13,15.64,2.92,22.9,1,100.0
2024-01-26 05:00:00,EQ_M001,Compressor,10709.9,20.0,7.89,21.96,6.0,20.0,1,100.0
2024-01-26 05:00:00,EQ_M002,Water Pump,12445.9,23.0,8.0,14.89,3.11,20.0,1,100.0
2024-01-26 05:00:00,EQ_M003,Air Handler,9881.9,17.8,8.0,14.01,2.95,20.0,1,100.0
2024-01-26 05:00:00,EQ_B001,Compressor,6994.6,19.4,4.13,20.15,6.77,62.7,0,67.3
2024-01-26 05:00:00,EQ_B002,Water Pump,9454.9,18.9,7.09,14.0,2.96,23.0,1,100.0
2024-01-26 06:00:00,EQ_M001,Compressor,10710.7,21.0,8.0,24.17,6.42,20.0,1,100.0
2024-01-26 06:00:00,EQ_M002,Water Pump,12446.8,24.7,8.0,13.5,2.67,20.0,1,100.0
2024-01-26 06:00:00,EQ_M003,Air Handler,9882.5,18.1,6.95,14.33,3.21,20.0,1,100.0
2024-01-26 06:00:00,EQ_B001,Compressor,6995.5,18.6,4.19,23.06,6.98,62.5,0,67.5
2024-01-26 06:00:00,EQ_B002,Water Pump,9455.5,18.8,7.42,15.25,3.03,22.0,1,100.0
2024-01-26 07:00:00,EQ_M001,Compressor,10711.6,19.7,8.0,19.57,6.58,20.0,1,100.0
2024-01-26 07:00:00,EQ_M002,Water Pump,12447.4,24.6,8.0,15.52,3.1,20.0,1,100.0
2024-01-26 07:00:00,EQ_M003,Air Handler,9883.4,20.3,7.26,12.96,2.89,20.0,1,100.0
2024-01-26 07:00:00,EQ_B001,Compressor,6996.3,18.3,5.0,20.57,6.43,60.0,0,70.0
2024-01-26 07:00:00,EQ_B002,Water Pump,9456.1,16.8,6.89,14.94,2.94,23.6,1,100.0
2024-01-26 08:00:00,EQ_M001,Compressor,10712.3,20.9,8.0,19.3,6.62,20.0,1,100.0
2024-01-26 08:00:00,EQ_M002,Water Pump,12448.1,23.1,8.0,17.64,3.48,20.0,1,100.0
2024-01-26 08:00:00,EQ_M003,Air Handler,9884.4,18.8,7.09,14.09,2.76,20.0,1,100.0
2024-01-26 08:00:00,EQ_B001,Compressor,6996.9,19.3,4.44,19.75,6.81,61.7,0,68.3
2024-01-26 08:00:00,EQ_B002,Water Pump,9456.9,19.1,7.05,14.71,3.1,23.1,1,100.0
2024-01-26 09:00:00,EQ_M001,Compressor,10713.3,20.0,8.0,22.88,6.15,20.0,1,100.0
2024-01-26 09:00:00,EQ_M002,Water Pump,12449.0,24.0,8.0,16.13,3.07,20.0,1,100.0
2024-01-26 09:00:00,EQ_M003,Air Handler,9885.0,18.3,6.92,15.03,3.21,20.0,1,100.0
2024-01-26 09:00:00,EQ_B001,Compressor,6997.5,18.9,4.4,21.63,6.83,61.8,0,68.2
2024-01-26 09:00:00,EQ_B002,Water Pump,9457.9,19.7,6.3,16.68,2.88,25.4,1,100.0
2024-01-26 10:00:00,EQ_M001,Compressor,10714.1,19.0,8.0,22.43,6.83,20.0,1,100.0
2024-01-26 10:00:00,EQ_M002,Water Pump,12449.7,23.0,8.0,14.28,2.73,20.0,1,100.0
2024-01-26 10:00:00,EQ_M003,Air Handler,9885.9,20.1,7.53,12.44,2.9,20.0,1,100.0
2024-01-26 10:00:00,EQ_B001,Compressor,6998.2,18.3,4.68,22.83,6.84,61.0,0,69.0
2024-01-26 10:00:00,EQ_B002,Water Pump,9458.8,17.7,7.37,17.08,2.81,22.2,1,100.0
2024-01-26 11:00:00,EQ_M001,Compressor,10714.8,17.9,7.77,18.87,6.35,20.0,1,100.0
2024-01-26 11:00:00,EQ_M002,Water Pump,12450.2,23.9,8.0,16.35,3.26,20.0,1,100.0
2024-01-26 11:00:00,EQ_M003,Air Handler,9886.4,17.1,7.1,14.55,3.14,20.0,1,100.0
2024-01-26 11:00:00,EQ_B001,Compressor,6998.8,18.8,4.36,24.03,6.29,61.9,0,68.1
2024-01-26 11:00:00,EQ_B002,Water Pump,9459.7,18.4,6.66,13.46,3.28,24.3,1,100.0
2024-01-26 12:00:00,EQ_M001,Compressor,10715.6,20.4,8.0,21.06,6.68,20.0,1,100.0
2024-01-26 12:00:00,EQ_M002,Water Pump,12451.2,23.1,8.0,15.38,2.81,20.0,1,100.0
2024-01-26 12:00:00,EQ_M003,Air Handler,9887.0,19.5,7.76,16.13,2.99,20.0,1,100.0
2024-01-26 12:00:00,EQ_B001,Compressor,6999.7,17.9,4.12,20.83,6.31,62.7,0,67.3
2024-01-26 12:00:00,EQ_B002,Water Pump,9460.2,17.3,7.0,14.85,3.03,23.2,1,100.0
2024-01-26 13:00:00,EQ_M001,Compressor,10716.4,20.0,8.0,19.65,6.26,20.0,1,100.0
2024-01-26 13:00:00,EQ_M002,Water Pump,12451.8,22.2,8.0,15.41,3.03,20.0,1,100.0
2024-01-26 13:00:00,EQ_M003,Air Handler,9887.5,19.3,7.12,16.73,3.03,20.0,1,100.0
2024-01-26 13:00:00,EQ_B001,Compressor,7000.3,18.5,4.45,22.02,6.69,61.6,0,68.4
2024-01-26 13:00:00,EQ_B002,Water Pump,9461.1,17.0,6.73,17.09,2.89,24.0,1,100.0
2024-01-26 14:00:00,EQ_M001,Compressor,10716.9,21.0,8.0,22.5,6.4,20.0,1,100.0
2024-01-26 14:00:00,EQ_M002,Water Pump,12452.8,25.2,8.0,13.65,3.18,20.0,1,100.0
2024-01-26 14:00:00,EQ_M003,Air Handler,9888.1,16.7,7.46,16.34,3.1,20.0,1,100.0
2024-01-26 14:00:00,EQ_B001,Compressor,7001.0,19.8,4.77,20.41,5.86,60.7,0,69.3
2024-01-26 14:00:00,EQ_B002,Water Pump,9461.9,19.8,6.57,14.3,3.18,24.5,1,100.0
2024-01-26 15:00:00,EQ_M001,Compressor,10717.9,20.5,7.73,27.78,6.45,20.0,1,100.0
2024-01-26 15:00:00,EQ_M002,Water Pump,12453.8,23.0,8.0,16.57,3.04,20.0,1,100.0
2024-01-26 15:00:00,EQ_M003,Air Handler,9889.0,18.3,7.42,14.53,2.88,20.0,1,100.0
2024-01-26 15:00:00,EQ_B001,Compressor,7001.9,17.8,3.95,22.27,7.19,63.1,0,66.9
2024-01-26 15:00:00,EQ_B002,Water Pump,9462.6,17.3,6.89,12.69,2.84,23.5,1,100.0
2024-01-26 16:00:00,EQ_M001,Compressor,10718.8,20.0,8.0,23.79,6.62,20.0,1,100.0
2024-01-26 16:00:00,EQ_M002,Water Pump,12454.7,23.2,8.0,15.62,3.11,20.0,1,100.0
2024-01-26 16:00:00,EQ_M003,Air Handler,9889.8,18.0,7.2,16.78,2.83,20.0,1,100.0
2024-01-26 16:00:00,EQ_B001,Compressor,7002.5,18.3,4.5,22.16,6.12,61.5,0,68.5
2024-01-26 16:00:00,EQ_B002,Water Pump,9463.3,20.7,6.5,13.94,3.25,24.7,1,100.0
2024-01-26 17:00:00,EQ_M001,Compressor,10719.3,19.1,7.75,20.37,6.59,20.0,1,100.0
2024-01-26 17:00:00,EQ_M002,Water Pump,12455.2,23.4,8.0,14.82,2.98,20.0,1,100.0
2024-01-26 17:00:00,EQ_M003,Air Handler,9890.4,19.1,7.04,13.12,2.75,20.0,1,100.0
2024-01-26 17:00:00,EQ_B001,Compressor,7003.3,18.7,4.92,19.13,6.06,60.2,0,69.8
2024-01-26 17:00:00,EQ_B002,Water Pump,9463.8,20.8,6.83,13.75,2.8,23.7,1,100.0
2024-01-26 18:00:00,EQ_M001,Compressor,10720.0,21.2,8.0,21.2,6.59,20.0,1,100.0
2024-01-26 18:00:00,EQ_M002,Water Pump,12455.8,25.1,8.0,14.46,2.47,20.0,1,100.0
2024-01-26 18:00:00,EQ_M003,Air Handler,9891.3,18.6,7.33,15.18,3.04,20.0,1,100.0
2024-01-26 18:00:00,EQ_B001,Compressor,7004.3,16.9,3.79,18.85,6.38,63.6,0,66.4
2024-01-26 18:00:00,EQ_B002,Water Pump,9464.8,18.6,7.02,14.92,3.09,23.1,1,100.0
2024-01-26 19:00:00,EQ_M001,Compressor,10720.6,18.7,8.0,23.1,5.99,20.0,1,100.0
2024-01-26 19:00:00,EQ_M002,Water Pump,12456.8,24.2,8.0,12.8,2.97,20.0,1,100.0
2024-01-26 19:00:00,EQ_M003,Air Handler,9892.0,20.5,7.47,15.62,3.3,20.0,1,100.0
2024-01-26 19:00:00,EQ_B001,Compressor,7005.3,16.5,4.4,23.2,6.0,61.7,0,68.3
2024-01-26 19:00:00,EQ_B002,Water Pump,9465.8,16.8,6.63,14.85,3.11,24.3,1,100.0
2024-01-26 20:00:00,EQ_M001,Compressor,10721.4,21.2,8.0,24.57,6.02,20.0,1,100.0
2024-01-26 20:00:00,EQ_M002,Water Pump,12457.7,22.6,8.0,17.65,2.86,20.0,1,100.0
2024-01-26 20:00:00,EQ_M003,Air Handler,9892.9,19.6,7.15,16.2,2.71,20.0,1,100.0
2024-01-26 20:00:00,EQ_B001,Compressor,7006.2,18.0,4.53,19.67,6.16,61.3,0,68.7
2024-01-26 20:00:00,EQ_B002,Water Pump,9466.5,18.1,7.39,18.34,2.83,22.0,1,100.0
2024-01-26 21:00:00,EQ_M001,Compressor,10722.0,21.3,8.0,21.94,6.97,20.0,1,100.0
2024-01-26 21:00:00,EQ_M002,Water Pump,12458.5,23.2,8.0,12.64,2.89,20.0,1,100.0
2024-01-26 21:00:00,EQ_M003,Air Handler,9893.8,19.6,6.98,14.33,3.2,20.0,1,100.0
2024-01-26 21:00:00,EQ_B001,Compressor,7007.2,18.1,4.63,24.39,6.73,61.0,0,69.0
2024-01-26 21:00:00,EQ_B002,Water Pump,9467.4,18.4,7.41,14.21,3.06,21.9,1,100.0
2024-01-26 22:00:00,EQ_M001,Compressor,10722.9,18.6,7.97,25.02,6.76,20.0,1,100.0
2024-01-26 22:00:00,EQ_M002,Water Pump,12459.4,22.0,8.0,16.61,3.04,20.0,1,100.0
2024-01-26 22:00:00,EQ_M003,Air Handler,9894.8,18.6,6.63,14.66,2.99,20.0,1,100.0
2024-01-26 22:00:00,EQ_B001,Compressor,7008.1,17.0,4.74,22.83,6.35,60.7,0,69.3
2024-01-26 22:00:00,EQ_B002,Water Pump,9468.0,17.6,7.64,15.66,3.1,21.2,1,100.0
2024-01-26 23:00:00,EQ_M001,Compressor,10723.8,20.2,8.0,22.15,6.35,20.0,1,100.0
2024-01-26 23:00:00,EQ_M002,Water Pump,12460.2,23.3,8.0,16.15,2.89,20.0,1,100.0
2024-01-26 23:00:00,EQ_M003,Air Handler,9895.4,17.9,7.5,13.41,3.04,20.0,1,100.0
2024-01-26 23:00:00,EQ_B001,Compressor,7009.0,19.3,4.65,19.73,6.56,60.9,0,69.1
2024-01-26 23:00:00,EQ_B002,Water Pump,9468.7,19.7,7.2,15.1,2.93,22.5,1,100.0
2024-01-27 00:00:00,EQ_M001,Compressor,10724.6,18.8,8.0,21.15,6.02,20.0,1,100.0
2024-01-27 00:00:00,EQ_M002,Water Pump,12461.0,22.8,8.0,16.95,3.06,20.0,1,100.0
2024-01-27 00:00:00,EQ_M003,Air Handler,9896.3,18.4,6.86,14.27,2.83,20.0,1,100.0
2024-01-27 00:00:00,EQ_B001,Compressor,7009.7,18.8,4.52,23.69,6.37,61.3,0,68.7
2024-01-27 00:00:00,EQ_B002,Water Pump,9469.3,17.7,7.01,15.39,3.17,23.1,1,100.0
2024-01-27 01:00:00,EQ_M001,Compressor,10725.3,19.5,7.86,20.59,6.47,20.0,1,100.0
2024-01-27 01:00:00,EQ_M002,Water Pump,12461.8,22.5,8.0,15.11,2.61,20.0,1,100.0
2024-01-27 01:00:00,EQ_M003,Air Handler,9897.2,17.6,6.83,13.55,3.14,20.0,1,100.0
2024-01-27 01:00:00,EQ_B001,Compressor,7010.6,16.3,4.49,21.27,6.42,61.4,0,68.6
2024-01-27 01:00:00,EQ_B002,Water Pump,9469.8,17.4,6.82,16.21,3.06,23.7,1,100.0
2024-01-27 02:00:00,EQ_M001,Compressor,10725.8,19.5,8.0,24.62,6.33,20.0,1,100.0
2024-01-27 02:00:00,EQ_M002,Water Pump,12462.8,23.9,8.0,14.22,3.1,20.0,1,100.0
2024-01-27 02:00:00,EQ_M003,Air Handler,9897.8,18.0,7.18,15.41,3.17,20.0,1,100.0
2024-01-27 02:00:00,EQ_B001,Compressor,7011.3,19.5,4.94,24.29,6.37,60.0,0,70.0
2024-01-27 02:00:00,EQ_B002,Water Pump,9470.5,17.3,6.81,14.96,3.12,23.7,1,100.0
2024-01-27 03:00:00,EQ_M001,Compressor,10726.7,17.8,8.0,21.91,6.44,20.0,1,100.0
2024-01-27 03:00:00,EQ_M002,Water Pump,12463.5,22.1,8.0,16.14,3.14,20.0,1,100.0
2024-01-27 03:00:00,EQ_M003,Air Handler,9898.4,18.4,7.33,14.63,3.06,20.0,1,100.0
2024-01-27 03:00:00,EQ_B001,Compressor,7012.1,17.7,4.24,21.78,6.39,62.1,0,67.9
2024-01-27 03:00:00,EQ_B002,Water Pump,9471.0,18.3,7.05,13.18,3.24,23.0,1,100.0
2024-01-27 04:00:00,EQ_M001,Compressor,10727.4,18.0,8.0,23.38,6.23,20.0,1,100.0
2024-01-27 04:00:00,EQ_M002,Water Pump,12464.1,21.5,8.0,13.53,2.92,20.0,1,100.0
2024-01-27 04:00:00,EQ_M003,Air Handler,9899.3,18.7,7.2,17.93,3.18,20.0,1,100.0
2024-01-27 04:00:00,EQ_B001,Compressor,7012.8,17.9,4.45,24.7,6.38,61.5,0,68.5
2024-01-27 04:00:00,EQ_B002,Water Pump,9471.6,18.3,6.67,13.27,2.7,24.1,1,100.0
2024-01-27 05:00:00,EQ_M001,Compressor,10728.0,21.2,8.0,24.63,6.65,20.0,1,100.0
2024-01-27 05:00:00,EQ_M002,Water Pump,12464.6,22.6,8.0,16.84,2.91,20.0,1,100.0
2024-01-27 05:00:00,EQ_M003,Air Handler,9900.0,17.8,8.0,15.16,3.33,20.0,1,100.0
2024-01-27 05:00:00,EQ_B001,Compressor,7013.4,18.7,4.29,20.03,6.57,62.0,0,68.0
2024-01-27 05:00:00,EQ_B002,Water Pump,9472.4,17.8,7.5,14.48,3.05,21.6,1,100.0
2024-01-27 06:00:00,EQ_M001,Compressor,10728.7,19.6,8.0,23.53,6.69,20.0,1,100.0
2024-01-27 06:00:00,EQ_M002,Water Pump,12465.3,22.5,8.0,14.16,2.97,20.0,1,100.0
2024-01-27 06:00:00,EQ_M003,Air Handler,9900.6,18.9,7.31,13.38,3.17,20.0,1,100.0
2024-01-27 06:00:00,EQ_B001,Compressor,7014.0,18.8,4.23,19.5,6.56,62.1,0,67.9
2024-01-27 06:00:00,EQ_B002,Water Pump,9473.0,17.3,7.21,12.6,2.99,22.5,1,100.0
2024-01-27 07:00:00,EQ_M001,Compressor,10729.6,21.0,7.92,20.18,6.33,20.0,1,100.0
2024-01-27 07:00:00,EQ_M002,Water Pump,12465.9,24.4,8.0,17.8,3.09,20.0,1,100.0
2024-01-27 07:00:00,EQ_M003,Air Handler,9901.4,19.2,7.53,14.34,2.62,20.0,1,100.0
2024-01-27 07:00:00,EQ_B001,Compressor,7014.7,18.2,4.45,21.53,6.51,61.5,0,68.5
2024-01-27 07:00:00,EQ_B002,Water Pump,9473.8,18.4,7.04,15.9,3.15,23.0,1,100.0
2024-01-27 08:00:00,EQ_M001,Compressor,10730.4,20.1,8.0,19.47,6.04,20.0,1,100.0
2024-01-27 08:00:00,EQ_M002,Water Pump,12466.8,23.0,8.0,15.11,2.85,20.0,1,100.0
2024-01-27 08:00:00,EQ_M003,Air Handler,9902.0,19.3,7.96,14.9,3.1,20.0,1,100.0
2024-01-27 08:00:00,EQ_B001,Compressor,7015.5,18.9,5.31,22.08,6.44,58.9,0,71.1
2024-01-27 08:00:00,EQ_B002,Water Pump,9474.7,18.6,7.04,15.2,3.03,23.0,1,100.0
2024-01-27 09:00:00,EQ_M001,Compressor,10730.9,20.9,7.79,20.21,6.43,20.0,1,100.0
2024-01-27 09:00:00,EQ_M002,Water Pump,12467.6,23.8,8.0,13.86,2.86,20.0,1,100.0
2024-01-27 09:00:00,EQ_M003,Air Handler,9902.6,20.1,7.38,15.22,2.61,20.0,1,100.0
2024-01-27 09:00:00,EQ_B001,Compressor,7016.1,18.8,4.7,22.51,6.76,60.7,0,69.3
2024-01-27 09:00:00,EQ_B002,Water Pump,9475.4,19.2,7.05,14.58,3.23,22.9,1,100.0
2024-01-27 10:00:00,EQ_M001,Compressor,10731.8,21.6,8.0,23.94,6.58,20.0,1,100.0
2024-01-27 10:00:00,EQ_M002,Water Pump,12468.5,22.8,8.0,12.4,2.94,20.0,1,100.0
2024-01-27 10:00:00,EQ_M003,Air Handler,9903.2,19.5,7.25,16.89,3.26,20.0,1,100.0
2024-01-27 10:00:00,EQ_B001,Compressor,7016.9,18.4,4.53,21.38,6.71,61.2,0,68.8
2024-01-27 10:00:00,EQ_B002,Water Pump,9475.9,17.5,6.91,15.24,3.33,23.3,1,100.0
2024-01-27 11:00:00,EQ_M001,Compressor,10732.4,19.3,8.0,19.59,6.96,20.0,1,100.0
2024-01-27 11:00:00,EQ_M002,Water Pump,12469.4,23.5,8.0,17.7,2.84,20.0,1,100.0
2024-01-27 11:00:00,EQ_M003,Air Handler,9904.1,18.4,7.3,14.24,2.78,20.0,1,100.0
2024-01-27 11:00:00,EQ_B001,Compressor,7017.5,19.9,5.0,22.96,6.68,59.8,0,70.2
2024-01-27 11:00:00,EQ_B002,Water Pump,9476.6,17.6,7.05,16.22,3.03,22.9,1,100.0
2024-01-27 12:00:00,EQ_M001,Compressor,10733.1,19.5,8.0,22.83,6.91,20.0,1,100.0
2024-01-27 12:00:00,EQ_M002,Water Pump,12470.1,22.3,8.0,16.08,2.88,20.0,1,100.0
2024-01-27 12:00:00,EQ_M003,Air Handler,9904.7,18.4,6.96,16.84,2.92,20.0,1,100.0
2024-01-27 12:00:00,EQ_B001,Compressor,7018.5,18.2,4.96,23.53,6.06,59.9,0,70.1
2024-01-27 12:00:00,EQ_B002,Water Pump,9477.5,17.5,7.3,15.06,2.99,22.1,1,100.0
2024-01-27 13:00:00,EQ_M001,Compressor,10733.9,19.9,8.0,20.77,6.34,20.0,1,100.0
2024-01-27 13:00:00,EQ_M002,Water Pump,12470.6,23.7,8.0,15.32,3.27,20.0,1,100.0
2024-01-27 13:00:00,EQ_M003,Air Handler,9905.4,18.1,7.85,14.87,2.75,20.0,1,100.0
2024-01-27 13:00:00,EQ_B001,Compressor,7019.0,18.0,4.25,21.43,6.78,62.0,0,68.0
2024-01-27 13:00:00,EQ_B002,Water Pump,9478.5,19.5,7.17,14.79,2.76,22.5,1,100.0
2024-01-27 14:00:00,EQ_M001,Compressor,10734.5,20.3,7.61,15.28,6.99,20.0,1,100.0
2024-01-27 14:00:00,EQ_M002,Water Pump,12471.3,24.1,8.0,12.73,3.01,20.0,1,100.0
2024-01-27 14:00:00,EQ_M003,Air Handler,9906.3,20.3,7.48,16.99,2.93,20.0,1,100.0
2024-01-27 14:00:00,EQ_B001,Compressor,7020.0,17.3,4.44,23.34,6.78,61.4,0,68.6
2024-01-27 14:00:00,EQ_B002,Water Pump,9479.4,18.2,6.38,15.49,3.07,24.9,1,100.0
2024-01-27 15:00:00,EQ_M001,Compressor,10735.0,21.4,8.0,22.93,6.84,20.0,1,100.0
2024-01-27 15:00:00,EQ_M002,Water Pump,12471.9,23.8,8.0,12.85,3.18,20.0,1,100.0
2024-01-27 15:00:00,EQ_M003,Air Handler,9907.0,20.2,7.31,13.75,2.64,20.0,1,100.0
2024-01-27 15:00:00,EQ_B001,Compressor,7020.9,17.8,4.25,22.56,6.07,62.0,0,68.0
2024-01-27 15:00:00,EQ_B002,Water Pump,9480.3,19.0,6.48,15.9,3.23,24.6,1,100.0
2024-01-27 16:00:00,EQ_M001,Compressor,10735.8,19.2,8.0,23.54,6.74,20.0,1,100.0
2024-01-27 16:00:00,EQ_M002,Water Pump,12472.5,22.4,8.0,15.08,3.05,20.0,1,100.0
2024-01-27 16:00:00,EQ_M003,Air Handler,9907.8,19.2,7.18,14.05,2.95,20.0,1,100.0
2024-01-27 16:00:00,EQ_B001,Compressor,7021.5,17.7,3.93,20.34,6.47,62.9,0,67.1
2024-01-27 16:00:00,EQ_B002,Water Pump,9481.1,18.3,6.58,12.35,3.14,24.3,1,100.0
2024-01-27 17:00:00,EQ_M001,Compressor,10736.3,20.4,8.0,24.77,6.65,20.0,1,100.0
2024-01-27 17:00:00,EQ_M002,Water Pump,12473.3,23.7,8.0,14.56,3.02,20.0,1,100.0
2024-01-27 17:00:00,EQ_M003,Air Handler,9908.7,18.2,7.87,16.49,2.92,20.0,1,100.0
2024-01-27 17:00:00,EQ_B001,Compressor,7022.1,17.7,4.74,22.52,6.49,60.5,0,69.5
2024-01-27 17:00:00,EQ_B002,Water Pump,9482.0,17.2,6.78,14.85,3.35,23.6,1,100.0
2024-01-27 18:00:00,EQ_M001,Compressor,10737.2,21.2,8.0,21.68,6.45,20.0,1,100.0
2024-01-27 18:00:00,EQ_M002,Water Pump,12474.3,21.8,8.0,16.67,2.84,20.0,1,100.0
2024-01-27 18:00:00,EQ_M003,Air Handler,9909.5,17.6,7.21,13.79,2.97,20.0,1,100.0
2024-01-27 18:00:00,EQ_B001,Compressor,7023.1,18.9,4.43,21.46,7.23,61.4,0,68.6
2024-01-27 18:00:00,EQ_B002,Water Pump,9482.6,17.9,7.28,14.33,2.89,22.1,1,100.0
2024-01-27 19:00:00,EQ_M001,Compressor,10737.9,19.0,7.83,19.63,6.68,20.0,1,100.0
2024-01-27 19:00:00,EQ_M002,Water Pump,12475.1,23.7,8.0,14.89,3.06,20.0,1,100.0
2024-01-27 19:00:00,EQ_M003,Air Handler,9910.1,19.0,7.68,14.66,3.22,20.0,1,100.0
2024-01-27 19:00:00,EQ_B001,Compressor,7023.9,18.8,4.56,21.26,6.53,61.0,0,69.0
2024-01-27 19:00:00,EQ_B002,Water Pump,9483.1,19.3,7.2,13.03,2.84,22.3,1,100.0
2024-01-27 20:00:00,EQ_M001,Compressor,10738.7,19.1,8.0,22.18,6.67,20.0,1,100.0
2024-01-27 20:00:00,EQ_M002,Water Pump,12476.0,22.6,8.0,14.77,2.93,20.0,1,100.0
2024-01-27 20:00:00,EQ_M003,Air Handler,9910.7,19.0,7.62,12.96,2.72,20.0,1,100.0
2024-01-27 20:00:00,EQ_B001,Compressor,7024.8,18.8,4.95,21.91,6.45,59.8,0,70.2
2024-01-27 20:00:00,EQ_B002,Water Pump,9483.8,18.3,7.32,13.49,2.73,22.0,1,100.0
2024-01-27 21:00:00,EQ_M001,Compressor,10739.2,19.4,8.0,20.65,6.56,20.0,1,100.0
2024-01-27 21:00:00,EQ_M002,Water Pump,12476.7,25.0,8.0,13.66,3.21,20.0,1,100.0
2024-01-27 21:00:00,EQ_M003,Air Handler,9911.4,18.2,7.3,14.5,3.07,20.0,1,100.0
2024-01-27 21:00:00,EQ_B001,Compressor,7025.3,17.8,4.91,25.57,6.02,59.9,0,70.1
2024-01-27 21:00:00,EQ_B002,Water Pump,9484.4,18.1,6.7,13.87,2.64,23.8,1,100.0
2024-01-27 22:00:00,EQ_M001,Compressor,10739.7,19.7,8.0,21.9,5.84,20.0,1,100.0
2024-01-27 22:00:00,EQ_M002,Water Pump,12477.7,22.8,8.0,17.84,3.23,20.0,1,100.0
2024-01-27 22:00:00,EQ_M003,Air Handler,9912.0,18.5,7.47,15.15,2.87,20.0,1,100.0
2024-01-27 22:00:00,EQ_B001,Compressor,7026.1,20.0,4.79,22.12,6.9,60.3,0,69.7
2024-01-27 22:00:00,EQ_B002,Water Pump,9484.9,19.0,7.57,14.46,3.18,21.2,1,100.0
2024-01-27 23:00:00,EQ_M001,Compressor,10740.6,17.7,7.99,22.81,6.67,20.0,1,100.0
2024-01-27 23:00:00,EQ_M002,Water Pump,12478.4,21.7,8.0,13.35,3.05,20.0,1,100.0
2024-01-27 23:00:00,EQ_M003,Air Handler,9912.7,16.8,7.46,15.96,2.77,20.0,1,100.0
2024-01-27 23:00:00,EQ_B001,Compressor,7026.7,18.3,4.82,23.47,6.28,60.2,0,69.8
2024-01-27 23:00:00,EQ_B002,Water Pump,9485.9,16.7,7.38,18.04,2.84,21.8,1,100.0
2024-01-28 00:00:00,EQ_M001,Compressor,10741.3,21.1,8.0,20.04,6.2,20.0,1,100.0
2024-01-28 00:00:00,EQ_M002,Water Pump,12479.0,22.3,8.0,13.93,2.67,20.0,1,100.0
2024-01-28 00:00:00,EQ_M003,Air Handler,9913.3,17.6,7.64,15.45,2.89,20.0,1,100.0
2024-01-28 00:00:00,EQ_B001,Compressor,7027.4,19.2,4.13,23.33,6.01,62.3,0,67.7
2024-01-28 00:00:00,EQ_B002,Water Pump,9486.9,19.2,7.2,15.16,3.03,22.3,1,100.0
2024-01-28 01:00:00,EQ_M001,Compressor,10742.3,18.0,8.0,21.56,6.36,20.0,1,100.0
2024-01-28 01:00:00,EQ_M002,Water Pump,12479.7,23.7,8.0,12.35,3.24,20.0,1,100.0
2024-01-28 01:00:00,EQ_M003,Air Handler,9914.0,17.9,7.26,15.27,2.54,20.0,1,100.0
2024-01-28 01:00:00,EQ_B001,Compressor,7027.9,18.2,4.72,20.06,6.52,60.5,0,69.5
2024-01-28 01:00:00,EQ_B002,Water Pump,9487.4,17.9,7.28,15.46,2.95,22.1,1,100.0
2024-01-28 02:00:00,EQ_M001,Compressor,10743.2,20.3,8.0,23.0,6.31,20.0,1,100.0
2024-01-28 02:00:00,EQ_M002,Water Pump,12480.3,23.4,8.0,14.98,3.18,20.0,1,100.0
2024-01-28 02:00:00,EQ_M003,Air Handler,9914.6,18.0,6.95,13.14,3.09,20.0,1,100.0
2024-01-28 02:00:00,EQ_B001,Compressor,7028.8,16.8,4.64,23.88,6.78,60.7,0,69.3
2024-01-28 02:00:00,EQ_B002,Water Pump,9488.2,16.1,6.39,12.03,2.83,24.7,1,100.0
2024-01-28 03:00:00,EQ_M001,Compressor,10744.0,19.1,7.94,23.93,6.23,20.0,1,100.0
2024-01-28 03:00:00,EQ_M002,Water Pump,12481.2,23.1,8.0,13.09,3.03,20.0,1,100.0
2024-01-28 03:00:00,EQ_M003,Air Handler,9915.4,17.2,7.15,16.48,3.35,20.0,1,100.0
2024-01-28 03:00:00,EQ_B001,Compressor,7029.6,16.6,4.8,22.8,6.83,60.2,0,69.8
2024-01-28 03:00:00,EQ_B002,Water Pump,9489.0,17.1,7.07,14.94,2.83,22.7,1,100.0
2024-01-28 04:00:00,EQ_M001,Compressor,10744.9,21.7,8.0,23.86,6.56,20.0,1,100.0
2024-01-28 04:00:00,EQ_M002,Water Pump,12481.8,23.3,8.0,13.54,2.74,20.0,1,100.0
2024-01-28 04:00:00,EQ_M003,Air Handler,9916.4,19.3,7.44,17.48,3.07,20.0,1,100.0
2024-01-28 04:00:00,EQ_B001,Compressor,7030.5,17.6,4.14,22.64,6.35,62.2,0,67.8
2024-01-28 04:00:00,EQ_B002,Water Pump,9489.7,18.1,7.17,13.74,2.83,22.4,1,100.0
2024-01-28 05:00:00,EQ_M001,Compressor,10745.9,21.1,7.8,23.78,6.58,20.0,1,100.0
2024-01-28 05:00:00,EQ_M002,Water Pump,12482.5,22.3,8.0,17.42,2.95,20.0,1,100.0
2024-01-28 05:00:00,EQ_M003,Air Handler,9917.1,20.2,6.98,14.81,2.94,20.0,1,100.0
2024-01-28 05:00:00,EQ_B001,Compressor,7031.4,16.2,4.49,17.74,6.76,61.1,0,68.9
2024-01-28 05:00:00,EQ_B002,Water Pump,9490.7,17.4,6.94,12.33,3.0,23.1,1,100.0
2024-01-28 06:00:00,EQ_M001,Compressor,10746.4,17.7,8.0,22.15,6.43,20.0,1,100.0
2024-01-28 06:00:00,EQ_M002,Water Pump,12483.1,24.5,8.0,15.61,3.12,20.0,1,100.0
2024-01-28 06:00:00,EQ_M003,Air Handler,9918.0,18.4,6.99,14.74,2.92,20.0,1,100.0
2024-01-28 06:00:00,EQ_B001,Compressor,7032.4,17.7,3.83,19.65,6.29,63.1,0,66.9
2024-01-28 06:00:00,EQ_B002,Water Pump,9491.5,20.8,6.79,12.51,2.69,23.5,1,100.0
2024-01-28 07:00:00,EQ_M001,Compressor,10747.3,18.6,8.0,21.11,6.97,20.0,1,100.0
2024-01-28 07:00:00,EQ_M002,Water Pump,12483.8,21.5,8.0,17.32,2.8,20.0,1,100.0
2024-01-28 07:00:00,EQ_M003,Air Handler,9918.5,18.8,7.24,14.01,3.1,20.0,1,100.0
2024-01-28 07:00:00,EQ_B001,Compressor,7032.9,19.1,4.61,20.36,6.57,60.8,0,69.2
2024-01-28 07:00:00,EQ_B002,Water Pump,9492.3,17.3,6.59,14.03,2.96,24.1,1,100.0
2024-01-28 08:00:00,EQ_M001,Compressor,10748.0,17.1,8.0,21.62,6.47,20.0,1,100.0
2024-01-28 08:00:00,EQ_M002,Water Pump,12484.8,23.7,8.0,16.35,2.89,20.0,1,100.0
2024-01-28 08:00:00,EQ_M003,Air Handler,9919.5,19.5,7.24,13.83,3.29,20.0,1,100.0
2024-01-28 08:00:00,EQ_B001,Compressor,7033.9,17.5,4.89,20.98,6.16,59.9,0,70.1
2024-01-28 08:00:00,EQ_B002,Water Pump,9492.8,18.2,7.23,16.44,2.98,22.2,1,100.0
2024-01-28 09:00:00,EQ_M001,Compressor,10748.5,19.9,8.0,19.46,6.45,20.0,1,100.0
2024-01-28 09:00:00,EQ_M002,Water Pump,12485.7,22.1,8.0,15.01,3.1,20.0,1,100.0
2024-01-28 09:00:00,EQ_M003,Air Handler,9920.1,17.6,7.38,13.64,3.22,20.0,1,100.0
2024-01-28 09:00:00,EQ_B001,Compressor,7034.7,17.4,4.0,20.21,6.46,62.6,0,67.4
2024-01-28 09:00:00,EQ_B002,Water Pump,9493.5,19.1,7.18,15.64,3.35,22.3,1,100.0
2024-01-28 10:00:00,EQ_M001,Compressor,10749.4,19.3,8.0,21.61,6.37,20.0,1,100.0
2024-01-28 10:00:00,EQ_M002,Water Pump,12486.6,23.8,8.0,15.52,3.03,20.0,1,100.0
2024-01-28 10:00:00,EQ_M003,Air Handler,9920.9,19.0,7.64,14.01,2.94,20.0,1,100.0
2024-01-28 10:00:00,EQ_B001,Compressor,7035.5,18.2,4.4,23.21,6.39,61.4,0,68.6
2024-01-28 10:00:00,EQ_B002,Water Pump,9494.2,19.6,6.66,11.97,2.75,23.8,1,100.0
2024-01-28 11:00:00,EQ_M001,Compressor,10750.0,18.9,8.0,20.36,6.58,20.0,1,100.0
2024-01-28 11:00:00,EQ_M002,Water Pump,12487.5,25.0,8.0,14.38,2.97,20.0,1,100.0
2024-01-28 11:00:00,EQ_M003,Air Handler,9921.8,20.1,7.68,15.94,3.15,20.0,1,100.0
2024-01-28 11:00:00,EQ_B001,Compressor,7036.1,18.3,4.71,21.02,6.03,60.4,0,69.6
2024-01-28 11:00:00,EQ_B002,Water Pump,9495.1,17.9,7.01,13.09,3.22,22.8,1,100.0
2024-01-28 12:00:00,EQ_M001,Compressor,10750.6,19.6,8.0,18.43,5.98,20.0,1,100.0
2024-01-28 12:00:00,EQ_M002,Water Pump,12488.4,22.9,8.0,17.48,2.89,20.0,1,100.0
2024-01-28 12:00:00,EQ_M003,Air Handler,9922.5,17.4,7.2,14.55,2.93,20.0,1,100.0
2024-01-28 12:00:00,EQ_B001,Compressor,7037.0,17.5,4.93,23.74,6.55,59.8,0,70.2
2024-01-28 12:00:00,EQ_B002,Water Pump,9495.7,19.4,7.41,14.99,2.95,21.6,1,100.0
2024-01-28 13:00:00,EQ_M001,Compressor,10751.4,20.3,8.0,20.83,7.04,20.0,1,100.0
2024-01-28 13:00:00,EQ_M002,Water Pump,12488.9,22.1,8.0,13.72,2.95,20.0,1,100.0
2024-01-28 13:00:00,EQ_M003,Air Handler,9923.3,17.9,7.33,15.45,3.13,20.0,1,100.0
2024-01-28 13:00:00,EQ_B001,Compressor,7037.7,19.2,4.7,23.08,6.68,60.4,0,69.6
2024-01-28 13:00:00,EQ_B002,Water Pump,9496.2,18.3,6.82,16.15,2.81,23.3,1,100.0
2024-01-28 14:00:00,EQ_M001,Compressor,10752.4,20.7,8.0,22.5,6.35,20.0,1,100.0
2024-01-28 14:00:00,EQ_M002,Water Pump,12489.6,22.8,8.0,15.13,3.18,20.0,1,100.0
2024-01-28 14:00:00,EQ_M003,Air Handler,9924.2,16.7,7.38,15.69,3.36,20.0,1,100.0
2024-01-28 14:00:00,EQ_B001,Compressor,7038.4,17.9,4.8,21.87,6.65,60.1,0,69.9
2024-01-28 14:00:00,EQ_B002,Water Pump,9497.0,16.8,6.66,17.23,3.05,23.8,1,100.0
2024-01-28 15:00:00,EQ_M001,Compressor,10753.0,20.5,8.0,23.03,5.94,20.0,1,100.0
2024-01-28 15:00:00,EQ_M002,Water Pump,12490.5,22.2,8.0,12.2,3.07,20.0,1,100.0
2024-01-28 15:00:00,EQ_M003,Air Handler,9925.0,18.1,6.91,17.87,2.74,20.0,1,100.0
2024-01-28 15:00:00,EQ_B001,Compressor,7039.4,16.9,4.58,21.82,6.62,60.8,0,69.2
2024-01-28 15:00:00,EQ_B002,Water Pump,9497.6,17.6,6.37,15.96,3.23,24.7,1,100.0
2024-01-28 16:00:00,EQ_M001,Compressor,10753.6,21.0,8.0,18.01,6.86,20.0,1,100.0
2024-01-28 16:00:00,EQ_M002,Water Pump,12491.3,21.4,8.0,14.78,2.92,20.0,1,100.0
2024-01-28 16:00:00,EQ_M003,Air Handler,9925.9,17.3,6.94,13.3,2.95,20.0,1,100.0
2024-01-28 16:00:00,EQ_B001,Compressor,7040.1,18.6,4.09,21.62,6.79,62.2,0,67.8
2024-01-28 16:00:00,EQ_B002,Water Pump,9498.5,19.4,6.86,15.88,2.96,23.2,1,100.0
2024-01-28 17:00:00,EQ_M001,Compressor,10754.5,21.0,8.0,17.14,6.7,20.0,1,100.0
2024-01-28 17:00:00,EQ_M002,Water Pump,12491.9,23.6,8.0,14.01,2.9,20.0,1,100.0
2024-01-28 17:00:00,EQ_M003,Air Handler,9926.7,16.6,7.58,14.38,3.11,20.0,1,100.0
2024-01-28 17:00:00,EQ_B001,Compressor,7040.6,17.4,4.69,22.03,6.49,60.4,0,69.6
2024-01-28 17:00:00,EQ_B002,Water Pump,9499.3,16.1,6.59,15.77,3.24,24.0,1,100.0
2024-01-28 18:00:00,EQ_M001,Compressor,10755.4,20.6,8.0,21.8,6.41,20.0,1,100.0
2024-01-28 18:00:00,EQ_M002,Water Pump,12492.5,20.7,8.0,13.85,3.15,20.0,1,100.0
2024-01-28 18:00:00,EQ_M003,Air Handler,9927.5,17.8,7.17,15.24,3.24,20.0,1,100.0
2024-01-28 18:00:00,EQ_B001,Compressor,7041.6,18.4,4.29,20.89,7.19,61.6,0,68.4
2024-01-28 18:00:00,EQ_B002,Water Pump,9499.8,19.4,6.81,17.78,2.88,23.3,1,100.0
2024-01-28 19:00:00,EQ_M001,Compressor,10756.2,19.5,8.0,22.14,6.36,20.0,1,100.0
2024-01-28 19:00:00,EQ_M002,Water Pump,12493.3,21.8,8.0,12.22,2.91,20.0,1,100.0
2024-01-28 19:00:00,EQ_M003,Air Handler,9928.0,17.3,7.41,18.59,3.31,20.0,1,100.0
2024-01-28 19:00:00,EQ_B001,Compressor,7042.1,18.3,4.56,21.45,6.67,60.8,0,69.2
2024-01-28 19:00:00,EQ_B002,Water Pump,9500.5,19.3,6.87,13.54,2.79,23.1,1,100.0
2024-01-28 20:00:00,EQ_M001,Compressor,10756.8,17.9,8.0,19.78,6.54,20.0,1,100.0
2024-01-28 20:00:00,EQ_M002,Water Pump,12494.2,23.3,8.0,16.02,3.06,20.0,1,100.0
2024-01-28 20:00:00,EQ_M003,Air Handler,9928.7,17.6,7.63,14.77,2.77,20.0,1,100.0
2024-01-28 20:00:00,EQ_B001,Compressor,7042.7,17.4,4.72,23.49,6.49,60.3,0,69.7
2024-01-28 20:00:00,EQ_B002,Water Pump,9501.2,16.5,7.25,14.85,3.28,22.0,1,100.0
2024-01-28 21:00:00,EQ_M001,Compressor,10757.4,19.8,8.0,23.79,6.63,20.0,1,100.0
2024-01-28 21:00:00,EQ_M002,Water Pump,12495.1,23.8,8.0,14.34,3.1,20.0,1,100.0
2024-01-28 21:00:00,EQ_M003,Air Handler,9929.6,17.9,7.48,14.74,3.39,20.0,1,100.0
2024-01-28 21:00:00,EQ_B001,Compressor,7043.4,18.2,4.52,25.05,6.95,60.9,0,69.1
2024-01-28 21:00:00,EQ_B002,Water Pump,9502.0,19.7,6.59,16.47,2.99,24.0,1,100.0
2024-01-28 22:00:00,EQ_M001,Compressor,10758.4,20.3,8.0,20.75,6.03,20.0,1,100.0
2024-01-28 22:00:00,EQ_M002,Water Pump,12495.6,22.6,8.0,14.17,2.99,20.0,1,100.0
2024-01-28 22:00:00,EQ_M003,Air Handler,9930.5,18.0,7.35,14.42,3.28,20.0,1,100.0
2024-01-28 22:00:00,EQ_B001,Compressor,7044.0,18.8,5.49,19.18,6.55,58.0,0,72.0
2024-01-28 22:00:00,EQ_B002,Water Pump,9502.5,18.4,7.68,15.08,3.18,20.7,1,100.0
2024-01-28 23:00:00,EQ_M001,Compressor,10759.0,20.1,8.0,21.97,6.46,20.0,1,100.0
2024-01-28 23:00:00,EQ_M002,Water Pump,12496.5,22.7,8.0,14.65,3.09,20.0,1,100.0
2024-01-28 23:00:00,EQ_M003,Air Handler,9931.2,19.0,6.56,14.6,2.99,20.0,1,100.0
2024-01-28 23:00:00,EQ_B001,Compressor,7044.8,18.7,4.6,21.77,6.4,60.6,0,69.4
2024-01-28 23:00:00,EQ_B002,Water Pump,9503.0,19.3,6.82,15.51,3.02,23.3,1,100.0
2024-01-29 00:00:00,EQ_M001,Compressor,10759.9,20.6,7.85,21.83,6.3,20.0,1,100.0
2024-01-29 00:00:00,EQ_M002,Water Pump,12497.4,23.6,8.0,16.08,2.98,20.0,1,100.0
2024-01-29 00:00:00,EQ_M003,Air Handler,9932.0,17.9,7.38,15.3,2.78,20.0,1,100.0
2024-01-29 00:00:00,EQ_B001,Compressor,7045.7,16.9,4.42,23.87,6.55,61.2,0,68.8
2024-01-29 00:00:00,EQ_B002,Water Pump,9503.8,17.1,6.52,13.57,3.04,24.1,1,100.0
2024-01-29 01:00:00,EQ_M001,Compressor,10760.7,19.8,8.0,20.98,5.95,20.0,1,100.0
2024-01-29 01:00:00,EQ_M002,Water Pump,12498.0,23.0,8.0,14.53,3.13,20.0,1,100.0
2024-01-29 01:00:00,EQ_M003,Air Handler,9933.0,18.8,7.73,12.52,3.25,20.0,1,100.0
2024-01-29 01:00:00,EQ_B001,Compressor,7046.5,17.8,4.35,23.34,6.89,61.4,0,68.6
2024-01-29 01:00:00,EQ_B002,Water Pump,9504.7,17.1,6.95,15.27,2.82,22.9,1,100.0
2024-01-29 02:00:00,EQ_M001,Compressor,10761.6,20.2,8.0,25.0,6.16,20.0,1,100.0
2024-01-29 02:00:00,EQ_M002,Water Pump,12498.5,24.0,8.0,14.7,3.06,20.0,1,100.0
2024-01-29 02:00:00,EQ_M003,Air Handler,9933.9,17.0,7.43,13.3,3.1,20.0,1,100.0
2024-01-29 02:00:00,EQ_B001,Compressor,7047.2,17.6,4.28,24.68,5.84,61.6,0,68.4
2024-01-29 02:00:00,EQ_B002,Water Pump,9505.5,19.2,6.82,17.64,2.75,23.2,1,100.0
2024-01-29 03:00:00,EQ_M001,Compressor,10762.1,18.4,8.0,25.24,6.21,20.0,1,100.0
2024-01-29 03:00:00,EQ_M002,Water Pump,12499.5,22.9,8.0,15.68,3.17,20.0,1,100.0
2024-01-29 03:00:00,EQ_M003,Air Handler,9934.4,17.5,7.17,14.2,3.02,20.0,1,100.0
2024-01-29 03:00:00,EQ_B001,Compressor,7048.0,17.9,4.3,23.59,6.82,61.5,0,68.5
2024-01-29 03:00:00,EQ_B002,Water Pump,9506.2,17.9,7.05,17.59,2.99,22.5,1,100.0
2024-01-29 04:00:00,EQ_M001,Compressor,10763.1,18.7,8.0,20.74,6.44,20.0,1,100.0
2024-01-29 04:00:00,EQ_M002,Water Pump,12500.3,24.5,8.0,14.09,3.2,20.0,1,100.0
2024-01-29 04:00:00,EQ_M003,Air Handler,9935.4,17.6,7.43,13.29,2.9,20.0,1,100.0
2024-01-29 04:00:00,EQ_B001,Compressor,7048.8,17.9,4.83,21.47,6.31,59.9,0,70.1
2024-01-29 04:00:00,EQ_B002,Water Pump,9506.9,19.1,6.94,13.17,2.87,22.8,1,100.0
2024-01-29 05:00:00,EQ_M001,Compressor,10763.8,17.2,7.67,22.78,6.18,20.0,1,100.0
2024-01-29 05:00:00,EQ_M002,Water Pump,12500.9,21.9,8.0,13.36,3.09,20.0,1,100.0
2024-01-29 05:00:00,EQ_M003,Air Handler,9936.2,18.2,8.0,13.41,3.36,20.0,1,100.0
2024-01-29 05:00:00,EQ_B001,Compressor,7049.4,18.1,4.49,26.19,6.33,60.9,0,69.1
2024-01-29 05:00:00,EQ_B002,Water Pump,9507.8,18.8,7.27,15.11,3.22,21.8,1,100.0
2024-01-29 06:00:00,EQ_M001,Compressor,10764.3,19.7,8.0,21.62,6.69,20.0,1,100.0
2024-01-29 06:00:00,EQ_M002,Water Pump,12501.4,23.6,8.0,14.17,3.4,20.0,1,100.0
2024-01-29 06:00:00,EQ_M003,Air Handler,9937.2,17.9,7.9,16.74,2.97,20.0,1,100.0
2024-01-29 06:00:00,EQ_B001,Compressor,7050.2,17.9,4.55,20.64,5.89,60.7,0,69.3
2024-01-29 06:00:00,EQ_B002,Water Pump,9508.7,18.7,7.03,15.57,3.22,22.6,1,100.0
2024-01-29 07:00:00,EQ_M001,Compressor,10765.2,19.9,8.0,26.76,6.98,20.0,1,100.0
2024-01-29 07:00:00,EQ_M002,Water Pump,12502.0,21.5,8.0,16.13,2.93,20.0,1,100.0
2024-01-29 07:00:00,EQ_M003,Air Handler,9938.0,17.4,7.34,15.35,3.27,20.0,1,100.0
2024-01-29 07:00:00,EQ_B001,Compressor,7051.0,18.0,4.5,21.15,6.61,60.9,0,69.1
2024-01-29 07:00:00,EQ_B002,Water Pump,9509.6,15.5,6.78,13.41,2.96,23.3,1,100.0
2024-01-29 08:00:00,EQ_M001,Compressor,10766.1,19.8,8.0,25.19,6.73,20.0,1,100.0
2024-01-29 08:00:00,EQ_M002,Water Pump,12502.8,22.5,8.0,14.2,3.25,20.0,1,100.0
2024-01-29 08:00:00,EQ_M003,Air Handler,9938.6,17.9,7.56,15.35,3.18,20.0,1,100.0
2024-01-29 08:00:00,EQ_B001,Compressor,7051.7,19.1,4.83,21.84,6.97,59.9,0,70.1
2024-01-29 08:00:00,EQ_B002,Water Pump,9510.3,17.6,7.0,15.19,3.08,22.6,1,100.0
2024-01-29 09:00:00,EQ_M001,Compressor,10766.8,19.3,7.87,20.46,6.19,20.0,1,100.0
2024-01-29 09:00:00,EQ_M002,Water Pump,12503.7,22.7,8.0,15.3,2.83,20.0,1,100.0
2024-01-29 09:00:00,EQ_M003,Air Handler,9939.3,17.3,7.65,16.77,2.95,20.0,1,100.0
2024-01-29 09:00:00,EQ_B001,Compressor,7052.2,18.2,4.5,20.38,6.44,60.9,0,69.1
2024-01-29 09:00:00,EQ_B002,Water Pump,9511.2,17.8,7.46,14.82,2.69,21.2,1,100.0
2024-01-29 10:00:00,EQ_M001,Compressor,10767.3,18.6,7.96,23.95,6.33,20.0,1,100.0
2024-01-29 10:00:00,EQ_M002,Water Pump,12504.4,22.8,8.0,16.21,3.05,20.0,1,100.0
2024-01-29 10:00:00,EQ_M003,Air Handler,9940.1,18.5,7.59,12.88,2.91,20.0,1,100.0
2024-01-29 10:00:00,EQ_B001,Compressor,7053.2,17.1,4.13,22.2,6.7,61.9,0,68.1
2024-01-29 10:00:00,EQ_B002,Water Pump,9511.7,18.8,7.19,14.25,3.01,22.0,1,100.0
2024-01-29 11:00:00,EQ_M001,Compressor,10767.9,18.5,8.0,23.6,6.46,20.0,1,100.0
2024-01-29 11:00:00,EQ_M002,Water Pump,12505.2,21.8,8.0,12.69,2.72,20.0,1,100.0
2024-01-29 11:00:00,EQ_M003,Air Handler,9940.6,17.9,6.93,16.47,2.82,20.0,1,100.0
2024-01-29 11:00:00,EQ_B001,Compressor,7054.0,16.7,4.63,19.71,6.69,60.4,0,69.6
2024-01-29 11:00:00,EQ_B002,Water Pump,9512.6,18.1,6.62,13.84,2.85,23.7,1,100.0
2024-01-29 12:00:00,EQ_M001,Compressor,10768.5,21.9,8.0,18.29,6.83,20.0,1,100.0
2024-01-29 12:00:00,EQ_M002,Water Pump,12505.9,22.8,8.0,14.25,2.67,20.0,1,100.0
2024-01-29 12:00:00,EQ_M003,Air Handler,9941.2,17.0,7.76,10.89,2.91,20.0,1,100.0
2024-01-29 12:00:00,EQ_B001,Compressor,7054.8,17.7,4.35,20.78,6.79,61.3,0,68.7
2024-01-29 12:00:00,EQ_B002,Water Pump,9513.5,18.6,7.11,13.39,3.23,22.3,1,100.0
2024-01-29 13:00:00,EQ_M001,Compressor,10769.4,17.6,8.0,22.06,6.42,20.0,1,100.0
2024-01-29 13:00:00,EQ_M002,Water Pump,12506.8,23.8,8.0,14.01,2.86,20.0,1,100.0
2024-01-29 13:00:00,EQ_M003,Air Handler,9942.0,18.2,7.36,16.64,3.04,20.0,1,100.0
2024-01-29 13:00:00,EQ_B001,Compressor,7055.5,18.4,4.12,21.52,6.27,62.0,0,68.0
2024-01-29 13:00:00,EQ_B002,Water Pump,9514.5,17.9,6.76,13.66,2.42,23.3,1,100.0
2024-01-29 14:00:00,EQ_M001,Compressor,10770.3,19.4,8.0,21.89,7.05,20.0,1,100.0
2024-01-29 14:00:00,EQ_M002,Water Pump,12507.6,23.8,8.0,14.95,2.96,20.0,1,100.0
2024-01-29 14:00:00,EQ_M003,Air Handler,9942.9,18.6,7.64,14.07,2.75,20.0,1,100.0
2024-01-29 14:00:00,EQ_B001,Compressor,7056.2,18.4,4.94,19.51,6.55,59.5,0,70.5
2024-01-29 14:00:00,EQ_B002,Water Pump,9515.4,20.5,7.4,17.67,3.15,21.3,1,100.0
2024-01-29 15:00:00,EQ_M001,Compressor,10771.3,19.2,7.92,22.97,6.57,20.0,1,100.0
2024-01-29 15:00:00,EQ_M002,Water Pump,12508.3,21.9,8.0,14.4,2.9,20.0,1,100.0
2024-01-29 15:00:00,EQ_M003,Air Handler,9943.4,16.3,7.71,13.73,3.14,20.0,1,100.0
2024-01-29 15:00:00,EQ_B001,Compressor,7057.2,17.5,4.4,20.9,6.64,61.1,0,68.9
2024-01-29 15:00:00,EQ_B002,Water Pump,9516.3,17.3,6.8,15.28,2.72,23.2,1,100.0
2024-01-29 16:00:00,EQ_M001,Compressor,10771.9,18.7,8.0,20.15,6.68,20.0,1,100.0
2024-01-29 16:00:00,EQ_M002,Water Pump,12509.0,23.5,8.0,13.01,2.9,20.0,1,100.0
2024-01-29 16:00:00,EQ_M003,Air Handler,9944.2,17.0,7.69,15.91,2.89,20.0,1,100.0
2024-01-29 16:00:00,EQ_B001,Compressor,7057.7,17.1,4.21,21.39,6.45,61.7,0,68.3
2024-01-29 16:00:00,EQ_B002,Water Pump,9516.9,17.8,6.76,13.54,2.87,23.3,1,100.0
2024-01-29 17:00:00,EQ_M001,Compressor,10772.8,19.0,7.69,19.97,6.56,20.0,1,100.0
2024-01-29 17:00:00,EQ_M002,Water Pump,12509.8,22.0,8.0,15.82,3.0,20.0,1,100.0
2024-01-29 17:00:00,EQ_M003,Air Handler,9944.7,20.1,7.35,15.45,3.6,20.0,1,100.0
2024-01-29 17:00:00,EQ_B001,Compressor,7058.5,18.4,4.78,20.16,6.21,59.9,0,70.1
2024-01-29 17:00:00,EQ_B002,Water Pump,9517.8,16.5,6.68,17.91,2.79,23.5,1,100.0
2024-01-29 18:00:00,EQ_M001,Compressor,10773.8,18.7,8.0,22.04,6.31,20.0,1,100.0
2024-01-29 18:00:00,EQ_M002,Water Pump,12510.3,22.9,8.0,11.85,3.11,20.0,1,100.0
2024-01-29 18:00:00,EQ_M003,Air Handler,9945.3,18.6,7.05,16.01,3.1,20.0,1,100.0
2024-01-29 18:00:00,EQ_B001,Compressor,7059.3,17.2,4.52,20.45,6.74,60.7,0,69.3
2024-01-29 18:00:00,EQ_B002,Water Pump,9518.4,17.8,6.98,13.2,2.91,22.6,1,100.0
2024-01-29 19:00:00,EQ_M001,Compressor,10774.7,19.0,8.0,23.92,6.45,20.0,1,100.0
2024-01-29 19:00:00,EQ_M002,Water Pump,12511.0,20.7,8.0,12.87,3.03,20.0,1,100.0
2024-01-29 19:00:00,EQ_M003,Air Handler,9946.1,16.3,7.18,13.35,3.04,20.0,1,100.0
2024-01-29 19:00:00,EQ_B001,Compressor,7059.9,18.3,5.18,23.62,6.44,58.7,0,71.3
2024-01-29 19:00:00,EQ_B002,Water Pump,9519.2,18.8,7.17,12.94,2.81,22.0,1,100.0
2024-01-29 20:00:00,EQ_M001,Compressor,10775.7,17.0,8.0,20.1,6.29,20.0,1,100.0
2024-01-29 20:00:00,EQ_M002,Water Pump,12511.5,22.1,8.0,16.64,3.05,20.0,1,100.0
2024-01-29 20:00:00,EQ_M003,Air Handler,9946.6,18.6,7.64,15.49,2.69,20.0,1,100.0
2024-01-29 20:00:00,EQ_B001,Compressor,7060.4,18.4,4.4,25.04,6.07,61.0,0,69.0
2024-01-29 20:00:00,EQ_B002,Water Pump,9520.0,18.9,6.69,12.46,3.13,23.4,1,100.0
2024-01-29 21:00:00,EQ_M001,Compressor,10776.5,19.3,8.0,22.36,6.48,20.0,1,100.0
2024-01-29 21:00:00,EQ_M002,Water Pump,12512.3,22.9,8.0,14.62,3.03,20.0,1,100.0
2024-01-29 21:00:00,EQ_M003,Air Handler,9947.4,19.2,7.38,17.91,3.04,20.0,1,100.0
2024-01-29 21:00:00,EQ_B001,Compressor,7061.2,15.6,4.83,21.9,6.93,59.7,0,70.3
2024-01-29 21:00:00,EQ_B002,Water Pump,9520.7,17.6,6.77,15.09,3.2,23.2,1,100.0
2024-01-29 22:00:00,EQ_M001,Compressor,10777.5,19.3,7.95,23.1,6.74,20.0,1,100.0
2024-01-29 22:00:00,EQ_M002,Water Pump,12513.0,22.3,8.0,12.87,3.15,20.0,1,100.0
2024-01-29 22:00:00,EQ_M003,Air Handler,9948.1,17.5,7.52,15.79,2.94,20.0,1,100.0
2024-01-29 22:00:00,EQ_B001,Compressor,7061.9,18.9,4.15,23.89,6.5,61.8,0,68.2
2024-01-29 22:00:00,EQ_B002,Water Pump,9521.5,18.3,7.34,14.54,3.17,21.5,1,100.0
2024-01-29 23:00:00,EQ_M001,Compressor,10778.4,19.3,8.0,20.96,6.0,20.0,1,100.0
2024-01-29 23:00:00,EQ_M002,Water Pump,12513.9,22.8,8.0,15.93,3.1,20.0,1,100.0
2024-01-29 23:00:00,EQ_M003,Air Handler,9949.0,18.0,7.3,15.47,2.82,20.0,1,100.0
2024-01-29 23:00:00,EQ_B001,Compressor,7062.5,17.3,4.39,22.18,6.62,61.1,0,68.9
2024-01-29 23:00:00,EQ_B002,Water Pump,9522.5,19.4,6.53,13.25,3.02,23.9,1,100.0
2024-01-30 00:00:00,EQ_M001,Compressor,10778.9,20.2,8.0,23.31,6.73,20.0,1,100.0
2024-01-30 00:00:00,EQ_M002,Water Pump,12514.4,21.8,8.0,12.47,2.97,20.0,1,100.0
2024-01-30 00:00:00,EQ_M003,Air Handler,9949.7,18.0,7.12,17.54,3.33,20.0,1,100.0
2024-01-30 00:00:00,EQ_B001,Compressor,7063.4,16.9,4.64,20.76,6.92,60.3,0,69.7
2024-01-30 00:00:00,EQ_B002,Water Pump,9523.1,18.5,7.14,12.43,2.63,22.0,1,100.0
2024-01-30 01:00:00,EQ_M001,Compressor,10779.7,20.0,7.79,23.42,6.67,20.0,1,100.0
2024-01-30 01:00:00,EQ_M002,Water Pump,12515.1,22.8,8.0,16.55,3.0,20.0,1,100.0
2024-01-30 01:00:00,EQ_M003,Air Handler,9950.5,17.6,8.0,16.13,2.91,20.0,1,100.0
2024-01-30 01:00:00,EQ_B001,Compressor,7064.0,17.2,4.95,27.33,6.13,59.3,0,70.7
2024-01-30 01:00:00,EQ_B002,Water Pump,9523.7,17.5,7.04,15.16,3.33,22.3,1,100.0
2024-01-30 02:00:00,EQ_M001,Compressor,10780.6,19.0,8.0,17.74,6.53,20.0,1,100.0
2024-01-30 02:00:00,EQ_M002,Water Pump,12515.7,21.3,8.0,13.28,2.55,20.0,1,100.0
2024-01-30 02:00:00,EQ_M003,Air Handler,9951.3,17.8,7.24,16.72,2.9,20.0,1,100.0
2024-01-30 02:00:00,EQ_B001,Compressor,7065.0,16.2,4.63,21.6,6.56,60.3,0,69.7
2024-01-30 02:00:00,EQ_B002,Water Pump,9524.4,16.1,6.6,14.32,2.96,23.6,1,100.0
2024-01-30 03:00:00,EQ_M001,Compressor,10781.4,20.1,7.86,19.36,6.12,20.0,1,100.0
2024-01-30 03:00:00,EQ_M002,Water Pump,12516.2,22.3,8.0,15.56,2.75,20.0,1,100.0
2024-01-30 03:00:00,EQ_M003,Air Handler,9952.1,17.6,7.49,20.28,2.58,20.0,1,100.0
2024-01-30 03:00:00,EQ_B001,Compressor,7066.0,17.0,4.31,19.57,6.67,61.2,0,68.8
2024-01-30 03:00:00,EQ_B002,Water Pump,9525.1,17.9,7.0,14.98,2.74,22.4,1,100.0
2024-01-30 04:00:00,EQ_M001,Compressor,10782.1,19.1,7.9,22.9,6.53,20.0,1,100.0
2024-01-30 04:00:00,EQ_M002,Water Pump,12517.2,22.6,8.0,9.97,3.08,20.0,1,100.0
2024-01-30 04:00:00,EQ_M003,Air Handler,9953.0,18.3,8.0,17.55,3.02,20.0,1,100.0
2024-01-30 04:00:00,EQ_B001,Compressor,7066.9,17.2,4.39,22.23,5.59,61.0,0,69.0
2024-01-30 04:00:00,EQ_B002,Water Pump,9525.8,18.4,6.94,12.11,3.01,22.6,1,100.0
2024-01-30 05:00:00,EQ_M001,Compressor,10782.9,18.6,8.0,18.47,6.78,20.0,1,100.0
2024-01-30 05:00:00,EQ_M002,Water Pump,12518.2,23.5,8.0,18.68,3.34,20.0,1,100.0
2024-01-30 05:00:00,EQ_M003,Air Handler,9953.5,18.9,7.53,13.91,3.28,20.0,1,100.0
2024-01-30 05:00:00,EQ_B001,Compressor,7067.7,17.1,4.59,21.44,6.84,60.4,0,69.6
2024-01-30 05:00:00,EQ_B002,Water Pump,9526.6,17.9,6.46,14.84,2.87,24.0,1,100.0
2024-01-30 06:00:00,EQ_M001,Compressor,10783.8,19.0,8.0,20.84,6.39,20.0,1,100.0
2024-01-30 06:00:00,EQ_M002,Water Pump,12518.9,23.6,8.0,13.34,2.98,20.0,1,100.0
2024-01-30 06:00:00,EQ_M003,Air Handler,9954.3,19.6,7.31,13.46,3.17,20.0,1,100.0
2024-01-30 06:00:00,EQ_B001,Compressor,7068.5,17.4,4.55,23.34,6.56,60.5,0,69.5
2024-01-30 06:00:00,EQ_B002,Water Pump,9527.5,18.4,7.32,14.36,2.9,21.4,1,100.0
2024-01-30 07:00:00,EQ_M001,Compressor,10784.6,19.4,8.0,22.9,7.0,20.0,1,100.0
2024-01-30 07:00:00,EQ_M002,Water Pump,12519.6,22.7,8.0,13.58,3.28,20.0,1,100.0
2024-01-30 07:00:00,EQ_M003,Air Handler,9955.2,16.5,7.13,16.32,2.85,20.0,1,100.0
2024-01-30 07:00:00,EQ_B001,Compressor,7069.1,17.1,4.36,21.39,6.35,61.1,0,68.9
2024-01-30 07:00:00,EQ_B002,Water Pump,9528.3,18.5,6.87,17.99,2.94,22.8,1,100.0
2024-01-30 08:00:00,EQ_M001,Compressor,10785.3,17.2,8.0,20.51,6.68,20.0,1,100.0
2024-01-30 08:00:00,EQ_M002,Water Pump,12520.4,22.8,8.0,12.21,3.17,20.0,1,100.0
2024-01-30 08:00:00,EQ_M003,Air Handler,9956.0,19.2,7.4,15.32,2.78,20.0,1,100.0
2024-01-30 08:00:00,EQ_B001,Compressor,7069.8,17.7,4.26,22.85,7.09,61.3,0,68.7
2024-01-30 08:00:00,EQ_B002,Water Pump,9529.1,21.1,7.07,15.71,2.96,22.2,1,100.0
2024-01-30 09:00:00,EQ_M001,Compressor,10786.3,18.6,7.85,20.89,6.55,20.0,1,100.0
2024-01-30 09:00:00,EQ_M002,Water Pump,12521.0,22.5,8.0,13.04,3.21,20.0,1,100.0
2024-01-30 09:00:00,EQ_M003,Air Handler,9956.5,18.3,7.58,15.25,3.07,20.0,1,100.0
2024-01-30 09:00:00,EQ_B001,Compressor,7070.3,19.2,4.78,20.38,6.04,59.8,0,70.2
2024-01-30 09:00:00,EQ_B002,Water Pump,9529.7,15.9,7.07,15.7,2.86,22.2,1,100.0
2024-01-30 10:00:00,EQ_M001,Compressor,10786.9,21.5,8.0,22.67,6.68,20.0,1,100.0
2024-01-30 10:00:00,EQ_M002,Water Pump,12522.0,22.5,8.0,15.42,2.97,20.0,1,100.0
2024-01-30 10:00:00,EQ_M003,Air Handler,9957.4,17.2,7.55,12.49,2.9,20.0,1,100.0
2024-01-30 10:00:00,EQ_B001,Compressor,7071.2,16.0,4.88,22.06,6.4,59.5,0,70.5
2024-01-30 10:00:00,EQ_B002,Water Pump,9530.2,17.9,7.44,14.96,2.85,21.1,1,100.0
2024-01-30 11:00:00,EQ_M001,Compressor,10787.6,18.5,8.0,25.66,6.7,20.0,1,100.0
2024-01-30 11:00:00,EQ_M002,Water Pump,12522.6,23.2,8.0,13.35,3.4,20.0,1,100.0
2024-01-30 11:00:00,EQ_M003,Air Handler,9957.9,18.6,7.17,13.05,3.56,20.0,1,100.0
2024-01-30 11:00:00,EQ_B001,Compressor,7071.8,17.3,4.84,22.55,6.36,59.6,0,70.4
2024-01-30 11:00:00,EQ_B002,Water Pump,9531.2,16.2,6.95,17.03,2.93,22.5,1,100.0
2024-01-30 12:00:00,EQ_M001,Compressor,10788.5,19.6,7.84,21.09,7.08,20.0,1,100.0
2024-01-30 12:00:00,EQ_M002,Water Pump,12523.2,23.0,8.0,15.11,3.18,20.0,1,100.0
2024-01-30 12:00:00,EQ_M003,Air Handler,9958.8,17.5,7.88,16.85,3.25,20.0,1,100.0
2024-01-30 12:00:00,EQ_B001,Compressor,7072.4,18.5,4.45,22.64,6.68,60.7,0,69.3
2024-01-30 12:00:00,EQ_B002,Water Pump,9532.1,15.0,7.13,14.01,2.44,22.0,1,100.0
2024-01-30 13:00:00,EQ_M001,Compressor,10789.0,20.1,8.0,25.57,6.84,20.0,1,100.0
2024-01-30 13:00:00,EQ_M002,Water Pump,12523.7,22.6,8.0,16.81,3.04,20.0,1,100.0
2024-01-30 13:00:00,EQ_M003,Air Handler,9959.6,20.1,7.39,14.16,3.12,20.0,1,100.0
2024-01-30 13:00:00,EQ_B001,Compressor,7073.2,17.8,4.4,24.73,6.79,60.9,0,69.1
2024-01-30 13:00:00,EQ_B002,Water Pump,9532.7,16.3,7.42,15.79,2.89,21.1,1,100.0
2024-01-30 14:00:00,EQ_M001,Compressor,10789.8,21.2,8.0,20.65,6.2,20.0,1,100.0
2024-01-30 14:00:00,EQ_M002,Water Pump,12524.5,22.7,8.0,14.76,3.05,20.0,1,100.0
2024-01-30 14:00:00,EQ_M003,Air Handler,9960.5,16.8,7.45,14.26,3.0,20.0,1,100.0
2024-01-30 14:00:00,EQ_B001,Compressor,7073.8,18.3,4.51,22.88,6.74,60.6,0,69.4
2024-01-30 14:00:00,EQ_B002,Water Pump,9533.5,17.5,6.95,13.86,3.11,22.5,1,100.0
2024-01-30 15:00:00,EQ_M001,Compressor,10790.8,21.5,8.0,21.2,6.45,20.0,1,100.0
2024-01-30 15:00:00,EQ_M002,Water Pump,12525.0,22.3,8.0,15.47,3.04,20.0,1,100.0
2024-01-30 15:00:00,EQ_M003,Air Handler,9961.4,17.8,7.88,17.99,2.84,20.0,1,100.0
2024-01-30 15:00:00,EQ_B001,Compressor,7074.4,17.1,4.63,20.82,6.53,60.2,0,69.8
2024-01-30 15:00:00,EQ_B002,Water Pump,9534.4,18.3,6.53,15.52,3.09,23.7,1,100.0
2024-01-30 16:00:00,EQ_M001,Compressor,10791.4,19.6,8.0,24.05,6.62,20.0,1,100.0
2024-01-30 16:00:00,EQ_M002,Water Pump,12525.8,22.9,8.0,18.23,2.9,20.0,1,100.0
2024-01-30 16:00:00,EQ_M003,Air Handler,9962.2,16.2,7.41,14.52,2.91,20.0,1,100.0
2024-01-30 16:00:00,EQ_B001,Compressor,7074.9,17.5,4.03,14.67,6.72,62.0,0,68.0
2024-01-30 16:00:00,EQ_B002,Water Pump,9535.2,18.0,6.91,16.26,3.11,22.6,1,100.0
2024-01-30 17:00:00,EQ_M001,Compressor,10792.3,17.1,7.86,24.34,6.29,20.0,1,100.0
2024-01-30 17:00:00,EQ_M002,Water Pump,12526.7,23.9,8.0,12.45,3.0,20.0,1,100.0
2024-01-30 17:00:00,EQ_M003,Air Handler,9963.2,18.4,7.02,11.88,3.41,20.0,1,100.0
2024-01-30 17:00:00,EQ_B001,Compressor,7075.7,17.5,4.9,23.37,6.86,59.4,0,70.6
2024-01-30 17:00:00,EQ_B002,Water Pump,9536.2,19.0,6.91,13.89,2.9,22.6,1,100.0
2024-01-30 18:00:00,EQ_M001,Compressor,10792.8,18.7,7.9,22.18,6.6,20.0,1,100.0
2024-01-30 18:00:00,EQ_M002,Water Pump,12527.4,23.7,8.0,15.93,2.65,20.0,1,100.0
2024-01-30 18:00:00,EQ_M003,Air Handler,9963.9,19.1,7.87,14.53,2.71,20.0,1,100.0
2024-01-30 18:00:00,EQ_B001,Compressor,7076.6,18.0,4.7,21.11,6.5,59.9,0,70.1
2024-01-30 18:00:00,EQ_B002,Water Pump,9536.8,17.3,7.03,16.63,2.99,22.2,1,100.0
2024-01-30 19:00:00,EQ_M001,Compressor,10793.4,17.8,8.0,21.67,6.84,20.0,1,100.0
2024-01-30 19:00:00,EQ_M002,Water Pump,12528.3,22.8,8.0,13.05,3.07,20.0,1,100.0
2024-01-30 19:00:00,EQ_M003,Air Handler,9964.8,19.1,7.4,15.02,3.33,20.0,1,100.0
2024-01-30 19:00:00,EQ_B001,Compressor,7077.3,17.3,4.23,19.81,6.59,61.3,0,68.7
2024-01-30 19:00:00,EQ_B002,Water Pump,9537.7,18.2,6.9,11.91,3.09,22.6,1,100.0
2024-01-30 20:00:00,EQ_M001,Compressor,10794.3,21.2,8.0,20.9,6.81,20.0,1,100.0
2024-01-30 20:00:00,EQ_M002,Water Pump,12529.1,22.5,8.0,14.62,3.3,20.0,1,100.0
2024-01-30 20:00:00,EQ_M003,Air Handler,9965.4,18.1,6.76,15.89,3.13,20.0,1,100.0
2024-01-30 20:00:00,EQ_B001,Compressor,7078.0,16.1,3.63,23.27,6.66,63.1,0,66.9
2024-01-30 20:00:00,EQ_B002,Water Pump,9538.7,17.8,6.88,15.7,3.15,22.6,1,100.0
2024-01-30 21:00:00,EQ_M001,Compressor,10795.3,17.7,8.0,22.8,6.54,20.0,1,100.0
2024-01-30 21:00:00,EQ_M002,Water Pump,12529.7,23.2,8.0,12.76,3.12,20.0,1,100.0
2024-01-30 21:00:00,EQ_M003,Air Handler,9966.2,17.2,7.2,15.25,2.9,20.0,1,100.0
2024-01-30 21:00:00,EQ_B001,Compressor,7078.8,17.0,4.45,24.03,6.27,60.7,0,69.3
2024-01-30 21:00:00,EQ_B002,Water Pump,9539.3,17.7,7.19,17.94,2.91,21.7,1,100.0
2024-01-30 22:00:00,EQ_M001,Compressor,10796.0,19.3,8.0,21.59,6.86,20.0,1,100.0
2024-01-30 22:00:00,EQ_M002,Water Pump,12530.6,23.5,8.0,14.93,2.93,20.0,1,100.0
2024-01-30 22:00:00,EQ_M003,Air Handler,9967.0,17.7,7.96,16.63,2.71,20.0,1,100.0
2024-01-30 22:00:00,EQ_B001,Compressor,7079.3,17.1,4.78,20.63,6.79,59.7,0,70.3
2024-01-30 22:00:00,EQ_B002,Water Pump,9540.0,17.4,7.15,13.81,3.02,21.8,1,100.0
2024-01-30 23:00:00,EQ_M001,Compressor,10796.7,18.0,8.0,23.72,6.43,20.0,1,100.0
2024-01-30 23:00:00,EQ_M002,Water Pump,12531.3,23.4,8.0,16.31,3.26,20.0,1,100.0
2024-01-30 23:00:00,EQ_M003,Air Handler,9967.8,17.4,7.82,12.11,2.71,20.0,1,100.0
2024-01-30 23:00:00,EQ_B001,Compressor,7080.0,16.2,4.7,21.4,6.28,59.9,0,70.1
2024-01-30 23:00:00,EQ_B002,Water Pump,9541.0,16.2,7.14,14.16,3.14,21.8,1,100.0
2024-01-31 00:00:00,EQ_M001,Compressor,10797.4,19.7,8.0,19.79,6.25,20.0,1,100.0
2024-01-31 00:00:00,EQ_M002,Water Pump,12531.9,23.7,8.0,15.91,2.97,20.0,1,100.0
2024-01-31 00:00:00,EQ_M003,Air Handler,9968.7,18.7,7.29,12.06,3.02,20.0,1,100.0
2024-01-31 00:00:00,EQ_B001,Compressor,7081.0,15.8,4.2,23.72,6.75,61.4,0,68.6
2024-01-31 00:00:00,EQ_B002,Water Pump,9541.5,17.9,7.31,15.69,3.13,21.3,1,100.0
2024-01-31 01:00:00,EQ_M001,Compressor,10798.3,18.8,8.0,23.67,6.06,20.0,1,100.0
2024-01-31 01:00:00,EQ_M002,Water Pump,12532.7,22.3,8.0,13.9,3.23,20.0,1,100.0
2024-01-31 01:00:00,EQ_M003,Air Handler,9969.4,19.2,7.37,14.17,3.21,20.0,1,100.0
2024-01-31 01:00:00,EQ_B001,Compressor,7081.6,16.9,4.38,21.82,6.51,60.8,0,69.2
2024-01-31 01:00:00,EQ_B002,Water Pump,9542.3,16.6,7.23,12.73,3.06,21.5,1,100.0
2024-01-31 02:00:00,EQ_M001,Compressor,10799.2,19.0,8.0,20.12,6.24,20.0,1,100.0
2024-01-31 02:00:00,EQ_M002,Water Pump,12533.2,23.0,8.0,14.23,2.89,20.0,1,100.0
2024-01-31 02:00:00,EQ_M003,Air Handler,9970.1,18.1,7.02,16.1,3.07,20.0,1,100.0
2024-01-31 02:00:00,EQ_B001,Compressor,7082.3,16.7,4.3,25.31,6.91,61.1,0,68.9
2024-01-31 02:00:00,EQ_B002,Water Pump,9542.9,18.5,6.95,15.39,3.17,22.4,1,100.0
2024-01-31 03:00:00,EQ_M001,Compressor,10799.8,20.4,8.0,20.28,6.43,20.0,1,100.0
2024-01-31 03:00:00,EQ_M002,Water Pump,12533.9,21.8,8.0,12.77,3.26,20.0,1,100.0
2024-01-31 03:00:00,EQ_M003,Air Handler,9971.1,17.3,7.14,13.17,3.12,20.0,1,100.0
2024-01-31 03:00:00,EQ_B001,Compressor,7083.2,17.3,4.35,21.99,6.48,60.9,0,69.1
2024-01-31 03:00:00,EQ_B002,Water Pump,9543.5,16.2,6.87,18.02,3.34,22.6,1,100.0
2024-01-31 04:00:00,EQ_M001,Compressor,10800.8,20.1,8.0,20.55,6.69,20.0,1,100.0
2024-01-31 04:00:00,EQ_M002,Water Pump,12534.7,22.1,8.0,14.21,2.89,20.0,1,100.0
2024-01-31 04:00:00,EQ_M003,Air Handler,9971.9,16.1,7.97,16.52,2.98,20.0,1,100.0
2024-01-31 04:00:00,EQ_B001,Compressor,7084.0,17.9,4.31,21.14,5.96,61.0,0,69.0
2024-01-31 04:00:00,EQ_B002,Water Pump,9544.5,16.6,7.55,16.68,2.89,20.5,1,100.0
2024-01-31 05:00:00,EQ_M001,Compressor,10801.5,18.0,8.0,19.48,6.9,20.0,1,100.0
2024-01-31 05:00:00,EQ_M002,Water Pump,12535.3,22.5,8.0,17.1,3.02,20.0,1,100.0
2024-01-31 05:00:00,EQ_M003,Air Handler,9972.6,16.5,7.22,15.08,3.18,20.0,1,100.0
2024-01-31 05:00:00,EQ_B001,Compressor,7084.8,16.4,4.7,19.36,6.68,59.8,0,70.2
2024-01-31 05:00:00,EQ_B002,Water Pump,9545.1,18.5,6.81,12.99,2.81,22.7,1,100.0
2024-01-31 06:00:00,EQ_M001,Compressor,10802.1,19.0,8.0,22.05,5.97,20.0,1,100.0
2024-01-31 06:00:00,EQ_M002,Water Pump,12536.3,23.7,8.0,13.84,3.31,20.0,1,100.0
2024-01-31 06:00:00,EQ_M003,Air Handler,9973.2,18.1,7.51,18.79,2.75,20.0,1,100.0
2024-01-31 06:00:00,EQ_B001,Compressor,7085.5,17.4,4.38,22.24,6.72,60.8,0,69.2
2024-01-31 06:00:00,EQ_B002,Water Pump,9545.9,18.2,6.61,15.64,2.95,23.4,1,100.0
2024-01-31 07:00:00,EQ_M001,Compressor,10803.0,17.2,8.0,20.74,6.16,20.0,1,100.0
2024-01-31 07:00:00,EQ_M002,Water Pump,12536.9,23.3,8.0,14.76,3.11,20.0,1,100.0
2024-01-31 07:00:00,EQ_M003,Air Handler,9974.1,18.6,7.51,14.5,3.19,20.0,1,100.0
2024-01-31 07:00:00,EQ_B001,Compressor,7086.3,16.8,4.69,20.56,6.44,59.8,0,70.2
2024-01-31 07:00:00,EQ_B002,Water Pump,9546.7,16.9,7.37,12.56,2.86,21.0,1,100.0
2024-01-31 08:00:00,EQ_M001,Compressor,10803.8,18.8,8.0,20.97,6.31,20.0,1,100.0
2024-01-31 08:00:00,EQ_M002,Water Pump,12537.4,22.2,8.0,15.16,2.66,20.0,1,100.0
2024-01-31 08:00:00,EQ_M003,Air Handler,9975.0,19.7,7.7,16.23,3.36,20.0,1,100.0
2024-01-31 08:00:00,EQ_B001,Compressor,7086.8,17.8,4.45,23.55,6.81,60.6,0,69.4
2024-01-31 08:00:00,EQ_B002,Water Pump,9547.5,17.0,7.01,13.73,3.13,22.1,1,100.0
2024-01-31 09:00:00,EQ_M001,Compressor,10804.5,18.3,8.0,19.29,6.02,20.0,1,100.0
2024-01-31 09:00:00,EQ_M002,Water Pump,12538.0,20.4,8.0,13.42,3.29,20.0,1,100.0
2024-01-31 09:00:00,EQ_M003,Air Handler,9975.6,17.8,7.09,15.1,3.05,20.0,1,100.0
2024-01-31 09:00:00,EQ_B001,Compressor,7087.6,17.4,4.61,23.78,6.43,60.1,0,69.9
2024-01-31 09:00:00,EQ_B002,Water Pump,9548.3,16.7,7.18,15.21,2.98,21.6,1,100.0
2024-01-31 10:00:00,EQ_M001,Compressor,10805.5,19.6,8.0,21.44,6.86,20.0,1,100.0
2024-01-31 10:00:00,EQ_M002,Water Pump,12539.0,23.2,8.0,17.03,3.02,20.0,1,100.0
2024-01-31 10:00:00,EQ_M003,Air Handler,9976.1,18.2,7.11,12.47,3.11,20.0,1,100.0
2024-01-31 10:00:00,EQ_B001,Compressor,7088.1,19.3,4.65,20.62,6.76,59.9,0,70.1
2024-01-31 10:00:00,EQ_B002,Water Pump,9549.2,15.5,6.92,17.59,2.92,22.4,1,100.0
2024-01-31 11:00:00,EQ_M001,Compressor,10806.5,18.9,8.0,18.92,7.35,20.0,1,100.0
2024-01-31 11:00:00,EQ_M002,Water Pump,12539.5,21.6,8.0,16.21,3.03,20.0,1,100.0
2024-01-31 11:00:00,EQ_M003,Air Handler,9977.1,18.3,7.66,14.32,3.0,20.0,1,100.0
2024-01-31 11:00:00,EQ_B001,Compressor,7088.9,16.4,4.7,26.1,6.44,59.8,0,70.2
2024-01-31 11:00:00,EQ_B002,Water Pump,9549.9,16.3,7.23,15.85,2.88,21.4,1,100.0
2024-01-31 12:00:00,EQ_M001,Compressor,10807.1,19.5,8.0,19.21,6.76,20.0,1,100.0
2024-01-31 12:00:00,EQ_M002,Water Pump,12540.3,21.5,8.0,13.38,2.91,20.0,1,100.0
2024-01-31 12:00:00,EQ_M003,Air Handler,9977.8,18.3,7.51,13.43,3.09,20.0,1,100.0
2024-01-31 12:00:00,EQ_B001,Compressor,7089.6,19.0,4.22,20.97,5.95,61.2,0,68.8
2024-01-31 12:00:00,EQ_B002,Water Pump,9550.7,19.4,6.96,16.02,2.87,22.2,1,100.0
2024-01-31 13:00:00,EQ_M001,Compressor,10807.7,21.0,8.0,21.48,6.29,20.0,1,100.0
2024-01-31 13:00:00,EQ_M002,Water Pump,12541.1,21.7,8.0,15.63,3.27,20.0,1,100.0
2024-01-31 13:00:00,EQ_M003,Air Handler,9978.5,16.5,6.96,17.94,3.26,20.0,1,100.0
2024-01-31 13:00:00,EQ_B001,Compressor,7090.2,18.4,4.21,23.13,6.5,61.2,0,68.8
2024-01-31 13:00:00,EQ_B002,Water Pump,9551.7,16.6,7.52,16.51,2.93,20.5,1,100.0
2024-01-31 14:00:00,EQ_M001,Compressor,10808.6,19.2,8.0,24.63,6.2,20.0,1,100.0
2024-01-31 14:00:00,EQ_M002,Water Pump,12541.6,22.8,8.0,15.58,2.76,20.0,1,100.0
2024-01-31 14:00:00,EQ_M003,Air Handler,9979.3,18.0,7.51,15.85,2.73,20.0,1,100.0
2024-01-31 14:00:00,EQ_B001,Compressor,7090.9,18.5,4.53,23.55,6.86,60.3,0,69.7
2024-01-31 14:00:00,EQ_B002,Water Pump,9552.3,16.9,7.18,13.98,3.18,21.6,1,100.0
2024-01-31 15:00:00,EQ_M001,Compressor,10809.4,19.2,8.0,22.05,6.44,20.0,1,100.0
2024-01-31 15:00:00,EQ_M002,Water Pump,12542.3,22.3,8.0,13.16,3.09,20.0,1,100.0
2024-01-31 15:00:00,EQ_M003,Air Handler,9979.9,17.2,7.72,12.9,3.11,20.0,1,100.0
2024-01-31 15:00:00,EQ_B001,Compressor,7091.5,16.0,4.35,23.55,6.6,60.8,0,69.2
2024-01-31 15:00:00,EQ_B002,Water Pump,9553.2,19.0,6.66,16.29,3.09,23.1,1,100.0
2024-01-31 16:00:00,EQ_M001,Compressor,10810.3,19.2,8.0,21.26,6.47,20.0,1,100.0
2024-01-31 16:00:00,EQ_M002,Water Pump,12543.0,21.6,8.0,17.52,3.35,20.0,1,100.0
2024-01-31 16:00:00,EQ_M003,Air Handler,9980.5,18.8,7.1,13.96,3.01,20.0,1,100.0
2024-01-31 16:00:00,EQ_B001,Compressor,7092.5,18.0,4.82,26.13,6.63,59.4,0,70.6
2024-01-31 16:00:00,EQ_B002,Water Pump,9554.2,19.2,7.12,13.95,2.81,21.7,1,100.0
2024-01-31 17:00:00,EQ_M001,Compressor,10810.9,19.2,8.0,20.79,5.97,20.0,1,100.0
2024-01-31 17:00:00,EQ_M002,Water Pump,12543.5,23.6,8.0,18.05,3.3,20.0,1,100.0
2024-01-31 17:00:00,EQ_M003,Air Handler,9981.3,17.1,7.09,16.49,3.23,20.0,1,100.0
2024-01-31 17:00:00,EQ_B001,Compressor,7093.4,17.6,4.17,21.0,6.35,61.3,0,68.7
2024-01-31 17:00:00,EQ_B002,Water Pump,9555.1,16.5,6.96,13.42,3.29,22.2,1,100.0
2024-01-31 18:00:00,EQ_M001,Compressor,10811.9,19.8,8.0,19.42,6.56,20.0,1,100.0
2024-01-31 18:00:00,EQ_M002,Water Pump,12544.2,24.3,8.0,15.6,3.17,20.0,1,100.0
2024-01-31 18:00:00,EQ_M003,Air Handler,9982.1,18.5,7.51,14.26,3.1,20.0,1,100.0
2024-01-31 18:00:00,EQ_B001,Compressor,7094.0,18.0,4.95,20.26,6.56,59.0,0,71.0
2024-01-31 18:00:00,EQ_B002,Water Pump,9555.7,17.8,7.27,15.01,3.0,21.3,1,100.0
2024-01-31 19:00:00,EQ_M001,Compressor,10812.7,17.9,8.0,20.04,6.27,20.0,1,100.0
2024-01-31 19:00:00,EQ_M002,Water Pump,12545.0,22.6,8.0,14.93,3.27,20.0,1,100.0
2024-01-31 19:00:00,EQ_M003,Air Handler,9982.8,18.8,7.52,14.48,3.17,20.0,1,100.0
2024-01-31 19:00:00,EQ_B001,Compressor,7094.7,15.8,4.26,22.26,6.9,61.0,0,69.0
2024-01-31 19:00:00,EQ_B002,Water Pump,9556.5,18.6,6.99,14.8,3.03,22.1,1,100.0
2024-01-31 20:00:00,EQ_M001,Compressor,10813.4,19.2,8.0,19.73,6.23,20.0,1,100.0
2024-01-31 20:00:00,EQ_M002,Water Pump,12545.6,21.8,8.0,17.04,2.96,20.0,1,100.0
2024-01-31 20:00:00,EQ_M003,Air Handler,9983.7,16.9,7.45,14.64,2.75,20.0,1,100.0
2024-01-31 20:00:00,EQ_B001,Compressor,7095.3,16.4,5.02,20.86,6.7,58.8,0,71.2
2024-01-31 20:00:00,EQ_B002,Water Pump,9557.4,17.7,7.28,14.93,3.05,21.2,1,100.0
2024-01-31 21:00:00,EQ_M001,Compressor,10814.2,17.9,8.0,22.41,6.34,20.0,1,100.0
2024-01-31 21:00:00,EQ_M002,Water Pump,12546.5,23.6,8.0,16.01,3.05,20.0,1,100.0
2024-01-31 21:00:00,EQ_M003,Air Handler,9984.6,18.2,7.83,13.89,3.04,20.0,1,100.0
2024-01-31 21:00:00,EQ_B001,Compressor,7096.2,17.3,4.41,20.34,6.62,60.6,0,69.4
2024-01-31 21:00:00,EQ_B002,Water Pump,9558.2,16.6,6.76,14.39,3.03,22.8,1,100.0
2024-01-31 22:00:00,EQ_M001,Compressor,10814.7,18.9,8.0,24.6,6.27,20.0,1,100.0
2024-01-31 22:00:00,EQ_M002,Water Pump,12547.3,23.1,8.0,18.36,2.93,20.0,1,100.0
2024-01-31 22:00:00,EQ_M003,Air Handler,9985.3,15.6,7.53,17.72,3.07,20.0,1,100.0
2024-01-31 22:00:00,EQ_B001,Compressor,7096.9,17.1,4.68,20.36,6.56,59.8,0,70.2
2024-01-31 22:00:00,EQ_B002,Water Pump,9559.0,16.9,6.98,15.74,2.67,22.1,1,100.0
2024-01-31 23:00:00,EQ_M001,Compressor,10815.5,19.4,8.0,23.79,6.48,20.0,1,100.0
2024-01-31 23:00:00,EQ_M002,Water Pump,12547.9,23.5,8.0,13.69,3.15,20.0,1,100.0
2024-01-31 23:00:00,EQ_M003,Air Handler,9986.3,17.8,7.96,15.68,2.69,20.0,1,100.0
2024-01-31 23:00:00,EQ_B001,Compressor,7097.9,17.0,4.3,23.16,6.31,60.9,0,69.1
2024-01-31 23:00:00,EQ_B002,Water Pump,9559.9,17.4,6.77,15.39,3.11,22.7,1,100.0
2024-02-01 00:00:00,EQ_M001,Compressor,10816.3,19.7,8.0,21.36,6.5,20.0,1,100.0
2024-02-01 00:00:00,EQ_M002,Water Pump,12548.9,22.5,8.0,12.32,2.99,20.0,1,100.0
2024-02-01 00:00:00,EQ_M003,Air Handler,9987.1,16.4,7.57,13.02,3.16,20.0,1,100.0
2024-02-01 00:00:00,EQ_B001,Compressor,7098.5,18.3,4.3,18.8,6.61,60.9,0,69.1
2024-02-01 00:00:00,EQ_B002,Water Pump,9560.8,16.8,6.78,18.11,3.02,22.6,1,100.0
2024-02-01 01:00:00,EQ_M001,Compressor,10816.9,20.0,8.0,20.63,6.39,20.0,1,100.0
2024-02-01 01:00:00,EQ_M002,Water Pump,12549.6,21.5,8.0,16.37,3.13,20.0,1,100.0
2024-02-01 01:00:00,EQ_M003,Air Handler,9987.6,17.2,7.88,16.94,3.03,20.0,1,100.0
2024-02-01 01:00:00,EQ_B001,Compressor,7099.1,17.4,4.62,23.03,6.34,59.9,0,70.1
2024-02-01 01:00:00,EQ_B002,Water Pump,9561.5,19.0,7.16,13.16,3.03,21.5,1,100.0
2024-02-01 02:00:00,EQ_M001,Compressor,10817.7,19.0,8.0,25.86,6.69,20.0,1,100.0
2024-02-01 02:00:00,EQ_M002,Water Pump,12550.1,21.6,8.0,14.09,2.82,20.0,1,100.0
2024-02-01 02:00:00,EQ_M003,Air Handler,9988.5,16.9,7.43,16.13,2.97,20.0,1,100.0
2024-02-01 02:00:00,EQ_B001,Compressor,7099.8,17.4,4.73,23.13,6.07,59.6,0,70.4
2024-02-01 02:00:00,EQ_B002,Water Pump,9562.4,17.3,7.44,15.54,2.83,20.7,1,100.0
2024-02-01 03:00:00,EQ_M001,Compressor,10818.6,19.7,8.0,21.51,6.66,20.0,1,100.0
2024-02-01 03:00:00,EQ_M002,Water Pump,12550.6,21.4,8.0,14.92,3.3,20.0,1,100.0
2024-02-01 03:00:00,EQ_M003,Air Handler,9989.5,16.9,7.45,15.8,2.67,20.0,1,100.0
2024-02-01 03:00:00,EQ_B001,Compressor,7100.7,17.4,4.76,22.94,5.97,59.5,0,70.5
2024-02-01 03:00:00,EQ_B002,Water Pump,9563.4,15.5,7.92,13.59,3.57,20.0,1,100.0
2024-02-01 04:00:00,EQ_M001,Compressor,10819.1,18.0,8.0,23.47,7.07,20.0,1,100.0
2024-02-01 04:00:00,EQ_M002,Water Pump,12551.4,22.3,8.0,11.98,2.85,20.0,1,100.0
2024-02-01 04:00:00,EQ_M003,Air Handler,9990.2,16.9,7.16,15.3,3.2,20.0,1,100.0
2024-02-01 04:00:00,EQ_B001,Compressor,7101.4,17.7,4.95,21.25,6.44,58.9,0,71.1
2024-02-01 04:00:00,EQ_B002,Water Pump,9564.2,16.4,6.69,14.11,3.23,22.9,1,100.0
2024-02-01 05:00:00,EQ_M001,Compressor,10819.7,19.8,8.0,19.55,6.5,20.0,1,100.0
2024-02-01 05:00:00,EQ_M002,Water Pump,12552.2,21.1,8.0,12.26,2.76,20.0,1,100.0
2024-02-01 05:00:00,EQ_M003,Air Handler,9991.0,15.7,7.1,15.24,3.04,20.0,1,100.0
2024-02-01 05:00:00,EQ_B001,Compressor,7102.0,16.9,4.87,25.68,6.79,59.1,0,70.9
2024-02-01 05:00:00,EQ_B002,Water Pump,9564.8,17.6,7.09,12.81,3.31,21.7,1,100.0
2024-02-01 06:00:00,EQ_M001,Compressor,10820.3,17.4,7.97,23.93,6.69,20.0,1,100.0
2024-02-01 06:00:00,EQ_M002,Water Pump,12552.9,22.4,8.0,15.95,2.77,20.0,1,100.0
2024-02-01 06:00:00,EQ_M003,Air Handler,9991.7,17.8,8.0,12.56,2.93,20.0,1,100.0
2024-02-01 06:00:00,EQ_B001,Compressor,7102.9,17.2,4.02,23.28,6.27,61.6,0,68.4
2024-02-01 06:00:00,EQ_B002,Water Pump,9565.4,16.8,6.75,14.26,3.21,22.7,1,100.0
2024-02-01 07:00:00,EQ_M001,Compressor,10821.3,17.3,8.0,24.53,6.74,20.0,1,100.0
2024-02-01 07:00:00,EQ_M002,Water Pump,12553.6,20.6,8.0,14.38,3.21,20.0,1,100.0
2024-02-01 07:00:00,EQ_M003,Air Handler,9992.6,17.8,7.22,12.68,2.96,20.0,1,100.0
2024-02-01 07:00:00,EQ_B001,Compressor,7103.6,16.0,4.22,21.57,7.02,61.0,0,69.0
2024-02-01 07:00:00,EQ_B002,Water Pump,9566.2,16.9,6.9,15.75,3.0,22.2,1,100.0
2024-02-01 08:00:00,EQ_M001,Compressor,10822.0,17.8,8.0,20.81,6.46,20.0,1,100.0
2024-02-01 08:00:00,EQ_M002,Water Pump,12554.2,22.1,8.0,15.54,2.95,20.0,1,100.0
2024-02-01 08:00:00,EQ_M003,Air Handler,9993.5,18.2,7.94,16.98,3.21,20.0,1,100.0
2024-02-01 08:00:00,EQ_B001,Compressor,7104.4,16.4,4.53,19.34,6.43,60.1,0,69.9
2024-02-01 08:00:00,EQ_B002,Water Pump,9567.0,18.0,6.96,15.62,2.74,22.0,1,100.0
2024-02-01 09:00:00,EQ_M001,Compressor,10822.7,19.6,7.59,19.83,6.44,20.0,1,100.0
2024-02-01 09:00:00,EQ_M002,Water Pump,12554.9,22.8,8.0,14.48,3.19,20.0,1,100.0
2024-02-01 09:00:00,EQ_M003,Air Handler,9994.5,17.8,7.83,15.0,3.15,20.0,1,100.0
2024-02-01 09:00:00,EQ_B001,Compressor,7105.3,17.0,4.45,22.32,6.77,60.3,0,69.7
2024-02-01 09:00:00,EQ_B002,Water Pump,9567.9,17.1,6.51,13.87,3.23,23.4,1,100.0
2024-02-01 10:00:00,EQ_M001,Compressor,10823.7,17.7,8.0,19.57,6.08,20.0,1,100.0
2024-02-01 10:00:00,EQ_M002,Water Pump,12555.6,22.1,8.0,12.96,3.16,20.0,1,100.0
2024-02-01 10:00:00,EQ_M003,Air Handler,9995.3,17.8,7.47,15.13,3.14,20.0,1,100.0
2024-02-01 10:00:00,EQ_B001,Compressor,7106.2,17.4,4.14,21.74,6.52,61.3,0,68.7
2024-02-01 10:00:00,EQ_B002,Water Pump,9568.5,18.4,7.07,16.2,2.82,21.7,1,100.0
2024-02-01 11:00:00,EQ_M001,Compressor,10824.5,18.4,8.0,25.29,6.61,20.0,1,100.0
2024-02-01 11:00:00,EQ_M002,Water Pump,12556.6,21.9,8.0,17.1,3.12,20.0,1,100.0
2024-02-01 11:00:00,EQ_M003,Air Handler,9996.3,15.7,8.0,15.65,2.95,20.0,1,100.0
2024-02-01 11:00:00,EQ_B001,Compressor,7107.1,16.0,5.17,21.55,6.18,58.1,0,71.9
2024-02-01 11:00:00,EQ_B002,Water Pump,9569.4,15.6,6.75,16.48,3.23,22.6,1,100.0
2024-02-01 12:00:00,EQ_M001,Compressor,10825.1,18.8,8.0,18.91,6.97,20.0,1,100.0
2024-02-01 12:00:00,EQ_M002,Water Pump,12557.2,22.2,8.0,15.67,3.09,20.0,1,100.0
2024-02-01 12:00:00,EQ_M003,Air Handler,9997.1,14.3,7.6,15.55,2.77,20.0,1,100.0
2024-02-01 12:00:00,EQ_B001,Compressor,7108.0,16.8,4.81,22.91,6.67,59.2,0,70.8
2024-02-01 12:00:00,EQ_B002,Water Pump,9570.2,17.1,7.23,13.15,2.86,21.2,1,100.0
2024-02-01 13:00:00,EQ_M001,Compressor,10825.9,20.3,8.0,21.76,6.84,20.0,1,100.0
2024-02-01 13:00:00,EQ_M002,Water Pump,12558.2,22.2,8.0,17.83,2.81,20.0,1,100.0
2024-02-01 13:00:00,EQ_M003,Air Handler,9997.9,15.9,7.44,11.2,2.76,20.0,1,100.0
2024-02-01 13:00:00,EQ_B001,Compressor,7108.7,18.4,5.0,25.33,6.25,58.6,0,71.4
2024-02-01 13:00:00,EQ_B002,Water Pump,9570.9,15.4,7.0,15.12,2.96,21.9,1,100.0
2024-02-01 14:00:00,EQ_M001,Compressor,10826.9,19.5,8.0,21.44,5.77,20.0,1,100.0
2024-02-01 14:00:00,EQ_M002,Water Pump,12559.1,22.1,8.0,16.17,2.9,20.0,1,100.0
2024-02-01 14:00:00,EQ_M003,Air Handler,9998.9,17.1,7.65,16.28,3.11,20.0,1,100.0
2024-02-01 14:00:00,EQ_B001,Compressor,7109.7,17.5,4.81,23.02,6.2,59.2,0,70.8
2024-02-01 14:00:00,EQ_B002,Water Pump,9571.4,17.8,6.63,16.11,3.16,23.0,1,100.0
2024-02-01 15:00:00,EQ_M001,Compressor,10827.4,19.6,8.0,24.76,6.41,20.0,1,100.0
2024-02-01 15:00:00,EQ_M002,Water Pump,12559.7,18.9,8.0,16.63,2.72,20.0,1,100.0
2024-02-01 15:00:00,EQ_M003,Air Handler,9999.7,17.4,7.71,15.26,2.84,20.0,1,100.0
2024-02-01 15:00:00,EQ_B001,Compressor,7110.6,17.2,4.88,21.54,6.44,59.0,0,71.0
2024-02-01 15:00:00,EQ_B002,Water Pump,9572.3,18.5,7.11,14.82,2.75,21.5,1,100.0
2024-02-01 16:00:00,EQ_M001,Compressor,10828.2,18.2,7.9,22.48,6.92,20.0,1,100.0
2024-02-01 16:00:00,EQ_M002,Water Pump,12560.3,21.6,8.0,14.26,2.88,20.0,1,100.0
2024-02-01 16:00:00,EQ_M003,Air Handler,10000.2,18.6,7.18,14.02,2.96,20.0,1,100.0
2024-02-01 16:00:00,EQ_B001,Compressor,7111.6,17.5,4.49,21.06,6.47,60.1,0,69.9
2024-02-01 16:00:00,EQ_B002,Water Pump,9573.1,18.2,7.12,15.08,2.68,21.5,1,100.0
2024-02-01 17:00:00,EQ_M001,Compressor,10829.2,19.4,8.0,22.2,6.46,20.0,1,100.0
2024-02-01 17:00:00,EQ_M002,Water Pump,12561.2,22.3,8.0,14.52,3.22,20.0,1,100.0
2024-02-01 17:00:00,EQ_M003,Air Handler,10001.2,15.5,7.37,14.39,3.14,20.0,1,100.0
2024-02-01 17:00:00,EQ_B001,Compressor,7112.4,17.0,4.45,18.94,6.24,60.2,0,69.8
2024-02-01 17:00:00,EQ_B002,Water Pump,9574.0,15.5,6.87,12.57,3.0,22.2,1,100.0
2024-02-01 18:00:00,EQ_M001,Compressor,10829.8,19.7,8.0,23.1,6.44,20.0,1,100.0
2024-02-01 18:00:00,EQ_M002,Water Pump,12562.2,21.9,8.0,16.85,3.15,20.0,1,100.0
2024-02-01 18:00:00,EQ_M003,Air Handler,10001.8,18.7,7.36,13.83,2.89,20.0,1,100.0
2024-02-01 18:00:00,EQ_B001,Compressor,7113.2,15.8,4.95,24.68,5.97,58.7,0,71.3
2024-02-01 18:00:00,EQ_B002,Water Pump,9574.7,17.0,6.83,17.03,3.19,22.3,1,100.0
2024-02-01 19:00:00,EQ_M001,Compressor,10830.5,19.1,8.0,21.83,6.33,20.0,1,100.0
2024-02-01 19:00:00,EQ_M002,Water Pump,12563.0,23.3,8.0,12.54,3.19,20.0,1,100.0
2024-02-01 19:00:00,EQ_M003,Air Handler,10002.3,17.4,7.41,14.53,2.76,20.0,1,100.0
2024-02-01 19:00:00,EQ_B001,Compressor,7114.0,18.0,4.26,20.75,6.41,60.8,0,69.2
2024-02-01 19:00:00,EQ_B002,Water Pump,9575.2,16.3,7.13,12.43,3.28,21.4,1,100.0
2024-02-01 20:00:00,EQ_M001,Compressor,10831.0,17.9,8.0,20.45,6.65,20.0,1,100.0
2024-02-01 20:00:00,EQ_M002,Water Pump,12563.5,22.8,8.0,11.9,2.85,20.0,1,100.0
2024-02-01 20:00:00,EQ_M003,Air Handler,10003.2,17.4,7.47,15.56,3.01,20.0,1,100.0
2024-02-01 20:00:00,EQ_B001,Compressor,7114.5,16.4,4.62,22.45,6.07,59.7,0,70.3
2024-02-01 20:00:00,EQ_B002,Water Pump,9576.0,15.2,6.73,14.6,2.9,22.6,1,100.0
2024-02-01 21:00:00,EQ_M001,Compressor,10831.9,20.4,8.0,19.31,6.37,20.0,1,100.0
2024-02-01 21:00:00,EQ_M002,Water Pump,12564.1,23.1,8.0,17.38,3.01,20.0,1,100.0
2024-02-01 21:00:00,EQ_M003,Air Handler,10004.0,15.7,7.29,14.12,3.01,20.0,1,100.0
2024-02-01 21:00:00,EQ_B001,Compressor,7115.1,18.5,4.87,25.03,6.14,58.9,0,71.1
2024-02-01 21:00:00,EQ_B002,Water Pump,9576.8,18.4,7.46,16.31,3.0,20.4,1,100.0
2024-02-01 22:00:00,EQ_M001,Compressor,10832.8,18.4,8.0,26.06,6.5,20.0,1,100.0
2024-02-01 22:00:00,EQ_M002,Water Pump,12564.6,22.6,8.0,13.64,3.28,20.0,1,100.0
2024-02-01 22:00:00,EQ_M003,Air Handler,10004.7,17.6,7.26,13.84,2.91,20.0,1,100.0
2024-02-01 22:00:00,EQ_B001,Compressor,7115.8,17.3,4.38,21.26,6.73,60.4,0,69.6
2024-02-01 22:00:00,EQ_B002,Water Pump,9577.6,16.8,6.63,15.11,2.95,22.9,1,100.0
2024-02-01 23:00:00,EQ_M001,Compressor,10833.8,18.7,8.0,23.21,5.66,20.0,1,100.0
2024-02-01 23:00:00,EQ_M002,Water Pump,12565.4,21.4,8.0,12.98,2.92,20.0,1,100.0
2024-02-01 23:00:00,EQ_M003,Air Handler,10005.4,17.8,7.25,15.5,2.79,20.0,1,100.0
2024-02-01 23:00:00,EQ_B001,Compressor,7116.6,15.0,4.14,24.01,6.59,61.1,0,68.9
2024-02-01 23:00:00,EQ_B002,Water Pump,9578.4,17.6,7.01,15.28,3.28,21.7,1,100.0
2024-02-02 00:00:00,EQ_M001,Compressor,10834.6,19.3,8.0,24.11,6.25,20.0,1,100.0
2024-02-02 00:00:00,EQ_M002,Water Pump,12566.1,23.3,8.0,15.24,3.1,20.0,1,100.0
2024-02-02 00:00:00,EQ_M003,Air Handler,10006.0,17.9,7.65,13.78,2.91,20.0,1,100.0
2024-02-02 00:00:00,EQ_B001,Compressor,7117.3,15.8,4.51,24.87,6.94,60.0,0,70.0
2024-02-02 00:00:00,EQ_B002,Water Pump,9579.3,17.3,6.92,14.96,3.1,22.0,1,100.0
2024-02-02 01:00:00,EQ_M001,Compressor,10835.6,17.3,8.0,26.17,6.64,20.0,1,100.0
2024-02-02 01:00:00,EQ_M002,Water Pump,12566.7,21.5,8.0,14.7,3.0,20.0,1,100.0
2024-02-02 01:00:00,EQ_M003,Air Handler,10006.9,17.2,7.68,14.4,2.8,20.0,1,100.0
2024-02-02 01:00:00,EQ_B001,Compressor,7118.0,17.3,4.45,18.55,6.39,60.2,0,69.8
2024-02-02 01:00:00,EQ_B002,Water Pump,9580.0,16.4,6.77,14.3,3.18,22.4,1,100.0
2024-02-02 02:00:00,EQ_M001,Compressor,10836.1,19.7,8.0,20.95,6.37,20.0,1,100.0
2024-02-02 02:00:00,EQ_M002,Water Pump,12567.7,23.4,8.0,18.9,2.88,20.0,1,100.0
2024-02-02 02:00:00,EQ_M003,Air Handler,10007.6,18.2,7.78,15.22,3.04,20.0,1,100.0
2024-02-02 02:00:00,EQ_B001,Compressor,7118.9,16.9,4.93,23.36,6.81,58.7,0,71.3
2024-02-02 02:00:00,EQ_B002,Water Pump,9580.9,17.4,7.33,14.87,3.12,20.7,1,100.0
2024-02-02 03:00:00,EQ_M001,Compressor,10837.1,15.8,8.0,20.22,6.44,20.0,1,100.0
2024-02-02 03:00:00,EQ_M002,Water Pump,12568.4,22.5,8.0,13.72,3.19,20.0,1,100.0
2024-02-02 03:00:00,EQ_M003,Air Handler,10008.5,17.4,7.6,13.62,2.78,20.0,1,100.0
2024-02-02 03:00:00,EQ_B001,Compressor,7119.5,17.7,5.21,21.13,6.88,57.9,0,72.1
2024-02-02 03:00:00,EQ_B002,Water Pump,9581.7,16.8,7.14,14.28,2.92,21.3,1,100.0
2024-02-02 04:00:00,EQ_M001,Compressor,10837.9,19.2,8.0,25.04,6.75,20.0,1,100.0
2024-02-02 04:00:00,EQ_M002,Water Pump,12569.3,19.9,8.0,14.46,3.4,20.0,1,100.0
2024-02-02 04:00:00,EQ_M003,Air Handler,10009.1,16.9,8.0,15.81,3.04,20.0,1,100.0
2024-02-02 04:00:00,EQ_B001,Compressor,7120.3,16.0,4.72,18.42,7.11,59.3,0,70.7
2024-02-02 04:00:00,EQ_B002,Water Pump,9582.3,16.2,7.17,15.5,3.01,21.2,1,100.0
2024-02-02 05:00:00,EQ_M001,Compressor,10838.9,19.1,8.0,24.68,6.74,20.0,1,100.0
2024-02-02 05:00:00,EQ_M002,Water Pump,12570.3,23.5,8.0,15.59,2.75,20.0,1,100.0
2024-02-02 05:00:00,EQ_M003,Air Handler,10009.8,16.0,7.28,14.97,2.88,20.0,1,100.0
2024-02-02 05:00:00,EQ_B001,Compressor,7120.9,18.6,4.98,19.26,6.28,58.5,0,71.5
2024-02-02 05:00:00,EQ_B002,Water Pump,9583.1,15.3,7.12,16.03,2.96,21.4,1,100.0
2024-02-02 06:00:00,EQ_M001,Compressor,10839.6,18.7,8.0,22.34,6.55,20.0,1,100.0
2024-02-02 06:00:00,EQ_M002,Water Pump,12570.8,21.0,8.0,14.82,2.87,20.0,1,100.0
2024-02-02 06:00:00,EQ_M003,Air Handler,10010.7,16.8,7.72,16.34,2.91,20.0,1,100.0
2024-02-02 06:00:00,EQ_B001,Compressor,7121.6,19.1,4.66,21.67,6.63,59.5,0,70.5
2024-02-02 06:00:00,EQ_B002,Water Pump,9583.6,16.2,6.81,14.2,3.17,22.3,1,100.0
2024-02-02 07:00:00,EQ_M001,Compressor,10840.4,18.6,8.0,19.66,6.22,20.0,1,100.0
2024-02-02 07:00:00,EQ_M002,Water Pump,12571.5,20.4,8.0,16.14,2.67,20.0,1,100.0
2024-02-02 07:00:00,EQ_M003,Air Handler,10011.4,16.9,7.33,15.67,2.98,20.0,1,100.0
2024-02-02 07:00:00,EQ_B001,Compressor,7122.6,16.3,4.75,22.68,6.47,59.2,0,70.8
2024-02-02 07:00:00,EQ_B002,Water Pump,9584.4,16.8,6.62,15.72,3.03,22.8,1,100.0
2024-02-02 08:00:00,EQ_M001,Compressor,10841.0,18.9,8.0,18.61,6.78,20.0,1,100.0
2024-02-02 08:00:00,EQ_M002,Water Pump,12572.4,21.9,8.0,13.43,2.85,20.0,1,100.0
2024-02-02 08:00:00,EQ_M003,Air Handler,10012.0,15.8,7.35,15.38,2.47,20.0,1,100.0
2024-02-02 08:00:00,EQ_B001,Compressor,7123.4,16.8,4.58,20.35,6.26,59.7,0,70.3
2024-02-02 08:00:00,EQ_B002,Water Pump,9585.1,14.6,7.56,15.21,3.1,20.0,1,100.0
2024-02-02 09:00:00,EQ_M001,Compressor,10841.7,17.5,8.0,22.36,6.66,20.0,1,100.0
2024-02-02 09:00:00,EQ_M002,Water Pump,12573.2,21.2,8.0,17.94,3.48,20.0,1,100.0
2024-02-02 09:00:00,EQ_M003,Air Handler,10012.6,18.5,7.27,15.31,2.92,20.0,1,100.0
2024-02-02 09:00:00,EQ_B001,Compressor,7124.0,17.5,4.85,19.88,6.64,58.9,0,71.1
2024-02-02 09:00:00,EQ_B002,Water Pump,9585.7,17.9,7.02,14.58,2.82,21.6,1,100.0
2024-02-02 10:00:00,EQ_M001,Compressor,10842.6,18.6,7.89,22.64,6.81,20.0,1,100.0
2024-02-02 10:00:00,EQ_M002,Water Pump,12574.0,21.2,8.0,15.34,3.07,20.0,1,100.0
2024-02-02 10:00:00,EQ_M003,Air Handler,10013.6,16.7,7.59,16.33,2.66,20.0,1,100.0
2024-02-02 10:00:00,EQ_B001,Compressor,7124.6,17.1,4.64,22.72,6.42,59.5,0,70.5
2024-02-02 10:00:00,EQ_B002,Water Pump,9586.2,17.0,7.57,15.89,2.86,20.0,1,100.0
2024-02-02 11:00:00,EQ_M001,Compressor,10843.1,18.7,8.0,20.81,6.19,20.0,1,100.0
2024-02-02 11:00:00,EQ_M002,Water Pump,12574.8,24.3,8.0,15.63,2.82,20.0,1,100.0
2024-02-02 11:00:00,EQ_M003,Air Handler,10014.5,15.7,7.52,16.92,2.88,20.0,1,100.0
2024-02-02 11:00:00,EQ_B001,Compressor,7125.4,16.3,4.46,21.22,6.18,60.0,0,70.0
2024-02-02 11:00:00,EQ_B002,Water Pump,9587.0,15.7,7.05,14.93,3.1,21.5,1,100.0
2024-02-02 12:00:00,EQ_M001,Compressor,10844.0,17.3,8.0,22.35,6.34,20.0,1,100.0
2024-02-02 12:00:00,EQ_M002,Water Pump,12575.7,23.9,8.0,17.78,2.9,20.0,1,100.0
2024-02-02 12:00:00,EQ_M003,Air Handler,10015.2,16.1,8.0,14.99,3.37,20.0,1,100.0
2024-02-02 12:00:00,EQ_B001,Compressor,7126.0,16.9,4.65,21.09,5.94,59.5,0,70.5
2024-02-02 12:00:00,EQ_B002,Water Pump,9587.7,17.9,7.32,14.82,3.09,20.7,1,100.0
2024-02-02 13:00:00,EQ_M001,Compressor,10844.8,19.0,8.0,20.99,6.59,20.0,1,100.0
2024-02-02 13:00:00,EQ_M002,Water Pump,12576.6,23.7,8.0,14.05,3.0,20.0,1,100.0
2024-02-02 13:00:00,EQ_M003,Air Handler,10016.0,16.8,7.83,15.96,2.79,20.0,1,100.0
2024-02-02 13:00:00,EQ_B001,Compressor,7126.8,17.9,4.64,23.41,6.47,59.5,0,70.5
2024-02-02 13:00:00,EQ_B002,Water Pump,9588.5,17.3,7.34,14.25,2.96,20.6,1,100.0
2024-02-02 14:00:00,EQ_M001,Compressor,10845.8,18.8,8.0,21.67,6.65,20.0,1,100.0
2024-02-02 14:00:00,EQ_M002,Water Pump,12577.5,22.8,8.0,16.08,3.26,20.0,1,100.0
2024-02-02 14:00:00,EQ_M003,Air Handler,10016.6,16.7,7.55,16.86,2.92,20.0,1,100.0
2024-02-02 14:00:00,EQ_B001,Compressor,7127.8,16.1,4.42,25.39,6.18,60.1,0,69.9
2024-02-02 14:00:00,EQ_B002,Water Pump,9589.5,17.9,6.63,15.53,3.0,22.7,1,100.0
2024-02-02 15:00:00,EQ_M001,Compressor,10846.6,19.3,8.0,22.28,6.47,20.0,1,100.0
2024-02-02 15:00:00,EQ_M002,Water Pump,12578.2,21.3,8.0,16.3,3.03,20.0,1,100.0
2024-02-02 15:00:00,EQ_M003,Air Handler,10017.2,20.0,7.36,12.28,2.93,20.0,1,100.0
2024-02-02 15:00:00,EQ_B001,Compressor,7128.6,16.7,4.58,22.31,6.51,59.7,0,70.3
2024-02-02 15:00:00,EQ_B002,Water Pump,9590.1,18.1,7.28,13.02,3.24,20.8,1,100.0
2024-02-02 16:00:00,EQ_M001,Compressor,10847.3,19.7,7.69,24.04,6.68,20.0,1,100.0
2024-02-02 16:00:00,EQ_M002,Water Pump,12579.1,21.7,8.0,14.91,2.99,20.0,1,100.0
2024-02-02 16:00:00,EQ_M003,Air Handler,10018.0,18.4,7.57,16.65,2.89,20.0,1,100.0
2024-02-02 16:00:00,EQ_B001,Compressor,7129.5,18.5,4.48,24.83,6.96,59.9,0,70.1
2024-02-02 16:00:00,EQ_B002,Water Pump,9591.1,17.2,7.13,16.8,2.96,21.2,1,100.0
2024-02-02 17:00:00,EQ_M001,Compressor,10848.2,18.5,8.0,19.41,6.47,20.0,1,100.0
2024-02-02 17:00:00,EQ_M002,Water Pump,12580.0,20.5,8.0,15.98,2.85,20.0,1,100.0
2024-02-02 17:00:00,EQ_M003,Air Handler,10018.7,17.8,8.0,14.52,2.72,20.0,1,100.0
2024-02-02 17:00:00,EQ_B001,Compressor,7130.1,16.0,4.78,22.16,6.41,59.0,0,71.0
2024-02-02 17:00:00,EQ_B002,Water Pump,9591.8,16.3,7.16,15.61,3.02,21.1,1,100.0
2024-02-02 18:00:00,EQ_M001,Compressor,10848.7,15.5,8.0,22.08,6.73,20.0,1,100.0
2024-02-02 18:00:00,EQ_M002,Water Pump,12580.9,21.5,8.0,13.41,3.31,20.0,1,100.0
2024-02-02 18:00:00,EQ_M003,Air Handler,10019.2,16.7,7.29,17.05,3.37,20.0,1,100.0
2024-02-02 18:00:00,EQ_B001,Compressor,7130.7,16.6,4.61,25.24,6.2,59.5,0,70.5
2024-02-02 18:00:00,EQ_B002,Water Pump,9592.6,19.9,7.02,16.34,3.18,21.5,1,100.0
2024-02-02 19:00:00,EQ_M001,Compressor,10849.6,18.4,8.0,20.96,6.68,20.0,1,100.0
2024-02-02 19:00:00,EQ_M002,Water Pump,12581.8,21.2,8.0,13.99,3.11,20.0,1,100.0
2024-02-02 19:00:00,EQ_M003,Air Handler,10019.8,18.5,7.3,13.85,3.36,20.0,1,100.0
2024-02-02 19:00:00,EQ_B001,Compressor,7131.3,15.7,5.1,20.86,6.05,58.1,0,71.9
2024-02-02 19:00:00,EQ_B002,Water Pump,9593.1,15.7,7.11,18.34,3.46,21.2,1,100.0
2024-02-02 20:00:00,EQ_M001,Compressor,10850.2,18.9,8.0,22.05,6.37,20.0,1,100.0
2024-02-02 20:00:00,EQ_M002,Water Pump,12582.8,23.0,8.0,14.77,2.87,20.0,1,100.0
2024-02-02 20:00:00,EQ_M003,Air Handler,10020.4,17.0,7.53,15.24,2.8,20.0,1,100.0
2024-02-02 20:00:00,EQ_B001,Compressor,7132.0,16.5,4.66,17.88,6.79,59.4,0,70.6
2024-02-02 20:00:00,EQ_B002,Water Pump,9593.8,15.7,7.68,15.36,2.73,20.0,1,100.0
2024-02-02 21:00:00,EQ_M001,Compressor,10851.0,19.0,8.0,19.16,6.51,20.0,1,100.0
2024-02-02 21:00:00,EQ_M002,Water Pump,12583.4,23.1,8.0,13.55,2.91,20.0,1,100.0
2024-02-02 21:00:00,EQ_M003,Air Handler,10021.3,17.1,7.6,12.97,2.9,20.0,1,100.0
2024-02-02 21:00:00,EQ_B001,Compressor,7132.6,16.2,4.67,21.26,6.11,59.3,0,70.7
2024-02-02 21:00:00,EQ_B002,Water Pump,9594.4,15.4,7.77,13.48,2.89,20.0,1,100.0
2024-02-02 22:00:00,EQ_M001,Compressor,10851.5,17.4,8.0,24.11,6.74,20.0,1,100.0
2024-02-02 22:00:00,EQ_M002,Water Pump,12584.0,21.1,8.0,17.21,2.84,20.0,1,100.0
2024-02-02 22:00:00,EQ_M003,Air Handler,10022.3,16.1,7.65,12.77,3.43,20.0,1,100.0
2024-02-02 22:00:00,EQ_B001,Compressor,7133.3,14.2,4.5,24.28,6.45,59.8,0,70.2
2024-02-02 22:00:00,EQ_B002,Water Pump,9595.3,17.8,7.29,13.77,2.75,20.7,1,100.0
2024-02-02 23:00:00,EQ_M001,Compressor,10852.4,18.9,8.0,21.9,7.28,20.0,1,100.0
2024-02-02 23:00:00,EQ_M002,Water Pump,12585.0,21.5,8.0,15.85,2.99,20.0,1,100.0
2024-02-02 23:00:00,EQ_M003,Air Handler,10023.1,17.5,7.31,16.33,2.69,20.0,1,100.0
2024-02-02 23:00:00,EQ_B001,Compressor,7134.2,17.2,4.24,20.64,6.27,60.6,0,69.4
2024-02-02 23:00:00,EQ_B002,Water Pump,9596.0,17.1,7.26,13.76,2.92,20.8,1,100.0
2024-02-03 00:00:00,EQ_M001,Compressor,10853.2,18.8,8.0,25.04,6.56,20.0,1,100.0
2024-02-03 00:00:00,EQ_M002,Water Pump,12585.6,22.3,8.0,12.85,3.15,20.0,1,100.0
2024-02-03 00:00:00,EQ_M003,Air Handler,10024.0,18.0,7.75,18.67,3.04,20.0,1,100.0
2024-02-03 00:00:00,EQ_B001,Compressor,7135.0,16.4,5.13,22.46,6.68,57.9,0,72.1
2024-02-03 00:00:00,EQ_B002,Water Pump,9596.7,15.8,6.45,14.77,2.68,23.2,1,100.0
2024-02-03 01:00:00,EQ_M001,Compressor,10853.9,17.5,8.0,22.97,6.29,20.0,1,100.0
2024-02-03 01:00:00,EQ_M002,Water Pump,12586.5,22.1,8.0,15.06,3.1,20.0,1,100.0
2024-02-03 01:00:00,EQ_M003,Air Handler,10024.5,17.8,7.87,16.46,3.04,20.0,1,100.0
2024-02-03 01:00:00,EQ_B001,Compressor,7135.9,18.1,4.27,21.27,6.75,60.5,0,69.5
2024-02-03 01:00:00,EQ_B002,Water Pump,9597.5,17.2,6.83,15.81,2.76,22.0,1,100.0
2024-02-03 02:00:00,EQ_M001,Compressor,10854.8,19.3,8.0,21.58,6.79,20.0,1,100.0
2024-02-03 02:00:00,EQ_M002,Water Pump,12587.4,21.5,8.0,15.24,3.12,20.0,1,100.0
2024-02-03 02:00:00,EQ_M003,Air Handler,10025.5,17.5,7.65,14.01,2.99,20.0,1,100.0
2024-02-03 02:00:00,EQ_B001,Compressor,7136.5,16.0,4.65,24.99,6.12,59.4,0,70.6
2024-02-03 02:00:00,EQ_B002,Water Pump,9598.1,16.9,7.66,14.31,2.9,20.0,1,100.0
2024-02-03 03:00:00,EQ_M001,Compressor,10855.4,16.6,8.0,21.86,6.39,20.0,1,100.0
2024-02-03 03:00:00,EQ_M002,Water Pump,12587.9,21.9,8.0,14.07,3.06,20.0,1,100.0
2024-02-03 03:00:00,EQ_M003,Air Handler,10026.0,18.8,8.0,12.58,3.1,20.0,1,100.0
2024-02-03 03:00:00,EQ_B001,Compressor,7137.1,17.1,5.18,19.47,6.22,57.7,0,72.3
2024-02-03 03:00:00,EQ_B002,Water Pump,9598.8,15.4,7.16,16.32,3.05,21.0,1,100.0
2024-02-03 04:00:00,EQ_M001,Compressor,10856.1,17.5,8.0,24.77,6.4,20.0,1,100.0
2024-02-03 04:00:00,EQ_M002,Water Pump,12588.8,22.0,8.0,15.99,2.78,20.0,1,100.0
2024-02-03 04:00:00,EQ_M003,Air Handler,10026.7,18.9,7.32,15.96,2.88,20.0,1,100.0
2024-02-03 04:00:00,EQ_B001,Compressor,7137.6,15.0,4.71,24.22,6.6,59.2,0,70.8
2024-02-03 04:00:00,EQ_B002,Water Pump,9599.6,16.8,7.14,17.89,2.83,21.1,1,100.0
2024-02-03 05:00:00,EQ_M001,Compressor,10856.8,18.2,8.0,25.03,6.45,20.0,1,100.0
2024-02-03 05:00:00,EQ_M002,Water Pump,12589.7,21.4,8.0,15.13,2.7,20.0,1,100.0
2024-02-03 05:00:00,EQ_M003,Air Handler,10027.6,17.9,8.0,16.15,2.97,20.0,1,100.0
2024-02-03 05:00:00,EQ_B001,Compressor,7138.5,16.2,4.77,22.6,6.4,59.0,0,71.0
2024-02-03 05:00:00,EQ_B002,Water Pump,9600.5,16.3,6.94,15.02,3.13,21.7,1,100.0
2024-02-03 06:00:00,EQ_M001,Compressor,10857.4,18.0,8.0,22.29,6.57,20.0,1,100.0
2024-02-03 06:00:00,EQ_M002,Water Pump,12590.3,20.5,8.0,15.9,3.11,20.0,1,100.0
2024-02-03 06:00:00,EQ_M003,Air Handler,10028.1,14.8,7.12,17.37,2.75,20.0,1,100.0
2024-02-03 06:00:00,EQ_B001,Compressor,7139.2,18.6,4.75,22.62,6.77,59.0,0,71.0
2024-02-03 06:00:00,EQ_B002,Water Pump,9601.2,18.0,6.73,15.45,2.9,22.3,1,100.0
2024-02-03 07:00:00,EQ_M001,Compressor,10857.9,18.7,8.0,24.93,6.62,20.0,1,100.0
2024-02-03 07:00:00,EQ_M002,Water Pump,12591.3,22.5,8.0,14.83,2.98,20.0,1,100.0
2024-02-03 07:00:00,EQ_M003,Air Handler,10028.8,17.2,7.52,15.99,3.43,20.0,1,100.0
2024-02-03 07:00:00,EQ_B001,Compressor,7140.0,15.3,4.49,20.03,6.5,59.8,0,70.2
2024-02-03 07:00:00,EQ_B002,Water Pump,9601.7,14.9,6.69,18.14,2.9,22.4,1,100.0
2024-02-03 08:00:00,EQ_M001,Compressor,10858.8,17.1,8.0,24.12,6.51,20.0,1,100.0
2024-02-03 08:00:00,EQ_M002,Water Pump,12592.2,22.2,8.0,15.14,2.83,20.0,1,100.0
2024-02-03 08:00:00,EQ_M003,Air Handler,10029.7,16.0,7.51,15.81,2.8,20.0,1,100.0
2024-02-03 08:00:00,EQ_B001,Compressor,7140.8,17.7,3.97,18.52,6.65,61.3,0,68.7
2024-02-03 08:00:00,EQ_B002,Water Pump,9602.6,16.2,6.76,15.47,3.11,22.2,1,100.0
2024-02-03 09:00:00,EQ_M001,Compressor,10859.5,17.8,8.0,22.82,6.87,20.0,1,100.0
2024-02-03 09:00:00,EQ_M002,Water Pump,12592.8,20.3,8.0,11.7,3.15,20.0,1,100.0
2024-02-03 09:00:00,EQ_M003,Air Handler,10030.2,15.4,7.1,16.54,2.66,20.0,1,100.0
2024-02-03 09:00:00,EQ_B001,Compressor,7141.6,16.3,5.1,24.2,6.31,57.9,0,72.1
2024-02-03 09:00:00,EQ_B002,Water Pump,9603.4,17.6,7.4,14.34,2.98,20.3,1,100.0
2024-02-03 10:00:00,EQ_M001,Compressor,10860.5,17.4,8.0,24.04,6.6,20.0,1,100.0
2024-02-03 10:00:00,EQ_M002,Water Pump,12593.5,20.9,8.0,14.75,3.01,20.0,1,100.0
2024-02-03 10:00:00,EQ_M003,Air Handler,10030.9,14.6,7.66,13.62,2.98,20.0,1,100.0
2024-02-03 10:00:00,EQ_B001,Compressor,7142.4,17.4,4.21,20.49,6.72,60.6,0,69.4
2024-02-03 10:00:00,EQ_B002,Water Pump,9604.4,17.9,6.51,16.96,2.84,22.9,1,100.0
2024-02-03 11:00:00,EQ_M001,Compressor,10861.2,19.6,8.0,22.03,6.45,20.0,1,100.0
2024-02-03 11:00:00,EQ_M002,Water Pump,12594.1,22.6,8.0,16.01,3.07,20.0,1,100.0
2024-02-03 11:00:00,EQ_M003,Air Handler,10031.7,18.3,6.98,14.7,3.37,20.0,1,100.0
2024-02-03 11:00:00,EQ_B001,Compressor,7143.1,17.7,4.24,26.17,6.64,60.5,0,69.5
2024-02-03 11:00:00,EQ_B002,Water Pump,9605.0,15.8,7.36,12.77,2.66,20.4,1,100.0
2024-02-03 12:00:00,EQ_M001,Compressor,10862.0,19.4,8.0,23.71,6.52,20.0,1,100.0
2024-02-03 12:00:00,EQ_M002,Water Pump,12594.6,20.8,8.0,13.04,2.93,20.0,1,100.0
2024-02-03 12:00:00,EQ_M003,Air Handler,10032.2,16.9,7.14,16.56,2.96,20.0,1,100.0
2024-02-03 12:00:00,EQ_B001,Compressor,7143.8,16.3,4.71,20.88,6.37,59.1,0,70.9
2024-02-03 12:00:00,EQ_B002,Water Pump,9605.9,16.7,7.2,13.7,3.1,20.8,1,100.0
2024-02-03 13:00:00,EQ_M001,Compressor,10863.0,18.6,8.0,25.86,6.44,20.0,1,100.0
2024-02-03 13:00:00,EQ_M002,Water Pump,12595.4,22.5,8.0,13.65,2.95,20.0,1,100.0
2024-02-03 13:00:00,EQ_M003,Air Handler,10032.8,17.3,6.59,15.48,3.04,20.0,1,100.0
2024-02-03 13:00:00,EQ_B001,Compressor,7144.5,18.9,4.68,20.32,6.31,59.1,0,70.9
2024-02-03 13:00:00,EQ_B002,Water Pump,9606.8,16.7,7.11,14.55,2.94,21.1,1,100.0
2024-02-03 14:00:00,EQ_M001,Compressor,10863.7,17.8,8.0,22.05,6.63,20.0,1,100.0
2024-02-03 14:00:00,EQ_M002,Water Pump,12595.9,22.4,8.0,14.51,3.26,20.0,1,100.0
2024-02-03 14:00:00,EQ_M003,Air Handler,10033.6,16.8,7.29,14.91,3.12,20.0,1,100.0
2024-02-03 14:00:00,EQ_B001,Compressor,7145.2,17.0,4.3,23.61,6.21,60.3,0,69.7
2024-02-03 14:00:00,EQ_B002,Water Pump,9607.5,16.2,7.27,15.49,3.09,20.6,1,100.0
2024-02-03 15:00:00,EQ_M001,Compressor,10864.3,19.7,7.93,20.56,6.79,20.0,1,100.0
2024-02-03 15:00:00,EQ_M002,Water Pump,12596.7,22.5,8.0,17.5,2.95,20.0,1,100.0
2024-02-03 15:00:00,EQ_M003,Air Handler,10034.3,15.8,7.65,14.33,2.71,20.0,1,100.0
2024-02-03 15:00:00,EQ_B001,Compressor,7146.1,14.3,4.42,19.97,6.36,59.9,0,70.1
2024-02-03 15:00:00,EQ_B002,Water Pump,9608.3,16.8,6.68,13.79,3.1,22.4,1,100.0
2024-02-03 16:00:00,EQ_M001,Compressor,10865.2,17.9,8.0,21.87,6.42,20.0,1,100.0
2024-02-03 16:00:00,EQ_M002,Water Pump,12597.6,21.6,8.0,13.37,3.03,20.0,1,100.0
2024-02-03 16:00:00,EQ_M003,Air Handler,10034.8,16.8,7.85,17.13,2.97,20.0,1,100.0
2024-02-03 16:00:00,EQ_B001,Compressor,7146.7,15.7,4.37,22.75,6.43,60.1,0,69.9
2024-02-03 16:00:00,EQ_B002,Water Pump,9608.8,15.8,7.32,15.83,3.08,20.4,1,100.0
2024-02-03 17:00:00,EQ_M001,Compressor,10866.1,18.1,8.0,22.53,6.67,20.0,1,100.0
2024-02-03 17:00:00,EQ_M002,Water Pump,12598.4,21.9,8.0,14.98,2.85,20.0,1,100.0
2024-02-03 17:00:00,EQ_M003,Air Handler,10035.7,16.1,7.5,12.36,2.71,20.0,1,100.0
2024-02-03 17:00:00,EQ_B001,Compressor,7147.5,16.4,4.47,23.01,6.58,59.8,0,70.2
2024-02-03 17:00:00,EQ_B002,Water Pump,9609.8,17.2,7.01,13.47,3.09,21.4,1,100.0
2024-02-03 18:00:00,EQ_M001,Compressor,10867.0,19.1,7.56,21.11,6.99,20.0,1,100.0
2024-02-03 18:00:00,EQ_M002,Water Pump,12599.3,21.9,8.0,14.85,2.97,20.0,1,100.0
2024-02-03 18:00:00,EQ_M003,Air Handler,10036.4,14.9,7.38,13.2,3.04,20.0,1,100.0
2024-02-03 18:00:00,EQ_B001,Compressor,7148.2,16.0,5.01,22.22,6.51,58.1,0,71.9
2024-02-03 18:00:00,EQ_B002,Water Pump,9610.7,17.8,7.15,14.11,2.99,20.9,1,100.0
2024-02-03 19:00:00,EQ_M001,Compressor,10867.5,18.1,8.0,24.36,6.46,20.0,1,100.0
2024-02-03 19:00:00,EQ_M002,Water Pump,12599.9,22.2,8.0,18.53,3.11,20.0,1,100.0
2024-02-03 19:00:00,EQ_M003,Air Handler,10036.9,18.8,7.15,14.27,3.46,20.0,1,100.0
2024-02-03 19:00:00,EQ_B001,Compressor,7149.1,17.9,4.47,20.63,6.64,59.7,0,70.3
2024-02-03 19:00:00,EQ_B002,Water Pump,9611.7,18.6,6.56,14.77,3.13,22.7,1,100.0
2024-02-03 20:00:00,EQ_M001,Compressor,10868.3,16.7,8.0,21.15,6.56,20.0,1,100.0
2024-02-03 20:00:00,EQ_M002,Water Pump,12600.6,22.9,8.0,15.68,3.07,20.0,1,100.0
2024-02-03 20:00:00,EQ_M003,Air Handler,10037.9,16.1,7.52,13.69,2.67,20.0,1,100.0
2024-02-03 20:00:00,EQ_B001,Compressor,7149.7,18.0,4.3,21.83,6.29,60.2,0,69.8
2024-02-03 20:00:00,EQ_B002,Water Pump,9612.3,15.7,7.14,15.48,2.86,20.9,1,100.0
2024-02-03 21:00:00,EQ_M001,Compressor,10868.9,21.2,8.0,23.42,6.3,20.0,1,100.0
2024-02-03 21:00:00,EQ_M002,Water Pump,12601.6,23.5,8.0,14.14,3.03,20.0,1,100.0
2024-02-03 21:00:00,EQ_M003,Air Handler,10038.5,18.1,7.52,16.57,2.97,20.0,1,100.0
2024-02-03 21:00:00,EQ_B001,Compressor,7150.3,17.0,4.28,18.48,6.51,60.3,0,69.7
2024-02-03 21:00:00,EQ_B002,Water Pump,9612.9,16.3,7.3,17.26,3.0,20.4,1,100.0
2024-02-03 22:00:00,EQ_M001,Compressor,10869.5,19.2,8.0,18.43,6.44,20.0,1,100.0
2024-02-03 22:00:00,EQ_M002,Water Pump,12602.1,21.3,8.0,14.2,3.03,20.0,1,100.0
2024-02-03 22:00:00,EQ_M003,Air Handler,10039.0,16.2,7.49,14.97,2.83,20.0,1,100.0
2024-02-03 22:00:00,EQ_B001,Compressor,7151.3,16.5,5.06,18.36,6.44,57.9,0,72.1
2024-02-03 22:00:00,EQ_B002,Water Pump,9613.4,16.4,7.54,15.72,3.09,20.0,1,100.0
2024-02-03 23:00:00,EQ_M001,Compressor,10870.4,17.9,8.0,24.21,6.68,20.0,1,100.0
2024-02-03 23:00:00,EQ_M002,Water Pump,12603.1,22.5,8.0,14.1,3.02,20.0,1,100.0
2024-02-03 23:00:00,EQ_M003,Air Handler,10039.7,17.4,7.46,14.81,3.19,20.0,1,100.0
2024-02-03 23:00:00,EQ_B001,Compressor,7152.2,16.2,4.24,19.41,6.06,60.4,0,69.6
2024-02-03 23:00:00,EQ_B002,Water Pump,9614.0,15.5,7.28,12.8,2.89,20.5,1,100.0
2024-02-04 00:00:00,EQ_M001,Compressor,10871.3,19.0,8.0,18.97,7.24,20.0,1,100.0
2024-02-04 00:00:00,EQ_M002,Water Pump,12603.9,22.6,8.0,15.12,2.69,20.0,1,100.0
2024-02-04 00:00:00,EQ_M003,Air Handler,10040.4,17.8,7.14,16.76,3.21,20.0,1,100.0
2024-02-04 00:00:00,EQ_B001,Compressor,7153.2,15.1,4.51,22.32,6.24,59.5,0,70.5
2024-02-04 00:00:00,EQ_B002,Water Pump,9614.9,17.0,7.37,18.26,2.83,20.2,1,100.0
2024-02-04 01:00:00,EQ_M001,Compressor,10872.1,18.5,8.0,22.02,6.7,20.0,1,100.0
2024-02-04 01:00:00,EQ_M002,Water Pump,12604.8,22.2,8.0,16.55,2.8,20.0,1,100.0
2024-02-04 01:00:00,EQ_M003,Air Handler,10041.0,15.9,6.98,15.42,2.88,20.0,1,100.0
2024-02-04 01:00:00,EQ_B001,Compressor,7154.1,16.0,4.54,22.97,6.68,59.4,0,70.6
2024-02-04 01:00:00,EQ_B002,Water Pump,9615.5,16.2,7.09,13.02,3.16,21.0,1,100.0
2024-02-04 02:00:00,EQ_M001,Compressor,10873.0,19.4,8.0,23.37,6.64,20.0,1,100.0
2024-02-04 02:00:00,EQ_M002,Water Pump,12605.7,22.1,8.0,15.05,3.14,20.0,1,100.0
2024-02-04 02:00:00,EQ_M003,Air Handler,10041.5,17.9,7.88,15.16,3.14,20.0,1,100.0
2024-02-04 02:00:00,EQ_B001,Compressor,7154.8,16.7,4.7,23.79,6.45,59.0,0,71.0
2024-02-04 02:00:00,EQ_B002,Water Pump,9616.3,16.0,7.81,13.6,3.17,20.0,1,100.0
2024-02-04 03:00:00,EQ_M001,Compressor,10873.8,18.1,8.0,19.9,5.8,20.0,1,100.0
2024-02-04 03:00:00,EQ_M002,Water Pump,12606.3,22.0,8.0,16.28,2.71,20.0,1,100.0
2024-02-04 03:00:00,EQ_M003,Air Handler,10042.3,15.5,6.72,15.01,2.99,20.0,1,100.0
2024-02-04 03:00:00,EQ_B001,Compressor,7155.4,14.6,4.84,22.51,6.67,58.5,0,71.5
2024-02-04 03:00:00,EQ_B002,Water Pump,9617.0,17.1,7.02,12.63,2.91,21.2,1,100.0
2024-02-04 04:00:00,EQ_M001,Compressor,10874.4,17.9,8.0,21.15,6.67,20.0,1,100.0
2024-02-04 04:00:00,EQ_M002,Water Pump,12606.9,20.8,8.0,16.73,3.16,20.0,1,100.0
2024-02-04 04:00:00,EQ_M003,Air Handler,10043.3,14.4,7.39,13.75,2.91,20.0,1,100.0
2024-02-04 04:00:00,EQ_B001,Compressor,7156.3,15.8,4.61,27.4,6.68,59.2,0,70.8
2024-02-04 04:00:00,EQ_B002,Water Pump,9617.9,16.3,6.86,15.95,3.29,21.7,1,100.0
2024-02-04 05:00:00,EQ_M001,Compressor,10875.4,19.0,8.0,22.22,6.43,20.0,1,100.0
2024-02-04 05:00:00,EQ_M002,Water Pump,12607.5,20.8,8.0,14.43,3.19,20.0,1,100.0
2024-02-04 05:00:00,EQ_M003,Air Handler,10044.1,16.0,7.88,15.36,3.21,20.0,1,100.0
2024-02-04 05:00:00,EQ_B001,Compressor,7156.9,17.2,4.14,21.81,6.9,60.6,0,69.4
2024-02-04 05:00:00,EQ_B002,Water Pump,9618.7,16.3,7.5,15.27,2.73,20.0,1,100.0
2024-02-04 06:00:00,EQ_M001,Compressor,10876.3,19.1,8.0,22.04,6.4,20.0,1,100.0
2024-02-04 06:00:00,EQ_M002,Water Pump,12608.2,22.3,8.0,13.9,2.63,20.0,1,100.0
2024-02-04 06:00:00,EQ_M003,Air Handler,10045.0,18.5,7.22,15.91,3.24,20.0,1,100.0
2024-02-04 06:00:00,EQ_B001,Compressor,7157.7,17.2,4.67,21.25,6.09,59.0,0,71.0
2024-02-04 06:00:00,EQ_B002,Water Pump,9619.7,16.5,6.85,16.4,3.29,21.7,1,100.0
2024-02-04 07:00:00,EQ_M001,Compressor,10876.8,18.4,8.0,22.78,6.42,20.0,1,100.0
2024-02-04 07:00:00,EQ_M002,Water Pump,12608.9,21.7,8.0,13.63,2.83,20.0,1,100.0
2024-02-04 07:00:00,EQ_M003,Air Handler,10045.6,16.6,7.76,13.64,3.08,20.0,1,100.0
2024-02-04 07:00:00,EQ_B001,Compressor,7158.6,16.7,4.71,18.49,6.83,58.9,0,71.1
2024-02-04 07:00:00,EQ_B002,Water Pump,9620.6,14.9,6.94,17.32,3.24,21.4,1,100.0
2024-02-04 08:00:00,EQ_M001,Compressor,10877.7,17.6,8.0,21.73,5.87,20.0,1,100.0
2024-02-04 08:00:00,EQ_M002,Water Pump,12609.5,21.0,8.0,15.26,3.34,20.0,1,100.0
2024-02-04 08:00:00,EQ_M003,Air Handler,10046.4,17.2,7.43,15.01,3.07,20.0,1,100.0
2024-02-04 08:00:00,EQ_B001,Compressor,7159.4,15.0,4.64,24.5,6.68,59.1,0,70.9
2024-02-04 08:00:00,EQ_B002,Water Pump,9621.2,16.2,6.93,16.19,3.15,21.4,1,100.0
2024-02-04 09:00:00,EQ_M001,Compressor,10878.4,18.1,8.0,22.32,6.69,20.0,1,100.0
2024-02-04 09:00:00,EQ_M002,Water Pump,12610.1,21.5,8.0,14.91,3.31,20.0,1,100.0
2024-02-04 09:00:00,EQ_M003,Air Handler,10047.4,17.0,7.33,16.35,3.09,20.0,1,100.0
2024-02-04 09:00:00,EQ_B001,Compressor,7160.3,17.9,5.33,23.59,5.99,57.0,0,73.0
2024-02-04 09:00:00,EQ_B002,Water Pump,9622.0,18.0,7.58,13.96,2.95,20.0,1,100.0
2024-02-04 10:00:00,EQ_M001,Compressor,10879.2,18.7,8.0,21.2,5.99,20.0,1,100.0
2024-02-04 10:00:00,EQ_M002,Water Pump,12610.7,21.4,8.0,17.7,3.03,20.0,1,100.0
2024-02-04 10:00:00,EQ_M003,Air Handler,10048.2,16.8,7.58,15.4,3.32,20.0,1,100.0
2024-02-04 10:00:00,EQ_B001,Compressor,7161.0,15.9,4.72,23.61,6.5,58.8,0,71.2
2024-02-04 10:00:00,EQ_B002,Water Pump,9622.8,15.9,6.82,13.65,3.22,21.7,1,100.0
2024-02-04 11:00:00,EQ_M001,Compressor,10880.0,18.1,8.0,26.4,6.18,20.0,1,100.0
2024-02-04 11:00:00,EQ_M002,Water Pump,12611.2,23.1,8.0,14.07,3.23,20.0,1,100.0
2024-02-04 11:00:00,EQ_M003,Air Handler,10049.0,16.9,8.0,15.26,2.92,20.0,1,100.0
2024-02-04 11:00:00,EQ_B001,Compressor,7161.8,16.8,4.97,24.52,6.76,58.1,0,71.9
2024-02-04 11:00:00,EQ_B002,Water Pump,9623.6,16.5,6.8,15.03,3.38,21.8,1,100.0
2024-02-04 12:00:00,EQ_M001,Compressor,10880.6,18.9,8.0,22.27,6.37,20.0,1,100.0
2024-02-04 12:00:00,EQ_M002,Water Pump,12611.8,23.1,8.0,14.4,2.85,20.0,1,100.0
2024-02-04 12:00:00,EQ_M003,Air Handler,10049.9,14.6,7.02,14.1,3.06,20.0,1,100.0
2024-02-04 12:00:00,EQ_B001,Compressor,7162.7,16.5,4.72,21.63,6.52,58.8,0,71.2
2024-02-04 12:00:00,EQ_B002,Water Pump,9624.4,15.9,6.75,13.46,3.1,22.0,1,100.0
2024-02-04 13:00:00,EQ_M001,Compressor,10881.6,17.8,8.0,19.16,6.51,20.0,1,100.0
2024-02-04 13:00:00,EQ_M002,Water Pump,12612.5,21.1,8.0,14.56,3.03,20.0,1,100.0
2024-02-04 13:00:00,EQ_M003,Air Handler,10050.4,16.4,7.79,13.85,2.68,20.0,1,100.0
2024-02-04 13:00:00,EQ_B001,Compressor,7163.6,17.8,4.4,24.29,5.59,59.8,0,70.2
2024-02-04 13:00:00,EQ_B002,Water Pump,9625.1,18.6,7.66,17.85,2.87,20.0,1,100.0
2024-02-04 14:00:00,EQ_M001,Compressor,10882.3,19.1,8.0,24.31,5.75,20.0,1,100.0
2024-02-04 14:00:00,EQ_M002,Water Pump,12613.5,21.5,8.0,14.4,2.95,20.0,1,100.0
2024-02-04 14:00:00,EQ_M003,Air Handler,10051.3,16.6,7.2,13.17,3.12,20.0,1,100.0
2024-02-04 14:00:00,EQ_B001,Compressor,7164.6,15.4,4.71,20.78,6.79,58.8,0,71.2
2024-02-04 14:00:00,EQ_B002,Water Pump,9625.9,14.3,6.91,16.23,3.0,21.5,1,100.0
2024-02-04 15:00:00,EQ_M001,Compressor,10883.0,18.2,8.0,20.22,7.35,20.0,1,100.0
2024-02-04 15:00:00,EQ_M002,Water Pump,12614.3,21.0,8.0,13.88,3.36,20.0,1,100.0
2024-02-04 15:00:00,EQ_M003,Air Handler,10051.9,16.7,7.8,14.25,2.67,20.0,1,100.0
2024-02-04 15:00:00,EQ_B001,Compressor,7165.2,15.5,5.03,24.29,6.23,57.8,0,72.2
2024-02-04 15:00:00,EQ_B002,Water Pump,9626.9,16.0,7.41,15.7,2.7,20.0,1,100.0
2024-02-04 16:00:00,EQ_M001,Compressor,10883.6,16.7,8.0,19.21,6.61,20.0,1,100.0
2024-02-04 16:00:00,EQ_M002,Water Pump,12615.2,21.2,8.0,14.36,2.81,20.0,1,100.0
2024-02-04 16:00:00,EQ_M003,Air Handler,10052.5,16.9,8.0,15.7,2.94,20.0,1,100.0
2024-02-04 16:00:00,EQ_B001,Compressor,7165.8,16.9,4.55,22.9,6.15,59.3,0,70.7
2024-02-04 16:00:00,EQ_B002,Water Pump,9627.8,17.7,6.77,16.13,3.31,21.8,1,100.0
2024-02-04 17:00:00,EQ_M001,Compressor,10884.4,17.0,8.0,21.73,6.37,20.0,1,100.0
2024-02-04 17:00:00,EQ_M002,Water Pump,12615.8,22.0,8.0,16.06,2.87,20.0,1,100.0
2024-02-04 17:00:00,EQ_M003,Air Handler,10053.3,16.9,7.41,16.44,2.9,20.0,1,100.0
2024-02-04 17:00:00,EQ_B001,Compressor,7166.6,17.4,4.69,20.43,6.98,58.9,0,71.1
2024-02-04 17:00:00,EQ_B002,Water Pump,9628.6,16.1,7.24,17.66,2.76,20.4,1,100.0
2024-02-04 18:00:00,EQ_M001,Compressor,10885.2,17.7,8.0,23.35,6.45,20.0,1,100.0
2024-02-04 18:00:00,EQ_M002,Water Pump,12616.5,23.1,8.0,14.69,3.19,20.0,1,100.0
2024-02-04 18:00:00,EQ_M003,Air Handler,10054.2,16.1,7.44,13.7,3.04,20.0,1,100.0
2024-02-04 18:00:00,EQ_B001,Compressor,7167.3,15.8,4.68,22.87,6.59,58.9,0,71.1
2024-02-04 18:00:00,EQ_B002,Water Pump,9629.4,16.0,7.12,11.96,3.23,20.8,1,100.0
2024-02-04 19:00:00,EQ_M001,Compressor,10885.7,18.2,8.0,21.54,6.45,20.0,1,100.0
2024-02-04 19:00:00,EQ_M002,Water Pump,12617.3,21.3,8.0,15.28,3.12,20.0,1,100.0
2024-02-04 19:00:00,EQ_M003,Air Handler,10055.0,15.9,7.69,14.71,3.04,20.0,1,100.0
2024-02-04 19:00:00,EQ_B001,Compressor,7167.8,16.5,5.07,19.77,5.93,57.7,0,72.3
2024-02-04 19:00:00,EQ_B002,Water Pump,9630.2,17.3,7.4,13.23,2.59,20.0,1,100.0
2024-02-04 20:00:00,EQ_M001,Compressor,10886.4,19.1,7.93,22.21,6.59,20.0,1,100.0
2024-02-04 20:00:00,EQ_M002,Water Pump,12618.1,21.9,8.0,15.13,3.16,20.0,1,100.0
2024-02-04 20:00:00,EQ_M003,Air Handler,10055.6,16.9,7.63,15.41,3.22,20.0,1,100.0
2024-02-04 20:00:00,EQ_B001,Compressor,7168.6,18.9,4.63,24.2,6.63,59.0,0,71.0
2024-02-04 20:00:00,EQ_B002,Water Pump,9631.1,16.8,7.2,14.08,3.25,20.5,1,100.0
2024-02-04 21:00:00,EQ_M001,Compressor,10887.1,17.6,8.0,23.1,7.04,20.0,1,100.0
2024-02-04 21:00:00,EQ_M002,Water Pump,12618.8,22.3,8.0,15.65,2.96,20.0,1,100.0
2024-02-04 21:00:00,EQ_M003,Air Handler,10056.6,17.5,7.15,17.12,3.34,20.0,1,100.0
2024-02-04 21:00:00,EQ_B001,Compressor,7169.4,18.1,4.99,25.31,6.13,57.9,0,72.1
2024-02-04 21:00:00,EQ_B002,Water Pump,9632.0,16.5,6.81,17.21,3.3,21.7,1,100.0
2024-02-04 22:00:00,EQ_M001,Compressor,10887.7,18.9,8.0,21.02,6.53,20.0,1,100.0
2024-02-04 22:00:00,EQ_M002,Water Pump,12619.3,22.3,8.0,19.17,2.74,20.0,1,100.0
2024-02-04 22:00:00,EQ_M003,Air Handler,10057.2,17.0,7.55,14.95,2.93,20.0,1,100.0
2024-02-04 22:00:00,EQ_B001,Compressor,7170.1,17.3,4.3,20.91,6.56,60.0,0,70.0
2024-02-04 22:00:00,EQ_B002,Water Pump,9632.9,17.7,7.16,13.32,2.97,20.6,1,100.0
2024-02-04 23:00:00,EQ_M001,Compressor,10888.6,17.6,8.0,24.84,6.28,20.0,1,100.0
2024-02-04 23:00:00,EQ_M002,Water Pump,12620.1,21.1,8.0,13.1,3.11,20.0,1,100.0
2024-02-04 23:00:00,EQ_M003,Air Handler,10058.0,16.3,7.58,17.88,2.88,20.0,1,100.0
2024-02-04 23:00:00,EQ_B001,Compressor,7171.1,17.3,4.6,20.8,6.7,59.1,0,70.9
2024-02-04 23:00:00,EQ_B002,Water Pump,9633.7,18.7,6.87,14.48,3.13,21.5,1,100.0
2024-02-05 00:00:00,EQ_M001,Compressor,10889.2,17.6,8.0,21.17,6.71,20.0,1,100.0
2024-02-05 00:00:00,EQ_M002,Water Pump,12620.9,20.9,8.0,13.53,3.11,20.0,1,100.0
2024-02-05 00:00:00,EQ_M003,Air Handler,10058.8,14.3,7.43,15.45,2.96,20.0,1,100.0
2024-02-05 00:00:00,EQ_B001,Compressor,7171.8,16.3,4.94,24.0,6.33,58.0,0,72.0
2024-02-05 00:00:00,EQ_B002,Water Pump,9634.5,16.3,7.24,13.69,2.97,20.4,1,100.0
2024-02-05 01:00:00,EQ_M001,Compressor,10889.9,18.4,8.0,21.53,6.64,20.0,1,100.0
2024-02-05 01:00:00,EQ_M002,Water Pump,12621.8,21.7,8.0,16.45,2.81,20.0,1,100.0
2024-02-05 01:00:00,EQ_M003,Air Handler,10059.6,16.5,7.77,14.47,3.08,20.0,1,100.0
2024-02-05 01:00:00,EQ_B001,Compressor,7172.5,15.5,5.1,20.03,6.32,57.5,0,72.5
2024-02-05 01:00:00,EQ_B002,Water Pump,9635.4,17.6,6.76,15.13,2.78,21.8,1,100.0
2024-02-05 02:00:00,EQ_M001,Compressor,10890.6,18.1,8.0,19.53,6.21,20.0,1,100.0
2024-02-05 02:00:00,EQ_M002,Water Pump,12622.5,19.3,8.0,16.12,3.23,20.0,1,100.0
2024-02-05 02:00:00,EQ_M003,Air Handler,10060.3,18.9,7.54,12.84,3.11,20.0,1,100.0
2024-02-05 02:00:00,EQ_B001,Compressor,7173.2,17.0,4.9,21.75,6.54,58.1,0,71.9
2024-02-05 02:00:00,EQ_B002,Water Pump,9636.4,16.4,6.39,14.02,3.04,22.9,1,100.0
2024-02-05 03:00:00,EQ_M001,Compressor,10891.5,18.5,8.0,22.18,6.4,20.0,1,100.0
2024-02-05 03:00:00,EQ_M002,Water Pump,12623.1,22.5,8.0,14.46,2.96,20.0,1,100.0
2024-02-05 03:00:00,EQ_M003,Air Handler,10061.2,16.2,7.68,15.66,3.27,20.0,1,100.0
2024-02-05 03:00:00,EQ_B001,Compressor,7173.9,16.1,4.98,20.11,6.71,57.9,0,72.1
2024-02-05 03:00:00,EQ_B002,Water Pump,9637.4,16.3,6.76,15.64,2.96,21.8,1,100.0
2024-02-05 04:00:00,EQ_M001,Compressor,10892.3,18.4,8.0,20.69,6.49,20.0,1,100.0
2024-02-05 04:00:00,EQ_M002,Water Pump,12623.8,21.1,8.0,15.09,3.16,20.0,1,100.0
2024-02-05 04:00:00,EQ_M003,Air Handler,10062.0,16.0,7.17,14.54,2.88,20.0,1,100.0
2024-02-05 04:00:00,EQ_B001,Compressor,7174.8,15.7,4.74,20.8,6.46,58.6,0,71.4
2024-02-05 04:00:00,EQ_B002,Water Pump,9638.0,16.6,6.91,16.53,3.1,21.3,1,100.0
2024-02-05 05:00:00,EQ_M001,Compressor,10893.1,16.9,8.0,20.48,6.71,20.0,1,100.0
2024-02-05 05:00:00,EQ_M002,Water Pump,12624.5,21.3,8.0,14.19,2.92,20.0,1,100.0
2024-02-05 05:00:00,EQ_M003,Air Handler,10062.5,16.0,7.73,13.38,2.88,20.0,1,100.0
2024-02-05 05:00:00,EQ_B001,Compressor,7175.6,16.9,4.99,24.45,6.03,57.8,0,72.2
2024-02-05 05:00:00,EQ_B002,Water Pump,9638.9,17.2,7.04,14.64,2.89,20.9,1,100.0
2024-02-05 06:00:00,EQ_M001,Compressor,10893.9,16.8,8.0,24.08,6.56,20.0,1,100.0
2024-02-05 06:00:00,EQ_M002,Water Pump,12625.0,21.3,8.0,14.86,2.96,20.0,1,100.0
2024-02-05 06:00:00,EQ_M003,Air Handler,10063.5,15.4,7.85,14.8,3.0,20.0,1,100.0
2024-02-05 06:00:00,EQ_B001,Compressor,7176.5,17.1,4.6,22.17,6.3,59.0,0,71.0
2024-02-05 06:00:00,EQ_B002,Water Pump,9639.8,17.3,7.17,15.67,2.94,20.5,1,100.0
2024-02-05 07:00:00,EQ_M001,Compressor,10894.8,18.9,8.0,23.43,6.84,20.0,1,100.0
2024-02-05 07:00:00,EQ_M002,Water Pump,12625.6,20.2,8.0,12.9,2.6,20.0,1,100.0
2024-02-05 07:00:00,EQ_M003,Air Handler,10064.4,16.9,7.61,13.18,3.12,20.0,1,100.0
2024-02-05 07:00:00,EQ_B001,Compressor,7177.2,17.4,4.49,21.59,6.04,59.3,0,70.7
2024-02-05 07:00:00,EQ_B002,Water Pump,9640.4,16.7,6.8,14.02,2.85,21.6,1,100.0
2024-02-05 08:00:00,EQ_M001,Compressor,10895.6,19.6,8.0,21.35,6.89,20.0,1,100.0
2024-02-05 08:00:00,EQ_M002,Water Pump,12626.5,21.5,8.0,14.0,3.1,20.0,1,100.0
2024-02-05 08:00:00,EQ_M003,Air Handler,10065.1,16.3,7.64,16.75,2.78,20.0,1,100.0
2024-02-05 08:00:00,EQ_B001,Compressor,7177.8,18.3,4.44,21.54,6.18,59.5,0,70.5
2024-02-05 08:00:00,EQ_B002,Water Pump,9641.3,15.1,7.18,11.92,2.91,20.4,1,100.0
2024-02-05 09:00:00,EQ_M001,Compressor,10896.5,17.5,8.0,19.49,6.42,20.0,1,100.0
2024-02-05 09:00:00,EQ_M002,Water Pump,12627.5,20.5,8.0,15.5,3.25,20.0,1,100.0
2024-02-05 09:00:00,EQ_M003,Air Handler,10066.0,16.4,8.0,14.45,2.92,20.0,1,100.0
2024-02-05 09:00:00,EQ_B001,Compressor,7178.6,14.0,5.07,19.72,6.32,57.6,0,72.4
2024-02-05 09:00:00,EQ_B002,Water Pump,9641.9,15.7,7.21,13.06,3.07,20.3,1,100.0
2024-02-05 10:00:00,EQ_M001,Compressor,10897.0,17.6,8.0,22.12,6.09,20.0,1,100.0
2024-02-05 10:00:00,EQ_M002,Water Pump,12628.3,21.9,8.0,13.79,2.96,20.0,1,100.0
2024-02-05 10:00:00,EQ_M003,Air Handler,10066.6,15.5,8.0,14.23,2.73,20.0,1,100.0
2024-02-05 10:00:00,EQ_B001,Compressor,7179.3,16.3,4.21,23.03,6.34,60.1,0,69.9
2024-02-05 10:00:00,EQ_B002,Water Pump,9642.8,16.5,7.29,15.24,2.79,20.1,1,100.0
2024-02-05 11:00:00,EQ_M001,Compressor,10898.0,16.9,8.0,26.5,6.22,20.0,1,100.0
2024-02-05 11:00:00,EQ_M002,Water Pump,12629.0,20.1,8.0,16.71,2.75,20.0,1,100.0
2024-02-05 11:00:00,EQ_M003,Air Handler,10067.5,16.3,7.33,14.77,2.93,20.0,1,100.0
2024-02-05 11:00:00,EQ_B001,Compressor,7180.2,16.3,5.05,19.44,6.58,57.6,0,72.4
2024-02-05 11:00:00,EQ_B002,Water Pump,9643.4,15.5,6.8,16.15,2.83,21.6,1,100.0
2024-02-05 12:00:00,EQ_M001,Compressor,10898.8,18.9,8.0,23.94,6.61,20.0,1,100.0
2024-02-05 12:00:00,EQ_M002,Water Pump,12629.6,22.0,8.0,14.54,2.68,20.0,1,100.0
2024-02-05 12:00:00,EQ_M003,Air Handler,10068.5,16.1,7.48,14.61,3.05,20.0,1,100.0
2024-02-05 12:00:00,EQ_B001,Compressor,7181.2,15.4,4.67,26.17,6.63,58.7,0,71.3
2024-02-05 12:00:00,EQ_B002,Water Pump,9644.2,14.9,6.92,14.25,2.89,21.2,1,100.0
2024-02-05 13:00:00,EQ_M001,Compressor,10899.3,19.2,8.0,23.78,6.7,20.0,1,100.0
2024-02-05 13:00:00,EQ_M002,Water Pump,12630.3,22.9,8.0,15.44,3.17,20.0,1,100.0
2024-02-05 13:00:00,EQ_M003,Air Handler,10069.2,14.7,7.95,15.93,2.9,20.0,1,100.0
2024-02-05 13:00:00,EQ_B001,Compressor,7182.1,16.1,4.85,22.44,6.33,58.2,0,71.8
2024-02-05 13:00:00,EQ_B002,Water Pump,9644.9,14.9,6.7,15.14,3.0,21.8,1,100.0
2024-02-05 14:00:00,EQ_M001,Compressor,10900.0,18.4,8.0,21.78,6.36,20.0,1,100.0
2024-02-05 14:00:00,EQ_M002,Water Pump,12631.3,23.1,8.0,15.56,2.98,20.0,1,100.0
2024-02-05 14:00:00,EQ_M003,Air Handler,10070.1,16.4,8.0,15.74,3.23,20.0,1,100.0
2024-02-05 14:00:00,EQ_B001,Compressor,7182.6,16.5,4.09,22.25,6.27,60.5,0,69.5
2024-02-05 14:00:00,EQ_B002,Water Pump,9645.8,15.7,7.16,14.25,2.86,20.5,1,100.0
2024-02-05 15:00:00,EQ_M001,Compressor,10900.5,16.3,8.0,23.82,6.55,20.0,1,100.0
2024-02-05 15:00:00,EQ_M002,Water Pump,12632.2,21.8,8.0,14.76,3.13,20.0,1,100.0
2024-02-05 15:00:00,EQ_M003,Air Handler,10070.8,14.4,8.0,16.73,2.99,20.0,1,100.0
2024-02-05 15:00:00,EQ_B001,Compressor,7183.2,16.6,4.47,25.69,6.56,59.3,0,70.7
2024-02-05 15:00:00,EQ_B002,Water Pump,9646.6,15.8,7.03,16.83,2.95,20.8,1,100.0
2024-02-05 16:00:00,EQ_M001,Compressor,10901.1,16.5,8.0,22.78,6.88,20.0,1,100.0
2024-02-05 16:00:00,EQ_M002,Water Pump,12633.2,22.5,8.0,13.07,2.99,20.0,1,100.0
2024-02-05 16:00:00,EQ_M003,Air Handler,10071.3,16.4,7.7,14.68,2.7,20.0,1,100.0
2024-02-05 16:00:00,EQ_B001,Compressor,7184.2,16.5,4.89,21.72,5.46,58.0,0,72.0
2024-02-05 16:00:00,EQ_B002,Water Pump,9647.5,16.0,6.86,14.43,3.38,21.3,1,100.0
2024-02-05 17:00:00,EQ_M001,Compressor,10901.7,18.9,8.0,22.41,6.57,20.0,1,100.0
2024-02-05 17:00:00,EQ_M002,Water Pump,12634.1,21.6,8.0,13.99,3.0,20.0,1,100.0
2024-02-05 17:00:00,EQ_M003,Air Handler,10071.9,16.8,7.68,18.0,3.16,20.0,1,100.0
2024-02-05 17:00:00,EQ_B001,Compressor,7185.0,15.8,4.77,21.65,6.24,58.4,0,71.6
2024-02-05 17:00:00,EQ_B002,Water Pump,9648.3,17.0,7.08,15.94,3.02,20.7,1,100.0
2024-02-05 18:00:00,EQ_M001,Compressor,10902.5,17.4,8.0,20.97,6.64,20.0,1,100.0
2024-02-05 18:00:00,EQ_M002,Water Pump,12635.1,22.7,8.0,15.2,2.87,20.0,1,100.0
2024-02-05 18:00:00,EQ_M003,Air Handler,10072.8,17.5,7.63,17.26,3.27,20.0,1,100.0
2024-02-05 18:00:00,EQ_B001,Compressor,7185.7,16.2,4.75,22.19,6.3,58.4,0,71.6
2024-02-05 18:00:00,EQ_B002,Water Pump,9649.1,15.8,6.84,14.12,2.74,21.4,1,100.0
2024-02-05 19:00:00,EQ_M001,Compressor,10903.2,15.1,7.92,19.84,6.21,20.0,1,100.0
2024-02-05 19:00:00,EQ_M002,Water Pump,12635.8,23.3,8.0,14.49,2.9,20.0,1,100.0
2024-02-05 19:00:00,EQ_M003,Air Handler,10073.4,15.9,7.87,15.93,2.82,20.0,1,100.0
2024-02-05 19:00:00,EQ_B001,Compressor,7186.3,15.3,4.89,22.77,6.03,58.0,0,72.0
2024-02-05 19:00:00,EQ_B002,Water Pump,9649.7,16.3,7.41,15.72,3.13,20.0,1,100.0
2024-02-05 20:00:00,EQ_M001,Compressor,10903.9,16.7,8.0,21.56,6.64,20.0,1,100.0
2024-02-05 20:00:00,EQ_M002,Water Pump,12636.4,21.4,8.0,12.31,2.87,20.0,1,100.0
2024-02-05 20:00:00,EQ_M003,Air Handler,10074.0,17.6,7.65,15.75,3.04,20.0,1,100.0
2024-02-05 20:00:00,EQ_B001,Compressor,7187.1,17.4,4.62,21.24,6.87,58.8,0,71.2
2024-02-05 20:00:00,EQ_B002,Water Pump,9650.4,17.1,7.15,18.24,2.92,20.4,1,100.0
2024-02-05 21:00:00,EQ_M001,Compressor,10904.7,17.9,8.0,26.57,6.44,20.0,1,100.0
2024-02-05 21:00:00,EQ_M002,Water Pump,12637.2,20.2,8.0,17.02,3.15,20.0,1,100.0
2024-02-05 21:00:00,EQ_M003,Air Handler,10075.0,15.5,7.63,15.08,2.91,20.0,1,100.0
2024-02-05 21:00:00,EQ_B001,Compressor,7187.8,16.5,4.31,20.61,7.18,59.7,0,70.3
2024-02-05 21:00:00,EQ_B002,Water Pump,9651.1,15.4,7.5,15.05,3.07,20.0,1,100.0
2024-02-05 22:00:00,EQ_M001,Compressor,10905.5,17.4,8.0,24.59,6.04,20.0,1,100.0
2024-02-05 22:00:00,EQ_M002,Water Pump,12638.1,22.8,8.0,13.12,3.08,20.0,1,100.0
2024-02-05 22:00:00,EQ_M003,Air Handler,10075.5,17.1,7.12,16.69,3.15,20.0,1,100.0
2024-02-05 22:00:00,EQ_B001,Compressor,7188.3,16.7,4.71,16.73,6.27,58.5,0,71.5
2024-02-05 22:00:00,EQ_B002,Water Pump,9651.8,16.9,7.68,16.7,3.08,20.0,1,100.0
2024-02-05 23:00:00,EQ_M001,Compressor,10906.5,19.2,8.0,22.1,6.62,20.0,1,100.0
2024-02-05 23:00:00,EQ_M002,Water Pump,12638.9,23.5,8.0,14.6,2.93,20.0,1,100.0
2024-02-05 23:00:00,EQ_M003,Air Handler,10076.0,16.0,7.79,16.51,2.97,20.0,1,100.0
2024-02-05 23:00:00,EQ_B001,Compressor,7189.2,17.2,4.53,19.67,6.56,59.0,0,71.0
2024-02-05 23:00:00,EQ_B002,Water Pump,9652.6,16.9,6.94,12.66,3.06,21.0,1,100.0
2024-02-06 00:00:00,EQ_M001,Compressor,10907.4,17.7,8.0,20.39,6.73,20.0,1,100.0
2024-02-06 00:00:00,EQ_M002,Water Pump,12639.6,21.5,8.0,17.38,2.85,20.0,1,100.0
2024-02-06 00:00:00,EQ_M003,Air Handler,10077.0,15.1,7.64,14.39,2.87,20.0,1,100.0
2024-02-06 00:00:00,EQ_B001,Compressor,7189.9,17.1,4.85,21.58,5.97,58.1,0,71.9
2024-02-06 00:00:00,EQ_B002,Water Pump,9653.2,15.8,7.19,14.9,2.97,20.3,1,100.0
2024-02-06 01:00:00,EQ_M001,Compressor,10908.2,16.6,8.0,22.18,6.1,20.0,1,100.0
2024-02-06 01:00:00,EQ_M002,Water Pump,12640.5,20.9,8.0,13.93,3.15,20.0,1,100.0
2024-02-06 01:00:00,EQ_M003,Air Handler,10077.7,16.3,7.37,15.46,2.96,20.0,1,100.0
2024-02-06 01:00:00,EQ_B001,Compressor,7190.7,15.8,5.03,23.44,6.72,57.5,0,72.5
2024-02-06 01:00:00,EQ_B002,Water Pump,9653.7,16.8,7.44,12.08,2.97,20.0,1,100.0
2024-02-06 02:00:00,EQ_M001,Compressor,10908.7,19.0,8.0,22.68,6.57,20.0,1,100.0
2024-02-06 02:00:00,EQ_M002,Water Pump,12641.3,20.0,8.0,15.45,3.31,20.0,1,100.0
2024-02-06 02:00:00,EQ_M003,Air Handler,10078.5,16.1,7.56,14.21,2.88,20.0,1,100.0
2024-02-06 02:00:00,EQ_B001,Compressor,7191.5,16.1,4.39,22.02,6.49,59.4,0,70.6
2024-02-06 02:00:00,EQ_B002,Water Pump,9654.7,14.0,7.43,16.08,2.98,20.0,1,100.0
2024-02-06 03:00:00,EQ_M001,Compressor,10909.5,19.2,8.0,19.17,7.0,20.0,1,100.0
2024-02-06 03:00:00,EQ_M002,Water Pump,12642.0,21.0,8.0,14.0,3.18,20.0,1,100.0
2024-02-06 03:00:00,EQ_M003,Air Handler,10079.0,15.7,7.68,17.07,2.93,20.0,1,100.0
2024-02-06 03:00:00,EQ_B001,Compressor,7192.3,14.2,4.95,20.59,6.97,57.7,0,72.3
2024-02-06 03:00:00,EQ_B002,Water Pump,9655.4,14.7,7.07,13.65,3.29,20.6,1,100.0
2024-02-06 04:00:00,EQ_M001,Compressor,10910.1,19.0,8.0,22.3,6.51,20.0,1,100.0
2024-02-06 04:00:00,EQ_M002,Water Pump,12642.9,22.7,8.0,15.46,2.77,20.0,1,100.0
2024-02-06 04:00:00,EQ_M003,Air Handler,10079.6,17.5,7.44,14.52,3.12,20.0,1,100.0
2024-02-06 04:00:00,EQ_B001,Compressor,7193.1,16.9,4.68,21.18,7.03,58.5,0,71.5
2024-02-06 04:00:00,EQ_B002,Water Pump,9656.3,17.1,6.99,16.97,3.02,20.8,1,100.0
2024-02-06 05:00:00,EQ_M001,Compressor,10910.7,17.7,8.0,23.36,7.03,20.0,1,100.0
2024-02-06 05:00:00,EQ_M002,Water Pump,12643.6,21.0,8.0,15.75,3.32,20.0,1,100.0
2024-02-06 05:00:00,EQ_M003,Air Handler,10080.2,16.0,7.18,13.85,3.07,20.0,1,100.0
2024-02-06 05:00:00,EQ_B001,Compressor,7193.9,16.9,5.03,23.53,6.49,57.5,0,72.5
2024-02-06 05:00:00,EQ_B002,Water Pump,9657.2,17.1,7.54,15.52,3.07,20.0,1,100.0
2024-02-06 06:00:00,EQ_M001,Compressor,10911.4,18.3,8.0,19.77,6.92,20.0,1,100.0
2024-02-06 06:00:00,EQ_M002,Water Pump,12644.5,20.8,8.0,12.73,2.82,20.0,1,100.0
2024-02-06 06:00:00,EQ_M003,Air Handler,10080.8,16.8,7.89,14.3,3.24,20.0,1,100.0
2024-02-06 06:00:00,EQ_B001,Compressor,7194.7,14.0,4.75,22.18,6.49,58.3,0,71.7
2024-02-06 06:00:00,EQ_B002,Water Pump,9658.0,15.8,7.12,15.74,2.59,20.4,1,100.0
2024-02-06 07:00:00,EQ_M001,Compressor,10912.2,17.4,8.0,20.26,6.55,20.0,1,100.0
2024-02-06 07:00:00,EQ_M002,Water Pump,12645.3,22.8,8.0,16.63,3.02,20.0,1,100.0
2024-02-06 07:00:00,EQ_M003,Air Handler,10081.6,17.9,7.35,11.3,2.95,20.0,1,100.0
2024-02-06 07:00:00,EQ_B001,Compressor,7195.3,15.0,4.89,21.76,6.5,57.9,0,72.1
2024-02-06 07:00:00,EQ_B002,Water Pump,9659.0,15.7,6.7,14.74,3.25,21.7,1,100.0
2024-02-06 08:00:00,EQ_M001,Compressor,10913.2,18.6,8.0,20.86,6.45,20.0,1,100.0
2024-02-06 08:00:00,EQ_M002,Water Pump,12646.1,22.4,8.0,15.56,3.24,20.0,1,100.0
2024-02-06 08:00:00,EQ_M003,Air Handler,10082.5,17.7,7.78,18.98,2.78,20.0,1,100.0
2024-02-06 08:00:00,EQ_B001,Compressor,7195.9,14.8,4.53,24.56,6.2,58.9,0,71.1
2024-02-06 08:00:00,EQ_B002,Water Pump,9659.7,14.5,7.01,14.57,2.58,20.7,1,100.0
2024-02-06 09:00:00,EQ_M001,Compressor,10914.0,18.4,8.0,24.63,6.39,20.0,1,100.0
2024-02-06 09:00:00,EQ_M002,Water Pump,12646.8,22.1,8.0,13.77,2.9,20.0,1,100.0
2024-02-06 09:00:00,EQ_M003,Air Handler,10083.0,18.1,7.73,15.28,2.84,20.0,1,100.0
2024-02-06 09:00:00,EQ_B001,Compressor,7196.5,17.4,4.55,19.7,6.85,58.9,0,71.1
2024-02-06 09:00:00,EQ_B002,Water Pump,9660.5,16.9,6.81,15.97,2.86,21.3,1,100.0
2024-02-06 10:00:00,EQ_M001,Compressor,10914.9,18.3,8.0,17.62,6.46,20.0,1,100.0
2024-02-06 10:00:00,EQ_M002,Water Pump,12647.7,21.7,8.0,14.94,2.69,20.0,1,100.0
2024-02-06 10:00:00,EQ_M003,Air Handler,10083.6,17.7,7.8,15.69,2.88,20.0,1,100.0
2024-02-06 10:00:00,EQ_B001,Compressor,7197.3,17.0,4.85,21.94,6.71,58.0,0,72.0
2024-02-06 10:00:00,EQ_B002,Water Pump,9661.1,16.5,7.1,11.14,3.02,20.4,1,100.0
2024-02-06 11:00:00,EQ_M001,Compressor,10915.9,17.1,8.0,19.04,5.91,20.0,1,100.0
2024-02-06 11:00:00,EQ_M002,Water Pump,12648.3,22.2,8.0,15.34,2.92,20.0,1,100.0
2024-02-06 11:00:00,EQ_M003,Air Handler,10084.2,15.3,7.44,14.04,2.91,20.0,1,100.0
2024-02-06 11:00:00,EQ_B001,Compressor,7197.9,16.8,4.82,23.4,6.28,58.1,0,71.9
2024-02-06 11:00:00,EQ_B002,Water Pump,9661.6,16.4,7.35,14.35,3.2,20.0,1,100.0
2024-02-06 12:00:00,EQ_M001,Compressor,10916.6,17.7,8.0,22.72,6.5,20.0,1,100.0
2024-02-06 12:00:00,EQ_M002,Water Pump,12649.1,21.4,8.0,16.34,3.24,20.0,1,100.0
2024-02-06 12:00:00,EQ_M003,Air Handler,10085.0,18.1,8.0,16.36,2.9,20.0,1,100.0
2024-02-06 12:00:00,EQ_B001,Compressor,7198.9,16.5,4.9,18.36,6.26,57.8,0,72.2
2024-02-06 12:00:00,EQ_B002,Water Pump,9662.2,16.5,7.0,12.01,2.71,20.7,1,100.0
2024-02-06 13:00:00,EQ_M001,Compressor,10917.3,17.7,8.0,21.7,6.26,20.0,1,100.0
2024-02-06 13:00:00,EQ_M002,Water Pump,12649.8,21.9,8.0,14.7,3.31,20.0,1,100.0
2024-02-06 13:00:00,EQ_M003,Air Handler,10085.7,17.5,7.81,12.12,3.02,20.0,1,100.0
2024-02-06 13:00:00,EQ_B001,Compressor,7199.6,16.4,4.85,22.57,6.14,58.0,0,72.0
2024-02-06 13:00:00,EQ_B002,Water Pump,9663.1,16.8,7.23,13.89,2.92,20.0,1,100.0
2024-02-06 14:00:00,EQ_M001,Compressor,10918.2,19.1,8.0,19.84,6.35,20.0,1,100.0
2024-02-06 14:00:00,EQ_M002,Water Pump,12650.4,22.5,8.0,17.85,3.19,20.0,1,100.0
2024-02-06 14:00:00,EQ_M003,Air Handler,10086.6,17.4,7.6,16.96,2.9,20.0,1,100.0
2024-02-06 14:00:00,EQ_B001,Compressor,7200.4,17.7,4.28,20.57,6.86,59.6,0,70.4
2024-02-06 14:00:00,EQ_B002,Water Pump,9664.1,14.7,7.35,17.1,2.88,20.0,1,100.0
2024-02-06 15:00:00,EQ_M001,Compressor,10918.8,16.8,8.0,22.96,6.47,20.0,1,100.0
2024-02-06 15:00:00,EQ_M002,Water Pump,12651.3,22.2,8.0,13.95,3.26,20.0,1,100.0
2024-02-06 15:00:00,EQ_M003,Air Handler,10087.1,16.3,7.0,15.67,2.28,20.0,1,100.0
2024-02-06 15:00:00,EQ_B001,Compressor,7201.4,14.7,4.8,20.25,6.93,58.1,0,71.9
2024-02-06 15:00:00,EQ_B002,Water Pump,9665.0,15.3,7.57,14.56,2.69,20.0,1,100.0
2024-02-06 16:00:00,EQ_M001,Compressor,10919.6,18.8,8.0,21.59,6.61,20.0,1,100.0
2024-02-06 16:00:00,EQ_M002,Water Pump,12652.0,22.2,8.0,16.95,3.12,20.0,1,100.0
2024-02-06 16:00:00,EQ_M003,Air Handler,10087.9,17.4,7.71,13.54,3.01,20.0,1,100.0
2024-02-06 16:00:00,EQ_B001,Compressor,7202.0,16.4,4.44,22.13,6.3,59.2,0,70.8
2024-02-06 16:00:00,EQ_B002,Water Pump,9665.7,17.2,6.73,13.22,2.95,21.5,1,100.0
2024-02-06 17:00:00,EQ_M001,Compressor,10920.2,17.7,8.0,25.01,6.39,20.0,1,100.0
2024-02-06 17:00:00,EQ_M002,Water Pump,12653.0,21.2,8.0,16.55,3.11,20.0,1,100.0
2024-02-06 17:00:00,EQ_M003,Air Handler,10088.7,14.9,7.06,15.22,3.22,20.0,1,100.0
2024-02-06 17:00:00,EQ_B001,Compressor,7202.8,17.1,4.25,23.21,6.39,59.7,0,70.3
2024-02-06 17:00:00,EQ_B002,Water Pump,9666.2,14.8,7.13,14.69,3.14,20.3,1,100.0
2024-02-06 18:00:00,EQ_M001,Compressor,10920.7,19.0,8.0,21.92,5.98,20.0,1,100.0
2024-02-06 18:00:00,EQ_M002,Water Pump,12653.5,21.0,8.0,19.96,3.15,20.0,1,100.0
2024-02-06 18:00:00,EQ_M003,Air Handler,10089.3,17.7,7.69,14.96,3.01,20.0,1,100.0
2024-02-06 18:00:00,EQ_B001,Compressor,7203.7,16.2,4.37,20.38,6.45,59.3,0,70.7
2024-02-06 18:00:00,EQ_B002,Water Pump,9667.1,17.3,6.83,17.15,2.92,21.2,1,100.0
2024-02-06 19:00:00,EQ_M001,Compressor,10921.7,16.8,8.0,19.9,6.24,20.0,1,100.0
2024-02-06 19:00:00,EQ_M002,Water Pump,12654.3,22.2,8.0,16.1,3.11,20.0,1,100.0
2024-02-06 19:00:00,EQ_M003,Air Handler,10090.1,16.4,7.44,15.2,2.9,20.0,1,100.0
2024-02-06 19:00:00,EQ_B001,Compressor,7204.3,17.8,4.75,20.75,6.72,58.2,0,71.8
2024-02-06 19:00:00,EQ_B002,Water Pump,9667.8,16.5,7.32,13.84,3.58,20.0,1,100.0
2024-02-06 20:00:00,EQ_M001,Compressor,10922.5,17.7,7.98,22.13,7.05,20.0,1,100.0
2024-02-06 20:00:00,EQ_M002,Water Pump,12655.0,21.5,8.0,17.64,2.48,20.0,1,100.0
2024-02-06 20:00:00,EQ_M003,Air Handler,10091.0,17.2,7.34,13.21,2.89,20.0,1,100.0
2024-02-06 20:00:00,EQ_B001,Compressor,7205.0,15.5,4.78,20.57,6.26,58.1,0,71.9
2024-02-06 20:00:00,EQ_B002,Water Pump,9668.7,15.0,6.85,15.41,3.04,21.1,1,100.0
2024-02-06 21:00:00,EQ_M001,Compressor,10923.1,17.2,8.0,22.18,6.12,20.0,1,100.0
2024-02-06 21:00:00,EQ_M002,Water Pump,12655.8,22.3,8.0,15.09,3.15,20.0,1,100.0
2024-02-06 21:00:00,EQ_M003,Air Handler,10091.5,15.8,7.68,12.37,2.84,20.0,1,100.0
2024-02-06 21:00:00,EQ_B001,Compressor,7205.6,16.9,5.17,22.75,7.12,56.9,0,73.1
2024-02-06 21:00:00,EQ_B002,Water Pump,9669.4,17.4,7.58,17.8,2.94,20.0,1,100.0
2024-02-06 22:00:00,EQ_M001,Compressor,10923.8,17.8,8.0,27.74,6.55,20.0,1,100.0
2024-02-06 22:00:00,EQ_M002,Water Pump,12656.5,21.2,8.0,15.6,3.18,20.0,1,100.0
2024-02-06 22:00:00,EQ_M003,Air Handler,10092.5,15.2,7.58,13.93,2.89,20.0,1,100.0
2024-02-06 22:00:00,EQ_B001,Compressor,7206.2,15.8,4.66,20.88,6.66,58.4,0,71.6
2024-02-06 22:00:00,EQ_B002,Water Pump,9670.2,15.6,6.55,13.2,2.91,22.0,1,100.0
2024-02-06 23:00:00,EQ_M001,Compressor,10924.7,17.4,8.0,21.95,6.44,20.0,1,100.0
2024-02-06 23:00:00,EQ_M002,Water Pump,12657.3,21.9,8.0,14.24,3.13,20.0,1,100.0
2024-02-06 23:00:00,EQ_M003,Air Handler,10093.4,15.2,7.36,12.8,2.87,20.0,1,100.0
2024-02-06 23:00:00,EQ_B001,Compressor,7207.0,16.5,4.32,18.56,6.9,59.5,0,70.5
2024-02-06 23:00:00,EQ_B002,Water Pump,9670.7,13.7,7.41,14.37,3.15,20.0,1,100.0
2024-02-07 00:00:00,EQ_M001,Compressor,10925.2,17.7,8.0,22.06,6.78,20.0,1,100.0
2024-02-07 00:00:00,EQ_M002,Water Pump,12657.9,21.7,8.0,18.61,2.9,20.0,1,100.0
2024-02-07 00:00:00,EQ_M003,Air Handler,10094.2,16.0,7.8,14.61,2.98,20.0,1,100.0
2024-02-07 00:00:00,EQ_B001,Compressor,7207.5,16.1,5.13,21.93,7.22,57.0,0,73.0
2024-02-07 00:00:00,EQ_B002,Water Pump,9671.7,15.5,7.75,15.37,2.88,20.0,1,100.0
2024-02-07 01:00:00,EQ_M001,Compressor,10925.9,17.6,8.0,22.28,6.23,20.0,1,100.0
2024-02-07 01:00:00,EQ_M002,Water Pump,12658.8,19.0,8.0,12.82,3.0,20.0,1,100.0
2024-02-07 01:00:00,EQ_M003,Air Handler,10095.0,16.5,7.36,17.53,3.02,20.0,1,100.0
2024-02-07 01:00:00,EQ_B001,Compressor,7208.3,17.8,4.37,24.9,6.26,59.3,0,70.7
2024-02-07 01:00:00,EQ_B002,Water Pump,9672.5,15.1,7.65,14.79,2.84,20.0,1,100.0
2024-02-07 02:00:00,EQ_M001,Compressor,10926.8,19.3,8.0,20.19,6.64,20.0,1,100.0
2024-02-07 02:00:00,EQ_M002,Water Pump,12659.5,21.7,8.0,14.44,2.76,20.0,1,100.0
2024-02-07 02:00:00,EQ_M003,Air Handler,10095.7,14.1,7.52,14.78,3.11,20.0,1,100.0
2024-02-07 02:00:00,EQ_B001,Compressor,7209.1,15.5,4.35,24.99,6.36,59.3,0,70.7
2024-02-07 02:00:00,EQ_B002,Water Pump,9673.0,15.1,6.94,14.94,3.08,20.8,1,100.0
2024-02-07 03:00:00,EQ_M001,Compressor,10927.5,18.1,8.0,23.59,6.58,20.0,1,100.0
2024-02-07 03:00:00,EQ_M002,Water Pump,12660.0,19.3,8.0,13.2,2.66,20.0,1,100.0
2024-02-07 03:00:00,EQ_M003,Air Handler,10096.5,17.2,7.47,14.28,2.68,20.0,1,100.0
2024-02-07 03:00:00,EQ_B001,Compressor,7210.1,15.8,4.86,23.93,6.95,57.8,0,72.2
2024-02-07 03:00:00,EQ_B002,Water Pump,9673.9,15.3,7.23,16.35,2.78,20.0,1,100.0
2024-02-07 04:00:00,EQ_M001,Compressor,10928.2,16.8,8.0,22.45,6.45,20.0,1,100.0
2024-02-07 04:00:00,EQ_M002,Water Pump,12660.5,20.8,8.0,15.72,3.31,20.0,1,100.0
2024-02-07 04:00:00,EQ_M003,Air Handler,10097.4,16.7,7.64,14.33,3.14,20.0,1,100.0
2024-02-07 04:00:00,EQ_B001,Compressor,7211.1,16.5,4.67,19.52,6.68,58.4,0,71.6
2024-02-07 04:00:00,EQ_B002,Water Pump,9674.6,14.8,7.2,13.93,3.42,20.0,1,100.0
2024-02-07 05:00:00,EQ_M001,Compressor,10929.2,17.8,8.0,21.42,6.26,20.0,1,100.0
2024-02-07 05:00:00,EQ_M002,Water Pump,12661.0,19.3,8.0,13.16,2.95,20.0,1,100.0
2024-02-07 05:00:00,EQ_M003,Air Handler,10098.0,16.2,7.27,14.81,2.44,20.0,1,100.0
2024-02-07 05:00:00,EQ_B001,Compressor,7211.8,15.7,4.96,23.11,6.34,57.5,0,72.5
2024-02-07 05:00:00,EQ_B002,Water Pump,9675.2,15.0,7.45,13.27,2.82,20.0,1,100.0
2024-02-07 06:00:00,EQ_M001,Compressor,10929.8,16.5,8.0,22.17,6.77,20.0,1,100.0
2024-02-07 06:00:00,EQ_M002,Water Pump,12661.7,21.9,8.0,14.6,2.86,20.0,1,100.0
2024-02-07 06:00:00,EQ_M003,Air Handler,10098.6,16.4,7.24,13.97,2.79,20.0,1,100.0
2024-02-07 06:00:00,EQ_B001,Compressor,7212.4,17.3,4.71,21.77,6.15,58.2,0,71.8
2024-02-07 06:00:00,EQ_B002,Water Pump,9675.7,16.5,6.9,16.45,2.76,20.8,1,100.0
2024-02-07 07:00:00,EQ_M001,Compressor,10930.8,18.0,8.0,22.28,6.37,20.0,1,100.0
2024-02-07 07:00:00,EQ_M002,Water Pump,12662.4,20.3,8.0,16.38,2.95,20.0,1,100.0
2024-02-07 07:00:00,EQ_M003,Air Handler,10099.6,15.1,7.29,14.39,3.01,20.0,1,100.0
2024-02-07 07:00:00,EQ_B001,Compressor,7213.2,14.4,4.92,23.59,6.12,57.6,0,72.4
2024-02-07 07:00:00,EQ_B002,Water Pump,9676.4,15.3,7.02,17.15,3.19,20.5,1,100.0
2024-02-07 08:00:00,EQ_M001,Compressor,10931.3,18.0,8.0,27.34,6.51,20.0,1,100.0
2024-02-07 08:00:00,EQ_M002,Water Pump,12662.9,20.2,8.0,15.25,3.06,20.0,1,100.0
2024-02-07 08:00:00,EQ_M003,Air Handler,10100.5,15.2,7.45,17.54,3.03,20.0,1,100.0
2024-02-07 08:00:00,EQ_B001,Compressor,7213.9,15.4,4.46,21.96,6.97,59.0,0,71.0
2024-02-07 08:00:00,EQ_B002,Water Pump,9677.3,16.4,7.56,13.2,2.84,20.0,1,100.0
2024-02-07 09:00:00,EQ_M001,Compressor,10931.9,16.8,8.0,20.98,7.17,20.0,1,100.0
2024-02-07 09:00:00,EQ_M002,Water Pump,12663.8,21.0,8.0,16.22,3.23,20.0,1,100.0
2024-02-07 09:00:00,EQ_M003,Air Handler,10101.2,16.4,7.83,13.25,3.1,20.0,1,100.0
2024-02-07 09:00:00,EQ_B001,Compressor,7214.4,15.7,4.76,18.5,7.01,58.0,0,72.0
2024-02-07 09:00:00,EQ_B002,Water Pump,9678.3,14.1,7.09,15.65,2.94,20.2,1,100.0
2024-02-07 10:00:00,EQ_M001,Compressor,10932.5,18.2,8.0,24.06,6.43,20.0,1,100.0
2024-02-07 10:00:00,EQ_M002,Water Pump,12664.7,21.6,8.0,14.31,3.01,20.0,1,100.0
2024-02-07 10:00:00,EQ_M003,Air Handler,10101.8,16.1,7.54,14.7,2.8,20.0,1,100.0
2024-02-07 10:00:00,EQ_B001,Compressor,7214.9,15.1,4.44,23.61,6.01,59.0,0,71.0
2024-02-07 10:00:00,EQ_B002,Water Pump,9678.9,14.3,7.37,14.2,3.2,20.0,1,100.0
2024-02-07 11:00:00,EQ_M001,Compressor,10933.2,18.2,8.0,19.77,6.22,20.0,1,100.0
2024-02-07 11:00:00,EQ_M002,Water Pump,12665.6,21.5,8.0,13.63,3.2,20.0,1,100.0
2024-02-07 11:00:00,EQ_M003,Air Handler,10102.5,16.2,7.06,15.78,2.97,20.0,1,100.0
2024-02-07 11:00:00,EQ_B001,Compressor,7215.7,16.3,5.01,21.3,6.49,57.3,0,72.7
2024-02-07 11:00:00,EQ_B002,Water Pump,9679.4,15.9,7.25,14.41,2.92,20.0,1,100.0
2024-02-07 12:00:00,EQ_M001,Compressor,10934.0,16.6,8.0,22.33,6.35,20.0,1,100.0
2024-02-07 12:00:00,EQ_M002,Water Pump,12666.3,22.7,8.0,15.78,2.94,20.0,1,100.0
2024-02-07 12:00:00,EQ_M003,Air Handler,10103.3,16.0,7.49,17.23,3.11,20.0,1,100.0
2024-02-07 12:00:00,EQ_B001,Compressor,7216.3,15.2,4.86,20.86,6.0,57.7,0,72.3
2024-02-07 12:00:00,EQ_B002,Water Pump,9680.4,17.6,7.72,13.66,3.2,20.0,1,100.0
2024-02-07 13:00:00,EQ_M001,Compressor,10934.5,16.5,8.0,24.04,6.54,20.0,1,100.0
2024-02-07 13:00:00,EQ_M002,Water Pump,12667.3,19.8,8.0,14.9,2.85,20.0,1,100.0
2024-02-07 13:00:00,EQ_M003,Air Handler,10104.2,15.3,7.38,15.47,3.18,20.0,1,100.0
2024-02-07 13:00:00,EQ_B001,Compressor,7217.1,15.0,4.93,20.06,6.84,57.5,0,72.5
2024-02-07 13:00:00,EQ_B002,Water Pump,9681.2,15.7,7.71,14.84,3.21,20.0,1,100.0
2024-02-07 14:00:00,EQ_M001,Compressor,10935.5,18.5,8.0,26.37,6.26,20.0,1,100.0
2024-02-07 14:00:00,EQ_M002,Water Pump,12667.9,20.6,8.0,16.19,3.23,20.0,1,100.0
2024-02-07 14:00:00,EQ_M003,Air Handler,10105.1,14.7,7.44,12.97,2.87,20.0,1,100.0
2024-02-07 14:00:00,EQ_B001,Compressor,7217.8,14.8,4.71,19.59,6.11,58.2,0,71.8
2024-02-07 14:00:00,EQ_B002,Water Pump,9681.8,16.0,7.32,13.49,2.74,20.0,1,100.0
2024-02-07 15:00:00,EQ_M001,Compressor,10936.3,18.8,8.0,22.46,6.77,20.0,1,100.0
2024-02-07 15:00:00,EQ_M002,Water Pump,12668.5,22.0,8.0,15.46,2.7,20.0,1,100.0
2024-02-07 15:00:00,EQ_M003,Air Handler,10105.6,16.7,7.79,13.98,3.13,20.0,1,100.0
2024-02-07 15:00:00,EQ_B001,Compressor,7218.8,16.3,4.84,20.0,6.8,57.7,0,72.3
2024-02-07 15:00:00,EQ_B002,Water Pump,9682.5,17.4,7.57,15.57,2.81,20.0,1,100.0
2024-02-07 16:00:00,EQ_M001,Compressor,10937.3,17.6,8.0,21.46,6.33,20.0,1,100.0
2024-02-07 16:00:00,EQ_M002,Water Pump,12669.2,20.8,8.0,14.05,3.04,20.0,1,100.0
2024-02-07 16:00:00,EQ_M003,Air Handler,10106.3,14.4,7.97,13.55,2.62,20.0,1,100.0
2024-02-07 16:00:00,EQ_B001,Compressor,7219.7,17.5,4.25,22.76,6.68,59.5,0,70.5
2024-02-07 16:00:00,EQ_B002,Water Pump,9683.4,15.8,6.69,13.75,3.0,21.4,1,100.0
2024-02-07 17:00:00,EQ_M001,Compressor,10938.0,17.8,8.0,22.84,6.82,20.0,1,100.0
2024-02-07 17:00:00,EQ_M002,Water Pump,12670.0,20.6,8.0,17.64,3.04,20.0,1,100.0
2024-02-07 17:00:00,EQ_M003,Air Handler,10107.0,16.3,8.0,16.41,3.11,20.0,1,100.0
2024-02-07 17:00:00,EQ_B001,Compressor,7220.4,16.5,4.42,22.8,6.21,59.0,0,71.0
2024-02-07 17:00:00,EQ_B002,Water Pump,9684.0,16.2,7.39,13.44,2.96,20.0,1,100.0
2024-02-07 18:00:00,EQ_M001,Compressor,10938.9,18.1,8.0,25.29,6.46,20.0,1,100.0
2024-02-07 18:00:00,EQ_M002,Water Pump,12670.6,22.6,8.0,13.51,2.43,20.0,1,100.0
2024-02-07 18:00:00,EQ_M003,Air Handler,10107.7,14.9,7.47,15.27,3.23,20.0,1,100.0
2024-02-07 18:00:00,EQ_B001,Compressor,7221.1,16.4,4.82,20.93,5.87,57.8,0,72.2
2024-02-07 18:00:00,EQ_B002,Water Pump,9684.6,15.3,6.93,15.08,3.11,20.7,1,100.0
2024-02-07 19:00:00,EQ_M001,Compressor,10939.6,18.3,8.0,24.33,6.36,20.0,1,100.0
2024-02-07 19:00:00,EQ_M002,Water Pump,12671.5,19.9,8.0,13.82,3.34,20.0,1,100.0
2024-02-07 19:00:00,EQ_M003,Air Handler,10108.3,17.5,7.72,14.34,3.26,20.0,1,100.0
2024-02-07 19:00:00,EQ_B001,Compressor,7221.9,15.0,4.35,22.28,6.68,59.2,0,70.8
2024-02-07 19:00:00,EQ_B002,Water Pump,9685.5,16.7,7.34,14.58,3.25,20.0,1,100.0
2024-02-07 20:00:00,EQ_M001,Compressor,10940.3,17.8,8.0,23.63,6.69,20.0,1,100.0
2024-02-07 20:00:00,EQ_M002,Water Pump,12672.4,22.0,8.0,15.9,3.19,20.0,1,100.0
2024-02-07 20:00:00,EQ_M003,Air Handler,10109.2,14.9,7.88,15.15,3.06,20.0,1,100.0
2024-02-07 20:00:00,EQ_B001,Compressor,7222.8,15.1,4.99,19.96,6.42,57.3,0,72.7
2024-02-07 20:00:00,EQ_B002,Water Pump,9686.2,14.1,6.7,12.26,2.54,21.3,1,100.0
2024-02-07 21:00:00,EQ_M001,Compressor,10941.0,17.6,8.0,18.82,6.51,20.0,1,100.0
2024-02-07 21:00:00,EQ_M002,Water Pump,12673.1,22.6,8.0,14.95,3.2,20.0,1,100.0
2024-02-07 21:00:00,EQ_M003,Air Handler,10109.9,16.1,7.43,16.81,2.89,20.0,1,100.0
2024-02-07 21:00:00,EQ_B001,Compressor,7223.6,17.2,4.79,27.57,6.16,57.8,0,72.2
2024-02-07 21:00:00,EQ_B002,Water Pump,9686.9,16.2,7.14,13.3,2.85,20.0,1,100.0
2024-02-07 22:00:00,EQ_M001,Compressor,10941.8,16.8,8.0,26.39,6.78,20.0,1,100.0
2024-02-07 22:00:00,EQ_M002,Water Pump,12673.8,21.8,8.0,13.37,3.1,20.0,1,100.0
2024-02-07 22:00:00,EQ_M003,Air Handler,10110.6,16.5,7.58,14.66,3.07,20.0,1,100.0
2024-02-07 22:00:00,EQ_B001,Compressor,7224.6,16.1,4.75,22.97,6.32,57.9,0,72.1
2024-02-07 22:00:00,EQ_B002,Water Pump,9687.8,14.8,6.95,15.14,2.68,20.5,1,100.0
2024-02-07 23:00:00,EQ_M001,Compressor,10942.6,17.2,8.0,21.87,6.56,20.0,1,100.0
2024-02-07 23:00:00,EQ_M002,Water Pump,12674.4,20.3,8.0,14.75,2.76,20.0,1,100.0
2024-02-07 23:00:00,EQ_M003,Air Handler,10111.2,15.3,7.49,15.63,2.64,20.0,1,100.0
2024-02-07 23:00:00,EQ_B001,Compressor,7225.3,16.3,4.63,20.55,6.6,58.3,0,71.7
2024-02-07 23:00:00,EQ_B002,Water Pump,9688.8,15.4,7.43,15.58,3.15,20.0,1,100.0
2024-02-08 00:00:00,EQ_M001,Compressor,10943.3,17.3,8.0,20.53,6.71,20.0,1,100.0
2024-02-08 00:00:00,EQ_M002,Water Pump,12675.1,20.3,8.0,15.13,3.16,20.0,1,100.0
2024-02-08 00:00:00,EQ_M003,Air Handler,10112.0,16.0,7.29,16.66,2.76,20.0,1,100.0
2024-02-08 00:00:00,EQ_B001,Compressor,7225.9,15.5,4.78,20.53,6.34,57.8,0,72.2
2024-02-08 00:00:00,EQ_B002,Water Pump,9689.8,16.5,7.11,14.08,3.4,20.0,1,100.0
2024-02-08 01:00:00,EQ_M001,Compressor,10944.0,18.6,8.0,21.46,6.33,20.0,1,100.0
2024-02-08 01:00:00,EQ_M002,Water Pump,12676.1,22.0,8.0,18.51,2.75,20.0,1,100.0
2024-02-08 01:00:00,EQ_M003,Air Handler,10112.8,14.4,7.13,12.63,3.05,20.0,1,100.0
2024-02-08 01:00:00,EQ_B001,Compressor,7226.6,16.2,4.68,19.11,6.83,58.1,0,71.9
2024-02-08 01:00:00,EQ_B002,Water Pump,9690.8,16.3,7.29,15.66,3.02,20.0,1,100.0
2024-02-08 02:00:00,EQ_M001,Compressor,10944.6,17.9,8.0,23.39,6.9,20.0,1,100.0
2024-02-08 02:00:00,EQ_M002,Water Pump,12676.9,20.2,8.0,13.61,2.92,20.0,1,100.0
2024-02-08 02:00:00,EQ_M003,Air Handler,10113.7,15.4,7.77,14.17,3.13,20.0,1,100.0
2024-02-08 02:00:00,EQ_B001,Compressor,7227.6,17.1,4.18,24.69,6.5,59.6,0,70.4
2024-02-08 02:00:00,EQ_B002,Water Pump,9691.6,16.8,7.29,15.35,2.52,20.0,1,100.0
2024-02-08 03:00:00,EQ_M001,Compressor,10945.3,16.7,8.0,24.61,6.09,20.0,1,100.0
2024-02-08 03:00:00,EQ_M002,Water Pump,12677.9,19.7,8.0,15.68,2.94,20.0,1,100.0
2024-02-08 03:00:00,EQ_M003,Air Handler,10114.4,14.8,7.22,14.61,2.88,20.0,1,100.0
2024-02-08 03:00:00,EQ_B001,Compressor,7228.5,14.1,5.37,19.98,6.96,56.0,0,74.0
2024-02-08 03:00:00,EQ_B002,Water Pump,9692.3,16.7,8.0,17.33,3.23,20.0,1,100.0
2024-02-08 04:00:00,EQ_M001,Compressor,10946.1,17.9,8.0,22.51,6.79,20.0,1,100.0
2024-02-08 04:00:00,EQ_M002,Water Pump,12678.5,20.9,8.0,15.39,2.73,20.0,1,100.0
2024-02-08 04:00:00,EQ_M003,Air Handler,10115.4,13.0,7.45,15.89,3.06,20.0,1,100.0
2024-02-08 04:00:00,EQ_B001,Compressor,7229.1,15.8,4.6,22.36,6.93,58.3,0,71.7
2024-02-08 04:00:00,EQ_B002,Water Pump,9693.1,15.5,7.86,11.96,3.13,20.0,1,100.0
2024-02-08 05:00:00,EQ_M001,Compressor,10946.6,18.7,8.0,22.65,6.84,20.0,1,100.0
2024-02-08 05:00:00,EQ_M002,Water Pump,12679.0,22.0,8.0,13.04,2.96,20.0,1,100.0
2024-02-08 05:00:00,EQ_M003,Air Handler,10116.4,16.3,7.7,12.64,2.94,20.0,1,100.0
2024-02-08 05:00:00,EQ_B001,Compressor,7230.0,16.6,4.85,20.4,6.63,57.6,0,72.4
2024-02-08 05:00:00,EQ_B002,Water Pump,9694.0,16.6,6.87,18.95,2.83,20.7,1,100.0
2024-02-08 06:00:00,EQ_M001,Compressor,10947.3,16.6,8.0,18.75,6.13,20.0,1,100.0
2024-02-08 06:00:00,EQ_M002,Water Pump,12679.5,19.8,8.0,15.33,2.94,20.0,1,100.0
2024-02-08 06:00:00,EQ_M003,Air Handler,10117.3,16.3,7.38,13.93,3.26,20.0,1,100.0
2024-02-08 06:00:00,EQ_B001,Compressor,7230.7,15.6,4.92,20.6,6.73,57.4,0,72.6
2024-02-08 06:00:00,EQ_B002,Water Pump,9694.6,16.5,6.78,13.84,2.44,21.0,1,100.0
2024-02-08 07:00:00,EQ_M001,Compressor,10947.8,17.8,8.0,23.1,6.89,20.0,1,100.0
2024-02-08 07:00:00,EQ_M002,Water Pump,12680.2,20.6,8.0,13.19,2.99,20.0,1,100.0
2024-02-08 07:00:00,EQ_M003,Air Handler,10117.9,14.0,7.74,17.64,2.99,20.0,1,100.0
2024-02-08 07:00:00,EQ_B001,Compressor,7231.7,15.1,4.3,19.59,6.75,59.2,0,70.8
2024-02-08 07:00:00,EQ_B002,Water Pump,9695.5,15.0,7.28,15.86,3.16,20.0,1,100.0
2024-02-08 08:00:00,EQ_M001,Compressor,10948.4,18.3,8.0,18.88,6.32,20.0,1,100.0
2024-02-08 08:00:00,EQ_M002,Water Pump,12681.0,20.7,8.0,16.77,3.5,20.0,1,100.0
2024-02-08 08:00:00,EQ_M003,Air Handler,10118.7,15.2,7.67,14.47,3.04,20.0,1,100.0
2024-02-08 08:00:00,EQ_B001,Compressor,7232.6,14.7,4.85,19.72,6.25,57.5,0,72.5
2024-02-08 08:00:00,EQ_B002,Water Pump,9696.3,14.9,7.28,17.49,2.89,20.0,1,100.0
2024-02-08 09:00:00,EQ_M001,Compressor,10948.9,16.0,8.0,22.66,6.41,20.0,1,100.0
2024-02-08 09:00:00,EQ_M002,Water Pump,12681.6,22.8,8.0,17.35,3.17,20.0,1,100.0
2024-02-08 09:00:00,EQ_M003,Air Handler,10119.4,16.3,7.8,15.62,2.97,20.0,1,100.0
2024-02-08 09:00:00,EQ_B001,Compressor,7233.4,14.1,4.94,20.22,6.69,57.3,0,72.7
2024-02-08 09:00:00,EQ_B002,Water Pump,9697.0,16.2,7.24,14.28,2.8,20.0,1,100.0
2024-02-08 10:00:00,EQ_M001,Compressor,10949.7,19.0,8.0,24.17,6.34,20.0,1,100.0
2024-02-08 10:00:00,EQ_M002,Water Pump,12682.4,22.0,8.0,16.42,3.15,20.0,1,100.0
2024-02-08 10:00:00,EQ_M003,Air Handler,10120.1,16.9,7.65,14.32,3.26,20.0,1,100.0
2024-02-08 10:00:00,EQ_B001,Compressor,7234.2,15.8,4.95,21.4,6.58,57.2,0,72.8
2024-02-08 10:00:00,EQ_B002,Water Pump,9697.7,15.3,6.92,15.71,2.92,20.5,1,100.0
2024-02-08 11:00:00,EQ_M001,Compressor,10950.6,16.8,8.0,19.77,6.7,20.0,1,100.0
2024-02-08 11:00:00,EQ_M002,Water Pump,12683.0,20.9,8.0,16.27,2.66,20.0,1,100.0
2024-02-08 11:00:00,EQ_M003,Air Handler,10120.6,18.1,6.79,15.35,3.23,20.0,1,100.0
2024-02-08 11:00:00,EQ_B001,Compressor,7235.0,15.8,4.49,24.27,6.96,58.6,0,71.4
2024-02-08 11:00:00,EQ_B002,Water Pump,9698.7,17.9,6.92,15.14,3.19,20.5,1,100.0
2024-02-08 12:00:00,EQ_M001,Compressor,10951.2,18.6,8.0,21.62,6.88,20.0,1,100.0
2024-02-08 12:00:00,EQ_M002,Water Pump,12683.7,20.3,8.0,15.6,2.79,20.0,1,100.0
2024-02-08 12:00:00,EQ_M003,Air Handler,10121.1,15.2,7.35,17.18,2.86,20.0,1,100.0
2024-02-08 12:00:00,EQ_B001,Compressor,7235.7,15.4,5.09,19.9,6.4,56.8,0,73.2
2024-02-08 12:00:00,EQ_B002,Water Pump,9699.6,14.8,6.86,14.07,3.16,20.7,1,100.0
2024-02-08 13:00:00,EQ_M001,Compressor,10951.8,17.3,8.0,21.65,6.4,20.0,1,100.0
2024-02-08 13:00:00,EQ_M002,Water Pump,12684.5,20.6,8.0,14.83,3.13,20.0,1,100.0
2024-02-08 13:00:00,EQ_M003,Air Handler,10122.1,14.7,7.62,16.94,2.87,20.0,1,100.0
2024-02-08 13:00:00,EQ_B001,Compressor,7236.4,15.7,4.83,19.61,6.31,57.6,0,72.4
2024-02-08 13:00:00,EQ_B002,Water Pump,9700.3,18.1,7.12,15.69,2.6,20.0,1,100.0
2024-02-08 14:00:00,EQ_M001,Compressor,10952.4,17.5,8.0,16.81,6.19,20.0,1,100.0
2024-02-08 14:00:00,EQ_M002,Water Pump,12685.4,21.3,8.0,16.42,2.99,20.0,1,100.0
2024-02-08 14:00:00,EQ_M003,Air Handler,10123.0,15.9,8.0,12.93,3.26,20.0,1,100.0
2024-02-08 14:00:00,EQ_B001,Compressor,7237.3,16.2,5.14,20.69,7.09,56.6,0,73.4
2024-02-08 14:00:00,EQ_B002,Water Pump,9701.2,15.6,7.01,15.7,2.74,20.2,1,100.0
2024-02-08 15:00:00,EQ_M001,Compressor,10953.1,17.4,8.0,23.26,6.48,20.0,1,100.0
2024-02-08 15:00:00,EQ_M002,Water Pump,12686.2,22.1,8.0,16.69,3.49,20.0,1,100.0
2024-02-08 15:00:00,EQ_M003,Air Handler,10123.5,15.4,6.93,15.72,3.06,20.0,1,100.0
2024-02-08 15:00:00,EQ_B001,Compressor,7237.9,14.9,4.24,20.02,6.3,59.3,0,70.7
2024-02-08 15:00:00,EQ_B002,Water Pump,9702.0,17.4,7.22,14.87,3.25,20.0,1,100.0
2024-02-08 16:00:00,EQ_M001,Compressor,10953.7,17.5,8.0,23.92,6.71,20.0,1,100.0
2024-02-08 16:00:00,EQ_M002,Water Pump,12686.8,21.7,8.0,13.38,2.69,20.0,1,100.0
2024-02-08 16:00:00,EQ_M003,Air Handler,10124.4,17.8,7.51,17.29,3.09,20.0,1,100.0
2024-02-08 16:00:00,EQ_B001,Compressor,7238.7,16.1,4.37,21.19,6.47,58.9,0,71.1
2024-02-08 16:00:00,EQ_B002,Water Pump,9702.9,16.1,7.45,15.99,2.79,20.0,1,100.0
2024-02-08 17:00:00,EQ_M001,Compressor,10954.5,19.2,8.0,22.12,7.06,20.0,1,100.0
2024-02-08 17:00:00,EQ_M002,Water Pump,12687.7,21.6,8.0,16.78,2.78,20.0,1,100.0
2024-02-08 17:00:00,EQ_M003,Air Handler,10124.9,17.4,8.0,12.86,3.04,20.0,1,100.0
2024-02-08 17:00:00,EQ_B001,Compressor,7239.5,15.0,4.89,23.77,6.48,57.3,0,72.7
2024-02-08 17:00:00,EQ_B002,Water Pump,9703.9,15.2,7.13,14.95,3.26,20.0,1,100.0
2024-02-08 18:00:00,EQ_M001,Compressor,10955.2,18.7,8.0,21.03,6.54,20.0,1,100.0
2024-02-08 18:00:00,EQ_M002,Water Pump,12688.6,19.5,8.0,16.24,3.11,20.0,1,100.0
2024-02-08 18:00:00,EQ_M003,Air Handler,10125.6,15.0,7.81,15.56,2.75,20.0,1,100.0
2024-02-08 18:00:00,EQ_B001,Compressor,7240.3,18.5,4.16,21.57,6.19,59.5,0,70.5
2024-02-08 18:00:00,EQ_B002,Water Pump,9704.8,15.8,6.91,15.71,3.25,20.5,1,100.0
2024-02-08 19:00:00,EQ_M001,Compressor,10955.8,19.9,8.0,20.34,6.18,20.0,1,100.0
2024-02-08 19:00:00,EQ_M002,Water Pump,12689.5,21.8,8.0,12.68,3.07,20.0,1,100.0
2024-02-08 19:00:00,EQ_M003,Air Handler,10126.2,16.2,7.71,16.16,2.78,20.0,1,100.0
2024-02-08 19:00:00,EQ_B001,Compressor,7241.1,13.8,4.41,21.23,6.16,58.8,0,71.2
2024-02-08 19:00:00,EQ_B002,Water Pump,9705.6,14.8,7.53,14.15,3.06,20.0,1,100.0
2024-02-08 20:00:00,EQ_M001,Compressor,10956.7,17.1,8.0,18.66,6.75,20.0,1,100.0
2024-02-08 20:00:00,EQ_M002,Water Pump,12690.1,19.9,8.0,15.67,3.13,20.0,1,100.0
2024-02-08 20:00:00,EQ_M003,Air Handler,10126.8,15.0,7.94,16.53,3.12,20.0,1,100.0
2024-02-08 20:00:00,EQ_B001,Compressor,7242.0,15.2,4.89,20.77,6.22,57.3,0,72.7
2024-02-08 20:00:00,EQ_B002,Water Pump,9706.6,16.4,7.5,14.65,3.22,20.0,1,100.0
2024-02-08 21:00:00,EQ_M001,Compressor,10957.4,18.2,8.0,24.03,6.45,20.0,1,100.0
2024-02-08 21:00:00,EQ_M002,Water Pump,12690.6,20.0,8.0,15.56,2.94,20.0,1,100.0
2024-02-08 21:00:00,EQ_M003,Air Handler,10127.6,16.1,7.82,17.04,2.86,20.0,1,100.0
2024-02-08 21:00:00,EQ_B001,Compressor,7242.6,15.7,4.92,17.31,6.25,57.2,0,72.8
2024-02-08 21:00:00,EQ_B002,Water Pump,9707.1,15.7,7.32,14.16,2.73,20.0,1,100.0
2024-02-08 22:00:00,EQ_M001,Compressor,10958.3,18.5,8.0,23.16,5.96,20.0,1,100.0
2024-02-08 22:00:00,EQ_M002,Water Pump,12691.2,19.4,8.0,15.33,3.28,20.0,1,100.0
2024-02-08 22:00:00,EQ_M003,Air Handler,10128.5,16.6,7.66,15.67,3.24,20.0,1,100.0
2024-02-08 22:00:00,EQ_B001,Compressor,7243.1,17.4,4.23,19.52,6.3,59.3,0,70.7
2024-02-08 22:00:00,EQ_B002,Water Pump,9707.9,15.0,6.95,13.96,2.57,20.3,1,100.0
2024-02-08 23:00:00,EQ_M001,Compressor,10958.9,18.8,8.0,22.66,6.15,20.0,1,100.0
2024-02-08 23:00:00,EQ_M002,Water Pump,12692.1,20.2,8.0,16.53,3.28,20.0,1,100.0
2024-02-08 23:00:00,EQ_M003,Air Handler,10129.2,16.4,7.53,14.57,3.11,20.0,1,100.0
2024-02-08 23:00:00,EQ_B001,Compressor,7243.8,14.5,4.36,23.97,6.43,58.9,0,71.1
2024-02-08 23:00:00,EQ_B002,Water Pump,9708.5,15.4,7.43,12.69,2.91,20.0,1,100.0
2024-02-09 00:00:00,EQ_M001,Compressor,10959.5,17.8,8.0,20.7,6.42,20.0,1,100.0
2024-02-09 00:00:00,EQ_M002,Water Pump,12693.0,22.5,8.0,15.25,3.43,20.0,1,100.0
2024-02-09 00:00:00,EQ_M003,Air Handler,10129.7,15.5,7.74,14.69,2.93,20.0,1,100.0
2024-02-09 00:00:00,EQ_B001,Compressor,7244.7,16.6,4.83,23.84,6.44,57.5,0,72.5
2024-02-09 00:00:00,EQ_B002,Water Pump,9709.2,15.9,7.02,15.75,3.1,20.1,1,100.0
2024-02-09 01:00:00,EQ_M001,Compressor,10960.5,17.5,8.0,24.2,6.24,20.0,1,100.0
2024-02-09 01:00:00,EQ_M002,Water Pump,12693.8,22.0,8.0,15.43,2.95,20.0,1,100.0
2024-02-09 01:00:00,EQ_M003,Air Handler,10130.3,15.6,7.12,17.07,2.6,20.0,1,100.0
2024-02-09 01:00:00,EQ_B001,Compressor,7245.2,15.4,4.63,19.59,6.57,58.1,0,71.9
2024-02-09 01:00:00,EQ_B002,Water Pump,9709.9,15.3,7.13,14.43,2.94,20.0,1,100.0
2024-02-09 02:00:00,EQ_M001,Compressor,10961.5,17.4,8.0,22.43,5.76,20.0,1,100.0
2024-02-09 02:00:00,EQ_M002,Water Pump,12694.3,21.9,8.0,12.15,3.1,20.0,1,100.0
2024-02-09 02:00:00,EQ_M003,Air Handler,10131.1,15.6,7.53,14.83,3.23,20.0,1,100.0
2024-02-09 02:00:00,EQ_B001,Compressor,7245.9,15.5,4.5,22.29,6.33,58.4,0,71.6
2024-02-09 02:00:00,EQ_B002,Water Pump,9710.9,16.4,6.98,16.5,2.88,20.2,1,100.0
2024-02-09 03:00:00,EQ_M001,Compressor,10962.0,15.5,8.0,19.47,6.45,20.0,1,100.0
2024-02-09 03:00:00,EQ_M002,Water Pump,12695.3,22.1,8.0,15.14,2.98,20.0,1,100.0
2024-02-09 03:00:00,EQ_M003,Air Handler,10131.7,15.9,7.25,14.47,3.19,20.0,1,100.0
2024-02-09 03:00:00,EQ_B001,Compressor,7246.7,17.2,4.6,21.39,5.95,58.1,0,71.9
2024-02-09 03:00:00,EQ_B002,Water Pump,9711.7,16.3,6.86,12.59,2.89,20.5,1,100.0
2024-02-09 04:00:00,EQ_M001,Compressor,10962.5,17.2,8.0,20.93,6.64,20.0,1,100.0
2024-02-09 04:00:00,EQ_M002,Water Pump,12696.0,22.5,8.0,16.51,2.66,20.0,1,100.0
2024-02-09 04:00:00,EQ_M003,Air Handler,10132.6,15.6,7.47,12.46,2.96,20.0,1,100.0
2024-02-09 04:00:00,EQ_B001,Compressor,7247.4,15.9,4.85,25.2,6.67,57.4,0,72.6
2024-02-09 04:00:00,EQ_B002,Water Pump,9712.3,14.3,7.07,16.18,3.04,20.0,1,100.0
2024-02-09 05:00:00,EQ_M001,Compressor,10963.3,17.7,8.0,19.55,5.91,20.0,1,100.0
2024-02-09 05:00:00,EQ_M002,Water Pump,12696.5,19.9,8.0,15.69,2.94,20.0,1,100.0
2024-02-09 05:00:00,EQ_M003,Air Handler,10133.4,14.6,7.85,17.08,2.86,20.0,1,100.0
2024-02-09 05:00:00,EQ_B001,Compressor,7247.9,15.2,4.64,27.28,6.19,58.0,0,72.0
2024-02-09 05:00:00,EQ_B002,Water Pump,9713.2,14.0,7.13,14.51,3.13,20.0,1,100.0
2024-02-09 06:00:00,EQ_M001,Compressor,10963.8,17.9,8.0,20.29,6.76,20.0,1,100.0
2024-02-09 06:00:00,EQ_M002,Water Pump,12697.1,20.3,8.0,13.59,2.73,20.0,1,100.0
2024-02-09 06:00:00,EQ_M003,Air Handler,10133.9,15.0,7.36,15.13,3.32,20.0,1,100.0
2024-02-09 06:00:00,EQ_B001,Compressor,7248.8,14.0,4.92,21.59,6.09,57.1,0,72.9
2024-02-09 06:00:00,EQ_B002,Water Pump,9714.2,16.2,7.17,14.1,3.66,20.0,1,100.0
2024-02-09 07:00:00,EQ_M001,Compressor,10964.4,16.1,8.0,22.17,6.73,20.0,1,100.0
2024-02-09 07:00:00,EQ_M002,Water Pump,12697.7,20.4,8.0,14.97,2.54,20.0,1,100.0
2024-02-09 07:00:00,EQ_M003,Air Handler,10134.6,14.9,7.34,14.66,3.17,20.0,1,100.0
2024-02-09 07:00:00,EQ_B001,Compressor,7249.3,15.4,4.47,20.93,6.86,58.5,0,71.5
2024-02-09 07:00:00,EQ_B002,Water Pump,9715.2,14.3,7.14,14.66,3.08,20.0,1,100.0
2024-02-09 08:00:00,EQ_M001,Compressor,10964.9,16.8,8.0,25.4,6.11,20.0,1,100.0
2024-02-09 08:00:00,EQ_M002,Water Pump,12698.5,20.3,8.0,14.91,3.05,20.0,1,100.0
2024-02-09 08:00:00,EQ_M003,Air Handler,10135.6,15.8,7.51,16.08,2.73,20.0,1,100.0
2024-02-09 08:00:00,EQ_B001,Compressor,7250.3,17.6,4.33,18.26,6.64,58.9,0,71.1
2024-02-09 08:00:00,EQ_B002,Water Pump,9716.0,16.1,7.66,16.92,3.05,20.0,1,100.0
2024-02-09 09:00:00,EQ_M001,Compressor,10965.7,15.6,8.0,21.58,6.06,20.0,1,100.0
2024-02-09 09:00:00,EQ_M002,Water Pump,12699.4,21.0,8.0,16.36,2.94,20.0,1,100.0
2024-02-09 09:00:00,EQ_M003,Air Handler,10136.5,15.1,7.52,15.05,3.03,20.0,1,100.0
2024-02-09 09:00:00,EQ_B001,Compressor,7251.2,15.7,4.47,21.52,6.87,58.4,0,71.6
2024-02-09 09:00:00,EQ_B002,Water Pump,9717.0,16.0,7.11,17.18,2.9,20.0,1,100.0
2024-02-09 10:00:00,EQ_M001,Compressor,10966.4,16.2,8.0,26.12,6.72,20.0,1,100.0
2024-02-09 10:00:00,EQ_M002,Water Pump,12700.1,21.8,8.0,11.88,3.05,20.0,1,100.0
2024-02-09 10:00:00,EQ_M003,Air Handler,10137.1,15.8,7.41,15.13,2.88,20.0,1,100.0
2024-02-09 10:00:00,EQ_B001,Compressor,7252.1,15.8,4.81,24.24,6.9,57.4,0,72.6
2024-02-09 10:00:00,EQ_B002,Water Pump,9717.5,16.5,7.22,16.38,2.8,20.0,1,100.0
2024-02-09 11:00:00,EQ_M001,Compressor,10967.3,18.2,8.0,22.99,6.61,20.0,1,100.0
2024-02-09 11:00:00,EQ_M002,Water Pump,12700.8,21.5,8.0,14.35,2.57,20.0,1,100.0
2024-02-09 11:00:00,EQ_M003,Air Handler,10137.9,16.2,7.47,14.66,3.02,20.0,1,100.0
2024-02-09 11:00:00,EQ_B001,Compressor,7253.0,15.2,4.73,22.22,6.96,57.6,0,72.4
2024-02-09 11:00:00,EQ_B002,Water Pump,9718.5,17.0,7.03,14.88,2.93,20.0,1,100.0
2024-02-09 12:00:00,EQ_M001,Compressor,10967.9,16.8,8.0,21.79,6.49,20.0,1,100.0
2024-02-09 12:00:00,EQ_M002,Water Pump,12701.5,20.7,8.0,15.23,3.07,20.0,1,100.0
2024-02-09 12:00:00,EQ_M003,Air Handler,10138.6,16.2,7.83,15.94,2.98,20.0,1,100.0
2024-02-09 12:00:00,EQ_B001,Compressor,7253.6,16.1,4.07,24.89,5.94,59.6,0,70.4
2024-02-09 12:00:00,EQ_B002,Water Pump,9719.1,15.4,7.31,15.72,2.95,20.0,1,100.0
2024-02-09 13:00:00,EQ_M001,Compressor,10968.5,18.4,8.0,24.24,6.6,20.0,1,100.0
2024-02-09 13:00:00,EQ_M002,Water Pump,12702.0,20.5,8.0,13.11,3.42,20.0,1,100.0
2024-02-09 13:00:00,EQ_M003,Air Handler,10139.2,15.2,7.77,16.09,3.34,20.0,1,100.0
2024-02-09 13:00:00,EQ_B001,Compressor,7254.1,15.2,4.98,25.93,6.76,56.9,0,73.1
2024-02-09 13:00:00,EQ_B002,Water Pump,9719.9,15.0,7.11,17.51,3.01,20.0,1,100.0
2024-02-09 14:00:00,EQ_M001,Compressor,10969.1,16.7,8.0,21.57,6.57,20.0,1,100.0
2024-02-09 14:00:00,EQ_M002,Water Pump,12702.9,21.1,8.0,16.59,3.2,20.0,1,100.0
2024-02-09 14:00:00,EQ_M003,Air Handler,10139.8,18.3,7.63,11.92,3.0,20.0,1,100.0
2024-02-09 14:00:00,EQ_B001,Compressor,7254.6,15.7,4.97,21.61,6.35,56.9,0,73.1
2024-02-09 14:00:00,EQ_B002,Water Pump,9720.7,13.8,7.33,15.22,2.64,20.0,1,100.0
2024-02-09 15:00:00,EQ_M001,Compressor,10970.0,18.4,7.98,18.48,6.75,20.0,1,100.0
2024-02-09 15:00:00,EQ_M002,Water Pump,12703.6,22.7,8.0,15.55,3.14,20.0,1,100.0
2024-02-09 15:00:00,EQ_M003,Air Handler,10140.7,17.5,7.31,16.99,3.17,20.0,1,100.0
2024-02-09 15:00:00,EQ_B001,Compressor,7255.3,17.0,5.21,20.76,6.46,56.2,0,73.8
2024-02-09 15:00:00,EQ_B002,Water Pump,9721.3,17.1,7.26,13.37,2.96,20.0,1,100.0
2024-02-09 16:00:00,EQ_M001,Compressor,10970.9,18.4,8.0,25.93,6.86,20.0,1,100.0
2024-02-09 16:00:00,EQ_M002,Water Pump,12704.6,21.7,8.0,15.92,3.27,20.0,1,100.0
2024-02-09 16:00:00,EQ_M003,Air Handler,10141.7,15.0,7.88,12.83,3.01,20.0,1,100.0
2024-02-09 16:00:00,EQ_B001,Compressor,7256.1,15.8,4.39,23.75,6.41,58.6,0,71.4
2024-02-09 16:00:00,EQ_B002,Water Pump,9721.9,15.9,7.06,16.8,3.08,20.0,1,100.0
2024-02-09 17:00:00,EQ_M001,Compressor,10971.6,16.6,8.0,20.29,6.38,20.0,1,100.0
2024-02-09 17:00:00,EQ_M002,Water Pump,12705.6,20.0,8.0,15.92,2.76,20.0,1,100.0
2024-02-09 17:00:00,EQ_M003,Air Handler,10142.6,13.6,7.71,12.87,3.13,20.0,1,100.0
2024-02-09 17:00:00,EQ_B001,Compressor,7256.6,13.9,5.11,21.23,6.57,56.5,0,73.5
2024-02-09 17:00:00,EQ_B002,Water Pump,9722.4,14.9,7.01,12.52,3.01,20.0,1,100.0
2024-02-09 18:00:00,EQ_M001,Compressor,10972.5,18.0,8.0,24.0,7.35,20.0,1,100.0
2024-02-09 18:00:00,EQ_M002,Water Pump,12706.5,20.2,8.0,15.62,2.95,20.0,1,100.0
2024-02-09 18:00:00,EQ_M003,Air Handler,10143.2,15.3,7.8,15.28,3.06,20.0,1,100.0
2024-02-09 18:00:00,EQ_B001,Compressor,7257.1,16.9,4.86,23.22,6.36,57.2,0,72.8
2024-02-09 18:00:00,EQ_B002,Water Pump,9723.1,14.7,7.62,16.54,2.67,20.0,1,100.0
2024-02-09 19:00:00,EQ_M001,Compressor,10973.5,16.2,8.0,22.81,6.02,20.0,1,100.0
2024-02-09 19:00:00,EQ_M002,Water Pump,12707.3,20.3,8.0,15.95,3.0,20.0,1,100.0
2024-02-09 19:00:00,EQ_M003,Air Handler,10143.7,14.7,7.29,17.05,3.06,20.0,1,100.0
2024-02-09 19:00:00,EQ_B001,Compressor,7258.1,15.9,5.35,26.63,6.11,55.7,0,74.3
2024-02-09 19:00:00,EQ_B002,Water Pump,9723.8,17.4,7.04,13.36,3.22,20.0,1,100.0
2024-02-09 20:00:00,EQ_M001,Compressor,10974.2,19.7,8.0,25.24,5.91,20.0,1,100.0
2024-02-09 20:00:00,EQ_M002,Water Pump,12708.1,20.2,8.0,12.55,3.01,20.0,1,100.0
2024-02-09 20:00:00,EQ_M003,Air Handler,10144.6,12.9,7.9,15.45,2.46,20.0,1,100.0
2024-02-09 20:00:00,EQ_B001,Compressor,7259.0,15.4,4.33,21.31,6.15,58.8,0,71.2
2024-02-09 20:00:00,EQ_B002,Water Pump,9724.3,15.7,7.26,14.63,3.17,20.0,1,100.0
2024-02-09 21:00:00,EQ_M001,Compressor,10974.8,17.3,8.0,20.28,6.2,20.0,1,100.0
2024-02-09 21:00:00,EQ_M002,Water Pump,12708.9,19.8,8.0,15.16,3.26,20.0,1,100.0
2024-02-09 21:00:00,EQ_M003,Air Handler,10145.4,15.4,8.0,15.1,3.08,20.0,1,100.0
2024-02-09 21:00:00,EQ_B001,Compressor,7259.9,14.0,5.19,24.02,6.64,56.2,0,73.8
2024-02-09 21:00:00,EQ_B002,Water Pump,9724.9,15.2,7.35,14.45,2.9,20.0,1,100.0
2024-02-09 22:00:00,EQ_M001,Compressor,10975.6,16.8,8.0,22.1,6.59,20.0,1,100.0
2024-02-09 22:00:00,EQ_M002,Water Pump,12709.8,19.8,8.0,14.07,3.19,20.0,1,100.0
2024-02-09 22:00:00,EQ_M003,Air Handler,10145.9,16.0,7.66,11.6,2.73,20.0,1,100.0
2024-02-09 22:00:00,EQ_B001,Compressor,7260.6,14.7,4.49,21.53,6.16,58.3,0,71.7
2024-02-09 22:00:00,EQ_B002,Water Pump,9725.8,14.0,7.58,12.84,3.01,20.0,1,100.0
2024-02-09 23:00:00,EQ_M001,Compressor,10976.3,17.4,8.0,22.36,5.8,20.0,1,100.0
2024-02-09 23:00:00,EQ_M002,Water Pump,12710.5,20.6,8.0,14.26,2.94,20.0,1,100.0
2024-02-09 23:00:00,EQ_M003,Air Handler,10146.6,16.0,7.79,15.15,2.29,20.0,1,100.0
2024-02-09 23:00:00,EQ_B001,Compressor,7261.2,15.1,4.79,20.58,5.84,57.4,0,72.6
2024-02-09 23:00:00,EQ_B002,Water Pump,9726.7,16.8,7.08,16.19,3.28,20.0,1,100.0
2024-02-10 00:00:00,EQ_M001,Compressor,10977.0,16.7,8.0,20.72,6.87,20.0,1,100.0
2024-02-10 00:00:00,EQ_M002,Water Pump,12711.4,21.4,8.0,13.43,3.06,20.0,1,100.0
2024-02-10 00:00:00,EQ_M003,Air Handler,10147.4,15.2,8.0,15.45,3.29,20.0,1,100.0
2024-02-10 00:00:00,EQ_B001,Compressor,7261.7,15.0,4.28,22.61,6.93,58.9,0,71.1
2024-02-10 00:00:00,EQ_B002,Water Pump,9727.5,14.8,7.49,14.99,2.94,20.0,1,100.0
2024-02-10 01:00:00,EQ_M001,Compressor,10977.8,17.1,8.0,20.92,6.42,20.0,1,100.0
2024-02-10 01:00:00,EQ_M002,Water Pump,12712.2,21.1,8.0,16.35,3.01,20.0,1,100.0
2024-02-10 01:00:00,EQ_M003,Air Handler,10148.1,15.8,7.76,12.33,2.99,20.0,1,100.0
2024-02-10 01:00:00,EQ_B001,Compressor,7262.7,14.9,5.0,24.25,7.03,56.7,0,73.3
2024-02-10 01:00:00,EQ_B002,Water Pump,9728.0,15.9,7.54,17.45,2.84,20.0,1,100.0
2024-02-10 02:00:00,EQ_M001,Compressor,10978.5,16.4,8.0,21.22,6.92,20.0,1,100.0
2024-02-10 02:00:00,EQ_M002,Water Pump,12713.0,19.1,8.0,14.99,2.79,20.0,1,100.0
2024-02-10 02:00:00,EQ_M003,Air Handler,10148.7,13.5,7.51,14.15,3.15,20.0,1,100.0
2024-02-10 02:00:00,EQ_B001,Compressor,7263.3,13.6,5.08,20.04,6.57,56.5,0,73.5
2024-02-10 02:00:00,EQ_B002,Water Pump,9728.9,15.1,7.4,15.1,3.01,20.0,1,100.0
2024-02-10 03:00:00,EQ_M001,Compressor,10979.4,16.2,8.0,19.02,6.94,20.0,1,100.0
2024-02-10 03:00:00,EQ_M002,Water Pump,12713.7,20.3,8.0,13.89,2.74,20.0,1,100.0
2024-02-10 03:00:00,EQ_M003,Air Handler,10149.3,16.0,7.7,14.7,3.12,20.0,1,100.0
2024-02-10 03:00:00,EQ_B001,Compressor,7264.0,15.4,4.84,24.38,6.56,57.2,0,72.8
2024-02-10 03:00:00,EQ_B002,Water Pump,9729.6,15.1,7.07,11.96,3.04,20.0,1,100.0
2024-02-10 04:00:00,EQ_M001,Compressor,10980.0,17.4,8.0,20.93,7.02,20.0,1,100.0
2024-02-10 04:00:00,EQ_M002,Water Pump,12714.3,18.8,8.0,14.79,2.94,20.0,1,100.0
2024-02-10 04:00:00,EQ_M003,Air Handler,10150.0,16.3,7.46,14.38,3.07,20.0,1,100.0
2024-02-10 04:00:00,EQ_B001,Compressor,7264.8,14.9,5.25,24.3,6.7,55.9,0,74.1
2024-02-10 04:00:00,EQ_B002,Water Pump,9730.4,16.1,7.25,15.81,3.23,20.0,1,100.0
2024-02-10 05:00:00,EQ_M001,Compressor,10980.7,17.4,8.0,24.3,6.24,20.0,1,100.0
2024-02-10 05:00:00,EQ_M002,Water Pump,12715.2,20.8,8.0,15.45,3.05,20.0,1,100.0
2024-02-10 05:00:00,EQ_M003,Air Handler,10150.6,15.4,7.27,14.77,2.67,20.0,1,100.0
2024-02-10 05:00:00,EQ_B001,Compressor,7265.7,16.8,4.51,20.62,6.33,58.1,0,71.9
2024-02-10 05:00:00,EQ_B002,Water Pump,9731.1,14.7,7.42,15.0,2.72,20.0,1,100.0
2024-02-10 06:00:00,EQ_M001,Compressor,10981.4,16.9,8.0,20.35,6.43,20.0,1,100.0
2024-02-10 06:00:00,EQ_M002,Water Pump,12716.2,22.1,8.0,13.3,3.12,20.0,1,100.0
2024-02-10 06:00:00,EQ_M003,Air Handler,10151.2,13.9,7.76,16.17,3.39,20.0,1,100.0
2024-02-10 06:00:00,EQ_B001,Compressor,7266.3,12.7,4.82,19.04,7.13,57.2,0,72.8
2024-02-10 06:00:00,EQ_B002,Water Pump,9731.9,16.0,6.95,13.87,2.99,20.0,1,100.0
2024-02-10 07:00:00,EQ_M001,Compressor,10981.9,17.6,8.0,22.02,7.0,20.0,1,100.0
2024-02-10 07:00:00,EQ_M002,Water Pump,12717.1,20.3,8.0,14.21,2.86,20.0,1,100.0
2024-02-10 07:00:00,EQ_M003,Air Handler,10151.8,16.3,7.98,16.4,2.97,20.0,1,100.0
2024-02-10 07:00:00,EQ_B001,Compressor,7266.8,14.8,4.67,23.81,5.73,57.7,0,72.3
2024-02-10 07:00:00,EQ_B002,Water Pump,9732.6,15.0,7.28,13.92,3.03,20.0,1,100.0
2024-02-10 08:00:00,EQ_M001,Compressor,10982.6,18.1,8.0,21.7,6.56,20.0,1,100.0
2024-02-10 08:00:00,EQ_M002,Water Pump,12717.8,20.7,8.0,14.29,2.96,20.0,1,100.0
2024-02-10 08:00:00,EQ_M003,Air Handler,10152.4,16.0,7.76,14.25,3.34,20.0,1,100.0
2024-02-10 08:00:00,EQ_B001,Compressor,7267.5,15.7,4.62,19.87,6.94,57.8,0,72.2
2024-02-10 08:00:00,EQ_B002,Water Pump,9733.4,15.8,7.39,11.54,2.87,20.0,1,100.0
2024-02-10 09:00:00,EQ_M001,Compressor,10983.2,18.6,8.0,23.13,6.67,20.0,1,100.0
2024-02-10 09:00:00,EQ_M002,Water Pump,12718.5,19.7,8.0,15.67,2.6,20.0,1,100.0
2024-02-10 09:00:00,EQ_M003,Air Handler,10153.0,13.0,7.49,14.75,2.94,20.0,1,100.0
2024-02-10 09:00:00,EQ_B001,Compressor,7268.2,15.3,4.72,19.48,6.27,57.5,0,72.5
2024-02-10 09:00:00,EQ_B002,Water Pump,9734.3,15.0,7.43,14.67,3.1,20.0,1,100.0
2024-02-10 10:00:00,EQ_M001,Compressor,10984.1,17.3,8.0,21.47,6.75,20.0,1,100.0
2024-02-10 10:00:00,EQ_M002,Water Pump,12719.3,21.2,8.0,15.21,3.39,20.0,1,100.0
2024-02-10 10:00:00,EQ_M003,Air Handler,10153.6,16.8,7.81,13.98,3.17,20.0,1,100.0
2024-02-10 10:00:00,EQ_B001,Compressor,7269.1,19.0,4.4,23.23,6.75,58.4,0,71.6
2024-02-10 10:00:00,EQ_B002,Water Pump,9735.0,15.7,6.68,14.24,2.91,20.8,1,100.0
2024-02-10 11:00:00,EQ_M001,Compressor,10984.9,17.8,8.0,26.54,5.64,20.0,1,100.0
2024-02-10 11:00:00,EQ_M002,Water Pump,12720.2,21.4,8.0,15.51,2.81,20.0,1,100.0
2024-02-10 11:00:00,EQ_M003,Air Handler,10154.2,14.9,7.85,17.38,3.17,20.0,1,100.0
2024-02-10 11:00:00,EQ_B001,Compressor,7269.8,16.1,4.63,20.71,6.38,57.7,0,72.3
2024-02-10 11:00:00,EQ_B002,Water Pump,9735.6,14.8,7.84,15.61,2.98,20.0,1,100.0
2024-02-10 12:00:00,EQ_M001,Compressor,10985.8,17.9,8.0,23.19,6.53,20.0,1,100.0
2024-02-10 12:00:00,EQ_M002,Water Pump,12720.7,19.4,8.0,16.8,2.69,20.0,1,100.0
2024-02-10 12:00:00,EQ_M003,Air Handler,10155.0,15.7,7.64,15.27,2.78,20.0,1,100.0
2024-02-10 12:00:00,EQ_B001,Compressor,7270.3,15.1,4.52,22.8,6.42,58.0,0,72.0
2024-02-10 12:00:00,EQ_B002,Water Pump,9736.6,15.2,7.83,13.25,3.18,20.0,1,100.0
2024-02-10 13:00:00,EQ_M001,Compressor,10986.4,16.6,8.0,21.56,6.26,20.0,1,100.0
2024-02-10 13:00:00,EQ_M002,Water Pump,12721.6,20.0,8.0,12.06,2.6,20.0,1,100.0
2024-02-10 13:00:00,EQ_M003,Air Handler,10155.5,15.9,7.42,12.4,3.16,20.0,1,100.0
2024-02-10 13:00:00,EQ_B001,Compressor,7271.1,16.3,5.01,21.05,6.58,56.6,0,73.4
2024-02-10 13:00:00,EQ_B002,Water Pump,9737.3,15.0,7.27,13.55,3.12,20.0,1,100.0
2024-02-10 14:00:00,EQ_M001,Compressor,10987.2,18.2,8.0,21.68,6.09,20.0,1,100.0
2024-02-10 14:00:00,EQ_M002,Water Pump,12722.1,20.4,8.0,15.3,2.67,20.0,1,100.0
2024-02-10 14:00:00,EQ_M003,Air Handler,10156.5,13.4,7.38,15.39,2.98,20.0,1,100.0
2024-02-10 14:00:00,EQ_B001,Compressor,7271.7,15.4,4.59,24.63,6.27,57.8,0,72.2
2024-02-10 14:00:00,EQ_B002,Water Pump,9738.1,14.7,7.27,16.94,2.8,20.0,1,100.0
2024-02-10 15:00:00,EQ_M001,Compressor,10988.2,16.9,8.0,23.27,6.83,20.0,1,100.0
2024-02-10 15:00:00,EQ_M002,Water Pump,12723.1,19.1,8.0,19.05,2.85,20.0,1,100.0
2024-02-10 15:00:00,EQ_M003,Air Handler,10157.4,16.0,7.43,16.98,2.64,20.0,1,100.0
2024-02-10 15:00:00,EQ_B001,Compressor,7272.4,14.5,4.18,22.08,6.22,59.1,0,70.9
2024-02-10 15:00:00,EQ_B002,Water Pump,9738.8,14.8,7.32,15.18,2.8,20.0,1,100.0
2024-02-10 16:00:00,EQ_M001,Compressor,10988.8,19.2,7.96,23.84,6.58,20.0,1,100.0
2024-02-10 16:00:00,EQ_M002,Water Pump,12724.0,19.3,8.0,13.29,3.57,20.0,1,100.0
2024-02-10 16:00:00,EQ_M003,Air Handler,10158.4,15.0,7.34,14.4,3.06,20.0,1,100.0
2024-02-10 16:00:00,EQ_B001,Compressor,7273.1,15.5,4.76,22.43,6.28,57.3,0,72.7
2024-02-10 16:00:00,EQ_B002,Water Pump,9739.5,18.4,7.14,13.44,2.96,20.0,1,100.0
2024-02-10 17:00:00,EQ_M001,Compressor,10989.5,17.6,8.0,22.76,6.94,20.0,1,100.0
2024-02-10 17:00:00,EQ_M002,Water Pump,12724.9,21.5,8.0,14.16,3.13,20.0,1,100.0
2024-02-10 17:00:00,EQ_M003,Air Handler,10159.1,16.6,7.65,14.51,3.24,20.0,1,100.0
2024-02-10 17:00:00,EQ_B001,Compressor,7274.0,14.4,4.81,21.23,6.43,57.1,0,72.9
2024-02-10 17:00:00,EQ_B002,Water Pump,9740.0,16.9,6.99,15.34,2.81,20.0,1,100.0
2024-02-10 18:00:00,EQ_M001,Compressor,10990.1,18.8,8.0,21.54,6.57,20.0,1,100.0
2024-02-10 18:00:00,EQ_M002,Water Pump,12725.9,22.0,8.0,13.68,2.72,20.0,1,100.0
2024-02-10 18:00:00,EQ_M003,Air Handler,10159.7,18.0,7.5,14.15,3.12,20.0,1,100.0
2024-02-10 18:00:00,EQ_B001,Compressor,7275.0,13.7,4.51,21.28,6.53,58.0,0,72.0
2024-02-10 18:00:00,EQ_B002,Water Pump,9740.9,15.2,7.17,15.9,2.94,20.0,1,100.0
2024-02-10 19:00:00,EQ_M001,Compressor,10990.8,18.4,8.0,23.88,6.84,20.0,1,100.0
2024-02-10 19:00:00,EQ_M002,Water Pump,12726.7,20.1,8.0,13.19,2.88,20.0,1,100.0
2024-02-10 19:00:00,EQ_M003,Air Handler,10160.6,16.4,7.37,13.02,2.87,20.0,1,100.0
2024-02-10 19:00:00,EQ_B001,Compressor,7275.8,13.9,4.34,23.19,7.09,58.5,0,71.5
2024-02-10 19:00:00,EQ_B002,Water Pump,9741.4,15.7,7.66,14.01,3.18,20.0,1,100.0
2024-02-10 20:00:00,EQ_M001,Compressor,10991.5,17.2,8.0,22.94,6.28,20.0,1,100.0
2024-02-10 20:00:00,EQ_M002,Water Pump,12727.4,22.1,8.0,16.96,3.0,20.0,1,100.0
2024-02-10 20:00:00,EQ_M003,Air Handler,10161.4,14.7,7.67,14.97,2.96,20.0,1,100.0
2024-02-10 20:00:00,EQ_B001,Compressor,7276.7,15.4,5.41,21.66,5.92,55.3,0,74.7
2024-02-10 20:00:00,EQ_B002,Water Pump,9742.3,15.2,7.23,14.53,3.15,20.0,1,100.0
2024-02-10 21:00:00,EQ_M001,Compressor,10992.4,17.7,8.0,19.75,7.06,20.0,1,100.0
2024-02-10 21:00:00,EQ_M002,Water Pump,12728.3,19.9,8.0,14.35,3.04,20.0,1,100.0
2024-02-10 21:00:00,EQ_M003,Air Handler,10162.0,16.0,7.62,11.65,3.11,20.0,1,100.0
2024-02-10 21:00:00,EQ_B001,Compressor,7277.5,16.6,4.45,23.85,6.93,58.2,0,71.8
2024-02-10 21:00:00,EQ_B002,Water Pump,9743.1,14.8,7.37,14.79,2.91,20.0,1,100.0
2024-02-10 22:00:00,EQ_M001,Compressor,10993.1,18.2,8.0,17.29,6.39,20.0,1,100.0
2024-02-10 22:00:00,EQ_M002,Water Pump,12729.2,21.5,8.0,13.7,3.0,20.0,1,100.0
2024-02-10 22:00:00,EQ_M003,Air Handler,10162.7,16.4,7.37,16.66,3.06,20.0,1,100.0
2024-02-10 22:00:00,EQ_B001,Compressor,7278.1,15.3,4.78,22.66,6.24,57.2,0,72.8
2024-02-10 22:00:00,EQ_B002,Water Pump,9743.9,15.9,7.41,15.4,2.85,20.0,1,100.0
2024-02-10 23:00:00,EQ_M001,Compressor,10993.7,17.4,8.0,21.06,5.88,20.0,1,100.0
2024-02-10 23:00:00,EQ_M002,Water Pump,12729.9,22.9,8.0,12.75,2.95,20.0,1,100.0
2024-02-10 23:00:00,EQ_M003,Air Handler,10163.3,15.0,7.4,15.95,2.88,20.0,1,100.0
2024-02-10 23:00:00,EQ_B001,Compressor,7279.0,18.1,4.83,22.45,6.38,57.0,0,73.0
2024-02-10 23:00:00,EQ_B002,Water Pump,9744.8,16.0,7.68,12.16,3.08,20.0,1,100.0
2024-02-11 00:00:00,EQ_M001,Compressor,10994.5,17.9,8.0,20.4,6.25,20.0,1,100.0
2024-02-11 00:00:00,EQ_M002,Water Pump,12730.7,19.5,8.0,16.59,3.34,20.0,1,100.0
2024-02-11 00:00:00,EQ_M003,Air Handler,10164.3,14.6,7.84,14.88,3.44,20.0,1,100.0
2024-02-11 00:00:00,EQ_B001,Compressor,7279.7,13.5,4.79,24.45,6.53,57.1,0,72.9
2024-02-11 00:00:00,EQ_B002,Water Pump,9745.4,14.2,7.24,12.68,3.18,20.0,1,100.0
2024-02-11 01:00:00,EQ_M001,Compressor,10995.0,17.1,8.0,18.65,6.83,20.0,1,100.0
2024-02-11 01:00:00,EQ_M002,Water Pump,12731.2,21.9,8.0,17.16,3.55,20.0,1,100.0
2024-02-11 01:00:00,EQ_M003,Air Handler,10164.8,16.3,7.78,15.07,2.6,20.0,1,100.0
2024-02-11 01:00:00,EQ_B001,Compressor,7280.6,15.5,4.64,20.6,6.48,57.6,0,72.4
2024-02-11 01:00:00,EQ_B002,Water Pump,9746.2,13.2,7.12,13.4,2.68,20.0,1,100.0
2024-02-11 02:00:00,EQ_M001,Compressor,10995.8,16.7,8.0,24.39,6.17,20.0,1,100.0
2024-02-11 02:00:00,EQ_M002,Water Pump,12732.1,21.4,8.0,16.57,3.18,20.0,1,100.0
2024-02-11 02:00:00,EQ_M003,Air Handler,10165.8,17.7,7.99,13.07,2.66,20.0,1,100.0
2024-02-11 02:00:00,EQ_B001,Compressor,7281.5,15.2,4.92,23.97,6.11,56.7,0,73.3
2024-02-11 02:00:00,EQ_B002,Water Pump,9747.1,14.7,7.2,13.83,2.77,20.0,1,100.0
2024-02-11 03:00:00,EQ_M001,Compressor,10996.6,18.7,8.0,23.78,6.86,20.0,1,100.0
2024-02-11 03:00:00,EQ_M002,Water Pump,12733.0,19.8,8.0,13.31,3.09,20.0,1,100.0
2024-02-11 03:00:00,EQ_M003,Air Handler,10166.7,14.7,7.74,13.11,3.17,20.0,1,100.0
2024-02-11 03:00:00,EQ_B001,Compressor,7282.3,14.8,4.84,22.15,6.27,57.0,0,73.0
2024-02-11 03:00:00,EQ_B002,Water Pump,9748.0,15.5,7.2,15.61,3.03,20.0,1,100.0
2024-02-11 04:00:00,EQ_M001,Compressor,10997.1,19.1,8.0,19.86,6.37,20.0,1,100.0
2024-02-11 04:00:00,EQ_M002,Water Pump,12733.6,20.9,8.0,15.49,3.0,20.0,1,100.0
2024-02-11 04:00:00,EQ_M003,Air Handler,10167.4,14.3,7.2,16.33,3.18,20.0,1,100.0
2024-02-11 04:00:00,EQ_B001,Compressor,7283.1,15.1,4.9,23.82,6.56,56.7,0,73.3
2024-02-11 04:00:00,EQ_B002,Water Pump,9749.0,16.4,7.5,16.88,3.32,20.0,1,100.0
2024-02-11 05:00:00,EQ_M001,Compressor,10997.9,16.8,8.0,19.2,6.25,20.0,1,100.0
2024-02-11 05:00:00,EQ_M002,Water Pump,12734.2,21.1,8.0,14.14,3.02,20.0,1,100.0
2024-02-11 05:00:00,EQ_M003,Air Handler,10168.2,15.4,7.56,13.86,2.77,20.0,1,100.0
2024-02-11 05:00:00,EQ_B001,Compressor,7284.1,15.1,4.45,20.14,6.42,58.1,0,71.9
2024-02-11 05:00:00,EQ_B002,Water Pump,9749.8,14.0,7.04,13.4,2.86,20.0,1,100.0
2024-02-11 06:00:00,EQ_M001,Compressor,10998.6,16.3,8.0,20.79,6.27,20.0,1,100.0
2024-02-11 06:00:00,EQ_M002,Water Pump,12735.0,21.5,8.0,17.94,2.4,20.0,1,100.0
2024-02-11 06:00:00,EQ_M003,Air Handler,10168.9,15.7,7.5,17.07,3.1,20.0,1,100.0
2024-02-11 06:00:00,EQ_B001,Compressor,7285.0,14.0,4.66,18.84,6.77,57.5,0,72.5
2024-02-11 06:00:00,EQ_B002,Water Pump,9750.6,14.6,7.45,17.01,2.96,20.0,1,100.0
2024-02-11 07:00:00,EQ_M001,Compressor,10999.5,15.9,8.0,24.07,6.5,20.0,1,100.0
2024-02-11 07:00:00,EQ_M002,Water Pump,12735.7,19.5,8.0,13.72,3.03,20.0,1,100.0
2024-02-11 07:00:00,EQ_M003,Air Handler,10169.5,15.9,7.51,13.95,2.91,20.0,1,100.0
2024-02-11 07:00:00,EQ_B001,Compressor,7285.9,13.6,4.82,22.5,7.06,57.0,0,73.0
2024-02-11 07:00:00,EQ_B002,Water Pump,9751.3,12.6,7.72,13.23,3.24,20.0,1,100.0
2024-02-11 08:00:00,EQ_M001,Compressor,11000.2,17.7,8.0,19.14,5.99,20.0,1,100.0
2024-02-11 08:00:00,EQ_M002,Water Pump,12736.6,20.5,8.0,15.17,3.15,20.0,1,100.0
2024-02-11 08:00:00,EQ_M003,Air Handler,10170.3,16.0,7.95,17.22,3.09,20.0,1,100.0
2024-02-11 08:00:00,EQ_B001,Compressor,7286.5,15.7,4.63,21.86,6.44,57.5,0,72.5
2024-02-11 08:00:00,EQ_B002,Water Pump,9752.2,13.3,7.78,16.24,3.08,20.0,1,100.0
2024-02-11 09:00:00,EQ_M001,Compressor,11000.9,14.1,8.0,19.18,6.81,20.0,1,100.0
2024-02-11 09:00:00,EQ_M002,Water Pump,12737.4,22.3,8.0,14.42,2.91,20.0,1,100.0
2024-02-11 09:00:00,EQ_M003,Air Handler,10170.8,15.1,7.95,15.53,3.06,20.0,1,100.0
2024-02-11 09:00:00,EQ_B001,Compressor,7287.3,15.7,4.47,23.7,6.47,58.0,0,72.0
2024-02-11 09:00:00,EQ_B002,Water Pump,9753.0,13.4,7.46,14.6,2.85,20.0,1,100.0
2024-02-11 10:00:00,EQ_M001,Compressor,11001.7,16.6,8.0,21.86,6.47,20.0,1,100.0
2024-02-11 10:00:00,EQ_M002,Water Pump,12738.3,20.4,8.0,11.77,3.34,20.0,1,100.0
2024-02-11 10:00:00,EQ_M003,Air Handler,10171.4,14.5,7.35,14.46,2.89,20.0,1,100.0
2024-02-11 10:00:00,EQ_B001,Compressor,7288.0,14.8,4.62,22.28,6.06,57.5,0,72.5
2024-02-11 10:00:00,EQ_B002,Water Pump,9753.7,13.1,7.33,12.47,2.92,20.0,1,100.0
2024-02-11 11:00:00,EQ_M001,Compressor,11002.6,16.9,8.0,21.09,6.2,20.0,1,100.0
2024-02-11 11:00:00,EQ_M002,Water Pump,12739.2,20.9,8.0,16.9,2.78,20.0,1,100.0
2024-02-11 11:00:00,EQ_M003,Air Handler,10172.2,15.6,7.51,15.74,3.03,20.0,1,100.0
2024-02-11 11:00:00,EQ_B001,Compressor,7288.9,16.1,4.65,23.5,6.09,57.4,0,72.6
2024-02-11 11:00:00,EQ_B002,Water Pump,9754.7,14.1,7.17,15.1,2.96,20.0,1,100.0
2024-02-11 12:00:00,EQ_M001,Compressor,11003.5,15.0,8.0,20.46,6.5,20.0,1,100.0
2024-02-11 12:00:00,EQ_M002,Water Pump,12739.9,21.1,8.0,11.28,3.04,20.0,1,100.0
2024-02-11 12:00:00,EQ_M003,Air Handler,10172.7,17.0,7.92,15.19,2.8,20.0,1,100.0
2024-02-11 12:00:00,EQ_B001,Compressor,7289.5,14.5,4.67,26.11,6.07,57.4,0,72.6
2024-02-11 12:00:00,EQ_B002,Water Pump,9755.3,14.4,6.96,12.93,2.91,20.0,1,100.0
2024-02-11 13:00:00,EQ_M001,Compressor,11004.4,17.2,8.0,23.18,6.3,20.0,1,100.0
2024-02-11 13:00:00,EQ_M002,Water Pump,12740.5,20.9,8.0,16.69,3.2,20.0,1,100.0
2024-02-11 13:00:00,EQ_M003,Air Handler,10173.5,15.7,7.42,15.13,3.12,20.0,1,100.0
2024-02-11 13:00:00,EQ_B001,Compressor,7290.3,15.4,4.59,22.41,5.98,57.6,0,72.4
2024-02-11 13:00:00,EQ_B002,Water Pump,9755.8,13.5,6.78,14.02,3.11,20.2,1,100.0
2024-02-11 14:00:00,EQ_M001,Compressor,11005.0,17.3,8.0,18.55,6.58,20.0,1,100.0
2024-02-11 14:00:00,EQ_M002,Water Pump,12741.3,21.3,8.0,11.9,2.78,20.0,1,100.0
2024-02-11 14:00:00,EQ_M003,Air Handler,10174.2,14.9,7.62,17.18,2.8,20.0,1,100.0
2024-02-11 14:00:00,EQ_B001,Compressor,7291.2,15.4,4.95,22.56,6.28,56.5,0,73.5
2024-02-11 14:00:00,EQ_B002,Water Pump,9756.5,16.6,6.71,14.1,3.22,20.4,1,100.0
2024-02-11 15:00:00,EQ_M001,Compressor,11005.9,16.7,8.0,22.21,6.19,20.0,1,100.0
2024-02-11 15:00:00,EQ_M002,Water Pump,12742.1,20.3,8.0,14.66,3.17,20.0,1,100.0
2024-02-11 15:00:00,EQ_M003,Air Handler,10175.1,15.1,7.99,12.22,3.19,20.0,1,100.0
2024-02-11 15:00:00,EQ_B001,Compressor,7292.0,13.8,4.54,21.27,6.31,57.7,0,72.3
2024-02-11 15:00:00,EQ_B002,Water Pump,9757.5,14.0,7.38,14.2,2.74,20.0,1,100.0
2024-02-11 16:00:00,EQ_M001,Compressor,11006.7,19.2,8.0,21.75,6.46,20.0,1,100.0
2024-02-11 16:00:00,EQ_M002,Water Pump,12742.7,20.0,8.0,15.32,2.82,20.0,1,100.0
2024-02-11 16:00:00,EQ_M003,Air Handler,10175.7,15.7,7.21,15.75,3.16,20.0,1,100.0
2024-02-11 16:00:00,EQ_B001,Compressor,7292.6,14.1,4.52,18.19,6.76,57.8,0,72.2
2024-02-11 16:00:00,EQ_B002,Water Pump,9758.3,15.9,7.4,15.3,2.76,20.0,1,100.0
2024-02-11 17:00:00,EQ_M001,Compressor,11007.4,18.1,7.77,20.78,6.3,20.0,1,100.0
2024-02-11 17:00:00,EQ_M002,Water Pump,12743.4,19.2,8.0,17.18,3.23,20.0,1,100.0
2024-02-11 17:00:00,EQ_M003,Air Handler,10176.6,14.0,7.77,18.04,3.22,20.0,1,100.0
2024-02-11 17:00:00,EQ_B001,Compressor,7293.1,14.5,4.25,18.3,6.67,58.6,0,71.4
2024-02-11 17:00:00,EQ_B002,Water Pump,9758.9,15.2,7.5,17.14,2.83,20.0,1,100.0
2024-02-11 18:00:00,EQ_M001,Compressor,11008.3,16.3,8.0,20.81,6.22,20.0,1,100.0
2024-02-11 18:00:00,EQ_M002,Water Pump,12744.4,19.9,8.0,16.06,3.0,20.0,1,100.0
2024-02-11 18:00:00,EQ_M003,Air Handler,10177.3,14.0,7.97,16.34,2.84,20.0,1,100.0
2024-02-11 18:00:00,EQ_B001,Compressor,7293.9,15.9,5.17,20.72,6.14,55.8,0,74.2
2024-02-11 18:00:00,EQ_B002,Water Pump,9759.8,14.3,7.79,19.59,3.07,20.0,1,100.0
2024-02-11 19:00:00,EQ_M001,Compressor,11008.9,17.9,8.0,21.19,6.41,20.0,1,100.0
2024-02-11 19:00:00,EQ_M002,Water Pump,12744.9,22.1,8.0,12.44,2.99,20.0,1,100.0
2024-02-11 19:00:00,EQ_M003,Air Handler,10178.3,15.1,7.72,16.24,2.96,20.0,1,100.0
2024-02-11 19:00:00,EQ_B001,Compressor,7294.5,14.1,4.83,20.71,6.41,56.8,0,73.2
2024-02-11 19:00:00,EQ_B002,Water Pump,9760.4,15.2,7.15,13.93,3.01,20.0,1,100.0
2024-02-11 20:00:00,EQ_M001,Compressor,11009.5,17.5,8.0,22.44,6.51,20.0,1,100.0
2024-02-11 20:00:00,EQ_M002,Water Pump,12745.4,20.7,8.0,15.39,2.75,20.0,1,100.0
2024-02-11 20:00:00,EQ_M003,Air Handler,10179.1,16.5,7.48,15.84,3.12,20.0,1,100.0
2024-02-11 20:00:00,EQ_B001,Compressor,7295.0,15.8,4.91,22.5,6.54,56.6,0,73.4
2024-02-11 20:00:00,EQ_B002,Water Pump,9761.2,14.2,7.1,11.96,2.85,20.0,1,100.0
2024-02-11 21:00:00,EQ_M001,Compressor,11010.0,17.6,8.0,19.81,6.46,20.0,1,100.0
2024-02-11 21:00:00,EQ_M002,Water Pump,12746.3,20.8,8.0,14.45,3.02,20.0,1,100.0
2024-02-11 21:00:00,EQ_M003,Air Handler,10179.8,14.0,7.81,15.2,3.22,20.0,1,100.0
2024-02-11 21:00:00,EQ_B001,Compressor,7295.7,16.1,4.68,26.4,6.43,57.3,0,72.7
2024-02-11 21:00:00,EQ_B002,Water Pump,9761.7,15.6,7.22,14.99,2.99,20.0,1,100.0
2024-02-11 22:00:00,EQ_M001,Compressor,11010.9,18.9,8.0,22.32,6.6,20.0,1,100.0
2024-02-11 22:00:00,EQ_M002,Water Pump,12747.0,21.6,8.0,14.62,3.3,20.0,1,100.0
2024-02-11 22:00:00,EQ_M003,Air Handler,10180.4,15.1,8.0,16.23,3.16,20.0,1,100.0
2024-02-11 22:00:00,EQ_B001,Compressor,7296.3,16.3,4.29,22.61,6.84,58.4,0,71.6
2024-02-11 22:00:00,EQ_B002,Water Pump,9762.3,15.4,7.56,14.76,3.1,20.0,1,100.0
2024-02-11 23:00:00,EQ_M001,Compressor,11011.8,18.0,8.0,20.22,6.81,20.0,1,100.0
2024-02-11 23:00:00,EQ_M002,Water Pump,12747.7,20.2,8.0,13.94,2.71,20.0,1,100.0
2024-02-11 23:00:00,EQ_M003,Air Handler,10181.0,13.7,7.47,15.41,3.11,20.0,1,100.0
2024-02-11 23:00:00,EQ_B001,Compressor,7297.1,13.6,4.71,22.88,6.57,57.2,0,72.8
2024-02-11 23:00:00,EQ_B002,Water Pump,9763.0,15.9,7.11,15.64,2.77,20.0,1,100.0
2024-02-12 00:00:00,EQ_M001,Compressor,11012.4,17.8,8.0,25.81,6.88,20.0,1,100.0
2024-02-12 00:00:00,EQ_M002,Water Pump,12748.3,22.0,8.0,14.14,3.12,20.0,1,100.0
2024-02-12 00:00:00,EQ_M003,Air Handler,10181.6,15.3,7.17,15.89,3.16,20.0,1,100.0
2024-02-12 00:00:00,EQ_B001,Compressor,7298.0,15.5,5.0,25.36,6.22,56.3,0,73.7
2024-02-12 00:00:00,EQ_B002,Water Pump,9763.6,13.3,7.12,15.67,2.96,20.0,1,100.0
2024-02-12 01:00:00,EQ_M001,Compressor,11013.2,15.7,8.0,23.57,6.73,20.0,1,100.0
2024-02-12 01:00:00,EQ_M002,Water Pump,12749.2,19.4,8.0,14.14,2.85,20.0,1,100.0
2024-02-12 01:00:00,EQ_M003,Air Handler,10182.2,14.1,7.65,14.23,3.44,20.0,1,100.0
2024-02-12 01:00:00,EQ_B001,Compressor,7298.6,15.2,4.59,20.15,6.49,57.5,0,72.5
2024-02-12 01:00:00,EQ_B002,Water Pump,9764.4,15.9,7.19,16.08,3.08,20.0,1,100.0
2024-02-12 02:00:00,EQ_M001,Compressor,11013.8,18.2,8.0,19.92,6.52,20.0,1,100.0
2024-02-12 02:00:00,EQ_M002,Water Pump,12750.0,20.4,8.0,13.74,2.88,20.0,1,100.0
2024-02-12 02:00:00,EQ_M003,Air Handler,10183.0,15.2,7.92,14.56,2.77,20.0,1,100.0
2024-02-12 02:00:00,EQ_B001,Compressor,7299.2,14.7,4.85,21.45,6.88,56.7,0,73.3
2024-02-12 02:00:00,EQ_B002,Water Pump,9765.2,15.3,7.36,15.47,2.78,20.0,1,100.0
2024-02-12 03:00:00,EQ_M001,Compressor,11014.8,16.0,8.0,20.8,6.57,20.0,1,100.0
2024-02-12 03:00:00,EQ_M002,Water Pump,12750.6,21.5,8.0,16.15,3.1,20.0,1,100.0
2024-02-12 03:00:00,EQ_M003,Air Handler,10183.8,15.2,7.24,13.31,3.25,20.0,1,100.0
2024-02-12 03:00:00,EQ_B001,Compressor,7300.2,13.9,5.12,19.79,7.02,55.9,0,74.1
2024-02-12 03:00:00,EQ_B002,Water Pump,9765.9,13.5,7.74,13.97,3.11,20.0,1,100.0
2024-02-12 04:00:00,EQ_M001,Compressor,11015.6,16.9,8.0,22.38,6.37,20.0,1,100.0
2024-02-12 04:00:00,EQ_M002,Water Pump,12751.2,20.3,8.0,14.91,2.81,20.0,1,100.0
2024-02-12 04:00:00,EQ_M003,Air Handler,10184.7,14.3,7.8,17.55,2.9,20.0,1,100.0
2024-02-12 04:00:00,EQ_B001,Compressor,7300.8,14.3,4.5,23.91,5.7,57.7,0,72.3
2024-02-12 04:00:00,EQ_B002,Water Pump,9766.5,14.2,7.42,15.72,3.04,20.0,1,100.0
2024-02-12 05:00:00,EQ_M001,Compressor,11016.1,17.5,8.0,22.62,6.9,20.0,1,100.0
2024-02-12 05:00:00,EQ_M002,Water Pump,12751.7,19.8,8.0,15.27,2.93,20.0,1,100.0
2024-02-12 05:00:00,EQ_M003,Air Handler,10185.6,17.2,7.63,15.77,3.33,20.0,1,100.0
2024-02-12 05:00:00,EQ_B001,Compressor,7301.4,15.2,4.99,21.28,6.24,56.2,0,73.8
2024-02-12 05:00:00,EQ_B002,Water Pump,9767.3,14.5,7.75,16.43,3.04,20.0,1,100.0
2024-02-12 06:00:00,EQ_M001,Compressor,11017.1,15.3,8.0,22.05,6.72,20.0,1,100.0
2024-02-12 06:00:00,EQ_M002,Water Pump,12752.2,20.0,8.0,12.92,2.8,20.0,1,100.0
2024-02-12 06:00:00,EQ_M003,Air Handler,10186.3,15.5,7.73,12.39,2.71,20.0,1,100.0
2024-02-12 06:00:00,EQ_B001,Compressor,7301.9,13.4,4.64,18.75,6.56,57.3,0,72.7
2024-02-12 06:00:00,EQ_B002,Water Pump,9768.1,14.2,7.25,16.1,2.92,20.0,1,100.0
2024-02-12 07:00:00,EQ_M001,Compressor,11018.0,17.5,8.0,25.38,6.21,20.0,1,100.0
2024-02-12 07:00:00,EQ_M002,Water Pump,12753.1,19.3,8.0,16.05,3.1,20.0,1,100.0
2024-02-12 07:00:00,EQ_M003,Air Handler,10187.2,14.9,7.37,13.07,3.06,20.0,1,100.0
2024-02-12 07:00:00,EQ_B001,Compressor,7302.4,13.7,4.74,21.97,6.66,57.0,0,73.0
2024-02-12 07:00:00,EQ_B002,Water Pump,9768.8,13.9,7.38,16.89,3.09,20.0,1,100.0
2024-02-12 08:00:00,EQ_M001,Compressor,11018.9,15.2,8.0,20.62,6.45,20.0,1,100.0
2024-02-12 08:00:00,EQ_M002,Water Pump,12753.6,21.6,8.0,13.61,2.77,20.0,1,100.0
2024-02-12 08:00:00,EQ_M003,Air Handler,10188.1,15.2,7.23,14.92,3.03,20.0,1,100.0
2024-02-12 08:00:00,EQ_B001,Compressor,7303.1,15.0,4.32,19.29,6.02,58.2,0,71.8
2024-02-12 08:00:00,EQ_B002,Water Pump,9769.7,15.8,7.57,15.14,3.04,20.0,1,100.0
2024-02-12 09:00:00,EQ_M001,Compressor,11019.5,17.1,8.0,23.54,6.29,20.0,1,100.0
2024-02-12 09:00:00,EQ_M002,Water Pump,12754.3,17.4,8.0,16.27,3.2,20.0,1,100.0
2024-02-12 09:00:00,EQ_M003,Air Handler,10188.7,15.8,7.45,15.58,3.1,20.0,1,100.0
2024-02-12 09:00:00,EQ_B001,Compressor,7303.9,16.4,4.08,22.15,6.72,59.0,0,71.0
2024-02-12 09:00:00,EQ_B002,Water Pump,9770.3,14.3,7.21,16.2,3.06,20.0,1,100.0
2024-02-12 10:00:00,EQ_M001,Compressor,11020.3,18.9,8.0,20.75,5.92,20.0,1,100.0
2024-02-12 10:00:00,EQ_M002,Water Pump,12755.0,21.8,8.0,13.36,2.9,20.0,1,100.0
2024-02-12 10:00:00,EQ_M003,Air Handler,10189.6,16.3,7.6,17.1,2.83,20.0,1,100.0
2024-02-12 10:00:00,EQ_B001,Compressor,7304.7,14.2,4.81,19.69,6.72,56.8,0,73.2
2024-02-12 10:00:00,EQ_B002,Water Pump,9770.9,15.2,7.55,17.71,3.4,20.0,1,100.0
2024-02-12 11:00:00,EQ_M001,Compressor,11020.9,16.4,8.0,19.97,6.68,20.0,1,100.0
2024-02-12 11:00:00,EQ_M002,Water Pump,12755.7,20.4,8.0,13.73,3.27,20.0,1,100.0
2024-02-12 11:00:00,EQ_M003,Air Handler,10190.3,14.9,7.6,19.1,3.21,20.0,1,100.0
2024-02-12 11:00:00,EQ_B001,Compressor,7305.4,15.7,4.86,21.46,5.87,56.6,0,73.4
2024-02-12 11:00:00,EQ_B002,Water Pump,9771.5,15.0,7.24,14.01,2.8,20.0,1,100.0
2024-02-12 12:00:00,EQ_M001,Compressor,11021.5,16.7,8.0,23.71,6.1,20.0,1,100.0
2024-02-12 12:00:00,EQ_M002,Water Pump,12756.4,21.3,8.0,13.02,2.91,20.0,1,100.0
2024-02-12 12:00:00,EQ_M003,Air Handler,10191.2,16.6,7.72,14.38,3.22,20.0,1,100.0
2024-02-12 12:00:00,EQ_B001,Compressor,7306.0,14.0,4.91,23.81,7.05,56.4,0,73.6
2024-02-12 12:00:00,EQ_B002,Water Pump,9772.3,14.1,7.47,13.32,3.16,20.0,1,100.0
2024-02-12 13:00:00,EQ_M001,Compressor,11022.0,17.3,8.0,22.65,6.61,20.0,1,100.0
2024-02-12 13:00:00,EQ_M002,Water Pump,12757.1,20.4,8.0,14.22,3.24,20.0,1,100.0
2024-02-12 13:00:00,EQ_M003,Air Handler,10191.8,16.8,7.31,15.5,2.92,20.0,1,100.0
2024-02-12 13:00:00,EQ_B001,Compressor,7307.0,14.2,4.55,26.87,6.62,57.5,0,72.5
2024-02-12 13:00:00,EQ_B002,Water Pump,9773.2,15.4,7.07,15.74,3.12,20.0,1,100.0
2024-02-12 14:00:00,EQ_M001,Compressor,11022.6,15.0,8.0,22.06,6.27,20.0,1,100.0
2024-02-12 14:00:00,EQ_M002,Water Pump,12758.0,20.4,8.0,12.24,2.87,20.0,1,100.0
2024-02-12 14:00:00,EQ_M003,Air Handler,10192.6,15.8,7.39,11.29,2.89,20.0,1,100.0
2024-02-12 14:00:00,EQ_B001,Compressor,7307.7,13.8,4.52,19.11,6.59,57.6,0,72.4
2024-02-12 14:00:00,EQ_B002,Water Pump,9773.7,16.5,7.35,16.51,2.71,20.0,1,100.0
2024-02-12 15:00:00,EQ_M001,Compressor,11023.4,16.5,7.68,20.42,6.31,20.0,1,100.0
2024-02-12 15:00:00,EQ_M002,Water Pump,12758.7,20.4,8.0,15.92,2.85,20.0,1,100.0
2024-02-12 15:00:00,EQ_M003,Air Handler,10193.2,15.7,7.3,17.19,3.41,20.0,1,100.0
2024-02-12 15:00:00,EQ_B001,Compressor,7308.5,14.8,4.18,24.34,6.8,58.6,0,71.4
2024-02-12 15:00:00,EQ_B002,Water Pump,9774.7,14.0,7.27,12.45,2.91,20.0,1,100.0
2024-02-12 16:00:00,EQ_M001,Compressor,11023.9,17.5,8.0,21.02,6.25,20.0,1,100.0
2024-02-12 16:00:00,EQ_M002,Water Pump,12759.2,19.1,8.0,13.61,2.91,20.0,1,100.0
2024-02-12 16:00:00,EQ_M003,Air Handler,10193.7,15.3,7.63,14.46,3.14,20.0,1,100.0
2024-02-12 16:00:00,EQ_B001,Compressor,7309.1,16.4,4.53,21.56,6.52,57.6,0,72.4
2024-02-12 16:00:00,EQ_B002,Water Pump,9775.3,13.2,7.6,13.91,3.26,20.0,1,100.0
2024-02-12 17:00:00,EQ_M001,Compressor,11024.6,15.3,8.0,25.27,6.47,20.0,1,100.0
2024-02-12 17:00:00,EQ_M002,Water Pump,12760.1,20.0,8.0,13.28,2.69,20.0,1,100.0
2024-02-12 17:00:00,EQ_M003,Air Handler,10194.5,14.6,7.63,14.87,3.18,20.0,1,100.0
2024-02-12 17:00:00,EQ_B001,Compressor,7309.6,16.7,4.29,20.83,6.53,58.3,0,71.7
2024-02-12 17:00:00,EQ_B002,Water Pump,9776.1,16.8,7.76,13.49,2.98,20.0,1,100.0
2024-02-12 18:00:00,EQ_M001,Compressor,11025.4,17.8,8.0,22.15,6.74,20.0,1,100.0
2024-02-12 18:00:00,EQ_M002,Water Pump,12760.8,19.0,8.0,15.24,2.66,20.0,1,100.0
2024-02-12 18:00:00,EQ_M003,Air Handler,10195.3,15.5,7.95,16.04,3.14,20.0,1,100.0
2024-02-12 18:00:00,EQ_B001,Compressor,7310.5,15.3,4.83,17.51,6.89,56.6,0,73.4
2024-02-12 18:00:00,EQ_B002,Water Pump,9776.9,14.9,6.95,15.59,3.22,20.0,1,100.0
2024-02-12 19:00:00,EQ_M001,Compressor,11025.9,16.6,8.0,24.79,6.72,20.0,1,100.0
2024-02-12 19:00:00,EQ_M002,Water Pump,12761.6,22.3,8.0,13.9,3.27,20.0,1,100.0
2024-02-12 19:00:00,EQ_M003,Air Handler,10196.0,14.1,7.8,15.68,2.78,20.0,1,100.0
2024-02-12 19:00:00,EQ_B001,Compressor,7311.3,14.0,4.71,22.53,6.84,57.0,0,73.0
2024-02-12 19:00:00,EQ_B002,Water Pump,9777.4,15.6,7.42,15.12,2.99,20.0,1,100.0
2024-02-12 20:00:00,EQ_M001,Compressor,11026.8,17.5,8.0,19.09,6.17,20.0,1,100.0
2024-02-12 20:00:00,EQ_M002,Water Pump,12762.5,18.6,8.0,17.13,3.14,20.0,1,100.0
2024-02-12 20:00:00,EQ_M003,Air Handler,10196.6,14.6,7.39,14.3,2.68,20.0,1,100.0
2024-02-12 20:00:00,EQ_B001,Compressor,7312.0,15.4,4.62,21.94,6.44,57.3,0,72.7
2024-02-12 20:00:00,EQ_B002,Water Pump,9778.0,15.2,7.07,16.76,2.71,20.0,1,100.0
2024-02-12 21:00:00,EQ_M001,Compressor,11027.4,17.9,7.9,23.65,6.29,20.0,1,100.0
2024-02-12 21:00:00,EQ_M002,Water Pump,12763.4,22.5,8.0,14.76,2.76,20.0,1,100.0
2024-02-12 21:00:00,EQ_M003,Air Handler,10197.3,15.2,7.74,14.32,2.87,20.0,1,100.0
2024-02-12 21:00:00,EQ_B001,Compressor,7312.8,15.7,4.71,23.14,6.35,57.0,0,73.0
2024-02-12 21:00:00,EQ_B002,Water Pump,9778.5,15.1,7.69,12.87,3.19,20.0,1,100.0
2024-02-12 22:00:00,EQ_M001,Compressor,11028.4,18.8,8.0,19.5,5.98,20.0,1,100.0
2024-02-12 22:00:00,EQ_M002,Water Pump,12764.0,18.8,8.0,15.06,2.92,20.0,1,100.0
2024-02-12 22:00:00,EQ_M003,Air Handler,10198.1,14.1,7.74,14.79,2.85,20.0,1,100.0
2024-02-12 22:00:00,EQ_B001,Compressor,7313.5,12.7,4.77,22.87,6.83,56.8,0,73.2
2024-02-12 22:00:00,EQ_B002,Water Pump,9779.3,14.4,7.82,13.29,2.98,20.0,1,100.0
2024-02-12 23:00:00,EQ_M001,Compressor,11029.4,17.3,8.0,25.61,6.84,20.0,1,100.0
2024-02-12 23:00:00,EQ_M002,Water Pump,12764.5,22.0,8.0,14.0,2.47,20.0,1,100.0
2024-02-12 23:00:00,EQ_M003,Air Handler,10198.8,14.0,7.83,12.44,2.97,20.0,1,100.0
2024-02-12 23:00:00,EQ_B001,Compressor,7314.1,15.7,4.94,22.8,6.8,56.3,0,73.7
2024-02-12 23:00:00,EQ_B002,Water Pump,9780.3,15.9,7.62,15.78,2.94,20.0,1,100.0
2024-02-13 00:00:00,EQ_M001,Compressor,11030.0,15.8,8.0,25.31,6.55,20.0,1,100.0
2024-02-13 00:00:00,EQ_M002,Water Pump,12765.0,20.7,8.0,14.84,2.98,20.0,1,100.0
2024-02-13 00:00:00,EQ_M003,Air Handler,10199.7,16.7,7.7,15.57,3.19,20.0,1,100.0
2024-02-13 00:00:00,EQ_B001,Compressor,7315.1,14.4,4.71,25.21,6.28,56.9,0,73.1
2024-02-13 00:00:00,EQ_B002,Water Pump,9780.8,15.8,7.24,13.75,3.17,20.0,1,100.0
2024-02-13 01:00:00,EQ_M001,Compressor,11030.8,16.6,8.0,21.08,7.19,20.0,1,100.0
2024-02-13 01:00:00,EQ_M002,Water Pump,12765.8,19.1,8.0,13.98,2.95,20.0,1,100.0
2024-02-13 01:00:00,EQ_M003,Air Handler,10200.6,14.3,8.0,12.83,2.91,20.0,1,100.0
2024-02-13 01:00:00,EQ_B001,Compressor,7315.7,13.3,4.65,20.7,6.51,57.1,0,72.9
2024-02-13 01:00:00,EQ_B002,Water Pump,9781.6,14.1,7.21,14.07,2.76,20.0,1,100.0
2024-02-13 02:00:00,EQ_M001,Compressor,11031.4,15.9,8.0,22.88,6.24,20.0,1,100.0
2024-02-13 02:00:00,EQ_M002,Water Pump,12766.8,19.7,8.0,13.25,3.25,20.0,1,100.0
2024-02-13 02:00:00,EQ_M003,Air Handler,10201.1,13.4,7.69,15.09,3.13,20.0,1,100.0
2024-02-13 02:00:00,EQ_B001,Compressor,7316.4,14.9,4.86,22.05,6.88,56.5,0,73.5
2024-02-13 02:00:00,EQ_B002,Water Pump,9782.3,16.0,7.71,14.83,3.12,20.0,1,100.0
2024-02-13 03:00:00,EQ_M001,Compressor,11032.0,16.2,8.0,22.39,6.77,20.0,1,100.0
2024-02-13 03:00:00,EQ_M002,Water Pump,12767.7,20.3,8.0,13.72,3.02,20.0,1,100.0
2024-02-13 03:00:00,EQ_M003,Air Handler,10202.1,12.7,7.35,14.42,3.07,20.0,1,100.0
2024-02-13 03:00:00,EQ_B001,Compressor,7317.3,14.8,4.48,21.21,6.11,57.6,0,72.4
2024-02-13 03:00:00,EQ_B002,Water Pump,9783.1,15.0,7.04,16.38,2.95,20.0,1,100.0
2024-02-13 04:00:00,EQ_M001,Compressor,11032.9,15.3,8.0,24.4,6.19,20.0,1,100.0
2024-02-13 04:00:00,EQ_M002,Water Pump,12768.6,19.2,8.0,13.1,2.79,20.0,1,100.0
2024-02-13 04:00:00,EQ_M003,Air Handler,10202.7,14.0,7.35,14.47,3.21,20.0,1,100.0
2024-02-13 04:00:00,EQ_B001,Compressor,7318.1,14.7,4.69,25.62,6.55,57.0,0,73.0
2024-02-13 04:00:00,EQ_B002,Water Pump,9783.6,15.0,7.0,13.83,2.62,20.0,1,100.0
2024-02-13 05:00:00,EQ_M001,Compressor,11033.8,17.2,8.0,21.73,6.05,20.0,1,100.0
2024-02-13 05:00:00,EQ_M002,Water Pump,12769.2,19.5,8.0,16.46,3.26,20.0,1,100.0
2024-02-13 05:00:00,EQ_M003,Air Handler,10203.5,13.8,8.0,15.76,3.12,20.0,1,100.0
2024-02-13 05:00:00,EQ_B001,Compressor,7318.9,14.9,4.97,23.73,6.22,56.1,0,73.9
2024-02-13 05:00:00,EQ_B002,Water Pump,9784.3,15.1,7.13,13.84,2.98,20.0,1,100.0
2024-02-13 06:00:00,EQ_M001,Compressor,11034.7,17.6,8.0,22.92,6.87,20.0,1,100.0
2024-02-13 06:00:00,EQ_M002,Water Pump,12769.7,20.7,8.0,16.95,3.0,20.0,1,100.0
2024-02-13 06:00:00,EQ_M003,Air Handler,10204.2,14.1,7.77,14.86,2.79,20.0,1,100.0
2024-02-13 06:00:00,EQ_B001,Compressor,7319.8,15.2,4.9,22.41,6.7,56.3,0,73.7
2024-02-13 06:00:00,EQ_B002,Water Pump,9785.1,14.1,6.74,15.75,3.18,20.0,1,100.0
2024-02-13 07:00:00,EQ_M001,Compressor,11035.6,17.1,8.0,22.8,6.35,20.0,1,100.0
2024-02-13 07:00:00,EQ_M002,Water Pump,12770.5,19.8,8.0,15.07,2.62,20.0,1,100.0
2024-02-13 07:00:00,EQ_M003,Air Handler,10204.9,16.4,7.53,13.48,2.76,20.0,1,100.0
2024-02-13 07:00:00,EQ_B001,Compressor,7320.7,14.7,4.87,21.49,6.57,56.4,0,73.6
2024-02-13 07:00:00,EQ_B002,Water Pump,9785.8,14.7,7.39,12.57,2.89,20.0,1,100.0
2024-02-13 08:00:00,EQ_M001,Compressor,11036.2,16.8,8.0,21.8,6.54,20.0,1,100.0
2024-02-13 08:00:00,EQ_M002,Water Pump,12771.1,20.4,8.0,15.76,2.67,20.0,1,100.0
2024-02-13 08:00:00,EQ_M003,Air Handler,10205.7,13.8,8.0,13.65,3.1,20.0,1,100.0
2024-02-13 08:00:00,EQ_B001,Compressor,7321.3,14.6,4.42,19.87,6.52,57.7,0,72.3
2024-02-13 08:00:00,EQ_B002,Water Pump,9786.5,14.7,7.26,15.31,2.91,20.0,1,100.0
2024-02-13 09:00:00,EQ_M001,Compressor,11037.0,17.5,8.0,24.98,6.59,20.0,1,100.0
2024-02-13 09:00:00,EQ_M002,Water Pump,12772.1,19.7,8.0,15.8,2.65,20.0,1,100.0
2024-02-13 09:00:00,EQ_M003,Air Handler,10206.5,16.6,7.86,16.47,2.87,20.0,1,100.0
2024-02-13 09:00:00,EQ_B001,Compressor,7322.3,13.2,4.48,18.64,6.62,57.5,0,72.5
2024-02-13 09:00:00,EQ_B002,Water Pump,9787.3,14.7,6.85,16.42,3.3,20.0,1,100.0
2024-02-13 10:00:00,EQ_M001,Compressor,11037.9,15.0,8.0,22.62,6.04,20.0,1,100.0
2024-02-13 10:00:00,EQ_M002,Water Pump,12772.7,20.6,8.0,16.58,2.9,20.0,1,100.0
2024-02-13 10:00:00,EQ_M003,Air Handler,10207.4,14.4,7.88,12.49,2.82,20.0,1,100.0
2024-02-13 10:00:00,EQ_B001,Compressor,7323.1,14.6,5.06,20.35,6.95,55.8,0,74.2
2024-02-13 10:00:00,EQ_B002,Water Pump,9787.8,16.0,6.91,15.76,3.14,20.0,1,100.0
2024-02-13 11:00:00,EQ_M001,Compressor,11038.5,15.6,7.89,19.02,6.15,20.0,1,100.0
2024-02-13 11:00:00,EQ_M002,Water Pump,12773.2,19.2,8.0,15.06,2.9,20.0,1,100.0
2024-02-13 11:00:00,EQ_M003,Air Handler,10208.1,14.6,7.61,15.85,3.17,20.0,1,100.0
2024-02-13 11:00:00,EQ_B001,Compressor,7324.1,15.6,5.0,19.53,6.48,55.9,0,74.1
2024-02-13 11:00:00,EQ_B002,Water Pump,9788.6,16.2,7.46,15.92,3.07,20.0,1,100.0
2024-02-13 12:00:00,EQ_M001,Compressor,11039.2,16.6,8.0,20.7,6.55,20.0,1,100.0
2024-02-13 12:00:00,EQ_M002,Water Pump,12774.0,19.6,8.0,17.6,3.09,20.0,1,100.0
2024-02-13 12:00:00,EQ_M003,Air Handler,10208.6,15.4,7.63,14.64,3.0,20.0,1,100.0
2024-02-13 12:00:00,EQ_B001,Compressor,7324.9,14.5,4.23,20.54,5.94,58.3,0,71.7
2024-02-13 12:00:00,EQ_B002,Water Pump,9789.5,14.3,6.97,13.47,2.65,20.0,1,100.0
2024-02-13 13:00:00,EQ_M001,Compressor,11039.8,16.6,8.0,19.11,6.4,20.0,1,100.0
2024-02-13 13:00:00,EQ_M002,Water Pump,12774.7,20.5,8.0,17.13,3.17,20.0,1,100.0
2024-02-13 13:00:00,EQ_M003,Air Handler,10209.4,14.2,8.0,15.07,3.0,20.0,1,100.0
2024-02-13 13:00:00,EQ_B001,Compressor,7325.7,13.9,4.54,17.72,6.2,57.3,0,72.7
2024-02-13 13:00:00,EQ_B002,Water Pump,9790.2,14.7,7.0,16.12,3.29,20.0,1,100.0
2024-02-13 14:00:00,EQ_M001,Compressor,11040.5,16.8,8.0,20.4,6.6,20.0,1,100.0
2024-02-13 14:00:00,EQ_M002,Water Pump,12775.3,20.2,8.0,15.14,3.03,20.0,1,100.0
2024-02-13 14:00:00,EQ_M003,Air Handler,10210.2,15.1,7.85,15.82,3.12,20.0,1,100.0
2024-02-13 14:00:00,EQ_B001,Compressor,7326.6,13.1,5.12,22.54,6.02,55.6,0,74.4
2024-02-13 14:00:00,EQ_B002,Water Pump,9790.9,14.4,7.62,16.05,2.82,20.0,1,100.0
2024-02-13 15:00:00,EQ_M001,Compressor,11041.1,17.6,8.0,19.24,6.73,20.0,1,100.0
2024-02-13 15:00:00,EQ_M002,Water Pump,12775.9,19.0,8.0,13.33,2.8,20.0,1,100.0
2024-02-13 15:00:00,EQ_M003,Air Handler,10210.7,14.3,7.57,19.07,3.15,20.0,1,100.0
2024-02-13 15:00:00,EQ_B001,Compressor,7327.1,13.1,4.0,22.13,6.59,58.9,0,71.1
2024-02-13 15:00:00,EQ_B002,Water Pump,9791.8,15.8,6.86,15.77,2.92,20.0,1,100.0
2024-02-13 16:00:00,EQ_M001,Compressor,11041.9,16.8,8.0,25.46,6.21,20.0,1,100.0
2024-02-13 16:00:00,EQ_M002,Water Pump,12776.7,20.0,8.0,14.01,3.26,20.0,1,100.0
2024-02-13 16:00:00,EQ_M003,Air Handler,10211.7,15.6,8.0,16.51,3.07,20.0,1,100.0
2024-02-13 16:00:00,EQ_B001,Compressor,7327.9,14.9,4.84,21.4,6.21,56.4,0,73.6
2024-02-13 16:00:00,EQ_B002,Water Pump,9792.4,14.5,7.18,17.03,3.18,20.0,1,100.0
2024-02-13 17:00:00,EQ_M001,Compressor,11042.8,15.7,8.0,23.58,6.82,20.0,1,100.0
2024-02-13 17:00:00,EQ_M002,Water Pump,12777.6,21.7,8.0,15.65,2.86,20.0,1,100.0
2024-02-13 17:00:00,EQ_M003,Air Handler,10212.3,13.9,7.96,13.53,2.95,20.0,1,100.0
2024-02-13 17:00:00,EQ_B001,Compressor,7328.4,16.0,4.97,23.5,6.16,56.0,0,74.0
2024-02-13 17:00:00,EQ_B002,Water Pump,9793.2,14.8,7.57,11.81,2.8,20.0,1,100.0
2024-02-13 18:00:00,EQ_M001,Compressor,11043.6,17.2,8.0,22.55,6.55,20.0,1,100.0
2024-02-13 18:00:00,EQ_M002,Water Pump,12778.1,19.3,8.0,16.01,3.2,20.0,1,100.0
2024-02-13 18:00:00,EQ_M003,Air Handler,10213.1,14.1,8.0,12.47,3.06,20.0,1,100.0
2024-02-13 18:00:00,EQ_B001,Compressor,7329.2,16.1,5.09,21.28,6.43,55.6,0,74.4
2024-02-13 18:00:00,EQ_B002,Water Pump,9793.9,13.6,7.8,15.39,3.16,20.0,1,100.0
2024-02-13 19:00:00,EQ_M001,Compressor,11044.3,16.8,8.0,23.87,6.86,20.0,1,100.0
2024-02-13 19:00:00,EQ_M002,Water Pump,12779.0,20.9,8.0,16.71,2.6,20.0,1,100.0
2024-02-13 19:00:00,EQ_M003,Air Handler,10213.6,14.1,7.39,12.56,2.93,20.0,1,100.0
2024-02-13 19:00:00,EQ_B001,Compressor,7329.7,14.7,4.82,22.31,6.99,56.4,0,73.6
2024-02-13 19:00:00,EQ_B002,Water Pump,9794.4,13.9,6.77,15.66,2.61,20.0,1,100.0
2024-02-13 20:00:00,EQ_M001,Compressor,11045.2,16.0,7.99,22.09,6.28,20.0,1,100.0
2024-02-13 20:00:00,EQ_M002,Water Pump,12779.6,19.9,8.0,13.55,3.32,20.0,1,100.0
2024-02-13 20:00:00,EQ_M003,Air Handler,10214.1,15.4,7.53,15.63,3.05,20.0,1,100.0
2024-02-13 20:00:00,EQ_B001,Compressor,7330.2,14.8,4.28,23.15,6.47,58.0,0,72.0
2024-02-13 20:00:00,EQ_B002,Water Pump,9795.1,14.3,6.87,17.12,3.2,20.0,1,100.0
2024-02-13 21:00:00,EQ_M001,Compressor,11045.9,17.0,8.0,18.76,5.87,20.0,1,100.0
2024-02-13 21:00:00,EQ_M002,Water Pump,12780.3,21.1,8.0,14.12,3.14,20.0,1,100.0
2024-02-13 21:00:00,EQ_M003,Air Handler,10215.0,16.0,8.0,12.81,2.95,20.0,1,100.0
2024-02-13 21:00:00,EQ_B001,Compressor,7330.8,13.8,4.54,18.7,6.31,57.2,0,72.8
2024-02-13 21:00:00,EQ_B002,Water Pump,9795.9,13.7,7.12,16.67,2.98,20.0,1,100.0
2024-02-13 22:00:00,EQ_M001,Compressor,11046.4,16.2,8.0,22.6,6.36,20.0,1,100.0
2024-02-13 22:00:00,EQ_M002,Water Pump,12781.0,20.9,8.0,16.63,3.15,20.0,1,100.0
2024-02-13 22:00:00,EQ_M003,Air Handler,10216.0,15.3,7.88,15.04,2.76,20.0,1,100.0
2024-02-13 22:00:00,EQ_B001,Compressor,7331.5,14.8,4.58,20.33,6.11,57.1,0,72.9
2024-02-13 22:00:00,EQ_B002,Water Pump,9796.7,15.4,6.88,16.67,3.15,20.0,1,100.0
2024-02-13 23:00:00,EQ_M001,Compressor,11047.3,16.8,8.0,19.18,6.77,20.0,1,100.0
2024-02-13 23:00:00,EQ_M002,Water Pump,12781.7,18.7,8.0,13.38,3.33,20.0,1,100.0
2024-02-13 23:00:00,EQ_M003,Air Handler,10216.5,15.9,7.54,12.75,2.99,20.0,1,100.0
2024-02-13 23:00:00,EQ_B001,Compressor,7332.3,14.6,4.88,21.4,6.41,56.2,0,73.8
2024-02-13 23:00:00,EQ_B002,Water Pump,9797.6,14.1,6.97,16.68,3.31,20.0,1,100.0
2024-02-14 00:00:00,EQ_M001,Compressor,11048.1,14.9,7.83,21.65,6.43,20.0,1,100.0
2024-02-14 00:00:00,EQ_M002,Water Pump,12782.4,20.2,8.0,13.52,3.04,20.0,1,100.0
2024-02-14 00:00:00,EQ_M003,Air Handler,10217.4,14.0,7.69,17.42,2.99,20.0,1,100.0
2024-02-14 00:00:00,EQ_B001,Compressor,7332.8,14.6,4.62,19.93,6.88,57.0,0,73.0
2024-02-14 00:00:00,EQ_B002,Water Pump,9798.5,13.9,7.01,15.31,2.82,20.0,1,100.0
2024-02-14 01:00:00,EQ_M001,Compressor,11048.9,16.7,8.0,23.26,6.64,20.0,1,100.0
2024-02-14 01:00:00,EQ_M002,Water Pump,12783.1,19.3,8.0,13.75,2.88,20.0,1,100.0
2024-02-14 01:00:00,EQ_M003,Air Handler,10218.4,13.7,7.85,12.58,2.78,20.0,1,100.0
2024-02-14 01:00:00,EQ_B001,Compressor,7333.4,13.6,5.58,24.05,6.85,54.1,1,75.9
2024-02-14 01:00:00,EQ_B002,Water Pump,9799.2,15.2,7.08,13.45,3.01,20.0,1,100.0
2024-02-14 02:00:00,EQ_M001,Compressor,11049.4,16.4,8.0,21.67,6.06,20.0,1,100.0
2024-02-14 02:00:00,EQ_M002,Water Pump,12783.6,18.7,8.0,13.54,3.0,20.0,1,100.0
2024-02-14 02:00:00,EQ_M003,Air Handler,10219.2,15.8,8.0,14.86,3.12,20.0,1,100.0
2024-02-14 02:00:00,EQ_B001,Compressor,7334.0,13.1,4.94,21.54,6.77,56.0,0,74.0
2024-02-14 02:00:00,EQ_B002,Water Pump,9799.7,13.8,6.93,17.18,2.69,20.0,1,100.0
2024-02-14 03:00:00,EQ_M001,Compressor,11050.0,15.4,8.0,21.68,6.24,20.0,1,100.0
2024-02-14 03:00:00,EQ_M002,Water Pump,12784.3,20.2,8.0,15.34,2.58,20.0,1,100.0
2024-02-14 03:00:00,EQ_M003,Air Handler,10219.8,16.9,7.87,13.77,2.53,20.0,1,100.0
2024-02-14 03:00:00,EQ_B001,Compressor,7334.6,14.2,5.11,24.95,6.84,55.5,0,74.5
2024-02-14 03:00:00,EQ_B002,Water Pump,9800.5,15.3,6.89,15.5,2.77,20.0,1,100.0
2024-02-14 04:00:00,EQ_M001,Compressor,11051.0,15.9,8.0,16.56,6.61,20.0,1,100.0
2024-02-14 04:00:00,EQ_M002,Water Pump,12785.2,21.0,8.0,17.23,2.97,20.0,1,100.0
2024-02-14 04:00:00,EQ_M003,Air Handler,10220.8,14.4,8.0,16.2,3.16,20.0,1,100.0
2024-02-14 04:00:00,EQ_B001,Compressor,7335.2,15.0,4.75,19.62,6.56,56.6,0,73.4
2024-02-14 04:00:00,EQ_B002,Water Pump,9801.1,13.7,7.36,15.12,3.15,20.0,1,100.0
2024-02-14 05:00:00,EQ_M001,Compressor,11051.9,17.6,8.0,18.94,6.68,20.0,1,100.0
2024-02-14 05:00:00,EQ_M002,Water Pump,12786.1,20.1,8.0,16.58,3.23,20.0,1,100.0
2024-02-14 05:00:00,EQ_M003,Air Handler,10221.3,16.5,7.73,15.33,3.26,20.0,1,100.0
2024-02-14 05:00:00,EQ_B001,Compressor,7335.8,15.8,5.15,21.14,6.48,55.4,0,74.6
2024-02-14 05:00:00,EQ_B002,Water Pump,9801.8,14.2,7.48,15.73,3.18,20.0,1,100.0
2024-02-14 06:00:00,EQ_M001,Compressor,11052.8,16.1,8.0,21.45,6.31,20.0,1,100.0
2024-02-14 06:00:00,EQ_M002,Water Pump,12786.8,18.5,8.0,16.64,2.91,20.0,1,100.0
2024-02-14 06:00:00,EQ_M003,Air Handler,10221.8,15.5,7.4,14.2,2.94,20.0,1,100.0
2024-02-14 06:00:00,EQ_B001,Compressor,7336.5,16.5,4.91,22.52,6.85,56.1,0,73.9
2024-02-14 06:00:00,EQ_B002,Water Pump,9802.7,14.7,7.29,14.1,2.82,20.0,1,100.0
2024-02-14 07:00:00,EQ_M001,Compressor,11053.4,18.8,8.0,24.63,6.93,20.0,1,100.0
2024-02-14 07:00:00,EQ_M002,Water Pump,12787.7,20.1,8.0,15.43,3.36,20.0,1,100.0
2024-02-14 07:00:00,EQ_M003,Air Handler,10222.8,15.4,7.62,15.6,3.15,20.0,1,100.0
2024-02-14 07:00:00,EQ_B001,Compressor,7337.5,13.8,4.79,22.36,6.82,56.4,0,73.6
2024-02-14 07:00:00,EQ_B002,Water Pump,9803.7,15.1,7.3,12.72,2.62,20.0,1,100.0
2024-02-14 08:00:00,EQ_M001,Compressor,11054.4,19.6,8.0,26.21,6.63,20.0,1,100.0
2024-02-14 08:00:00,EQ_M002,Water Pump,12788.5,20.7,8.0,16.54,3.06,20.0,1,100.0
2024-02-14 08:00:00,EQ_M003,Air Handler,10223.5,15.0,7.81,15.08,2.98,20.0,1,100.0
2024-02-14 08:00:00,EQ_B001,Compressor,7338.4,16.3,5.09,24.03,5.99,55.5,0,74.5
2024-02-14 08:00:00,EQ_B002,Water Pump,9804.3,15.5,7.47,14.77,3.31,20.0,1,100.0
2024-02-14 09:00:00,EQ_M001,Compressor,11055.1,14.5,8.0,18.58,6.5,20.0,1,100.0
2024-02-14 09:00:00,EQ_M002,Water Pump,12789.0,18.4,8.0,16.02,3.05,20.0,1,100.0
2024-02-14 09:00:00,EQ_M003,Air Handler,10224.5,15.2,7.68,13.3,2.89,20.0,1,100.0
2024-02-14 09:00:00,EQ_B001,Compressor,7339.0,14.0,5.27,23.08,6.24,55.0,0,75.0
2024-02-14 09:00:00,EQ_B002,Water Pump,9805.2,16.1,7.59,15.1,3.13,20.0,1,100.0
2024-02-14 10:00:00,EQ_M001,Compressor,11056.0,17.0,8.0,25.78,6.53,20.0,1,100.0
2024-02-14 10:00:00,EQ_M002,Water Pump,12789.7,20.5,8.0,17.19,2.83,20.0,1,100.0
2024-02-14 10:00:00,EQ_M003,Air Handler,10225.5,14.5,8.0,16.39,3.3,20.0,1,100.0
2024-02-14 10:00:00,EQ_B001,Compressor,7339.6,14.6,4.67,21.59,6.3,56.8,0,73.2
2024-02-14 10:00:00,EQ_B002,Water Pump,9805.9,14.7,7.01,16.67,2.89,20.0,1,100.0
2024-02-14 11:00:00,EQ_M001,Compressor,11056.7,16.8,8.0,22.8,6.23,20.0,1,100.0
2024-02-14 11:00:00,EQ_M002,Water Pump,12790.3,21.7,8.0,13.28,3.15,20.0,1,100.0
2024-02-14 11:00:00,EQ_M003,Air Handler,10226.3,14.5,7.93,15.63,3.12,20.0,1,100.0
2024-02-14 11:00:00,EQ_B001,Compressor,7340.2,14.0,5.07,21.28,6.28,55.5,0,74.5
2024-02-14 11:00:00,EQ_B002,Water Pump,9806.5,14.6,7.48,13.22,2.91,20.0,1,100.0
2024-02-14 12:00:00,EQ_M001,Compressor,11057.3,17.1,8.0,24.69,6.47,20.0,1,100.0
2024-02-14 12:00:00,EQ_M002,Water Pump,12791.0,19.7,8.0,16.34,3.25,20.0,1,100.0
2024-02-14 12:00:00,EQ_M003,Air Handler,10227.1,14.7,7.97,14.66,3.13,20.0,1,100.0
2024-02-14 12:00:00,EQ_B001,Compressor,7340.8,14.9,5.15,19.59,6.46,55.3,0,74.7
2024-02-14 12:00:00,EQ_B002,Water Pump,9807.0,13.6,7.63,14.98,3.21,20.0,1,100.0
2024-02-14 13:00:00,EQ_M001,Compressor,11058.2,17.9,8.0,23.91,6.25,20.0,1,100.0
2024-02-14 13:00:00,EQ_M002,Water Pump,12791.9,20.0,8.0,13.2,3.02,20.0,1,100.0
2024-02-14 13:00:00,EQ_M003,Air Handler,10227.9,14.5,7.8,15.04,3.05,20.0,1,100.0
2024-02-14 13:00:00,EQ_B001,Compressor,7341.4,14.7,4.34,24.49,6.87,57.7,0,72.3
2024-02-14 13:00:00,EQ_B002,Water Pump,9807.6,13.5,6.97,14.57,3.03,20.0,1,100.0
2024-02-14 14:00:00,EQ_M001,Compressor,11058.8,16.4,8.0,22.21,6.58,20.0,1,100.0
2024-02-14 14:00:00,EQ_M002,Water Pump,12792.9,20.4,8.0,15.09,3.29,20.0,1,100.0
2024-02-14 14:00:00,EQ_M003,Air Handler,10228.7,17.4,7.31,15.37,2.78,20.0,1,100.0
2024-02-14 14:00:00,EQ_B001,Compressor,7342.4,14.4,4.19,20.7,6.37,58.1,0,71.9
2024-02-14 14:00:00,EQ_B002,Water Pump,9808.5,14.2,7.01,16.05,2.73,20.0,1,100.0
2024-02-14 15:00:00,EQ_M001,Compressor,11059.6,16.8,8.0,19.18,6.58,20.0,1,100.0
2024-02-14 15:00:00,EQ_M002,Water Pump,12793.7,20.8,8.0,15.28,2.95,20.0,1,100.0
2024-02-14 15:00:00,EQ_M003,Air Handler,10229.4,16.2,8.0,14.78,2.69,20.0,1,100.0
2024-02-14 15:00:00,EQ_B001,Compressor,7343.1,16.5,4.89,25.29,6.06,56.0,0,74.0
2024-02-14 15:00:00,EQ_B002,Water Pump,9809.1,12.6,7.34,14.52,3.07,20.0,1,100.0
2024-02-14 16:00:00,EQ_M001,Compressor,11060.6,15.7,8.0,22.86,6.82,20.0,1,100.0
2024-02-14 16:00:00,EQ_M002,Water Pump,12794.5,19.7,8.0,12.69,2.82,20.0,1,100.0
2024-02-14 16:00:00,EQ_M003,Air Handler,10230.3,14.7,7.78,12.98,3.01,20.0,1,100.0
2024-02-14 16:00:00,EQ_B001,Compressor,7344.1,14.5,4.59,18.78,7.06,56.9,0,73.1
2024-02-14 16:00:00,EQ_B002,Water Pump,9809.7,13.9,6.81,13.06,2.87,20.0,1,100.0
2024-02-14 17:00:00,EQ_M001,Compressor,11061.6,15.5,8.0,22.32,6.64,20.0,1,100.0
2024-02-14 17:00:00,EQ_M002,Water Pump,12795.2,19.8,8.0,14.94,3.13,20.0,1,100.0
2024-02-14 17:00:00,EQ_M003,Air Handler,10231.0,14.7,8.0,18.31,3.03,20.0,1,100.0
2024-02-14 17:00:00,EQ_B001,Compressor,7344.6,13.7,4.77,20.39,5.97,56.4,0,73.6
2024-02-14 17:00:00,EQ_B002,Water Pump,9810.5,16.1,7.26,13.69,2.68,20.0,1,100.0
2024-02-14 18:00:00,EQ_M001,Compressor,11062.6,14.7,8.0,19.94,5.75,20.0,1,100.0
2024-02-14 18:00:00,EQ_M002,Water Pump,12795.9,19.5,8.0,14.81,2.79,20.0,1,100.0
2024-02-14 18:00:00,EQ_M003,Air Handler,10231.8,13.7,7.24,14.1,3.2,20.0,1,100.0
2024-02-14 18:00:00,EQ_B001,Compressor,7345.1,13.0,5.16,21.6,5.99,55.2,0,74.8
2024-02-14 18:00:00,EQ_B002,Water Pump,9811.3,16.0,6.9,16.68,2.81,20.0,1,100.0
2024-02-14 19:00:00,EQ_M001,Compressor,11063.4,14.9,7.91,23.29,6.86,20.0,1,100.0
2024-02-14 19:00:00,EQ_M002,Water Pump,12796.8,20.7,8.0,14.89,2.78,20.0,1,100.0
2024-02-14 19:00:00,EQ_M003,Air Handler,10232.6,15.9,7.74,16.54,2.84,20.0,1,100.0
2024-02-14 19:00:00,EQ_B001,Compressor,7346.0,15.3,4.77,22.38,6.31,56.4,0,73.6
2024-02-14 19:00:00,EQ_B002,Water Pump,9812.0,13.7,6.76,13.73,2.93,20.0,1,100.0
2024-02-14 20:00:00,EQ_M001,Compressor,11064.2,17.8,8.0,17.55,5.98,20.0,1,100.0
2024-02-14 20:00:00,EQ_M002,Water Pump,12797.6,21.7,8.0,16.03,3.14,20.0,1,100.0
2024-02-14 20:00:00,EQ_M003,Air Handler,10233.1,15.4,7.43,14.17,3.03,20.0,1,100.0
2024-02-14 20:00:00,EQ_B001,Compressor,7346.7,15.7,5.58,22.02,6.79,53.9,1,76.1
2024-02-14 20:00:00,EQ_B002,Water Pump,9812.9,14.9,7.48,14.24,2.8,20.0,1,100.0
2024-02-14 21:00:00,EQ_M001,Compressor,11064.9,17.1,8.0,24.04,6.6,20.0,1,100.0
2024-02-14 21:00:00,EQ_M002,Water Pump,12798.4,20.6,8.0,14.31,2.97,20.0,1,100.0
2024-02-14 21:00:00,EQ_M003,Air Handler,10233.8,14.5,7.65,16.5,3.04,20.0,1,100.0
2024-02-14 21:00:00,EQ_B001,Compressor,7347.4,14.5,4.51,25.01,6.21,57.1,0,72.9
2024-02-14 21:00:00,EQ_B002,Water Pump,9813.5,14.0,7.42,16.19,3.21,20.0,1,100.0
2024-02-14 22:00:00,EQ_M001,Compressor,11065.6,16.6,8.0,24.52,6.44,20.0,1,100.0
2024-02-14 22:00:00,EQ_M002,Water Pump,12799.1,19.7,8.0,13.07,3.06,20.0,1,100.0
2024-02-14 22:00:00,EQ_M003,Air Handler,10234.5,14.3,7.44,16.59,3.16,20.0,1,100.0
2024-02-14 22:00:00,EQ_B001,Compressor,7348.2,14.5,5.05,23.07,6.1,55.5,0,74.5
2024-02-14 22:00:00,EQ_B002,Water Pump,9814.2,15.5,7.2,15.49,2.87,20.0,1,100.0
2024-02-14 23:00:00,EQ_M001,Compressor,11066.4,16.5,8.0,25.7,6.58,20.0,1,100.0
2024-02-14 23:00:00,EQ_M002,Water Pump,12799.8,19.6,8.0,13.91,3.45,20.0,1,100.0
2024-02-14 23:00:00,EQ_M003,Air Handler,10235.2,12.9,7.5,12.93,2.28,20.0,1,100.0
2024-02-14 23:00:00,EQ_B001,Compressor,7348.8,16.0,4.36,25.31,6.22,57.6,0,72.4
2024-02-14 23:00:00,EQ_B002,Water Pump,9815.0,15.0,7.26,18.54,3.05,20.0,1,100.0
2024-02-15 00:00:00,EQ_M001,Compressor,11067.2,16.5,8.0,21.53,6.61,20.0,1,100.0
2024-02-15 00:00:00,EQ_M002,Water Pump,12800.5,19.2,8.0,17.6,3.0,20.0,1,100.0
2024-02-15 00:00:00,EQ_M003,Air Handler,10235.9,15.5,7.81,13.18,3.12,20.0,1,100.0
2024-02-15 00:00:00,EQ_B001,Compressor,7349.8,14.9,4.69,21.57,6.49,56.6,0,73.4
2024-02-15 00:00:00,EQ_B002,Water Pump,9815.6,13.8,7.47,13.52,2.81,20.0,1,100.0
2024-02-15 01:00:00,EQ_M001,Compressor,11068.2,14.7,8.0,22.89,6.78,20.0,1,100.0
2024-02-15 01:00:00,EQ_M002,Water Pump,12801.3,19.8,8.0,16.68,2.91,20.0,1,100.0
2024-02-15 01:00:00,EQ_M003,Air Handler,10236.8,14.0,8.0,14.49,2.8,20.0,1,100.0
2024-02-15 01:00:00,EQ_B001,Compressor,7350.7,14.4,5.19,25.93,7.06,55.1,0,74.9
2024-02-15 01:00:00,EQ_B002,Water Pump,9816.1,14.9,7.08,14.21,3.21,20.0,1,100.0
2024-02-15 02:00:00,EQ_M001,Compressor,11068.7,16.4,8.0,20.43,6.85,20.0,1,100.0
2024-02-15 02:00:00,EQ_M002,Water Pump,12802.2,21.3,8.0,15.5,2.98,20.0,1,100.0
2024-02-15 02:00:00,EQ_M003,Air Handler,10237.6,16.2,7.91,13.74,2.55,20.0,1,100.0
2024-02-15 02:00:00,EQ_B001,Compressor,7351.2,12.8,4.47,21.03,6.37,57.2,0,72.8
2024-02-15 02:00:00,EQ_B002,Water Pump,9816.7,14.4,6.61,16.57,3.19,20.0,1,100.0
2024-02-15 03:00:00,EQ_M001,Compressor,11069.3,14.2,8.0,19.18,6.62,20.0,1,100.0
2024-02-15 03:00:00,EQ_M002,Water Pump,12802.9,19.1,8.0,15.1,3.03,20.0,1,100.0
2024-02-15 03:00:00,EQ_M003,Air Handler,10238.3,15.5,8.0,14.1,2.89,20.0,1,100.0
2024-02-15 03:00:00,EQ_B001,Compressor,7351.8,14.9,5.12,21.59,6.17,55.3,0,74.7
2024-02-15 03:00:00,EQ_B002,Water Pump,9817.4,13.8,7.14,18.49,3.22,20.0,1,100.0
2024-02-15 04:00:00,EQ_M001,Compressor,11070.0,16.4,8.0,23.61,6.68,20.0,1,100.0
2024-02-15 04:00:00,EQ_M002,Water Pump,12803.8,21.1,8.0,15.48,2.95,20.0,1,100.0
2024-02-15 04:00:00,EQ_M003,Air Handler,10239.0,16.2,7.49,17.78,3.02,20.0,1,100.0
2024-02-15 04:00:00,EQ_B001,Compressor,7352.8,14.7,4.57,21.87,6.73,56.9,0,73.1
2024-02-15 04:00:00,EQ_B002,Water Pump,9818.1,14.2,7.5,16.95,3.02,20.0,1,100.0
2024-02-15 05:00:00,EQ_M001,Compressor,11070.8,15.6,8.0,19.45,6.22,20.0,1,100.0
2024-02-15 05:00:00,EQ_M002,Water Pump,12804.4,19.5,8.0,15.86,3.09,20.0,1,100.0
2024-02-15 05:00:00,EQ_M003,Air Handler,10239.7,14.5,7.43,17.5,3.18,20.0,1,100.0
2024-02-15 05:00:00,EQ_B001,Compressor,7353.4,15.2,5.21,23.23,6.44,55.0,0,75.0
2024-02-15 05:00:00,EQ_B002,Water Pump,9818.7,14.6,7.33,11.12,3.33,20.0,1,100.0
2024-02-15 06:00:00,EQ_M001,Compressor,11071.3,16.6,8.0,20.99,6.79,20.0,1,100.0
2024-02-15 06:00:00,EQ_M002,Water Pump,12805.0,20.7,8.0,15.68,2.96,20.0,1,100.0
2024-02-15 06:00:00,EQ_M003,Air Handler,10240.7,14.2,7.87,14.59,2.84,20.0,1,100.0
2024-02-15 06:00:00,EQ_B001,Compressor,7353.9,15.2,4.85,19.0,6.32,56.0,0,74.0
2024-02-15 06:00:00,EQ_B002,Water Pump,9819.2,14.2,7.67,10.63,2.91,20.0,1,100.0
2024-02-15 07:00:00,EQ_M001,Compressor,11072.1,14.8,8.0,20.36,6.34,20.0,1,100.0
2024-02-15 07:00:00,EQ_M002,Water Pump,12805.6,21.0,8.0,14.27,2.98,20.0,1,100.0
2024-02-15 07:00:00,EQ_M003,Air Handler,10241.3,17.4,7.65,13.46,3.01,20.0,1,100.0
2024-02-15 07:00:00,EQ_B001,Compressor,7354.6,14.3,4.6,21.52,5.92,56.8,0,73.2
2024-02-15 07:00:00,EQ_B002,Water Pump,9820.2,14.4,7.56,14.68,2.91,20.0,1,100.0
2024-02-15 08:00:00,EQ_M001,Compressor,11073.0,15.4,8.0,24.24,6.08,20.0,1,100.0
2024-02-15 08:00:00,EQ_M002,Water Pump,12806.1,18.6,8.0,15.55,3.23,20.0,1,100.0
2024-02-15 08:00:00,EQ_M003,Air Handler,10241.8,15.3,7.65,13.92,3.2,20.0,1,100.0
2024-02-15 08:00:00,EQ_B001,Compressor,7355.3,14.3,5.13,17.54,6.31,55.2,0,74.8
2024-02-15 08:00:00,EQ_B002,Water Pump,9821.1,13.9,7.29,13.72,2.68,20.0,1,100.0
2024-02-15 09:00:00,EQ_M001,Compressor,11074.0,15.7,8.0,25.01,6.51,20.0,1,100.0
2024-02-15 09:00:00,EQ_M002,Water Pump,12806.8,20.0,8.0,15.29,2.69,20.0,1,100.0
2024-02-15 09:00:00,EQ_M003,Air Handler,10242.4,14.7,7.57,16.31,2.88,20.0,1,100.0
2024-02-15 09:00:00,EQ_B001,Compressor,7355.8,15.5,5.1,24.53,6.26,55.3,0,74.7
2024-02-15 09:00:00,EQ_B002,Water Pump,9822.0,14.1,6.74,13.16,3.44,20.0,1,100.0
2024-02-15 10:00:00,EQ_M001,Compressor,11074.6,16.8,8.0,21.66,6.0,20.0,1,100.0
2024-02-15 10:00:00,EQ_M002,Water Pump,12807.3,20.5,8.0,14.36,2.79,20.0,1,100.0
2024-02-15 10:00:00,EQ_M003,Air Handler,10243.3,15.8,7.6,16.24,2.65,20.0,1,100.0
2024-02-15 10:00:00,EQ_B001,Compressor,7356.7,13.4,5.39,21.12,6.4,54.4,0,75.6
2024-02-15 10:00:00,EQ_B002,Water Pump,9822.9,12.4,7.31,14.85,2.88,20.0,1,100.0
2024-02-15 11:00:00,EQ_M001,Compressor,11075.3,15.8,8.0,23.06,6.82,20.0,1,100.0
2024-02-15 11:00:00,EQ_M002,Water Pump,12807.8,18.6,8.0,15.7,3.17,20.0,1,100.0
2024-02-15 11:00:00,EQ_M003,Air Handler,10244.2,15.4,8.0,15.74,3.04,20.0,1,100.0
2024-02-15 11:00:00,EQ_B001,Compressor,7357.7,15.5,4.4,20.4,6.46,57.3,0,72.7
2024-02-15 11:00:00,EQ_B002,Water Pump,9823.8,13.0,7.54,14.85,3.02,20.0,1,100.0
2024-02-15 12:00:00,EQ_M001,Compressor,11076.0,17.4,8.0,21.36,6.65,20.0,1,100.0
2024-02-15 12:00:00,EQ_M002,Water Pump,12808.6,20.5,8.0,13.08,3.14,20.0,1,100.0
2024-02-15 12:00:00,EQ_M003,Air Handler,10244.9,17.3,7.76,15.34,3.05,20.0,1,100.0
2024-02-15 12:00:00,EQ_B001,Compressor,7358.7,13.8,4.72,20.81,6.96,56.4,0,73.6
2024-02-15 12:00:00,EQ_B002,Water Pump,9824.3,14.8,7.15,17.87,2.92,20.0,1,100.0
2024-02-15 13:00:00,EQ_M001,Compressor,11076.6,17.2,8.0,24.89,6.49,20.0,1,100.0
2024-02-15 13:00:00,EQ_M002,Water Pump,12809.6,20.7,8.0,14.05,3.16,20.0,1,100.0
2024-02-15 13:00:00,EQ_M003,Air Handler,10245.5,13.8,8.0,13.88,3.21,20.0,1,100.0
2024-02-15 13:00:00,EQ_B001,Compressor,7359.7,14.4,5.18,20.71,6.34,54.9,0,75.1
2024-02-15 13:00:00,EQ_B002,Water Pump,9825.0,15.3,6.68,15.65,3.11,20.0,1,100.0
2024-02-15 14:00:00,EQ_M001,Compressor,11077.4,17.4,8.0,22.97,6.06,20.0,1,100.0
2024-02-15 14:00:00,EQ_M002,Water Pump,12810.4,18.4,8.0,14.8,3.36,20.0,1,100.0
2024-02-15 14:00:00,EQ_M003,Air Handler,10246.5,14.1,7.58,17.1,3.01,20.0,1,100.0
2024-02-15 14:00:00,EQ_B001,Compressor,7360.3,12.8,4.96,20.28,6.11,55.6,0,74.4
2024-02-15 14:00:00,EQ_B002,Water Pump,9825.5,16.6,7.59,15.21,3.16,20.0,1,100.0
2024-02-15 15:00:00,EQ_M001,Compressor,11078.1,16.5,8.0,20.55,7.08,20.0,1,100.0
2024-02-15 15:00:00,EQ_M002,Water Pump,12811.4,18.8,8.0,13.54,3.08,20.0,1,100.0
2024-02-15 15:00:00,EQ_M003,Air Handler,10247.4,14.8,7.4,15.7,2.69,20.0,1,100.0
2024-02-15 15:00:00,EQ_B001,Compressor,7361.3,12.2,4.79,22.37,6.6,56.1,0,73.9
2024-02-15 15:00:00,EQ_B002,Water Pump,9826.4,15.2,7.96,12.72,3.05,20.0,1,100.0
2024-02-15 16:00:00,EQ_M001,Compressor,11078.9,15.7,7.85,23.37,6.33,20.0,1,100.0
2024-02-15 16:00:00,EQ_M002,Water Pump,12812.1,20.9,8.0,15.93,3.13,20.0,1,100.0
2024-02-15 16:00:00,EQ_M003,Air Handler,10248.0,13.7,7.66,13.55,2.88,20.0,1,100.0
2024-02-15 16:00:00,EQ_B001,Compressor,7362.0,13.8,5.06,22.42,6.56,55.3,0,74.7
2024-02-15 16:00:00,EQ_B002,Water Pump,9827.1,16.2,6.82,16.18,3.12,20.0,1,100.0
2024-02-15 17:00:00,EQ_M001,Compressor,11079.6,17.7,8.0,20.88,6.38,20.0,1,100.0
2024-02-15 17:00:00,EQ_M002,Water Pump,12812.6,19.4,8.0,14.77,3.15,20.0,1,100.0
2024-02-15 17:00:00,EQ_M003,Air Handler,10248.5,14.5,7.96,14.66,2.79,20.0,1,100.0
2024-02-15 17:00:00,EQ_B001,Compressor,7362.8,15.6,4.31,24.27,5.77,57.5,0,72.5
2024-02-15 17:00:00,EQ_B002,Water Pump,9827.9,15.0,7.56,15.13,3.22,20.0,1,100.0
2024-02-15 18:00:00,EQ_M001,Compressor,11080.3,15.9,8.0,21.02,6.63,20.0,1,100.0
2024-02-15 18:00:00,EQ_M002,Water Pump,12813.6,18.4,8.0,18.11,2.91,20.0,1,100.0
2024-02-15 18:00:00,EQ_M003,Air Handler,10249.1,16.6,8.0,13.49,2.49,20.0,1,100.0
2024-02-15 18:00:00,EQ_B001,Compressor,7363.3,14.3,4.91,21.0,6.0,55.7,0,74.3
2024-02-15 18:00:00,EQ_B002,Water Pump,9828.5,13.6,6.97,13.77,3.25,20.0,1,100.0
2024-02-15 19:00:00,EQ_M001,Compressor,11080.9,16.9,8.0,23.08,6.34,20.0,1,100.0
2024-02-15 19:00:00,EQ_M002,Water Pump,12814.3,18.9,8.0,15.46,3.01,20.0,1,100.0
2024-02-15 19:00:00,EQ_M003,Air Handler,10249.9,14.0,7.54,15.56,2.78,20.0,1,100.0
2024-02-15 19:00:00,EQ_B001,Compressor,7364.1,13.8,5.59,22.25,6.25,53.7,1,76.3
2024-02-15 19:00:00,EQ_B002,Water Pump,9829.4,15.2,7.46,16.41,3.2,20.0,1,100.0
2024-02-15 20:00:00,EQ_M001,Compressor,11081.5,16.8,8.0,23.72,7.17,20.0,1,100.0
2024-02-15 20:00:00,EQ_M002,Water Pump,12814.9,19.2,8.0,17.0,3.01,20.0,1,100.0
2024-02-15 20:00:00,EQ_M003,Air Handler,10250.5,15.1,7.82,12.32,2.77,20.0,1,100.0
2024-02-15 20:00:00,EQ_B001,Compressor,7364.6,12.6,4.79,23.44,5.95,56.1,0,73.9
2024-02-15 20:00:00,EQ_B002,Water Pump,9830.0,15.7,7.36,15.05,2.89,20.0,1,100.0
2024-02-15 21:00:00,EQ_M001,Compressor,11082.0,16.2,8.0,21.71,6.36,20.0,1,100.0
2024-02-15 21:00:00,EQ_M002,Water Pump,12815.5,21.5,8.0,18.66,2.86,20.0,1,100.0
2024-02-15 21:00:00,EQ_M003,Air Handler,10251.0,15.6,7.3,16.11,2.76,20.0,1,100.0
2024-02-15 21:00:00,EQ_B001,Compressor,7365.3,14.0,5.12,23.38,6.59,55.1,0,74.9
2024-02-15 21:00:00,EQ_B002,Water Pump,9830.7,14.6,7.32,15.01,3.12,20.0,1,100.0
2024-02-15 22:00:00,EQ_M001,Compressor,11082.6,15.5,8.0,23.92,7.11,20.0,1,100.0
2024-02-15 22:00:00,EQ_M002,Water Pump,12816.2,21.2,8.0,12.54,2.8,20.0,1,100.0
2024-02-15 22:00:00,EQ_M003,Air Handler,10252.0,15.1,8.0,15.31,2.8,20.0,1,100.0
2024-02-15 22:00:00,EQ_B001,Compressor,7365.9,15.2,4.83,21.4,6.8,55.9,0,74.1
2024-02-15 22:00:00,EQ_B002,Water Pump,9831.3,12.4,7.53,17.67,2.93,20.0,1,100.0
2024-02-15 23:00:00,EQ_M001,Compressor,11083.3,17.0,8.0,22.4,6.02,20.0,1,100.0
2024-02-15 23:00:00,EQ_M002,Water Pump,12816.7,18.0,8.0,17.13,3.08,20.0,1,100.0
2024-02-15 23:00:00,EQ_M003,Air Handler,10252.6,16.1,7.75,14.47,3.03,20.0,1,100.0
2024-02-15 23:00:00,EQ_B001,Compressor,7366.6,14.1,4.68,19.39,6.63,56.4,0,73.6
2024-02-15 23:00:00,EQ_B002,Water Pump,9831.9,14.0,7.34,14.24,2.87,20.0,1,100.0
2024-02-16 00:00:00,EQ_M001,Compressor,11084.0,15.4,8.0,22.51,6.04,20.0,1,100.0
2024-02-16 00:00:00,EQ_M002,Water Pump,12817.4,19.3,8.0,14.93,3.01,20.0,1,100.0
2024-02-16 00:00:00,EQ_M003,Air Handler,10253.5,14.5,8.0,16.95,2.91,20.0,1,100.0
2024-02-16 00:00:00,EQ_B001,Compressor,7367.5,15.1,4.77,24.8,6.32,56.1,0,73.9
2024-02-16 00:00:00,EQ_B002,Water Pump,9832.5,14.7,7.61,13.99,3.03,20.0,1,100.0
2024-02-16 01:00:00,EQ_M001,Compressor,11084.8,16.8,8.0,19.52,6.46,20.0,1,100.0
2024-02-16 01:00:00,EQ_M002,Water Pump,12818.0,19.9,8.0,14.74,2.76,20.0,1,100.0
2024-02-16 01:00:00,EQ_M003,Air Handler,10254.4,13.8,7.67,15.05,3.23,20.0,1,100.0
2024-02-16 01:00:00,EQ_B001,Compressor,7368.3,13.9,4.92,23.02,6.56,55.6,0,74.4
2024-02-16 01:00:00,EQ_B002,Water Pump,9833.1,14.5,7.55,16.49,3.02,20.0,1,100.0
2024-02-16 02:00:00,EQ_M001,Compressor,11085.8,16.4,8.0,21.77,6.24,20.0,1,100.0
2024-02-16 02:00:00,EQ_M002,Water Pump,12818.7,19.9,8.0,15.54,2.8,20.0,1,100.0
2024-02-16 02:00:00,EQ_M003,Air Handler,10255.2,15.1,7.8,16.76,3.03,20.0,1,100.0
2024-02-16 02:00:00,EQ_B001,Compressor,7369.2,14.1,4.83,18.85,6.41,55.9,0,74.1
2024-02-16 02:00:00,EQ_B002,Water Pump,9834.0,14.5,7.31,15.57,3.3,20.0,1,100.0
2024-02-16 03:00:00,EQ_M001,Compressor,11086.4,16.7,8.0,21.81,6.3,20.0,1,100.0
2024-02-16 03:00:00,EQ_M002,Water Pump,12819.6,19.3,8.0,16.45,2.95,20.0,1,100.0
2024-02-16 03:00:00,EQ_M003,Air Handler,10256.2,14.9,7.93,16.63,2.89,20.0,1,100.0
2024-02-16 03:00:00,EQ_B001,Compressor,7369.9,15.0,5.08,25.71,6.29,55.1,0,74.9
2024-02-16 03:00:00,EQ_B002,Water Pump,9835.0,13.6,7.69,18.26,2.86,20.0,1,100.0
2024-02-16 04:00:00,EQ_M001,Compressor,11087.3,15.5,8.0,21.28,6.35,20.0,1,100.0
2024-02-16 04:00:00,EQ_M002,Water Pump,12820.2,18.4,8.0,12.02,2.77,20.0,1,100.0
2024-02-16 04:00:00,EQ_M003,Air Handler,10256.9,14.9,7.97,15.82,3.07,20.0,1,100.0
2024-02-16 04:00:00,EQ_B001,Compressor,7370.6,13.8,5.1,19.29,5.94,55.1,0,74.9
2024-02-16 04:00:00,EQ_B002,Water Pump,9835.9,13.2,7.01,12.42,2.94,20.0,1,100.0
2024-02-16 05:00:00,EQ_M001,Compressor,11088.1,15.8,8.0,19.77,6.94,20.0,1,100.0
2024-02-16 05:00:00,EQ_M002,Water Pump,12820.9,19.9,8.0,14.32,3.0,20.0,1,100.0
2024-02-16 05:00:00,EQ_M003,Air Handler,10257.5,13.6,7.99,16.27,2.93,20.0,1,100.0
2024-02-16 05:00:00,EQ_B001,Compressor,7371.6,16.3,4.86,21.84,6.04,55.8,0,74.2
2024-02-16 05:00:00,EQ_B002,Water Pump,9836.5,14.4,6.91,15.4,2.9,20.0,1,100.0
2024-02-16 06:00:00,EQ_M001,Compressor,11089.0,16.5,8.0,17.75,6.74,20.0,1,100.0
2024-02-16 06:00:00,EQ_M002,Water Pump,12821.5,20.6,8.0,16.02,2.97,20.0,1,100.0
2024-02-16 06:00:00,EQ_M003,Air Handler,10258.0,14.3,7.76,15.15,2.87,20.0,1,100.0
2024-02-16 06:00:00,EQ_B001,Compressor,7372.2,14.0,5.04,23.2,6.43,55.2,0,74.8
2024-02-16 06:00:00,EQ_B002,Water Pump,9837.1,14.3,7.22,13.83,3.05,20.0,1,100.0
2024-02-16 07:00:00,EQ_M001,Compressor,11089.5,18.2,8.0,17.05,6.68,20.0,1,100.0
2024-02-16 07:00:00,EQ_M002,Water Pump,12822.1,19.7,8.0,14.01,3.13,20.0,1,100.0
2024-02-16 07:00:00,EQ_M003,Air Handler,10258.6,13.1,7.34,15.32,2.75,20.0,1,100.0
2024-02-16 07:00:00,EQ_B001,Compressor,7372.7,14.7,4.22,22.86,6.58,57.7,0,72.3
2024-02-16 07:00:00,EQ_B002,Water Pump,9837.9,13.6,7.22,16.34,2.95,20.0,1,100.0
2024-02-16 08:00:00,EQ_M001,Compressor,11090.3,16.0,8.0,21.35,6.42,20.0,1,100.0
2024-02-16 08:00:00,EQ_M002,Water Pump,12823.0,18.5,8.0,13.58,2.7,20.0,1,100.0
2024-02-16 08:00:00,EQ_M003,Air Handler,10259.4,13.8,7.82,12.73,3.18,20.0,1,100.0
2024-02-16 08:00:00,EQ_B001,Compressor,7373.7,15.7,4.48,21.14,6.0,56.9,0,73.1
2024-02-16 08:00:00,EQ_B002,Water Pump,9838.6,12.5,7.39,12.48,3.02,20.0,1,100.0
2024-02-16 09:00:00,EQ_M001,Compressor,11091.1,16.5,8.0,23.25,6.18,20.0,1,100.0
2024-02-16 09:00:00,EQ_M002,Water Pump,12823.7,19.8,8.0,16.2,2.93,20.0,1,100.0
2024-02-16 09:00:00,EQ_M003,Air Handler,10260.3,14.3,7.38,16.84,3.32,20.0,1,100.0
2024-02-16 09:00:00,EQ_B001,Compressor,7374.3,12.9,4.83,25.84,6.47,55.8,0,74.2
2024-02-16 09:00:00,EQ_B002,Water Pump,9839.1,14.0,7.12,11.19,2.52,20.0,1,100.0
2024-02-16 10:00:00,EQ_M001,Compressor,11091.6,16.2,8.0,22.18,6.92,20.0,1,100.0
2024-02-16 10:00:00,EQ_M002,Water Pump,12824.6,19.4,8.0,16.28,2.9,20.0,1,100.0
2024-02-16 10:00:00,EQ_M003,Air Handler,10261.1,13.5,7.32,14.68,3.07,20.0,1,100.0
2024-02-16 10:00:00,EQ_B001,Compressor,7374.8,12.4,5.39,20.95,6.28,54.2,0,75.8
2024-02-16 10:00:00,EQ_B002,Water Pump,9839.8,11.4,7.39,15.08,2.47,20.0,1,100.0
2024-02-16 11:00:00,EQ_M001,Compressor,11092.5,16.6,8.0,21.85,6.61,20.0,1,100.0
2024-02-16 11:00:00,EQ_M002,Water Pump,12825.4,19.2,8.0,15.52,2.9,20.0,1,100.0
2024-02-16 11:00:00,EQ_M003,Air Handler,10261.6,15.0,7.84,15.17,3.1,20.0,1,100.0
2024-02-16 11:00:00,EQ_B001,Compressor,7375.6,12.5,5.07,22.01,7.0,55.1,0,74.9
2024-02-16 11:00:00,EQ_B002,Water Pump,9840.4,14.7,6.81,15.94,2.78,20.0,1,100.0
2024-02-16 12:00:00,EQ_M001,Compressor,11093.1,16.7,8.0,22.8,6.45,20.0,1,100.0
2024-02-16 12:00:00,EQ_M002,Water Pump,12826.2,19.6,8.0,16.03,3.17,20.0,1,100.0
2024-02-16 12:00:00,EQ_M003,Air Handler,10262.3,15.1,7.5,16.32,2.89,20.0,1,100.0
2024-02-16 12:00:00,EQ_B001,Compressor,7376.3,14.7,5.05,21.95,6.6,55.1,0,74.9
2024-02-16 12:00:00,EQ_B002,Water Pump,9841.3,15.2,7.34,13.42,3.27,20.0,1,100.0
2024-02-16 13:00:00,EQ_M001,Compressor,11093.7,15.9,8.0,23.7,6.6,20.0,1,100.0
2024-02-16 13:00:00,EQ_M002,Water Pump,12826.8,19.8,8.0,13.02,2.68,20.0,1,100.0
2024-02-16 13:00:00,EQ_M003,Air Handler,10263.0,15.0,7.81,16.01,3.16,20.0,1,100.0
2024-02-16 13:00:00,EQ_B001,Compressor,7377.0,14.8,5.04,24.8,6.65,55.2,0,74.8
2024-02-16 13:00:00,EQ_B002,Water Pump,9842.3,13.8,6.94,16.43,3.14,20.0,1,100.0
2024-02-16 14:00:00,EQ_M001,Compressor,11094.5,16.3,8.0,17.56,6.61,20.0,1,100.0
2024-02-16 14:00:00,EQ_M002,Water Pump,12827.6,20.3,8.0,15.16,2.81,20.0,1,100.0
2024-02-16 14:00:00,EQ_M003,Air Handler,10264.0,14.6,7.6,17.01,3.28,20.0,1,100.0
2024-02-16 14:00:00,EQ_B001,Compressor,7377.6,14.6,4.4,23.05,6.39,57.1,0,72.9
2024-02-16 14:00:00,EQ_B002,Water Pump,9843.2,14.7,7.28,16.97,3.04,20.0,1,100.0
2024-02-16 15:00:00,EQ_M001,Compressor,11095.5,16.1,8.0,22.85,6.52,20.0,1,100.0
2024-02-16 15:00:00,EQ_M002,Water Pump,12828.1,19.2,8.0,15.86,2.77,20.0,1,100.0
2024-02-16 15:00:00,EQ_M003,Air Handler,10264.5,14.1,7.84,18.32,3.25,20.0,1,100.0
2024-02-16 15:00:00,EQ_B001,Compressor,7378.4,13.9,4.83,21.2,6.78,55.8,0,74.2
2024-02-16 15:00:00,EQ_B002,Water Pump,9843.8,13.2,6.92,14.92,3.02,20.0,1,100.0
2024-02-16 16:00:00,EQ_M001,Compressor,11096.2,17.9,8.0,24.68,6.6,20.0,1,100.0
2024-02-16 16:00:00,EQ_M002,Water Pump,12828.8,18.1,8.0,17.28,3.25,20.0,1,100.0
2024-02-16 16:00:00,EQ_M003,Air Handler,10265.4,14.7,8.0,14.69,3.1,20.0,1,100.0
2024-02-16 16:00:00,EQ_B001,Compressor,7379.2,12.7,4.53,21.78,6.5,56.7,0,73.3
2024-02-16 16:00:00,EQ_B002,Water Pump,9844.3,11.1,7.79,16.5,2.78,20.0,1,100.0
2024-02-16 17:00:00,EQ_M001,Compressor,11097.0,17.1,8.0,23.23,7.11,20.0,1,100.0
2024-02-16 17:00:00,EQ_M002,Water Pump,12829.4,20.0,8.0,13.62,3.13,20.0,1,100.0
2024-02-16 17:00:00,EQ_M003,Air Handler,10266.3,13.8,7.1,13.82,3.25,20.0,1,100.0
2024-02-16 17:00:00,EQ_B001,Compressor,7380.1,13.0,4.89,24.55,6.41,55.6,0,74.4
2024-02-16 17:00:00,EQ_B002,Water Pump,9844.9,14.5,7.11,14.99,2.95,20.0,1,100.0
2024-02-16 18:00:00,EQ_M001,Compressor,11097.8,15.8,8.0,23.44,6.65,20.0,1,100.0
2024-02-16 18:00:00,EQ_M002,Water Pump,12830.4,18.4,8.0,17.17,2.97,20.0,1,100.0
2024-02-16 18:00:00,EQ_M003,Air Handler,10267.0,14.3,8.0,12.89,3.12,20.0,1,100.0
2024-02-16 18:00:00,EQ_B001,Compressor,7380.7,14.3,4.59,23.66,6.34,56.5,0,73.5
2024-02-16 18:00:00,EQ_B002,Water Pump,9845.7,13.6,7.67,16.96,3.26,20.0,1,100.0
2024-02-16 19:00:00,EQ_M001,Compressor,11098.4,18.0,8.0,20.57,6.75,20.0,1,100.0
2024-02-16 19:00:00,EQ_M002,Water Pump,12831.1,19.5,8.0,13.38,2.71,20.0,1,100.0
2024-02-16 19:00:00,EQ_M003,Air Handler,10267.7,14.9,7.32,11.96,2.73,20.0,1,100.0
2024-02-16 19:00:00,EQ_B001,Compressor,7381.6,15.9,4.66,19.27,6.36,56.3,0,73.7
2024-02-16 19:00:00,EQ_B002,Water Pump,9846.4,16.7,7.57,14.1,2.95,20.0,1,100.0
2024-02-16 20:00:00,EQ_M001,Compressor,11099.1,16.9,8.0,22.33,6.99,20.0,1,100.0
2024-02-16 20:00:00,EQ_M002,Water Pump,12831.7,20.1,8.0,15.37,2.94,20.0,1,100.0
2024-02-16 20:00:00,EQ_M003,Air Handler,10268.6,12.2,8.0,14.08,2.85,20.0,1,100.0
2024-02-16 20:00:00,EQ_B001,Compressor,7382.3,12.5,5.02,22.71,6.88,55.2,0,74.8
2024-02-16 20:00:00,EQ_B002,Water Pump,9846.9,13.9,7.75,12.34,2.93,20.0,1,100.0
2024-02-16 21:00:00,EQ_M001,Compressor,11100.1,16.0,8.0,19.44,7.1,20.0,1,100.0
2024-02-16 21:00:00,EQ_M002,Water Pump,12832.3,18.5,8.0,12.93,2.91,20.0,1,100.0
2024-02-16 21:00:00,EQ_M003,Air Handler,10269.3,15.7,8.0,16.7,2.94,20.0,1,100.0
2024-02-16 21:00:00,EQ_B001,Compressor,7383.0,14.0,4.65,23.9,7.02,56.3,0,73.7
2024-02-16 21:00:00,EQ_B002,Water Pump,9847.7,13.5,7.31,15.03,2.84,20.0,1,100.0
2024-02-16 22:00:00,EQ_M001,Compressor,11101.0,16.6,8.0,22.9,6.27,20.0,1,100.0
2024-02-16 22:00:00,EQ_M002,Water Pump,12833.3,19.3,8.0,13.89,2.86,20.0,1,100.0
2024-02-16 22:00:00,EQ_M003,Air Handler,10269.9,14.2,7.47,14.54,3.29,20.0,1,100.0
2024-02-16 22:00:00,EQ_B001,Compressor,7384.0,15.0,5.09,20.64,6.72,54.9,0,75.1
2024-02-16 22:00:00,EQ_B002,Water Pump,9848.3,15.9,7.55,17.23,2.88,20.0,1,100.0
2024-02-16 23:00:00,EQ_M001,Compressor,11101.6,15.1,8.0,22.83,6.83,20.0,1,100.0
2024-02-16 23:00:00,EQ_M002,Water Pump,12833.9,20.4,8.0,14.32,2.93,20.0,1,100.0
2024-02-16 23:00:00,EQ_M003,Air Handler,10270.7,15.1,7.47,16.13,2.96,20.0,1,100.0
2024-02-16 23:00:00,EQ_B001,Compressor,7384.9,14.5,4.79,23.89,6.51,55.8,0,74.2
2024-02-16 23:00:00,EQ_B002,Water Pump,9849.2,12.0,6.75,14.84,2.85,20.0,1,100.0
2024-02-17 00:00:00,EQ_M001,Compressor,11102.6,17.0,8.0,20.67,6.25,20.0,1,100.0
2024-02-17 00:00:00,EQ_M002,Water Pump,12834.8,20.1,8.0,14.78,3.08,20.0,1,100.0
2024-02-17 00:00:00,EQ_M003,Air Handler,10271.4,14.4,7.53,14.75,3.29,20.0,1,100.0
2024-02-17 00:00:00,EQ_B001,Compressor,7385.8,13.4,4.92,25.3,6.23,55.4,0,74.6
2024-02-17 00:00:00,EQ_B002,Water Pump,9849.9,15.1,7.1,14.3,2.87,20.0,1,100.0
2024-02-17 01:00:00,EQ_M001,Compressor,11103.3,15.0,8.0,19.23,6.95,20.0,1,100.0
2024-02-17 01:00:00,EQ_M002,Water Pump,12835.6,18.9,8.0,16.67,2.82,20.0,1,100.0
2024-02-17 01:00:00,EQ_M003,Air Handler,10272.1,15.0,7.22,16.06,3.02,20.0,1,100.0
2024-02-17 01:00:00,EQ_B001,Compressor,7386.5,13.3,4.98,24.95,6.39,55.2,0,74.8
2024-02-17 01:00:00,EQ_B002,Water Pump,9850.8,13.9,7.85,14.76,3.11,20.0,1,100.0
2024-02-17 02:00:00,EQ_M001,Compressor,11104.3,17.3,8.0,20.58,6.02,20.0,1,100.0
2024-02-17 02:00:00,EQ_M002,Water Pump,12836.2,19.6,8.0,15.07,3.16,20.0,1,100.0
2024-02-17 02:00:00,EQ_M003,Air Handler,10272.9,15.1,7.85,14.91,2.71,20.0,1,100.0
2024-02-17 02:00:00,EQ_B001,Compressor,7387.1,14.5,5.36,17.98,5.99,54.1,0,75.9
2024-02-17 02:00:00,EQ_B002,Water Pump,9851.4,13.3,7.43,17.33,2.59,20.0,1,100.0
2024-02-17 03:00:00,EQ_M001,Compressor,11105.3,17.3,8.0,21.89,6.56,20.0,1,100.0
2024-02-17 03:00:00,EQ_M002,Water Pump,12837.1,18.1,8.0,13.76,3.31,20.0,1,100.0
2024-02-17 03:00:00,EQ_M003,Air Handler,10273.5,15.0,7.62,14.31,2.9,20.0,1,100.0
2024-02-17 03:00:00,EQ_B001,Compressor,7387.7,12.8,5.21,22.54,6.26,54.5,0,75.5
2024-02-17 03:00:00,EQ_B002,Water Pump,9852.3,15.6,6.63,14.26,2.98,20.0,1,100.0
2024-02-17 04:00:00,EQ_M001,Compressor,11106.1,15.8,8.0,22.34,6.54,20.0,1,100.0
2024-02-17 04:00:00,EQ_M002,Water Pump,12837.8,19.3,8.0,13.02,2.6,20.0,1,100.0
2024-02-17 04:00:00,EQ_M003,Air Handler,10274.2,13.4,8.0,14.53,3.0,20.0,1,100.0
2024-02-17 04:00:00,EQ_B001,Compressor,7388.5,13.9,4.63,20.53,5.93,56.3,0,73.7
2024-02-17 04:00:00,EQ_B002,Water Pump,9852.8,14.5,7.35,15.9,2.79,20.0,1,100.0
2024-02-17 05:00:00,EQ_M001,Compressor,11106.9,17.0,8.0,23.94,6.93,20.0,1,100.0
2024-02-17 05:00:00,EQ_M002,Water Pump,12838.6,20.1,8.0,14.88,3.28,20.0,1,100.0
2024-02-17 05:00:00,EQ_M003,Air Handler,10274.8,15.3,7.79,14.48,2.84,20.0,1,100.0
2024-02-17 05:00:00,EQ_B001,Compressor,7389.1,14.5,4.63,22.75,6.2,56.2,0,73.8
2024-02-17 05:00:00,EQ_B002,Water Pump,9853.4,14.8,7.62,15.22,2.71,20.0,1,100.0
2024-02-17 06:00:00,EQ_M001,Compressor,11107.8,15.8,8.0,27.45,6.92,20.0,1,100.0
2024-02-17 06:00:00,EQ_M002,Water Pump,12839.3,19.7,8.0,15.31,3.24,20.0,1,100.0
2024-02-17 06:00:00,EQ_M003,Air Handler,10275.4,14.6,7.67,12.12,2.99,20.0,1,100.0
2024-02-17 06:00:00,EQ_B001,Compressor,7389.9,12.1,5.14,24.24,6.41,54.7,0,75.3
2024-02-17 06:00:00,EQ_B002,Water Pump,9854.0,11.8,7.49,17.79,2.81,20.0,1,100.0
2024-02-17 07:00:00,EQ_M001,Compressor,11108.6,14.9,8.0,20.96,6.47,20.0,1,100.0
2024-02-17 07:00:00,EQ_M002,Water Pump,12840.1,19.2,8.0,15.0,2.64,20.0,1,100.0
2024-02-17 07:00:00,EQ_M003,Air Handler,10276.1,16.0,7.73,15.73,3.1,20.0,1,100.0
2024-02-17 07:00:00,EQ_B001,Compressor,7390.9,12.6,5.1,19.51,6.65,54.8,0,75.2
2024-02-17 07:00:00,EQ_B002,Water Pump,9854.5,11.6,7.71,16.76,3.16,20.0,1,100.0
2024-02-17 08:00:00,EQ_M001,Compressor,11109.2,16.3,8.0,20.31,6.59,20.0,1,100.0
2024-02-17 08:00:00,EQ_M002,Water Pump,12841.0,20.1,8.0,16.86,3.24,20.0,1,100.0
2024-02-17 08:00:00,EQ_M003,Air Handler,10276.9,14.0,7.85,15.07,2.95,20.0,1,100.0
2024-02-17 08:00:00,EQ_B001,Compressor,7391.5,13.8,4.47,20.58,6.07,56.7,0,73.3
2024-02-17 08:00:00,EQ_B002,Water Pump,9855.3,13.4,7.33,12.49,2.85,20.0,1,100.0
2024-02-17 09:00:00,EQ_M001,Compressor,11109.7,15.5,8.0,22.45,7.0,20.0,1,100.0
2024-02-17 09:00:00,EQ_M002,Water Pump,12841.7,21.3,8.0,13.82,2.71,20.0,1,100.0
2024-02-17 09:00:00,EQ_M003,Air Handler,10277.8,14.6,7.93,14.27,3.1,20.0,1,100.0
2024-02-17 09:00:00,EQ_B001,Compressor,7392.4,13.0,4.61,19.75,7.09,56.3,0,73.7
2024-02-17 09:00:00,EQ_B002,Water Pump,9855.8,14.8,7.5,16.55,3.11,20.0,1,100.0
2024-02-17 10:00:00,EQ_M001,Compressor,11110.3,16.1,8.0,22.49,6.3,20.0,1,100.0
2024-02-17 10:00:00,EQ_M002,Water Pump,12842.5,19.0,8.0,10.49,2.97,20.0,1,100.0
2024-02-17 10:00:00,EQ_M003,Air Handler,10278.6,14.1,7.75,15.71,3.02,20.0,1,100.0
2024-02-17 10:00:00,EQ_B001,Compressor,7393.3,15.1,4.96,21.81,6.36,55.2,0,74.8
2024-02-17 10:00:00,EQ_B002,Water Pump,9856.3,15.7,6.98,18.47,3.14,20.0,1,100.0
2024-02-17 11:00:00,EQ_M001,Compressor,11111.1,16.5,8.0,22.71,6.67,20.0,1,100.0
2024-02-17 11:00:00,EQ_M002,Water Pump,12843.1,17.8,8.0,13.3,3.12,20.0,1,100.0
2024-02-17 11:00:00,EQ_M003,Air Handler,10279.4,15.8,8.0,14.21,2.73,20.0,1,100.0
2024-02-17 11:00:00,EQ_B001,Compressor,7394.1,13.6,4.71,23.76,6.93,56.0,0,74.0
2024-02-17 11:00:00,EQ_B002,Water Pump,9857.1,14.6,7.21,18.16,3.02,20.0,1,100.0
2024-02-17 12:00:00,EQ_M001,Compressor,11111.9,18.5,8.0,17.51,6.1,20.0,1,100.0
2024-02-17 12:00:00,EQ_M002,Water Pump,12844.0,18.4,8.0,14.63,2.68,20.0,1,100.0
2024-02-17 12:00:00,EQ_M003,Air Handler,10280.3,14.8,7.39,16.48,2.95,20.0,1,100.0
2024-02-17 12:00:00,EQ_B001,Compressor,7394.8,14.0,4.93,22.83,6.7,55.3,0,74.7
2024-02-17 12:00:00,EQ_B002,Water Pump,9857.8,13.6,6.88,13.15,3.31,20.0,1,100.0
2024-02-17 13:00:00,EQ_M001,Compressor,11112.7,15.9,8.0,20.88,6.1,20.0,1,100.0
2024-02-17 13:00:00,EQ_M002,Water Pump,12844.9,18.6,8.0,15.53,3.12,20.0,1,100.0
2024-02-17 13:00:00,EQ_M003,Air Handler,10280.9,14.7,7.67,14.51,2.89,20.0,1,100.0
2024-02-17 13:00:00,EQ_B001,Compressor,7395.6,14.6,4.89,23.33,6.66,55.4,0,74.6
2024-02-17 13:00:00,EQ_B002,Water Pump,9858.3,13.8,7.19,14.78,3.34,20.0,1,100.0
2024-02-17 14:00:00,EQ_M001,Compressor,11113.7,17.7,8.0,20.0,6.43,20.0,1,100.0
2024-02-17 14:00:00,EQ_M002,Water Pump,12845.4,19.4,8.0,15.59,2.7,20.0,1,100.0
2024-02-17 14:00:00,EQ_M003,Air Handler,10281.7,13.8,7.6,17.28,3.14,20.0,1,100.0
2024-02-17 14:00:00,EQ_B001,Compressor,7396.3,12.8,4.43,16.8,6.15,56.8,0,73.2
2024-02-17 14:00:00,EQ_B002,Water Pump,9859.1,13.9,7.36,16.04,3.06,20.0,1,100.0
2024-02-17 15:00:00,EQ_M001,Compressor,11114.4,17.3,8.0,22.14,6.9,20.0,1,100.0
2024-02-17 15:00:00,EQ_M002,Water Pump,12846.4,19.5,8.0,14.42,3.24,20.0,1,100.0
2024-02-17 15:00:00,EQ_M003,Air Handler,10282.6,14.4,7.9,12.5,2.66,20.0,1,100.0
2024-02-17 15:00:00,EQ_B001,Compressor,7396.9,14.8,4.43,22.96,6.59,56.8,0,73.2
2024-02-17 15:00:00,EQ_B002,Water Pump,9859.8,13.3,7.62,17.93,2.98,20.0,1,100.0
2024-02-17 16:00:00,EQ_M001,Compressor,11115.2,15.0,8.0,22.45,6.49,20.0,1,100.0
2024-02-17 16:00:00,EQ_M002,Water Pump,12847.1,19.2,8.0,17.44,3.17,20.0,1,100.0
2024-02-17 16:00:00,EQ_M003,Air Handler,10283.3,13.3,8.0,13.56,3.14,20.0,1,100.0
2024-02-17 16:00:00,EQ_B001,Compressor,7397.4,15.4,4.86,20.31,6.16,55.4,0,74.6
2024-02-17 16:00:00,EQ_B002,Water Pump,9860.5,14.1,7.26,16.94,2.97,20.0,1,100.0
2024-02-17 17:00:00,EQ_M001,Compressor,11116.1,14.8,8.0,22.39,6.98,20.0,1,100.0
2024-02-17 17:00:00,EQ_M002,Water Pump,12847.6,18.8,8.0,15.45,2.83,20.0,1,100.0
2024-02-17 17:00:00,EQ_M003,Air Handler,10284.1,13.6,7.72,14.23,3.06,20.0,1,100.0
2024-02-17 17:00:00,EQ_B001,Compressor,7398.1,15.0,4.9,22.79,6.66,55.3,0,74.7
2024-02-17 17:00:00,EQ_B002,Water Pump,9861.2,14.7,7.36,15.67,2.88,20.0,1,100.0
2024-02-17 18:00:00,EQ_M001,Compressor,11116.9,13.9,8.0,24.0,6.63,20.0,1,100.0
2024-02-17 18:00:00,EQ_M002,Water Pump,12848.4,20.4,8.0,15.63,3.14,20.0,1,100.0
2024-02-17 18:00:00,EQ_M003,Air Handler,10285.0,15.6,7.9,13.19,2.93,20.0,1,100.0
2024-02-17 18:00:00,EQ_B001,Compressor,7398.6,14.4,4.35,21.09,6.47,57.0,0,73.0
2024-02-17 18:00:00,EQ_B002,Water Pump,9861.8,13.8,7.38,15.78,3.1,20.0,1,100.0
2024-02-17 19:00:00,EQ_M001,Compressor,11117.8,19.4,8.0,25.74,6.67,20.0,1,100.0
2024-02-17 19:00:00,EQ_M002,Water Pump,12849.1,19.7,8.0,15.07,3.02,20.0,1,100.0
2024-02-17 19:00:00,EQ_M003,Air Handler,10285.9,16.1,7.6,10.19,3.24,20.0,1,100.0
2024-02-17 19:00:00,EQ_B001,Compressor,7399.1,12.8,4.95,19.19,6.3,55.2,0,74.8
2024-02-17 19:00:00,EQ_B002,Water Pump,9862.6,14.7,7.36,13.69,2.94,20.0,1,100.0
2024-02-17 20:00:00,EQ_M001,Compressor,11118.8,15.5,8.0,21.18,6.59,20.0,1,100.0
2024-02-17 20:00:00,EQ_M002,Water Pump,12850.1,19.1,8.0,15.29,2.93,20.0,1,100.0
2024-02-17 20:00:00,EQ_M003,Air Handler,10286.8,13.4,8.0,13.88,3.13,20.0,1,100.0
2024-02-17 20:00:00,EQ_B001,Compressor,7400.1,14.3,4.63,19.17,6.85,56.1,0,73.9
2024-02-17 20:00:00,EQ_B002,Water Pump,9863.5,11.2,6.73,16.11,2.94,20.0,1,100.0
2024-02-17 21:00:00,EQ_M001,Compressor,11119.5,15.1,8.0,19.81,6.57,20.0,1,100.0
2024-02-17 21:00:00,EQ_M002,Water Pump,12850.9,19.0,8.0,13.64,2.96,20.0,1,100.0
2024-02-17 21:00:00,EQ_M003,Air Handler,10287.6,14.4,7.65,14.76,2.9,20.0,1,100.0
2024-02-17 21:00:00,EQ_B001,Compressor,7400.7,14.1,5.12,20.83,6.43,54.6,0,75.4
2024-02-17 21:00:00,EQ_B002,Water Pump,9864.1,14.1,7.39,14.12,2.97,20.0,1,100.0
2024-02-17 22:00:00,EQ_M001,Compressor,11120.1,15.6,8.0,23.67,7.09,20.0,1,100.0
2024-02-17 22:00:00,EQ_M002,Water Pump,12851.7,19.0,8.0,14.82,2.87,20.0,1,100.0
2024-02-17 22:00:00,EQ_M003,Air Handler,10288.1,14.3,7.72,11.79,2.9,20.0,1,100.0
2024-02-17 22:00:00,EQ_B001,Compressor,7401.3,14.2,5.21,22.61,6.87,54.3,0,75.7
2024-02-17 22:00:00,EQ_B002,Water Pump,9865.0,13.5,6.89,15.83,3.26,20.0,1,100.0
2024-02-17 23:00:00,EQ_M001,Compressor,11120.8,15.2,8.0,22.87,5.83,20.0,1,100.0
2024-02-17 23:00:00,EQ_M002,Water Pump,12852.4,20.7,8.0,14.97,2.76,20.0,1,100.0
2024-02-17 23:00:00,EQ_M003,Air Handler,10288.7,14.8,8.0,16.9,3.17,20.0,1,100.0
2024-02-17 23:00:00,EQ_B001,Compressor,7402.2,13.4,4.77,24.12,6.89,55.7,0,74.3
2024-02-17 23:00:00,EQ_B002,Water Pump,9865.8,13.9,7.61,15.18,2.64,20.0,1,100.0
2024-02-18 00:00:00,EQ_M001,Compressor,11121.7,16.5,8.0,22.44,6.8,20.0,1,100.0
2024-02-18 00:00:00,EQ_M002,Water Pump,12853.4,20.4,8.0,16.67,3.28,20.0,1,100.0
2024-02-18 00:00:00,EQ_M003,Air Handler,10289.4,14.8,7.61,14.8,3.16,20.0,1,100.0
2024-02-18 00:00:00,EQ_B001,Compressor,7403.1,12.3,5.24,20.02,6.6,54.2,0,75.8
2024-02-18 00:00:00,EQ_B002,Water Pump,9866.8,14.8,7.61,13.06,3.21,20.0,1,100.0
2024-02-18 01:00:00,EQ_M001,Compressor,11122.5,16.1,8.0,19.16,6.21,20.0,1,100.0
2024-02-18 01:00:00,EQ_M002,Water Pump,12854.2,18.1,8.0,16.25,2.7,20.0,1,100.0
2024-02-18 01:00:00,EQ_M003,Air Handler,10290.3,12.4,7.27,16.05,2.85,20.0,1,100.0
2024-02-18 01:00:00,EQ_B001,Compressor,7403.7,13.1,4.21,23.39,6.42,57.3,0,72.7
2024-02-18 01:00:00,EQ_B002,Water Pump,9867.5,15.9,7.34,15.92,3.4,20.0,1,100.0
2024-02-18 02:00:00,EQ_M001,Compressor,11123.0,16.3,8.0,20.74,6.58,20.0,1,100.0
2024-02-18 02:00:00,EQ_M002,Water Pump,12855.1,18.6,8.0,12.38,3.12,20.0,1,100.0
2024-02-18 02:00:00,EQ_M003,Air Handler,10291.0,14.4,7.44,17.67,3.31,20.0,1,100.0
2024-02-18 02:00:00,EQ_B001,Compressor,7404.3,14.2,4.99,21.31,6.28,55.0,0,75.0
2024-02-18 02:00:00,EQ_B002,Water Pump,9868.1,14.6,7.53,14.88,2.92,20.0,1,100.0
2024-02-18 03:00:00,EQ_M001,Compressor,11123.8,16.1,8.0,22.35,6.32,20.0,1,100.0
2024-02-18 03:00:00,EQ_M002,Water Pump,12855.9,20.1,8.0,14.64,3.08,20.0,1,100.0
2024-02-18 03:00:00,EQ_M003,Air Handler,10291.6,13.6,7.6,15.84,3.0,20.0,1,100.0
2024-02-18 03:00:00,EQ_B001,Compressor,7405.1,14.1,4.7,21.04,5.66,55.8,0,74.2
2024-02-18 03:00:00,EQ_B002,Water Pump,9869.0,12.6,6.96,15.57,3.0,20.0,1,100.0
2024-02-18 04:00:00,EQ_M001,Compressor,11124.6,17.0,8.0,22.25,6.31,20.0,1,100.0
2024-02-18 04:00:00,EQ_M002,Water Pump,12856.9,19.7,8.0,12.52,2.9,20.0,1,100.0
2024-02-18 04:00:00,EQ_M003,Air Handler,10292.5,14.1,7.41,13.51,2.89,20.0,1,100.0
2024-02-18 04:00:00,EQ_B001,Compressor,7405.6,13.3,4.67,21.51,6.5,55.9,0,74.1
2024-02-18 04:00:00,EQ_B002,Water Pump,9869.9,13.9,6.95,13.42,2.81,20.0,1,100.0
2024-02-18 05:00:00,EQ_M001,Compressor,11125.2,15.3,8.0,21.93,6.88,20.0,1,100.0
2024-02-18 05:00:00,EQ_M002,Water Pump,12857.7,18.9,8.0,17.35,3.21,20.0,1,100.0
2024-02-18 05:00:00,EQ_M003,Air Handler,10293.2,14.1,7.99,10.94,2.67,20.0,1,100.0
2024-02-18 05:00:00,EQ_B001,Compressor,7406.2,16.3,4.7,20.77,6.77,55.8,0,74.2
2024-02-18 05:00:00,EQ_B002,Water Pump,9870.7,12.3,7.57,15.96,2.94,20.0,1,100.0
2024-02-18 06:00:00,EQ_M001,Compressor,11126.0,16.1,8.0,22.0,6.25,20.0,1,100.0
2024-02-18 06:00:00,EQ_M002,Water Pump,12858.6,20.0,8.0,15.3,2.88,20.0,1,100.0
2024-02-18 06:00:00,EQ_M003,Air Handler,10294.1,15.0,7.7,17.02,2.73,20.0,1,100.0
2024-02-18 06:00:00,EQ_B001,Compressor,7407.0,14.6,5.16,22.41,6.95,54.4,0,75.6
2024-02-18 06:00:00,EQ_B002,Water Pump,9871.6,12.4,7.27,13.85,2.91,20.0,1,100.0
2024-02-18 07:00:00,EQ_M001,Compressor,11126.7,15.9,8.0,22.33,6.4,20.0,1,100.0
2024-02-18 07:00:00,EQ_M002,Water Pump,12859.4,20.7,8.0,16.58,2.99,20.0,1,100.0
2024-02-18 07:00:00,EQ_M003,Air Handler,10294.6,14.4,7.63,17.06,2.9,20.0,1,100.0
2024-02-18 07:00:00,EQ_B001,Compressor,7407.6,13.6,5.25,24.52,6.42,54.2,0,75.8
2024-02-18 07:00:00,EQ_B002,Water Pump,9872.6,14.9,7.17,15.93,3.04,20.0,1,100.0
2024-02-18 08:00:00,EQ_M001,Compressor,11127.2,14.1,8.0,25.83,6.62,20.0,1,100.0
2024-02-18 08:00:00,EQ_M002,Water Pump,12860.2,20.0,8.0,15.66,2.92,20.0,1,100.0
2024-02-18 08:00:00,EQ_M003,Air Handler,10295.3,14.9,8.0,14.23,3.01,20.0,1,100.0
2024-02-18 08:00:00,EQ_B001,Compressor,7408.5,13.5,5.2,22.23,6.64,54.3,0,75.7
2024-02-18 08:00:00,EQ_B002,Water Pump,9873.5,13.0,7.01,16.77,3.29,20.0,1,100.0
2024-02-18 09:00:00,EQ_M001,Compressor,11128.1,17.0,8.0,18.13,6.62,20.0,1,100.0
2024-02-18 09:00:00,EQ_M002,Water Pump,12860.8,19.9,8.0,17.08,3.32,20.0,1,100.0
2024-02-18 09:00:00,EQ_M003,Air Handler,10295.9,13.9,7.07,16.86,2.85,20.0,1,100.0
2024-02-18 09:00:00,EQ_B001,Compressor,7409.2,14.2,5.03,22.5,6.67,54.8,0,75.2
2024-02-18 09:00:00,EQ_B002,Water Pump,9874.5,12.1,7.59,16.25,3.11,20.0,1,100.0
2024-02-18 10:00:00,EQ_M001,Compressor,11128.8,15.3,8.0,22.59,6.67,20.0,1,100.0
2024-02-18 10:00:00,EQ_M002,Water Pump,12861.7,20.2,8.0,13.1,3.08,20.0,1,100.0
2024-02-18 10:00:00,EQ_M003,Air Handler,10296.8,15.2,7.75,14.39,2.95,20.0,1,100.0
2024-02-18 10:00:00,EQ_B001,Compressor,7409.8,15.2,4.91,17.64,6.55,55.2,0,74.8
2024-02-18 10:00:00,EQ_B002,Water Pump,9875.0,13.5,7.13,16.04,2.81,20.0,1,100.0
2024-02-18 11:00:00,EQ_M001,Compressor,11129.3,16.2,8.0,21.06,6.63,20.0,1,100.0
2024-02-18 11:00:00,EQ_M002,Water Pump,12862.7,19.6,8.0,14.57,3.11,20.0,1,100.0
2024-02-18 11:00:00,EQ_M003,Air Handler,10297.8,13.3,7.24,17.1,2.81,20.0,1,100.0
2024-02-18 11:00:00,EQ_B001,Compressor,7410.7,11.5,4.85,22.31,6.74,55.3,0,74.7
2024-02-18 11:00:00,EQ_B002,Water Pump,9876.0,15.0,7.43,15.12,3.07,20.0,1,100.0
2024-02-18 12:00:00,EQ_M001,Compressor,11130.1,16.0,8.0,22.6,6.59,20.0,1,100.0
2024-02-18 12:00:00,EQ_M002,Water Pump,12863.3,19.4,8.0,12.71,3.17,20.0,1,100.0
2024-02-18 12:00:00,EQ_M003,Air Handler,10298.4,14.2,8.0,16.4,2.71,20.0,1,100.0
2024-02-18 12:00:00,EQ_B001,Compressor,7411.4,13.5,5.23,22.5,5.96,54.2,0,75.8
2024-02-18 12:00:00,EQ_B002,Water Pump,9876.7,11.5,7.28,16.71,3.31,20.0,1,100.0
2024-02-18 13:00:00,EQ_M001,Compressor,11130.9,15.2,8.0,23.82,6.43,20.0,1,100.0
2024-02-18 13:00:00,EQ_M002,Water Pump,12864.3,21.3,8.0,16.69,3.18,20.0,1,100.0
2024-02-18 13:00:00,EQ_M003,Air Handler,10299.0,14.5,7.49,15.1,2.68,20.0,1,100.0
2024-02-18 13:00:00,EQ_B001,Compressor,7412.3,12.0,4.73,21.27,6.49,55.6,0,74.4
2024-02-18 13:00:00,EQ_B002,Water Pump,9877.5,14.2,7.36,12.82,2.93,20.0,1,100.0
2024-02-18 14:00:00,EQ_M001,Compressor,11131.8,15.2,8.0,24.81,6.58,20.0,1,100.0
2024-02-18 14:00:00,EQ_M002,Water Pump,12865.3,16.6,8.0,13.29,2.99,20.0,1,100.0
2024-02-18 14:00:00,EQ_M003,Air Handler,10299.9,14.9,7.67,14.34,2.87,20.0,1,100.0
2024-02-18 14:00:00,EQ_B001,Compressor,7412.8,12.9,4.47,23.33,6.21,56.4,0,73.6
2024-02-18 14:00:00,EQ_B002,Water Pump,9878.3,15.2,7.73,13.3,2.99,20.0,1,100.0
2024-02-18 15:00:00,EQ_M001,Compressor,11132.4,14.4,8.0,24.26,5.99,20.0,1,100.0
2024-02-18 15:00:00,EQ_M002,Water Pump,12865.8,19.8,8.0,16.45,2.97,20.0,1,100.0
2024-02-18 15:00:00,EQ_M003,Air Handler,10300.8,14.5,7.62,15.73,3.15,20.0,1,100.0
2024-02-18 15:00:00,EQ_B001,Compressor,7413.5,11.5,5.32,24.76,6.68,53.9,0,76.1
2024-02-18 15:00:00,EQ_B002,Water Pump,9879.0,15.5,6.75,14.14,3.08,20.0,1,100.0
2024-02-18 16:00:00,EQ_M001,Compressor,11133.1,14.7,8.0,20.41,6.15,20.0,1,100.0
2024-02-18 16:00:00,EQ_M002,Water Pump,12866.6,19.8,8.0,17.26,2.9,20.0,1,100.0
2024-02-18 16:00:00,EQ_M003,Air Handler,10301.5,13.2,8.0,15.63,3.33,20.0,1,100.0
2024-02-18 16:00:00,EQ_B001,Compressor,7414.3,14.0,4.87,21.34,6.13,55.2,0,74.8
2024-02-18 16:00:00,EQ_B002,Water Pump,9879.9,13.5,7.51,11.1,2.89,20.0,1,100.0
2024-02-18 17:00:00,EQ_M001,Compressor,11134.0,16.8,8.0,22.9,6.57,20.0,1,100.0
2024-02-18 17:00:00,EQ_M002,Water Pump,12867.3,20.8,8.0,15.53,2.88,20.0,1,100.0
2024-02-18 17:00:00,EQ_M003,Air Handler,10302.2,15.0,7.79,13.72,2.84,20.0,1,100.0
2024-02-18 17:00:00,EQ_B001,Compressor,7415.0,12.5,4.79,18.06,6.64,55.5,0,74.5
2024-02-18 17:00:00,EQ_B002,Water Pump,9880.6,13.5,7.23,14.82,2.99,20.0,1,100.0
2024-02-18 18:00:00,EQ_M001,Compressor,11134.6,17.7,8.0,17.44,6.61,20.0,1,100.0
2024-02-18 18:00:00,EQ_M002,Water Pump,12868.1,20.9,8.0,12.9,3.02,20.0,1,100.0
2024-02-18 18:00:00,EQ_M003,Air Handler,10302.8,15.4,7.61,14.2,3.11,20.0,1,100.0
2024-02-18 18:00:00,EQ_B001,Compressor,7416.0,13.6,5.05,19.33,6.41,54.7,0,75.3
2024-02-18 18:00:00,EQ_B002,Water Pump,9881.4,15.7,7.97,16.17,3.27,20.0,1,100.0
2024-02-18 19:00:00,EQ_M001,Compressor,11135.5,15.7,8.0,20.59,6.18,20.0,1,100.0
2024-02-18 19:00:00,EQ_M002,Water Pump,12868.8,19.5,8.0,18.67,2.72,20.0,1,100.0
2024-02-18 19:00:00,EQ_M003,Air Handler,10303.4,14.3,7.82,16.18,2.59,20.0,1,100.0
2024-02-18 19:00:00,EQ_B001,Compressor,7416.8,13.2,4.94,22.16,6.55,55.0,0,75.0
2024-02-18 19:00:00,EQ_B002,Water Pump,9882.0,12.6,7.26,16.58,3.17,20.0,1,100.0
2024-02-18 20:00:00,EQ_M001,Compressor,11136.2,15.9,8.0,21.71,6.44,20.0,1,100.0
2024-02-18 20:00:00,EQ_M002,Water Pump,12869.3,19.3,8.0,14.83,3.09,20.0,1,100.0
2024-02-18 20:00:00,EQ_M003,Air Handler,10304.1,14.8,7.97,14.82,2.91,20.0,1,100.0
2024-02-18 20:00:00,EQ_B001,Compressor,7417.8,12.2,5.05,23.89,5.49,54.6,0,75.4
2024-02-18 20:00:00,EQ_B002,Water Pump,9882.7,14.7,6.98,13.3,3.16,20.0,1,100.0
2024-02-18 21:00:00,EQ_M001,Compressor,11137.1,14.7,8.0,23.18,6.6,20.0,1,100.0
2024-02-18 21:00:00,EQ_M002,Water Pump,12870.0,18.6,8.0,14.62,2.77,20.0,1,100.0
2024-02-18 21:00:00,EQ_M003,Air Handler,10304.9,15.2,8.0,15.01,3.09,20.0,1,100.0
2024-02-18 21:00:00,EQ_B001,Compressor,7418.7,13.2,4.79,24.85,6.44,55.4,0,74.6
2024-02-18 21:00:00,EQ_B002,Water Pump,9883.7,12.9,7.6,17.52,3.02,20.0,1,100.0
2024-02-18 22:00:00,EQ_M001,Compressor,11138.0,15.7,8.0,21.21,6.84,20.0,1,100.0
2024-02-18 22:00:00,EQ_M002,Water Pump,12870.9,18.9,8.0,15.5,3.27,20.0,1,100.0
2024-02-18 22:00:00,EQ_M003,Air Handler,10305.6,14.4,8.0,15.92,2.78,20.0,1,100.0
2024-02-18 22:00:00,EQ_B001,Compressor,7419.6,13.2,5.29,22.62,6.48,53.9,0,76.1
2024-02-18 22:00:00,EQ_B002,Water Pump,9884.6,14.1,6.57,16.89,3.17,20.0,1,100.0
2024-02-18 23:00:00,EQ_M001,Compressor,11138.8,16.2,8.0,21.39,5.9,20.0,1,100.0
2024-02-18 23:00:00,EQ_M002,Water Pump,12871.4,19.2,8.0,17.11,3.23,20.0,1,100.0
2024-02-18 23:00:00,EQ_M003,Air Handler,10306.4,16.9,8.0,15.67,3.0,20.0,1,100.0
2024-02-18 23:00:00,EQ_B001,Compressor,7420.4,15.9,4.6,20.36,6.1,56.0,0,74.0
2024-02-18 23:00:00,EQ_B002,Water Pump,9885.1,14.5,7.89,13.88,3.03,20.0,1,100.0
2024-02-19 00:00:00,EQ_M001,Compressor,11139.5,14.2,8.0,21.34,6.76,20.0,1,100.0
2024-02-19 00:00:00,EQ_M002,Water Pump,12872.2,20.4,8.0,14.42,3.05,20.0,1,100.0
2024-02-19 00:00:00,EQ_M003,Air Handler,10307.2,14.6,8.0,15.84,2.81,20.0,1,100.0
2024-02-19 00:00:00,EQ_B001,Compressor,7421.3,13.0,4.53,19.89,6.09,56.1,0,73.9
2024-02-19 00:00:00,EQ_B002,Water Pump,9886.1,15.1,7.03,14.42,2.82,20.0,1,100.0
2024-02-19 01:00:00,EQ_M001,Compressor,11140.3,16.2,8.0,21.79,6.79,20.0,1,100.0
2024-02-19 01:00:00,EQ_M002,Water Pump,12872.9,19.9,8.0,13.09,3.19,20.0,1,100.0
2024-02-19 01:00:00,EQ_M003,Air Handler,10308.0,14.0,7.57,15.37,2.86,20.0,1,100.0
2024-02-19 01:00:00,EQ_B001,Compressor,7422.1,13.7,5.1,23.52,6.76,54.4,0,75.6
2024-02-19 01:00:00,EQ_B002,Water Pump,9887.0,13.4,7.51,13.86,3.38,20.0,1,100.0
2024-02-19 02:00:00,EQ_M001,Compressor,11141.0,13.8,8.0,21.82,6.67,20.0,1,100.0
2024-02-19 02:00:00,EQ_M002,Water Pump,12873.8,20.1,8.0,15.31,3.12,20.0,1,100.0
2024-02-19 02:00:00,EQ_M003,Air Handler,10308.5,15.0,7.7,14.92,2.96,20.0,1,100.0
2024-02-19 02:00:00,EQ_B001,Compressor,7423.1,12.9,5.04,21.33,6.47,54.6,0,75.4
2024-02-19 02:00:00,EQ_B002,Water Pump,9887.5,14.2,7.4,14.61,2.79,20.0,1,100.0
2024-02-19 03:00:00,EQ_M001,Compressor,11141.8,16.0,8.0,21.7,6.32,20.0,1,100.0
2024-02-19 03:00:00,EQ_M002,Water Pump,12874.7,19.0,8.0,14.75,3.24,20.0,1,100.0
2024-02-19 03:00:00,EQ_M003,Air Handler,10309.4,14.9,7.73,11.36,2.9,20.0,1,100.0
2024-02-19 03:00:00,EQ_B001,Compressor,7424.0,12.3,5.07,19.9,6.43,54.5,0,75.5
2024-02-19 03:00:00,EQ_B002,Water Pump,9888.2,14.9,7.67,16.47,3.22,20.0,1,100.0
2024-02-19 04:00:00,EQ_M001,Compressor,11142.6,16.2,8.0,23.2,6.26,20.0,1,100.0
2024-02-19 04:00:00,EQ_M002,Water Pump,12875.2,18.0,8.0,13.39,2.97,20.0,1,100.0
2024-02-19 04:00:00,EQ_M003,Air Handler,10310.0,13.4,7.31,12.88,2.92,20.0,1,100.0
2024-02-19 04:00:00,EQ_B001,Compressor,7425.0,12.9,4.62,24.83,6.18,55.8,0,74.2
2024-02-19 04:00:00,EQ_B002,Water Pump,9889.1,12.2,7.46,15.94,3.01,20.0,1,100.0
2024-02-19 05:00:00,EQ_M001,Compressor,11143.3,15.7,8.0,21.83,6.54,20.0,1,100.0
2024-02-19 05:00:00,EQ_M002,Water Pump,12876.0,18.9,8.0,14.61,2.91,20.0,1,100.0
2024-02-19 05:00:00,EQ_M003,Air Handler,10310.9,15.2,8.0,13.49,2.98,20.0,1,100.0
2024-02-19 05:00:00,EQ_B001,Compressor,7425.9,14.9,5.43,25.33,6.62,53.4,0,76.6
2024-02-19 05:00:00,EQ_B002,Water Pump,9889.8,14.7,6.97,12.9,2.65,20.0,1,100.0
2024-02-19 06:00:00,EQ_M001,Compressor,11143.9,15.7,8.0,21.97,6.9,20.0,1,100.0
2024-02-19 06:00:00,EQ_M002,Water Pump,12877.0,18.2,8.0,16.94,3.01,20.0,1,100.0
2024-02-19 06:00:00,EQ_M003,Air Handler,10311.8,12.2,8.0,13.17,2.64,20.0,1,100.0
2024-02-19 06:00:00,EQ_B001,Compressor,7426.8,12.1,5.06,22.57,6.48,54.5,0,75.5
2024-02-19 06:00:00,EQ_B002,Water Pump,9890.4,12.0,7.24,13.82,3.22,20.0,1,100.0
2024-02-19 07:00:00,EQ_M001,Compressor,11144.5,15.7,8.0,19.7,6.37,20.0,1,100.0
2024-02-19 07:00:00,EQ_M002,Water Pump,12877.5,20.9,8.0,16.56,2.92,20.0,1,100.0
2024-02-19 07:00:00,EQ_M003,Air Handler,10312.5,12.2,8.0,16.81,3.32,20.0,1,100.0
2024-02-19 07:00:00,EQ_B001,Compressor,7427.4,14.1,4.6,20.33,6.69,55.9,0,74.1
2024-02-19 07:00:00,EQ_B002,Water Pump,9891.3,13.9,7.74,12.74,2.75,20.0,1,100.0
2024-02-19 08:00:00,EQ_M001,Compressor,11145.3,16.2,8.0,21.53,7.26,20.0,1,100.0
2024-02-19 08:00:00,EQ_M002,Water Pump,12878.1,19.9,8.0,14.37,3.05,20.0,1,100.0
2024-02-19 08:00:00,EQ_M003,Air Handler,10313.4,15.0,7.53,14.63,2.85,20.0,1,100.0
2024-02-19 08:00:00,EQ_B001,Compressor,7428.3,13.7,5.27,18.72,7.05,53.8,0,76.2
2024-02-19 08:00:00,EQ_B002,Water Pump,9892.2,13.8,6.94,13.44,2.7,20.0,1,100.0
2024-02-19 09:00:00,EQ_M001,Compressor,11146.2,14.6,8.0,21.25,6.38,20.0,1,100.0
2024-02-19 09:00:00,EQ_M002,Water Pump,12878.9,18.7,8.0,15.89,2.67,20.0,1,100.0
2024-02-19 09:00:00,EQ_M003,Air Handler,10314.1,13.5,8.0,15.18,2.88,20.0,1,100.0
2024-02-19 09:00:00,EQ_B001,Compressor,7428.8,12.0,4.65,19.98,6.34,55.7,0,74.3
2024-02-19 09:00:00,EQ_B002,Water Pump,9893.2,13.3,7.71,14.53,2.83,20.0,1,100.0
2024-02-19 10:00:00,EQ_M001,Compressor,11147.1,16.7,8.0,22.17,6.33,20.0,1,100.0
2024-02-19 10:00:00,EQ_M002,Water Pump,12879.5,19.5,8.0,15.22,2.96,20.0,1,100.0
2024-02-19 10:00:00,EQ_M003,Air Handler,10314.9,14.1,7.38,16.95,2.88,20.0,1,100.0
2024-02-19 10:00:00,EQ_B001,Compressor,7429.5,13.8,4.97,22.39,6.23,54.7,0,75.3
2024-02-19 10:00:00,EQ_B002,Water Pump,9893.7,11.6,7.44,11.14,2.94,20.0,1,100.0
2024-02-19 11:00:00,EQ_M001,Compressor,11148.0,15.6,8.0,19.91,6.88,20.0,1,100.0
2024-02-19 11:00:00,EQ_M002,Water Pump,12880.2,19.3,8.0,15.63,3.12,20.0,1,100.0
2024-02-19 11:00:00,EQ_M003,Air Handler,10315.4,14.1,8.0,16.59,2.95,20.0,1,100.0
2024-02-19 11:00:00,EQ_B001,Compressor,7430.1,13.1,4.81,26.19,6.44,55.2,0,74.8
2024-02-19 11:00:00,EQ_B002,Water Pump,9894.5,15.0,7.34,13.93,3.09,20.0,1,100.0
2024-02-19 12:00:00,EQ_M001,Compressor,11148.8,16.1,8.0,24.31,6.74,20.0,1,100.0
2024-02-19 12:00:00,EQ_M002,Water Pump,12881.2,19.3,8.0,14.83,2.83,20.0,1,100.0
2024-02-19 12:00:00,EQ_M003,Air Handler,10316.1,13.9,8.0,15.62,2.86,20.0,1,100.0
2024-02-19 12:00:00,EQ_B001,Compressor,7430.6,12.3,5.37,24.0,6.37,53.5,0,76.5
2024-02-19 12:00:00,EQ_B002,Water Pump,9895.1,12.7,7.87,17.54,2.9,20.0,1,100.0
2024-02-19 13:00:00,EQ_M001,Compressor,11149.5,16.8,8.0,24.65,6.54,20.0,1,100.0
2024-02-19 13:00:00,EQ_M002,Water Pump,12881.9,19.7,8.0,13.97,2.91,20.0,1,100.0
2024-02-19 13:00:00,EQ_M003,Air Handler,10316.9,13.9,7.83,13.14,2.96,20.0,1,100.0
2024-02-19 13:00:00,EQ_B001,Compressor,7431.2,14.4,4.9,22.14,6.87,54.9,0,75.1
2024-02-19 13:00:00,EQ_B002,Water Pump,9896.1,12.9,7.47,12.84,3.27,20.0,1,100.0
2024-02-19 14:00:00,EQ_M001,Compressor,11150.5,13.4,8.0,19.24,6.41,20.0,1,100.0
2024-02-19 14:00:00,EQ_M002,Water Pump,12882.5,19.1,8.0,11.53,3.01,20.0,1,100.0
2024-02-19 14:00:00,EQ_M003,Air Handler,10317.7,13.2,7.6,14.38,3.11,20.0,1,100.0
2024-02-19 14:00:00,EQ_B001,Compressor,7431.7,13.7,4.27,20.61,6.25,56.8,0,73.2
2024-02-19 14:00:00,EQ_B002,Water Pump,9896.8,13.2,7.02,15.75,3.33,20.0,1,100.0
2024-02-19 15:00:00,EQ_M001,Compressor,11151.2,15.7,8.0,27.1,6.89,20.0,1,100.0
2024-02-19 15:00:00,EQ_M002,Water Pump,12883.3,19.6,8.0,17.0,2.61,20.0,1,100.0
2024-02-19 15:00:00,EQ_M003,Air Handler,10318.7,13.8,8.0,14.67,3.04,20.0,1,100.0
2024-02-19 15:00:00,EQ_B001,Compressor,7432.2,14.6,4.84,21.34,6.82,55.1,0,74.9
2024-02-19 15:00:00,EQ_B002,Water Pump,9897.3,13.4,6.99,11.74,3.23,20.0,1,100.0
2024-02-19 16:00:00,EQ_M001,Compressor,11151.8,15.9,8.0,22.52,6.23,20.0,1,100.0
2024-02-19 16:00:00,EQ_M002,Water Pump,12884.0,20.4,8.0,15.27,2.72,20.0,1,100.0
2024-02-19 16:00:00,EQ_M003,Air Handler,10319.4,12.0,7.55,16.43,3.04,20.0,1,100.0
2024-02-19 16:00:00,EQ_B001,Compressor,7433.1,12.7,4.59,19.39,6.88,55.8,0,74.2
2024-02-19 16:00:00,EQ_B002,Water Pump,9898.3,13.4,7.04,14.62,3.49,20.0,1,100.0
2024-02-19 17:00:00,EQ_M001,Compressor,11152.4,16.9,8.0,21.34,6.5,20.0,1,100.0
2024-02-19 17:00:00,EQ_M002,Water Pump,12884.8,20.9,8.0,12.83,3.34,20.0,1,100.0
2024-02-19 17:00:00,EQ_M003,Air Handler,10320.0,15.0,8.0,16.03,2.84,20.0,1,100.0
2024-02-19 17:00:00,EQ_B001,Compressor,7433.8,12.3,5.19,20.12,6.65,54.0,0,76.0
2024-02-19 17:00:00,EQ_B002,Water Pump,9898.9,12.7,7.23,14.13,2.94,20.0,1,100.0
2024-02-19 18:00:00,EQ_M001,Compressor,11153.0,14.7,8.0,22.97,6.75,20.0,1,100.0
2024-02-19 18:00:00,EQ_M002,Water Pump,12885.4,20.9,8.0,14.51,2.79,20.0,1,100.0
2024-02-19 18:00:00,EQ_M003,Air Handler,10320.6,14.8,7.54,15.32,3.26,20.0,1,100.0
2024-02-19 18:00:00,EQ_B001,Compressor,7434.3,13.9,4.35,26.15,7.26,56.5,0,73.5
2024-02-19 18:00:00,EQ_B002,Water Pump,9899.7,13.1,7.88,16.05,3.05,20.0,1,100.0
2024-02-19 19:00:00,EQ_M001,Compressor,11153.8,14.7,8.0,25.55,5.87,20.0,1,100.0
2024-02-19 19:00:00,EQ_M002,Water Pump,12886.1,18.9,8.0,15.93,2.6,20.0,1,100.0
2024-02-19 19:00:00,EQ_M003,Air Handler,10321.6,14.2,7.68,15.53,2.96,20.0,1,100.0
2024-02-19 19:00:00,EQ_B001,Compressor,7434.8,12.6,4.16,22.2,6.56,57.1,0,72.9
2024-02-19 19:00:00,EQ_B002,Water Pump,9900.5,15.5,7.84,16.24,3.18,20.0,1,100.0
2024-02-19 20:00:00,EQ_M001,Compressor,11154.4,16.3,8.0,21.25,6.57,20.0,1,100.0
2024-02-19 20:00:00,EQ_M002,Water Pump,12886.8,18.1,8.0,14.21,2.6,20.0,1,100.0
2024-02-19 20:00:00,EQ_M003,Air Handler,10322.4,13.1,7.69,16.47,2.74,20.0,1,100.0
2024-02-19 20:00:00,EQ_B001,Compressor,7435.4,15.6,4.97,19.2,6.65,54.7,0,75.3
2024-02-19 20:00:00,EQ_B002,Water Pump,9901.3,13.1,7.07,15.36,2.69,20.0,1,100.0
2024-02-19 21:00:00,EQ_M001,Compressor,11155.3,15.7,8.0,21.84,6.96,20.0,1,100.0
2024-02-19 21:00:00,EQ_M002,Water Pump,12887.6,19.7,8.0,14.77,2.96,20.0,1,100.0
2024-02-19 21:00:00,EQ_M003,Air Handler,10323.1,13.7,7.42,15.53,3.09,20.0,1,100.0
2024-02-19 21:00:00,EQ_B001,Compressor,7436.1,15.5,5.09,22.09,6.91,54.3,0,75.7
2024-02-19 21:00:00,EQ_B002,Water Pump,9902.0,14.6,7.4,15.05,2.99,20.0,1,100.0
2024-02-19 22:00:00,EQ_M001,Compressor,11155.9,16.0,8.0,21.28,6.23,20.0,1,100.0
2024-02-19 22:00:00,EQ_M002,Water Pump,12888.2,17.6,8.0,15.36,3.13,20.0,1,100.0
2024-02-19 22:00:00,EQ_M003,Air Handler,10324.1,13.2,8.0,16.56,2.98,20.0,1,100.0
2024-02-19 22:00:00,EQ_B001,Compressor,7436.7,13.2,4.96,23.17,6.32,54.7,0,75.3
2024-02-19 22:00:00,EQ_B002,Water Pump,9902.5,13.2,7.77,15.4,2.91,20.0,1,100.0
2024-02-19 23:00:00,EQ_M001,Compressor,11156.8,15.0,8.0,20.35,6.33,20.0,1,100.0
2024-02-19 23:00:00,EQ_M002,Water Pump,12889.1,17.8,8.0,15.46,3.18,20.0,1,100.0
2024-02-19 23:00:00,EQ_M003,Air Handler,10324.9,12.8,7.87,13.85,2.83,20.0,1,100.0
2024-02-19 23:00:00,EQ_B001,Compressor,7437.6,13.9,5.7,17.26,6.51,52.4,1,77.6
2024-02-19 23:00:00,EQ_B002,Water Pump,9903.2,16.1,7.82,16.97,2.82,20.0,1,100.0
2024-02-20 00:00:00,EQ_M001,Compressor,11157.7,17.4,8.0,24.76,6.61,20.0,1,100.0
2024-02-20 00:00:00,EQ_M002,Water Pump,12890.0,19.7,8.0,14.62,2.98,20.0,1,100.0
2024-02-20 00:00:00,EQ_M003,Air Handler,10325.9,15.2,7.91,14.58,2.99,20.0,1,100.0
2024-02-20 00:00:00,EQ_B001,Compressor,7438.2,12.7,5.04,21.22,6.56,54.4,0,75.6
2024-02-20 00:00:00,EQ_B002,Water Pump,9903.8,13.3,7.7,13.13,3.2,20.0,1,100.0
2024-02-20 01:00:00,EQ_M001,Compressor,11158.2,15.6,8.0,21.05,6.45,20.0,1,100.0
2024-02-20 01:00:00,EQ_M002,Water Pump,12890.9,20.4,8.0,13.89,3.01,20.0,1,100.0
2024-02-20 01:00:00,EQ_M003,Air Handler,10326.4,13.7,7.91,12.76,3.23,20.0,1,100.0
2024-02-20 01:00:00,EQ_B001,Compressor,7439.0,12.3,5.24,21.23,6.43,53.8,0,76.2
2024-02-20 01:00:00,EQ_B002,Water Pump,9904.6,13.6,7.37,15.69,3.08,20.0,1,100.0
2024-02-20 02:00:00,EQ_M001,Compressor,11158.8,15.1,8.0,20.06,6.48,20.0,1,100.0
2024-02-20 02:00:00,EQ_M002,Water Pump,12891.8,19.9,8.0,14.1,3.31,20.0,1,100.0
2024-02-20 02:00:00,EQ_M003,Air Handler,10327.0,14.6,8.0,15.18,2.98,20.0,1,100.0
2024-02-20 02:00:00,EQ_B001,Compressor,7439.7,12.8,4.93,20.91,6.74,54.7,0,75.3
2024-02-20 02:00:00,EQ_B002,Water Pump,9905.4,14.0,7.43,13.59,3.07,20.0,1,100.0
2024-02-20 03:00:00,EQ_M001,Compressor,11159.5,16.0,8.0,24.98,6.46,20.0,1,100.0
2024-02-20 03:00:00,EQ_M002,Water Pump,12892.4,21.4,8.0,14.83,2.6,20.0,1,100.0
2024-02-20 03:00:00,EQ_M003,Air Handler,10327.8,12.9,8.0,15.54,3.33,20.0,1,100.0
2024-02-20 03:00:00,EQ_B001,Compressor,7440.2,11.4,4.62,23.05,6.72,55.6,0,74.4
2024-02-20 03:00:00,EQ_B002,Water Pump,9906.0,14.2,7.75,15.52,2.84,20.0,1,100.0
2024-02-20 04:00:00,EQ_M001,Compressor,11160.1,17.6,8.0,23.27,6.5,20.0,1,100.0
2024-02-20 04:00:00,EQ_M002,Water Pump,12893.3,16.8,8.0,16.3,3.24,20.0,1,100.0
2024-02-20 04:00:00,EQ_M003,Air Handler,10328.6,14.2,7.6,14.96,3.15,20.0,1,100.0
2024-02-20 04:00:00,EQ_B001,Compressor,7440.8,13.2,5.48,25.2,6.15,53.0,0,77.0
2024-02-20 04:00:00,EQ_B002,Water Pump,9906.6,14.3,7.65,14.19,2.79,20.0,1,100.0
2024-02-20 05:00:00,EQ_M001,Compressor,11161.0,15.2,8.0,24.36,6.81,20.0,1,100.0
2024-02-20 05:00:00,EQ_M002,Water Pump,12894.3,19.6,8.0,11.88,2.84,20.0,1,100.0
2024-02-20 05:00:00,EQ_M003,Air Handler,10329.5,13.0,7.79,14.67,2.83,20.0,1,100.0
2024-02-20 05:00:00,EQ_B001,Compressor,7441.3,13.1,5.11,19.37,6.62,54.2,0,75.8
2024-02-20 05:00:00,EQ_B002,Water Pump,9907.1,14.2,7.06,15.31,3.03,20.0,1,100.0
2024-02-20 06:00:00,EQ_M001,Compressor,11161.5,14.6,8.0,18.73,6.87,20.0,1,100.0
2024-02-20 06:00:00,EQ_M002,Water Pump,12895.0,19.4,8.0,16.86,2.79,20.0,1,100.0
2024-02-20 06:00:00,EQ_M003,Air Handler,10330.4,16.0,7.87,17.57,2.77,20.0,1,100.0
2024-02-20 06:00:00,EQ_B001,Compressor,7441.9,12.5,4.81,21.25,6.66,55.1,0,74.9
2024-02-20 06:00:00,EQ_B002,Water Pump,9908.1,13.4,7.49,11.3,2.63,20.0,1,100.0
2024-02-20 07:00:00,EQ_M001,Compressor,11162.1,15.2,8.0,25.47,7.13,20.0,1,100.0
2024-02-20 07:00:00,EQ_M002,Water Pump,12895.8,17.1,8.0,15.98,3.1,20.0,1,100.0
2024-02-20 07:00:00,EQ_M003,Air Handler,10331.3,14.7,7.92,14.37,3.25,20.0,1,100.0
2024-02-20 07:00:00,EQ_B001,Compressor,7442.8,14.1,5.03,22.14,6.26,54.4,0,75.6
2024-02-20 07:00:00,EQ_B002,Water Pump,9909.0,12.8,7.06,16.34,2.91,20.0,1,100.0
2024-02-20 08:00:00,EQ_M001,Compressor,11162.8,16.2,8.0,20.69,6.75,20.0,1,100.0
2024-02-20 08:00:00,EQ_M002,Water Pump,12896.7,19.1,8.0,16.61,3.12,20.0,1,100.0
2024-02-20 08:00:00,EQ_M003,Air Handler,10332.0,12.3,8.0,13.88,3.08,20.0,1,100.0
2024-02-20 08:00:00,EQ_B001,Compressor,7443.4,15.1,5.24,19.48,6.36,53.7,0,76.3
2024-02-20 08:00:00,EQ_B002,Water Pump,9909.9,15.6,7.45,14.3,3.02,20.0,1,100.0
2024-02-20 09:00:00,EQ_M001,Compressor,11163.4,16.0,8.0,21.77,6.79,20.0,1,100.0
2024-02-20 09:00:00,EQ_M002,Water Pump,12897.4,19.6,8.0,15.04,3.09,20.0,1,100.0
2024-02-20 09:00:00,EQ_M003,Air Handler,10332.8,13.8,8.0,12.68,3.12,20.0,1,100.0
2024-02-20 09:00:00,EQ_B001,Compressor,7443.9,13.5,5.02,22.29,5.77,54.4,0,75.6
2024-02-20 09:00:00,EQ_B002,Water Pump,9910.5,12.5,7.52,16.05,3.25,20.0,1,100.0
2024-02-20 10:00:00,EQ_M001,Compressor,11164.1,15.2,8.0,24.42,7.17,20.0,1,100.0
2024-02-20 10:00:00,EQ_M002,Water Pump,12898.3,18.9,8.0,16.12,2.8,20.0,1,100.0
2024-02-20 10:00:00,EQ_M003,Air Handler,10333.6,13.8,7.68,14.65,3.39,20.0,1,100.0
2024-02-20 10:00:00,EQ_B001,Compressor,7444.7,12.7,5.29,20.9,6.29,53.6,0,76.4
2024-02-20 10:00:00,EQ_B002,Water Pump,9911.3,13.8,7.9,12.0,2.95,20.0,1,100.0
2024-02-20 11:00:00,EQ_M001,Compressor,11164.9,15.6,8.0,19.83,6.47,20.0,1,100.0
2024-02-20 11:00:00,EQ_M002,Water Pump,12898.8,17.5,8.0,13.45,3.11,20.0,1,100.0
2024-02-20 11:00:00,EQ_M003,Air Handler,10334.5,13.6,7.42,14.09,3.05,20.0,1,100.0
2024-02-20 11:00:00,EQ_B001,Compressor,7445.6,12.8,5.18,22.01,6.49,53.9,0,76.1
2024-02-20 11:00:00,EQ_B002,Water Pump,9911.8,13.7,7.54,14.97,3.24,20.0,1,100.0
2024-02-20 12:00:00,EQ_M001,Compressor,11165.7,15.0,8.0,21.49,6.04,20.0,1,100.0
2024-02-20 12:00:00,EQ_M002,Water Pump,12899.5,19.2,8.0,16.12,2.86,20.0,1,100.0
2024-02-20 12:00:00,EQ_M003,Air Handler,10335.2,13.4,8.0,15.43,3.17,20.0,1,100.0
2024-02-20 12:00:00,EQ_B001,Compressor,7446.1,12.5,4.73,22.1,6.27,55.2,0,74.8
2024-02-20 12:00:00,EQ_B002,Water Pump,9912.3,13.8,7.34,15.81,2.94,20.0,1,100.0
2024-02-20 13:00:00,EQ_M001,Compressor,11166.4,16.8,8.0,20.91,6.91,20.0,1,100.0
2024-02-20 13:00:00,EQ_M002,Water Pump,12900.5,19.9,8.0,16.45,3.08,20.0,1,100.0
2024-02-20 13:00:00,EQ_M003,Air Handler,10335.9,16.1,7.69,14.32,2.9,20.0,1,100.0
2024-02-20 13:00:00,EQ_B001,Compressor,7446.8,15.6,4.66,20.62,6.68,55.4,0,74.6
2024-02-20 13:00:00,EQ_B002,Water Pump,9913.1,14.0,7.13,16.02,3.03,20.0,1,100.0
2024-02-20 14:00:00,EQ_M001,Compressor,11167.3,17.7,8.0,19.88,6.66,20.0,1,100.0
2024-02-20 14:00:00,EQ_M002,Water Pump,12901.2,18.1,8.0,15.17,3.23,20.0,1,100.0
2024-02-20 14:00:00,EQ_M003,Air Handler,10336.7,14.5,7.9,14.99,3.18,20.0,1,100.0
2024-02-20 14:00:00,EQ_B001,Compressor,7447.6,14.8,5.12,19.72,6.39,54.1,0,75.9
2024-02-20 14:00:00,EQ_B002,Water Pump,9913.9,11.4,7.78,13.44,2.62,20.0,1,100.0
2024-02-20 15:00:00,EQ_M001,Compressor,11168.3,16.3,8.0,18.96,6.74,20.0,1,100.0
2024-02-20 15:00:00,EQ_M002,Water Pump,12902.0,20.2,8.0,17.67,2.88,20.0,1,100.0
2024-02-20 15:00:00,EQ_M003,Air Handler,10337.4,13.5,8.0,15.46,3.1,20.0,1,100.0
2024-02-20 15:00:00,EQ_B001,Compressor,7448.5,12.8,4.48,22.95,6.41,55.9,0,74.1
2024-02-20 15:00:00,EQ_B002,Water Pump,9914.4,14.5,7.45,14.98,2.84,20.0,1,100.0
2024-02-20 16:00:00,EQ_M001,Compressor,11168.9,18.1,8.0,21.41,5.83,20.0,1,100.0
2024-02-20 16:00:00,EQ_M002,Water Pump,12902.8,18.9,8.0,14.71,2.92,20.0,1,100.0
2024-02-20 16:00:00,EQ_M003,Air Handler,10338.0,12.4,8.0,15.17,2.97,20.0,1,100.0
2024-02-20 16:00:00,EQ_B001,Compressor,7449.5,13.7,5.0,26.18,6.49,54.4,0,75.6
2024-02-20 16:00:00,EQ_B002,Water Pump,9915.2,12.8,7.45,13.95,3.09,20.0,1,100.0
2024-02-20 17:00:00,EQ_M001,Compressor,11169.5,15.9,8.0,22.2,5.82,20.0,1,100.0
2024-02-20 17:00:00,EQ_M002,Water Pump,12903.4,18.2,8.0,14.5,2.74,20.0,1,100.0
2024-02-20 17:00:00,EQ_M003,Air Handler,10338.6,13.8,7.7,14.15,3.31,20.0,1,100.0
2024-02-20 17:00:00,EQ_B001,Compressor,7450.3,14.5,3.98,18.67,6.37,57.4,0,72.6
2024-02-20 17:00:00,EQ_B002,Water Pump,9916.1,12.3,7.11,15.92,2.95,20.0,1,100.0
2024-02-20 18:00:00,EQ_M001,Compressor,11170.5,14.9,8.0,26.78,6.58,20.0,1,100.0
2024-02-20 18:00:00,EQ_M002,Water Pump,12904.2,19.8,8.0,14.04,2.81,20.0,1,100.0
2024-02-20 18:00:00,EQ_M003,Air Handler,10339.6,14.0,8.0,14.0,3.4,20.0,1,100.0
2024-02-20 18:00:00,EQ_B001,Compressor,7451.0,11.4,4.69,23.84,6.12,55.3,0,74.7
2024-02-20 18:00:00,EQ_B002,Water Pump,9917.0,13.4,6.82,16.21,3.4,20.0,1,100.0
2024-02-20 19:00:00,EQ_M001,Compressor,11171.3,16.1,8.0,19.81,6.69,20.0,1,100.0
2024-02-20 19:00:00,EQ_M002,Water Pump,12904.7,19.4,8.0,13.95,3.13,20.0,1,100.0
2024-02-20 19:00:00,EQ_M003,Air Handler,10340.4,13.5,8.0,16.39,3.08,20.0,1,100.0
2024-02-20 19:00:00,EQ_B001,Compressor,7451.6,12.4,4.96,20.96,6.0,54.5,0,75.5
2024-02-20 19:00:00,EQ_B002,Water Pump,9917.6,14.3,6.96,17.35,3.23,20.0,1,100.0
2024-02-20 20:00:00,EQ_M001,Compressor,11171.8,14.1,8.0,22.27,5.98,20.0,1,100.0
2024-02-20 20:00:00,EQ_M002,Water Pump,12905.6,18.2,8.0,15.03,3.09,20.0,1,100.0
2024-02-20 20:00:00,EQ_M003,Air Handler,10341.1,13.4,7.7,14.7,3.23,20.0,1,100.0
2024-02-20 20:00:00,EQ_B001,Compressor,7452.4,14.0,5.29,20.3,6.72,53.5,0,76.5
2024-02-20 20:00:00,EQ_B002,Water Pump,9918.4,13.8,6.66,15.97,2.88,20.0,1,100.0
2024-02-20 21:00:00,EQ_M001,Compressor,11172.8,15.4,8.0,24.24,6.61,20.0,1,100.0
2024-02-20 21:00:00,EQ_M002,Water Pump,12906.2,18.8,8.0,16.06,2.98,20.0,1,100.0
2024-02-20 21:00:00,EQ_M003,Air Handler,10341.7,14.2,7.6,16.22,3.08,20.0,1,100.0
2024-02-20 21:00:00,EQ_B001,Compressor,7452.9,11.2,5.29,19.95,6.83,53.5,0,76.5
2024-02-20 21:00:00,EQ_B002,Water Pump,9919.0,15.8,7.5,13.6,3.24,20.0,1,100.0
2024-02-20 22:00:00,EQ_M001,Compressor,11173.6,15.4,8.0,19.27,6.08,20.0,1,100.0
2024-02-20 22:00:00,EQ_M002,Water Pump,12907.1,19.0,8.0,12.81,2.99,20.0,1,100.0
2024-02-20 22:00:00,EQ_M003,Air Handler,10342.7,14.2,7.62,11.25,3.05,20.0,1,100.0
2024-02-20 22:00:00,EQ_B001,Compressor,7453.7,13.6,4.78,19.25,7.1,55.0,0,75.0
2024-02-20 22:00:00,EQ_B002,Water Pump,9919.6,14.4,7.56,16.83,2.97,20.0,1,100.0
2024-02-20 23:00:00,EQ_M001,Compressor,11174.2,15.7,8.0,21.47,6.55,20.0,1,100.0
2024-02-20 23:00:00,EQ_M002,Water Pump,12907.7,19.4,8.0,14.3,2.8,20.0,1,100.0
2024-02-20 23:00:00,EQ_M003,Air Handler,10343.4,14.0,8.0,12.08,2.85,20.0,1,100.0
2024-02-20 23:00:00,EQ_B001,Compressor,7454.2,13.6,4.78,21.39,6.35,55.0,0,75.0
2024-02-20 23:00:00,EQ_B002,Water Pump,9920.1,13.4,7.73,15.0,3.19,20.0,1,100.0
2024-02-21 00:00:00,EQ_M001,Compressor,11175.1,13.8,8.0,24.17,6.58,20.0,1,100.0
2024-02-21 00:00:00,EQ_M002,Water Pump,12908.7,18.5,8.0,14.86,3.33,20.0,1,100.0
2024-02-21 00:00:00,EQ_M003,Air Handler,10344.2,13.0,7.83,15.58,2.92,20.0,1,100.0
2024-02-21 00:00:00,EQ_B001,Compressor,7454.8,11.7,4.67,22.55,6.62,55.3,0,74.7
2024-02-21 00:00:00,EQ_B002,Water Pump,9920.9,14.9,6.71,15.65,2.95,20.0,1,100.0
2024-02-21 01:00:00,EQ_M001,Compressor,11175.8,15.4,8.0,27.12,5.85,20.0,1,100.0
2024-02-21 01:00:00,EQ_M002,Water Pump,12909.2,19.7,8.0,14.57,3.2,20.0,1,100.0
2024-02-21 01:00:00,EQ_M003,Air Handler,10344.9,13.7,8.0,15.55,2.9,20.0,1,100.0
2024-02-21 01:00:00,EQ_B001,Compressor,7455.8,14.0,4.92,19.47,6.91,54.6,0,75.4
2024-02-21 01:00:00,EQ_B002,Water Pump,9921.9,12.2,6.93,17.34,2.58,20.0,1,100.0
2024-02-21 02:00:00,EQ_M001,Compressor,11176.5,15.9,8.0,21.43,5.85,20.0,1,100.0
2024-02-21 02:00:00,EQ_M002,Water Pump,12910.2,20.3,8.0,13.05,3.23,20.0,1,100.0
2024-02-21 02:00:00,EQ_M003,Air Handler,10345.7,15.5,7.68,14.43,2.81,20.0,1,100.0
2024-02-21 02:00:00,EQ_B001,Compressor,7456.4,14.3,4.87,22.96,6.72,54.7,0,75.3
2024-02-21 02:00:00,EQ_B002,Water Pump,9922.9,13.5,8.0,17.36,3.15,20.0,1,100.0
2024-02-21 03:00:00,EQ_M001,Compressor,11177.4,15.2,8.0,21.28,6.45,20.0,1,100.0
2024-02-21 03:00:00,EQ_M002,Water Pump,12911.0,19.2,8.0,15.07,3.26,20.0,1,100.0
2024-02-21 03:00:00,EQ_M003,Air Handler,10346.4,11.9,7.75,11.79,2.86,20.0,1,100.0
2024-02-21 03:00:00,EQ_B001,Compressor,7457.0,13.1,4.82,20.55,6.47,54.8,0,75.2
2024-02-21 03:00:00,EQ_B002,Water Pump,9923.8,13.3,7.51,15.29,3.04,20.0,1,100.0
2024-02-21 04:00:00,EQ_M001,Compressor,11178.1,16.8,8.0,22.06,6.42,20.0,1,100.0
2024-02-21 04:00:00,EQ_M002,Water Pump,12911.5,17.7,8.0,13.92,3.29,20.0,1,100.0
2024-02-21 04:00:00,EQ_M003,Air Handler,10347.1,14.1,7.48,15.02,3.11,20.0,1,100.0
2024-02-21 04:00:00,EQ_B001,Compressor,7457.6,13.1,5.16,23.96,6.32,53.8,0,76.2
2024-02-21 04:00:00,EQ_B002,Water Pump,9924.8,14.6,7.81,16.28,3.17,20.0,1,100.0
2024-02-21 05:00:00,EQ_M001,Compressor,11178.9,14.9,8.0,23.72,6.56,20.0,1,100.0
2024-02-21 05:00:00,EQ_M002,Water Pump,12912.1,20.3,8.0,13.42,2.95,20.0,1,100.0
2024-02-21 05:00:00,EQ_M003,Air Handler,10347.7,14.3,8.0,12.99,2.99,20.0,1,100.0
2024-02-21 05:00:00,EQ_B001,Compressor,7458.6,13.3,5.47,22.75,6.28,52.9,0,77.1
2024-02-21 05:00:00,EQ_B002,Water Pump,9925.8,12.8,7.91,16.05,3.36,20.0,1,100.0
2024-02-21 06:00:00,EQ_M001,Compressor,11179.8,15.5,8.0,23.46,6.58,20.0,1,100.0
2024-02-21 06:00:00,EQ_M002,Water Pump,12912.7,20.5,8.0,15.34,3.12,20.0,1,100.0
2024-02-21 06:00:00,EQ_M003,Air Handler,10348.6,17.5,8.0,15.83,2.94,20.0,1,100.0
2024-02-21 06:00:00,EQ_B001,Compressor,7459.3,14.0,4.48,23.02,6.94,55.8,0,74.2
2024-02-21 06:00:00,EQ_B002,Water Pump,9926.6,12.7,7.46,16.91,2.62,20.0,1,100.0
2024-02-21 07:00:00,EQ_M001,Compressor,11180.4,16.1,8.0,16.69,6.78,20.0,1,100.0
2024-02-21 07:00:00,EQ_M002,Water Pump,12913.6,20.8,8.0,14.05,3.16,20.0,1,100.0
2024-02-21 07:00:00,EQ_M003,Air Handler,10349.3,14.4,7.36,13.1,3.15,20.0,1,100.0
2024-02-21 07:00:00,EQ_B001,Compressor,7459.9,14.1,5.64,18.1,6.56,52.3,1,77.7
2024-02-21 07:00:00,EQ_B002,Water Pump,9927.4,12.6,7.39,14.37,2.96,20.0,1,100.0
2024-02-21 08:00:00,EQ_M001,Compressor,11181.3,13.3,8.0,25.8,6.99,20.0,1,100.0
2024-02-21 08:00:00,EQ_M002,Water Pump,12914.4,19.1,8.0,17.21,2.78,20.0,1,100.0
2024-02-21 08:00:00,EQ_M003,Air Handler,10349.9,15.8,7.83,15.32,3.06,20.0,1,100.0
2024-02-21 08:00:00,EQ_B001,Compressor,7460.5,13.2,4.89,19.61,6.18,54.6,0,75.4
2024-02-21 08:00:00,EQ_B002,Water Pump,9928.4,12.3,7.48,15.13,2.99,20.0,1,100.0
2024-02-21 09:00:00,EQ_M001,Compressor,11182.1,14.6,8.0,24.62,6.37,20.0,1,100.0
2024-02-21 09:00:00,EQ_M002,Water Pump,12915.1,21.0,8.0,15.13,2.91,20.0,1,100.0
2024-02-21 09:00:00,EQ_M003,Air Handler,10350.6,14.2,8.0,16.11,2.98,20.0,1,100.0
2024-02-21 09:00:00,EQ_B001,Compressor,7461.2,14.3,4.79,23.48,6.3,54.9,0,75.1
2024-02-21 09:00:00,EQ_B002,Water Pump,9929.2,14.0,7.34,14.26,2.93,20.0,1,100.0
2024-02-21 10:00:00,EQ_M001,Compressor,11182.9,16.6,8.0,21.04,6.76,20.0,1,100.0
2024-02-21 10:00:00,EQ_M002,Water Pump,12915.8,18.1,8.0,17.19,2.91,20.0,1,100.0
2024-02-21 10:00:00,EQ_M003,Air Handler,10351.4,13.4,7.87,13.84,2.61,20.0,1,100.0
2024-02-21 10:00:00,EQ_B001,Compressor,7461.8,14.3,4.63,20.15,7.33,55.3,0,74.7
2024-02-21 10:00:00,EQ_B002,Water Pump,9929.8,13.5,7.69,12.2,2.95,20.0,1,100.0
2024-02-21 11:00:00,EQ_M001,Compressor,11183.7,13.8,8.0,20.8,6.37,20.0,1,100.0
2024-02-21 11:00:00,EQ_M002,Water Pump,12916.6,17.9,8.0,13.84,2.9,20.0,1,100.0
2024-02-21 11:00:00,EQ_M003,Air Handler,10352.0,13.5,7.91,15.27,2.76,20.0,1,100.0
2024-02-21 11:00:00,EQ_B001,Compressor,7462.5,13.7,4.85,21.81,6.6,54.7,0,75.3
2024-02-21 11:00:00,EQ_B002,Water Pump,9930.4,11.8,7.73,18.59,2.76,20.0,1,100.0
2024-02-21 12:00:00,EQ_M001,Compressor,11184.2,14.3,8.0,19.99,6.27,20.0,1,100.0
2024-02-21 12:00:00,EQ_M002,Water Pump,12917.2,19.4,8.0,16.42,3.15,20.0,1,100.0
2024-02-21 12:00:00,EQ_M003,Air Handler,10352.7,13.8,8.0,13.69,2.97,20.0,1,100.0
2024-02-21 12:00:00,EQ_B001,Compressor,7463.4,12.9,4.97,22.97,6.15,54.3,0,75.7
2024-02-21 12:00:00,EQ_B002,Water Pump,9931.2,14.3,7.48,16.34,2.69,20.0,1,100.0
2024-02-21 13:00:00,EQ_M001,Compressor,11184.8,16.4,8.0,18.2,6.4,20.0,1,100.0
2024-02-21 13:00:00,EQ_M002,Water Pump,12917.9,18.4,8.0,13.94,2.77,20.0,1,100.0
2024-02-21 13:00:00,EQ_M003,Air Handler,10353.4,15.6,7.56,16.82,2.74,20.0,1,100.0
2024-02-21 13:00:00,EQ_B001,Compressor,7464.0,13.6,5.42,22.94,6.65,52.9,0,77.1
2024-02-21 13:00:00,EQ_B002,Water Pump,9932.2,13.4,7.47,16.99,2.92,20.0,1,100.0
2024-02-21 14:00:00,EQ_M001,Compressor,11185.8,16.8,8.0,18.16,6.26,20.0,1,100.0
2024-02-21 14:00:00,EQ_M002,Water Pump,12918.5,18.9,8.0,14.3,2.77,20.0,1,100.0
2024-02-21 14:00:00,EQ_M003,Air Handler,10354.3,14.3,7.66,18.33,2.92,20.0,1,100.0
2024-02-21 14:00:00,EQ_B001,Compressor,7464.9,12.5,5.16,22.37,6.54,53.7,0,76.3
2024-02-21 14:00:00,EQ_B002,Water Pump,9932.8,13.4,6.92,15.27,2.92,20.0,1,100.0
2024-02-21 15:00:00,EQ_M001,Compressor,11186.6,17.1,8.0,20.43,6.37,20.0,1,100.0
2024-02-21 15:00:00,EQ_M002,Water Pump,12919.4,19.6,8.0,13.19,3.03,20.0,1,100.0
2024-02-21 15:00:00,EQ_M003,Air Handler,10355.1,13.8,7.97,15.59,3.01,20.0,1,100.0
2024-02-21 15:00:00,EQ_B001,Compressor,7465.5,12.8,4.79,21.2,6.48,54.8,0,75.2
2024-02-21 15:00:00,EQ_B002,Water Pump,9933.7,15.2,7.7,14.64,3.17,20.0,1,100.0
2024-02-21 16:00:00,EQ_M001,Compressor,11187.3,14.4,8.0,21.18,6.91,20.0,1,100.0
2024-02-21 16:00:00,EQ_M002,Water Pump,12920.4,19.8,8.0,12.97,2.82,20.0,1,100.0
2024-02-21 16:00:00,EQ_M003,Air Handler,10355.9,16.1,7.68,14.8,3.1,20.0,1,100.0
2024-02-21 16:00:00,EQ_B001,Compressor,7466.3,13.9,5.59,22.11,6.13,52.4,1,77.6
2024-02-21 16:00:00,EQ_B002,Water Pump,9934.3,15.1,7.75,17.29,2.88,20.0,1,100.0
2024-02-21 17:00:00,EQ_M001,Compressor,11188.3,16.1,8.0,21.35,6.25,20.0,1,100.0
2024-02-21 17:00:00,EQ_M002,Water Pump,12921.1,18.6,8.0,13.91,2.82,20.0,1,100.0
2024-02-21 17:00:00,EQ_M003,Air Handler,10356.8,14.7,7.98,14.19,2.65,20.0,1,100.0
2024-02-21 17:00:00,EQ_B001,Compressor,7466.9,11.8,5.25,19.88,6.4,53.4,0,76.6
2024-02-21 17:00:00,EQ_B002,Water Pump,9935.2,14.5,7.46,12.85,2.96,20.0,1,100.0
2024-02-21 18:00:00,EQ_M001,Compressor,11189.0,17.1,8.0,21.98,6.11,20.0,1,100.0
2024-02-21 18:00:00,EQ_M002,Water Pump,12921.7,19.0,8.0,13.2,2.93,20.0,1,100.0
2024-02-21 18:00:00,EQ_M003,Air Handler,10357.5,13.4,7.88,15.45,2.6,20.0,1,100.0
2024-02-21 18:00:00,EQ_B001,Compressor,7467.9,13.9,5.38,20.09,6.22,53.0,0,77.0
2024-02-21 18:00:00,EQ_B002,Water Pump,9935.7,12.3,7.64,13.86,2.83,20.0,1,100.0
2024-02-21 19:00:00,EQ_M001,Compressor,11190.0,15.7,8.0,22.16,6.57,20.0,1,100.0
2024-02-21 19:00:00,EQ_M002,Water Pump,12922.4,18.5,8.0,11.76,2.67,20.0,1,100.0
2024-02-21 19:00:00,EQ_M003,Air Handler,10358.4,13.5,7.52,17.14,2.57,20.0,1,100.0
2024-02-21 19:00:00,EQ_B001,Compressor,7468.6,14.1,5.08,21.57,7.56,53.9,0,76.1
2024-02-21 19:00:00,EQ_B002,Water Pump,9936.5,14.3,7.99,14.57,3.17,20.0,1,100.0
2024-02-21 20:00:00,EQ_M001,Compressor,11190.5,13.5,8.0,23.88,6.66,20.0,1,100.0
2024-02-21 20:00:00,EQ_M002,Water Pump,12922.9,17.6,8.0,15.5,3.05,20.0,1,100.0
2024-02-21 20:00:00,EQ_M003,Air Handler,10359.3,14.7,7.98,15.78,3.01,20.0,1,100.0
2024-02-21 20:00:00,EQ_B001,Compressor,7469.4,15.2,4.79,20.58,6.66,54.8,0,75.2
2024-02-21 20:00:00,EQ_B002,Water Pump,9937.2,12.5,7.69,15.53,3.03,20.0,1,100.0
2024-02-21 21:00:00,EQ_M001,Compressor,11191.5,14.1,8.0,21.56,7.05,20.0,1,100.0
2024-02-21 21:00:00,EQ_M002,Water Pump,12923.5,18.6,8.0,11.21,3.1,20.0,1,100.0
2024-02-21 21:00:00,EQ_M003,Air Handler,10359.9,13.8,7.94,13.53,3.17,20.0,1,100.0
2024-02-21 21:00:00,EQ_B001,Compressor,7470.3,14.9,5.55,22.9,6.33,52.5,1,77.5
2024-02-21 21:00:00,EQ_B002,Water Pump,9938.1,13.8,7.29,14.9,3.07,20.0,1,100.0
2024-02-21 22:00:00,EQ_M001,Compressor,11192.2,15.4,8.0,21.82,6.22,20.0,1,100.0
2024-02-21 22:00:00,EQ_M002,Water Pump,12924.5,19.5,8.0,14.01,2.99,20.0,1,100.0
2024-02-21 22:00:00,EQ_M003,Air Handler,10360.7,14.7,7.87,18.44,3.1,20.0,1,100.0
2024-02-21 22:00:00,EQ_B001,Compressor,7471.3,13.7,4.84,23.77,6.47,54.6,0,75.4
2024-02-21 22:00:00,EQ_B002,Water Pump,9938.8,12.4,7.41,12.84,2.95,20.0,1,100.0
2024-02-21 23:00:00,EQ_M001,Compressor,11193.2,15.2,7.91,20.95,6.4,20.0,1,100.0
2024-02-21 23:00:00,EQ_M002,Water Pump,12925.0,19.5,8.0,12.74,3.26,20.0,1,100.0
2024-02-21 23:00:00,EQ_M003,Air Handler,10361.6,13.3,7.87,12.77,3.27,20.0,1,100.0
2024-02-21 23:00:00,EQ_B001,Compressor,7471.8,13.8,5.31,21.61,6.29,53.2,0,76.8
2024-02-21 23:00:00,EQ_B002,Water Pump,9939.8,14.2,7.18,13.34,2.7,20.0,1,100.0
2024-02-22 00:00:00,EQ_M001,Compressor,11193.9,14.7,8.0,26.24,6.31,20.0,1,100.0
2024-02-22 00:00:00,EQ_M002,Water Pump,12925.9,19.4,8.0,12.98,3.29,20.0,1,100.0
2024-02-22 00:00:00,EQ_M003,Air Handler,10362.3,13.1,8.0,14.98,2.63,20.0,1,100.0
2024-02-22 00:00:00,EQ_B001,Compressor,7472.7,12.8,5.17,23.04,6.38,53.6,0,76.4
2024-02-22 00:00:00,EQ_B002,Water Pump,9940.7,12.6,7.47,14.85,2.82,20.0,1,100.0
2024-02-22 01:00:00,EQ_M001,Compressor,11194.8,16.3,8.0,20.83,6.36,20.0,1,100.0
2024-02-22 01:00:00,EQ_M002,Water Pump,12926.6,18.6,8.0,11.23,3.03,20.0,1,100.0
2024-02-22 01:00:00,EQ_M003,Air Handler,10363.1,12.9,7.67,14.31,3.32,20.0,1,100.0
2024-02-22 01:00:00,EQ_B001,Compressor,7473.7,14.2,5.08,21.46,6.11,53.8,0,76.2
2024-02-22 01:00:00,EQ_B002,Water Pump,9941.2,10.6,7.51,16.27,2.99,20.0,1,100.0
2024-02-22 02:00:00,EQ_M001,Compressor,11195.3,15.7,8.0,21.62,7.44,20.0,1,100.0
2024-02-22 02:00:00,EQ_M002,Water Pump,12927.3,18.4,8.0,14.76,3.0,20.0,1,100.0
2024-02-22 02:00:00,EQ_M003,Air Handler,10363.6,14.7,7.92,15.59,3.21,20.0,1,100.0
2024-02-22 02:00:00,EQ_B001,Compressor,7474.4,12.0,4.81,22.33,6.45,54.6,0,75.4
2024-02-22 02:00:00,EQ_B002,Water Pump,9942.1,12.0,6.98,14.63,3.07,20.0,1,100.0
2024-02-22 03:00:00,EQ_M001,Compressor,11196.1,14.1,8.0,24.11,6.84,20.0,1,100.0
2024-02-22 03:00:00,EQ_M002,Water Pump,12927.9,20.1,8.0,15.15,3.26,20.0,1,100.0
2024-02-22 03:00:00,EQ_M003,Air Handler,10364.6,13.2,7.72,13.55,3.07,20.0,1,100.0
2024-02-22 03:00:00,EQ_B001,Compressor,7475.3,13.3,4.74,20.96,7.09,54.8,0,75.2
2024-02-22 03:00:00,EQ_B002,Water Pump,9942.7,13.5,7.39,16.19,3.22,20.0,1,100.0
2024-02-22 04:00:00,EQ_M001,Compressor,11197.0,14.3,8.0,23.88,6.31,20.0,1,100.0
2024-02-22 04:00:00,EQ_M002,Water Pump,12928.7,17.8,8.0,14.35,2.79,20.0,1,100.0
2024-02-22 04:00:00,EQ_M003,Air Handler,10365.5,12.1,7.95,14.61,2.85,20.0,1,100.0
2024-02-22 04:00:00,EQ_B001,Compressor,7476.1,13.3,4.84,20.81,6.66,54.5,0,75.5
2024-02-22 04:00:00,EQ_B002,Water Pump,9943.4,14.7,7.18,15.66,3.35,20.0,1,100.0
2024-02-22 05:00:00,EQ_M001,Compressor,11197.9,16.1,8.0,18.95,6.61,20.0,1,100.0
2024-02-22 05:00:00,EQ_M002,Water Pump,12929.3,19.4,8.0,17.05,3.02,20.0,1,100.0
2024-02-22 05:00:00,EQ_M003,Air Handler,10366.3,13.7,7.73,14.03,2.96,20.0,1,100.0
2024-02-22 05:00:00,EQ_B001,Compressor,7476.9,13.1,5.23,21.79,6.26,53.4,0,76.6
2024-02-22 05:00:00,EQ_B002,Water Pump,9944.4,12.8,7.37,14.76,2.98,20.0,1,100.0
2024-02-22 06:00:00,EQ_M001,Compressor,11198.7,16.4,8.0,22.71,7.08,20.0,1,100.0
2024-02-22 06:00:00,EQ_M002,Water Pump,12930.0,20.5,8.0,11.8,3.05,20.0,1,100.0
2024-02-22 06:00:00,EQ_M003,Air Handler,10367.0,13.8,7.59,15.96,3.1,20.0,1,100.0
2024-02-22 06:00:00,EQ_B001,Compressor,7477.6,13.5,5.11,19.37,6.25,53.7,0,76.3
2024-02-22 06:00:00,EQ_B002,Water Pump,9945.2,12.3,7.53,15.57,2.78,20.0,1,100.0
2024-02-22 07:00:00,EQ_M001,Compressor,11199.4,16.3,8.0,24.05,6.46,20.0,1,100.0
2024-02-22 07:00:00,EQ_M002,Water Pump,12930.5,18.9,8.0,15.71,3.08,20.0,1,100.0
2024-02-22 07:00:00,EQ_M003,Air Handler,10367.8,14.8,7.75,13.71,2.87,20.0,1,100.0
2024-02-22 07:00:00,EQ_B001,Compressor,7478.4,13.8,4.82,17.12,5.98,54.6,0,75.4
2024-02-22 07:00:00,EQ_B002,Water Pump,9946.0,14.0,7.6,15.29,3.17,20.0,1,100.0
2024-02-22 08:00:00,EQ_M001,Compressor,11200.3,15.4,8.0,22.2,6.3,20.0,1,100.0
2024-02-22 08:00:00,EQ_M002,Water Pump,12931.5,18.6,8.0,14.78,3.14,20.0,1,100.0
2024-02-22 08:00:00,EQ_M003,Air Handler,10368.8,13.8,7.89,14.79,2.97,20.0,1,100.0
2024-02-22 08:00:00,EQ_B001,Compressor,7479.0,13.9,5.03,24.02,6.27,53.9,0,76.1
2024-02-22 08:00:00,EQ_B002,Water Pump,9946.8,14.5,7.52,15.73,3.47,20.0,1,100.0
2024-02-22 09:00:00,EQ_M001,Compressor,11201.2,14.2,8.0,23.37,5.92,20.0,1,100.0
2024-02-22 09:00:00,EQ_M002,Water Pump,12932.0,17.8,8.0,18.29,2.83,20.0,1,100.0
2024-02-22 09:00:00,EQ_M003,Air Handler,10369.6,14.0,8.0,14.42,3.11,20.0,1,100.0
2024-02-22 09:00:00,EQ_B001,Compressor,7479.7,14.1,5.36,17.55,6.36,52.9,0,77.1
2024-02-22 09:00:00,EQ_B002,Water Pump,9947.3,11.7,7.62,15.09,3.11,20.0,1,100.0
2024-02-22 10:00:00,EQ_M001,Compressor,11201.9,15.5,8.0,18.68,6.98,20.0,1,100.0
2024-02-22 10:00:00,EQ_M002,Water Pump,12932.9,19.5,8.0,13.56,3.45,20.0,1,100.0
2024-02-22 10:00:00,EQ_M003,Air Handler,10370.4,12.8,8.0,12.44,2.6,20.0,1,100.0
2024-02-22 10:00:00,EQ_B001,Compressor,7480.3,12.3,4.89,22.76,6.52,54.3,0,75.7
2024-02-22 10:00:00,EQ_B002,Water Pump,9947.8,12.2,7.82,18.2,3.12,20.0,1,100.0
2024-02-22 11:00:00,EQ_M001,Compressor,11202.6,14.9,8.0,20.46,6.02,20.0,1,100.0
2024-02-22 11:00:00,EQ_M002,Water Pump,12933.8,18.5,8.0,14.05,2.81,20.0,1,100.0
2024-02-22 11:00:00,EQ_M003,Air Handler,10371.1,13.8,7.76,15.87,2.71,20.0,1,100.0
2024-02-22 11:00:00,EQ_B001,Compressor,7481.2,12.3,5.49,25.51,6.54,52.5,0,77.5
2024-02-22 11:00:00,EQ_B002,Water Pump,9948.6,11.6,7.21,15.99,2.91,20.0,1,100.0
2024-02-22 12:00:00,EQ_M001,Compressor,11203.5,15.2,8.0,21.13,6.72,20.0,1,100.0
2024-02-22 12:00:00,EQ_M002,Water Pump,12934.6,19.7,8.0,16.31,3.03,20.0,1,100.0
2024-02-22 12:00:00,EQ_M003,Air Handler,10371.9,12.4,7.97,15.93,3.16,20.0,1,100.0
2024-02-22 12:00:00,EQ_B001,Compressor,7482.2,12.5,4.84,21.62,7.13,54.5,0,75.5
2024-02-22 12:00:00,EQ_B002,Water Pump,9949.1,14.5,7.39,16.52,2.85,20.0,1,100.0
2024-02-22 13:00:00,EQ_M001,Compressor,11204.3,16.6,8.0,24.35,6.28,20.0,1,100.0
2024-02-22 13:00:00,EQ_M002,Water Pump,12935.2,19.2,8.0,15.08,2.93,20.0,1,100.0
2024-02-22 13:00:00,EQ_M003,Air Handler,10372.7,14.0,8.0,14.85,3.03,20.0,1,100.0
2024-02-22 13:00:00,EQ_B001,Compressor,7482.8,13.5,4.98,22.09,6.64,54.0,0,76.0
2024-02-22 13:00:00,EQ_B002,Water Pump,9950.0,12.2,7.75,12.92,3.12,20.0,1,100.0
2024-02-22 14:00:00,EQ_M001,Compressor,11205.1,16.2,8.0,20.79,6.72,20.0,1,100.0
2024-02-22 14:00:00,EQ_M002,Water Pump,12935.8,17.8,8.0,15.1,2.86,20.0,1,100.0
2024-02-22 14:00:00,EQ_M003,Air Handler,10373.3,12.9,8.0,15.84,3.03,20.0,1,100.0
2024-02-22 14:00:00,EQ_B001,Compressor,7483.8,13.7,4.98,22.63,6.76,54.0,0,76.0
2024-02-22 14:00:00,EQ_B002,Water Pump,9950.9,12.8,7.87,15.1,3.08,20.0,1,100.0
2024-02-22 15:00:00,EQ_M001,Compressor,11205.9,16.4,8.0,22.84,6.77,20.0,1,100.0
2024-02-22 15:00:00,EQ_M002,Water Pump,12936.5,19.4,8.0,14.29,3.29,20.0,1,100.0
2024-02-22 15:00:00,EQ_M003,Air Handler,10373.9,12.9,7.99,13.9,3.1,20.0,1,100.0
2024-02-22 15:00:00,EQ_B001,Compressor,7484.4,12.5,4.88,24.51,5.7,54.3,0,75.7
2024-02-22 15:00:00,EQ_B002,Water Pump,9951.8,11.7,7.53,10.46,3.4,20.0,1,100.0
2024-02-22 16:00:00,EQ_M001,Compressor,11206.7,14.4,8.0,26.39,6.41,20.0,1,100.0
2024-02-22 16:00:00,EQ_M002,Water Pump,12937.1,19.3,8.0,14.77,2.97,20.0,1,100.0
2024-02-22 16:00:00,EQ_M003,Air Handler,10374.6,13.5,7.53,11.04,2.71,20.0,1,100.0
2024-02-22 16:00:00,EQ_B001,Compressor,7485.3,13.8,5.25,24.86,6.9,53.2,0,76.8
2024-02-22 16:00:00,EQ_B002,Water Pump,9952.3,13.1,7.33,12.36,2.73,20.0,1,100.0
2024-02-22 17:00:00,EQ_M001,Compressor,11207.6,14.7,8.0,23.0,6.29,20.0,1,100.0
2024-02-22 17:00:00,EQ_M002,Water Pump,12938.0,17.2,8.0,13.68,2.8,20.0,1,100.0
2024-02-22 17:00:00,EQ_M003,Air Handler,10375.2,14.6,7.79,16.65,3.08,20.0,1,100.0
2024-02-22 17:00:00,EQ_B001,Compressor,7485.9,13.2,4.82,20.69,6.61,54.5,0,75.5
2024-02-22 17:00:00,EQ_B002,Water Pump,9953.0,11.9,7.89,15.92,2.81,20.0,1,100.0
2024-02-22 18:00:00,EQ_M001,Compressor,11208.4,14.2,8.0,23.52,6.46,20.0,1,100.0
2024-02-22 18:00:00,EQ_M002,Water Pump,12938.6,17.8,8.0,14.6,3.1,20.0,1,100.0
2024-02-22 18:00:00,EQ_M003,Air Handler,10376.1,14.6,7.56,15.29,3.34,20.0,1,100.0
2024-02-22 18:00:00,EQ_B001,Compressor,7486.4,12.4,4.96,20.13,6.66,54.0,0,76.0
2024-02-22 18:00:00,EQ_B002,Water Pump,9953.5,12.5,8.0,11.2,2.93,20.0,1,100.0
2024-02-22 19:00:00,EQ_M001,Compressor,11209.0,15.1,8.0,19.6,6.62,20.0,1,100.0
2024-02-22 19:00:00,EQ_M002,Water Pump,12939.2,18.4,8.0,13.97,3.09,20.0,1,100.0
2024-02-22 19:00:00,EQ_M003,Air Handler,10376.8,15.0,7.15,10.73,2.83,20.0,1,100.0
2024-02-22 19:00:00,EQ_B001,Compressor,7487.2,13.0,4.73,16.5,6.77,54.7,0,75.3
2024-02-22 19:00:00,EQ_B002,Water Pump,9954.4,12.1,7.39,14.98,2.91,20.0,1,100.0
2024-02-22 20:00:00,EQ_M001,Compressor,11209.6,14.8,8.0,21.88,6.49,20.0,1,100.0
2024-02-22 20:00:00,EQ_M002,Water Pump,12939.8,18.7,8.0,13.24,2.81,20.0,1,100.0
2024-02-22 20:00:00,EQ_M003,Air Handler,10377.3,12.5,8.0,12.75,2.59,20.0,1,100.0
2024-02-22 20:00:00,EQ_B001,Compressor,7487.9,13.1,4.17,24.3,6.49,56.4,0,73.6
2024-02-22 20:00:00,EQ_B002,Water Pump,9954.9,12.8,7.54,15.27,3.15,20.0,1,100.0
2024-02-22 21:00:00,EQ_M001,Compressor,11210.3,13.7,8.0,20.04,6.49,20.0,1,100.0
2024-02-22 21:00:00,EQ_M002,Water Pump,12940.7,19.0,8.0,18.02,3.06,20.0,1,100.0
2024-02-22 21:00:00,EQ_M003,Air Handler,10378.3,14.9,7.62,17.61,2.79,20.0,1,100.0
2024-02-22 21:00:00,EQ_B001,Compressor,7488.7,12.1,5.05,20.89,6.95,53.7,0,76.3
2024-02-22 21:00:00,EQ_B002,Water Pump,9955.7,13.6,7.57,13.96,3.29,20.0,1,100.0
2024-02-22 22:00:00,EQ_M001,Compressor,11211.0,16.0,8.0,24.03,6.76,20.0,1,100.0
2024-02-22 22:00:00,EQ_M002,Water Pump,12941.6,17.0,8.0,15.28,3.04,20.0,1,100.0
2024-02-22 22:00:00,EQ_M003,Air Handler,10379.1,13.2,8.0,12.65,2.93,20.0,1,100.0
2024-02-22 22:00:00,EQ_B001,Compressor,7489.4,13.3,5.32,21.33,6.72,52.9,0,77.1
2024-02-22 22:00:00,EQ_B002,Water Pump,9956.4,14.0,7.29,16.48,2.95,20.0,1,100.0
2024-02-22 23:00:00,EQ_M001,Compressor,11211.7,14.8,8.0,20.68,6.37,20.0,1,100.0
2024-02-22 23:00:00,EQ_M002,Water Pump,12942.3,16.6,8.0,11.49,3.0,20.0,1,100.0
2024-02-22 23:00:00,EQ_M003,Air Handler,10380.1,14.5,7.88,14.54,2.94,20.0,1,100.0
2024-02-22 23:00:00,EQ_B001,Compressor,7490.4,13.5,4.79,21.35,6.31,54.5,0,75.5
2024-02-22 23:00:00,EQ_B002,Water Pump,9957.3,15.1,7.44,14.9,2.68,20.0,1,100.0
2024-02-23 00:00:00,EQ_M001,Compressor,11212.5,14.4,8.0,18.51,6.29,20.0,1,100.0
2024-02-23 00:00:00,EQ_M002,Water Pump,12943.1,19.1,8.0,15.54,3.19,20.0,1,100.0
2024-02-23 00:00:00,EQ_M003,Air Handler,10380.8,13.8,7.98,13.92,3.17,20.0,1,100.0
2024-02-23 00:00:00,EQ_B001,Compressor,7491.2,14.0,5.1,22.26,6.81,53.6,0,76.4
2024-02-23 00:00:00,EQ_B002,Water Pump,9957.8,15.0,7.71,11.16,3.21,20.0,1,100.0
2024-02-23 01:00:00,EQ_M001,Compressor,11213.3,15.3,8.0,21.87,6.95,20.0,1,100.0
2024-02-23 01:00:00,EQ_M002,Water Pump,12944.0,19.1,8.0,14.64,3.01,20.0,1,100.0
2024-02-23 01:00:00,EQ_M003,Air Handler,10381.7,13.4,8.0,19.08,3.11,20.0,1,100.0
2024-02-23 01:00:00,EQ_B001,Compressor,7491.7,13.9,4.93,23.12,6.06,54.1,0,75.9
2024-02-23 01:00:00,EQ_B002,Water Pump,9958.6,14.1,7.53,14.85,3.18,20.0,1,100.0
2024-02-23 02:00:00,EQ_M001,Compressor,11214.2,13.6,8.0,22.19,6.88,20.0,1,100.0
2024-02-23 02:00:00,EQ_M002,Water Pump,12945.0,18.7,8.0,16.32,3.0,20.0,1,100.0
2024-02-23 02:00:00,EQ_M003,Air Handler,10382.6,13.9,8.0,13.82,3.03,20.0,1,100.0
2024-02-23 02:00:00,EQ_B001,Compressor,7492.3,14.4,5.38,24.17,6.7,52.7,0,77.3
2024-02-23 02:00:00,EQ_B002,Water Pump,9959.2,14.5,7.43,14.52,3.0,20.0,1,100.0
2024-02-23 03:00:00,EQ_M001,Compressor,11215.2,15.0,8.0,20.31,6.26,20.0,1,100.0
2024-02-23 03:00:00,EQ_M002,Water Pump,12945.9,20.5,8.0,15.28,3.09,20.0,1,100.0
2024-02-23 03:00:00,EQ_M003,Air Handler,10383.2,14.1,8.0,14.18,2.97,20.0,1,100.0
2024-02-23 03:00:00,EQ_B001,Compressor,7493.1,13.6,5.05,25.72,6.64,53.7,0,76.3
2024-02-23 03:00:00,EQ_B002,Water Pump,9960.0,13.4,7.25,15.47,2.68,20.0,1,100.0
2024-02-23 04:00:00,EQ_M001,Compressor,11215.9,16.6,8.0,23.6,6.34,20.0,1,100.0
2024-02-23 04:00:00,EQ_M002,Water Pump,12946.9,17.9,8.0,16.54,3.11,20.0,1,100.0
2024-02-23 04:00:00,EQ_M003,Air Handler,10384.1,14.3,7.88,16.27,2.96,20.0,1,100.0
2024-02-23 04:00:00,EQ_B001,Compressor,7493.9,13.6,4.63,22.33,6.23,54.9,0,75.1
2024-02-23 04:00:00,EQ_B002,Water Pump,9960.6,14.2,7.53,17.07,3.05,20.0,1,100.0
2024-02-23 05:00:00,EQ_M001,Compressor,11216.4,15.4,8.0,22.21,6.63,20.0,1,100.0
2024-02-23 05:00:00,EQ_M002,Water Pump,12947.8,18.8,8.0,12.26,2.92,20.0,1,100.0
2024-02-23 05:00:00,EQ_M003,Air Handler,10384.7,13.0,8.0,13.35,3.24,20.0,1,100.0
2024-02-23 05:00:00,EQ_B001,Compressor,7494.9,14.0,4.87,23.6,6.48,54.2,0,75.8
2024-02-23 05:00:00,EQ_B002,Water Pump,9961.2,13.5,7.82,13.24,3.0,20.0,1,100.0
2024-02-23 06:00:00,EQ_M001,Compressor,11217.1,15.0,8.0,21.41,5.96,20.0,1,100.0
2024-02-23 06:00:00,EQ_M002,Water Pump,12948.6,19.7,8.0,13.45,3.12,20.0,1,100.0
2024-02-23 06:00:00,EQ_M003,Air Handler,10385.6,13.1,7.95,14.32,2.79,20.0,1,100.0
2024-02-23 06:00:00,EQ_B001,Compressor,7495.4,12.5,5.4,21.09,6.42,52.6,0,77.4
2024-02-23 06:00:00,EQ_B002,Water Pump,9962.1,13.6,7.61,13.26,3.21,20.0,1,100.0
2024-02-23 07:00:00,EQ_M001,Compressor,11218.0,14.4,8.0,21.55,6.59,20.0,1,100.0
2024-02-23 07:00:00,EQ_M002,Water Pump,12949.2,17.0,8.0,17.08,3.02,20.0,1,100.0
2024-02-23 07:00:00,EQ_M003,Air Handler,10386.3,16.2,8.0,17.25,2.83,20.0,1,100.0
2024-02-23 07:00:00,EQ_B001,Compressor,7496.3,11.9,4.88,18.82,6.56,54.2,0,75.8
2024-02-23 07:00:00,EQ_B002,Water Pump,9962.7,13.7,7.32,15.17,3.26,20.0,1,100.0
2024-02-23 08:00:00,EQ_M001,Compressor,11218.7,14.8,8.0,22.53,6.09,20.0,1,100.0
2024-02-23 08:00:00,EQ_M002,Water Pump,12950.0,20.4,8.0,17.87,3.09,20.0,1,100.0
2024-02-23 08:00:00,EQ_M003,Air Handler,10386.8,13.1,8.0,16.01,3.46,20.0,1,100.0
2024-02-23 08:00:00,EQ_B001,Compressor,7497.2,11.2,4.89,21.72,6.78,54.1,0,75.9
2024-02-23 08:00:00,EQ_B002,Water Pump,9963.5,13.4,7.74,15.33,3.32,20.0,1,100.0
2024-02-23 09:00:00,EQ_M001,Compressor,11219.4,16.6,8.0,19.96,6.52,20.0,1,100.0
2024-02-23 09:00:00,EQ_M002,Water Pump,12950.5,19.9,8.0,12.53,3.06,20.0,1,100.0
2024-02-23 09:00:00,EQ_M003,Air Handler,10387.7,13.8,7.96,17.66,2.82,20.0,1,100.0
2024-02-23 09:00:00,EQ_B001,Compressor,7497.9,13.1,4.63,21.9,6.84,54.9,0,75.1
2024-02-23 09:00:00,EQ_B002,Water Pump,9964.3,13.6,7.6,14.29,2.9,20.0,1,100.0
2024-02-23 10:00:00,EQ_M001,Compressor,11219.9,16.8,8.0,22.55,6.39,20.0,1,100.0
2024-02-23 10:00:00,EQ_M002,Water Pump,12951.0,18.9,8.0,14.59,3.25,20.0,1,100.0
2024-02-23 10:00:00,EQ_M003,Air Handler,10388.6,15.2,8.0,18.1,3.07,20.0,1,100.0
2024-02-23 10:00:00,EQ_B001,Compressor,7498.6,13.1,5.23,17.06,6.26,53.1,0,76.9
2024-02-23 10:00:00,EQ_B002,Water Pump,9965.3,13.0,6.94,15.33,2.82,20.0,1,100.0
2024-02-23 11:00:00,EQ_M001,Compressor,11220.4,15.7,8.0,24.87,6.57,20.0,1,100.0
2024-02-23 11:00:00,EQ_M002,Water Pump,12951.7,19.2,8.0,14.8,3.14,20.0,1,100.0
2024-02-23 11:00:00,EQ_M003,Air Handler,10389.6,14.8,7.77,14.14,3.18,20.0,1,100.0
2024-02-23 11:00:00,EQ_B001,Compressor,7499.4,12.9,5.09,20.51,6.58,53.5,0,76.5
2024-02-23 11:00:00,EQ_B002,Water Pump,9965.8,13.5,7.64,15.41,3.39,20.0,1,100.0
2024-02-23 12:00:00,EQ_M001,Compressor,11221.2,16.0,8.0,23.1,7.01,20.0,1,100.0
2024-02-23 12:00:00,EQ_M002,Water Pump,12952.5,19.2,8.0,14.39,2.8,20.0,1,100.0
2024-02-23 12:00:00,EQ_M003,Air Handler,10390.2,11.2,8.0,15.89,3.05,20.0,1,100.0
2024-02-23 12:00:00,EQ_B001,Compressor,7500.0,12.7,5.65,23.06,6.51,51.8,1,78.2
2024-02-23 12:00:00,EQ_B002,Water Pump,9966.8,14.0,7.33,14.55,3.1,20.0,1,100.0
2024-02-23 13:00:00,EQ_M001,Compressor,11221.9,15.3,8.0,21.16,6.71,20.0,1,100.0
2024-02-23 13:00:00,EQ_M002,Water Pump,12953.3,18.0,8.0,12.47,3.02,20.0,1,100.0
2024-02-23 13:00:00,EQ_M003,Air Handler,10390.9,12.8,7.75,14.43,2.88,20.0,1,100.0
2024-02-23 13:00:00,EQ_B001,Compressor,7500.8,12.5,4.79,25.68,6.44,54.4,0,75.6
2024-02-23 13:00:00,EQ_B002,Water Pump,9967.8,12.4,7.65,14.16,2.49,20.0,1,100.0
2024-02-23 14:00:00,EQ_M001,Compressor,11222.7,17.0,8.0,21.5,6.26,20.0,1,100.0
2024-02-23 14:00:00,EQ_M002,Water Pump,12954.2,18.4,8.0,13.9,2.78,20.0,1,100.0
2024-02-23 14:00:00,EQ_M003,Air Handler,10391.9,13.5,7.98,13.64,2.62,20.0,1,100.0
2024-02-23 14:00:00,EQ_B001,Compressor,7501.7,12.2,4.69,22.6,6.37,54.7,0,75.3
2024-02-23 14:00:00,EQ_B002,Water Pump,9968.6,12.7,7.27,13.08,3.05,20.0,1,100.0
2024-02-23 15:00:00,EQ_M001,Compressor,11223.2,15.7,8.0,24.82,6.38,20.0,1,100.0
2024-02-23 15:00:00,EQ_M002,Water Pump,12955.1,17.9,8.0,13.59,3.11,20.0,1,100.0
2024-02-23 15:00:00,EQ_M003,Air Handler,10392.6,14.0,8.0,15.69,3.08,20.0,1,100.0
2024-02-23 15:00:00,EQ_B001,Compressor,7502.5,11.7,4.75,22.21,6.53,54.5,0,75.5
2024-02-23 15:00:00,EQ_B002,Water Pump,9969.2,13.6,7.36,15.35,3.25,20.0,1,100.0
2024-02-23 16:00:00,EQ_M001,Compressor,11224.2,16.1,8.0,22.05,6.52,20.0,1,100.0
2024-02-23 16:00:00,EQ_M002,Water Pump,12955.7,20.7,8.0,13.77,2.67,20.0,1,100.0
2024-02-23 16:00:00,EQ_M003,Air Handler,10393.6,14.7,8.0,17.53,3.23,20.0,1,100.0
2024-02-23 16:00:00,EQ_B001,Compressor,7503.5,13.1,5.22,21.65,6.94,53.1,0,76.9
2024-02-23 16:00:00,EQ_B002,Water Pump,9970.0,12.8,7.76,17.05,3.17,20.0,1,100.0
2024-02-23 17:00:00,EQ_M001,Compressor,11225.0,15.6,8.0,23.71,6.2,20.0,1,100.0
2024-02-23 17:00:00,EQ_M002,Water Pump,12956.3,18.3,8.0,13.31,3.13,20.0,1,100.0
2024-02-23 17:00:00,EQ_M003,Air Handler,10394.2,13.5,8.0,16.7,2.87,20.0,1,100.0
2024-02-23 17:00:00,EQ_B001,Compressor,7504.4,14.0,4.81,23.54,6.26,54.3,0,75.7
2024-02-23 17:00:00,EQ_B002,Water Pump,9970.9,13.1,7.73,13.34,2.84,20.0,1,100.0
2024-02-23 18:00:00,EQ_M001,Compressor,11225.6,15.1,8.0,23.23,6.41,20.0,1,100.0
2024-02-23 18:00:00,EQ_M002,Water Pump,12956.9,18.8,8.0,14.34,3.08,20.0,1,100.0
2024-02-23 18:00:00,EQ_M003,Air Handler,10395.1,14.1,7.59,18.04,3.04,20.0,1,100.0
2024-02-23 18:00:00,EQ_B001,Compressor,7505.1,13.0,4.65,17.11,6.18,54.7,0,75.3
2024-02-23 18:00:00,EQ_B002,Water Pump,9971.7,14.4,6.6,17.21,3.49,20.0,1,100.0
2024-02-23 19:00:00,EQ_M001,Compressor,11226.4,14.8,8.0,22.59,6.23,20.0,1,100.0
2024-02-23 19:00:00,EQ_M002,Water Pump,12957.6,18.0,8.0,13.96,2.72,20.0,1,100.0
2024-02-23 19:00:00,EQ_M003,Air Handler,10396.1,13.6,8.0,15.13,2.99,20.0,1,100.0
2024-02-23 19:00:00,EQ_B001,Compressor,7506.1,12.6,5.33,19.98,6.64,52.7,0,77.3
2024-02-23 19:00:00,EQ_B002,Water Pump,9972.6,13.0,7.9,14.49,2.8,20.0,1,100.0
2024-02-23 20:00:00,EQ_M001,Compressor,11227.1,14.8,8.0,24.05,6.59,20.0,1,100.0
2024-02-23 20:00:00,EQ_M002,Water Pump,12958.3,19.6,8.0,15.62,2.83,20.0,1,100.0
2024-02-23 20:00:00,EQ_M003,Air Handler,10396.9,13.5,7.42,15.45,3.06,20.0,1,100.0
2024-02-23 20:00:00,EQ_B001,Compressor,7506.6,11.9,5.68,23.22,6.11,51.6,1,78.4
2024-02-23 20:00:00,EQ_B002,Water Pump,9973.2,12.8,7.74,15.67,2.96,20.0,1,100.0
2024-02-23 21:00:00,EQ_M001,Compressor,11227.9,14.3,8.0,21.47,6.74,20.0,1,100.0
2024-02-23 21:00:00,EQ_M002,Water Pump,12959.2,18.7,8.0,16.7,2.9,20.0,1,100.0
2024-02-23 21:00:00,EQ_M003,Air Handler,10397.9,14.5,7.64,14.7,3.09,20.0,1,100.0
2024-02-23 21:00:00,EQ_B001,Compressor,7507.3,12.7,5.06,24.27,6.57,53.5,0,76.5
2024-02-23 21:00:00,EQ_B002,Water Pump,9974.0,11.5,7.62,17.23,2.97,20.0,1,100.0
2024-02-23 22:00:00,EQ_M001,Compressor,11228.5,15.6,8.0,23.89,6.41,20.0,1,100.0
2024-02-23 22:00:00,EQ_M002,Water Pump,12959.8,19.4,8.0,14.24,2.8,20.0,1,100.0
2024-02-23 22:00:00,EQ_M003,Air Handler,10398.7,14.4,8.0,12.62,2.68,20.0,1,100.0
2024-02-23 22:00:00,EQ_B001,Compressor,7508.1,12.5,5.33,20.88,6.74,52.7,0,77.3
2024-02-23 22:00:00,EQ_B002,Water Pump,9974.7,13.8,7.87,13.54,3.23,20.0,1,100.0
2024-02-23 23:00:00,EQ_M001,Compressor,11229.0,15.6,8.0,19.7,5.89,20.0,1,100.0
2024-02-23 23:00:00,EQ_M002,Water Pump,12960.4,18.2,8.0,16.4,3.24,20.0,1,100.0
2024-02-23 23:00:00,EQ_M003,Air Handler,10399.3,14.6,7.96,13.58,3.06,20.0,1,100.0
2024-02-23 23:00:00,EQ_B001,Compressor,7508.9,11.9,5.31,22.04,6.58,52.7,0,77.3
2024-02-23 23:00:00,EQ_B002,Water Pump,9975.3,14.1,7.92,16.09,3.29,20.0,1,100.0
2024-02-24 00:00:00,EQ_M001,Compressor,11229.8,17.5,8.0,21.42,6.52,20.0,1,100.0
2024-02-24 00:00:00,EQ_M002,Water Pump,12961.0,19.0,8.0,18.3,2.6,20.0,1,100.0
2024-02-24 00:00:00,EQ_M003,Air Handler,10400.0,13.1,7.76,13.36,3.06,20.0,1,100.0
2024-02-24 00:00:00,EQ_B001,Compressor,7509.6,12.0,5.11,26.71,6.42,53.3,0,76.7
2024-02-24 00:00:00,EQ_B002,Water Pump,9976.2,12.7,7.7,18.11,2.92,20.0,1,100.0
2024-02-24 01:00:00,EQ_M001,Compressor,11230.3,14.5,8.0,21.81,6.31,20.0,1,100.0
2024-02-24 01:00:00,EQ_M002,Water Pump,12961.9,18.5,8.0,13.4,3.19,20.0,1,100.0
2024-02-24 01:00:00,EQ_M003,Air Handler,10400.6,14.2,7.6,11.56,3.35,20.0,1,100.0
2024-02-24 01:00:00,EQ_B001,Compressor,7510.4,14.2,5.78,25.67,6.36,51.3,1,78.7
2024-02-24 01:00:00,EQ_B002,Water Pump,9977.2,14.3,7.17,16.14,2.78,20.0,1,100.0
2024-02-24 02:00:00,EQ_M001,Compressor,11231.1,15.0,8.0,22.89,6.51,20.0,1,100.0
2024-02-24 02:00:00,EQ_M002,Water Pump,12962.5,17.2,8.0,17.36,3.05,20.0,1,100.0
2024-02-24 02:00:00,EQ_M003,Air Handler,10401.2,11.8,7.86,14.43,3.33,20.0,1,100.0
2024-02-24 02:00:00,EQ_B001,Compressor,7511.3,13.6,5.03,22.57,6.38,53.5,0,76.5
2024-02-24 02:00:00,EQ_B002,Water Pump,9977.9,13.1,7.88,17.09,3.12,20.0,1,100.0
2024-02-24 03:00:00,EQ_M001,Compressor,11231.9,15.5,8.0,23.68,6.33,20.0,1,100.0
2024-02-24 03:00:00,EQ_M002,Water Pump,12963.2,18.4,8.0,14.68,2.79,20.0,1,100.0
2024-02-24 03:00:00,EQ_M003,Air Handler,10402.1,12.3,8.0,15.63,3.07,20.0,1,100.0
2024-02-24 03:00:00,EQ_B001,Compressor,7512.2,12.9,5.22,22.22,6.38,52.9,0,77.1
2024-02-24 03:00:00,EQ_B002,Water Pump,9978.7,13.0,7.34,16.95,3.17,20.0,1,100.0
2024-02-24 04:00:00,EQ_M001,Compressor,11232.4,14.0,8.0,21.61,6.84,20.0,1,100.0
2024-02-24 04:00:00,EQ_M002,Water Pump,12964.0,19.7,8.0,14.14,2.76,20.0,1,100.0
2024-02-24 04:00:00,EQ_M003,Air Handler,10402.6,12.9,8.0,13.52,3.07,20.0,1,100.0
2024-02-24 04:00:00,EQ_B001,Compressor,7513.2,11.7,4.79,17.16,6.74,54.2,0,75.8
2024-02-24 04:00:00,EQ_B002,Water Pump,9979.5,14.6,7.42,13.15,2.85,20.0,1,100.0
2024-02-24 05:00:00,EQ_M001,Compressor,11233.0,15.9,8.0,23.73,6.47,20.0,1,100.0
2024-02-24 05:00:00,EQ_M002,Water Pump,12965.0,17.7,8.0,15.49,3.32,20.0,1,100.0
2024-02-24 05:00:00,EQ_M003,Air Handler,10403.5,13.1,7.8,12.67,2.77,20.0,1,100.0
2024-02-24 05:00:00,EQ_B001,Compressor,7514.1,13.2,5.01,22.15,6.12,53.5,0,76.5
2024-02-24 05:00:00,EQ_B002,Water Pump,9980.2,14.5,7.91,13.9,2.58,20.0,1,100.0
2024-02-24 06:00:00,EQ_M001,Compressor,11234.0,16.4,8.0,25.52,6.77,20.0,1,100.0
2024-02-24 06:00:00,EQ_M002,Water Pump,12965.7,19.0,8.0,17.0,3.0,20.0,1,100.0
2024-02-24 06:00:00,EQ_M003,Air Handler,10404.3,13.3,7.78,16.31,3.09,20.0,1,100.0
2024-02-24 06:00:00,EQ_B001,Compressor,7514.7,13.2,5.29,19.96,6.49,52.7,0,77.3
2024-02-24 06:00:00,EQ_B002,Water Pump,9981.2,13.3,7.49,16.22,2.93,20.0,1,100.0
2024-02-24 07:00:00,EQ_M001,Compressor,11234.7,15.6,8.0,25.23,6.81,20.0,1,100.0
2024-02-24 07:00:00,EQ_M002,Water Pump,12966.7,19.0,8.0,12.01,3.32,20.0,1,100.0
2024-02-24 07:00:00,EQ_M003,Air Handler,10404.8,13.8,8.0,14.37,3.14,20.0,1,100.0
2024-02-24 07:00:00,EQ_B001,Compressor,7515.7,13.7,4.62,24.6,6.51,54.7,0,75.3
2024-02-24 07:00:00,EQ_B002,Water Pump,9981.9,13.7,7.26,15.86,2.97,20.0,1,100.0
2024-02-24 08:00:00,EQ_M001,Compressor,11235.5,13.9,8.0,22.26,6.51,20.0,1,100.0
2024-02-24 08:00:00,EQ_M002,Water Pump,12967.2,19.4,8.0,14.73,3.09,20.0,1,100.0
2024-02-24 08:00:00,EQ_M003,Air Handler,10405.4,14.0,8.0,14.64,3.15,20.0,1,100.0
2024-02-24 08:00:00,EQ_B001,Compressor,7516.2,13.3,4.77,22.24,6.28,54.2,0,75.8
2024-02-24 08:00:00,EQ_B002,Water Pump,9982.5,13.1,7.19,14.22,3.54,20.0,1,100.0
2024-02-24 09:00:00,EQ_M001,Compressor,11236.2,16.9,8.0,20.05,6.73,20.0,1,100.0
2024-02-24 09:00:00,EQ_M002,Water Pump,12968.0,19.7,8.0,14.97,3.12,20.0,1,100.0
2024-02-24 09:00:00,EQ_M003,Air Handler,10406.1,13.8,7.77,14.97,3.12,20.0,1,100.0
2024-02-24 09:00:00,EQ_B001,Compressor,7516.8,14.6,5.27,24.91,6.65,52.7,0,77.3
2024-02-24 09:00:00,EQ_B002,Water Pump,9983.3,12.4,7.26,15.38,3.18,20.0,1,100.0
2024-02-24 10:00:00,EQ_M001,Compressor,11236.7,14.6,8.0,18.72,6.59,20.0,1,100.0
2024-02-24 10:00:00,EQ_M002,Water Pump,12968.7,20.0,8.0,16.03,2.91,20.0,1,100.0
2024-02-24 10:00:00,EQ_M003,Air Handler,10406.9,14.3,7.95,16.96,3.08,20.0,1,100.0
2024-02-24 10:00:00,EQ_B001,Compressor,7517.5,11.7,5.51,22.68,6.8,52.0,1,78.0
2024-02-24 10:00:00,EQ_B002,Water Pump,9983.9,12.8,7.77,18.09,3.0,20.0,1,100.0
2024-02-24 11:00:00,EQ_M001,Compressor,11237.4,14.2,8.0,23.79,6.65,20.0,1,100.0
2024-02-24 11:00:00,EQ_M002,Water Pump,12969.6,19.1,8.0,15.08,2.9,20.0,1,100.0
2024-02-24 11:00:00,EQ_M003,Air Handler,10407.7,14.3,8.0,14.8,2.66,20.0,1,100.0
2024-02-24 11:00:00,EQ_B001,Compressor,7518.5,13.1,4.73,20.72,6.71,54.3,0,75.7
2024-02-24 11:00:00,EQ_B002,Water Pump,9984.7,14.5,7.38,11.9,3.09,20.0,1,100.0
2024-02-24 12:00:00,EQ_M001,Compressor,11238.2,13.6,8.0,21.86,5.84,20.0,1,100.0
2024-02-24 12:00:00,EQ_M002,Water Pump,12970.4,18.2,8.0,14.41,2.78,20.0,1,100.0
2024-02-24 12:00:00,EQ_M003,Air Handler,10408.5,13.9,7.63,13.97,2.57,20.0,1,100.0
2024-02-24 12:00:00,EQ_B001,Compressor,7519.3,12.6,5.37,23.09,6.42,52.4,0,77.6
2024-02-24 12:00:00,EQ_B002,Water Pump,9985.3,14.4,7.94,15.52,2.98,20.0,1,100.0
2024-02-24 13:00:00,EQ_M001,Compressor,11239.0,15.1,8.0,23.34,6.49,20.0,1,100.0
2024-02-24 13:00:00,EQ_M002,Water Pump,12971.2,18.7,8.0,15.79,3.05,20.0,1,100.0
2024-02-24 13:00:00,EQ_M003,Air Handler,10409.2,13.2,8.0,15.59,3.28,20.0,1,100.0
2024-02-24 13:00:00,EQ_B001,Compressor,7520.0,13.0,5.59,22.66,6.47,51.7,1,78.3
2024-02-24 13:00:00,EQ_B002,Water Pump,9986.3,13.3,7.22,15.03,3.2,20.0,1,100.0
2024-02-24 14:00:00,EQ_M001,Compressor,11240.0,16.3,8.0,24.14,6.33,20.0,1,100.0
2024-02-24 14:00:00,EQ_M002,Water Pump,12971.9,17.9,8.0,15.02,2.9,20.0,1,100.0
2024-02-24 14:00:00,EQ_M003,Air Handler,10409.7,14.0,7.54,18.4,3.07,20.0,1,100.0
2024-02-24 14:00:00,EQ_B001,Compressor,7520.9,13.6,4.96,19.99,7.14,53.6,0,76.4
2024-02-24 14:00:00,EQ_B002,Water Pump,9986.9,13.1,7.04,15.05,3.03,20.0,1,100.0
2024-02-24 15:00:00,EQ_M001,Compressor,11240.5,15.6,8.0,21.78,6.63,20.0,1,100.0
2024-02-24 15:00:00,EQ_M002,Water Pump,12972.7,18.4,8.0,15.54,3.06,20.0,1,100.0
2024-02-24 15:00:00,EQ_M003,Air Handler,10410.2,15.4,7.84,16.95,2.89,20.0,1,100.0
2024-02-24 15:00:00,EQ_B001,Compressor,7521.5,14.2,5.03,24.75,6.79,53.4,0,76.6
2024-02-24 15:00:00,EQ_B002,Water Pump,9987.4,13.2,8.0,14.21,3.05,20.0,1,100.0
2024-02-24 16:00:00,EQ_M001,Compressor,11241.5,14.8,8.0,19.7,6.39,20.0,1,100.0
2024-02-24 16:00:00,EQ_M002,Water Pump,12973.7,17.8,8.0,14.0,2.86,20.0,1,100.0
2024-02-24 16:00:00,EQ_M003,Air Handler,10410.7,13.9,7.84,14.5,2.76,20.0,1,100.0
2024-02-24 16:00:00,EQ_B001,Compressor,7522.1,13.8,5.3,20.55,6.06,52.6,0,77.4
2024-02-24 16:00:00,EQ_B002,Water Pump,9988.1,10.7,7.16,14.05,2.92,20.0,1,100.0
2024-02-24 17:00:00,EQ_M001,Compressor,11242.1,15.4,8.0,25.06,6.32,20.0,1,100.0
2024-02-24 17:00:00,EQ_M002,Water Pump,12974.5,17.9,8.0,15.14,3.09,20.0,1,100.0
2024-02-24 17:00:00,EQ_M003,Air Handler,10411.3,13.7,8.0,13.61,2.81,20.0,1,100.0
2024-02-24 17:00:00,EQ_B001,Compressor,7522.9,13.6,5.04,21.87,6.38,53.3,0,76.7
2024-02-24 17:00:00,EQ_B002,Water Pump,9989.1,13.0,7.92,15.64,2.96,20.0,1,100.0
2024-02-24 18:00:00,EQ_M001,Compressor,11242.6,15.1,8.0,23.81,6.74,20.0,1,100.0
2024-02-24 18:00:00,EQ_M002,Water Pump,12975.1,19.2,8.0,14.05,2.99,20.0,1,100.0
2024-02-24 18:00:00,EQ_M003,Air Handler,10412.3,13.1,7.94,13.96,3.19,20.0,1,100.0
2024-02-24 18:00:00,EQ_B001,Compressor,7523.7,13.0,4.82,26.91,6.08,54.0,0,76.0
2024-02-24 18:00:00,EQ_B002,Water Pump,9989.8,11.9,7.48,15.95,2.79,20.0,1,100.0
2024-02-24 19:00:00,EQ_M001,Compressor,11243.2,14.9,8.0,22.22,6.67,20.0,1,100.0
2024-02-24 19:00:00,EQ_M002,Water Pump,12975.8,18.0,8.0,16.45,2.86,20.0,1,100.0
2024-02-24 19:00:00,EQ_M003,Air Handler,10412.9,13.2,7.81,15.94,3.06,20.0,1,100.0
2024-02-24 19:00:00,EQ_B001,Compressor,7524.5,14.1,5.23,23.64,6.21,52.8,0,77.2
2024-02-24 19:00:00,EQ_B002,Water Pump,9990.5,12.8,7.61,15.1,3.12,20.0,1,100.0
2024-02-24 20:00:00,EQ_M001,Compressor,11244.1,14.4,8.0,21.31,6.3,20.0,1,100.0
2024-02-24 20:00:00,EQ_M002,Water Pump,12976.4,20.3,8.0,15.72,2.93,20.0,1,100.0
2024-02-24 20:00:00,EQ_M003,Air Handler,10413.5,14.6,8.0,16.13,3.27,20.0,1,100.0
2024-02-24 20:00:00,EQ_B001,Compressor,7525.0,12.7,5.18,23.32,6.88,52.9,0,77.1
2024-02-24 20:00:00,EQ_B002,Water Pump,9991.0,13.1,7.0,15.16,3.06,20.0,1,100.0
2024-02-24 21:00:00,EQ_M001,Compressor,11244.6,15.2,8.0,22.04,6.57,20.0,1,100.0
2024-02-24 21:00:00,EQ_M002,Water Pump,12977.2,18.5,8.0,16.49,3.14,20.0,1,100.0
2024-02-24 21:00:00,EQ_M003,Air Handler,10414.2,13.8,8.0,14.14,2.81,20.0,1,100.0
2024-02-24 21:00:00,EQ_B001,Compressor,7525.7,13.9,4.48,24.32,6.41,55.0,0,75.0
2024-02-24 21:00:00,EQ_B002,Water Pump,9991.6,11.4,7.65,14.7,3.0,20.0,1,100.0
2024-02-24 22:00:00,EQ_M001,Compressor,11245.3,16.1,8.0,19.19,6.26,20.0,1,100.0
2024-02-24 22:00:00,EQ_M002,Water Pump,12977.8,18.2,8.0,14.76,2.96,20.0,1,100.0
2024-02-24 22:00:00,EQ_M003,Air Handler,10415.2,12.3,7.61,18.32,3.12,20.0,1,100.0
2024-02-24 22:00:00,EQ_B001,Compressor,7526.3,13.2,4.91,17.83,6.59,53.7,0,76.3
2024-02-24 22:00:00,EQ_B002,Water Pump,9992.1,13.2,6.77,14.35,2.85,20.0,1,100.0
2024-02-24 23:00:00,EQ_M001,Compressor,11245.8,14.2,8.0,19.04,6.03,20.0,1,100.0
2024-02-24 23:00:00,EQ_M002,Water Pump,12978.4,19.5,8.0,15.05,3.14,20.0,1,100.0
2024-02-24 23:00:00,EQ_M003,Air Handler,10415.9,13.0,7.8,18.19,2.99,20.0,1,100.0
2024-02-24 23:00:00,EQ_B001,Compressor,7527.3,13.5,4.82,19.02,6.7,53.9,0,76.1
2024-02-24 23:00:00,EQ_B002,Water Pump,9993.0,13.1,7.64,14.09,3.1,20.0,1,100.0
2024-02-25 00:00:00,EQ_M001,Compressor,11246.5,13.6,8.0,24.09,5.95,20.0,1,100.0
2024-02-25 00:00:00,EQ_M002,Water Pump,12979.3,20.1,8.0,14.5,2.97,20.0,1,100.0
2024-02-25 00:00:00,EQ_M003,Air Handler,10416.6,13.2,8.0,14.26,2.98,20.0,1,100.0
2024-02-25 00:00:00,EQ_B001,Compressor,7527.9,12.8,5.06,24.91,6.84,53.2,0,76.8
2024-02-25 00:00:00,EQ_B002,Water Pump,9994.0,14.2,8.0,14.82,3.06,20.0,1,100.0
2024-02-25 01:00:00,EQ_M001,Compressor,11247.5,14.3,8.0,20.82,7.04,20.0,1,100.0
2024-02-25 01:00:00,EQ_M002,Water Pump,12980.2,19.0,8.0,14.21,3.13,20.0,1,100.0
2024-02-25 01:00:00,EQ_M003,Air Handler,10417.5,13.6,8.0,15.3,2.84,20.0,1,100.0
2024-02-25 01:00:00,EQ_B001,Compressor,7528.7,12.2,4.6,20.11,6.78,54.6,0,75.4
2024-02-25 01:00:00,EQ_B002,Water Pump,9994.5,13.2,7.29,14.67,3.35,20.0,1,100.0
2024-02-25 02:00:00,EQ_M001,Compressor,11248.5,15.3,8.0,18.73,6.51,20.0,1,100.0
2024-02-25 02:00:00,EQ_M002,Water Pump,12980.9,18.5,8.0,14.2,3.12,20.0,1,100.0
2024-02-25 02:00:00,EQ_M003,Air Handler,10418.0,12.4,7.52,17.36,3.29,20.0,1,100.0
2024-02-25 02:00:00,EQ_B001,Compressor,7529.5,12.2,4.74,23.8,6.48,54.2,0,75.8
2024-02-25 02:00:00,EQ_B002,Water Pump,9995.5,14.7,7.85,14.95,3.46,20.0,1,100.0
2024-02-25 03:00:00,EQ_M001,Compressor,11249.1,15.9,8.0,24.07,6.26,20.0,1,100.0
2024-02-25 03:00:00,EQ_M002,Water Pump,12981.4,18.7,8.0,15.48,3.21,20.0,1,100.0
2024-02-25 03:00:00,EQ_M003,Air Handler,10419.0,11.7,7.83,17.61,3.07,20.0,1,100.0
2024-02-25 03:00:00,EQ_B001,Compressor,7530.5,12.8,5.26,22.09,6.86,52.6,0,77.4
2024-02-25 03:00:00,EQ_B002,Water Pump,9996.2,11.0,7.05,16.8,2.88,20.0,1,100.0
2024-02-25 04:00:00,EQ_M001,Compressor,11249.8,14.4,8.0,22.23,6.3,20.0,1,100.0
2024-02-25 04:00:00,EQ_M002,Water Pump,12982.3,19.3,8.0,12.2,2.87,20.0,1,100.0
2024-02-25 04:00:00,EQ_M003,Air Handler,10419.5,14.8,7.32,14.59,2.76,20.0,1,100.0
2024-02-25 04:00:00,EQ_B001,Compressor,7531.4,11.9,4.95,20.01,6.63,53.5,0,76.5
2024-02-25 04:00:00,EQ_B002,Water Pump,9997.0,11.7,7.94,17.3,2.78,20.0,1,100.0
2024-02-25 05:00:00,EQ_M001,Compressor,11250.7,13.8,8.0,17.53,6.66,20.0,1,100.0
2024-02-25 05:00:00,EQ_M002,Water Pump,12982.9,18.3,8.0,15.68,3.11,20.0,1,100.0
2024-02-25 05:00:00,EQ_M003,Air Handler,10420.2,14.3,7.89,15.76,3.26,20.0,1,100.0
2024-02-25 05:00:00,EQ_B001,Compressor,7532.2,12.9,5.14,18.65,6.05,52.9,0,77.1
2024-02-25 05:00:00,EQ_B002,Water Pump,9997.9,13.0,7.48,14.7,2.76,20.0,1,100.0
2024-02-25 06:00:00,EQ_M001,Compressor,11251.2,15.8,8.0,19.67,6.65,20.0,1,100.0
2024-02-25 06:00:00,EQ_M002,Water Pump,12983.4,19.2,8.0,15.23,2.93,20.0,1,100.0
2024-02-25 06:00:00,EQ_M003,Air Handler,10421.0,13.7,8.0,16.62,2.63,20.0,1,100.0
2024-02-25 06:00:00,EQ_B001,Compressor,7532.8,14.2,4.62,25.72,7.04,54.5,0,75.5
2024-02-25 06:00:00,EQ_B002,Water Pump,9998.7,12.2,7.63,14.53,3.16,20.0,1,100.0
2024-02-25 07:00:00,EQ_M001,Compressor,11252.2,15.7,8.0,19.31,6.46,20.0,1,100.0
2024-02-25 07:00:00,EQ_M002,Water Pump,12984.1,19.5,8.0,15.96,3.21,20.0,1,100.0
2024-02-25 07:00:00,EQ_M003,Air Handler,10421.9,13.6,7.76,15.24,3.17,20.0,1,100.0
2024-02-25 07:00:00,EQ_B001,Compressor,7533.3,12.6,4.66,23.29,6.5,54.4,0,75.6
2024-02-25 07:00:00,EQ_B002,Water Pump,9999.3,13.1,7.37,13.89,3.05,20.0,1,100.0
2024-02-25 08:00:00,EQ_M001,Compressor,11253.2,14.2,8.0,24.11,5.94,20.0,1,100.0
2024-02-25 08:00:00,EQ_M002,Water Pump,12985.0,17.6,8.0,17.06,2.95,20.0,1,100.0
2024-02-25 08:00:00,EQ_M003,Air Handler,10422.7,15.8,8.0,14.27,3.17,20.0,1,100.0
2024-02-25 08:00:00,EQ_B001,Compressor,7534.0,12.7,5.09,20.73,6.77,53.1,0,76.9
2024-02-25 08:00:00,EQ_B002,Water Pump,10000.3,12.5,7.71,13.25,2.77,20.0,1,100.0
2024-02-25 09:00:00,EQ_M001,Compressor,11253.8,15.5,8.0,19.85,5.81,20.0,1,100.0
2024-02-25 09:00:00,EQ_M002,Water Pump,12986.0,18.7,8.0,15.54,2.64,20.0,1,100.0
2024-02-25 09:00:00,EQ_M003,Air Handler,10423.3,14.2,7.6,13.88,2.58,20.0,1,100.0
2024-02-25 09:00:00,EQ_B001,Compressor,7534.6,12.6,4.71,20.11,6.62,54.2,0,75.8
2024-02-25 09:00:00,EQ_B002,Water Pump,10001.1,13.1,7.24,14.44,2.87,20.0,1,100.0
2024-02-25 10:00:00,EQ_M001,Compressor,11254.6,13.8,8.0,21.36,6.74,20.0,1,100.0
2024-02-25 10:00:00,EQ_M002,Water Pump,12986.5,17.2,8.0,14.16,3.12,20.0,1,100.0
2024-02-25 10:00:00,EQ_M003,Air Handler,10424.1,13.9,7.89,14.8,3.03,20.0,1,100.0
2024-02-25 10:00:00,EQ_B001,Compressor,7535.1,12.4,5.44,21.78,6.28,52.0,0,78.0
2024-02-25 10:00:00,EQ_B002,Water Pump,10001.8,13.4,7.86,14.76,3.14,20.0,1,100.0
2024-02-25 11:00:00,EQ_M001,Compressor,11255.2,15.3,8.0,22.9,6.15,20.0,1,100.0
2024-02-25 11:00:00,EQ_M002,Water Pump,12987.0,17.2,8.0,15.08,3.03,20.0,1,100.0
2024-02-25 11:00:00,EQ_M003,Air Handler,10424.8,13.7,7.6,14.97,2.99,20.0,1,100.0
2024-02-25 11:00:00,EQ_B001,Compressor,7535.6,14.1,4.89,21.83,6.27,53.6,0,76.4
2024-02-25 11:00:00,EQ_B002,Water Pump,10002.7,13.5,7.3,14.85,2.88,20.0,1,100.0
2024-02-25 12:00:00,EQ_M001,Compressor,11256.0,15.7,8.0,18.5,6.24,20.0,1,100.0
2024-02-25 12:00:00,EQ_M002,Water Pump,12987.9,17.9,8.0,16.37,3.19,20.0,1,100.0
2024-02-25 12:00:00,EQ_M003,Air Handler,10425.4,13.6,7.68,16.0,3.16,20.0,1,100.0
2024-02-25 12:00:00,EQ_B001,Compressor,7536.3,12.9,5.4,21.42,6.18,52.1,0,77.9
2024-02-25 12:00:00,EQ_B002,Water Pump,10003.7,13.0,7.6,14.9,3.11,20.0,1,100.0
2024-02-25 13:00:00,EQ_M001,Compressor,11256.7,16.0,8.0,20.68,6.47,20.0,1,100.0
2024-02-25 13:00:00,EQ_M002,Water Pump,12988.8,18.5,8.0,18.85,2.88,20.0,1,100.0
2024-02-25 13:00:00,EQ_M003,Air Handler,10425.9,14.7,8.0,15.77,3.16,20.0,1,100.0
2024-02-25 13:00:00,EQ_B001,Compressor,7537.2,13.1,5.33,21.47,6.78,52.3,0,77.7
2024-02-25 13:00:00,EQ_B002,Water Pump,10004.6,12.4,7.59,13.61,2.71,20.0,1,100.0
2024-02-25 14:00:00,EQ_M001,Compressor,11257.4,14.3,8.0,22.82,6.42,20.0,1,100.0
2024-02-25 14:00:00,EQ_M002,Water Pump,12989.6,18.1,8.0,12.51,2.78,20.0,1,100.0
2024-02-25 14:00:00,EQ_M003,Air Handler,10426.8,13.0,7.88,14.36,2.56,20.0,1,100.0
2024-02-25 14:00:00,EQ_B001,Compressor,7538.0,13.4,5.37,23.34,6.29,52.2,0,77.8
2024-02-25 14:00:00,EQ_B002,Water Pump,10005.2,12.1,7.69,15.74,2.93,20.0,1,100.0
2024-02-25 15:00:00,EQ_M001,Compressor,11257.9,14.9,8.0,23.86,6.75,20.0,1,100.0
2024-02-25 15:00:00,EQ_M002,Water Pump,12990.4,18.2,8.0,14.76,2.95,20.0,1,100.0
2024-02-25 15:00:00,EQ_M003,Air Handler,10427.5,14.4,8.0,14.36,3.16,20.0,1,100.0
2024-02-25 15:00:00,EQ_B001,Compressor,7538.8,11.1,4.85,18.83,6.21,53.7,0,76.3
2024-02-25 15:00:00,EQ_B002,Water Pump,10005.9,12.0,7.32,16.01,2.83,20.0,1,100.0
2024-02-25 16:00:00,EQ_M001,Compressor,11258.8,16.0,8.0,23.67,6.65,20.0,1,100.0
2024-02-25 16:00:00,EQ_M002,Water Pump,12991.3,18.3,8.0,14.88,2.67,20.0,1,100.0
2024-02-25 16:00:00,EQ_M003,Air Handler,10428.5,13.9,8.0,14.06,3.08,20.0,1,100.0
2024-02-25 16:00:00,EQ_B001,Compressor,7539.4,14.0,4.88,20.04,6.58,53.6,0,76.4
2024-02-25 16:00:00,EQ_B002,Water Pump,10006.8,11.6,7.74,15.82,3.22,20.0,1,100.0
2024-02-25 17:00:00,EQ_M001,Compressor,11259.4,16.4,8.0,21.64,6.38,20.0,1,100.0
2024-02-25 17:00:00,EQ_M002,Water Pump,12992.0,19.8,8.0,13.09,3.1,20.0,1,100.0
2024-02-25 17:00:00,EQ_M003,Air Handler,10429.1,12.1,7.27,15.81,3.06,20.0,1,100.0
2024-02-25 17:00:00,EQ_B001,Compressor,7540.4,13.0,5.38,21.09,6.2,52.1,0,77.9
2024-02-25 17:00:00,EQ_B002,Water Pump,10007.6,11.9,7.56,17.84,3.02,20.0,1,100.0
2024-02-25 18:00:00,EQ_M001,Compressor,11260.3,14.6,8.0,22.75,6.5,20.0,1,100.0
2024-02-25 18:00:00,EQ_M002,Water Pump,12992.9,19.0,8.0,13.14,3.1,20.0,1,100.0
2024-02-25 18:00:00,EQ_M003,Air Handler,10429.7,13.2,8.0,16.35,3.14,20.0,1,100.0
2024-02-25 18:00:00,EQ_B001,Compressor,7541.2,14.6,5.0,21.65,6.41,53.2,0,76.8
2024-02-25 18:00:00,EQ_B002,Water Pump,10008.1,11.4,7.75,15.22,2.93,20.0,1,100.0
2024-02-25 19:00:00,EQ_M001,Compressor,11261.0,14.3,8.0,24.4,6.22,20.0,1,100.0
2024-02-25 19:00:00,EQ_M002,Water Pump,12993.9,18.6,8.0,13.73,2.96,20.0,1,100.0
2024-02-25 19:00:00,EQ_M003,Air Handler,10430.2,13.6,8.0,14.92,3.3,20.0,1,100.0
2024-02-25 19:00:00,EQ_B001,Compressor,7542.0,13.9,5.06,21.0,6.15,53.0,0,77.0
2024-02-25 19:00:00,EQ_B002,Water Pump,10009.0,10.8,7.37,12.28,3.04,20.0,1,100.0
2024-02-25 20:00:00,EQ_M001,Compressor,11261.8,12.8,8.0,20.04,6.73,20.0,1,100.0
2024-02-25 20:00:00,EQ_M002,Water Pump,12994.8,17.9,8.0,11.77,3.11,20.0,1,100.0
2024-02-25 20:00:00,EQ_M003,Air Handler,10431.0,12.3,8.0,14.45,2.73,20.0,1,100.0
2024-02-25 20:00:00,EQ_B001,Compressor,7542.6,13.0,4.93,21.98,6.18,53.4,0,76.6
2024-02-25 20:00:00,EQ_B002,Water Pump,10010.0,12.1,7.52,17.16,3.21,20.0,1,100.0
2024-02-25 21:00:00,EQ_M001,Compressor,11262.4,15.7,8.0,20.31,7.35,20.0,1,100.0
2024-02-25 21:00:00,EQ_M002,Water Pump,12995.7,16.5,8.0,15.24,2.96,20.0,1,100.0
2024-02-25 21:00:00,EQ_M003,Air Handler,10431.6,12.9,7.94,14.74,2.83,20.0,1,100.0
2024-02-25 21:00:00,EQ_B001,Compressor,7543.3,13.0,5.27,22.41,6.61,52.4,0,77.6
2024-02-25 21:00:00,EQ_B002,Water Pump,10010.6,11.8,7.29,16.41,3.17,20.0,1,100.0
2024-02-25 22:00:00,EQ_M001,Compressor,11263.4,16.2,8.0,23.33,6.49,20.0,1,100.0
2024-02-25 22:00:00,EQ_M002,Water Pump,12996.6,19.5,8.0,14.29,3.14,20.0,1,100.0
2024-02-25 22:00:00,EQ_M003,Air Handler,10432.3,15.6,8.0,14.57,2.81,20.0,1,100.0
2024-02-25 22:00:00,EQ_B001,Compressor,7544.0,12.3,4.92,19.93,6.39,53.5,0,76.5
2024-02-25 22:00:00,EQ_B002,Water Pump,10011.3,12.7,7.54,17.06,3.18,20.0,1,100.0
2024-02-25 23:00:00,EQ_M001,Compressor,11264.2,15.3,8.0,21.08,6.4,20.0,1,100.0
2024-02-25 23:00:00,EQ_M002,Water Pump,12997.2,19.0,8.0,15.5,3.2,20.0,1,100.0
2024-02-25 23:00:00,EQ_M003,Air Handler,10433.1,14.6,7.35,13.44,2.99,20.0,1,100.0
2024-02-25 23:00:00,EQ_B001,Compressor,7545.0,12.6,5.32,24.15,6.38,52.2,0,77.8
2024-02-25 23:00:00,EQ_B002,Water Pump,10012.0,13.0,7.46,15.86,2.88,20.0,1,100.0
2024-02-26 00:00:00,EQ_M001,Compressor,11265.1,14.7,8.0,24.14,6.31,20.0,1,100.0
2024-02-26 00:00:00,EQ_M002,Water Pump,12998.1,18.6,8.0,17.44,3.07,20.0,1,100.0
2024-02-26 00:00:00,EQ_M003,Air Handler,10434.0,14.8,8.0,16.79,2.76,20.0,1,100.0
2024-02-26 00:00:00,EQ_B001,Compressor,7545.7,13.0,5.22,22.14,6.32,52.5,0,77.5
2024-02-26 00:00:00,EQ_B002,Water Pump,10012.5,11.7,7.8,14.17,2.99,20.0,1,100.0
2024-02-26 01:00:00,EQ_M001,Compressor,11265.9,15.2,8.0,24.89,6.97,20.0,1,100.0
2024-02-26 01:00:00,EQ_M002,Water Pump,12998.8,16.3,8.0,15.19,2.99,20.0,1,100.0
2024-02-26 01:00:00,EQ_M003,Air Handler,10434.7,12.4,7.71,14.32,3.24,20.0,1,100.0
2024-02-26 01:00:00,EQ_B001,Compressor,7546.5,13.8,4.73,24.3,6.85,54.0,0,76.0
2024-02-26 01:00:00,EQ_B002,Water Pump,10013.2,12.3,8.0,16.53,2.82,20.0,1,100.0
2024-02-26 02:00:00,EQ_M001,Compressor,11266.6,15.3,8.0,23.29,6.76,20.0,1,100.0
2024-02-26 02:00:00,EQ_M002,Water Pump,12999.4,20.1,8.0,15.99,3.37,20.0,1,100.0
2024-02-26 02:00:00,EQ_M003,Air Handler,10435.3,13.2,7.97,15.21,3.2,20.0,1,100.0
2024-02-26 02:00:00,EQ_B001,Compressor,7547.4,11.7,5.5,24.13,6.23,51.7,0,78.3
2024-02-26 02:00:00,EQ_B002,Water Pump,10014.1,11.5,7.5,13.06,2.79,20.0,1,100.0
2024-02-26 03:00:00,EQ_M001,Compressor,11267.4,16.0,8.0,22.6,6.32,20.0,1,100.0
2024-02-26 03:00:00,EQ_M002,Water Pump,13000.2,17.9,8.0,13.66,3.14,20.0,1,100.0
2024-02-26 03:00:00,EQ_M003,Air Handler,10436.1,15.2,7.63,13.64,3.29,20.0,1,100.0
2024-02-26 03:00:00,EQ_B001,Compressor,7548.4,13.3,5.49,22.59,6.55,51.7,0,78.3
2024-02-26 03:00:00,EQ_B002,Water Pump,10015.1,12.3,7.87,13.25,3.03,20.0,1,100.0
2024-02-26 04:00:00,EQ_M001,Compressor,11268.3,15.8,8.0,20.57,6.57,20.0,1,100.0
2024-02-26 04:00:00,EQ_M002,Water Pump,13000.9,16.4,8.0,13.85,2.83,20.0,1,100.0
2024-02-26 04:00:00,EQ_M003,Air Handler,10436.9,14.8,8.0,15.9,3.38,20.0,1,100.0
2024-02-26 04:00:00,EQ_B001,Compressor,7549.2,14.5,5.38,23.19,6.3,52.0,0,78.0
2024-02-26 04:00:00,EQ_B002,Water Pump,10015.9,12.5,7.07,15.98,2.94,20.0,1,100.0
2024-02-26 05:00:00,EQ_M001,Compressor,11269.3,15.2,8.0,23.69,6.64,20.0,1,100.0
2024-02-26 05:00:00,EQ_M002,Water Pump,13001.7,18.8,8.0,17.02,2.92,20.0,1,100.0
2024-02-26 05:00:00,EQ_M003,Air Handler,10437.5,10.5,8.0,13.3,2.88,20.0,1,100.0
2024-02-26 05:00:00,EQ_B001,Compressor,7550.1,13.7,5.13,24.08,6.34,52.7,0,77.3
2024-02-26 05:00:00,EQ_B002,Water Pump,10016.9,12.8,7.87,14.47,2.71,20.0,1,100.0
2024-02-26 06:00:00,EQ_M001,Compressor,11269.9,15.6,8.0,23.91,6.19,20.0,1,100.0
2024-02-26 06:00:00,EQ_M002,Water Pump,13002.2,16.6,8.0,14.96,3.03,20.0,1,100.0
2024-02-26 06:00:00,EQ_M003,Air Handler,10438.3,12.4,7.84,16.25,2.86,20.0,1,100.0
2024-02-26 06:00:00,EQ_B001,Compressor,7550.7,13.8,5.01,27.56,6.31,53.1,0,76.9
2024-02-26 06:00:00,EQ_B002,Water Pump,10017.7,12.4,8.0,15.5,2.97,20.0,1,100.0
2024-02-26 07:00:00,EQ_M001,Compressor,11270.7,14.5,8.0,19.45,6.42,20.0,1,100.0
2024-02-26 07:00:00,EQ_M002,Water Pump,13002.7,17.8,8.0,12.62,2.98,20.0,1,100.0
2024-02-26 07:00:00,EQ_M003,Air Handler,10438.9,14.0,7.19,17.66,3.4,20.0,1,100.0
2024-02-26 07:00:00,EQ_B001,Compressor,7551.4,11.3,4.74,19.46,6.33,53.9,0,76.1
2024-02-26 07:00:00,EQ_B002,Water Pump,10018.7,12.4,8.0,13.34,2.77,20.0,1,100.0
2024-02-26 08:00:00,EQ_M001,Compressor,11271.6,14.2,8.0,20.48,6.43,20.0,1,100.0
2024-02-26 08:00:00,EQ_M002,Water Pump,13003.5,18.2,8.0,15.92,2.89,20.0,1,100.0
2024-02-26 08:00:00,EQ_M003,Air Handler,10439.5,14.5,8.0,13.53,2.96,20.0,1,100.0
2024-02-26 08:00:00,EQ_B001,Compressor,7552.3,10.8,5.26,23.09,6.12,52.3,0,77.7
2024-02-26 08:00:00,EQ_B002,Water Pump,10019.4,12.0,7.54,16.96,2.86,20.0,1,100.0
2024-02-26 09:00:00,EQ_M001,Compressor,11272.4,14.5,8.0,23.49,6.33,20.0,1,100.0
2024-02-26 09:00:00,EQ_M002,Water Pump,13004.0,19.9,8.0,14.3,3.0,20.0,1,100.0
2024-02-26 09:00:00,EQ_M003,Air Handler,10440.2,13.4,7.92,14.09,2.88,20.0,1,100.0
2024-02-26 09:00:00,EQ_B001,Compressor,7552.9,12.9,4.92,21.08,6.12,53.3,0,76.7
2024-02-26 09:00:00,EQ_B002,Water Pump,10020.0,11.9,7.28,17.22,2.51,20.0,1,100.0
2024-02-26 10:00:00,EQ_M001,Compressor,11272.9,15.6,8.0,21.48,6.72,20.0,1,100.0
2024-02-26 10:00:00,EQ_M002,Water Pump,13004.7,17.7,8.0,15.47,3.09,20.0,1,100.0
2024-02-26 10:00:00,EQ_M003,Air Handler,10440.7,14.4,8.0,14.12,3.09,20.0,1,100.0
2024-02-26 10:00:00,EQ_B001,Compressor,7553.7,12.7,5.53,23.83,6.41,51.5,1,78.5
2024-02-26 10:00:00,EQ_B002,Water Pump,10020.6,11.5,7.22,17.86,3.18,20.0,1,100.0
2024-02-26 11:00:00,EQ_M001,Compressor,11273.9,15.2,8.0,20.55,6.67,20.0,1,100.0
2024-02-26 11:00:00,EQ_M002,Water Pump,13005.2,18.2,8.0,13.18,3.43,20.0,1,100.0
2024-02-26 11:00:00,EQ_M003,Air Handler,10441.6,13.6,7.6,15.01,2.85,20.0,1,100.0
2024-02-26 11:00:00,EQ_B001,Compressor,7554.5,12.3,5.63,25.35,6.75,51.2,1,78.8
2024-02-26 11:00:00,EQ_B002,Water Pump,10021.6,13.4,7.55,16.79,3.09,20.0,1,100.0
2024-02-26 12:00:00,EQ_M001,Compressor,11274.4,15.4,8.0,21.6,6.36,20.0,1,100.0
2024-02-26 12:00:00,EQ_M002,Water Pump,13006.1,17.9,8.0,14.51,3.13,20.0,1,100.0
2024-02-26 12:00:00,EQ_M003,Air Handler,10442.3,14.1,7.6,15.78,2.94,20.0,1,100.0
2024-02-26 12:00:00,EQ_B001,Compressor,7555.5,12.3,4.93,21.16,6.62,53.3,0,76.7
2024-02-26 12:00:00,EQ_B002,Water Pump,10022.2,12.5,7.66,15.21,2.91,20.0,1,100.0
2024-02-26 13:00:00,EQ_M001,Compressor,11275.2,14.5,8.0,22.58,6.71,20.0,1,100.0
2024-02-26 13:00:00,EQ_M002,Water Pump,13006.8,17.7,8.0,12.75,2.8,20.0,1,100.0
2024-02-26 13:00:00,EQ_M003,Air Handler,10443.1,14.4,8.0,12.48,2.97,20.0,1,100.0
2024-02-26 13:00:00,EQ_B001,Compressor,7556.1,13.5,5.15,23.76,6.52,52.6,0,77.4
2024-02-26 13:00:00,EQ_B002,Water Pump,10022.9,12.5,7.64,12.53,3.26,20.0,1,100.0
2024-02-26 14:00:00,EQ_M001,Compressor,11276.0,16.9,8.0,21.97,6.49,20.0,1,100.0
2024-02-26 14:00:00,EQ_M002,Water Pump,13007.4,19.4,8.0,11.24,2.91,20.0,1,100.0
2024-02-26 14:00:00,EQ_M003,Air Handler,10443.6,13.5,8.0,14.7,2.93,20.0,1,100.0
2024-02-26 14:00:00,EQ_B001,Compressor,7556.7,12.7,5.17,23.24,6.48,52.5,0,77.5
2024-02-26 14:00:00,EQ_B002,Water Pump,10023.8,10.3,7.38,13.29,3.1,20.0,1,100.0
2024-02-26 15:00:00,EQ_M001,Compressor,11276.9,13.7,8.0,23.2,6.28,20.0,1,100.0
2024-02-26 15:00:00,EQ_M002,Water Pump,13008.3,19.8,8.0,16.79,2.76,20.0,1,100.0
2024-02-26 15:00:00,EQ_M003,Air Handler,10444.4,13.0,7.88,15.76,3.08,20.0,1,100.0
2024-02-26 15:00:00,EQ_B001,Compressor,7557.2,11.0,5.41,20.41,6.71,51.8,0,78.2
2024-02-26 15:00:00,EQ_B002,Water Pump,10024.6,11.3,8.0,14.83,3.18,20.0,1,100.0
2024-02-26 16:00:00,EQ_M001,Compressor,11277.4,18.0,8.0,22.76,6.01,20.0,1,100.0
2024-02-26 16:00:00,EQ_M002,Water Pump,13009.0,18.9,8.0,13.46,3.05,20.0,1,100.0
2024-02-26 16:00:00,EQ_M003,Air Handler,10445.1,13.0,8.0,14.59,3.03,20.0,1,100.0
2024-02-26 16:00:00,EQ_B001,Compressor,7558.1,12.8,5.44,19.14,6.59,51.7,0,78.3
2024-02-26 16:00:00,EQ_B002,Water Pump,10025.1,12.5,7.28,17.4,2.88,20.0,1,100.0
2024-02-26 17:00:00,EQ_M001,Compressor,11278.2,16.3,8.0,21.91,6.46,20.0,1,100.0
2024-02-26 17:00:00,EQ_M002,Water Pump,13009.9,17.8,8.0,14.12,3.05,20.0,1,100.0
2024-02-26 17:00:00,EQ_M003,Air Handler,10445.7,13.4,7.84,17.16,2.72,20.0,1,100.0
2024-02-26 17:00:00,EQ_B001,Compressor,7559.0,11.5,5.12,22.15,6.74,52.6,0,77.4
2024-02-26 17:00:00,EQ_B002,Water Pump,10025.9,10.9,7.43,16.65,2.75,20.0,1,100.0
2024-02-26 18:00:00,EQ_M001,Compressor,11278.7,13.7,8.0,22.95,6.56,20.0,1,100.0
2024-02-26 18:00:00,EQ_M002,Water Pump,13010.7,18.9,8.0,13.3,3.11,20.0,1,100.0
2024-02-26 18:00:00,EQ_M003,Air Handler,10446.6,11.9,7.94,14.89,2.87,20.0,1,100.0
2024-02-26 18:00:00,EQ_B001,Compressor,7559.7,11.0,4.2,18.78,6.24,55.4,0,74.6
2024-02-26 18:00:00,EQ_B002,Water Pump,10026.6,11.6,7.39,16.04,2.74,20.0,1,100.0
2024-02-26 19:00:00,EQ_M001,Compressor,11279.6,15.2,8.0,20.35,6.53,20.0,1,100.0
2024-02-26 19:00:00,EQ_M002,Water Pump,13011.7,17.5,8.0,15.18,3.02,20.0,1,100.0
2024-02-26 19:00:00,EQ_M003,Air Handler,10447.2,13.5,8.0,16.76,3.1,20.0,1,100.0
2024-02-26 19:00:00,EQ_B001,Compressor,7560.7,12.6,5.08,22.29,7.02,52.7,0,77.3
2024-02-26 19:00:00,EQ_B002,Water Pump,10027.3,12.9,7.81,14.83,3.01,20.0,1,100.0
2024-02-26 20:00:00,EQ_M001,Compressor,11280.2,16.3,8.0,23.04,6.36,20.0,1,100.0
2024-02-26 20:00:00,EQ_M002,Water Pump,13012.3,17.6,8.0,12.69,3.47,20.0,1,100.0
2024-02-26 20:00:00,EQ_M003,Air Handler,10448.0,12.1,8.0,14.0,2.67,20.0,1,100.0
2024-02-26 20:00:00,EQ_B001,Compressor,7561.6,10.0,5.15,26.33,6.24,52.5,0,77.5
2024-02-26 20:00:00,EQ_B002,Water Pump,10028.1,12.9,8.0,16.92,2.89,20.0,1,100.0
2024-02-26 21:00:00,EQ_M001,Compressor,11280.9,13.6,8.0,21.0,6.42,20.0,1,100.0
2024-02-26 21:00:00,EQ_M002,Water Pump,13013.3,18.3,8.0,15.81,3.32,20.0,1,100.0
2024-02-26 21:00:00,EQ_M003,Air Handler,10448.8,13.9,7.98,17.56,3.2,20.0,1,100.0
2024-02-26 21:00:00,EQ_B001,Compressor,7562.3,12.6,5.07,20.36,6.54,52.8,0,77.2
2024-02-26 21:00:00,EQ_B002,Water Pump,10029.1,12.1,6.83,16.04,2.76,20.0,1,100.0
2024-02-26 22:00:00,EQ_M001,Compressor,11281.6,15.6,8.0,23.27,6.82,20.0,1,100.0
2024-02-26 22:00:00,EQ_M002,Water Pump,13014.3,18.0,8.0,14.31,2.83,20.0,1,100.0
2024-02-26 22:00:00,EQ_M003,Air Handler,10449.3,13.2,7.65,16.18,2.92,20.0,1,100.0
2024-02-26 22:00:00,EQ_B001,Compressor,7562.9,12.3,5.17,19.45,6.52,52.5,0,77.5
2024-02-26 22:00:00,EQ_B002,Water Pump,10030.0,12.1,7.34,15.34,3.02,20.0,1,100.0
2024-02-26 23:00:00,EQ_M001,Compressor,11282.3,14.1,8.0,24.12,5.88,20.0,1,100.0
2024-02-26 23:00:00,EQ_M002,Water Pump,13015.2,18.1,8.0,13.41,2.77,20.0,1,100.0
2024-02-26 23:00:00,EQ_M003,Air Handler,10449.9,13.1,7.94,15.16,2.67,20.0,1,100.0
2024-02-26 23:00:00,EQ_B001,Compressor,7563.4,10.8,4.79,21.02,6.03,53.6,0,76.4
2024-02-26 23:00:00,EQ_B002,Water Pump,10031.0,12.7,7.52,13.54,2.61,20.0,1,100.0
2024-02-27 00:00:00,EQ_M001,Compressor,11283.1,16.4,7.79,21.18,6.25,20.0,1,100.0
2024-02-27 00:00:00,EQ_M002,Water Pump,13015.8,17.2,8.0,14.83,3.06,20.0,1,100.0
2024-02-27 00:00:00,EQ_M003,Air Handler,10450.4,12.8,8.0,14.26,2.88,20.0,1,100.0
2024-02-27 00:00:00,EQ_B001,Compressor,7564.2,13.6,4.74,26.41,7.1,53.7,0,76.3
2024-02-27 00:00:00,EQ_B002,Water Pump,10031.7,13.2,7.7,16.35,3.35,20.0,1,100.0
2024-02-27 01:00:00,EQ_M001,Compressor,11283.7,15.5,8.0,18.91,6.24,20.0,1,100.0
2024-02-27 01:00:00,EQ_M002,Water Pump,13016.4,18.5,8.0,16.42,3.15,20.0,1,100.0
2024-02-27 01:00:00,EQ_M003,Air Handler,10451.2,15.2,7.76,13.12,3.26,20.0,1,100.0
2024-02-27 01:00:00,EQ_B001,Compressor,7565.1,11.9,5.11,22.02,6.17,52.6,0,77.4
2024-02-27 01:00:00,EQ_B002,Water Pump,10032.6,12.0,7.35,13.55,3.09,20.0,1,100.0
2024-02-27 02:00:00,EQ_M001,Compressor,11284.2,15.2,8.0,20.99,7.01,20.0,1,100.0
2024-02-27 02:00:00,EQ_M002,Water Pump,13017.0,17.8,8.0,14.45,3.16,20.0,1,100.0
2024-02-27 02:00:00,EQ_M003,Air Handler,10452.2,11.9,8.0,14.35,3.24,20.0,1,100.0
2024-02-27 02:00:00,EQ_B001,Compressor,7565.7,12.2,4.61,22.23,6.12,54.1,0,75.9
2024-02-27 02:00:00,EQ_B002,Water Pump,10033.4,12.8,7.47,14.14,2.99,20.0,1,100.0
2024-02-27 03:00:00,EQ_M001,Compressor,11285.0,13.8,8.0,17.69,6.1,20.0,1,100.0
2024-02-27 03:00:00,EQ_M002,Water Pump,13017.6,17.8,8.0,14.37,3.1,20.0,1,100.0
2024-02-27 03:00:00,EQ_M003,Air Handler,10452.8,14.2,8.0,15.94,3.15,20.0,1,100.0
2024-02-27 03:00:00,EQ_B001,Compressor,7566.5,12.1,5.28,26.99,6.3,52.1,0,77.9
2024-02-27 03:00:00,EQ_B002,Water Pump,10034.3,13.4,7.82,14.4,2.93,20.0,1,100.0
2024-02-27 04:00:00,EQ_M001,Compressor,11285.7,14.5,8.0,20.45,6.29,20.0,1,100.0
2024-02-27 04:00:00,EQ_M002,Water Pump,13018.4,18.1,8.0,14.89,2.97,20.0,1,100.0
2024-02-27 04:00:00,EQ_M003,Air Handler,10453.8,11.2,7.7,14.45,2.96,20.0,1,100.0
2024-02-27 04:00:00,EQ_B001,Compressor,7567.4,14.0,5.15,19.3,6.36,52.5,0,77.5
2024-02-27 04:00:00,EQ_B002,Water Pump,10035.0,13.0,7.57,15.57,3.23,20.0,1,100.0
2024-02-27 05:00:00,EQ_M001,Compressor,11286.2,14.4,8.0,24.1,6.41,20.0,1,100.0
2024-02-27 05:00:00,EQ_M002,Water Pump,13019.2,18.1,8.0,16.84,3.18,20.0,1,100.0
2024-02-27 05:00:00,EQ_M003,Air Handler,10454.3,14.7,7.76,13.47,3.47,20.0,1,100.0
2024-02-27 05:00:00,EQ_B001,Compressor,7567.9,12.0,4.69,23.62,6.51,53.8,0,76.2
2024-02-27 05:00:00,EQ_B002,Water Pump,10035.6,13.2,7.35,15.35,3.03,20.0,1,100.0
2024-02-27 06:00:00,EQ_M001,Compressor,11286.9,15.7,8.0,21.62,6.71,20.0,1,100.0
2024-02-27 06:00:00,EQ_M002,Water Pump,13019.8,18.1,8.0,14.38,2.8,20.0,1,100.0
2024-02-27 06:00:00,EQ_M003,Air Handler,10455.3,13.3,7.72,16.69,2.92,20.0,1,100.0
2024-02-27 06:00:00,EQ_B001,Compressor,7568.7,11.5,5.08,22.83,6.95,52.7,0,77.3
2024-02-27 06:00:00,EQ_B002,Water Pump,10036.5,12.3,7.74,15.01,3.12,20.0,1,100.0
2024-02-27 07:00:00,EQ_M001,Compressor,11287.9,16.1,8.0,21.36,6.3,20.0,1,100.0
2024-02-27 07:00:00,EQ_M002,Water Pump,13020.5,17.5,8.0,12.59,3.02,20.0,1,100.0
2024-02-27 07:00:00,EQ_M003,Air Handler,10456.0,12.4,7.74,13.38,3.09,20.0,1,100.0
2024-02-27 07:00:00,EQ_B001,Compressor,7569.3,13.8,5.39,22.24,6.41,51.7,0,78.3
2024-02-27 07:00:00,EQ_B002,Water Pump,10037.3,11.8,7.73,12.74,3.45,20.0,1,100.0
2024-02-27 08:00:00,EQ_M001,Compressor,11288.6,16.2,8.0,21.86,5.95,20.0,1,100.0
2024-02-27 08:00:00,EQ_M002,Water Pump,13021.2,19.4,8.0,15.42,3.12,20.0,1,100.0
2024-02-27 08:00:00,EQ_M003,Air Handler,10456.7,13.7,8.0,14.7,2.76,20.0,1,100.0
2024-02-27 08:00:00,EQ_B001,Compressor,7570.2,12.0,4.66,24.84,6.56,53.9,0,76.1
2024-02-27 08:00:00,EQ_B002,Water Pump,10038.0,10.8,7.59,14.39,2.98,20.0,1,100.0
2024-02-27 09:00:00,EQ_M001,Compressor,11289.3,14.9,8.0,20.47,6.39,20.0,1,100.0
2024-02-27 09:00:00,EQ_M002,Water Pump,13022.1,19.0,8.0,16.65,3.09,20.0,1,100.0
2024-02-27 09:00:00,EQ_M003,Air Handler,10457.4,14.1,7.44,13.56,3.27,20.0,1,100.0
2024-02-27 09:00:00,EQ_B001,Compressor,7570.8,13.5,4.95,24.77,6.63,53.0,0,77.0
2024-02-27 09:00:00,EQ_B002,Water Pump,10038.6,10.6,7.07,15.67,3.28,20.0,1,100.0
2024-02-27 10:00:00,EQ_M001,Compressor,11290.1,15.0,8.0,23.16,6.38,20.0,1,100.0
2024-02-27 10:00:00,EQ_M002,Water Pump,13022.8,18.8,8.0,16.01,2.88,20.0,1,100.0
2024-02-27 10:00:00,EQ_M003,Air Handler,10458.4,13.9,7.81,18.79,3.11,20.0,1,100.0
2024-02-27 10:00:00,EQ_B001,Compressor,7571.4,13.1,4.53,21.53,6.32,54.3,0,75.7
2024-02-27 10:00:00,EQ_B002,Water Pump,10039.2,12.6,7.51,16.43,2.81,20.0,1,100.0
2024-02-27 11:00:00,EQ_M001,Compressor,11290.7,15.4,8.0,23.01,6.25,20.0,1,100.0
2024-02-27 11:00:00,EQ_M002,Water Pump,13023.5,18.2,8.0,16.22,3.04,20.0,1,100.0
2024-02-27 11:00:00,EQ_M003,Air Handler,10459.3,14.1,7.81,14.01,3.07,20.0,1,100.0
2024-02-27 11:00:00,EQ_B001,Compressor,7572.0,10.7,5.15,21.91,6.4,52.4,0,77.6
2024-02-27 11:00:00,EQ_B002,Water Pump,10039.8,11.0,7.56,16.58,3.14,20.0,1,100.0
2024-02-27 12:00:00,EQ_M001,Compressor,11291.3,15.1,8.0,25.32,6.59,20.0,1,100.0
2024-02-27 12:00:00,EQ_M002,Water Pump,13024.4,19.2,8.0,15.36,2.87,20.0,1,100.0
2024-02-27 12:00:00,EQ_M003,Air Handler,10459.9,12.0,8.0,16.54,2.63,20.0,1,100.0
2024-02-27 12:00:00,EQ_B001,Compressor,7572.6,12.8,4.95,20.97,6.3,53.0,0,77.0
2024-02-27 12:00:00,EQ_B002,Water Pump,10040.5,13.0,7.78,13.29,3.13,20.0,1,100.0
2024-02-27 13:00:00,EQ_M001,Compressor,11292.2,15.1,8.0,21.11,6.54,20.0,1,100.0
2024-02-27 13:00:00,EQ_M002,Water Pump,13025.0,18.1,8.0,16.0,2.89,20.0,1,100.0
2024-02-27 13:00:00,EQ_M003,Air Handler,10460.6,13.5,8.0,13.39,2.95,20.0,1,100.0
2024-02-27 13:00:00,EQ_B001,Compressor,7573.2,12.8,4.82,22.06,6.56,53.4,0,76.6
2024-02-27 13:00:00,EQ_B002,Water Pump,10041.0,11.8,7.76,14.6,3.2,20.0,1,100.0
2024-02-27 14:00:00,EQ_M001,Compressor,11293.0,13.6,8.0,23.97,6.44,20.0,1,100.0
2024-02-27 14:00:00,EQ_M002,Water Pump,13025.7,17.6,8.0,15.89,3.04,20.0,1,100.0
2024-02-27 14:00:00,EQ_M003,Air Handler,10461.5,12.5,7.4,13.92,3.0,20.0,1,100.0
2024-02-27 14:00:00,EQ_B001,Compressor,7574.2,12.3,4.48,19.71,6.26,54.4,0,75.6
2024-02-27 14:00:00,EQ_B002,Water Pump,10041.9,12.5,7.69,12.29,3.09,20.0,1,100.0
2024-02-27 15:00:00,EQ_M001,Compressor,11294.0,13.9,8.0,22.62,6.55,20.0,1,100.0
2024-02-27 15:00:00,EQ_M002,Water Pump,13026.5,16.8,8.0,15.93,2.95,20.0,1,100.0
2024-02-27 15:00:00,EQ_M003,Air Handler,10462.2,14.3,8.0,13.74,3.05,20.0,1,100.0
2024-02-27 15:00:00,EQ_B001,Compressor,7574.8,10.9,5.25,19.7,6.28,52.1,0,77.9
2024-02-27 15:00:00,EQ_B002,Water Pump,10042.5,13.8,7.64,16.6,2.98,20.0,1,100.0
2024-02-27 16:00:00,EQ_M001,Compressor,11294.7,13.8,8.0,21.49,6.9,20.0,1,100.0
2024-02-27 16:00:00,EQ_M002,Water Pump,13027.4,18.5,8.0,12.36,2.74,20.0,1,100.0
2024-02-27 16:00:00,EQ_M003,Air Handler,10462.9,12.5,8.0,14.24,2.85,20.0,1,100.0
2024-02-27 16:00:00,EQ_B001,Compressor,7575.6,13.4,4.93,21.11,6.62,53.0,0,77.0
2024-02-27 16:00:00,EQ_B002,Water Pump,10043.2,11.3,7.51,15.4,2.79,20.0,1,100.0
2024-02-27 17:00:00,EQ_M001,Compressor,11295.6,14.8,8.0,22.81,6.62,20.0,1,100.0
2024-02-27 17:00:00,EQ_M002,Water Pump,13028.3,20.4,8.0,14.14,2.99,20.0,1,100.0
2024-02-27 17:00:00,EQ_M003,Air Handler,10463.7,13.9,8.0,17.38,3.03,20.0,1,100.0
2024-02-27 17:00:00,EQ_B001,Compressor,7576.1,11.3,5.02,20.15,6.64,52.7,0,77.3
2024-02-27 17:00:00,EQ_B002,Water Pump,10043.8,12.7,6.8,16.43,3.42,20.0,1,100.0
2024-02-27 18:00:00,EQ_M001,Compressor,11296.6,16.4,8.0,23.77,6.3,20.0,1,100.0
2024-02-27 18:00:00,EQ_M002,Water Pump,13029.3,18.9,8.0,16.4,2.88,20.0,1,100.0
2024-02-27 18:00:00,EQ_M003,Air Handler,10464.6,12.2,7.82,16.31,3.15,20.0,1,100.0
2024-02-27 18:00:00,EQ_B001,Compressor,7576.7,12.5,4.88,22.66,6.43,53.2,0,76.8
2024-02-27 18:00:00,EQ_B002,Water Pump,10044.6,11.8,7.53,15.62,3.11,20.0,1,100.0
2024-02-27 19:00:00,EQ_M001,Compressor,11297.6,16.6,8.0,19.49,6.5,20.0,1,100.0
2024-02-27 19:00:00,EQ_M002,Water Pump,13030.0,18.1,8.0,13.22,2.87,20.0,1,100.0
2024-02-27 19:00:00,EQ_M003,Air Handler,10465.1,13.8,7.75,17.22,3.01,20.0,1,100.0
2024-02-27 19:00:00,EQ_B001,Compressor,7577.3,13.9,5.11,20.39,6.69,52.5,0,77.5
2024-02-27 19:00:00,EQ_B002,Water Pump,10045.4,13.3,7.87,14.36,2.86,20.0,1,100.0
2024-02-27 20:00:00,EQ_M001,Compressor,11298.1,15.4,8.0,20.23,6.52,20.0,1,100.0
2024-02-27 20:00:00,EQ_M002,Water Pump,13030.8,18.2,8.0,17.04,2.73,20.0,1,100.0
2024-02-27 20:00:00,EQ_M003,Air Handler,10466.1,11.8,7.76,15.51,2.48,20.0,1,100.0
2024-02-27 20:00:00,EQ_B001,Compressor,7577.8,13.3,4.63,22.01,5.81,53.9,0,76.1
2024-02-27 20:00:00,EQ_B002,Water Pump,10046.4,12.7,7.92,15.08,3.13,20.0,1,100.0
2024-02-27 21:00:00,EQ_M001,Compressor,11299.0,16.8,8.0,19.59,6.36,20.0,1,100.0
2024-02-27 21:00:00,EQ_M002,Water Pump,13031.8,19.3,8.0,18.28,3.1,20.0,1,100.0
2024-02-27 21:00:00,EQ_M003,Air Handler,10466.9,11.8,8.0,15.96,3.37,20.0,1,100.0
2024-02-27 21:00:00,EQ_B001,Compressor,7578.7,11.5,4.61,21.75,6.25,53.9,0,76.1
2024-02-27 21:00:00,EQ_B002,Water Pump,10047.0,12.0,7.54,17.4,3.25,20.0,1,100.0
2024-02-27 22:00:00,EQ_M001,Compressor,11299.7,15.4,8.0,24.65,6.77,20.0,1,100.0
2024-02-27 22:00:00,EQ_M002,Water Pump,13032.4,19.5,8.0,14.69,2.73,20.0,1,100.0
2024-02-27 22:00:00,EQ_M003,Air Handler,10467.8,15.6,7.89,15.11,2.9,20.0,1,100.0
2024-02-27 22:00:00,EQ_B001,Compressor,7579.4,11.8,4.82,26.79,6.1,53.3,0,76.7
2024-02-27 22:00:00,EQ_B002,Water Pump,10047.7,12.1,7.91,16.02,3.19,20.0,1,100.0
2024-02-27 23:00:00,EQ_M001,Compressor,11300.3,15.5,8.0,21.81,6.81,20.0,1,100.0
2024-02-27 23:00:00,EQ_M002,Water Pump,13033.2,17.0,8.0,13.4,3.66,20.0,1,100.0
2024-02-27 23:00:00,EQ_M003,Air Handler,10468.7,14.1,8.0,15.56,3.24,20.0,1,100.0
2024-02-27 23:00:00,EQ_B001,Compressor,7580.0,14.0,5.17,21.99,6.73,52.2,0,77.8
2024-02-27 23:00:00,EQ_B002,Water Pump,10048.4,11.7,7.47,14.95,2.85,20.0,1,100.0
2024-02-28 00:00:00,EQ_M001,Compressor,11301.1,15.3,7.98,20.35,6.6,20.0,1,100.0
2024-02-28 00:00:00,EQ_M002,Water Pump,13034.1,19.5,8.0,15.86,2.84,20.0,1,100.0
2024-02-28 00:00:00,EQ_M003,Air Handler,10469.7,12.4,8.0,15.27,3.18,20.0,1,100.0
2024-02-28 00:00:00,EQ_B001,Compressor,7580.9,11.0,5.22,20.83,6.97,52.1,0,77.9
2024-02-28 00:00:00,EQ_B002,Water Pump,10049.3,13.1,7.38,15.39,3.1,20.0,1,100.0
2024-02-28 01:00:00,EQ_M001,Compressor,11302.0,15.1,8.0,24.8,6.7,20.0,1,100.0
2024-02-28 01:00:00,EQ_M002,Water Pump,13035.0,18.4,8.0,14.76,3.14,20.0,1,100.0
2024-02-28 01:00:00,EQ_M003,Air Handler,10470.5,13.3,7.95,15.18,2.87,20.0,1,100.0
2024-02-28 01:00:00,EQ_B001,Compressor,7581.7,10.6,4.99,20.64,6.39,52.8,0,77.2
2024-02-28 01:00:00,EQ_B002,Water Pump,10050.2,12.5,7.58,16.04,3.04,20.0,1,100.0
2024-02-28 02:00:00,EQ_M001,Compressor,11302.9,15.8,8.0,22.97,6.9,20.0,1,100.0
2024-02-28 02:00:00,EQ_M002,Water Pump,13035.9,17.7,8.0,14.15,2.99,20.0,1,100.0
2024-02-28 02:00:00,EQ_M003,Air Handler,10471.4,12.9,7.99,16.23,2.85,20.0,1,100.0
2024-02-28 02:00:00,EQ_B001,Compressor,7582.5,13.6,4.84,24.76,6.17,53.2,0,76.8
2024-02-28 02:00:00,EQ_B002,Water Pump,10051.0,11.1,7.62,14.58,2.9,20.0,1,100.0
2024-02-28 03:00:00,EQ_M001,Compressor,11303.7,14.2,8.0,21.78,7.2,20.0,1,100.0
2024-02-28 03:00:00,EQ_M002,Water Pump,13036.5,19.1,8.0,17.05,2.86,20.0,1,100.0
2024-02-28 03:00:00,EQ_M003,Air Handler,10472.0,15.1,7.69,16.87,2.97,20.0,1,100.0
2024-02-28 03:00:00,EQ_B001,Compressor,7583.3,13.6,5.25,23.65,6.37,52.0,0,78.0
2024-02-28 03:00:00,EQ_B002,Water Pump,10051.9,12.1,7.63,16.91,3.11,20.0,1,100.0
2024-02-28 04:00:00,EQ_M001,Compressor,11304.3,15.4,8.0,22.11,6.85,20.0,1,100.0
2024-02-28 04:00:00,EQ_M002,Water Pump,13037.0,19.9,8.0,16.84,2.93,20.0,1,100.0
2024-02-28 04:00:00,EQ_M003,Air Handler,10472.8,13.5,7.92,14.45,3.13,20.0,1,100.0
2024-02-28 04:00:00,EQ_B001,Compressor,7584.2,10.7,4.86,22.29,6.85,53.1,0,76.9
2024-02-28 04:00:00,EQ_B002,Water Pump,10052.5,12.3,7.85,13.37,3.11,20.0,1,100.0
2024-02-28 05:00:00,EQ_M001,Compressor,11304.8,14.6,8.0,24.65,6.72,20.0,1,100.0
2024-02-28 05:00:00,EQ_M002,Water Pump,13037.8,19.4,8.0,13.28,2.9,20.0,1,100.0
2024-02-28 05:00:00,EQ_M003,Air Handler,10473.6,12.9,7.5,14.8,2.91,20.0,1,100.0
2024-02-28 05:00:00,EQ_B001,Compressor,7584.9,12.3,4.9,21.36,6.39,53.0,0,77.0
2024-02-28 05:00:00,EQ_B002,Water Pump,10053.1,11.9,7.64,15.53,3.51,20.0,1,100.0
2024-02-28 06:00:00,EQ_M001,Compressor,11305.8,15.3,8.0,21.77,6.37,20.0,1,100.0
2024-02-28 06:00:00,EQ_M002,Water Pump,13038.4,17.1,8.0,15.28,2.87,20.0,1,100.0
2024-02-28 06:00:00,EQ_M003,Air Handler,10474.5,12.3,7.88,14.96,3.13,20.0,1,100.0
2024-02-28 06:00:00,EQ_B001,Compressor,7585.5,13.1,5.65,22.48,6.65,50.7,1,79.3
2024-02-28 06:00:00,EQ_B002,Water Pump,10053.9,11.8,7.83,14.04,2.97,20.0,1,100.0
2024-02-28 07:00:00,EQ_M001,Compressor,11306.6,14.3,8.0,19.1,6.16,20.0,1,100.0
2024-02-28 07:00:00,EQ_M002,Water Pump,13039.4,19.7,8.0,14.26,3.12,20.0,1,100.0
2024-02-28 07:00:00,EQ_M003,Air Handler,10475.4,12.7,8.0,16.88,3.45,20.0,1,100.0
2024-02-28 07:00:00,EQ_B001,Compressor,7586.1,13.1,4.97,25.16,6.51,52.7,0,77.3
2024-02-28 07:00:00,EQ_B002,Water Pump,10054.8,13.8,7.1,14.28,3.13,20.0,1,100.0
2024-02-28 08:00:00,EQ_M001,Compressor,11307.6,17.6,8.0,24.45,6.15,20.0,1,100.0
2024-02-28 08:00:00,EQ_M002,Water Pump,13040.3,18.9,8.0,14.86,3.01,20.0,1,100.0
2024-02-28 08:00:00,EQ_M003,Air Handler,10476.2,14.0,7.57,16.71,3.13,20.0,1,100.0
2024-02-28 08:00:00,EQ_B001,Compressor,7586.8,12.2,5.05,20.81,6.46,52.5,0,77.5
2024-02-28 08:00:00,EQ_B002,Water Pump,10055.3,12.8,7.93,12.65,2.84,20.0,1,100.0
2024-02-28 09:00:00,EQ_M001,Compressor,11308.1,16.5,8.0,21.27,6.44,20.0,1,100.0
2024-02-28 09:00:00,EQ_M002,Water Pump,13041.2,18.9,8.0,17.64,2.99,20.0,1,100.0
2024-02-28 09:00:00,EQ_M003,Air Handler,10477.0,13.5,8.0,17.09,3.08,20.0,1,100.0
2024-02-28 09:00:00,EQ_B001,Compressor,7587.7,11.3,4.9,21.99,6.77,52.9,0,77.1
2024-02-28 09:00:00,EQ_B002,Water Pump,10055.9,13.2,7.62,11.92,2.65,20.0,1,100.0
2024-02-28 10:00:00,EQ_M001,Compressor,11308.9,14.2,8.0,21.3,6.65,20.0,1,100.0
2024-02-28 10:00:00,EQ_M002,Water Pump,13042.1,18.6,8.0,16.27,3.03,20.0,1,100.0
2024-02-28 10:00:00,EQ_M003,Air Handler,10477.9,12.6,8.0,15.63,3.11,20.0,1,100.0
2024-02-28 10:00:00,EQ_B001,Compressor,7588.7,12.1,5.34,23.53,6.87,51.6,0,78.4
2024-02-28 10:00:00,EQ_B002,Water Pump,10056.5,13.8,7.8,13.44,3.48,20.0,1,100.0
2024-02-28 11:00:00,EQ_M001,Compressor,11309.7,13.5,8.0,19.96,6.85,20.0,1,100.0
2024-02-28 11:00:00,EQ_M002,Water Pump,13042.6,18.2,8.0,16.17,2.92,20.0,1,100.0
2024-02-28 11:00:00,EQ_M003,Air Handler,10478.8,15.5,7.95,15.31,2.69,20.0,1,100.0
2024-02-28 11:00:00,EQ_B001,Compressor,7589.5,11.3,4.96,22.35,6.77,52.8,0,77.2
2024-02-28 11:00:00,EQ_B002,Water Pump,10057.2,12.3,7.79,14.51,2.69,20.0,1,100.0
2024-02-28 12:00:00,EQ_M001,Compressor,11310.4,13.8,8.0,20.52,6.68,20.0,1,100.0
2024-02-28 12:00:00,EQ_M002,Water Pump,13043.6,16.0,8.0,14.48,2.57,20.0,1,100.0
2024-02-28 12:00:00,EQ_M003,Air Handler,10479.4,12.9,8.0,14.39,3.02,20.0,1,100.0
2024-02-28 12:00:00,EQ_B001,Compressor,7590.0,12.5,4.98,22.87,6.49,52.7,0,77.3
2024-02-28 12:00:00,EQ_B002,Water Pump,10058.0,12.2,7.49,14.95,3.5,20.0,1,100.0
2024-02-28 13:00:00,EQ_M001,Compressor,11311.4,15.3,8.0,21.25,6.67,20.0,1,100.0
2024-02-28 13:00:00,EQ_M002,Water Pump,13044.5,18.6,8.0,14.7,2.96,20.0,1,100.0
2024-02-28 13:00:00,EQ_M003,Air Handler,10480.2,14.5,8.0,15.63,3.21,20.0,1,100.0
2024-02-28 13:00:00,EQ_B001,Compressor,7590.7,13.5,5.8,22.95,7.1,50.2,1,79.8
2024-02-28 13:00:00,EQ_B002,Water Pump,10058.6,11.3,8.0,15.28,3.1,20.0,1,100.0
2024-02-28 14:00:00,EQ_M001,Compressor,11312.2,16.2,8.0,21.87,6.91,20.0,1,100.0
2024-02-28 14:00:00,EQ_M002,Water Pump,13045.1,18.2,8.0,15.13,3.12,20.0,1,100.0
2024-02-28 14:00:00,EQ_M003,Air Handler,10481.0,13.6,8.0,15.11,3.13,20.0,1,100.0
2024-02-28 14:00:00,EQ_B001,Compressor,7591.3,10.8,4.93,22.89,5.76,52.8,0,77.2
2024-02-28 14:00:00,EQ_B002,Water Pump,10059.2,12.1,7.62,14.34,3.15,20.0,1,100.0
2024-02-28 15:00:00,EQ_M001,Compressor,11312.7,13.3,8.0,19.98,6.62,20.0,1,100.0
2024-02-28 15:00:00,EQ_M002,Water Pump,13045.8,18.8,8.0,13.9,3.04,20.0,1,100.0
2024-02-28 15:00:00,EQ_M003,Air Handler,10482.0,14.6,8.0,15.69,3.07,20.0,1,100.0
2024-02-28 15:00:00,EQ_B001,Compressor,7592.1,12.9,5.56,23.88,6.4,50.9,1,79.1
2024-02-28 15:00:00,EQ_B002,Water Pump,10059.8,12.3,7.35,13.71,3.15,20.0,1,100.0
2024-02-28 16:00:00,EQ_M001,Compressor,11313.5,14.8,8.0,19.85,6.53,20.0,1,100.0
2024-02-28 16:00:00,EQ_M002,Water Pump,13046.6,17.7,8.0,16.47,3.07,20.0,1,100.0
2024-02-28 16:00:00,EQ_M003,Air Handler,10482.9,11.0,8.0,15.33,3.09,20.0,1,100.0
2024-02-28 16:00:00,EQ_B001,Compressor,7592.8,12.8,5.49,22.17,6.28,51.1,0,78.9
2024-02-28 16:00:00,EQ_B002,Water Pump,10060.4,13.4,7.48,15.38,3.2,20.0,1,100.0
2024-02-28 17:00:00,EQ_M001,Compressor,11314.1,15.3,8.0,14.77,6.2,20.0,1,100.0
2024-02-28 17:00:00,EQ_M002,Water Pump,13047.5,17.7,8.0,15.99,3.27,20.0,1,100.0
2024-02-28 17:00:00,EQ_M003,Air Handler,10483.6,12.4,7.48,14.35,3.01,20.0,1,100.0
2024-02-28 17:00:00,EQ_B001,Compressor,7593.7,11.4,4.65,21.96,6.88,53.6,0,76.4
2024-02-28 17:00:00,EQ_B002,Water Pump,10061.0,11.9,7.59,14.96,3.14,20.0,1,100.0
2024-02-28 18:00:00,EQ_M001,Compressor,11314.7,14.9,8.0,22.89,6.84,20.0,1,100.0
2024-02-28 18:00:00,EQ_M002,Water Pump,13048.2,20.1,8.0,14.86,2.94,20.0,1,100.0
2024-02-28 18:00:00,EQ_M003,Air Handler,10484.3,12.4,8.0,16.22,3.13,20.0,1,100.0
2024-02-28 18:00:00,EQ_B001,Compressor,7594.6,12.6,4.6,22.16,6.13,53.8,0,76.2
2024-02-28 18:00:00,EQ_B002,Water Pump,10061.8,11.7,7.83,12.93,2.91,20.0,1,100.0
2024-02-28 19:00:00,EQ_M001,Compressor,11315.4,13.5,8.0,24.09,6.49,20.0,1,100.0
2024-02-28 19:00:00,EQ_M002,Water Pump,13049.0,18.6,8.0,14.0,3.03,20.0,1,100.0
2024-02-28 19:00:00,EQ_M003,Air Handler,10485.1,13.8,7.69,16.07,2.66,20.0,1,100.0
2024-02-28 19:00:00,EQ_B001,Compressor,7595.3,12.0,5.41,19.01,6.27,51.3,0,78.7
2024-02-28 19:00:00,EQ_B002,Water Pump,10062.6,12.3,7.48,13.83,3.11,20.0,1,100.0
2024-02-28 20:00:00,EQ_M001,Compressor,11316.3,15.3,8.0,19.93,6.52,20.0,1,100.0
2024-02-28 20:00:00,EQ_M002,Water Pump,13049.9,17.9,8.0,15.32,2.89,20.0,1,100.0
2024-02-28 20:00:00,EQ_M003,Air Handler,10485.9,12.4,7.99,18.16,3.25,20.0,1,100.0
2024-02-28 20:00:00,EQ_B001,Compressor,7595.8,13.0,4.79,22.43,6.2,53.2,0,76.8
2024-02-28 20:00:00,EQ_B002,Water Pump,10063.1,11.0,7.65,17.53,2.81,20.0,1,100.0
2024-02-28 21:00:00,EQ_M001,Compressor,11317.2,14.8,8.0,22.56,6.29,20.0,1,100.0
2024-02-28 21:00:00,EQ_M002,Water Pump,13050.9,19.4,8.0,16.24,3.04,20.0,1,100.0
2024-02-28 21:00:00,EQ_M003,Air Handler,10486.5,12.5,7.89,13.92,3.3,20.0,1,100.0
2024-02-28 21:00:00,EQ_B001,Compressor,7596.5,13.2,4.96,25.01,6.79,52.7,0,77.3
2024-02-28 21:00:00,EQ_B002,Water Pump,10063.9,10.5,7.69,17.2,2.76,20.0,1,100.0
2024-02-28 22:00:00,EQ_M001,Compressor,11318.0,14.8,8.0,20.51,6.5,20.0,1,100.0
2024-02-28 22:00:00,EQ_M002,Water Pump,13051.5,20.7,8.0,15.12,2.92,20.0,1,100.0
2024-02-28 22:00:00,EQ_M003,Air Handler,10487.0,13.7,8.0,12.88,3.04,20.0,1,100.0
2024-02-28 22:00:00,EQ_B001,Compressor,7597.5,10.9,5.79,23.01,5.66,50.2,1,79.8
2024-02-28 22:00:00,EQ_B002,Water Pump,10064.7,10.7,8.0,17.44,3.16,20.0,1,100.0
2024-02-28 23:00:00,EQ_M001,Compressor,11318.8,15.3,8.0,22.25,6.33,20.0,1,100.0
2024-02-28 23:00:00,EQ_M002,Water Pump,13052.2,20.5,8.0,17.17,3.01,20.0,1,100.0
2024-02-28 23:00:00,EQ_M003,Air Handler,10487.9,14.2,7.7,15.5,3.12,20.0,1,100.0
2024-02-28 23:00:00,EQ_B001,Compressor,7598.1,11.8,4.58,21.54,6.42,53.8,0,76.2
2024-02-28 23:00:00,EQ_B002,Water Pump,10065.3,12.0,8.0,16.39,3.08,20.0,1,100.0
2024-02-29 00:00:00,EQ_M001,Compressor,11319.3,15.4,8.0,27.04,6.76,20.0,1,100.0
2024-02-29 00:00:00,EQ_M002,Water Pump,13053.0,18.4,8.0,15.8,3.0,20.0,1,100.0
2024-02-29 00:00:00,EQ_M003,Air Handler,10488.8,11.4,8.0,14.51,3.08,20.0,1,100.0
2024-02-29 00:00:00,EQ_B001,Compressor,7598.8,13.0,4.92,23.46,6.26,52.8,0,77.2
2024-02-29 00:00:00,EQ_B002,Water Pump,10065.9,12.7,7.93,11.27,3.17,20.0,1,100.0
2024-02-29 01:00:00,EQ_M001,Compressor,11320.1,15.2,8.0,19.84,6.7,20.0,1,100.0
2024-02-29 01:00:00,EQ_M002,Water Pump,13053.8,17.6,8.0,16.48,3.1,20.0,1,100.0
2024-02-29 01:00:00,EQ_M003,Air Handler,10489.8,13.6,8.0,15.89,2.92,20.0,1,100.0
2024-02-29 01:00:00,EQ_B001,Compressor,7599.7,12.5,5.59,23.63,6.72,50.7,1,79.3
2024-02-29 01:00:00,EQ_B002,Water Pump,10066.7,12.5,7.43,13.46,2.91,20.0,1,100.0
2024-02-29 02:00:00,EQ_M001,Compressor,11321.0,17.2,8.0,22.66,6.23,20.0,1,100.0
2024-02-29 02:00:00,EQ_M002,Water Pump,13054.8,19.2,8.0,13.65,3.33,20.0,1,100.0
2024-02-29 02:00:00,EQ_M003,Air Handler,10490.8,13.4,7.68,17.51,3.35,20.0,1,100.0
2024-02-29 02:00:00,EQ_B001,Compressor,7600.5,12.3,4.97,22.61,6.69,52.6,0,77.4
2024-02-29 02:00:00,EQ_B002,Water Pump,10067.5,12.2,8.0,15.83,3.3,20.0,1,100.0
2024-02-29 03:00:00,EQ_M001,Compressor,11321.5,13.8,8.0,21.56,6.17,20.0,1,100.0
2024-02-29 03:00:00,EQ_M002,Water Pump,13055.6,17.7,8.0,12.79,2.99,20.0,1,100.0
2024-02-29 03:00:00,EQ_M003,Air Handler,10491.8,14.1,7.98,14.07,3.19,20.0,1,100.0
2024-02-29 03:00:00,EQ_B001,Compressor,7601.0,11.9,5.09,23.4,6.93,52.2,0,77.8
2024-02-29 03:00:00,EQ_B002,Water Pump,10068.1,10.4,7.37,13.32,2.96,20.0,1,100.0
2024-02-29 04:00:00,EQ_M001,Compressor,11322.2,14.6,8.0,23.51,6.72,20.0,1,100.0
2024-02-29 04:00:00,EQ_M002,Water Pump,13056.3,17.3,8.0,11.34,2.98,20.0,1,100.0
2024-02-29 04:00:00,EQ_M003,Air Handler,10492.3,12.3,7.95,18.38,3.14,20.0,1,100.0
2024-02-29 04:00:00,EQ_B001,Compressor,7601.7,11.5,4.9,17.53,6.81,52.8,0,77.2
2024-02-29 04:00:00,EQ_B002,Water Pump,10068.8,10.9,7.94,17.39,3.11,20.0,1,100.0
2024-02-29 05:00:00,EQ_M001,Compressor,11322.7,13.4,8.0,18.53,6.34,20.0,1,100.0
2024-02-29 05:00:00,EQ_M002,Water Pump,13057.2,18.1,8.0,15.32,3.27,20.0,1,100.0
2024-02-29 05:00:00,EQ_M003,Air Handler,10493.3,14.1,7.37,11.57,2.91,20.0,1,100.0
2024-02-29 05:00:00,EQ_B001,Compressor,7602.4,12.8,5.08,24.36,6.21,52.2,0,77.8
2024-02-29 05:00:00,EQ_B002,Water Pump,10069.8,12.8,7.45,17.37,2.77,20.0,1,100.0
2024-02-29 06:00:00,EQ_M001,Compressor,11323.7,16.1,8.0,22.81,6.84,20.0,1,100.0
2024-02-29 06:00:00,EQ_M002,Water Pump,13057.8,18.1,8.0,13.76,3.35,20.0,1,100.0
2024-02-29 06:00:00,EQ_M003,Air Handler,10494.1,12.5,7.45,16.11,3.11,20.0,1,100.0
2024-02-29 06:00:00,EQ_B001,Compressor,7602.9,11.4,5.28,23.74,6.88,51.6,0,78.4
2024-02-29 06:00:00,EQ_B002,Water Pump,10070.7,10.4,8.0,14.96,3.09,20.0,1,100.0
2024-02-29 07:00:00,EQ_M001,Compressor,11324.3,14.0,8.0,23.5,6.32,20.0,1,100.0
2024-02-29 07:00:00,EQ_M002,Water Pump,13058.6,18.1,8.0,16.14,3.37,20.0,1,100.0
2024-02-29 07:00:00,EQ_M003,Air Handler,10494.8,12.8,7.92,13.0,3.54,20.0,1,100.0
2024-02-29 07:00:00,EQ_B001,Compressor,7603.9,12.6,4.67,19.35,6.28,53.4,0,76.6
2024-02-29 07:00:00,EQ_B002,Water Pump,10071.4,13.3,6.8,17.86,2.85,20.0,1,100.0
2024-02-29 08:00:00,EQ_M001,Compressor,11325.2,13.6,8.0,21.9,6.37,20.0,1,100.0
2024-02-29 08:00:00,EQ_M002,Water Pump,13059.2,17.8,8.0,14.22,2.76,20.0,1,100.0
2024-02-29 08:00:00,EQ_M003,Air Handler,10495.6,15.0,8.0,15.07,3.23,20.0,1,100.0
2024-02-29 08:00:00,EQ_B001,Compressor,7604.5,11.7,5.56,21.43,6.35,50.8,1,79.2
2024-02-29 08:00:00,EQ_B002,Water Pump,10072.4,9.9,7.68,16.52,2.77,20.0,1,100.0
2024-02-29 09:00:00,EQ_M001,Compressor,11325.8,15.2,8.0,22.03,6.69,20.0,1,100.0
2024-02-29 09:00:00,EQ_M002,Water Pump,13060.0,18.4,8.0,13.97,2.75,20.0,1,100.0
2024-02-29 09:00:00,EQ_M003,Air Handler,10496.6,14.1,7.76,14.91,3.14,20.0,1,100.0
2024-02-29 09:00:00,EQ_B001,Compressor,7605.3,12.2,4.61,21.7,6.93,53.6,0,76.4
2024-02-29 09:00:00,EQ_B002,Water Pump,10073.3,12.2,7.42,14.26,2.87,20.0,1,100.0
2024-02-29 10:00:00,EQ_M001,Compressor,11326.6,15.7,8.0,19.58,6.62,20.0,1,100.0
2024-02-29 10:00:00,EQ_M002,Water Pump,13060.9,19.8,8.0,16.94,3.41,20.0,1,100.0
2024-02-29 10:00:00,EQ_M003,Air Handler,10497.1,11.5,8.0,11.51,3.18,20.0,1,100.0
2024-02-29 10:00:00,EQ_B001,Compressor,7606.2,11.5,5.25,20.56,6.29,51.7,0,78.3
2024-02-29 10:00:00,EQ_B002,Water Pump,10074.3,13.6,7.76,15.82,2.65,20.0,1,100.0
2024-02-29 11:00:00,EQ_M001,Compressor,11327.3,16.3,8.0,22.82,6.14,20.0,1,100.0
2024-02-29 11:00:00,EQ_M002,Water Pump,13061.9,19.8,8.0,14.79,3.12,20.0,1,100.0
2024-02-29 11:00:00,EQ_M003,Air Handler,10497.8,13.4,7.99,14.7,3.18,20.0,1,100.0
2024-02-29 11:00:00,EQ_B001,Compressor,7606.9,11.3,4.73,25.48,6.66,53.2,0,76.8
2024-02-29 11:00:00,EQ_B002,Water Pump,10075.3,11.5,7.54,15.61,3.0,20.0,1,100.0
2024-02-29 12:00:00,EQ_M001,Compressor,11328.0,17.1,8.0,21.72,6.23,20.0,1,100.0
2024-02-29 12:00:00,EQ_M002,Water Pump,13062.6,19.0,8.0,13.72,2.85,20.0,1,100.0
2024-02-29 12:00:00,EQ_M003,Air Handler,10498.7,13.2,8.0,12.87,3.37,20.0,1,100.0
2024-02-29 12:00:00,EQ_B001,Compressor,7607.8,10.6,5.28,17.5,6.3,51.6,0,78.4
2024-02-29 12:00:00,EQ_B002,Water Pump,10075.9,12.1,8.0,18.08,2.97,20.0,1,100.0
2024-02-29 13:00:00,EQ_M001,Compressor,11329.0,15.6,8.0,19.0,7.04,20.0,1,100.0
2024-02-29 13:00:00,EQ_M002,Water Pump,13063.4,17.2,8.0,16.7,2.95,20.0,1,100.0
2024-02-29 13:00:00,EQ_M003,Air Handler,10499.3,12.4,7.88,14.16,3.34,20.0,1,100.0
2024-02-29 13:00:00,EQ_B001,Compressor,7608.5,12.0,5.22,19.83,6.36,51.7,0,78.3
2024-02-29 13:00:00,EQ_B002,Water Pump,10076.5,12.0,7.57,15.21,3.05,20.0,1,100.0
2024-02-29 14:00:00,EQ_M001,Compressor,11329.6,13.0,8.0,20.98,6.87,20.0,1,100.0
2024-02-29 14:00:00,EQ_M002,Water Pump,13064.1,18.9,8.0,14.44,2.83,20.0,1,100.0
2024-02-29 14:00:00,EQ_M003,Air Handler,10500.1,11.9,8.0,16.34,3.0,20.0,1,100.0
2024-02-29 14:00:00,EQ_B001,Compressor,7609.2,11.0,4.85,19.17,5.93,52.8,0,77.2
2024-02-29 14:00:00,EQ_B002,Water Pump,10077.3,11.5,7.73,15.9,2.85,20.0,1,100.0
2024-02-29 15:00:00,EQ_M001,Compressor,11330.6,12.3,8.0,21.82,6.17,20.0,1,100.0
2024-02-29 15:00:00,EQ_M002,Water Pump,13065.1,17.8,8.0,13.89,3.14,20.0,1,100.0
2024-02-29 15:00:00,EQ_M003,Air Handler,10501.0,10.5,8.0,15.54,3.03,20.0,1,100.0
2024-02-29 15:00:00,EQ_B001,Compressor,7609.8,12.5,4.71,23.99,6.62,53.3,0,76.7
2024-02-29 15:00:00,EQ_B002,Water Pump,10078.0,12.2,7.88,15.8,3.07,20.0,1,100.0
2024-02-29 16:00:00,EQ_M001,Compressor,11331.5,12.9,8.0,22.56,5.85,20.0,1,100.0
2024-02-29 16:00:00,EQ_M002,Water Pump,13066.0,16.7,8.0,16.18,3.1,20.0,1,100.0
2024-02-29 16:00:00,EQ_M003,Air Handler,10501.6,15.0,7.99,16.94,3.14,20.0,1,100.0
2024-02-29 16:00:00,EQ_B001,Compressor,7610.5,11.6,4.71,21.99,6.62,53.2,0,76.8
2024-02-29 16:00:00,EQ_B002,Water Pump,10078.6,11.6,7.47,17.64,2.56,20.0,1,100.0
2024-02-29 17:00:00,EQ_M001,Compressor,11332.4,12.6,8.0,23.5,6.43,20.0,1,100.0
2024-02-29 17:00:00,EQ_M002,Water Pump,13066.5,16.3,8.0,15.7,2.9,20.0,1,100.0
2024-02-29 17:00:00,EQ_M003,Air Handler,10502.2,12.9,7.55,13.81,3.22,20.0,1,100.0
2024-02-29 17:00:00,EQ_B001,Compressor,7611.4,11.7,4.92,23.88,6.7,52.6,0,77.4
2024-02-29 17:00:00,EQ_B002,Water Pump,10079.2,14.0,7.42,12.93,2.92,20.0,1,100.0
2024-02-29 18:00:00,EQ_M001,Compressor,11333.4,15.0,8.0,19.73,6.21,20.0,1,100.0
2024-02-29 18:00:00,EQ_M002,Water Pump,13067.2,16.9,8.0,14.16,3.15,20.0,1,100.0
2024-02-29 18:00:00,EQ_M003,Air Handler,10503.1,11.3,8.0,14.14,3.09,20.0,1,100.0
2024-02-29 18:00:00,EQ_B001,Compressor,7612.3,10.8,5.01,22.0,6.36,52.3,0,77.7
2024-02-29 18:00:00,EQ_B002,Water Pump,10079.9,12.8,7.76,12.75,3.21,20.0,1,100.0
2024-02-29 19:00:00,EQ_M001,Compressor,11334.2,15.1,8.0,27.04,6.53,20.0,1,100.0
2024-02-29 19:00:00,EQ_M002,Water Pump,13068.1,18.3,8.0,12.52,3.36,20.0,1,100.0
2024-02-29 19:00:00,EQ_M003,Air Handler,10504.0,13.6,8.0,13.23,3.2,20.0,1,100.0
2024-02-29 19:00:00,EQ_B001,Compressor,7612.9,12.1,5.44,22.02,6.47,51.0,0,79.0
2024-02-29 19:00:00,EQ_B002,Water Pump,10080.4,11.2,7.47,13.48,3.12,20.0,1,100.0
2024-02-29 20:00:00,EQ_M001,Compressor,11334.9,14.3,8.0,23.93,6.4,20.0,1,100.0
2024-02-29 20:00:00,EQ_M002,Water Pump,13069.0,17.1,8.0,13.94,3.02,20.0,1,100.0
2024-02-29 20:00:00,EQ_M003,Air Handler,10504.7,11.8,8.0,15.84,3.05,20.0,1,100.0
2024-02-29 20:00:00,EQ_B001,Compressor,7613.5,11.6,5.49,24.4,6.46,50.9,0,79.1
2024-02-29 20:00:00,EQ_B002,Water Pump,10081.1,11.1,7.46,16.13,2.66,20.0,1,100.0
2024-02-29 21:00:00,EQ_M001,Compressor,11335.7,16.0,8.0,23.82,6.28,20.0,1,100.0
2024-02-29 21:00:00,EQ_M002,Water Pump,13069.9,15.9,8.0,19.06,3.2,20.0,1,100.0
2024-02-29 21:00:00,EQ_M003,Air Handler,10505.6,13.1,7.69,14.86,2.83,20.0,1,100.0
2024-02-29 21:00:00,EQ_B001,Compressor,7614.1,13.4,5.71,18.3,6.2,50.2,1,79.8
2024-02-29 21:00:00,EQ_B002,Water Pump,10081.8,14.1,7.92,16.95,3.04,20.0,1,100.0
2024-02-29 22:00:00,EQ_M001,Compressor,11336.7,14.0,8.0,21.55,7.15,20.0,1,100.0
2024-02-29 22:00:00,EQ_M002,Water Pump,13070.5,17.7,8.0,14.55,2.46,20.0,1,100.0
2024-02-29 22:00:00,EQ_M003,Air Handler,10506.3,13.0,7.75,17.31,2.91,20.0,1,100.0
2024-02-29 22:00:00,EQ_B001,Compressor,7614.8,14.5,5.07,22.38,6.73,52.1,0,77.9
2024-02-29 22:00:00,EQ_B002,Water Pump,10082.6,11.2,7.82,15.54,2.9,20.0,1,100.0
2024-02-29 23:00:00,EQ_M001,Compressor,11337.3,15.6,8.0,24.49,6.4,20.0,1,100.0
2024-02-29 23:00:00,EQ_M002,Water Pump,13071.0,18.2,8.0,16.03,2.91,20.0,1,100.0
2024-02-29 23:00:00,EQ_M003,Air Handler,10507.1,13.2,8.0,13.66,3.29,20.0,1,100.0
2024-02-29 23:00:00,EQ_B001,Compressor,7615.4,13.0,5.42,19.82,6.59,51.0,0,79.0
2024-02-29 23:00:00,EQ_B002,Water Pump,10083.6,12.1,7.78,14.05,2.98,20.0,1,100.0
2024-03-01 00:00:00,EQ_M001,Compressor,11338.0,14.4,8.0,23.65,6.34,20.0,1,100.0
2024-03-01 00:00:00,EQ_M002,Water Pump,13071.6,19.6,8.0,17.91,2.7,20.0,1,100.0
2024-03-01 00:00:00,EQ_M003,Air Handler,10508.0,12.8,8.0,16.39,3.28,20.0,1,100.0
2024-03-01 00:00:00,EQ_B001,Compressor,7616.3,12.1,5.72,20.25,6.49,50.1,1,79.9
2024-03-01 00:00:00,EQ_B002,Water Pump,10084.1,11.6,7.04,15.03,2.76,20.0,1,100.0
2024-03-01 01:00:00,EQ_M001,Compressor,11338.6,16.3,8.0,21.43,6.72,20.0,1,100.0
2024-03-01 01:00:00,EQ_M002,Water Pump,13072.2,18.0,8.0,17.54,3.0,20.0,1,100.0
2024-03-01 01:00:00,EQ_M003,Air Handler,10508.7,11.6,7.83,15.38,3.04,20.0,1,100.0
2024-03-01 01:00:00,EQ_B001,Compressor,7616.9,12.3,5.33,21.57,6.68,51.3,0,78.7
2024-03-01 01:00:00,EQ_B002,Water Pump,10085.1,13.3,7.68,15.79,3.12,20.0,1,100.0
2024-03-01 02:00:00,EQ_M001,Compressor,11339.3,14.8,8.0,21.0,7.08,20.0,1,100.0
2024-03-01 02:00:00,EQ_M002,Water Pump,13072.8,17.0,8.0,15.03,2.96,20.0,1,100.0
2024-03-01 02:00:00,EQ_M003,Air Handler,10509.4,11.8,8.0,14.91,2.83,20.0,1,100.0
2024-03-01 02:00:00,EQ_B001,Compressor,7617.5,12.3,5.12,23.0,6.55,51.9,0,78.1
2024-03-01 02:00:00,EQ_B002,Water Pump,10085.6,11.8,7.76,14.79,2.86,20.0,1,100.0
2024-03-01 03:00:00,EQ_M001,Compressor,11339.9,15.5,8.0,17.23,6.69,20.0,1,100.0
2024-03-01 03:00:00,EQ_M002,Water Pump,13073.6,18.7,8.0,15.69,2.97,20.0,1,100.0
2024-03-01 03:00:00,EQ_M003,Air Handler,10510.2,13.9,8.0,15.49,2.7,20.0,1,100.0
2024-03-01 03:00:00,EQ_B001,Compressor,7618.3,12.3,5.05,22.8,6.53,52.1,0,77.9
2024-03-01 03:00:00,EQ_B002,Water Pump,10086.5,12.7,7.22,15.1,2.88,20.0,1,100.0
2024-03-01 04:00:00,EQ_M001,Compressor,11340.6,14.6,8.0,20.17,6.43,20.0,1,100.0
2024-03-01 04:00:00,EQ_M002,Water Pump,13074.4,17.8,8.0,13.45,3.09,20.0,1,100.0
2024-03-01 04:00:00,EQ_M003,Air Handler,10511.1,12.1,8.0,12.93,3.23,20.0,1,100.0
2024-03-01 04:00:00,EQ_B001,Compressor,7618.9,13.8,5.37,19.48,6.63,51.2,0,78.8
2024-03-01 04:00:00,EQ_B002,Water Pump,10087.1,11.8,7.67,14.57,2.87,20.0,1,100.0
2024-03-01 05:00:00,EQ_M001,Compressor,11341.4,15.6,8.0,21.31,6.28,20.0,1,100.0
2024-03-01 05:00:00,EQ_M002,Water Pump,13075.0,17.1,8.0,11.91,2.8,20.0,1,100.0
2024-03-01 05:00:00,EQ_M003,Air Handler,10511.9,14.3,7.93,15.48,2.5,20.0,1,100.0
2024-03-01 05:00:00,EQ_B001,Compressor,7619.9,11.5,4.96,22.28,6.62,52.4,0,77.6
2024-03-01 05:00:00,EQ_B002,Water Pump,10088.1,12.9,7.1,15.64,2.88,20.0,1,100.0
2024-03-01 06:00:00,EQ_M001,Compressor,11342.0,14.2,8.0,20.26,6.58,20.0,1,100.0
2024-03-01 06:00:00,EQ_M002,Water Pump,13075.6,16.2,8.0,15.46,2.94,20.0,1,100.0
2024-03-01 06:00:00,EQ_M003,Air Handler,10512.6,13.9,7.95,14.1,2.71,20.0,1,100.0
2024-03-01 06:00:00,EQ_B001,Compressor,7620.8,13.0,5.09,23.82,7.16,52.0,0,78.0
2024-03-01 06:00:00,EQ_B002,Water Pump,10088.8,13.0,7.66,14.73,3.27,20.0,1,100.0
2024-03-01 07:00:00,EQ_M001,Compressor,11342.8,12.8,8.0,24.44,6.2,20.0,1,100.0
2024-03-01 07:00:00,EQ_M002,Water Pump,13076.4,17.9,8.0,16.16,2.97,20.0,1,100.0
2024-03-01 07:00:00,EQ_M003,Air Handler,10513.2,12.8,8.0,15.84,2.49,20.0,1,100.0
2024-03-01 07:00:00,EQ_B001,Compressor,7621.5,11.0,5.15,22.52,6.18,51.8,0,78.2
2024-03-01 07:00:00,EQ_B002,Water Pump,10089.7,12.0,7.74,14.82,3.22,20.0,1,100.0
2024-03-01 08:00:00,EQ_M001,Compressor,11343.6,13.8,8.0,24.53,6.11,20.0,1,100.0
2024-03-01 08:00:00,EQ_M002,Water Pump,13077.1,18.1,8.0,13.93,2.83,20.0,1,100.0
2024-03-01 08:00:00,EQ_M003,Air Handler,10514.1,12.7,7.79,14.07,3.0,20.0,1,100.0
2024-03-01 08:00:00,EQ_B001,Compressor,7622.1,13.3,4.65,22.31,6.61,53.3,0,76.7
2024-03-01 08:00:00,EQ_B002,Water Pump,10090.4,12.5,7.53,15.33,3.31,20.0,1,100.0
2024-03-01 09:00:00,EQ_M001,Compressor,11344.6,15.1,8.0,20.14,6.35,20.0,1,100.0
2024-03-01 09:00:00,EQ_M002,Water Pump,13077.7,16.9,8.0,15.05,2.94,20.0,1,100.0
2024-03-01 09:00:00,EQ_M003,Air Handler,10514.7,13.5,7.85,12.09,2.64,20.0,1,100.0
2024-03-01 09:00:00,EQ_B001,Compressor,7622.6,12.6,5.41,16.99,6.73,51.0,0,79.0
2024-03-01 09:00:00,EQ_B002,Water Pump,10091.3,13.3,7.98,14.13,3.05,20.0,1,100.0
2024-03-01 10:00:00,EQ_M001,Compressor,11345.6,13.4,8.0,21.91,7.19,20.0,1,100.0
2024-03-01 10:00:00,EQ_M002,Water Pump,13078.3,16.5,8.0,14.35,3.08,20.0,1,100.0
2024-03-01 10:00:00,EQ_M003,Air Handler,10515.5,13.3,7.58,14.85,2.78,20.0,1,100.0
2024-03-01 10:00:00,EQ_B001,Compressor,7623.5,13.4,5.44,20.16,5.82,50.9,0,79.1
2024-03-01 10:00:00,EQ_B002,Water Pump,10092.1,10.5,7.54,16.08,3.03,20.0,1,100.0
2024-03-01 11:00:00,EQ_M001,Compressor,11346.2,13.6,8.0,20.24,6.34,20.0,1,100.0
2024-03-01 11:00:00,EQ_M002,Water Pump,13079.3,19.8,8.0,14.55,2.83,20.0,1,100.0
2024-03-01 11:00:00,EQ_M003,Air Handler,10516.0,15.9,8.0,14.06,3.13,20.0,1,100.0
2024-03-01 11:00:00,EQ_B001,Compressor,7624.1,11.2,4.99,22.19,6.14,52.2,0,77.8
2024-03-01 11:00:00,EQ_B002,Water Pump,10092.7,14.3,7.59,14.86,2.8,20.0,1,100.0
2024-03-01 12:00:00,EQ_M001,Compressor,11346.8,14.9,8.0,20.76,6.75,20.0,1,100.0
2024-03-01 12:00:00,EQ_M002,Water Pump,13079.9,17.0,8.0,14.29,3.06,20.0,1,100.0
2024-03-01 12:00:00,EQ_M003,Air Handler,10516.9,13.3,7.27,18.48,3.45,20.0,1,100.0
2024-03-01 12:00:00,EQ_B001,Compressor,7624.6,12.1,5.0,23.66,7.28,52.2,0,77.8
2024-03-01 12:00:00,EQ_B002,Water Pump,10093.4,10.1,7.7,16.21,2.83,20.0,1,100.0
2024-03-01 13:00:00,EQ_M001,Compressor,11347.3,15.8,8.0,22.25,6.51,20.0,1,100.0
2024-03-01 13:00:00,EQ_M002,Water Pump,13080.6,17.9,8.0,17.91,3.12,20.0,1,100.0
2024-03-01 13:00:00,EQ_M003,Air Handler,10517.7,12.1,8.0,12.85,2.97,20.0,1,100.0
2024-03-01 13:00:00,EQ_B001,Compressor,7625.5,11.7,5.28,18.49,6.89,51.3,0,78.7
2024-03-01 13:00:00,EQ_B002,Water Pump,10093.9,11.2,7.97,14.54,3.13,20.0,1,100.0
2024-03-01 14:00:00,EQ_M001,Compressor,11348.0,13.7,8.0,23.51,6.58,20.0,1,100.0
2024-03-01 14:00:00,EQ_M002,Water Pump,13081.6,16.9,8.0,13.94,3.18,20.0,1,100.0
2024-03-01 14:00:00,EQ_M003,Air Handler,10518.3,11.9,8.0,13.27,2.91,20.0,1,100.0
2024-03-01 14:00:00,EQ_B001,Compressor,7626.3,12.1,5.76,21.75,6.16,49.9,1,80.1
2024-03-01 14:00:00,EQ_B002,Water Pump,10094.5,14.3,7.35,15.21,3.04,20.0,1,100.0
2024-03-01 15:00:00,EQ_M001,Compressor,11348.8,15.0,8.0,23.25,6.74,20.0,1,100.0
2024-03-01 15:00:00,EQ_M002,Water Pump,13082.4,17.9,8.0,16.31,2.73,20.0,1,100.0
2024-03-01 15:00:00,EQ_M003,Air Handler,10519.1,12.5,8.0,13.17,3.34,20.0,1,100.0
2024-03-01 15:00:00,EQ_B001,Compressor,7627.2,12.1,4.95,20.68,6.21,52.3,0,77.7
2024-03-01 15:00:00,EQ_B002,Water Pump,10095.4,11.5,7.58,15.86,2.85,20.0,1,100.0
2024-03-01 16:00:00,EQ_M001,Compressor,11349.6,14.8,8.0,19.1,7.05,20.0,1,100.0
2024-03-01 16:00:00,EQ_M002,Water Pump,13083.3,16.9,8.0,18.18,2.78,20.0,1,100.0
2024-03-01 16:00:00,EQ_M003,Air Handler,10519.7,14.8,8.0,15.67,2.67,20.0,1,100.0
2024-03-01 16:00:00,EQ_B001,Compressor,7628.1,12.5,5.29,20.57,6.22,51.3,0,78.7
2024-03-01 16:00:00,EQ_B002,Water Pump,10096.2,11.0,7.87,15.18,2.71,20.0,1,100.0
2024-03-01 17:00:00,EQ_M001,Compressor,11350.2,14.7,8.0,17.31,6.11,20.0,1,100.0
2024-03-01 17:00:00,EQ_M002,Water Pump,13084.1,18.7,8.0,15.6,3.2,20.0,1,100.0
2024-03-01 17:00:00,EQ_M003,Air Handler,10520.7,14.2,8.0,15.74,2.81,20.0,1,100.0
2024-03-01 17:00:00,EQ_B001,Compressor,7628.6,10.8,5.09,24.09,6.31,51.9,0,78.1
2024-03-01 17:00:00,EQ_B002,Water Pump,10097.0,13.5,8.0,14.06,3.28,20.0,1,100.0
2024-03-01 18:00:00,EQ_M001,Compressor,11350.8,14.5,8.0,21.9,6.47,20.0,1,100.0
2024-03-01 18:00:00,EQ_M002,Water Pump,13084.9,17.5,8.0,17.22,3.17,20.0,1,100.0
2024-03-01 18:00:00,EQ_M003,Air Handler,10521.4,14.8,8.0,16.19,3.09,20.0,1,100.0
2024-03-01 18:00:00,EQ_B001,Compressor,7629.3,11.1,5.72,24.44,6.76,50.0,1,80.0
2024-03-01 18:00:00,EQ_B002,Water Pump,10097.6,11.1,7.24,14.74,2.86,20.0,1,100.0
2024-03-01 19:00:00,EQ_M001,Compressor,11351.4,17.0,8.0,23.65,6.54,20.0,1,100.0
2024-03-01 19:00:00,EQ_M002,Water Pump,13085.9,15.4,8.0,17.01,2.77,20.0,1,100.0
2024-03-01 19:00:00,EQ_M003,Air Handler,10521.9,13.3,8.0,15.46,3.21,20.0,1,100.0
2024-03-01 19:00:00,EQ_B001,Compressor,7630.0,11.5,5.1,20.89,6.26,51.8,0,78.2
2024-03-01 19:00:00,EQ_B002,Water Pump,10098.6,11.4,7.49,13.12,2.79,20.0,1,100.0
2024-03-01 20:00:00,EQ_M001,Compressor,11352.1,14.1,8.0,19.38,6.4,20.0,1,100.0
2024-03-01 20:00:00,EQ_M002,Water Pump,13086.4,17.4,8.0,15.94,3.29,20.0,1,100.0
2024-03-01 20:00:00,EQ_M003,Air Handler,10522.6,11.9,8.0,19.89,2.94,20.0,1,100.0
2024-03-01 20:00:00,EQ_B001,Compressor,7630.8,11.4,4.65,23.4,6.46,53.2,0,76.8
2024-03-01 20:00:00,EQ_B002,Water Pump,10099.4,12.7,6.81,17.74,2.92,20.0,1,100.0
2024-03-01 21:00:00,EQ_M001,Compressor,11352.8,14.0,8.0,20.85,6.86,20.0,1,100.0
2024-03-01 21:00:00,EQ_M002,Water Pump,13087.1,19.1,8.0,18.05,2.88,20.0,1,100.0
2024-03-01 21:00:00,EQ_M003,Air Handler,10523.5,12.7,7.93,15.23,2.54,20.0,1,100.0
2024-03-01 21:00:00,EQ_B001,Compressor,7631.5,11.3,4.67,21.34,6.76,53.1,0,76.9
2024-03-01 21:00:00,EQ_B002,Water Pump,10100.3,11.5,7.47,14.17,2.91,20.0,1,100.0
2024-03-01 22:00:00,EQ_M001,Compressor,11353.4,15.4,8.0,22.6,6.87,20.0,1,100.0
2024-03-01 22:00:00,EQ_M002,Water Pump,13088.0,19.4,8.0,16.18,3.04,20.0,1,100.0
2024-03-01 22:00:00,EQ_M003,Air Handler,10524.1,11.7,7.73,15.26,3.11,20.0,1,100.0
2024-03-01 22:00:00,EQ_B001,Compressor,7632.4,12.5,4.75,23.73,6.46,52.8,0,77.2
2024-03-01 22:00:00,EQ_B002,Water Pump,10101.2,10.5,7.5,14.36,2.67,20.0,1,100.0
2024-03-01 23:00:00,EQ_M001,Compressor,11354.1,12.5,8.0,23.02,6.13,20.0,1,100.0
2024-03-01 23:00:00,EQ_M002,Water Pump,13088.6,18.9,8.0,16.31,2.6,20.0,1,100.0
2024-03-01 23:00:00,EQ_M003,Air Handler,10524.7,12.6,7.79,15.88,3.16,20.0,1,100.0
2024-03-01 23:00:00,EQ_B001,Compressor,7633.2,11.8,5.42,23.04,6.94,50.8,0,79.2
2024-03-01 23:00:00,EQ_B002,Water Pump,10102.0,11.2,7.15,15.16,3.22,20.0,1,100.0
2024-03-02 00:00:00,EQ_M001,Compressor,11355.0,14.7,8.0,21.16,5.96,20.0,1,100.0
2024-03-02 00:00:00,EQ_M002,Water Pump,13089.4,19.5,8.0,15.37,2.99,20.0,1,100.0
2024-03-02 00:00:00,EQ_M003,Air Handler,10525.3,12.3,7.97,15.65,3.0,20.0,1,100.0
2024-03-02 00:00:00,EQ_B001,Compressor,7633.7,11.8,5.24,22.83,7.08,51.4,0,78.6
2024-03-02 00:00:00,EQ_B002,Water Pump,10102.5,13.0,7.9,16.38,3.11,20.0,1,100.0
2024-03-02 01:00:00,EQ_M001,Compressor,11356.0,15.5,8.0,23.33,6.81,20.0,1,100.0
2024-03-02 01:00:00,EQ_M002,Water Pump,13090.2,18.1,8.0,16.32,2.9,20.0,1,100.0
2024-03-02 01:00:00,EQ_M003,Air Handler,10525.9,12.5,8.0,15.72,2.73,20.0,1,100.0
2024-03-02 01:00:00,EQ_B001,Compressor,7634.6,11.7,5.29,23.43,6.5,51.2,0,78.8
2024-03-02 01:00:00,EQ_B002,Water Pump,10103.2,11.5,7.39,19.29,3.28,20.0,1,100.0
2024-03-02 02:00:00,EQ_M001,Compressor,11356.6,16.4,8.0,22.92,6.7,20.0,1,100.0
2024-03-02 02:00:00,EQ_M002,Water Pump,13090.8,17.8,8.0,14.42,3.12,20.0,1,100.0
2024-03-02 02:00:00,EQ_M003,Air Handler,10526.6,12.5,8.0,13.91,3.27,20.0,1,100.0
2024-03-02 02:00:00,EQ_B001,Compressor,7635.2,10.1,4.75,20.81,6.38,52.8,0,77.2
2024-03-02 02:00:00,EQ_B002,Water Pump,10103.9,13.5,7.18,13.81,3.15,20.0,1,100.0
2024-03-02 03:00:00,EQ_M001,Compressor,11357.2,14.4,8.0,18.71,6.5,20.0,1,100.0
2024-03-02 03:00:00,EQ_M002,Water Pump,13091.4,20.3,8.0,17.88,2.89,20.0,1,100.0
2024-03-02 03:00:00,EQ_M003,Air Handler,10527.3,12.5,8.0,13.79,2.72,20.0,1,100.0
2024-03-02 03:00:00,EQ_B001,Compressor,7635.9,11.6,5.6,23.58,6.33,50.2,1,79.8
2024-03-02 03:00:00,EQ_B002,Water Pump,10104.7,11.9,7.54,13.68,3.06,20.0,1,100.0
2024-03-02 04:00:00,EQ_M001,Compressor,11357.9,15.8,8.0,23.12,6.56,20.0,1,100.0
2024-03-02 04:00:00,EQ_M002,Water Pump,13092.1,19.0,8.0,12.41,3.27,20.0,1,100.0
2024-03-02 04:00:00,EQ_M003,Air Handler,10528.0,13.0,8.0,14.08,2.83,20.0,1,100.0
2024-03-02 04:00:00,EQ_B001,Compressor,7636.8,11.2,4.91,26.24,6.16,52.3,0,77.7
2024-03-02 04:00:00,EQ_B002,Water Pump,10105.4,12.0,7.54,14.11,2.74,20.0,1,100.0
2024-03-02 05:00:00,EQ_M001,Compressor,11358.5,14.8,8.0,19.13,6.29,20.0,1,100.0
2024-03-02 05:00:00,EQ_M002,Water Pump,13092.6,18.2,8.0,16.6,3.26,20.0,1,100.0
2024-03-02 05:00:00,EQ_M003,Air Handler,10528.9,13.6,7.88,15.73,3.12,20.0,1,100.0
2024-03-02 05:00:00,EQ_B001,Compressor,7637.3,12.5,5.41,23.03,6.77,50.8,0,79.2
2024-03-02 05:00:00,EQ_B002,Water Pump,10106.2,13.1,7.51,14.78,2.97,20.0,1,100.0
2024-03-02 06:00:00,EQ_M001,Compressor,11359.0,13.7,8.0,20.39,6.4,20.0,1,100.0
2024-03-02 06:00:00,EQ_M002,Water Pump,13093.5,18.9,8.0,14.98,3.22,20.0,1,100.0
2024-03-02 06:00:00,EQ_M003,Air Handler,10529.7,12.3,7.56,16.45,3.17,20.0,1,100.0
2024-03-02 06:00:00,EQ_B001,Compressor,7638.0,13.0,5.41,21.48,6.76,50.8,0,79.2
2024-03-02 06:00:00,EQ_B002,Water Pump,10107.2,13.3,7.92,15.55,3.1,20.0,1,100.0
2024-03-02 07:00:00,EQ_M001,Compressor,11359.8,14.1,8.0,22.16,6.17,20.0,1,100.0
2024-03-02 07:00:00,EQ_M002,Water Pump,13094.5,18.5,8.0,16.25,3.19,20.0,1,100.0
2024-03-02 07:00:00,EQ_M003,Air Handler,10530.3,13.4,7.61,16.86,3.14,20.0,1,100.0
2024-03-02 07:00:00,EQ_B001,Compressor,7638.9,12.0,5.48,23.01,6.55,50.6,0,79.4
2024-03-02 07:00:00,EQ_B002,Water Pump,10107.9,11.7,7.41,15.35,2.79,20.0,1,100.0
2024-03-02 08:00:00,EQ_M001,Compressor,11360.3,15.0,8.0,21.35,6.48,20.0,1,100.0
2024-03-02 08:00:00,EQ_M002,Water Pump,13095.3,17.9,8.0,16.45,3.08,20.0,1,100.0
2024-03-02 08:00:00,EQ_M003,Air Handler,10531.1,12.6,8.0,15.66,3.01,20.0,1,100.0
2024-03-02 08:00:00,EQ_B001,Compressor,7639.7,10.4,5.15,23.07,6.25,51.6,0,78.4
2024-03-02 08:00:00,EQ_B002,Water Pump,10108.4,11.1,7.75,15.56,3.27,20.0,1,100.0
2024-03-02 09:00:00,EQ_M001,Compressor,11360.8,13.5,8.0,21.4,6.4,20.0,1,100.0
2024-03-02 09:00:00,EQ_M002,Water Pump,13095.8,18.3,8.0,13.07,2.97,20.0,1,100.0
2024-03-02 09:00:00,EQ_M003,Air Handler,10531.7,13.2,8.0,13.96,3.04,20.0,1,100.0
2024-03-02 09:00:00,EQ_B001,Compressor,7640.2,10.0,5.27,22.32,6.79,51.2,0,78.8
2024-03-02 09:00:00,EQ_B002,Water Pump,10109.0,11.3,7.43,17.75,3.08,20.0,1,100.0
2024-03-02 10:00:00,EQ_M001,Compressor,11361.4,14.3,8.0,20.31,6.39,20.0,1,100.0
2024-03-02 10:00:00,EQ_M002,Water Pump,13096.4,19.3,8.0,12.39,3.13,20.0,1,100.0
2024-03-02 10:00:00,EQ_M003,Air Handler,10532.4,13.2,8.0,14.7,2.97,20.0,1,100.0
2024-03-02 10:00:00,EQ_B001,Compressor,7640.8,10.8,5.51,22.93,6.52,50.5,1,79.5
2024-03-02 10:00:00,EQ_B002,Water Pump,10109.6,10.9,7.58,16.92,2.97,20.0,1,100.0
2024-03-02 11:00:00,EQ_M001,Compressor,11362.2,14.0,8.0,26.01,6.13,20.0,1,100.0
2024-03-02 11:00:00,EQ_M002,Water Pump,13097.4,17.3,8.0,15.79,2.75,20.0,1,100.0
2024-03-02 11:00:00,EQ_M003,Air Handler,10533.2,12.4,8.0,16.7,3.12,20.0,1,100.0
2024-03-02 11:00:00,EQ_B001,Compressor,7641.7,11.3,5.24,23.93,6.49,51.3,0,78.7
2024-03-02 11:00:00,EQ_B002,Water Pump,10110.4,15.3,7.39,15.16,3.28,20.0,1,100.0
2024-03-02 12:00:00,EQ_M001,Compressor,11362.9,15.5,8.0,24.14,6.1,20.0,1,100.0
2024-03-02 12:00:00,EQ_M002,Water Pump,13098.0,20.4,8.0,13.84,3.14,20.0,1,100.0
2024-03-02 12:00:00,EQ_M003,Air Handler,10534.2,13.8,7.64,14.27,2.8,20.0,1,100.0
2024-03-02 12:00:00,EQ_B001,Compressor,7642.7,12.2,4.94,21.36,6.18,52.1,0,77.9
2024-03-02 12:00:00,EQ_B002,Water Pump,10110.9,13.0,7.92,14.77,3.29,20.0,1,100.0
2024-03-02 13:00:00,EQ_M001,Compressor,11363.8,13.2,8.0,17.89,6.66,20.0,1,100.0
2024-03-02 13:00:00,EQ_M002,Water Pump,13098.6,16.9,8.0,12.94,2.95,20.0,1,100.0
2024-03-02 13:00:00,EQ_M003,Air Handler,10534.8,13.6,8.0,15.83,2.92,20.0,1,100.0
2024-03-02 13:00:00,EQ_B001,Compressor,7643.6,11.6,5.38,20.23,6.94,50.8,0,79.2
2024-03-02 13:00:00,EQ_B002,Water Pump,10111.4,11.2,6.7,13.23,2.87,20.0,1,100.0
2024-03-02 14:00:00,EQ_M001,Compressor,11364.7,14.7,8.0,20.74,6.4,20.0,1,100.0
2024-03-02 14:00:00,EQ_M002,Water Pump,13099.6,17.9,8.0,15.61,3.12,20.0,1,100.0
2024-03-02 14:00:00,EQ_M003,Air Handler,10535.7,13.4,7.84,17.82,2.9,20.0,1,100.0
2024-03-02 14:00:00,EQ_B001,Compressor,7644.3,12.0,4.8,21.69,5.78,52.5,0,77.5
2024-03-02 14:00:00,EQ_B002,Water Pump,10111.9,12.4,7.61,13.8,3.14,20.0,1,100.0
2024-03-02 15:00:00,EQ_M001,Compressor,11365.6,14.7,8.0,21.61,6.35,20.0,1,100.0
2024-03-02 15:00:00,EQ_M002,Water Pump,13100.4,17.9,8.0,15.78,3.32,20.0,1,100.0
2024-03-02 15:00:00,EQ_M003,Air Handler,10536.7,13.8,8.0,14.27,3.29,20.0,1,100.0
2024-03-02 15:00:00,EQ_B001,Compressor,7644.9,14.1,5.94,20.34,6.51,49.1,1,80.9
2024-03-02 15:00:00,EQ_B002,Water Pump,10112.5,12.6,7.96,16.89,3.05,20.0,1,100.0
2024-03-02 16:00:00,EQ_M001,Compressor,11366.3,15.3,8.0,22.27,6.25,20.0,1,100.0
2024-03-02 16:00:00,EQ_M002,Water Pump,13101.2,18.8,8.0,15.75,3.15,20.0,1,100.0
2024-03-02 16:00:00,EQ_M003,Air Handler,10537.3,12.6,7.94,14.41,3.11,20.0,1,100.0
2024-03-02 16:00:00,EQ_B001,Compressor,7645.6,12.8,5.26,26.57,6.54,51.1,0,78.9
2024-03-02 16:00:00,EQ_B002,Water Pump,10113.4,12.9,7.58,14.4,2.69,20.0,1,100.0
2024-03-02 17:00:00,EQ_M001,Compressor,11367.0,15.2,8.0,20.97,6.88,20.0,1,100.0
2024-03-02 17:00:00,EQ_M002,Water Pump,13102.0,18.3,8.0,15.71,2.98,20.0,1,100.0
2024-03-02 17:00:00,EQ_M003,Air Handler,10538.2,12.1,8.0,16.19,2.91,20.0,1,100.0
2024-03-02 17:00:00,EQ_B001,Compressor,7646.2,12.9,5.36,21.48,7.25,50.8,0,79.2
2024-03-02 17:00:00,EQ_B002,Water Pump,10114.0,10.4,8.0,13.12,3.06,20.0,1,100.0
2024-03-02 18:00:00,EQ_M001,Compressor,11367.7,13.3,8.0,22.27,6.31,20.0,1,100.0
2024-03-02 18:00:00,EQ_M002,Water Pump,13102.8,19.1,8.0,16.29,2.77,20.0,1,100.0
2024-03-02 18:00:00,EQ_M003,Air Handler,10538.9,14.1,8.0,13.98,3.28,20.0,1,100.0
2024-03-02 18:00:00,EQ_B001,Compressor,7647.0,11.4,5.0,23.01,6.33,51.9,0,78.1
2024-03-02 18:00:00,EQ_B002,Water Pump,10114.7,12.3,8.0,14.93,3.21,20.0,1,100.0
2024-03-02 19:00:00,EQ_M001,Compressor,11368.6,15.2,8.0,22.36,6.69,20.0,1,100.0
2024-03-02 19:00:00,EQ_M002,Water Pump,13103.6,15.3,8.0,14.66,2.82,20.0,1,100.0
2024-03-02 19:00:00,EQ_M003,Air Handler,10539.7,12.1,8.0,15.84,2.83,20.0,1,100.0
2024-03-02 19:00:00,EQ_B001,Compressor,7647.7,14.4,5.83,18.18,6.06,49.4,1,80.6
2024-03-02 19:00:00,EQ_B002,Water Pump,10115.3,10.4,7.85,14.32,3.08,20.0,1,100.0
2024-03-02 20:00:00,EQ_M001,Compressor,11369.2,14.8,8.0,23.62,6.11,20.0,1,100.0
2024-03-02 20:00:00,EQ_M002,Water Pump,13104.2,19.2,8.0,15.43,3.01,20.0,1,100.0
2024-03-02 20:00:00,EQ_M003,Air Handler,10540.2,10.7,7.95,13.63,3.23,20.0,1,100.0
2024-03-02 20:00:00,EQ_B001,Compressor,7648.5,11.6,5.3,22.39,6.77,51.0,0,79.0
2024-03-02 20:00:00,EQ_B002,Water Pump,10116.0,14.7,7.6,14.6,3.0,20.0,1,100.0
2024-03-02 21:00:00,EQ_M001,Compressor,11370.2,15.2,8.0,16.49,6.51,20.0,1,100.0
2024-03-02 21:00:00,EQ_M002,Water Pump,13105.1,18.6,8.0,15.28,3.1,20.0,1,100.0
2024-03-02 21:00:00,EQ_M003,Air Handler,10541.1,12.2,7.92,14.62,2.85,20.0,1,100.0
2024-03-02 21:00:00,EQ_B001,Compressor,7649.4,12.2,5.11,20.69,6.33,51.5,0,78.5
2024-03-02 21:00:00,EQ_B002,Water Pump,10116.8,11.3,7.17,14.36,3.02,20.0,1,100.0
2024-03-02 22:00:00,EQ_M001,Compressor,11370.9,15.5,8.0,19.9,6.78,20.0,1,100.0
2024-03-02 22:00:00,EQ_M002,Water Pump,13106.0,18.6,8.0,13.89,3.2,20.0,1,100.0
2024-03-02 22:00:00,EQ_M003,Air Handler,10541.9,13.1,7.84,13.03,2.78,20.0,1,100.0
2024-03-02 22:00:00,EQ_B001,Compressor,7650.3,11.6,4.95,20.37,6.19,52.0,0,78.0
2024-03-02 22:00:00,EQ_B002,Water Pump,10117.5,12.2,7.85,16.25,2.92,20.0,1,100.0
2024-03-02 23:00:00,EQ_M001,Compressor,11371.8,14.0,8.0,22.37,6.19,20.0,1,100.0
2024-03-02 23:00:00,EQ_M002,Water Pump,13106.9,20.2,8.0,13.98,3.29,20.0,1,100.0
2024-03-02 23:00:00,EQ_M003,Air Handler,10542.6,13.4,7.88,17.04,2.91,20.0,1,100.0
2024-03-02 23:00:00,EQ_B001,Compressor,7650.9,9.4,5.47,21.46,5.94,50.4,0,79.6
2024-03-02 23:00:00,EQ_B002,Water Pump,10118.1,11.5,7.38,11.91,3.1,20.0,1,100.0
2024-03-03 00:00:00,EQ_M001,Compressor,11372.7,14.4,8.0,20.21,6.52,20.0,1,100.0
2024-03-03 00:00:00,EQ_M002,Water Pump,13107.7,18.6,8.0,14.98,3.08,20.0,1,100.0
2024-03-03 00:00:00,EQ_M003,Air Handler,10543.3,13.1,8.0,15.35,3.2,20.0,1,100.0
2024-03-03 00:00:00,EQ_B001,Compressor,7651.6,11.2,5.82,21.52,6.51,49.4,1,80.6
2024-03-03 00:00:00,EQ_B002,Water Pump,10118.9,12.7,7.49,15.63,3.17,20.0,1,100.0
2024-03-03 01:00:00,EQ_M001,Compressor,11373.3,13.3,8.0,23.58,6.59,20.0,1,100.0
2024-03-03 01:00:00,EQ_M002,Water Pump,13108.3,18.2,8.0,15.5,3.16,20.0,1,100.0
2024-03-03 01:00:00,EQ_M003,Air Handler,10544.0,12.1,8.0,15.69,2.77,20.0,1,100.0
2024-03-03 01:00:00,EQ_B001,Compressor,7652.5,13.5,4.35,20.45,6.5,53.8,0,76.2
2024-03-03 01:00:00,EQ_B002,Water Pump,10119.9,12.7,7.06,15.66,3.08,20.0,1,100.0
2024-03-03 02:00:00,EQ_M001,Compressor,11374.1,14.0,8.0,23.27,7.26,20.0,1,100.0
2024-03-03 02:00:00,EQ_M002,Water Pump,13108.9,18.2,8.0,15.98,3.12,20.0,1,100.0
2024-03-03 02:00:00,EQ_M003,Air Handler,10544.7,12.0,7.9,15.16,3.16,20.0,1,100.0
2024-03-03 02:00:00,EQ_B001,Compressor,7653.4,13.7,5.09,20.22,6.55,51.6,0,78.4
2024-03-03 02:00:00,EQ_B002,Water Pump,10120.4,11.1,7.64,15.51,3.11,20.0,1,100.0
2024-03-03 03:00:00,EQ_M001,Compressor,11375.0,13.0,8.0,22.26,6.2,20.0,1,100.0
2024-03-03 03:00:00,EQ_M002,Water Pump,13109.6,17.8,8.0,15.26,3.01,20.0,1,100.0
2024-03-03 03:00:00,EQ_M003,Air Handler,10545.3,13.4,8.0,13.15,2.44,20.0,1,100.0
2024-03-03 03:00:00,EQ_B001,Compressor,7654.2,11.9,5.1,19.01,7.19,51.5,0,78.5
2024-03-03 03:00:00,EQ_B002,Water Pump,10121.2,11.8,7.85,17.14,3.02,20.0,1,100.0
2024-03-03 04:00:00,EQ_M001,Compressor,11375.9,13.5,8.0,24.42,6.92,20.0,1,100.0
2024-03-03 04:00:00,EQ_M002,Water Pump,13110.1,18.5,8.0,13.81,2.7,20.0,1,100.0
2024-03-03 04:00:00,EQ_M003,Air Handler,10546.2,13.4,7.34,15.3,3.05,20.0,1,100.0
2024-03-03 04:00:00,EQ_B001,Compressor,7655.1,10.6,5.14,20.89,5.91,51.4,0,78.6
2024-03-03 04:00:00,EQ_B002,Water Pump,10122.1,11.2,7.65,16.32,3.08,20.0,1,100.0
2024-03-03 05:00:00,EQ_M001,Compressor,11376.5,14.8,8.0,22.32,6.59,20.0,1,100.0
2024-03-03 05:00:00,EQ_M002,Water Pump,13110.7,18.7,8.0,15.25,2.89,20.0,1,100.0
2024-03-03 05:00:00,EQ_M003,Air Handler,10547.0,12.1,7.52,13.7,2.94,20.0,1,100.0
2024-03-03 05:00:00,EQ_B001,Compressor,7655.6,12.2,5.29,22.02,6.61,50.9,0,79.1
2024-03-03 05:00:00,EQ_B002,Water Pump,10122.7,12.0,8.0,14.25,3.31,20.0,1,100.0
2024-03-03 06:00:00,EQ_M001,Compressor,11377.0,16.1,8.0,22.01,6.82,20.0,1,100.0
2024-03-03 06:00:00,EQ_M002,Water Pump,13111.6,19.7,8.0,17.03,3.0,20.0,1,100.0
2024-03-03 06:00:00,EQ_M003,Air Handler,10547.6,13.3,7.66,16.3,2.71,20.0,1,100.0
2024-03-03 06:00:00,EQ_B001,Compressor,7656.4,11.0,5.25,21.84,6.67,51.0,0,79.0
2024-03-03 06:00:00,EQ_B002,Water Pump,10123.4,13.6,7.31,13.99,2.38,20.0,1,100.0
2024-03-03 07:00:00,EQ_M001,Compressor,11377.6,12.9,8.0,23.21,6.31,20.0,1,100.0
2024-03-03 07:00:00,EQ_M002,Water Pump,13112.5,18.8,8.0,14.48,3.06,20.0,1,100.0
2024-03-03 07:00:00,EQ_M003,Air Handler,10548.3,12.3,8.0,14.36,3.36,20.0,1,100.0
2024-03-03 07:00:00,EQ_B001,Compressor,7657.1,11.4,5.39,21.13,7.08,50.6,0,79.4
2024-03-03 07:00:00,EQ_B002,Water Pump,10124.2,12.0,7.08,15.96,3.03,20.0,1,100.0
2024-03-03 08:00:00,EQ_M001,Compressor,11378.5,15.5,8.0,21.85,6.5,20.0,1,100.0
2024-03-03 08:00:00,EQ_M002,Water Pump,13113.5,18.7,8.0,15.45,3.02,20.0,1,100.0
2024-03-03 08:00:00,EQ_M003,Air Handler,10549.0,12.0,8.0,14.26,3.06,20.0,1,100.0
2024-03-03 08:00:00,EQ_B001,Compressor,7658.0,11.0,4.75,20.96,6.23,52.5,0,77.5
2024-03-03 08:00:00,EQ_B002,Water Pump,10125.1,12.3,7.82,15.0,3.24,20.0,1,100.0
2024-03-03 09:00:00,EQ_M001,Compressor,11379.1,13.1,8.0,19.93,6.15,20.0,1,100.0
2024-03-03 09:00:00,EQ_M002,Water Pump,13114.0,17.5,8.0,12.99,3.19,20.0,1,100.0
2024-03-03 09:00:00,EQ_M003,Air Handler,10549.6,11.6,8.0,14.16,3.37,20.0,1,100.0
2024-03-03 09:00:00,EQ_B001,Compressor,7658.7,12.5,5.72,21.82,6.44,49.6,1,80.4
2024-03-03 09:00:00,EQ_B002,Water Pump,10126.1,11.8,7.81,14.23,2.91,20.0,1,100.0
2024-03-03 10:00:00,EQ_M001,Compressor,11379.8,15.2,8.0,24.12,6.42,20.0,1,100.0
2024-03-03 10:00:00,EQ_M002,Water Pump,13115.0,19.6,8.0,12.36,2.96,20.0,1,100.0
2024-03-03 10:00:00,EQ_M003,Air Handler,10550.5,11.1,8.0,13.35,2.66,20.0,1,100.0
2024-03-03 10:00:00,EQ_B001,Compressor,7659.2,9.5,5.76,21.71,6.79,49.5,1,80.5
2024-03-03 10:00:00,EQ_B002,Water Pump,10126.7,11.3,7.7,11.72,3.03,20.0,1,100.0
2024-03-03 11:00:00,EQ_M001,Compressor,11380.6,14.9,8.0,21.12,6.38,20.0,1,100.0
2024-03-03 11:00:00,EQ_M002,Water Pump,13115.8,18.0,8.0,12.8,3.07,20.0,1,100.0
2024-03-03 11:00:00,EQ_M003,Air Handler,10551.2,12.1,8.0,14.49,2.98,20.0,1,100.0
2024-03-03 11:00:00,EQ_B001,Compressor,7660.1,12.3,5.06,24.06,6.22,51.6,0,78.4
2024-03-03 11:00:00,EQ_B002,Water Pump,10127.2,11.6,6.8,16.5,3.13,20.0,1,100.0
2024-03-03 12:00:00,EQ_M001,Compressor,11381.1,14.8,8.0,21.67,6.92,20.0,1,100.0
2024-03-03 12:00:00,EQ_M002,Water Pump,13116.7,18.4,8.0,14.13,3.19,20.0,1,100.0
2024-03-03 12:00:00,EQ_M003,Air Handler,10551.8,13.3,7.47,14.43,3.15,20.0,1,100.0
2024-03-03 12:00:00,EQ_B001,Compressor,7660.9,12.2,4.96,20.77,6.35,51.9,0,78.1
2024-03-03 12:00:00,EQ_B002,Water Pump,10128.2,11.1,7.63,15.38,3.03,20.0,1,100.0
2024-03-03 13:00:00,EQ_M001,Compressor,11381.7,14.2,8.0,22.56,6.07,20.0,1,100.0
2024-03-03 13:00:00,EQ_M002,Water Pump,13117.5,18.5,8.0,15.12,2.9,20.0,1,100.0
2024-03-03 13:00:00,EQ_M003,Air Handler,10552.5,10.9,8.0,16.78,2.99,20.0,1,100.0
2024-03-03 13:00:00,EQ_B001,Compressor,7661.9,11.5,5.35,24.72,6.29,50.7,0,79.3
2024-03-03 13:00:00,EQ_B002,Water Pump,10128.9,11.8,7.35,12.27,3.05,20.0,1,100.0
2024-03-03 14:00:00,EQ_M001,Compressor,11382.4,14.6,8.0,23.08,6.78,20.0,1,100.0
2024-03-03 14:00:00,EQ_M002,Water Pump,13118.5,18.5,8.0,16.29,3.03,20.0,1,100.0
2024-03-03 14:00:00,EQ_M003,Air Handler,10553.2,12.7,8.0,15.17,2.68,20.0,1,100.0
2024-03-03 14:00:00,EQ_B001,Compressor,7662.8,12.1,5.27,21.9,6.14,50.9,0,79.1
2024-03-03 14:00:00,EQ_B002,Water Pump,10129.6,10.8,7.42,14.49,3.27,20.0,1,100.0
2024-03-03 15:00:00,EQ_M001,Compressor,11383.2,13.5,8.0,22.8,7.05,20.0,1,100.0
2024-03-03 15:00:00,EQ_M002,Water Pump,13119.1,18.3,8.0,16.65,3.47,20.0,1,100.0
2024-03-03 15:00:00,EQ_M003,Air Handler,10553.8,13.1,8.0,18.78,2.8,20.0,1,100.0
2024-03-03 15:00:00,EQ_B001,Compressor,7663.7,11.9,4.72,21.25,6.19,52.5,0,77.5
2024-03-03 15:00:00,EQ_B002,Water Pump,10130.5,11.9,7.23,14.05,2.64,20.0,1,100.0
2024-03-03 16:00:00,EQ_M001,Compressor,11383.8,15.1,8.0,21.4,6.62,20.0,1,100.0
2024-03-03 16:00:00,EQ_M002,Water Pump,13119.6,19.0,8.0,12.36,3.0,20.0,1,100.0
2024-03-03 16:00:00,EQ_M003,Air Handler,10554.5,14.9,8.0,12.23,2.89,20.0,1,100.0
2024-03-03 16:00:00,EQ_B001,Compressor,7664.5,11.8,4.67,20.78,6.77,52.7,0,77.3
2024-03-03 16:00:00,EQ_B002,Water Pump,10131.0,12.3,7.87,13.29,3.03,20.0,1,100.0
2024-03-03 17:00:00,EQ_M001,Compressor,11384.5,14.4,8.0,22.22,6.7,20.0,1,100.0
2024-03-03 17:00:00,EQ_M002,Water Pump,13120.2,18.1,8.0,14.58,3.01,20.0,1,100.0
2024-03-03 17:00:00,EQ_M003,Air Handler,10555.0,11.8,7.96,14.08,2.91,20.0,1,100.0
2024-03-03 17:00:00,EQ_B001,Compressor,7665.4,12.1,5.26,20.81,6.51,50.9,0,79.1
2024-03-03 17:00:00,EQ_B002,Water Pump,10132.0,12.0,6.85,13.19,3.13,20.0,1,100.0
2024-03-03 18:00:00,EQ_M001,Compressor,11385.3,16.1,8.0,17.75,6.22,20.0,1,100.0
2024-03-03 18:00:00,EQ_M002,Water Pump,13120.8,16.4,8.0,15.15,2.91,20.0,1,100.0
2024-03-03 18:00:00,EQ_M003,Air Handler,10555.8,10.8,8.0,14.73,3.26,20.0,1,100.0
2024-03-03 18:00:00,EQ_B001,Compressor,7666.4,10.4,5.3,18.87,6.72,50.8,0,79.2
2024-03-03 18:00:00,EQ_B002,Water Pump,10132.7,11.3,7.86,14.1,3.07,20.0,1,100.0
2024-03-03 19:00:00,EQ_M001,Compressor,11386.1,14.7,8.0,21.14,6.64,20.0,1,100.0
2024-03-03 19:00:00,EQ_M002,Water Pump,13121.4,17.9,8.0,18.29,2.8,20.0,1,100.0
2024-03-03 19:00:00,EQ_M003,Air Handler,10556.6,13.0,8.0,14.7,3.19,20.0,1,100.0
2024-03-03 19:00:00,EQ_B001,Compressor,7667.3,11.1,5.47,23.36,6.07,50.2,0,79.8
2024-03-03 19:00:00,EQ_B002,Water Pump,10133.3,14.8,8.0,12.91,3.16,20.0,1,100.0
2024-03-03 20:00:00,EQ_M001,Compressor,11387.0,15.1,8.0,23.16,6.53,20.0,1,100.0
2024-03-03 20:00:00,EQ_M002,Water Pump,13122.1,16.2,8.0,13.42,3.03,20.0,1,100.0
2024-03-03 20:00:00,EQ_M003,Air Handler,10557.4,14.0,8.0,14.79,3.48,20.0,1,100.0
2024-03-03 20:00:00,EQ_B001,Compressor,7667.8,12.0,4.77,20.99,6.94,52.3,0,77.7
2024-03-03 20:00:00,EQ_B002,Water Pump,10134.0,11.5,7.31,15.84,2.92,20.0,1,100.0
2024-03-03 21:00:00,EQ_M001,Compressor,11387.6,13.1,8.0,24.57,6.49,20.0,1,100.0
2024-03-03 21:00:00,EQ_M002,Water Pump,13122.9,17.9,8.0,13.73,3.07,20.0,1,100.0
2024-03-03 21:00:00,EQ_M003,Air Handler,10558.0,13.6,7.69,18.12,2.88,20.0,1,100.0
2024-03-03 21:00:00,EQ_B001,Compressor,7668.6,11.6,5.08,23.0,6.43,51.4,0,78.6
2024-03-03 21:00:00,EQ_B002,Water Pump,10134.6,12.6,8.0,14.36,3.05,20.0,1,100.0
2024-03-03 22:00:00,EQ_M001,Compressor,11388.4,16.4,8.0,19.18,6.28,20.0,1,100.0
2024-03-03 22:00:00,EQ_M002,Water Pump,13123.8,15.1,8.0,15.72,2.71,20.0,1,100.0
2024-03-03 22:00:00,EQ_M003,Air Handler,10558.7,14.7,8.0,14.52,2.86,20.0,1,100.0
2024-03-03 22:00:00,EQ_B001,Compressor,7669.5,11.9,5.18,22.07,6.57,51.1,0,78.9
2024-03-03 22:00:00,EQ_B002,Water Pump,10135.5,12.4,7.97,15.53,3.18,20.0,1,100.0
2024-03-03 23:00:00,EQ_M001,Compressor,11389.3,16.0,8.0,21.44,6.0,20.0,1,100.0
2024-03-03 23:00:00,EQ_M002,Water Pump,13124.5,16.7,8.0,14.75,3.36,20.0,1,100.0
2024-03-03 23:00:00,EQ_M003,Air Handler,10559.4,13.6,8.0,14.98,3.01,20.0,1,100.0
2024-03-03 23:00:00,EQ_B001,Compressor,7670.3,12.5,4.86,23.26,6.83,52.0,0,78.0
2024-03-03 23:00:00,EQ_B002,Water Pump,10136.1,11.7,7.67,13.88,2.95,20.0,1,100.0
2024-03-04 00:00:00,EQ_M001,Compressor,11390.0,12.8,8.0,23.36,6.76,20.0,1,100.0
2024-03-04 00:00:00,EQ_M002,Water Pump,13125.1,17.6,8.0,15.72,3.19,20.0,1,100.0
2024-03-04 00:00:00,EQ_M003,Air Handler,10560.1,12.8,7.66,14.67,2.91,20.0,1,100.0
2024-03-04 00:00:00,EQ_B001,Compressor,7671.1,12.7,4.88,19.19,7.01,52.0,0,78.0
2024-03-04 00:00:00,EQ_B002,Water Pump,10137.0,10.7,7.87,15.07,3.07,20.0,1,100.0
2024-03-04 01:00:00,EQ_M001,Compressor,11390.6,14.7,8.0,18.12,6.67,20.0,1,100.0
2024-03-04 01:00:00,EQ_M002,Water Pump,13125.7,17.7,8.0,13.64,3.38,20.0,1,100.0
2024-03-04 01:00:00,EQ_M003,Air Handler,10560.8,12.3,8.0,16.14,2.65,20.0,1,100.0
2024-03-04 01:00:00,EQ_B001,Compressor,7671.7,10.4,4.72,20.16,6.42,52.4,0,77.6
2024-03-04 01:00:00,EQ_B002,Water Pump,10137.8,12.0,7.53,13.66,3.34,20.0,1,100.0
2024-03-04 02:00:00,EQ_M001,Compressor,11391.1,14.0,8.0,21.43,6.27,20.0,1,100.0
2024-03-04 02:00:00,EQ_M002,Water Pump,13126.7,16.9,8.0,11.99,3.12,20.0,1,100.0
2024-03-04 02:00:00,EQ_M003,Air Handler,10561.8,15.0,8.0,13.41,3.26,20.0,1,100.0
2024-03-04 02:00:00,EQ_B001,Compressor,7672.2,11.6,5.4,22.11,6.97,50.4,0,79.6
2024-03-04 02:00:00,EQ_B002,Water Pump,10138.7,10.9,7.59,13.3,2.96,20.0,1,100.0
2024-03-04 03:00:00,EQ_M001,Compressor,11392.0,15.1,8.0,27.82,5.97,20.0,1,100.0
2024-03-04 03:00:00,EQ_M002,Water Pump,13127.6,18.8,8.0,14.67,3.17,20.0,1,100.0
2024-03-04 03:00:00,EQ_M003,Air Handler,10562.6,12.9,7.65,13.43,3.21,20.0,1,100.0
2024-03-04 03:00:00,EQ_B001,Compressor,7673.1,12.1,5.31,22.07,6.15,50.7,0,79.3
2024-03-04 03:00:00,EQ_B002,Water Pump,10139.7,12.0,8.0,16.71,2.94,20.0,1,100.0
2024-03-04 04:00:00,EQ_M001,Compressor,11392.6,14.2,8.0,23.35,6.26,20.0,1,100.0
2024-03-04 04:00:00,EQ_M002,Water Pump,13128.1,16.4,8.0,16.08,2.55,20.0,1,100.0
2024-03-04 04:00:00,EQ_M003,Air Handler,10563.1,14.8,7.8,12.69,2.87,20.0,1,100.0
2024-03-04 04:00:00,EQ_B001,Compressor,7674.0,12.2,5.05,20.68,6.67,51.4,0,78.6
2024-03-04 04:00:00,EQ_B002,Water Pump,10140.3,11.4,7.37,15.07,3.16,20.0,1,100.0
2024-03-04 05:00:00,EQ_M001,Compressor,11393.1,13.7,8.0,24.86,6.44,20.0,1,100.0
2024-03-04 05:00:00,EQ_M002,Water Pump,13128.9,16.9,8.0,15.51,3.34,20.0,1,100.0
2024-03-04 05:00:00,EQ_M003,Air Handler,10563.8,12.7,7.98,17.72,2.96,20.0,1,100.0
2024-03-04 05:00:00,EQ_B001,Compressor,7674.8,12.0,5.25,19.95,6.64,50.8,0,79.2
2024-03-04 05:00:00,EQ_B002,Water Pump,10141.0,12.4,8.0,14.82,2.86,20.0,1,100.0
2024-03-04 06:00:00,EQ_M001,Compressor,11393.9,14.9,8.0,23.41,6.43,20.0,1,100.0
2024-03-04 06:00:00,EQ_M002,Water Pump,13129.5,16.5,8.0,15.55,3.26,20.0,1,100.0
2024-03-04 06:00:00,EQ_M003,Air Handler,10564.3,13.0,8.0,13.64,3.07,20.0,1,100.0
2024-03-04 06:00:00,EQ_B001,Compressor,7675.4,12.4,4.85,21.75,6.61,52.0,0,78.0
2024-03-04 06:00:00,EQ_B002,Water Pump,10141.6,10.3,7.76,17.43,2.83,20.0,1,100.0
2024-03-04 07:00:00,EQ_M001,Compressor,11394.7,14.4,8.0,21.83,6.71,20.0,1,100.0
2024-03-04 07:00:00,EQ_M002,Water Pump,13130.2,18.2,8.0,16.44,3.26,20.0,1,100.0
2024-03-04 07:00:00,EQ_M003,Air Handler,10564.9,12.3,8.0,14.05,2.69,20.0,1,100.0
2024-03-04 07:00:00,EQ_B001,Compressor,7676.0,11.4,4.96,24.05,6.57,51.7,0,78.3
2024-03-04 07:00:00,EQ_B002,Water Pump,10142.3,10.9,6.94,15.77,2.99,20.0,1,100.0
2024-03-04 08:00:00,EQ_M001,Compressor,11395.5,14.5,8.0,18.45,6.64,20.0,1,100.0
2024-03-04 08:00:00,EQ_M002,Water Pump,13131.1,18.6,8.0,17.64,2.75,20.0,1,100.0
2024-03-04 08:00:00,EQ_M003,Air Handler,10565.8,12.9,8.0,12.14,3.03,20.0,1,100.0
2024-03-04 08:00:00,EQ_B001,Compressor,7676.8,13.0,4.86,20.53,6.73,52.0,0,78.0
2024-03-04 08:00:00,EQ_B002,Water Pump,10142.9,11.7,7.72,14.8,3.19,20.0,1,100.0
2024-03-04 09:00:00,EQ_M001,Compressor,11396.2,14.9,8.0,25.53,6.83,20.0,1,100.0
2024-03-04 09:00:00,EQ_M002,Water Pump,13132.0,19.8,8.0,15.58,3.11,20.0,1,100.0
2024-03-04 09:00:00,EQ_M003,Air Handler,10566.3,14.6,8.0,14.93,2.85,20.0,1,100.0
2024-03-04 09:00:00,EQ_B001,Compressor,7677.6,12.4,5.18,22.39,6.31,51.0,0,79.0
2024-03-04 09:00:00,EQ_B002,Water Pump,10143.9,11.9,7.27,18.04,2.98,20.0,1,100.0
2024-03-04 10:00:00,EQ_M001,Compressor,11397.1,14.5,8.0,24.24,6.29,20.0,1,100.0
2024-03-04 10:00:00,EQ_M002,Water Pump,13132.6,17.8,8.0,18.43,3.09,20.0,1,100.0
2024-03-04 10:00:00,EQ_M003,Air Handler,10567.3,11.6,8.0,15.61,2.89,20.0,1,100.0
2024-03-04 10:00:00,EQ_B001,Compressor,7678.5,11.5,5.06,21.63,6.34,51.3,0,78.7
2024-03-04 10:00:00,EQ_B002,Water Pump,10144.8,13.3,8.0,14.49,2.85,20.0,1,100.0
2024-03-04 11:00:00,EQ_M001,Compressor,11398.0,12.3,8.0,23.29,6.5,20.0,1,100.0
2024-03-04 11:00:00,EQ_M002,Water Pump,13133.2,16.9,8.0,16.83,3.45,20.0,1,100.0
2024-03-04 11:00:00,EQ_M003,Air Handler,10568.1,12.5,8.0,15.61,2.66,20.0,1,100.0
2024-03-04 11:00:00,EQ_B001,Compressor,7679.2,12.0,5.13,22.63,6.42,51.1,0,78.9
2024-03-04 11:00:00,EQ_B002,Water Pump,10145.7,12.7,7.61,12.42,2.93,20.0,1,100.0
2024-03-04 12:00:00,EQ_M001,Compressor,11398.6,13.5,8.0,23.04,6.36,20.0,1,100.0
2024-03-04 12:00:00,EQ_M002,Water Pump,13133.8,17.3,8.0,18.0,2.65,20.0,1,100.0
2024-03-04 12:00:00,EQ_M003,Air Handler,10568.9,12.5,7.8,12.52,2.7,20.0,1,100.0
2024-03-04 12:00:00,EQ_B001,Compressor,7679.8,11.6,5.49,20.96,6.35,50.0,0,80.0
2024-03-04 12:00:00,EQ_B002,Water Pump,10146.3,12.3,7.72,15.84,2.75,20.0,1,100.0
2024-03-04 13:00:00,EQ_M001,Compressor,11399.3,15.2,8.0,23.41,6.7,20.0,1,100.0
2024-03-04 13:00:00,EQ_M002,Water Pump,13134.8,18.7,8.0,14.71,2.96,20.0,1,100.0
2024-03-04 13:00:00,EQ_M003,Air Handler,10569.5,12.5,7.69,14.23,2.79,20.0,1,100.0
2024-03-04 13:00:00,EQ_B001,Compressor,7680.6,11.2,5.37,23.09,6.49,50.4,0,79.6
2024-03-04 13:00:00,EQ_B002,Water Pump,10146.9,12.6,7.12,13.23,2.85,20.0,1,100.0
2024-03-04 14:00:00,EQ_M001,Compressor,11399.9,15.6,8.0,22.6,6.89,20.0,1,100.0
2024-03-04 14:00:00,EQ_M002,Water Pump,13135.7,19.3,8.0,15.37,2.66,20.0,1,100.0
2024-03-04 14:00:00,EQ_M003,Air Handler,10570.3,13.1,7.94,15.82,2.87,20.0,1,100.0
2024-03-04 14:00:00,EQ_B001,Compressor,7681.5,11.4,5.67,20.64,6.5,49.5,1,80.5
2024-03-04 14:00:00,EQ_B002,Water Pump,10147.7,11.5,7.26,14.34,2.53,20.0,1,100.0
2024-03-04 15:00:00,EQ_M001,Compressor,11400.8,13.3,8.0,18.91,7.03,20.0,1,100.0
2024-03-04 15:00:00,EQ_M002,Water Pump,13136.6,17.6,8.0,15.66,2.95,20.0,1,100.0
2024-03-04 15:00:00,EQ_M003,Air Handler,10570.8,13.7,8.0,13.97,2.95,20.0,1,100.0
2024-03-04 15:00:00,EQ_B001,Compressor,7682.4,12.7,4.34,23.87,6.26,53.4,0,76.6
2024-03-04 15:00:00,EQ_B002,Water Pump,10148.3,11.9,7.67,16.85,3.0,20.0,1,100.0
2024-03-04 16:00:00,EQ_M001,Compressor,11401.4,13.4,8.0,21.68,6.57,20.0,1,100.0
2024-03-04 16:00:00,EQ_M002,Water Pump,13137.2,17.8,8.0,14.87,3.19,20.0,1,100.0
2024-03-04 16:00:00,EQ_M003,Air Handler,10571.8,14.4,8.0,14.69,2.98,20.0,1,100.0
2024-03-04 16:00:00,EQ_B001,Compressor,7683.0,11.5,5.48,21.28,6.6,50.0,0,80.0
2024-03-04 16:00:00,EQ_B002,Water Pump,10149.0,11.7,7.62,16.76,3.15,20.0,1,100.0
2024-03-04 17:00:00,EQ_M001,Compressor,11402.1,13.3,8.0,20.35,6.61,20.0,1,100.0
2024-03-04 17:00:00,EQ_M002,Water Pump,13138.0,17.8,8.0,14.79,3.08,20.0,1,100.0
2024-03-04 17:00:00,EQ_M003,Air Handler,10572.7,12.1,8.0,15.79,2.71,20.0,1,100.0
2024-03-04 17:00:00,EQ_B001,Compressor,7683.6,10.5,5.59,20.25,6.25,49.7,1,80.3
2024-03-04 17:00:00,EQ_B002,Water Pump,10149.7,13.9,7.51,16.3,2.31,20.0,1,100.0
2024-03-04 18:00:00,EQ_M001,Compressor,11402.6,14.0,8.0,22.03,6.69,20.0,1,100.0
2024-03-04 18:00:00,EQ_M002,Water Pump,13138.7,17.6,8.0,16.61,2.89,20.0,1,100.0
2024-03-04 18:00:00,EQ_M003,Air Handler,10573.6,11.9,8.0,15.37,3.35,20.0,1,100.0
2024-03-04 18:00:00,EQ_B001,Compressor,7684.2,11.7,5.26,19.61,6.38,50.7,0,79.3
2024-03-04 18:00:00,EQ_B002,Water Pump,10150.7,10.6,7.59,16.05,3.25,20.0,1,100.0
2024-03-04 19:00:00,EQ_M001,Compressor,11403.2,13.6,8.0,20.62,6.26,20.0,1,100.0
2024-03-04 19:00:00,EQ_M002,Water Pump,13139.4,17.0,8.0,16.14,2.92,20.0,1,100.0
2024-03-04 19:00:00,EQ_M003,Air Handler,10574.1,13.0,8.0,14.97,3.08,20.0,1,100.0
2024-03-04 19:00:00,EQ_B001,Compressor,7685.1,11.0,5.54,21.32,6.39,49.8,1,80.2
2024-03-04 19:00:00,EQ_B002,Water Pump,10151.2,12.3,7.36,15.23,2.88,20.0,1,100.0
2024-03-04 20:00:00,EQ_M001,Compressor,11404.0,15.8,8.0,25.76,6.62,20.0,1,100.0
2024-03-04 20:00:00,EQ_M002,Water Pump,13140.3,19.3,8.0,14.69,3.05,20.0,1,100.0
2024-03-04 20:00:00,EQ_M003,Air Handler,10574.6,12.3,8.0,15.47,3.22,20.0,1,100.0
2024-03-04 20:00:00,EQ_B001,Compressor,7685.6,12.8,5.31,20.35,6.44,50.5,0,79.5
2024-03-04 20:00:00,EQ_B002,Water Pump,10151.9,13.0,7.95,15.66,3.04,20.0,1,100.0
2024-03-04 21:00:00,EQ_M001,Compressor,11404.5,14.7,8.0,20.97,6.09,20.0,1,100.0
2024-03-04 21:00:00,EQ_M002,Water Pump,13141.1,18.9,8.0,17.7,3.16,20.0,1,100.0
2024-03-04 21:00:00,EQ_M003,Air Handler,10575.2,13.2,7.84,17.14,3.1,20.0,1,100.0
2024-03-04 21:00:00,EQ_B001,Compressor,7686.3,11.4,4.96,21.01,6.51,51.5,0,78.5
2024-03-04 21:00:00,EQ_B002,Water Pump,10152.8,12.2,7.38,13.44,3.24,20.0,1,100.0
2024-03-04 22:00:00,EQ_M001,Compressor,11405.3,13.4,8.0,24.5,6.5,20.0,1,100.0
2024-03-04 22:00:00,EQ_M002,Water Pump,13141.7,18.6,8.0,11.97,2.87,20.0,1,100.0
2024-03-04 22:00:00,EQ_M003,Air Handler,10575.8,12.4,8.0,13.62,3.09,20.0,1,100.0
2024-03-04 22:00:00,EQ_B001,Compressor,7687.0,12.4,5.26,21.86,6.31,50.6,0,79.4
2024-03-04 22:00:00,EQ_B002,Water Pump,10153.5,11.2,7.78,13.87,2.7,20.0,1,100.0
2024-03-04 23:00:00,EQ_M001,Compressor,11406.2,14.6,8.0,22.01,6.81,20.0,1,100.0
2024-03-04 23:00:00,EQ_M002,Water Pump,13142.2,17.6,8.0,14.97,3.18,20.0,1,100.0
2024-03-04 23:00:00,EQ_M003,Air Handler,10576.6,12.4,8.0,16.7,3.05,20.0,1,100.0
2024-03-04 23:00:00,EQ_B001,Compressor,7687.6,14.1,5.45,20.57,6.71,50.0,0,80.0
2024-03-04 23:00:00,EQ_B002,Water Pump,10154.2,12.3,7.77,15.36,3.08,20.0,1,100.0
2024-03-05 00:00:00,EQ_M001,Compressor,11407.1,12.7,8.0,23.0,6.65,20.0,1,100.0
2024-03-05 00:00:00,EQ_M002,Water Pump,13143.2,18.2,8.0,15.12,3.21,20.0,1,100.0
2024-03-05 00:00:00,EQ_M003,Air Handler,10577.6,12.7,8.0,13.4,2.97,20.0,1,100.0
2024-03-05 00:00:00,EQ_B001,Compressor,7688.6,10.9,5.33,21.3,6.73,50.4,0,79.6
2024-03-05 00:00:00,EQ_B002,Water Pump,10155.1,12.4,7.42,13.41,3.04,20.0,1,100.0
2024-03-05 01:00:00,EQ_M001,Compressor,11407.6,12.8,8.0,23.53,6.54,20.0,1,100.0
2024-03-05 01:00:00,EQ_M002,Water Pump,13144.1,18.2,8.0,14.16,3.01,20.0,1,100.0
2024-03-05 01:00:00,EQ_M003,Air Handler,10578.5,11.2,8.0,12.89,3.1,20.0,1,100.0
2024-03-05 01:00:00,EQ_B001,Compressor,7689.4,11.8,5.2,20.68,7.07,50.8,0,79.2
2024-03-05 01:00:00,EQ_B002,Water Pump,10155.9,11.9,7.9,14.37,3.24,20.0,1,100.0
2024-03-05 02:00:00,EQ_M001,Compressor,11408.4,14.3,8.0,19.62,6.9,20.0,1,100.0
2024-03-05 02:00:00,EQ_M002,Water Pump,13144.9,17.5,8.0,16.33,3.27,20.0,1,100.0
2024-03-05 02:00:00,EQ_M003,Air Handler,10579.5,13.0,7.8,13.23,3.1,20.0,1,100.0
2024-03-05 02:00:00,EQ_B001,Compressor,7690.0,12.1,5.19,21.45,6.3,50.8,0,79.2
2024-03-05 02:00:00,EQ_B002,Water Pump,10156.5,10.9,7.52,16.33,2.97,20.0,1,100.0
2024-03-05 03:00:00,EQ_M001,Compressor,11409.2,13.6,8.0,21.68,6.19,20.0,1,100.0
2024-03-05 03:00:00,EQ_M002,Water Pump,13145.9,18.6,8.0,16.76,3.15,20.0,1,100.0
2024-03-05 03:00:00,EQ_M003,Air Handler,10580.1,13.3,7.79,13.37,3.01,20.0,1,100.0
2024-03-05 03:00:00,EQ_B001,Compressor,7690.9,11.5,5.66,23.21,6.87,49.4,1,80.6
2024-03-05 03:00:00,EQ_B002,Water Pump,10157.4,10.4,7.75,12.77,2.97,20.0,1,100.0
2024-03-05 04:00:00,EQ_M001,Compressor,11409.9,13.0,8.0,19.1,6.68,20.0,1,100.0
2024-03-05 04:00:00,EQ_M002,Water Pump,13146.8,18.5,8.0,16.88,2.96,20.0,1,100.0
2024-03-05 04:00:00,EQ_M003,Air Handler,10580.8,13.4,7.83,15.11,2.61,20.0,1,100.0
2024-03-05 04:00:00,EQ_B001,Compressor,7691.8,12.3,5.27,21.43,6.32,50.5,0,79.5
2024-03-05 04:00:00,EQ_B002,Water Pump,10158.4,12.8,7.6,15.08,2.93,20.0,1,100.0
2024-03-05 05:00:00,EQ_M001,Compressor,11410.6,15.1,8.0,20.48,6.12,20.0,1,100.0
2024-03-05 05:00:00,EQ_M002,Water Pump,13147.5,18.0,8.0,16.43,3.08,20.0,1,100.0
2024-03-05 05:00:00,EQ_M003,Air Handler,10581.7,12.4,8.0,14.94,3.38,20.0,1,100.0
2024-03-05 05:00:00,EQ_B001,Compressor,7692.5,11.6,5.74,26.89,6.51,49.1,1,80.9
2024-03-05 05:00:00,EQ_B002,Water Pump,10159.0,12.4,7.71,12.74,2.87,20.0,1,100.0
2024-03-05 06:00:00,EQ_M001,Compressor,11411.4,15.3,8.0,23.21,6.89,20.0,1,100.0
2024-03-05 06:00:00,EQ_M002,Water Pump,13148.1,19.4,8.0,14.18,2.98,20.0,1,100.0
2024-03-05 06:00:00,EQ_M003,Air Handler,10582.6,13.1,7.85,16.0,2.75,20.0,1,100.0
2024-03-05 06:00:00,EQ_B001,Compressor,7693.3,10.7,5.72,18.49,6.7,49.2,1,80.8
2024-03-05 06:00:00,EQ_B002,Water Pump,10160.0,12.8,8.0,14.4,3.11,20.0,1,100.0
2024-03-05 07:00:00,EQ_M001,Compressor,11412.2,13.3,8.0,24.87,6.23,20.0,1,100.0
2024-03-05 07:00:00,EQ_M002,Water Pump,13148.9,17.8,8.0,12.95,2.91,20.0,1,100.0
2024-03-05 07:00:00,EQ_M003,Air Handler,10583.3,11.9,8.0,13.2,2.85,20.0,1,100.0
2024-03-05 07:00:00,EQ_B001,Compressor,7694.1,12.8,5.03,23.99,6.56,51.2,0,78.8
2024-03-05 07:00:00,EQ_B002,Water Pump,10161.0,11.8,7.33,18.49,3.13,20.0,1,100.0
2024-03-05 08:00:00,EQ_M001,Compressor,11413.1,15.9,8.0,19.18,6.56,20.0,1,100.0
2024-03-05 08:00:00,EQ_M002,Water Pump,13149.7,16.3,8.0,13.04,2.96,20.0,1,100.0
2024-03-05 08:00:00,EQ_M003,Air Handler,10583.9,13.7,8.0,14.97,3.12,20.0,1,100.0
2024-03-05 08:00:00,EQ_B001,Compressor,7695.1,9.7,5.31,21.7,6.72,50.4,0,79.6
2024-03-05 08:00:00,EQ_B002,Water Pump,10161.6,13.6,7.57,15.98,3.23,20.0,1,100.0
2024-03-05 09:00:00,EQ_M001,Compressor,11413.9,13.2,8.0,20.69,7.02,20.0,1,100.0
2024-03-05 09:00:00,EQ_M002,Water Pump,13150.3,18.8,8.0,14.61,2.61,20.0,1,100.0
2024-03-05 09:00:00,EQ_M003,Air Handler,10584.4,12.0,7.7,15.02,2.9,20.0,1,100.0
2024-03-05 09:00:00,EQ_B001,Compressor,7695.9,11.9,5.21,26.36,6.9,50.7,0,79.3
2024-03-05 09:00:00,EQ_B002,Water Pump,10162.1,10.5,7.81,16.29,3.23,20.0,1,100.0
2024-03-05 10:00:00,EQ_M001,Compressor,11414.4,13.8,8.0,23.71,6.61,20.0,1,100.0
2024-03-05 10:00:00,EQ_M002,Water Pump,13150.9,18.7,8.0,16.24,2.98,20.0,1,100.0
2024-03-05 10:00:00,EQ_M003,Air Handler,10585.3,12.4,7.79,16.43,3.02,20.0,1,100.0
2024-03-05 10:00:00,EQ_B001,Compressor,7696.6,12.6,5.02,20.02,6.49,51.2,0,78.8
2024-03-05 10:00:00,EQ_B002,Water Pump,10162.7,9.9,7.47,13.8,2.83,20.0,1,100.0
2024-03-05 11:00:00,EQ_M001,Compressor,11415.2,14.4,8.0,24.49,5.83,20.0,1,100.0
2024-03-05 11:00:00,EQ_M002,Water Pump,13151.6,18.0,8.0,13.23,3.06,20.0,1,100.0
2024-03-05 11:00:00,EQ_M003,Air Handler,10586.0,11.9,8.0,13.99,2.71,20.0,1,100.0
2024-03-05 11:00:00,EQ_B001,Compressor,7697.4,11.6,5.4,20.61,6.85,50.1,0,79.9
2024-03-05 11:00:00,EQ_B002,Water Pump,10163.5,12.1,7.92,15.21,2.85,20.0,1,100.0
2024-03-05 12:00:00,EQ_M001,Compressor,11415.7,13.8,8.0,26.31,6.5,20.0,1,100.0
2024-03-05 12:00:00,EQ_M002,Water Pump,13152.3,17.9,8.0,16.4,3.13,20.0,1,100.0
2024-03-05 12:00:00,EQ_M003,Air Handler,10586.6,12.1,8.0,16.35,3.06,20.0,1,100.0
2024-03-05 12:00:00,EQ_B001,Compressor,7698.1,10.4,5.78,22.82,6.96,48.9,1,81.1
2024-03-05 12:00:00,EQ_B002,Water Pump,10164.5,11.5,7.34,13.91,3.01,20.0,1,100.0
2024-03-05 13:00:00,EQ_M001,Compressor,11416.3,14.8,8.0,19.2,6.4,20.0,1,100.0
2024-03-05 13:00:00,EQ_M002,Water Pump,13153.0,17.8,8.0,15.37,2.86,20.0,1,100.0
2024-03-05 13:00:00,EQ_M003,Air Handler,10587.2,14.1,7.99,14.57,2.89,20.0,1,100.0
2024-03-05 13:00:00,EQ_B001,Compressor,7698.7,13.1,5.17,23.28,6.38,50.8,0,79.2
2024-03-05 13:00:00,EQ_B002,Water Pump,10165.1,10.9,7.8,15.46,2.95,20.0,1,100.0
2024-03-05 14:00:00,EQ_M001,Compressor,11416.9,12.8,8.0,21.95,6.73,20.0,1,100.0
2024-03-05 14:00:00,EQ_M002,Water Pump,13153.7,16.7,8.0,15.93,3.0,20.0,1,100.0
2024-03-05 14:00:00,EQ_M003,Air Handler,10587.8,13.0,7.35,14.65,2.99,20.0,1,100.0
2024-03-05 14:00:00,EQ_B001,Compressor,7699.4,10.4,5.59,20.92,6.71,49.5,1,80.5
2024-03-05 14:00:00,EQ_B002,Water Pump,10165.9,12.3,7.89,11.65,2.86,20.0,1,100.0
2024-03-05 15:00:00,EQ_M001,Compressor,11417.8,14.2,8.0,23.79,6.73,20.0,1,100.0
2024-03-05 15:00:00,EQ_M002,Water Pump,13154.4,17.7,8.0,16.79,3.1,20.0,1,100.0
2024-03-05 15:00:00,EQ_M003,Air Handler,10588.7,12.4,8.0,16.97,2.95,20.0,1,100.0
2024-03-05 15:00:00,EQ_B001,Compressor,7700.2,11.3,5.4,20.79,6.63,50.0,0,80.0
2024-03-05 15:00:00,EQ_B002,Water Pump,10166.8,11.2,7.26,15.58,2.81,20.0,1,100.0
2024-03-05 16:00:00,EQ_M001,Compressor,11418.4,14.4,8.0,22.47,6.86,20.0,1,100.0
2024-03-05 16:00:00,EQ_M002,Water Pump,13155.3,19.4,8.0,15.47,3.0,20.0,1,100.0
2024-03-05 16:00:00,EQ_M003,Air Handler,10589.6,11.7,8.0,13.57,2.87,20.0,1,100.0
2024-03-05 16:00:00,EQ_B001,Compressor,7701.0,10.9,4.93,21.37,6.49,51.5,0,78.5
2024-03-05 16:00:00,EQ_B002,Water Pump,10167.8,11.2,7.47,13.23,2.95,20.0,1,100.0
2024-03-05 17:00:00,EQ_M001,Compressor,11419.1,13.7,8.0,24.22,6.51,20.0,1,100.0
2024-03-05 17:00:00,EQ_M002,Water Pump,13156.1,17.5,8.0,14.26,3.03,20.0,1,100.0
2024-03-05 17:00:00,EQ_M003,Air Handler,10590.2,13.6,8.0,18.61,2.9,20.0,1,100.0
2024-03-05 17:00:00,EQ_B001,Compressor,7702.0,12.7,5.49,25.16,7.02,49.8,0,80.2
2024-03-05 17:00:00,EQ_B002,Water Pump,10168.8,14.2,7.6,15.22,2.98,20.0,1,100.0
2024-03-05 18:00:00,EQ_M001,Compressor,11420.0,14.1,8.0,23.18,6.23,20.0,1,100.0
2024-03-05 18:00:00,EQ_M002,Water Pump,13157.0,15.4,8.0,15.92,3.03,20.0,1,100.0
2024-03-05 18:00:00,EQ_M003,Air Handler,10591.1,13.4,7.54,14.43,3.33,20.0,1,100.0
2024-03-05 18:00:00,EQ_B001,Compressor,7702.6,12.1,5.54,22.9,6.69,49.6,1,80.4
2024-03-05 18:00:00,EQ_B002,Water Pump,10169.4,12.7,7.03,11.5,2.72,20.0,1,100.0
2024-03-05 19:00:00,EQ_M001,Compressor,11421.0,14.0,8.0,20.61,6.02,20.0,1,100.0
2024-03-05 19:00:00,EQ_M002,Water Pump,13157.8,18.6,8.0,14.49,2.92,20.0,1,100.0
2024-03-05 19:00:00,EQ_M003,Air Handler,10591.8,12.6,8.0,13.86,2.87,20.0,1,100.0
2024-03-05 19:00:00,EQ_B001,Compressor,7703.5,11.9,4.99,24.34,6.2,51.2,0,78.8
2024-03-05 19:00:00,EQ_B002,Water Pump,10170.1,11.8,7.41,11.41,2.55,20.0,1,100.0
2024-03-05 20:00:00,EQ_M001,Compressor,11421.8,14.1,8.0,23.98,6.5,20.0,1,100.0
2024-03-05 20:00:00,EQ_M002,Water Pump,13158.5,18.2,8.0,16.34,3.02,20.0,1,100.0
2024-03-05 20:00:00,EQ_M003,Air Handler,10592.5,12.1,8.0,16.5,3.01,20.0,1,100.0
2024-03-05 20:00:00,EQ_B001,Compressor,7704.3,12.6,5.01,25.67,6.01,51.2,0,78.8
2024-03-05 20:00:00,EQ_B002,Water Pump,10170.7,12.0,7.97,13.36,2.93,20.0,1,100.0
2024-03-05 21:00:00,EQ_M001,Compressor,11422.3,14.5,8.0,20.94,5.99,20.0,1,100.0
2024-03-05 21:00:00,EQ_M002,Water Pump,13159.2,16.4,8.0,17.85,2.87,20.0,1,100.0
2024-03-05 21:00:00,EQ_M003,Air Handler,10593.2,12.5,8.0,14.19,3.15,20.0,1,100.0
2024-03-05 21:00:00,EQ_B001,Compressor,7705.0,11.4,5.23,23.64,6.79,50.5,0,79.5
2024-03-05 21:00:00,EQ_B002,Water Pump,10171.3,12.2,7.05,13.47,3.15,20.0,1,100.0
2024-03-05 22:00:00,EQ_M001,Compressor,11423.0,14.6,8.0,21.29,7.02,20.0,1,100.0
2024-03-05 22:00:00,EQ_M002,Water Pump,13159.8,19.5,8.0,13.37,2.85,20.0,1,100.0
2024-03-05 22:00:00,EQ_M003,Air Handler,10594.1,11.0,8.0,16.63,2.89,20.0,1,100.0
2024-03-05 22:00:00,EQ_B001,Compressor,7705.9,11.0,5.0,21.43,6.67,51.2,0,78.8
2024-03-05 22:00:00,EQ_B002,Water Pump,10172.0,11.0,7.9,15.35,3.24,20.0,1,100.0
2024-03-05 23:00:00,EQ_M001,Compressor,11423.5,15.3,8.0,19.84,6.45,20.0,1,100.0
2024-03-05 23:00:00,EQ_M002,Water Pump,13160.6,17.8,8.0,16.96,3.16,20.0,1,100.0
2024-03-05 23:00:00,EQ_M003,Air Handler,10595.0,11.6,7.69,18.67,2.64,20.0,1,100.0
2024-03-05 23:00:00,EQ_B001,Compressor,7706.5,11.3,5.06,25.3,6.3,51.0,0,79.0
2024-03-05 23:00:00,EQ_B002,Water Pump,10173.0,12.1,7.72,14.39,3.18,20.0,1,100.0
2024-03-06 00:00:00,EQ_M001,Compressor,11424.2,14.9,8.0,19.69,6.39,20.0,1,100.0
2024-03-06 00:00:00,EQ_M002,Water Pump,13161.4,18.5,8.0,16.29,2.68,20.0,1,100.0
2024-03-06 00:00:00,EQ_M003,Air Handler,10595.5,11.6,7.96,15.37,3.01,20.0,1,100.0
2024-03-06 00:00:00,EQ_B001,Compressor,7707.4,12.2,5.31,21.61,7.06,50.2,0,79.8
2024-03-06 00:00:00,EQ_B002,Water Pump,10173.8,10.8,8.0,12.84,3.06,20.0,1,100.0
2024-03-06 01:00:00,EQ_M001,Compressor,11425.1,16.2,8.0,23.37,6.64,20.0,1,100.0
2024-03-06 01:00:00,EQ_M002,Water Pump,13162.0,18.2,8.0,13.84,2.78,20.0,1,100.0
2024-03-06 01:00:00,EQ_M003,Air Handler,10596.1,10.9,8.0,17.11,2.94,20.0,1,100.0
2024-03-06 01:00:00,EQ_B001,Compressor,7708.1,9.6,5.24,20.75,6.4,50.4,0,79.6
2024-03-06 01:00:00,EQ_B002,Water Pump,10174.3,12.1,8.0,15.02,3.03,20.0,1,100.0
2024-03-06 02:00:00,EQ_M001,Compressor,11425.7,15.9,8.0,19.0,6.43,20.0,1,100.0
2024-03-06 02:00:00,EQ_M002,Water Pump,13162.6,17.4,8.0,15.87,3.15,20.0,1,100.0
2024-03-06 02:00:00,EQ_M003,Air Handler,10596.7,12.9,8.0,16.16,3.18,20.0,1,100.0
2024-03-06 02:00:00,EQ_B001,Compressor,7709.0,12.1,4.72,24.96,6.4,52.0,0,78.0
2024-03-06 02:00:00,EQ_B002,Water Pump,10175.3,12.2,7.65,15.87,2.79,20.0,1,100.0
2024-03-06 03:00:00,EQ_M001,Compressor,11426.5,14.5,8.0,19.62,6.38,20.0,1,100.0
2024-03-06 03:00:00,EQ_M002,Water Pump,13163.4,17.4,8.0,13.82,3.03,20.0,1,100.0
2024-03-06 03:00:00,EQ_M003,Air Handler,10597.5,12.8,7.73,14.86,3.23,20.0,1,100.0
2024-03-06 03:00:00,EQ_B001,Compressor,7709.7,10.8,5.53,25.82,6.83,49.6,1,80.4
2024-03-06 03:00:00,EQ_B002,Water Pump,10176.2,10.9,8.0,12.98,2.98,20.0,1,100.0
2024-03-06 04:00:00,EQ_M001,Compressor,11427.5,14.3,8.0,21.99,6.35,20.0,1,100.0
2024-03-06 04:00:00,EQ_M002,Water Pump,13164.3,16.3,8.0,16.36,3.12,20.0,1,100.0
2024-03-06 04:00:00,EQ_M003,Air Handler,10598.3,14.3,8.0,14.91,3.01,20.0,1,100.0
2024-03-06 04:00:00,EQ_B001,Compressor,7710.2,10.3,5.11,26.41,6.7,50.8,0,79.2
2024-03-06 04:00:00,EQ_B002,Water Pump,10176.8,11.3,7.69,12.86,3.33,20.0,1,100.0
2024-03-06 05:00:00,EQ_M001,Compressor,11428.5,16.2,8.0,22.22,7.01,20.0,1,100.0
2024-03-06 05:00:00,EQ_M002,Water Pump,13165.0,19.5,8.0,16.36,2.89,20.0,1,100.0
2024-03-06 05:00:00,EQ_M003,Air Handler,10599.3,11.7,7.75,13.63,2.74,20.0,1,100.0
2024-03-06 05:00:00,EQ_B001,Compressor,7711.1,11.5,5.19,20.33,6.62,50.6,0,79.4
2024-03-06 05:00:00,EQ_B002,Water Pump,10177.5,10.8,7.76,14.26,3.09,20.0,1,100.0
2024-03-06 06:00:00,EQ_M001,Compressor,11429.2,13.2,8.0,21.38,6.48,20.0,1,100.0
2024-03-06 06:00:00,EQ_M002,Water Pump,13165.7,17.4,8.0,15.27,3.02,20.0,1,100.0
2024-03-06 06:00:00,EQ_M003,Air Handler,10600.1,12.7,8.0,16.42,2.81,20.0,1,100.0
2024-03-06 06:00:00,EQ_B001,Compressor,7712.1,12.0,4.95,20.01,6.39,51.2,0,78.8
2024-03-06 06:00:00,EQ_B002,Water Pump,10178.5,9.9,8.0,13.12,3.3,20.0,1,100.0
2024-03-06 07:00:00,EQ_M001,Compressor,11430.2,15.9,8.0,20.11,6.46,20.0,1,100.0
2024-03-06 07:00:00,EQ_M002,Water Pump,13166.5,17.3,8.0,15.45,3.24,20.0,1,100.0
2024-03-06 07:00:00,EQ_M003,Air Handler,10600.7,11.3,8.0,17.26,3.22,20.0,1,100.0
2024-03-06 07:00:00,EQ_B001,Compressor,7712.8,12.2,5.5,19.6,7.03,49.6,1,80.4
2024-03-06 07:00:00,EQ_B002,Water Pump,10179.1,10.4,7.29,15.0,2.79,20.0,1,100.0
2024-03-06 08:00:00,EQ_M001,Compressor,11431.0,14.7,8.0,20.86,6.99,20.0,1,100.0
2024-03-06 08:00:00,EQ_M002,Water Pump,13167.2,18.2,8.0,17.67,2.71,20.0,1,100.0
2024-03-06 08:00:00,EQ_M003,Air Handler,10601.4,14.4,7.63,11.99,2.77,20.0,1,100.0
2024-03-06 08:00:00,EQ_B001,Compressor,7713.5,12.1,5.68,21.32,6.74,49.0,1,81.0
2024-03-06 08:00:00,EQ_B002,Water Pump,10179.6,10.5,7.63,14.97,3.18,20.0,1,100.0
2024-03-06 09:00:00,EQ_M001,Compressor,11432.0,12.8,8.0,24.18,6.41,20.0,1,100.0
2024-03-06 09:00:00,EQ_M002,Water Pump,13167.9,18.2,8.0,14.33,2.99,20.0,1,100.0
2024-03-06 09:00:00,EQ_M003,Air Handler,10602.4,14.1,8.0,12.3,2.67,20.0,1,100.0
2024-03-06 09:00:00,EQ_B001,Compressor,7714.1,12.6,4.94,17.97,6.64,51.2,0,78.8
2024-03-06 09:00:00,EQ_B002,Water Pump,10180.3,11.8,7.25,17.6,2.96,20.0,1,100.0
2024-03-06 10:00:00,EQ_M001,Compressor,11432.6,14.2,8.0,23.67,6.84,20.0,1,100.0
2024-03-06 10:00:00,EQ_M002,Water Pump,13168.6,18.9,8.0,17.59,3.06,20.0,1,100.0
2024-03-06 10:00:00,EQ_M003,Air Handler,10603.3,11.2,7.78,16.39,3.02,20.0,1,100.0
2024-03-06 10:00:00,EQ_B001,Compressor,7715.1,11.0,5.54,20.99,6.67,49.4,1,80.6
2024-03-06 10:00:00,EQ_B002,Water Pump,10181.0,12.9,7.49,17.03,2.91,20.0,1,100.0
2024-03-06 11:00:00,EQ_M001,Compressor,11433.4,13.1,8.0,22.39,6.58,20.0,1,100.0
2024-03-06 11:00:00,EQ_M002,Water Pump,13169.3,17.2,8.0,12.98,2.81,20.0,1,100.0
2024-03-06 11:00:00,EQ_M003,Air Handler,10604.3,11.2,8.0,13.27,3.01,20.0,1,100.0
2024-03-06 11:00:00,EQ_B001,Compressor,7715.9,13.1,5.28,19.36,6.63,50.2,0,79.8
2024-03-06 11:00:00,EQ_B002,Water Pump,10181.7,12.4,7.72,16.95,2.87,20.0,1,100.0
2024-03-06 12:00:00,EQ_M001,Compressor,11434.3,15.0,8.0,22.23,6.33,20.0,1,100.0
2024-03-06 12:00:00,EQ_M002,Water Pump,13169.9,16.7,8.0,13.44,2.73,20.0,1,100.0
2024-03-06 12:00:00,EQ_M003,Air Handler,10605.0,12.9,8.0,17.59,2.98,20.0,1,100.0
2024-03-06 12:00:00,EQ_B001,Compressor,7716.7,12.9,5.04,23.48,6.33,50.9,0,79.1
2024-03-06 12:00:00,EQ_B002,Water Pump,10182.6,10.0,8.0,13.6,2.95,20.0,1,100.0
2024-03-06 13:00:00,EQ_M001,Compressor,11434.9,13.5,8.0,19.33,6.52,20.0,1,100.0
2024-03-06 13:00:00,EQ_M002,Water Pump,13170.5,17.2,8.0,14.63,2.94,20.0,1,100.0
2024-03-06 13:00:00,EQ_M003,Air Handler,10605.7,12.0,7.87,13.54,2.71,20.0,1,100.0
2024-03-06 13:00:00,EQ_B001,Compressor,7717.4,11.7,5.34,22.33,6.3,50.0,0,80.0
2024-03-06 13:00:00,EQ_B002,Water Pump,10183.1,12.9,7.05,15.76,2.71,20.0,1,100.0
2024-03-06 14:00:00,EQ_M001,Compressor,11435.8,14.8,8.0,24.16,6.39,20.0,1,100.0
2024-03-06 14:00:00,EQ_M002,Water Pump,13171.1,18.4,8.0,15.68,2.52,20.0,1,100.0
2024-03-06 14:00:00,EQ_M003,Air Handler,10606.2,11.1,7.9,14.63,3.13,20.0,1,100.0
2024-03-06 14:00:00,EQ_B001,Compressor,7718.2,11.5,5.06,21.73,6.1,50.8,0,79.2
2024-03-06 14:00:00,EQ_B002,Water Pump,10183.8,12.8,7.98,10.93,2.72,20.0,1,100.0
2024-03-06 15:00:00,EQ_M001,Compressor,11436.5,14.2,8.0,19.99,6.29,20.0,1,100.0
2024-03-06 15:00:00,EQ_M002,Water Pump,13171.6,18.5,8.0,14.11,3.31,20.0,1,100.0
2024-03-06 15:00:00,EQ_M003,Air Handler,10607.1,11.0,8.0,13.13,2.87,20.0,1,100.0
2024-03-06 15:00:00,EQ_B001,Compressor,7719.1,10.9,5.5,19.71,6.75,49.5,1,80.5
2024-03-06 15:00:00,EQ_B002,Water Pump,10184.3,12.9,7.18,16.39,3.19,20.0,1,100.0
2024-03-06 16:00:00,EQ_M001,Compressor,11437.1,13.1,8.0,17.72,6.51,20.0,1,100.0
2024-03-06 16:00:00,EQ_M002,Water Pump,13172.4,16.5,8.0,14.36,2.96,20.0,1,100.0
2024-03-06 16:00:00,EQ_M003,Air Handler,10607.7,11.5,7.92,11.48,3.22,20.0,1,100.0
2024-03-06 16:00:00,EQ_B001,Compressor,7720.1,9.7,5.69,21.51,6.72,48.9,1,81.1
2024-03-06 16:00:00,EQ_B002,Water Pump,10184.9,11.7,7.64,13.05,2.77,20.0,1,100.0
2024-03-06 17:00:00,EQ_M001,Compressor,11437.8,14.5,8.0,21.53,6.55,20.0,1,100.0
2024-03-06 17:00:00,EQ_M002,Water Pump,13173.1,17.7,8.0,17.2,3.45,20.0,1,100.0
2024-03-06 17:00:00,EQ_M003,Air Handler,10608.7,13.0,7.75,15.91,2.94,20.0,1,100.0
2024-03-06 17:00:00,EQ_B001,Compressor,7721.0,11.0,5.59,22.47,6.1,49.2,1,80.8
2024-03-06 17:00:00,EQ_B002,Water Pump,10185.7,13.7,8.0,14.42,2.81,20.0,1,100.0
2024-03-06 18:00:00,EQ_M001,Compressor,11438.7,14.6,8.0,20.33,6.35,20.0,1,100.0
2024-03-06 18:00:00,EQ_M002,Water Pump,13174.0,17.3,8.0,14.46,2.67,20.0,1,100.0
2024-03-06 18:00:00,EQ_M003,Air Handler,10609.4,13.6,8.0,16.02,2.74,20.0,1,100.0
2024-03-06 18:00:00,EQ_B001,Compressor,7722.0,10.8,5.29,18.43,6.73,50.1,0,79.9
2024-03-06 18:00:00,EQ_B002,Water Pump,10186.7,13.8,7.63,14.34,2.84,20.0,1,100.0
2024-03-06 19:00:00,EQ_M001,Compressor,11439.6,13.3,8.0,19.4,6.04,20.0,1,100.0
2024-03-06 19:00:00,EQ_M002,Water Pump,13174.5,16.1,8.0,15.57,3.34,20.0,1,100.0
2024-03-06 19:00:00,EQ_M003,Air Handler,10610.1,15.0,8.0,12.75,3.23,20.0,1,100.0
2024-03-06 19:00:00,EQ_B001,Compressor,7722.8,11.0,4.64,18.81,6.58,52.0,0,78.0
2024-03-06 19:00:00,EQ_B002,Water Pump,10187.6,11.9,7.61,11.42,2.93,20.0,1,100.0
2024-03-06 20:00:00,EQ_M001,Compressor,11440.5,12.8,8.0,20.48,6.89,20.0,1,100.0
2024-03-06 20:00:00,EQ_M002,Water Pump,13175.2,19.8,8.0,16.82,3.02,20.0,1,100.0
2024-03-06 20:00:00,EQ_M003,Air Handler,10610.9,12.1,7.75,14.22,2.95,20.0,1,100.0
2024-03-06 20:00:00,EQ_B001,Compressor,7723.7,10.5,5.39,23.27,6.32,49.8,0,80.2
2024-03-06 20:00:00,EQ_B002,Water Pump,10188.4,11.2,8.0,13.28,3.1,20.0,1,100.0
2024-03-06 21:00:00,EQ_M001,Compressor,11441.4,13.3,8.0,20.08,6.29,20.0,1,100.0
2024-03-06 21:00:00,EQ_M002,Water Pump,13176.0,18.2,8.0,15.75,2.97,20.0,1,100.0
2024-03-06 21:00:00,EQ_M003,Air Handler,10611.7,12.7,7.88,14.62,2.79,20.0,1,100.0
2024-03-06 21:00:00,EQ_B001,Compressor,7724.4,10.2,4.99,22.61,6.31,51.0,0,79.0
2024-03-06 21:00:00,EQ_B002,Water Pump,10189.2,12.1,7.27,16.87,3.37,20.0,1,100.0
2024-03-06 22:00:00,EQ_M001,Compressor,11442.1,14.8,8.0,23.25,6.55,20.0,1,100.0
2024-03-06 22:00:00,EQ_M002,Water Pump,13176.7,16.3,8.0,13.1,3.13,20.0,1,100.0
2024-03-06 22:00:00,EQ_M003,Air Handler,10612.4,13.1,7.74,16.14,2.87,20.0,1,100.0
2024-03-06 22:00:00,EQ_B001,Compressor,7725.1,9.2,5.53,21.41,6.76,49.4,1,80.6
2024-03-06 22:00:00,EQ_B002,Water Pump,10190.2,12.4,7.52,11.79,3.11,20.0,1,100.0
2024-03-06 23:00:00,EQ_M001,Compressor,11442.9,14.3,8.0,22.23,6.26,20.0,1,100.0
2024-03-06 23:00:00,EQ_M002,Water Pump,13177.5,19.4,8.0,14.34,2.97,20.0,1,100.0
2024-03-06 23:00:00,EQ_M003,Air Handler,10612.9,13.9,8.0,16.82,3.29,20.0,1,100.0
2024-03-06 23:00:00,EQ_B001,Compressor,7725.7,11.9,5.65,19.59,6.2,49.0,1,81.0
2024-03-06 23:00:00,EQ_B002,Water Pump,10191.1,10.3,7.87,12.36,3.29,20.0,1,100.0
2024-03-07 00:00:00,EQ_M001,Compressor,11443.5,12.8,8.0,24.82,6.72,20.0,1,100.0
2024-03-07 00:00:00,EQ_M002,Water Pump,13178.4,18.6,8.0,15.7,2.78,20.0,1,100.0
2024-03-07 00:00:00,EQ_M003,Air Handler,10613.6,11.0,8.0,14.72,2.9,20.0,1,100.0
2024-03-07 00:00:00,EQ_B001,Compressor,7726.7,11.2,5.71,21.28,6.35,48.8,1,81.2
2024-03-07 00:00:00,EQ_B002,Water Pump,10191.9,11.6,7.8,14.32,3.17,20.0,1,100.0
2024-03-07 01:00:00,EQ_M001,Compressor,11444.5,13.2,8.0,20.72,6.89,20.0,1,100.0
2024-03-07 01:00:00,EQ_M002,Water Pump,13178.9,17.3,8.0,13.39,3.2,20.0,1,100.0
2024-03-07 01:00:00,EQ_M003,Air Handler,10614.1,12.2,7.83,15.16,2.89,20.0,1,100.0
2024-03-07 01:00:00,EQ_B001,Compressor,7727.5,11.1,5.51,21.21,6.67,49.4,1,80.6
2024-03-07 01:00:00,EQ_B002,Water Pump,10192.8,14.0,8.0,12.61,3.18,20.0,1,100.0
2024-03-07 02:00:00,EQ_M001,Compressor,11445.2,12.0,8.0,20.81,6.06,20.0,1,100.0
2024-03-07 02:00:00,EQ_M002,Water Pump,13179.8,17.6,8.0,13.88,3.0,20.0,1,100.0
2024-03-07 02:00:00,EQ_M003,Air Handler,10615.0,12.5,8.0,16.23,3.04,20.0,1,100.0
2024-03-07 02:00:00,EQ_B001,Compressor,7728.4,11.8,5.56,22.76,6.54,49.2,1,80.8
2024-03-07 02:00:00,EQ_B002,Water Pump,10193.5,13.2,7.46,15.64,2.85,20.0,1,100.0
2024-03-07 03:00:00,EQ_M001,Compressor,11446.1,13.3,8.0,20.79,5.76,20.0,1,100.0
2024-03-07 03:00:00,EQ_M002,Water Pump,13180.4,18.1,8.0,15.36,3.2,20.0,1,100.0
2024-03-07 03:00:00,EQ_M003,Air Handler,10615.7,11.9,8.0,14.65,3.01,20.0,1,100.0
2024-03-07 03:00:00,EQ_B001,Compressor,7729.2,10.5,5.79,19.61,6.94,48.5,1,81.5
2024-03-07 03:00:00,EQ_B002,Water Pump,10194.4,12.3,7.94,13.53,2.81,20.0,1,100.0
2024-03-07 04:00:00,EQ_M001,Compressor,11447.0,14.8,8.0,21.48,6.29,20.0,1,100.0
2024-03-07 04:00:00,EQ_M002,Water Pump,13180.9,17.6,8.0,15.49,3.1,20.0,1,100.0
2024-03-07 04:00:00,EQ_M003,Air Handler,10616.3,12.5,7.5,16.36,3.16,20.0,1,100.0
2024-03-07 04:00:00,EQ_B001,Compressor,7729.8,13.9,4.64,20.75,6.79,51.9,0,78.1
2024-03-07 04:00:00,EQ_B002,Water Pump,10195.2,11.3,7.95,15.58,3.12,20.0,1,100.0
2024-03-07 05:00:00,EQ_M001,Compressor,11447.8,12.6,8.0,22.59,6.66,20.0,1,100.0
2024-03-07 05:00:00,EQ_M002,Water Pump,13181.5,16.4,8.0,16.77,2.99,20.0,1,100.0
2024-03-07 05:00:00,EQ_M003,Air Handler,10617.0,14.0,8.0,15.62,3.02,20.0,1,100.0
2024-03-07 05:00:00,EQ_B001,Compressor,7730.8,10.8,4.78,21.44,6.95,51.5,0,78.5
2024-03-07 05:00:00,EQ_B002,Water Pump,10196.0,11.1,7.82,13.99,2.47,20.0,1,100.0
2024-03-07 06:00:00,EQ_M001,Compressor,11448.4,16.0,8.0,22.71,6.27,20.0,1,100.0
2024-03-07 06:00:00,EQ_M002,Water Pump,13182.1,18.4,8.0,15.55,3.0,20.0,1,100.0
2024-03-07 06:00:00,EQ_M003,Air Handler,10617.7,12.1,8.0,17.43,3.1,20.0,1,100.0
2024-03-07 06:00:00,EQ_B001,Compressor,7731.3,11.3,6.2,24.62,6.65,47.3,1,82.7
2024-03-07 06:00:00,EQ_B002,Water Pump,10196.8,11.8,8.0,16.19,3.26,20.0,1,100.0
2024-03-07 07:00:00,EQ_M001,Compressor,11449.3,14.2,8.0,24.76,6.29,20.0,1,100.0
2024-03-07 07:00:00,EQ_M002,Water Pump,13182.8,18.1,8.0,13.24,3.41,20.0,1,100.0
2024-03-07 07:00:00,EQ_M003,Air Handler,10618.6,13.5,8.0,17.06,2.81,20.0,1,100.0
2024-03-07 07:00:00,EQ_B001,Compressor,7732.2,11.5,5.26,21.71,6.53,50.1,0,79.9
2024-03-07 07:00:00,EQ_B002,Water Pump,10197.6,11.4,8.0,16.01,2.88,20.0,1,100.0
2024-03-07 08:00:00,EQ_M001,Compressor,11450.2,14.4,8.0,22.28,6.13,20.0,1,100.0
2024-03-07 08:00:00,EQ_M002,Water Pump,13183.3,15.9,8.0,13.91,2.96,20.0,1,100.0
2024-03-07 08:00:00,EQ_M003,Air Handler,10619.3,13.7,8.0,14.83,3.03,20.0,1,100.0
2024-03-07 08:00:00,EQ_B001,Compressor,7732.7,12.3,5.34,22.79,6.3,49.8,0,80.2
2024-03-07 08:00:00,EQ_B002,Water Pump,10198.5,12.8,7.63,13.31,2.93,20.0,1,100.0
2024-03-07 09:00:00,EQ_M001,Compressor,11451.0,14.1,8.0,20.38,6.58,20.0,1,100.0
2024-03-07 09:00:00,EQ_M002,Water Pump,13184.2,17.2,8.0,14.97,2.75,20.0,1,100.0
2024-03-07 09:00:00,EQ_M003,Air Handler,10619.9,11.7,8.0,16.11,3.32,20.0,1,100.0
2024-03-07 09:00:00,EQ_B001,Compressor,7733.5,11.2,5.24,23.39,6.4,50.1,0,79.9
2024-03-07 09:00:00,EQ_B002,Water Pump,10199.4,11.7,7.97,16.02,2.77,20.0,1,100.0
2024-03-07 10:00:00,EQ_M001,Compressor,11452.0,15.4,8.0,22.84,6.25,20.0,1,100.0
2024-03-07 10:00:00,EQ_M002,Water Pump,13185.0,17.8,8.0,15.61,2.97,20.0,1,100.0
2024-03-07 10:00:00,EQ_M003,Air Handler,10620.6,12.7,8.0,15.5,3.13,20.0,1,100.0
2024-03-07 10:00:00,EQ_B001,Compressor,7734.2,11.8,5.24,17.72,6.48,50.1,0,79.9
2024-03-07 10:00:00,EQ_B002,Water Pump,10200.2,13.1,7.49,15.62,2.93,20.0,1,100.0
2024-03-07 11:00:00,EQ_M001,Compressor,11452.9,12.9,8.0,22.94,6.23,20.0,1,100.0
2024-03-07 11:00:00,EQ_M002,Water Pump,13185.9,16.9,8.0,13.28,3.17,20.0,1,100.0
2024-03-07 11:00:00,EQ_M003,Air Handler,10621.6,13.1,8.0,17.58,3.2,20.0,1,100.0
2024-03-07 11:00:00,EQ_B001,Compressor,7735.1,12.2,5.65,20.23,6.17,48.9,1,81.1
2024-03-07 11:00:00,EQ_B002,Water Pump,10201.0,13.1,7.15,14.1,2.7,20.0,1,100.0
2024-03-07 12:00:00,EQ_M001,Compressor,11453.9,14.2,8.0,22.61,5.93,20.0,1,100.0
2024-03-07 12:00:00,EQ_M002,Water Pump,13186.9,17.5,8.0,16.78,3.07,20.0,1,100.0
2024-03-07 12:00:00,EQ_M003,Air Handler,10622.1,12.9,7.67,17.16,2.81,20.0,1,100.0
2024-03-07 12:00:00,EQ_B001,Compressor,7735.9,11.2,5.17,21.33,6.42,50.3,0,79.7
2024-03-07 12:00:00,EQ_B002,Water Pump,10201.5,11.3,8.0,16.49,3.06,20.0,1,100.0
2024-03-07 13:00:00,EQ_M001,Compressor,11454.6,14.5,8.0,23.96,6.37,20.0,1,100.0
2024-03-07 13:00:00,EQ_M002,Water Pump,13187.9,18.7,8.0,13.05,3.03,20.0,1,100.0
2024-03-07 13:00:00,EQ_M003,Air Handler,10622.8,13.3,7.99,13.59,3.01,20.0,1,100.0
2024-03-07 13:00:00,EQ_B001,Compressor,7736.6,10.5,5.2,20.99,6.41,50.2,0,79.8
2024-03-07 13:00:00,EQ_B002,Water Pump,10202.4,11.1,7.7,15.25,3.03,20.0,1,100.0
2024-03-07 14:00:00,EQ_M001,Compressor,11455.6,14.0,8.0,22.4,5.96,20.0,1,100.0
2024-03-07 14:00:00,EQ_M002,Water Pump,13188.8,17.6,8.0,14.49,2.76,20.0,1,100.0
2024-03-07 14:00:00,EQ_M003,Air Handler,10623.6,14.9,8.0,15.1,2.91,20.0,1,100.0
2024-03-07 14:00:00,EQ_B001,Compressor,7737.5,13.0,5.13,22.93,6.14,50.4,0,79.6
2024-03-07 14:00:00,EQ_B002,Water Pump,10203.1,12.2,7.68,13.34,2.93,20.0,1,100.0
2024-03-07 15:00:00,EQ_M001,Compressor,11456.1,13.6,8.0,22.99,5.99,20.0,1,100.0
2024-03-07 15:00:00,EQ_M002,Water Pump,13189.6,19.3,8.0,14.2,2.93,20.0,1,100.0
2024-03-07 15:00:00,EQ_M003,Air Handler,10624.2,13.2,7.62,14.37,3.21,20.0,1,100.0
2024-03-07 15:00:00,EQ_B001,Compressor,7738.4,11.4,5.22,22.26,6.48,50.1,0,79.9
2024-03-07 15:00:00,EQ_B002,Water Pump,10203.9,12.6,7.53,16.29,2.88,20.0,1,100.0
2024-03-07 16:00:00,EQ_M001,Compressor,11457.1,14.7,8.0,22.57,6.93,20.0,1,100.0
2024-03-07 16:00:00,EQ_M002,Water Pump,13190.4,19.5,8.0,15.62,2.87,20.0,1,100.0
2024-03-07 16:00:00,EQ_M003,Air Handler,10624.7,10.6,8.0,13.8,3.12,20.0,1,100.0
2024-03-07 16:00:00,EQ_B001,Compressor,7739.2,9.1,5.2,21.68,6.11,50.2,0,79.8
2024-03-07 16:00:00,EQ_B002,Water Pump,10204.4,12.5,7.63,16.32,3.23,20.0,1,100.0
2024-03-07 17:00:00,EQ_M001,Compressor,11457.9,14.5,8.0,21.63,6.79,20.0,1,100.0
2024-03-07 17:00:00,EQ_M002,Water Pump,13191.4,19.0,8.0,14.45,3.09,20.0,1,100.0
2024-03-07 17:00:00,EQ_M003,Air Handler,10625.5,11.3,8.0,17.07,3.12,20.0,1,100.0
2024-03-07 17:00:00,EQ_B001,Compressor,7740.1,11.5,5.38,21.24,6.55,49.6,0,80.4
2024-03-07 17:00:00,EQ_B002,Water Pump,10205.1,12.2,7.64,16.71,2.8,20.0,1,100.0
2024-03-07 18:00:00,EQ_M001,Compressor,11458.8,13.6,8.0,22.17,5.59,20.0,1,100.0
2024-03-07 18:00:00,EQ_M002,Water Pump,13192.3,18.7,8.0,15.77,3.25,20.0,1,100.0
2024-03-07 18:00:00,EQ_M003,Air Handler,10626.0,12.8,8.0,13.74,2.95,20.0,1,100.0
2024-03-07 18:00:00,EQ_B001,Compressor,7740.7,11.2,5.49,23.28,6.4,49.3,0,80.7
2024-03-07 18:00:00,EQ_B002,Water Pump,10206.0,10.8,8.0,17.37,3.05,20.0,1,100.0
2024-03-07 19:00:00,EQ_M001,Compressor,11459.6,14.4,8.0,20.03,6.86,20.0,1,100.0
2024-03-07 19:00:00,EQ_M002,Water Pump,13193.0,17.9,8.0,14.59,3.11,20.0,1,100.0
2024-03-07 19:00:00,EQ_M003,Air Handler,10626.9,11.9,7.75,12.05,3.09,20.0,1,100.0
2024-03-07 19:00:00,EQ_B001,Compressor,7741.4,13.0,5.22,19.92,6.05,50.1,0,79.9
2024-03-07 19:00:00,EQ_B002,Water Pump,10206.8,13.0,7.64,15.57,2.77,20.0,1,100.0
2024-03-07 20:00:00,EQ_M001,Compressor,11460.3,12.9,8.0,21.78,6.19,20.0,1,100.0
2024-03-07 20:00:00,EQ_M002,Water Pump,13194.0,18.1,8.0,16.77,3.34,20.0,1,100.0
2024-03-07 20:00:00,EQ_M003,Air Handler,10627.8,12.6,8.0,13.32,2.97,20.0,1,100.0
2024-03-07 20:00:00,EQ_B001,Compressor,7742.4,10.8,5.55,20.81,6.12,49.1,1,80.9
2024-03-07 20:00:00,EQ_B002,Water Pump,10207.5,11.2,7.68,16.5,3.04,20.0,1,100.0
2024-03-07 21:00:00,EQ_M001,Compressor,11461.1,12.7,8.0,22.1,6.57,20.0,1,100.0
2024-03-07 21:00:00,EQ_M002,Water Pump,13195.0,18.6,8.0,16.05,2.99,20.0,1,100.0
2024-03-07 21:00:00,EQ_M003,Air Handler,10628.4,10.4,7.86,16.43,2.96,20.0,1,100.0
2024-03-07 21:00:00,EQ_B001,Compressor,7742.9,11.2,5.18,20.45,6.35,50.2,0,79.8
2024-03-07 21:00:00,EQ_B002,Water Pump,10208.4,10.9,7.79,13.55,3.26,20.0,1,100.0
2024-03-07 22:00:00,EQ_M001,Compressor,11462.0,15.2,8.0,21.47,6.14,20.0,1,100.0
2024-03-07 22:00:00,EQ_M002,Water Pump,13195.7,17.1,8.0,18.26,3.31,20.0,1,100.0
2024-03-07 22:00:00,EQ_M003,Air Handler,10628.9,15.2,7.83,15.86,2.93,20.0,1,100.0
2024-03-07 22:00:00,EQ_B001,Compressor,7743.9,11.7,5.76,23.08,6.53,48.4,1,81.6
2024-03-07 22:00:00,EQ_B002,Water Pump,10209.0,10.2,7.35,16.26,3.2,20.0,1,100.0
2024-03-07 23:00:00,EQ_M001,Compressor,11462.5,15.6,8.0,20.36,6.04,20.0,1,100.0
2024-03-07 23:00:00,EQ_M002,Water Pump,13196.3,18.2,8.0,16.33,2.93,20.0,1,100.0
2024-03-07 23:00:00,EQ_M003,Air Handler,10629.7,11.1,8.0,16.31,2.95,20.0,1,100.0
2024-03-07 23:00:00,EQ_B001,Compressor,7744.6,11.0,4.93,21.93,6.35,50.9,0,79.1
2024-03-07 23:00:00,EQ_B002,Water Pump,10209.9,13.3,8.0,14.42,3.12,20.0,1,100.0
2024-03-08 00:00:00,EQ_M001,Compressor,11463.3,15.9,8.0,17.69,6.61,20.0,1,100.0
2024-03-08 00:00:00,EQ_M002,Water Pump,13197.3,16.8,8.0,11.78,2.95,20.0,1,100.0
2024-03-08 00:00:00,EQ_M003,Air Handler,10630.4,13.1,7.55,14.8,3.1,20.0,1,100.0
2024-03-08 00:00:00,EQ_B001,Compressor,7745.3,11.3,5.55,18.06,6.51,49.0,1,81.0
2024-03-08 00:00:00,EQ_B002,Water Pump,10210.8,11.2,7.52,15.04,3.09,20.0,1,100.0
2024-03-08 01:00:00,EQ_M001,Compressor,11464.2,12.9,8.0,21.24,6.08,20.0,1,100.0
2024-03-08 01:00:00,EQ_M002,Water Pump,13198.0,17.5,8.0,16.04,3.07,20.0,1,100.0
2024-03-08 01:00:00,EQ_M003,Air Handler,10631.4,10.8,8.0,17.56,3.04,20.0,1,100.0
2024-03-08 01:00:00,EQ_B001,Compressor,7746.2,12.6,5.26,24.69,7.0,49.9,0,80.1
2024-03-08 01:00:00,EQ_B002,Water Pump,10211.4,12.6,7.9,16.02,2.94,20.0,1,100.0
2024-03-08 02:00:00,EQ_M001,Compressor,11464.7,12.8,8.0,25.41,6.86,20.0,1,100.0
2024-03-08 02:00:00,EQ_M002,Water Pump,13198.9,17.6,8.0,14.02,2.7,20.0,1,100.0
2024-03-08 02:00:00,EQ_M003,Air Handler,10632.2,13.6,8.0,13.03,3.38,20.0,1,100.0
2024-03-08 02:00:00,EQ_B001,Compressor,7746.7,11.8,5.2,19.42,5.87,50.1,0,79.9
2024-03-08 02:00:00,EQ_B002,Water Pump,10212.2,11.7,7.75,15.91,3.02,20.0,1,100.0
2024-03-08 03:00:00,EQ_M001,Compressor,11465.7,14.1,8.0,19.87,6.47,20.0,1,100.0
2024-03-08 03:00:00,EQ_M002,Water Pump,13199.6,18.2,8.0,13.25,3.1,20.0,1,100.0
2024-03-08 03:00:00,EQ_M003,Air Handler,10632.9,11.2,8.0,17.05,3.25,20.0,1,100.0
2024-03-08 03:00:00,EQ_B001,Compressor,7747.4,10.6,4.96,19.12,7.11,50.8,0,79.2
2024-03-08 03:00:00,EQ_B002,Water Pump,10213.1,11.6,7.47,14.2,3.34,20.0,1,100.0
2024-03-08 04:00:00,EQ_M001,Compressor,11466.4,14.0,8.0,23.36,6.36,20.0,1,100.0
2024-03-08 04:00:00,EQ_M002,Water Pump,13200.4,15.9,8.0,14.57,3.29,20.0,1,100.0
2024-03-08 04:00:00,EQ_M003,Air Handler,10633.5,13.9,8.0,14.28,3.0,20.0,1,100.0
2024-03-08 04:00:00,EQ_B001,Compressor,7748.0,11.5,5.53,23.0,6.38,49.1,1,80.9
2024-03-08 04:00:00,EQ_B002,Water Pump,10214.1,12.0,7.38,16.78,3.04,20.0,1,100.0
2024-03-08 05:00:00,EQ_M001,Compressor,11467.1,14.1,8.0,22.65,6.58,20.0,1,100.0
2024-03-08 05:00:00,EQ_M002,Water Pump,13201.4,16.5,8.0,13.95,2.77,20.0,1,100.0
2024-03-08 05:00:00,EQ_M003,Air Handler,10634.1,13.3,8.0,14.25,2.6,20.0,1,100.0
2024-03-08 05:00:00,EQ_B001,Compressor,7748.9,10.9,4.88,20.63,6.45,51.0,0,79.0
2024-03-08 05:00:00,EQ_B002,Water Pump,10214.9,11.3,7.51,15.0,3.02,20.0,1,100.0
2024-03-08 06:00:00,EQ_M001,Compressor,11467.9,14.5,8.0,24.32,6.05,20.0,1,100.0
2024-03-08 06:00:00,EQ_M002,Water Pump,13202.0,17.5,8.0,12.85,2.7,20.0,1,100.0
2024-03-08 06:00:00,EQ_M003,Air Handler,10634.8,11.7,8.0,17.04,3.07,20.0,1,100.0
2024-03-08 06:00:00,EQ_B001,Compressor,7749.8,9.6,5.16,21.45,6.38,50.1,0,79.9
2024-03-08 06:00:00,EQ_B002,Water Pump,10215.7,11.4,7.05,16.84,2.86,20.0,1,100.0
2024-03-08 07:00:00,EQ_M001,Compressor,11468.9,14.1,8.0,21.87,6.82,20.0,1,100.0
2024-03-08 07:00:00,EQ_M002,Water Pump,13202.7,17.3,8.0,15.04,2.86,20.0,1,100.0
2024-03-08 07:00:00,EQ_M003,Air Handler,10635.7,13.6,7.76,13.68,2.79,20.0,1,100.0
2024-03-08 07:00:00,EQ_B001,Compressor,7750.7,12.4,5.45,26.52,6.93,49.3,0,80.7
2024-03-08 07:00:00,EQ_B002,Water Pump,10216.2,11.9,7.32,17.31,3.19,20.0,1,100.0
2024-03-08 08:00:00,EQ_M001,Compressor,11469.5,12.3,8.0,22.19,6.32,20.0,1,100.0
2024-03-08 08:00:00,EQ_M002,Water Pump,13203.4,18.6,8.0,16.52,3.0,20.0,1,100.0
2024-03-08 08:00:00,EQ_M003,Air Handler,10636.4,14.1,8.0,14.9,3.41,20.0,1,100.0
2024-03-08 08:00:00,EQ_B001,Compressor,7751.2,10.2,5.16,21.74,6.49,50.1,0,79.9
2024-03-08 08:00:00,EQ_B002,Water Pump,10217.1,10.4,8.0,17.11,3.13,20.0,1,100.0
2024-03-08 09:00:00,EQ_M001,Compressor,11470.4,12.5,8.0,21.99,6.59,20.0,1,100.0
2024-03-08 09:00:00,EQ_M002,Water Pump,13204.2,16.4,8.0,13.01,2.8,20.0,1,100.0
2024-03-08 09:00:00,EQ_M003,Air Handler,10637.2,12.8,7.76,15.32,2.82,20.0,1,100.0
2024-03-08 09:00:00,EQ_B001,Compressor,7751.9,10.7,5.14,20.14,6.29,50.2,0,79.8
2024-03-08 09:00:00,EQ_B002,Water Pump,10217.6,12.6,8.0,14.86,3.37,20.0,1,100.0
2024-03-08 10:00:00,EQ_M001,Compressor,11471.4,14.2,8.0,23.4,6.32,20.0,1,100.0
2024-03-08 10:00:00,EQ_M002,Water Pump,13205.1,18.3,8.0,13.76,3.1,20.0,1,100.0
2024-03-08 10:00:00,EQ_M003,Air Handler,10637.9,12.8,8.0,14.53,2.8,20.0,1,100.0
2024-03-08 10:00:00,EQ_B001,Compressor,7752.7,12.0,5.36,19.24,6.02,49.5,0,80.5
2024-03-08 10:00:00,EQ_B002,Water Pump,10218.5,12.4,7.8,15.89,2.84,20.0,1,100.0
2024-03-08 11:00:00,EQ_M001,Compressor,11472.3,15.2,8.0,24.11,6.4,20.0,1,100.0
2024-03-08 11:00:00,EQ_M002,Water Pump,13205.6,16.7,8.0,13.97,3.04,20.0,1,100.0
2024-03-08 11:00:00,EQ_M003,Air Handler,10638.8,12.4,8.0,12.79,3.17,20.0,1,100.0
2024-03-08 11:00:00,EQ_B001,Compressor,7753.3,10.1,5.05,19.29,5.98,50.4,0,79.6
2024-03-08 11:00:00,EQ_B002,Water Pump,10219.3,11.2,7.05,13.25,3.15,20.0,1,100.0
2024-03-08 12:00:00,EQ_M001,Compressor,11473.2,15.1,8.0,19.53,7.01,20.0,1,100.0
2024-03-08 12:00:00,EQ_M002,Water Pump,13206.4,18.5,8.0,17.83,2.67,20.0,1,100.0
2024-03-08 12:00:00,EQ_M003,Air Handler,10639.3,10.9,8.0,15.15,2.78,20.0,1,100.0
2024-03-08 12:00:00,EQ_B001,Compressor,7754.1,10.9,5.49,21.38,6.64,49.1,0,80.9
2024-03-08 12:00:00,EQ_B002,Water Pump,10220.0,12.0,7.57,16.89,2.98,20.0,1,100.0
2024-03-08 13:00:00,EQ_M001,Compressor,11474.2,12.7,8.0,21.93,5.67,20.0,1,100.0
2024-03-08 13:00:00,EQ_M002,Water Pump,13207.0,17.9,8.0,12.37,2.84,20.0,1,100.0
2024-03-08 13:00:00,EQ_M003,Air Handler,10640.1,11.5,8.0,15.2,3.18,20.0,1,100.0
2024-03-08 13:00:00,EQ_B001,Compressor,7754.9,12.5,5.24,22.97,6.42,49.8,0,80.2
2024-03-08 13:00:00,EQ_B002,Water Pump,10220.9,12.8,7.85,15.99,3.05,20.0,1,100.0
2024-03-08 14:00:00,EQ_M001,Compressor,11475.1,12.5,8.0,25.45,6.22,20.0,1,100.0
2024-03-08 14:00:00,EQ_M002,Water Pump,13207.7,16.4,8.0,16.1,2.7,20.0,1,100.0
2024-03-08 14:00:00,EQ_M003,Air Handler,10641.0,13.1,8.0,14.52,2.89,20.0,1,100.0
2024-03-08 14:00:00,EQ_B001,Compressor,7755.8,12.4,4.8,20.48,6.3,51.2,0,78.8
2024-03-08 14:00:00,EQ_B002,Water Pump,10221.4,11.9,7.85,15.09,3.07,20.0,1,100.0
2024-03-08 15:00:00,EQ_M001,Compressor,11475.6,14.3,8.0,20.56,5.55,20.0,1,100.0
2024-03-08 15:00:00,EQ_M002,Water Pump,13208.5,18.2,8.0,15.49,3.06,20.0,1,100.0
2024-03-08 15:00:00,EQ_M003,Air Handler,10641.8,12.9,8.0,11.68,2.93,20.0,1,100.0
2024-03-08 15:00:00,EQ_B001,Compressor,7756.7,11.7,5.33,24.17,5.87,49.6,0,80.4
2024-03-08 15:00:00,EQ_B002,Water Pump,10222.0,11.0,8.0,15.18,2.69,20.0,1,100.0
2024-03-08 16:00:00,EQ_M001,Compressor,11476.4,13.6,8.0,22.45,6.14,20.0,1,100.0
2024-03-08 16:00:00,EQ_M002,Water Pump,13209.2,17.2,8.0,15.56,3.02,20.0,1,100.0
2024-03-08 16:00:00,EQ_M003,Air Handler,10642.7,15.1,8.0,12.84,2.94,20.0,1,100.0
2024-03-08 16:00:00,EQ_B001,Compressor,7757.6,9.6,5.11,20.71,6.19,50.2,0,79.8
2024-03-08 16:00:00,EQ_B002,Water Pump,10222.7,11.2,7.99,14.34,3.06,20.0,1,100.0
2024-03-08 17:00:00,EQ_M001,Compressor,11476.9,14.3,8.0,22.26,6.28,20.0,1,100.0
2024-03-08 17:00:00,EQ_M002,Water Pump,13210.0,17.1,8.0,14.36,3.0,20.0,1,100.0
2024-03-08 17:00:00,EQ_M003,Air Handler,10643.4,13.6,8.0,15.92,3.25,20.0,1,100.0
2024-03-08 17:00:00,EQ_B001,Compressor,7758.4,11.9,5.32,19.62,5.88,49.6,0,80.4
2024-03-08 17:00:00,EQ_B002,Water Pump,10223.3,13.5,8.0,13.67,2.7,20.0,1,100.0
2024-03-08 18:00:00,EQ_M001,Compressor,11477.7,13.7,8.0,22.9,6.26,20.0,1,100.0
2024-03-08 18:00:00,EQ_M002,Water Pump,13210.9,19.3,8.0,18.85,2.98,20.0,1,100.0
2024-03-08 18:00:00,EQ_M003,Air Handler,10644.3,12.3,8.0,18.64,3.08,20.0,1,100.0
2024-03-08 18:00:00,EQ_B001,Compressor,7758.9,11.5,5.21,21.24,6.55,49.9,0,80.1
2024-03-08 18:00:00,EQ_B002,Water Pump,10224.2,13.3,7.93,15.09,3.29,20.0,1,100.0
2024-03-08 19:00:00,EQ_M001,Compressor,11478.4,14.8,8.0,23.94,6.74,20.0,1,100.0
2024-03-08 19:00:00,EQ_M002,Water Pump,13211.6,17.7,8.0,13.11,2.83,20.0,1,100.0
2024-03-08 19:00:00,EQ_M003,Air Handler,10645.2,13.3,8.0,14.66,3.02,20.0,1,100.0
2024-03-08 19:00:00,EQ_B001,Compressor,7759.8,11.7,5.22,24.89,6.39,49.9,0,80.1
2024-03-08 19:00:00,EQ_B002,Water Pump,10225.1,12.2,7.55,16.66,3.09,20.0,1,100.0
2024-03-08 20:00:00,EQ_M001,Compressor,11479.2,13.4,8.0,23.13,6.14,20.0,1,100.0
2024-03-08 20:00:00,EQ_M002,Water Pump,13212.4,17.1,8.0,15.2,2.88,20.0,1,100.0
2024-03-08 20:00:00,EQ_M003,Air Handler,10645.8,12.4,8.0,13.72,3.08,20.0,1,100.0
2024-03-08 20:00:00,EQ_B001,Compressor,7760.6,12.4,5.07,21.8,6.37,50.3,0,79.7
2024-03-08 20:00:00,EQ_B002,Water Pump,10225.9,11.5,7.52,15.82,2.82,20.0,1,100.0
2024-03-08 21:00:00,EQ_M001,Compressor,11479.7,14.9,8.0,24.76,6.49,20.0,1,100.0
2024-03-08 21:00:00,EQ_M002,Water Pump,13213.3,17.0,8.0,12.85,3.19,20.0,1,100.0
2024-03-08 21:00:00,EQ_M003,Air Handler,10646.5,11.2,8.0,13.93,2.82,20.0,1,100.0
2024-03-08 21:00:00,EQ_B001,Compressor,7761.1,13.3,4.89,25.86,6.29,50.8,0,79.2
2024-03-08 21:00:00,EQ_B002,Water Pump,10226.4,11.4,7.9,13.81,3.21,20.0,1,100.0
2024-03-08 22:00:00,EQ_M001,Compressor,11480.3,14.8,8.0,23.78,6.46,20.0,1,100.0
2024-03-08 22:00:00,EQ_M002,Water Pump,13214.0,17.3,8.0,11.14,3.04,20.0,1,100.0
2024-03-08 22:00:00,EQ_M003,Air Handler,10647.2,12.8,8.0,14.79,3.27,20.0,1,100.0
2024-03-08 22:00:00,EQ_B001,Compressor,7761.7,11.6,5.49,24.43,6.17,49.0,0,81.0
2024-03-08 22:00:00,EQ_B002,Water Pump,10227.2,13.1,7.63,12.51,2.88,20.0,1,100.0
2024-03-08 23:00:00,EQ_M001,Compressor,11481.1,16.1,8.0,24.16,6.11,20.0,1,100.0
2024-03-08 23:00:00,EQ_M002,Water Pump,13214.8,17.0,8.0,15.53,3.14,20.0,1,100.0
2024-03-08 23:00:00,EQ_M003,Air Handler,10648.1,13.8,7.94,14.92,3.04,20.0,1,100.0
2024-03-08 23:00:00,EQ_B001,Compressor,7762.5,10.7,5.04,22.5,6.87,50.3,0,79.7
2024-03-08 23:00:00,EQ_B002,Water Pump,10228.1,11.9,7.75,16.09,3.17,20.0,1,100.0
2024-03-09 00:00:00,EQ_M001,Compressor,11481.7,12.8,8.0,21.76,6.6,20.0,1,100.0
2024-03-09 00:00:00,EQ_M002,Water Pump,13215.7,19.6,8.0,17.63,3.29,20.0,1,100.0
2024-03-09 00:00:00,EQ_M003,Air Handler,10648.8,12.8,8.0,16.82,2.95,20.0,1,100.0
2024-03-09 00:00:00,EQ_B001,Compressor,7763.3,10.3,5.42,18.49,6.71,49.2,0,80.8
2024-03-09 00:00:00,EQ_B002,Water Pump,10228.7,11.6,7.76,14.48,3.04,20.0,1,100.0
2024-03-09 01:00:00,EQ_M001,Compressor,11482.2,13.5,8.0,24.55,6.79,20.0,1,100.0
2024-03-09 01:00:00,EQ_M002,Water Pump,13216.5,18.6,8.0,14.75,2.74,20.0,1,100.0
2024-03-09 01:00:00,EQ_M003,Air Handler,10649.8,13.1,7.94,13.61,3.14,20.0,1,100.0
2024-03-09 01:00:00,EQ_B001,Compressor,7763.8,10.7,4.75,21.69,6.63,51.2,0,78.8
2024-03-09 01:00:00,EQ_B002,Water Pump,10229.3,12.1,7.64,14.31,2.82,20.0,1,100.0
2024-03-09 02:00:00,EQ_M001,Compressor,11482.9,14.1,8.0,21.33,6.58,20.0,1,100.0
2024-03-09 02:00:00,EQ_M002,Water Pump,13217.0,16.8,8.0,12.84,2.84,20.0,1,100.0
2024-03-09 02:00:00,EQ_M003,Air Handler,10650.5,12.8,7.81,16.89,3.07,20.0,1,100.0
2024-03-09 02:00:00,EQ_B001,Compressor,7764.6,11.1,5.55,25.95,6.73,48.8,1,81.2
2024-03-09 02:00:00,EQ_B002,Water Pump,10229.8,11.0,7.79,14.58,2.52,20.0,1,100.0
2024-03-09 03:00:00,EQ_M001,Compressor,11483.9,15.8,8.0,20.98,6.33,20.0,1,100.0
2024-03-09 03:00:00,EQ_M002,Water Pump,13217.8,16.3,8.0,13.42,2.92,20.0,1,100.0
2024-03-09 03:00:00,EQ_M003,Air Handler,10651.4,13.3,8.0,15.34,3.15,20.0,1,100.0
2024-03-09 03:00:00,EQ_B001,Compressor,7765.2,11.6,5.23,20.66,6.76,49.8,0,80.2
2024-03-09 03:00:00,EQ_B002,Water Pump,10230.7,10.7,7.63,17.34,2.82,20.0,1,100.0
2024-03-09 04:00:00,EQ_M001,Compressor,11484.4,15.9,8.0,20.06,6.42,20.0,1,100.0
2024-03-09 04:00:00,EQ_M002,Water Pump,13218.3,14.7,8.0,12.02,3.14,20.0,1,100.0
2024-03-09 04:00:00,EQ_M003,Air Handler,10652.0,14.0,7.7,16.32,2.93,20.0,1,100.0
2024-03-09 04:00:00,EQ_B001,Compressor,7765.9,10.3,4.93,22.91,6.28,50.6,0,79.4
2024-03-09 04:00:00,EQ_B002,Water Pump,10231.6,13.1,7.86,13.98,2.8,20.0,1,100.0
2024-03-09 05:00:00,EQ_M001,Compressor,11485.0,14.5,8.0,22.62,7.07,20.0,1,100.0
2024-03-09 05:00:00,EQ_M002,Water Pump,13219.0,18.4,8.0,17.96,2.94,20.0,1,100.0
2024-03-09 05:00:00,EQ_M003,Air Handler,10652.9,12.6,7.93,15.69,2.9,20.0,1,100.0
2024-03-09 05:00:00,EQ_B001,Compressor,7766.6,11.9,5.52,21.05,6.54,48.9,1,81.1
2024-03-09 05:00:00,EQ_B002,Water Pump,10232.2,11.1,8.0,11.63,2.92,20.0,1,100.0
2024-03-09 06:00:00,EQ_M001,Compressor,11485.8,14.9,8.0,23.7,5.84,20.0,1,100.0
2024-03-09 06:00:00,EQ_M002,Water Pump,13219.8,17.5,8.0,15.25,3.2,20.0,1,100.0
2024-03-09 06:00:00,EQ_M003,Air Handler,10653.7,12.3,8.0,13.87,2.96,20.0,1,100.0
2024-03-09 06:00:00,EQ_B001,Compressor,7767.2,11.3,5.45,25.07,6.14,49.1,0,80.9
2024-03-09 06:00:00,EQ_B002,Water Pump,10232.8,10.9,7.66,14.92,3.06,20.0,1,100.0
2024-03-09 07:00:00,EQ_M001,Compressor,11486.3,13.6,8.0,21.64,6.48,20.0,1,100.0
2024-03-09 07:00:00,EQ_M002,Water Pump,13220.6,18.9,8.0,15.75,3.14,20.0,1,100.0
2024-03-09 07:00:00,EQ_M003,Air Handler,10654.4,12.9,7.71,16.54,2.64,20.0,1,100.0
2024-03-09 07:00:00,EQ_B001,Compressor,7768.0,9.3,5.83,19.8,6.92,47.9,1,82.1
2024-03-09 07:00:00,EQ_B002,Water Pump,10233.4,12.6,6.97,15.83,3.22,20.0,1,100.0
2024-03-09 08:00:00,EQ_M001,Compressor,11487.2,15.8,8.0,22.59,6.08,20.0,1,100.0
2024-03-09 08:00:00,EQ_M002,Water Pump,13221.6,18.8,8.0,16.44,3.01,20.0,1,100.0
2024-03-09 08:00:00,EQ_M003,Air Handler,10655.1,12.4,8.0,12.78,2.89,20.0,1,100.0
2024-03-09 08:00:00,EQ_B001,Compressor,7768.6,11.3,5.67,21.1,5.9,48.4,1,81.6
2024-03-09 08:00:00,EQ_B002,Water Pump,10234.2,11.8,7.85,14.09,2.84,20.0,1,100.0
2024-03-09 09:00:00,EQ_M001,Compressor,11488.1,13.4,8.0,20.44,6.35,20.0,1,100.0
2024-03-09 09:00:00,EQ_M002,Water Pump,13222.4,18.6,8.0,15.49,2.97,20.0,1,100.0
2024-03-09 09:00:00,EQ_M003,Air Handler,10655.9,12.7,8.0,15.33,2.99,20.0,1,100.0
2024-03-09 09:00:00,EQ_B001,Compressor,7769.1,10.5,5.4,19.73,6.49,49.2,0,80.8
2024-03-09 09:00:00,EQ_B002,Water Pump,10234.7,11.7,8.0,15.14,2.92,20.0,1,100.0
2024-03-09 10:00:00,EQ_M001,Compressor,11488.9,13.6,8.0,18.92,6.7,20.0,1,100.0
2024-03-09 10:00:00,EQ_M002,Water Pump,13223.1,17.7,8.0,13.43,3.63,20.0,1,100.0
2024-03-09 10:00:00,EQ_M003,Air Handler,10656.5,13.3,8.0,17.0,3.08,20.0,1,100.0
2024-03-09 10:00:00,EQ_B001,Compressor,7769.6,10.2,4.99,23.07,6.38,50.4,0,79.6
2024-03-09 10:00:00,EQ_B002,Water Pump,10235.5,9.8,7.77,16.45,3.08,20.0,1,100.0
2024-03-09 11:00:00,EQ_M001,Compressor,11489.6,13.4,8.0,21.06,6.22,20.0,1,100.0
2024-03-09 11:00:00,EQ_M002,Water Pump,13223.7,17.6,8.0,15.41,2.78,20.0,1,100.0
2024-03-09 11:00:00,EQ_M003,Air Handler,10657.3,12.3,8.0,14.58,3.09,20.0,1,100.0
2024-03-09 11:00:00,EQ_B001,Compressor,7770.4,11.4,5.18,22.47,6.28,49.8,0,80.2
2024-03-09 11:00:00,EQ_B002,Water Pump,10236.4,11.3,7.86,14.04,2.93,20.0,1,100.0
2024-03-09 12:00:00,EQ_M001,Compressor,11490.2,14.3,8.0,22.81,6.62,20.0,1,100.0
2024-03-09 12:00:00,EQ_M002,Water Pump,13224.7,17.0,8.0,16.91,2.72,20.0,1,100.0
2024-03-09 12:00:00,EQ_M003,Air Handler,10658.3,13.2,8.0,15.4,3.3,20.0,1,100.0
2024-03-09 12:00:00,EQ_B001,Compressor,7771.3,10.2,5.43,20.94,6.74,49.1,0,80.9
2024-03-09 12:00:00,EQ_B002,Water Pump,10236.9,11.9,7.53,15.86,3.02,20.0,1,100.0
2024-03-09 13:00:00,EQ_M001,Compressor,11490.8,13.3,8.0,21.75,6.35,20.0,1,100.0
2024-03-09 13:00:00,EQ_M002,Water Pump,13225.4,17.7,8.0,14.35,3.04,20.0,1,100.0
2024-03-09 13:00:00,EQ_M003,Air Handler,10658.9,13.3,8.0,15.58,3.36,20.0,1,100.0
2024-03-09 13:00:00,EQ_B001,Compressor,7772.0,11.7,5.3,20.66,6.19,49.4,0,80.6
2024-03-09 13:00:00,EQ_B002,Water Pump,10237.4,11.7,7.86,13.35,2.92,20.0,1,100.0
2024-03-09 14:00:00,EQ_M001,Compressor,11491.6,14.6,8.0,25.86,7.17,20.0,1,100.0
2024-03-09 14:00:00,EQ_M002,Water Pump,13226.4,17.8,8.0,15.53,3.15,20.0,1,100.0
2024-03-09 14:00:00,EQ_M003,Air Handler,10659.8,13.4,8.0,15.64,3.27,20.0,1,100.0
2024-03-09 14:00:00,EQ_B001,Compressor,7772.9,10.7,5.14,22.69,6.6,49.9,0,80.1
2024-03-09 14:00:00,EQ_B002,Water Pump,10238.1,12.0,7.92,15.63,2.99,20.0,1,100.0
2024-03-09 15:00:00,EQ_M001,Compressor,11492.1,15.3,8.0,18.97,6.96,20.0,1,100.0
2024-03-09 15:00:00,EQ_M002,Water Pump,13227.0,17.3,8.0,14.65,2.68,20.0,1,100.0
2024-03-09 15:00:00,EQ_M003,Air Handler,10660.6,10.9,7.3,14.07,2.7,20.0,1,100.0
2024-03-09 15:00:00,EQ_B001,Compressor,7773.9,10.7,4.77,23.96,6.6,51.0,0,79.0
2024-03-09 15:00:00,EQ_B002,Water Pump,10239.0,9.9,7.42,15.38,3.1,20.0,1,100.0
2024-03-09 16:00:00,EQ_M001,Compressor,11493.0,14.9,8.0,21.5,7.01,20.0,1,100.0
2024-03-09 16:00:00,EQ_M002,Water Pump,13227.5,17.0,8.0,14.58,3.09,20.0,1,100.0
2024-03-09 16:00:00,EQ_M003,Air Handler,10661.2,13.1,8.0,15.32,3.27,20.0,1,100.0
2024-03-09 16:00:00,EQ_B001,Compressor,7774.4,12.2,5.02,26.09,5.99,50.3,0,79.7
2024-03-09 16:00:00,EQ_B002,Water Pump,10239.5,11.0,7.7,16.08,3.08,20.0,1,100.0
2024-03-09 17:00:00,EQ_M001,Compressor,11493.9,16.1,8.0,20.82,6.55,20.0,1,100.0
2024-03-09 17:00:00,EQ_M002,Water Pump,13228.4,17.2,8.0,14.05,2.63,20.0,1,100.0
2024-03-09 17:00:00,EQ_M003,Air Handler,10661.9,12.7,8.0,13.13,3.18,20.0,1,100.0
2024-03-09 17:00:00,EQ_B001,Compressor,7775.3,11.5,5.12,21.62,6.48,49.9,0,80.1
2024-03-09 17:00:00,EQ_B002,Water Pump,10240.3,11.0,7.48,18.07,2.85,20.0,1,100.0
2024-03-09 18:00:00,EQ_M001,Compressor,11494.4,16.4,8.0,24.74,6.46,20.0,1,100.0
2024-03-09 18:00:00,EQ_M002,Water Pump,13229.3,17.5,8.0,13.99,2.81,20.0,1,100.0
2024-03-09 18:00:00,EQ_M003,Air Handler,10662.6,12.2,8.0,11.71,3.08,20.0,1,100.0
2024-03-09 18:00:00,EQ_B001,Compressor,7776.2,11.0,4.81,23.77,7.01,50.9,0,79.1
2024-03-09 18:00:00,EQ_B002,Water Pump,10241.0,11.4,7.55,15.37,2.99,20.0,1,100.0
2024-03-09 19:00:00,EQ_M001,Compressor,11495.1,14.8,8.0,18.79,6.77,20.0,1,100.0
2024-03-09 19:00:00,EQ_M002,Water Pump,13230.2,16.3,8.0,16.52,2.89,20.0,1,100.0
2024-03-09 19:00:00,EQ_M003,Air Handler,10663.5,11.5,8.0,13.15,3.23,20.0,1,100.0
2024-03-09 19:00:00,EQ_B001,Compressor,7776.9,13.0,5.89,22.79,5.93,47.6,1,82.4
2024-03-09 19:00:00,EQ_B002,Water Pump,10241.8,11.5,8.0,17.92,3.0,20.0,1,100.0
2024-03-09 20:00:00,EQ_M001,Compressor,11495.6,14.2,8.0,20.01,6.39,20.0,1,100.0
2024-03-09 20:00:00,EQ_M002,Water Pump,13230.7,16.9,8.0,15.95,3.09,20.0,1,100.0
2024-03-09 20:00:00,EQ_M003,Air Handler,10664.5,12.8,8.0,16.48,3.23,20.0,1,100.0
2024-03-09 20:00:00,EQ_B001,Compressor,7777.5,12.0,5.45,21.8,6.49,48.9,0,81.1
2024-03-09 20:00:00,EQ_B002,Water Pump,10242.4,10.7,7.88,14.02,3.2,20.0,1,100.0
2024-03-09 21:00:00,EQ_M001,Compressor,11496.6,14.8,8.0,23.82,6.79,20.0,1,100.0
2024-03-09 21:00:00,EQ_M002,Water Pump,13231.3,18.1,8.0,13.99,3.18,20.0,1,100.0
2024-03-09 21:00:00,EQ_M003,Air Handler,10665.4,12.1,8.0,12.12,3.16,20.0,1,100.0
2024-03-09 21:00:00,EQ_B001,Compressor,7778.4,12.5,5.37,25.74,6.8,49.2,0,80.8
2024-03-09 21:00:00,EQ_B002,Water Pump,10243.1,11.5,7.83,14.43,3.48,20.0,1,100.0
2024-03-09 22:00:00,EQ_M001,Compressor,11497.2,12.9,8.0,22.35,6.65,20.0,1,100.0
2024-03-09 22:00:00,EQ_M002,Water Pump,13232.0,17.3,8.0,15.08,3.17,20.0,1,100.0
2024-03-09 22:00:00,EQ_M003,Air Handler,10666.3,11.9,8.0,14.16,2.37,20.0,1,100.0
2024-03-09 22:00:00,EQ_B001,Compressor,7779.3,11.3,5.2,21.87,6.17,49.7,0,80.3
2024-03-09 22:00:00,EQ_B002,Water Pump,10243.7,9.7,7.98,17.12,3.3,20.0,1,100.0
2024-03-09 23:00:00,EQ_M001,Compressor,11497.8,14.9,8.0,24.32,7.1,20.0,1,100.0
2024-03-09 23:00:00,EQ_M002,Water Pump,13232.9,18.2,8.0,14.4,2.76,20.0,1,100.0
2024-03-09 23:00:00,EQ_M003,Air Handler,10667.1,10.2,7.92,16.44,2.97,20.0,1,100.0
2024-03-09 23:00:00,EQ_B001,Compressor,7780.1,11.3,5.33,19.57,6.75,49.3,0,80.7
2024-03-09 23:00:00,EQ_B002,Water Pump,10244.4,12.7,8.0,16.38,3.09,20.0,1,100.0
2024-03-10 00:00:00,EQ_M001,Compressor,11498.8,15.3,8.0,22.27,6.41,20.0,1,100.0
2024-03-10 00:00:00,EQ_M002,Water Pump,13233.8,20.0,8.0,16.6,2.78,20.0,1,100.0
2024-03-10 00:00:00,EQ_M003,Air Handler,10668.1,12.5,8.0,16.87,2.94,20.0,1,100.0
2024-03-10 00:00:00,EQ_B001,Compressor,7780.7,10.9,5.48,20.88,6.61,48.8,0,81.2
2024-03-10 00:00:00,EQ_B002,Water Pump,10245.0,12.6,7.64,14.7,3.2,20.0,1,100.0
2024-03-10 01:00:00,EQ_M001,Compressor,11499.8,14.0,8.0,21.81,6.23,20.0,1,100.0
2024-03-10 01:00:00,EQ_M002,Water Pump,13234.5,17.5,8.0,17.6,3.11,20.0,1,100.0
2024-03-10 01:00:00,EQ_M003,Air Handler,10668.7,10.0,7.93,17.44,2.78,20.0,1,100.0
2024-03-10 01:00:00,EQ_B001,Compressor,7781.6,10.4,5.47,20.95,6.43,48.8,0,81.2
2024-03-10 01:00:00,EQ_B002,Water Pump,10245.6,10.5,7.42,14.68,3.13,20.0,1,100.0
2024-03-10 02:00:00,EQ_M001,Compressor,11500.4,14.1,8.0,21.13,6.47,20.0,1,100.0
2024-03-10 02:00:00,EQ_M002,Water Pump,13235.3,16.9,8.0,15.32,3.26,20.0,1,100.0
2024-03-10 02:00:00,EQ_M003,Air Handler,10669.6,12.4,7.91,15.24,2.98,20.0,1,100.0
2024-03-10 02:00:00,EQ_B001,Compressor,7782.3,11.2,5.47,20.97,6.75,48.8,0,81.2
2024-03-10 02:00:00,EQ_B002,Water Pump,10246.4,11.0,7.21,17.12,3.4,20.0,1,100.0
2024-03-10 03:00:00,EQ_M001,Compressor,11501.1,13.2,8.0,21.64,6.73,20.0,1,100.0
2024-03-10 03:00:00,EQ_M002,Water Pump,13236.2,17.4,8.0,15.51,2.8,20.0,1,100.0
2024-03-10 03:00:00,EQ_M003,Air Handler,10670.2,11.7,8.0,13.24,3.01,20.0,1,100.0
2024-03-10 03:00:00,EQ_B001,Compressor,7782.9,10.8,4.96,24.52,6.39,50.3,0,79.7
2024-03-10 03:00:00,EQ_B002,Water Pump,10247.3,13.2,7.25,16.54,3.24,20.0,1,100.0
2024-03-10 04:00:00,EQ_M001,Compressor,11501.6,14.3,8.0,19.93,6.57,20.0,1,100.0
2024-03-10 04:00:00,EQ_M002,Water Pump,13237.0,15.8,8.0,14.65,3.04,20.0,1,100.0
2024-03-10 04:00:00,EQ_M003,Air Handler,10671.1,13.4,8.0,14.01,2.94,20.0,1,100.0
2024-03-10 04:00:00,EQ_B001,Compressor,7783.7,12.8,5.17,22.17,6.91,49.7,0,80.3
2024-03-10 04:00:00,EQ_B002,Water Pump,10248.0,10.4,7.66,16.54,3.17,20.0,1,100.0
2024-03-10 05:00:00,EQ_M001,Compressor,11502.4,13.9,8.0,22.03,6.57,20.0,1,100.0
2024-03-10 05:00:00,EQ_M002,Water Pump,13237.9,15.6,8.0,14.35,2.97,20.0,1,100.0
2024-03-10 05:00:00,EQ_M003,Air Handler,10671.7,12.5,8.0,12.14,2.75,20.0,1,100.0
2024-03-10 05:00:00,EQ_B001,Compressor,7784.6,10.0,5.2,18.91,6.21,49.6,0,80.4
2024-03-10 05:00:00,EQ_B002,Water Pump,10249.0,10.5,7.41,13.67,3.33,20.0,1,100.0
2024-03-10 06:00:00,EQ_M001,Compressor,11503.3,14.5,8.0,21.4,6.32,20.0,1,100.0
2024-03-10 06:00:00,EQ_M002,Water Pump,13238.7,16.4,8.0,15.69,2.62,20.0,1,100.0
2024-03-10 06:00:00,EQ_M003,Air Handler,10672.3,11.8,8.0,15.2,2.69,20.0,1,100.0
2024-03-10 06:00:00,EQ_B001,Compressor,7785.1,13.5,4.95,23.1,6.31,50.3,0,79.7
2024-03-10 06:00:00,EQ_B002,Water Pump,10249.9,11.7,7.45,16.68,3.17,20.0,1,100.0
2024-03-10 07:00:00,EQ_M001,Compressor,11504.2,13.2,8.0,23.67,6.29,20.0,1,100.0
2024-03-10 07:00:00,EQ_M002,Water Pump,13239.4,18.2,8.0,15.71,2.89,20.0,1,100.0
2024-03-10 07:00:00,EQ_M003,Air Handler,10673.2,12.9,8.0,15.01,3.25,20.0,1,100.0
2024-03-10 07:00:00,EQ_B001,Compressor,7785.9,12.1,5.02,21.48,6.77,50.1,0,79.9
2024-03-10 07:00:00,EQ_B002,Water Pump,10250.9,11.0,8.0,15.97,3.0,20.0,1,100.0
2024-03-10 08:00:00,EQ_M001,Compressor,11504.9,13.6,8.0,19.75,6.63,20.0,1,100.0
2024-03-10 08:00:00,EQ_M002,Water Pump,13240.2,15.9,8.0,12.58,3.09,20.0,1,100.0
2024-03-10 08:00:00,EQ_M003,Air Handler,10674.2,11.9,8.0,14.57,2.91,20.0,1,100.0
2024-03-10 08:00:00,EQ_B001,Compressor,7786.7,11.5,5.46,22.8,6.61,48.8,0,81.2
2024-03-10 08:00:00,EQ_B002,Water Pump,10251.4,11.9,7.76,13.54,3.09,20.0,1,100.0
2024-03-10 09:00:00,EQ_M001,Compressor,11505.9,13.4,8.0,20.12,6.49,20.0,1,100.0
2024-03-10 09:00:00,EQ_M002,Water Pump,13241.2,17.3,8.0,17.53,3.13,20.0,1,100.0
2024-03-10 09:00:00,EQ_M003,Air Handler,10675.0,12.8,8.0,16.66,2.96,20.0,1,100.0
2024-03-10 09:00:00,EQ_B001,Compressor,7787.5,11.1,5.53,23.74,6.13,48.6,1,81.4
2024-03-10 09:00:00,EQ_B002,Water Pump,10252.4,11.6,7.38,13.99,2.95,20.0,1,100.0
2024-03-10 10:00:00,EQ_M001,Compressor,11506.6,14.7,8.0,23.03,6.63,20.0,1,100.0
2024-03-10 10:00:00,EQ_M002,Water Pump,13242.0,17.0,8.0,14.5,3.01,20.0,1,100.0
2024-03-10 10:00:00,EQ_M003,Air Handler,10675.7,12.3,8.0,10.08,3.09,20.0,1,100.0
2024-03-10 10:00:00,EQ_B001,Compressor,7788.2,11.3,5.2,23.66,6.86,49.6,0,80.4
2024-03-10 10:00:00,EQ_B002,Water Pump,10253.2,10.6,7.82,16.64,2.89,20.0,1,100.0
2024-03-10 11:00:00,EQ_M001,Compressor,11507.6,13.7,8.0,20.4,6.79,20.0,1,100.0
2024-03-10 11:00:00,EQ_M002,Water Pump,13242.8,16.8,8.0,17.14,3.38,20.0,1,100.0
2024-03-10 11:00:00,EQ_M003,Air Handler,10676.4,11.9,7.59,13.42,2.88,20.0,1,100.0
2024-03-10 11:00:00,EQ_B001,Compressor,7789.1,10.9,5.41,22.73,6.97,48.9,0,81.1
2024-03-10 11:00:00,EQ_B002,Water Pump,10253.9,11.0,7.95,14.62,3.12,20.0,1,100.0
2024-03-10 12:00:00,EQ_M001,Compressor,11508.1,14.6,8.0,24.19,6.49,20.0,1,100.0
2024-03-10 12:00:00,EQ_M002,Water Pump,13243.6,17.5,8.0,17.37,2.87,20.0,1,100.0
2024-03-10 12:00:00,EQ_M003,Air Handler,10676.9,12.1,8.0,15.37,3.07,20.0,1,100.0
2024-03-10 12:00:00,EQ_B001,Compressor,7789.9,9.4,5.42,23.7,6.27,48.9,0,81.1
2024-03-10 12:00:00,EQ_B002,Water Pump,10254.8,11.7,7.28,14.88,2.71,20.0,1,100.0
2024-03-10 13:00:00,EQ_M001,Compressor,11509.0,14.6,8.0,21.57,6.66,20.0,1,100.0
2024-03-10 13:00:00,EQ_M002,Water Pump,13244.4,19.1,8.0,16.51,2.86,20.0,1,100.0
2024-03-10 13:00:00,EQ_M003,Air Handler,10677.7,13.5,7.85,13.79,2.58,20.0,1,100.0
2024-03-10 13:00:00,EQ_B001,Compressor,7790.8,10.2,5.45,22.35,6.37,48.8,0,81.2
2024-03-10 13:00:00,EQ_B002,Water Pump,10255.6,10.2,7.88,14.55,3.06,20.0,1,100.0
2024-03-10 14:00:00,EQ_M001,Compressor,11509.6,12.4,8.0,21.87,6.27,20.0,1,100.0
2024-03-10 14:00:00,EQ_M002,Water Pump,13245.1,18.0,8.0,15.44,2.85,20.0,1,100.0
2024-03-10 14:00:00,EQ_M003,Air Handler,10678.2,12.9,8.0,16.74,2.98,20.0,1,100.0
2024-03-10 14:00:00,EQ_B001,Compressor,7791.5,10.6,5.14,20.59,6.51,49.7,0,80.3
2024-03-10 14:00:00,EQ_B002,Water Pump,10256.1,11.3,7.67,14.77,3.01,20.0,1,100.0
2024-03-10 15:00:00,EQ_M001,Compressor,11510.3,13.3,8.0,21.67,6.13,20.0,1,100.0
2024-03-10 15:00:00,EQ_M002,Water Pump,13245.9,17.1,8.0,16.02,2.88,20.0,1,100.0
2024-03-10 15:00:00,EQ_M003,Air Handler,10679.1,13.3,8.0,17.16,3.26,20.0,1,100.0
2024-03-10 15:00:00,EQ_B001,Compressor,7792.3,9.8,5.56,22.18,6.67,48.4,1,81.6
2024-03-10 15:00:00,EQ_B002,Water Pump,10256.9,11.1,7.88,15.5,3.05,20.0,1,100.0
2024-03-10 16:00:00,EQ_M001,Compressor,11511.1,13.8,8.0,19.62,6.14,20.0,1,100.0
2024-03-10 16:00:00,EQ_M002,Water Pump,13246.6,18.7,8.0,14.64,2.83,20.0,1,100.0
2024-03-10 16:00:00,EQ_M003,Air Handler,10679.6,12.4,8.0,15.06,3.14,20.0,1,100.0
2024-03-10 16:00:00,EQ_B001,Compressor,7793.2,13.4,5.58,22.18,6.72,48.4,1,81.6
2024-03-10 16:00:00,EQ_B002,Water Pump,10257.6,10.9,7.87,13.71,3.09,20.0,1,100.0
2024-03-10 17:00:00,EQ_M001,Compressor,11511.8,13.6,8.0,21.65,6.75,20.0,1,100.0
2024-03-10 17:00:00,EQ_M002,Water Pump,13247.6,18.2,8.0,16.96,2.67,20.0,1,100.0
2024-03-10 17:00:00,EQ_M003,Air Handler,10680.2,12.0,8.0,16.93,2.85,20.0,1,100.0
2024-03-10 17:00:00,EQ_B001,Compressor,7794.0,10.7,5.57,21.05,6.74,48.4,1,81.6
2024-03-10 17:00:00,EQ_B002,Water Pump,10258.3,10.4,7.6,13.3,3.03,20.0,1,100.0
2024-03-10 18:00:00,EQ_M001,Compressor,11512.4,12.0,8.0,21.63,6.13,20.0,1,100.0
2024-03-10 18:00:00,EQ_M002,Water Pump,13248.6,17.4,8.0,15.04,2.81,20.0,1,100.0
2024-03-10 18:00:00,EQ_M003,Air Handler,10680.9,12.0,8.0,15.12,2.96,20.0,1,100.0
2024-03-10 18:00:00,EQ_B001,Compressor,7794.9,10.7,5.02,23.17,6.93,50.0,0,80.0
2024-03-10 18:00:00,EQ_B002,Water Pump,10259.0,10.6,7.76,15.98,2.94,20.0,1,100.0
2024-03-10 19:00:00,EQ_M001,Compressor,11513.0,13.6,8.0,22.24,6.37,20.0,1,100.0
2024-03-10 19:00:00,EQ_M002,Water Pump,13249.5,16.9,8.0,15.88,3.46,20.0,1,100.0
2024-03-10 19:00:00,EQ_M003,Air Handler,10681.7,11.6,8.0,14.78,3.03,20.0,1,100.0
2024-03-10 19:00:00,EQ_B001,Compressor,7795.4,10.0,5.43,25.62,6.38,48.8,0,81.2
2024-03-10 19:00:00,EQ_B002,Water Pump,10259.6,11.3,8.0,14.87,2.91,20.0,1,100.0
2024-03-10 20:00:00,EQ_M001,Compressor,11513.8,13.8,8.0,22.31,6.61,20.0,1,100.0
2024-03-10 20:00:00,EQ_M002,Water Pump,13250.0,17.8,8.0,15.0,2.97,20.0,1,100.0
2024-03-10 20:00:00,EQ_M003,Air Handler,10682.4,11.3,7.62,15.53,2.76,20.0,1,100.0
2024-03-10 20:00:00,EQ_B001,Compressor,7796.0,11.4,5.5,22.09,6.82,48.6,0,81.4
2024-03-10 20:00:00,EQ_B002,Water Pump,10260.6,12.2,7.46,15.55,2.88,20.0,1,100.0
2024-03-10 21:00:00,EQ_M001,Compressor,11514.7,14.7,8.0,25.39,7.04,20.0,1,100.0
2024-03-10 21:00:00,EQ_M002,Water Pump,13250.7,18.3,8.0,16.03,3.34,20.0,1,100.0
2024-03-10 21:00:00,EQ_M003,Air Handler,10683.0,11.7,8.0,16.46,3.15,20.0,1,100.0
2024-03-10 21:00:00,EQ_B001,Compressor,7796.9,11.3,5.41,24.25,6.62,48.8,0,81.2
2024-03-10 21:00:00,EQ_B002,Water Pump,10261.5,12.5,7.62,13.92,3.08,20.0,1,100.0
2024-03-10 22:00:00,EQ_M001,Compressor,11515.2,12.9,8.0,18.17,6.79,20.0,1,100.0
2024-03-10 22:00:00,EQ_M002,Water Pump,13251.5,16.0,8.0,15.54,2.83,20.0,1,100.0
2024-03-10 22:00:00,EQ_M003,Air Handler,10683.7,13.0,8.0,14.3,3.15,20.0,1,100.0
2024-03-10 22:00:00,EQ_B001,Compressor,7797.6,11.0,5.15,23.74,6.56,49.6,0,80.4
2024-03-10 22:00:00,EQ_B002,Water Pump,10262.4,11.1,7.39,13.64,2.99,20.0,1,100.0
2024-03-10 23:00:00,EQ_M001,Compressor,11516.0,14.0,8.0,16.54,6.88,20.0,1,100.0
2024-03-10 23:00:00,EQ_M002,Water Pump,13252.1,17.0,8.0,12.85,2.8,20.0,1,100.0
2024-03-10 23:00:00,EQ_M003,Air Handler,10684.4,13.4,8.0,13.29,3.36,20.0,1,100.0
2024-03-10 23:00:00,EQ_B001,Compressor,7798.4,11.1,5.29,21.8,6.52,49.1,0,80.9
2024-03-10 23:00:00,EQ_B002,Water Pump,10263.2,10.2,7.11,15.85,3.15,20.0,1,100.0
2024-03-11 00:00:00,EQ_M001,Compressor,11516.9,14.3,8.0,18.05,6.17,20.0,1,100.0
2024-03-11 00:00:00,EQ_M002,Water Pump,13252.9,19.1,8.0,17.45,3.04,20.0,1,100.0
2024-03-11 00:00:00,EQ_M003,Air Handler,10685.4,12.4,7.9,15.02,3.07,20.0,1,100.0
2024-03-11 00:00:00,EQ_B001,Compressor,7798.9,11.2,4.65,25.01,6.45,51.1,0,78.9
2024-03-11 00:00:00,EQ_B002,Water Pump,10264.0,11.5,8.0,15.37,3.14,20.0,1,100.0
2024-03-11 01:00:00,EQ_M001,Compressor,11517.6,12.8,8.0,23.08,6.2,20.0,1,100.0
2024-03-11 01:00:00,EQ_M002,Water Pump,13253.6,16.2,8.0,17.35,2.77,20.0,1,100.0
2024-03-11 01:00:00,EQ_M003,Air Handler,10686.1,13.6,8.0,12.81,3.12,20.0,1,100.0
2024-03-11 01:00:00,EQ_B001,Compressor,7799.5,11.3,4.77,22.56,6.46,50.7,0,79.3
2024-03-11 01:00:00,EQ_B002,Water Pump,10264.5,10.5,8.0,16.01,2.7,20.0,1,100.0
2024-03-11 02:00:00,EQ_M001,Compressor,11518.6,13.3,8.0,21.98,6.74,20.0,1,100.0
2024-03-11 02:00:00,EQ_M002,Water Pump,13254.5,16.4,8.0,12.54,2.9,20.0,1,100.0
2024-03-11 02:00:00,EQ_M003,Air Handler,10687.1,13.6,8.0,13.74,3.0,20.0,1,100.0
2024-03-11 02:00:00,EQ_B001,Compressor,7800.5,11.9,5.44,21.39,7.28,48.7,0,81.3
2024-03-11 02:00:00,EQ_B002,Water Pump,10265.4,10.1,8.0,16.62,3.03,20.0,1,100.0
2024-03-11 03:00:00,EQ_M001,Compressor,11519.4,13.4,8.0,22.52,6.58,20.0,1,100.0
2024-03-11 03:00:00,EQ_M002,Water Pump,13255.2,17.9,8.0,13.07,3.26,20.0,1,100.0
2024-03-11 03:00:00,EQ_M003,Air Handler,10687.9,12.5,8.0,16.86,3.42,20.0,1,100.0
2024-03-11 03:00:00,EQ_B001,Compressor,7801.3,9.9,5.12,24.36,6.1,49.6,0,80.4
2024-03-11 03:00:00,EQ_B002,Water Pump,10265.9,11.3,7.52,13.66,2.96,20.0,1,100.0
2024-03-11 04:00:00,EQ_M001,Compressor,11520.0,15.6,8.0,21.54,6.0,20.0,1,100.0
2024-03-11 04:00:00,EQ_M002,Water Pump,13256.1,16.3,8.0,17.59,2.82,20.0,1,100.0
2024-03-11 04:00:00,EQ_M003,Air Handler,10688.7,13.2,8.0,15.63,3.32,20.0,1,100.0
2024-03-11 04:00:00,EQ_B001,Compressor,7802.2,10.9,5.52,22.8,6.08,48.4,1,81.6
2024-03-11 04:00:00,EQ_B002,Water Pump,10266.8,9.9,7.2,16.33,2.93,20.0,1,100.0
2024-03-11 05:00:00,EQ_M001,Compressor,11520.6,13.6,8.0,22.09,6.61,20.0,1,100.0
2024-03-11 05:00:00,EQ_M002,Water Pump,13256.8,19.8,8.0,13.86,3.24,20.0,1,100.0
2024-03-11 05:00:00,EQ_M003,Air Handler,10689.7,12.6,8.0,14.41,3.2,20.0,1,100.0
2024-03-11 05:00:00,EQ_B001,Compressor,7802.8,10.3,5.39,21.68,6.24,48.8,0,81.2
2024-03-11 05:00:00,EQ_B002,Water Pump,10267.4,11.5,8.0,16.38,2.99,20.0,1,100.0
2024-03-11 06:00:00,EQ_M001,Compressor,11521.1,15.4,8.0,20.87,5.98,20.0,1,100.0
2024-03-11 06:00:00,EQ_M002,Water Pump,13257.7,15.6,8.0,17.29,3.49,20.0,1,100.0
2024-03-11 06:00:00,EQ_M003,Air Handler,10690.6,12.5,8.0,15.45,2.65,20.0,1,100.0
2024-03-11 06:00:00,EQ_B001,Compressor,7803.4,11.4,5.11,21.17,6.46,49.6,0,80.4
2024-03-11 06:00:00,EQ_B002,Water Pump,10268.2,12.2,7.67,15.48,3.11,20.0,1,100.0
2024-03-11 07:00:00,EQ_M001,Compressor,11521.7,14.2,8.0,21.91,6.27,20.0,1,100.0
2024-03-11 07:00:00,EQ_M002,Water Pump,13258.5,17.1,8.0,14.89,3.16,20.0,1,100.0
2024-03-11 07:00:00,EQ_M003,Air Handler,10691.5,13.5,7.94,17.84,2.99,20.0,1,100.0
2024-03-11 07:00:00,EQ_B001,Compressor,7804.4,10.5,5.71,21.59,6.89,47.8,1,82.2
2024-03-11 07:00:00,EQ_B002,Water Pump,10269.1,11.3,8.0,14.69,3.09,20.0,1,100.0
2024-03-11 08:00:00,EQ_M001,Compressor,11522.7,14.0,8.0,19.2,6.3,20.0,1,100.0
2024-03-11 08:00:00,EQ_M002,Water Pump,13259.4,18.1,8.0,13.38,2.97,20.0,1,100.0
2024-03-11 08:00:00,EQ_M003,Air Handler,10692.1,13.5,7.87,11.17,2.81,20.0,1,100.0
2024-03-11 08:00:00,EQ_B001,Compressor,7805.2,8.6,5.71,22.29,6.52,47.8,1,82.2
2024-03-11 08:00:00,EQ_B002,Water Pump,10270.0,12.5,7.81,14.97,2.73,20.0,1,100.0
2024-03-11 09:00:00,EQ_M001,Compressor,11523.6,13.4,8.0,18.28,6.19,20.0,1,100.0
2024-03-11 09:00:00,EQ_M002,Water Pump,13259.9,18.1,8.0,16.57,3.23,20.0,1,100.0
2024-03-11 09:00:00,EQ_M003,Air Handler,10692.6,13.4,8.0,13.44,3.09,20.0,1,100.0
2024-03-11 09:00:00,EQ_B001,Compressor,7806.0,10.9,5.85,25.4,6.55,47.4,1,82.6
2024-03-11 09:00:00,EQ_B002,Water Pump,10270.8,11.3,7.1,16.44,3.12,20.0,1,100.0
2024-03-11 10:00:00,EQ_M001,Compressor,11524.5,13.2,8.0,20.47,6.56,20.0,1,100.0
2024-03-11 10:00:00,EQ_M002,Water Pump,13260.7,18.7,8.0,15.13,3.08,20.0,1,100.0
2024-03-11 10:00:00,EQ_M003,Air Handler,10693.1,12.6,7.79,14.83,3.05,20.0,1,100.0
2024-03-11 10:00:00,EQ_B001,Compressor,7806.7,10.8,5.52,20.12,6.35,48.3,1,81.7
2024-03-11 10:00:00,EQ_B002,Water Pump,10271.6,11.3,7.91,13.8,3.11,20.0,1,100.0
2024-03-11 11:00:00,EQ_M001,Compressor,11525.3,14.8,8.0,22.05,6.24,20.0,1,100.0
2024-03-11 11:00:00,EQ_M002,Water Pump,13261.2,18.3,8.0,14.33,3.08,20.0,1,100.0
2024-03-11 11:00:00,EQ_M003,Air Handler,10693.6,11.9,8.0,12.3,3.03,20.0,1,100.0
2024-03-11 11:00:00,EQ_B001,Compressor,7807.6,10.8,5.21,26.51,6.1,49.3,0,80.7
2024-03-11 11:00:00,EQ_B002,Water Pump,10272.4,11.1,8.0,15.11,2.92,20.0,1,100.0
2024-03-11 12:00:00,EQ_M001,Compressor,11525.9,14.1,8.0,23.03,6.42,20.0,1,100.0
2024-03-11 12:00:00,EQ_M002,Water Pump,13262.0,17.8,8.0,17.82,2.89,20.0,1,100.0
2024-03-11 12:00:00,EQ_M003,Air Handler,10694.5,11.3,8.0,15.92,3.01,20.0,1,100.0
2024-03-11 12:00:00,EQ_B001,Compressor,7808.4,11.2,5.2,22.76,6.07,49.3,0,80.7
2024-03-11 12:00:00,EQ_B002,Water Pump,10273.0,11.3,7.86,10.72,3.0,20.0,1,100.0
2024-03-11 13:00:00,EQ_M001,Compressor,11526.7,14.2,8.0,16.95,6.37,20.0,1,100.0
2024-03-11 13:00:00,EQ_M002,Water Pump,13262.7,16.7,8.0,18.81,3.26,20.0,1,100.0
2024-03-11 13:00:00,EQ_M003,Air Handler,10695.4,12.6,8.0,14.9,3.28,20.0,1,100.0
2024-03-11 13:00:00,EQ_B001,Compressor,7809.1,11.7,5.17,23.55,6.33,49.4,0,80.6
2024-03-11 13:00:00,EQ_B002,Water Pump,10273.6,13.2,7.41,12.82,2.98,20.0,1,100.0
2024-03-11 14:00:00,EQ_M001,Compressor,11527.4,13.4,8.0,22.0,6.73,20.0,1,100.0
2024-03-11 14:00:00,EQ_M002,Water Pump,13263.3,17.9,8.0,16.48,3.08,20.0,1,100.0
2024-03-11 14:00:00,EQ_M003,Air Handler,10696.3,12.2,8.0,14.79,2.82,20.0,1,100.0
2024-03-11 14:00:00,EQ_B001,Compressor,7809.6,11.2,5.51,20.14,6.47,48.4,1,81.6
2024-03-11 14:00:00,EQ_B002,Water Pump,10274.3,11.3,7.62,15.28,3.2,20.0,1,100.0
2024-03-11 15:00:00,EQ_M001,Compressor,11528.0,12.9,8.0,18.86,6.6,20.0,1,100.0
2024-03-11 15:00:00,EQ_M002,Water Pump,13263.9,17.6,8.0,15.21,2.98,20.0,1,100.0
2024-03-11 15:00:00,EQ_M003,Air Handler,10697.2,13.4,7.88,15.43,3.03,20.0,1,100.0
2024-03-11 15:00:00,EQ_B001,Compressor,7810.5,10.4,5.26,18.29,6.79,49.1,0,80.9
2024-03-11 15:00:00,EQ_B002,Water Pump,10274.9,11.0,7.94,15.64,3.24,20.0,1,100.0
2024-03-11 16:00:00,EQ_M001,Compressor,11528.6,13.2,8.0,21.65,6.44,20.0,1,100.0
2024-03-11 16:00:00,EQ_M002,Water Pump,13264.4,16.8,8.0,16.07,2.88,20.0,1,100.0
2024-03-11 16:00:00,EQ_M003,Air Handler,10697.9,12.6,8.0,13.28,2.82,20.0,1,100.0
2024-03-11 16:00:00,EQ_B001,Compressor,7811.3,10.5,5.58,24.67,6.83,48.1,1,81.9
2024-03-11 16:00:00,EQ_B002,Water Pump,10275.5,11.9,7.93,17.41,3.0,20.0,1,100.0
2024-03-11 17:00:00,EQ_M001,Compressor,11529.2,14.7,8.0,21.26,6.79,20.0,1,100.0
2024-03-11 17:00:00,EQ_M002,Water Pump,13265.2,18.1,8.0,15.43,3.13,20.0,1,100.0
2024-03-11 17:00:00,EQ_M003,Air Handler,10698.7,10.0,8.0,13.6,3.24,20.0,1,100.0
2024-03-11 17:00:00,EQ_B001,Compressor,7811.9,9.7,5.25,23.17,6.79,49.1,0,80.9
2024-03-11 17:00:00,EQ_B002,Water Pump,10276.4,11.4,7.95,18.04,2.93,20.0,1,100.0
2024-03-11 18:00:00,EQ_M001,Compressor,11530.0,14.6,8.0,22.34,5.93,20.0,1,100.0
2024-03-11 18:00:00,EQ_M002,Water Pump,13265.9,16.2,8.0,15.71,2.74,20.0,1,100.0
2024-03-11 18:00:00,EQ_M003,Air Handler,10699.4,11.8,8.0,16.87,3.09,20.0,1,100.0
2024-03-11 18:00:00,EQ_B001,Compressor,7812.6,9.5,5.56,19.71,6.47,48.2,1,81.8
2024-03-11 18:00:00,EQ_B002,Water Pump,10277.2,10.9,7.57,14.43,2.84,20.0,1,100.0
2024-03-11 19:00:00,EQ_M001,Compressor,11530.6,15.5,8.0,23.59,6.32,20.0,1,100.0
2024-03-11 19:00:00,EQ_M002,Water Pump,13266.8,16.6,8.0,13.98,2.97,20.0,1,100.0
2024-03-11 19:00:00,EQ_M003,Air Handler,10700.3,12.5,7.96,13.82,3.09,20.0,1,100.0
2024-03-11 19:00:00,EQ_B001,Compressor,7813.3,11.8,5.28,23.97,6.3,49.0,0,81.0
2024-03-11 19:00:00,EQ_B002,Water Pump,10277.8,10.1,7.33,16.17,3.18,20.0,1,100.0
2024-03-11 20:00:00,EQ_M001,Compressor,11531.2,13.1,8.0,22.12,6.85,20.0,1,100.0
2024-03-11 20:00:00,EQ_M002,Water Pump,13267.3,16.6,8.0,16.02,3.24,20.0,1,100.0
2024-03-11 20:00:00,EQ_M003,Air Handler,10700.8,11.6,8.0,15.7,3.28,20.0,1,100.0
2024-03-11 20:00:00,EQ_B001,Compressor,7814.2,9.9,5.47,22.7,6.91,48.4,0,81.6
2024-03-11 20:00:00,EQ_B002,Water Pump,10278.4,11.3,8.0,16.51,3.02,20.0,1,100.0
2024-03-11 21:00:00,EQ_M001,Compressor,11531.9,13.8,8.0,19.69,6.12,20.0,1,100.0
2024-03-11 21:00:00,EQ_M002,Water Pump,13268.1,19.1,8.0,16.24,3.07,20.0,1,100.0
2024-03-11 21:00:00,EQ_M003,Air Handler,10701.7,10.3,8.0,14.22,2.71,20.0,1,100.0
2024-03-11 21:00:00,EQ_B001,Compressor,7814.8,10.2,4.72,22.41,6.37,50.7,0,79.3
2024-03-11 21:00:00,EQ_B002,Water Pump,10278.9,12.1,7.6,15.17,3.19,20.0,1,100.0
2024-03-11 22:00:00,EQ_M001,Compressor,11532.7,15.1,8.0,20.27,6.51,20.0,1,100.0
2024-03-11 22:00:00,EQ_M002,Water Pump,13269.0,18.2,8.0,14.57,2.94,20.0,1,100.0
2024-03-11 22:00:00,EQ_M003,Air Handler,10702.6,12.1,7.98,15.46,3.04,20.0,1,100.0
2024-03-11 22:00:00,EQ_B001,Compressor,7815.4,10.5,5.54,20.73,6.32,48.2,1,81.8
2024-03-11 22:00:00,EQ_B002,Water Pump,10279.8,12.0,8.0,13.62,2.55,20.0,1,100.0
2024-03-11 23:00:00,EQ_M001,Compressor,11533.5,14.5,8.0,19.71,6.35,20.0,1,100.0
2024-03-11 23:00:00,EQ_M002,Water Pump,13269.6,17.1,8.0,12.64,3.29,20.0,1,100.0
2024-03-11 23:00:00,EQ_M003,Air Handler,10703.5,14.0,8.0,14.02,3.19,20.0,1,100.0
2024-03-11 23:00:00,EQ_B001,Compressor,7816.3,11.8,4.94,22.55,6.23,50.0,0,80.0
2024-03-11 23:00:00,EQ_B002,Water Pump,10280.4,11.6,8.0,15.3,2.99,20.0,1,100.0
2024-03-12 00:00:00,EQ_M001,Compressor,11534.1,14.2,8.0,23.0,6.49,20.0,1,100.0
2024-03-12 00:00:00,EQ_M002,Water Pump,13270.5,17.4,8.0,17.79,2.85,20.0,1,100.0
2024-03-12 00:00:00,EQ_M003,Air Handler,10704.0,13.1,8.0,16.54,3.39,20.0,1,100.0
2024-03-12 00:00:00,EQ_B001,Compressor,7817.0,10.4,5.17,25.75,7.05,49.3,0,80.7
2024-03-12 00:00:00,EQ_B002,Water Pump,10281.1,11.4,8.0,14.42,3.05,20.0,1,100.0
2024-03-12 01:00:00,EQ_M001,Compressor,11534.9,12.7,8.0,27.13,6.54,20.0,1,100.0
2024-03-12 01:00:00,EQ_M002,Water Pump,13271.4,16.7,8.0,14.54,2.71,20.0,1,100.0
2024-03-12 01:00:00,EQ_M003,Air Handler,10704.9,13.1,8.0,16.84,3.17,20.0,1,100.0
2024-03-12 01:00:00,EQ_B001,Compressor,7817.9,11.6,4.55,25.73,6.67,51.1,0,78.9
2024-03-12 01:00:00,EQ_B002,Water Pump,10281.9,10.0,7.46,17.37,3.15,20.0,1,100.0
2024-03-12 02:00:00,EQ_M001,Compressor,11535.5,16.3,8.0,21.43,6.0,20.0,1,100.0
2024-03-12 02:00:00,EQ_M002,Water Pump,13272.1,18.1,8.0,13.82,2.84,20.0,1,100.0
2024-03-12 02:00:00,EQ_M003,Air Handler,10705.8,12.9,8.0,14.97,3.03,20.0,1,100.0
2024-03-12 02:00:00,EQ_B001,Compressor,7818.7,11.1,5.27,24.65,6.93,49.0,0,81.0
2024-03-12 02:00:00,EQ_B002,Water Pump,10282.5,11.4,7.6,18.25,2.81,20.0,1,100.0
2024-03-12 03:00:00,EQ_M001,Compressor,11536.4,14.6,8.0,19.58,6.32,20.0,1,100.0
2024-03-12 03:00:00,EQ_M002,Water Pump,13272.7,17.0,8.0,14.97,2.78,20.0,1,100.0
2024-03-12 03:00:00,EQ_M003,Air Handler,10706.3,12.9,8.0,14.62,2.85,20.0,1,100.0
2024-03-12 03:00:00,EQ_B001,Compressor,7819.7,11.6,5.61,20.27,6.47,47.9,1,82.1
2024-03-12 03:00:00,EQ_B002,Water Pump,10283.2,12.3,7.49,16.03,3.15,20.0,1,100.0
2024-03-12 04:00:00,EQ_M001,Compressor,11537.0,15.7,8.0,22.16,6.56,20.0,1,100.0
2024-03-12 04:00:00,EQ_M002,Water Pump,13273.5,18.3,8.0,13.05,2.89,20.0,1,100.0
2024-03-12 04:00:00,EQ_M003,Air Handler,10707.0,13.1,8.0,14.09,3.07,20.0,1,100.0
2024-03-12 04:00:00,EQ_B001,Compressor,7820.5,10.8,5.98,22.1,6.91,46.8,1,83.2
2024-03-12 04:00:00,EQ_B002,Water Pump,10283.8,13.2,7.93,14.29,3.23,20.0,1,100.0
2024-03-12 05:00:00,EQ_M001,Compressor,11537.5,14.9,8.0,21.39,6.34,20.0,1,100.0
2024-03-12 05:00:00,EQ_M002,Water Pump,13274.2,18.1,8.0,14.26,3.0,20.0,1,100.0
2024-03-12 05:00:00,EQ_M003,Air Handler,10707.8,12.3,7.97,13.98,3.02,20.0,1,100.0
2024-03-12 05:00:00,EQ_B001,Compressor,7821.3,10.8,5.76,21.74,6.3,47.4,1,82.6
2024-03-12 05:00:00,EQ_B002,Water Pump,10284.6,11.0,8.0,13.11,3.09,20.0,1,100.0
2024-03-12 06:00:00,EQ_M001,Compressor,11538.3,13.3,8.0,21.32,6.2,20.0,1,100.0
2024-03-12 06:00:00,EQ_M002,Water Pump,13274.7,18.1,8.0,17.77,3.03,20.0,1,100.0
2024-03-12 06:00:00,EQ_M003,Air Handler,10708.7,10.7,7.59,15.87,2.52,20.0,1,100.0
2024-03-12 06:00:00,EQ_B001,Compressor,7821.9,10.9,5.42,18.12,6.53,48.5,0,81.5
2024-03-12 06:00:00,EQ_B002,Water Pump,10285.2,10.9,7.66,14.27,3.42,20.0,1,100.0
2024-03-12 07:00:00,EQ_M001,Compressor,11539.3,14.6,8.0,24.88,6.74,20.0,1,100.0
2024-03-12 07:00:00,EQ_M002,Water Pump,13275.6,20.7,8.0,14.03,2.72,20.0,1,100.0
2024-03-12 07:00:00,EQ_M003,Air Handler,10709.2,14.7,7.95,15.67,2.58,20.0,1,100.0
2024-03-12 07:00:00,EQ_B001,Compressor,7822.6,10.8,5.05,22.54,6.58,49.6,0,80.4
2024-03-12 07:00:00,EQ_B002,Water Pump,10286.2,7.9,7.47,14.33,3.14,20.0,1,100.0
2024-03-12 08:00:00,EQ_M001,Compressor,11539.8,14.1,8.0,19.66,6.72,20.0,1,100.0
2024-03-12 08:00:00,EQ_M002,Water Pump,13276.5,17.5,8.0,15.08,3.1,20.0,1,100.0
2024-03-12 08:00:00,EQ_M003,Air Handler,10710.0,13.1,7.92,14.79,2.95,20.0,1,100.0
2024-03-12 08:00:00,EQ_B001,Compressor,7823.5,9.3,5.18,19.83,6.38,49.2,0,80.8
2024-03-12 08:00:00,EQ_B002,Water Pump,10286.9,11.4,7.62,15.37,3.57,20.0,1,100.0
2024-03-12 09:00:00,EQ_M001,Compressor,11540.4,14.7,8.0,22.79,6.38,20.0,1,100.0
2024-03-12 09:00:00,EQ_M002,Water Pump,13277.4,17.5,8.0,12.49,2.9,20.0,1,100.0
2024-03-12 09:00:00,EQ_M003,Air Handler,10711.0,11.3,8.0,15.23,2.88,20.0,1,100.0
2024-03-12 09:00:00,EQ_B001,Compressor,7824.4,9.9,5.43,21.59,6.06,48.4,0,81.6
2024-03-12 09:00:00,EQ_B002,Water Pump,10287.5,10.4,7.73,16.25,2.84,20.0,1,100.0
2024-03-12 10:00:00,EQ_M001,Compressor,11541.2,15.7,8.0,24.1,5.54,20.0,1,100.0
2024-03-12 10:00:00,EQ_M002,Water Pump,13278.1,17.3,8.0,16.8,2.85,20.0,1,100.0
2024-03-12 10:00:00,EQ_M003,Air Handler,10711.9,12.8,8.0,15.68,3.01,20.0,1,100.0
2024-03-12 10:00:00,EQ_B001,Compressor,7825.3,9.2,5.06,20.87,6.15,49.5,0,80.5
2024-03-12 10:00:00,EQ_B002,Water Pump,10288.5,12.0,7.68,12.36,3.45,20.0,1,100.0
2024-03-12 11:00:00,EQ_M001,Compressor,11541.9,15.1,8.0,23.49,6.81,20.0,1,100.0
2024-03-12 11:00:00,EQ_M002,Water Pump,13279.1,19.0,8.0,14.56,2.83,20.0,1,100.0
2024-03-12 11:00:00,EQ_M003,Air Handler,10712.7,13.4,7.91,16.2,3.05,20.0,1,100.0
2024-03-12 11:00:00,EQ_B001,Compressor,7825.8,10.6,5.32,21.96,7.07,48.7,0,81.3
2024-03-12 11:00:00,EQ_B002,Water Pump,10289.2,10.9,7.43,16.77,3.11,20.0,1,100.0
2024-03-12 12:00:00,EQ_M001,Compressor,11542.8,12.2,8.0,24.67,6.21,20.0,1,100.0
2024-03-12 12:00:00,EQ_M002,Water Pump,13279.8,14.5,8.0,14.54,2.84,20.0,1,100.0
2024-03-12 12:00:00,EQ_M003,Air Handler,10713.4,13.7,7.88,16.03,3.56,20.0,1,100.0
2024-03-12 12:00:00,EQ_B001,Compressor,7826.5,9.8,5.24,23.83,6.46,48.9,0,81.1
2024-03-12 12:00:00,EQ_B002,Water Pump,10290.2,11.8,8.0,15.93,2.85,20.0,1,100.0
2024-03-12 13:00:00,EQ_M001,Compressor,11543.4,13.2,8.0,22.52,6.56,20.0,1,100.0
2024-03-12 13:00:00,EQ_M002,Water Pump,13280.7,16.6,8.0,15.84,3.04,20.0,1,100.0
2024-03-12 13:00:00,EQ_M003,Air Handler,10714.2,11.0,8.0,17.58,2.96,20.0,1,100.0
2024-03-12 13:00:00,EQ_B001,Compressor,7827.1,10.2,5.1,20.14,6.64,49.4,0,80.6
2024-03-12 13:00:00,EQ_B002,Water Pump,10291.1,11.5,7.66,14.77,2.98,20.0,1,100.0
2024-03-12 14:00:00,EQ_M001,Compressor,11544.1,13.9,8.0,20.8,6.57,20.0,1,100.0
2024-03-12 14:00:00,EQ_M002,Water Pump,13281.3,16.6,8.0,14.03,2.75,20.0,1,100.0
2024-03-12 14:00:00,EQ_M003,Air Handler,10714.8,12.2,8.0,14.98,3.0,20.0,1,100.0
2024-03-12 14:00:00,EQ_B001,Compressor,7827.7,10.0,4.92,24.8,6.02,49.9,0,80.1
2024-03-12 14:00:00,EQ_B002,Water Pump,10291.9,12.1,7.98,15.65,2.98,20.0,1,100.0
2024-03-12 15:00:00,EQ_M001,Compressor,11544.9,13.7,8.0,25.11,6.31,20.0,1,100.0
2024-03-12 15:00:00,EQ_M002,Water Pump,13282.3,18.4,8.0,16.87,3.01,20.0,1,100.0
2024-03-12 15:00:00,EQ_M003,Air Handler,10715.6,12.4,8.0,13.29,2.88,20.0,1,100.0
2024-03-12 15:00:00,EQ_B001,Compressor,7828.4,9.9,5.56,22.47,6.63,48.0,1,82.0
2024-03-12 15:00:00,EQ_B002,Water Pump,10292.7,10.2,7.57,12.9,3.01,20.0,1,100.0
2024-03-12 16:00:00,EQ_M001,Compressor,11545.6,15.0,8.0,18.75,6.36,20.0,1,100.0
2024-03-12 16:00:00,EQ_M002,Water Pump,13282.8,17.7,8.0,14.46,2.98,20.0,1,100.0
2024-03-12 16:00:00,EQ_M003,Air Handler,10716.5,12.9,8.0,17.22,3.02,20.0,1,100.0
2024-03-12 16:00:00,EQ_B001,Compressor,7829.0,11.3,5.47,18.9,7.1,48.2,0,81.8
2024-03-12 16:00:00,EQ_B002,Water Pump,10293.6,11.3,8.0,14.54,3.01,20.0,1,100.0
2024-03-12 17:00:00,EQ_M001,Compressor,11546.5,13.2,8.0,26.34,6.85,20.0,1,100.0
2024-03-12 17:00:00,EQ_M002,Water Pump,13283.3,18.6,8.0,18.36,3.13,20.0,1,100.0
2024-03-12 17:00:00,EQ_M003,Air Handler,10717.2,14.5,8.0,15.06,2.99,20.0,1,100.0
2024-03-12 17:00:00,EQ_B001,Compressor,7829.7,9.6,5.21,20.84,6.72,49.0,0,81.0
2024-03-12 17:00:00,EQ_B002,Water Pump,10294.3,13.1,7.97,14.29,2.89,20.0,1,100.0
2024-03-12 18:00:00,EQ_M001,Compressor,11547.0,14.5,8.0,22.7,6.83,20.0,1,100.0
2024-03-12 18:00:00,EQ_M002,Water Pump,13284.3,16.3,8.0,17.58,3.05,20.0,1,100.0
2024-03-12 18:00:00,EQ_M003,Air Handler,10717.8,11.7,8.0,15.64,2.82,20.0,1,100.0
2024-03-12 18:00:00,EQ_B001,Compressor,7830.6,11.9,5.5,21.66,6.56,48.1,0,81.9
2024-03-12 18:00:00,EQ_B002,Water Pump,10294.9,10.8,7.55,15.96,2.8,20.0,1,100.0
2024-03-12 19:00:00,EQ_M001,Compressor,11547.9,12.2,8.0,18.64,6.37,20.0,1,100.0
2024-03-12 19:00:00,EQ_M002,Water Pump,13285.2,16.7,8.0,14.63,3.04,20.0,1,100.0
2024-03-12 19:00:00,EQ_M003,Air Handler,10718.7,11.4,8.0,14.43,2.88,20.0,1,100.0
2024-03-12 19:00:00,EQ_B001,Compressor,7831.6,11.4,5.23,19.06,6.6,48.9,0,81.1
2024-03-12 19:00:00,EQ_B002,Water Pump,10295.6,11.8,8.0,12.66,3.02,20.0,1,100.0
2024-03-12 20:00:00,EQ_M001,Compressor,11548.6,15.1,8.0,22.1,6.26,20.0,1,100.0
2024-03-12 20:00:00,EQ_M002,Water Pump,13286.2,17.8,8.0,12.47,2.88,20.0,1,100.0
2024-03-12 20:00:00,EQ_M003,Air Handler,10719.4,11.9,8.0,13.75,2.93,20.0,1,100.0
2024-03-12 20:00:00,EQ_B001,Compressor,7832.5,11.4,5.16,19.92,6.05,49.1,0,80.9
2024-03-12 20:00:00,EQ_B002,Water Pump,10296.5,10.2,7.57,17.09,3.3,20.0,1,100.0
2024-03-12 21:00:00,EQ_M001,Compressor,11549.5,12.8,8.0,21.3,6.99,20.0,1,100.0
2024-03-12 21:00:00,EQ_M002,Water Pump,13287.1,18.3,8.0,15.2,3.03,20.0,1,100.0
2024-03-12 21:00:00,EQ_M003,Air Handler,10720.1,12.5,7.71,13.03,3.19,20.0,1,100.0
2024-03-12 21:00:00,EQ_B001,Compressor,7833.2,11.0,5.05,22.97,6.06,49.4,0,80.6
2024-03-12 21:00:00,EQ_B002,Water Pump,10297.4,10.8,7.78,13.89,3.27,20.0,1,100.0
2024-03-12 22:00:00,EQ_M001,Compressor,11550.3,14.3,8.0,19.36,6.62,20.0,1,100.0
2024-03-12 22:00:00,EQ_M002,Water Pump,13287.7,17.9,8.0,14.65,3.07,20.0,1,100.0
2024-03-12 22:00:00,EQ_M003,Air Handler,10721.0,12.3,8.0,15.45,2.89,20.0,1,100.0
2024-03-12 22:00:00,EQ_B001,Compressor,7833.9,9.9,5.34,23.45,6.41,48.6,0,81.4
2024-03-12 22:00:00,EQ_B002,Water Pump,10298.3,11.6,7.53,12.58,3.3,20.0,1,100.0
2024-03-12 23:00:00,EQ_M001,Compressor,11550.9,13.1,8.0,21.78,6.9,20.0,1,100.0
2024-03-12 23:00:00,EQ_M002,Water Pump,13288.7,17.1,8.0,15.72,3.08,20.0,1,100.0
2024-03-12 23:00:00,EQ_M003,Air Handler,10721.5,9.6,7.91,14.68,2.81,20.0,1,100.0
2024-03-12 23:00:00,EQ_B001,Compressor,7834.6,10.8,5.53,19.77,5.92,48.0,1,82.0
2024-03-12 23:00:00,EQ_B002,Water Pump,10299.2,11.0,7.85,15.62,2.81,20.0,1,100.0
2024-03-13 00:00:00,EQ_M001,Compressor,11551.7,13.4,8.0,21.53,6.76,20.0,1,100.0
2024-03-13 00:00:00,EQ_M002,Water Pump,13289.4,16.7,8.0,13.24,3.18,20.0,1,100.0
2024-03-13 00:00:00,EQ_M003,Air Handler,10722.3,11.5,8.0,14.49,2.32,20.0,1,100.0
2024-03-13 00:00:00,EQ_B001,Compressor,7835.3,12.1,5.12,22.39,6.72,49.2,0,80.8
2024-03-13 00:00:00,EQ_B002,Water Pump,10300.1,12.0,7.99,14.6,2.74,20.0,1,100.0
2024-03-13 01:00:00,EQ_M001,Compressor,11552.5,12.9,8.0,25.33,6.2,20.0,1,100.0
2024-03-13 01:00:00,EQ_M002,Water Pump,13289.9,17.6,8.0,15.02,2.79,20.0,1,100.0
2024-03-13 01:00:00,EQ_M003,Air Handler,10723.3,11.4,8.0,18.16,3.03,20.0,1,100.0
2024-03-13 01:00:00,EQ_B001,Compressor,7836.2,12.9,4.93,21.78,6.14,49.8,0,80.2
2024-03-13 01:00:00,EQ_B002,Water Pump,10300.6,13.1,7.85,15.25,3.03,20.0,1,100.0
2024-03-13 02:00:00,EQ_M001,Compressor,11553.1,15.0,8.0,21.77,6.67,20.0,1,100.0
2024-03-13 02:00:00,EQ_M002,Water Pump,13290.5,17.3,8.0,15.08,2.98,20.0,1,100.0
2024-03-13 02:00:00,EQ_M003,Air Handler,10724.0,11.5,8.0,16.64,2.78,20.0,1,100.0
2024-03-13 02:00:00,EQ_B001,Compressor,7836.8,10.2,5.59,22.39,6.69,47.8,1,82.2
2024-03-13 02:00:00,EQ_B002,Water Pump,10301.2,11.0,7.73,16.59,3.19,20.0,1,100.0
2024-03-13 03:00:00,EQ_M001,Compressor,11553.9,14.6,8.0,21.36,5.99,20.0,1,100.0
2024-03-13 03:00:00,EQ_M002,Water Pump,13291.1,19.2,8.0,14.39,3.0,20.0,1,100.0
2024-03-13 03:00:00,EQ_M003,Air Handler,10724.8,12.5,7.77,15.99,2.95,20.0,1,100.0
2024-03-13 03:00:00,EQ_B001,Compressor,7837.6,11.0,5.16,18.08,6.47,49.1,0,80.9
2024-03-13 03:00:00,EQ_B002,Water Pump,10301.9,9.2,7.79,15.11,2.69,20.0,1,100.0
2024-03-13 04:00:00,EQ_M001,Compressor,11554.6,15.5,8.0,22.03,6.25,20.0,1,100.0
2024-03-13 04:00:00,EQ_M002,Water Pump,13291.7,18.4,8.0,15.04,2.81,20.0,1,100.0
2024-03-13 04:00:00,EQ_M003,Air Handler,10725.3,11.1,7.96,17.87,2.89,20.0,1,100.0
2024-03-13 04:00:00,EQ_B001,Compressor,7838.3,9.9,5.25,20.94,7.12,48.8,0,81.2
2024-03-13 04:00:00,EQ_B002,Water Pump,10302.7,11.7,7.88,15.01,3.07,20.0,1,100.0
2024-03-13 05:00:00,EQ_M001,Compressor,11555.2,12.4,8.0,17.91,6.41,20.0,1,100.0
2024-03-13 05:00:00,EQ_M002,Water Pump,13292.3,17.1,8.0,15.62,3.5,20.0,1,100.0
2024-03-13 05:00:00,EQ_M003,Air Handler,10725.9,12.2,8.0,15.73,3.03,20.0,1,100.0
2024-03-13 05:00:00,EQ_B001,Compressor,7839.2,11.1,5.36,22.1,6.45,48.4,0,81.6
2024-03-13 05:00:00,EQ_B002,Water Pump,10303.4,9.0,8.0,15.76,3.04,20.0,1,100.0
2024-03-13 06:00:00,EQ_M001,Compressor,11556.2,13.3,8.0,22.4,6.76,20.0,1,100.0
2024-03-13 06:00:00,EQ_M002,Water Pump,13293.2,14.9,8.0,15.69,3.01,20.0,1,100.0
2024-03-13 06:00:00,EQ_M003,Air Handler,10726.8,12.3,8.0,10.84,3.05,20.0,1,100.0
2024-03-13 06:00:00,EQ_B001,Compressor,7840.0,11.3,5.28,22.52,6.16,48.7,0,81.3
2024-03-13 06:00:00,EQ_B002,Water Pump,10304.0,13.3,8.0,16.67,3.05,20.0,1,100.0
2024-03-13 07:00:00,EQ_M001,Compressor,11556.8,14.5,8.0,21.38,6.91,20.0,1,100.0
2024-03-13 07:00:00,EQ_M002,Water Pump,13293.8,19.0,8.0,14.9,3.02,20.0,1,100.0
2024-03-13 07:00:00,EQ_M003,Air Handler,10727.3,12.4,8.0,15.8,3.08,20.0,1,100.0
2024-03-13 07:00:00,EQ_B001,Compressor,7840.8,12.6,5.23,21.35,6.37,48.8,0,81.2
2024-03-13 07:00:00,EQ_B002,Water Pump,10304.8,10.2,7.25,15.61,3.0,20.0,1,100.0
2024-03-13 08:00:00,EQ_M001,Compressor,11557.5,12.6,8.0,19.89,6.25,20.0,1,100.0
2024-03-13 08:00:00,EQ_M002,Water Pump,13294.6,16.7,8.0,14.73,3.02,20.0,1,100.0
2024-03-13 08:00:00,EQ_M003,Air Handler,10727.9,12.5,8.0,13.34,2.62,20.0,1,100.0
2024-03-13 08:00:00,EQ_B001,Compressor,7841.7,10.9,5.83,22.63,6.65,47.0,1,83.0
2024-03-13 08:00:00,EQ_B002,Water Pump,10305.4,12.7,7.93,16.49,3.01,20.0,1,100.0
2024-03-13 09:00:00,EQ_M001,Compressor,11558.2,15.1,8.0,23.29,6.42,20.0,1,100.0
2024-03-13 09:00:00,EQ_M002,Water Pump,13295.3,17.1,8.0,9.85,2.83,20.0,1,100.0
2024-03-13 09:00:00,EQ_M003,Air Handler,10728.5,12.6,8.0,14.46,2.92,20.0,1,100.0
2024-03-13 09:00:00,EQ_B001,Compressor,7842.3,12.4,4.83,20.33,6.82,50.0,0,80.0
2024-03-13 09:00:00,EQ_B002,Water Pump,10306.1,12.2,7.44,14.87,2.99,20.0,1,100.0
2024-03-13 10:00:00,EQ_M001,Compressor,11558.9,14.2,8.0,21.29,6.27,20.0,1,100.0
2024-03-13 10:00:00,EQ_M002,Water Pump,13295.9,18.7,8.0,13.79,2.98,20.0,1,100.0
2024-03-13 10:00:00,EQ_M003,Air Handler,10729.5,12.1,8.0,13.71,3.41,20.0,1,100.0
2024-03-13 10:00:00,EQ_B001,Compressor,7843.2,11.1,5.6,21.5,6.28,47.7,1,82.3
2024-03-13 10:00:00,EQ_B002,Water Pump,10306.8,12.6,7.93,14.64,2.72,20.0,1,100.0
2024-03-13 11:00:00,EQ_M001,Compressor,11559.5,13.4,8.0,23.55,6.7,20.0,1,100.0
2024-03-13 11:00:00,EQ_M002,Water Pump,13296.5,18.0,8.0,12.02,3.17,20.0,1,100.0
2024-03-13 11:00:00,EQ_M003,Air Handler,10730.1,11.3,8.0,15.78,3.41,20.0,1,100.0
2024-03-13 11:00:00,EQ_B001,Compressor,7843.8,10.1,5.72,22.14,5.9,47.3,1,82.7
2024-03-13 11:00:00,EQ_B002,Water Pump,10307.3,11.2,7.79,12.01,2.9,20.0,1,100.0
2024-03-13 12:00:00,EQ_M001,Compressor,11560.2,13.5,8.0,20.41,6.28,20.0,1,100.0
2024-03-13 12:00:00,EQ_M002,Water Pump,13297.1,18.0,8.0,16.67,2.89,20.0,1,100.0
2024-03-13 12:00:00,EQ_M003,Air Handler,10730.6,13.2,8.0,13.02,3.18,20.0,1,100.0
2024-03-13 12:00:00,EQ_B001,Compressor,7844.7,9.1,5.53,21.11,6.39,47.8,1,82.2
2024-03-13 12:00:00,EQ_B002,Water Pump,10308.0,10.5,8.0,14.57,3.14,20.0,1,100.0
2024-03-13 13:00:00,EQ_M001,Compressor,11560.9,12.8,8.0,22.84,5.95,20.0,1,100.0
2024-03-13 13:00:00,EQ_M002,Water Pump,13297.8,19.0,8.0,17.65,3.03,20.0,1,100.0
2024-03-13 13:00:00,EQ_M003,Air Handler,10731.4,12.7,8.0,15.2,3.09,20.0,1,100.0
2024-03-13 13:00:00,EQ_B001,Compressor,7845.6,10.5,5.1,19.9,6.73,49.1,0,80.9
2024-03-13 13:00:00,EQ_B002,Water Pump,10308.9,10.8,8.0,19.35,3.02,20.0,1,100.0
2024-03-13 14:00:00,EQ_M001,Compressor,11561.6,12.7,8.0,20.41,6.65,20.0,1,100.0
2024-03-13 14:00:00,EQ_M002,Water Pump,13298.4,18.5,8.0,14.59,3.01,20.0,1,100.0
2024-03-13 14:00:00,EQ_M003,Air Handler,10732.1,13.2,8.0,15.64,3.05,20.0,1,100.0
2024-03-13 14:00:00,EQ_B001,Compressor,7846.4,9.8,5.2,24.5,6.35,48.8,0,81.2
2024-03-13 14:00:00,EQ_B002,Water Pump,10309.6,11.9,7.58,11.6,2.89,20.0,1,100.0
2024-03-13 15:00:00,EQ_M001,Compressor,11562.5,14.7,8.0,24.78,6.58,20.0,1,100.0
2024-03-13 15:00:00,EQ_M002,Water Pump,13299.0,16.7,8.0,15.1,3.02,20.0,1,100.0
2024-03-13 15:00:00,EQ_M003,Air Handler,10732.9,13.8,8.0,16.69,2.78,20.0,1,100.0
2024-03-13 15:00:00,EQ_B001,Compressor,7847.1,10.0,4.97,23.32,6.84,49.5,0,80.5
2024-03-13 15:00:00,EQ_B002,Water Pump,10310.1,10.2,7.84,13.09,3.04,20.0,1,100.0
2024-03-13 16:00:00,EQ_M001,Compressor,11563.5,12.8,8.0,21.97,6.45,20.0,1,100.0
2024-03-13 16:00:00,EQ_M002,Water Pump,13300.0,18.6,8.0,17.51,2.81,20.0,1,100.0
2024-03-13 16:00:00,EQ_M003,Air Handler,10733.7,13.0,8.0,13.75,2.91,20.0,1,100.0
2024-03-13 16:00:00,EQ_B001,Compressor,7847.9,10.7,5.55,22.91,6.02,47.7,1,82.3
2024-03-13 16:00:00,EQ_B002,Water Pump,10310.7,10.9,7.67,13.93,2.98,20.0,1,100.0
2024-03-13 17:00:00,EQ_M001,Compressor,11564.4,14.1,8.0,24.51,7.03,20.0,1,100.0
2024-03-13 17:00:00,EQ_M002,Water Pump,13300.6,17.3,8.0,14.0,3.38,20.0,1,100.0
2024-03-13 17:00:00,EQ_M003,Air Handler,10734.6,13.8,8.0,16.92,2.88,20.0,1,100.0
2024-03-13 17:00:00,EQ_B001,Compressor,7848.9,11.2,4.87,22.23,6.09,49.8,0,80.2
2024-03-13 17:00:00,EQ_B002,Water Pump,10311.7,10.3,7.16,17.5,3.13,20.0,1,100.0
2024-03-13 18:00:00,EQ_M001,Compressor,11565.0,15.0,8.0,20.36,6.3,20.0,1,100.0
2024-03-13 18:00:00,EQ_M002,Water Pump,13301.3,18.1,8.0,13.69,3.03,20.0,1,100.0
2024-03-13 18:00:00,EQ_M003,Air Handler,10735.2,13.5,8.0,14.15,2.67,20.0,1,100.0
2024-03-13 18:00:00,EQ_B001,Compressor,7849.8,11.1,5.09,23.28,6.37,49.1,0,80.9
2024-03-13 18:00:00,EQ_B002,Water Pump,10312.4,11.2,7.54,15.49,2.62,20.0,1,100.0
2024-03-13 19:00:00,EQ_M001,Compressor,11565.8,14.6,8.0,22.9,6.19,20.0,1,100.0
2024-03-13 19:00:00,EQ_M002,Water Pump,13301.9,16.8,8.0,15.16,3.3,20.0,1,100.0
2024-03-13 19:00:00,EQ_M003,Air Handler,10736.0,12.7,8.0,17.58,3.45,20.0,1,100.0
2024-03-13 19:00:00,EQ_B001,Compressor,7850.7,11.3,5.42,22.18,6.65,48.1,0,81.9
2024-03-13 19:00:00,EQ_B002,Water Pump,10313.1,12.2,8.0,12.99,2.92,20.0,1,100.0
2024-03-13 20:00:00,EQ_M001,Compressor,11566.5,14.7,8.0,24.42,6.5,20.0,1,100.0
2024-03-13 20:00:00,EQ_M002,Water Pump,13302.8,15.9,8.0,15.12,3.15,20.0,1,100.0
2024-03-13 20:00:00,EQ_M003,Air Handler,10736.8,13.4,8.0,14.53,2.89,20.0,1,100.0
2024-03-13 20:00:00,EQ_B001,Compressor,7851.3,10.6,5.63,24.47,6.71,47.5,1,82.5
2024-03-13 20:00:00,EQ_B002,Water Pump,10314.0,12.6,7.72,16.08,2.41,20.0,1,100.0
2024-03-13 21:00:00,EQ_M001,Compressor,11567.1,13.1,8.0,18.84,6.39,20.0,1,100.0
2024-03-13 21:00:00,EQ_M002,Water Pump,13303.5,18.0,8.0,14.3,2.76,20.0,1,100.0
2024-03-13 21:00:00,EQ_M003,Air Handler,10737.8,11.3,7.66,14.7,3.17,20.0,1,100.0
2024-03-13 21:00:00,EQ_B001,Compressor,7852.1,11.4,4.99,27.22,6.18,49.4,0,80.6
2024-03-13 21:00:00,EQ_B002,Water Pump,10314.7,10.1,7.97,14.84,3.18,20.0,1,100.0
2024-03-13 22:00:00,EQ_M001,Compressor,11567.9,14.3,8.0,23.1,6.7,20.0,1,100.0
2024-03-13 22:00:00,EQ_M002,Water Pump,13304.3,18.8,8.0,17.83,2.82,20.0,1,100.0
2024-03-13 22:00:00,EQ_M003,Air Handler,10738.4,12.7,8.0,15.31,3.01,20.0,1,100.0
2024-03-13 22:00:00,EQ_B001,Compressor,7852.8,10.9,5.0,22.31,6.63,49.3,0,80.7
2024-03-13 22:00:00,EQ_B002,Water Pump,10315.4,11.2,7.95,16.28,2.97,20.0,1,100.0
2024-03-13 23:00:00,EQ_M001,Compressor,11568.7,13.1,8.0,23.42,6.73,20.0,1,100.0
2024-03-13 23:00:00,EQ_M002,Water Pump,13304.8,18.2,8.0,14.45,3.3,20.0,1,100.0
2024-03-13 23:00:00,EQ_M003,Air Handler,10739.2,13.0,8.0,14.41,3.27,20.0,1,100.0
2024-03-13 23:00:00,EQ_B001,Compressor,7853.7,10.2,5.24,21.12,6.56,48.6,0,81.4
2024-03-13 23:00:00,EQ_B002,Water Pump,10316.2,9.2,8.0,13.34,2.87,20.0,1,100.0
2024-03-14 00:00:00,EQ_M001,Compressor,11569.5,13.5,8.0,22.18,6.67,20.0,1,100.0
2024-03-14 00:00:00,EQ_M002,Water Pump,13305.8,17.0,8.0,13.0,2.74,20.0,1,100.0
2024-03-14 00:00:00,EQ_M003,Air Handler,10739.9,12.0,8.0,14.28,2.91,20.0,1,100.0
2024-03-14 00:00:00,EQ_B001,Compressor,7854.6,10.7,5.53,19.47,6.33,47.7,1,82.3
2024-03-14 00:00:00,EQ_B002,Water Pump,10316.8,11.2,8.0,15.94,2.61,20.0,1,100.0
2024-03-14 01:00:00,EQ_M001,Compressor,11570.0,14.5,8.0,21.35,6.58,20.0,1,100.0
2024-03-14 01:00:00,EQ_M002,Water Pump,13306.7,18.3,8.0,16.03,3.15,20.0,1,100.0
2024-03-14 01:00:00,EQ_M003,Air Handler,10740.5,12.3,8.0,11.82,2.82,20.0,1,100.0
2024-03-14 01:00:00,EQ_B001,Compressor,7855.6,12.3,5.81,23.58,5.88,46.9,1,83.1
2024-03-14 01:00:00,EQ_B002,Water Pump,10317.7,11.4,7.84,13.75,3.57,20.0,1,100.0
2024-03-14 02:00:00,EQ_M001,Compressor,11570.8,13.6,8.0,21.36,6.96,20.0,1,100.0
2024-03-14 02:00:00,EQ_M002,Water Pump,13307.4,15.4,8.0,15.74,2.87,20.0,1,100.0
2024-03-14 02:00:00,EQ_M003,Air Handler,10741.4,11.7,8.0,13.54,3.05,20.0,1,100.0
2024-03-14 02:00:00,EQ_B001,Compressor,7856.1,10.4,5.11,22.49,6.59,49.0,0,81.0
2024-03-14 02:00:00,EQ_B002,Water Pump,10318.6,11.9,7.79,13.53,3.42,20.0,1,100.0
2024-03-14 03:00:00,EQ_M001,Compressor,11571.8,14.7,8.0,20.76,6.52,20.0,1,100.0
2024-03-14 03:00:00,EQ_M002,Water Pump,13307.9,15.5,8.0,15.48,2.9,20.0,1,100.0
2024-03-14 03:00:00,EQ_M003,Air Handler,10741.9,11.5,8.0,16.4,2.89,20.0,1,100.0
2024-03-14 03:00:00,EQ_B001,Compressor,7856.6,11.8,5.33,19.49,6.42,48.3,0,81.7
2024-03-14 03:00:00,EQ_B002,Water Pump,10319.5,11.2,7.75,15.76,3.03,20.0,1,100.0
2024-03-14 04:00:00,EQ_M001,Compressor,11572.5,14.2,8.0,23.62,6.18,20.0,1,100.0
2024-03-14 04:00:00,EQ_M002,Water Pump,13308.5,18.0,8.0,15.06,2.91,20.0,1,100.0
2024-03-14 04:00:00,EQ_M003,Air Handler,10742.7,14.3,8.0,18.68,2.85,20.0,1,100.0
2024-03-14 04:00:00,EQ_B001,Compressor,7857.2,9.4,5.52,23.04,6.46,47.7,1,82.3
2024-03-14 04:00:00,EQ_B002,Water Pump,10320.1,11.3,7.73,15.69,3.11,20.0,1,100.0
2024-03-14 05:00:00,EQ_M001,Compressor,11573.0,13.5,8.0,22.72,6.47,20.0,1,100.0
2024-03-14 05:00:00,EQ_M002,Water Pump,13309.2,17.4,8.0,13.77,2.76,20.0,1,100.0
2024-03-14 05:00:00,EQ_M003,Air Handler,10743.6,12.7,8.0,17.94,3.36,20.0,1,100.0
2024-03-14 05:00:00,EQ_B001,Compressor,7857.7,11.8,5.38,25.26,6.61,48.1,0,81.9
2024-03-14 05:00:00,EQ_B002,Water Pump,10321.1,13.6,7.76,14.23,3.07,20.0,1,100.0
2024-03-14 06:00:00,EQ_M001,Compressor,11574.0,13.4,8.0,22.51,6.32,20.0,1,100.0
2024-03-14 06:00:00,EQ_M002,Water Pump,13310.1,17.0,8.0,16.36,3.09,20.0,1,100.0
2024-03-14 06:00:00,EQ_M003,Air Handler,10744.3,11.5,8.0,14.86,3.07,20.0,1,100.0
2024-03-14 06:00:00,EQ_B001,Compressor,7858.3,10.9,5.07,21.72,7.39,49.1,0,80.9
2024-03-14 06:00:00,EQ_B002,Water Pump,10322.0,11.7,8.0,16.75,2.83,20.0,1,100.0
2024-03-14 07:00:00,EQ_M001,Compressor,11575.0,13.3,8.0,20.28,6.79,20.0,1,100.0
2024-03-14 07:00:00,EQ_M002,Water Pump,13310.7,16.4,8.0,16.91,3.04,20.0,1,100.0
2024-03-14 07:00:00,EQ_M003,Air Handler,10745.1,13.3,8.0,13.57,3.28,20.0,1,100.0
2024-03-14 07:00:00,EQ_B001,Compressor,7859.3,9.9,5.26,22.1,6.57,48.5,0,81.5
2024-03-14 07:00:00,EQ_B002,Water Pump,10322.6,12.0,7.8,17.9,3.09,20.0,1,100.0
2024-03-14 08:00:00,EQ_M001,Compressor,11575.7,13.6,8.0,24.66,6.41,20.0,1,100.0
2024-03-14 08:00:00,EQ_M002,Water Pump,13311.6,15.8,8.0,16.77,2.94,20.0,1,100.0
2024-03-14 08:00:00,EQ_M003,Air Handler,10746.0,11.0,8.0,15.58,3.11,20.0,1,100.0
2024-03-14 08:00:00,EQ_B001,Compressor,7859.9,11.1,5.32,21.12,6.02,48.3,0,81.7
2024-03-14 08:00:00,EQ_B002,Water Pump,10323.5,11.4,7.5,14.01,2.92,20.0,1,100.0
2024-03-14 09:00:00,EQ_M001,Compressor,11576.4,12.8,8.0,20.85,6.7,20.0,1,100.0
2024-03-14 09:00:00,EQ_M002,Water Pump,13312.2,15.9,8.0,15.71,2.99,20.0,1,100.0
2024-03-14 09:00:00,EQ_M003,Air Handler,10747.0,12.5,7.9,16.98,2.91,20.0,1,100.0
2024-03-14 09:00:00,EQ_B001,Compressor,7860.7,11.8,5.15,22.0,6.69,48.8,0,81.2
2024-03-14 09:00:00,EQ_B002,Water Pump,10324.1,11.0,7.81,15.62,2.91,20.0,1,100.0
2024-03-14 10:00:00,EQ_M001,Compressor,11576.9,15.8,8.0,20.84,6.1,20.0,1,100.0
2024-03-14 10:00:00,EQ_M002,Water Pump,13313.1,18.2,8.0,15.65,3.22,20.0,1,100.0
2024-03-14 10:00:00,EQ_M003,Air Handler,10747.6,13.1,8.0,15.72,2.97,20.0,1,100.0
2024-03-14 10:00:00,EQ_B001,Compressor,7861.3,9.4,5.3,20.35,6.19,48.3,0,81.7
2024-03-14 10:00:00,EQ_B002,Water Pump,10325.0,12.1,7.74,13.83,3.1,20.0,1,100.0
2024-03-14 11:00:00,EQ_M001,Compressor,11577.7,12.5,8.0,27.01,6.4,20.0,1,100.0
2024-03-14 11:00:00,EQ_M002,Water Pump,13314.0,17.7,8.0,14.29,3.07,20.0,1,100.0
2024-03-14 11:00:00,EQ_M003,Air Handler,10748.4,12.5,8.0,14.24,2.87,20.0,1,100.0
2024-03-14 11:00:00,EQ_B001,Compressor,7862.2,11.9,5.91,23.8,7.39,46.5,1,83.5
2024-03-14 11:00:00,EQ_B002,Water Pump,10325.6,13.1,7.49,17.1,3.39,20.0,1,100.0
2024-03-14 12:00:00,EQ_M001,Compressor,11578.6,13.6,8.0,21.99,6.65,20.0,1,100.0
2024-03-14 12:00:00,EQ_M002,Water Pump,13315.0,15.9,8.0,14.47,2.73,20.0,1,100.0
2024-03-14 12:00:00,EQ_M003,Air Handler,10749.1,10.4,8.0,14.6,3.04,20.0,1,100.0
2024-03-14 12:00:00,EQ_B001,Compressor,7863.0,10.8,5.08,21.77,6.23,49.0,0,81.0
2024-03-14 12:00:00,EQ_B002,Water Pump,10326.3,12.4,7.95,18.4,2.82,20.0,1,100.0
2024-03-14 13:00:00,EQ_M001,Compressor,11579.5,14.5,8.0,22.07,6.53,20.0,1,100.0
2024-03-14 13:00:00,EQ_M002,Water Pump,13315.5,16.7,8.0,14.59,2.57,20.0,1,100.0
2024-03-14 13:00:00,EQ_M003,Air Handler,10749.8,12.0,7.37,13.66,2.99,20.0,1,100.0
2024-03-14 13:00:00,EQ_B001,Compressor,7863.6,9.6,5.24,23.46,7.14,48.5,0,81.5
2024-03-14 13:00:00,EQ_B002,Water Pump,10327.0,12.3,7.8,14.9,3.07,20.0,1,100.0
2024-03-14 14:00:00,EQ_M001,Compressor,11580.1,14.9,8.0,23.87,7.18,20.0,1,100.0
2024-03-14 14:00:00,EQ_M002,Water Pump,13316.1,16.9,8.0,14.98,2.82,20.0,1,100.0
2024-03-14 14:00:00,EQ_M003,Air Handler,10750.4,10.8,7.99,12.17,2.65,20.0,1,100.0
2024-03-14 14:00:00,EQ_B001,Compressor,7864.3,11.0,4.91,22.54,6.83,49.5,0,80.5
2024-03-14 14:00:00,EQ_B002,Water Pump,10327.6,11.6,7.73,16.62,3.07,20.0,1,100.0
2024-03-14 15:00:00,EQ_M001,Compressor,11580.8,14.0,8.0,24.86,6.54,20.0,1,100.0
2024-03-14 15:00:00,EQ_M002,Water Pump,13316.9,15.7,8.0,14.23,3.19,20.0,1,100.0
2024-03-14 15:00:00,EQ_M003,Air Handler,10751.0,13.0,8.0,17.5,2.88,20.0,1,100.0
2024-03-14 15:00:00,EQ_B001,Compressor,7865.1,9.6,5.49,16.36,5.87,47.7,0,82.3
2024-03-14 15:00:00,EQ_B002,Water Pump,10328.2,11.6,7.59,14.9,2.99,20.0,1,100.0
2024-03-14 16:00:00,EQ_M001,Compressor,11581.7,15.7,8.0,22.1,6.09,20.0,1,100.0
2024-03-14 16:00:00,EQ_M002,Water Pump,13317.9,18.1,8.0,12.88,2.97,20.0,1,100.0
2024-03-14 16:00:00,EQ_M003,Air Handler,10751.8,12.1,8.0,16.66,3.2,20.0,1,100.0
2024-03-14 16:00:00,EQ_B001,Compressor,7865.8,14.2,4.93,22.09,6.27,49.4,0,80.6
2024-03-14 16:00:00,EQ_B002,Water Pump,10329.1,12.7,8.0,15.88,3.09,20.0,1,100.0
2024-03-14 17:00:00,EQ_M001,Compressor,11582.5,12.9,8.0,22.17,6.68,20.0,1,100.0
2024-03-14 17:00:00,EQ_M002,Water Pump,13318.5,19.5,8.0,16.52,3.05,20.0,1,100.0
2024-03-14 17:00:00,EQ_M003,Air Handler,10752.4,13.1,7.97,13.31,3.15,20.0,1,100.0
2024-03-14 17:00:00,EQ_B001,Compressor,7866.5,10.7,5.29,26.27,6.74,48.3,0,81.7
2024-03-14 17:00:00,EQ_B002,Water Pump,10330.1,10.4,7.78,16.44,3.15,20.0,1,100.0
2024-03-14 18:00:00,EQ_M001,Compressor,11583.5,15.2,8.0,23.26,6.51,20.0,1,100.0
2024-03-14 18:00:00,EQ_M002,Water Pump,13319.2,15.7,8.0,17.02,2.96,20.0,1,100.0
2024-03-14 18:00:00,EQ_M003,Air Handler,10753.1,11.7,8.0,15.06,3.01,20.0,1,100.0
2024-03-14 18:00:00,EQ_B001,Compressor,7867.5,8.9,5.01,23.54,5.93,49.1,0,80.9
2024-03-14 18:00:00,EQ_B002,Water Pump,10331.0,9.9,7.65,16.99,2.88,20.0,1,100.0
2024-03-14 19:00:00,EQ_M001,Compressor,11584.1,14.4,8.0,17.62,6.84,20.0,1,100.0
2024-03-14 19:00:00,EQ_M002,Water Pump,13319.8,17.0,8.0,12.53,2.79,20.0,1,100.0
2024-03-14 19:00:00,EQ_M003,Air Handler,10753.9,11.6,8.0,15.97,2.89,20.0,1,100.0
2024-03-14 19:00:00,EQ_B001,Compressor,7868.4,10.8,6.03,24.48,5.97,46.1,1,83.9
2024-03-14 19:00:00,EQ_B002,Water Pump,10331.7,12.2,7.56,13.1,2.79,20.0,1,100.0
2024-03-14 20:00:00,EQ_M001,Compressor,11584.8,13.2,8.0,20.44,6.93,20.0,1,100.0
2024-03-14 20:00:00,EQ_M002,Water Pump,13320.4,16.1,8.0,16.25,3.34,20.0,1,100.0
2024-03-14 20:00:00,EQ_M003,Air Handler,10754.8,10.8,8.0,16.39,2.79,20.0,1,100.0
2024-03-14 20:00:00,EQ_B001,Compressor,7869.1,10.4,5.75,26.12,6.36,46.9,1,83.1
2024-03-14 20:00:00,EQ_B002,Water Pump,10332.6,11.5,8.0,18.16,2.78,20.0,1,100.0
2024-03-14 21:00:00,EQ_M001,Compressor,11585.6,13.6,8.0,22.43,6.31,20.0,1,100.0
2024-03-14 21:00:00,EQ_M002,Water Pump,13321.3,18.2,8.0,16.01,3.09,20.0,1,100.0
2024-03-14 21:00:00,EQ_M003,Air Handler,10755.4,12.9,8.0,14.52,3.12,20.0,1,100.0
2024-03-14 21:00:00,EQ_B001,Compressor,7870.1,10.2,5.98,20.16,6.46,46.2,1,83.8
2024-03-14 21:00:00,EQ_B002,Water Pump,10333.4,11.2,7.83,13.91,3.02,20.0,1,100.0
2024-03-14 22:00:00,EQ_M001,Compressor,11586.2,12.9,8.0,21.35,5.96,20.0,1,100.0
2024-03-14 22:00:00,EQ_M002,Water Pump,13322.0,18.6,8.0,13.5,2.79,20.0,1,100.0
2024-03-14 22:00:00,EQ_M003,Air Handler,10756.0,12.5,8.0,17.57,2.93,20.0,1,100.0
2024-03-14 22:00:00,EQ_B001,Compressor,7870.8,11.3,4.9,18.16,6.23,49.4,0,80.6
2024-03-14 22:00:00,EQ_B002,Water Pump,10334.1,10.5,7.5,15.92,2.91,20.0,1,100.0
2024-03-14 23:00:00,EQ_M001,Compressor,11586.7,12.7,8.0,20.75,6.66,20.0,1,100.0
2024-03-14 23:00:00,EQ_M002,Water Pump,13322.6,18.4,8.0,15.59,3.32,20.0,1,100.0
2024-03-14 23:00:00,EQ_M003,Air Handler,10756.8,11.0,7.83,13.4,3.16,20.0,1,100.0
2024-03-14 23:00:00,EQ_B001,Compressor,7871.5,9.9,5.59,22.51,6.71,47.3,1,82.7
2024-03-14 23:00:00,EQ_B002,Water Pump,10334.6,11.0,7.65,14.02,3.21,20.0,1,100.0
2024-03-15 00:00:00,EQ_M001,Compressor,11587.3,15.6,8.0,18.23,6.48,20.0,1,100.0
2024-03-15 00:00:00,EQ_M002,Water Pump,13323.2,17.1,8.0,15.33,2.89,20.0,1,100.0
2024-03-15 00:00:00,EQ_M003,Air Handler,10757.4,12.2,8.0,13.52,2.77,20.0,1,100.0
2024-03-15 00:00:00,EQ_B001,Compressor,7872.3,11.9,5.6,22.77,6.79,47.3,1,82.7
2024-03-15 00:00:00,EQ_B002,Water Pump,10335.4,9.9,7.52,12.16,3.43,20.0,1,100.0
2024-03-15 01:00:00,EQ_M001,Compressor,11588.2,15.2,8.0,23.18,6.43,20.0,1,100.0
2024-03-15 01:00:00,EQ_M002,Water Pump,13323.8,16.3,8.0,16.9,2.82,20.0,1,100.0
2024-03-15 01:00:00,EQ_M003,Air Handler,10758.3,10.7,8.0,14.6,2.94,20.0,1,100.0
2024-03-15 01:00:00,EQ_B001,Compressor,7873.2,10.7,5.22,21.71,6.1,48.4,0,81.6
2024-03-15 01:00:00,EQ_B002,Water Pump,10336.1,10.7,8.0,16.96,3.12,20.0,1,100.0
2024-03-15 02:00:00,EQ_M001,Compressor,11589.0,14.3,8.0,20.83,6.79,20.0,1,100.0
2024-03-15 02:00:00,EQ_M002,Water Pump,13324.7,18.2,8.0,15.29,3.0,20.0,1,100.0
2024-03-15 02:00:00,EQ_M003,Air Handler,10759.1,11.3,8.0,15.35,3.07,20.0,1,100.0
2024-03-15 02:00:00,EQ_B001,Compressor,7874.1,9.8,5.55,19.69,6.17,47.4,1,82.6
2024-03-15 02:00:00,EQ_B002,Water Pump,10336.6,10.7,7.63,13.98,3.45,20.0,1,100.0
2024-03-15 03:00:00,EQ_M001,Compressor,11589.8,13.1,8.0,17.15,6.37,20.0,1,100.0
2024-03-15 03:00:00,EQ_M002,Water Pump,13325.5,15.9,8.0,16.14,2.94,20.0,1,100.0
2024-03-15 03:00:00,EQ_M003,Air Handler,10759.9,11.5,8.0,15.61,2.77,20.0,1,100.0
2024-03-15 03:00:00,EQ_B001,Compressor,7875.0,12.0,5.34,20.51,6.92,48.0,0,82.0
2024-03-15 03:00:00,EQ_B002,Water Pump,10337.3,11.8,7.78,13.35,3.13,20.0,1,100.0
2024-03-15 04:00:00,EQ_M001,Compressor,11590.3,12.9,8.0,19.66,6.68,20.0,1,100.0
2024-03-15 04:00:00,EQ_M002,Water Pump,13326.1,15.5,8.0,17.79,2.77,20.0,1,100.0
2024-03-15 04:00:00,EQ_M003,Air Handler,10760.8,14.0,8.0,14.74,3.02,20.0,1,100.0
2024-03-15 04:00:00,EQ_B001,Compressor,7875.9,10.0,5.25,19.72,7.32,48.3,0,81.7
2024-03-15 04:00:00,EQ_B002,Water Pump,10337.8,10.9,8.0,10.54,2.93,20.0,1,100.0
2024-03-15 05:00:00,EQ_M001,Compressor,11590.9,14.2,8.0,19.54,5.8,20.0,1,100.0
2024-03-15 05:00:00,EQ_M002,Water Pump,13327.1,15.8,8.0,18.81,2.54,20.0,1,100.0
2024-03-15 05:00:00,EQ_M003,Air Handler,10761.5,12.0,8.0,16.34,2.92,20.0,1,100.0
2024-03-15 05:00:00,EQ_B001,Compressor,7876.7,11.2,5.48,22.04,6.48,47.6,0,82.4
2024-03-15 05:00:00,EQ_B002,Water Pump,10338.4,11.1,8.0,13.34,3.02,20.0,1,100.0
2024-03-15 06:00:00,EQ_M001,Compressor,11591.9,13.7,8.0,21.86,6.72,20.0,1,100.0
2024-03-15 06:00:00,EQ_M002,Water Pump,13327.7,17.0,8.0,12.58,2.81,20.0,1,100.0
2024-03-15 06:00:00,EQ_M003,Air Handler,10762.2,11.0,8.0,14.88,2.76,20.0,1,100.0
2024-03-15 06:00:00,EQ_B001,Compressor,7877.6,10.0,5.58,21.84,6.35,47.3,1,82.7
2024-03-15 06:00:00,EQ_B002,Water Pump,10339.4,11.3,8.0,14.79,3.04,20.0,1,100.0
2024-03-15 07:00:00,EQ_M001,Compressor,11592.5,14.1,8.0,20.88,6.14,20.0,1,100.0
2024-03-15 07:00:00,EQ_M002,Water Pump,13328.7,17.0,8.0,11.47,2.89,20.0,1,100.0
2024-03-15 07:00:00,EQ_M003,Air Handler,10763.1,12.0,7.96,16.53,2.89,20.0,1,100.0
2024-03-15 07:00:00,EQ_B001,Compressor,7878.6,10.5,5.3,18.72,5.91,48.1,0,81.9
2024-03-15 07:00:00,EQ_B002,Water Pump,10340.0,11.5,7.1,13.13,2.87,20.0,1,100.0
2024-03-15 08:00:00,EQ_M001,Compressor,11593.2,14.7,8.0,22.07,6.26,20.0,1,100.0
2024-03-15 08:00:00,EQ_M002,Water Pump,13329.6,17.6,8.0,14.16,2.68,20.0,1,100.0
2024-03-15 08:00:00,EQ_M003,Air Handler,10764.0,12.2,7.98,13.8,2.94,20.0,1,100.0
2024-03-15 08:00:00,EQ_B001,Compressor,7879.2,11.0,5.56,19.3,6.13,47.3,1,82.7
2024-03-15 08:00:00,EQ_B002,Water Pump,10340.8,12.4,8.0,13.4,3.21,20.0,1,100.0
2024-03-15 09:00:00,EQ_M001,Compressor,11593.9,11.8,8.0,21.36,6.65,20.0,1,100.0
2024-03-15 09:00:00,EQ_M002,Water Pump,13330.2,17.2,8.0,16.11,3.39,20.0,1,100.0
2024-03-15 09:00:00,EQ_M003,Air Handler,10765.0,13.6,8.0,14.39,2.94,20.0,1,100.0
2024-03-15 09:00:00,EQ_B001,Compressor,7880.0,9.9,5.35,23.04,6.59,47.9,0,82.1
2024-03-15 09:00:00,EQ_B002,Water Pump,10341.6,12.3,8.0,16.63,2.95,20.0,1,100.0
2024-03-15 10:00:00,EQ_M001,Compressor,11594.6,14.2,8.0,22.85,6.77,20.0,1,100.0
2024-03-15 10:00:00,EQ_M002,Water Pump,13331.1,17.5,8.0,10.64,2.98,20.0,1,100.0
2024-03-15 10:00:00,EQ_M003,Air Handler,10765.8,12.1,8.0,13.39,2.69,20.0,1,100.0
2024-03-15 10:00:00,EQ_B001,Compressor,7880.6,11.2,5.59,21.99,6.45,47.2,1,82.8
2024-03-15 10:00:00,EQ_B002,Water Pump,10342.4,11.4,7.45,15.26,2.82,20.0,1,100.0
2024-03-15 11:00:00,EQ_M001,Compressor,11595.2,14.1,8.0,21.75,6.21,20.0,1,100.0
2024-03-15 11:00:00,EQ_M002,Water Pump,13332.0,14.7,8.0,14.2,3.03,20.0,1,100.0
2024-03-15 11:00:00,EQ_M003,Air Handler,10766.6,12.9,8.0,14.0,2.78,20.0,1,100.0
2024-03-15 11:00:00,EQ_B001,Compressor,7881.3,12.0,5.12,18.14,7.02,48.6,0,81.4
2024-03-15 11:00:00,EQ_B002,Water Pump,10343.2,10.4,7.98,16.68,3.27,20.0,1,100.0
2024-03-15 12:00:00,EQ_M001,Compressor,11596.0,14.8,8.0,21.46,6.59,20.0,1,100.0
2024-03-15 12:00:00,EQ_M002,Water Pump,13332.7,15.7,8.0,13.23,3.18,20.0,1,100.0
2024-03-15 12:00:00,EQ_M003,Air Handler,10767.1,11.6,8.0,14.02,3.02,20.0,1,100.0
2024-03-15 12:00:00,EQ_B001,Compressor,7881.9,11.4,5.19,23.57,7.22,48.4,0,81.6
2024-03-15 12:00:00,EQ_B002,Water Pump,10343.7,10.5,8.0,13.45,3.23,20.0,1,100.0
2024-03-15 13:00:00,EQ_M001,Compressor,11596.6,13.3,8.0,21.72,5.88,20.0,1,100.0
2024-03-15 13:00:00,EQ_M002,Water Pump,13333.7,18.1,8.0,13.25,2.88,20.0,1,100.0
2024-03-15 13:00:00,EQ_M003,Air Handler,10767.7,12.6,8.0,13.56,3.04,20.0,1,100.0
2024-03-15 13:00:00,EQ_B001,Compressor,7882.8,11.5,4.94,16.82,6.43,49.1,0,80.9
2024-03-15 13:00:00,EQ_B002,Water Pump,10344.6,11.0,8.0,15.94,3.16,20.0,1,100.0
2024-03-15 14:00:00,EQ_M001,Compressor,11597.5,14.4,8.0,23.49,6.12,20.0,1,100.0
2024-03-15 14:00:00,EQ_M002,Water Pump,13334.5,17.4,8.0,14.37,3.02,20.0,1,100.0
2024-03-15 14:00:00,EQ_M003,Air Handler,10768.6,12.9,7.74,15.77,2.94,20.0,1,100.0
2024-03-15 14:00:00,EQ_B001,Compressor,7883.6,9.7,5.74,23.09,6.61,46.7,1,83.3
2024-03-15 14:00:00,EQ_B002,Water Pump,10345.3,12.1,8.0,14.95,2.7,20.0,1,100.0
2024-03-15 15:00:00,EQ_M001,Compressor,11598.1,15.6,8.0,22.82,6.62,20.0,1,100.0
2024-03-15 15:00:00,EQ_M002,Water Pump,13335.3,16.0,8.0,15.56,3.09,20.0,1,100.0
2024-03-15 15:00:00,EQ_M003,Air Handler,10769.6,13.5,8.0,13.85,2.59,20.0,1,100.0
2024-03-15 15:00:00,EQ_B001,Compressor,7884.5,12.6,5.24,22.36,6.2,48.2,0,81.8
2024-03-15 15:00:00,EQ_B002,Water Pump,10345.9,9.8,7.73,13.88,2.92,20.0,1,100.0
2024-03-15 16:00:00,EQ_M001,Compressor,11598.9,14.4,8.0,21.34,6.79,20.0,1,100.0
2024-03-15 16:00:00,EQ_M002,Water Pump,13336.1,15.9,8.0,14.59,3.03,20.0,1,100.0
2024-03-15 16:00:00,EQ_M003,Air Handler,10770.2,11.4,8.0,13.9,3.11,20.0,1,100.0
2024-03-15 16:00:00,EQ_B001,Compressor,7885.2,10.2,5.53,19.76,6.51,47.3,1,82.7
2024-03-15 16:00:00,EQ_B002,Water Pump,10346.7,10.5,7.49,17.13,2.77,20.0,1,100.0
2024-03-15 17:00:00,EQ_M001,Compressor,11599.7,15.1,8.0,22.68,5.75,20.0,1,100.0
2024-03-15 17:00:00,EQ_M002,Water Pump,13336.9,18.8,8.0,14.02,3.12,20.0,1,100.0
2024-03-15 17:00:00,EQ_M003,Air Handler,10770.7,11.8,7.72,13.97,2.88,20.0,1,100.0
2024-03-15 17:00:00,EQ_B001,Compressor,7886.0,10.6,5.61,22.56,6.37,47.1,1,82.9
2024-03-15 17:00:00,EQ_B002,Water Pump,10347.5,11.0,8.0,16.75,3.12,20.0,1,100.0
2024-03-15 18:00:00,EQ_M001,Compressor,11600.6,13.9,8.0,21.27,6.25,20.0,1,100.0
2024-03-15 18:00:00,EQ_M002,Water Pump,13337.8,17.7,8.0,12.84,3.05,20.0,1,100.0
2024-03-15 18:00:00,EQ_M003,Air Handler,10771.6,10.5,7.9,14.55,3.04,20.0,1,100.0
2024-03-15 18:00:00,EQ_B001,Compressor,7886.7,10.5,4.76,20.0,6.26,49.6,0,80.4
2024-03-15 18:00:00,EQ_B002,Water Pump,10348.1,12.7,7.37,14.2,2.99,20.0,1,100.0
2024-03-15 19:00:00,EQ_M001,Compressor,11601.2,12.8,8.0,21.78,6.5,20.0,1,100.0
2024-03-15 19:00:00,EQ_M002,Water Pump,13338.7,17.9,8.0,15.78,3.03,20.0,1,100.0
2024-03-15 19:00:00,EQ_M003,Air Handler,10772.2,12.0,8.0,16.78,2.9,20.0,1,100.0
2024-03-15 19:00:00,EQ_B001,Compressor,7887.5,11.0,5.64,23.12,6.58,47.0,1,83.0
2024-03-15 19:00:00,EQ_B002,Water Pump,10348.7,13.5,8.0,15.15,3.4,20.0,1,100.0
2024-03-15 20:00:00,EQ_M001,Compressor,11601.8,15.1,8.0,26.05,6.22,20.0,1,100.0
2024-03-15 20:00:00,EQ_M002,Water Pump,13339.6,16.6,8.0,14.58,2.71,20.0,1,100.0
2024-03-15 20:00:00,EQ_M003,Air Handler,10772.9,12.4,8.0,14.93,2.73,20.0,1,100.0
2024-03-15 20:00:00,EQ_B001,Compressor,7888.4,9.3,5.04,22.12,6.3,48.8,0,81.2
2024-03-15 20:00:00,EQ_B002,Water Pump,10349.4,11.2,7.98,15.99,3.01,20.0,1,100.0
2024-03-15 21:00:00,EQ_M001,Compressor,11602.4,13.3,8.0,22.93,6.33,20.0,1,100.0
2024-03-15 21:00:00,EQ_M002,Water Pump,13340.5,18.0,8.0,15.49,2.93,20.0,1,100.0
2024-03-15 21:00:00,EQ_M003,Air Handler,10773.5,12.0,8.0,12.56,3.34,20.0,1,100.0
2024-03-15 21:00:00,EQ_B001,Compressor,7889.4,9.2,5.43,22.82,6.45,47.6,0,82.4
2024-03-15 21:00:00,EQ_B002,Water Pump,10350.0,12.2,7.66,15.3,3.04,20.0,1,100.0
2024-03-15 22:00:00,EQ_M001,Compressor,11603.0,14.3,8.0,24.63,6.81,20.0,1,100.0
2024-03-15 22:00:00,EQ_M002,Water Pump,13341.4,18.6,8.0,17.51,2.89,20.0,1,100.0
2024-03-15 22:00:00,EQ_M003,Air Handler,10774.3,12.0,7.58,14.49,2.87,20.0,1,100.0
2024-03-15 22:00:00,EQ_B001,Compressor,7890.2,12.9,5.75,19.17,6.61,46.6,1,83.4
2024-03-15 22:00:00,EQ_B002,Water Pump,10350.8,12.1,8.0,14.75,3.23,20.0,1,100.0
2024-03-15 23:00:00,EQ_M001,Compressor,11603.8,13.8,8.0,20.55,6.32,20.0,1,100.0
2024-03-15 23:00:00,EQ_M002,Water Pump,13342.2,18.8,8.0,13.25,2.95,20.0,1,100.0
2024-03-15 23:00:00,EQ_M003,Air Handler,10775.3,12.0,8.0,15.16,3.31,20.0,1,100.0
2024-03-15 23:00:00,EQ_B001,Compressor,7891.0,12.5,5.15,21.85,6.29,48.4,0,81.6
2024-03-15 23:00:00,EQ_B002,Water Pump,10351.5,10.6,7.44,14.37,3.13,20.0,1,100.0
2024-03-16 00:00:00,EQ_M001,Compressor,11604.3,14.1,8.0,20.67,6.32,20.0,1,100.0
2024-03-16 00:00:00,EQ_M002,Water Pump,13343.0,16.3,8.0,13.64,2.73,20.0,1,100.0
2024-03-16 00:00:00,EQ_M003,Air Handler,10776.0,12.9,8.0,13.83,2.81,20.0,1,100.0
2024-03-16 00:00:00,EQ_B001,Compressor,7891.9,10.5,5.19,23.03,6.77,48.3,0,81.7
2024-03-16 00:00:00,EQ_B002,Water Pump,10352.1,11.4,7.37,15.01,2.99,20.0,1,100.0
2024-03-16 01:00:00,EQ_M001,Compressor,11605.2,12.5,8.0,18.28,6.7,20.0,1,100.0
2024-03-16 01:00:00,EQ_M002,Water Pump,13344.0,16.6,8.0,15.82,2.9,20.0,1,100.0
2024-03-16 01:00:00,EQ_M003,Air Handler,10776.8,10.2,8.0,16.76,3.01,20.0,1,100.0
2024-03-16 01:00:00,EQ_B001,Compressor,7892.5,11.7,5.53,23.36,6.6,47.3,1,82.7
2024-03-16 01:00:00,EQ_B002,Water Pump,10353.0,10.7,7.92,14.38,2.9,20.0,1,100.0
2024-03-16 02:00:00,EQ_M001,Compressor,11605.8,13.3,8.0,22.09,6.53,20.0,1,100.0
2024-03-16 02:00:00,EQ_M002,Water Pump,13344.8,15.3,8.0,14.22,2.78,20.0,1,100.0
2024-03-16 02:00:00,EQ_M003,Air Handler,10777.5,12.3,8.0,14.48,3.42,20.0,1,100.0
2024-03-16 02:00:00,EQ_B001,Compressor,7893.2,10.4,5.66,20.99,6.38,46.9,1,83.1
2024-03-16 02:00:00,EQ_B002,Water Pump,10353.5,11.9,8.0,14.81,2.91,20.0,1,100.0
2024-03-16 03:00:00,EQ_M001,Compressor,11606.8,14.1,8.0,24.52,6.08,20.0,1,100.0
2024-03-16 03:00:00,EQ_M002,Water Pump,13345.7,17.6,8.0,14.48,2.75,20.0,1,100.0
2024-03-16 03:00:00,EQ_M003,Air Handler,10778.1,12.4,8.0,17.85,2.86,20.0,1,100.0
2024-03-16 03:00:00,EQ_B001,Compressor,7893.9,11.0,5.18,22.5,7.01,48.3,0,81.7
2024-03-16 03:00:00,EQ_B002,Water Pump,10354.5,12.9,7.78,15.5,3.23,20.0,1,100.0
2024-03-16 04:00:00,EQ_M001,Compressor,11607.4,15.0,8.0,21.35,6.45,20.0,1,100.0
2024-03-16 04:00:00,EQ_M002,Water Pump,13346.3,15.9,8.0,14.88,3.14,20.0,1,100.0
2024-03-16 04:00:00,EQ_M003,Air Handler,10779.1,12.9,7.97,16.92,3.02,20.0,1,100.0
2024-03-16 04:00:00,EQ_B001,Compressor,7894.6,11.3,5.63,22.16,6.34,46.9,1,83.1
2024-03-16 04:00:00,EQ_B002,Water Pump,10355.4,10.3,7.39,13.65,2.68,20.0,1,100.0
2024-03-16 05:00:00,EQ_M001,Compressor,11608.1,12.3,8.0,22.79,6.44,20.0,1,100.0
2024-03-16 05:00:00,EQ_M002,Water Pump,13347.0,17.0,8.0,16.33,3.32,20.0,1,100.0
2024-03-16 05:00:00,EQ_M003,Air Handler,10779.6,10.2,8.0,13.33,3.11,20.0,1,100.0
2024-03-16 05:00:00,EQ_B001,Compressor,7895.2,11.5,5.2,21.64,6.58,48.2,0,81.8
2024-03-16 05:00:00,EQ_B002,Water Pump,10356.0,11.6,8.0,12.59,2.99,20.0,1,100.0
2024-03-16 06:00:00,EQ_M001,Compressor,11608.9,12.6,8.0,20.88,6.83,20.0,1,100.0
2024-03-16 06:00:00,EQ_M002,Water Pump,13347.7,18.4,8.0,15.5,2.51,20.0,1,100.0
2024-03-16 06:00:00,EQ_M003,Air Handler,10780.3,11.7,8.0,16.06,2.91,20.0,1,100.0
2024-03-16 06:00:00,EQ_B001,Compressor,7895.8,9.6,5.58,25.49,7.31,47.0,1,83.0
2024-03-16 06:00:00,EQ_B002,Water Pump,10356.9,12.9,7.62,13.88,2.36,20.0,1,100.0
2024-03-16 07:00:00,EQ_M001,Compressor,11609.7,14.4,8.0,25.98,6.46,20.0,1,100.0
2024-03-16 07:00:00,EQ_M002,Water Pump,13348.5,16.2,8.0,15.82,3.12,20.0,1,100.0
2024-03-16 07:00:00,EQ_M003,Air Handler,10780.9,10.5,8.0,16.96,3.16,20.0,1,100.0
2024-03-16 07:00:00,EQ_B001,Compressor,7896.4,11.3,4.92,19.56,6.66,49.0,0,81.0
2024-03-16 07:00:00,EQ_B002,Water Pump,10357.7,10.2,7.73,14.67,2.83,20.0,1,100.0
2024-03-16 08:00:00,EQ_M001,Compressor,11610.5,14.1,8.0,19.85,6.35,20.0,1,100.0
2024-03-16 08:00:00,EQ_M002,Water Pump,13349.2,14.7,8.0,16.22,2.94,20.0,1,100.0
2024-03-16 08:00:00,EQ_M003,Air Handler,10781.6,12.8,8.0,14.26,2.89,20.0,1,100.0
2024-03-16 08:00:00,EQ_B001,Compressor,7897.2,12.4,4.73,21.4,6.03,49.6,0,80.4
2024-03-16 08:00:00,EQ_B002,Water Pump,10358.6,9.8,7.78,15.18,3.12,20.0,1,100.0
2024-03-16 09:00:00,EQ_M001,Compressor,11611.1,12.2,8.0,23.17,6.69,20.0,1,100.0
2024-03-16 09:00:00,EQ_M002,Water Pump,13349.9,18.3,8.0,15.29,3.14,20.0,1,100.0
2024-03-16 09:00:00,EQ_M003,Air Handler,10782.6,12.6,8.0,17.95,2.79,20.0,1,100.0
2024-03-16 09:00:00,EQ_B001,Compressor,7898.2,10.1,5.48,20.64,6.79,47.3,0,82.7
2024-03-16 09:00:00,EQ_B002,Water Pump,10359.4,10.8,7.6,16.55,2.63,20.0,1,100.0
2024-03-16 10:00:00,EQ_M001,Compressor,11611.9,14.3,8.0,20.35,6.54,20.0,1,100.0
2024-03-16 10:00:00,EQ_M002,Water Pump,13350.8,17.3,8.0,14.88,2.89,20.0,1,100.0
2024-03-16 10:00:00,EQ_M003,Air Handler,10783.3,11.3,8.0,12.11,2.73,20.0,1,100.0
2024-03-16 10:00:00,EQ_B001,Compressor,7898.9,13.1,5.25,21.81,6.73,48.0,0,82.0
2024-03-16 10:00:00,EQ_B002,Water Pump,10360.0,11.5,7.78,14.33,2.92,20.0,1,100.0
2024-03-16 11:00:00,EQ_M001,Compressor,11612.9,14.5,8.0,22.28,6.3,20.0,1,100.0
2024-03-16 11:00:00,EQ_M002,Water Pump,13351.4,16.1,8.0,15.38,2.77,20.0,1,100.0
2024-03-16 11:00:00,EQ_M003,Air Handler,10784.2,12.8,8.0,15.41,2.77,20.0,1,100.0
2024-03-16 11:00:00,EQ_B001,Compressor,7899.8,12.3,5.26,25.41,7.03,48.0,0,82.0
2024-03-16 11:00:00,EQ_B002,Water Pump,10360.8,13.2,7.68,13.84,3.27,20.0,1,100.0
2024-03-16 12:00:00,EQ_M001,Compressor,11613.6,14.7,8.0,18.95,6.44,20.0,1,100.0
2024-03-16 12:00:00,EQ_M002,Water Pump,13352.1,17.2,8.0,17.13,2.49,20.0,1,100.0
2024-03-16 12:00:00,EQ_M003,Air Handler,10784.9,11.8,7.95,16.04,3.45,20.0,1,100.0
2024-03-16 12:00:00,EQ_B001,Compressor,7900.5,10.5,5.31,22.41,6.21,47.8,0,82.2
2024-03-16 12:00:00,EQ_B002,Water Pump,10361.4,11.0,7.46,14.77,3.06,20.0,1,100.0
2024-03-16 13:00:00,EQ_M001,Compressor,11614.5,13.4,8.0,22.55,6.63,20.0,1,100.0
2024-03-16 13:00:00,EQ_M002,Water Pump,13352.9,17.2,8.0,14.85,3.17,20.0,1,100.0
2024-03-16 13:00:00,EQ_M003,Air Handler,10785.9,12.0,8.0,17.68,2.96,20.0,1,100.0
2024-03-16 13:00:00,EQ_B001,Compressor,7901.4,10.4,5.27,22.3,5.94,47.9,0,82.1
2024-03-16 13:00:00,EQ_B002,Water Pump,10362.2,11.5,7.96,16.11,2.99,20.0,1,100.0
2024-03-16 14:00:00,EQ_M001,Compressor,11615.4,13.9,8.0,19.66,6.36,20.0,1,100.0
2024-03-16 14:00:00,EQ_M002,Water Pump,13353.6,15.9,8.0,17.65,3.09,20.0,1,100.0
2024-03-16 14:00:00,EQ_M003,Air Handler,10786.7,11.1,7.66,12.79,3.26,20.0,1,100.0
2024-03-16 14:00:00,EQ_B001,Compressor,7902.3,10.4,5.25,24.15,6.45,48.0,0,82.0
2024-03-16 14:00:00,EQ_B002,Water Pump,10363.0,13.1,7.97,17.27,2.97,20.0,1,100.0
2024-03-16 15:00:00,EQ_M001,Compressor,11616.2,14.8,8.0,22.75,6.32,20.0,1,100.0
2024-03-16 15:00:00,EQ_M002,Water Pump,13354.6,16.1,8.0,16.77,2.9,20.0,1,100.0
2024-03-16 15:00:00,EQ_M003,Air Handler,10787.2,12.1,7.8,12.29,3.21,20.0,1,100.0
2024-03-16 15:00:00,EQ_B001,Compressor,7902.9,11.1,5.3,18.96,6.58,47.8,0,82.2
2024-03-16 15:00:00,EQ_B002,Water Pump,10363.8,12.1,8.0,13.61,2.96,20.0,1,100.0
2024-03-16 16:00:00,EQ_M001,Compressor,11617.2,14.6,8.0,24.65,6.36,20.0,1,100.0
2024-03-16 16:00:00,EQ_M002,Water Pump,13355.6,15.8,8.0,15.0,2.74,20.0,1,100.0
2024-03-16 16:00:00,EQ_M003,Air Handler,10788.0,13.6,8.0,11.04,3.21,20.0,1,100.0
2024-03-16 16:00:00,EQ_B001,Compressor,7903.5,8.9,5.47,22.52,6.43,47.3,0,82.7
2024-03-16 16:00:00,EQ_B002,Water Pump,10364.8,11.5,7.63,17.43,2.59,20.0,1,100.0
2024-03-16 17:00:00,EQ_M001,Compressor,11618.1,14.6,8.0,23.3,6.71,20.0,1,100.0
2024-03-16 17:00:00,EQ_M002,Water Pump,13356.5,17.4,8.0,11.75,3.13,20.0,1,100.0
2024-03-16 17:00:00,EQ_M003,Air Handler,10788.9,12.5,7.95,15.82,3.05,20.0,1,100.0
2024-03-16 17:00:00,EQ_B001,Compressor,7904.4,10.4,5.72,18.6,6.43,46.5,1,83.5
2024-03-16 17:00:00,EQ_B002,Water Pump,10365.7,8.1,7.25,15.68,3.36,20.0,1,100.0
2024-03-16 18:00:00,EQ_M001,Compressor,11618.6,13.7,8.0,22.95,6.37,20.0,1,100.0
2024-03-16 18:00:00,EQ_M002,Water Pump,13357.2,16.6,8.0,13.95,2.68,20.0,1,100.0
2024-03-16 18:00:00,EQ_M003,Air Handler,10789.8,13.0,8.0,15.97,3.06,20.0,1,100.0
2024-03-16 18:00:00,EQ_B001,Compressor,7905.3,10.8,5.52,22.89,6.74,47.1,1,82.9
2024-03-16 18:00:00,EQ_B002,Water Pump,10366.2,12.4,7.57,16.5,3.03,20.0,1,100.0
2024-03-16 19:00:00,EQ_M001,Compressor,11619.2,12.5,8.0,23.81,6.56,20.0,1,100.0
2024-03-16 19:00:00,EQ_M002,Water Pump,13357.8,17.2,8.0,16.1,3.1,20.0,1,100.0
2024-03-16 19:00:00,EQ_M003,Air Handler,10790.8,11.5,8.0,13.21,3.1,20.0,1,100.0
2024-03-16 19:00:00,EQ_B001,Compressor,7905.8,9.3,5.42,22.28,6.59,47.4,0,82.6
2024-03-16 19:00:00,EQ_B002,Water Pump,10367.2,10.9,8.0,13.75,2.87,20.0,1,100.0
2024-03-16 20:00:00,EQ_M001,Compressor,11619.7,13.6,8.0,20.55,6.53,20.0,1,100.0
2024-03-16 20:00:00,EQ_M002,Water Pump,13358.5,20.2,8.0,13.39,3.18,20.0,1,100.0
2024-03-16 20:00:00,EQ_M003,Air Handler,10791.6,12.0,8.0,14.9,3.02,20.0,1,100.0
2024-03-16 20:00:00,EQ_B001,Compressor,7906.8,10.9,4.97,21.49,6.46,48.8,0,81.2
2024-03-16 20:00:00,EQ_B002,Water Pump,10367.7,11.5,8.0,14.07,3.13,20.0,1,100.0
2024-03-16 21:00:00,EQ_M001,Compressor,11620.6,14.4,8.0,24.91,6.17,20.0,1,100.0
2024-03-16 21:00:00,EQ_M002,Water Pump,13359.3,17.8,8.0,11.71,3.21,20.0,1,100.0
2024-03-16 21:00:00,EQ_M003,Air Handler,10792.3,11.9,8.0,18.7,3.26,20.0,1,100.0
2024-03-16 21:00:00,EQ_B001,Compressor,7907.6,12.7,5.67,18.97,6.65,46.7,1,83.3
2024-03-16 21:00:00,EQ_B002,Water Pump,10368.6,12.3,7.79,15.83,2.83,20.0,1,100.0
2024-03-16 22:00:00,EQ_M001,Compressor,11621.6,14.6,8.0,22.09,6.11,20.0,1,100.0
2024-03-16 22:00:00,EQ_M002,Water Pump,13359.9,18.7,8.0,14.46,2.92,20.0,1,100.0
2024-03-16 22:00:00,EQ_M003,Air Handler,10793.1,9.8,8.0,13.03,2.82,20.0,1,100.0
2024-03-16 22:00:00,EQ_B001,Compressor,7908.2,11.0,5.43,22.98,6.37,47.4,0,82.6
2024-03-16 22:00:00,EQ_B002,Water Pump,10369.6,14.1,8.0,16.98,2.98,20.0,1,100.0
2024-03-16 23:00:00,EQ_M001,Compressor,11622.5,13.1,8.0,23.3,6.81,20.0,1,100.0
2024-03-16 23:00:00,EQ_M002,Water Pump,13360.7,18.6,8.0,17.06,3.01,20.0,1,100.0
2024-03-16 23:00:00,EQ_M003,Air Handler,10793.7,12.9,8.0,15.95,3.15,20.0,1,100.0
2024-03-16 23:00:00,EQ_B001,Compressor,7909.0,10.9,5.47,22.9,6.18,47.2,0,82.8
2024-03-16 23:00:00,EQ_B002,Water Pump,10370.3,10.8,7.85,16.05,2.81,20.0,1,100.0
2024-03-17 00:00:00,EQ_M001,Compressor,11623.0,13.7,8.0,22.57,6.33,20.0,1,100.0
2024-03-17 00:00:00,EQ_M002,Water Pump,13361.4,17.0,8.0,15.13,3.2,20.0,1,100.0
2024-03-17 00:00:00,EQ_M003,Air Handler,10794.3,10.3,8.0,18.61,3.13,20.0,1,100.0
2024-03-17 00:00:00,EQ_B001,Compressor,7909.9,10.1,5.33,17.55,6.55,47.6,0,82.4
2024-03-17 00:00:00,EQ_B002,Water Pump,10370.9,12.2,7.46,15.08,2.75,20.0,1,100.0
2024-03-17 01:00:00,EQ_M001,Compressor,11624.0,12.4,8.0,19.57,6.3,20.0,1,100.0
2024-03-17 01:00:00,EQ_M002,Water Pump,13362.2,17.9,8.0,15.86,3.04,20.0,1,100.0
2024-03-17 01:00:00,EQ_M003,Air Handler,10795.2,11.6,7.76,14.47,2.9,20.0,1,100.0
2024-03-17 01:00:00,EQ_B001,Compressor,7910.6,8.9,4.97,23.38,7.0,48.7,0,81.3
2024-03-17 01:00:00,EQ_B002,Water Pump,10371.6,10.6,8.0,13.96,3.04,20.0,1,100.0
2024-03-17 02:00:00,EQ_M001,Compressor,11624.6,12.5,8.0,19.53,6.62,20.0,1,100.0
2024-03-17 02:00:00,EQ_M002,Water Pump,13363.1,16.8,8.0,16.97,2.86,20.0,1,100.0
2024-03-17 02:00:00,EQ_M003,Air Handler,10795.9,11.3,8.0,15.79,3.19,20.0,1,100.0
2024-03-17 02:00:00,EQ_B001,Compressor,7911.1,11.0,5.2,19.26,7.06,48.0,0,82.0
2024-03-17 02:00:00,EQ_B002,Water Pump,10372.5,10.9,7.82,16.96,2.96,20.0,1,100.0
2024-03-17 03:00:00,EQ_M001,Compressor,11625.4,14.2,8.0,22.79,6.99,20.0,1,100.0
2024-03-17 03:00:00,EQ_M002,Water Pump,13363.9,15.7,8.0,15.49,2.82,20.0,1,100.0
2024-03-17 03:00:00,EQ_M003,Air Handler,10796.7,11.4,8.0,16.36,2.85,20.0,1,100.0
2024-03-17 03:00:00,EQ_B001,Compressor,7911.6,11.1,5.5,23.34,6.49,47.1,1,82.9
2024-03-17 03:00:00,EQ_B002,Water Pump,10373.1,8.9,7.99,14.44,3.45,20.0,1,100.0
2024-03-17 04:00:00,EQ_M001,Compressor,11626.3,14.0,8.0,24.28,6.74,20.0,1,100.0
2024-03-17 04:00:00,EQ_M002,Water Pump,13364.8,17.6,8.0,15.03,3.05,20.0,1,100.0
2024-03-17 04:00:00,EQ_M003,Air Handler,10797.2,13.5,8.0,15.81,3.19,20.0,1,100.0
2024-03-17 04:00:00,EQ_B001,Compressor,7912.2,11.1,5.65,18.49,6.34,46.7,1,83.3
2024-03-17 04:00:00,EQ_B002,Water Pump,10373.7,12.0,8.0,16.72,2.79,20.0,1,100.0
2024-03-17 05:00:00,EQ_M001,Compressor,11627.2,12.0,8.0,20.9,6.43,20.0,1,100.0
2024-03-17 05:00:00,EQ_M002,Water Pump,13365.3,16.5,8.0,12.68,2.82,20.0,1,100.0
2024-03-17 05:00:00,EQ_M003,Air Handler,10797.9,10.8,7.91,14.7,3.14,20.0,1,100.0
2024-03-17 05:00:00,EQ_B001,Compressor,7913.2,10.9,5.09,23.17,6.15,48.3,0,81.7
2024-03-17 05:00:00,EQ_B002,Water Pump,10374.3,11.9,7.81,14.45,3.13,20.0,1,100.0
2024-03-17 06:00:00,EQ_M001,Compressor,11628.2,12.0,8.0,21.97,5.95,20.0,1,100.0
2024-03-17 06:00:00,EQ_M002,Water Pump,13366.0,15.8,8.0,15.73,2.86,20.0,1,100.0
2024-03-17 06:00:00,EQ_M003,Air Handler,10798.6,9.9,8.0,16.43,3.1,20.0,1,100.0
2024-03-17 06:00:00,EQ_B001,Compressor,7914.1,11.3,5.8,19.84,6.36,46.2,1,83.8
2024-03-17 06:00:00,EQ_B002,Water Pump,10375.2,9.4,7.53,13.61,3.16,20.0,1,100.0
2024-03-17 07:00:00,EQ_M001,Compressor,11628.8,14.1,8.0,21.13,6.39,20.0,1,100.0
2024-03-17 07:00:00,EQ_M002,Water Pump,13366.9,17.6,8.0,18.0,3.11,20.0,1,100.0
2024-03-17 07:00:00,EQ_M003,Air Handler,10799.3,13.1,8.0,16.46,3.24,20.0,1,100.0
2024-03-17 07:00:00,EQ_B001,Compressor,7914.9,10.6,5.12,23.71,6.57,48.2,0,81.8
2024-03-17 07:00:00,EQ_B002,Water Pump,10376.0,11.3,8.0,13.81,2.89,20.0,1,100.0
2024-03-17 08:00:00,EQ_M001,Compressor,11629.5,13.6,8.0,23.92,6.54,20.0,1,100.0
2024-03-17 08:00:00,EQ_M002,Water Pump,13367.8,17.6,8.0,14.22,2.98,20.0,1,100.0
2024-03-17 08:00:00,EQ_M003,Air Handler,10800.1,12.4,8.0,14.35,3.2,20.0,1,100.0
2024-03-17 08:00:00,EQ_B001,Compressor,7915.5,9.9,5.53,21.53,6.39,47.0,1,83.0
2024-03-17 08:00:00,EQ_B002,Water Pump,10376.5,10.3,7.56,13.43,2.78,20.0,1,100.0
2024-03-17 09:00:00,EQ_M001,Compressor,11630.3,13.9,8.0,22.8,6.83,20.0,1,100.0
2024-03-17 09:00:00,EQ_M002,Water Pump,13368.7,19.0,8.0,16.93,3.32,20.0,1,100.0
2024-03-17 09:00:00,EQ_M003,Air Handler,10801.0,11.4,8.0,14.67,3.2,20.0,1,100.0
2024-03-17 09:00:00,EQ_B001,Compressor,7916.4,12.4,5.31,20.89,6.55,47.6,0,82.4
2024-03-17 09:00:00,EQ_B002,Water Pump,10377.2,12.7,7.26,13.02,2.82,20.0,1,100.0
2024-03-17 10:00:00,EQ_M001,Compressor,11631.1,13.5,8.0,21.38,6.56,20.0,1,100.0
2024-03-17 10:00:00,EQ_M002,Water Pump,13369.6,16.0,8.0,13.78,3.19,20.0,1,100.0
2024-03-17 10:00:00,EQ_M003,Air Handler,10802.0,11.7,8.0,13.84,3.23,20.0,1,100.0
2024-03-17 10:00:00,EQ_B001,Compressor,7916.9,12.0,5.16,21.33,7.01,48.1,0,81.9
2024-03-17 10:00:00,EQ_B002,Water Pump,10377.9,10.4,8.0,17.43,2.61,20.0,1,100.0
2024-03-17 11:00:00,EQ_M001,Compressor,11631.9,13.3,8.0,21.34,6.54,20.0,1,100.0
2024-03-17 11:00:00,EQ_M002,Water Pump,13370.3,18.6,8.0,14.3,3.26,20.0,1,100.0
2024-03-17 11:00:00,EQ_M003,Air Handler,10802.7,11.0,8.0,12.55,2.76,20.0,1,100.0
2024-03-17 11:00:00,EQ_B001,Compressor,7917.5,10.1,5.51,20.62,6.4,47.0,1,83.0
2024-03-17 11:00:00,EQ_B002,Water Pump,10378.8,12.5,7.39,12.63,3.05,20.0,1,100.0
2024-03-17 12:00:00,EQ_M001,Compressor,11632.6,13.7,8.0,19.54,6.55,20.0,1,100.0
2024-03-17 12:00:00,EQ_M002,Water Pump,13370.9,17.0,8.0,13.8,3.44,20.0,1,100.0
2024-03-17 12:00:00,EQ_M003,Air Handler,10803.4,12.1,7.89,14.17,2.84,20.0,1,100.0
2024-03-17 12:00:00,EQ_B001,Compressor,7918.4,10.8,6.18,22.18,6.76,45.0,1,85.0
2024-03-17 12:00:00,EQ_B002,Water Pump,10379.6,11.6,8.0,13.84,3.14,20.0,1,100.0
2024-03-17 13:00:00,EQ_M001,Compressor,11633.3,13.6,8.0,19.82,6.31,20.0,1,100.0
2024-03-17 13:00:00,EQ_M002,Water Pump,13371.5,17.4,8.0,13.55,2.82,20.0,1,100.0
2024-03-17 13:00:00,EQ_M003,Air Handler,10804.1,11.2,8.0,14.54,3.18,20.0,1,100.0
2024-03-17 13:00:00,EQ_B001,Compressor,7919.1,8.6,5.22,23.49,6.55,47.8,0,82.2
2024-03-17 13:00:00,EQ_B002,Water Pump,10380.5,10.4,7.44,16.6,2.91,20.0,1,100.0
2024-03-17 14:00:00,EQ_M001,Compressor,11634.2,13.2,8.0,19.83,6.29,20.0,1,100.0
2024-03-17 14:00:00,EQ_M002,Water Pump,13372.1,16.9,8.0,12.99,3.03,20.0,1,100.0
2024-03-17 14:00:00,EQ_M003,Air Handler,10805.0,10.7,8.0,14.83,2.95,20.0,1,100.0
2024-03-17 14:00:00,EQ_B001,Compressor,7919.7,10.9,5.44,23.34,6.24,47.2,0,82.8
2024-03-17 14:00:00,EQ_B002,Water Pump,10381.0,11.1,7.34,12.61,2.64,20.0,1,100.0
2024-03-17 15:00:00,EQ_M001,Compressor,11635.0,12.8,8.0,19.65,6.76,20.0,1,100.0
2024-03-17 15:00:00,EQ_M002,Water Pump,13373.0,16.9,8.0,14.53,2.75,20.0,1,100.0
2024-03-17 15:00:00,EQ_M003,Air Handler,10805.8,12.8,8.0,15.97,3.44,20.0,1,100.0
2024-03-17 15:00:00,EQ_B001,Compressor,7920.6,11.3,5.05,21.56,6.68,48.3,0,81.7
2024-03-17 15:00:00,EQ_B002,Water Pump,10381.9,11.9,7.48,17.55,3.22,20.0,1,100.0
2024-03-17 16:00:00,EQ_M001,Compressor,11635.9,14.8,8.0,25.02,6.6,20.0,1,100.0
2024-03-17 16:00:00,EQ_M002,Water Pump,13373.9,18.0,8.0,17.6,3.02,20.0,1,100.0
2024-03-17 16:00:00,EQ_M003,Air Handler,10806.8,12.8,8.0,15.59,2.86,20.0,1,100.0
2024-03-17 16:00:00,EQ_B001,Compressor,7921.2,11.7,5.08,18.86,6.8,48.3,0,81.7
2024-03-17 16:00:00,EQ_B002,Water Pump,10382.7,11.8,8.0,13.08,3.11,20.0,1,100.0
2024-03-17 17:00:00,EQ_M001,Compressor,11636.5,13.6,8.0,20.76,6.15,20.0,1,100.0
2024-03-17 17:00:00,EQ_M002,Water Pump,13374.9,16.8,8.0,14.58,3.34,20.0,1,100.0
2024-03-17 17:00:00,EQ_M003,Air Handler,10807.3,11.2,8.0,18.82,3.09,20.0,1,100.0
2024-03-17 17:00:00,EQ_B001,Compressor,7921.8,12.2,5.36,20.17,6.59,47.4,0,82.6
2024-03-17 17:00:00,EQ_B002,Water Pump,10383.2,11.6,8.0,16.43,3.06,20.0,1,100.0
2024-03-17 18:00:00,EQ_M001,Compressor,11637.3,14.1,8.0,23.51,6.79,20.0,1,100.0
2024-03-17 18:00:00,EQ_M002,Water Pump,13375.8,17.7,8.0,14.89,3.2,20.0,1,100.0
2024-03-17 18:00:00,EQ_M003,Air Handler,10808.0,10.7,7.94,13.64,3.0,20.0,1,100.0
2024-03-17 18:00:00,EQ_B001,Compressor,7922.5,12.2,5.55,20.77,6.16,46.8,1,83.2
2024-03-17 18:00:00,EQ_B002,Water Pump,10384.2,11.5,8.0,14.69,2.67,20.0,1,100.0
2024-03-17 19:00:00,EQ_M001,Compressor,11638.2,12.7,8.0,22.65,7.04,20.0,1,100.0
2024-03-17 19:00:00,EQ_M002,Water Pump,13376.8,17.5,8.0,15.01,2.86,20.0,1,100.0
2024-03-17 19:00:00,EQ_M003,Air Handler,10808.8,12.5,8.0,14.48,3.18,20.0,1,100.0
2024-03-17 19:00:00,EQ_B001,Compressor,7923.2,9.4,5.48,23.5,6.5,47.0,0,83.0
2024-03-17 19:00:00,EQ_B002,Water Pump,10384.7,10.5,7.65,12.44,2.95,20.0,1,100.0
2024-03-17 20:00:00,EQ_M001,Compressor,11639.0,14.3,8.0,21.59,7.28,20.0,1,100.0
2024-03-17 20:00:00,EQ_M002,Water Pump,13377.7,18.4,8.0,15.74,2.98,20.0,1,100.0
2024-03-17 20:00:00,EQ_M003,Air Handler,10809.3,11.3,8.0,15.84,2.75,20.0,1,100.0
2024-03-17 20:00:00,EQ_B001,Compressor,7923.7,10.4,4.93,27.68,6.77,48.7,0,81.3
2024-03-17 20:00:00,EQ_B002,Water Pump,10385.4,10.5,7.12,15.23,3.03,20.0,1,100.0
2024-03-17 21:00:00,EQ_M001,Compressor,11639.9,15.5,8.0,22.47,5.82,20.0,1,100.0
2024-03-17 21:00:00,EQ_M002,Water Pump,13378.6,16.6,8.0,16.66,3.06,20.0,1,100.0
2024-03-17 21:00:00,EQ_M003,Air Handler,10810.2,12.0,8.0,17.17,3.02,20.0,1,100.0
2024-03-17 21:00:00,EQ_B001,Compressor,7924.6,11.0,5.79,25.15,6.71,46.1,1,83.9
2024-03-17 21:00:00,EQ_B002,Water Pump,10386.1,11.4,8.0,15.73,2.8,20.0,1,100.0
2024-03-17 22:00:00,EQ_M001,Compressor,11640.7,13.1,8.0,20.88,6.63,20.0,1,100.0
2024-03-17 22:00:00,EQ_M002,Water Pump,13379.3,18.4,8.0,15.65,3.12,20.0,1,100.0
2024-03-17 22:00:00,EQ_M003,Air Handler,10811.1,10.7,8.0,12.59,3.11,20.0,1,100.0
2024-03-17 22:00:00,EQ_B001,Compressor,7925.5,12.2,5.19,20.03,6.68,47.9,0,82.1
2024-03-17 22:00:00,EQ_B002,Water Pump,10386.6,10.9,7.95,15.26,3.11,20.0,1,100.0
2024-03-17 23:00:00,EQ_M001,Compressor,11641.3,14.6,8.0,19.96,6.26,20.0,1,100.0
2024-03-17 23:00:00,EQ_M002,Water Pump,13379.9,16.6,8.0,15.55,3.18,20.0,1,100.0
2024-03-17 23:00:00,EQ_M003,Air Handler,10811.7,10.6,8.0,15.28,3.07,20.0,1,100.0
2024-03-17 23:00:00,EQ_B001,Compressor,7926.1,9.2,5.73,22.54,6.91,46.2,1,83.8
2024-03-17 23:00:00,EQ_B002,Water Pump,10387.3,12.7,8.0,14.99,2.93,20.0,1,100.0
2024-03-18 00:00:00,EQ_M001,Compressor,11642.3,14.7,8.0,23.79,6.64,20.0,1,100.0
2024-03-18 00:00:00,EQ_M002,Water Pump,13380.8,19.1,8.0,14.67,3.2,20.0,1,100.0
2024-03-18 00:00:00,EQ_M003,Air Handler,10812.7,11.8,7.97,14.24,3.2,20.0,1,100.0
2024-03-18 00:00:00,EQ_B001,Compressor,7927.0,10.4,5.35,19.72,5.86,47.4,0,82.6
2024-03-18 00:00:00,EQ_B002,Water Pump,10388.3,8.6,8.0,16.32,3.06,20.0,1,100.0
2024-03-18 01:00:00,EQ_M001,Compressor,11642.8,14.4,8.0,22.53,6.39,20.0,1,100.0
2024-03-18 01:00:00,EQ_M002,Water Pump,13381.7,16.7,8.0,15.23,3.2,20.0,1,100.0
2024-03-18 01:00:00,EQ_M003,Air Handler,10813.6,10.1,8.0,13.94,2.91,20.0,1,100.0
2024-03-18 01:00:00,EQ_B001,Compressor,7927.6,9.7,5.65,23.35,6.29,46.5,1,83.5
2024-03-18 01:00:00,EQ_B002,Water Pump,10389.2,10.0,7.92,16.04,3.41,20.0,1,100.0
2024-03-18 02:00:00,EQ_M001,Compressor,11643.6,13.2,8.0,23.76,6.93,20.0,1,100.0
2024-03-18 02:00:00,EQ_M002,Water Pump,13382.3,18.1,8.0,17.31,2.94,20.0,1,100.0
2024-03-18 02:00:00,EQ_M003,Air Handler,10814.5,12.6,8.0,13.07,2.84,20.0,1,100.0
2024-03-18 02:00:00,EQ_B001,Compressor,7928.1,9.6,5.36,22.35,6.04,47.3,0,82.7
2024-03-18 02:00:00,EQ_B002,Water Pump,10389.9,10.3,7.79,14.76,3.3,20.0,1,100.0
2024-03-18 03:00:00,EQ_M001,Compressor,11644.4,14.1,8.0,20.37,6.71,20.0,1,100.0
2024-03-18 03:00:00,EQ_M002,Water Pump,13383.1,16.7,8.0,17.29,2.85,20.0,1,100.0
2024-03-18 03:00:00,EQ_M003,Air Handler,10815.5,12.2,8.0,15.57,2.31,20.0,1,100.0
2024-03-18 03:00:00,EQ_B001,Compressor,7929.0,10.6,5.63,24.27,6.71,46.5,1,83.5
2024-03-18 03:00:00,EQ_B002,Water Pump,10390.5,11.1,7.59,16.89,3.06,20.0,1,100.0
2024-03-18 04:00:00,EQ_M001,Compressor,11645.1,14.4,8.0,21.53,6.5,20.0,1,100.0
2024-03-18 04:00:00,EQ_M002,Water Pump,13383.7,17.3,8.0,15.54,3.05,20.0,1,100.0
2024-03-18 04:00:00,EQ_M003,Air Handler,10816.4,12.8,7.95,16.85,3.09,20.0,1,100.0
2024-03-18 04:00:00,EQ_B001,Compressor,7930.0,10.4,5.73,24.04,6.86,46.2,1,83.8
2024-03-18 04:00:00,EQ_B002,Water Pump,10391.5,13.1,8.0,13.5,3.19,20.0,1,100.0
2024-03-18 05:00:00,EQ_M001,Compressor,11645.8,11.3,8.0,20.19,6.21,20.0,1,100.0
2024-03-18 05:00:00,EQ_M002,Water Pump,13384.2,16.1,8.0,15.55,2.79,20.0,1,100.0
2024-03-18 05:00:00,EQ_M003,Air Handler,10817.3,12.2,8.0,14.76,2.67,20.0,1,100.0
2024-03-18 05:00:00,EQ_B001,Compressor,7930.8,9.0,5.66,21.28,6.72,46.4,1,83.6
2024-03-18 05:00:00,EQ_B002,Water Pump,10392.3,9.8,7.8,15.46,2.86,20.0,1,100.0
2024-03-18 06:00:00,EQ_M001,Compressor,11646.3,16.1,8.0,21.72,6.93,20.0,1,100.0
2024-03-18 06:00:00,EQ_M002,Water Pump,13385.2,17.4,8.0,16.01,3.11,20.0,1,100.0
2024-03-18 06:00:00,EQ_M003,Air Handler,10817.9,10.9,8.0,15.29,3.17,20.0,1,100.0
2024-03-18 06:00:00,EQ_B001,Compressor,7931.7,9.6,5.58,23.36,6.52,46.6,1,83.4
2024-03-18 06:00:00,EQ_B002,Water Pump,10393.1,11.1,7.8,16.49,2.71,20.0,1,100.0
2024-03-18 07:00:00,EQ_M001,Compressor,11647.1,13.5,8.0,20.12,6.64,20.0,1,100.0
2024-03-18 07:00:00,EQ_M002,Water Pump,13386.1,17.2,8.0,15.66,2.91,20.0,1,100.0
2024-03-18 07:00:00,EQ_M003,Air Handler,10818.8,11.2,8.0,16.31,2.83,20.0,1,100.0
2024-03-18 07:00:00,EQ_B001,Compressor,7932.4,11.0,5.45,23.95,6.25,47.0,0,83.0
2024-03-18 07:00:00,EQ_B002,Water Pump,10393.8,12.0,7.87,16.64,2.69,20.0,1,100.0
2024-03-18 08:00:00,EQ_M001,Compressor,11648.0,13.7,8.0,20.34,6.08,20.0,1,100.0
2024-03-18 08:00:00,EQ_M002,Water Pump,13387.1,17.7,8.0,16.97,3.15,20.0,1,100.0
2024-03-18 08:00:00,EQ_M003,Air Handler,10819.4,12.2,8.0,14.39,3.35,20.0,1,100.0
2024-03-18 08:00:00,EQ_B001,Compressor,7933.4,9.1,5.63,20.5,6.13,46.4,1,83.6
2024-03-18 08:00:00,EQ_B002,Water Pump,10394.4,12.3,7.72,16.54,3.05,20.0,1,100.0
2024-03-18 09:00:00,EQ_M001,Compressor,11648.8,13.8,8.0,19.34,6.32,20.0,1,100.0
2024-03-18 09:00:00,EQ_M002,Water Pump,13387.6,16.4,8.0,18.27,3.18,20.0,1,100.0
2024-03-18 09:00:00,EQ_M003,Air Handler,10820.0,11.6,8.0,14.41,2.97,20.0,1,100.0
2024-03-18 09:00:00,EQ_B001,Compressor,7933.9,11.6,5.73,23.97,6.33,46.1,1,83.9
2024-03-18 09:00:00,EQ_B002,Water Pump,10395.1,10.8,8.0,14.36,3.03,20.0,1,100.0
2024-03-18 10:00:00,EQ_M001,Compressor,11649.8,12.6,8.0,21.93,6.64,20.0,1,100.0
2024-03-18 10:00:00,EQ_M002,Water Pump,13388.6,16.9,8.0,13.77,2.89,20.0,1,100.0
2024-03-18 10:00:00,EQ_M003,Air Handler,10820.9,12.7,8.0,15.47,3.42,20.0,1,100.0
2024-03-18 10:00:00,EQ_B001,Compressor,7934.7,12.5,5.79,19.5,6.6,45.9,1,84.1
2024-03-18 10:00:00,EQ_B002,Water Pump,10395.6,12.1,8.0,14.96,2.79,20.0,1,100.0
2024-03-18 11:00:00,EQ_M001,Compressor,11650.8,14.0,8.0,23.55,6.87,20.0,1,100.0
2024-03-18 11:00:00,EQ_M002,Water Pump,13389.5,18.3,8.0,14.37,2.68,20.0,1,100.0
2024-03-18 11:00:00,EQ_M003,Air Handler,10821.9,12.9,8.0,13.77,2.88,20.0,1,100.0
2024-03-18 11:00:00,EQ_B001,Compressor,7935.2,10.4,5.29,19.07,7.11,47.4,0,82.6
2024-03-18 11:00:00,EQ_B002,Water Pump,10396.4,8.9,7.98,16.46,3.06,20.0,1,100.0
2024-03-18 12:00:00,EQ_M001,Compressor,11651.4,15.0,8.0,23.62,6.6,20.0,1,100.0
2024-03-18 12:00:00,EQ_M002,Water Pump,13390.3,17.3,8.0,15.42,3.03,20.0,1,100.0
2024-03-18 12:00:00,EQ_M003,Air Handler,10822.8,10.8,8.0,16.45,3.0,20.0,1,100.0
2024-03-18 12:00:00,EQ_B001,Compressor,7936.0,12.0,5.02,20.14,6.23,48.2,0,81.8
2024-03-18 12:00:00,EQ_B002,Water Pump,10397.3,12.2,7.63,12.89,2.97,20.0,1,100.0
2024-03-18 13:00:00,EQ_M001,Compressor,11652.1,13.8,8.0,21.69,6.37,20.0,1,100.0
2024-03-18 13:00:00,EQ_M002,Water Pump,13391.0,16.4,8.0,16.1,3.35,20.0,1,100.0
2024-03-18 13:00:00,EQ_M003,Air Handler,10823.4,11.6,7.8,15.25,3.15,20.0,1,100.0
2024-03-18 13:00:00,EQ_B001,Compressor,7936.7,10.9,5.59,21.9,6.35,46.5,1,83.5
2024-03-18 13:00:00,EQ_B002,Water Pump,10398.2,10.3,7.75,13.23,3.21,20.0,1,100.0
2024-03-18 14:00:00,EQ_M001,Compressor,11652.9,13.8,8.0,26.38,6.48,20.0,1,100.0
2024-03-18 14:00:00,EQ_M002,Water Pump,13391.7,16.6,8.0,20.04,2.92,20.0,1,100.0
2024-03-18 14:00:00,EQ_M003,Air Handler,10824.1,12.5,8.0,14.46,3.28,20.0,1,100.0
2024-03-18 14:00:00,EQ_B001,Compressor,7937.6,9.8,4.79,22.03,6.43,48.9,0,81.1
2024-03-18 14:00:00,EQ_B002,Water Pump,10399.1,10.4,8.0,14.93,3.07,20.0,1,100.0
2024-03-18 15:00:00,EQ_M001,Compressor,11653.7,13.7,8.0,22.97,6.33,20.0,1,100.0
2024-03-18 15:00:00,EQ_M002,Water Pump,13392.6,19.3,8.0,12.8,3.3,20.0,1,100.0
2024-03-18 15:00:00,EQ_M003,Air Handler,10825.0,12.5,8.0,12.74,3.15,20.0,1,100.0
2024-03-18 15:00:00,EQ_B001,Compressor,7938.5,10.2,5.25,21.68,5.95,47.5,0,82.5
2024-03-18 15:00:00,EQ_B002,Water Pump,10399.8,13.3,8.0,14.56,2.9,20.0,1,100.0
2024-03-18 16:00:00,EQ_M001,Compressor,11654.2,13.4,8.0,19.14,6.55,20.0,1,100.0
2024-03-18 16:00:00,EQ_M002,Water Pump,13393.4,16.3,8.0,14.16,2.9,20.0,1,100.0
2024-03-18 16:00:00,EQ_M003,Air Handler,10825.7,12.1,8.0,17.78,3.06,20.0,1,100.0
2024-03-18 16:00:00,EQ_B001,Compressor,7939.0,8.9,5.67,24.47,6.72,46.2,1,83.8
2024-03-18 16:00:00,EQ_B002,Water Pump,10400.5,12.1,7.6,14.65,2.7,20.0,1,100.0
2024-03-18 17:00:00,EQ_M001,Compressor,11654.9,14.5,8.0,21.9,6.35,20.0,1,100.0
2024-03-18 17:00:00,EQ_M002,Water Pump,13394.4,16.7,8.0,12.8,3.12,20.0,1,100.0
2024-03-18 17:00:00,EQ_M003,Air Handler,10826.2,11.5,8.0,15.29,2.99,20.0,1,100.0
2024-03-18 17:00:00,EQ_B001,Compressor,7939.7,8.2,5.13,21.49,6.42,47.9,0,82.1
2024-03-18 17:00:00,EQ_B002,Water Pump,10401.5,11.3,7.46,16.28,2.85,20.0,1,100.0
2024-03-18 18:00:00,EQ_M001,Compressor,11655.8,13.9,8.0,18.53,6.26,20.0,1,100.0
2024-03-18 18:00:00,EQ_M002,Water Pump,13395.1,16.2,8.0,15.73,3.04,20.0,1,100.0
2024-03-18 18:00:00,EQ_M003,Air Handler,10826.8,12.9,8.0,14.11,3.14,20.0,1,100.0
2024-03-18 18:00:00,EQ_B001,Compressor,7940.2,9.1,5.84,23.23,6.61,45.7,1,84.3
2024-03-18 18:00:00,EQ_B002,Water Pump,10402.5,11.7,7.01,13.07,3.69,20.0,1,100.0
2024-03-18 19:00:00,EQ_M001,Compressor,11656.7,14.4,8.0,25.31,6.33,20.0,1,100.0
2024-03-18 19:00:00,EQ_M002,Water Pump,13395.7,15.9,8.0,12.92,3.02,20.0,1,100.0
2024-03-18 19:00:00,EQ_M003,Air Handler,10827.3,12.8,8.0,14.71,3.1,20.0,1,100.0
2024-03-18 19:00:00,EQ_B001,Compressor,7940.9,10.2,6.21,21.2,6.26,44.6,1,85.4
2024-03-18 19:00:00,EQ_B002,Water Pump,10403.4,11.5,7.9,16.41,2.8,20.0,1,100.0
2024-03-18 20:00:00,EQ_M001,Compressor,11657.3,12.4,8.0,21.1,7.07,20.0,1,100.0
2024-03-18 20:00:00,EQ_M002,Water Pump,13396.3,14.7,8.0,13.32,3.25,20.0,1,100.0
2024-03-18 20:00:00,EQ_M003,Air Handler,10827.9,12.5,8.0,16.01,2.86,20.0,1,100.0
2024-03-18 20:00:00,EQ_B001,Compressor,7941.7,9.6,5.97,20.49,7.23,45.3,1,84.7
2024-03-18 20:00:00,EQ_B002,Water Pump,10404.3,14.1,7.68,15.59,3.44,20.0,1,100.0
2024-03-18 21:00:00,EQ_M001,Compressor,11657.8,15.2,8.0,24.95,6.47,20.0,1,100.0
2024-03-18 21:00:00,EQ_M002,Water Pump,13397.1,18.6,8.0,12.25,2.96,20.0,1,100.0
2024-03-18 21:00:00,EQ_M003,Air Handler,10828.5,12.7,8.0,15.9,2.88,20.0,1,100.0
2024-03-18 21:00:00,EQ_B001,Compressor,7942.3,11.1,5.36,22.38,6.38,47.1,0,82.9
2024-03-18 21:00:00,EQ_B002,Water Pump,10404.8,11.7,8.0,15.24,2.99,20.0,1,100.0
2024-03-18 22:00:00,EQ_M001,Compressor,11658.5,13.1,8.0,23.25,6.07,20.0,1,100.0
2024-03-18 22:00:00,EQ_M002,Water Pump,13397.7,17.8,8.0,14.98,2.74,20.0,1,100.0
2024-03-18 22:00:00,EQ_M003,Air Handler,10829.2,13.4,8.0,13.93,3.02,20.0,1,100.0
2024-03-18 22:00:00,EQ_B001,Compressor,7943.0,10.4,5.83,20.17,6.55,45.7,1,84.3
2024-03-18 22:00:00,EQ_B002,Water Pump,10405.6,11.8,8.0,13.32,3.26,20.0,1,100.0
2024-03-18 23:00:00,EQ_M001,Compressor,11659.1,13.5,8.0,26.93,6.42,20.0,1,100.0
2024-03-18 23:00:00,EQ_M002,Water Pump,13398.6,16.7,8.0,14.15,2.74,20.0,1,100.0
2024-03-18 23:00:00,EQ_M003,Air Handler,10829.7,12.2,8.0,14.62,2.93,20.0,1,100.0
2024-03-18 23:00:00,EQ_B001,Compressor,7943.8,10.0,5.98,20.52,6.23,45.3,1,84.7
2024-03-18 23:00:00,EQ_B002,Water Pump,10406.5,12.3,7.83,14.24,3.21,20.0,1,100.0
2024-03-19 00:00:00,EQ_M001,Compressor,11660.0,14.7,8.0,18.97,6.8,20.0,1,100.0
2024-03-19 00:00:00,EQ_M002,Water Pump,13399.3,17.1,8.0,13.53,3.25,20.0,1,100.0
2024-03-19 00:00:00,EQ_M003,Air Handler,10830.3,10.8,7.87,12.48,3.19,20.0,1,100.0
2024-03-19 00:00:00,EQ_B001,Compressor,7944.4,11.0,5.47,21.78,6.14,46.8,0,83.2
2024-03-19 00:00:00,EQ_B002,Water Pump,10407.5,9.5,7.54,14.19,2.99,20.0,1,100.0
2024-03-19 01:00:00,EQ_M001,Compressor,11660.8,13.5,8.0,24.42,6.04,20.0,1,100.0
2024-03-19 01:00:00,EQ_M002,Water Pump,13399.9,15.8,8.0,14.98,2.97,20.0,1,100.0
2024-03-19 01:00:00,EQ_M003,Air Handler,10830.9,10.6,8.0,15.67,3.35,20.0,1,100.0
2024-03-19 01:00:00,EQ_B001,Compressor,7945.4,10.0,6.01,20.86,6.76,45.2,1,84.8
2024-03-19 01:00:00,EQ_B002,Water Pump,10408.5,11.7,7.95,16.84,2.62,20.0,1,100.0
2024-03-19 02:00:00,EQ_M001,Compressor,11661.5,13.8,8.0,18.23,6.18,20.0,1,100.0
2024-03-19 02:00:00,EQ_M002,Water Pump,13400.5,15.6,8.0,13.07,3.01,20.0,1,100.0
2024-03-19 02:00:00,EQ_M003,Air Handler,10831.7,11.6,8.0,17.09,2.97,20.0,1,100.0
2024-03-19 02:00:00,EQ_B001,Compressor,7946.2,10.0,5.35,22.85,6.33,47.1,0,82.9
2024-03-19 02:00:00,EQ_B002,Water Pump,10409.3,11.3,8.0,15.55,2.68,20.0,1,100.0
2024-03-19 03:00:00,EQ_M001,Compressor,11662.1,14.5,8.0,25.26,6.47,20.0,1,100.0
2024-03-19 03:00:00,EQ_M002,Water Pump,13401.2,18.7,8.0,15.64,2.84,20.0,1,100.0
2024-03-19 03:00:00,EQ_M003,Air Handler,10832.4,11.8,8.0,11.69,2.96,20.0,1,100.0
2024-03-19 03:00:00,EQ_B001,Compressor,7946.7,10.5,5.09,21.54,6.81,47.9,0,82.1
2024-03-19 03:00:00,EQ_B002,Water Pump,10409.9,10.9,7.68,15.59,2.85,20.0,1,100.0
2024-03-19 04:00:00,EQ_M001,Compressor,11663.0,13.1,8.0,23.26,6.93,20.0,1,100.0
2024-03-19 04:00:00,EQ_M002,Water Pump,13402.0,16.5,8.0,14.15,3.04,20.0,1,100.0
2024-03-19 04:00:00,EQ_M003,Air Handler,10833.0,13.5,7.78,15.07,2.93,20.0,1,100.0
2024-03-19 04:00:00,EQ_B001,Compressor,7947.6,11.4,5.37,19.72,6.33,47.0,0,83.0
2024-03-19 04:00:00,EQ_B002,Water Pump,10410.7,12.1,7.62,13.96,2.83,20.0,1,100.0
2024-03-19 05:00:00,EQ_M001,Compressor,11663.9,12.9,8.0,24.52,6.69,20.0,1,100.0
2024-03-19 05:00:00,EQ_M002,Water Pump,13402.9,16.6,8.0,14.24,2.44,20.0,1,100.0
2024-03-19 05:00:00,EQ_M003,Air Handler,10833.9,11.3,8.0,13.95,2.9,20.0,1,100.0
2024-03-19 05:00:00,EQ_B001,Compressor,7948.5,11.7,5.35,20.86,6.53,47.1,0,82.9
2024-03-19 05:00:00,EQ_B002,Water Pump,10411.2,10.6,8.0,14.9,3.19,20.0,1,100.0
2024-03-19 06:00:00,EQ_M001,Compressor,11664.5,15.0,8.0,22.22,6.73,20.0,1,100.0
2024-03-19 06:00:00,EQ_M002,Water Pump,13403.5,18.7,8.0,15.77,2.82,20.0,1,100.0
2024-03-19 06:00:00,EQ_M003,Air Handler,10834.9,11.8,8.0,15.32,3.0,20.0,1,100.0
2024-03-19 06:00:00,EQ_B001,Compressor,7949.1,10.2,5.71,22.17,6.75,46.0,1,84.0
2024-03-19 06:00:00,EQ_B002,Water Pump,10412.0,10.7,8.0,14.96,3.23,20.0,1,100.0
2024-03-19 07:00:00,EQ_M001,Compressor,11665.4,13.0,8.0,20.96,6.59,20.0,1,100.0
2024-03-19 07:00:00,EQ_M002,Water Pump,13404.3,16.2,8.0,16.77,2.89,20.0,1,100.0
2024-03-19 07:00:00,EQ_M003,Air Handler,10835.7,12.4,8.0,15.64,3.01,20.0,1,100.0
2024-03-19 07:00:00,EQ_B001,Compressor,7949.8,9.1,4.92,23.63,6.33,48.4,0,81.6
2024-03-19 07:00:00,EQ_B002,Water Pump,10412.6,10.3,8.0,16.09,2.94,20.0,1,100.0
2024-03-19 08:00:00,EQ_M001,Compressor,11666.1,14.8,8.0,19.43,6.64,20.0,1,100.0
2024-03-19 08:00:00,EQ_M002,Water Pump,13404.9,17.7,8.0,17.23,3.12,20.0,1,100.0
2024-03-19 08:00:00,EQ_M003,Air Handler,10836.3,11.3,8.0,15.84,2.75,20.0,1,100.0
2024-03-19 08:00:00,EQ_B001,Compressor,7950.7,10.1,5.28,20.87,6.04,47.3,0,82.7
2024-03-19 08:00:00,EQ_B002,Water Pump,10413.2,11.2,7.75,16.56,3.04,20.0,1,100.0
2024-03-19 09:00:00,EQ_M001,Compressor,11666.7,12.4,8.0,23.23,6.31,20.0,1,100.0
2024-03-19 09:00:00,EQ_M002,Water Pump,13405.7,17.8,8.0,14.8,3.04,20.0,1,100.0
2024-03-19 09:00:00,EQ_M003,Air Handler,10837.0,14.0,8.0,13.34,2.53,20.0,1,100.0
2024-03-19 09:00:00,EQ_B001,Compressor,7951.5,10.0,5.22,23.65,6.8,47.4,0,82.6
2024-03-19 09:00:00,EQ_B002,Water Pump,10413.8,10.9,8.0,15.82,2.92,20.0,1,100.0
2024-03-19 10:00:00,EQ_M001,Compressor,11667.6,14.4,8.0,22.95,6.53,20.0,1,100.0
2024-03-19 10:00:00,EQ_M002,Water Pump,13406.3,16.6,8.0,13.34,2.99,20.0,1,100.0
2024-03-19 10:00:00,EQ_M003,Air Handler,10837.6,10.4,8.0,13.9,3.18,20.0,1,100.0
2024-03-19 10:00:00,EQ_B001,Compressor,7952.0,10.2,5.01,27.05,7.06,48.1,0,81.9
2024-03-19 10:00:00,EQ_B002,Water Pump,10414.8,10.9,8.0,15.97,2.97,20.0,1,100.0
2024-03-19 11:00:00,EQ_M001,Compressor,11668.6,14.6,8.0,19.34,6.29,20.0,1,100.0
2024-03-19 11:00:00,EQ_M002,Water Pump,13407.1,20.1,8.0,17.51,3.03,20.0,1,100.0
2024-03-19 11:00:00,EQ_M003,Air Handler,10838.3,12.9,8.0,14.61,3.19,20.0,1,100.0
2024-03-19 11:00:00,EQ_B001,Compressor,7953.0,10.5,5.04,21.98,6.48,48.0,0,82.0
2024-03-19 11:00:00,EQ_B002,Water Pump,10415.4,10.2,7.86,15.84,3.14,20.0,1,100.0
2024-03-19 12:00:00,EQ_M001,Compressor,11669.5,14.2,8.0,22.63,6.7,20.0,1,100.0
2024-03-19 12:00:00,EQ_M002,Water Pump,13408.0,14.8,8.0,13.43,3.15,20.0,1,100.0
2024-03-19 12:00:00,EQ_M003,Air Handler,10838.9,11.4,8.0,12.77,3.03,20.0,1,100.0
2024-03-19 12:00:00,EQ_B001,Compressor,7953.6,11.2,5.47,23.27,6.52,46.7,0,83.3
2024-03-19 12:00:00,EQ_B002,Water Pump,10416.1,11.2,7.51,14.32,2.98,20.0,1,100.0
2024-03-19 13:00:00,EQ_M001,Compressor,11670.4,13.1,8.0,22.2,6.44,20.0,1,100.0
2024-03-19 13:00:00,EQ_M002,Water Pump,13408.7,18.8,8.0,15.92,2.77,20.0,1,100.0
2024-03-19 13:00:00,EQ_M003,Air Handler,10839.4,13.1,8.0,17.28,3.04,20.0,1,100.0
2024-03-19 13:00:00,EQ_B001,Compressor,7954.2,10.3,5.88,18.24,6.74,45.4,1,84.6
2024-03-19 13:00:00,EQ_B002,Water Pump,10417.0,10.2,7.99,17.53,2.76,20.0,1,100.0
2024-03-19 14:00:00,EQ_M001,Compressor,11671.4,13.7,8.0,24.35,6.56,20.0,1,100.0
2024-03-19 14:00:00,EQ_M002,Water Pump,13409.3,16.9,8.0,15.37,2.86,20.0,1,100.0
2024-03-19 14:00:00,EQ_M003,Air Handler,10840.2,13.0,7.97,16.05,3.0,20.0,1,100.0
2024-03-19 14:00:00,EQ_B001,Compressor,7954.7,10.2,5.84,23.68,6.9,45.5,1,84.5
2024-03-19 14:00:00,EQ_B002,Water Pump,10417.6,11.7,8.0,15.91,2.67,20.0,1,100.0
2024-03-19 15:00:00,EQ_M001,Compressor,11672.1,16.3,8.0,22.24,6.64,20.0,1,100.0
2024-03-19 15:00:00,EQ_M002,Water Pump,13410.1,17.7,8.0,15.33,2.81,20.0,1,100.0
2024-03-19 15:00:00,EQ_M003,Air Handler,10841.1,12.2,8.0,13.57,3.44,20.0,1,100.0
2024-03-19 15:00:00,EQ_B001,Compressor,7955.3,11.7,5.25,18.37,6.82,47.3,0,82.7
2024-03-19 15:00:00,EQ_B002,Water Pump,10418.3,11.3,7.77,12.99,2.84,20.0,1,100.0
2024-03-19 16:00:00,EQ_M001,Compressor,11672.9,13.4,8.0,20.08,7.06,20.0,1,100.0
2024-03-19 16:00:00,EQ_M002,Water Pump,13410.7,17.7,8.0,13.85,2.52,20.0,1,100.0
2024-03-19 16:00:00,EQ_M003,Air Handler,10841.9,12.7,8.0,14.91,2.91,20.0,1,100.0
2024-03-19 16:00:00,EQ_B001,Compressor,7955.9,11.2,5.3,23.83,6.79,47.2,0,82.8
2024-03-19 16:00:00,EQ_B002,Water Pump,10419.0,10.7,7.76,15.54,2.83,20.0,1,100.0
2024-03-19 17:00:00,EQ_M001,Compressor,11673.5,12.9,8.0,19.39,6.48,20.0,1,100.0
2024-03-19 17:00:00,EQ_M002,Water Pump,13411.3,18.2,8.0,14.28,3.37,20.0,1,100.0
2024-03-19 17:00:00,EQ_M003,Air Handler,10842.5,13.9,8.0,14.37,3.04,20.0,1,100.0
2024-03-19 17:00:00,EQ_B001,Compressor,7956.9,11.7,5.78,19.72,6.79,45.7,1,84.3
2024-03-19 17:00:00,EQ_B002,Water Pump,10419.8,10.1,7.62,15.19,2.9,20.0,1,100.0
2024-03-19 18:00:00,EQ_M001,Compressor,11674.2,14.1,8.0,23.25,7.15,20.0,1,100.0
2024-03-19 18:00:00,EQ_M002,Water Pump,13411.9,17.9,8.0,15.77,2.98,20.0,1,100.0
2024-03-19 18:00:00,EQ_M003,Air Handler,10843.0,11.5,8.0,14.18,2.91,20.0,1,100.0
2024-03-19 18:00:00,EQ_B001,Compressor,7957.5,12.1,5.83,20.04,6.22,45.5,1,84.5
2024-03-19 18:00:00,EQ_B002,Water Pump,10420.7,12.4,7.75,14.5,3.3,20.0,1,100.0
2024-03-19 19:00:00,EQ_M001,Compressor,11674.9,13.9,8.0,21.65,6.85,20.0,1,100.0
2024-03-19 19:00:00,EQ_M002,Water Pump,13412.5,17.8,8.0,14.48,3.09,20.0,1,100.0
2024-03-19 19:00:00,EQ_M003,Air Handler,10843.8,12.6,8.0,12.45,2.96,20.0,1,100.0
2024-03-19 19:00:00,EQ_B001,Compressor,7958.5,10.3,5.57,19.48,5.9,46.3,1,83.7
2024-03-19 19:00:00,EQ_B002,Water Pump,10421.3,11.6,7.92,13.76,3.12,20.0,1,100.0
2024-03-19 20:00:00,EQ_M001,Compressor,11675.4,13.2,8.0,20.68,6.49,20.0,1,100.0
2024-03-19 20:00:00,EQ_M002,Water Pump,13413.5,18.1,8.0,14.14,3.07,20.0,1,100.0
2024-03-19 20:00:00,EQ_M003,Air Handler,10844.6,11.5,8.0,15.59,2.89,20.0,1,100.0
2024-03-19 20:00:00,EQ_B001,Compressor,7959.4,9.2,5.35,20.45,6.41,47.0,0,83.0
2024-03-19 20:00:00,EQ_B002,Water Pump,10422.3,11.4,8.0,12.88,3.08,20.0,1,100.0
2024-03-19 21:00:00,EQ_M001,Compressor,11676.0,12.0,8.0,20.52,6.56,20.0,1,100.0
2024-03-19 21:00:00,EQ_M002,Water Pump,13414.5,17.8,8.0,13.45,3.31,20.0,1,100.0
2024-03-19 21:00:00,EQ_M003,Air Handler,10845.4,11.2,8.0,13.36,3.12,20.0,1,100.0
2024-03-19 21:00:00,EQ_B001,Compressor,7960.2,8.8,4.86,23.61,6.28,48.4,0,81.6
2024-03-19 21:00:00,EQ_B002,Water Pump,10423.1,9.2,8.0,12.7,2.66,20.0,1,100.0
2024-03-19 22:00:00,EQ_M001,Compressor,11676.8,13.9,8.0,21.04,6.14,20.0,1,100.0
2024-03-19 22:00:00,EQ_M002,Water Pump,13415.1,16.8,8.0,13.75,3.45,20.0,1,100.0
2024-03-19 22:00:00,EQ_M003,Air Handler,10846.2,12.9,8.0,16.25,2.55,20.0,1,100.0
2024-03-19 22:00:00,EQ_B001,Compressor,7960.8,9.3,5.58,21.97,6.8,46.2,1,83.8
2024-03-19 22:00:00,EQ_B002,Water Pump,10423.9,9.8,8.0,13.66,2.8,20.0,1,100.0
2024-03-19 23:00:00,EQ_M001,Compressor,11677.7,14.6,8.0,21.72,6.2,20.0,1,100.0
2024-03-19 23:00:00,EQ_M002,Water Pump,13415.6,16.0,8.0,15.47,3.02,20.0,1,100.0
2024-03-19 23:00:00,EQ_M003,Air Handler,10847.2,11.5,8.0,14.47,2.67,20.0,1,100.0
2024-03-19 23:00:00,EQ_B001,Compressor,7961.6,10.4,5.69,22.94,6.66,45.9,1,84.1
2024-03-19 23:00:00,EQ_B002,Water Pump,10424.9,11.4,8.0,13.82,3.24,20.0,1,100.0
2024-03-20 00:00:00,EQ_M001,Compressor,11678.4,12.1,8.0,24.11,6.57,20.0,1,100.0
2024-03-20 00:00:00,EQ_M002,Water Pump,13416.6,17.1,8.0,17.07,2.82,20.0,1,100.0
2024-03-20 00:00:00,EQ_M003,Air Handler,10848.0,11.4,8.0,16.81,2.85,20.0,1,100.0
2024-03-20 00:00:00,EQ_B001,Compressor,7962.6,10.8,5.57,21.62,6.19,46.3,1,83.7
2024-03-20 00:00:00,EQ_B002,Water Pump,10425.5,10.0,7.88,14.4,3.03,20.0,1,100.0
2024-03-20 01:00:00,EQ_M001,Compressor,11679.0,14.6,8.0,21.71,6.33,20.0,1,100.0
2024-03-20 01:00:00,EQ_M002,Water Pump,13417.4,17.6,8.0,13.14,2.71,20.0,1,100.0
2024-03-20 01:00:00,EQ_M003,Air Handler,10848.6,10.8,8.0,12.31,3.12,20.0,1,100.0
2024-03-20 01:00:00,EQ_B001,Compressor,7963.1,9.7,5.64,20.67,6.6,46.0,1,84.0
2024-03-20 01:00:00,EQ_B002,Water Pump,10426.5,9.8,8.0,13.19,3.12,20.0,1,100.0
2024-03-20 02:00:00,EQ_M001,Compressor,11679.8,13.5,8.0,21.38,6.2,20.0,1,100.0
2024-03-20 02:00:00,EQ_M002,Water Pump,13418.2,18.3,8.0,15.95,2.86,20.0,1,100.0
2024-03-20 02:00:00,EQ_M003,Air Handler,10849.4,10.8,8.0,13.72,3.32,20.0,1,100.0
2024-03-20 02:00:00,EQ_B001,Compressor,7963.9,10.0,5.66,23.52,6.41,46.0,1,84.0
2024-03-20 02:00:00,EQ_B002,Water Pump,10427.2,10.5,7.85,17.44,3.11,20.0,1,100.0
2024-03-20 03:00:00,EQ_M001,Compressor,11680.6,15.4,8.0,20.53,6.54,20.0,1,100.0
2024-03-20 03:00:00,EQ_M002,Water Pump,13418.8,17.9,8.0,15.48,2.82,20.0,1,100.0
2024-03-20 03:00:00,EQ_M003,Air Handler,10850.0,11.7,8.0,16.71,2.65,20.0,1,100.0
2024-03-20 03:00:00,EQ_B001,Compressor,7964.6,12.4,5.51,21.6,6.28,46.4,1,83.6
2024-03-20 03:00:00,EQ_B002,Water Pump,10427.9,12.7,7.81,14.69,2.83,20.0,1,100.0
2024-03-20 04:00:00,EQ_M001,Compressor,11681.5,14.3,8.0,21.47,6.39,20.0,1,100.0
2024-03-20 04:00:00,EQ_M002,Water Pump,13419.3,17.5,8.0,13.63,2.93,20.0,1,100.0
2024-03-20 04:00:00,EQ_M003,Air Handler,10850.8,13.3,8.0,15.57,2.99,20.0,1,100.0
2024-03-20 04:00:00,EQ_B001,Compressor,7965.4,10.8,4.69,20.21,6.52,48.9,0,81.1
2024-03-20 04:00:00,EQ_B002,Water Pump,10428.7,11.3,7.31,15.96,3.07,20.0,1,100.0
2024-03-20 05:00:00,EQ_M001,Compressor,11682.0,12.4,8.0,21.26,6.52,20.0,1,100.0
2024-03-20 05:00:00,EQ_M002,Water Pump,13420.0,18.5,8.0,15.57,3.07,20.0,1,100.0
2024-03-20 05:00:00,EQ_M003,Air Handler,10851.5,12.9,8.0,13.05,2.8,20.0,1,100.0
2024-03-20 05:00:00,EQ_B001,Compressor,7965.9,9.2,5.58,23.76,6.94,46.2,1,83.8
2024-03-20 05:00:00,EQ_B002,Water Pump,10429.7,10.7,7.69,14.2,2.95,20.0,1,100.0
2024-03-20 06:00:00,EQ_M001,Compressor,11682.7,13.7,8.0,20.12,6.65,20.0,1,100.0
2024-03-20 06:00:00,EQ_M002,Water Pump,13421.0,17.2,8.0,18.15,2.75,20.0,1,100.0
2024-03-20 06:00:00,EQ_M003,Air Handler,10852.2,10.9,8.0,13.37,3.11,20.0,1,100.0
2024-03-20 06:00:00,EQ_B001,Compressor,7966.6,9.5,5.58,17.62,6.16,46.2,1,83.8
2024-03-20 06:00:00,EQ_B002,Water Pump,10430.6,10.1,8.0,16.58,3.45,20.0,1,100.0
2024-03-20 07:00:00,EQ_M001,Compressor,11683.5,15.2,8.0,22.19,6.75,20.0,1,100.0
2024-03-20 07:00:00,EQ_M002,Water Pump,13421.9,19.0,8.0,13.85,2.59,20.0,1,100.0
2024-03-20 07:00:00,EQ_M003,Air Handler,10853.0,13.2,8.0,16.69,3.32,20.0,1,100.0
2024-03-20 07:00:00,EQ_B001,Compressor,7967.5,10.2,5.43,20.75,6.27,46.6,0,83.4
2024-03-20 07:00:00,EQ_B002,Water Pump,10431.2,8.6,7.83,14.74,2.9,20.0,1,100.0
2024-03-20 08:00:00,EQ_M001,Compressor,11684.1,12.9,8.0,24.03,6.25,20.0,1,100.0
2024-03-20 08:00:00,EQ_M002,Water Pump,13422.8,17.2,8.0,17.33,3.49,20.0,1,100.0
2024-03-20 08:00:00,EQ_M003,Air Handler,10853.6,11.1,8.0,17.31,2.66,20.0,1,100.0
2024-03-20 08:00:00,EQ_B001,Compressor,7968.5,11.0,5.51,17.07,6.36,46.4,1,83.6
2024-03-20 08:00:00,EQ_B002,Water Pump,10431.7,11.3,8.0,15.75,3.18,20.0,1,100.0
2024-03-20 09:00:00,EQ_M001,Compressor,11684.7,12.8,8.0,22.12,6.36,20.0,1,100.0
2024-03-20 09:00:00,EQ_M002,Water Pump,13423.6,17.6,8.0,20.08,3.15,20.0,1,100.0
2024-03-20 09:00:00,EQ_M003,Air Handler,10854.3,13.1,8.0,16.24,2.98,20.0,1,100.0
2024-03-20 09:00:00,EQ_B001,Compressor,7969.1,10.2,5.3,21.64,6.78,47.0,0,83.0
2024-03-20 09:00:00,EQ_B002,Water Pump,10432.5,10.7,7.87,17.21,3.1,20.0,1,100.0
2024-03-20 10:00:00,EQ_M001,Compressor,11685.2,12.7,8.0,23.01,6.98,20.0,1,100.0
2024-03-20 10:00:00,EQ_M002,Water Pump,13424.5,17.7,8.0,14.65,2.68,20.0,1,100.0
2024-03-20 10:00:00,EQ_M003,Air Handler,10854.9,12.7,8.0,15.47,3.5,20.0,1,100.0
2024-03-20 10:00:00,EQ_B001,Compressor,7970.0,10.0,5.71,25.17,6.09,45.8,1,84.2
2024-03-20 10:00:00,EQ_B002,Water Pump,10433.4,11.1,7.11,16.34,2.95,20.0,1,100.0
2024-03-20 11:00:00,EQ_M001,Compressor,11685.9,15.3,8.0,20.8,6.38,20.0,1,100.0
2024-03-20 11:00:00,EQ_M002,Water Pump,13425.2,18.2,8.0,13.75,2.91,20.0,1,100.0
2024-03-20 11:00:00,EQ_M003,Air Handler,10855.6,9.8,8.0,14.49,3.09,20.0,1,100.0
2024-03-20 11:00:00,EQ_B001,Compressor,7970.9,11.1,5.47,23.91,6.45,46.5,0,83.5
2024-03-20 11:00:00,EQ_B002,Water Pump,10434.0,11.9,7.66,16.79,3.46,20.0,1,100.0
2024-03-20 12:00:00,EQ_M001,Compressor,11686.6,14.5,8.0,23.45,6.39,20.0,1,100.0
2024-03-20 12:00:00,EQ_M002,Water Pump,13425.9,16.1,8.0,16.83,2.66,20.0,1,100.0
2024-03-20 12:00:00,EQ_M003,Air Handler,10856.1,13.0,8.0,13.64,3.07,20.0,1,100.0
2024-03-20 12:00:00,EQ_B001,Compressor,7971.8,11.8,6.14,19.73,6.32,44.4,1,85.6
2024-03-20 12:00:00,EQ_B002,Water Pump,10434.5,11.6,8.0,16.09,2.84,20.0,1,100.0
2024-03-20 13:00:00,EQ_M001,Compressor,11687.5,12.2,8.0,23.82,6.1,20.0,1,100.0
2024-03-20 13:00:00,EQ_M002,Water Pump,13426.5,16.0,8.0,15.79,2.94,20.0,1,100.0
2024-03-20 13:00:00,EQ_M003,Air Handler,10856.8,13.9,8.0,14.58,2.82,20.0,1,100.0
2024-03-20 13:00:00,EQ_B001,Compressor,7972.7,8.8,5.76,22.9,6.53,45.6,1,84.4
2024-03-20 13:00:00,EQ_B002,Water Pump,10435.4,10.9,7.66,13.52,2.92,20.0,1,100.0
2024-03-20 14:00:00,EQ_M001,Compressor,11688.4,12.9,8.0,22.01,6.53,20.0,1,100.0
2024-03-20 14:00:00,EQ_M002,Water Pump,13427.5,18.2,8.0,12.81,3.02,20.0,1,100.0
2024-03-20 14:00:00,EQ_M003,Air Handler,10857.6,12.9,8.0,15.58,2.77,20.0,1,100.0
2024-03-20 14:00:00,EQ_B001,Compressor,7973.4,11.7,4.98,21.7,6.36,47.9,0,82.1
2024-03-20 14:00:00,EQ_B002,Water Pump,10436.0,11.0,8.0,14.5,3.15,20.0,1,100.0
2024-03-20 15:00:00,EQ_M001,Compressor,11689.1,13.6,8.0,19.11,6.78,20.0,1,100.0
2024-03-20 15:00:00,EQ_M002,Water Pump,13428.0,18.9,8.0,15.84,3.25,20.0,1,100.0
2024-03-20 15:00:00,EQ_M003,Air Handler,10858.2,12.5,8.0,14.32,3.17,20.0,1,100.0
2024-03-20 15:00:00,EQ_B001,Compressor,7974.4,9.1,5.73,17.88,6.7,45.6,1,84.4
2024-03-20 15:00:00,EQ_B002,Water Pump,10436.7,11.4,7.9,16.0,3.0,20.0,1,100.0
2024-03-20 16:00:00,EQ_M001,Compressor,11689.9,15.4,8.0,22.45,6.36,20.0,1,100.0
2024-03-20 16:00:00,EQ_M002,Water Pump,13428.6,18.2,8.0,15.74,3.09,20.0,1,100.0
2024-03-20 16:00:00,EQ_M003,Air Handler,10858.9,12.5,8.0,14.1,2.96,20.0,1,100.0
2024-03-20 16:00:00,EQ_B001,Compressor,7975.2,9.2,4.86,22.43,7.03,48.2,0,81.8
2024-03-20 16:00:00,EQ_B002,Water Pump,10437.4,9.6,7.74,14.07,2.81,20.0,1,100.0
2024-03-20 17:00:00,EQ_M001,Compressor,11690.9,12.3,8.0,20.75,6.65,20.0,1,100.0
2024-03-20 17:00:00,EQ_M002,Water Pump,13429.5,18.6,8.0,15.75,3.09,20.0,1,100.0
2024-03-20 17:00:00,EQ_M003,Air Handler,10859.8,11.5,8.0,15.39,3.1,20.0,1,100.0
2024-03-20 17:00:00,EQ_B001,Compressor,7976.1,11.4,5.24,25.3,6.4,47.1,0,82.9
2024-03-20 17:00:00,EQ_B002,Water Pump,10438.3,13.8,8.0,16.02,2.93,20.0,1,100.0
2024-03-20 18:00:00,EQ_M001,Compressor,11691.4,14.5,8.0,23.68,5.97,20.0,1,100.0
2024-03-20 18:00:00,EQ_M002,Water Pump,13430.5,19.0,8.0,15.08,2.74,20.0,1,100.0
2024-03-20 18:00:00,EQ_M003,Air Handler,10860.3,11.7,8.0,14.11,2.83,20.0,1,100.0
2024-03-20 18:00:00,EQ_B001,Compressor,7976.6,8.3,5.42,18.23,6.19,46.5,0,83.5
2024-03-20 18:00:00,EQ_B002,Water Pump,10438.8,10.5,8.0,12.83,3.2,20.0,1,100.0
2024-03-20 19:00:00,EQ_M001,Compressor,11692.4,14.7,8.0,22.76,6.1,20.0,1,100.0
2024-03-20 19:00:00,EQ_M002,Water Pump,13431.4,16.8,8.0,14.5,3.56,20.0,1,100.0
2024-03-20 19:00:00,EQ_M003,Air Handler,10861.2,13.4,8.0,16.73,3.05,20.0,1,100.0
2024-03-20 19:00:00,EQ_B001,Compressor,7977.4,9.6,5.28,26.05,5.69,47.0,0,83.0
2024-03-20 19:00:00,EQ_B002,Water Pump,10439.7,10.5,8.0,15.22,2.99,20.0,1,100.0
2024-03-20 20:00:00,EQ_M001,Compressor,11693.0,14.0,8.0,26.24,6.59,20.0,1,100.0
2024-03-20 20:00:00,EQ_M002,Water Pump,13432.1,17.2,8.0,14.86,3.13,20.0,1,100.0
2024-03-20 20:00:00,EQ_M003,Air Handler,10861.9,11.1,8.0,17.64,3.08,20.0,1,100.0
2024-03-20 20:00:00,EQ_B001,Compressor,7977.9,10.0,5.64,21.41,6.18,45.9,1,84.1
2024-03-20 20:00:00,EQ_B002,Water Pump,10440.4,10.6,7.74,16.15,2.78,20.0,1,100.0
2024-03-20 21:00:00,EQ_M001,Compressor,11693.6,12.9,8.0,20.23,6.73,20.0,1,100.0
2024-03-20 21:00:00,EQ_M002,Water Pump,13432.7,17.8,8.0,12.84,2.83,20.0,1,100.0
2024-03-20 21:00:00,EQ_M003,Air Handler,10862.8,11.2,8.0,17.62,2.64,20.0,1,100.0
2024-03-20 21:00:00,EQ_B001,Compressor,7978.5,9.0,5.72,20.04,6.43,45.6,1,84.4
2024-03-20 21:00:00,EQ_B002,Water Pump,10441.1,12.9,7.87,15.93,2.69,20.0,1,100.0
2024-03-20 22:00:00,EQ_M001,Compressor,11694.3,15.6,8.0,22.39,7.09,20.0,1,100.0
2024-03-20 22:00:00,EQ_M002,Water Pump,13433.7,17.1,8.0,16.04,2.86,20.0,1,100.0
2024-03-20 22:00:00,EQ_M003,Air Handler,10863.4,10.9,8.0,13.7,3.27,20.0,1,100.0
2024-03-20 22:00:00,EQ_B001,Compressor,7979.4,9.0,5.41,23.48,6.21,46.5,0,83.5
2024-03-20 22:00:00,EQ_B002,Water Pump,10441.6,11.9,7.68,14.88,2.74,20.0,1,100.0
2024-03-20 23:00:00,EQ_M001,Compressor,11695.3,14.5,8.0,21.47,6.61,20.0,1,100.0
2024-03-20 23:00:00,EQ_M002,Water Pump,13434.3,14.9,8.0,13.57,3.07,20.0,1,100.0
2024-03-20 23:00:00,EQ_M003,Air Handler,10864.1,12.8,7.64,16.26,2.84,20.0,1,100.0
2024-03-20 23:00:00,EQ_B001,Compressor,7980.0,9.3,5.55,22.78,6.75,46.1,1,83.9
2024-03-20 23:00:00,EQ_B002,Water Pump,10442.2,10.7,7.99,14.33,3.08,20.0,1,100.0
2024-03-21 00:00:00,EQ_M001,Compressor,11696.2,13.2,8.0,24.61,6.59,20.0,1,100.0
2024-03-21 00:00:00,EQ_M002,Water Pump,13434.9,17.1,8.0,13.9,2.77,20.0,1,100.0
2024-03-21 00:00:00,EQ_M003,Air Handler,10864.8,11.7,7.86,16.23,3.15,20.0,1,100.0
2024-03-21 00:00:00,EQ_B001,Compressor,7980.7,10.4,5.11,23.79,6.26,47.4,0,82.6
2024-03-21 00:00:00,EQ_B002,Water Pump,10443.1,12.0,7.97,15.64,2.9,20.0,1,100.0
2024-03-21 01:00:00,EQ_M001,Compressor,11697.0,13.7,8.0,23.53,6.09,20.0,1,100.0
2024-03-21 01:00:00,EQ_M002,Water Pump,13435.8,17.0,8.0,14.13,3.11,20.0,1,100.0
2024-03-21 01:00:00,EQ_M003,Air Handler,10865.4,13.4,8.0,16.22,2.59,20.0,1,100.0
2024-03-21 01:00:00,EQ_B001,Compressor,7981.2,10.6,5.52,23.12,6.34,46.2,1,83.8
2024-03-21 01:00:00,EQ_B002,Water Pump,10443.7,10.0,8.0,15.11,2.84,20.0,1,100.0
2024-03-21 02:00:00,EQ_M001,Compressor,11697.8,13.7,8.0,23.53,6.62,20.0,1,100.0
2024-03-21 02:00:00,EQ_M002,Water Pump,13436.8,17.9,8.0,12.92,3.08,20.0,1,100.0
2024-03-21 02:00:00,EQ_M003,Air Handler,10866.3,10.2,8.0,12.71,2.86,20.0,1,100.0
2024-03-21 02:00:00,EQ_B001,Compressor,7981.8,10.0,4.95,21.3,6.44,47.9,0,82.1
2024-03-21 02:00:00,EQ_B002,Water Pump,10444.6,10.6,7.6,16.12,2.94,20.0,1,100.0
2024-03-21 03:00:00,EQ_M001,Compressor,11698.4,13.4,8.0,22.77,6.56,20.0,1,100.0
2024-03-21 03:00:00,EQ_M002,Water Pump,13437.7,17.4,8.0,11.96,2.85,20.0,1,100.0
2024-03-21 03:00:00,EQ_M003,Air Handler,10867.3,12.5,8.0,13.27,2.79,20.0,1,100.0
2024-03-21 03:00:00,EQ_B001,Compressor,7982.4,8.8,5.85,23.11,6.97,45.2,1,84.8
2024-03-21 03:00:00,EQ_B002,Water Pump,10445.2,12.4,7.89,14.15,3.06,20.0,1,100.0
2024-03-21 04:00:00,EQ_M001,Compressor,11699.0,14.5,8.0,22.17,6.57,20.0,1,100.0
2024-03-21 04:00:00,EQ_M002,Water Pump,13438.6,14.8,8.0,15.64,2.98,20.0,1,100.0
2024-03-21 04:00:00,EQ_M003,Air Handler,10868.1,13.1,7.95,14.78,3.04,20.0,1,100.0
2024-03-21 04:00:00,EQ_B001,Compressor,7983.2,11.6,5.34,19.65,6.13,46.7,0,83.3
2024-03-21 04:00:00,EQ_B002,Water Pump,10445.9,11.4,8.0,16.28,3.06,20.0,1,100.0
2024-03-21 05:00:00,EQ_M001,Compressor,11699.5,12.8,8.0,22.26,6.35,20.0,1,100.0
2024-03-21 05:00:00,EQ_M002,Water Pump,13439.2,18.2,8.0,12.61,3.11,20.0,1,100.0
2024-03-21 05:00:00,EQ_M003,Air Handler,10869.0,12.6,8.0,14.23,2.84,20.0,1,100.0
2024-03-21 05:00:00,EQ_B001,Compressor,7983.9,10.5,4.97,23.92,6.58,47.8,0,82.2
2024-03-21 05:00:00,EQ_B002,Water Pump,10446.6,10.7,7.8,11.54,3.37,20.0,1,100.0
2024-03-21 06:00:00,EQ_M001,Compressor,11700.4,13.8,8.0,25.77,6.33,20.0,1,100.0
2024-03-21 06:00:00,EQ_M002,Water Pump,13440.0,17.6,8.0,15.5,2.99,20.0,1,100.0
2024-03-21 06:00:00,EQ_M003,Air Handler,10869.8,12.7,8.0,13.52,2.79,20.0,1,100.0
2024-03-21 06:00:00,EQ_B001,Compressor,7984.5,10.3,6.0,19.82,6.37,44.7,1,85.3
2024-03-21 06:00:00,EQ_B002,Water Pump,10447.2,10.5,7.84,13.8,2.82,20.0,1,100.0
2024-03-21 07:00:00,EQ_M001,Compressor,11701.2,13.6,8.0,23.24,6.58,20.0,1,100.0
2024-03-21 07:00:00,EQ_M002,Water Pump,13440.6,17.3,8.0,16.26,2.88,20.0,1,100.0
2024-03-21 07:00:00,EQ_M003,Air Handler,10870.5,11.0,8.0,16.19,3.04,20.0,1,100.0
2024-03-21 07:00:00,EQ_B001,Compressor,7985.4,10.0,5.62,20.86,6.65,45.8,1,84.2
2024-03-21 07:00:00,EQ_B002,Water Pump,10448.1,13.7,8.0,14.07,2.65,20.0,1,100.0
2024-03-21 08:00:00,EQ_M001,Compressor,11702.1,13.9,8.0,25.31,6.49,20.0,1,100.0
2024-03-21 08:00:00,EQ_M002,Water Pump,13441.3,16.5,8.0,14.35,2.66,20.0,1,100.0
2024-03-21 08:00:00,EQ_M003,Air Handler,10871.4,13.6,7.95,16.35,3.21,20.0,1,100.0
2024-03-21 08:00:00,EQ_B001,Compressor,7986.0,9.5,5.69,22.29,6.24,45.6,1,84.4
2024-03-21 08:00:00,EQ_B002,Water Pump,10448.8,12.3,8.0,14.1,3.07,20.0,1,100.0
2024-03-21 09:00:00,EQ_M001,Compressor,11702.7,14.8,8.0,21.8,7.04,20.0,1,100.0
2024-03-21 09:00:00,EQ_M002,Water Pump,13442.0,16.6,8.0,14.24,3.0,20.0,1,100.0
2024-03-21 09:00:00,EQ_M003,Air Handler,10872.3,11.5,8.0,14.99,3.19,20.0,1,100.0
2024-03-21 09:00:00,EQ_B001,Compressor,7986.7,11.2,5.65,18.5,6.3,45.7,1,84.3
2024-03-21 09:00:00,EQ_B002,Water Pump,10449.3,12.3,8.0,15.2,3.21,20.0,1,100.0
2024-03-21 10:00:00,EQ_M001,Compressor,11703.4,12.9,8.0,20.71,6.9,20.0,1,100.0
2024-03-21 10:00:00,EQ_M002,Water Pump,13442.7,17.5,8.0,14.56,3.11,20.0,1,100.0
2024-03-21 10:00:00,EQ_M003,Air Handler,10873.0,13.5,7.94,14.65,2.58,20.0,1,100.0
2024-03-21 10:00:00,EQ_B001,Compressor,7987.3,9.9,5.49,22.96,5.97,46.2,0,83.8
2024-03-21 10:00:00,EQ_B002,Water Pump,10450.3,10.8,8.0,12.5,3.07,20.0,1,100.0
2024-03-21 11:00:00,EQ_M001,Compressor,11704.2,14.4,8.0,20.81,6.57,20.0,1,100.0
2024-03-21 11:00:00,EQ_M002,Water Pump,13443.2,16.5,8.0,19.57,3.12,20.0,1,100.0
2024-03-21 11:00:00,EQ_M003,Air Handler,10873.6,11.7,8.0,15.33,2.97,20.0,1,100.0
2024-03-21 11:00:00,EQ_B001,Compressor,7987.9,10.5,5.58,21.65,6.66,45.9,1,84.1
2024-03-21 11:00:00,EQ_B002,Water Pump,10451.3,11.4,8.0,13.49,3.03,20.0,1,100.0
2024-03-21 12:00:00,EQ_M001,Compressor,11704.8,12.2,8.0,21.72,6.72,20.0,1,100.0
2024-03-21 12:00:00,EQ_M002,Water Pump,13443.8,16.8,8.0,14.19,2.94,20.0,1,100.0
2024-03-21 12:00:00,EQ_M003,Air Handler,10874.3,11.9,8.0,16.3,3.36,20.0,1,100.0
2024-03-21 12:00:00,EQ_B001,Compressor,7988.8,11.1,5.67,20.39,6.82,45.6,1,84.4
2024-03-21 12:00:00,EQ_B002,Water Pump,10451.9,11.3,8.0,17.08,3.04,20.0,1,100.0
2024-03-21 13:00:00,EQ_M001,Compressor,11705.4,13.8,8.0,21.44,6.42,20.0,1,100.0
2024-03-21 13:00:00,EQ_M002,Water Pump,13444.4,16.3,8.0,15.08,3.57,20.0,1,100.0
2024-03-21 13:00:00,EQ_M003,Air Handler,10874.8,11.4,8.0,14.99,3.03,20.0,1,100.0
2024-03-21 13:00:00,EQ_B001,Compressor,7989.6,10.3,5.1,23.38,6.54,47.3,0,82.7
2024-03-21 13:00:00,EQ_B002,Water Pump,10452.6,11.1,8.0,13.84,3.26,20.0,1,100.0
2024-03-21 14:00:00,EQ_M001,Compressor,11706.4,13.6,8.0,19.89,6.3,20.0,1,100.0
2024-03-21 14:00:00,EQ_M002,Water Pump,13445.2,16.0,8.0,12.12,2.99,20.0,1,100.0
2024-03-21 14:00:00,EQ_M003,Air Handler,10875.6,10.8,8.0,17.14,2.97,20.0,1,100.0
2024-03-21 14:00:00,EQ_B001,Compressor,7990.1,11.2,5.39,20.52,6.83,46.4,0,83.6
2024-03-21 14:00:00,EQ_B002,Water Pump,10453.2,9.7,7.99,15.51,2.94,20.0,1,100.0
2024-03-21 15:00:00,EQ_M001,Compressor,11707.2,13.2,8.0,19.86,6.7,20.0,1,100.0
2024-03-21 15:00:00,EQ_M002,Water Pump,13445.7,18.1,8.0,12.55,3.25,20.0,1,100.0
2024-03-21 15:00:00,EQ_M003,Air Handler,10876.2,11.7,8.0,14.74,3.04,20.0,1,100.0
2024-03-21 15:00:00,EQ_B001,Compressor,7991.0,13.6,5.6,22.07,6.41,45.8,1,84.2
2024-03-21 15:00:00,EQ_B002,Water Pump,10454.0,10.4,7.94,15.25,3.04,20.0,1,100.0
2024-03-21 16:00:00,EQ_M001,Compressor,11708.0,12.9,8.0,19.15,6.63,20.0,1,100.0
2024-03-21 16:00:00,EQ_M002,Water Pump,13446.6,18.4,8.0,15.92,3.01,20.0,1,100.0
2024-03-21 16:00:00,EQ_M003,Air Handler,10876.7,12.5,8.0,15.67,2.92,20.0,1,100.0
2024-03-21 16:00:00,EQ_B001,Compressor,7991.5,9.5,4.83,20.95,6.76,48.1,0,81.9
2024-03-21 16:00:00,EQ_B002,Water Pump,10454.6,9.1,7.93,13.69,3.15,20.0,1,100.0
2024-03-21 17:00:00,EQ_M001,Compressor,11708.9,12.3,8.0,23.51,7.06,20.0,1,100.0
2024-03-21 17:00:00,EQ_M002,Water Pump,13447.2,18.5,8.0,12.99,3.01,20.0,1,100.0
2024-03-21 17:00:00,EQ_M003,Air Handler,10877.3,12.4,8.0,14.41,2.82,20.0,1,100.0
2024-03-21 17:00:00,EQ_B001,Compressor,7992.5,10.6,5.15,24.1,6.95,47.1,0,82.9
2024-03-21 17:00:00,EQ_B002,Water Pump,10455.4,10.3,7.7,14.56,2.94,20.0,1,100.0
2024-03-21 18:00:00,EQ_M001,Compressor,11709.8,16.1,8.0,24.45,6.6,20.0,1,100.0
2024-03-21 18:00:00,EQ_M002,Water Pump,13447.8,17.4,8.0,18.98,3.01,20.0,1,100.0
2024-03-21 18:00:00,EQ_M003,Air Handler,10877.8,11.8,7.45,14.84,3.28,20.0,1,100.0
2024-03-21 18:00:00,EQ_B001,Compressor,7993.4,10.1,5.96,24.28,6.86,44.7,1,85.3
2024-03-21 18:00:00,EQ_B002,Water Pump,10456.2,11.9,7.96,15.41,2.91,20.0,1,100.0
2024-03-21 19:00:00,EQ_M001,Compressor,11710.4,14.9,8.0,23.15,6.06,20.0,1,100.0
2024-03-21 19:00:00,EQ_M002,Water Pump,13448.4,17.2,8.0,15.39,2.93,20.0,1,100.0
2024-03-21 19:00:00,EQ_M003,Air Handler,10878.6,13.7,8.0,15.51,3.03,20.0,1,100.0
2024-03-21 19:00:00,EQ_B001,Compressor,7993.9,9.9,5.46,23.21,7.25,46.2,0,83.8
2024-03-21 19:00:00,EQ_B002,Water Pump,10456.8,8.8,7.82,14.3,2.98,20.0,1,100.0
2024-03-21 20:00:00,EQ_M001,Compressor,11711.2,14.7,8.0,21.2,6.45,20.0,1,100.0
2024-03-21 20:00:00,EQ_M002,Water Pump,13449.4,16.2,8.0,14.17,2.75,20.0,1,100.0
2024-03-21 20:00:00,EQ_M003,Air Handler,10879.3,10.5,8.0,12.66,2.79,20.0,1,100.0
2024-03-21 20:00:00,EQ_B001,Compressor,7994.9,10.5,5.29,20.48,5.74,46.7,0,83.3
2024-03-21 20:00:00,EQ_B002,Water Pump,10457.4,11.1,8.0,16.16,3.11,20.0,1,100.0
2024-03-21 21:00:00,EQ_M001,Compressor,11711.9,14.3,8.0,25.48,7.01,20.0,1,100.0
2024-03-21 21:00:00,EQ_M002,Water Pump,13450.1,16.7,8.0,13.77,2.95,20.0,1,100.0
2024-03-21 21:00:00,EQ_M003,Air Handler,10880.0,12.1,8.0,15.75,3.09,20.0,1,100.0
2024-03-21 21:00:00,EQ_B001,Compressor,7995.5,10.3,5.65,21.65,6.74,45.6,1,84.4
2024-03-21 21:00:00,EQ_B002,Water Pump,10458.4,10.6,8.0,17.91,3.09,20.0,1,100.0
2024-03-21 22:00:00,EQ_M001,Compressor,11712.5,13.2,8.0,26.02,6.72,20.0,1,100.0
2024-03-21 22:00:00,EQ_M002,Water Pump,13450.9,17.4,8.0,13.68,2.76,20.0,1,100.0
2024-03-21 22:00:00,EQ_M003,Air Handler,10880.6,10.7,8.0,15.93,2.96,20.0,1,100.0
2024-03-21 22:00:00,EQ_B001,Compressor,7996.5,10.5,5.48,20.55,6.35,46.1,0,83.9
2024-03-21 22:00:00,EQ_B002,Water Pump,10458.9,10.0,7.93,15.31,2.94,20.0,1,100.0
2024-03-21 23:00:00,EQ_M001,Compressor,11713.3,13.8,8.0,21.16,6.21,20.0,1,100.0
2024-03-21 23:00:00,EQ_M002,Water Pump,13451.5,18.9,8.0,15.56,3.13,20.0,1,100.0
2024-03-21 23:00:00,EQ_M003,Air Handler,10881.4,13.6,8.0,15.35,3.05,20.0,1,100.0
2024-03-21 23:00:00,EQ_B001,Compressor,7997.2,9.1,5.3,20.69,6.77,46.6,0,83.4
2024-03-21 23:00:00,EQ_B002,Water Pump,10459.6,11.9,7.99,18.5,2.8,20.0,1,100.0
2024-03-22 00:00:00,EQ_M001,Compressor,11714.1,12.8,8.0,21.71,6.8,20.0,1,100.0
2024-03-22 00:00:00,EQ_M002,Water Pump,13452.4,16.7,8.0,14.7,2.54,20.0,1,100.0
2024-03-22 00:00:00,EQ_M003,Air Handler,10882.2,12.7,8.0,15.37,2.72,20.0,1,100.0
2024-03-22 00:00:00,EQ_B001,Compressor,7998.0,8.6,5.57,21.4,6.44,45.8,1,84.2
2024-03-22 00:00:00,EQ_B002,Water Pump,10460.2,9.8,7.94,13.95,2.73,20.0,1,100.0
2024-03-22 01:00:00,EQ_M001,Compressor,11714.7,13.8,8.0,23.21,6.43,20.0,1,100.0
2024-03-22 01:00:00,EQ_M002,Water Pump,13453.2,17.4,8.0,14.73,3.03,20.0,1,100.0
2024-03-22 01:00:00,EQ_M003,Air Handler,10882.8,11.9,8.0,14.13,2.79,20.0,1,100.0
2024-03-22 01:00:00,EQ_B001,Compressor,7998.9,11.6,5.64,23.36,6.56,45.6,1,84.4
2024-03-22 01:00:00,EQ_B002,Water Pump,10461.0,8.3,7.94,15.27,3.05,20.0,1,100.0
2024-03-22 02:00:00,EQ_M001,Compressor,11715.6,14.0,8.0,18.36,6.2,20.0,1,100.0
2024-03-22 02:00:00,EQ_M002,Water Pump,13453.8,15.5,8.0,12.97,2.87,20.0,1,100.0
2024-03-22 02:00:00,EQ_M003,Air Handler,10883.7,12.6,8.0,17.04,3.12,20.0,1,100.0
2024-03-22 02:00:00,EQ_B001,Compressor,7999.7,11.3,5.65,22.67,6.77,45.6,1,84.4
2024-03-22 02:00:00,EQ_B002,Water Pump,10461.7,12.7,7.71,15.23,2.83,20.0,1,100.0
2024-03-22 03:00:00,EQ_M001,Compressor,11716.2,13.6,8.0,22.29,6.44,20.0,1,100.0
2024-03-22 03:00:00,EQ_M002,Water Pump,13454.5,17.1,8.0,15.94,2.99,20.0,1,100.0
2024-03-22 03:00:00,EQ_M003,Air Handler,10884.5,11.0,8.0,11.26,3.24,20.0,1,100.0
2024-03-22 03:00:00,EQ_B001,Compressor,8000.6,10.8,5.81,19.01,6.65,45.1,1,84.9
2024-03-22 03:00:00,EQ_B002,Water Pump,10462.4,10.8,8.0,15.77,3.15,20.0,1,100.0
2024-03-22 04:00:00,EQ_M001,Compressor,11717.1,14.7,8.0,22.38,6.52,20.0,1,100.0
2024-03-22 04:00:00,EQ_M002,Water Pump,13455.0,17.1,8.0,15.11,3.15,20.0,1,100.0
2024-03-22 04:00:00,EQ_M003,Air Handler,10885.4,11.1,7.68,14.33,3.26,20.0,1,100.0
2024-03-22 04:00:00,EQ_B001,Compressor,8001.1,8.6,5.36,22.97,6.5,46.4,0,83.6
2024-03-22 04:00:00,EQ_B002,Water Pump,10462.9,12.7,8.0,12.95,3.09,20.0,1,100.0
2024-03-22 05:00:00,EQ_M001,Compressor,11718.0,13.4,8.0,19.6,6.06,20.0,1,100.0
2024-03-22 05:00:00,EQ_M002,Water Pump,13455.6,16.0,8.0,15.81,3.07,20.0,1,100.0
2024-03-22 05:00:00,EQ_M003,Air Handler,10886.0,12.9,8.0,16.7,2.95,20.0,1,100.0
2024-03-22 05:00:00,EQ_B001,Compressor,8001.9,10.6,5.4,19.72,6.44,46.3,0,83.7
2024-03-22 05:00:00,EQ_B002,Water Pump,10463.5,10.2,8.0,14.56,3.0,20.0,1,100.0
2024-03-22 06:00:00,EQ_M001,Compressor,11718.6,14.0,8.0,23.0,6.79,20.0,1,100.0
2024-03-22 06:00:00,EQ_M002,Water Pump,13456.5,19.3,8.0,16.81,3.48,20.0,1,100.0
2024-03-22 06:00:00,EQ_M003,Air Handler,10886.6,11.5,8.0,16.1,3.17,20.0,1,100.0
2024-03-22 06:00:00,EQ_B001,Compressor,8002.7,10.4,5.68,21.66,6.34,45.4,1,84.6
2024-03-22 06:00:00,EQ_B002,Water Pump,10464.1,11.6,8.0,13.53,3.04,20.0,1,100.0
2024-03-22 07:00:00,EQ_M001,Compressor,11719.1,12.3,8.0,22.83,6.67,20.0,1,100.0
2024-03-22 07:00:00,EQ_M002,Water Pump,13457.2,16.8,8.0,12.26,2.69,20.0,1,100.0
2024-03-22 07:00:00,EQ_M003,Air Handler,10887.4,12.8,8.0,16.72,3.18,20.0,1,100.0
2024-03-22 07:00:00,EQ_B001,Compressor,8003.5,9.7,5.71,22.12,6.38,45.3,1,84.7
2024-03-22 07:00:00,EQ_B002,Water Pump,10464.9,10.9,8.0,14.85,3.4,20.0,1,100.0
2024-03-22 08:00:00,EQ_M001,Compressor,11719.8,13.9,8.0,20.8,5.96,20.0,1,100.0
2024-03-22 08:00:00,EQ_M002,Water Pump,13458.2,17.3,8.0,14.65,3.01,20.0,1,100.0
2024-03-22 08:00:00,EQ_M003,Air Handler,10888.2,12.0,8.0,15.75,2.87,20.0,1,100.0
2024-03-22 08:00:00,EQ_B001,Compressor,8004.2,8.7,5.42,20.79,6.39,46.2,0,83.8
2024-03-22 08:00:00,EQ_B002,Water Pump,10465.5,12.1,8.0,15.3,3.39,20.0,1,100.0
2024-03-22 09:00:00,EQ_M001,Compressor,11720.4,11.1,8.0,20.74,6.71,20.0,1,100.0
2024-03-22 09:00:00,EQ_M002,Water Pump,13458.8,19.7,8.0,13.58,2.5,20.0,1,100.0
2024-03-22 09:00:00,EQ_M003,Air Handler,10888.8,12.8,8.0,17.92,2.88,20.0,1,100.0
2024-03-22 09:00:00,EQ_B001,Compressor,8005.1,9.4,5.46,23.5,6.71,46.1,0,83.9
2024-03-22 09:00:00,EQ_B002,Water Pump,10466.2,10.5,8.0,13.8,2.9,20.0,1,100.0
2024-03-22 10:00:00,EQ_M001,Compressor,11720.9,14.3,8.0,23.67,6.28,20.0,1,100.0
2024-03-22 10:00:00,EQ_M002,Water Pump,13459.5,16.8,8.0,14.71,3.04,20.0,1,100.0
2024-03-22 10:00:00,EQ_M003,Air Handler,10889.7,12.1,8.0,16.01,2.78,20.0,1,100.0
2024-03-22 10:00:00,EQ_B001,Compressor,8005.8,9.3,5.31,22.21,6.57,46.5,0,83.5
2024-03-22 10:00:00,EQ_B002,Water Pump,10466.9,11.8,8.0,16.06,3.16,20.0,1,100.0
2024-03-22 11:00:00,EQ_M001,Compressor,11721.8,13.0,8.0,23.08,6.16,20.0,1,100.0
2024-03-22 11:00:00,EQ_M002,Water Pump,13460.2,18.6,8.0,14.12,3.14,20.0,1,100.0
2024-03-22 11:00:00,EQ_M003,Air Handler,10890.7,12.9,8.0,14.69,3.1,20.0,1,100.0
2024-03-22 11:00:00,EQ_B001,Compressor,8006.8,11.5,5.18,22.42,6.88,46.9,0,83.1
2024-03-22 11:00:00,EQ_B002,Water Pump,10467.5,11.0,7.39,13.95,3.12,20.0,1,100.0
2024-03-22 12:00:00,EQ_M001,Compressor,11722.8,13.7,8.0,18.65,5.9,20.0,1,100.0
2024-03-22 12:00:00,EQ_M002,Water Pump,13460.7,16.3,8.0,12.76,3.14,20.0,1,100.0
2024-03-22 12:00:00,EQ_M003,Air Handler,10891.2,11.8,7.98,13.24,3.02,20.0,1,100.0
2024-03-22 12:00:00,EQ_B001,Compressor,8007.6,9.5,5.52,23.17,6.17,45.8,1,84.2
2024-03-22 12:00:00,EQ_B002,Water Pump,10468.4,10.7,8.0,15.08,3.1,20.0,1,100.0
2024-03-22 13:00:00,EQ_M001,Compressor,11723.5,14.1,8.0,21.53,6.63,20.0,1,100.0
2024-03-22 13:00:00,EQ_M002,Water Pump,13461.3,18.2,8.0,12.04,2.97,20.0,1,100.0
2024-03-22 13:00:00,EQ_M003,Air Handler,10892.1,13.0,8.0,15.63,3.16,20.0,1,100.0
2024-03-22 13:00:00,EQ_B001,Compressor,8008.5,9.8,5.45,23.22,6.54,46.1,0,83.9
2024-03-22 13:00:00,EQ_B002,Water Pump,10469.0,11.9,8.0,14.55,2.96,20.0,1,100.0
2024-03-22 14:00:00,EQ_M001,Compressor,11724.3,12.0,8.0,22.39,6.59,20.0,1,100.0
2024-03-22 14:00:00,EQ_M002,Water Pump,13461.8,17.3,8.0,16.18,2.9,20.0,1,100.0
2024-03-22 14:00:00,EQ_M003,Air Handler,10893.1,11.4,8.0,15.64,2.9,20.0,1,100.0
2024-03-22 14:00:00,EQ_B001,Compressor,8009.4,8.7,5.92,20.76,6.06,44.6,1,85.4
2024-03-22 14:00:00,EQ_B002,Water Pump,10469.7,11.2,7.75,16.2,3.04,20.0,1,100.0
2024-03-22 15:00:00,EQ_M001,Compressor,11725.1,13.0,8.0,22.48,6.3,20.0,1,100.0
2024-03-22 15:00:00,EQ_M002,Water Pump,13462.6,16.5,8.0,15.61,3.09,20.0,1,100.0
2024-03-22 15:00:00,EQ_M003,Air Handler,10894.1,9.8,8.0,16.19,2.83,20.0,1,100.0
2024-03-22 15:00:00,EQ_B001,Compressor,8010.3,10.8,5.55,18.38,7.14,45.7,1,84.3
2024-03-22 15:00:00,EQ_B002,Water Pump,10470.6,10.7,8.0,13.42,2.92,20.0,1,100.0
2024-03-22 16:00:00,EQ_M001,Compressor,11726.0,13.7,8.0,21.29,6.56,20.0,1,100.0
2024-03-22 16:00:00,EQ_M002,Water Pump,13463.2,19.2,8.0,16.79,3.38,20.0,1,100.0
2024-03-22 16:00:00,EQ_M003,Air Handler,10894.6,12.6,8.0,13.94,2.87,20.0,1,100.0
2024-03-22 16:00:00,EQ_B001,Compressor,8011.2,10.5,5.44,22.68,6.55,46.0,0,84.0
2024-03-22 16:00:00,EQ_B002,Water Pump,10471.3,11.7,8.0,16.16,2.52,20.0,1,100.0
2024-03-22 17:00:00,EQ_M001,Compressor,11727.0,14.8,8.0,19.27,7.2,20.0,1,100.0
2024-03-22 17:00:00,EQ_M002,Water Pump,13464.0,17.2,8.0,15.58,2.94,20.0,1,100.0
2024-03-22 17:00:00,EQ_M003,Air Handler,10895.2,10.4,8.0,12.36,3.1,20.0,1,100.0
2024-03-22 17:00:00,EQ_B001,Compressor,8012.1,9.3,5.07,20.96,6.45,47.1,0,82.9
2024-03-22 17:00:00,EQ_B002,Water Pump,10472.0,10.6,8.0,17.92,2.85,20.0,1,100.0
2024-03-22 18:00:00,EQ_M001,Compressor,11727.6,13.4,8.0,20.36,5.82,20.0,1,100.0
2024-03-22 18:00:00,EQ_M002,Water Pump,13464.6,17.0,8.0,14.85,3.01,20.0,1,100.0
2024-03-22 18:00:00,EQ_M003,Air Handler,10895.8,10.1,8.0,13.78,2.96,20.0,1,100.0
2024-03-22 18:00:00,EQ_B001,Compressor,8012.7,9.8,5.6,19.61,6.35,45.5,1,84.5
2024-03-22 18:00:00,EQ_B002,Water Pump,10472.9,10.9,8.0,11.53,3.42,20.0,1,100.0
2024-03-22 19:00:00,EQ_M001,Compressor,11728.2,14.3,8.0,23.35,5.77,20.0,1,100.0
2024-03-22 19:00:00,EQ_M002,Water Pump,13465.5,18.0,8.0,14.51,2.93,20.0,1,100.0
2024-03-22 19:00:00,EQ_M003,Air Handler,10896.6,12.1,8.0,14.43,3.08,20.0,1,100.0
2024-03-22 19:00:00,EQ_B001,Compressor,8013.2,11.0,6.05,18.25,6.13,44.2,1,85.8
2024-03-22 19:00:00,EQ_B002,Water Pump,10473.7,10.3,8.0,11.8,3.11,20.0,1,100.0
2024-03-22 20:00:00,EQ_M001,Compressor,11729.1,14.8,8.0,20.42,6.56,20.0,1,100.0
2024-03-22 20:00:00,EQ_M002,Water Pump,13466.4,17.7,8.0,12.89,3.06,20.0,1,100.0
2024-03-22 20:00:00,EQ_M003,Air Handler,10897.3,11.0,8.0,15.11,2.92,20.0,1,100.0
2024-03-22 20:00:00,EQ_B001,Compressor,8013.9,10.0,5.15,22.79,6.3,46.9,0,83.1
2024-03-22 20:00:00,EQ_B002,Water Pump,10474.2,10.3,8.0,14.38,3.06,20.0,1,100.0
2024-03-22 21:00:00,EQ_M001,Compressor,11730.0,14.7,8.0,21.86,6.62,20.0,1,100.0
2024-03-22 21:00:00,EQ_M002,Water Pump,13467.4,15.4,8.0,13.54,3.46,20.0,1,100.0
2024-03-22 21:00:00,EQ_M003,Air Handler,10897.8,12.4,7.91,15.67,3.48,20.0,1,100.0
2024-03-22 21:00:00,EQ_B001,Compressor,8014.8,8.1,5.56,23.19,6.29,45.6,1,84.4
2024-03-22 21:00:00,EQ_B002,Water Pump,10475.2,12.3,7.98,11.91,3.15,20.0,1,100.0
2024-03-22 22:00:00,EQ_M001,Compressor,11730.5,12.9,8.0,20.62,6.62,20.0,1,100.0
2024-03-22 22:00:00,EQ_M002,Water Pump,13468.4,17.2,8.0,16.14,3.03,20.0,1,100.0
2024-03-22 22:00:00,EQ_M003,Air Handler,10898.7,13.5,8.0,14.2,3.18,20.0,1,100.0
2024-03-22 22:00:00,EQ_B001,Compressor,8015.4,9.4,5.29,21.96,6.98,46.4,0,83.6
2024-03-22 22:00:00,EQ_B002,Water Pump,10475.9,10.4,8.0,15.9,3.03,20.0,1,100.0
2024-03-22 23:00:00,EQ_M001,Compressor,11731.1,14.4,8.0,21.02,6.72,20.0,1,100.0
2024-03-22 23:00:00,EQ_M002,Water Pump,13469.2,17.1,8.0,16.62,2.88,20.0,1,100.0
2024-03-22 23:00:00,EQ_M003,Air Handler,10899.6,11.1,8.0,16.67,3.22,20.0,1,100.0
2024-03-22 23:00:00,EQ_B001,Compressor,8016.2,11.8,6.31,23.42,7.1,43.4,1,86.6
2024-03-22 23:00:00,EQ_B002,Water Pump,10476.6,11.4,7.45,15.42,2.8,20.0,1,100.0
2024-03-23 00:00:00,EQ_M001,Compressor,11731.7,14.7,8.0,21.12,6.64,20.0,1,100.0
2024-03-23 00:00:00,EQ_M002,Water Pump,13469.8,17.8,8.0,12.58,2.83,20.0,1,100.0
2024-03-23 00:00:00,EQ_M003,Air Handler,10900.6,12.4,8.0,17.31,2.89,20.0,1,100.0
2024-03-23 00:00:00,EQ_B001,Compressor,8017.1,9.1,5.41,19.35,6.19,46.1,0,83.9
2024-03-23 00:00:00,EQ_B002,Water Pump,10477.5,12.0,8.0,14.66,3.13,20.0,1,100.0
2024-03-23 01:00:00,EQ_M001,Compressor,11732.2,12.3,8.0,24.88,7.34,20.0,1,100.0
2024-03-23 01:00:00,EQ_M002,Water Pump,13470.7,15.4,8.0,14.31,2.98,20.0,1,100.0
2024-03-23 01:00:00,EQ_M003,Air Handler,10901.1,11.3,8.0,12.84,2.81,20.0,1,100.0
2024-03-23 01:00:00,EQ_B001,Compressor,8017.8,11.8,5.3,20.28,6.37,46.4,0,83.6
2024-03-23 01:00:00,EQ_B002,Water Pump,10478.2,10.3,7.77,15.87,2.86,20.0,1,100.0
2024-03-23 02:00:00,EQ_M001,Compressor,11733.1,14.4,8.0,20.42,6.07,20.0,1,100.0
2024-03-23 02:00:00,EQ_M002,Water Pump,13471.4,17.8,8.0,15.84,3.09,20.0,1,100.0
2024-03-23 02:00:00,EQ_M003,Air Handler,10901.8,13.6,7.99,18.7,2.72,20.0,1,100.0
2024-03-23 02:00:00,EQ_B001,Compressor,8018.6,8.5,5.65,20.66,6.22,45.3,1,84.7
2024-03-23 02:00:00,EQ_B002,Water Pump,10478.9,13.1,7.89,15.05,2.97,20.0,1,100.0
2024-03-23 03:00:00,EQ_M001,Compressor,11733.8,14.3,8.0,23.61,6.39,20.0,1,100.0
2024-03-23 03:00:00,EQ_M002,Water Pump,13472.2,17.4,8.0,14.84,2.94,20.0,1,100.0
2024-03-23 03:00:00,EQ_M003,Air Handler,10902.7,12.2,7.93,15.9,3.26,20.0,1,100.0
2024-03-23 03:00:00,EQ_B001,Compressor,8019.2,11.7,5.99,21.32,6.56,44.3,1,85.7
2024-03-23 03:00:00,EQ_B002,Water Pump,10479.6,10.6,8.0,14.74,3.05,20.0,1,100.0
2024-03-23 04:00:00,EQ_M001,Compressor,11734.5,14.3,8.0,23.01,6.96,20.0,1,100.0
2024-03-23 04:00:00,EQ_M002,Water Pump,13472.7,16.6,8.0,14.01,2.79,20.0,1,100.0
2024-03-23 04:00:00,EQ_M003,Air Handler,10903.6,11.6,8.0,16.14,3.13,20.0,1,100.0
2024-03-23 04:00:00,EQ_B001,Compressor,8020.0,10.8,5.68,22.71,6.67,45.2,1,84.8
2024-03-23 04:00:00,EQ_B002,Water Pump,10480.2,11.9,8.0,16.47,2.9,20.0,1,100.0
2024-03-23 05:00:00,EQ_M001,Compressor,11735.3,13.4,8.0,21.9,6.37,20.0,1,100.0
2024-03-23 05:00:00,EQ_M002,Water Pump,13473.5,18.0,8.0,14.37,3.13,20.0,1,100.0
2024-03-23 05:00:00,EQ_M003,Air Handler,10904.6,12.1,8.0,14.6,2.95,20.0,1,100.0
2024-03-23 05:00:00,EQ_B001,Compressor,8020.8,11.6,5.56,19.24,6.32,45.5,1,84.5
2024-03-23 05:00:00,EQ_B002,Water Pump,10481.0,10.8,8.0,12.38,3.19,20.0,1,100.0
2024-03-23 06:00:00,EQ_M001,Compressor,11736.2,13.2,8.0,26.51,6.31,20.0,1,100.0
2024-03-23 06:00:00,EQ_M002,Water Pump,13474.3,15.6,8.0,13.76,3.23,20.0,1,100.0
2024-03-23 06:00:00,EQ_M003,Air Handler,10905.2,11.5,8.0,15.17,2.95,20.0,1,100.0
2024-03-23 06:00:00,EQ_B001,Compressor,8021.7,9.5,6.25,21.22,6.5,43.5,1,86.5
2024-03-23 06:00:00,EQ_B002,Water Pump,10481.6,10.6,8.0,14.08,3.31,20.0,1,100.0
2024-03-23 07:00:00,EQ_M001,Compressor,11737.0,13.1,8.0,22.09,6.05,20.0,1,100.0
2024-03-23 07:00:00,EQ_M002,Water Pump,13475.1,15.6,8.0,14.3,3.18,20.0,1,100.0
2024-03-23 07:00:00,EQ_M003,Air Handler,10906.1,10.6,8.0,15.6,3.37,20.0,1,100.0
2024-03-23 07:00:00,EQ_B001,Compressor,8022.3,12.0,5.3,23.49,6.75,46.3,0,83.7
2024-03-23 07:00:00,EQ_B002,Water Pump,10482.3,11.8,7.93,13.37,2.86,20.0,1,100.0
2024-03-23 08:00:00,EQ_M001,Compressor,11737.7,13.0,8.0,19.74,6.56,20.0,1,100.0
2024-03-23 08:00:00,EQ_M002,Water Pump,13475.7,16.1,8.0,14.44,3.11,20.0,1,100.0
2024-03-23 08:00:00,EQ_M003,Air Handler,10907.0,12.1,8.0,13.7,2.38,20.0,1,100.0
2024-03-23 08:00:00,EQ_B001,Compressor,8022.8,8.7,5.02,21.77,6.31,47.2,0,82.8
2024-03-23 08:00:00,EQ_B002,Water Pump,10483.1,10.8,7.57,15.75,2.89,20.0,1,100.0
2024-03-23 09:00:00,EQ_M001,Compressor,11738.4,13.2,8.0,23.56,7.25,20.0,1,100.0
2024-03-23 09:00:00,EQ_M002,Water Pump,13476.4,16.8,8.0,14.84,3.26,20.0,1,100.0
2024-03-23 09:00:00,EQ_M003,Air Handler,10907.6,12.6,8.0,14.95,2.81,20.0,1,100.0
2024-03-23 09:00:00,EQ_B001,Compressor,8023.3,8.6,5.5,18.96,7.24,45.7,1,84.3
2024-03-23 09:00:00,EQ_B002,Water Pump,10483.9,10.9,7.9,13.54,3.12,20.0,1,100.0
2024-03-23 10:00:00,EQ_M001,Compressor,11739.2,12.6,8.0,20.54,6.26,20.0,1,100.0
2024-03-23 10:00:00,EQ_M002,Water Pump,13476.9,16.6,8.0,12.11,2.97,20.0,1,100.0
2024-03-23 10:00:00,EQ_M003,Air Handler,10908.1,12.8,8.0,15.02,3.02,20.0,1,100.0
2024-03-23 10:00:00,EQ_B001,Compressor,8024.2,10.3,4.84,24.33,6.72,47.7,0,82.3
2024-03-23 10:00:00,EQ_B002,Water Pump,10484.9,10.6,8.0,12.21,3.07,20.0,1,100.0
2024-03-23 11:00:00,EQ_M001,Compressor,11740.1,14.0,8.0,24.25,6.77,20.0,1,100.0
2024-03-23 11:00:00,EQ_M002,Water Pump,13477.7,16.9,8.0,15.81,3.15,20.0,1,100.0
2024-03-23 11:00:00,EQ_M003,Air Handler,10909.0,11.4,8.0,14.78,2.96,20.0,1,100.0
2024-03-23 11:00:00,EQ_B001,Compressor,8025.0,9.8,5.83,21.51,6.41,44.7,1,85.3
2024-03-23 11:00:00,EQ_B002,Water Pump,10485.7,10.8,7.81,13.65,3.39,20.0,1,100.0
2024-03-23 12:00:00,EQ_M001,Compressor,11741.0,13.9,8.0,24.49,6.56,20.0,1,100.0
2024-03-23 12:00:00,EQ_M002,Water Pump,13478.7,18.1,8.0,15.32,2.86,20.0,1,100.0
2024-03-23 12:00:00,EQ_M003,Air Handler,10910.0,11.6,8.0,14.24,2.99,20.0,1,100.0
2024-03-23 12:00:00,EQ_B001,Compressor,8025.9,10.6,5.44,20.14,6.22,45.9,0,84.1
2024-03-23 12:00:00,EQ_B002,Water Pump,10486.6,11.9,7.51,16.07,3.39,20.0,1,100.0
2024-03-23 13:00:00,EQ_M001,Compressor,11741.7,12.8,8.0,24.57,6.37,20.0,1,100.0
2024-03-23 13:00:00,EQ_M002,Water Pump,13479.7,18.8,8.0,16.95,3.36,20.0,1,100.0
2024-03-23 13:00:00,EQ_M003,Air Handler,10910.7,11.0,8.0,13.9,2.88,20.0,1,100.0
2024-03-23 13:00:00,EQ_B001,Compressor,8026.5,9.7,5.94,23.04,6.57,44.3,1,85.7
2024-03-23 13:00:00,EQ_B002,Water Pump,10487.2,9.7,7.68,14.93,2.97,20.0,1,100.0
2024-03-23 14:00:00,EQ_M001,Compressor,11742.3,13.9,8.0,21.97,6.69,20.0,1,100.0
2024-03-23 14:00:00,EQ_M002,Water Pump,13480.5,17.0,8.0,15.97,2.66,20.0,1,100.0
2024-03-23 14:00:00,EQ_M003,Air Handler,10911.3,11.6,8.0,16.33,2.82,20.0,1,100.0
2024-03-23 14:00:00,EQ_B001,Compressor,8027.3,8.4,5.65,22.01,6.8,45.2,1,84.8
2024-03-23 14:00:00,EQ_B002,Water Pump,10487.7,11.1,7.86,13.19,2.8,20.0,1,100.0
2024-03-23 15:00:00,EQ_M001,Compressor,11743.1,12.6,8.0,21.99,6.12,20.0,1,100.0
2024-03-23 15:00:00,EQ_M002,Water Pump,13481.2,17.0,8.0,13.56,3.0,20.0,1,100.0
2024-03-23 15:00:00,EQ_M003,Air Handler,10912.1,11.6,8.0,14.61,3.04,20.0,1,100.0
2024-03-23 15:00:00,EQ_B001,Compressor,8028.3,11.1,5.22,24.49,6.31,46.5,0,83.5
2024-03-23 15:00:00,EQ_B002,Water Pump,10488.4,11.0,7.78,14.84,2.99,20.0,1,100.0
2024-03-23 16:00:00,EQ_M001,Compressor,11743.9,12.7,8.0,23.84,7.18,20.0,1,100.0
2024-03-23 16:00:00,EQ_M002,Water Pump,13481.8,18.1,8.0,14.96,3.37,20.0,1,100.0
2024-03-23 16:00:00,EQ_M003,Air Handler,10913.0,11.8,8.0,13.2,2.85,20.0,1,100.0
2024-03-23 16:00:00,EQ_B001,Compressor,8029.0,9.0,5.63,20.55,6.88,45.3,1,84.7
2024-03-23 16:00:00,EQ_B002,Water Pump,10489.3,11.2,8.0,16.58,2.83,20.0,1,100.0
2024-03-23 17:00:00,EQ_M001,Compressor,11744.4,14.5,8.0,21.92,6.35,20.0,1,100.0
2024-03-23 17:00:00,EQ_M002,Water Pump,13482.5,16.9,8.0,13.79,3.28,20.0,1,100.0
2024-03-23 17:00:00,EQ_M003,Air Handler,10913.6,12.1,8.0,12.93,3.33,20.0,1,100.0
2024-03-23 17:00:00,EQ_B001,Compressor,8029.7,9.0,5.99,22.95,6.32,44.2,1,85.8
2024-03-23 17:00:00,EQ_B002,Water Pump,10490.1,11.4,8.0,16.79,2.82,20.0,1,100.0
2024-03-23 18:00:00,EQ_M001,Compressor,11745.3,13.7,8.0,20.9,5.98,20.0,1,100.0
2024-03-23 18:00:00,EQ_M002,Water Pump,13483.3,17.0,8.0,14.43,3.07,20.0,1,100.0
2024-03-23 18:00:00,EQ_M003,Air Handler,10914.3,11.8,8.0,15.41,3.07,20.0,1,100.0
2024-03-23 18:00:00,EQ_B001,Compressor,8030.6,11.5,5.47,21.85,6.43,45.7,0,84.3
2024-03-23 18:00:00,EQ_B002,Water Pump,10490.8,11.5,7.96,16.86,2.84,20.0,1,100.0
2024-03-23 19:00:00,EQ_M001,Compressor,11746.0,14.5,8.0,26.26,6.68,20.0,1,100.0
2024-03-23 19:00:00,EQ_M002,Water Pump,13483.9,16.9,8.0,15.17,3.28,20.0,1,100.0
2024-03-23 19:00:00,EQ_M003,Air Handler,10915.0,12.7,8.0,15.91,3.06,20.0,1,100.0
2024-03-23 19:00:00,EQ_B001,Compressor,8031.2,8.3,5.89,22.55,6.67,44.5,1,85.5
2024-03-23 19:00:00,EQ_B002,Water Pump,10491.4,9.7,8.0,16.28,2.94,20.0,1,100.0
2024-03-23 20:00:00,EQ_M001,Compressor,11746.7,11.7,8.0,22.17,6.75,20.0,1,100.0
2024-03-23 20:00:00,EQ_M002,Water Pump,13484.5,15.5,8.0,13.72,2.69,20.0,1,100.0
2024-03-23 20:00:00,EQ_M003,Air Handler,10915.7,12.4,8.0,14.2,2.6,20.0,1,100.0
2024-03-23 20:00:00,EQ_B001,Compressor,8032.2,11.2,5.79,23.34,6.51,44.7,1,85.3
2024-03-23 20:00:00,EQ_B002,Water Pump,10492.3,11.5,8.0,13.86,3.23,20.0,1,100.0
2024-03-23 21:00:00,EQ_M001,Compressor,11747.5,13.1,8.0,20.38,6.4,20.0,1,100.0
2024-03-23 21:00:00,EQ_M002,Water Pump,13485.3,17.3,8.0,17.77,3.02,20.0,1,100.0
2024-03-23 21:00:00,EQ_M003,Air Handler,10916.5,12.0,8.0,13.54,2.85,20.0,1,100.0
2024-03-23 21:00:00,EQ_B001,Compressor,8032.8,7.8,5.64,20.65,6.56,45.2,1,84.8
2024-03-23 21:00:00,EQ_B002,Water Pump,10493.3,11.1,7.64,13.9,2.87,20.0,1,100.0
2024-03-23 22:00:00,EQ_M001,Compressor,11748.2,11.4,8.0,19.06,6.47,20.0,1,100.0
2024-03-23 22:00:00,EQ_M002,Water Pump,13485.8,18.2,8.0,16.61,3.33,20.0,1,100.0
2024-03-23 22:00:00,EQ_M003,Air Handler,10917.2,11.9,8.0,13.44,2.77,20.0,1,100.0
2024-03-23 22:00:00,EQ_B001,Compressor,8033.4,11.2,5.13,22.96,6.01,46.7,0,83.3
2024-03-23 22:00:00,EQ_B002,Water Pump,10494.2,10.0,8.0,15.75,3.48,20.0,1,100.0
2024-03-23 23:00:00,EQ_M001,Compressor,11748.9,16.4,8.0,22.17,6.36,20.0,1,100.0
2024-03-23 23:00:00,EQ_M002,Water Pump,13486.6,16.3,8.0,14.92,3.22,20.0,1,100.0
2024-03-23 23:00:00,EQ_M003,Air Handler,10918.2,12.6,8.0,17.68,3.15,20.0,1,100.0
2024-03-23 23:00:00,EQ_B001,Compressor,8033.9,10.1,5.8,24.87,5.93,44.7,1,85.3
2024-03-23 23:00:00,EQ_B002,Water Pump,10495.0,11.7,7.76,14.05,3.4,20.0,1,100.0
2024-03-24 00:00:00,EQ_M001,Compressor,11749.9,10.5,8.0,20.0,6.53,20.0,1,100.0
2024-03-24 00:00:00,EQ_M002,Water Pump,13487.3,17.6,8.0,16.7,3.26,20.0,1,100.0
2024-03-24 00:00:00,EQ_M003,Air Handler,10918.8,12.1,8.0,16.29,3.05,20.0,1,100.0
2024-03-24 00:00:00,EQ_B001,Compressor,8034.4,11.7,5.69,18.64,6.45,45.0,1,85.0
2024-03-24 00:00:00,EQ_B002,Water Pump,10495.5,11.4,7.69,15.4,2.94,20.0,1,100.0
2024-03-24 01:00:00,EQ_M001,Compressor,11750.5,13.6,8.0,21.95,6.41,20.0,1,100.0
2024-03-24 01:00:00,EQ_M002,Water Pump,13488.2,16.0,8.0,14.92,3.37,20.0,1,100.0
2024-03-24 01:00:00,EQ_M003,Air Handler,10919.5,11.8,8.0,16.65,2.72,20.0,1,100.0
2024-03-24 01:00:00,EQ_B001,Compressor,8035.0,11.0,5.07,23.22,6.8,46.9,0,83.1
2024-03-24 01:00:00,EQ_B002,Water Pump,10496.1,11.0,8.0,13.74,3.07,20.0,1,100.0
2024-03-24 02:00:00,EQ_M001,Compressor,11751.4,14.9,8.0,23.25,6.56,20.0,1,100.0
2024-03-24 02:00:00,EQ_M002,Water Pump,13488.8,16.7,8.0,11.12,3.12,20.0,1,100.0
2024-03-24 02:00:00,EQ_M003,Air Handler,10920.4,11.9,8.0,13.34,2.76,20.0,1,100.0
2024-03-24 02:00:00,EQ_B001,Compressor,8035.8,11.2,5.82,19.6,6.92,44.6,1,85.4
2024-03-24 02:00:00,EQ_B002,Water Pump,10496.8,10.2,8.0,16.22,2.9,20.0,1,100.0
2024-03-24 03:00:00,EQ_M001,Compressor,11752.4,14.1,8.0,23.69,5.94,20.0,1,100.0
2024-03-24 03:00:00,EQ_M002,Water Pump,13489.7,17.4,8.0,16.74,3.42,20.0,1,100.0
2024-03-24 03:00:00,EQ_M003,Air Handler,10921.1,11.0,8.0,14.89,2.99,20.0,1,100.0
2024-03-24 03:00:00,EQ_B001,Compressor,8036.7,12.2,5.72,23.07,6.98,44.9,1,85.1
2024-03-24 03:00:00,EQ_B002,Water Pump,10497.6,11.5,8.0,12.46,3.16,20.0,1,100.0
2024-03-24 04:00:00,EQ_M001,Compressor,11752.9,15.7,8.0,20.9,6.3,20.0,1,100.0
2024-03-24 04:00:00,EQ_M002,Water Pump,13490.6,15.0,8.0,14.02,2.87,20.0,1,100.0
2024-03-24 04:00:00,EQ_M003,Air Handler,10921.8,13.3,8.0,16.28,2.85,20.0,1,100.0
2024-03-24 04:00:00,EQ_B001,Compressor,8037.5,11.9,5.44,21.26,7.21,45.7,0,84.3
2024-03-24 04:00:00,EQ_B002,Water Pump,10498.3,11.4,7.77,15.56,3.04,20.0,1,100.0
2024-03-24 05:00:00,EQ_M001,Compressor,11753.9,13.0,8.0,27.89,6.48,20.0,1,100.0
2024-03-24 05:00:00,EQ_M002,Water Pump,13491.5,18.7,8.0,15.95,2.9,20.0,1,100.0
2024-03-24 05:00:00,EQ_M003,Air Handler,10922.6,10.5,8.0,14.57,3.04,20.0,1,100.0
2024-03-24 05:00:00,EQ_B001,Compressor,8038.1,9.1,5.39,20.5,6.66,45.9,0,84.1
2024-03-24 05:00:00,EQ_B002,Water Pump,10499.0,8.7,7.35,18.76,3.36,20.0,1,100.0
2024-03-24 06:00:00,EQ_M001,Compressor,11754.4,12.6,8.0,23.22,6.25,20.0,1,100.0
2024-03-24 06:00:00,EQ_M002,Water Pump,13492.0,16.9,8.0,13.37,3.24,20.0,1,100.0
2024-03-24 06:00:00,EQ_M003,Air Handler,10923.5,12.4,8.0,15.97,3.0,20.0,1,100.0
2024-03-24 06:00:00,EQ_B001,Compressor,8038.9,10.9,5.43,22.64,6.49,45.7,0,84.3
2024-03-24 06:00:00,EQ_B002,Water Pump,10500.0,12.0,8.0,16.71,2.8,20.0,1,100.0
2024-03-24 07:00:00,EQ_M001,Compressor,11755.1,12.3,8.0,19.28,6.6,20.0,1,100.0
2024-03-24 07:00:00,EQ_M002,Water Pump,13492.6,16.1,8.0,14.53,2.71,20.0,1,100.0
2024-03-24 07:00:00,EQ_M003,Air Handler,10924.5,10.1,8.0,13.34,2.86,20.0,1,100.0
2024-03-24 07:00:00,EQ_B001,Compressor,8039.7,8.8,5.7,19.77,6.41,44.9,1,85.1
2024-03-24 07:00:00,EQ_B002,Water Pump,10500.8,10.7,7.77,15.67,2.81,20.0,1,100.0
2024-03-24 08:00:00,EQ_M001,Compressor,11756.0,13.4,8.0,21.45,6.5,20.0,1,100.0
2024-03-24 08:00:00,EQ_M002,Water Pump,13493.3,15.1,8.0,14.83,2.74,20.0,1,100.0
2024-03-24 08:00:00,EQ_M003,Air Handler,10925.2,10.6,8.0,12.63,2.7,20.0,1,100.0
2024-03-24 08:00:00,EQ_B001,Compressor,8040.3,9.8,5.72,21.53,6.17,44.8,1,85.2
2024-03-24 08:00:00,EQ_B002,Water Pump,10501.8,8.3,7.76,17.42,3.05,20.0,1,100.0
2024-03-24 09:00:00,EQ_M001,Compressor,11756.9,13.3,8.0,17.45,6.58,20.0,1,100.0
2024-03-24 09:00:00,EQ_M002,Water Pump,13494.1,17.7,8.0,17.56,3.11,20.0,1,100.0
2024-03-24 09:00:00,EQ_M003,Air Handler,10925.8,11.2,8.0,15.76,3.37,20.0,1,100.0
2024-03-24 09:00:00,EQ_B001,Compressor,8041.0,11.4,5.63,25.55,6.3,45.1,1,84.9
2024-03-24 09:00:00,EQ_B002,Water Pump,10502.5,11.3,7.81,13.64,3.03,20.0,1,100.0
2024-03-24 10:00:00,EQ_M001,Compressor,11757.4,14.3,8.0,24.26,6.55,20.0,1,100.0
2024-03-24 10:00:00,EQ_M002,Water Pump,13494.8,17.0,8.0,15.26,3.06,20.0,1,100.0
2024-03-24 10:00:00,EQ_M003,Air Handler,10926.5,13.7,8.0,16.78,3.08,20.0,1,100.0
2024-03-24 10:00:00,EQ_B001,Compressor,8041.7,10.3,5.96,26.1,6.43,44.1,1,85.9
2024-03-24 10:00:00,EQ_B002,Water Pump,10503.2,8.2,8.0,15.9,2.99,20.0,1,100.0
2024-03-24 11:00:00,EQ_M001,Compressor,11758.2,14.8,8.0,26.02,6.5,20.0,1,100.0
2024-03-24 11:00:00,EQ_M002,Water Pump,13495.7,17.3,8.0,14.36,2.73,20.0,1,100.0
2024-03-24 11:00:00,EQ_M003,Air Handler,10927.1,12.3,8.0,16.01,3.21,20.0,1,100.0
2024-03-24 11:00:00,EQ_B001,Compressor,8042.2,10.2,5.56,21.6,6.7,45.3,1,84.7
2024-03-24 11:00:00,EQ_B002,Water Pump,10504.1,10.0,7.84,15.58,3.36,20.0,1,100.0
2024-03-24 12:00:00,EQ_M001,Compressor,11758.8,11.9,8.0,18.98,6.44,20.0,1,100.0
2024-03-24 12:00:00,EQ_M002,Water Pump,13496.4,17.0,8.0,13.79,3.29,20.0,1,100.0
2024-03-24 12:00:00,EQ_M003,Air Handler,10927.7,11.7,8.0,16.84,3.08,20.0,1,100.0
2024-03-24 12:00:00,EQ_B001,Compressor,8043.2,11.9,5.15,18.75,6.44,46.5,0,83.5
2024-03-24 12:00:00,EQ_B002,Water Pump,10504.7,10.2,7.99,15.92,2.99,20.0,1,100.0
2024-03-24 13:00:00,EQ_M001,Compressor,11759.5,13.4,8.0,24.59,6.75,20.0,1,100.0
2024-03-24 13:00:00,EQ_M002,Water Pump,13497.1,14.6,8.0,17.05,3.61,20.0,1,100.0
2024-03-24 13:00:00,EQ_M003,Air Handler,10928.5,11.8,8.0,15.64,2.6,20.0,1,100.0
2024-03-24 13:00:00,EQ_B001,Compressor,8043.7,10.7,5.26,18.79,6.79,46.2,0,83.8
2024-03-24 13:00:00,EQ_B002,Water Pump,10505.7,11.9,8.0,15.29,2.78,20.0,1,100.0
2024-03-24 14:00:00,EQ_M001,Compressor,11760.4,14.0,8.0,21.75,6.13,20.0,1,100.0
2024-03-24 14:00:00,EQ_M002,Water Pump,13497.7,19.1,8.0,15.42,3.24,20.0,1,100.0
2024-03-24 14:00:00,EQ_M003,Air Handler,10929.2,12.5,8.0,17.24,3.0,20.0,1,100.0
2024-03-24 14:00:00,EQ_B001,Compressor,8044.7,10.6,5.28,17.59,6.21,46.1,0,83.9
2024-03-24 14:00:00,EQ_B002,Water Pump,10506.5,11.6,8.0,14.24,3.06,20.0,1,100.0
2024-03-24 15:00:00,EQ_M001,Compressor,11761.0,12.5,8.0,22.69,6.65,20.0,1,100.0
2024-03-24 15:00:00,EQ_M002,Water Pump,13498.3,16.8,8.0,14.77,2.67,20.0,1,100.0
2024-03-24 15:00:00,EQ_M003,Air Handler,10930.0,11.2,8.0,13.79,3.11,20.0,1,100.0
2024-03-24 15:00:00,EQ_B001,Compressor,8045.5,11.0,5.79,23.38,6.65,44.6,1,85.4
2024-03-24 15:00:00,EQ_B002,Water Pump,10507.3,9.7,7.35,15.18,2.97,20.0,1,100.0
2024-03-24 16:00:00,EQ_M001,Compressor,11761.7,13.4,8.0,21.53,6.41,20.0,1,100.0
2024-03-24 16:00:00,EQ_M002,Water Pump,13498.8,17.5,8.0,13.67,3.51,20.0,1,100.0
2024-03-24 16:00:00,EQ_M003,Air Handler,10930.7,13.4,8.0,14.63,3.33,20.0,1,100.0
2024-03-24 16:00:00,EQ_B001,Compressor,8046.2,9.3,6.1,23.46,6.45,43.6,1,86.4
2024-03-24 16:00:00,EQ_B002,Water Pump,10508.2,10.5,7.83,15.14,2.7,20.0,1,100.0
2024-03-24 17:00:00,EQ_M001,Compressor,11762.4,14.1,8.0,22.75,6.99,20.0,1,100.0
2024-03-24 17:00:00,EQ_M002,Water Pump,13499.7,16.6,8.0,13.7,3.06,20.0,1,100.0
2024-03-24 17:00:00,EQ_M003,Air Handler,10931.3,12.5,8.0,13.09,3.2,20.0,1,100.0
2024-03-24 17:00:00,EQ_B001,Compressor,8047.1,10.3,5.61,20.31,6.33,45.1,1,84.9
2024-03-24 17:00:00,EQ_B002,Water Pump,10509.1,12.1,8.0,16.74,2.92,20.0,1,100.0
2024-03-24 18:00:00,EQ_M001,Compressor,11763.2,12.6,8.0,21.3,6.49,20.0,1,100.0
2024-03-24 18:00:00,EQ_M002,Water Pump,13500.7,17.4,8.0,11.02,2.9,20.0,1,100.0
2024-03-24 18:00:00,EQ_M003,Air Handler,10931.9,10.4,8.0,14.6,2.88,20.0,1,100.0
2024-03-24 18:00:00,EQ_B001,Compressor,8047.8,9.6,5.31,22.55,6.29,46.0,0,84.0
2024-03-24 18:00:00,EQ_B002,Water Pump,10509.8,10.9,8.0,11.36,2.85,20.0,1,100.0
2024-03-24 19:00:00,EQ_M001,Compressor,11763.8,15.4,8.0,21.05,6.98,20.0,1,100.0
2024-03-24 19:00:00,EQ_M002,Water Pump,13501.7,17.6,8.0,15.83,3.41,20.0,1,100.0
2024-03-24 19:00:00,EQ_M003,Air Handler,10932.6,13.4,8.0,16.27,3.23,20.0,1,100.0
2024-03-24 19:00:00,EQ_B001,Compressor,8048.7,8.6,5.69,20.88,6.41,44.8,1,85.2
2024-03-24 19:00:00,EQ_B002,Water Pump,10510.5,10.4,8.0,17.75,3.02,20.0,1,100.0
2024-03-24 20:00:00,EQ_M001,Compressor,11764.3,14.8,8.0,20.23,6.49,20.0,1,100.0
2024-03-24 20:00:00,EQ_M002,Water Pump,13502.7,17.1,8.0,17.17,3.16,20.0,1,100.0
2024-03-24 20:00:00,EQ_M003,Air Handler,10933.2,12.2,8.0,11.8,3.0,20.0,1,100.0
2024-03-24 20:00:00,EQ_B001,Compressor,8049.3,8.5,5.7,25.48,6.83,44.8,1,85.2
2024-03-24 20:00:00,EQ_B002,Water Pump,10511.5,10.9,8.0,15.89,3.1,20.0,1,100.0
2024-03-24 21:00:00,EQ_M001,Compressor,11764.9,13.1,8.0,16.45,6.44,20.0,1,100.0
2024-03-24 21:00:00,EQ_M002,Water Pump,13503.3,17.5,8.0,14.95,2.87,20.0,1,100.0
2024-03-24 21:00:00,EQ_M003,Air Handler,10934.0,10.6,8.0,13.92,3.0,20.0,1,100.0
2024-03-24 21:00:00,EQ_B001,Compressor,8049.8,9.9,5.62,22.89,6.84,45.0,1,85.0
2024-03-24 21:00:00,EQ_B002,Water Pump,10512.4,10.8,8.0,13.1,2.53,20.0,1,100.0
2024-03-24 22:00:00,EQ_M001,Compressor,11765.7,14.3,8.0,18.87,6.92,20.0,1,100.0
2024-03-24 22:00:00,EQ_M002,Water Pump,13504.1,17.9,8.0,13.49,3.01,20.0,1,100.0
2024-03-24 22:00:00,EQ_M003,Air Handler,10935.0,10.9,8.0,14.85,2.78,20.0,1,100.0
2024-03-24 22:00:00,EQ_B001,Compressor,8050.6,11.2,6.07,22.25,6.78,43.6,1,86.4
2024-03-24 22:00:00,EQ_B002,Water Pump,10513.1,13.5,7.56,14.75,2.78,20.0,1,100.0
2024-03-24 23:00:00,EQ_M001,Compressor,11766.3,15.2,8.0,21.5,6.32,20.0,1,100.0
2024-03-24 23:00:00,EQ_M002,Water Pump,13504.6,16.6,8.0,14.73,3.24,20.0,1,100.0
2024-03-24 23:00:00,EQ_M003,Air Handler,10935.5,11.2,8.0,13.72,3.13,20.0,1,100.0
2024-03-24 23:00:00,EQ_B001,Compressor,8051.6,10.7,5.76,18.99,6.51,44.6,1,85.4
2024-03-24 23:00:00,EQ_B002,Water Pump,10513.8,11.7,8.0,14.95,3.09,20.0,1,100.0
2024-03-25 00:00:00,EQ_M001,Compressor,11766.8,11.8,8.0,20.14,6.12,20.0,1,100.0
2024-03-25 00:00:00,EQ_M002,Water Pump,13505.4,15.9,8.0,14.31,3.04,20.0,1,100.0
2024-03-25 00:00:00,EQ_M003,Air Handler,10936.1,13.1,8.0,15.55,2.83,20.0,1,100.0
2024-03-25 00:00:00,EQ_B001,Compressor,8052.6,9.2,5.5,21.7,6.33,45.3,0,84.7
2024-03-25 00:00:00,EQ_B002,Water Pump,10514.5,10.6,7.86,17.17,3.27,20.0,1,100.0
2024-03-25 01:00:00,EQ_M001,Compressor,11767.7,12.1,8.0,20.19,6.47,20.0,1,100.0
2024-03-25 01:00:00,EQ_M002,Water Pump,13506.2,16.8,8.0,14.69,3.08,20.0,1,100.0
2024-03-25 01:00:00,EQ_M003,Air Handler,10936.8,11.1,8.0,14.79,3.01,20.0,1,100.0
2024-03-25 01:00:00,EQ_B001,Compressor,8053.2,9.1,5.76,23.01,6.75,44.6,1,85.4
2024-03-25 01:00:00,EQ_B002,Water Pump,10515.0,8.9,8.0,14.8,2.78,20.0,1,100.0
2024-03-25 02:00:00,EQ_M001,Compressor,11768.6,14.0,8.0,25.09,6.93,20.0,1,100.0
2024-03-25 02:00:00,EQ_M002,Water Pump,13507.0,18.1,8.0,15.53,2.63,20.0,1,100.0
2024-03-25 02:00:00,EQ_M003,Air Handler,10937.3,13.2,8.0,15.24,3.03,20.0,1,100.0
2024-03-25 02:00:00,EQ_B001,Compressor,8053.8,9.5,5.88,22.16,6.77,44.2,1,85.8
2024-03-25 02:00:00,EQ_B002,Water Pump,10516.0,10.1,7.69,16.94,2.81,20.0,1,100.0
2024-03-25 03:00:00,EQ_M001,Compressor,11769.4,13.4,8.0,20.1,6.29,20.0,1,100.0
2024-03-25 03:00:00,EQ_M002,Water Pump,13507.6,17.1,8.0,11.09,3.17,20.0,1,100.0
2024-03-25 03:00:00,EQ_M003,Air Handler,10938.0,11.0,8.0,12.53,2.95,20.0,1,100.0
2024-03-25 03:00:00,EQ_B001,Compressor,8054.7,12.3,5.59,22.62,6.74,45.1,1,84.9
2024-03-25 03:00:00,EQ_B002,Water Pump,10516.7,11.2,7.81,18.2,2.92,20.0,1,100.0
2024-03-25 04:00:00,EQ_M001,Compressor,11770.4,14.2,8.0,24.4,6.29,20.0,1,100.0
2024-03-25 04:00:00,EQ_M002,Water Pump,13508.3,16.9,8.0,14.08,2.97,20.0,1,100.0
2024-03-25 04:00:00,EQ_M003,Air Handler,10938.7,12.6,8.0,16.28,3.16,20.0,1,100.0
2024-03-25 04:00:00,EQ_B001,Compressor,8055.6,10.7,5.48,23.26,6.3,45.4,0,84.6
2024-03-25 04:00:00,EQ_B002,Water Pump,10517.6,12.1,8.0,14.64,3.33,20.0,1,100.0
2024-03-25 05:00:00,EQ_M001,Compressor,11771.0,15.9,8.0,21.5,6.4,20.0,1,100.0
2024-03-25 05:00:00,EQ_M002,Water Pump,13509.0,18.6,8.0,12.34,2.92,20.0,1,100.0
2024-03-25 05:00:00,EQ_M003,Air Handler,10939.3,11.2,8.0,16.24,2.93,20.0,1,100.0
2024-03-25 05:00:00,EQ_B001,Compressor,8056.5,9.7,5.83,24.1,6.58,44.3,1,85.7
2024-03-25 05:00:00,EQ_B002,Water Pump,10518.4,11.2,7.87,15.82,3.12,20.0,1,100.0
2024-03-25 06:00:00,EQ_M001,Compressor,11771.8,13.1,8.0,23.81,7.11,20.0,1,100.0
2024-03-25 06:00:00,EQ_M002,Water Pump,13509.7,16.7,8.0,15.11,2.87,20.0,1,100.0
2024-03-25 06:00:00,EQ_M003,Air Handler,10940.2,12.2,8.0,11.66,3.07,20.0,1,100.0
2024-03-25 06:00:00,EQ_B001,Compressor,8057.4,7.8,5.6,18.57,6.56,45.0,1,85.0
2024-03-25 06:00:00,EQ_B002,Water Pump,10519.3,11.3,7.87,15.82,3.12,20.0,1,100.0
2024-03-25 07:00:00,EQ_M001,Compressor,11772.4,15.5,8.0,22.29,6.22,20.0,1,100.0
2024-03-25 07:00:00,EQ_M002,Water Pump,13510.6,17.5,8.0,15.67,3.03,20.0,1,100.0
2024-03-25 07:00:00,EQ_M003,Air Handler,10940.9,10.2,8.0,13.65,3.25,20.0,1,100.0
2024-03-25 07:00:00,EQ_B001,Compressor,8058.0,9.4,5.65,23.08,6.19,44.8,1,85.2
2024-03-25 07:00:00,EQ_B002,Water Pump,10520.3,10.7,8.0,15.08,2.97,20.0,1,100.0
2024-03-25 08:00:00,EQ_M001,Compressor,11773.0,14.7,8.0,23.31,6.63,20.0,1,100.0
2024-03-25 08:00:00,EQ_M002,Water Pump,13511.4,17.6,8.0,14.82,2.99,20.0,1,100.0
2024-03-25 08:00:00,EQ_M003,Air Handler,10941.7,10.6,8.0,16.31,3.18,20.0,1,100.0
2024-03-25 08:00:00,EQ_B001,Compressor,8058.7,8.6,4.98,23.03,6.43,46.8,0,83.2
2024-03-25 08:00:00,EQ_B002,Water Pump,10520.8,12.4,7.7,13.65,2.92,20.0,1,100.0
2024-03-25 09:00:00,EQ_M001,Compressor,11773.9,13.0,8.0,21.46,6.13,20.0,1,100.0
2024-03-25 09:00:00,EQ_M002,Water Pump,13512.1,17.0,8.0,16.03,2.67,20.0,1,100.0
2024-03-25 09:00:00,EQ_M003,Air Handler,10942.6,11.2,8.0,13.16,2.92,20.0,1,100.0
2024-03-25 09:00:00,EQ_B001,Compressor,8059.4,9.7,5.1,22.06,6.69,46.4,0,83.6
2024-03-25 09:00:00,EQ_B002,Water Pump,10521.7,11.4,7.94,16.46,3.17,20.0,1,100.0
2024-03-25 10:00:00,EQ_M001,Compressor,11774.5,12.4,8.0,22.1,6.24,20.0,1,100.0
2024-03-25 10:00:00,EQ_M002,Water Pump,13512.9,16.9,8.0,15.61,2.89,20.0,1,100.0
2024-03-25 10:00:00,EQ_M003,Air Handler,10943.4,12.6,8.0,16.24,3.13,20.0,1,100.0
2024-03-25 10:00:00,EQ_B001,Compressor,8060.4,9.6,5.67,22.4,6.74,44.7,1,85.3
2024-03-25 10:00:00,EQ_B002,Water Pump,10522.4,11.6,8.0,14.16,3.06,20.0,1,100.0
2024-03-25 11:00:00,EQ_M001,Compressor,11775.5,15.3,8.0,22.82,6.69,20.0,1,100.0
2024-03-25 11:00:00,EQ_M002,Water Pump,13513.8,16.1,8.0,14.69,3.04,20.0,1,100.0
2024-03-25 11:00:00,EQ_M003,Air Handler,10944.2,11.4,8.0,14.56,3.15,20.0,1,100.0
2024-03-25 11:00:00,EQ_B001,Compressor,8060.9,11.2,5.67,21.92,6.94,44.7,1,85.3
2024-03-25 11:00:00,EQ_B002,Water Pump,10523.0,10.0,7.96,15.75,3.06,20.0,1,100.0
2024-03-25 12:00:00,EQ_M001,Compressor,11776.2,14.3,8.0,20.57,6.34,20.0,1,100.0
2024-03-25 12:00:00,EQ_M002,Water Pump,13514.5,16.2,8.0,16.51,2.86,20.0,1,100.0
2024-03-25 12:00:00,EQ_M003,Air Handler,10944.9,11.7,8.0,15.87,2.81,20.0,1,100.0
2024-03-25 12:00:00,EQ_B001,Compressor,8061.8,10.6,5.78,19.02,6.5,44.4,1,85.6
2024-03-25 12:00:00,EQ_B002,Water Pump,10523.9,9.1,7.7,15.67,2.68,20.0,1,100.0
2024-03-25 13:00:00,EQ_M001,Compressor,11777.0,13.7,8.0,21.8,6.84,20.0,1,100.0
2024-03-25 13:00:00,EQ_M002,Water Pump,13515.0,16.9,8.0,14.75,2.87,20.0,1,100.0
2024-03-25 13:00:00,EQ_M003,Air Handler,10945.9,12.8,8.0,15.05,3.23,20.0,1,100.0
2024-03-25 13:00:00,EQ_B001,Compressor,8062.6,11.1,5.17,20.94,6.83,46.2,0,83.8
2024-03-25 13:00:00,EQ_B002,Water Pump,10524.7,11.8,7.06,12.82,3.1,20.0,1,100.0
2024-03-25 14:00:00,EQ_M001,Compressor,11777.7,12.5,8.0,21.15,6.51,20.0,1,100.0
2024-03-25 14:00:00,EQ_M002,Water Pump,13515.6,16.7,8.0,15.56,2.95,20.0,1,100.0
2024-03-25 14:00:00,EQ_M003,Air Handler,10946.5,13.1,8.0,14.37,3.11,20.0,1,100.0
2024-03-25 14:00:00,EQ_B001,Compressor,8063.6,9.9,5.87,22.79,6.38,44.1,1,85.9
2024-03-25 14:00:00,EQ_B002,Water Pump,10525.6,10.8,8.0,14.95,3.08,20.0,1,100.0
2024-03-25 15:00:00,EQ_M001,Compressor,11778.2,13.7,8.0,18.89,6.25,20.0,1,100.0
2024-03-25 15:00:00,EQ_M002,Water Pump,13516.5,17.4,8.0,16.08,3.36,20.0,1,100.0
2024-03-25 15:00:00,EQ_M003,Air Handler,10947.5,11.0,8.0,16.3,3.15,20.0,1,100.0
2024-03-25 15:00:00,EQ_B001,Compressor,8064.4,10.8,5.34,26.9,6.4,45.7,0,84.3
2024-03-25 15:00:00,EQ_B002,Water Pump,10526.6,11.0,7.78,16.6,2.98,20.0,1,100.0
2024-03-25 16:00:00,EQ_M001,Compressor,11778.8,14.6,8.0,26.44,6.76,20.0,1,100.0
2024-03-25 16:00:00,EQ_M002,Water Pump,13517.2,17.3,8.0,10.52,3.24,20.0,1,100.0
2024-03-25 16:00:00,EQ_M003,Air Handler,10948.0,11.6,8.0,16.31,3.07,20.0,1,100.0
2024-03-25 16:00:00,EQ_B001,Compressor,8064.9,11.5,5.73,21.45,6.3,44.5,1,85.5
2024-03-25 16:00:00,EQ_B002,Water Pump,10527.3,12.0,7.86,14.82,2.95,20.0,1,100.0
2024-03-25 17:00:00,EQ_M001,Compressor,11779.5,12.0,8.0,21.25,6.42,20.0,1,100.0
2024-03-25 17:00:00,EQ_M002,Water Pump,13518.1,15.2,8.0,15.59,3.08,20.0,1,100.0
2024-03-25 17:00:00,EQ_M003,Air Handler,10949.0,11.1,8.0,12.87,3.04,20.0,1,100.0
2024-03-25 17:00:00,EQ_B001,Compressor,8065.9,10.8,5.22,19.25,6.44,46.0,0,84.0
2024-03-25 17:00:00,EQ_B002,Water Pump,10528.3,10.3,7.62,14.3,3.17,20.0,1,100.0
2024-03-25 18:00:00,EQ_M001,Compressor,11780.1,14.0,8.0,22.1,6.24,20.0,1,100.0
2024-03-25 18:00:00,EQ_M002,Water Pump,13518.7,17.0,8.0,18.44,3.31,20.0,1,100.0
2024-03-25 18:00:00,EQ_M003,Air Handler,10949.6,13.7,8.0,15.77,2.95,20.0,1,100.0
2024-03-25 18:00:00,EQ_B001,Compressor,8066.5,9.3,5.38,23.82,6.56,45.5,0,84.5
2024-03-25 18:00:00,EQ_B002,Water Pump,10529.3,11.3,8.0,14.47,2.78,20.0,1,100.0
2024-03-25 19:00:00,EQ_M001,Compressor,11780.8,14.1,8.0,19.86,6.71,20.0,1,100.0
2024-03-25 19:00:00,EQ_M002,Water Pump,13519.5,19.3,8.0,15.49,2.69,20.0,1,100.0
2024-03-25 19:00:00,EQ_M003,Air Handler,10950.2,10.4,8.0,17.21,3.3,20.0,1,100.0
2024-03-25 19:00:00,EQ_B001,Compressor,8067.4,9.5,6.12,24.42,6.37,43.3,1,86.7
2024-03-25 19:00:00,EQ_B002,Water Pump,10529.9,10.1,7.0,16.5,3.03,20.0,1,100.0
2024-03-25 20:00:00,EQ_M001,Compressor,11781.5,14.9,8.0,20.87,6.27,20.0,1,100.0
2024-03-25 20:00:00,EQ_M002,Water Pump,13520.2,17.3,8.0,14.41,3.03,20.0,1,100.0
2024-03-25 20:00:00,EQ_M003,Air Handler,10951.2,12.9,8.0,14.77,2.94,20.0,1,100.0
2024-03-25 20:00:00,EQ_B001,Compressor,8068.2,8.5,4.73,24.55,6.44,47.5,0,82.5
2024-03-25 20:00:00,EQ_B002,Water Pump,10530.6,11.2,7.78,14.92,3.0,20.0,1,100.0
2024-03-25 21:00:00,EQ_M001,Compressor,11782.0,13.1,8.0,19.52,6.52,20.0,1,100.0
2024-03-25 21:00:00,EQ_M002,Water Pump,13520.9,18.7,8.0,14.02,3.09,20.0,1,100.0
2024-03-25 21:00:00,EQ_M003,Air Handler,10951.9,12.5,8.0,15.23,2.96,20.0,1,100.0
2024-03-25 21:00:00,EQ_B001,Compressor,8069.0,9.1,5.53,22.17,5.3,45.0,1,85.0
2024-03-25 21:00:00,EQ_B002,Water Pump,10531.6,10.9,7.85,16.87,3.13,20.0,1,100.0
2024-03-25 22:00:00,EQ_M001,Compressor,11782.9,13.1,8.0,22.19,6.66,20.0,1,100.0
2024-03-25 22:00:00,EQ_M002,Water Pump,13521.7,18.1,8.0,12.74,2.84,20.0,1,100.0
2024-03-25 22:00:00,EQ_M003,Air Handler,10952.8,10.9,8.0,15.14,3.16,20.0,1,100.0
2024-03-25 22:00:00,EQ_B001,Compressor,8069.7,9.2,6.05,22.57,6.73,43.5,1,86.5
2024-03-25 22:00:00,EQ_B002,Water Pump,10532.3,11.8,8.0,16.9,2.86,20.0,1,100.0
2024-03-25 23:00:00,EQ_M001,Compressor,11783.7,12.7,8.0,23.37,6.22,20.0,1,100.0
2024-03-25 23:00:00,EQ_M002,Water Pump,13522.3,16.5,8.0,13.57,2.94,20.0,1,100.0
2024-03-25 23:00:00,EQ_M003,Air Handler,10953.6,10.1,8.0,14.36,2.93,20.0,1,100.0
2024-03-25 23:00:00,EQ_B001,Compressor,8070.6,11.3,5.8,20.45,6.73,44.2,1,85.8
2024-03-25 23:00:00,EQ_B002,Water Pump,10532.9,11.9,8.0,14.55,3.37,20.0,1,100.0
2024-03-26 00:00:00,EQ_M001,Compressor,11784.3,15.7,8.0,20.52,6.95,20.0,1,100.0
2024-03-26 00:00:00,EQ_M002,Water Pump,13523.2,17.7,8.0,17.04,3.24,20.0,1,100.0
2024-03-26 00:00:00,EQ_M003,Air Handler,10954.5,11.5,8.0,11.65,3.01,20.0,1,100.0
2024-03-26 00:00:00,EQ_B001,Compressor,8071.2,10.6,5.21,22.88,6.53,46.0,0,84.0
2024-03-26 00:00:00,EQ_B002,Water Pump,10533.7,14.0,8.0,14.33,3.12,20.0,1,100.0
2024-03-26 01:00:00,EQ_M001,Compressor,11784.9,13.5,8.0,21.09,5.9,20.0,1,100.0
2024-03-26 01:00:00,EQ_M002,Water Pump,13523.9,16.1,8.0,14.6,3.14,20.0,1,100.0
2024-03-26 01:00:00,EQ_M003,Air Handler,10955.5,11.7,8.0,16.3,2.9,20.0,1,100.0
2024-03-26 01:00:00,EQ_B001,Compressor,8071.7,11.3,5.62,17.28,6.03,44.7,1,85.3
2024-03-26 01:00:00,EQ_B002,Water Pump,10534.6,11.9,7.75,13.33,2.68,20.0,1,100.0
2024-03-26 02:00:00,EQ_M001,Compressor,11785.5,11.9,8.0,22.93,6.76,20.0,1,100.0
2024-03-26 02:00:00,EQ_M002,Water Pump,13524.8,16.9,8.0,15.29,3.49,20.0,1,100.0
2024-03-26 02:00:00,EQ_M003,Air Handler,10956.0,9.8,8.0,16.38,3.13,20.0,1,100.0
2024-03-26 02:00:00,EQ_B001,Compressor,8072.2,9.9,5.19,23.0,6.32,46.0,0,84.0
2024-03-26 02:00:00,EQ_B002,Water Pump,10535.1,11.8,7.93,16.55,3.1,20.0,1,100.0
2024-03-26 03:00:00,EQ_M001,Compressor,11786.5,14.5,8.0,23.54,6.34,20.0,1,100.0
2024-03-26 03:00:00,EQ_M002,Water Pump,13525.5,17.2,8.0,15.84,3.12,20.0,1,100.0
2024-03-26 03:00:00,EQ_M003,Air Handler,10956.6,11.7,8.0,15.07,3.27,20.0,1,100.0
2024-03-26 03:00:00,EQ_B001,Compressor,8073.1,9.4,4.76,22.0,6.13,47.3,0,82.7
2024-03-26 03:00:00,EQ_B002,Water Pump,10536.1,9.6,8.0,15.61,2.9,20.0,1,100.0
2024-03-26 04:00:00,EQ_M001,Compressor,11787.1,15.1,8.0,20.95,7.21,20.0,1,100.0
2024-03-26 04:00:00,EQ_M002,Water Pump,13526.1,17.9,8.0,16.8,2.82,20.0,1,100.0
2024-03-26 04:00:00,EQ_M003,Air Handler,10957.1,14.0,8.0,15.26,3.05,20.0,1,100.0
2024-03-26 04:00:00,EQ_B001,Compressor,8073.9,9.8,5.94,21.57,6.17,43.8,1,86.2
2024-03-26 04:00:00,EQ_B002,Water Pump,10536.8,12.3,8.0,14.99,3.27,20.0,1,100.0
2024-03-26 05:00:00,EQ_M001,Compressor,11787.6,11.9,8.0,21.93,6.31,20.0,1,100.0
2024-03-26 05:00:00,EQ_M002,Water Pump,13527.1,17.7,8.0,13.35,2.61,20.0,1,100.0
2024-03-26 05:00:00,EQ_M003,Air Handler,10958.1,12.3,8.0,15.61,2.89,20.0,1,100.0
2024-03-26 05:00:00,EQ_B001,Compressor,8074.5,9.2,4.83,22.86,6.97,47.1,0,82.9
2024-03-26 05:00:00,EQ_B002,Water Pump,10537.4,10.5,7.97,14.74,2.85,20.0,1,100.0
2024-03-26 06:00:00,EQ_M001,Compressor,11788.5,14.2,8.0,19.93,6.76,20.0,1,100.0
2024-03-26 06:00:00,EQ_M002,Water Pump,13528.1,17.3,8.0,14.77,3.02,20.0,1,100.0
2024-03-26 06:00:00,EQ_M003,Air Handler,10958.6,12.2,8.0,14.64,2.86,20.0,1,100.0
2024-03-26 06:00:00,EQ_B001,Compressor,8075.1,10.8,5.78,21.53,6.77,44.2,1,85.8
2024-03-26 06:00:00,EQ_B002,Water Pump,10538.1,9.8,8.0,15.81,3.28,20.0,1,100.0
2024-03-26 07:00:00,EQ_M001,Compressor,11789.3,13.1,8.0,22.75,6.58,20.0,1,100.0
2024-03-26 07:00:00,EQ_M002,Water Pump,13529.0,16.8,8.0,14.72,2.93,20.0,1,100.0
2024-03-26 07:00:00,EQ_M003,Air Handler,10959.5,11.4,8.0,13.11,3.22,20.0,1,100.0
2024-03-26 07:00:00,EQ_B001,Compressor,8075.9,9.4,5.29,19.09,6.44,45.7,0,84.3
2024-03-26 07:00:00,EQ_B002,Water Pump,10539.0,12.3,8.0,14.89,2.82,20.0,1,100.0
2024-03-26 08:00:00,EQ_M001,Compressor,11790.1,13.5,8.0,22.01,6.55,20.0,1,100.0
2024-03-26 08:00:00,EQ_M002,Water Pump,13529.6,17.5,8.0,15.11,2.99,20.0,1,100.0
2024-03-26 08:00:00,EQ_M003,Air Handler,10960.4,9.7,8.0,13.98,3.01,20.0,1,100.0
2024-03-26 08:00:00,EQ_B001,Compressor,8076.6,9.8,5.48,20.71,6.73,45.1,0,84.9
2024-03-26 08:00:00,EQ_B002,Water Pump,10540.0,12.2,8.0,15.51,3.28,20.0,1,100.0
2024-03-26 09:00:00,EQ_M001,Compressor,11790.9,15.0,8.0,25.33,6.6,20.0,1,100.0
2024-03-26 09:00:00,EQ_M002,Water Pump,13530.1,16.6,8.0,14.39,3.29,20.0,1,100.0
2024-03-26 09:00:00,EQ_M003,Air Handler,10961.1,12.7,8.0,15.22,3.12,20.0,1,100.0
2024-03-26 09:00:00,EQ_B001,Compressor,8077.5,10.4,5.61,24.41,6.75,44.7,1,85.3
2024-03-26 09:00:00,EQ_B002,Water Pump,10540.8,10.6,7.99,14.61,3.58,20.0,1,100.0
2024-03-26 10:00:00,EQ_M001,Compressor,11791.8,16.0,8.0,22.78,6.49,20.0,1,100.0
2024-03-26 10:00:00,EQ_M002,Water Pump,13531.0,16.9,8.0,15.76,2.74,20.0,1,100.0
2024-03-26 10:00:00,EQ_M003,Air Handler,10962.1,14.2,8.0,15.48,3.01,20.0,1,100.0
2024-03-26 10:00:00,EQ_B001,Compressor,8078.2,11.2,5.69,21.26,6.81,44.4,1,85.6
2024-03-26 10:00:00,EQ_B002,Water Pump,10541.4,11.4,7.46,14.08,2.95,20.0,1,100.0
2024-03-26 11:00:00,EQ_M001,Compressor,11792.3,13.8,8.0,17.05,6.33,20.0,1,100.0
2024-03-26 11:00:00,EQ_M002,Water Pump,13531.6,16.8,8.0,15.03,3.46,20.0,1,100.0
2024-03-26 11:00:00,EQ_M003,Air Handler,10962.6,12.1,8.0,15.9,2.86,20.0,1,100.0
2024-03-26 11:00:00,EQ_B001,Compressor,8079.0,12.1,5.46,23.74,6.6,45.1,0,84.9
2024-03-26 11:00:00,EQ_B002,Water Pump,10542.4,11.9,7.86,15.07,3.09,20.0,1,100.0
2024-03-26 12:00:00,EQ_M001,Compressor,11793.0,15.4,8.0,20.66,6.07,20.0,1,100.0
2024-03-26 12:00:00,EQ_M002,Water Pump,13532.2,14.8,8.0,12.89,2.52,20.0,1,100.0
2024-03-26 12:00:00,EQ_M003,Air Handler,10963.2,11.6,8.0,17.53,2.98,20.0,1,100.0
2024-03-26 12:00:00,EQ_B001,Compressor,8079.8,9.5,5.18,24.96,6.4,46.0,0,84.0
2024-03-26 12:00:00,EQ_B002,Water Pump,10543.2,10.6,7.27,15.21,2.95,20.0,1,100.0
2024-03-26 13:00:00,EQ_M001,Compressor,11793.7,15.4,8.0,23.2,6.28,20.0,1,100.0
2024-03-26 13:00:00,EQ_M002,Water Pump,13533.1,18.2,8.0,13.08,3.04,20.0,1,100.0
2024-03-26 13:00:00,EQ_M003,Air Handler,10963.8,12.1,8.0,15.79,3.08,20.0,1,100.0
2024-03-26 13:00:00,EQ_B001,Compressor,8080.7,10.3,5.32,23.16,6.06,45.5,0,84.5
2024-03-26 13:00:00,EQ_B002,Water Pump,10543.9,9.7,8.0,17.37,3.06,20.0,1,100.0
2024-03-26 14:00:00,EQ_M001,Compressor,11794.5,13.0,8.0,20.96,6.53,20.0,1,100.0
2024-03-26 14:00:00,EQ_M002,Water Pump,13533.8,18.4,8.0,15.37,2.49,20.0,1,100.0
2024-03-26 14:00:00,EQ_M003,Air Handler,10964.4,12.0,8.0,16.82,3.54,20.0,1,100.0
2024-03-26 14:00:00,EQ_B001,Compressor,8081.3,10.3,5.85,21.64,5.86,43.9,1,86.1
2024-03-26 14:00:00,EQ_B002,Water Pump,10544.6,10.6,8.0,14.92,2.72,20.0,1,100.0
2024-03-26 15:00:00,EQ_M001,Compressor,11795.1,14.5,8.0,20.28,6.43,20.0,1,100.0
2024-03-26 15:00:00,EQ_M002,Water Pump,13534.7,18.6,8.0,16.94,3.05,20.0,1,100.0
2024-03-26 15:00:00,EQ_M003,Air Handler,10965.3,11.5,8.0,15.71,3.3,20.0,1,100.0
2024-03-26 15:00:00,EQ_B001,Compressor,8082.2,9.4,5.72,24.27,6.51,44.3,1,85.7
2024-03-26 15:00:00,EQ_B002,Water Pump,10545.6,10.4,8.0,14.31,2.89,20.0,1,100.0
2024-03-26 16:00:00,EQ_M001,Compressor,11795.7,13.2,8.0,22.31,6.8,20.0,1,100.0
2024-03-26 16:00:00,EQ_M002,Water Pump,13535.5,15.5,8.0,16.16,3.45,20.0,1,100.0
2024-03-26 16:00:00,EQ_M003,Air Handler,10966.2,11.9,8.0,16.1,3.03,20.0,1,100.0
2024-03-26 16:00:00,EQ_B001,Compressor,8083.2,10.7,5.75,26.17,6.12,44.2,1,85.8
2024-03-26 16:00:00,EQ_B002,Water Pump,10546.4,10.0,7.77,13.65,3.23,20.0,1,100.0
2024-03-26 17:00:00,EQ_M001,Compressor,11796.2,14.4,8.0,20.14,6.69,20.0,1,100.0
2024-03-26 17:00:00,EQ_M002,Water Pump,13536.3,16.9,8.0,16.32,3.08,20.0,1,100.0
2024-03-26 17:00:00,EQ_M003,Air Handler,10967.1,11.4,8.0,15.02,2.95,20.0,1,100.0
2024-03-26 17:00:00,EQ_B001,Compressor,8083.8,8.4,5.39,20.82,6.3,45.3,0,84.7
2024-03-26 17:00:00,EQ_B002,Water Pump,10547.3,9.7,7.58,14.36,2.71,20.0,1,100.0
2024-03-26 18:00:00,EQ_M001,Compressor,11796.7,13.6,8.0,17.95,6.54,20.0,1,100.0
2024-03-26 18:00:00,EQ_M002,Water Pump,13537.2,15.3,8.0,14.43,3.17,20.0,1,100.0
2024-03-26 18:00:00,EQ_M003,Air Handler,10967.8,11.5,8.0,16.61,2.93,20.0,1,100.0
2024-03-26 18:00:00,EQ_B001,Compressor,8084.5,8.8,6.09,22.06,7.15,43.2,1,86.8
2024-03-26 18:00:00,EQ_B002,Water Pump,10548.0,11.7,8.0,14.77,3.25,20.0,1,100.0
2024-03-26 19:00:00,EQ_M001,Compressor,11797.4,13.1,8.0,20.19,5.64,20.0,1,100.0
2024-03-26 19:00:00,EQ_M002,Water Pump,13538.0,16.3,8.0,13.0,2.91,20.0,1,100.0
2024-03-26 19:00:00,EQ_M003,Air Handler,10968.6,13.2,8.0,14.53,2.99,20.0,1,100.0
2024-03-26 19:00:00,EQ_B001,Compressor,8085.2,9.8,5.83,16.22,6.23,44.0,1,86.0
2024-03-26 19:00:00,EQ_B002,Water Pump,10548.8,11.7,8.0,16.67,3.09,20.0,1,100.0
2024-03-26 20:00:00,EQ_M001,Compressor,11798.1,14.1,8.0,20.22,6.25,20.0,1,100.0
2024-03-26 20:00:00,EQ_M002,Water Pump,13538.6,17.6,8.0,14.2,2.82,20.0,1,100.0
2024-03-26 20:00:00,EQ_M003,Air Handler,10969.1,12.2,8.0,16.72,2.78,20.0,1,100.0
2024-03-26 20:00:00,EQ_B001,Compressor,8085.9,11.9,5.57,21.74,6.21,44.7,1,85.3
2024-03-26 20:00:00,EQ_B002,Water Pump,10549.6,13.1,8.0,11.86,2.74,20.0,1,100.0
2024-03-26 21:00:00,EQ_M001,Compressor,11799.1,13.4,8.0,21.15,7.09,20.0,1,100.0
2024-03-26 21:00:00,EQ_M002,Water Pump,13539.5,18.6,8.0,17.74,3.04,20.0,1,100.0
2024-03-26 21:00:00,EQ_M003,Air Handler,10969.7,12.9,8.0,14.75,3.23,20.0,1,100.0
2024-03-26 21:00:00,EQ_B001,Compressor,8086.8,9.4,5.59,21.38,6.17,44.7,1,85.3
2024-03-26 21:00:00,EQ_B002,Water Pump,10550.5,11.4,7.41,14.71,3.2,20.0,1,100.0
2024-03-26 22:00:00,EQ_M001,Compressor,11799.9,12.7,8.0,25.45,6.99,20.0,1,100.0
2024-03-26 22:00:00,EQ_M002,Water Pump,13540.2,17.1,8.0,14.96,3.15,20.0,1,100.0
2024-03-26 22:00:00,EQ_M003,Air Handler,10970.6,12.1,8.0,15.23,3.0,20.0,1,100.0
2024-03-26 22:00:00,EQ_B001,Compressor,8087.8,10.3,5.65,24.16,6.43,44.4,1,85.6
2024-03-26 22:00:00,EQ_B002,Water Pump,10551.4,10.5,7.82,15.35,3.33,20.0,1,100.0
2024-03-26 23:00:00,EQ_M001,Compressor,11800.5,13.3,8.0,27.33,6.86,20.0,1,100.0
2024-03-26 23:00:00,EQ_M002,Water Pump,13541.1,17.1,8.0,16.66,2.98,20.0,1,100.0
2024-03-26 23:00:00,EQ_M003,Air Handler,10971.2,12.7,8.0,14.66,3.05,20.0,1,100.0
2024-03-26 23:00:00,EQ_B001,Compressor,8088.8,11.1,5.46,22.65,6.54,45.0,0,85.0
2024-03-26 23:00:00,EQ_B002,Water Pump,10552.0,12.1,7.98,13.75,2.91,20.0,1,100.0
2024-03-27 00:00:00,EQ_M001,Compressor,11801.1,13.2,8.0,25.22,7.12,20.0,1,100.0
2024-03-27 00:00:00,EQ_M002,Water Pump,13542.0,17.8,8.0,17.68,2.85,20.0,1,100.0
2024-03-27 00:00:00,EQ_M003,Air Handler,10972.2,12.1,7.92,15.98,2.68,20.0,1,100.0
2024-03-27 00:00:00,EQ_B001,Compressor,8089.6,10.2,5.62,20.52,6.92,44.5,1,85.5
2024-03-27 00:00:00,EQ_B002,Water Pump,10552.7,11.5,8.0,14.65,3.09,20.0,1,100.0
2024-03-27 01:00:00,EQ_M001,Compressor,11802.0,14.1,8.0,22.6,6.54,20.0,1,100.0
2024-03-27 01:00:00,EQ_M002,Water Pump,13542.8,17.7,8.0,15.43,2.9,20.0,1,100.0
2024-03-27 01:00:00,EQ_M003,Air Handler,10973.0,11.7,8.0,15.8,2.71,20.0,1,100.0
2024-03-27 01:00:00,EQ_B001,Compressor,8090.6,9.8,5.45,22.99,6.78,45.0,0,85.0
2024-03-27 01:00:00,EQ_B002,Water Pump,10553.3,12.6,8.0,13.78,3.15,20.0,1,100.0
2024-03-27 02:00:00,EQ_M001,Compressor,11802.8,12.9,8.0,21.75,6.55,20.0,1,100.0
2024-03-27 02:00:00,EQ_M002,Water Pump,13543.4,17.0,8.0,16.22,2.52,20.0,1,100.0
2024-03-27 02:00:00,EQ_M003,Air Handler,10973.8,11.9,8.0,18.52,3.07,20.0,1,100.0
2024-03-27 02:00:00,EQ_B001,Compressor,8091.3,10.4,5.81,18.81,6.86,43.9,1,86.1
2024-03-27 02:00:00,EQ_B002,Water Pump,10554.3,11.3,8.0,13.69,2.64,20.0,1,100.0
2024-03-27 03:00:00,EQ_M001,Compressor,11803.8,14.2,8.0,22.79,6.35,20.0,1,100.0
2024-03-27 03:00:00,EQ_M002,Water Pump,13543.9,18.1,8.0,14.62,2.68,20.0,1,100.0
2024-03-27 03:00:00,EQ_M003,Air Handler,10974.4,11.6,8.0,15.46,3.15,20.0,1,100.0
2024-03-27 03:00:00,EQ_B001,Compressor,8091.9,9.8,5.71,19.99,6.76,44.2,1,85.8
2024-03-27 03:00:00,EQ_B002,Water Pump,10555.2,12.5,7.88,11.62,3.45,20.0,1,100.0
2024-03-27 04:00:00,EQ_M001,Compressor,11804.7,14.9,8.0,21.39,5.91,20.0,1,100.0
2024-03-27 04:00:00,EQ_M002,Water Pump,13544.6,17.8,8.0,15.93,2.78,20.0,1,100.0
2024-03-27 04:00:00,EQ_M003,Air Handler,10975.2,13.0,8.0,16.1,3.26,20.0,1,100.0
2024-03-27 04:00:00,EQ_B001,Compressor,8092.4,9.4,5.71,20.0,6.95,44.2,1,85.8
2024-03-27 04:00:00,EQ_B002,Water Pump,10556.0,11.5,8.0,15.09,3.19,20.0,1,100.0
2024-03-27 05:00:00,EQ_M001,Compressor,11805.6,12.2,8.0,21.22,6.11,20.0,1,100.0
2024-03-27 05:00:00,EQ_M002,Water Pump,13545.3,18.2,8.0,13.91,3.01,20.0,1,100.0
2024-03-27 05:00:00,EQ_M003,Air Handler,10976.1,10.2,8.0,15.66,2.83,20.0,1,100.0
2024-03-27 05:00:00,EQ_B001,Compressor,8093.3,9.8,5.32,23.83,6.51,45.4,0,84.6
2024-03-27 05:00:00,EQ_B002,Water Pump,10556.8,9.9,8.0,14.93,3.2,20.0,1,100.0
2024-03-27 06:00:00,EQ_M001,Compressor,11806.6,13.8,8.0,25.82,6.47,20.0,1,100.0
2024-03-27 06:00:00,EQ_M002,Water Pump,13545.8,17.0,8.0,12.38,3.08,20.0,1,100.0
2024-03-27 06:00:00,EQ_M003,Air Handler,10976.8,9.3,8.0,14.32,2.9,20.0,1,100.0
2024-03-27 06:00:00,EQ_B001,Compressor,8093.9,9.2,4.75,26.98,6.6,47.1,0,82.9
2024-03-27 06:00:00,EQ_B002,Water Pump,10557.4,10.4,8.0,15.93,2.83,20.0,1,100.0
2024-03-27 07:00:00,EQ_M001,Compressor,11807.6,13.5,8.0,21.9,6.29,20.0,1,100.0
2024-03-27 07:00:00,EQ_M002,Water Pump,13546.3,15.5,8.0,14.01,3.03,20.0,1,100.0
2024-03-27 07:00:00,EQ_M003,Air Handler,10977.6,12.4,8.0,14.95,3.12,20.0,1,100.0
2024-03-27 07:00:00,EQ_B001,Compressor,8094.6,9.4,5.41,20.93,6.48,45.1,0,84.9
2024-03-27 07:00:00,EQ_B002,Water Pump,10558.4,11.0,8.0,14.58,3.0,20.0,1,100.0
2024-03-27 08:00:00,EQ_M001,Compressor,11808.3,12.8,8.0,20.46,6.51,20.0,1,100.0
2024-03-27 08:00:00,EQ_M002,Water Pump,13546.8,16.2,8.0,16.27,3.38,20.0,1,100.0
2024-03-27 08:00:00,EQ_M003,Air Handler,10978.4,12.3,8.0,13.42,2.89,20.0,1,100.0
2024-03-27 08:00:00,EQ_B001,Compressor,8095.4,11.1,5.95,20.6,6.11,43.5,1,86.5
2024-03-27 08:00:00,EQ_B002,Water Pump,10558.9,12.0,8.0,15.01,2.95,20.0,1,100.0
2024-03-27 09:00:00,EQ_M001,Compressor,11809.2,12.7,8.0,26.19,6.67,20.0,1,100.0
2024-03-27 09:00:00,EQ_M002,Water Pump,13547.7,17.5,8.0,16.64,2.77,20.0,1,100.0
2024-03-27 09:00:00,EQ_M003,Air Handler,10979.0,13.0,8.0,16.21,3.03,20.0,1,100.0
2024-03-27 09:00:00,EQ_B001,Compressor,8096.3,11.0,5.48,20.18,6.27,44.8,0,85.2
2024-03-27 09:00:00,EQ_B002,Water Pump,10559.4,10.6,8.0,12.67,3.33,20.0,1,100.0
2024-03-27 10:00:00,EQ_M001,Compressor,11809.9,12.4,8.0,21.41,6.3,20.0,1,100.0
2024-03-27 10:00:00,EQ_M002,Water Pump,13548.2,17.2,8.0,14.24,2.97,20.0,1,100.0
2024-03-27 10:00:00,EQ_M003,Air Handler,10979.7,10.9,8.0,19.04,2.92,20.0,1,100.0
2024-03-27 10:00:00,EQ_B001,Compressor,8097.0,10.9,5.61,22.58,6.62,44.5,1,85.5
2024-03-27 10:00:00,EQ_B002,Water Pump,10560.3,11.5,8.0,15.37,3.05,20.0,1,100.0
2024-03-27 11:00:00,EQ_M001,Compressor,11810.5,14.6,8.0,21.9,6.5,20.0,1,100.0
2024-03-27 11:00:00,EQ_M002,Water Pump,13549.0,17.3,8.0,15.49,3.07,20.0,1,100.0
2024-03-27 11:00:00,EQ_M003,Air Handler,10980.4,11.4,8.0,13.94,2.58,20.0,1,100.0
2024-03-27 11:00:00,EQ_B001,Compressor,8097.5,9.9,5.34,23.1,6.45,45.3,0,84.7
2024-03-27 11:00:00,EQ_B002,Water Pump,10560.9,10.7,8.0,12.86,3.16,20.0,1,100.0
2024-03-27 12:00:00,EQ_M001,Compressor,11811.0,14.1,8.0,23.19,6.26,20.0,1,100.0
2024-03-27 12:00:00,EQ_M002,Water Pump,13549.8,16.4,8.0,14.47,2.86,20.0,1,100.0
2024-03-27 12:00:00,EQ_M003,Air Handler,10981.1,11.1,8.0,18.26,2.84,20.0,1,100.0
2024-03-27 12:00:00,EQ_B001,Compressor,8098.5,9.1,5.14,21.07,6.64,45.9,0,84.1
2024-03-27 12:00:00,EQ_B002,Water Pump,10561.7,10.9,8.0,15.27,3.19,20.0,1,100.0
2024-03-27 13:00:00,EQ_M001,Compressor,11811.7,14.7,8.0,19.22,7.01,20.0,1,100.0
2024-03-27 13:00:00,EQ_M002,Water Pump,13550.7,17.0,8.0,14.35,3.21,20.0,1,100.0
2024-03-27 13:00:00,EQ_M003,Air Handler,10981.7,11.7,8.0,17.25,2.87,20.0,1,100.0
2024-03-27 13:00:00,EQ_B001,Compressor,8099.0,8.7,5.83,25.23,6.85,43.8,1,86.2
2024-03-27 13:00:00,EQ_B002,Water Pump,10562.6,11.0,8.0,15.67,3.19,20.0,1,100.0
2024-03-27 14:00:00,EQ_M001,Compressor,11812.5,14.8,8.0,21.16,6.22,20.0,1,100.0
2024-03-27 14:00:00,EQ_M002,Water Pump,13551.4,16.8,8.0,18.97,2.91,20.0,1,100.0
2024-03-27 14:00:00,EQ_M003,Air Handler,10982.3,11.3,8.0,13.68,2.9,20.0,1,100.0
2024-03-27 14:00:00,EQ_B001,Compressor,8099.9,10.8,5.78,20.01,6.11,43.9,1,86.1
2024-03-27 14:00:00,EQ_B002,Water Pump,10563.2,12.5,7.92,15.24,3.02,20.0,1,100.0
2024-03-27 15:00:00,EQ_M001,Compressor,11813.4,12.6,8.0,24.53,6.32,20.0,1,100.0
2024-03-27 15:00:00,EQ_M002,Water Pump,13552.1,18.6,8.0,13.34,2.88,20.0,1,100.0
2024-03-27 15:00:00,EQ_M003,Air Handler,10983.0,11.8,8.0,17.49,3.07,20.0,1,100.0
2024-03-27 15:00:00,EQ_B001,Compressor,8100.5,12.4,5.71,22.25,6.88,44.1,1,85.9
2024-03-27 15:00:00,EQ_B002,Water Pump,10564.0,11.6,8.0,13.14,2.69,20.0,1,100.0
2024-03-27 16:00:00,EQ_M001,Compressor,11813.9,14.7,8.0,25.03,7.1,20.0,1,100.0
2024-03-27 16:00:00,EQ_M002,Water Pump,13553.0,16.4,8.0,13.81,2.97,20.0,1,100.0
2024-03-27 16:00:00,EQ_M003,Air Handler,10984.0,11.5,8.0,13.42,3.29,20.0,1,100.0
2024-03-27 16:00:00,EQ_B001,Compressor,8101.3,10.5,5.21,24.69,6.55,45.6,0,84.4
2024-03-27 16:00:00,EQ_B002,Water Pump,10564.9,9.9,8.0,15.52,3.03,20.0,1,100.0
2024-03-27 17:00:00,EQ_M001,Compressor,11814.5,13.6,8.0,26.15,6.49,20.0,1,100.0
2024-03-27 17:00:00,EQ_M002,Water Pump,13554.0,17.9,8.0,14.59,2.89,20.0,1,100.0
2024-03-27 17:00:00,EQ_M003,Air Handler,10984.7,13.2,8.0,16.95,3.05,20.0,1,100.0
2024-03-27 17:00:00,EQ_B001,Compressor,8102.2,10.6,5.39,22.02,6.73,45.1,0,84.9
2024-03-27 17:00:00,EQ_B002,Water Pump,10565.4,11.1,8.0,14.96,3.15,20.0,1,100.0
2024-03-27 18:00:00,EQ_M001,Compressor,11815.5,13.8,8.0,22.45,6.84,20.0,1,100.0
2024-03-27 18:00:00,EQ_M002,Water Pump,13555.0,16.5,8.0,14.78,3.01,20.0,1,100.0
2024-03-27 18:00:00,EQ_M003,Air Handler,10985.3,12.6,8.0,17.59,2.6,20.0,1,100.0
2024-03-27 18:00:00,EQ_B001,Compressor,8102.8,11.7,5.45,19.59,6.6,44.9,0,85.1
2024-03-27 18:00:00,EQ_B002,Water Pump,10566.0,11.6,8.0,12.2,2.84,20.0,1,100.0
2024-03-27 19:00:00,EQ_M001,Compressor,11816.3,13.6,8.0,20.14,6.38,20.0,1,100.0
2024-03-27 19:00:00,EQ_M002,Water Pump,13555.6,16.2,8.0,18.42,2.83,20.0,1,100.0
2024-03-27 19:00:00,EQ_M003,Air Handler,10986.0,11.9,8.0,15.12,3.06,20.0,1,100.0
2024-03-27 19:00:00,EQ_B001,Compressor,8103.4,9.4,5.42,18.67,6.24,45.0,0,85.0
2024-03-27 19:00:00,EQ_B002,Water Pump,10566.7,10.9,7.93,14.32,2.61,20.0,1,100.0
2024-03-27 20:00:00,EQ_M001,Compressor,11816.9,15.0,8.0,17.58,6.34,20.0,1,100.0
2024-03-27 20:00:00,EQ_M002,Water Pump,13556.5,16.9,8.0,15.39,3.14,20.0,1,100.0
2024-03-27 20:00:00,EQ_M003,Air Handler,10986.9,12.3,8.0,16.13,3.17,20.0,1,100.0
2024-03-27 20:00:00,EQ_B001,Compressor,8104.0,9.7,5.37,22.89,6.46,45.1,0,84.9
2024-03-27 20:00:00,EQ_B002,Water Pump,10567.6,12.8,8.0,15.58,2.81,20.0,1,100.0
2024-03-27 21:00:00,EQ_M001,Compressor,11817.4,13.7,8.0,22.4,6.71,20.0,1,100.0
2024-03-27 21:00:00,EQ_M002,Water Pump,13557.2,16.1,8.0,15.96,3.02,20.0,1,100.0
2024-03-27 21:00:00,EQ_M003,Air Handler,10987.7,13.3,8.0,13.36,3.16,20.0,1,100.0
2024-03-27 21:00:00,EQ_B001,Compressor,8104.7,10.2,5.62,20.47,6.25,44.3,1,85.7
2024-03-27 21:00:00,EQ_B002,Water Pump,10568.1,11.6,8.0,16.85,2.99,20.0,1,100.0
2024-03-27 22:00:00,EQ_M001,Compressor,11818.0,14.1,8.0,22.44,6.73,20.0,1,100.0
2024-03-27 22:00:00,EQ_M002,Water Pump,13558.1,15.3,8.0,14.54,3.26,20.0,1,100.0
2024-03-27 22:00:00,EQ_M003,Air Handler,10988.3,11.7,8.0,15.76,3.15,20.0,1,100.0
2024-03-27 22:00:00,EQ_B001,Compressor,8105.6,10.9,6.29,21.12,6.1,42.3,1,87.7
2024-03-27 22:00:00,EQ_B002,Water Pump,10569.1,10.9,8.0,14.36,2.82,20.0,1,100.0
2024-03-27 23:00:00,EQ_M001,Compressor,11819.0,12.3,8.0,20.96,6.39,20.0,1,100.0
2024-03-27 23:00:00,EQ_M002,Water Pump,13559.1,17.5,8.0,13.59,2.91,20.0,1,100.0
2024-03-27 23:00:00,EQ_M003,Air Handler,10989.2,11.7,8.0,15.66,3.09,20.0,1,100.0
2024-03-27 23:00:00,EQ_B001,Compressor,8106.4,10.4,5.27,20.4,6.81,45.4,0,84.6
2024-03-27 23:00:00,EQ_B002,Water Pump,10570.0,9.7,7.86,13.78,3.17,20.0,1,100.0
2024-03-28 00:00:00,EQ_M001,Compressor,11819.6,14.6,8.0,19.94,6.75,20.0,1,100.0
2024-03-28 00:00:00,EQ_M002,Water Pump,13559.6,17.5,8.0,14.04,3.16,20.0,1,100.0
2024-03-28 00:00:00,EQ_M003,Air Handler,10990.1,14.0,8.0,14.54,2.95,20.0,1,100.0
2024-03-28 00:00:00,EQ_B001,Compressor,8107.1,9.8,5.95,21.05,6.11,43.3,1,86.7
2024-03-28 00:00:00,EQ_B002,Water Pump,10570.8,10.3,7.85,14.76,2.69,20.0,1,100.0
2024-03-28 01:00:00,EQ_M001,Compressor,11820.6,13.8,8.0,18.96,6.71,20.0,1,100.0
2024-03-28 01:00:00,EQ_M002,Water Pump,13560.6,17.1,8.0,13.74,2.71,20.0,1,100.0
2024-03-28 01:00:00,EQ_M003,Air Handler,10990.9,11.6,8.0,14.05,3.07,20.0,1,100.0
2024-03-28 01:00:00,EQ_B001,Compressor,8107.7,10.0,5.65,20.18,6.14,44.2,1,85.8
2024-03-28 01:00:00,EQ_B002,Water Pump,10571.7,12.8,7.81,14.74,3.22,20.0,1,100.0
2024-03-28 02:00:00,EQ_M001,Compressor,11821.4,13.1,8.0,20.03,6.82,20.0,1,100.0
2024-03-28 02:00:00,EQ_M002,Water Pump,13561.1,16.3,8.0,13.8,2.79,20.0,1,100.0
2024-03-28 02:00:00,EQ_M003,Air Handler,10991.9,11.8,8.0,14.54,2.93,20.0,1,100.0
2024-03-28 02:00:00,EQ_B001,Compressor,8108.3,11.1,5.42,20.76,6.55,44.9,0,85.1
2024-03-28 02:00:00,EQ_B002,Water Pump,10572.4,11.3,8.0,13.16,3.2,20.0,1,100.0
2024-03-28 03:00:00,EQ_M001,Compressor,11822.1,13.0,8.0,24.41,6.7,20.0,1,100.0
2024-03-28 03:00:00,EQ_M002,Water Pump,13561.6,16.6,8.0,16.15,3.02,20.0,1,100.0
2024-03-28 03:00:00,EQ_M003,Air Handler,10992.8,13.1,8.0,14.98,2.69,20.0,1,100.0
2024-03-28 03:00:00,EQ_B001,Compressor,8109.0,10.3,5.03,22.82,6.4,46.0,0,84.0
2024-03-28 03:00:00,EQ_B002,Water Pump,10573.4,13.0,8.0,10.43,2.99,20.0,1,100.0
2024-03-28 04:00:00,EQ_M001,Compressor,11822.6,13.0,8.0,19.85,6.32,20.0,1,100.0
2024-03-28 04:00:00,EQ_M002,Water Pump,13562.5,16.6,8.0,12.8,2.75,20.0,1,100.0
2024-03-28 04:00:00,EQ_M003,Air Handler,10993.6,13.1,8.0,16.83,3.01,20.0,1,100.0
2024-03-28 04:00:00,EQ_B001,Compressor,8110.0,9.8,5.14,22.3,6.94,45.7,0,84.3
2024-03-28 04:00:00,EQ_B002,Water Pump,10574.1,12.3,8.0,12.55,3.14,20.0,1,100.0
2024-03-28 05:00:00,EQ_M001,Compressor,11823.2,13.5,8.0,18.43,6.07,20.0,1,100.0
2024-03-28 05:00:00,EQ_M002,Water Pump,13563.3,15.3,8.0,14.8,3.07,20.0,1,100.0
2024-03-28 05:00:00,EQ_M003,Air Handler,10994.5,12.0,8.0,16.27,3.17,20.0,1,100.0
2024-03-28 05:00:00,EQ_B001,Compressor,8110.9,6.9,5.62,21.2,6.35,44.3,1,85.7
2024-03-28 05:00:00,EQ_B002,Water Pump,10574.8,12.7,8.0,16.85,3.27,20.0,1,100.0
2024-03-28 06:00:00,EQ_M001,Compressor,11824.2,14.3,8.0,20.48,6.62,20.0,1,100.0
2024-03-28 06:00:00,EQ_M002,Water Pump,13563.9,18.4,8.0,13.62,2.65,20.0,1,100.0
2024-03-28 06:00:00,EQ_M003,Air Handler,10995.2,11.7,8.0,13.97,3.07,20.0,1,100.0
2024-03-28 06:00:00,EQ_B001,Compressor,8111.4,9.6,5.57,20.72,6.28,44.4,1,85.6
2024-03-28 06:00:00,EQ_B002,Water Pump,10575.4,13.1,7.82,13.77,3.23,20.0,1,100.0
2024-03-28 07:00:00,EQ_M001,Compressor,11824.8,12.5,8.0,21.57,6.85,20.0,1,100.0
2024-03-28 07:00:00,EQ_M002,Water Pump,13564.8,17.3,8.0,11.15,2.76,20.0,1,100.0
2024-03-28 07:00:00,EQ_M003,Air Handler,10996.1,9.3,8.0,15.17,2.99,20.0,1,100.0
2024-03-28 07:00:00,EQ_B001,Compressor,8112.4,9.2,5.89,23.0,6.34,43.4,1,86.6
2024-03-28 07:00:00,EQ_B002,Water Pump,10576.3,9.3,7.62,15.06,2.78,20.0,1,100.0
2024-03-28 08:00:00,EQ_M001,Compressor,11825.8,13.9,8.0,24.46,6.81,20.0,1,100.0
2024-03-28 08:00:00,EQ_M002,Water Pump,13565.6,16.2,8.0,13.65,3.33,20.0,1,100.0
2024-03-28 08:00:00,EQ_M003,Air Handler,10996.9,12.8,8.0,16.19,3.12,20.0,1,100.0
2024-03-28 08:00:00,EQ_B001,Compressor,8112.9,10.6,5.41,19.42,6.46,44.9,0,85.1
2024-03-28 08:00:00,EQ_B002,Water Pump,10576.9,11.9,8.0,17.0,2.61,20.0,1,100.0
2024-03-28 09:00:00,EQ_M001,Compressor,11826.4,13.9,8.0,23.51,6.27,20.0,1,100.0
2024-03-28 09:00:00,EQ_M002,Water Pump,13566.3,17.0,8.0,14.15,3.1,20.0,1,100.0
2024-03-28 09:00:00,EQ_M003,Air Handler,10997.6,11.8,8.0,13.55,3.2,20.0,1,100.0
2024-03-28 09:00:00,EQ_B001,Compressor,8113.8,9.4,5.76,22.0,6.26,43.8,1,86.2
2024-03-28 09:00:00,EQ_B002,Water Pump,10577.6,10.0,8.0,14.16,3.24,20.0,1,100.0
2024-03-28 10:00:00,EQ_M001,Compressor,11827.0,14.5,8.0,21.24,6.59,20.0,1,100.0
2024-03-28 10:00:00,EQ_M002,Water Pump,13567.0,17.4,8.0,16.16,2.8,20.0,1,100.0
2024-03-28 10:00:00,EQ_M003,Air Handler,10998.2,13.1,7.69,14.76,3.32,20.0,1,100.0
2024-03-28 10:00:00,EQ_B001,Compressor,8114.7,10.1,5.79,22.52,6.17,43.7,1,86.3
2024-03-28 10:00:00,EQ_B002,Water Pump,10578.5,10.8,8.0,18.6,2.94,20.0,1,100.0
2024-03-28 11:00:00,EQ_M001,Compressor,11827.7,13.0,8.0,21.02,6.51,20.0,1,100.0
2024-03-28 11:00:00,EQ_M002,Water Pump,13567.6,16.8,8.0,15.24,2.89,20.0,1,100.0
2024-03-28 11:00:00,EQ_M003,Air Handler,10999.0,13.3,8.0,15.35,2.91,20.0,1,100.0
2024-03-28 11:00:00,EQ_B001,Compressor,8115.3,10.4,5.53,24.3,6.8,44.5,1,85.5
2024-03-28 11:00:00,EQ_B002,Water Pump,10579.1,10.8,8.0,12.78,2.96,20.0,1,100.0
2024-03-28 12:00:00,EQ_M001,Compressor,11828.4,13.1,8.0,23.19,6.49,20.0,1,100.0
2024-03-28 12:00:00,EQ_M002,Water Pump,13568.5,16.5,8.0,15.71,3.11,20.0,1,100.0
2024-03-28 12:00:00,EQ_M003,Air Handler,10999.7,10.2,8.0,15.88,3.24,20.0,1,100.0
2024-03-28 12:00:00,EQ_B001,Compressor,8116.2,10.6,5.63,22.85,6.91,44.1,1,85.9
2024-03-28 12:00:00,EQ_B002,Water Pump,10579.7,10.6,8.0,16.87,2.77,20.0,1,100.0
2024-03-28 13:00:00,EQ_M001,Compressor,11829.0,15.9,8.0,24.39,6.07,20.0,1,100.0
2024-03-28 13:00:00,EQ_M002,Water Pump,13569.0,16.8,8.0,13.7,3.06,20.0,1,100.0
2024-03-28 13:00:00,EQ_M003,Air Handler,11000.5,12.4,8.0,14.14,2.74,20.0,1,100.0
2024-03-28 13:00:00,EQ_B001,Compressor,8117.1,10.6,5.83,22.34,7.11,43.6,1,86.4
2024-03-28 13:00:00,EQ_B002,Water Pump,10580.4,10.6,8.0,16.07,3.05,20.0,1,100.0
2024-03-28 14:00:00,EQ_M001,Compressor,11829.6,14.3,8.0,20.54,6.53,20.0,1,100.0
2024-03-28 14:00:00,EQ_M002,Water Pump,13569.6,16.6,8.0,13.33,3.05,20.0,1,100.0
2024-03-28 14:00:00,EQ_M003,Air Handler,11001.2,12.6,8.0,16.5,3.0,20.0,1,100.0
2024-03-28 14:00:00,EQ_B001,Compressor,8117.9,10.9,5.17,20.33,6.69,45.5,0,84.5
2024-03-28 14:00:00,EQ_B002,Water Pump,10581.2,10.7,7.69,15.09,2.86,20.0,1,100.0
2024-03-28 15:00:00,EQ_M001,Compressor,11830.1,13.0,8.0,24.88,6.97,20.0,1,100.0
2024-03-28 15:00:00,EQ_M002,Water Pump,13570.4,15.9,8.0,14.6,3.0,20.0,1,100.0
2024-03-28 15:00:00,EQ_M003,Air Handler,11002.2,13.1,8.0,16.31,2.95,20.0,1,100.0
2024-03-28 15:00:00,EQ_B001,Compressor,8118.8,8.8,5.6,20.01,6.78,44.2,1,85.8
2024-03-28 15:00:00,EQ_B002,Water Pump,10581.9,9.8,8.0,15.12,3.13,20.0,1,100.0
2024-03-28 16:00:00,EQ_M001,Compressor,11831.0,13.5,8.0,22.56,6.65,20.0,1,100.0
2024-03-28 16:00:00,EQ_M002,Water Pump,13570.9,16.9,8.0,14.56,3.16,20.0,1,100.0
2024-03-28 16:00:00,EQ_M003,Air Handler,11003.1,12.3,8.0,14.27,2.9,20.0,1,100.0
2024-03-28 16:00:00,EQ_B001,Compressor,8119.4,10.7,6.11,24.23,7.28,42.7,1,87.3
2024-03-28 16:00:00,EQ_B002,Water Pump,10582.5,9.5,7.84,18.19,2.75,20.0,1,100.0
2024-03-28 17:00:00,EQ_M001,Compressor,11831.7,13.4,8.0,21.15,6.52,20.0,1,100.0
2024-03-28 17:00:00,EQ_M002,Water Pump,13571.7,16.8,8.0,13.24,2.86,20.0,1,100.0
2024-03-28 17:00:00,EQ_M003,Air Handler,11003.7,10.8,8.0,16.94,2.87,20.0,1,100.0
2024-03-28 17:00:00,EQ_B001,Compressor,8120.2,10.6,5.48,20.75,6.74,44.6,0,85.4
2024-03-28 17:00:00,EQ_B002,Water Pump,10583.4,10.1,8.0,15.96,2.78,20.0,1,100.0
2024-03-28 18:00:00,EQ_M001,Compressor,11832.7,12.1,8.0,21.57,6.68,20.0,1,100.0
2024-03-28 18:00:00,EQ_M002,Water Pump,13572.6,17.8,8.0,18.36,2.97,20.0,1,100.0
2024-03-28 18:00:00,EQ_M003,Air Handler,11004.4,11.6,8.0,17.29,3.26,20.0,1,100.0
2024-03-28 18:00:00,EQ_B001,Compressor,8121.0,10.5,5.46,24.54,6.22,44.6,0,85.4
2024-03-28 18:00:00,EQ_B002,Water Pump,10584.0,11.9,7.98,15.82,2.44,20.0,1,100.0
2024-03-28 19:00:00,EQ_M001,Compressor,11833.3,15.2,8.0,22.75,7.18,20.0,1,100.0
2024-03-28 19:00:00,EQ_M002,Water Pump,13573.4,16.6,8.0,14.56,2.72,20.0,1,100.0
2024-03-28 19:00:00,EQ_M003,Air Handler,11005.3,11.6,8.0,15.18,3.39,20.0,1,100.0
2024-03-28 19:00:00,EQ_B001,Compressor,8121.7,8.4,6.09,19.01,6.54,42.7,1,87.3
2024-03-28 19:00:00,EQ_B002,Water Pump,10584.8,12.1,7.71,14.93,2.86,20.0,1,100.0
2024-03-28 20:00:00,EQ_M001,Compressor,11834.2,11.5,8.0,19.33,6.55,20.0,1,100.0
2024-03-28 20:00:00,EQ_M002,Water Pump,13574.0,17.4,8.0,17.28,3.08,20.0,1,100.0
2024-03-28 20:00:00,EQ_M003,Air Handler,11006.3,11.3,8.0,15.09,3.04,20.0,1,100.0
2024-03-28 20:00:00,EQ_B001,Compressor,8122.6,10.0,5.8,22.41,7.14,43.6,1,86.4
2024-03-28 20:00:00,EQ_B002,Water Pump,10585.7,11.7,7.43,16.45,2.65,20.0,1,100.0
2024-03-28 21:00:00,EQ_M001,Compressor,11834.7,13.8,8.0,21.84,6.19,20.0,1,100.0
2024-03-28 21:00:00,EQ_M002,Water Pump,13574.8,18.2,8.0,13.19,2.82,20.0,1,100.0
2024-03-28 21:00:00,EQ_M003,Air Handler,11007.2,11.9,8.0,18.49,3.03,20.0,1,100.0
2024-03-28 21:00:00,EQ_B001,Compressor,8123.3,10.1,4.99,20.64,6.62,46.0,0,84.0
2024-03-28 21:00:00,EQ_B002,Water Pump,10586.3,10.9,8.0,13.96,2.86,20.0,1,100.0
2024-03-28 22:00:00,EQ_M001,Compressor,11835.4,13.6,8.0,21.38,6.68,20.0,1,100.0
2024-03-28 22:00:00,EQ_M002,Water Pump,13575.6,17.5,8.0,15.18,2.98,20.0,1,100.0
2024-03-28 22:00:00,EQ_M003,Air Handler,11007.9,11.9,8.0,16.14,2.96,20.0,1,100.0
2024-03-28 22:00:00,EQ_B001,Compressor,8123.8,11.6,5.26,20.8,6.55,45.2,0,84.8
2024-03-28 22:00:00,EQ_B002,Water Pump,10587.0,12.2,8.0,15.37,2.9,20.0,1,100.0
2024-03-28 23:00:00,EQ_M001,Compressor,11836.2,12.0,8.0,22.12,6.09,20.0,1,100.0
2024-03-28 23:00:00,EQ_M002,Water Pump,13576.2,17.8,8.0,13.83,3.01,20.0,1,100.0
2024-03-28 23:00:00,EQ_M003,Air Handler,11008.6,12.8,8.0,15.89,2.81,20.0,1,100.0
2024-03-28 23:00:00,EQ_B001,Compressor,8124.4,8.1,5.64,19.66,6.5,44.0,1,86.0
2024-03-28 23:00:00,EQ_B002,Water Pump,10587.9,9.7,8.0,19.11,2.94,20.0,1,100.0
2024-03-29 00:00:00,EQ_M001,Compressor,11837.1,13.3,8.0,22.66,6.79,20.0,1,100.0
2024-03-29 00:00:00,EQ_M002,Water Pump,13577.1,17.1,8.0,14.8,2.92,20.0,1,100.0
2024-03-29 00:00:00,EQ_M003,Air Handler,11009.2,11.7,8.0,14.78,2.96,20.0,1,100.0
2024-03-29 00:00:00,EQ_B001,Compressor,8125.2,10.1,5.62,18.61,6.72,44.1,1,85.9
2024-03-29 00:00:00,EQ_B002,Water Pump,10588.4,11.5,7.74,15.55,2.96,20.0,1,100.0
2024-03-29 01:00:00,EQ_M001,Compressor,11838.0,14.1,8.0,21.72,6.28,20.0,1,100.0
2024-03-29 01:00:00,EQ_M002,Water Pump,13578.1,15.2,8.0,16.97,2.86,20.0,1,100.0
2024-03-29 01:00:00,EQ_M003,Air Handler,11010.0,13.8,8.0,14.31,2.81,20.0,1,100.0
2024-03-29 01:00:00,EQ_B001,Compressor,8125.8,10.8,4.96,25.74,6.17,46.1,0,83.9
2024-03-29 01:00:00,EQ_B002,Water Pump,10589.2,9.8,7.93,16.27,3.23,20.0,1,100.0
2024-03-29 02:00:00,EQ_M001,Compressor,11838.6,14.1,8.0,23.07,7.0,20.0,1,100.0
2024-03-29 02:00:00,EQ_M002,Water Pump,13579.0,16.3,8.0,15.43,2.93,20.0,1,100.0
2024-03-29 02:00:00,EQ_M003,Air Handler,11010.6,12.8,8.0,14.53,3.21,20.0,1,100.0
2024-03-29 02:00:00,EQ_B001,Compressor,8126.7,11.6,5.0,20.5,6.6,45.9,0,84.1
2024-03-29 02:00:00,EQ_B002,Water Pump,10589.7,10.5,8.0,13.91,3.18,20.0,1,100.0
2024-03-29 03:00:00,EQ_M001,Compressor,11839.3,12.7,8.0,22.33,6.49,20.0,1,100.0
2024-03-29 03:00:00,EQ_M002,Water Pump,13579.9,15.6,8.0,16.8,2.75,20.0,1,100.0
2024-03-29 03:00:00,EQ_M003,Air Handler,11011.6,11.4,8.0,13.62,2.93,20.0,1,100.0
2024-03-29 03:00:00,EQ_B001,Compressor,8127.5,8.0,5.6,22.9,6.93,44.1,1,85.9
2024-03-29 03:00:00,EQ_B002,Water Pump,10590.4,10.8,8.0,16.83,2.79,20.0,1,100.0
2024-03-29 04:00:00,EQ_M001,Compressor,11839.9,14.0,8.0,20.62,6.93,20.0,1,100.0
2024-03-29 04:00:00,EQ_M002,Water Pump,13580.5,17.7,8.0,14.37,2.92,20.0,1,100.0
2024-03-29 04:00:00,EQ_M003,Air Handler,11012.4,11.7,8.0,12.99,3.06,20.0,1,100.0
2024-03-29 04:00:00,EQ_B001,Compressor,8128.3,8.8,5.87,21.32,6.47,43.3,1,86.7
2024-03-29 04:00:00,EQ_B002,Water Pump,10590.9,10.2,7.99,12.81,2.74,20.0,1,100.0
2024-03-29 05:00:00,EQ_M001,Compressor,11840.4,12.6,8.0,20.01,6.56,20.0,1,100.0
2024-03-29 05:00:00,EQ_M002,Water Pump,13581.3,16.1,8.0,12.68,2.76,20.0,1,100.0
2024-03-29 05:00:00,EQ_M003,Air Handler,11013.0,12.6,8.0,15.66,2.89,20.0,1,100.0
2024-03-29 05:00:00,EQ_B001,Compressor,8129.2,9.4,5.33,20.54,6.5,44.9,0,85.1
2024-03-29 05:00:00,EQ_B002,Water Pump,10591.6,10.6,7.57,15.89,2.64,20.0,1,100.0
2024-03-29 06:00:00,EQ_M001,Compressor,11841.0,13.2,8.0,24.64,6.56,20.0,1,100.0
2024-03-29 06:00:00,EQ_M002,Water Pump,13582.2,16.1,8.0,12.62,2.57,20.0,1,100.0
2024-03-29 06:00:00,EQ_M003,Air Handler,11013.6,12.2,8.0,13.41,2.74,20.0,1,100.0
2024-03-29 06:00:00,EQ_B001,Compressor,8130.0,10.1,5.56,22.04,6.16,44.2,1,85.8
2024-03-29 06:00:00,EQ_B002,Water Pump,10592.6,12.2,7.75,14.61,2.92,20.0,1,100.0
2024-03-29 07:00:00,EQ_M001,Compressor,11841.8,14.0,8.0,22.46,6.47,20.0,1,100.0
2024-03-29 07:00:00,EQ_M002,Water Pump,13583.1,17.8,8.0,14.84,2.69,20.0,1,100.0
2024-03-29 07:00:00,EQ_M003,Air Handler,11014.4,12.4,8.0,14.06,2.68,20.0,1,100.0
2024-03-29 07:00:00,EQ_B001,Compressor,8130.8,9.9,5.77,24.75,6.12,43.6,1,86.4
2024-03-29 07:00:00,EQ_B002,Water Pump,10593.3,11.9,7.98,13.54,3.23,20.0,1,100.0
2024-03-29 08:00:00,EQ_M001,Compressor,11842.7,11.6,8.0,24.03,6.93,20.0,1,100.0
2024-03-29 08:00:00,EQ_M002,Water Pump,13583.9,18.0,8.0,15.29,2.96,20.0,1,100.0
2024-03-29 08:00:00,EQ_M003,Air Handler,11015.0,12.4,8.0,13.02,3.11,20.0,1,100.0
2024-03-29 08:00:00,EQ_B001,Compressor,8131.6,11.9,6.41,20.11,6.33,41.6,1,88.4
2024-03-29 08:00:00,EQ_B002,Water Pump,10594.0,9.3,8.0,14.33,3.09,20.0,1,100.0
2024-03-29 09:00:00,EQ_M001,Compressor,11843.6,15.3,8.0,21.92,6.2,20.0,1,100.0
2024-03-29 09:00:00,EQ_M002,Water Pump,13584.8,16.6,8.0,15.27,2.75,20.0,1,100.0
2024-03-29 09:00:00,EQ_M003,Air Handler,11016.0,13.0,8.0,13.39,3.56,20.0,1,100.0
2024-03-29 09:00:00,EQ_B001,Compressor,8132.1,8.4,5.5,22.37,6.93,44.4,0,85.6
2024-03-29 09:00:00,EQ_B002,Water Pump,10594.5,11.3,8.0,15.02,3.07,20.0,1,100.0
2024-03-29 10:00:00,EQ_M001,Compressor,11844.6,13.6,8.0,23.05,6.74,20.0,1,100.0
2024-03-29 10:00:00,EQ_M002,Water Pump,13585.7,16.9,8.0,13.57,3.26,20.0,1,100.0
2024-03-29 10:00:00,EQ_M003,Air Handler,11016.9,12.6,8.0,13.31,2.93,20.0,1,100.0
2024-03-29 10:00:00,EQ_B001,Compressor,8133.0,10.4,5.49,21.41,5.92,44.4,0,85.6
2024-03-29 10:00:00,EQ_B002,Water Pump,10595.3,12.3,8.0,16.7,2.94,20.0,1,100.0
2024-03-29 11:00:00,EQ_M001,Compressor,11845.1,13.3,8.0,22.3,6.32,20.0,1,100.0
2024-03-29 11:00:00,EQ_M002,Water Pump,13586.4,18.8,8.0,14.87,3.14,20.0,1,100.0
2024-03-29 11:00:00,EQ_M003,Air Handler,11017.8,10.9,8.0,13.65,2.66,20.0,1,100.0
2024-03-29 11:00:00,EQ_B001,Compressor,8133.9,9.8,5.66,23.8,6.23,43.8,1,86.2
2024-03-29 11:00:00,EQ_B002,Water Pump,10595.9,11.2,8.0,15.17,3.02,20.0,1,100.0
2024-03-29 12:00:00,EQ_M001,Compressor,11845.7,13.4,8.0,25.41,6.66,20.0,1,100.0
2024-03-29 12:00:00,EQ_M002,Water Pump,13587.3,19.3,8.0,14.61,2.98,20.0,1,100.0
2024-03-29 12:00:00,EQ_M003,Air Handler,11018.7,15.9,8.0,14.22,3.22,20.0,1,100.0
2024-03-29 12:00:00,EQ_B001,Compressor,8134.8,9.5,5.95,21.79,6.79,43.0,1,87.0
2024-03-29 12:00:00,EQ_B002,Water Pump,10596.7,11.6,8.0,19.62,3.16,20.0,1,100.0
2024-03-29 13:00:00,EQ_M001,Compressor,11846.6,15.1,8.0,16.78,6.11,20.0,1,100.0
2024-03-29 13:00:00,EQ_M002,Water Pump,13588.3,17.6,8.0,14.47,2.91,20.0,1,100.0
2024-03-29 13:00:00,EQ_M003,Air Handler,11019.6,13.8,8.0,12.88,3.0,20.0,1,100.0
2024-03-29 13:00:00,EQ_B001,Compressor,8135.4,11.2,5.96,18.45,6.61,42.9,1,87.1
2024-03-29 13:00:00,EQ_B002,Water Pump,10597.7,10.6,7.81,13.84,3.3,20.0,1,100.0
2024-03-29 14:00:00,EQ_M001,Compressor,11847.3,13.3,8.0,23.92,6.41,20.0,1,100.0
2024-03-29 14:00:00,EQ_M002,Water Pump,13589.1,17.3,8.0,14.2,2.98,20.0,1,100.0
2024-03-29 14:00:00,EQ_M003,Air Handler,11020.2,11.3,8.0,16.22,3.14,20.0,1,100.0
2024-03-29 14:00:00,EQ_B001,Compressor,8136.1,10.6,5.26,21.62,6.79,45.0,0,85.0
2024-03-29 14:00:00,EQ_B002,Water Pump,10598.7,10.7,7.87,14.99,2.99,20.0,1,100.0
2024-03-29 15:00:00,EQ_M001,Compressor,11848.2,13.5,8.0,21.22,6.31,20.0,1,100.0
2024-03-29 15:00:00,EQ_M002,Water Pump,13589.6,16.9,8.0,16.78,3.21,20.0,1,100.0
2024-03-29 15:00:00,EQ_M003,Air Handler,11020.9,11.9,8.0,14.59,2.85,20.0,1,100.0
2024-03-29 15:00:00,EQ_B001,Compressor,8136.9,10.1,5.41,21.78,6.64,44.6,0,85.4
2024-03-29 15:00:00,EQ_B002,Water Pump,10599.4,10.3,8.0,13.66,3.03,20.0,1,100.0
2024-03-29 16:00:00,EQ_M001,Compressor,11849.2,14.7,8.0,20.54,6.83,20.0,1,100.0
2024-03-29 16:00:00,EQ_M002,Water Pump,13590.5,15.2,8.0,13.03,2.97,20.0,1,100.0
2024-03-29 16:00:00,EQ_M003,Air Handler,11021.8,13.3,8.0,15.71,2.8,20.0,1,100.0
2024-03-29 16:00:00,EQ_B001,Compressor,8137.8,10.3,5.89,25.63,6.35,43.1,1,86.9
2024-03-29 16:00:00,EQ_B002,Water Pump,10600.1,11.6,8.0,17.4,3.04,20.0,1,100.0
2024-03-29 17:00:00,EQ_M001,Compressor,11850.1,13.9,8.0,21.15,6.18,20.0,1,100.0
2024-03-29 17:00:00,EQ_M002,Water Pump,13591.1,18.0,8.0,14.45,2.89,20.0,1,100.0
2024-03-29 17:00:00,EQ_M003,Air Handler,11022.8,12.6,8.0,13.95,3.07,20.0,1,100.0
2024-03-29 17:00:00,EQ_B001,Compressor,8138.5,10.1,6.3,21.88,6.57,41.9,1,88.1
2024-03-29 17:00:00,EQ_B002,Water Pump,10600.6,11.9,7.71,15.26,2.91,20.0,1,100.0
2024-03-29 18:00:00,EQ_M001,Compressor,11850.9,13.6,8.0,19.88,6.43,20.0,1,100.0
2024-03-29 18:00:00,EQ_M002,Water Pump,13591.7,17.0,8.0,16.46,2.83,20.0,1,100.0
2024-03-29 18:00:00,EQ_M003,Air Handler,11023.4,12.3,8.0,13.58,2.98,20.0,1,100.0
2024-03-29 18:00:00,EQ_B001,Compressor,8139.1,11.0,5.55,21.17,6.48,44.1,1,85.9
2024-03-29 18:00:00,EQ_B002,Water Pump,10601.4,10.2,8.0,13.13,2.92,20.0,1,100.0
2024-03-29 19:00:00,EQ_M001,Compressor,11851.6,12.9,8.0,26.19,6.46,20.0,1,100.0
2024-03-29 19:00:00,EQ_M002,Water Pump,13592.5,17.7,8.0,12.76,2.76,20.0,1,100.0
2024-03-29 19:00:00,EQ_M003,Air Handler,11024.4,10.2,8.0,15.58,3.02,20.0,1,100.0
2024-03-29 19:00:00,EQ_B001,Compressor,8140.0,11.7,5.51,24.53,5.9,44.2,1,85.8
2024-03-29 19:00:00,EQ_B002,Water Pump,10602.1,11.0,7.47,14.84,3.31,20.0,1,100.0
2024-03-29 20:00:00,EQ_M001,Compressor,11852.3,14.5,8.0,19.54,6.26,20.0,1,100.0
2024-03-29 20:00:00,EQ_M002,Water Pump,13593.5,17.0,8.0,16.06,2.86,20.0,1,100.0
2024-03-29 20:00:00,EQ_M003,Air Handler,11025.0,11.7,8.0,13.13,3.03,20.0,1,100.0
2024-03-29 20:00:00,EQ_B001,Compressor,8141.0,10.1,5.19,21.81,6.54,45.2,0,84.8
2024-03-29 20:00:00,EQ_B002,Water Pump,10603.0,12.5,8.0,14.12,3.2,20.0,1,100.0
2024-03-29 21:00:00,EQ_M001,Compressor,11853.3,12.5,8.0,25.48,6.7,20.0,1,100.0
2024-03-29 21:00:00,EQ_M002,Water Pump,13594.2,17.1,8.0,11.44,3.06,20.0,1,100.0
2024-03-29 21:00:00,EQ_M003,Air Handler,11025.5,12.8,8.0,15.48,3.16,20.0,1,100.0
2024-03-29 21:00:00,EQ_B001,Compressor,8141.9,8.7,5.6,23.17,6.54,43.9,1,86.1
2024-03-29 21:00:00,EQ_B002,Water Pump,10603.6,11.1,8.0,14.61,3.0,20.0,1,100.0
2024-03-29 22:00:00,EQ_M001,Compressor,11853.9,13.3,8.0,23.85,6.58,20.0,1,100.0
2024-03-29 22:00:00,EQ_M002,Water Pump,13595.1,17.5,8.0,13.87,3.06,20.0,1,100.0
2024-03-29 22:00:00,EQ_M003,Air Handler,11026.4,10.9,8.0,13.41,3.04,20.0,1,100.0
2024-03-29 22:00:00,EQ_B001,Compressor,8142.7,11.3,5.41,22.98,6.65,44.5,0,85.5
2024-03-29 22:00:00,EQ_B002,Water Pump,10604.4,11.9,8.0,13.39,2.96,20.0,1,100.0
2024-03-29 23:00:00,EQ_M001,Compressor,11854.9,13.2,8.0,22.64,6.64,20.0,1,100.0
2024-03-29 23:00:00,EQ_M002,Water Pump,13596.0,16.2,8.0,13.78,2.91,20.0,1,100.0
2024-03-29 23:00:00,EQ_M003,Air Handler,11027.2,13.0,8.0,17.37,3.06,20.0,1,100.0
2024-03-29 23:00:00,EQ_B001,Compressor,8143.3,10.2,5.59,21.02,6.36,43.9,1,86.1
2024-03-29 23:00:00,EQ_B002,Water Pump,10605.0,11.8,8.0,14.15,3.03,20.0,1,100.0
2024-03-30 00:00:00,EQ_M001,Compressor,11855.5,12.9,8.0,23.68,7.19,20.0,1,100.0
2024-03-30 00:00:00,EQ_M002,Water Pump,13596.8,16.9,8.0,16.38,3.11,20.0,1,100.0
2024-03-30 00:00:00,EQ_M003,Air Handler,11028.1,10.6,8.0,17.58,3.08,20.0,1,100.0
2024-03-30 00:00:00,EQ_B001,Compressor,8144.2,10.4,5.39,19.12,6.48,44.5,0,85.5
2024-03-30 00:00:00,EQ_B002,Water Pump,10606.0,10.6,7.52,14.8,2.93,20.0,1,100.0
2024-03-30 01:00:00,EQ_M001,Compressor,11856.4,15.1,8.0,25.85,6.42,20.0,1,100.0
2024-03-30 01:00:00,EQ_M002,Water Pump,13597.5,17.6,8.0,14.27,2.88,20.0,1,100.0
2024-03-30 01:00:00,EQ_M003,Air Handler,11028.8,13.0,7.89,15.16,3.07,20.0,1,100.0
2024-03-30 01:00:00,EQ_B001,Compressor,8145.1,11.0,5.74,18.65,6.52,43.5,1,86.5
2024-03-30 01:00:00,EQ_B002,Water Pump,10606.5,11.0,7.94,13.58,2.97,20.0,1,100.0
2024-03-30 02:00:00,EQ_M001,Compressor,11857.0,13.7,8.0,23.2,6.53,20.0,1,100.0
2024-03-30 02:00:00,EQ_M002,Water Pump,13598.4,17.4,8.0,13.99,3.01,20.0,1,100.0
2024-03-30 02:00:00,EQ_M003,Air Handler,11029.6,13.1,8.0,13.69,2.93,20.0,1,100.0
2024-03-30 02:00:00,EQ_B001,Compressor,8145.6,9.5,5.69,21.61,6.31,43.6,1,86.4
2024-03-30 02:00:00,EQ_B002,Water Pump,10607.2,11.8,8.0,14.41,2.84,20.0,1,100.0
2024-03-30 03:00:00,EQ_M001,Compressor,11857.7,14.2,8.0,19.97,6.23,20.0,1,100.0
2024-03-30 03:00:00,EQ_M002,Water Pump,13599.4,15.9,8.0,13.89,3.5,20.0,1,100.0
2024-03-30 03:00:00,EQ_M003,Air Handler,11030.1,10.7,8.0,17.32,2.98,20.0,1,100.0
2024-03-30 03:00:00,EQ_B001,Compressor,8146.4,8.2,5.03,22.46,6.52,45.6,0,84.4
2024-03-30 03:00:00,EQ_B002,Water Pump,10608.1,11.1,7.86,11.93,3.03,20.0,1,100.0
2024-03-30 04:00:00,EQ_M001,Compressor,11858.4,12.1,8.0,23.79,6.35,20.0,1,100.0
2024-03-30 04:00:00,EQ_M002,Water Pump,13600.3,17.2,8.0,15.49,2.92,20.0,1,100.0
2024-03-30 04:00:00,EQ_M003,Air Handler,11030.7,12.3,8.0,15.97,3.0,20.0,1,100.0
2024-03-30 04:00:00,EQ_B001,Compressor,8147.2,9.6,4.95,22.06,6.27,45.8,0,84.2
2024-03-30 04:00:00,EQ_B002,Water Pump,10609.1,10.5,7.72,16.09,3.28,20.0,1,100.0
2024-03-30 05:00:00,EQ_M001,Compressor,11859.1,15.3,8.0,25.45,6.12,20.0,1,100.0
2024-03-30 05:00:00,EQ_M002,Water Pump,13601.1,18.5,8.0,13.82,3.0,20.0,1,100.0
2024-03-30 05:00:00,EQ_M003,Air Handler,11031.5,13.4,8.0,13.72,3.15,20.0,1,100.0
2024-03-30 05:00:00,EQ_B001,Compressor,8148.0,10.3,6.34,18.91,6.56,41.6,1,88.4
2024-03-30 05:00:00,EQ_B002,Water Pump,10609.9,10.9,7.94,14.29,2.9,20.0,1,100.0
2024-03-30 06:00:00,EQ_M001,Compressor,11859.7,14.0,8.0,22.47,6.24,20.0,1,100.0
2024-03-30 06:00:00,EQ_M002,Water Pump,13602.0,16.4,8.0,13.73,3.24,20.0,1,100.0
2024-03-30 06:00:00,EQ_M003,Air Handler,11032.2,12.1,8.0,16.87,3.15,20.0,1,100.0
2024-03-30 06:00:00,EQ_B001,Compressor,8148.6,10.8,5.7,19.73,6.98,43.5,1,86.5
2024-03-30 06:00:00,EQ_B002,Water Pump,10610.5,10.5,7.86,15.89,2.72,20.0,1,100.0
2024-03-30 07:00:00,EQ_M001,Compressor,11860.6,14.5,8.0,23.52,6.18,20.0,1,100.0
2024-03-30 07:00:00,EQ_M002,Water Pump,13602.7,16.9,8.0,13.66,3.34,20.0,1,100.0
2024-03-30 07:00:00,EQ_M003,Air Handler,11032.8,11.7,8.0,17.0,2.82,20.0,1,100.0
2024-03-30 07:00:00,EQ_B001,Compressor,8149.3,10.2,5.49,20.22,6.0,44.2,0,85.8
2024-03-30 07:00:00,EQ_B002,Water Pump,10611.1,12.4,8.0,15.56,3.18,20.0,1,100.0
2024-03-30 08:00:00,EQ_M001,Compressor,11861.6,13.5,8.0,23.72,6.4,20.0,1,100.0
2024-03-30 08:00:00,EQ_M002,Water Pump,13603.3,16.1,8.0,13.05,3.11,20.0,1,100.0
2024-03-30 08:00:00,EQ_M003,Air Handler,11033.5,11.9,8.0,16.69,2.79,20.0,1,100.0
2024-03-30 08:00:00,EQ_B001,Compressor,8150.0,10.0,5.23,23.19,6.95,44.9,0,85.1
2024-03-30 08:00:00,EQ_B002,Water Pump,10612.0,11.4,7.93,14.48,3.15,20.0,1,100.0
2024-03-30 09:00:00,EQ_M001,Compressor,11862.1,11.9,8.0,25.0,6.42,20.0,1,100.0
2024-03-30 09:00:00,EQ_M002,Water Pump,13604.0,15.9,8.0,18.12,3.51,20.0,1,100.0
2024-03-30 09:00:00,EQ_M003,Air Handler,11034.4,11.7,8.0,17.3,3.23,20.0,1,100.0
2024-03-30 09:00:00,EQ_B001,Compressor,8150.6,10.6,5.94,21.91,6.86,42.8,1,87.2
2024-03-30 09:00:00,EQ_B002,Water Pump,10612.9,10.0,8.0,16.35,2.34,20.0,1,100.0
2024-03-30 10:00:00,EQ_M001,Compressor,11863.1,15.1,8.0,20.46,6.55,20.0,1,100.0
2024-03-30 10:00:00,EQ_M002,Water Pump,13604.8,15.7,8.0,12.41,2.84,20.0,1,100.0
2024-03-30 10:00:00,EQ_M003,Air Handler,11035.0,11.1,8.0,14.44,2.94,20.0,1,100.0
2024-03-30 10:00:00,EQ_B001,Compressor,8151.5,11.4,5.5,21.91,6.69,44.1,1,85.9
2024-03-30 10:00:00,EQ_B002,Water Pump,10613.5,9.7,8.0,16.09,2.72,20.0,1,100.0
2024-03-30 11:00:00,EQ_M001,Compressor,11863.8,13.8,8.0,24.0,6.5,20.0,1,100.0
2024-03-30 11:00:00,EQ_M002,Water Pump,13605.7,16.3,8.0,16.04,2.93,20.0,1,100.0
2024-03-30 11:00:00,EQ_M003,Air Handler,11035.7,13.6,8.0,18.1,3.24,20.0,1,100.0
2024-03-30 11:00:00,EQ_B001,Compressor,8152.3,10.7,6.24,20.49,6.33,41.9,1,88.1
2024-03-30 11:00:00,EQ_B002,Water Pump,10614.1,10.3,8.0,14.82,3.04,20.0,1,100.0
2024-03-30 12:00:00,EQ_M001,Compressor,11864.6,12.2,8.0,20.27,6.48,20.0,1,100.0
2024-03-30 12:00:00,EQ_M002,Water Pump,13606.3,17.8,8.0,14.71,2.96,20.0,1,100.0
2024-03-30 12:00:00,EQ_M003,Air Handler,11036.4,10.7,8.0,15.1,2.91,20.0,1,100.0
2024-03-30 12:00:00,EQ_B001,Compressor,8152.9,10.4,5.75,24.5,5.85,43.3,1,86.7
2024-03-30 12:00:00,EQ_B002,Water Pump,10614.8,11.6,8.0,15.91,3.15,20.0,1,100.0
2024-03-30 13:00:00,EQ_M001,Compressor,11865.5,14.7,8.0,22.0,6.39,20.0,1,100.0
2024-03-30 13:00:00,EQ_M002,Water Pump,13607.2,16.1,8.0,15.05,2.95,20.0,1,100.0
2024-03-30 13:00:00,EQ_M003,Air Handler,11037.2,10.5,8.0,14.72,3.26,20.0,1,100.0
2024-03-30 13:00:00,EQ_B001,Compressor,8153.8,10.0,5.41,23.4,6.74,44.4,0,85.6
2024-03-30 13:00:00,EQ_B002,Water Pump,10615.6,11.2,8.0,16.37,3.18,20.0,1,100.0
2024-03-30 14:00:00,EQ_M001,Compressor,11866.5,16.5,8.0,19.01,6.5,20.0,1,100.0
2024-03-30 14:00:00,EQ_M002,Water Pump,13607.7,18.5,8.0,14.41,2.98,20.0,1,100.0
2024-03-30 14:00:00,EQ_M003,Air Handler,11038.1,13.8,8.0,14.42,2.87,20.0,1,100.0
2024-03-30 14:00:00,EQ_B001,Compressor,8154.6,10.7,5.22,18.47,7.0,44.9,0,85.1
2024-03-30 14:00:00,EQ_B002,Water Pump,10616.5,10.9,8.0,17.88,2.72,20.0,1,100.0
2024-03-30 15:00:00,EQ_M001,Compressor,11867.3,12.2,8.0,19.77,5.96,20.0,1,100.0
2024-03-30 15:00:00,EQ_M002,Water Pump,13608.5,15.9,8.0,14.21,2.94,20.0,1,100.0
2024-03-30 15:00:00,EQ_M003,Air Handler,11038.7,12.3,7.83,14.35,2.9,20.0,1,100.0
2024-03-30 15:00:00,EQ_B001,Compressor,8155.1,9.5,5.33,23.3,6.34,44.6,0,85.4
2024-03-30 15:00:00,EQ_B002,Water Pump,10617.2,10.1,7.87,12.96,2.92,20.0,1,100.0
2024-03-30 16:00:00,EQ_M001,Compressor,11868.3,15.2,8.0,19.03,6.72,20.0,1,100.0
2024-03-30 16:00:00,EQ_M002,Water Pump,13609.3,17.9,8.0,14.87,2.81,20.0,1,100.0
2024-03-30 16:00:00,EQ_M003,Air Handler,11039.5,11.5,8.0,16.63,3.08,20.0,1,100.0
2024-03-30 16:00:00,EQ_B001,Compressor,8156.0,9.9,5.48,23.77,6.71,44.1,0,85.9
2024-03-30 16:00:00,EQ_B002,Water Pump,10618.2,10.5,7.93,13.93,3.12,20.0,1,100.0
2024-03-30 17:00:00,EQ_M001,Compressor,11868.9,14.3,8.0,20.65,6.32,20.0,1,100.0
2024-03-30 17:00:00,EQ_M002,Water Pump,13610.1,16.5,8.0,14.38,3.3,20.0,1,100.0
2024-03-30 17:00:00,EQ_M003,Air Handler,11040.1,13.1,8.0,14.38,2.83,20.0,1,100.0
2024-03-30 17:00:00,EQ_B001,Compressor,8156.9,9.5,5.61,21.47,6.17,43.7,1,86.3
2024-03-30 17:00:00,EQ_B002,Water Pump,10618.7,10.1,7.92,15.32,2.94,20.0,1,100.0
2024-03-30 18:00:00,EQ_M001,Compressor,11869.6,14.1,8.0,22.67,6.44,20.0,1,100.0
2024-03-30 18:00:00,EQ_M002,Water Pump,13610.8,18.5,8.0,13.01,2.98,20.0,1,100.0
2024-03-30 18:00:00,EQ_M003,Air Handler,11041.0,11.9,8.0,15.51,2.77,20.0,1,100.0
2024-03-30 18:00:00,EQ_B001,Compressor,8157.6,10.0,5.8,22.55,6.2,43.1,1,86.9
2024-03-30 18:00:00,EQ_B002,Water Pump,10619.6,11.0,8.0,16.12,2.95,20.0,1,100.0
2024-03-30 19:00:00,EQ_M001,Compressor,11870.6,13.3,8.0,25.29,6.53,20.0,1,100.0
2024-03-30 19:00:00,EQ_M002,Water Pump,13611.6,20.1,8.0,14.75,2.95,20.0,1,100.0
2024-03-30 19:00:00,EQ_M003,Air Handler,11041.8,11.1,8.0,16.2,2.81,20.0,1,100.0
2024-03-30 19:00:00,EQ_B001,Compressor,8158.5,10.6,5.69,20.19,5.97,43.4,1,86.6
2024-03-30 19:00:00,EQ_B002,Water Pump,10620.5,10.9,8.0,13.93,2.73,20.0,1,100.0
2024-03-30 20:00:00,EQ_M001,Compressor,11871.1,14.1,8.0,23.63,6.27,20.0,1,100.0
2024-03-30 20:00:00,EQ_M002,Water Pump,13612.5,17.9,8.0,13.87,2.9,20.0,1,100.0
2024-03-30 20:00:00,EQ_M003,Air Handler,11042.4,9.9,8.0,13.91,2.85,20.0,1,100.0
2024-03-30 20:00:00,EQ_B001,Compressor,8159.2,9.6,5.59,24.48,6.05,43.7,1,86.3
2024-03-30 20:00:00,EQ_B002,Water Pump,10621.4,11.5,8.0,15.54,3.06,20.0,1,100.0
2024-03-30 21:00:00,EQ_M001,Compressor,11872.0,13.3,8.0,20.75,6.5,20.0,1,100.0
2024-03-30 21:00:00,EQ_M002,Water Pump,13613.3,17.6,8.0,17.31,3.45,20.0,1,100.0
2024-03-30 21:00:00,EQ_M003,Air Handler,11043.2,13.2,8.0,15.0,2.88,20.0,1,100.0
2024-03-30 21:00:00,EQ_B001,Compressor,8159.7,10.0,6.17,18.14,6.41,42.0,1,88.0
2024-03-30 21:00:00,EQ_B002,Water Pump,10622.3,11.7,8.0,17.3,3.12,20.0,1,100.0
2024-03-30 22:00:00,EQ_M001,Compressor,11872.9,14.4,8.0,21.5,5.74,20.0,1,100.0
2024-03-30 22:00:00,EQ_M002,Water Pump,13613.9,19.6,8.0,15.85,2.86,20.0,1,100.0
2024-03-30 22:00:00,EQ_M003,Air Handler,11043.8,11.8,8.0,15.87,3.14,20.0,1,100.0
2024-03-30 22:00:00,EQ_B001,Compressor,8160.6,9.8,5.64,20.23,7.05,43.6,1,86.4
2024-03-30 22:00:00,EQ_B002,Water Pump,10623.3,10.8,8.0,19.22,2.98,20.0,1,100.0
2024-03-30 23:00:00,EQ_M001,Compressor,11873.7,13.0,8.0,20.05,6.35,20.0,1,100.0
2024-03-30 23:00:00,EQ_M002,Water Pump,13614.8,16.0,8.0,14.16,2.71,20.0,1,100.0
2024-03-30 23:00:00,EQ_M003,Air Handler,11044.8,11.6,8.0,14.0,2.97,20.0,1,100.0
2024-03-30 23:00:00,EQ_B001,Compressor,8161.2,10.1,5.23,18.39,6.17,44.8,0,85.2
2024-03-30 23:00:00,EQ_B002,Water Pump,10624.0,12.3,7.58,16.84,2.72,20.0,1,100.0
2024-03-31 00:00:00,EQ_M001,Compressor,11874.4,13.7,8.0,25.57,6.65,20.0,1,100.0
2024-03-31 00:00:00,EQ_M002,Water Pump,13615.5,17.6,8.0,15.39,3.24,20.0,1,100.0
2024-03-31 00:00:00,EQ_M003,Air Handler,11045.6,11.8,8.0,17.41,3.22,20.0,1,100.0
2024-03-31 00:00:00,EQ_B001,Compressor,8162.1,11.8,5.44,24.01,6.56,44.1,0,85.9
2024-03-31 00:00:00,EQ_B002,Water Pump,10624.9,11.3,8.0,13.1,3.45,20.0,1,100.0
