timestamp,zone_id,indoor_temp_c,indoor_humidity_pct,outdoor_temp_c,co2_ppm,airflow_m3h,heating_load_kw,fan_speed_pct,ahu_status
2024-01-01 00:00:00,ZONE_M01,15.6,44.9,-10.2,472.0,770.0,15.0,90.0,RUNNING
2024-01-01 00:00:00,ZONE_M02,16.3,38.5,-9.4,449.0,770.0,15.0,90.0,RUNNING
2024-01-01 00:00:00,ZONE_M03,15.8,46.4,-8.2,493.0,770.0,15.0,90.0,RUNNING
2024-01-01 00:00:00,ZONE_B01,15.7,36.9,-8.1,468.0,770.0,15.0,90.0,RUNNING
2024-01-01 00:00:00,ZONE_B02,15.4,41.1,-11.5,503.0,770.0,15.0,90.0,RUNNING
2024-01-01 01:00:00,ZONE_M01,15.7,44.6,-13.0,476.0,770.0,15.0,90.0,RUNNING
2024-01-01 01:00:00,ZONE_M02,16.6,40.0,-9.8,455.0,770.0,15.0,90.0,RUNNING
2024-01-01 01:00:00,ZONE_M03,16.2,40.7,-7.8,495.0,770.0,15.0,90.0,RUNNING
2024-01-01 01:00:00,ZONE_B01,15.2,42.3,-10.1,477.0,770.0,15.0,90.0,RUNNING
2024-01-01 01:00:00,ZONE_B02,15.6,34.8,-9.5,393.0,770.0,15.0,90.0,RUNNING
2024-01-01 02:00:00,ZONE_M01,15.8,38.5,-13.8,503.0,770.0,15.0,90.0,RUNNING
2024-01-01 02:00:00,ZONE_M02,16.6,36.0,-15.6,444.0,770.0,15.0,90.0,RUNNING
2024-01-01 02:00:00,ZONE_M03,16.1,39.9,-8.5,484.0,770.0,15.0,90.0,RUNNING
2024-01-01 02:00:00,ZONE_B01,16.5,45.1,-10.0,497.0,770.0,15.0,90.0,RUNNING
2024-01-01 02:00:00,ZONE_B02,15.7,46.7,-12.5,505.0,770.0,15.0,90.0,RUNNING
2024-01-01 03:00:00,ZONE_M01,16.6,39.9,-6.0,492.0,770.0,15.0,90.0,RUNNING
2024-01-01 03:00:00,ZONE_M02,15.8,43.8,-8.2,501.0,770.0,15.0,90.0,RUNNING
2024-01-01 03:00:00,ZONE_M03,16.1,35.4,-8.4,504.0,770.0,15.0,90.0,RUNNING
2024-01-01 03:00:00,ZONE_B01,16.0,38.5,-11.6,418.0,770.0,15.0,90.0,RUNNING
2024-01-01 03:00:00,ZONE_B02,16.1,38.5,-10.3,447.0,770.0,15.0,90.0,RUNNING
2024-01-01 04:00:00,ZONE_M01,15.7,46.1,-11.3,547.0,770.0,15.0,90.0,RUNNING
2024-01-01 04:00:00,ZONE_M02,15.6,39.6,-8.8,500.0,770.0,15.0,90.0,RUNNING
2024-01-01 04:00:00,ZONE_M03,16.5,44.1,-13.9,493.0,770.0,15.0,90.0,RUNNING
2024-01-01 04:00:00,ZONE_B01,15.5,43.7,-11.6,494.0,770.0,15.0,90.0,RUNNING
2024-01-01 04:00:00,ZONE_B02,16.3,44.7,-11.5,528.0,770.0,15.0,90.0,RUNNING
2024-01-01 05:00:00,ZONE_M01,16.1,37.0,-10.3,482.0,770.0,15.0,90.0,RUNNING
2024-01-01 05:00:00,ZONE_M02,16.3,43.5,-10.5,455.0,770.0,15.0,90.0,RUNNING
2024-01-01 05:00:00,ZONE_M03,16.2,41.9,-9.6,503.0,770.0,15.0,90.0,RUNNING
2024-01-01 05:00:00,ZONE_B01,16.2,39.2,-8.7,559.0,770.0,15.0,90.0,RUNNING
2024-01-01 05:00:00,ZONE_B02,16.0,44.0,-5.1,530.0,770.0,15.0,90.0,RUNNING
2024-01-01 06:00:00,ZONE_M01,20.0,60.0,-7.4,859.0,770.0,15.0,90.0,RUNNING
2024-01-01 06:00:00,ZONE_M02,20.2,60.0,-9.8,778.0,770.0,15.0,90.0,RUNNING
2024-01-01 06:00:00,ZONE_M03,20.4,60.0,-10.4,815.0,770.0,15.0,90.0,RUNNING
2024-01-01 06:00:00,ZONE_B01,20.3,60.0,-11.3,783.0,770.0,15.0,90.0,RUNNING
2024-01-01 06:00:00,ZONE_B02,19.2,48.8,-9.6,625.0,770.0,15.0,90.0,RUNNING
2024-01-01 07:00:00,ZONE_M01,19.5,56.1,-12.8,753.0,770.0,15.0,90.0,RUNNING
2024-01-01 07:00:00,ZONE_M02,19.0,56.5,-8.0,836.0,770.0,15.0,90.0,RUNNING
2024-01-01 07:00:00,ZONE_M03,19.8,57.4,-6.1,706.0,770.0,15.0,90.0,RUNNING
2024-01-01 07:00:00,ZONE_B01,20.3,58.6,-8.5,763.0,770.0,15.0,90.0,RUNNING
2024-01-01 07:00:00,ZONE_B02,20.4,60.0,-12.5,875.0,770.0,15.0,90.0,RUNNING
2024-01-01 08:00:00,ZONE_M01,19.3,55.6,-10.4,671.0,770.0,15.0,90.0,RUNNING
2024-01-01 08:00:00,ZONE_M02,20.0,60.0,-8.3,821.0,770.0,15.0,90.0,RUNNING
2024-01-01 08:00:00,ZONE_M03,20.3,46.8,-10.9,606.0,770.0,15.0,90.0,RUNNING
2024-01-01 08:00:00,ZONE_B01,20.0,55.5,-12.3,741.0,770.0,15.0,90.0,RUNNING
2024-01-01 08:00:00,ZONE_B02,19.9,60.0,-10.9,792.0,770.0,15.0,90.0,RUNNING
2024-01-01 09:00:00,ZONE_M01,19.7,60.0,-10.9,842.0,770.0,15.0,90.0,RUNNING
2024-01-01 09:00:00,ZONE_M02,20.5,56.8,-12.3,801.0,770.0,15.0,90.0,RUNNING
2024-01-01 09:00:00,ZONE_M03,20.1,53.7,-7.7,679.0,770.0,15.0,90.0,RUNNING
2024-01-01 09:00:00,ZONE_B01,19.8,49.8,-10.4,578.0,770.0,15.0,90.0,RUNNING
2024-01-01 09:00:00,ZONE_B02,20.2,56.5,-11.5,684.0,770.0,15.0,90.0,RUNNING
2024-01-01 10:00:00,ZONE_M01,19.9,51.6,-10.3,717.0,770.0,15.0,90.0,RUNNING
2024-01-01 10:00:00,ZONE_M02,20.3,53.4,-11.9,652.0,770.0,15.0,90.0,RUNNING
2024-01-01 10:00:00,ZONE_M03,20.3,60.0,-8.4,911.0,770.0,15.0,90.0,RUNNING
2024-01-01 10:00:00,ZONE_B01,20.8,60.0,-6.9,813.0,770.0,15.0,90.0,RUNNING
2024-01-01 10:00:00,ZONE_B02,19.3,47.2,-9.0,668.0,770.0,15.0,90.0,RUNNING
2024-01-01 11:00:00,ZONE_M01,19.5,59.4,-7.5,787.0,770.0,15.0,90.0,RUNNING
2024-01-01 11:00:00,ZONE_M02,19.9,60.0,-13.8,753.0,770.0,15.0,90.0,RUNNING
2024-01-01 11:00:00,ZONE_M03,20.5,47.2,-11.2,592.0,770.0,15.0,90.0,RUNNING
2024-01-01 11:00:00,ZONE_B01,20.3,60.0,-12.6,846.0,770.0,15.0,90.0,RUNNING
2024-01-01 11:00:00,ZONE_B02,20.2,60.0,-12.4,834.0,770.0,15.0,90.0,RUNNING
2024-01-01 12:00:00,ZONE_M01,20.5,55.5,-8.4,786.0,770.0,15.0,90.0,RUNNING
2024-01-01 12:00:00,ZONE_M02,20.3,52.9,-10.7,660.0,770.0,15.0,90.0,RUNNING
2024-01-01 12:00:00,ZONE_M03,21.0,60.0,-10.0,862.0,770.0,15.0,90.0,RUNNING
2024-01-01 12:00:00,ZONE_B01,20.2,59.4,-11.9,734.0,770.0,15.0,90.0,RUNNING
2024-01-01 12:00:00,ZONE_B02,19.7,60.0,-10.1,788.0,770.0,15.0,90.0,RUNNING
2024-01-01 13:00:00,ZONE_M01,19.9,47.3,-8.7,607.0,770.0,15.0,90.0,RUNNING
2024-01-01 13:00:00,ZONE_M02,20.5,57.5,-8.2,711.0,770.0,15.0,90.0,RUNNING
2024-01-01 13:00:00,ZONE_M03,20.5,60.0,-11.4,807.0,770.0,15.0,90.0,RUNNING
2024-01-01 13:00:00,ZONE_B01,20.2,60.0,-9.0,886.0,770.0,15.0,90.0,RUNNING
2024-01-01 13:00:00,ZONE_B02,20.1,52.0,-8.5,673.0,770.0,15.0,90.0,RUNNING
2024-01-01 14:00:00,ZONE_M01,19.4,54.6,-6.8,682.0,770.0,15.0,90.0,RUNNING
2024-01-01 14:00:00,ZONE_M02,20.3,54.2,-10.6,751.0,770.0,15.0,90.0,RUNNING
2024-01-01 14:00:00,ZONE_M03,19.9,53.4,-12.6,602.0,770.0,15.0,90.0,RUNNING
2024-01-01 14:00:00,ZONE_B01,19.7,55.2,-9.8,724.0,770.0,15.0,90.0,RUNNING
2024-01-01 14:00:00,ZONE_B02,19.7,60.0,-7.7,907.0,770.0,15.0,90.0,RUNNING
2024-01-01 15:00:00,ZONE_M01,19.8,60.0,-9.3,909.0,770.0,15.0,90.0,RUNNING
2024-01-01 15:00:00,ZONE_M02,20.3,60.0,-13.1,828.0,770.0,15.0,90.0,RUNNING
2024-01-01 15:00:00,ZONE_M03,20.2,60.0,-9.4,848.0,770.0,15.0,90.0,RUNNING
2024-01-01 15:00:00,ZONE_B01,20.0,58.5,-12.5,775.0,770.0,15.0,90.0,RUNNING
2024-01-01 15:00:00,ZONE_B02,20.1,60.0,-11.5,862.0,770.0,15.0,90.0,RUNNING
2024-01-01 16:00:00,ZONE_M01,20.5,47.8,-10.0,696.0,770.0,15.0,90.0,RUNNING
2024-01-01 16:00:00,ZONE_M02,19.4,52.9,-13.5,679.0,770.0,15.0,90.0,RUNNING
2024-01-01 16:00:00,ZONE_M03,20.1,53.2,-8.6,718.0,770.0,15.0,90.0,RUNNING
2024-01-01 16:00:00,ZONE_B01,19.4,57.9,-8.4,764.0,770.0,15.0,90.0,RUNNING
2024-01-01 16:00:00,ZONE_B02,21.1,60.0,-6.4,844.0,770.0,15.0,90.0,RUNNING
2024-01-01 17:00:00,ZONE_M01,19.5,60.0,-8.7,869.0,770.0,15.0,90.0,RUNNING
2024-01-01 17:00:00,ZONE_M02,20.1,60.0,-6.8,834.0,770.0,15.0,90.0,RUNNING
2024-01-01 17:00:00,ZONE_M03,19.6,55.3,-9.5,747.0,770.0,15.0,90.0,RUNNING
2024-01-01 17:00:00,ZONE_B01,20.5,60.0,-10.5,871.0,770.0,15.0,90.0,RUNNING
2024-01-01 17:00:00,ZONE_B02,20.1,60.0,-8.3,845.0,770.0,15.0,90.0,RUNNING
2024-01-01 18:00:00,ZONE_M01,20.1,60.0,-12.0,867.0,770.0,15.0,90.0,RUNNING
2024-01-01 18:00:00,ZONE_M02,20.0,52.3,-14.5,716.0,770.0,15.0,90.0,RUNNING
2024-01-01 18:00:00,ZONE_M03,20.3,58.3,-12.6,739.0,770.0,15.0,90.0,RUNNING
2024-01-01 18:00:00,ZONE_B01,19.9,51.8,-10.5,639.0,770.0,15.0,90.0,RUNNING
2024-01-01 18:00:00,ZONE_B02,20.8,59.6,-11.8,694.0,770.0,15.0,90.0,RUNNING
2024-01-01 19:00:00,ZONE_M01,19.4,54.9,-11.5,747.0,770.0,15.0,90.0,RUNNING
2024-01-01 19:00:00,ZONE_M02,19.3,60.0,-8.1,856.0,770.0,15.0,90.0,RUNNING
2024-01-01 19:00:00,ZONE_M03,21.1,60.0,-11.4,880.0,770.0,15.0,90.0,RUNNING
2024-01-01 19:00:00,ZONE_B01,20.1,60.0,-12.5,702.0,770.0,15.0,90.0,RUNNING
2024-01-01 19:00:00,ZONE_B02,20.5,49.4,-6.8,633.0,770.0,15.0,90.0,RUNNING
2024-01-01 20:00:00,ZONE_M01,19.6,60.0,-10.0,755.0,770.0,15.0,90.0,RUNNING
2024-01-01 20:00:00,ZONE_M02,20.4,52.7,-7.1,723.0,770.0,15.0,90.0,RUNNING
2024-01-01 20:00:00,ZONE_M03,19.2,57.6,-11.2,750.0,770.0,15.0,90.0,RUNNING
2024-01-01 20:00:00,ZONE_B01,19.6,60.0,-8.1,808.0,770.0,15.0,90.0,RUNNING
2024-01-01 20:00:00,ZONE_B02,21.1,56.6,-8.2,729.0,770.0,15.0,90.0,RUNNING
2024-01-01 21:00:00,ZONE_M01,19.8,54.5,-11.0,705.0,770.0,15.0,90.0,RUNNING
2024-01-01 21:00:00,ZONE_M02,20.4,60.0,-12.5,943.0,770.0,15.0,90.0,RUNNING
2024-01-01 21:00:00,ZONE_M03,20.2,60.0,-12.8,840.0,770.0,15.0,90.0,RUNNING
2024-01-01 21:00:00,ZONE_B01,20.5,60.0,-12.5,849.0,770.0,15.0,90.0,RUNNING
2024-01-01 21:00:00,ZONE_B02,19.9,60.0,-8.1,883.0,770.0,15.0,90.0,RUNNING
2024-01-01 22:00:00,ZONE_M01,19.6,55.6,-11.7,699.0,770.0,15.0,90.0,RUNNING
2024-01-01 22:00:00,ZONE_M02,20.0,60.0,-9.7,844.0,770.0,15.0,90.0,RUNNING
2024-01-01 22:00:00,ZONE_M03,20.5,59.5,-10.4,757.0,770.0,15.0,90.0,RUNNING
2024-01-01 22:00:00,ZONE_B01,20.3,54.8,-8.4,684.0,770.0,15.0,90.0,RUNNING
2024-01-01 22:00:00,ZONE_B02,21.3,60.0,-8.5,776.0,770.0,15.0,90.0,RUNNING
2024-01-01 23:00:00,ZONE_M01,15.8,37.7,-10.3,475.0,770.0,15.0,90.0,RUNNING
2024-01-01 23:00:00,ZONE_M02,15.4,36.6,-13.4,400.0,770.0,15.0,90.0,RUNNING
2024-01-01 23:00:00,ZONE_M03,16.1,39.7,-11.3,526.0,770.0,15.0,90.0,RUNNING
2024-01-01 23:00:00,ZONE_B01,15.7,40.8,-7.7,460.0,770.0,15.0,90.0,RUNNING
2024-01-01 23:00:00,ZONE_B02,15.7,38.0,-12.4,440.0,770.0,15.0,90.0,RUNNING
2024-01-02 00:00:00,ZONE_M01,15.8,41.0,-9.0,482.0,770.0,15.0,90.0,RUNNING
2024-01-02 00:00:00,ZONE_M02,15.3,37.5,-13.4,456.0,770.0,15.0,90.0,RUNNING
2024-01-02 00:00:00,ZONE_M03,16.5,46.7,-12.5,503.0,770.0,15.0,90.0,RUNNING
2024-01-02 00:00:00,ZONE_B01,15.4,35.4,-8.2,455.0,770.0,15.0,90.0,RUNNING
2024-01-02 00:00:00,ZONE_B02,15.7,41.2,-10.8,491.0,770.0,15.0,90.0,RUNNING
2024-01-02 01:00:00,ZONE_M01,15.5,38.8,-13.2,490.0,770.0,15.0,90.0,RUNNING
2024-01-02 01:00:00,ZONE_M02,16.5,39.9,-11.9,495.0,770.0,15.0,90.0,RUNNING
2024-01-02 01:00:00,ZONE_M03,16.0,35.4,-7.1,465.0,770.0,15.0,90.0,RUNNING
2024-01-02 01:00:00,ZONE_B01,16.3,40.0,-14.7,492.0,770.0,15.0,90.0,RUNNING
2024-01-02 01:00:00,ZONE_B02,16.5,44.6,-12.7,481.0,770.0,15.0,90.0,RUNNING
2024-01-02 02:00:00,ZONE_M01,16.6,35.2,-12.4,419.0,770.0,15.0,90.0,RUNNING
2024-01-02 02:00:00,ZONE_M02,17.4,44.7,-15.0,461.0,770.0,15.0,90.0,RUNNING
2024-01-02 02:00:00,ZONE_M03,16.8,39.6,-7.8,474.0,770.0,15.0,90.0,RUNNING
2024-01-02 02:00:00,ZONE_B01,17.5,44.1,-11.6,479.0,770.0,15.0,90.0,RUNNING
2024-01-02 02:00:00,ZONE_B02,16.0,37.3,-14.8,463.0,770.0,15.0,90.0,RUNNING
2024-01-02 03:00:00,ZONE_M01,15.1,42.7,-10.9,528.0,770.0,15.0,90.0,RUNNING
2024-01-02 03:00:00,ZONE_M02,16.6,36.8,-15.6,439.0,770.0,15.0,90.0,RUNNING
2024-01-02 03:00:00,ZONE_M03,16.0,41.3,-12.2,421.0,770.0,15.0,90.0,RUNNING
2024-01-02 03:00:00,ZONE_B01,16.5,43.2,-10.6,509.0,770.0,15.0,90.0,RUNNING
2024-01-02 03:00:00,ZONE_B02,15.9,39.3,-13.2,478.0,770.0,15.0,90.0,RUNNING
2024-01-02 04:00:00,ZONE_M01,15.0,34.9,-8.1,404.0,770.0,15.0,90.0,RUNNING
2024-01-02 04:00:00,ZONE_M02,16.4,36.9,-8.9,442.0,770.0,15.0,90.0,RUNNING
2024-01-02 04:00:00,ZONE_M03,16.0,40.0,-7.9,470.0,770.0,15.0,90.0,RUNNING
2024-01-02 04:00:00,ZONE_B01,16.8,42.2,-11.4,458.0,770.0,15.0,90.0,RUNNING
2024-01-02 04:00:00,ZONE_B02,16.7,43.0,-10.2,483.0,770.0,15.0,90.0,RUNNING
2024-01-02 05:00:00,ZONE_M01,16.1,47.4,-10.3,472.0,770.0,15.0,90.0,RUNNING
2024-01-02 05:00:00,ZONE_M02,16.6,40.9,-15.0,468.0,770.0,15.0,90.0,RUNNING
2024-01-02 05:00:00,ZONE_M03,16.0,38.3,-9.4,459.0,770.0,15.0,90.0,RUNNING
2024-01-02 05:00:00,ZONE_B01,16.7,36.5,-11.1,494.0,770.0,15.0,90.0,RUNNING
2024-01-02 05:00:00,ZONE_B02,15.6,39.5,-9.4,509.0,770.0,15.0,90.0,RUNNING
2024-01-02 06:00:00,ZONE_M01,19.8,58.5,-10.1,728.0,770.0,15.0,90.0,RUNNING
2024-01-02 06:00:00,ZONE_M02,19.8,56.9,-8.5,671.0,770.0,15.0,90.0,RUNNING
2024-01-02 06:00:00,ZONE_M03,20.1,60.0,-13.3,894.0,770.0,15.0,90.0,RUNNING
2024-01-02 06:00:00,ZONE_B01,19.6,55.8,-11.6,710.0,770.0,15.0,90.0,RUNNING
2024-01-02 06:00:00,ZONE_B02,19.6,47.7,-14.3,601.0,770.0,15.0,90.0,RUNNING
2024-01-02 07:00:00,ZONE_M01,19.8,60.0,-9.9,904.0,770.0,15.0,90.0,RUNNING
2024-01-02 07:00:00,ZONE_M02,20.4,54.4,-10.5,719.0,770.0,15.0,90.0,RUNNING
2024-01-02 07:00:00,ZONE_M03,19.0,60.0,-10.7,864.0,770.0,15.0,90.0,RUNNING
2024-01-02 07:00:00,ZONE_B01,20.0,53.1,-13.7,657.0,770.0,15.0,90.0,RUNNING
2024-01-02 07:00:00,ZONE_B02,19.7,49.4,-9.4,592.0,770.0,15.0,90.0,RUNNING
2024-01-02 08:00:00,ZONE_M01,19.3,60.0,-6.2,811.0,770.0,15.0,90.0,RUNNING
2024-01-02 08:00:00,ZONE_M02,19.3,60.0,-7.5,845.0,770.0,15.0,90.0,RUNNING
2024-01-02 08:00:00,ZONE_M03,20.1,60.0,-11.1,923.0,770.0,15.0,90.0,RUNNING
2024-01-02 08:00:00,ZONE_B01,19.2,57.6,-10.9,758.0,770.0,15.0,90.0,RUNNING
2024-01-02 08:00:00,ZONE_B02,19.7,56.3,-10.8,700.0,770.0,15.0,90.0,RUNNING
2024-01-02 09:00:00,ZONE_M01,19.8,52.8,-6.6,666.0,770.0,15.0,90.0,RUNNING
2024-01-02 09:00:00,ZONE_M02,19.5,60.0,-7.9,757.0,770.0,15.0,90.0,RUNNING
2024-01-02 09:00:00,ZONE_M03,19.8,54.6,-13.3,734.0,770.0,15.0,90.0,RUNNING
2024-01-02 09:00:00,ZONE_B01,20.0,47.1,-14.7,607.0,770.0,15.0,90.0,RUNNING
2024-01-02 09:00:00,ZONE_B02,19.2,60.0,-7.2,756.0,770.0,15.0,90.0,RUNNING
2024-01-02 10:00:00,ZONE_M01,20.3,60.0,-7.6,753.0,770.0,15.0,90.0,RUNNING
2024-01-02 10:00:00,ZONE_M02,20.4,60.0,-13.4,866.0,770.0,15.0,90.0,RUNNING
2024-01-02 10:00:00,ZONE_M03,20.6,59.7,-12.7,693.0,770.0,15.0,90.0,RUNNING
2024-01-02 10:00:00,ZONE_B01,20.0,50.2,-8.9,698.0,770.0,15.0,90.0,RUNNING
2024-01-02 10:00:00,ZONE_B02,18.9,54.5,-13.8,706.0,770.0,15.0,90.0,RUNNING
2024-01-02 11:00:00,ZONE_M01,20.1,50.1,-8.4,574.0,770.0,15.0,90.0,RUNNING
2024-01-02 11:00:00,ZONE_M02,20.2,60.0,-12.9,836.0,770.0,15.0,90.0,RUNNING
2024-01-02 11:00:00,ZONE_M03,19.9,58.7,-3.9,806.0,770.0,15.0,90.0,RUNNING
2024-01-02 11:00:00,ZONE_B01,20.5,55.8,-10.6,820.0,770.0,15.0,90.0,RUNNING
2024-01-02 11:00:00,ZONE_B02,20.9,48.7,-11.5,645.0,770.0,15.0,90.0,RUNNING
2024-01-02 12:00:00,ZONE_M01,20.7,60.0,-12.3,755.0,770.0,15.0,90.0,RUNNING
2024-01-02 12:00:00,ZONE_M02,20.1,58.3,-10.6,734.0,770.0,15.0,90.0,RUNNING
2024-01-02 12:00:00,ZONE_M03,20.1,59.3,-8.9,809.0,770.0,15.0,90.0,RUNNING
2024-01-02 12:00:00,ZONE_B01,19.6,56.6,-11.6,727.0,770.0,15.0,90.0,RUNNING
2024-01-02 12:00:00,ZONE_B02,19.8,60.0,-12.0,720.0,770.0,15.0,90.0,RUNNING
2024-01-02 13:00:00,ZONE_M01,19.9,58.2,-10.0,767.0,770.0,15.0,90.0,RUNNING
2024-01-02 13:00:00,ZONE_M02,19.7,60.0,-12.7,819.0,770.0,15.0,90.0,RUNNING
2024-01-02 13:00:00,ZONE_M03,20.8,59.7,-7.7,769.0,770.0,15.0,90.0,RUNNING
2024-01-02 13:00:00,ZONE_B01,20.4,57.7,-12.4,765.0,770.0,15.0,90.0,RUNNING
2024-01-02 13:00:00,ZONE_B02,20.2,60.0,-6.6,759.0,770.0,15.0,90.0,RUNNING
2024-01-02 14:00:00,ZONE_M01,20.5,50.6,-12.1,700.0,770.0,15.0,90.0,RUNNING
2024-01-02 14:00:00,ZONE_M02,20.4,60.0,-11.5,793.0,770.0,15.0,90.0,RUNNING
2024-01-02 14:00:00,ZONE_M03,19.6,54.9,-9.2,619.0,770.0,15.0,90.0,RUNNING
2024-01-02 14:00:00,ZONE_B01,20.0,56.4,-5.9,681.0,770.0,15.0,90.0,RUNNING
2024-01-02 14:00:00,ZONE_B02,19.7,60.0,-9.6,873.0,770.0,15.0,90.0,RUNNING
2024-01-02 15:00:00,ZONE_M01,20.5,55.2,-12.5,693.0,770.0,15.0,90.0,RUNNING
2024-01-02 15:00:00,ZONE_M02,20.2,54.6,-12.6,674.0,770.0,15.0,90.0,RUNNING
2024-01-02 15:00:00,ZONE_M03,20.1,60.0,-8.4,743.0,770.0,15.0,90.0,RUNNING
2024-01-02 15:00:00,ZONE_B01,19.7,60.0,-9.9,789.0,770.0,15.0,90.0,RUNNING
2024-01-02 15:00:00,ZONE_B02,19.6,51.0,-11.8,631.0,770.0,15.0,90.0,RUNNING
2024-01-02 16:00:00,ZONE_M01,20.0,60.0,-13.3,881.0,770.0,15.0,90.0,RUNNING
2024-01-02 16:00:00,ZONE_M02,20.2,60.0,-8.5,879.0,770.0,15.0,90.0,RUNNING
2024-01-02 16:00:00,ZONE_M03,19.9,56.6,-11.2,707.0,770.0,15.0,90.0,RUNNING
2024-01-02 16:00:00,ZONE_B01,19.0,60.0,-5.6,905.0,770.0,15.0,90.0,RUNNING
2024-01-02 16:00:00,ZONE_B02,20.4,52.1,-8.4,648.0,770.0,15.0,90.0,RUNNING
2024-01-02 17:00:00,ZONE_M01,20.6,60.0,-10.2,870.0,770.0,15.0,90.0,RUNNING
2024-01-02 17:00:00,ZONE_M02,19.8,60.0,-7.5,852.0,770.0,15.0,90.0,RUNNING
2024-01-02 17:00:00,ZONE_M03,19.9,60.0,-12.0,860.0,770.0,15.0,90.0,RUNNING
2024-01-02 17:00:00,ZONE_B01,20.1,58.9,-12.6,744.0,770.0,15.0,90.0,RUNNING
2024-01-02 17:00:00,ZONE_B02,19.2,53.4,-11.0,694.0,770.0,15.0,90.0,RUNNING
2024-01-02 18:00:00,ZONE_M01,20.8,60.0,-13.5,793.0,770.0,15.0,90.0,RUNNING
2024-01-02 18:00:00,ZONE_M02,20.1,60.0,-11.0,708.0,770.0,15.0,90.0,RUNNING
2024-01-02 18:00:00,ZONE_M03,20.4,60.0,-9.9,820.0,770.0,15.0,90.0,RUNNING
2024-01-02 18:00:00,ZONE_B01,20.0,56.7,-10.6,764.0,770.0,15.0,90.0,RUNNING
2024-01-02 18:00:00,ZONE_B02,20.2,52.8,-9.5,693.0,770.0,15.0,90.0,RUNNING
2024-01-02 19:00:00,ZONE_M01,20.2,60.0,-10.8,855.0,770.0,15.0,90.0,RUNNING
2024-01-02 19:00:00,ZONE_M02,20.0,60.0,-9.5,700.0,770.0,15.0,90.0,RUNNING
2024-01-02 19:00:00,ZONE_M03,20.3,59.6,-10.5,762.0,770.0,15.0,90.0,RUNNING
2024-01-02 19:00:00,ZONE_B01,20.6,59.9,-12.6,714.0,770.0,15.0,90.0,RUNNING
2024-01-02 19:00:00,ZONE_B02,20.4,60.0,-12.1,820.0,770.0,15.0,90.0,RUNNING
2024-01-02 20:00:00,ZONE_M01,19.9,58.2,-4.0,793.0,770.0,15.0,90.0,RUNNING
2024-01-02 20:00:00,ZONE_M02,20.4,60.0,-9.1,992.0,770.0,15.0,90.0,RUNNING
2024-01-02 20:00:00,ZONE_M03,20.0,51.9,-14.0,591.0,770.0,15.0,90.0,RUNNING
2024-01-02 20:00:00,ZONE_B01,19.3,54.8,-6.3,715.0,770.0,15.0,90.0,RUNNING
2024-01-02 20:00:00,ZONE_B02,19.0,60.0,-14.6,773.0,770.0,15.0,90.0,RUNNING
2024-01-02 21:00:00,ZONE_M01,20.5,60.0,-12.4,777.0,770.0,15.0,90.0,RUNNING
2024-01-02 21:00:00,ZONE_M02,20.2,54.3,-11.0,701.0,770.0,15.0,90.0,RUNNING
2024-01-02 21:00:00,ZONE_M03,19.9,60.0,-10.4,848.0,770.0,15.0,90.0,RUNNING
2024-01-02 21:00:00,ZONE_B01,19.6,60.0,-14.7,787.0,770.0,15.0,90.0,RUNNING
2024-01-02 21:00:00,ZONE_B02,20.7,50.0,-9.6,606.0,770.0,15.0,90.0,RUNNING
2024-01-02 22:00:00,ZONE_M01,20.0,60.0,-10.3,853.0,770.0,15.0,90.0,RUNNING
2024-01-02 22:00:00,ZONE_M02,20.1,55.6,-8.8,712.0,770.0,15.0,90.0,RUNNING
2024-01-02 22:00:00,ZONE_M03,19.8,60.0,-8.5,729.0,770.0,15.0,90.0,RUNNING
2024-01-02 22:00:00,ZONE_B01,19.6,46.8,-12.7,659.0,770.0,15.0,90.0,RUNNING
2024-01-02 22:00:00,ZONE_B02,19.4,47.9,-11.2,547.0,770.0,15.0,90.0,RUNNING
2024-01-02 23:00:00,ZONE_M01,15.9,39.0,-10.3,438.0,770.0,15.0,90.0,RUNNING
2024-01-02 23:00:00,ZONE_M02,15.6,35.0,-11.6,418.0,770.0,15.0,90.0,RUNNING
2024-01-02 23:00:00,ZONE_M03,15.9,39.8,-11.3,472.0,770.0,15.0,90.0,RUNNING
2024-01-02 23:00:00,ZONE_B01,15.8,40.5,-12.3,519.0,770.0,15.0,90.0,RUNNING
2024-01-02 23:00:00,ZONE_B02,16.7,38.5,-12.8,459.0,770.0,15.0,90.0,RUNNING
2024-01-03 00:00:00,ZONE_M01,16.6,43.7,-6.9,556.0,770.0,15.0,90.0,RUNNING
2024-01-03 00:00:00,ZONE_M02,16.2,40.3,-13.8,491.0,770.0,15.0,90.0,RUNNING
2024-01-03 00:00:00,ZONE_M03,16.1,39.5,-7.3,473.0,770.0,15.0,90.0,RUNNING
2024-01-03 00:00:00,ZONE_B01,16.5,38.3,-10.9,452.0,770.0,15.0,90.0,RUNNING
2024-01-03 00:00:00,ZONE_B02,15.9,41.3,-10.3,447.0,770.0,15.0,90.0,RUNNING
2024-01-03 01:00:00,ZONE_M01,16.3,41.3,-12.5,468.0,770.0,15.0,90.0,RUNNING
2024-01-03 01:00:00,ZONE_M02,16.2,37.6,-6.3,481.0,770.0,15.0,90.0,RUNNING
2024-01-03 01:00:00,ZONE_M03,15.8,46.7,-9.7,500.0,770.0,15.0,90.0,RUNNING
2024-01-03 01:00:00,ZONE_B01,15.6,35.8,-12.0,459.0,770.0,15.0,90.0,RUNNING
2024-01-03 01:00:00,ZONE_B02,16.4,46.5,-10.2,510.0,770.0,15.0,90.0,RUNNING
2024-01-03 02:00:00,ZONE_M01,15.4,42.9,-10.0,512.0,770.0,15.0,90.0,RUNNING
2024-01-03 02:00:00,ZONE_M02,16.2,42.3,-11.9,533.0,770.0,15.0,90.0,RUNNING
2024-01-03 02:00:00,ZONE_M03,16.1,46.3,-7.8,552.0,770.0,15.0,90.0,RUNNING
2024-01-03 02:00:00,ZONE_B01,15.1,38.8,-10.7,491.0,770.0,15.0,90.0,RUNNING
2024-01-03 02:00:00,ZONE_B02,16.6,39.0,-13.9,486.0,770.0,15.0,90.0,RUNNING
2024-01-03 03:00:00,ZONE_M01,15.6,37.0,-9.5,439.0,770.0,15.0,90.0,RUNNING
2024-01-03 03:00:00,ZONE_M02,15.9,40.6,-10.1,431.0,770.0,15.0,90.0,RUNNING
2024-01-03 03:00:00,ZONE_M03,15.7,42.1,-12.7,493.0,770.0,15.0,90.0,RUNNING
2024-01-03 03:00:00,ZONE_B01,16.5,36.9,-14.6,487.0,770.0,15.0,90.0,RUNNING
2024-01-03 03:00:00,ZONE_B02,15.8,45.3,-12.7,534.0,770.0,15.0,90.0,RUNNING
2024-01-03 04:00:00,ZONE_M01,16.3,39.7,-7.6,486.0,770.0,15.0,90.0,RUNNING
2024-01-03 04:00:00,ZONE_M02,14.6,38.5,-11.9,460.0,770.0,15.0,90.0,RUNNING
2024-01-03 04:00:00,ZONE_M03,15.6,41.1,-13.9,506.0,770.0,15.0,90.0,RUNNING
2024-01-03 04:00:00,ZONE_B01,16.0,41.7,-11.6,493.0,770.0,15.0,90.0,RUNNING
2024-01-03 04:00:00,ZONE_B02,16.6,39.4,-11.0,452.0,770.0,15.0,90.0,RUNNING
2024-01-03 05:00:00,ZONE_M01,15.5,44.4,-13.6,516.0,770.0,15.0,90.0,RUNNING
2024-01-03 05:00:00,ZONE_M02,15.5,39.6,-9.5,528.0,770.0,15.0,90.0,RUNNING
2024-01-03 05:00:00,ZONE_M03,16.0,34.8,-8.4,480.0,770.0,15.0,90.0,RUNNING
2024-01-03 05:00:00,ZONE_B01,16.1,40.5,-10.6,510.0,770.0,15.0,90.0,RUNNING
2024-01-03 05:00:00,ZONE_B02,16.4,41.2,-10.4,415.0,770.0,15.0,90.0,RUNNING
2024-01-03 06:00:00,ZONE_M01,19.8,60.0,-10.9,928.0,770.0,15.0,90.0,RUNNING
2024-01-03 06:00:00,ZONE_M02,19.8,60.0,-11.3,857.0,770.0,15.0,90.0,RUNNING
2024-01-03 06:00:00,ZONE_M03,18.9,60.0,-10.6,783.0,770.0,15.0,90.0,RUNNING
2024-01-03 06:00:00,ZONE_B01,19.8,60.0,-12.0,855.0,770.0,15.0,90.0,RUNNING
2024-01-03 06:00:00,ZONE_B02,20.3,47.9,-8.0,592.0,770.0,15.0,90.0,RUNNING
2024-01-03 07:00:00,ZONE_M01,21.0,55.1,-11.0,730.0,770.0,15.0,90.0,RUNNING
2024-01-03 07:00:00,ZONE_M02,19.2,59.6,-6.7,840.0,770.0,15.0,90.0,RUNNING
2024-01-03 07:00:00,ZONE_M03,20.1,60.0,-10.6,978.0,770.0,15.0,90.0,RUNNING
2024-01-03 07:00:00,ZONE_B01,20.2,60.0,-8.2,955.0,770.0,15.0,90.0,RUNNING
2024-01-03 07:00:00,ZONE_B02,19.4,60.0,-10.2,763.0,770.0,15.0,90.0,RUNNING
2024-01-03 08:00:00,ZONE_M01,19.5,56.8,-12.7,730.0,770.0,15.0,90.0,RUNNING
2024-01-03 08:00:00,ZONE_M02,18.9,47.8,-12.0,617.0,770.0,15.0,90.0,RUNNING
2024-01-03 08:00:00,ZONE_M03,20.3,50.2,-7.0,608.0,770.0,15.0,90.0,RUNNING
2024-01-03 08:00:00,ZONE_B01,20.2,60.0,-11.6,903.0,770.0,15.0,90.0,RUNNING
2024-01-03 08:00:00,ZONE_B02,20.0,55.5,-11.0,673.0,770.0,15.0,90.0,RUNNING
2024-01-03 09:00:00,ZONE_M01,20.4,60.0,-9.4,775.0,770.0,15.0,90.0,RUNNING
2024-01-03 09:00:00,ZONE_M02,21.0,60.0,-14.1,799.0,770.0,15.0,90.0,RUNNING
2024-01-03 09:00:00,ZONE_M03,20.1,43.3,-9.9,598.0,770.0,15.0,90.0,RUNNING
2024-01-03 09:00:00,ZONE_B01,20.2,52.9,-6.3,620.0,770.0,15.0,90.0,RUNNING
2024-01-03 09:00:00,ZONE_B02,20.0,54.8,-7.5,715.0,770.0,15.0,90.0,RUNNING
2024-01-03 10:00:00,ZONE_M01,20.2,56.6,-5.7,649.0,770.0,15.0,90.0,RUNNING
2024-01-03 10:00:00,ZONE_M02,19.7,60.0,-11.5,763.0,770.0,15.0,90.0,RUNNING
2024-01-03 10:00:00,ZONE_M03,20.0,40.6,-12.4,571.0,770.0,15.0,90.0,RUNNING
2024-01-03 10:00:00,ZONE_B01,20.3,58.6,-10.5,700.0,770.0,15.0,90.0,RUNNING
2024-01-03 10:00:00,ZONE_B02,19.9,42.5,-10.8,543.0,770.0,15.0,90.0,RUNNING
2024-01-03 11:00:00,ZONE_M01,20.0,59.1,-11.4,748.0,770.0,15.0,90.0,RUNNING
2024-01-03 11:00:00,ZONE_M02,19.2,47.6,-9.5,657.0,770.0,15.0,90.0,RUNNING
2024-01-03 11:00:00,ZONE_M03,19.4,60.0,-11.1,828.0,770.0,15.0,90.0,RUNNING
2024-01-03 11:00:00,ZONE_B01,19.7,52.5,-11.4,668.0,770.0,15.0,90.0,RUNNING
2024-01-03 11:00:00,ZONE_B02,19.7,56.0,-15.6,712.0,770.0,15.0,90.0,RUNNING
2024-01-03 12:00:00,ZONE_M01,19.6,50.4,-12.7,637.0,770.0,15.0,90.0,RUNNING
2024-01-03 12:00:00,ZONE_M02,20.0,60.0,-9.8,736.0,770.0,15.0,90.0,RUNNING
2024-01-03 12:00:00,ZONE_M03,19.9,57.5,-12.1,704.0,770.0,15.0,90.0,RUNNING
2024-01-03 12:00:00,ZONE_B01,19.8,60.0,-8.6,904.0,770.0,15.0,90.0,RUNNING
2024-01-03 12:00:00,ZONE_B02,20.3,56.6,-11.2,728.0,770.0,15.0,90.0,RUNNING
2024-01-03 13:00:00,ZONE_M01,19.6,56.1,-10.8,691.0,770.0,15.0,90.0,RUNNING
2024-01-03 13:00:00,ZONE_M02,20.3,56.2,-10.7,733.0,770.0,15.0,90.0,RUNNING
2024-01-03 13:00:00,ZONE_M03,19.4,60.0,-7.0,857.0,770.0,15.0,90.0,RUNNING
2024-01-03 13:00:00,ZONE_B01,20.8,49.3,-9.3,649.0,770.0,15.0,90.0,RUNNING
2024-01-03 13:00:00,ZONE_B02,20.2,58.1,-13.4,683.0,770.0,15.0,90.0,RUNNING
2024-01-03 14:00:00,ZONE_M01,19.3,57.9,-9.2,693.0,770.0,15.0,90.0,RUNNING
2024-01-03 14:00:00,ZONE_M02,20.4,60.0,-11.9,905.0,770.0,15.0,90.0,RUNNING
2024-01-03 14:00:00,ZONE_M03,20.4,49.2,-10.2,616.0,770.0,15.0,90.0,RUNNING
2024-01-03 14:00:00,ZONE_B01,21.3,59.4,-12.3,755.0,770.0,15.0,90.0,RUNNING
2024-01-03 14:00:00,ZONE_B02,19.2,59.8,-9.3,786.0,770.0,15.0,90.0,RUNNING
2024-01-03 15:00:00,ZONE_M01,20.1,60.0,-11.2,750.0,770.0,15.0,90.0,RUNNING
2024-01-03 15:00:00,ZONE_M02,19.7,56.6,-11.3,773.0,770.0,15.0,90.0,RUNNING
2024-01-03 15:00:00,ZONE_M03,19.8,55.0,-8.8,711.0,770.0,15.0,90.0,RUNNING
2024-01-03 15:00:00,ZONE_B01,20.2,51.9,-11.5,694.0,770.0,15.0,90.0,RUNNING
2024-01-03 15:00:00,ZONE_B02,20.0,59.6,-17.5,717.0,770.0,15.0,90.0,RUNNING
2024-01-03 16:00:00,ZONE_M01,21.2,60.0,-12.3,829.0,770.0,15.0,90.0,RUNNING
2024-01-03 16:00:00,ZONE_M02,20.5,60.0,-8.0,762.0,770.0,15.0,90.0,RUNNING
2024-01-03 16:00:00,ZONE_M03,19.9,59.6,-13.0,791.0,770.0,15.0,90.0,RUNNING
2024-01-03 16:00:00,ZONE_B01,19.7,53.6,-12.2,690.0,770.0,15.0,90.0,RUNNING
2024-01-03 16:00:00,ZONE_B02,20.5,57.5,-8.0,620.0,770.0,15.0,90.0,RUNNING
2024-01-03 17:00:00,ZONE_M01,19.2,58.5,-10.9,736.0,770.0,15.0,90.0,RUNNING
2024-01-03 17:00:00,ZONE_M02,20.1,59.0,-8.6,753.0,770.0,15.0,90.0,RUNNING
2024-01-03 17:00:00,ZONE_M03,19.3,60.0,-9.6,879.0,770.0,15.0,90.0,RUNNING
2024-01-03 17:00:00,ZONE_B01,20.2,60.0,-12.7,850.0,770.0,15.0,90.0,RUNNING
2024-01-03 17:00:00,ZONE_B02,20.2,56.0,-7.5,677.0,770.0,15.0,90.0,RUNNING
2024-01-03 18:00:00,ZONE_M01,21.2,60.0,-9.1,850.0,770.0,15.0,90.0,RUNNING
2024-01-03 18:00:00,ZONE_M02,18.9,60.0,-7.7,733.0,770.0,15.0,90.0,RUNNING
2024-01-03 18:00:00,ZONE_M03,20.3,56.6,-12.8,758.0,770.0,15.0,90.0,RUNNING
2024-01-03 18:00:00,ZONE_B01,20.4,58.1,-9.5,633.0,770.0,15.0,90.0,RUNNING
2024-01-03 18:00:00,ZONE_B02,20.1,60.0,-10.4,797.0,770.0,15.0,90.0,RUNNING
2024-01-03 19:00:00,ZONE_M01,19.5,58.5,-8.8,795.0,770.0,15.0,90.0,RUNNING
2024-01-03 19:00:00,ZONE_M02,20.1,57.9,-7.5,698.0,770.0,15.0,90.0,RUNNING
2024-01-03 19:00:00,ZONE_M03,19.7,57.5,-9.2,808.0,770.0,15.0,90.0,RUNNING
2024-01-03 19:00:00,ZONE_B01,20.5,54.5,-9.8,706.0,770.0,15.0,90.0,RUNNING
2024-01-03 19:00:00,ZONE_B02,19.6,59.3,-10.2,732.0,770.0,15.0,90.0,RUNNING
2024-01-03 20:00:00,ZONE_M01,20.3,58.3,-12.4,762.0,770.0,15.0,90.0,RUNNING
2024-01-03 20:00:00,ZONE_M02,19.1,53.6,-9.7,748.0,770.0,15.0,90.0,RUNNING
2024-01-03 20:00:00,ZONE_M03,20.5,58.7,-11.6,750.0,770.0,15.0,90.0,RUNNING
2024-01-03 20:00:00,ZONE_B01,20.2,54.0,-9.6,738.0,770.0,15.0,90.0,RUNNING
2024-01-03 20:00:00,ZONE_B02,19.9,60.0,-11.8,805.0,770.0,15.0,90.0,RUNNING
2024-01-03 21:00:00,ZONE_M01,20.8,59.7,-8.5,731.0,770.0,15.0,90.0,RUNNING
2024-01-03 21:00:00,ZONE_M02,19.8,60.0,-9.0,887.0,770.0,15.0,90.0,RUNNING
2024-01-03 21:00:00,ZONE_M03,19.7,60.0,-10.4,848.0,770.0,15.0,90.0,RUNNING
2024-01-03 21:00:00,ZONE_B01,18.7,60.0,-11.1,777.0,770.0,15.0,90.0,RUNNING
2024-01-03 21:00:00,ZONE_B02,20.7,59.6,-11.9,793.0,770.0,15.0,90.0,RUNNING
2024-01-03 22:00:00,ZONE_M01,19.8,47.4,-11.9,620.0,770.0,15.0,90.0,RUNNING
2024-01-03 22:00:00,ZONE_M02,19.9,57.2,-8.3,782.0,770.0,15.0,90.0,RUNNING
2024-01-03 22:00:00,ZONE_M03,20.1,58.1,-8.7,716.0,770.0,15.0,90.0,RUNNING
2024-01-03 22:00:00,ZONE_B01,20.8,50.0,-11.0,658.0,770.0,15.0,90.0,RUNNING
2024-01-03 22:00:00,ZONE_B02,19.9,60.0,-9.5,767.0,770.0,15.0,90.0,RUNNING
2024-01-03 23:00:00,ZONE_M01,15.6,36.9,-11.2,452.0,770.0,15.0,90.0,RUNNING
2024-01-03 23:00:00,ZONE_M02,16.4,41.5,-11.6,442.0,770.0,15.0,90.0,RUNNING
2024-01-03 23:00:00,ZONE_M03,15.2,35.8,-8.6,479.0,770.0,15.0,90.0,RUNNING
2024-01-03 23:00:00,ZONE_B01,16.3,38.3,-8.4,503.0,770.0,15.0,90.0,RUNNING
2024-01-03 23:00:00,ZONE_B02,16.2,46.7,-14.8,505.0,770.0,15.0,90.0,RUNNING
2024-01-04 00:00:00,ZONE_M01,16.2,36.9,-14.7,457.0,770.0,15.0,90.0,RUNNING
2024-01-04 00:00:00,ZONE_M02,15.9,38.8,-11.8,476.0,770.0,15.0,90.0,RUNNING
2024-01-04 00:00:00,ZONE_M03,16.4,40.7,-12.3,427.0,770.0,15.0,90.0,RUNNING
2024-01-04 00:00:00,ZONE_B01,15.7,38.4,-12.7,440.0,770.0,15.0,90.0,RUNNING
2024-01-04 00:00:00,ZONE_B02,16.4,39.1,-16.1,451.0,770.0,15.0,90.0,RUNNING
2024-01-04 01:00:00,ZONE_M01,17.3,43.3,-10.8,486.0,770.0,15.0,90.0,RUNNING
2024-01-04 01:00:00,ZONE_M02,15.9,43.7,-9.2,514.0,770.0,15.0,90.0,RUNNING
2024-01-04 01:00:00,ZONE_M03,16.4,36.4,-11.6,435.0,770.0,15.0,90.0,RUNNING
2024-01-04 01:00:00,ZONE_B01,15.8,41.9,-9.6,527.0,770.0,15.0,90.0,RUNNING
2024-01-04 01:00:00,ZONE_B02,16.4,39.2,-13.7,481.0,770.0,15.0,90.0,RUNNING
2024-01-04 02:00:00,ZONE_M01,16.0,42.6,-12.1,538.0,770.0,15.0,90.0,RUNNING
2024-01-04 02:00:00,ZONE_M02,16.2,40.4,-13.7,414.0,770.0,15.0,90.0,RUNNING
2024-01-04 02:00:00,ZONE_M03,16.0,40.8,-12.6,453.0,770.0,15.0,90.0,RUNNING
2024-01-04 02:00:00,ZONE_B01,15.5,39.4,-13.1,474.0,770.0,15.0,90.0,RUNNING
2024-01-04 02:00:00,ZONE_B02,15.8,39.7,-12.0,426.0,770.0,15.0,90.0,RUNNING
2024-01-04 03:00:00,ZONE_M01,15.5,36.3,-15.6,396.0,770.0,15.0,90.0,RUNNING
2024-01-04 03:00:00,ZONE_M02,16.5,44.8,-10.1,538.0,770.0,15.0,90.0,RUNNING
2024-01-04 03:00:00,ZONE_M03,15.4,44.9,-8.4,496.0,770.0,15.0,90.0,RUNNING
2024-01-04 03:00:00,ZONE_B01,15.8,39.6,-12.0,527.0,770.0,15.0,90.0,RUNNING
2024-01-04 03:00:00,ZONE_B02,15.5,36.3,-14.8,433.0,770.0,15.0,90.0,RUNNING
2024-01-04 04:00:00,ZONE_M01,16.3,41.5,-11.4,484.0,770.0,15.0,90.0,RUNNING
2024-01-04 04:00:00,ZONE_M02,16.3,40.0,-12.7,475.0,770.0,15.0,90.0,RUNNING
2024-01-04 04:00:00,ZONE_M03,16.4,33.7,-7.9,417.0,770.0,15.0,90.0,RUNNING
2024-01-04 04:00:00,ZONE_B01,15.8,45.7,-9.2,466.0,770.0,15.0,90.0,RUNNING
2024-01-04 04:00:00,ZONE_B02,16.0,43.4,-10.0,525.0,770.0,15.0,90.0,RUNNING
2024-01-04 05:00:00,ZONE_M01,16.6,36.6,-14.0,452.0,770.0,15.0,90.0,RUNNING
2024-01-04 05:00:00,ZONE_M02,16.3,34.9,-13.6,424.0,770.0,15.0,90.0,RUNNING
2024-01-04 05:00:00,ZONE_M03,15.4,42.6,-9.1,468.0,770.0,15.0,90.0,RUNNING
2024-01-04 05:00:00,ZONE_B01,15.1,42.2,-11.5,445.0,770.0,15.0,90.0,RUNNING
2024-01-04 05:00:00,ZONE_B02,15.7,37.7,-8.2,491.0,770.0,15.0,90.0,RUNNING
2024-01-04 06:00:00,ZONE_M01,20.3,60.0,-10.0,831.0,770.0,15.0,90.0,RUNNING
2024-01-04 06:00:00,ZONE_M02,19.8,60.0,-11.8,836.0,770.0,15.0,90.0,RUNNING
2024-01-04 06:00:00,ZONE_M03,21.0,59.7,-10.1,823.0,770.0,15.0,90.0,RUNNING
2024-01-04 06:00:00,ZONE_B01,20.2,60.0,-10.9,908.0,770.0,15.0,90.0,RUNNING
2024-01-04 06:00:00,ZONE_B02,20.1,55.1,-11.7,711.0,770.0,15.0,90.0,RUNNING
2024-01-04 07:00:00,ZONE_M01,20.3,57.3,-10.5,750.0,770.0,15.0,90.0,RUNNING
2024-01-04 07:00:00,ZONE_M02,19.6,52.2,-10.5,675.0,770.0,15.0,90.0,RUNNING
2024-01-04 07:00:00,ZONE_M03,19.5,60.0,-11.3,839.0,770.0,15.0,90.0,RUNNING
2024-01-04 07:00:00,ZONE_B01,18.8,60.0,-11.7,941.0,770.0,15.0,90.0,RUNNING
2024-01-04 07:00:00,ZONE_B02,19.4,55.7,-8.6,690.0,770.0,15.0,90.0,RUNNING
2024-01-04 08:00:00,ZONE_M01,19.2,60.0,-10.5,733.0,770.0,15.0,90.0,RUNNING
2024-01-04 08:00:00,ZONE_M02,19.6,54.1,-5.0,772.0,770.0,15.0,90.0,RUNNING
2024-01-04 08:00:00,ZONE_M03,19.8,59.0,-10.2,685.0,770.0,15.0,90.0,RUNNING
2024-01-04 08:00:00,ZONE_B01,19.8,60.0,-13.7,770.0,770.0,15.0,90.0,RUNNING
2024-01-04 08:00:00,ZONE_B02,20.8,53.8,-11.2,721.0,770.0,15.0,90.0,RUNNING
2024-01-04 09:00:00,ZONE_M01,20.2,53.9,-10.5,642.0,770.0,15.0,90.0,RUNNING
2024-01-04 09:00:00,ZONE_M02,20.7,60.0,-11.8,751.0,770.0,15.0,90.0,RUNNING
2024-01-04 09:00:00,ZONE_M03,20.3,60.0,-14.1,821.0,770.0,15.0,90.0,RUNNING
2024-01-04 09:00:00,ZONE_B01,19.6,60.0,-12.4,829.0,770.0,15.0,90.0,RUNNING
2024-01-04 09:00:00,ZONE_B02,20.4,60.0,-11.4,928.0,770.0,15.0,90.0,RUNNING
2024-01-04 10:00:00,ZONE_M01,19.9,60.0,-14.2,782.0,770.0,15.0,90.0,RUNNING
2024-01-04 10:00:00,ZONE_M02,19.6,60.0,-9.9,934.0,770.0,15.0,90.0,RUNNING
2024-01-04 10:00:00,ZONE_M03,20.0,60.0,-17.3,823.0,770.0,15.0,90.0,RUNNING
2024-01-04 10:00:00,ZONE_B01,20.7,49.0,-10.3,588.0,770.0,15.0,90.0,RUNNING
2024-01-04 10:00:00,ZONE_B02,20.3,54.8,-9.0,585.0,770.0,15.0,90.0,RUNNING
2024-01-04 11:00:00,ZONE_M01,19.7,60.0,-8.9,873.0,770.0,15.0,90.0,RUNNING
2024-01-04 11:00:00,ZONE_M02,19.9,60.0,-10.0,934.0,770.0,15.0,90.0,RUNNING
2024-01-04 11:00:00,ZONE_M03,19.2,51.4,-10.1,708.0,770.0,15.0,90.0,RUNNING
2024-01-04 11:00:00,ZONE_B01,19.9,59.4,-15.2,741.0,770.0,15.0,90.0,RUNNING
2024-01-04 11:00:00,ZONE_B02,21.1,53.6,-8.8,746.0,770.0,15.0,90.0,RUNNING
2024-01-04 12:00:00,ZONE_M01,19.3,60.0,-11.0,685.0,770.0,15.0,90.0,RUNNING
2024-01-04 12:00:00,ZONE_M02,20.6,52.1,-9.9,733.0,770.0,15.0,90.0,RUNNING
2024-01-04 12:00:00,ZONE_M03,20.1,58.0,-13.0,742.0,770.0,15.0,90.0,RUNNING
2024-01-04 12:00:00,ZONE_B01,19.5,56.6,-11.6,736.0,770.0,15.0,90.0,RUNNING
2024-01-04 12:00:00,ZONE_B02,20.1,60.0,-11.0,939.0,770.0,15.0,90.0,RUNNING
2024-01-04 13:00:00,ZONE_M01,20.4,56.2,-9.6,803.0,770.0,15.0,90.0,RUNNING
2024-01-04 13:00:00,ZONE_M02,21.1,47.6,-9.9,700.0,770.0,15.0,90.0,RUNNING
2024-01-04 13:00:00,ZONE_M03,20.2,51.8,-11.9,785.0,770.0,15.0,90.0,RUNNING
2024-01-04 13:00:00,ZONE_B01,19.8,48.8,-10.6,613.0,770.0,15.0,90.0,RUNNING
2024-01-04 13:00:00,ZONE_B02,20.6,60.0,-12.7,857.0,770.0,15.0,90.0,RUNNING
2024-01-04 14:00:00,ZONE_M01,19.1,60.0,-8.7,925.0,770.0,15.0,90.0,RUNNING
2024-01-04 14:00:00,ZONE_M02,19.8,53.3,-12.4,757.0,770.0,15.0,90.0,RUNNING
2024-01-04 14:00:00,ZONE_M03,20.9,44.9,-7.0,562.0,770.0,15.0,90.0,RUNNING
2024-01-04 14:00:00,ZONE_B01,20.7,53.1,-13.1,743.0,770.0,15.0,90.0,RUNNING
2024-01-04 14:00:00,ZONE_B02,19.4,54.4,-8.9,735.0,770.0,15.0,90.0,RUNNING
2024-01-04 15:00:00,ZONE_M01,19.0,60.0,-9.6,846.0,770.0,15.0,90.0,RUNNING
2024-01-04 15:00:00,ZONE_M02,20.1,52.6,-13.4,692.0,770.0,15.0,90.0,RUNNING
2024-01-04 15:00:00,ZONE_M03,20.5,54.2,-9.2,684.0,770.0,15.0,90.0,RUNNING
2024-01-04 15:00:00,ZONE_B01,18.6,52.7,-8.3,744.0,770.0,15.0,90.0,RUNNING
2024-01-04 15:00:00,ZONE_B02,20.1,56.1,-12.0,758.0,770.0,15.0,90.0,RUNNING
2024-01-04 16:00:00,ZONE_M01,19.7,60.0,-11.8,675.0,770.0,15.0,90.0,RUNNING
2024-01-04 16:00:00,ZONE_M02,20.7,56.6,-13.1,734.0,770.0,15.0,90.0,RUNNING
2024-01-04 16:00:00,ZONE_M03,19.5,60.0,-7.0,760.0,770.0,15.0,90.0,RUNNING
2024-01-04 16:00:00,ZONE_B01,20.0,48.2,-11.7,638.0,770.0,15.0,90.0,RUNNING
2024-01-04 16:00:00,ZONE_B02,19.3,60.0,-11.6,862.0,770.0,15.0,90.0,RUNNING
2024-01-04 17:00:00,ZONE_M01,20.0,51.8,-12.2,641.0,770.0,15.0,90.0,RUNNING
2024-01-04 17:00:00,ZONE_M02,20.3,60.0,-15.6,848.0,770.0,15.0,90.0,RUNNING
2024-01-04 17:00:00,ZONE_M03,19.1,59.2,-6.8,715.0,770.0,15.0,90.0,RUNNING
2024-01-04 17:00:00,ZONE_B01,20.5,46.2,-8.1,634.0,770.0,15.0,90.0,RUNNING
2024-01-04 17:00:00,ZONE_B02,18.8,60.0,-9.5,869.0,770.0,15.0,90.0,RUNNING
2024-01-04 18:00:00,ZONE_M01,18.8,55.6,-12.2,696.0,770.0,15.0,90.0,RUNNING
2024-01-04 18:00:00,ZONE_M02,19.5,56.0,-12.4,701.0,770.0,15.0,90.0,RUNNING
2024-01-04 18:00:00,ZONE_M03,20.4,60.0,-10.3,740.0,770.0,15.0,90.0,RUNNING
2024-01-04 18:00:00,ZONE_B01,19.6,59.0,-13.0,703.0,770.0,15.0,90.0,RUNNING
2024-01-04 18:00:00,ZONE_B02,19.9,59.8,-12.6,759.0,770.0,15.0,90.0,RUNNING
2024-01-04 19:00:00,ZONE_M01,19.6,60.0,-11.0,835.0,770.0,15.0,90.0,RUNNING
2024-01-04 19:00:00,ZONE_M02,19.5,47.0,-10.0,634.0,770.0,15.0,90.0,RUNNING
2024-01-04 19:00:00,ZONE_M03,19.9,56.0,-9.3,812.0,770.0,15.0,90.0,RUNNING
2024-01-04 19:00:00,ZONE_B01,19.8,50.5,-11.9,730.0,770.0,15.0,90.0,RUNNING
2024-01-04 19:00:00,ZONE_B02,19.2,60.0,-7.6,742.0,770.0,15.0,90.0,RUNNING
2024-01-04 20:00:00,ZONE_M01,20.5,60.0,-11.4,936.0,770.0,15.0,90.0,RUNNING
2024-01-04 20:00:00,ZONE_M02,19.8,60.0,-11.9,917.0,770.0,15.0,90.0,RUNNING
2024-01-04 20:00:00,ZONE_M03,20.1,56.5,-12.0,726.0,770.0,15.0,90.0,RUNNING
2024-01-04 20:00:00,ZONE_B01,20.6,60.0,-12.5,798.0,770.0,15.0,90.0,RUNNING
2024-01-04 20:00:00,ZONE_B02,20.5,57.0,-14.0,719.0,770.0,15.0,90.0,RUNNING
2024-01-04 21:00:00,ZONE_M01,19.4,60.0,-9.9,962.0,770.0,15.0,90.0,RUNNING
2024-01-04 21:00:00,ZONE_M02,19.9,59.1,-12.4,820.0,770.0,15.0,90.0,RUNNING
2024-01-04 21:00:00,ZONE_M03,20.0,55.8,-10.8,748.0,770.0,15.0,90.0,RUNNING
2024-01-04 21:00:00,ZONE_B01,19.1,53.7,-10.5,627.0,770.0,15.0,90.0,RUNNING
2024-01-04 21:00:00,ZONE_B02,20.2,58.0,-10.5,704.0,770.0,15.0,90.0,RUNNING
2024-01-04 22:00:00,ZONE_M01,19.4,60.0,-9.7,931.0,770.0,15.0,90.0,RUNNING
2024-01-04 22:00:00,ZONE_M02,19.1,60.0,-12.8,722.0,770.0,15.0,90.0,RUNNING
2024-01-04 22:00:00,ZONE_M03,20.1,55.4,-11.3,664.0,770.0,15.0,90.0,RUNNING
2024-01-04 22:00:00,ZONE_B01,20.5,60.0,-14.5,817.0,770.0,15.0,90.0,RUNNING
2024-01-04 22:00:00,ZONE_B02,19.8,46.5,-8.9,669.0,770.0,15.0,90.0,RUNNING
2024-01-04 23:00:00,ZONE_M01,16.2,40.9,-10.9,442.0,770.0,15.0,90.0,RUNNING
2024-01-04 23:00:00,ZONE_M02,14.8,36.2,-8.4,499.0,770.0,15.0,90.0,RUNNING
2024-01-04 23:00:00,ZONE_M03,16.4,34.7,-9.8,477.0,770.0,15.0,90.0,RUNNING
2024-01-04 23:00:00,ZONE_B01,16.3,42.4,-8.1,418.0,770.0,15.0,90.0,RUNNING
2024-01-04 23:00:00,ZONE_B02,16.3,39.9,-13.0,461.0,770.0,15.0,90.0,RUNNING
2024-01-05 00:00:00,ZONE_M01,15.2,39.3,-11.3,456.0,770.0,15.0,90.0,RUNNING
2024-01-05 00:00:00,ZONE_M02,16.3,35.2,-11.4,466.0,770.0,15.0,90.0,RUNNING
2024-01-05 00:00:00,ZONE_M03,16.2,37.5,-14.2,511.0,770.0,15.0,90.0,RUNNING
2024-01-05 00:00:00,ZONE_B01,15.8,38.7,-9.9,438.0,770.0,15.0,90.0,RUNNING
2024-01-05 00:00:00,ZONE_B02,16.6,47.7,-12.2,534.0,770.0,15.0,90.0,RUNNING
2024-01-05 01:00:00,ZONE_M01,15.6,38.5,-11.2,472.0,770.0,15.0,90.0,RUNNING
2024-01-05 01:00:00,ZONE_M02,17.0,34.6,-11.3,470.0,770.0,15.0,90.0,RUNNING
2024-01-05 01:00:00,ZONE_M03,15.5,38.6,-15.3,458.0,770.0,15.0,90.0,RUNNING
2024-01-05 01:00:00,ZONE_B01,15.5,46.0,-13.4,434.0,770.0,15.0,90.0,RUNNING
2024-01-05 01:00:00,ZONE_B02,15.9,38.8,-10.4,423.0,770.0,15.0,90.0,RUNNING
2024-01-05 02:00:00,ZONE_M01,16.0,40.9,-11.4,463.0,770.0,15.0,90.0,RUNNING
2024-01-05 02:00:00,ZONE_M02,16.6,42.1,-13.7,437.0,770.0,15.0,90.0,RUNNING
2024-01-05 02:00:00,ZONE_M03,16.4,43.3,-11.2,504.0,770.0,15.0,90.0,RUNNING
2024-01-05 02:00:00,ZONE_B01,15.9,41.9,-10.7,473.0,770.0,15.0,90.0,RUNNING
2024-01-05 02:00:00,ZONE_B02,15.6,42.1,-10.2,485.0,770.0,15.0,90.0,RUNNING
2024-01-05 03:00:00,ZONE_M01,15.7,38.4,-15.1,471.0,770.0,15.0,90.0,RUNNING
2024-01-05 03:00:00,ZONE_M02,15.6,38.5,-14.4,499.0,770.0,15.0,90.0,RUNNING
2024-01-05 03:00:00,ZONE_M03,16.0,38.8,-8.6,489.0,770.0,15.0,90.0,RUNNING
2024-01-05 03:00:00,ZONE_B01,16.1,40.0,-12.3,424.0,770.0,15.0,90.0,RUNNING
2024-01-05 03:00:00,ZONE_B02,15.5,46.0,-7.8,462.0,770.0,15.0,90.0,RUNNING
2024-01-05 04:00:00,ZONE_M01,16.1,39.4,-11.8,491.0,770.0,15.0,90.0,RUNNING
2024-01-05 04:00:00,ZONE_M02,15.7,34.1,-12.4,427.0,770.0,15.0,90.0,RUNNING
2024-01-05 04:00:00,ZONE_M03,16.1,36.7,-12.6,492.0,770.0,15.0,90.0,RUNNING
2024-01-05 04:00:00,ZONE_B01,16.2,42.4,-11.2,475.0,770.0,15.0,90.0,RUNNING
2024-01-05 04:00:00,ZONE_B02,16.4,34.5,-7.3,430.0,770.0,15.0,90.0,RUNNING
2024-01-05 05:00:00,ZONE_M01,15.6,44.3,-10.5,498.0,770.0,15.0,90.0,RUNNING
2024-01-05 05:00:00,ZONE_M02,16.1,37.9,-10.9,523.0,770.0,15.0,90.0,RUNNING
2024-01-05 05:00:00,ZONE_M03,16.5,43.7,-9.7,479.0,770.0,15.0,90.0,RUNNING
2024-01-05 05:00:00,ZONE_B01,15.7,33.3,-10.4,465.0,770.0,15.0,90.0,RUNNING
2024-01-05 05:00:00,ZONE_B02,14.8,40.0,-11.4,365.0,770.0,15.0,90.0,RUNNING
2024-01-05 06:00:00,ZONE_M01,20.7,50.8,-10.3,620.0,770.0,15.0,90.0,RUNNING
2024-01-05 06:00:00,ZONE_M02,19.8,56.4,-13.3,783.0,770.0,15.0,90.0,RUNNING
2024-01-05 06:00:00,ZONE_M03,20.1,48.5,-13.0,699.0,770.0,15.0,90.0,RUNNING
2024-01-05 06:00:00,ZONE_B01,20.8,54.5,-9.6,734.0,770.0,15.0,90.0,RUNNING
2024-01-05 06:00:00,ZONE_B02,20.4,48.4,-10.6,653.0,770.0,15.0,90.0,RUNNING
2024-01-05 07:00:00,ZONE_M01,19.9,54.3,-11.1,683.0,770.0,15.0,90.0,RUNNING
2024-01-05 07:00:00,ZONE_M02,19.6,57.1,-14.9,788.0,770.0,15.0,90.0,RUNNING
2024-01-05 07:00:00,ZONE_M03,19.6,57.8,-13.3,746.0,770.0,15.0,90.0,RUNNING
2024-01-05 07:00:00,ZONE_B01,19.8,49.8,-9.1,658.0,770.0,15.0,90.0,RUNNING
2024-01-05 07:00:00,ZONE_B02,19.9,60.0,-12.9,807.0,770.0,15.0,90.0,RUNNING
2024-01-05 08:00:00,ZONE_M01,18.3,57.8,-9.6,717.0,770.0,15.0,90.0,RUNNING
2024-01-05 08:00:00,ZONE_M02,20.8,60.0,-12.7,737.0,770.0,15.0,90.0,RUNNING
2024-01-05 08:00:00,ZONE_M03,19.8,45.1,-12.0,529.0,770.0,15.0,90.0,RUNNING
2024-01-05 08:00:00,ZONE_B01,20.6,60.0,-9.2,846.0,770.0,15.0,90.0,RUNNING
2024-01-05 08:00:00,ZONE_B02,20.2,60.0,-7.5,770.0,770.0,15.0,90.0,RUNNING
2024-01-05 09:00:00,ZONE_M01,20.7,48.6,-8.0,678.0,770.0,15.0,90.0,RUNNING
2024-01-05 09:00:00,ZONE_M02,20.6,60.0,-12.4,760.0,770.0,15.0,90.0,RUNNING
2024-01-05 09:00:00,ZONE_M03,20.6,51.3,-13.7,627.0,770.0,15.0,90.0,RUNNING
2024-01-05 09:00:00,ZONE_B01,20.9,60.0,-13.2,810.0,770.0,15.0,90.0,RUNNING
2024-01-05 09:00:00,ZONE_B02,20.8,60.0,-13.5,836.0,770.0,15.0,90.0,RUNNING
2024-01-05 10:00:00,ZONE_M01,19.3,53.4,-10.9,738.0,770.0,15.0,90.0,RUNNING
2024-01-05 10:00:00,ZONE_M02,20.7,54.7,-11.6,788.0,770.0,15.0,90.0,RUNNING
2024-01-05 10:00:00,ZONE_M03,19.7,54.2,-13.5,770.0,770.0,15.0,90.0,RUNNING
2024-01-05 10:00:00,ZONE_B01,19.5,60.0,-10.9,855.0,770.0,15.0,90.0,RUNNING
2024-01-05 10:00:00,ZONE_B02,20.0,60.0,-14.4,840.0,770.0,15.0,90.0,RUNNING
2024-01-05 11:00:00,ZONE_M01,20.3,52.6,-13.8,706.0,770.0,15.0,90.0,RUNNING
2024-01-05 11:00:00,ZONE_M02,19.4,56.1,-12.3,706.0,770.0,15.0,90.0,RUNNING
2024-01-05 11:00:00,ZONE_M03,19.8,60.0,-11.8,810.0,770.0,15.0,90.0,RUNNING
2024-01-05 11:00:00,ZONE_B01,20.0,46.9,-9.5,601.0,770.0,15.0,90.0,RUNNING
2024-01-05 11:00:00,ZONE_B02,19.9,60.0,-10.7,715.0,770.0,15.0,90.0,RUNNING
2024-01-05 12:00:00,ZONE_M01,19.6,52.3,-11.3,694.0,770.0,15.0,90.0,RUNNING
2024-01-05 12:00:00,ZONE_M02,20.0,52.2,-13.8,715.0,770.0,15.0,90.0,RUNNING
2024-01-05 12:00:00,ZONE_M03,20.2,60.0,-9.8,831.0,770.0,15.0,90.0,RUNNING
2024-01-05 12:00:00,ZONE_B01,19.4,50.4,-11.0,633.0,770.0,15.0,90.0,RUNNING
2024-01-05 12:00:00,ZONE_B02,20.7,60.0,-12.4,796.0,770.0,15.0,90.0,RUNNING
2024-01-05 13:00:00,ZONE_M01,19.9,55.8,-10.3,719.0,770.0,15.0,90.0,RUNNING
2024-01-05 13:00:00,ZONE_M02,19.9,54.7,-14.1,699.0,770.0,15.0,90.0,RUNNING
2024-01-05 13:00:00,ZONE_M03,20.0,52.4,-9.8,608.0,770.0,15.0,90.0,RUNNING
2024-01-05 13:00:00,ZONE_B01,19.8,56.4,-12.4,831.0,770.0,15.0,90.0,RUNNING
2024-01-05 13:00:00,ZONE_B02,19.9,59.3,-12.2,758.0,770.0,15.0,90.0,RUNNING
2024-01-05 14:00:00,ZONE_M01,19.9,60.0,-7.7,841.0,770.0,15.0,90.0,RUNNING
2024-01-05 14:00:00,ZONE_M02,19.2,59.0,-9.9,714.0,770.0,15.0,90.0,RUNNING
2024-01-05 14:00:00,ZONE_M03,19.2,59.3,-8.2,687.0,770.0,15.0,90.0,RUNNING
2024-01-05 14:00:00,ZONE_B01,19.4,60.0,-11.5,861.0,770.0,15.0,90.0,RUNNING
2024-01-05 14:00:00,ZONE_B02,19.5,56.3,-11.4,741.0,770.0,15.0,90.0,RUNNING
2024-01-05 15:00:00,ZONE_M01,20.1,54.4,-9.9,784.0,770.0,15.0,90.0,RUNNING
2024-01-05 15:00:00,ZONE_M02,20.3,60.0,-10.7,828.0,770.0,15.0,90.0,RUNNING
2024-01-05 15:00:00,ZONE_M03,20.5,60.0,-5.4,745.0,770.0,15.0,90.0,RUNNING
2024-01-05 15:00:00,ZONE_B01,19.5,60.0,-12.9,768.0,770.0,15.0,90.0,RUNNING
2024-01-05 15:00:00,ZONE_B02,19.5,60.0,-8.7,838.0,770.0,15.0,90.0,RUNNING
2024-01-05 16:00:00,ZONE_M01,19.8,54.0,-11.2,688.0,770.0,15.0,90.0,RUNNING
2024-01-05 16:00:00,ZONE_M02,20.4,51.5,-13.7,698.0,770.0,15.0,90.0,RUNNING
2024-01-05 16:00:00,ZONE_M03,20.2,60.0,-11.5,821.0,770.0,15.0,90.0,RUNNING
2024-01-05 16:00:00,ZONE_B01,20.5,60.0,-10.9,762.0,770.0,15.0,90.0,RUNNING
2024-01-05 16:00:00,ZONE_B02,20.5,60.0,-9.2,912.0,770.0,15.0,90.0,RUNNING
2024-01-05 17:00:00,ZONE_M01,21.1,57.9,-12.5,791.0,770.0,15.0,90.0,RUNNING
2024-01-05 17:00:00,ZONE_M02,19.5,54.5,-10.7,685.0,770.0,15.0,90.0,RUNNING
2024-01-05 17:00:00,ZONE_M03,19.7,48.6,-12.9,637.0,770.0,15.0,90.0,RUNNING
2024-01-05 17:00:00,ZONE_B01,19.8,52.5,-11.4,682.0,770.0,15.0,90.0,RUNNING
2024-01-05 17:00:00,ZONE_B02,19.9,54.0,-9.5,726.0,770.0,15.0,90.0,RUNNING
2024-01-05 18:00:00,ZONE_M01,19.4,60.0,-13.6,778.0,770.0,15.0,90.0,RUNNING
2024-01-05 18:00:00,ZONE_M02,20.3,60.0,-6.5,814.0,770.0,15.0,90.0,RUNNING
2024-01-05 18:00:00,ZONE_M03,20.4,54.9,-11.0,670.0,770.0,15.0,90.0,RUNNING
2024-01-05 18:00:00,ZONE_B01,19.8,60.0,-13.2,824.0,770.0,15.0,90.0,RUNNING
2024-01-05 18:00:00,ZONE_B02,19.2,42.5,-9.2,585.0,770.0,15.0,90.0,RUNNING
2024-01-05 19:00:00,ZONE_M01,19.1,56.5,-10.8,677.0,770.0,15.0,90.0,RUNNING
2024-01-05 19:00:00,ZONE_M02,19.3,58.0,-10.3,748.0,770.0,15.0,90.0,RUNNING
2024-01-05 19:00:00,ZONE_M03,20.0,54.8,-13.2,667.0,770.0,15.0,90.0,RUNNING
2024-01-05 19:00:00,ZONE_B01,20.3,60.0,-10.1,828.0,770.0,15.0,90.0,RUNNING
2024-01-05 19:00:00,ZONE_B02,19.8,42.1,-12.4,623.0,770.0,15.0,90.0,RUNNING
2024-01-05 20:00:00,ZONE_M01,20.1,53.5,-9.9,646.0,770.0,15.0,90.0,RUNNING
2024-01-05 20:00:00,ZONE_M02,20.4,52.8,-13.9,713.0,770.0,15.0,90.0,RUNNING
2024-01-05 20:00:00,ZONE_M03,20.0,60.0,-10.6,778.0,770.0,15.0,90.0,RUNNING
2024-01-05 20:00:00,ZONE_B01,19.9,48.1,-12.0,567.0,770.0,15.0,90.0,RUNNING
2024-01-05 20:00:00,ZONE_B02,20.2,49.9,-9.9,676.0,770.0,15.0,90.0,RUNNING
2024-01-05 21:00:00,ZONE_M01,19.1,47.8,-13.6,567.0,770.0,15.0,90.0,RUNNING
2024-01-05 21:00:00,ZONE_M02,19.5,48.9,-11.7,668.0,770.0,15.0,90.0,RUNNING
2024-01-05 21:00:00,ZONE_M03,20.4,57.5,-12.2,761.0,770.0,15.0,90.0,RUNNING
2024-01-05 21:00:00,ZONE_B01,20.3,60.0,-10.1,777.0,770.0,15.0,90.0,RUNNING
2024-01-05 21:00:00,ZONE_B02,19.6,55.6,-10.4,751.0,770.0,15.0,90.0,RUNNING
2024-01-05 22:00:00,ZONE_M01,20.6,56.8,-9.9,712.0,770.0,15.0,90.0,RUNNING
2024-01-05 22:00:00,ZONE_M02,20.6,58.7,-11.5,821.0,770.0,15.0,90.0,RUNNING
2024-01-05 22:00:00,ZONE_M03,21.1,40.0,-10.4,515.0,770.0,15.0,90.0,RUNNING
2024-01-05 22:00:00,ZONE_B01,19.0,55.9,-13.4,675.0,770.0,15.0,90.0,RUNNING
2024-01-05 22:00:00,ZONE_B02,20.4,53.9,-12.6,731.0,770.0,15.0,90.0,RUNNING
2024-01-05 23:00:00,ZONE_M01,16.6,41.2,-11.9,469.0,770.0,15.0,90.0,RUNNING
2024-01-05 23:00:00,ZONE_M02,16.5,37.3,-12.8,457.0,770.0,15.0,90.0,RUNNING
2024-01-05 23:00:00,ZONE_M03,16.5,35.5,-13.0,421.0,770.0,15.0,90.0,RUNNING
2024-01-05 23:00:00,ZONE_B01,16.5,42.3,-8.5,505.0,770.0,15.0,90.0,RUNNING
2024-01-05 23:00:00,ZONE_B02,16.4,41.8,-8.7,415.0,770.0,15.0,90.0,RUNNING
2024-01-06 00:00:00,ZONE_M01,15.8,43.8,-13.1,486.0,770.0,15.0,90.0,RUNNING
2024-01-06 00:00:00,ZONE_M02,16.2,38.6,-10.6,479.0,770.0,15.0,90.0,RUNNING
2024-01-06 00:00:00,ZONE_M03,15.7,35.1,-9.8,482.0,770.0,15.0,90.0,RUNNING
2024-01-06 00:00:00,ZONE_B01,16.1,38.7,-10.1,418.0,770.0,15.0,90.0,RUNNING
2024-01-06 00:00:00,ZONE_B02,15.8,41.8,-11.7,455.0,770.0,15.0,90.0,RUNNING
2024-01-06 01:00:00,ZONE_M01,16.0,45.0,-14.2,503.0,770.0,15.0,90.0,RUNNING
2024-01-06 01:00:00,ZONE_M02,16.1,46.6,-8.5,499.0,770.0,15.0,90.0,RUNNING
2024-01-06 01:00:00,ZONE_M03,16.8,36.9,-10.3,429.0,770.0,15.0,90.0,RUNNING
2024-01-06 01:00:00,ZONE_B01,16.0,31.4,-13.3,443.0,770.0,15.0,90.0,RUNNING
2024-01-06 01:00:00,ZONE_B02,16.6,47.7,-11.6,549.0,770.0,15.0,90.0,RUNNING
2024-01-06 02:00:00,ZONE_M01,15.3,39.9,-9.6,485.0,770.0,15.0,90.0,RUNNING
2024-01-06 02:00:00,ZONE_M02,16.1,42.2,-11.0,523.0,770.0,15.0,90.0,RUNNING
2024-01-06 02:00:00,ZONE_M03,15.5,41.5,-14.5,472.0,770.0,15.0,90.0,RUNNING
2024-01-06 02:00:00,ZONE_B01,16.4,42.9,-11.3,508.0,770.0,15.0,90.0,RUNNING
2024-01-06 02:00:00,ZONE_B02,15.8,39.8,-11.3,481.0,770.0,15.0,90.0,RUNNING
2024-01-06 03:00:00,ZONE_M01,16.3,42.9,-10.5,526.0,770.0,15.0,90.0,RUNNING
2024-01-06 03:00:00,ZONE_M02,16.3,40.5,-11.0,497.0,770.0,15.0,90.0,RUNNING
2024-01-06 03:00:00,ZONE_M03,15.6,40.2,-11.4,508.0,770.0,15.0,90.0,RUNNING
2024-01-06 03:00:00,ZONE_B01,15.5,42.3,-13.2,464.0,770.0,15.0,90.0,RUNNING
2024-01-06 03:00:00,ZONE_B02,16.1,39.5,-10.9,411.0,770.0,15.0,90.0,RUNNING
2024-01-06 04:00:00,ZONE_M01,16.3,37.7,-14.2,477.0,770.0,15.0,90.0,RUNNING
2024-01-06 04:00:00,ZONE_M02,16.4,34.6,-10.4,440.0,770.0,15.0,90.0,RUNNING
2024-01-06 04:00:00,ZONE_M03,15.4,38.8,-14.7,475.0,770.0,15.0,90.0,RUNNING
2024-01-06 04:00:00,ZONE_B01,16.0,46.6,-13.7,492.0,770.0,15.0,90.0,RUNNING
2024-01-06 04:00:00,ZONE_B02,15.6,38.3,-13.6,481.0,770.0,15.0,90.0,RUNNING
2024-01-06 05:00:00,ZONE_M01,15.5,39.5,-12.1,478.0,770.0,15.0,90.0,RUNNING
2024-01-06 05:00:00,ZONE_M02,15.2,35.7,-10.9,451.0,770.0,15.0,90.0,RUNNING
2024-01-06 05:00:00,ZONE_M03,15.4,36.5,-10.9,486.0,770.0,15.0,90.0,RUNNING
2024-01-06 05:00:00,ZONE_B01,16.7,35.0,-12.9,456.0,770.0,15.0,90.0,RUNNING
2024-01-06 05:00:00,ZONE_B02,16.5,43.5,-10.6,456.0,770.0,15.0,90.0,RUNNING
2024-01-06 06:00:00,ZONE_M01,19.5,60.0,-8.5,739.0,770.0,15.0,90.0,RUNNING
2024-01-06 06:00:00,ZONE_M02,19.6,60.0,-14.0,786.0,770.0,15.0,90.0,RUNNING
2024-01-06 06:00:00,ZONE_M03,18.9,60.0,-9.6,711.0,770.0,15.0,90.0,RUNNING
2024-01-06 06:00:00,ZONE_B01,20.4,60.0,-16.4,935.0,770.0,15.0,90.0,RUNNING
2024-01-06 06:00:00,ZONE_B02,20.8,60.0,-11.4,782.0,770.0,15.0,90.0,RUNNING
2024-01-06 07:00:00,ZONE_M01,19.8,53.1,-12.6,671.0,770.0,15.0,90.0,RUNNING
2024-01-06 07:00:00,ZONE_M02,19.7,60.0,-11.3,944.0,770.0,15.0,90.0,RUNNING
2024-01-06 07:00:00,ZONE_M03,19.8,54.9,-11.0,745.0,770.0,15.0,90.0,RUNNING
2024-01-06 07:00:00,ZONE_B01,18.8,60.0,-11.2,774.0,770.0,15.0,90.0,RUNNING
2024-01-06 07:00:00,ZONE_B02,19.4,49.7,-9.0,648.0,770.0,15.0,90.0,RUNNING
2024-01-06 08:00:00,ZONE_M01,19.7,60.0,-9.2,725.0,770.0,15.0,90.0,RUNNING
2024-01-06 08:00:00,ZONE_M02,20.3,60.0,-12.0,840.0,770.0,15.0,90.0,RUNNING
2024-01-06 08:00:00,ZONE_M03,19.6,56.8,-13.7,779.0,770.0,15.0,90.0,RUNNING
2024-01-06 08:00:00,ZONE_B01,20.0,60.0,-9.3,987.0,770.0,15.0,90.0,RUNNING
2024-01-06 08:00:00,ZONE_B02,20.5,54.6,-13.1,710.0,770.0,15.0,90.0,RUNNING
2024-01-06 09:00:00,ZONE_M01,19.9,59.4,-11.3,842.0,770.0,15.0,90.0,RUNNING
2024-01-06 09:00:00,ZONE_M02,20.2,60.0,-12.7,792.0,770.0,15.0,90.0,RUNNING
2024-01-06 09:00:00,ZONE_M03,20.1,44.1,-11.4,542.0,770.0,15.0,90.0,RUNNING
2024-01-06 09:00:00,ZONE_B01,19.4,60.0,-14.3,781.0,770.0,15.0,90.0,RUNNING
2024-01-06 09:00:00,ZONE_B02,19.9,60.0,-10.1,875.0,770.0,15.0,90.0,RUNNING
2024-01-06 10:00:00,ZONE_M01,20.4,60.0,-9.1,819.0,770.0,15.0,90.0,RUNNING
2024-01-06 10:00:00,ZONE_M02,19.3,60.0,-11.3,776.0,770.0,15.0,90.0,RUNNING
2024-01-06 10:00:00,ZONE_M03,19.7,60.0,-11.0,819.0,770.0,15.0,90.0,RUNNING
2024-01-06 10:00:00,ZONE_B01,20.1,59.9,-10.3,798.0,770.0,15.0,90.0,RUNNING
2024-01-06 10:00:00,ZONE_B02,20.4,58.4,-9.9,759.0,770.0,15.0,90.0,RUNNING
2024-01-06 11:00:00,ZONE_M01,20.4,60.0,-11.1,853.0,770.0,15.0,90.0,RUNNING
2024-01-06 11:00:00,ZONE_M02,21.4,60.0,-10.1,864.0,770.0,15.0,90.0,RUNNING
2024-01-06 11:00:00,ZONE_M03,20.1,60.0,-9.7,792.0,770.0,15.0,90.0,RUNNING
2024-01-06 11:00:00,ZONE_B01,20.6,60.0,-10.9,800.0,770.0,15.0,90.0,RUNNING
2024-01-06 11:00:00,ZONE_B02,20.6,60.0,-9.0,790.0,770.0,15.0,90.0,RUNNING
2024-01-06 12:00:00,ZONE_M01,19.5,59.1,-16.0,817.0,770.0,15.0,90.0,RUNNING
2024-01-06 12:00:00,ZONE_M02,20.2,60.0,-9.2,779.0,770.0,15.0,90.0,RUNNING
2024-01-06 12:00:00,ZONE_M03,19.6,60.0,-12.5,782.0,770.0,15.0,90.0,RUNNING
2024-01-06 12:00:00,ZONE_B01,20.2,51.5,-11.4,722.0,770.0,15.0,90.0,RUNNING
2024-01-06 12:00:00,ZONE_B02,20.1,60.0,-13.2,897.0,770.0,15.0,90.0,RUNNING
2024-01-06 13:00:00,ZONE_M01,20.1,58.7,-13.2,857.0,770.0,15.0,90.0,RUNNING
2024-01-06 13:00:00,ZONE_M02,20.0,60.0,-11.4,747.0,770.0,15.0,90.0,RUNNING
2024-01-06 13:00:00,ZONE_M03,19.8,53.6,-14.0,633.0,770.0,15.0,90.0,RUNNING
2024-01-06 13:00:00,ZONE_B01,20.1,52.9,-13.1,639.0,770.0,15.0,90.0,RUNNING
2024-01-06 13:00:00,ZONE_B02,19.4,50.8,-11.8,644.0,770.0,15.0,90.0,RUNNING
2024-01-06 14:00:00,ZONE_M01,19.9,51.8,-11.7,654.0,770.0,15.0,90.0,RUNNING
2024-01-06 14:00:00,ZONE_M02,20.3,60.0,-12.1,895.0,770.0,15.0,90.0,RUNNING
2024-01-06 14:00:00,ZONE_M03,20.1,59.9,-11.9,728.0,770.0,15.0,90.0,RUNNING
2024-01-06 14:00:00,ZONE_B01,18.5,53.6,-14.8,691.0,770.0,15.0,90.0,RUNNING
2024-01-06 14:00:00,ZONE_B02,20.9,58.5,-12.2,798.0,770.0,15.0,90.0,RUNNING
2024-01-06 15:00:00,ZONE_M01,20.1,60.0,-14.8,783.0,770.0,15.0,90.0,RUNNING
2024-01-06 15:00:00,ZONE_M02,20.7,48.2,-11.7,659.0,770.0,15.0,90.0,RUNNING
2024-01-06 15:00:00,ZONE_M03,20.0,49.5,-8.5,580.0,770.0,15.0,90.0,RUNNING
2024-01-06 15:00:00,ZONE_B01,19.2,49.5,-14.6,541.0,770.0,15.0,90.0,RUNNING
2024-01-06 15:00:00,ZONE_B02,20.4,60.0,-10.8,897.0,770.0,15.0,90.0,RUNNING
2024-01-06 16:00:00,ZONE_M01,20.9,60.0,-11.0,724.0,770.0,15.0,90.0,RUNNING
2024-01-06 16:00:00,ZONE_M02,20.6,60.0,-10.7,855.0,770.0,15.0,90.0,RUNNING
2024-01-06 16:00:00,ZONE_M03,19.5,53.3,-12.8,741.0,770.0,15.0,90.0,RUNNING
2024-01-06 16:00:00,ZONE_B01,20.0,60.0,-11.6,861.0,770.0,15.0,90.0,RUNNING
2024-01-06 16:00:00,ZONE_B02,20.1,60.0,-12.4,884.0,770.0,15.0,90.0,RUNNING
2024-01-06 17:00:00,ZONE_M01,19.6,60.0,-11.9,738.0,770.0,15.0,90.0,RUNNING
2024-01-06 17:00:00,ZONE_M02,19.6,60.0,-11.8,773.0,770.0,15.0,90.0,RUNNING
2024-01-06 17:00:00,ZONE_M03,20.4,60.0,-14.1,927.0,770.0,15.0,90.0,RUNNING
2024-01-06 17:00:00,ZONE_B01,20.5,52.5,-10.0,718.0,770.0,15.0,90.0,RUNNING
2024-01-06 17:00:00,ZONE_B02,19.3,58.3,-14.6,757.0,770.0,15.0,90.0,RUNNING
2024-01-06 18:00:00,ZONE_M01,19.4,60.0,-9.8,755.0,770.0,15.0,90.0,RUNNING
2024-01-06 18:00:00,ZONE_M02,19.4,57.0,-14.1,791.0,770.0,15.0,90.0,RUNNING
2024-01-06 18:00:00,ZONE_M03,18.9,60.0,-11.4,826.0,770.0,15.0,90.0,RUNNING
2024-01-06 18:00:00,ZONE_B01,20.2,57.6,-6.0,713.0,770.0,15.0,90.0,RUNNING
2024-01-06 18:00:00,ZONE_B02,19.9,56.6,-8.1,789.0,770.0,15.0,90.0,RUNNING
2024-01-06 19:00:00,ZONE_M01,20.1,53.5,-12.6,736.0,770.0,15.0,90.0,RUNNING
2024-01-06 19:00:00,ZONE_M02,21.4,60.0,-13.0,789.0,770.0,15.0,90.0,RUNNING
2024-01-06 19:00:00,ZONE_M03,20.2,57.0,-10.9,690.0,770.0,15.0,90.0,RUNNING
2024-01-06 19:00:00,ZONE_B01,19.8,60.0,-10.4,790.0,770.0,15.0,90.0,RUNNING
2024-01-06 19:00:00,ZONE_B02,20.5,60.0,-9.8,1007.0,770.0,15.0,90.0,RUNNING
2024-01-06 20:00:00,ZONE_M01,20.1,60.0,-11.8,858.0,770.0,15.0,90.0,RUNNING
2024-01-06 20:00:00,ZONE_M02,19.6,45.2,-9.8,591.0,770.0,15.0,90.0,RUNNING
2024-01-06 20:00:00,ZONE_M03,20.4,60.0,-10.9,737.0,770.0,15.0,90.0,RUNNING
2024-01-06 20:00:00,ZONE_B01,18.6,55.5,-7.6,678.0,770.0,15.0,90.0,RUNNING
2024-01-06 20:00:00,ZONE_B02,18.7,60.0,-12.7,855.0,770.0,15.0,90.0,RUNNING
2024-01-06 21:00:00,ZONE_M01,19.6,47.9,-9.2,644.0,770.0,15.0,90.0,RUNNING
2024-01-06 21:00:00,ZONE_M02,19.3,53.4,-11.9,636.0,770.0,15.0,90.0,RUNNING
2024-01-06 21:00:00,ZONE_M03,19.9,60.0,-9.7,741.0,770.0,15.0,90.0,RUNNING
2024-01-06 21:00:00,ZONE_B01,20.2,58.0,-11.0,804.0,770.0,15.0,90.0,RUNNING
2024-01-06 21:00:00,ZONE_B02,20.1,58.1,-15.2,752.0,770.0,15.0,90.0,RUNNING
2024-01-06 22:00:00,ZONE_M01,19.5,57.9,-12.0,685.0,770.0,15.0,90.0,RUNNING
2024-01-06 22:00:00,ZONE_M02,19.6,53.9,-10.4,638.0,770.0,15.0,90.0,RUNNING
2024-01-06 22:00:00,ZONE_M03,20.6,60.0,-13.1,768.0,770.0,15.0,90.0,RUNNING
2024-01-06 22:00:00,ZONE_B01,19.6,57.7,-9.6,829.0,770.0,15.0,90.0,RUNNING
2024-01-06 22:00:00,ZONE_B02,19.5,60.0,-14.8,755.0,770.0,15.0,90.0,RUNNING
2024-01-06 23:00:00,ZONE_M01,16.5,43.5,-7.3,481.0,770.0,15.0,90.0,RUNNING
2024-01-06 23:00:00,ZONE_M02,15.6,31.9,-10.2,427.0,770.0,15.0,90.0,RUNNING
2024-01-06 23:00:00,ZONE_M03,16.4,44.8,-14.1,561.0,770.0,15.0,90.0,RUNNING
2024-01-06 23:00:00,ZONE_B01,15.8,37.6,-11.7,523.0,770.0,15.0,90.0,RUNNING
2024-01-06 23:00:00,ZONE_B02,16.4,37.8,-9.0,426.0,770.0,15.0,90.0,RUNNING
2024-01-07 00:00:00,ZONE_M01,15.9,37.5,-13.0,440.0,770.0,15.0,90.0,RUNNING
2024-01-07 00:00:00,ZONE_M02,15.6,41.0,-8.9,492.0,770.0,15.0,90.0,RUNNING
2024-01-07 00:00:00,ZONE_M03,16.4,36.4,-8.7,446.0,770.0,15.0,90.0,RUNNING
2024-01-07 00:00:00,ZONE_B01,15.4,37.4,-11.9,430.0,770.0,15.0,90.0,RUNNING
2024-01-07 00:00:00,ZONE_B02,15.8,39.3,-11.4,503.0,770.0,15.0,90.0,RUNNING
2024-01-07 01:00:00,ZONE_M01,14.9,41.8,-12.8,494.0,770.0,15.0,90.0,RUNNING
2024-01-07 01:00:00,ZONE_M02,16.5,41.0,-8.7,497.0,770.0,15.0,90.0,RUNNING
2024-01-07 01:00:00,ZONE_M03,16.3,45.2,-13.9,479.0,770.0,15.0,90.0,RUNNING
2024-01-07 01:00:00,ZONE_B01,16.3,43.6,-10.4,517.0,770.0,15.0,90.0,RUNNING
2024-01-07 01:00:00,ZONE_B02,15.9,36.5,-13.3,414.0,770.0,15.0,90.0,RUNNING
2024-01-07 02:00:00,ZONE_M01,15.8,43.5,-10.9,508.0,770.0,15.0,90.0,RUNNING
2024-01-07 02:00:00,ZONE_M02,15.7,42.3,-10.3,446.0,770.0,15.0,90.0,RUNNING
2024-01-07 02:00:00,ZONE_M03,15.5,36.4,-10.6,445.0,770.0,15.0,90.0,RUNNING
2024-01-07 02:00:00,ZONE_B01,16.0,45.9,-14.4,536.0,770.0,15.0,90.0,RUNNING
2024-01-07 02:00:00,ZONE_B02,16.8,43.6,-11.7,528.0,770.0,15.0,90.0,RUNNING
2024-01-07 03:00:00,ZONE_M01,16.0,36.4,-13.1,480.0,770.0,15.0,90.0,RUNNING
2024-01-07 03:00:00,ZONE_M02,15.5,43.5,-11.9,442.0,770.0,15.0,90.0,RUNNING
2024-01-07 03:00:00,ZONE_M03,15.6,42.8,-12.6,537.0,770.0,15.0,90.0,RUNNING
2024-01-07 03:00:00,ZONE_B01,16.0,29.7,-13.1,398.0,770.0,15.0,90.0,RUNNING
2024-01-07 03:00:00,ZONE_B02,16.0,41.5,-10.4,463.0,770.0,15.0,90.0,RUNNING
2024-01-07 04:00:00,ZONE_M01,16.9,34.9,-10.6,492.0,770.0,15.0,90.0,RUNNING
2024-01-07 04:00:00,ZONE_M02,16.7,37.4,-12.6,447.0,770.0,15.0,90.0,RUNNING
2024-01-07 04:00:00,ZONE_M03,16.8,41.8,-16.7,493.0,770.0,15.0,90.0,RUNNING
2024-01-07 04:00:00,ZONE_B01,15.8,37.9,-9.2,485.0,770.0,15.0,90.0,RUNNING
2024-01-07 04:00:00,ZONE_B02,16.0,43.0,-12.7,470.0,770.0,15.0,90.0,RUNNING
2024-01-07 05:00:00,ZONE_M01,15.3,38.5,-13.1,513.0,770.0,15.0,90.0,RUNNING
2024-01-07 05:00:00,ZONE_M02,15.9,39.0,-10.3,428.0,770.0,15.0,90.0,RUNNING
2024-01-07 05:00:00,ZONE_M03,16.7,36.6,-10.3,458.0,770.0,15.0,90.0,RUNNING
2024-01-07 05:00:00,ZONE_B01,17.3,34.6,-12.3,519.0,770.0,15.0,90.0,RUNNING
2024-01-07 05:00:00,ZONE_B02,15.9,38.8,-9.5,508.0,770.0,15.0,90.0,RUNNING
2024-01-07 06:00:00,ZONE_M01,20.8,48.9,-10.4,575.0,770.0,15.0,90.0,RUNNING
2024-01-07 06:00:00,ZONE_M02,20.1,56.4,-9.2,635.0,770.0,15.0,90.0,RUNNING
2024-01-07 06:00:00,ZONE_M03,20.8,55.3,-11.4,668.0,770.0,15.0,90.0,RUNNING
2024-01-07 06:00:00,ZONE_B01,20.3,60.0,-14.2,757.0,770.0,15.0,90.0,RUNNING
2024-01-07 06:00:00,ZONE_B02,20.4,60.0,-10.4,799.0,770.0,15.0,90.0,RUNNING
2024-01-07 07:00:00,ZONE_M01,19.3,60.0,-12.3,834.0,770.0,15.0,90.0,RUNNING
2024-01-07 07:00:00,ZONE_M02,19.5,60.0,-11.2,822.0,770.0,15.0,90.0,RUNNING
2024-01-07 07:00:00,ZONE_M03,20.5,60.0,-14.2,792.0,770.0,15.0,90.0,RUNNING
2024-01-07 07:00:00,ZONE_B01,20.0,40.4,-12.6,476.0,770.0,15.0,90.0,RUNNING
2024-01-07 07:00:00,ZONE_B02,19.7,58.9,-15.6,735.0,770.0,15.0,90.0,RUNNING
2024-01-07 08:00:00,ZONE_M01,20.1,52.0,-16.5,623.0,770.0,15.0,90.0,RUNNING
2024-01-07 08:00:00,ZONE_M02,19.9,60.0,-10.0,799.0,770.0,15.0,90.0,RUNNING
2024-01-07 08:00:00,ZONE_M03,19.3,57.9,-11.1,712.0,770.0,15.0,90.0,RUNNING
2024-01-07 08:00:00,ZONE_B01,20.6,60.0,-10.8,874.0,770.0,15.0,90.0,RUNNING
2024-01-07 08:00:00,ZONE_B02,20.9,57.7,-11.7,722.0,770.0,15.0,90.0,RUNNING
2024-01-07 09:00:00,ZONE_M01,19.7,53.7,-15.3,622.0,770.0,15.0,90.0,RUNNING
2024-01-07 09:00:00,ZONE_M02,19.2,60.0,-13.4,790.0,770.0,15.0,90.0,RUNNING
2024-01-07 09:00:00,ZONE_M03,20.0,60.0,-12.6,838.0,770.0,15.0,90.0,RUNNING
2024-01-07 09:00:00,ZONE_B01,19.7,51.9,-10.3,813.0,770.0,15.0,90.0,RUNNING
2024-01-07 09:00:00,ZONE_B02,20.8,50.3,-8.3,578.0,770.0,15.0,90.0,RUNNING
2024-01-07 10:00:00,ZONE_M01,19.8,58.5,-12.1,726.0,770.0,15.0,90.0,RUNNING
2024-01-07 10:00:00,ZONE_M02,20.2,60.0,-13.2,939.0,770.0,15.0,90.0,RUNNING
2024-01-07 10:00:00,ZONE_M03,20.6,60.0,-12.6,816.0,770.0,15.0,90.0,RUNNING
2024-01-07 10:00:00,ZONE_B01,20.9,55.2,-8.6,772.0,770.0,15.0,90.0,RUNNING
2024-01-07 10:00:00,ZONE_B02,20.2,60.0,-12.1,821.0,770.0,15.0,90.0,RUNNING
2024-01-07 11:00:00,ZONE_M01,19.8,59.6,-8.6,748.0,770.0,15.0,90.0,RUNNING
2024-01-07 11:00:00,ZONE_M02,20.6,57.5,-14.2,743.0,770.0,15.0,90.0,RUNNING
2024-01-07 11:00:00,ZONE_M03,20.2,47.5,-10.5,614.0,770.0,15.0,90.0,RUNNING
2024-01-07 11:00:00,ZONE_B01,20.2,50.2,-10.6,709.0,770.0,15.0,90.0,RUNNING
2024-01-07 11:00:00,ZONE_B02,19.7,60.0,-13.4,867.0,770.0,15.0,90.0,RUNNING
2024-01-07 12:00:00,ZONE_M01,20.8,60.0,-15.1,895.0,770.0,15.0,90.0,RUNNING
2024-01-07 12:00:00,ZONE_M02,19.8,44.0,-12.6,596.0,770.0,15.0,90.0,RUNNING
2024-01-07 12:00:00,ZONE_M03,20.7,47.1,-8.0,613.0,770.0,15.0,90.0,RUNNING
2024-01-07 12:00:00,ZONE_B01,20.5,60.0,-10.6,878.0,770.0,15.0,90.0,RUNNING
2024-01-07 12:00:00,ZONE_B02,19.7,48.7,-9.3,606.0,770.0,15.0,90.0,RUNNING
2024-01-07 13:00:00,ZONE_M01,20.0,60.0,-12.0,898.0,770.0,15.0,90.0,RUNNING
2024-01-07 13:00:00,ZONE_M02,20.4,60.0,-10.2,788.0,770.0,15.0,90.0,RUNNING
2024-01-07 13:00:00,ZONE_M03,19.5,50.1,-12.9,563.0,770.0,15.0,90.0,RUNNING
2024-01-07 13:00:00,ZONE_B01,19.4,60.0,-11.8,790.0,770.0,15.0,90.0,RUNNING
2024-01-07 13:00:00,ZONE_B02,19.6,60.0,-12.9,807.0,770.0,15.0,90.0,RUNNING
2024-01-07 14:00:00,ZONE_M01,19.6,60.0,-12.1,807.0,770.0,15.0,90.0,RUNNING
2024-01-07 14:00:00,ZONE_M02,20.6,58.9,-14.7,764.0,770.0,15.0,90.0,RUNNING
2024-01-07 14:00:00,ZONE_M03,20.5,50.9,-12.1,647.0,770.0,15.0,90.0,RUNNING
2024-01-07 14:00:00,ZONE_B01,19.6,52.9,-10.7,699.0,770.0,15.0,90.0,RUNNING
2024-01-07 14:00:00,ZONE_B02,19.9,59.0,-13.6,779.0,770.0,15.0,90.0,RUNNING
2024-01-07 15:00:00,ZONE_M01,19.6,59.2,-10.5,742.0,770.0,15.0,90.0,RUNNING
2024-01-07 15:00:00,ZONE_M02,19.9,50.9,-8.2,676.0,770.0,15.0,90.0,RUNNING
2024-01-07 15:00:00,ZONE_M03,19.6,59.0,-9.2,732.0,770.0,15.0,90.0,RUNNING
2024-01-07 15:00:00,ZONE_B01,20.6,53.9,-11.6,602.0,770.0,15.0,90.0,RUNNING
2024-01-07 15:00:00,ZONE_B02,20.3,56.9,-12.2,769.0,770.0,15.0,90.0,RUNNING
2024-01-07 16:00:00,ZONE_M01,19.7,60.0,-10.7,767.0,770.0,15.0,90.0,RUNNING
2024-01-07 16:00:00,ZONE_M02,19.4,59.1,-12.1,739.0,770.0,15.0,90.0,RUNNING
2024-01-07 16:00:00,ZONE_M03,20.3,55.1,-8.6,691.0,770.0,15.0,90.0,RUNNING
2024-01-07 16:00:00,ZONE_B01,20.6,53.1,-8.8,729.0,770.0,15.0,90.0,RUNNING
2024-01-07 16:00:00,ZONE_B02,21.0,54.4,-12.1,689.0,770.0,15.0,90.0,RUNNING
2024-01-07 17:00:00,ZONE_M01,19.7,56.5,-13.7,716.0,770.0,15.0,90.0,RUNNING
2024-01-07 17:00:00,ZONE_M02,20.6,50.3,-11.9,718.0,770.0,15.0,90.0,RUNNING
2024-01-07 17:00:00,ZONE_M03,20.4,60.0,-11.8,853.0,770.0,15.0,90.0,RUNNING
2024-01-07 17:00:00,ZONE_B01,20.1,48.9,-8.0,536.0,770.0,15.0,90.0,RUNNING
2024-01-07 17:00:00,ZONE_B02,19.2,40.6,-11.4,538.0,770.0,15.0,90.0,RUNNING
2024-01-07 18:00:00,ZONE_M01,19.8,56.7,-11.6,670.0,770.0,15.0,90.0,RUNNING
2024-01-07 18:00:00,ZONE_M02,18.9,60.0,-10.8,906.0,770.0,15.0,90.0,RUNNING
2024-01-07 18:00:00,ZONE_M03,20.0,56.8,-8.3,744.0,770.0,15.0,90.0,RUNNING
2024-01-07 18:00:00,ZONE_B01,19.5,60.0,-11.4,809.0,770.0,15.0,90.0,RUNNING
2024-01-07 18:00:00,ZONE_B02,20.5,53.5,-11.7,729.0,770.0,15.0,90.0,RUNNING
2024-01-07 19:00:00,ZONE_M01,20.1,60.0,-11.0,819.0,770.0,15.0,90.0,RUNNING
2024-01-07 19:00:00,ZONE_M02,20.9,56.2,-13.9,759.0,770.0,15.0,90.0,RUNNING
2024-01-07 19:00:00,ZONE_M03,19.4,60.0,-13.4,777.0,770.0,15.0,90.0,RUNNING
2024-01-07 19:00:00,ZONE_B01,20.0,60.0,-18.0,925.0,770.0,15.0,90.0,RUNNING
2024-01-07 19:00:00,ZONE_B02,20.1,55.1,-11.2,754.0,770.0,15.0,90.0,RUNNING
2024-01-07 20:00:00,ZONE_M01,20.1,60.0,-14.3,816.0,770.0,15.0,90.0,RUNNING
2024-01-07 20:00:00,ZONE_M02,20.1,56.6,-13.3,604.0,770.0,15.0,90.0,RUNNING
2024-01-07 20:00:00,ZONE_M03,20.8,52.2,-11.2,726.0,770.0,15.0,90.0,RUNNING
2024-01-07 20:00:00,ZONE_B01,21.1,49.1,-11.2,592.0,770.0,15.0,90.0,RUNNING
2024-01-07 20:00:00,ZONE_B02,20.4,49.9,-9.6,610.0,770.0,15.0,90.0,RUNNING
2024-01-07 21:00:00,ZONE_M01,20.3,43.9,-9.9,564.0,770.0,15.0,90.0,RUNNING
2024-01-07 21:00:00,ZONE_M02,20.0,58.6,-14.1,745.0,770.0,15.0,90.0,RUNNING
2024-01-07 21:00:00,ZONE_M03,20.3,60.0,-12.0,796.0,770.0,15.0,90.0,RUNNING
2024-01-07 21:00:00,ZONE_B01,19.7,60.0,-12.4,971.0,770.0,15.0,90.0,RUNNING
2024-01-07 21:00:00,ZONE_B02,19.5,60.0,-12.4,972.0,770.0,15.0,90.0,RUNNING
2024-01-07 22:00:00,ZONE_M01,20.5,53.7,-8.8,648.0,770.0,15.0,90.0,RUNNING
2024-01-07 22:00:00,ZONE_M02,19.9,54.3,-13.2,690.0,770.0,15.0,90.0,RUNNING
2024-01-07 22:00:00,ZONE_M03,19.6,50.1,-12.6,652.0,770.0,15.0,90.0,RUNNING
2024-01-07 22:00:00,ZONE_B01,19.9,51.8,-13.4,648.0,770.0,15.0,90.0,RUNNING
2024-01-07 22:00:00,ZONE_B02,19.4,58.1,-12.6,760.0,770.0,15.0,90.0,RUNNING
2024-01-07 23:00:00,ZONE_M01,16.2,39.0,-8.6,529.0,770.0,15.0,90.0,RUNNING
2024-01-07 23:00:00,ZONE_M02,16.5,36.9,-13.1,385.0,770.0,15.0,90.0,RUNNING
2024-01-07 23:00:00,ZONE_M03,15.7,42.6,-10.8,513.0,770.0,15.0,90.0,RUNNING
2024-01-07 23:00:00,ZONE_B01,16.6,43.9,-12.7,494.0,770.0,15.0,90.0,RUNNING
2024-01-07 23:00:00,ZONE_B02,15.3,40.7,-10.0,439.0,770.0,15.0,90.0,RUNNING
2024-01-08 00:00:00,ZONE_M01,16.3,39.9,-10.8,403.0,770.0,15.0,90.0,RUNNING
2024-01-08 00:00:00,ZONE_M02,15.7,39.8,-10.7,472.0,770.0,15.0,90.0,RUNNING
2024-01-08 00:00:00,ZONE_M03,16.5,46.4,-13.2,538.0,770.0,15.0,90.0,RUNNING
2024-01-08 00:00:00,ZONE_B01,15.4,35.9,-10.0,424.0,770.0,15.0,90.0,RUNNING
2024-01-08 00:00:00,ZONE_B02,15.4,45.9,-14.1,500.0,770.0,15.0,90.0,RUNNING
2024-01-08 01:00:00,ZONE_M01,15.5,45.7,-12.0,444.0,770.0,15.0,90.0,RUNNING
2024-01-08 01:00:00,ZONE_M02,16.2,40.0,-12.3,426.0,770.0,15.0,90.0,RUNNING
2024-01-08 01:00:00,ZONE_M03,16.6,38.2,-12.8,463.0,770.0,15.0,90.0,RUNNING
2024-01-08 01:00:00,ZONE_B01,15.0,36.6,-10.6,439.0,770.0,15.0,90.0,RUNNING
2024-01-08 01:00:00,ZONE_B02,16.2,35.2,-11.5,422.0,770.0,15.0,90.0,RUNNING
2024-01-08 02:00:00,ZONE_M01,16.5,38.3,-9.4,525.0,770.0,15.0,90.0,RUNNING
2024-01-08 02:00:00,ZONE_M02,16.8,38.3,-12.5,473.0,770.0,15.0,90.0,RUNNING
2024-01-08 02:00:00,ZONE_M03,16.2,40.9,-9.8,478.0,770.0,15.0,90.0,RUNNING
2024-01-08 02:00:00,ZONE_B01,15.5,42.5,-14.5,491.0,770.0,15.0,90.0,RUNNING
2024-01-08 02:00:00,ZONE_B02,15.6,40.8,-12.4,458.0,770.0,15.0,90.0,RUNNING
2024-01-08 03:00:00,ZONE_M01,15.9,37.6,-12.1,438.0,770.0,15.0,90.0,RUNNING
2024-01-08 03:00:00,ZONE_M02,15.8,38.1,-11.8,467.0,770.0,15.0,90.0,RUNNING
2024-01-08 03:00:00,ZONE_M03,16.6,47.8,-9.8,578.0,770.0,15.0,90.0,RUNNING
2024-01-08 03:00:00,ZONE_B01,15.8,40.6,-11.0,494.0,770.0,15.0,90.0,RUNNING
2024-01-08 03:00:00,ZONE_B02,16.0,38.4,-12.5,439.0,770.0,15.0,90.0,RUNNING
2024-01-08 04:00:00,ZONE_M01,16.2,39.8,-9.2,438.0,770.0,15.0,90.0,RUNNING
2024-01-08 04:00:00,ZONE_M02,16.0,40.8,-11.5,478.0,770.0,15.0,90.0,RUNNING
2024-01-08 04:00:00,ZONE_M03,16.2,38.0,-6.8,440.0,770.0,15.0,90.0,RUNNING
2024-01-08 04:00:00,ZONE_B01,16.4,38.3,-12.1,462.0,770.0,15.0,90.0,RUNNING
2024-01-08 04:00:00,ZONE_B02,16.5,40.8,-15.9,508.0,770.0,15.0,90.0,RUNNING
2024-01-08 05:00:00,ZONE_M01,16.0,39.3,-10.5,459.0,770.0,15.0,90.0,RUNNING
2024-01-08 05:00:00,ZONE_M02,15.7,39.9,-12.9,489.0,770.0,15.0,90.0,RUNNING
2024-01-08 05:00:00,ZONE_M03,16.5,42.8,-12.5,489.0,770.0,15.0,90.0,RUNNING
2024-01-08 05:00:00,ZONE_B01,16.5,39.3,-14.5,442.0,770.0,15.0,90.0,RUNNING
2024-01-08 05:00:00,ZONE_B02,15.8,38.6,-14.5,420.0,770.0,15.0,90.0,RUNNING
2024-01-08 06:00:00,ZONE_M01,20.4,60.0,-11.6,881.0,770.0,15.0,90.0,RUNNING
2024-01-08 06:00:00,ZONE_M02,19.8,53.2,-12.6,673.0,770.0,15.0,90.0,RUNNING
2024-01-08 06:00:00,ZONE_M03,19.8,58.9,-11.8,774.0,770.0,15.0,90.0,RUNNING
2024-01-08 06:00:00,ZONE_B01,19.0,58.0,-12.5,794.0,770.0,15.0,90.0,RUNNING
2024-01-08 06:00:00,ZONE_B02,19.9,45.7,-11.3,566.0,770.0,15.0,90.0,RUNNING
2024-01-08 07:00:00,ZONE_M01,20.2,60.0,-9.3,912.0,770.0,15.0,90.0,RUNNING
2024-01-08 07:00:00,ZONE_M02,19.6,48.7,-11.7,618.0,770.0,15.0,90.0,RUNNING
2024-01-08 07:00:00,ZONE_M03,19.5,54.0,-11.2,742.0,770.0,15.0,90.0,RUNNING
2024-01-08 07:00:00,ZONE_B01,19.5,60.0,-12.3,806.0,770.0,15.0,90.0,RUNNING
2024-01-08 07:00:00,ZONE_B02,20.0,46.1,-13.9,680.0,770.0,15.0,90.0,RUNNING
2024-01-08 08:00:00,ZONE_M01,20.3,60.0,-13.9,803.0,770.0,15.0,90.0,RUNNING
2024-01-08 08:00:00,ZONE_M02,19.9,44.0,-10.6,640.0,770.0,15.0,90.0,RUNNING
2024-01-08 08:00:00,ZONE_M03,19.6,40.5,-14.2,489.0,770.0,15.0,90.0,RUNNING
2024-01-08 08:00:00,ZONE_B01,20.8,53.3,-12.5,734.0,770.0,15.0,90.0,RUNNING
2024-01-08 08:00:00,ZONE_B02,19.9,55.9,-12.6,679.0,770.0,15.0,90.0,RUNNING
2024-01-08 09:00:00,ZONE_M01,19.9,53.8,-10.6,750.0,770.0,15.0,90.0,RUNNING
2024-01-08 09:00:00,ZONE_M02,19.7,60.0,-12.8,750.0,770.0,15.0,90.0,RUNNING
2024-01-08 09:00:00,ZONE_M03,20.0,59.5,-11.7,724.0,770.0,15.0,90.0,RUNNING
2024-01-08 09:00:00,ZONE_B01,20.4,53.0,-10.1,637.0,770.0,15.0,90.0,RUNNING
2024-01-08 09:00:00,ZONE_B02,20.0,51.6,-7.8,640.0,770.0,15.0,90.0,RUNNING
2024-01-08 10:00:00,ZONE_M01,20.6,46.8,-13.0,640.0,770.0,15.0,90.0,RUNNING
2024-01-08 10:00:00,ZONE_M02,20.0,47.1,-11.5,621.0,770.0,15.0,90.0,RUNNING
2024-01-08 10:00:00,ZONE_M03,20.4,59.9,-13.8,849.0,770.0,15.0,90.0,RUNNING
2024-01-08 10:00:00,ZONE_B01,20.6,60.0,-11.5,793.0,770.0,15.0,90.0,RUNNING
2024-01-08 10:00:00,ZONE_B02,20.0,51.5,-7.0,614.0,770.0,15.0,90.0,RUNNING
2024-01-08 11:00:00,ZONE_M01,20.8,43.0,-11.6,576.0,770.0,15.0,90.0,RUNNING
2024-01-08 11:00:00,ZONE_M02,19.0,49.4,-12.3,578.0,770.0,15.0,90.0,RUNNING
2024-01-08 11:00:00,ZONE_M03,20.6,53.1,-12.6,671.0,770.0,15.0,90.0,RUNNING
2024-01-08 11:00:00,ZONE_B01,20.0,54.6,-13.1,732.0,770.0,15.0,90.0,RUNNING
2024-01-08 11:00:00,ZONE_B02,19.7,50.9,-14.2,668.0,770.0,15.0,90.0,RUNNING
2024-01-08 12:00:00,ZONE_M01,19.7,57.6,-12.6,768.0,770.0,15.0,90.0,RUNNING
2024-01-08 12:00:00,ZONE_M02,19.6,60.0,-9.7,720.0,770.0,15.0,90.0,RUNNING
2024-01-08 12:00:00,ZONE_M03,19.6,54.9,-11.6,786.0,770.0,15.0,90.0,RUNNING
2024-01-08 12:00:00,ZONE_B01,19.6,51.8,-12.5,646.0,770.0,15.0,90.0,RUNNING
2024-01-08 12:00:00,ZONE_B02,20.0,54.6,-12.0,765.0,770.0,15.0,90.0,RUNNING
2024-01-08 13:00:00,ZONE_M01,19.9,60.0,-12.2,800.0,770.0,15.0,90.0,RUNNING
2024-01-08 13:00:00,ZONE_M02,20.0,58.5,-11.6,762.0,770.0,15.0,90.0,RUNNING
2024-01-08 13:00:00,ZONE_M03,19.4,60.0,-8.9,766.0,770.0,15.0,90.0,RUNNING
2024-01-08 13:00:00,ZONE_B01,21.2,47.8,-13.3,619.0,770.0,15.0,90.0,RUNNING
2024-01-08 13:00:00,ZONE_B02,20.1,60.0,-12.8,758.0,770.0,15.0,90.0,RUNNING
2024-01-08 14:00:00,ZONE_M01,19.5,51.4,-13.4,729.0,770.0,15.0,90.0,RUNNING
2024-01-08 14:00:00,ZONE_M02,20.7,55.5,-10.6,755.0,770.0,15.0,90.0,RUNNING
2024-01-08 14:00:00,ZONE_M03,20.2,60.0,-11.4,854.0,770.0,15.0,90.0,RUNNING
2024-01-08 14:00:00,ZONE_B01,19.9,60.0,-10.7,871.0,770.0,15.0,90.0,RUNNING
2024-01-08 14:00:00,ZONE_B02,19.9,59.7,-10.6,793.0,770.0,15.0,90.0,RUNNING
2024-01-08 15:00:00,ZONE_M01,20.6,48.2,-12.8,660.0,770.0,15.0,90.0,RUNNING
2024-01-08 15:00:00,ZONE_M02,19.1,60.0,-13.5,793.0,770.0,15.0,90.0,RUNNING
2024-01-08 15:00:00,ZONE_M03,21.2,47.2,-10.8,672.0,770.0,15.0,90.0,RUNNING
2024-01-08 15:00:00,ZONE_B01,19.6,60.0,-13.7,848.0,770.0,15.0,90.0,RUNNING
2024-01-08 15:00:00,ZONE_B02,20.6,51.6,-12.4,720.0,770.0,15.0,90.0,RUNNING
2024-01-08 16:00:00,ZONE_M01,20.3,44.5,-13.6,557.0,770.0,15.0,90.0,RUNNING
2024-01-08 16:00:00,ZONE_M02,19.7,49.1,-10.5,558.0,770.0,15.0,90.0,RUNNING
2024-01-08 16:00:00,ZONE_M03,19.7,59.5,-14.7,751.0,770.0,15.0,90.0,RUNNING
2024-01-08 16:00:00,ZONE_B01,20.4,58.9,-14.2,826.0,770.0,15.0,90.0,RUNNING
2024-01-08 16:00:00,ZONE_B02,19.9,60.0,-8.9,962.0,770.0,15.0,90.0,RUNNING
2024-01-08 17:00:00,ZONE_M01,19.9,53.4,-11.2,624.0,770.0,15.0,90.0,RUNNING
2024-01-08 17:00:00,ZONE_M02,19.9,59.3,-12.6,804.0,770.0,15.0,90.0,RUNNING
2024-01-08 17:00:00,ZONE_M03,19.7,57.2,-12.1,774.0,770.0,15.0,90.0,RUNNING
2024-01-08 17:00:00,ZONE_B01,20.4,56.7,-9.1,716.0,770.0,15.0,90.0,RUNNING
2024-01-08 17:00:00,ZONE_B02,20.3,60.0,-12.2,812.0,770.0,15.0,90.0,RUNNING
2024-01-08 18:00:00,ZONE_M01,20.1,60.0,-7.3,813.0,770.0,15.0,90.0,RUNNING
2024-01-08 18:00:00,ZONE_M02,19.2,55.0,-11.6,701.0,770.0,15.0,90.0,RUNNING
2024-01-08 18:00:00,ZONE_M03,19.8,60.0,-8.9,822.0,770.0,15.0,90.0,RUNNING
2024-01-08 18:00:00,ZONE_B01,19.0,60.0,-11.5,858.0,770.0,15.0,90.0,RUNNING
2024-01-08 18:00:00,ZONE_B02,20.5,56.1,-13.1,713.0,770.0,15.0,90.0,RUNNING
2024-01-08 19:00:00,ZONE_M01,20.2,60.0,-9.9,762.0,770.0,15.0,90.0,RUNNING
2024-01-08 19:00:00,ZONE_M02,20.3,60.0,-10.1,795.0,770.0,15.0,90.0,RUNNING
2024-01-08 19:00:00,ZONE_M03,18.8,52.2,-9.9,609.0,770.0,15.0,90.0,RUNNING
2024-01-08 19:00:00,ZONE_B01,20.2,54.9,-16.0,700.0,770.0,15.0,90.0,RUNNING
2024-01-08 19:00:00,ZONE_B02,19.3,55.5,-11.2,698.0,770.0,15.0,90.0,RUNNING
2024-01-08 20:00:00,ZONE_M01,19.9,41.5,-11.9,542.0,770.0,15.0,90.0,RUNNING
2024-01-08 20:00:00,ZONE_M02,20.3,59.7,-12.3,853.0,770.0,15.0,90.0,RUNNING
2024-01-08 20:00:00,ZONE_M03,20.2,51.1,-9.8,688.0,770.0,15.0,90.0,RUNNING
2024-01-08 20:00:00,ZONE_B01,19.1,60.0,-11.3,792.0,770.0,15.0,90.0,RUNNING
2024-01-08 20:00:00,ZONE_B02,19.2,60.0,-10.3,912.0,770.0,15.0,90.0,RUNNING
2024-01-08 21:00:00,ZONE_M01,20.3,58.0,-13.3,720.0,770.0,15.0,90.0,RUNNING
2024-01-08 21:00:00,ZONE_M02,19.6,60.0,-13.9,774.0,770.0,15.0,90.0,RUNNING
2024-01-08 21:00:00,ZONE_M03,20.0,54.6,-10.9,636.0,770.0,15.0,90.0,RUNNING
2024-01-08 21:00:00,ZONE_B01,19.4,60.0,-10.1,917.0,770.0,15.0,90.0,RUNNING
2024-01-08 21:00:00,ZONE_B02,19.7,49.7,-10.8,605.0,770.0,15.0,90.0,RUNNING
2024-01-08 22:00:00,ZONE_M01,19.6,60.0,-10.4,787.0,770.0,15.0,90.0,RUNNING
2024-01-08 22:00:00,ZONE_M02,20.3,50.9,-14.1,677.0,770.0,15.0,90.0,RUNNING
2024-01-08 22:00:00,ZONE_M03,20.6,48.7,-8.6,676.0,770.0,15.0,90.0,RUNNING
2024-01-08 22:00:00,ZONE_B01,19.6,54.4,-10.1,679.0,770.0,15.0,90.0,RUNNING
2024-01-08 22:00:00,ZONE_B02,20.0,53.6,-10.6,689.0,770.0,15.0,90.0,RUNNING
2024-01-08 23:00:00,ZONE_M01,15.7,36.7,-10.6,413.0,770.0,15.0,90.0,RUNNING
2024-01-08 23:00:00,ZONE_M02,15.8,40.7,-10.6,467.0,770.0,15.0,90.0,RUNNING
2024-01-08 23:00:00,ZONE_M03,16.4,39.9,-10.4,474.0,770.0,15.0,90.0,RUNNING
2024-01-08 23:00:00,ZONE_B01,16.0,41.9,-10.2,509.0,770.0,15.0,90.0,RUNNING
2024-01-08 23:00:00,ZONE_B02,15.0,40.4,-14.0,443.0,770.0,15.0,90.0,RUNNING
2024-01-09 00:00:00,ZONE_M01,16.5,35.1,-13.8,410.0,770.0,15.0,90.0,RUNNING
2024-01-09 00:00:00,ZONE_M02,15.4,38.2,-11.9,429.0,770.0,15.0,90.0,RUNNING
2024-01-09 00:00:00,ZONE_M03,16.3,44.8,-8.4,516.0,770.0,15.0,90.0,RUNNING
2024-01-09 00:00:00,ZONE_B01,16.1,39.2,-10.9,462.0,770.0,15.0,90.0,RUNNING
2024-01-09 00:00:00,ZONE_B02,15.8,48.9,-11.3,463.0,770.0,15.0,90.0,RUNNING
2024-01-09 01:00:00,ZONE_M01,16.6,40.6,-11.7,504.0,770.0,15.0,90.0,RUNNING
2024-01-09 01:00:00,ZONE_M02,16.2,45.4,-12.9,527.0,770.0,15.0,90.0,RUNNING
2024-01-09 01:00:00,ZONE_M03,15.4,35.1,-12.9,427.0,770.0,15.0,90.0,RUNNING
2024-01-09 01:00:00,ZONE_B01,16.3,45.0,-11.1,480.0,770.0,15.0,90.0,RUNNING
2024-01-09 01:00:00,ZONE_B02,16.2,36.4,-9.4,411.0,770.0,15.0,90.0,RUNNING
2024-01-09 02:00:00,ZONE_M01,16.4,34.7,-9.9,477.0,770.0,15.0,90.0,RUNNING
2024-01-09 02:00:00,ZONE_M02,16.4,38.4,-12.9,499.0,770.0,15.0,90.0,RUNNING
2024-01-09 02:00:00,ZONE_M03,16.5,44.7,-14.3,465.0,770.0,15.0,90.0,RUNNING
2024-01-09 02:00:00,ZONE_B01,16.4,39.0,-13.9,380.0,770.0,15.0,90.0,RUNNING
2024-01-09 02:00:00,ZONE_B02,15.9,46.6,-14.0,519.0,770.0,15.0,90.0,RUNNING
2024-01-09 03:00:00,ZONE_M01,16.0,31.1,-11.2,498.0,770.0,15.0,90.0,RUNNING
2024-01-09 03:00:00,ZONE_M02,15.8,34.5,-11.2,438.0,770.0,15.0,90.0,RUNNING
2024-01-09 03:00:00,ZONE_M03,16.4,35.8,-11.6,487.0,770.0,15.0,90.0,RUNNING
2024-01-09 03:00:00,ZONE_B01,15.7,41.6,-13.7,446.0,770.0,15.0,90.0,RUNNING
2024-01-09 03:00:00,ZONE_B02,14.8,40.4,-14.3,455.0,770.0,15.0,90.0,RUNNING
2024-01-09 04:00:00,ZONE_M01,17.2,44.1,-13.9,526.0,770.0,15.0,90.0,RUNNING
2024-01-09 04:00:00,ZONE_M02,15.3,36.8,-11.9,459.0,770.0,15.0,90.0,RUNNING
2024-01-09 04:00:00,ZONE_M03,16.8,42.3,-10.5,459.0,770.0,15.0,90.0,RUNNING
2024-01-09 04:00:00,ZONE_B01,16.3,41.3,-12.7,494.0,770.0,15.0,90.0,RUNNING
2024-01-09 04:00:00,ZONE_B02,16.5,38.0,-10.3,444.0,770.0,15.0,90.0,RUNNING
2024-01-09 05:00:00,ZONE_M01,15.4,40.6,-13.3,448.0,770.0,15.0,90.0,RUNNING
2024-01-09 05:00:00,ZONE_M02,15.2,40.9,-14.2,484.0,770.0,15.0,90.0,RUNNING
2024-01-09 05:00:00,ZONE_M03,15.7,43.2,-14.4,496.0,770.0,15.0,90.0,RUNNING
2024-01-09 05:00:00,ZONE_B01,16.1,42.0,-13.3,556.0,770.0,15.0,90.0,RUNNING
2024-01-09 05:00:00,ZONE_B02,16.3,50.4,-13.0,573.0,770.0,15.0,90.0,RUNNING
2024-01-09 06:00:00,ZONE_M01,20.8,60.0,-13.5,795.0,770.0,15.0,90.0,RUNNING
2024-01-09 06:00:00,ZONE_M02,19.8,58.9,-14.9,809.0,770.0,15.0,90.0,RUNNING
2024-01-09 06:00:00,ZONE_M03,19.6,58.1,-13.1,743.0,770.0,15.0,90.0,RUNNING
2024-01-09 06:00:00,ZONE_B01,20.1,55.4,-9.2,665.0,770.0,15.0,90.0,RUNNING
2024-01-09 06:00:00,ZONE_B02,20.8,60.0,-10.7,812.0,770.0,15.0,90.0,RUNNING
2024-01-09 07:00:00,ZONE_M01,19.5,47.2,-11.0,517.0,770.0,15.0,90.0,RUNNING
2024-01-09 07:00:00,ZONE_M02,20.4,60.0,-11.5,831.0,770.0,15.0,90.0,RUNNING
2024-01-09 07:00:00,ZONE_M03,20.1,58.2,-11.3,727.0,770.0,15.0,90.0,RUNNING
2024-01-09 07:00:00,ZONE_B01,20.2,60.0,-8.8,848.0,770.0,15.0,90.0,RUNNING
2024-01-09 07:00:00,ZONE_B02,19.0,49.8,-14.8,643.0,770.0,15.0,90.0,RUNNING
2024-01-09 08:00:00,ZONE_M01,19.4,54.4,-12.3,605.0,770.0,15.0,90.0,RUNNING
2024-01-09 08:00:00,ZONE_M02,20.6,60.0,-13.0,828.0,770.0,15.0,90.0,RUNNING
2024-01-09 08:00:00,ZONE_M03,20.3,60.0,-14.7,779.0,770.0,15.0,90.0,RUNNING
2024-01-09 08:00:00,ZONE_B01,19.8,60.0,-10.2,803.0,770.0,15.0,90.0,RUNNING
2024-01-09 08:00:00,ZONE_B02,20.1,53.6,-15.2,669.0,770.0,15.0,90.0,RUNNING
2024-01-09 09:00:00,ZONE_M01,19.5,56.4,-11.4,717.0,770.0,15.0,90.0,RUNNING
2024-01-09 09:00:00,ZONE_M02,20.2,56.3,-12.3,689.0,770.0,15.0,90.0,RUNNING
2024-01-09 09:00:00,ZONE_M03,20.1,53.0,-14.0,690.0,770.0,15.0,90.0,RUNNING
2024-01-09 09:00:00,ZONE_B01,20.1,52.9,-12.6,635.0,770.0,15.0,90.0,RUNNING
2024-01-09 09:00:00,ZONE_B02,20.0,55.1,-10.8,683.0,770.0,15.0,90.0,RUNNING
2024-01-09 10:00:00,ZONE_M01,20.2,60.0,-13.3,747.0,770.0,15.0,90.0,RUNNING
2024-01-09 10:00:00,ZONE_M02,20.4,59.1,-10.6,783.0,770.0,15.0,90.0,RUNNING
2024-01-09 10:00:00,ZONE_M03,20.3,57.2,-13.5,747.0,770.0,15.0,90.0,RUNNING
2024-01-09 10:00:00,ZONE_B01,20.0,46.5,-13.9,585.0,770.0,15.0,90.0,RUNNING
2024-01-09 10:00:00,ZONE_B02,19.0,56.1,-11.7,638.0,770.0,15.0,90.0,RUNNING
2024-01-09 11:00:00,ZONE_M01,20.2,60.0,-10.1,831.0,770.0,15.0,90.0,RUNNING
2024-01-09 11:00:00,ZONE_M02,20.7,54.3,-12.0,831.0,770.0,15.0,90.0,RUNNING
2024-01-09 11:00:00,ZONE_M03,20.0,60.0,-10.8,763.0,770.0,15.0,90.0,RUNNING
2024-01-09 11:00:00,ZONE_B01,19.9,60.0,-12.7,795.0,770.0,15.0,90.0,RUNNING
2024-01-09 11:00:00,ZONE_B02,20.1,47.9,-14.8,696.0,770.0,15.0,90.0,RUNNING
2024-01-09 12:00:00,ZONE_M01,19.7,54.2,-10.7,698.0,770.0,15.0,90.0,RUNNING
2024-01-09 12:00:00,ZONE_M02,20.2,60.0,-13.8,809.0,770.0,15.0,90.0,RUNNING
2024-01-09 12:00:00,ZONE_M03,20.5,46.0,-9.1,585.0,770.0,15.0,90.0,RUNNING
2024-01-09 12:00:00,ZONE_B01,19.4,59.5,-14.3,793.0,770.0,15.0,90.0,RUNNING
2024-01-09 12:00:00,ZONE_B02,19.8,53.9,-15.0,718.0,770.0,15.0,90.0,RUNNING
2024-01-09 13:00:00,ZONE_M01,19.9,53.6,-11.5,739.0,770.0,15.0,90.0,RUNNING
2024-01-09 13:00:00,ZONE_M02,20.0,59.1,-11.2,763.0,770.0,15.0,90.0,RUNNING
2024-01-09 13:00:00,ZONE_M03,20.2,57.7,-15.1,703.0,770.0,15.0,90.0,RUNNING
2024-01-09 13:00:00,ZONE_B01,19.3,60.0,-12.1,951.0,770.0,15.0,90.0,RUNNING
2024-01-09 13:00:00,ZONE_B02,19.6,59.0,-13.6,671.0,770.0,15.0,90.0,RUNNING
2024-01-09 14:00:00,ZONE_M01,20.0,57.1,-12.1,736.0,770.0,15.0,90.0,RUNNING
2024-01-09 14:00:00,ZONE_M02,20.4,60.0,-14.9,867.0,770.0,15.0,90.0,RUNNING
2024-01-09 14:00:00,ZONE_M03,20.3,55.7,-13.6,724.0,770.0,15.0,90.0,RUNNING
2024-01-09 14:00:00,ZONE_B01,19.5,59.2,-12.8,721.0,770.0,15.0,90.0,RUNNING
2024-01-09 14:00:00,ZONE_B02,19.4,55.1,-15.3,665.0,770.0,15.0,90.0,RUNNING
2024-01-09 15:00:00,ZONE_M01,19.5,60.0,-12.1,824.0,770.0,15.0,90.0,RUNNING
2024-01-09 15:00:00,ZONE_M02,18.8,60.0,-17.6,884.0,770.0,15.0,90.0,RUNNING
2024-01-09 15:00:00,ZONE_M03,20.0,50.5,-10.4,632.0,770.0,15.0,90.0,RUNNING
2024-01-09 15:00:00,ZONE_B01,19.9,56.4,-11.4,728.0,770.0,15.0,90.0,RUNNING
2024-01-09 15:00:00,ZONE_B02,19.6,60.0,-13.5,815.0,770.0,15.0,90.0,RUNNING
2024-01-09 16:00:00,ZONE_M01,19.2,60.0,-17.1,872.0,770.0,15.0,90.0,RUNNING
2024-01-09 16:00:00,ZONE_M02,19.9,60.0,-12.8,1036.0,770.0,15.0,90.0,RUNNING
2024-01-09 16:00:00,ZONE_M03,20.5,60.0,-14.0,794.0,770.0,15.0,90.0,RUNNING
2024-01-09 16:00:00,ZONE_B01,20.8,60.0,-12.7,1009.0,770.0,15.0,90.0,RUNNING
2024-01-09 16:00:00,ZONE_B02,20.2,53.0,-13.5,595.0,770.0,15.0,90.0,RUNNING
2024-01-09 17:00:00,ZONE_M01,19.7,60.0,-14.6,754.0,770.0,15.0,90.0,RUNNING
2024-01-09 17:00:00,ZONE_M02,19.4,60.0,-11.3,924.0,770.0,15.0,90.0,RUNNING
2024-01-09 17:00:00,ZONE_M03,20.4,52.9,-13.1,693.0,770.0,15.0,90.0,RUNNING
2024-01-09 17:00:00,ZONE_B01,19.8,60.0,-13.4,788.0,770.0,15.0,90.0,RUNNING
2024-01-09 17:00:00,ZONE_B02,19.3,55.8,-9.7,766.0,770.0,15.0,90.0,RUNNING
2024-01-09 18:00:00,ZONE_M01,19.5,60.0,-14.0,772.0,770.0,15.0,90.0,RUNNING
2024-01-09 18:00:00,ZONE_M02,19.9,52.4,-12.4,631.0,770.0,15.0,90.0,RUNNING
2024-01-09 18:00:00,ZONE_M03,19.5,49.2,-11.7,623.0,770.0,15.0,90.0,RUNNING
2024-01-09 18:00:00,ZONE_B01,19.8,60.0,-11.8,901.0,770.0,15.0,90.0,RUNNING
2024-01-09 18:00:00,ZONE_B02,21.0,58.5,-13.4,714.0,770.0,15.0,90.0,RUNNING
2024-01-09 19:00:00,ZONE_M01,20.1,60.0,-10.6,737.0,770.0,15.0,90.0,RUNNING
2024-01-09 19:00:00,ZONE_M02,20.3,53.3,-12.1,712.0,770.0,15.0,90.0,RUNNING
2024-01-09 19:00:00,ZONE_M03,20.2,60.0,-10.1,988.0,770.0,15.0,90.0,RUNNING
2024-01-09 19:00:00,ZONE_B01,20.0,45.7,-11.5,506.0,770.0,15.0,90.0,RUNNING
2024-01-09 19:00:00,ZONE_B02,19.5,60.0,-12.9,810.0,770.0,15.0,90.0,RUNNING
2024-01-09 20:00:00,ZONE_M01,20.0,58.6,-10.0,682.0,770.0,15.0,90.0,RUNNING
2024-01-09 20:00:00,ZONE_M02,19.5,54.9,-15.0,775.0,770.0,15.0,90.0,RUNNING
2024-01-09 20:00:00,ZONE_M03,19.7,55.7,-14.0,736.0,770.0,15.0,90.0,RUNNING
2024-01-09 20:00:00,ZONE_B01,19.6,59.3,-14.2,758.0,770.0,15.0,90.0,RUNNING
2024-01-09 20:00:00,ZONE_B02,19.8,60.0,-15.5,737.0,770.0,15.0,90.0,RUNNING
2024-01-09 21:00:00,ZONE_M01,20.3,60.0,-10.8,666.0,770.0,15.0,90.0,RUNNING
2024-01-09 21:00:00,ZONE_M02,20.1,53.5,-14.5,656.0,770.0,15.0,90.0,RUNNING
2024-01-09 21:00:00,ZONE_M03,20.6,60.0,-10.5,845.0,770.0,15.0,90.0,RUNNING
2024-01-09 21:00:00,ZONE_B01,19.5,54.5,-13.6,674.0,770.0,15.0,90.0,RUNNING
2024-01-09 21:00:00,ZONE_B02,20.7,55.8,-10.8,692.0,770.0,15.0,90.0,RUNNING
2024-01-09 22:00:00,ZONE_M01,20.0,60.0,-12.3,887.0,770.0,15.0,90.0,RUNNING
2024-01-09 22:00:00,ZONE_M02,20.3,60.0,-11.2,766.0,770.0,15.0,90.0,RUNNING
2024-01-09 22:00:00,ZONE_M03,20.2,52.2,-8.8,652.0,770.0,15.0,90.0,RUNNING
2024-01-09 22:00:00,ZONE_B01,20.1,51.5,-12.8,646.0,770.0,15.0,90.0,RUNNING
2024-01-09 22:00:00,ZONE_B02,19.6,57.6,-12.7,741.0,770.0,15.0,90.0,RUNNING
2024-01-09 23:00:00,ZONE_M01,16.5,40.8,-14.7,395.0,770.0,15.0,90.0,RUNNING
2024-01-09 23:00:00,ZONE_M02,15.7,36.4,-11.8,419.0,770.0,15.0,90.0,RUNNING
2024-01-09 23:00:00,ZONE_M03,15.3,47.6,-10.4,560.0,770.0,15.0,90.0,RUNNING
2024-01-09 23:00:00,ZONE_B01,15.0,40.3,-12.4,463.0,770.0,15.0,90.0,RUNNING
2024-01-09 23:00:00,ZONE_B02,16.2,41.0,-12.1,505.0,770.0,15.0,90.0,RUNNING
2024-01-10 00:00:00,ZONE_M01,16.7,41.2,-12.4,459.0,770.0,15.0,90.0,RUNNING
2024-01-10 00:00:00,ZONE_M02,15.9,44.6,-10.7,480.0,770.0,15.0,90.0,RUNNING
2024-01-10 00:00:00,ZONE_M03,15.8,41.8,-12.6,522.0,770.0,15.0,90.0,RUNNING
2024-01-10 00:00:00,ZONE_B01,16.6,40.2,-10.9,457.0,770.0,15.0,90.0,RUNNING
2024-01-10 00:00:00,ZONE_B02,16.1,42.2,-16.0,513.0,770.0,15.0,90.0,RUNNING
2024-01-10 01:00:00,ZONE_M01,16.1,41.3,-13.1,443.0,770.0,15.0,90.0,RUNNING
2024-01-10 01:00:00,ZONE_M02,14.8,43.3,-13.8,483.0,770.0,15.0,90.0,RUNNING
2024-01-10 01:00:00,ZONE_M03,15.4,35.3,-13.5,475.0,770.0,15.0,90.0,RUNNING
2024-01-10 01:00:00,ZONE_B01,16.4,42.0,-11.3,420.0,770.0,15.0,90.0,RUNNING
2024-01-10 01:00:00,ZONE_B02,16.5,42.0,-11.0,462.0,770.0,15.0,90.0,RUNNING
2024-01-10 02:00:00,ZONE_M01,16.6,42.2,-11.8,481.0,770.0,15.0,90.0,RUNNING
2024-01-10 02:00:00,ZONE_M02,16.0,47.5,-13.5,469.0,770.0,15.0,90.0,RUNNING
2024-01-10 02:00:00,ZONE_M03,15.8,43.8,-8.0,521.0,770.0,15.0,90.0,RUNNING
2024-01-10 02:00:00,ZONE_B01,17.8,43.6,-12.5,485.0,770.0,15.0,90.0,RUNNING
2024-01-10 02:00:00,ZONE_B02,15.9,37.7,-13.0,481.0,770.0,15.0,90.0,RUNNING
2024-01-10 03:00:00,ZONE_M01,15.7,39.5,-13.4,423.0,770.0,15.0,90.0,RUNNING
2024-01-10 03:00:00,ZONE_M02,15.2,34.5,-11.5,437.0,770.0,15.0,90.0,RUNNING
2024-01-10 03:00:00,ZONE_M03,15.9,35.7,-13.8,487.0,770.0,15.0,90.0,RUNNING
2024-01-10 03:00:00,ZONE_B01,16.6,41.7,-9.2,493.0,770.0,15.0,90.0,RUNNING
2024-01-10 03:00:00,ZONE_B02,16.4,38.6,-11.7,508.0,770.0,15.0,90.0,RUNNING
2024-01-10 04:00:00,ZONE_M01,15.5,42.6,-9.2,471.0,770.0,15.0,90.0,RUNNING
2024-01-10 04:00:00,ZONE_M02,16.2,39.2,-11.9,465.0,770.0,15.0,90.0,RUNNING
2024-01-10 04:00:00,ZONE_M03,15.7,35.4,-11.6,451.0,770.0,15.0,90.0,RUNNING
2024-01-10 04:00:00,ZONE_B01,16.5,32.8,-13.1,490.0,770.0,15.0,90.0,RUNNING
2024-01-10 04:00:00,ZONE_B02,16.0,39.5,-11.7,455.0,770.0,15.0,90.0,RUNNING
2024-01-10 05:00:00,ZONE_M01,15.6,36.3,-12.1,419.0,770.0,15.0,90.0,RUNNING
2024-01-10 05:00:00,ZONE_M02,15.6,46.1,-14.2,476.0,770.0,15.0,90.0,RUNNING
2024-01-10 05:00:00,ZONE_M03,15.5,40.2,-13.2,440.0,770.0,15.0,90.0,RUNNING
2024-01-10 05:00:00,ZONE_B01,15.5,36.2,-12.4,519.0,770.0,15.0,90.0,RUNNING
2024-01-10 05:00:00,ZONE_B02,15.3,41.9,-15.3,503.0,770.0,15.0,90.0,RUNNING
2024-01-10 06:00:00,ZONE_M01,19.6,47.0,-13.7,596.0,770.0,15.0,90.0,RUNNING
2024-01-10 06:00:00,ZONE_M02,19.6,50.7,-19.0,624.0,770.0,15.0,90.0,RUNNING
2024-01-10 06:00:00,ZONE_M03,20.3,56.5,-11.8,676.0,770.0,15.0,90.0,RUNNING
2024-01-10 06:00:00,ZONE_B01,20.4,49.3,-11.3,666.0,770.0,15.0,90.0,RUNNING
2024-01-10 06:00:00,ZONE_B02,20.1,53.9,-11.7,745.0,770.0,15.0,90.0,RUNNING
2024-01-10 07:00:00,ZONE_M01,20.5,54.8,-14.8,646.0,770.0,15.0,90.0,RUNNING
2024-01-10 07:00:00,ZONE_M02,19.5,49.7,-13.1,631.0,770.0,15.0,90.0,RUNNING
2024-01-10 07:00:00,ZONE_M03,19.1,56.8,-17.2,779.0,770.0,15.0,90.0,RUNNING
2024-01-10 07:00:00,ZONE_B01,20.0,55.7,-12.1,759.0,770.0,15.0,90.0,RUNNING
2024-01-10 07:00:00,ZONE_B02,20.3,52.6,-10.1,762.0,770.0,15.0,90.0,RUNNING
2024-01-10 08:00:00,ZONE_M01,20.2,58.6,-10.9,794.0,770.0,15.0,90.0,RUNNING
2024-01-10 08:00:00,ZONE_M02,20.9,53.6,-10.5,737.0,770.0,15.0,90.0,RUNNING
2024-01-10 08:00:00,ZONE_M03,20.1,48.6,-13.0,587.0,770.0,15.0,90.0,RUNNING
2024-01-10 08:00:00,ZONE_B01,20.0,59.2,-15.8,781.0,770.0,15.0,90.0,RUNNING
2024-01-10 08:00:00,ZONE_B02,21.3,58.5,-12.2,666.0,770.0,15.0,90.0,RUNNING
2024-01-10 09:00:00,ZONE_M01,20.4,44.1,-12.3,557.0,770.0,15.0,90.0,RUNNING
2024-01-10 09:00:00,ZONE_M02,19.0,52.8,-15.3,821.0,770.0,15.0,90.0,RUNNING
2024-01-10 09:00:00,ZONE_M03,19.5,46.2,-16.8,533.0,770.0,15.0,90.0,RUNNING
2024-01-10 09:00:00,ZONE_B01,19.8,54.2,-15.7,621.0,770.0,15.0,90.0,RUNNING
2024-01-10 09:00:00,ZONE_B02,19.8,52.1,-12.6,677.0,770.0,15.0,90.0,RUNNING
2024-01-10 10:00:00,ZONE_M01,20.3,57.2,-12.2,696.0,770.0,15.0,90.0,RUNNING
2024-01-10 10:00:00,ZONE_M02,20.6,55.6,-15.1,667.0,770.0,15.0,90.0,RUNNING
2024-01-10 10:00:00,ZONE_M03,20.1,56.9,-12.4,706.0,770.0,15.0,90.0,RUNNING
2024-01-10 10:00:00,ZONE_B01,20.1,54.5,-14.0,735.0,770.0,15.0,90.0,RUNNING
2024-01-10 10:00:00,ZONE_B02,20.5,58.1,-11.4,743.0,770.0,15.0,90.0,RUNNING
2024-01-10 11:00:00,ZONE_M01,20.3,60.0,-14.1,859.0,770.0,15.0,90.0,RUNNING
2024-01-10 11:00:00,ZONE_M02,19.9,60.0,-12.5,811.0,770.0,15.0,90.0,RUNNING
2024-01-10 11:00:00,ZONE_M03,21.1,60.0,-11.1,759.0,770.0,15.0,90.0,RUNNING
2024-01-10 11:00:00,ZONE_B01,20.1,58.4,-11.6,759.0,770.0,15.0,90.0,RUNNING
2024-01-10 11:00:00,ZONE_B02,19.6,60.0,-11.4,819.0,770.0,15.0,90.0,RUNNING
2024-01-10 12:00:00,ZONE_M01,20.0,51.5,-10.2,759.0,770.0,15.0,90.0,RUNNING
2024-01-10 12:00:00,ZONE_M02,19.3,52.6,-13.8,610.0,770.0,15.0,90.0,RUNNING
2024-01-10 12:00:00,ZONE_M03,21.0,58.9,-13.7,746.0,770.0,15.0,90.0,RUNNING
2024-01-10 12:00:00,ZONE_B01,20.0,59.5,-10.0,812.0,770.0,15.0,90.0,RUNNING
2024-01-10 12:00:00,ZONE_B02,19.5,60.0,-9.5,876.0,770.0,15.0,90.0,RUNNING
2024-01-10 13:00:00,ZONE_M01,19.6,53.0,-14.7,648.0,770.0,15.0,90.0,RUNNING
2024-01-10 13:00:00,ZONE_M02,20.2,45.0,-14.3,464.0,770.0,15.0,90.0,RUNNING
2024-01-10 13:00:00,ZONE_M03,19.1,58.2,-14.9,708.0,770.0,15.0,90.0,RUNNING
2024-01-10 13:00:00,ZONE_B01,19.3,59.7,-12.6,814.0,770.0,15.0,90.0,RUNNING
2024-01-10 13:00:00,ZONE_B02,19.9,60.0,-15.3,857.0,770.0,15.0,90.0,RUNNING
2024-01-10 14:00:00,ZONE_M01,20.4,57.0,-9.6,696.0,770.0,15.0,90.0,RUNNING
2024-01-10 14:00:00,ZONE_M02,19.2,57.4,-10.7,787.0,770.0,15.0,90.0,RUNNING
2024-01-10 14:00:00,ZONE_M03,21.0,59.9,-10.5,720.0,770.0,15.0,90.0,RUNNING
2024-01-10 14:00:00,ZONE_B01,20.1,58.0,-16.0,739.0,770.0,15.0,90.0,RUNNING
2024-01-10 14:00:00,ZONE_B02,19.5,60.0,-13.8,831.0,770.0,15.0,90.0,RUNNING
2024-01-10 15:00:00,ZONE_M01,20.2,60.0,-12.3,800.0,770.0,15.0,90.0,RUNNING
2024-01-10 15:00:00,ZONE_M02,19.3,54.9,-15.5,676.0,770.0,15.0,90.0,RUNNING
2024-01-10 15:00:00,ZONE_M03,20.4,60.0,-11.6,779.0,770.0,15.0,90.0,RUNNING
2024-01-10 15:00:00,ZONE_B01,20.0,53.0,-12.9,577.0,770.0,15.0,90.0,RUNNING
2024-01-10 15:00:00,ZONE_B02,19.7,57.6,-13.4,773.0,770.0,15.0,90.0,RUNNING
2024-01-10 16:00:00,ZONE_M01,19.3,57.1,-9.7,706.0,770.0,15.0,90.0,RUNNING
2024-01-10 16:00:00,ZONE_M02,20.4,57.5,-14.0,810.0,770.0,15.0,90.0,RUNNING
2024-01-10 16:00:00,ZONE_M03,19.2,46.9,-13.2,615.0,770.0,15.0,90.0,RUNNING
2024-01-10 16:00:00,ZONE_B01,19.1,60.0,-11.1,755.0,770.0,15.0,90.0,RUNNING
2024-01-10 16:00:00,ZONE_B02,19.8,49.3,-12.1,692.0,770.0,15.0,90.0,RUNNING
2024-01-10 17:00:00,ZONE_M01,19.6,60.0,-15.3,788.0,770.0,15.0,90.0,RUNNING
2024-01-10 17:00:00,ZONE_M02,20.1,56.0,-14.7,716.0,770.0,15.0,90.0,RUNNING
2024-01-10 17:00:00,ZONE_M03,19.8,43.9,-12.7,553.0,770.0,15.0,90.0,RUNNING
2024-01-10 17:00:00,ZONE_B01,20.2,60.0,-10.8,823.0,770.0,15.0,90.0,RUNNING
2024-01-10 17:00:00,ZONE_B02,19.8,60.0,-13.9,812.0,770.0,15.0,90.0,RUNNING
2024-01-10 18:00:00,ZONE_M01,20.0,60.0,-13.0,881.0,770.0,15.0,90.0,RUNNING
2024-01-10 18:00:00,ZONE_M02,19.3,56.9,-14.6,633.0,770.0,15.0,90.0,RUNNING
2024-01-10 18:00:00,ZONE_M03,20.0,58.6,-12.9,692.0,770.0,15.0,90.0,RUNNING
2024-01-10 18:00:00,ZONE_B01,20.2,48.9,-13.3,611.0,770.0,15.0,90.0,RUNNING
2024-01-10 18:00:00,ZONE_B02,19.3,56.8,-10.0,808.0,770.0,15.0,90.0,RUNNING
2024-01-10 19:00:00,ZONE_M01,19.5,50.0,-10.8,713.0,770.0,15.0,90.0,RUNNING
2024-01-10 19:00:00,ZONE_M02,20.1,57.3,-13.1,680.0,770.0,15.0,90.0,RUNNING
2024-01-10 19:00:00,ZONE_M03,20.2,49.9,-6.2,641.0,770.0,15.0,90.0,RUNNING
2024-01-10 19:00:00,ZONE_B01,19.1,60.0,-9.2,830.0,770.0,15.0,90.0,RUNNING
2024-01-10 19:00:00,ZONE_B02,19.3,50.4,-14.0,622.0,770.0,15.0,90.0,RUNNING
2024-01-10 20:00:00,ZONE_M01,20.2,52.4,-13.2,652.0,770.0,15.0,90.0,RUNNING
2024-01-10 20:00:00,ZONE_M02,20.0,60.0,-10.2,833.0,770.0,15.0,90.0,RUNNING
2024-01-10 20:00:00,ZONE_M03,19.4,60.0,-11.7,865.0,770.0,15.0,90.0,RUNNING
2024-01-10 20:00:00,ZONE_B01,20.2,60.0,-12.2,775.0,770.0,15.0,90.0,RUNNING
2024-01-10 20:00:00,ZONE_B02,19.6,48.8,-10.4,687.0,770.0,15.0,90.0,RUNNING
2024-01-10 21:00:00,ZONE_M01,21.4,49.6,-14.6,700.0,770.0,15.0,90.0,RUNNING
2024-01-10 21:00:00,ZONE_M02,20.9,58.1,-11.7,774.0,770.0,15.0,90.0,RUNNING
2024-01-10 21:00:00,ZONE_M03,19.7,60.0,-14.8,856.0,770.0,15.0,90.0,RUNNING
2024-01-10 21:00:00,ZONE_B01,19.5,50.8,-11.1,679.0,770.0,15.0,90.0,RUNNING
2024-01-10 21:00:00,ZONE_B02,20.3,53.2,-13.9,755.0,770.0,15.0,90.0,RUNNING
2024-01-10 22:00:00,ZONE_M01,21.0,60.0,-13.8,853.0,770.0,15.0,90.0,RUNNING
2024-01-10 22:00:00,ZONE_M02,20.0,54.8,-11.7,718.0,770.0,15.0,90.0,RUNNING
2024-01-10 22:00:00,ZONE_M03,20.7,60.0,-16.4,760.0,770.0,15.0,90.0,RUNNING
2024-01-10 22:00:00,ZONE_B01,20.0,58.7,-11.9,725.0,770.0,15.0,90.0,RUNNING
2024-01-10 22:00:00,ZONE_B02,20.3,49.3,-15.3,627.0,770.0,15.0,90.0,RUNNING
2024-01-10 23:00:00,ZONE_M01,16.4,37.9,-14.1,422.0,770.0,15.0,90.0,RUNNING
2024-01-10 23:00:00,ZONE_M02,16.4,39.6,-12.8,463.0,770.0,15.0,90.0,RUNNING
2024-01-10 23:00:00,ZONE_M03,16.8,35.2,-11.2,455.0,770.0,15.0,90.0,RUNNING
2024-01-10 23:00:00,ZONE_B01,15.9,41.0,-9.4,513.0,770.0,15.0,90.0,RUNNING
2024-01-10 23:00:00,ZONE_B02,16.4,38.1,-13.8,439.0,770.0,15.0,90.0,RUNNING
2024-01-11 00:00:00,ZONE_M01,16.0,37.9,-12.9,458.0,770.0,15.0,90.0,RUNNING
2024-01-11 00:00:00,ZONE_M02,16.1,40.6,-14.1,478.0,770.0,15.0,90.0,RUNNING
2024-01-11 00:00:00,ZONE_M03,15.8,41.0,-13.7,443.0,770.0,15.0,90.0,RUNNING
2024-01-11 00:00:00,ZONE_B01,16.4,42.0,-13.1,469.0,770.0,15.0,90.0,RUNNING
2024-01-11 00:00:00,ZONE_B02,16.0,45.8,-10.7,479.0,770.0,15.0,90.0,RUNNING
2024-01-11 01:00:00,ZONE_M01,15.5,42.5,-11.7,461.0,770.0,15.0,90.0,RUNNING
2024-01-11 01:00:00,ZONE_M02,16.1,43.3,-9.8,569.0,770.0,15.0,90.0,RUNNING
2024-01-11 01:00:00,ZONE_M03,16.6,37.7,-12.7,410.0,770.0,15.0,90.0,RUNNING
2024-01-11 01:00:00,ZONE_B01,16.1,41.1,-12.9,511.0,770.0,15.0,90.0,RUNNING
2024-01-11 01:00:00,ZONE_B02,16.2,35.0,-10.1,488.0,770.0,15.0,90.0,RUNNING
2024-01-11 02:00:00,ZONE_M01,16.5,38.7,-13.7,494.0,770.0,15.0,90.0,RUNNING
2024-01-11 02:00:00,ZONE_M02,16.1,34.6,-15.1,504.0,770.0,15.0,90.0,RUNNING
2024-01-11 02:00:00,ZONE_M03,15.9,35.1,-15.0,467.0,770.0,15.0,90.0,RUNNING
2024-01-11 02:00:00,ZONE_B01,16.7,44.9,-12.7,422.0,770.0,15.0,90.0,RUNNING
2024-01-11 02:00:00,ZONE_B02,15.9,40.6,-14.2,443.0,770.0,15.0,90.0,RUNNING
2024-01-11 03:00:00,ZONE_M01,16.1,38.7,-11.4,429.0,770.0,15.0,90.0,RUNNING
2024-01-11 03:00:00,ZONE_M02,16.8,42.9,-11.9,482.0,770.0,15.0,90.0,RUNNING
2024-01-11 03:00:00,ZONE_M03,16.3,35.0,-12.8,446.0,770.0,15.0,90.0,RUNNING
2024-01-11 03:00:00,ZONE_B01,15.9,36.6,-14.6,480.0,770.0,15.0,90.0,RUNNING
2024-01-11 03:00:00,ZONE_B02,16.1,41.7,-9.8,403.0,770.0,15.0,90.0,RUNNING
2024-01-11 04:00:00,ZONE_M01,16.6,37.4,-14.7,480.0,770.0,15.0,90.0,RUNNING
2024-01-11 04:00:00,ZONE_M02,16.6,46.1,-13.2,469.0,770.0,15.0,90.0,RUNNING
2024-01-11 04:00:00,ZONE_M03,15.8,43.1,-11.2,495.0,770.0,15.0,90.0,RUNNING
2024-01-11 04:00:00,ZONE_B01,16.5,37.1,-11.6,467.0,770.0,15.0,90.0,RUNNING
2024-01-11 04:00:00,ZONE_B02,17.0,44.8,-13.2,511.0,770.0,15.0,90.0,RUNNING
2024-01-11 05:00:00,ZONE_M01,15.2,44.6,-10.5,532.0,770.0,15.0,90.0,RUNNING
2024-01-11 05:00:00,ZONE_M02,15.4,40.5,-13.6,442.0,770.0,15.0,90.0,RUNNING
2024-01-11 05:00:00,ZONE_M03,15.3,39.3,-11.4,518.0,770.0,15.0,90.0,RUNNING
2024-01-11 05:00:00,ZONE_B01,16.0,41.7,-14.8,457.0,770.0,15.0,90.0,RUNNING
2024-01-11 05:00:00,ZONE_B02,17.2,42.1,-15.7,536.0,770.0,15.0,90.0,RUNNING
2024-01-11 06:00:00,ZONE_M01,20.7,60.0,-14.5,867.0,770.0,15.0,90.0,RUNNING
2024-01-11 06:00:00,ZONE_M02,19.0,58.7,-10.6,747.0,770.0,15.0,90.0,RUNNING
2024-01-11 06:00:00,ZONE_M03,20.2,56.9,-13.6,804.0,770.0,15.0,90.0,RUNNING
2024-01-11 06:00:00,ZONE_B01,20.2,60.0,-12.8,812.0,770.0,15.0,90.0,RUNNING
2024-01-11 06:00:00,ZONE_B02,20.1,60.0,-11.3,828.0,770.0,15.0,90.0,RUNNING
2024-01-11 07:00:00,ZONE_M01,19.5,51.4,-12.7,701.0,770.0,15.0,90.0,RUNNING
2024-01-11 07:00:00,ZONE_M02,19.1,60.0,-10.5,838.0,770.0,15.0,90.0,RUNNING
2024-01-11 07:00:00,ZONE_M03,20.3,60.0,-12.1,794.0,770.0,15.0,90.0,RUNNING
2024-01-11 07:00:00,ZONE_B01,19.0,55.9,-14.6,746.0,770.0,15.0,90.0,RUNNING
2024-01-11 07:00:00,ZONE_B02,19.3,59.6,-15.0,694.0,770.0,15.0,90.0,RUNNING
2024-01-11 08:00:00,ZONE_M01,20.6,60.0,-13.7,969.0,770.0,15.0,90.0,RUNNING
2024-01-11 08:00:00,ZONE_M02,19.3,60.0,-11.4,818.0,770.0,15.0,90.0,RUNNING
2024-01-11 08:00:00,ZONE_M03,20.7,59.4,-12.8,803.0,770.0,15.0,90.0,RUNNING
2024-01-11 08:00:00,ZONE_B01,19.8,60.0,-13.2,826.0,770.0,15.0,90.0,RUNNING
2024-01-11 08:00:00,ZONE_B02,21.2,60.0,-17.1,744.0,770.0,15.0,90.0,RUNNING
2024-01-11 09:00:00,ZONE_M01,19.4,51.9,-12.6,654.0,770.0,15.0,90.0,RUNNING
2024-01-11 09:00:00,ZONE_M02,19.9,60.0,-10.1,917.0,770.0,15.0,90.0,RUNNING
2024-01-11 09:00:00,ZONE_M03,20.0,54.8,-14.3,707.0,770.0,15.0,90.0,RUNNING
2024-01-11 09:00:00,ZONE_B01,19.5,60.0,-12.2,785.0,770.0,15.0,90.0,RUNNING
2024-01-11 09:00:00,ZONE_B02,20.3,46.2,-13.7,576.0,770.0,15.0,90.0,RUNNING
2024-01-11 10:00:00,ZONE_M01,19.8,60.0,-11.6,914.0,770.0,15.0,90.0,RUNNING
2024-01-11 10:00:00,ZONE_M02,20.9,53.1,-12.2,736.0,770.0,15.0,90.0,RUNNING
2024-01-11 10:00:00,ZONE_M03,20.2,50.4,-13.8,811.0,770.0,15.0,90.0,RUNNING
2024-01-11 10:00:00,ZONE_B01,19.5,60.0,-12.2,896.0,770.0,15.0,90.0,RUNNING
2024-01-11 10:00:00,ZONE_B02,18.7,56.4,-13.1,757.0,770.0,15.0,90.0,RUNNING
2024-01-11 11:00:00,ZONE_M01,19.5,58.4,-11.3,726.0,770.0,15.0,90.0,RUNNING
2024-01-11 11:00:00,ZONE_M02,19.9,60.0,-11.0,809.0,770.0,15.0,90.0,RUNNING
2024-01-11 11:00:00,ZONE_M03,21.0,60.0,-11.1,871.0,770.0,15.0,90.0,RUNNING
2024-01-11 11:00:00,ZONE_B01,19.3,51.7,-14.0,667.0,770.0,15.0,90.0,RUNNING
2024-01-11 11:00:00,ZONE_B02,19.9,53.8,-15.1,690.0,770.0,15.0,90.0,RUNNING
2024-01-11 12:00:00,ZONE_M01,19.7,57.2,-13.6,790.0,770.0,15.0,90.0,RUNNING
2024-01-11 12:00:00,ZONE_M02,19.3,60.0,-14.4,790.0,770.0,15.0,90.0,RUNNING
2024-01-11 12:00:00,ZONE_M03,19.1,46.8,-11.6,557.0,770.0,15.0,90.0,RUNNING
2024-01-11 12:00:00,ZONE_B01,20.1,60.0,-13.9,884.0,770.0,15.0,90.0,RUNNING
2024-01-11 12:00:00,ZONE_B02,21.3,60.0,-13.0,725.0,770.0,15.0,90.0,RUNNING
2024-01-11 13:00:00,ZONE_M01,20.0,50.5,-7.6,697.0,770.0,15.0,90.0,RUNNING
2024-01-11 13:00:00,ZONE_M02,19.7,58.5,-14.5,703.0,770.0,15.0,90.0,RUNNING
2024-01-11 13:00:00,ZONE_M03,20.1,57.3,-9.2,752.0,770.0,15.0,90.0,RUNNING
2024-01-11 13:00:00,ZONE_B01,19.6,54.1,-10.5,689.0,770.0,15.0,90.0,RUNNING
2024-01-11 13:00:00,ZONE_B02,20.3,59.8,-16.1,757.0,770.0,15.0,90.0,RUNNING
2024-01-11 14:00:00,ZONE_M01,20.2,60.0,-11.9,921.0,770.0,15.0,90.0,RUNNING
2024-01-11 14:00:00,ZONE_M02,20.5,59.7,-10.4,795.0,770.0,15.0,90.0,RUNNING
2024-01-11 14:00:00,ZONE_M03,19.6,59.5,-8.4,826.0,770.0,15.0,90.0,RUNNING
2024-01-11 14:00:00,ZONE_B01,19.7,60.0,-12.9,798.0,770.0,15.0,90.0,RUNNING
2024-01-11 14:00:00,ZONE_B02,20.2,60.0,-12.0,936.0,770.0,15.0,90.0,RUNNING
2024-01-11 15:00:00,ZONE_M01,19.5,54.0,-14.4,687.0,770.0,15.0,90.0,RUNNING
2024-01-11 15:00:00,ZONE_M02,20.7,60.0,-12.6,895.0,770.0,15.0,90.0,RUNNING
2024-01-11 15:00:00,ZONE_M03,20.2,40.3,-11.8,554.0,770.0,15.0,90.0,RUNNING
2024-01-11 15:00:00,ZONE_B01,20.6,60.0,-10.7,824.0,770.0,15.0,90.0,RUNNING
2024-01-11 15:00:00,ZONE_B02,19.3,60.0,-12.8,792.0,770.0,15.0,90.0,RUNNING
2024-01-11 16:00:00,ZONE_M01,20.6,53.0,-12.2,678.0,770.0,15.0,90.0,RUNNING
2024-01-11 16:00:00,ZONE_M02,19.9,57.9,-15.1,684.0,770.0,15.0,90.0,RUNNING
2024-01-11 16:00:00,ZONE_M03,21.0,55.1,-9.7,691.0,770.0,15.0,90.0,RUNNING
2024-01-11 16:00:00,ZONE_B01,19.7,50.4,-15.8,626.0,770.0,15.0,90.0,RUNNING
2024-01-11 16:00:00,ZONE_B02,20.6,54.4,-12.6,647.0,770.0,15.0,90.0,RUNNING
2024-01-11 17:00:00,ZONE_M01,19.6,55.2,-16.2,706.0,770.0,15.0,90.0,RUNNING
2024-01-11 17:00:00,ZONE_M02,20.0,57.3,-13.6,782.0,770.0,15.0,90.0,RUNNING
2024-01-11 17:00:00,ZONE_M03,20.1,58.4,-12.6,670.0,770.0,15.0,90.0,RUNNING
2024-01-11 17:00:00,ZONE_B01,20.3,60.0,-11.4,881.0,770.0,15.0,90.0,RUNNING
2024-01-11 17:00:00,ZONE_B02,19.4,60.0,-10.6,858.0,770.0,15.0,90.0,RUNNING
2024-01-11 18:00:00,ZONE_M01,19.7,60.0,-13.0,770.0,770.0,15.0,90.0,RUNNING
2024-01-11 18:00:00,ZONE_M02,19.9,59.8,-12.9,766.0,770.0,15.0,90.0,RUNNING
2024-01-11 18:00:00,ZONE_M03,20.2,60.0,-11.8,851.0,770.0,15.0,90.0,RUNNING
2024-01-11 18:00:00,ZONE_B01,19.1,59.6,-9.3,754.0,770.0,15.0,90.0,RUNNING
2024-01-11 18:00:00,ZONE_B02,20.3,57.8,-10.0,717.0,770.0,15.0,90.0,RUNNING
2024-01-11 19:00:00,ZONE_M01,19.2,53.6,-9.9,659.0,770.0,15.0,90.0,RUNNING
2024-01-11 19:00:00,ZONE_M02,19.5,60.0,-12.3,813.0,770.0,15.0,90.0,RUNNING
2024-01-11 19:00:00,ZONE_M03,20.0,60.0,-15.7,849.0,770.0,15.0,90.0,RUNNING
2024-01-11 19:00:00,ZONE_B01,19.5,59.7,-14.0,754.0,770.0,15.0,90.0,RUNNING
2024-01-11 19:00:00,ZONE_B02,19.2,51.8,-11.5,596.0,770.0,15.0,90.0,RUNNING
2024-01-11 20:00:00,ZONE_M01,20.6,55.4,-8.0,628.0,770.0,15.0,90.0,RUNNING
2024-01-11 20:00:00,ZONE_M02,20.5,55.1,-11.6,738.0,770.0,15.0,90.0,RUNNING
2024-01-11 20:00:00,ZONE_M03,20.5,60.0,-14.0,965.0,770.0,15.0,90.0,RUNNING
2024-01-11 20:00:00,ZONE_B01,20.0,60.0,-13.9,768.0,770.0,15.0,90.0,RUNNING
2024-01-11 20:00:00,ZONE_B02,19.6,60.0,-14.7,871.0,770.0,15.0,90.0,RUNNING
2024-01-11 21:00:00,ZONE_M01,19.4,60.0,-9.6,889.0,770.0,15.0,90.0,RUNNING
2024-01-11 21:00:00,ZONE_M02,19.0,44.6,-14.8,617.0,770.0,15.0,90.0,RUNNING
2024-01-11 21:00:00,ZONE_M03,19.6,59.2,-17.0,760.0,770.0,15.0,90.0,RUNNING
2024-01-11 21:00:00,ZONE_B01,19.6,46.1,-13.4,618.0,770.0,15.0,90.0,RUNNING
2024-01-11 21:00:00,ZONE_B02,20.7,60.0,-16.5,794.0,770.0,15.0,90.0,RUNNING
2024-01-11 22:00:00,ZONE_M01,19.4,55.3,-13.3,669.0,770.0,15.0,90.0,RUNNING
2024-01-11 22:00:00,ZONE_M02,19.5,46.3,-13.3,603.0,770.0,15.0,90.0,RUNNING
2024-01-11 22:00:00,ZONE_M03,20.8,50.6,-8.6,593.0,770.0,15.0,90.0,RUNNING
2024-01-11 22:00:00,ZONE_B01,19.1,41.4,-10.9,551.0,770.0,15.0,90.0,RUNNING
2024-01-11 22:00:00,ZONE_B02,20.1,54.0,-12.2,789.0,770.0,15.0,90.0,RUNNING
2024-01-11 23:00:00,ZONE_M01,16.4,33.0,-13.2,381.0,770.0,15.0,90.0,RUNNING
2024-01-11 23:00:00,ZONE_M02,16.0,42.9,-12.3,478.0,770.0,15.0,90.0,RUNNING
2024-01-11 23:00:00,ZONE_M03,15.4,43.1,-10.0,489.0,770.0,15.0,90.0,RUNNING
2024-01-11 23:00:00,ZONE_B01,15.1,41.4,-14.6,439.0,770.0,15.0,90.0,RUNNING
2024-01-11 23:00:00,ZONE_B02,17.2,45.8,-13.2,530.0,770.0,15.0,90.0,RUNNING
2024-01-12 00:00:00,ZONE_M01,16.0,36.9,-12.4,512.0,770.0,15.0,90.0,RUNNING
2024-01-12 00:00:00,ZONE_M02,16.3,31.4,-13.9,419.0,770.0,15.0,90.0,RUNNING
2024-01-12 00:00:00,ZONE_M03,16.0,39.6,-12.7,497.0,770.0,15.0,90.0,RUNNING
2024-01-12 00:00:00,ZONE_B01,14.5,41.0,-13.9,493.0,770.0,15.0,90.0,RUNNING
2024-01-12 00:00:00,ZONE_B02,16.0,31.3,-16.4,382.0,770.0,15.0,90.0,RUNNING
2024-01-12 01:00:00,ZONE_M01,16.4,48.0,-11.9,500.0,770.0,15.0,90.0,RUNNING
2024-01-12 01:00:00,ZONE_M02,15.1,34.3,-10.0,425.0,770.0,15.0,90.0,RUNNING
2024-01-12 01:00:00,ZONE_M03,15.7,38.0,-11.6,549.0,770.0,15.0,90.0,RUNNING
2024-01-12 01:00:00,ZONE_B01,16.4,35.0,-13.7,434.0,770.0,15.0,90.0,RUNNING
2024-01-12 01:00:00,ZONE_B02,15.8,40.9,-12.2,473.0,770.0,15.0,90.0,RUNNING
2024-01-12 02:00:00,ZONE_M01,15.3,38.2,-12.7,485.0,770.0,15.0,90.0,RUNNING
2024-01-12 02:00:00,ZONE_M02,16.0,38.6,-14.4,381.0,770.0,15.0,90.0,RUNNING
2024-01-12 02:00:00,ZONE_M03,15.3,46.7,-12.6,532.0,770.0,15.0,90.0,RUNNING
2024-01-12 02:00:00,ZONE_B01,16.0,35.5,-15.2,416.0,770.0,15.0,90.0,RUNNING
2024-01-12 02:00:00,ZONE_B02,15.7,44.0,-8.9,522.0,770.0,15.0,90.0,RUNNING
2024-01-12 03:00:00,ZONE_M01,16.7,43.9,-11.6,459.0,770.0,15.0,90.0,RUNNING
2024-01-12 03:00:00,ZONE_M02,16.0,40.2,-12.1,501.0,770.0,15.0,90.0,RUNNING
2024-01-12 03:00:00,ZONE_M03,16.2,48.5,-12.7,496.0,770.0,15.0,90.0,RUNNING
2024-01-12 03:00:00,ZONE_B01,15.9,38.0,-14.0,426.0,770.0,15.0,90.0,RUNNING
2024-01-12 03:00:00,ZONE_B02,15.9,38.7,-10.6,460.0,770.0,15.0,90.0,RUNNING
2024-01-12 04:00:00,ZONE_M01,16.2,37.4,-13.8,435.0,770.0,15.0,90.0,RUNNING
2024-01-12 04:00:00,ZONE_M02,14.6,47.6,-15.1,507.0,770.0,15.0,90.0,RUNNING
2024-01-12 04:00:00,ZONE_M03,15.9,40.0,-14.5,516.0,770.0,15.0,90.0,RUNNING
2024-01-12 04:00:00,ZONE_B01,16.1,45.3,-15.5,517.0,770.0,15.0,90.0,RUNNING
2024-01-12 04:00:00,ZONE_B02,15.9,36.0,-9.9,474.0,770.0,15.0,90.0,RUNNING
2024-01-12 05:00:00,ZONE_M01,15.5,42.2,-15.8,452.0,770.0,15.0,90.0,RUNNING
2024-01-12 05:00:00,ZONE_M02,15.5,36.9,-13.8,394.0,770.0,15.0,90.0,RUNNING
2024-01-12 05:00:00,ZONE_M03,16.3,37.0,-15.6,455.0,770.0,15.0,90.0,RUNNING
2024-01-12 05:00:00,ZONE_B01,16.3,41.3,-14.8,474.0,770.0,15.0,90.0,RUNNING
2024-01-12 05:00:00,ZONE_B02,16.3,37.7,-9.0,482.0,770.0,15.0,90.0,RUNNING
2024-01-12 06:00:00,ZONE_M01,20.6,60.0,-12.2,841.0,770.0,15.0,90.0,RUNNING
2024-01-12 06:00:00,ZONE_M02,19.1,60.0,-13.5,837.0,770.0,15.0,90.0,RUNNING
2024-01-12 06:00:00,ZONE_M03,20.4,60.0,-14.0,784.0,770.0,15.0,90.0,RUNNING
2024-01-12 06:00:00,ZONE_B01,19.8,60.0,-14.9,784.0,770.0,15.0,90.0,RUNNING
2024-01-12 06:00:00,ZONE_B02,20.1,55.2,-12.5,676.0,770.0,15.0,90.0,RUNNING
2024-01-12 07:00:00,ZONE_M01,20.5,53.0,-12.7,596.0,770.0,15.0,90.0,RUNNING
2024-01-12 07:00:00,ZONE_M02,20.3,57.8,-11.3,721.0,770.0,15.0,90.0,RUNNING
2024-01-12 07:00:00,ZONE_M03,20.7,60.0,-15.6,869.0,770.0,15.0,90.0,RUNNING
2024-01-12 07:00:00,ZONE_B01,19.4,59.0,-12.4,730.0,770.0,15.0,90.0,RUNNING
2024-01-12 07:00:00,ZONE_B02,20.0,55.0,-13.7,711.0,770.0,15.0,90.0,RUNNING
2024-01-12 08:00:00,ZONE_M01,19.0,60.0,-12.4,837.0,770.0,15.0,90.0,RUNNING
2024-01-12 08:00:00,ZONE_M02,19.6,60.0,-12.1,832.0,770.0,15.0,90.0,RUNNING
2024-01-12 08:00:00,ZONE_M03,19.8,57.0,-9.1,685.0,770.0,15.0,90.0,RUNNING
2024-01-12 08:00:00,ZONE_B01,20.6,60.0,-15.7,872.0,770.0,15.0,90.0,RUNNING
2024-01-12 08:00:00,ZONE_B02,19.2,45.4,-11.3,603.0,770.0,15.0,90.0,RUNNING
2024-01-12 09:00:00,ZONE_M01,19.8,53.7,-12.3,713.0,770.0,15.0,90.0,RUNNING
2024-01-12 09:00:00,ZONE_M02,19.3,53.5,-13.4,693.0,770.0,15.0,90.0,RUNNING
2024-01-12 09:00:00,ZONE_M03,19.9,54.4,-16.7,733.0,770.0,15.0,90.0,RUNNING
2024-01-12 09:00:00,ZONE_B01,19.9,60.0,-10.8,923.0,770.0,15.0,90.0,RUNNING
2024-01-12 09:00:00,ZONE_B02,20.7,44.2,-12.2,596.0,770.0,15.0,90.0,RUNNING
2024-01-12 10:00:00,ZONE_M01,20.2,60.0,-15.8,851.0,770.0,15.0,90.0,RUNNING
2024-01-12 10:00:00,ZONE_M02,19.1,59.9,-13.6,763.0,770.0,15.0,90.0,RUNNING
2024-01-12 10:00:00,ZONE_M03,20.5,55.4,-15.3,748.0,770.0,15.0,90.0,RUNNING
2024-01-12 10:00:00,ZONE_B01,19.6,60.0,-12.6,786.0,770.0,15.0,90.0,RUNNING
2024-01-12 10:00:00,ZONE_B02,20.0,60.0,-14.0,842.0,770.0,15.0,90.0,RUNNING
2024-01-12 11:00:00,ZONE_M01,20.0,58.5,-12.7,786.0,770.0,15.0,90.0,RUNNING
2024-01-12 11:00:00,ZONE_M02,19.6,60.0,-15.3,847.0,770.0,15.0,90.0,RUNNING
2024-01-12 11:00:00,ZONE_M03,20.9,60.0,-13.9,831.0,770.0,15.0,90.0,RUNNING
2024-01-12 11:00:00,ZONE_B01,20.3,53.8,-12.4,708.0,770.0,15.0,90.0,RUNNING
2024-01-12 11:00:00,ZONE_B02,19.7,60.0,-15.9,857.0,770.0,15.0,90.0,RUNNING
2024-01-12 12:00:00,ZONE_M01,19.7,52.1,-12.9,712.0,770.0,15.0,90.0,RUNNING
2024-01-12 12:00:00,ZONE_M02,20.3,60.0,-12.8,807.0,770.0,15.0,90.0,RUNNING
2024-01-12 12:00:00,ZONE_M03,20.2,57.0,-9.8,689.0,770.0,15.0,90.0,RUNNING
2024-01-12 12:00:00,ZONE_B01,20.9,52.2,-12.0,646.0,770.0,15.0,90.0,RUNNING
2024-01-12 12:00:00,ZONE_B02,19.7,53.3,-12.3,756.0,770.0,15.0,90.0,RUNNING
2024-01-12 13:00:00,ZONE_M01,20.5,49.0,-10.9,586.0,770.0,15.0,90.0,RUNNING
2024-01-12 13:00:00,ZONE_M02,19.3,60.0,-13.7,759.0,770.0,15.0,90.0,RUNNING
2024-01-12 13:00:00,ZONE_M03,20.5,56.1,-13.3,690.0,770.0,15.0,90.0,RUNNING
2024-01-12 13:00:00,ZONE_B01,20.0,60.0,-14.1,879.0,770.0,15.0,90.0,RUNNING
2024-01-12 13:00:00,ZONE_B02,20.5,58.4,-10.2,794.0,770.0,15.0,90.0,RUNNING
2024-01-12 14:00:00,ZONE_M01,20.5,60.0,-14.2,877.0,770.0,15.0,90.0,RUNNING
2024-01-12 14:00:00,ZONE_M02,20.5,60.0,-10.0,750.0,770.0,15.0,90.0,RUNNING
2024-01-12 14:00:00,ZONE_M03,20.6,44.6,-12.4,599.0,770.0,15.0,90.0,RUNNING
2024-01-12 14:00:00,ZONE_B01,20.6,51.7,-12.7,729.0,770.0,15.0,90.0,RUNNING
2024-01-12 14:00:00,ZONE_B02,21.5,56.8,-13.8,720.0,770.0,15.0,90.0,RUNNING
2024-01-12 15:00:00,ZONE_M01,20.6,52.1,-9.1,656.0,770.0,15.0,90.0,RUNNING
2024-01-12 15:00:00,ZONE_M02,20.3,59.9,-14.2,764.0,770.0,15.0,90.0,RUNNING
2024-01-12 15:00:00,ZONE_M03,20.1,48.3,-9.4,529.0,770.0,15.0,90.0,RUNNING
2024-01-12 15:00:00,ZONE_B01,21.1,56.7,-14.8,777.0,770.0,15.0,90.0,RUNNING
2024-01-12 15:00:00,ZONE_B02,20.2,60.0,-12.8,851.0,770.0,15.0,90.0,RUNNING
2024-01-12 16:00:00,ZONE_M01,19.8,58.8,-12.5,738.0,770.0,15.0,90.0,RUNNING
2024-01-12 16:00:00,ZONE_M02,19.9,60.0,-11.9,865.0,770.0,15.0,90.0,RUNNING
2024-01-12 16:00:00,ZONE_M03,20.7,46.1,-16.9,612.0,770.0,15.0,90.0,RUNNING
2024-01-12 16:00:00,ZONE_B01,19.7,60.0,-12.5,834.0,770.0,15.0,90.0,RUNNING
2024-01-12 16:00:00,ZONE_B02,19.8,52.9,-14.3,697.0,770.0,15.0,90.0,RUNNING
2024-01-12 17:00:00,ZONE_M01,19.4,59.3,-12.5,801.0,770.0,15.0,90.0,RUNNING
2024-01-12 17:00:00,ZONE_M02,19.8,60.0,-12.9,798.0,770.0,15.0,90.0,RUNNING
2024-01-12 17:00:00,ZONE_M03,20.5,60.0,-12.3,793.0,770.0,15.0,90.0,RUNNING
2024-01-12 17:00:00,ZONE_B01,20.8,46.4,-8.2,661.0,770.0,15.0,90.0,RUNNING
2024-01-12 17:00:00,ZONE_B02,20.3,60.0,-13.5,890.0,770.0,15.0,90.0,RUNNING
2024-01-12 18:00:00,ZONE_M01,19.8,60.0,-9.3,798.0,770.0,15.0,90.0,RUNNING
2024-01-12 18:00:00,ZONE_M02,19.8,52.1,-11.4,675.0,770.0,15.0,90.0,RUNNING
2024-01-12 18:00:00,ZONE_M03,20.0,57.3,-13.5,723.0,770.0,15.0,90.0,RUNNING
2024-01-12 18:00:00,ZONE_B01,20.0,50.7,-12.8,737.0,770.0,15.0,90.0,RUNNING
2024-01-12 18:00:00,ZONE_B02,20.9,58.3,-17.2,767.0,770.0,15.0,90.0,RUNNING
2024-01-12 19:00:00,ZONE_M01,19.5,55.6,-12.8,640.0,770.0,15.0,90.0,RUNNING
2024-01-12 19:00:00,ZONE_M02,19.7,60.0,-16.2,833.0,770.0,15.0,90.0,RUNNING
2024-01-12 19:00:00,ZONE_M03,20.2,60.0,-11.0,939.0,770.0,15.0,90.0,RUNNING
2024-01-12 19:00:00,ZONE_B01,19.3,60.0,-11.7,830.0,770.0,15.0,90.0,RUNNING
2024-01-12 19:00:00,ZONE_B02,20.4,59.3,-10.5,711.0,770.0,15.0,90.0,RUNNING
2024-01-12 20:00:00,ZONE_M01,20.2,60.0,-14.5,735.0,770.0,15.0,90.0,RUNNING
2024-01-12 20:00:00,ZONE_M02,21.4,60.0,-9.2,802.0,770.0,15.0,90.0,RUNNING
2024-01-12 20:00:00,ZONE_M03,19.5,55.2,-12.3,665.0,770.0,15.0,90.0,RUNNING
2024-01-12 20:00:00,ZONE_B01,19.6,60.0,-13.7,836.0,770.0,15.0,90.0,RUNNING
2024-01-12 20:00:00,ZONE_B02,18.7,56.6,-14.0,704.0,770.0,15.0,90.0,RUNNING
2024-01-12 21:00:00,ZONE_M01,20.3,59.3,-15.5,675.0,770.0,15.0,90.0,RUNNING
2024-01-12 21:00:00,ZONE_M02,20.6,59.3,-14.2,837.0,770.0,15.0,90.0,RUNNING
2024-01-12 21:00:00,ZONE_M03,19.7,58.4,-12.7,785.0,770.0,15.0,90.0,RUNNING
2024-01-12 21:00:00,ZONE_B01,19.2,48.0,-12.2,583.0,770.0,15.0,90.0,RUNNING
2024-01-12 21:00:00,ZONE_B02,20.3,60.0,-13.5,786.0,770.0,15.0,90.0,RUNNING
2024-01-12 22:00:00,ZONE_M01,20.0,57.8,-14.4,688.0,770.0,15.0,90.0,RUNNING
2024-01-12 22:00:00,ZONE_M02,19.9,60.0,-13.6,785.0,770.0,15.0,90.0,RUNNING
2024-01-12 22:00:00,ZONE_M03,19.8,60.0,-13.1,814.0,770.0,15.0,90.0,RUNNING
2024-01-12 22:00:00,ZONE_B01,19.9,49.9,-16.2,595.0,770.0,15.0,90.0,RUNNING
2024-01-12 22:00:00,ZONE_B02,20.1,60.0,-10.6,843.0,770.0,15.0,90.0,RUNNING
2024-01-12 23:00:00,ZONE_M01,15.4,47.8,-14.1,480.0,770.0,15.0,90.0,RUNNING
2024-01-12 23:00:00,ZONE_M02,15.8,41.1,-17.1,473.0,770.0,15.0,90.0,RUNNING
2024-01-12 23:00:00,ZONE_M03,16.2,32.3,-11.4,454.0,770.0,15.0,90.0,RUNNING
2024-01-12 23:00:00,ZONE_B01,15.6,42.8,-9.8,515.0,770.0,15.0,90.0,RUNNING
2024-01-12 23:00:00,ZONE_B02,15.8,37.5,-16.0,458.0,770.0,15.0,90.0,RUNNING
2024-01-13 00:00:00,ZONE_M01,16.3,39.6,-11.5,419.0,770.0,15.0,90.0,RUNNING
2024-01-13 00:00:00,ZONE_M02,16.4,39.0,-12.3,433.0,770.0,15.0,90.0,RUNNING
2024-01-13 00:00:00,ZONE_M03,15.4,42.0,-12.5,496.0,770.0,15.0,90.0,RUNNING
2024-01-13 00:00:00,ZONE_B01,15.9,40.9,-12.3,395.0,770.0,15.0,90.0,RUNNING
2024-01-13 00:00:00,ZONE_B02,16.0,36.0,-11.7,481.0,770.0,15.0,90.0,RUNNING
2024-01-13 01:00:00,ZONE_M01,15.5,37.9,-11.5,487.0,770.0,15.0,90.0,RUNNING
2024-01-13 01:00:00,ZONE_M02,16.1,39.9,-16.2,477.0,770.0,15.0,90.0,RUNNING
2024-01-13 01:00:00,ZONE_M03,16.1,35.4,-12.8,438.0,770.0,15.0,90.0,RUNNING
2024-01-13 01:00:00,ZONE_B01,15.8,38.4,-9.5,473.0,770.0,15.0,90.0,RUNNING
2024-01-13 01:00:00,ZONE_B02,16.2,45.0,-14.5,503.0,770.0,15.0,90.0,RUNNING
2024-01-13 02:00:00,ZONE_M01,16.5,40.0,-9.3,459.0,770.0,15.0,90.0,RUNNING
2024-01-13 02:00:00,ZONE_M02,16.2,41.9,-12.9,498.0,770.0,15.0,90.0,RUNNING
2024-01-13 02:00:00,ZONE_M03,15.7,31.3,-13.2,478.0,770.0,15.0,90.0,RUNNING
2024-01-13 02:00:00,ZONE_B01,16.0,40.4,-15.2,469.0,770.0,15.0,90.0,RUNNING
2024-01-13 02:00:00,ZONE_B02,15.4,39.0,-11.6,448.0,770.0,15.0,90.0,RUNNING
2024-01-13 03:00:00,ZONE_M01,15.5,42.3,-12.1,470.0,770.0,15.0,90.0,RUNNING
2024-01-13 03:00:00,ZONE_M02,15.1,42.7,-14.1,446.0,770.0,15.0,90.0,RUNNING
2024-01-13 03:00:00,ZONE_M03,15.5,46.6,-15.3,472.0,770.0,15.0,90.0,RUNNING
2024-01-13 03:00:00,ZONE_B01,15.3,41.8,-16.2,516.0,770.0,15.0,90.0,RUNNING
2024-01-13 03:00:00,ZONE_B02,15.9,33.6,-13.9,384.0,770.0,15.0,90.0,RUNNING
2024-01-13 04:00:00,ZONE_M01,15.5,43.1,-11.4,490.0,770.0,15.0,90.0,RUNNING
2024-01-13 04:00:00,ZONE_M02,15.8,35.7,-14.8,530.0,770.0,15.0,90.0,RUNNING
2024-01-13 04:00:00,ZONE_M03,15.9,47.1,-9.9,509.0,770.0,15.0,90.0,RUNNING
2024-01-13 04:00:00,ZONE_B01,16.7,35.6,-16.0,436.0,770.0,15.0,90.0,RUNNING
2024-01-13 04:00:00,ZONE_B02,16.1,41.4,-14.3,471.0,770.0,15.0,90.0,RUNNING
2024-01-13 05:00:00,ZONE_M01,16.0,40.9,-13.0,479.0,770.0,15.0,90.0,RUNNING
2024-01-13 05:00:00,ZONE_M02,15.6,47.3,-15.7,532.0,770.0,15.0,90.0,RUNNING
2024-01-13 05:00:00,ZONE_M03,16.0,43.6,-12.7,496.0,770.0,15.0,90.0,RUNNING
2024-01-13 05:00:00,ZONE_B01,16.6,34.2,-16.2,419.0,770.0,15.0,90.0,RUNNING
2024-01-13 05:00:00,ZONE_B02,16.6,36.2,-10.7,493.0,770.0,15.0,90.0,RUNNING
2024-01-13 06:00:00,ZONE_M01,19.3,51.6,-14.6,695.0,770.0,15.0,90.0,RUNNING
2024-01-13 06:00:00,ZONE_M02,19.4,60.0,-13.0,835.0,770.0,15.0,90.0,RUNNING
2024-01-13 06:00:00,ZONE_M03,20.1,51.4,-15.5,729.0,770.0,15.0,90.0,RUNNING
2024-01-13 06:00:00,ZONE_B01,20.0,60.0,-15.0,745.0,770.0,15.0,90.0,RUNNING
2024-01-13 06:00:00,ZONE_B02,20.2,59.4,-13.4,803.0,770.0,15.0,90.0,RUNNING
2024-01-13 07:00:00,ZONE_M01,20.4,57.8,-10.8,740.0,770.0,15.0,90.0,RUNNING
2024-01-13 07:00:00,ZONE_M02,19.8,60.0,-9.4,833.0,770.0,15.0,90.0,RUNNING
2024-01-13 07:00:00,ZONE_M03,20.4,60.0,-11.1,757.0,770.0,15.0,90.0,RUNNING
2024-01-13 07:00:00,ZONE_B01,20.2,54.0,-16.1,723.0,770.0,15.0,90.0,RUNNING
2024-01-13 07:00:00,ZONE_B02,20.3,59.9,-16.1,762.0,770.0,15.0,90.0,RUNNING
2024-01-13 08:00:00,ZONE_M01,19.7,60.0,-12.3,781.0,770.0,15.0,90.0,RUNNING
2024-01-13 08:00:00,ZONE_M02,19.8,60.0,-16.2,844.0,770.0,15.0,90.0,RUNNING
2024-01-13 08:00:00,ZONE_M03,20.0,51.7,-13.5,765.0,770.0,15.0,90.0,RUNNING
2024-01-13 08:00:00,ZONE_B01,19.4,54.4,-15.0,706.0,770.0,15.0,90.0,RUNNING
2024-01-13 08:00:00,ZONE_B02,20.1,58.2,-14.9,735.0,770.0,15.0,90.0,RUNNING
2024-01-13 09:00:00,ZONE_M01,20.1,43.1,-11.3,597.0,770.0,15.0,90.0,RUNNING
2024-01-13 09:00:00,ZONE_M02,20.8,60.0,-16.6,837.0,770.0,15.0,90.0,RUNNING
2024-01-13 09:00:00,ZONE_M03,20.2,48.0,-14.0,689.0,770.0,15.0,90.0,RUNNING
2024-01-13 09:00:00,ZONE_B01,19.4,41.3,-16.6,530.0,770.0,15.0,90.0,RUNNING
2024-01-13 09:00:00,ZONE_B02,19.8,60.0,-11.2,872.0,770.0,15.0,90.0,RUNNING
2024-01-13 10:00:00,ZONE_M01,19.5,40.2,-11.2,527.0,770.0,15.0,90.0,RUNNING
2024-01-13 10:00:00,ZONE_M02,19.7,53.4,-12.4,683.0,770.0,15.0,90.0,RUNNING
2024-01-13 10:00:00,ZONE_M03,19.4,57.8,-11.8,810.0,770.0,15.0,90.0,RUNNING
2024-01-13 10:00:00,ZONE_B01,20.8,56.5,-14.7,774.0,770.0,15.0,90.0,RUNNING
2024-01-13 10:00:00,ZONE_B02,19.7,43.6,-11.9,596.0,770.0,15.0,90.0,RUNNING
2024-01-13 11:00:00,ZONE_M01,19.8,57.9,-14.1,715.0,770.0,15.0,90.0,RUNNING
2024-01-13 11:00:00,ZONE_M02,19.6,52.0,-14.3,675.0,770.0,15.0,90.0,RUNNING
2024-01-13 11:00:00,ZONE_M03,19.1,60.0,-16.4,812.0,770.0,15.0,90.0,RUNNING
2024-01-13 11:00:00,ZONE_B01,19.2,60.0,-10.6,828.0,770.0,15.0,90.0,RUNNING
2024-01-13 11:00:00,ZONE_B02,20.6,56.5,-10.7,742.0,770.0,15.0,90.0,RUNNING
2024-01-13 12:00:00,ZONE_M01,19.6,45.6,-15.9,529.0,770.0,15.0,90.0,RUNNING
2024-01-13 12:00:00,ZONE_M02,19.4,42.2,-14.3,562.0,770.0,15.0,90.0,RUNNING
2024-01-13 12:00:00,ZONE_M03,20.0,55.9,-17.7,723.0,770.0,15.0,90.0,RUNNING
2024-01-13 12:00:00,ZONE_B01,19.6,52.5,-15.4,645.0,770.0,15.0,90.0,RUNNING
2024-01-13 12:00:00,ZONE_B02,19.9,60.0,-14.2,872.0,770.0,15.0,90.0,RUNNING
2024-01-13 13:00:00,ZONE_M01,18.4,54.3,-13.6,684.0,770.0,15.0,90.0,RUNNING
2024-01-13 13:00:00,ZONE_M02,18.9,58.5,-10.7,699.0,770.0,15.0,90.0,RUNNING
2024-01-13 13:00:00,ZONE_M03,19.2,60.0,-11.4,846.0,770.0,15.0,90.0,RUNNING
2024-01-13 13:00:00,ZONE_B01,19.6,51.5,-15.8,785.0,770.0,15.0,90.0,RUNNING
2024-01-13 13:00:00,ZONE_B02,20.8,60.0,-12.6,838.0,770.0,15.0,90.0,RUNNING
2024-01-13 14:00:00,ZONE_M01,19.8,55.0,-11.6,721.0,770.0,15.0,90.0,RUNNING
2024-01-13 14:00:00,ZONE_M02,20.3,55.5,-14.0,646.0,770.0,15.0,90.0,RUNNING
2024-01-13 14:00:00,ZONE_M03,20.3,60.0,-15.6,951.0,770.0,15.0,90.0,RUNNING
2024-01-13 14:00:00,ZONE_B01,20.4,47.9,-14.0,577.0,770.0,15.0,90.0,RUNNING
2024-01-13 14:00:00,ZONE_B02,20.1,60.0,-13.5,785.0,770.0,15.0,90.0,RUNNING
2024-01-13 15:00:00,ZONE_M01,20.0,57.6,-13.7,735.0,770.0,15.0,90.0,RUNNING
2024-01-13 15:00:00,ZONE_M02,19.0,54.3,-13.8,676.0,770.0,15.0,90.0,RUNNING
2024-01-13 15:00:00,ZONE_M03,19.3,58.4,-8.3,770.0,770.0,15.0,90.0,RUNNING
2024-01-13 15:00:00,ZONE_B01,20.6,59.8,-11.1,750.0,770.0,15.0,90.0,RUNNING
2024-01-13 15:00:00,ZONE_B02,20.0,51.1,-16.0,595.0,770.0,15.0,90.0,RUNNING
2024-01-13 16:00:00,ZONE_M01,19.7,58.4,-16.4,756.0,770.0,15.0,90.0,RUNNING
2024-01-13 16:00:00,ZONE_M02,20.1,56.3,-15.9,705.0,770.0,15.0,90.0,RUNNING
2024-01-13 16:00:00,ZONE_M03,20.0,60.0,-10.1,902.0,770.0,15.0,90.0,RUNNING
2024-01-13 16:00:00,ZONE_B01,19.8,56.2,-15.2,658.0,770.0,15.0,90.0,RUNNING
2024-01-13 16:00:00,ZONE_B02,19.1,60.0,-10.2,930.0,770.0,15.0,90.0,RUNNING
2024-01-13 17:00:00,ZONE_M01,19.4,60.0,-13.7,871.0,770.0,15.0,90.0,RUNNING
2024-01-13 17:00:00,ZONE_M02,19.8,55.3,-14.6,650.0,770.0,15.0,90.0,RUNNING
2024-01-13 17:00:00,ZONE_M03,19.7,51.8,-14.2,690.0,770.0,15.0,90.0,RUNNING
2024-01-13 17:00:00,ZONE_B01,20.2,56.4,-15.1,651.0,770.0,15.0,90.0,RUNNING
2024-01-13 17:00:00,ZONE_B02,20.5,55.1,-12.1,724.0,770.0,15.0,90.0,RUNNING
2024-01-13 18:00:00,ZONE_M01,19.8,56.5,-11.5,737.0,770.0,15.0,90.0,RUNNING
2024-01-13 18:00:00,ZONE_M02,19.8,60.0,-10.8,789.0,770.0,15.0,90.0,RUNNING
2024-01-13 18:00:00,ZONE_M03,20.8,50.4,-15.4,599.0,770.0,15.0,90.0,RUNNING
2024-01-13 18:00:00,ZONE_B01,20.3,60.0,-10.5,792.0,770.0,15.0,90.0,RUNNING
2024-01-13 18:00:00,ZONE_B02,20.0,60.0,-13.6,867.0,770.0,15.0,90.0,RUNNING
2024-01-13 19:00:00,ZONE_M01,19.5,55.0,-11.9,761.0,770.0,15.0,90.0,RUNNING
2024-01-13 19:00:00,ZONE_M02,19.1,60.0,-14.9,887.0,770.0,15.0,90.0,RUNNING
2024-01-13 19:00:00,ZONE_M03,19.2,45.4,-11.9,631.0,770.0,15.0,90.0,RUNNING
2024-01-13 19:00:00,ZONE_B01,20.0,60.0,-13.0,864.0,770.0,15.0,90.0,RUNNING
2024-01-13 19:00:00,ZONE_B02,20.0,52.5,-10.2,654.0,770.0,15.0,90.0,RUNNING
2024-01-13 20:00:00,ZONE_M01,20.0,56.2,-11.0,724.0,770.0,15.0,90.0,RUNNING
2024-01-13 20:00:00,ZONE_M02,20.4,51.6,-10.5,647.0,770.0,15.0,90.0,RUNNING
2024-01-13 20:00:00,ZONE_M03,20.3,60.0,-15.5,815.0,770.0,15.0,90.0,RUNNING
2024-01-13 20:00:00,ZONE_B01,19.3,53.4,-13.8,789.0,770.0,15.0,90.0,RUNNING
2024-01-13 20:00:00,ZONE_B02,19.7,51.3,-14.6,618.0,770.0,15.0,90.0,RUNNING
2024-01-13 21:00:00,ZONE_M01,20.6,60.0,-9.3,759.0,770.0,15.0,90.0,RUNNING
2024-01-13 21:00:00,ZONE_M02,20.1,55.0,-12.2,722.0,770.0,15.0,90.0,RUNNING
2024-01-13 21:00:00,ZONE_M03,19.5,54.7,-10.4,753.0,770.0,15.0,90.0,RUNNING
2024-01-13 21:00:00,ZONE_B01,20.2,60.0,-10.7,790.0,770.0,15.0,90.0,RUNNING
2024-01-13 21:00:00,ZONE_B02,19.8,44.7,-14.5,574.0,770.0,15.0,90.0,RUNNING
2024-01-13 22:00:00,ZONE_M01,19.1,56.6,-14.1,713.0,770.0,15.0,90.0,RUNNING
2024-01-13 22:00:00,ZONE_M02,21.1,60.0,-13.7,735.0,770.0,15.0,90.0,RUNNING
2024-01-13 22:00:00,ZONE_M03,20.4,54.3,-15.6,640.0,770.0,15.0,90.0,RUNNING
2024-01-13 22:00:00,ZONE_B01,19.4,60.0,-11.4,707.0,770.0,15.0,90.0,RUNNING
2024-01-13 22:00:00,ZONE_B02,19.1,46.9,-14.3,613.0,770.0,15.0,90.0,RUNNING
2024-01-13 23:00:00,ZONE_M01,17.0,35.9,-13.3,432.0,770.0,15.0,90.0,RUNNING
2024-01-13 23:00:00,ZONE_M02,15.7,45.9,-10.0,547.0,770.0,15.0,90.0,RUNNING
2024-01-13 23:00:00,ZONE_M03,15.2,40.2,-16.1,492.0,770.0,15.0,90.0,RUNNING
2024-01-13 23:00:00,ZONE_B01,15.8,37.3,-12.7,431.0,770.0,15.0,90.0,RUNNING
2024-01-13 23:00:00,ZONE_B02,16.6,46.2,-10.9,529.0,770.0,15.0,90.0,RUNNING
2024-01-14 00:00:00,ZONE_M01,15.4,45.4,-12.7,522.0,770.0,15.0,90.0,RUNNING
2024-01-14 00:00:00,ZONE_M02,16.1,39.2,-14.7,472.0,770.0,15.0,90.0,RUNNING
2024-01-14 00:00:00,ZONE_M03,16.4,39.2,-14.1,500.0,770.0,15.0,90.0,RUNNING
2024-01-14 00:00:00,ZONE_B01,16.2,36.1,-11.5,485.0,770.0,15.0,90.0,RUNNING
2024-01-14 00:00:00,ZONE_B02,15.2,40.6,-13.2,507.0,770.0,15.0,90.0,RUNNING
2024-01-14 01:00:00,ZONE_M01,15.5,38.4,-10.4,524.0,770.0,15.0,90.0,RUNNING
2024-01-14 01:00:00,ZONE_M02,15.7,43.9,-10.9,530.0,770.0,15.0,90.0,RUNNING
2024-01-14 01:00:00,ZONE_M03,15.1,40.2,-12.7,405.0,770.0,15.0,90.0,RUNNING
2024-01-14 01:00:00,ZONE_B01,15.5,37.5,-13.9,446.0,770.0,15.0,90.0,RUNNING
2024-01-14 01:00:00,ZONE_B02,16.0,40.0,-11.3,492.0,770.0,15.0,90.0,RUNNING
2024-01-14 02:00:00,ZONE_M01,16.1,37.7,-12.7,424.0,770.0,15.0,90.0,RUNNING
2024-01-14 02:00:00,ZONE_M02,16.4,39.2,-16.4,464.0,770.0,15.0,90.0,RUNNING
2024-01-14 02:00:00,ZONE_M03,15.8,39.8,-14.9,526.0,770.0,15.0,90.0,RUNNING
2024-01-14 02:00:00,ZONE_B01,16.3,35.6,-16.2,510.0,770.0,15.0,90.0,RUNNING
2024-01-14 02:00:00,ZONE_B02,16.1,43.1,-17.6,469.0,770.0,15.0,90.0,RUNNING
2024-01-14 03:00:00,ZONE_M01,15.2,41.9,-17.1,516.0,770.0,15.0,90.0,RUNNING
2024-01-14 03:00:00,ZONE_M02,15.7,42.2,-13.9,456.0,770.0,15.0,90.0,RUNNING
2024-01-14 03:00:00,ZONE_M03,15.7,36.1,-12.6,417.0,770.0,15.0,90.0,RUNNING
2024-01-14 03:00:00,ZONE_B01,16.0,35.9,-14.3,478.0,770.0,15.0,90.0,RUNNING
2024-01-14 03:00:00,ZONE_B02,17.0,45.4,-14.7,545.0,770.0,15.0,90.0,RUNNING
2024-01-14 04:00:00,ZONE_M01,15.9,41.9,-13.0,440.0,770.0,15.0,90.0,RUNNING
2024-01-14 04:00:00,ZONE_M02,15.6,41.2,-14.3,479.0,770.0,15.0,90.0,RUNNING
2024-01-14 04:00:00,ZONE_M03,16.4,36.4,-12.1,444.0,770.0,15.0,90.0,RUNNING
2024-01-14 04:00:00,ZONE_B01,15.7,36.4,-10.5,391.0,770.0,15.0,90.0,RUNNING
2024-01-14 04:00:00,ZONE_B02,16.1,35.2,-14.2,353.0,770.0,15.0,90.0,RUNNING
2024-01-14 05:00:00,ZONE_M01,15.8,36.2,-14.2,470.0,770.0,15.0,90.0,RUNNING
2024-01-14 05:00:00,ZONE_M02,16.5,39.3,-16.0,475.0,770.0,15.0,90.0,RUNNING
2024-01-14 05:00:00,ZONE_M03,15.1,41.9,-13.5,517.0,770.0,15.0,90.0,RUNNING
2024-01-14 05:00:00,ZONE_B01,16.2,39.5,-12.6,458.0,770.0,15.0,90.0,RUNNING
2024-01-14 05:00:00,ZONE_B02,16.1,38.9,-12.5,451.0,770.0,15.0,90.0,RUNNING
2024-01-14 06:00:00,ZONE_M01,19.9,60.0,-11.8,868.0,770.0,15.0,90.0,RUNNING
2024-01-14 06:00:00,ZONE_M02,20.6,60.0,-15.4,863.0,770.0,15.0,90.0,RUNNING
2024-01-14 06:00:00,ZONE_M03,19.8,60.0,-13.3,739.0,770.0,15.0,90.0,RUNNING
2024-01-14 06:00:00,ZONE_B01,20.7,48.3,-12.1,636.0,770.0,15.0,90.0,RUNNING
2024-01-14 06:00:00,ZONE_B02,20.6,60.0,-13.5,833.0,770.0,15.0,90.0,RUNNING
2024-01-14 07:00:00,ZONE_M01,20.1,60.0,-18.1,856.0,770.0,15.0,90.0,RUNNING
2024-01-14 07:00:00,ZONE_M02,19.5,60.0,-13.2,770.0,770.0,15.0,90.0,RUNNING
2024-01-14 07:00:00,ZONE_M03,19.8,56.2,-12.2,751.0,770.0,15.0,90.0,RUNNING
2024-01-14 07:00:00,ZONE_B01,19.8,58.9,-12.6,752.0,770.0,15.0,90.0,RUNNING
2024-01-14 07:00:00,ZONE_B02,19.8,60.0,-18.6,890.0,770.0,15.0,90.0,RUNNING
2024-01-14 08:00:00,ZONE_M01,20.7,53.3,-15.4,701.0,770.0,15.0,90.0,RUNNING
2024-01-14 08:00:00,ZONE_M02,20.4,60.0,-12.8,864.0,770.0,15.0,90.0,RUNNING
2024-01-14 08:00:00,ZONE_M03,19.5,55.4,-15.2,695.0,770.0,15.0,90.0,RUNNING
2024-01-14 08:00:00,ZONE_B01,19.7,60.0,-9.6,873.0,770.0,15.0,90.0,RUNNING
2024-01-14 08:00:00,ZONE_B02,20.3,51.5,-12.7,757.0,770.0,15.0,90.0,RUNNING
2024-01-14 09:00:00,ZONE_M01,20.3,47.4,-9.5,590.0,770.0,15.0,90.0,RUNNING
2024-01-14 09:00:00,ZONE_M02,20.0,43.0,-18.0,538.0,770.0,15.0,90.0,RUNNING
2024-01-14 09:00:00,ZONE_M03,19.4,60.0,-12.9,834.0,770.0,15.0,90.0,RUNNING
2024-01-14 09:00:00,ZONE_B01,20.3,52.6,-13.3,743.0,770.0,15.0,90.0,RUNNING
2024-01-14 09:00:00,ZONE_B02,19.8,54.9,-15.2,643.0,770.0,15.0,90.0,RUNNING
2024-01-14 10:00:00,ZONE_M01,18.6,59.1,-13.3,817.0,770.0,15.0,90.0,RUNNING
2024-01-14 10:00:00,ZONE_M02,20.2,60.0,-12.1,827.0,770.0,15.0,90.0,RUNNING
2024-01-14 10:00:00,ZONE_M03,20.2,59.8,-11.2,689.0,770.0,15.0,90.0,RUNNING
2024-01-14 10:00:00,ZONE_B01,20.5,57.9,-15.5,742.0,770.0,15.0,90.0,RUNNING
2024-01-14 10:00:00,ZONE_B02,19.1,57.0,-15.4,689.0,770.0,15.0,90.0,RUNNING
2024-01-14 11:00:00,ZONE_M01,20.6,60.0,-15.5,762.0,770.0,15.0,90.0,RUNNING
2024-01-14 11:00:00,ZONE_M02,20.2,55.5,-15.7,744.0,770.0,15.0,90.0,RUNNING
2024-01-14 11:00:00,ZONE_M03,19.6,49.0,-15.6,648.0,770.0,15.0,90.0,RUNNING
2024-01-14 11:00:00,ZONE_B01,19.7,60.0,-10.9,806.0,770.0,15.0,90.0,RUNNING
2024-01-14 11:00:00,ZONE_B02,20.6,60.0,-14.6,832.0,770.0,15.0,90.0,RUNNING
2024-01-14 12:00:00,ZONE_M01,20.0,60.0,-12.8,854.0,770.0,15.0,90.0,RUNNING
2024-01-14 12:00:00,ZONE_M02,19.5,60.0,-14.9,823.0,770.0,15.0,90.0,RUNNING
2024-01-14 12:00:00,ZONE_M03,19.3,60.0,-11.0,808.0,770.0,15.0,90.0,RUNNING
2024-01-14 12:00:00,ZONE_B01,20.6,56.9,-12.5,730.0,770.0,15.0,90.0,RUNNING
2024-01-14 12:00:00,ZONE_B02,20.1,56.2,-11.8,748.0,770.0,15.0,90.0,RUNNING
2024-01-14 13:00:00,ZONE_M01,19.6,60.0,-13.6,971.0,770.0,15.0,90.0,RUNNING
2024-01-14 13:00:00,ZONE_M02,19.7,60.0,-9.8,856.0,770.0,15.0,90.0,RUNNING
2024-01-14 13:00:00,ZONE_M03,20.3,60.0,-14.5,904.0,770.0,15.0,90.0,RUNNING
2024-01-14 13:00:00,ZONE_B01,20.1,60.0,-12.7,807.0,770.0,15.0,90.0,RUNNING
2024-01-14 13:00:00,ZONE_B02,20.0,59.7,-10.7,817.0,770.0,15.0,90.0,RUNNING
2024-01-14 14:00:00,ZONE_M01,20.3,60.0,-16.5,813.0,770.0,15.0,90.0,RUNNING
2024-01-14 14:00:00,ZONE_M02,19.8,60.0,-13.3,882.0,770.0,15.0,90.0,RUNNING
2024-01-14 14:00:00,ZONE_M03,20.7,60.0,-12.9,829.0,770.0,15.0,90.0,RUNNING
2024-01-14 14:00:00,ZONE_B01,19.9,60.0,-10.3,961.0,770.0,15.0,90.0,RUNNING
2024-01-14 14:00:00,ZONE_B02,19.8,60.0,-15.8,822.0,770.0,15.0,90.0,RUNNING
2024-01-14 15:00:00,ZONE_M01,21.1,60.0,-11.8,939.0,770.0,15.0,90.0,RUNNING
2024-01-14 15:00:00,ZONE_M02,20.0,55.4,-14.3,677.0,770.0,15.0,90.0,RUNNING
2024-01-14 15:00:00,ZONE_M03,19.9,56.6,-13.0,780.0,770.0,15.0,90.0,RUNNING
2024-01-14 15:00:00,ZONE_B01,19.7,57.6,-11.9,711.0,770.0,15.0,90.0,RUNNING
2024-01-14 15:00:00,ZONE_B02,19.3,56.8,-14.0,732.0,770.0,15.0,90.0,RUNNING
2024-01-14 16:00:00,ZONE_M01,19.9,59.8,-14.8,748.0,770.0,15.0,90.0,RUNNING
2024-01-14 16:00:00,ZONE_M02,20.1,45.3,-12.1,562.0,770.0,15.0,90.0,RUNNING
2024-01-14 16:00:00,ZONE_M03,20.1,56.3,-12.3,784.0,770.0,15.0,90.0,RUNNING
2024-01-14 16:00:00,ZONE_B01,19.7,49.3,-10.5,635.0,770.0,15.0,90.0,RUNNING
2024-01-14 16:00:00,ZONE_B02,20.7,56.7,-13.1,655.0,770.0,15.0,90.0,RUNNING
2024-01-14 17:00:00,ZONE_M01,19.8,60.0,-15.4,887.0,770.0,15.0,90.0,RUNNING
2024-01-14 17:00:00,ZONE_M02,20.0,50.9,-11.9,701.0,770.0,15.0,90.0,RUNNING
2024-01-14 17:00:00,ZONE_M03,20.0,49.6,-15.5,653.0,770.0,15.0,90.0,RUNNING
2024-01-14 17:00:00,ZONE_B01,20.7,46.2,-12.5,541.0,770.0,15.0,90.0,RUNNING
2024-01-14 17:00:00,ZONE_B02,19.3,60.0,-12.2,771.0,770.0,15.0,90.0,RUNNING
2024-01-14 18:00:00,ZONE_M01,21.0,57.8,-10.9,843.0,770.0,15.0,90.0,RUNNING
2024-01-14 18:00:00,ZONE_M02,20.4,52.4,-15.7,718.0,770.0,15.0,90.0,RUNNING
2024-01-14 18:00:00,ZONE_M03,20.3,59.2,-13.4,772.0,770.0,15.0,90.0,RUNNING
2024-01-14 18:00:00,ZONE_B01,19.6,60.0,-16.3,867.0,770.0,15.0,90.0,RUNNING
2024-01-14 18:00:00,ZONE_B02,19.5,50.9,-10.1,681.0,770.0,15.0,90.0,RUNNING
2024-01-14 19:00:00,ZONE_M01,20.4,54.2,-14.2,682.0,770.0,15.0,90.0,RUNNING
2024-01-14 19:00:00,ZONE_M02,20.3,57.0,-11.1,693.0,770.0,15.0,90.0,RUNNING
2024-01-14 19:00:00,ZONE_M03,20.4,54.3,-13.9,723.0,770.0,15.0,90.0,RUNNING
2024-01-14 19:00:00,ZONE_B01,20.6,55.4,-10.7,794.0,770.0,15.0,90.0,RUNNING
2024-01-14 19:00:00,ZONE_B02,19.6,60.0,-12.2,792.0,770.0,15.0,90.0,RUNNING
2024-01-14 20:00:00,ZONE_M01,20.4,57.9,-13.0,753.0,770.0,15.0,90.0,RUNNING
2024-01-14 20:00:00,ZONE_M02,20.1,60.0,-11.7,890.0,770.0,15.0,90.0,RUNNING
2024-01-14 20:00:00,ZONE_M03,20.7,59.6,-15.6,849.0,770.0,15.0,90.0,RUNNING
2024-01-14 20:00:00,ZONE_B01,19.6,54.8,-14.9,596.0,770.0,15.0,90.0,RUNNING
2024-01-14 20:00:00,ZONE_B02,20.5,53.6,-18.1,631.0,770.0,15.0,90.0,RUNNING
2024-01-14 21:00:00,ZONE_M01,19.8,60.0,-12.4,781.0,770.0,15.0,90.0,RUNNING
2024-01-14 21:00:00,ZONE_M02,20.1,53.8,-13.6,633.0,770.0,15.0,90.0,RUNNING
2024-01-14 21:00:00,ZONE_M03,20.5,43.3,-14.2,535.0,770.0,15.0,90.0,RUNNING
2024-01-14 21:00:00,ZONE_B01,19.9,45.5,-14.8,602.0,770.0,15.0,90.0,RUNNING
2024-01-14 21:00:00,ZONE_B02,19.7,60.0,-12.8,675.0,770.0,15.0,90.0,RUNNING
2024-01-14 22:00:00,ZONE_M01,20.4,57.2,-14.2,798.0,770.0,15.0,90.0,RUNNING
2024-01-14 22:00:00,ZONE_M02,20.2,60.0,-14.4,913.0,770.0,15.0,90.0,RUNNING
2024-01-14 22:00:00,ZONE_M03,19.3,50.9,-13.6,693.0,770.0,15.0,90.0,RUNNING
2024-01-14 22:00:00,ZONE_B01,19.7,59.8,-15.3,754.0,770.0,15.0,90.0,RUNNING
2024-01-14 22:00:00,ZONE_B02,20.4,52.6,-15.1,686.0,770.0,15.0,90.0,RUNNING
2024-01-14 23:00:00,ZONE_M01,15.6,35.7,-15.1,486.0,770.0,15.0,90.0,RUNNING
2024-01-14 23:00:00,ZONE_M02,15.6,42.1,-11.8,494.0,770.0,15.0,90.0,RUNNING
2024-01-14 23:00:00,ZONE_M03,16.5,37.9,-14.4,444.0,770.0,15.0,90.0,RUNNING
2024-01-14 23:00:00,ZONE_B01,15.9,38.3,-13.1,433.0,770.0,15.0,90.0,RUNNING
2024-01-14 23:00:00,ZONE_B02,16.4,44.5,-14.1,451.0,770.0,15.0,90.0,RUNNING
2024-01-15 00:00:00,ZONE_M01,16.7,39.2,-16.2,451.0,770.0,15.0,90.0,RUNNING
2024-01-15 00:00:00,ZONE_M02,15.9,38.5,-14.9,454.0,770.0,15.0,90.0,RUNNING
2024-01-15 00:00:00,ZONE_M03,15.3,43.7,-13.2,502.0,770.0,15.0,90.0,RUNNING
2024-01-15 00:00:00,ZONE_B01,16.0,43.0,-14.6,465.0,770.0,15.0,90.0,RUNNING
2024-01-15 00:00:00,ZONE_B02,15.8,39.1,-10.1,443.0,770.0,15.0,90.0,RUNNING
2024-01-15 01:00:00,ZONE_M01,16.7,39.9,-14.3,433.0,770.0,15.0,90.0,RUNNING
2024-01-15 01:00:00,ZONE_M02,15.7,42.3,-15.6,496.0,770.0,15.0,90.0,RUNNING
2024-01-15 01:00:00,ZONE_M03,16.3,41.5,-16.7,452.0,770.0,15.0,90.0,RUNNING
2024-01-15 01:00:00,ZONE_B01,16.0,38.9,-13.3,475.0,770.0,15.0,90.0,RUNNING
2024-01-15 01:00:00,ZONE_B02,15.7,40.6,-13.3,445.0,770.0,15.0,90.0,RUNNING
2024-01-15 02:00:00,ZONE_M01,16.5,45.1,-13.1,523.0,770.0,15.0,90.0,RUNNING
2024-01-15 02:00:00,ZONE_M02,15.9,31.8,-15.7,384.0,770.0,15.0,90.0,RUNNING
2024-01-15 02:00:00,ZONE_M03,16.1,44.3,-16.3,549.0,770.0,15.0,90.0,RUNNING
2024-01-15 02:00:00,ZONE_B01,15.9,38.2,-15.3,464.0,770.0,15.0,90.0,RUNNING
2024-01-15 02:00:00,ZONE_B02,16.3,38.8,-13.0,490.0,770.0,15.0,90.0,RUNNING
2024-01-15 03:00:00,ZONE_M01,16.2,43.0,-14.6,520.0,770.0,15.0,90.0,RUNNING
2024-01-15 03:00:00,ZONE_M02,16.1,44.3,-16.8,466.0,770.0,15.0,90.0,RUNNING
2024-01-15 03:00:00,ZONE_M03,16.0,36.1,-13.3,402.0,770.0,15.0,90.0,RUNNING
2024-01-15 03:00:00,ZONE_B01,16.4,40.1,-13.1,520.0,770.0,15.0,90.0,RUNNING
2024-01-15 03:00:00,ZONE_B02,16.4,47.2,-15.1,527.0,770.0,15.0,90.0,RUNNING
2024-01-15 04:00:00,ZONE_M01,16.2,34.7,-14.1,413.0,770.0,15.0,90.0,RUNNING
2024-01-15 04:00:00,ZONE_M02,16.0,38.2,-12.8,493.0,770.0,15.0,90.0,RUNNING
2024-01-15 04:00:00,ZONE_M03,15.9,38.7,-9.8,449.0,770.0,15.0,90.0,RUNNING
2024-01-15 04:00:00,ZONE_B01,15.8,36.8,-13.0,524.0,770.0,15.0,90.0,RUNNING
2024-01-15 04:00:00,ZONE_B02,16.5,41.2,-11.1,504.0,770.0,15.0,90.0,RUNNING
2024-01-15 05:00:00,ZONE_M01,15.0,40.5,-11.2,468.0,770.0,15.0,90.0,RUNNING
2024-01-15 05:00:00,ZONE_M02,15.8,37.8,-9.6,443.0,770.0,15.0,90.0,RUNNING
2024-01-15 05:00:00,ZONE_M03,15.2,33.4,-12.3,422.0,770.0,15.0,90.0,RUNNING
2024-01-15 05:00:00,ZONE_B01,15.8,47.5,-9.9,549.0,770.0,15.0,90.0,RUNNING
2024-01-15 05:00:00,ZONE_B02,15.8,37.2,-16.4,389.0,770.0,15.0,90.0,RUNNING
2024-01-15 06:00:00,ZONE_M01,20.4,60.0,-16.8,757.0,770.0,15.0,90.0,RUNNING
2024-01-15 06:00:00,ZONE_M02,19.8,60.0,-16.3,827.0,770.0,15.0,90.0,RUNNING
2024-01-15 06:00:00,ZONE_M03,19.2,58.0,-13.0,806.0,770.0,15.0,90.0,RUNNING
2024-01-15 06:00:00,ZONE_B01,20.4,60.0,-14.8,954.0,770.0,15.0,90.0,RUNNING
2024-01-15 06:00:00,ZONE_B02,20.1,60.0,-14.2,764.0,770.0,15.0,90.0,RUNNING
2024-01-15 07:00:00,ZONE_M01,20.0,60.0,-13.3,851.0,770.0,15.0,90.0,RUNNING
2024-01-15 07:00:00,ZONE_M02,19.8,51.8,-15.7,667.0,770.0,15.0,90.0,RUNNING
2024-01-15 07:00:00,ZONE_M03,19.2,60.0,-15.1,862.0,770.0,15.0,90.0,RUNNING
2024-01-15 07:00:00,ZONE_B01,19.4,60.0,-15.6,804.0,770.0,15.0,90.0,RUNNING
2024-01-15 07:00:00,ZONE_B02,20.1,60.0,-11.6,831.0,770.0,15.0,90.0,RUNNING
2024-01-15 08:00:00,ZONE_M01,19.5,53.9,-13.4,705.0,770.0,15.0,90.0,RUNNING
2024-01-15 08:00:00,ZONE_M02,21.1,55.7,-13.6,664.0,770.0,15.0,90.0,RUNNING
2024-01-15 08:00:00,ZONE_M03,21.3,52.7,-13.5,695.0,770.0,15.0,90.0,RUNNING
2024-01-15 08:00:00,ZONE_B01,19.8,60.0,-14.9,749.0,770.0,15.0,90.0,RUNNING
2024-01-15 08:00:00,ZONE_B02,20.8,60.0,-14.0,780.0,770.0,15.0,90.0,RUNNING
2024-01-15 09:00:00,ZONE_M01,20.2,58.3,-10.4,772.0,770.0,15.0,90.0,RUNNING
2024-01-15 09:00:00,ZONE_M02,20.5,50.1,-10.3,576.0,770.0,15.0,90.0,RUNNING
2024-01-15 09:00:00,ZONE_M03,20.2,44.6,-16.5,548.0,770.0,15.0,90.0,RUNNING
2024-01-15 09:00:00,ZONE_B01,20.6,60.0,-12.4,871.0,770.0,15.0,90.0,RUNNING
2024-01-15 09:00:00,ZONE_B02,19.5,53.9,-14.2,682.0,770.0,15.0,90.0,RUNNING
2024-01-15 10:00:00,ZONE_M01,20.1,53.0,-16.5,603.0,770.0,15.0,90.0,RUNNING
2024-01-15 10:00:00,ZONE_M02,19.8,58.3,-10.9,752.0,770.0,15.0,90.0,RUNNING
2024-01-15 10:00:00,ZONE_M03,19.3,60.0,-14.2,839.0,770.0,15.0,90.0,RUNNING
2024-01-15 10:00:00,ZONE_B01,20.0,55.7,-14.2,711.0,770.0,15.0,90.0,RUNNING
2024-01-15 10:00:00,ZONE_B02,20.9,60.0,-11.6,870.0,770.0,15.0,90.0,RUNNING
2024-01-15 11:00:00,ZONE_M01,20.3,52.5,-10.8,597.0,770.0,15.0,90.0,RUNNING
2024-01-15 11:00:00,ZONE_M02,20.1,59.5,-15.6,732.0,770.0,15.0,90.0,RUNNING
2024-01-15 11:00:00,ZONE_M03,20.3,50.6,-14.5,639.0,770.0,15.0,90.0,RUNNING
2024-01-15 11:00:00,ZONE_B01,20.5,46.8,-14.2,568.0,770.0,15.0,90.0,RUNNING
2024-01-15 11:00:00,ZONE_B02,19.2,57.8,-12.3,732.0,770.0,15.0,90.0,RUNNING
2024-01-15 12:00:00,ZONE_M01,20.8,60.0,-13.5,771.0,770.0,15.0,90.0,RUNNING
2024-01-15 12:00:00,ZONE_M02,20.3,56.4,-15.6,686.0,770.0,15.0,90.0,RUNNING
2024-01-15 12:00:00,ZONE_M03,20.4,60.0,-10.7,813.0,770.0,15.0,90.0,RUNNING
2024-01-15 12:00:00,ZONE_B01,19.6,58.9,-15.7,756.0,770.0,15.0,90.0,RUNNING
2024-01-15 12:00:00,ZONE_B02,20.7,57.5,-13.6,687.0,770.0,15.0,90.0,RUNNING
2024-01-15 13:00:00,ZONE_M01,19.2,60.0,-12.1,895.0,770.0,15.0,90.0,RUNNING
2024-01-15 13:00:00,ZONE_M02,20.1,55.6,-10.3,733.0,770.0,15.0,90.0,RUNNING
2024-01-15 13:00:00,ZONE_M03,20.7,60.0,-12.9,866.0,770.0,15.0,90.0,RUNNING
2024-01-15 13:00:00,ZONE_B01,20.7,56.8,-14.3,749.0,770.0,15.0,90.0,RUNNING
2024-01-15 13:00:00,ZONE_B02,20.3,58.0,-10.5,772.0,770.0,15.0,90.0,RUNNING
2024-01-15 14:00:00,ZONE_M01,19.3,60.0,-12.3,823.0,770.0,15.0,90.0,RUNNING
2024-01-15 14:00:00,ZONE_M02,20.5,56.2,-13.9,620.0,770.0,15.0,90.0,RUNNING
2024-01-15 14:00:00,ZONE_M03,19.6,60.0,-18.3,931.0,770.0,15.0,90.0,RUNNING
2024-01-15 14:00:00,ZONE_B01,20.3,60.0,-11.4,771.0,770.0,15.0,90.0,RUNNING
2024-01-15 14:00:00,ZONE_B02,20.4,60.0,-15.3,814.0,770.0,15.0,90.0,RUNNING
2024-01-15 15:00:00,ZONE_M01,20.4,56.2,-14.4,676.0,770.0,15.0,90.0,RUNNING
2024-01-15 15:00:00,ZONE_M02,19.8,52.1,-14.9,696.0,770.0,15.0,90.0,RUNNING
2024-01-15 15:00:00,ZONE_M03,20.3,55.9,-17.2,685.0,770.0,15.0,90.0,RUNNING
2024-01-15 15:00:00,ZONE_B01,19.6,60.0,-13.9,820.0,770.0,15.0,90.0,RUNNING
2024-01-15 15:00:00,ZONE_B02,20.1,59.0,-12.4,780.0,770.0,15.0,90.0,RUNNING
2024-01-15 16:00:00,ZONE_M01,19.6,55.9,-16.4,759.0,770.0,15.0,90.0,RUNNING
2024-01-15 16:00:00,ZONE_M02,20.1,60.0,-15.6,866.0,770.0,15.0,90.0,RUNNING
2024-01-15 16:00:00,ZONE_M03,20.3,60.0,-11.8,798.0,770.0,15.0,90.0,RUNNING
2024-01-15 16:00:00,ZONE_B01,20.6,60.0,-12.1,837.0,770.0,15.0,90.0,RUNNING
2024-01-15 16:00:00,ZONE_B02,19.8,55.3,-15.5,694.0,770.0,15.0,90.0,RUNNING
2024-01-15 17:00:00,ZONE_M01,19.7,58.0,-16.3,779.0,770.0,15.0,90.0,RUNNING
2024-01-15 17:00:00,ZONE_M02,20.3,55.0,-13.1,690.0,770.0,15.0,90.0,RUNNING
2024-01-15 17:00:00,ZONE_M03,20.0,55.3,-16.7,803.0,770.0,15.0,90.0,RUNNING
2024-01-15 17:00:00,ZONE_B01,19.9,60.0,-13.9,815.0,770.0,15.0,90.0,RUNNING
2024-01-15 17:00:00,ZONE_B02,19.8,59.4,-11.9,791.0,770.0,15.0,90.0,RUNNING
2024-01-15 18:00:00,ZONE_M01,20.3,60.0,-13.0,783.0,770.0,15.0,90.0,RUNNING
2024-01-15 18:00:00,ZONE_M02,19.9,60.0,-10.3,826.0,770.0,15.0,90.0,RUNNING
2024-01-15 18:00:00,ZONE_M03,20.9,46.3,-12.3,609.0,770.0,15.0,90.0,RUNNING
2024-01-15 18:00:00,ZONE_B01,19.6,58.5,-14.5,753.0,770.0,15.0,90.0,RUNNING
2024-01-15 18:00:00,ZONE_B02,21.1,59.8,-15.6,790.0,770.0,15.0,90.0,RUNNING
2024-01-15 19:00:00,ZONE_M01,19.7,60.0,-16.2,871.0,770.0,15.0,90.0,RUNNING
2024-01-15 19:00:00,ZONE_M02,20.1,55.3,-12.8,759.0,770.0,15.0,90.0,RUNNING
2024-01-15 19:00:00,ZONE_M03,19.8,60.0,-12.0,814.0,770.0,15.0,90.0,RUNNING
2024-01-15 19:00:00,ZONE_B01,20.0,54.3,-14.1,630.0,770.0,15.0,90.0,RUNNING
2024-01-15 19:00:00,ZONE_B02,19.5,50.1,-13.8,719.0,770.0,15.0,90.0,RUNNING
2024-01-15 20:00:00,ZONE_M01,20.2,60.0,-15.6,722.0,770.0,15.0,90.0,RUNNING
2024-01-15 20:00:00,ZONE_M02,21.0,49.6,-9.1,558.0,770.0,15.0,90.0,RUNNING
2024-01-15 20:00:00,ZONE_M03,19.8,60.0,-14.3,815.0,770.0,15.0,90.0,RUNNING
2024-01-15 20:00:00,ZONE_B01,19.4,53.8,-13.4,690.0,770.0,15.0,90.0,RUNNING
2024-01-15 20:00:00,ZONE_B02,19.6,58.7,-14.4,778.0,770.0,15.0,90.0,RUNNING
2024-01-15 21:00:00,ZONE_M01,20.3,60.0,-15.0,821.0,770.0,15.0,90.0,RUNNING
2024-01-15 21:00:00,ZONE_M02,19.3,55.5,-12.3,739.0,770.0,15.0,90.0,RUNNING
2024-01-15 21:00:00,ZONE_M03,20.2,57.5,-9.8,769.0,770.0,15.0,90.0,RUNNING
2024-01-15 21:00:00,ZONE_B01,19.7,55.4,-12.2,698.0,770.0,15.0,90.0,RUNNING
2024-01-15 21:00:00,ZONE_B02,20.8,60.0,-13.2,911.0,770.0,15.0,90.0,RUNNING
2024-01-15 22:00:00,ZONE_M01,20.2,56.4,-14.8,811.0,770.0,15.0,90.0,RUNNING
2024-01-15 22:00:00,ZONE_M02,19.7,55.1,-12.1,675.0,770.0,15.0,90.0,RUNNING
2024-01-15 22:00:00,ZONE_M03,19.2,53.2,-15.3,638.0,770.0,15.0,90.0,RUNNING
2024-01-15 22:00:00,ZONE_B01,19.1,60.0,-12.6,761.0,770.0,15.0,90.0,RUNNING
2024-01-15 22:00:00,ZONE_B02,19.4,42.2,-17.6,560.0,770.0,15.0,90.0,RUNNING
2024-01-15 23:00:00,ZONE_M01,16.3,31.6,-15.1,441.0,770.0,15.0,90.0,RUNNING
2024-01-15 23:00:00,ZONE_M02,16.5,34.0,-14.0,440.0,770.0,15.0,90.0,RUNNING
2024-01-15 23:00:00,ZONE_M03,16.6,38.8,-13.0,467.0,770.0,15.0,90.0,RUNNING
2024-01-15 23:00:00,ZONE_B01,16.0,40.6,-12.3,501.0,770.0,15.0,90.0,RUNNING
2024-01-15 23:00:00,ZONE_B02,16.6,43.2,-12.7,449.0,770.0,15.0,90.0,RUNNING
2024-01-16 00:00:00,ZONE_M01,15.9,43.0,-12.9,483.0,770.0,15.0,90.0,RUNNING
2024-01-16 00:00:00,ZONE_M02,15.9,36.4,-13.0,412.0,770.0,15.0,90.0,RUNNING
2024-01-16 00:00:00,ZONE_M03,16.5,35.3,-10.8,448.0,770.0,15.0,90.0,RUNNING
2024-01-16 00:00:00,ZONE_B01,15.7,40.6,-16.2,439.0,770.0,15.0,90.0,RUNNING
2024-01-16 00:00:00,ZONE_B02,16.9,39.3,-13.6,479.0,770.0,15.0,90.0,RUNNING
2024-01-16 01:00:00,ZONE_M01,16.0,45.9,-15.3,544.0,770.0,15.0,90.0,RUNNING
2024-01-16 01:00:00,ZONE_M02,16.0,40.9,-13.1,493.0,770.0,15.0,90.0,RUNNING
2024-01-16 01:00:00,ZONE_M03,15.9,37.9,-16.1,505.0,770.0,15.0,90.0,RUNNING
2024-01-16 01:00:00,ZONE_B01,15.6,38.6,-13.6,486.0,770.0,15.0,90.0,RUNNING
2024-01-16 01:00:00,ZONE_B02,15.4,42.2,-16.1,401.0,770.0,15.0,90.0,RUNNING
2024-01-16 02:00:00,ZONE_M01,16.5,47.0,-12.6,505.0,770.0,15.0,90.0,RUNNING
2024-01-16 02:00:00,ZONE_M02,16.1,42.0,-14.0,478.0,770.0,15.0,90.0,RUNNING
2024-01-16 02:00:00,ZONE_M03,16.0,47.7,-17.5,538.0,770.0,15.0,90.0,RUNNING
2024-01-16 02:00:00,ZONE_B01,16.5,39.1,-10.0,468.0,770.0,15.0,90.0,RUNNING
2024-01-16 02:00:00,ZONE_B02,14.9,39.7,-17.2,491.0,770.0,15.0,90.0,RUNNING
2024-01-16 03:00:00,ZONE_M01,16.2,37.8,-12.3,493.0,770.0,15.0,90.0,RUNNING
2024-01-16 03:00:00,ZONE_M02,15.5,39.6,-12.6,416.0,770.0,15.0,90.0,RUNNING
2024-01-16 03:00:00,ZONE_M03,17.0,43.2,-16.1,480.0,770.0,15.0,90.0,RUNNING
2024-01-16 03:00:00,ZONE_B01,16.3,36.3,-19.0,478.0,770.0,15.0,90.0,RUNNING
2024-01-16 03:00:00,ZONE_B02,15.1,50.5,-15.1,586.0,770.0,15.0,90.0,RUNNING
2024-01-16 04:00:00,ZONE_M01,16.2,39.7,-11.5,430.0,770.0,15.0,90.0,RUNNING
2024-01-16 04:00:00,ZONE_M02,15.3,41.3,-16.0,491.0,770.0,15.0,90.0,RUNNING
2024-01-16 04:00:00,ZONE_M03,16.0,43.9,-12.4,428.0,770.0,15.0,90.0,RUNNING
2024-01-16 04:00:00,ZONE_B01,15.4,41.0,-12.7,536.0,770.0,15.0,90.0,RUNNING
2024-01-16 04:00:00,ZONE_B02,16.3,41.2,-13.6,523.0,770.0,15.0,90.0,RUNNING
2024-01-16 05:00:00,ZONE_M01,16.8,40.1,-13.2,500.0,770.0,15.0,90.0,RUNNING
2024-01-16 05:00:00,ZONE_M02,15.8,41.5,-14.3,528.0,770.0,15.0,90.0,RUNNING
2024-01-16 05:00:00,ZONE_M03,15.7,39.0,-13.1,524.0,770.0,15.0,90.0,RUNNING
2024-01-16 05:00:00,ZONE_B01,15.4,34.4,-12.3,453.0,770.0,15.0,90.0,RUNNING
2024-01-16 05:00:00,ZONE_B02,16.2,43.0,-13.9,480.0,770.0,15.0,90.0,RUNNING
2024-01-16 06:00:00,ZONE_M01,19.8,48.8,-12.6,557.0,770.0,15.0,90.0,RUNNING
2024-01-16 06:00:00,ZONE_M02,19.9,59.6,-11.6,684.0,770.0,15.0,90.0,RUNNING
2024-01-16 06:00:00,ZONE_M03,20.5,58.3,-14.5,579.0,770.0,15.0,90.0,RUNNING
2024-01-16 06:00:00,ZONE_B01,19.6,60.0,-18.6,845.0,770.0,15.0,90.0,RUNNING
2024-01-16 06:00:00,ZONE_B02,19.0,59.7,-15.2,695.0,770.0,15.0,90.0,RUNNING
2024-01-16 07:00:00,ZONE_M01,18.9,49.6,-16.2,693.0,770.0,15.0,90.0,RUNNING
2024-01-16 07:00:00,ZONE_M02,20.4,60.0,-14.4,833.0,770.0,15.0,90.0,RUNNING
2024-01-16 07:00:00,ZONE_M03,20.4,44.3,-14.7,630.0,770.0,15.0,90.0,RUNNING
2024-01-16 07:00:00,ZONE_B01,20.1,59.1,-16.3,861.0,770.0,15.0,90.0,RUNNING
2024-01-16 07:00:00,ZONE_B02,19.7,54.9,-14.0,688.0,770.0,15.0,90.0,RUNNING
2024-01-16 08:00:00,ZONE_M01,19.6,60.0,-14.8,832.0,770.0,15.0,90.0,RUNNING
2024-01-16 08:00:00,ZONE_M02,20.7,60.0,-16.9,827.0,770.0,15.0,90.0,RUNNING
2024-01-16 08:00:00,ZONE_M03,20.2,58.1,-11.7,751.0,770.0,15.0,90.0,RUNNING
2024-01-16 08:00:00,ZONE_B01,19.8,60.0,-15.6,753.0,770.0,15.0,90.0,RUNNING
2024-01-16 08:00:00,ZONE_B02,20.3,57.4,-14.5,634.0,770.0,15.0,90.0,RUNNING
2024-01-16 09:00:00,ZONE_M01,21.3,54.3,-15.6,678.0,770.0,15.0,90.0,RUNNING
2024-01-16 09:00:00,ZONE_M02,19.5,56.8,-14.3,726.0,770.0,15.0,90.0,RUNNING
2024-01-16 09:00:00,ZONE_M03,18.5,53.6,-14.7,685.0,770.0,15.0,90.0,RUNNING
2024-01-16 09:00:00,ZONE_B01,19.8,57.5,-15.3,742.0,770.0,15.0,90.0,RUNNING
2024-01-16 09:00:00,ZONE_B02,19.6,55.5,-17.4,764.0,770.0,15.0,90.0,RUNNING
2024-01-16 10:00:00,ZONE_M01,19.9,60.0,-15.1,780.0,770.0,15.0,90.0,RUNNING
2024-01-16 10:00:00,ZONE_M02,19.8,58.6,-13.2,734.0,770.0,15.0,90.0,RUNNING
2024-01-16 10:00:00,ZONE_M03,20.5,59.2,-16.8,754.0,770.0,15.0,90.0,RUNNING
2024-01-16 10:00:00,ZONE_B01,20.2,55.4,-16.6,762.0,770.0,15.0,90.0,RUNNING
2024-01-16 10:00:00,ZONE_B02,20.0,44.3,-12.0,644.0,770.0,15.0,90.0,RUNNING
2024-01-16 11:00:00,ZONE_M01,20.4,57.1,-11.6,661.0,770.0,15.0,90.0,RUNNING
2024-01-16 11:00:00,ZONE_M02,20.0,60.0,-15.8,871.0,770.0,15.0,90.0,RUNNING
2024-01-16 11:00:00,ZONE_M03,19.5,60.0,-13.1,869.0,770.0,15.0,90.0,RUNNING
2024-01-16 11:00:00,ZONE_B01,19.7,50.9,-16.2,726.0,770.0,15.0,90.0,RUNNING
2024-01-16 11:00:00,ZONE_B02,19.9,58.3,-12.8,731.0,770.0,15.0,90.0,RUNNING
2024-01-16 12:00:00,ZONE_M01,19.6,58.5,-13.0,728.0,770.0,15.0,90.0,RUNNING
2024-01-16 12:00:00,ZONE_M02,19.5,60.0,-12.1,818.0,770.0,15.0,90.0,RUNNING
2024-01-16 12:00:00,ZONE_M03,19.9,57.8,-16.4,657.0,770.0,15.0,90.0,RUNNING
2024-01-16 12:00:00,ZONE_B01,20.8,56.0,-17.1,654.0,770.0,15.0,90.0,RUNNING
2024-01-16 12:00:00,ZONE_B02,20.1,60.0,-15.5,808.0,770.0,15.0,90.0,RUNNING
2024-01-16 13:00:00,ZONE_M01,20.9,60.0,-15.0,748.0,770.0,15.0,90.0,RUNNING
2024-01-16 13:00:00,ZONE_M02,20.8,60.0,-14.2,943.0,770.0,15.0,90.0,RUNNING
2024-01-16 13:00:00,ZONE_M03,19.4,60.0,-10.9,872.0,770.0,15.0,90.0,RUNNING
2024-01-16 13:00:00,ZONE_B01,20.4,56.3,-12.4,681.0,770.0,15.0,90.0,RUNNING
2024-01-16 13:00:00,ZONE_B02,19.4,57.0,-10.7,734.0,770.0,15.0,90.0,RUNNING
2024-01-16 14:00:00,ZONE_M01,19.8,58.2,-12.7,725.0,770.0,15.0,90.0,RUNNING
2024-01-16 14:00:00,ZONE_M02,19.9,46.7,-19.2,589.0,770.0,15.0,90.0,RUNNING
2024-01-16 14:00:00,ZONE_M03,19.9,55.9,-17.5,729.0,770.0,15.0,90.0,RUNNING
2024-01-16 14:00:00,ZONE_B01,20.5,52.9,-13.6,590.0,770.0,15.0,90.0,RUNNING
2024-01-16 14:00:00,ZONE_B02,20.7,60.0,-13.2,1009.0,770.0,15.0,90.0,RUNNING
2024-01-16 15:00:00,ZONE_M01,21.4,60.0,-14.3,818.0,770.0,15.0,90.0,RUNNING
2024-01-16 15:00:00,ZONE_M02,19.3,46.4,-13.8,670.0,770.0,15.0,90.0,RUNNING
2024-01-16 15:00:00,ZONE_M03,19.9,52.6,-13.2,624.0,770.0,15.0,90.0,RUNNING
2024-01-16 15:00:00,ZONE_B01,18.8,53.8,-14.1,786.0,770.0,15.0,90.0,RUNNING
2024-01-16 15:00:00,ZONE_B02,19.9,52.7,-14.7,738.0,770.0,15.0,90.0,RUNNING
2024-01-16 16:00:00,ZONE_M01,20.2,46.4,-13.2,579.0,770.0,15.0,90.0,RUNNING
2024-01-16 16:00:00,ZONE_M02,20.2,59.9,-13.1,797.0,770.0,15.0,90.0,RUNNING
2024-01-16 16:00:00,ZONE_M03,19.6,60.0,-13.8,822.0,770.0,15.0,90.0,RUNNING
2024-01-16 16:00:00,ZONE_B01,20.3,60.0,-14.5,906.0,770.0,15.0,90.0,RUNNING
2024-01-16 16:00:00,ZONE_B02,20.2,60.0,-15.5,765.0,770.0,15.0,90.0,RUNNING
2024-01-16 17:00:00,ZONE_M01,20.3,55.1,-14.3,712.0,770.0,15.0,90.0,RUNNING
2024-01-16 17:00:00,ZONE_M02,21.1,56.4,-14.7,784.0,770.0,15.0,90.0,RUNNING
2024-01-16 17:00:00,ZONE_M03,20.1,60.0,-13.3,857.0,770.0,15.0,90.0,RUNNING
2024-01-16 17:00:00,ZONE_B01,20.5,53.8,-13.9,689.0,770.0,15.0,90.0,RUNNING
2024-01-16 17:00:00,ZONE_B02,20.0,59.8,-14.0,762.0,770.0,15.0,90.0,RUNNING
2024-01-16 18:00:00,ZONE_M01,19.4,58.0,-17.4,717.0,770.0,15.0,90.0,RUNNING
2024-01-16 18:00:00,ZONE_M02,20.0,60.0,-14.4,826.0,770.0,15.0,90.0,RUNNING
2024-01-16 18:00:00,ZONE_M03,20.8,57.0,-15.3,691.0,770.0,15.0,90.0,RUNNING
2024-01-16 18:00:00,ZONE_B01,20.1,60.0,-14.8,817.0,770.0,15.0,90.0,RUNNING
2024-01-16 18:00:00,ZONE_B02,20.1,60.0,-15.5,825.0,770.0,15.0,90.0,RUNNING
2024-01-16 19:00:00,ZONE_M01,20.2,60.0,-13.7,757.0,770.0,15.0,90.0,RUNNING
2024-01-16 19:00:00,ZONE_M02,20.2,60.0,-15.1,876.0,770.0,15.0,90.0,RUNNING
2024-01-16 19:00:00,ZONE_M03,20.1,60.0,-10.3,887.0,770.0,15.0,90.0,RUNNING
2024-01-16 19:00:00,ZONE_B01,19.8,58.4,-12.7,753.0,770.0,15.0,90.0,RUNNING
2024-01-16 19:00:00,ZONE_B02,19.9,59.1,-15.3,775.0,770.0,15.0,90.0,RUNNING
2024-01-16 20:00:00,ZONE_M01,20.0,48.1,-17.4,604.0,770.0,15.0,90.0,RUNNING
2024-01-16 20:00:00,ZONE_M02,20.5,57.9,-11.2,680.0,770.0,15.0,90.0,RUNNING
2024-01-16 20:00:00,ZONE_M03,20.5,60.0,-15.2,800.0,770.0,15.0,90.0,RUNNING
2024-01-16 20:00:00,ZONE_B01,20.6,60.0,-19.2,794.0,770.0,15.0,90.0,RUNNING
2024-01-16 20:00:00,ZONE_B02,20.2,60.0,-13.9,742.0,770.0,15.0,90.0,RUNNING
2024-01-16 21:00:00,ZONE_M01,19.5,52.7,-12.0,695.0,770.0,15.0,90.0,RUNNING
2024-01-16 21:00:00,ZONE_M02,20.0,60.0,-13.8,1022.0,770.0,15.0,90.0,RUNNING
2024-01-16 21:00:00,ZONE_M03,21.0,58.9,-16.9,839.0,770.0,15.0,90.0,RUNNING
2024-01-16 21:00:00,ZONE_B01,20.4,58.1,-14.6,751.0,770.0,15.0,90.0,RUNNING
2024-01-16 21:00:00,ZONE_B02,20.4,60.0,-15.7,920.0,770.0,15.0,90.0,RUNNING
2024-01-16 22:00:00,ZONE_M01,20.4,40.6,-11.6,580.0,770.0,15.0,90.0,RUNNING
2024-01-16 22:00:00,ZONE_M02,20.7,60.0,-14.5,799.0,770.0,15.0,90.0,RUNNING
2024-01-16 22:00:00,ZONE_M03,19.7,56.5,-13.5,627.0,770.0,15.0,90.0,RUNNING
2024-01-16 22:00:00,ZONE_B01,19.6,51.3,-12.4,645.0,770.0,15.0,90.0,RUNNING
2024-01-16 22:00:00,ZONE_B02,20.7,42.5,-16.0,554.0,770.0,15.0,90.0,RUNNING
2024-01-16 23:00:00,ZONE_M01,15.7,41.0,-14.8,470.0,770.0,15.0,90.0,RUNNING
2024-01-16 23:00:00,ZONE_M02,15.8,37.6,-10.9,493.0,770.0,15.0,90.0,RUNNING
2024-01-16 23:00:00,ZONE_M03,15.8,45.4,-16.2,543.0,770.0,15.0,90.0,RUNNING
2024-01-16 23:00:00,ZONE_B01,16.3,34.5,-11.4,405.0,770.0,15.0,90.0,RUNNING
2024-01-16 23:00:00,ZONE_B02,16.1,46.2,-13.3,518.0,770.0,15.0,90.0,RUNNING
2024-01-17 00:00:00,ZONE_M01,15.7,44.1,-15.8,499.0,770.0,15.0,90.0,RUNNING
2024-01-17 00:00:00,ZONE_M02,16.9,35.3,-14.1,471.0,770.0,15.0,90.0,RUNNING
2024-01-17 00:00:00,ZONE_M03,16.6,41.0,-18.4,440.0,770.0,15.0,90.0,RUNNING
2024-01-17 00:00:00,ZONE_B01,15.4,39.5,-14.0,417.0,770.0,15.0,90.0,RUNNING
2024-01-17 00:00:00,ZONE_B02,15.6,44.0,-15.3,565.0,770.0,15.0,90.0,RUNNING
2024-01-17 01:00:00,ZONE_M01,15.4,37.6,-13.8,400.0,770.0,15.0,90.0,RUNNING
2024-01-17 01:00:00,ZONE_M02,15.9,44.2,-11.2,498.0,770.0,15.0,90.0,RUNNING
2024-01-17 01:00:00,ZONE_M03,16.2,37.7,-13.1,422.0,770.0,15.0,90.0,RUNNING
2024-01-17 01:00:00,ZONE_B01,15.2,44.2,-16.8,488.0,770.0,15.0,90.0,RUNNING
2024-01-17 01:00:00,ZONE_B02,15.6,36.4,-14.5,428.0,770.0,15.0,90.0,RUNNING
2024-01-17 02:00:00,ZONE_M01,16.0,33.4,-13.9,430.0,770.0,15.0,90.0,RUNNING
2024-01-17 02:00:00,ZONE_M02,17.2,35.2,-14.0,455.0,770.0,15.0,90.0,RUNNING
2024-01-17 02:00:00,ZONE_M03,15.5,41.7,-16.5,489.0,770.0,15.0,90.0,RUNNING
2024-01-17 02:00:00,ZONE_B01,16.6,43.5,-11.2,522.0,770.0,15.0,90.0,RUNNING
2024-01-17 02:00:00,ZONE_B02,16.4,41.6,-14.2,438.0,770.0,15.0,90.0,RUNNING
2024-01-17 03:00:00,ZONE_M01,15.6,38.1,-17.4,461.0,770.0,15.0,90.0,RUNNING
2024-01-17 03:00:00,ZONE_M02,15.4,33.5,-11.8,408.0,770.0,15.0,90.0,RUNNING
2024-01-17 03:00:00,ZONE_M03,16.0,38.4,-14.4,501.0,770.0,15.0,90.0,RUNNING
2024-01-17 03:00:00,ZONE_B01,16.5,40.0,-11.1,475.0,770.0,15.0,90.0,RUNNING
2024-01-17 03:00:00,ZONE_B02,15.9,40.1,-11.1,518.0,770.0,15.0,90.0,RUNNING
2024-01-17 04:00:00,ZONE_M01,16.3,41.2,-17.4,417.0,770.0,15.0,90.0,RUNNING
2024-01-17 04:00:00,ZONE_M02,16.6,39.1,-14.3,463.0,770.0,15.0,90.0,RUNNING
2024-01-17 04:00:00,ZONE_M03,16.6,44.9,-15.7,475.0,770.0,15.0,90.0,RUNNING
2024-01-17 04:00:00,ZONE_B01,16.1,38.6,-14.5,446.0,770.0,15.0,90.0,RUNNING
2024-01-17 04:00:00,ZONE_B02,16.7,48.5,-15.7,550.0,770.0,15.0,90.0,RUNNING
2024-01-17 05:00:00,ZONE_M01,15.9,39.4,-13.9,501.0,770.0,15.0,90.0,RUNNING
2024-01-17 05:00:00,ZONE_M02,17.1,46.4,-13.4,529.0,770.0,15.0,90.0,RUNNING
2024-01-17 05:00:00,ZONE_M03,16.4,50.4,-11.1,476.0,770.0,15.0,90.0,RUNNING
2024-01-17 05:00:00,ZONE_B01,16.3,39.4,-15.5,421.0,770.0,15.0,90.0,RUNNING
2024-01-17 05:00:00,ZONE_B02,16.5,39.4,-13.3,490.0,770.0,15.0,90.0,RUNNING
2024-01-17 06:00:00,ZONE_M01,19.7,57.9,-13.6,690.0,770.0,15.0,90.0,RUNNING
2024-01-17 06:00:00,ZONE_M02,20.2,47.4,-13.5,569.0,770.0,15.0,90.0,RUNNING
2024-01-17 06:00:00,ZONE_M03,19.7,57.8,-11.4,746.0,770.0,15.0,90.0,RUNNING
2024-01-17 06:00:00,ZONE_B01,19.5,54.4,-15.1,698.0,770.0,15.0,90.0,RUNNING
2024-01-17 06:00:00,ZONE_B02,19.7,60.0,-16.0,912.0,770.0,15.0,90.0,RUNNING
2024-01-17 07:00:00,ZONE_M01,20.0,53.1,-14.6,615.0,770.0,15.0,90.0,RUNNING
2024-01-17 07:00:00,ZONE_M02,20.1,54.7,-15.3,701.0,770.0,15.0,90.0,RUNNING
2024-01-17 07:00:00,ZONE_M03,20.5,53.1,-15.5,757.0,770.0,15.0,90.0,RUNNING
2024-01-17 07:00:00,ZONE_B01,18.9,60.0,-11.0,991.0,770.0,15.0,90.0,RUNNING
2024-01-17 07:00:00,ZONE_B02,19.8,60.0,-15.6,821.0,770.0,15.0,90.0,RUNNING
2024-01-17 08:00:00,ZONE_M01,21.0,52.8,-13.2,732.0,770.0,15.0,90.0,RUNNING
2024-01-17 08:00:00,ZONE_M02,19.7,50.2,-16.0,631.0,770.0,15.0,90.0,RUNNING
2024-01-17 08:00:00,ZONE_M03,20.6,50.9,-13.9,546.0,770.0,15.0,90.0,RUNNING
2024-01-17 08:00:00,ZONE_B01,19.0,56.3,-12.8,732.0,770.0,15.0,90.0,RUNNING
2024-01-17 08:00:00,ZONE_B02,19.6,60.0,-15.0,945.0,770.0,15.0,90.0,RUNNING
2024-01-17 09:00:00,ZONE_M01,20.5,60.0,-15.2,789.0,770.0,15.0,90.0,RUNNING
2024-01-17 09:00:00,ZONE_M02,19.5,57.9,-15.3,749.0,770.0,15.0,90.0,RUNNING
2024-01-17 09:00:00,ZONE_M03,20.3,55.2,-13.7,679.0,770.0,15.0,90.0,RUNNING
2024-01-17 09:00:00,ZONE_B01,20.9,58.0,-12.7,731.0,770.0,15.0,90.0,RUNNING
2024-01-17 09:00:00,ZONE_B02,20.5,60.0,-16.4,922.0,770.0,15.0,90.0,RUNNING
2024-01-17 10:00:00,ZONE_M01,20.3,51.2,-15.4,619.0,770.0,15.0,90.0,RUNNING
2024-01-17 10:00:00,ZONE_M02,20.1,51.8,-16.2,673.0,770.0,15.0,90.0,RUNNING
2024-01-17 10:00:00,ZONE_M03,20.3,60.0,-9.3,883.0,770.0,15.0,90.0,RUNNING
2024-01-17 10:00:00,ZONE_B01,20.2,50.3,-13.1,646.0,770.0,15.0,90.0,RUNNING
2024-01-17 10:00:00,ZONE_B02,19.4,49.9,-13.4,640.0,770.0,15.0,90.0,RUNNING
2024-01-17 11:00:00,ZONE_M01,20.6,60.0,-15.7,999.0,770.0,15.0,90.0,RUNNING
2024-01-17 11:00:00,ZONE_M02,19.5,60.0,-14.6,758.0,770.0,15.0,90.0,RUNNING
2024-01-17 11:00:00,ZONE_M03,19.9,57.6,-15.3,685.0,770.0,15.0,90.0,RUNNING
2024-01-17 11:00:00,ZONE_B01,19.6,59.1,-15.4,706.0,770.0,15.0,90.0,RUNNING
2024-01-17 11:00:00,ZONE_B02,19.7,60.0,-12.4,858.0,770.0,15.0,90.0,RUNNING
2024-01-17 12:00:00,ZONE_M01,20.1,53.1,-16.8,715.0,770.0,15.0,90.0,RUNNING
2024-01-17 12:00:00,ZONE_M02,20.9,48.6,-14.3,656.0,770.0,15.0,90.0,RUNNING
2024-01-17 12:00:00,ZONE_M03,20.4,58.9,-14.3,726.0,770.0,15.0,90.0,RUNNING
2024-01-17 12:00:00,ZONE_B01,19.0,60.0,-11.3,898.0,770.0,15.0,90.0,RUNNING
2024-01-17 12:00:00,ZONE_B02,19.9,59.3,-12.8,733.0,770.0,15.0,90.0,RUNNING
2024-01-17 13:00:00,ZONE_M01,20.0,60.0,-15.8,872.0,770.0,15.0,90.0,RUNNING
2024-01-17 13:00:00,ZONE_M02,19.4,55.8,-14.8,652.0,770.0,15.0,90.0,RUNNING
2024-01-17 13:00:00,ZONE_M03,20.3,60.0,-9.7,871.0,770.0,15.0,90.0,RUNNING
2024-01-17 13:00:00,ZONE_B01,20.2,49.5,-14.7,679.0,770.0,15.0,90.0,RUNNING
2024-01-17 13:00:00,ZONE_B02,19.4,60.0,-16.2,931.0,770.0,15.0,90.0,RUNNING
2024-01-17 14:00:00,ZONE_M01,19.9,55.0,-12.4,720.0,770.0,15.0,90.0,RUNNING
2024-01-17 14:00:00,ZONE_M02,20.6,60.0,-12.2,867.0,770.0,15.0,90.0,RUNNING
2024-01-17 14:00:00,ZONE_M03,19.4,44.6,-12.9,565.0,770.0,15.0,90.0,RUNNING
2024-01-17 14:00:00,ZONE_B01,19.9,60.0,-9.0,928.0,770.0,15.0,90.0,RUNNING
2024-01-17 14:00:00,ZONE_B02,20.3,60.0,-13.1,799.0,770.0,15.0,90.0,RUNNING
2024-01-17 15:00:00,ZONE_M01,18.9,60.0,-13.8,870.0,770.0,15.0,90.0,RUNNING
2024-01-17 15:00:00,ZONE_M02,20.8,52.2,-12.2,624.0,770.0,15.0,90.0,RUNNING
2024-01-17 15:00:00,ZONE_M03,20.0,60.0,-14.2,800.0,770.0,15.0,90.0,RUNNING
2024-01-17 15:00:00,ZONE_B01,19.8,60.0,-19.2,797.0,770.0,15.0,90.0,RUNNING
2024-01-17 15:00:00,ZONE_B02,20.1,52.0,-16.1,687.0,770.0,15.0,90.0,RUNNING
2024-01-17 16:00:00,ZONE_M01,20.5,60.0,-11.2,832.0,770.0,15.0,90.0,RUNNING
2024-01-17 16:00:00,ZONE_M02,19.3,54.5,-10.4,724.0,770.0,15.0,90.0,RUNNING
2024-01-17 16:00:00,ZONE_M03,19.4,52.5,-17.3,717.0,770.0,15.0,90.0,RUNNING
2024-01-17 16:00:00,ZONE_B01,20.1,55.1,-13.2,734.0,770.0,15.0,90.0,RUNNING
2024-01-17 16:00:00,ZONE_B02,19.7,57.8,-18.6,741.0,770.0,15.0,90.0,RUNNING
2024-01-17 17:00:00,ZONE_M01,20.6,56.5,-14.0,732.0,770.0,15.0,90.0,RUNNING
2024-01-17 17:00:00,ZONE_M02,19.5,60.0,-14.3,809.0,770.0,15.0,90.0,RUNNING
2024-01-17 17:00:00,ZONE_M03,20.6,60.0,-14.1,864.0,770.0,15.0,90.0,RUNNING
2024-01-17 17:00:00,ZONE_B01,21.1,60.0,-13.2,829.0,770.0,15.0,90.0,RUNNING
2024-01-17 17:00:00,ZONE_B02,20.4,58.2,-16.2,655.0,770.0,15.0,90.0,RUNNING
2024-01-17 18:00:00,ZONE_M01,19.9,60.0,-15.7,818.0,770.0,15.0,90.0,RUNNING
2024-01-17 18:00:00,ZONE_M02,19.9,42.8,-13.6,608.0,770.0,15.0,90.0,RUNNING
2024-01-17 18:00:00,ZONE_M03,20.5,60.0,-15.8,910.0,770.0,15.0,90.0,RUNNING
2024-01-17 18:00:00,ZONE_B01,20.1,41.9,-11.6,576.0,770.0,15.0,90.0,RUNNING
2024-01-17 18:00:00,ZONE_B02,20.3,60.0,-15.3,772.0,770.0,15.0,90.0,RUNNING
2024-01-17 19:00:00,ZONE_M01,20.1,55.1,-10.1,664.0,770.0,15.0,90.0,RUNNING
2024-01-17 19:00:00,ZONE_M02,18.5,55.4,-15.5,761.0,770.0,15.0,90.0,RUNNING
2024-01-17 19:00:00,ZONE_M03,21.0,55.6,-15.8,725.0,770.0,15.0,90.0,RUNNING
2024-01-17 19:00:00,ZONE_B01,19.8,60.0,-16.2,902.0,770.0,15.0,90.0,RUNNING
2024-01-17 19:00:00,ZONE_B02,19.5,60.0,-14.0,820.0,770.0,15.0,90.0,RUNNING
2024-01-17 20:00:00,ZONE_M01,21.0,60.0,-15.8,746.0,770.0,15.0,90.0,RUNNING
2024-01-17 20:00:00,ZONE_M02,19.5,60.0,-12.8,818.0,770.0,15.0,90.0,RUNNING
2024-01-17 20:00:00,ZONE_M03,19.3,59.4,-15.1,875.0,770.0,15.0,90.0,RUNNING
2024-01-17 20:00:00,ZONE_B01,19.8,60.0,-15.9,899.0,770.0,15.0,90.0,RUNNING
2024-01-17 20:00:00,ZONE_B02,20.5,56.1,-12.6,748.0,770.0,15.0,90.0,RUNNING
2024-01-17 21:00:00,ZONE_M01,20.1,56.9,-14.2,784.0,770.0,15.0,90.0,RUNNING
2024-01-17 21:00:00,ZONE_M02,19.4,60.0,-15.5,860.0,770.0,15.0,90.0,RUNNING
2024-01-17 21:00:00,ZONE_M03,20.1,60.0,-16.9,813.0,770.0,15.0,90.0,RUNNING
2024-01-17 21:00:00,ZONE_B01,19.3,60.0,-14.2,838.0,770.0,15.0,90.0,RUNNING
2024-01-17 21:00:00,ZONE_B02,19.6,60.0,-11.7,755.0,770.0,15.0,90.0,RUNNING
2024-01-17 22:00:00,ZONE_M01,19.6,60.0,-16.8,886.0,770.0,15.0,90.0,RUNNING
2024-01-17 22:00:00,ZONE_M02,20.3,55.5,-14.0,665.0,770.0,15.0,90.0,RUNNING
2024-01-17 22:00:00,ZONE_M03,20.4,43.3,-16.6,553.0,770.0,15.0,90.0,RUNNING
2024-01-17 22:00:00,ZONE_B01,21.0,60.0,-16.1,773.0,770.0,15.0,90.0,RUNNING
2024-01-17 22:00:00,ZONE_B02,19.5,49.4,-13.2,642.0,770.0,15.0,90.0,RUNNING
2024-01-17 23:00:00,ZONE_M01,15.7,45.8,-12.6,504.0,770.0,15.0,90.0,RUNNING
2024-01-17 23:00:00,ZONE_M02,16.6,38.6,-14.4,469.0,770.0,15.0,90.0,RUNNING
2024-01-17 23:00:00,ZONE_M03,16.3,45.1,-15.6,520.0,770.0,15.0,90.0,RUNNING
2024-01-17 23:00:00,ZONE_B01,15.8,40.2,-15.5,500.0,770.0,15.0,90.0,RUNNING
2024-01-17 23:00:00,ZONE_B02,15.9,44.2,-10.3,480.0,770.0,15.0,90.0,RUNNING
2024-01-18 00:00:00,ZONE_M01,16.2,46.6,-13.8,516.0,770.0,15.0,90.0,RUNNING
2024-01-18 00:00:00,ZONE_M02,15.9,40.9,-15.4,476.0,770.0,15.0,90.0,RUNNING
2024-01-18 00:00:00,ZONE_M03,16.4,40.9,-15.6,453.0,770.0,15.0,90.0,RUNNING
2024-01-18 00:00:00,ZONE_B01,15.7,40.1,-17.3,470.0,770.0,15.0,90.0,RUNNING
2024-01-18 00:00:00,ZONE_B02,15.6,37.6,-13.6,477.0,770.0,15.0,90.0,RUNNING
2024-01-18 01:00:00,ZONE_M01,16.9,33.9,-11.9,433.0,770.0,15.0,90.0,RUNNING
2024-01-18 01:00:00,ZONE_M02,15.9,38.7,-12.9,501.0,770.0,15.0,90.0,RUNNING
2024-01-18 01:00:00,ZONE_M03,15.9,40.6,-13.1,444.0,770.0,15.0,90.0,RUNNING
2024-01-18 01:00:00,ZONE_B01,15.7,43.8,-13.7,473.0,770.0,15.0,90.0,RUNNING
2024-01-18 01:00:00,ZONE_B02,15.8,38.8,-12.6,418.0,770.0,15.0,90.0,RUNNING
2024-01-18 02:00:00,ZONE_M01,15.8,40.3,-20.1,504.0,770.0,15.0,90.0,RUNNING
2024-01-18 02:00:00,ZONE_M02,15.6,47.0,-14.1,502.0,770.0,15.0,90.0,RUNNING
2024-01-18 02:00:00,ZONE_M03,15.9,37.6,-11.8,446.0,770.0,15.0,90.0,RUNNING
2024-01-18 02:00:00,ZONE_B01,15.8,44.6,-16.1,497.0,770.0,15.0,90.0,RUNNING
2024-01-18 02:00:00,ZONE_B02,16.3,42.8,-16.2,510.0,770.0,15.0,90.0,RUNNING
2024-01-18 03:00:00,ZONE_M01,15.2,44.6,-16.4,518.0,770.0,15.0,90.0,RUNNING
2024-01-18 03:00:00,ZONE_M02,16.3,39.8,-14.9,474.0,770.0,15.0,90.0,RUNNING
2024-01-18 03:00:00,ZONE_M03,16.5,45.6,-16.0,500.0,770.0,15.0,90.0,RUNNING
2024-01-18 03:00:00,ZONE_B01,16.4,39.8,-17.1,481.0,770.0,15.0,90.0,RUNNING
2024-01-18 03:00:00,ZONE_B02,15.7,32.6,-10.6,483.0,770.0,15.0,90.0,RUNNING
2024-01-18 04:00:00,ZONE_M01,15.4,43.4,-11.5,453.0,770.0,15.0,90.0,RUNNING
2024-01-18 04:00:00,ZONE_M02,16.2,37.8,-17.1,514.0,770.0,15.0,90.0,RUNNING
2024-01-18 04:00:00,ZONE_M03,16.3,35.0,-12.2,424.0,770.0,15.0,90.0,RUNNING
2024-01-18 04:00:00,ZONE_B01,16.6,41.7,-15.3,481.0,770.0,15.0,90.0,RUNNING
2024-01-18 04:00:00,ZONE_B02,16.6,42.2,-13.7,425.0,770.0,15.0,90.0,RUNNING
2024-01-18 05:00:00,ZONE_M01,16.0,36.6,-12.5,444.0,770.0,15.0,90.0,RUNNING
2024-01-18 05:00:00,ZONE_M02,16.2,34.8,-12.0,448.0,770.0,15.0,90.0,RUNNING
2024-01-18 05:00:00,ZONE_M03,15.8,41.4,-17.5,443.0,770.0,15.0,90.0,RUNNING
2024-01-18 05:00:00,ZONE_B01,16.1,42.5,-13.7,533.0,770.0,15.0,90.0,RUNNING
2024-01-18 05:00:00,ZONE_B02,15.4,43.8,-16.2,472.0,770.0,15.0,90.0,RUNNING
2024-01-18 06:00:00,ZONE_M01,20.1,54.9,-17.3,708.0,770.0,15.0,90.0,RUNNING
2024-01-18 06:00:00,ZONE_M02,19.5,60.0,-15.7,851.0,770.0,15.0,90.0,RUNNING
2024-01-18 06:00:00,ZONE_M03,19.6,60.0,-17.4,788.0,770.0,15.0,90.0,RUNNING
2024-01-18 06:00:00,ZONE_B01,20.0,58.5,-18.1,811.0,770.0,15.0,90.0,RUNNING
2024-01-18 06:00:00,ZONE_B02,20.4,60.0,-14.2,809.0,770.0,15.0,90.0,RUNNING
2024-01-18 07:00:00,ZONE_M01,20.6,46.3,-11.8,568.0,770.0,15.0,90.0,RUNNING
2024-01-18 07:00:00,ZONE_M02,19.4,60.0,-17.0,902.0,770.0,15.0,90.0,RUNNING
2024-01-18 07:00:00,ZONE_M03,19.9,51.7,-14.1,657.0,770.0,15.0,90.0,RUNNING
2024-01-18 07:00:00,ZONE_B01,20.1,53.8,-12.5,618.0,770.0,15.0,90.0,RUNNING
2024-01-18 07:00:00,ZONE_B02,20.3,52.8,-14.8,762.0,770.0,15.0,90.0,RUNNING
2024-01-18 08:00:00,ZONE_M01,19.7,50.9,-13.2,632.0,770.0,15.0,90.0,RUNNING
2024-01-18 08:00:00,ZONE_M02,20.3,53.5,-16.1,685.0,770.0,15.0,90.0,RUNNING
2024-01-18 08:00:00,ZONE_M03,21.3,55.5,-13.1,728.0,770.0,15.0,90.0,RUNNING
2024-01-18 08:00:00,ZONE_B01,20.2,60.0,-16.1,891.0,770.0,15.0,90.0,RUNNING
2024-01-18 08:00:00,ZONE_B02,20.2,60.0,-16.2,790.0,770.0,15.0,90.0,RUNNING
2024-01-18 09:00:00,ZONE_M01,20.4,50.1,-16.0,694.0,770.0,15.0,90.0,RUNNING
2024-01-18 09:00:00,ZONE_M02,20.9,60.0,-11.6,741.0,770.0,15.0,90.0,RUNNING
2024-01-18 09:00:00,ZONE_M03,20.0,60.0,-14.4,860.0,770.0,15.0,90.0,RUNNING
2024-01-18 09:00:00,ZONE_B01,20.4,60.0,-14.2,784.0,770.0,15.0,90.0,RUNNING
2024-01-18 09:00:00,ZONE_B02,19.3,52.1,-16.5,710.0,770.0,15.0,90.0,RUNNING
2024-01-18 10:00:00,ZONE_M01,20.6,60.0,-15.2,919.0,770.0,15.0,90.0,RUNNING
2024-01-18 10:00:00,ZONE_M02,20.3,56.0,-16.6,800.0,770.0,15.0,90.0,RUNNING
2024-01-18 10:00:00,ZONE_M03,20.8,52.7,-13.8,630.0,770.0,15.0,90.0,RUNNING
2024-01-18 10:00:00,ZONE_B01,19.6,51.5,-14.5,708.0,770.0,15.0,90.0,RUNNING
2024-01-18 10:00:00,ZONE_B02,19.6,56.4,-17.2,748.0,770.0,15.0,90.0,RUNNING
2024-01-18 11:00:00,ZONE_M01,19.9,58.6,-13.9,771.0,770.0,15.0,90.0,RUNNING
2024-01-18 11:00:00,ZONE_M02,20.1,60.0,-13.9,846.0,770.0,15.0,90.0,RUNNING
2024-01-18 11:00:00,ZONE_M03,21.1,59.8,-19.2,778.0,770.0,15.0,90.0,RUNNING
2024-01-18 11:00:00,ZONE_B01,20.9,60.0,-17.9,882.0,770.0,15.0,90.0,RUNNING
2024-01-18 11:00:00,ZONE_B02,20.1,57.6,-16.2,767.0,770.0,15.0,90.0,RUNNING
2024-01-18 12:00:00,ZONE_M01,19.8,60.0,-12.9,779.0,770.0,15.0,90.0,RUNNING
2024-01-18 12:00:00,ZONE_M02,20.3,52.6,-11.8,720.0,770.0,15.0,90.0,RUNNING
2024-01-18 12:00:00,ZONE_M03,19.7,60.0,-17.0,785.0,770.0,15.0,90.0,RUNNING
2024-01-18 12:00:00,ZONE_B01,20.1,50.1,-13.2,648.0,770.0,15.0,90.0,RUNNING
2024-01-18 12:00:00,ZONE_B02,19.8,55.5,-16.6,728.0,770.0,15.0,90.0,RUNNING
2024-01-18 13:00:00,ZONE_M01,20.5,60.0,-11.2,862.0,770.0,15.0,90.0,RUNNING
2024-01-18 13:00:00,ZONE_M02,19.7,53.1,-12.2,633.0,770.0,15.0,90.0,RUNNING
2024-01-18 13:00:00,ZONE_M03,19.8,48.0,-12.6,677.0,770.0,15.0,90.0,RUNNING
2024-01-18 13:00:00,ZONE_B01,20.3,52.9,-19.7,634.0,770.0,15.0,90.0,RUNNING
2024-01-18 13:00:00,ZONE_B02,19.6,55.1,-15.8,634.0,770.0,15.0,90.0,RUNNING
2024-01-18 14:00:00,ZONE_M01,19.8,60.0,-13.8,855.0,770.0,15.0,90.0,RUNNING
2024-01-18 14:00:00,ZONE_M02,20.5,60.0,-12.3,903.0,770.0,15.0,90.0,RUNNING
2024-01-18 14:00:00,ZONE_M03,20.2,48.6,-14.6,640.0,770.0,15.0,90.0,RUNNING
2024-01-18 14:00:00,ZONE_B01,20.3,54.3,-13.2,670.0,770.0,15.0,90.0,RUNNING
2024-01-18 14:00:00,ZONE_B02,19.9,60.0,-15.6,816.0,770.0,15.0,90.0,RUNNING
2024-01-18 15:00:00,ZONE_M01,20.5,60.0,-15.1,906.0,770.0,15.0,90.0,RUNNING
2024-01-18 15:00:00,ZONE_M02,20.6,60.0,-15.2,901.0,770.0,15.0,90.0,RUNNING
2024-01-18 15:00:00,ZONE_M03,20.6,54.5,-16.0,732.0,770.0,15.0,90.0,RUNNING
2024-01-18 15:00:00,ZONE_B01,19.5,52.0,-11.4,625.0,770.0,15.0,90.0,RUNNING
2024-01-18 15:00:00,ZONE_B02,18.9,52.1,-16.7,672.0,770.0,15.0,90.0,RUNNING
2024-01-18 16:00:00,ZONE_M01,19.2,60.0,-15.6,724.0,770.0,15.0,90.0,RUNNING
2024-01-18 16:00:00,ZONE_M02,19.8,60.0,-13.0,868.0,770.0,15.0,90.0,RUNNING
2024-01-18 16:00:00,ZONE_M03,19.7,60.0,-15.7,931.0,770.0,15.0,90.0,RUNNING
2024-01-18 16:00:00,ZONE_B01,20.4,60.0,-13.4,776.0,770.0,15.0,90.0,RUNNING
2024-01-18 16:00:00,ZONE_B02,20.4,53.5,-17.9,660.0,770.0,15.0,90.0,RUNNING
2024-01-18 17:00:00,ZONE_M01,19.4,60.0,-15.3,810.0,770.0,15.0,90.0,RUNNING
2024-01-18 17:00:00,ZONE_M02,20.7,60.0,-14.0,837.0,770.0,15.0,90.0,RUNNING
2024-01-18 17:00:00,ZONE_M03,19.6,55.2,-13.3,611.0,770.0,15.0,90.0,RUNNING
2024-01-18 17:00:00,ZONE_B01,20.4,51.3,-15.2,621.0,770.0,15.0,90.0,RUNNING
2024-01-18 17:00:00,ZONE_B02,20.5,57.0,-15.6,786.0,770.0,15.0,90.0,RUNNING
2024-01-18 18:00:00,ZONE_M01,19.6,59.9,-13.7,750.0,770.0,15.0,90.0,RUNNING
2024-01-18 18:00:00,ZONE_M02,19.6,57.6,-13.3,751.0,770.0,15.0,90.0,RUNNING
2024-01-18 18:00:00,ZONE_M03,20.0,60.0,-17.2,816.0,770.0,15.0,90.0,RUNNING
2024-01-18 18:00:00,ZONE_B01,19.8,60.0,-18.1,705.0,770.0,15.0,90.0,RUNNING
2024-01-18 18:00:00,ZONE_B02,19.7,58.0,-14.6,728.0,770.0,15.0,90.0,RUNNING
2024-01-18 19:00:00,ZONE_M01,19.4,53.2,-16.4,673.0,770.0,15.0,90.0,RUNNING
2024-01-18 19:00:00,ZONE_M02,19.4,60.0,-16.9,829.0,770.0,15.0,90.0,RUNNING
2024-01-18 19:00:00,ZONE_M03,20.3,58.9,-12.3,847.0,770.0,15.0,90.0,RUNNING
2024-01-18 19:00:00,ZONE_B01,18.9,57.3,-16.9,742.0,770.0,15.0,90.0,RUNNING
2024-01-18 19:00:00,ZONE_B02,19.0,57.0,-14.1,771.0,770.0,15.0,90.0,RUNNING
2024-01-18 20:00:00,ZONE_M01,20.9,60.0,-16.6,882.0,770.0,15.0,90.0,RUNNING
2024-01-18 20:00:00,ZONE_M02,20.3,58.0,-10.7,801.0,770.0,15.0,90.0,RUNNING
2024-01-18 20:00:00,ZONE_M03,19.8,60.0,-15.8,805.0,770.0,15.0,90.0,RUNNING
2024-01-18 20:00:00,ZONE_B01,19.7,58.3,-17.8,779.0,770.0,15.0,90.0,RUNNING
2024-01-18 20:00:00,ZONE_B02,21.1,56.0,-16.9,707.0,770.0,15.0,90.0,RUNNING
2024-01-18 21:00:00,ZONE_M01,20.3,60.0,-10.7,767.0,770.0,15.0,90.0,RUNNING
2024-01-18 21:00:00,ZONE_M02,18.9,60.0,-15.6,733.0,770.0,15.0,90.0,RUNNING
2024-01-18 21:00:00,ZONE_M03,19.1,59.8,-13.6,673.0,770.0,15.0,90.0,RUNNING
2024-01-18 21:00:00,ZONE_B01,20.3,60.0,-12.5,762.0,770.0,15.0,90.0,RUNNING
2024-01-18 21:00:00,ZONE_B02,19.8,49.3,-17.2,566.0,770.0,15.0,90.0,RUNNING
2024-01-18 22:00:00,ZONE_M01,18.4,60.0,-14.2,867.0,770.0,15.0,90.0,RUNNING
2024-01-18 22:00:00,ZONE_M02,19.5,56.1,-15.5,726.0,770.0,15.0,90.0,RUNNING
2024-01-18 22:00:00,ZONE_M03,20.5,48.9,-15.2,641.0,770.0,15.0,90.0,RUNNING
2024-01-18 22:00:00,ZONE_B01,20.5,60.0,-11.2,748.0,770.0,15.0,90.0,RUNNING
2024-01-18 22:00:00,ZONE_B02,19.7,60.0,-19.1,889.0,770.0,15.0,90.0,RUNNING
2024-01-18 23:00:00,ZONE_M01,15.4,35.5,-13.3,470.0,770.0,15.0,90.0,RUNNING
2024-01-18 23:00:00,ZONE_M02,17.1,41.9,-16.5,509.0,770.0,15.0,90.0,RUNNING
2024-01-18 23:00:00,ZONE_M03,16.2,45.3,-11.0,437.0,770.0,15.0,90.0,RUNNING
2024-01-18 23:00:00,ZONE_B01,16.4,36.7,-14.2,509.0,770.0,15.0,90.0,RUNNING
2024-01-18 23:00:00,ZONE_B02,15.6,36.4,-17.0,409.0,770.0,15.0,90.0,RUNNING
2024-01-19 00:00:00,ZONE_M01,16.6,38.6,-15.2,504.0,770.0,15.0,90.0,RUNNING
2024-01-19 00:00:00,ZONE_M02,16.2,41.8,-16.1,466.0,770.0,15.0,90.0,RUNNING
2024-01-19 00:00:00,ZONE_M03,15.5,45.1,-14.9,464.0,770.0,15.0,90.0,RUNNING
2024-01-19 00:00:00,ZONE_B01,15.2,45.9,-12.3,469.0,770.0,15.0,90.0,RUNNING
2024-01-19 00:00:00,ZONE_B02,16.4,35.6,-14.1,388.0,770.0,15.0,90.0,RUNNING
2024-01-19 01:00:00,ZONE_M01,15.8,40.6,-12.8,446.0,770.0,15.0,90.0,RUNNING
2024-01-19 01:00:00,ZONE_M02,15.8,43.6,-16.2,509.0,770.0,15.0,90.0,RUNNING
2024-01-19 01:00:00,ZONE_M03,16.0,37.0,-11.4,489.0,770.0,15.0,90.0,RUNNING
2024-01-19 01:00:00,ZONE_B01,15.4,34.5,-19.2,484.0,770.0,15.0,90.0,RUNNING
2024-01-19 01:00:00,ZONE_B02,16.4,29.1,-14.9,476.0,770.0,15.0,90.0,RUNNING
2024-01-19 02:00:00,ZONE_M01,15.5,36.7,-14.0,423.0,770.0,15.0,90.0,RUNNING
2024-01-19 02:00:00,ZONE_M02,16.7,37.7,-16.0,474.0,770.0,15.0,90.0,RUNNING
2024-01-19 02:00:00,ZONE_M03,16.1,41.9,-15.5,497.0,770.0,15.0,90.0,RUNNING
2024-01-19 02:00:00,ZONE_B01,16.4,37.9,-15.6,559.0,770.0,15.0,90.0,RUNNING
2024-01-19 02:00:00,ZONE_B02,15.7,48.7,-17.2,495.0,770.0,15.0,90.0,RUNNING
2024-01-19 03:00:00,ZONE_M01,15.6,40.0,-16.1,530.0,770.0,15.0,90.0,RUNNING
2024-01-19 03:00:00,ZONE_M02,15.7,44.4,-16.1,522.0,770.0,15.0,90.0,RUNNING
2024-01-19 03:00:00,ZONE_M03,15.3,42.3,-15.3,499.0,770.0,15.0,90.0,RUNNING
2024-01-19 03:00:00,ZONE_B01,16.4,34.0,-17.2,469.0,770.0,15.0,90.0,RUNNING
2024-01-19 03:00:00,ZONE_B02,15.8,42.7,-16.1,523.0,770.0,15.0,90.0,RUNNING
2024-01-19 04:00:00,ZONE_M01,16.1,37.1,-15.4,442.0,770.0,15.0,90.0,RUNNING
2024-01-19 04:00:00,ZONE_M02,15.5,37.0,-15.5,413.0,770.0,15.0,90.0,RUNNING
2024-01-19 04:00:00,ZONE_M03,15.3,40.8,-14.8,539.0,770.0,15.0,90.0,RUNNING
2024-01-19 04:00:00,ZONE_B01,16.7,43.2,-19.0,477.0,770.0,15.0,90.0,RUNNING
2024-01-19 04:00:00,ZONE_B02,16.2,45.2,-13.1,483.0,770.0,15.0,90.0,RUNNING
2024-01-19 05:00:00,ZONE_M01,15.7,37.4,-19.8,477.0,770.0,15.0,90.0,RUNNING
2024-01-19 05:00:00,ZONE_M02,16.1,48.6,-13.3,487.0,770.0,15.0,90.0,RUNNING
2024-01-19 05:00:00,ZONE_M03,16.3,38.6,-14.7,452.0,770.0,15.0,90.0,RUNNING
2024-01-19 05:00:00,ZONE_B01,15.8,40.3,-17.0,465.0,770.0,15.0,90.0,RUNNING
2024-01-19 05:00:00,ZONE_B02,15.8,39.2,-15.0,443.0,770.0,15.0,90.0,RUNNING
2024-01-19 06:00:00,ZONE_M01,19.9,60.0,-16.7,731.0,770.0,15.0,90.0,RUNNING
2024-01-19 06:00:00,ZONE_M02,20.6,51.2,-14.6,702.0,770.0,15.0,90.0,RUNNING
2024-01-19 06:00:00,ZONE_M03,20.4,50.6,-13.8,661.0,770.0,15.0,90.0,RUNNING
2024-01-19 06:00:00,ZONE_B01,19.8,52.4,-13.3,622.0,770.0,15.0,90.0,RUNNING
2024-01-19 06:00:00,ZONE_B02,20.5,51.5,-14.3,708.0,770.0,15.0,90.0,RUNNING
2024-01-19 07:00:00,ZONE_M01,21.4,60.0,-15.4,781.0,770.0,15.0,90.0,RUNNING
2024-01-19 07:00:00,ZONE_M02,19.1,54.4,-12.6,724.0,770.0,15.0,90.0,RUNNING
2024-01-19 07:00:00,ZONE_M03,20.4,51.8,-14.3,716.0,770.0,15.0,90.0,RUNNING
2024-01-19 07:00:00,ZONE_B01,19.4,52.4,-16.2,666.0,770.0,15.0,90.0,RUNNING
2024-01-19 07:00:00,ZONE_B02,21.1,56.0,-11.2,733.0,770.0,15.0,90.0,RUNNING
2024-01-19 08:00:00,ZONE_M01,18.9,53.1,-16.8,745.0,770.0,15.0,90.0,RUNNING
2024-01-19 08:00:00,ZONE_M02,20.4,50.9,-9.7,660.0,770.0,15.0,90.0,RUNNING
2024-01-19 08:00:00,ZONE_M03,20.4,55.2,-14.1,639.0,770.0,15.0,90.0,RUNNING
2024-01-19 08:00:00,ZONE_B01,20.0,40.0,-14.9,464.0,770.0,15.0,90.0,RUNNING
2024-01-19 08:00:00,ZONE_B02,20.4,46.2,-12.9,615.0,770.0,15.0,90.0,RUNNING
2024-01-19 09:00:00,ZONE_M01,20.8,60.0,-11.2,858.0,770.0,15.0,90.0,RUNNING
2024-01-19 09:00:00,ZONE_M02,20.2,60.0,-15.6,805.0,770.0,15.0,90.0,RUNNING
2024-01-19 09:00:00,ZONE_M03,20.0,60.0,-15.8,768.0,770.0,15.0,90.0,RUNNING
2024-01-19 09:00:00,ZONE_B01,20.0,52.7,-16.3,617.0,770.0,15.0,90.0,RUNNING
2024-01-19 09:00:00,ZONE_B02,20.4,60.0,-14.6,789.0,770.0,15.0,90.0,RUNNING
2024-01-19 10:00:00,ZONE_M01,19.7,60.0,-15.4,931.0,770.0,15.0,90.0,RUNNING
2024-01-19 10:00:00,ZONE_M02,19.5,60.0,-17.0,808.0,770.0,15.0,90.0,RUNNING
2024-01-19 10:00:00,ZONE_M03,20.7,57.1,-16.6,665.0,770.0,15.0,90.0,RUNNING
2024-01-19 10:00:00,ZONE_B01,18.5,60.0,-13.2,756.0,770.0,15.0,90.0,RUNNING
2024-01-19 10:00:00,ZONE_B02,20.1,60.0,-12.9,897.0,770.0,15.0,90.0,RUNNING
2024-01-19 11:00:00,ZONE_M01,19.4,60.0,-13.6,765.0,770.0,15.0,90.0,RUNNING
2024-01-19 11:00:00,ZONE_M02,20.3,60.0,-14.5,821.0,770.0,15.0,90.0,RUNNING
2024-01-19 11:00:00,ZONE_M03,20.0,43.6,-14.9,617.0,770.0,15.0,90.0,RUNNING
2024-01-19 11:00:00,ZONE_B01,20.7,59.7,-16.8,906.0,770.0,15.0,90.0,RUNNING
2024-01-19 11:00:00,ZONE_B02,19.9,49.1,-14.2,620.0,770.0,15.0,90.0,RUNNING
2024-01-19 12:00:00,ZONE_M01,20.3,54.8,-13.3,697.0,770.0,15.0,90.0,RUNNING
2024-01-19 12:00:00,ZONE_M02,18.9,60.0,-17.8,685.0,770.0,15.0,90.0,RUNNING
2024-01-19 12:00:00,ZONE_M03,20.0,58.5,-18.3,780.0,770.0,15.0,90.0,RUNNING
2024-01-19 12:00:00,ZONE_B01,20.3,58.1,-14.3,729.0,770.0,15.0,90.0,RUNNING
2024-01-19 12:00:00,ZONE_B02,20.4,57.7,-14.3,720.0,770.0,15.0,90.0,RUNNING
2024-01-19 13:00:00,ZONE_M01,20.4,60.0,-14.2,764.0,770.0,15.0,90.0,RUNNING
2024-01-19 13:00:00,ZONE_M02,19.9,47.1,-13.2,597.0,770.0,15.0,90.0,RUNNING
2024-01-19 13:00:00,ZONE_M03,18.9,60.0,-15.2,879.0,770.0,15.0,90.0,RUNNING
2024-01-19 13:00:00,ZONE_B01,20.1,37.7,-15.2,500.0,770.0,15.0,90.0,RUNNING
2024-01-19 13:00:00,ZONE_B02,20.2,60.0,-14.6,831.0,770.0,15.0,90.0,RUNNING
2024-01-19 14:00:00,ZONE_M01,19.7,56.9,-12.2,747.0,770.0,15.0,90.0,RUNNING
2024-01-19 14:00:00,ZONE_M02,19.6,60.0,-17.3,892.0,770.0,15.0,90.0,RUNNING
2024-01-19 14:00:00,ZONE_M03,20.0,52.0,-15.6,621.0,770.0,15.0,90.0,RUNNING
2024-01-19 14:00:00,ZONE_B01,20.7,60.0,-15.0,860.0,770.0,15.0,90.0,RUNNING
2024-01-19 14:00:00,ZONE_B02,20.2,55.8,-10.6,781.0,770.0,15.0,90.0,RUNNING
2024-01-19 15:00:00,ZONE_M01,18.8,60.0,-13.1,840.0,770.0,15.0,90.0,RUNNING
2024-01-19 15:00:00,ZONE_M02,19.9,60.0,-16.5,826.0,770.0,15.0,90.0,RUNNING
2024-01-19 15:00:00,ZONE_M03,20.1,60.0,-16.9,836.0,770.0,15.0,90.0,RUNNING
2024-01-19 15:00:00,ZONE_B01,20.1,52.2,-14.1,722.0,770.0,15.0,90.0,RUNNING
2024-01-19 15:00:00,ZONE_B02,20.7,48.0,-16.0,678.0,770.0,15.0,90.0,RUNNING
2024-01-19 16:00:00,ZONE_M01,19.8,54.1,-13.5,702.0,770.0,15.0,90.0,RUNNING
2024-01-19 16:00:00,ZONE_M02,19.6,58.9,-14.9,716.0,770.0,15.0,90.0,RUNNING
2024-01-19 16:00:00,ZONE_M03,21.0,55.1,-15.9,630.0,770.0,15.0,90.0,RUNNING
2024-01-19 16:00:00,ZONE_B01,19.4,55.8,-11.0,633.0,770.0,15.0,90.0,RUNNING
2024-01-19 16:00:00,ZONE_B02,20.2,54.2,-13.9,718.0,770.0,15.0,90.0,RUNNING
2024-01-19 17:00:00,ZONE_M01,20.2,60.0,-14.1,748.0,770.0,15.0,90.0,RUNNING
2024-01-19 17:00:00,ZONE_M02,20.9,57.2,-11.9,811.0,770.0,15.0,90.0,RUNNING
2024-01-19 17:00:00,ZONE_M03,20.7,56.7,-15.5,710.0,770.0,15.0,90.0,RUNNING
2024-01-19 17:00:00,ZONE_B01,20.2,60.0,-13.5,762.0,770.0,15.0,90.0,RUNNING
2024-01-19 17:00:00,ZONE_B02,19.5,60.0,-13.2,756.0,770.0,15.0,90.0,RUNNING
2024-01-19 18:00:00,ZONE_M01,19.9,54.2,-16.8,785.0,770.0,15.0,90.0,RUNNING
2024-01-19 18:00:00,ZONE_M02,19.6,57.7,-9.9,708.0,770.0,15.0,90.0,RUNNING
2024-01-19 18:00:00,ZONE_M03,19.1,44.9,-15.2,595.0,770.0,15.0,90.0,RUNNING
2024-01-19 18:00:00,ZONE_B01,20.9,50.0,-13.9,700.0,770.0,15.0,90.0,RUNNING
2024-01-19 18:00:00,ZONE_B02,19.0,53.8,-16.4,740.0,770.0,15.0,90.0,RUNNING
2024-01-19 19:00:00,ZONE_M01,19.6,55.7,-12.3,714.0,770.0,15.0,90.0,RUNNING
2024-01-19 19:00:00,ZONE_M02,19.8,57.8,-14.9,743.0,770.0,15.0,90.0,RUNNING
2024-01-19 19:00:00,ZONE_M03,19.9,60.0,-15.2,687.0,770.0,15.0,90.0,RUNNING
2024-01-19 19:00:00,ZONE_B01,19.8,46.2,-16.4,601.0,770.0,15.0,90.0,RUNNING
2024-01-19 19:00:00,ZONE_B02,19.1,55.1,-11.0,748.0,770.0,15.0,90.0,RUNNING
2024-01-19 20:00:00,ZONE_M01,19.9,60.0,-15.5,857.0,770.0,15.0,90.0,RUNNING
2024-01-19 20:00:00,ZONE_M02,20.0,55.6,-15.0,724.0,770.0,15.0,90.0,RUNNING
2024-01-19 20:00:00,ZONE_M03,20.5,56.8,-15.4,698.0,770.0,15.0,90.0,RUNNING
2024-01-19 20:00:00,ZONE_B01,20.3,47.3,-14.5,583.0,770.0,15.0,90.0,RUNNING
2024-01-19 20:00:00,ZONE_B02,19.5,49.7,-12.0,718.0,770.0,15.0,90.0,RUNNING
2024-01-19 21:00:00,ZONE_M01,20.2,60.0,-15.2,873.0,770.0,15.0,90.0,RUNNING
2024-01-19 21:00:00,ZONE_M02,19.5,60.0,-14.3,914.0,770.0,15.0,90.0,RUNNING
2024-01-19 21:00:00,ZONE_M03,20.1,57.5,-15.7,746.0,770.0,15.0,90.0,RUNNING
2024-01-19 21:00:00,ZONE_B01,20.4,60.0,-18.4,796.0,770.0,15.0,90.0,RUNNING
2024-01-19 21:00:00,ZONE_B02,19.9,51.6,-14.7,732.0,770.0,15.0,90.0,RUNNING
2024-01-19 22:00:00,ZONE_M01,19.2,60.0,-18.2,853.0,770.0,15.0,90.0,RUNNING
2024-01-19 22:00:00,ZONE_M02,19.7,55.3,-16.8,683.0,770.0,15.0,90.0,RUNNING
2024-01-19 22:00:00,ZONE_M03,19.8,49.8,-10.1,618.0,770.0,15.0,90.0,RUNNING
2024-01-19 22:00:00,ZONE_B01,19.4,60.0,-16.0,696.0,770.0,15.0,90.0,RUNNING
2024-01-19 22:00:00,ZONE_B02,19.9,60.0,-13.8,876.0,770.0,15.0,90.0,RUNNING
2024-01-19 23:00:00,ZONE_M01,16.3,45.9,-8.4,496.0,770.0,15.0,90.0,RUNNING
2024-01-19 23:00:00,ZONE_M02,16.3,39.5,-14.4,481.0,770.0,15.0,90.0,RUNNING
2024-01-19 23:00:00,ZONE_M03,17.2,41.1,-16.7,474.0,770.0,15.0,90.0,RUNNING
2024-01-19 23:00:00,ZONE_B01,16.3,35.6,-13.3,421.0,770.0,15.0,90.0,RUNNING
2024-01-19 23:00:00,ZONE_B02,16.1,42.7,-16.0,508.0,770.0,15.0,90.0,RUNNING
2024-01-20 00:00:00,ZONE_M01,15.3,42.8,-18.4,516.0,770.0,15.0,90.0,RUNNING
2024-01-20 00:00:00,ZONE_M02,16.2,40.3,-12.7,442.0,770.0,15.0,90.0,RUNNING
2024-01-20 00:00:00,ZONE_M03,15.8,38.3,-13.2,471.0,770.0,15.0,90.0,RUNNING
2024-01-20 00:00:00,ZONE_B01,15.8,44.6,-12.8,544.0,770.0,15.0,90.0,RUNNING
2024-01-20 00:00:00,ZONE_B02,16.5,40.3,-17.9,507.0,770.0,15.0,90.0,RUNNING
2024-01-20 01:00:00,ZONE_M01,16.0,40.1,-16.7,451.0,770.0,15.0,90.0,RUNNING
2024-01-20 01:00:00,ZONE_M02,16.6,44.5,-15.6,539.0,770.0,15.0,90.0,RUNNING
2024-01-20 01:00:00,ZONE_M03,16.4,43.1,-13.9,460.0,770.0,15.0,90.0,RUNNING
2024-01-20 01:00:00,ZONE_B01,16.7,44.8,-14.9,521.0,770.0,15.0,90.0,RUNNING
2024-01-20 01:00:00,ZONE_B02,15.8,44.5,-14.5,490.0,770.0,15.0,90.0,RUNNING
2024-01-20 02:00:00,ZONE_M01,16.9,39.1,-13.8,510.0,770.0,15.0,90.0,RUNNING
2024-01-20 02:00:00,ZONE_M02,16.2,43.7,-14.4,489.0,770.0,15.0,90.0,RUNNING
2024-01-20 02:00:00,ZONE_M03,16.0,37.9,-12.8,465.0,770.0,15.0,90.0,RUNNING
2024-01-20 02:00:00,ZONE_B01,16.0,45.5,-17.1,568.0,770.0,15.0,90.0,RUNNING
2024-01-20 02:00:00,ZONE_B02,16.6,41.6,-13.6,415.0,770.0,15.0,90.0,RUNNING
2024-01-20 03:00:00,ZONE_M01,15.5,34.9,-13.7,422.0,770.0,15.0,90.0,RUNNING
2024-01-20 03:00:00,ZONE_M02,15.7,34.3,-13.0,440.0,770.0,15.0,90.0,RUNNING
2024-01-20 03:00:00,ZONE_M03,16.0,42.1,-14.8,524.0,770.0,15.0,90.0,RUNNING
2024-01-20 03:00:00,ZONE_B01,16.3,40.0,-13.8,493.0,770.0,15.0,90.0,RUNNING
2024-01-20 03:00:00,ZONE_B02,15.0,42.5,-19.6,484.0,770.0,15.0,90.0,RUNNING
2024-01-20 04:00:00,ZONE_M01,16.2,44.9,-14.3,500.0,770.0,15.0,90.0,RUNNING
2024-01-20 04:00:00,ZONE_M02,15.4,48.0,-17.5,544.0,770.0,15.0,90.0,RUNNING
2024-01-20 04:00:00,ZONE_M03,15.8,40.4,-13.7,504.0,770.0,15.0,90.0,RUNNING
2024-01-20 04:00:00,ZONE_B01,16.2,40.1,-15.5,442.0,770.0,15.0,90.0,RUNNING
2024-01-20 04:00:00,ZONE_B02,16.0,36.6,-15.0,392.0,770.0,15.0,90.0,RUNNING
2024-01-20 05:00:00,ZONE_M01,16.2,36.6,-18.2,437.0,770.0,15.0,90.0,RUNNING
2024-01-20 05:00:00,ZONE_M02,15.5,41.3,-11.9,456.0,770.0,15.0,90.0,RUNNING
2024-01-20 05:00:00,ZONE_M03,15.5,39.3,-13.5,473.0,770.0,15.0,90.0,RUNNING
2024-01-20 05:00:00,ZONE_B01,16.2,45.0,-14.8,558.0,770.0,15.0,90.0,RUNNING
2024-01-20 05:00:00,ZONE_B02,15.5,34.5,-13.8,415.0,770.0,15.0,90.0,RUNNING
2024-01-20 06:00:00,ZONE_M01,19.6,60.0,-17.9,761.0,770.0,15.0,90.0,RUNNING
2024-01-20 06:00:00,ZONE_M02,19.5,54.7,-15.4,728.0,770.0,15.0,90.0,RUNNING
2024-01-20 06:00:00,ZONE_M03,20.3,60.0,-13.6,871.0,770.0,15.0,90.0,RUNNING
2024-01-20 06:00:00,ZONE_B01,19.9,50.4,-17.8,651.0,770.0,15.0,90.0,RUNNING
2024-01-20 06:00:00,ZONE_B02,19.6,60.0,-17.5,833.0,770.0,15.0,90.0,RUNNING
2024-01-20 07:00:00,ZONE_M01,20.1,56.3,-15.1,764.0,770.0,15.0,90.0,RUNNING
2024-01-20 07:00:00,ZONE_M02,19.0,60.0,-15.4,814.0,770.0,15.0,90.0,RUNNING
2024-01-20 07:00:00,ZONE_M03,20.6,52.2,-18.3,642.0,770.0,15.0,90.0,RUNNING
2024-01-20 07:00:00,ZONE_B01,19.0,50.2,-14.5,630.0,770.0,15.0,90.0,RUNNING
2024-01-20 07:00:00,ZONE_B02,20.1,52.7,-14.9,784.0,770.0,15.0,90.0,RUNNING
2024-01-20 08:00:00,ZONE_M01,19.5,58.1,-15.2,711.0,770.0,15.0,90.0,RUNNING
2024-01-20 08:00:00,ZONE_M02,19.0,60.0,-16.9,865.0,770.0,15.0,90.0,RUNNING
2024-01-20 08:00:00,ZONE_M03,20.9,48.8,-16.6,548.0,770.0,15.0,90.0,RUNNING
2024-01-20 08:00:00,ZONE_B01,20.8,52.0,-13.6,647.0,770.0,15.0,90.0,RUNNING
2024-01-20 08:00:00,ZONE_B02,20.3,60.0,-15.8,849.0,770.0,15.0,90.0,RUNNING
2024-01-20 09:00:00,ZONE_M01,20.4,60.0,-16.2,791.0,770.0,15.0,90.0,RUNNING
2024-01-20 09:00:00,ZONE_M02,20.1,58.3,-14.4,671.0,770.0,15.0,90.0,RUNNING
2024-01-20 09:00:00,ZONE_M03,20.0,48.2,-16.3,532.0,770.0,15.0,90.0,RUNNING
2024-01-20 09:00:00,ZONE_B01,19.0,59.8,-17.8,771.0,770.0,15.0,90.0,RUNNING
2024-01-20 09:00:00,ZONE_B02,20.7,54.3,-14.3,669.0,770.0,15.0,90.0,RUNNING
2024-01-20 10:00:00,ZONE_M01,20.5,60.0,-16.5,823.0,770.0,15.0,90.0,RUNNING
2024-01-20 10:00:00,ZONE_M02,20.0,57.2,-15.4,744.0,770.0,15.0,90.0,RUNNING
2024-01-20 10:00:00,ZONE_M03,20.0,49.8,-16.8,589.0,770.0,15.0,90.0,RUNNING
2024-01-20 10:00:00,ZONE_B01,20.9,41.2,-16.1,626.0,770.0,15.0,90.0,RUNNING
2024-01-20 10:00:00,ZONE_B02,19.6,49.3,-14.6,520.0,770.0,15.0,90.0,RUNNING
2024-01-20 11:00:00,ZONE_M01,20.5,47.4,-18.9,617.0,770.0,15.0,90.0,RUNNING
2024-01-20 11:00:00,ZONE_M02,19.7,60.0,-17.3,879.0,770.0,15.0,90.0,RUNNING
2024-01-20 11:00:00,ZONE_M03,20.0,60.0,-13.0,840.0,770.0,15.0,90.0,RUNNING
2024-01-20 11:00:00,ZONE_B01,19.7,50.3,-16.5,653.0,770.0,15.0,90.0,RUNNING
2024-01-20 11:00:00,ZONE_B02,19.3,52.1,-15.4,684.0,770.0,15.0,90.0,RUNNING
2024-01-20 12:00:00,ZONE_M01,19.5,60.0,-13.5,981.0,770.0,15.0,90.0,RUNNING
2024-01-20 12:00:00,ZONE_M02,20.2,60.0,-15.7,766.0,770.0,15.0,90.0,RUNNING
2024-01-20 12:00:00,ZONE_M03,18.5,57.6,-14.5,732.0,770.0,15.0,90.0,RUNNING
2024-01-20 12:00:00,ZONE_B01,19.3,60.0,-14.3,852.0,770.0,15.0,90.0,RUNNING
2024-01-20 12:00:00,ZONE_B02,20.7,55.8,-14.7,640.0,770.0,15.0,90.0,RUNNING
2024-01-20 13:00:00,ZONE_M01,19.2,53.1,-14.1,779.0,770.0,15.0,90.0,RUNNING
2024-01-20 13:00:00,ZONE_M02,19.8,56.5,-17.1,616.0,770.0,15.0,90.0,RUNNING
2024-01-20 13:00:00,ZONE_M03,19.4,60.0,-9.9,858.0,770.0,15.0,90.0,RUNNING
2024-01-20 13:00:00,ZONE_B01,20.5,58.8,-16.7,757.0,770.0,15.0,90.0,RUNNING
2024-01-20 13:00:00,ZONE_B02,20.1,59.9,-16.3,780.0,770.0,15.0,90.0,RUNNING
2024-01-20 14:00:00,ZONE_M01,20.1,60.0,-16.7,825.0,770.0,15.0,90.0,RUNNING
2024-01-20 14:00:00,ZONE_M02,19.7,53.3,-15.3,706.0,770.0,15.0,90.0,RUNNING
2024-01-20 14:00:00,ZONE_M03,19.7,45.8,-20.3,631.0,770.0,15.0,90.0,RUNNING
2024-01-20 14:00:00,ZONE_B01,20.1,58.9,-12.5,728.0,770.0,15.0,90.0,RUNNING
2024-01-20 14:00:00,ZONE_B02,19.6,50.5,-17.5,594.0,770.0,15.0,90.0,RUNNING
2024-01-20 15:00:00,ZONE_M01,19.4,56.8,-16.4,734.0,770.0,15.0,90.0,RUNNING
2024-01-20 15:00:00,ZONE_M02,19.4,60.0,-11.5,850.0,770.0,15.0,90.0,RUNNING
2024-01-20 15:00:00,ZONE_M03,19.6,60.0,-18.1,835.0,770.0,15.0,90.0,RUNNING
2024-01-20 15:00:00,ZONE_B01,19.4,43.0,-14.1,607.0,770.0,15.0,90.0,RUNNING
2024-01-20 15:00:00,ZONE_B02,20.9,50.2,-15.6,734.0,770.0,15.0,90.0,RUNNING
2024-01-20 16:00:00,ZONE_M01,19.5,60.0,-15.5,855.0,770.0,15.0,90.0,RUNNING
2024-01-20 16:00:00,ZONE_M02,20.8,35.9,-19.3,527.0,770.0,15.0,90.0,RUNNING
2024-01-20 16:00:00,ZONE_M03,20.8,50.5,-17.1,624.0,770.0,15.0,90.0,RUNNING
2024-01-20 16:00:00,ZONE_B01,20.1,60.0,-15.2,948.0,770.0,15.0,90.0,RUNNING
2024-01-20 16:00:00,ZONE_B02,20.5,59.7,-17.6,790.0,770.0,15.0,90.0,RUNNING
2024-01-20 17:00:00,ZONE_M01,20.5,60.0,-14.5,755.0,770.0,15.0,90.0,RUNNING
2024-01-20 17:00:00,ZONE_M02,19.6,47.5,-16.5,665.0,770.0,15.0,90.0,RUNNING
2024-01-20 17:00:00,ZONE_M03,20.1,52.7,-14.3,684.0,770.0,15.0,90.0,RUNNING
2024-01-20 17:00:00,ZONE_B01,19.5,60.0,-13.3,869.0,770.0,15.0,90.0,RUNNING
2024-01-20 17:00:00,ZONE_B02,20.0,56.0,-16.5,686.0,770.0,15.0,90.0,RUNNING
2024-01-20 18:00:00,ZONE_M01,20.8,60.0,-12.5,806.0,770.0,15.0,90.0,RUNNING
2024-01-20 18:00:00,ZONE_M02,20.8,58.6,-12.5,839.0,770.0,15.0,90.0,RUNNING
2024-01-20 18:00:00,ZONE_M03,20.3,53.0,-17.2,573.0,770.0,15.0,90.0,RUNNING
2024-01-20 18:00:00,ZONE_B01,19.7,60.0,-15.0,827.0,770.0,15.0,90.0,RUNNING
2024-01-20 18:00:00,ZONE_B02,19.7,53.9,-16.3,704.0,770.0,15.0,90.0,RUNNING
2024-01-20 19:00:00,ZONE_M01,19.8,60.0,-17.2,772.0,770.0,15.0,90.0,RUNNING
2024-01-20 19:00:00,ZONE_M02,19.5,60.0,-14.8,792.0,770.0,15.0,90.0,RUNNING
2024-01-20 19:00:00,ZONE_M03,19.9,56.9,-15.4,687.0,770.0,15.0,90.0,RUNNING
2024-01-20 19:00:00,ZONE_B01,20.4,60.0,-14.8,824.0,770.0,15.0,90.0,RUNNING
2024-01-20 19:00:00,ZONE_B02,20.4,57.1,-14.9,780.0,770.0,15.0,90.0,RUNNING
2024-01-20 20:00:00,ZONE_M01,19.9,60.0,-16.0,763.0,770.0,15.0,90.0,RUNNING
2024-01-20 20:00:00,ZONE_M02,19.9,54.6,-13.6,638.0,770.0,15.0,90.0,RUNNING
2024-01-20 20:00:00,ZONE_M03,19.3,47.1,-15.8,676.0,770.0,15.0,90.0,RUNNING
2024-01-20 20:00:00,ZONE_B01,20.4,43.2,-16.6,538.0,770.0,15.0,90.0,RUNNING
2024-01-20 20:00:00,ZONE_B02,20.1,52.6,-12.7,653.0,770.0,15.0,90.0,RUNNING
2024-01-20 21:00:00,ZONE_M01,19.8,60.0,-19.2,837.0,770.0,15.0,90.0,RUNNING
2024-01-20 21:00:00,ZONE_M02,20.7,51.2,-14.4,652.0,770.0,15.0,90.0,RUNNING
2024-01-20 21:00:00,ZONE_M03,19.8,54.0,-17.3,706.0,770.0,15.0,90.0,RUNNING
2024-01-20 21:00:00,ZONE_B01,20.2,54.8,-14.2,718.0,770.0,15.0,90.0,RUNNING
2024-01-20 21:00:00,ZONE_B02,20.0,60.0,-14.9,847.0,770.0,15.0,90.0,RUNNING
2024-01-20 22:00:00,ZONE_M01,20.5,56.6,-16.6,658.0,770.0,15.0,90.0,RUNNING
2024-01-20 22:00:00,ZONE_M02,19.3,59.0,-16.2,837.0,770.0,15.0,90.0,RUNNING
2024-01-20 22:00:00,ZONE_M03,20.2,60.0,-15.6,813.0,770.0,15.0,90.0,RUNNING
2024-01-20 22:00:00,ZONE_B01,19.4,60.0,-15.5,730.0,770.0,15.0,90.0,RUNNING
2024-01-20 22:00:00,ZONE_B02,19.6,60.0,-10.3,833.0,770.0,15.0,90.0,RUNNING
2024-01-20 23:00:00,ZONE_M01,16.7,37.2,-12.5,511.0,770.0,15.0,90.0,RUNNING
2024-01-20 23:00:00,ZONE_M02,15.0,37.6,-18.8,460.0,770.0,15.0,90.0,RUNNING
2024-01-20 23:00:00,ZONE_M03,16.7,43.5,-12.7,443.0,770.0,15.0,90.0,RUNNING
2024-01-20 23:00:00,ZONE_B01,15.0,36.7,-11.9,425.0,770.0,15.0,90.0,RUNNING
2024-01-20 23:00:00,ZONE_B02,16.2,34.1,-16.3,469.0,770.0,15.0,90.0,RUNNING
2024-01-21 00:00:00,ZONE_M01,15.6,33.3,-15.7,445.0,770.0,15.0,90.0,RUNNING
2024-01-21 00:00:00,ZONE_M02,16.3,38.5,-16.1,418.0,770.0,15.0,90.0,RUNNING
2024-01-21 00:00:00,ZONE_M03,16.4,34.7,-13.9,475.0,770.0,15.0,90.0,RUNNING
2024-01-21 00:00:00,ZONE_B01,15.9,42.5,-14.1,522.0,770.0,15.0,90.0,RUNNING
2024-01-21 00:00:00,ZONE_B02,16.3,37.4,-14.6,471.0,770.0,15.0,90.0,RUNNING
2024-01-21 01:00:00,ZONE_M01,16.1,42.1,-13.6,486.0,770.0,15.0,90.0,RUNNING
2024-01-21 01:00:00,ZONE_M02,15.5,40.1,-15.7,528.0,770.0,15.0,90.0,RUNNING
2024-01-21 01:00:00,ZONE_M03,15.8,38.9,-18.5,517.0,770.0,15.0,90.0,RUNNING
2024-01-21 01:00:00,ZONE_B01,15.3,40.0,-15.2,424.0,770.0,15.0,90.0,RUNNING
2024-01-21 01:00:00,ZONE_B02,16.5,40.0,-11.6,399.0,770.0,15.0,90.0,RUNNING
2024-01-21 02:00:00,ZONE_M01,16.7,42.7,-16.5,519.0,770.0,15.0,90.0,RUNNING
2024-01-21 02:00:00,ZONE_M02,16.3,38.7,-17.6,519.0,770.0,15.0,90.0,RUNNING
2024-01-21 02:00:00,ZONE_M03,16.3,37.9,-13.2,461.0,770.0,15.0,90.0,RUNNING
2024-01-21 02:00:00,ZONE_B01,15.9,39.6,-14.4,505.0,770.0,15.0,90.0,RUNNING
2024-01-21 02:00:00,ZONE_B02,15.2,37.9,-12.1,476.0,770.0,15.0,90.0,RUNNING
2024-01-21 03:00:00,ZONE_M01,15.4,43.9,-20.0,515.0,770.0,15.0,90.0,RUNNING
2024-01-21 03:00:00,ZONE_M02,15.4,44.3,-15.3,436.0,770.0,15.0,90.0,RUNNING
2024-01-21 03:00:00,ZONE_M03,15.9,43.7,-16.7,532.0,770.0,15.0,90.0,RUNNING
2024-01-21 03:00:00,ZONE_B01,15.5,36.1,-12.5,498.0,770.0,15.0,90.0,RUNNING
2024-01-21 03:00:00,ZONE_B02,15.8,35.8,-13.7,403.0,770.0,15.0,90.0,RUNNING
2024-01-21 04:00:00,ZONE_M01,16.1,35.6,-10.4,412.0,770.0,15.0,90.0,RUNNING
2024-01-21 04:00:00,ZONE_M02,17.0,43.8,-15.3,513.0,770.0,15.0,90.0,RUNNING
2024-01-21 04:00:00,ZONE_M03,16.8,39.7,-16.5,422.0,770.0,15.0,90.0,RUNNING
2024-01-21 04:00:00,ZONE_B01,16.7,40.7,-14.6,481.0,770.0,15.0,90.0,RUNNING
2024-01-21 04:00:00,ZONE_B02,16.2,42.2,-14.6,501.0,770.0,15.0,90.0,RUNNING
2024-01-21 05:00:00,ZONE_M01,15.9,41.1,-15.0,485.0,770.0,15.0,90.0,RUNNING
2024-01-21 05:00:00,ZONE_M02,16.2,39.4,-16.3,444.0,770.0,15.0,90.0,RUNNING
2024-01-21 05:00:00,ZONE_M03,16.7,40.3,-12.9,417.0,770.0,15.0,90.0,RUNNING
2024-01-21 05:00:00,ZONE_B01,15.8,36.3,-15.6,451.0,770.0,15.0,90.0,RUNNING
2024-01-21 05:00:00,ZONE_B02,15.9,35.8,-14.4,458.0,770.0,15.0,90.0,RUNNING
2024-01-21 06:00:00,ZONE_M01,20.5,60.0,-14.5,817.0,770.0,15.0,90.0,RUNNING
2024-01-21 06:00:00,ZONE_M02,19.7,51.0,-17.7,634.0,770.0,15.0,90.0,RUNNING
2024-01-21 06:00:00,ZONE_M03,19.0,53.8,-16.7,692.0,770.0,15.0,90.0,RUNNING
2024-01-21 06:00:00,ZONE_B01,20.6,60.0,-15.1,726.0,770.0,15.0,90.0,RUNNING
2024-01-21 06:00:00,ZONE_B02,19.4,57.8,-15.0,741.0,770.0,15.0,90.0,RUNNING
2024-01-21 07:00:00,ZONE_M01,19.0,60.0,-15.9,782.0,770.0,15.0,90.0,RUNNING
2024-01-21 07:00:00,ZONE_M02,19.0,53.7,-11.6,602.0,770.0,15.0,90.0,RUNNING
2024-01-21 07:00:00,ZONE_M03,19.5,52.9,-15.8,714.0,770.0,15.0,90.0,RUNNING
2024-01-21 07:00:00,ZONE_B01,19.5,60.0,-15.5,793.0,770.0,15.0,90.0,RUNNING
2024-01-21 07:00:00,ZONE_B02,20.7,54.2,-15.5,696.0,770.0,15.0,90.0,RUNNING
2024-01-21 08:00:00,ZONE_M01,20.5,49.6,-14.8,689.0,770.0,15.0,90.0,RUNNING
2024-01-21 08:00:00,ZONE_M02,19.5,56.7,-13.1,764.0,770.0,15.0,90.0,RUNNING
2024-01-21 08:00:00,ZONE_M03,20.3,58.5,-19.1,769.0,770.0,15.0,90.0,RUNNING
2024-01-21 08:00:00,ZONE_B01,19.4,54.4,-11.5,737.0,770.0,15.0,90.0,RUNNING
2024-01-21 08:00:00,ZONE_B02,20.8,55.9,-15.9,715.0,770.0,15.0,90.0,RUNNING
2024-01-21 09:00:00,ZONE_M01,20.6,60.0,-14.5,855.0,770.0,15.0,90.0,RUNNING
2024-01-21 09:00:00,ZONE_M02,19.7,55.0,-15.9,788.0,770.0,15.0,90.0,RUNNING
2024-01-21 09:00:00,ZONE_M03,20.1,60.0,-17.8,748.0,770.0,15.0,90.0,RUNNING
2024-01-21 09:00:00,ZONE_B01,18.6,50.1,-15.1,696.0,770.0,15.0,90.0,RUNNING
2024-01-21 09:00:00,ZONE_B02,20.1,52.3,-13.7,662.0,770.0,15.0,90.0,RUNNING
2024-01-21 10:00:00,ZONE_M01,19.8,60.0,-15.4,794.0,770.0,15.0,90.0,RUNNING
2024-01-21 10:00:00,ZONE_M02,20.8,60.0,-17.7,879.0,770.0,15.0,90.0,RUNNING
2024-01-21 10:00:00,ZONE_M03,21.0,60.0,-16.2,766.0,770.0,15.0,90.0,RUNNING
2024-01-21 10:00:00,ZONE_B01,20.2,60.0,-19.0,859.0,770.0,15.0,90.0,RUNNING
2024-01-21 10:00:00,ZONE_B02,20.3,56.4,-14.5,730.0,770.0,15.0,90.0,RUNNING
2024-01-21 11:00:00,ZONE_M01,20.4,50.7,-16.2,601.0,770.0,15.0,90.0,RUNNING
2024-01-21 11:00:00,ZONE_M02,20.0,44.6,-15.6,601.0,770.0,15.0,90.0,RUNNING
2024-01-21 11:00:00,ZONE_M03,20.2,59.9,-17.0,739.0,770.0,15.0,90.0,RUNNING
2024-01-21 11:00:00,ZONE_B01,20.2,60.0,-18.1,968.0,770.0,15.0,90.0,RUNNING
2024-01-21 11:00:00,ZONE_B02,20.3,57.9,-15.4,711.0,770.0,15.0,90.0,RUNNING
2024-01-21 12:00:00,ZONE_M01,20.5,60.0,-13.0,819.0,770.0,15.0,90.0,RUNNING
2024-01-21 12:00:00,ZONE_M02,18.8,57.4,-14.1,729.0,770.0,15.0,90.0,RUNNING
2024-01-21 12:00:00,ZONE_M03,19.5,54.5,-17.0,662.0,770.0,15.0,90.0,RUNNING
2024-01-21 12:00:00,ZONE_B01,20.3,60.0,-17.1,853.0,770.0,15.0,90.0,RUNNING
2024-01-21 12:00:00,ZONE_B02,20.6,60.0,-16.3,781.0,770.0,15.0,90.0,RUNNING
2024-01-21 13:00:00,ZONE_M01,20.2,57.1,-15.2,715.0,770.0,15.0,90.0,RUNNING
2024-01-21 13:00:00,ZONE_M02,20.0,54.5,-12.5,655.0,770.0,15.0,90.0,RUNNING
2024-01-21 13:00:00,ZONE_M03,20.5,60.0,-17.0,865.0,770.0,15.0,90.0,RUNNING
2024-01-21 13:00:00,ZONE_B01,19.2,45.0,-17.2,624.0,770.0,15.0,90.0,RUNNING
2024-01-21 13:00:00,ZONE_B02,20.1,57.7,-14.1,727.0,770.0,15.0,90.0,RUNNING
2024-01-21 14:00:00,ZONE_M01,20.3,54.5,-13.0,695.0,770.0,15.0,90.0,RUNNING
2024-01-21 14:00:00,ZONE_M02,19.4,54.2,-14.3,759.0,770.0,15.0,90.0,RUNNING
2024-01-21 14:00:00,ZONE_M03,19.5,56.5,-9.6,735.0,770.0,15.0,90.0,RUNNING
2024-01-21 14:00:00,ZONE_B01,20.3,60.0,-16.2,828.0,770.0,15.0,90.0,RUNNING
2024-01-21 14:00:00,ZONE_B02,19.8,59.4,-14.1,769.0,770.0,15.0,90.0,RUNNING
2024-01-21 15:00:00,ZONE_M01,19.3,60.0,-14.7,903.0,770.0,15.0,90.0,RUNNING
2024-01-21 15:00:00,ZONE_M02,20.6,53.8,-11.7,741.0,770.0,15.0,90.0,RUNNING
2024-01-21 15:00:00,ZONE_M03,20.0,60.0,-15.9,842.0,770.0,15.0,90.0,RUNNING
2024-01-21 15:00:00,ZONE_B01,19.9,59.1,-17.4,769.0,770.0,15.0,90.0,RUNNING
2024-01-21 15:00:00,ZONE_B02,20.2,60.0,-15.4,856.0,770.0,15.0,90.0,RUNNING
2024-01-21 16:00:00,ZONE_M01,20.6,56.0,-14.0,677.0,770.0,15.0,90.0,RUNNING
2024-01-21 16:00:00,ZONE_M02,20.7,58.4,-16.0,802.0,770.0,15.0,90.0,RUNNING
2024-01-21 16:00:00,ZONE_M03,20.9,59.4,-11.2,793.0,770.0,15.0,90.0,RUNNING
2024-01-21 16:00:00,ZONE_B01,19.8,60.0,-17.8,803.0,770.0,15.0,90.0,RUNNING
2024-01-21 16:00:00,ZONE_B02,21.0,51.3,-16.1,676.0,770.0,15.0,90.0,RUNNING
2024-01-21 17:00:00,ZONE_M01,19.3,60.0,-16.0,737.0,770.0,15.0,90.0,RUNNING
2024-01-21 17:00:00,ZONE_M02,19.4,60.0,-9.3,870.0,770.0,15.0,90.0,RUNNING
2024-01-21 17:00:00,ZONE_M03,19.7,52.6,-16.9,685.0,770.0,15.0,90.0,RUNNING
2024-01-21 17:00:00,ZONE_B01,19.8,60.0,-12.1,812.0,770.0,15.0,90.0,RUNNING
2024-01-21 17:00:00,ZONE_B02,20.4,49.0,-15.2,603.0,770.0,15.0,90.0,RUNNING
2024-01-21 18:00:00,ZONE_M01,19.5,60.0,-17.2,1007.0,770.0,15.0,90.0,RUNNING
2024-01-21 18:00:00,ZONE_M02,20.0,60.0,-15.9,850.0,770.0,15.0,90.0,RUNNING
2024-01-21 18:00:00,ZONE_M03,19.5,55.1,-11.3,712.0,770.0,15.0,90.0,RUNNING
2024-01-21 18:00:00,ZONE_B01,19.9,60.0,-15.6,786.0,770.0,15.0,90.0,RUNNING
2024-01-21 18:00:00,ZONE_B02,19.7,51.7,-16.4,698.0,770.0,15.0,90.0,RUNNING
2024-01-21 19:00:00,ZONE_M01,20.2,57.5,-17.4,712.0,770.0,15.0,90.0,RUNNING
2024-01-21 19:00:00,ZONE_M02,20.3,60.0,-17.7,839.0,770.0,15.0,90.0,RUNNING
2024-01-21 19:00:00,ZONE_M03,20.9,60.0,-15.9,793.0,770.0,15.0,90.0,RUNNING
2024-01-21 19:00:00,ZONE_B01,20.0,60.0,-15.4,776.0,770.0,15.0,90.0,RUNNING
2024-01-21 19:00:00,ZONE_B02,19.3,56.4,-11.5,732.0,770.0,15.0,90.0,RUNNING
2024-01-21 20:00:00,ZONE_M01,19.6,60.0,-14.7,756.0,770.0,15.0,90.0,RUNNING
2024-01-21 20:00:00,ZONE_M02,19.5,60.0,-13.8,807.0,770.0,15.0,90.0,RUNNING
2024-01-21 20:00:00,ZONE_M03,20.1,58.0,-16.1,770.0,770.0,15.0,90.0,RUNNING
2024-01-21 20:00:00,ZONE_B01,20.6,58.7,-15.7,711.0,770.0,15.0,90.0,RUNNING
2024-01-21 20:00:00,ZONE_B02,20.5,56.4,-16.5,777.0,770.0,15.0,90.0,RUNNING
2024-01-21 21:00:00,ZONE_M01,19.6,58.9,-13.7,794.0,770.0,15.0,90.0,RUNNING
2024-01-21 21:00:00,ZONE_M02,19.8,60.0,-13.9,850.0,770.0,15.0,90.0,RUNNING
2024-01-21 21:00:00,ZONE_M03,19.5,56.5,-18.5,743.0,770.0,15.0,90.0,RUNNING
2024-01-21 21:00:00,ZONE_B01,20.0,58.1,-18.0,790.0,770.0,15.0,90.0,RUNNING
2024-01-21 21:00:00,ZONE_B02,20.4,53.2,-17.4,725.0,770.0,15.0,90.0,RUNNING
2024-01-21 22:00:00,ZONE_M01,20.4,58.2,-12.3,736.0,770.0,15.0,90.0,RUNNING
2024-01-21 22:00:00,ZONE_M02,21.1,54.6,-18.8,688.0,770.0,15.0,90.0,RUNNING
2024-01-21 22:00:00,ZONE_M03,20.0,55.7,-14.9,673.0,770.0,15.0,90.0,RUNNING
2024-01-21 22:00:00,ZONE_B01,20.8,57.0,-12.6,745.0,770.0,15.0,90.0,RUNNING
2024-01-21 22:00:00,ZONE_B02,20.6,53.6,-16.4,686.0,770.0,15.0,90.0,RUNNING
2024-01-21 23:00:00,ZONE_M01,16.0,41.4,-14.8,495.0,770.0,15.0,90.0,RUNNING
2024-01-21 23:00:00,ZONE_M02,15.9,40.2,-14.4,479.0,770.0,15.0,90.0,RUNNING
2024-01-21 23:00:00,ZONE_M03,15.7,33.7,-11.6,473.0,770.0,15.0,90.0,RUNNING
2024-01-21 23:00:00,ZONE_B01,16.0,40.9,-14.1,417.0,770.0,15.0,90.0,RUNNING
2024-01-21 23:00:00,ZONE_B02,16.1,43.2,-15.1,478.0,770.0,15.0,90.0,RUNNING
2024-01-22 00:00:00,ZONE_M01,16.1,40.7,-18.5,519.0,770.0,15.0,90.0,RUNNING
2024-01-22 00:00:00,ZONE_M02,15.7,41.2,-17.3,470.0,770.0,15.0,90.0,RUNNING
2024-01-22 00:00:00,ZONE_M03,15.6,38.9,-16.5,486.0,770.0,15.0,90.0,RUNNING
2024-01-22 00:00:00,ZONE_B01,14.6,35.9,-12.6,397.0,770.0,15.0,90.0,RUNNING
2024-01-22 00:00:00,ZONE_B02,15.6,42.7,-15.1,460.0,770.0,15.0,90.0,RUNNING
2024-01-22 01:00:00,ZONE_M01,14.7,39.7,-12.8,458.0,770.0,15.0,90.0,RUNNING
2024-01-22 01:00:00,ZONE_M02,16.4,39.2,-15.1,513.0,770.0,15.0,90.0,RUNNING
2024-01-22 01:00:00,ZONE_M03,15.9,46.8,-17.3,453.0,770.0,15.0,90.0,RUNNING
2024-01-22 01:00:00,ZONE_B01,15.5,42.5,-16.4,468.0,770.0,15.0,90.0,RUNNING
2024-01-22 01:00:00,ZONE_B02,16.5,33.9,-18.5,461.0,770.0,15.0,90.0,RUNNING
2024-01-22 02:00:00,ZONE_M01,16.2,40.4,-17.3,493.0,770.0,15.0,90.0,RUNNING
2024-01-22 02:00:00,ZONE_M02,15.5,40.2,-11.5,518.0,770.0,15.0,90.0,RUNNING
2024-01-22 02:00:00,ZONE_M03,16.6,41.3,-18.7,461.0,770.0,15.0,90.0,RUNNING
2024-01-22 02:00:00,ZONE_B01,17.0,38.1,-13.4,451.0,770.0,15.0,90.0,RUNNING
2024-01-22 02:00:00,ZONE_B02,16.8,42.5,-17.7,439.0,770.0,15.0,90.0,RUNNING
2024-01-22 03:00:00,ZONE_M01,15.6,43.3,-10.6,506.0,770.0,15.0,90.0,RUNNING
2024-01-22 03:00:00,ZONE_M02,16.2,39.6,-15.7,453.0,770.0,15.0,90.0,RUNNING
2024-01-22 03:00:00,ZONE_M03,17.0,43.4,-12.8,517.0,770.0,15.0,90.0,RUNNING
2024-01-22 03:00:00,ZONE_B01,16.0,43.3,-14.0,474.0,770.0,15.0,90.0,RUNNING
2024-01-22 03:00:00,ZONE_B02,16.5,34.7,-16.7,505.0,770.0,15.0,90.0,RUNNING
2024-01-22 04:00:00,ZONE_M01,15.9,36.8,-12.3,470.0,770.0,15.0,90.0,RUNNING
2024-01-22 04:00:00,ZONE_M02,16.2,46.0,-18.2,453.0,770.0,15.0,90.0,RUNNING
2024-01-22 04:00:00,ZONE_M03,15.0,46.5,-16.1,558.0,770.0,15.0,90.0,RUNNING
2024-01-22 04:00:00,ZONE_B01,15.8,43.5,-17.4,501.0,770.0,15.0,90.0,RUNNING
2024-01-22 04:00:00,ZONE_B02,16.4,32.0,-18.4,413.0,770.0,15.0,90.0,RUNNING
2024-01-22 05:00:00,ZONE_M01,16.0,44.5,-15.1,477.0,770.0,15.0,90.0,RUNNING
2024-01-22 05:00:00,ZONE_M02,16.4,38.1,-14.4,455.0,770.0,15.0,90.0,RUNNING
2024-01-22 05:00:00,ZONE_M03,15.5,48.5,-13.8,449.0,770.0,15.0,90.0,RUNNING
2024-01-22 05:00:00,ZONE_B01,16.5,44.3,-18.7,513.0,770.0,15.0,90.0,RUNNING
2024-01-22 05:00:00,ZONE_B02,15.9,38.9,-16.2,495.0,770.0,15.0,90.0,RUNNING
2024-01-22 06:00:00,ZONE_M01,20.4,56.4,-14.0,721.0,770.0,15.0,90.0,RUNNING
2024-01-22 06:00:00,ZONE_M02,20.3,60.0,-15.3,874.0,770.0,15.0,90.0,RUNNING
2024-01-22 06:00:00,ZONE_M03,19.7,58.4,-14.9,795.0,770.0,15.0,90.0,RUNNING
2024-01-22 06:00:00,ZONE_B01,19.6,60.0,-13.8,958.0,770.0,15.0,90.0,RUNNING
2024-01-22 06:00:00,ZONE_B02,20.3,60.0,-20.1,853.0,770.0,15.0,90.0,RUNNING
2024-01-22 07:00:00,ZONE_M01,20.2,53.7,-15.1,765.0,770.0,15.0,90.0,RUNNING
2024-01-22 07:00:00,ZONE_M02,20.4,51.6,-13.9,625.0,770.0,15.0,90.0,RUNNING
2024-01-22 07:00:00,ZONE_M03,19.3,47.3,-17.5,637.0,770.0,15.0,90.0,RUNNING
2024-01-22 07:00:00,ZONE_B01,20.1,60.0,-14.4,957.0,770.0,15.0,90.0,RUNNING
2024-01-22 07:00:00,ZONE_B02,20.2,59.0,-14.9,801.0,770.0,15.0,90.0,RUNNING
2024-01-22 08:00:00,ZONE_M01,20.1,50.9,-14.3,652.0,770.0,15.0,90.0,RUNNING
2024-01-22 08:00:00,ZONE_M02,20.7,53.4,-10.8,737.0,770.0,15.0,90.0,RUNNING
2024-01-22 08:00:00,ZONE_M03,19.4,60.0,-15.3,773.0,770.0,15.0,90.0,RUNNING
2024-01-22 08:00:00,ZONE_B01,20.2,57.8,-15.5,695.0,770.0,15.0,90.0,RUNNING
2024-01-22 08:00:00,ZONE_B02,19.5,54.2,-15.5,745.0,770.0,15.0,90.0,RUNNING
2024-01-22 09:00:00,ZONE_M01,20.5,59.2,-17.6,745.0,770.0,15.0,90.0,RUNNING
2024-01-22 09:00:00,ZONE_M02,20.7,51.7,-17.1,700.0,770.0,15.0,90.0,RUNNING
2024-01-22 09:00:00,ZONE_M03,19.8,59.0,-16.5,729.0,770.0,15.0,90.0,RUNNING
2024-01-22 09:00:00,ZONE_B01,19.8,56.6,-18.3,729.0,770.0,15.0,90.0,RUNNING
2024-01-22 09:00:00,ZONE_B02,19.6,59.6,-14.3,717.0,770.0,15.0,90.0,RUNNING
2024-01-22 10:00:00,ZONE_M01,20.8,58.8,-14.8,773.0,770.0,15.0,90.0,RUNNING
2024-01-22 10:00:00,ZONE_M02,20.7,60.0,-13.7,878.0,770.0,15.0,90.0,RUNNING
2024-01-22 10:00:00,ZONE_M03,19.9,49.0,-16.1,673.0,770.0,15.0,90.0,RUNNING
2024-01-22 10:00:00,ZONE_B01,19.4,57.5,-21.0,806.0,770.0,15.0,90.0,RUNNING
2024-01-22 10:00:00,ZONE_B02,19.5,52.7,-15.9,724.0,770.0,15.0,90.0,RUNNING
2024-01-22 11:00:00,ZONE_M01,19.2,60.0,-15.1,811.0,770.0,15.0,90.0,RUNNING
2024-01-22 11:00:00,ZONE_M02,20.4,57.3,-17.9,679.0,770.0,15.0,90.0,RUNNING
2024-01-22 11:00:00,ZONE_M03,19.6,60.0,-15.7,692.0,770.0,15.0,90.0,RUNNING
2024-01-22 11:00:00,ZONE_B01,19.9,60.0,-12.8,793.0,770.0,15.0,90.0,RUNNING
2024-01-22 11:00:00,ZONE_B02,19.9,60.0,-16.0,857.0,770.0,15.0,90.0,RUNNING
2024-01-22 12:00:00,ZONE_M01,19.6,60.0,-13.7,880.0,770.0,15.0,90.0,RUNNING
2024-01-22 12:00:00,ZONE_M02,19.8,60.0,-16.3,778.0,770.0,15.0,90.0,RUNNING
2024-01-22 12:00:00,ZONE_M03,20.6,47.5,-12.3,664.0,770.0,15.0,90.0,RUNNING
2024-01-22 12:00:00,ZONE_B01,19.0,60.0,-16.9,783.0,770.0,15.0,90.0,RUNNING
2024-01-22 12:00:00,ZONE_B02,19.9,60.0,-15.2,743.0,770.0,15.0,90.0,RUNNING
2024-01-22 13:00:00,ZONE_M01,20.8,54.2,-14.8,792.0,770.0,15.0,90.0,RUNNING
2024-01-22 13:00:00,ZONE_M02,20.0,59.4,-13.1,784.0,770.0,15.0,90.0,RUNNING
2024-01-22 13:00:00,ZONE_M03,20.3,53.9,-16.8,670.0,770.0,15.0,90.0,RUNNING
2024-01-22 13:00:00,ZONE_B01,19.1,60.0,-15.8,815.0,770.0,15.0,90.0,RUNNING
2024-01-22 13:00:00,ZONE_B02,19.8,50.7,-14.9,688.0,770.0,15.0,90.0,RUNNING
2024-01-22 14:00:00,ZONE_M01,19.6,60.0,-15.8,770.0,770.0,15.0,90.0,RUNNING
2024-01-22 14:00:00,ZONE_M02,20.1,54.8,-15.5,697.0,770.0,15.0,90.0,RUNNING
2024-01-22 14:00:00,ZONE_M03,19.0,56.8,-13.9,675.0,770.0,15.0,90.0,RUNNING
2024-01-22 14:00:00,ZONE_B01,19.9,59.9,-15.8,725.0,770.0,15.0,90.0,RUNNING
2024-01-22 14:00:00,ZONE_B02,19.8,60.0,-15.6,872.0,770.0,15.0,90.0,RUNNING
2024-01-22 15:00:00,ZONE_M01,19.3,56.0,-16.6,696.0,770.0,15.0,90.0,RUNNING
2024-01-22 15:00:00,ZONE_M02,19.1,54.0,-17.7,661.0,770.0,15.0,90.0,RUNNING
2024-01-22 15:00:00,ZONE_M03,20.5,60.0,-16.2,800.0,770.0,15.0,90.0,RUNNING
2024-01-22 15:00:00,ZONE_B01,20.7,53.7,-16.4,622.0,770.0,15.0,90.0,RUNNING
2024-01-22 15:00:00,ZONE_B02,19.6,57.9,-13.3,820.0,770.0,15.0,90.0,RUNNING
2024-01-22 16:00:00,ZONE_M01,20.2,56.9,-16.8,824.0,770.0,15.0,90.0,RUNNING
2024-01-22 16:00:00,ZONE_M02,20.4,60.0,-15.6,876.0,770.0,15.0,90.0,RUNNING
2024-01-22 16:00:00,ZONE_M03,20.1,54.6,-16.6,756.0,770.0,15.0,90.0,RUNNING
2024-01-22 16:00:00,ZONE_B01,19.0,50.3,-18.1,728.0,770.0,15.0,90.0,RUNNING
2024-01-22 16:00:00,ZONE_B02,20.1,53.8,-13.1,693.0,770.0,15.0,90.0,RUNNING
2024-01-22 17:00:00,ZONE_M01,19.6,58.1,-13.6,793.0,770.0,15.0,90.0,RUNNING
2024-01-22 17:00:00,ZONE_M02,19.7,60.0,-15.4,804.0,770.0,15.0,90.0,RUNNING
2024-01-22 17:00:00,ZONE_M03,20.1,49.9,-11.1,689.0,770.0,15.0,90.0,RUNNING
2024-01-22 17:00:00,ZONE_B01,20.6,60.0,-16.4,924.0,770.0,15.0,90.0,RUNNING
2024-01-22 17:00:00,ZONE_B02,19.3,56.6,-16.5,725.0,770.0,15.0,90.0,RUNNING
2024-01-22 18:00:00,ZONE_M01,20.4,59.7,-19.4,801.0,770.0,15.0,90.0,RUNNING
2024-01-22 18:00:00,ZONE_M02,19.2,54.2,-13.6,679.0,770.0,15.0,90.0,RUNNING
2024-01-22 18:00:00,ZONE_M03,20.2,55.6,-12.3,713.0,770.0,15.0,90.0,RUNNING
2024-01-22 18:00:00,ZONE_B01,19.3,60.0,-13.7,809.0,770.0,15.0,90.0,RUNNING
2024-01-22 18:00:00,ZONE_B02,20.0,59.5,-14.1,741.0,770.0,15.0,90.0,RUNNING
2024-01-22 19:00:00,ZONE_M01,20.1,56.3,-17.9,768.0,770.0,15.0,90.0,RUNNING
2024-01-22 19:00:00,ZONE_M02,19.7,49.8,-14.5,617.0,770.0,15.0,90.0,RUNNING
2024-01-22 19:00:00,ZONE_M03,20.0,60.0,-15.9,833.0,770.0,15.0,90.0,RUNNING
2024-01-22 19:00:00,ZONE_B01,20.0,57.0,-11.6,755.0,770.0,15.0,90.0,RUNNING
2024-01-22 19:00:00,ZONE_B02,19.7,56.1,-18.6,743.0,770.0,15.0,90.0,RUNNING
2024-01-22 20:00:00,ZONE_M01,20.6,60.0,-15.1,864.0,770.0,15.0,90.0,RUNNING
2024-01-22 20:00:00,ZONE_M02,20.1,59.6,-14.9,795.0,770.0,15.0,90.0,RUNNING
2024-01-22 20:00:00,ZONE_M03,20.4,60.0,-16.6,877.0,770.0,15.0,90.0,RUNNING
2024-01-22 20:00:00,ZONE_B01,20.1,60.0,-13.6,903.0,770.0,15.0,90.0,RUNNING
2024-01-22 20:00:00,ZONE_B02,20.3,60.0,-17.2,843.0,770.0,15.0,90.0,RUNNING
2024-01-22 21:00:00,ZONE_M01,20.1,60.0,-18.4,741.0,770.0,15.0,90.0,RUNNING
2024-01-22 21:00:00,ZONE_M02,19.7,55.2,-14.6,709.0,770.0,15.0,90.0,RUNNING
2024-01-22 21:00:00,ZONE_M03,20.3,43.0,-14.3,514.0,770.0,15.0,90.0,RUNNING
2024-01-22 21:00:00,ZONE_B01,19.7,49.8,-13.8,644.0,770.0,15.0,90.0,RUNNING
2024-01-22 21:00:00,ZONE_B02,19.7,60.0,-15.6,912.0,770.0,15.0,90.0,RUNNING
2024-01-22 22:00:00,ZONE_M01,20.4,55.3,-15.5,780.0,770.0,15.0,90.0,RUNNING
2024-01-22 22:00:00,ZONE_M02,20.0,60.0,-18.0,1001.0,770.0,15.0,90.0,RUNNING
2024-01-22 22:00:00,ZONE_M03,20.1,48.4,-17.0,670.0,770.0,15.0,90.0,RUNNING
2024-01-22 22:00:00,ZONE_B01,20.2,59.1,-12.1,722.0,770.0,15.0,90.0,RUNNING
2024-01-22 22:00:00,ZONE_B02,19.7,54.8,-12.0,607.0,770.0,15.0,90.0,RUNNING
2024-01-22 23:00:00,ZONE_M01,16.2,38.5,-15.7,484.0,770.0,15.0,90.0,RUNNING
2024-01-22 23:00:00,ZONE_M02,16.5,45.8,-13.4,494.0,770.0,15.0,90.0,RUNNING
2024-01-22 23:00:00,ZONE_M03,16.7,38.3,-11.0,480.0,770.0,15.0,90.0,RUNNING
2024-01-22 23:00:00,ZONE_B01,15.8,33.8,-16.3,486.0,770.0,15.0,90.0,RUNNING
2024-01-22 23:00:00,ZONE_B02,16.4,35.3,-12.0,456.0,770.0,15.0,90.0,RUNNING
2024-01-23 00:00:00,ZONE_M01,15.7,35.7,-15.7,478.0,770.0,15.0,90.0,RUNNING
2024-01-23 00:00:00,ZONE_M02,15.0,39.9,-15.8,432.0,770.0,15.0,90.0,RUNNING
2024-01-23 00:00:00,ZONE_M03,15.8,43.4,-17.1,541.0,770.0,15.0,90.0,RUNNING
2024-01-23 00:00:00,ZONE_B01,15.9,36.1,-13.8,496.0,770.0,15.0,90.0,RUNNING
2024-01-23 00:00:00,ZONE_B02,15.8,37.0,-14.7,433.0,770.0,15.0,90.0,RUNNING
2024-01-23 01:00:00,ZONE_M01,15.5,40.2,-16.4,410.0,770.0,15.0,90.0,RUNNING
2024-01-23 01:00:00,ZONE_M02,16.4,34.7,-16.9,379.0,770.0,15.0,90.0,RUNNING
2024-01-23 01:00:00,ZONE_M03,16.1,50.2,-16.4,524.0,770.0,15.0,90.0,RUNNING
2024-01-23 01:00:00,ZONE_B01,15.8,36.3,-16.1,454.0,770.0,15.0,90.0,RUNNING
2024-01-23 01:00:00,ZONE_B02,15.2,42.1,-14.1,456.0,770.0,15.0,90.0,RUNNING
2024-01-23 02:00:00,ZONE_M01,16.2,42.5,-14.7,524.0,770.0,15.0,90.0,RUNNING
2024-01-23 02:00:00,ZONE_M02,16.1,38.0,-15.1,502.0,770.0,15.0,90.0,RUNNING
2024-01-23 02:00:00,ZONE_M03,15.7,41.1,-16.9,527.0,770.0,15.0,90.0,RUNNING
2024-01-23 02:00:00,ZONE_B01,16.3,41.6,-17.6,469.0,770.0,15.0,90.0,RUNNING
2024-01-23 02:00:00,ZONE_B02,15.1,37.9,-17.2,497.0,770.0,15.0,90.0,RUNNING
2024-01-23 03:00:00,ZONE_M01,16.4,37.9,-17.0,453.0,770.0,15.0,90.0,RUNNING
2024-01-23 03:00:00,ZONE_M02,16.3,45.3,-17.9,462.0,770.0,15.0,90.0,RUNNING
2024-01-23 03:00:00,ZONE_M03,15.4,40.5,-17.9,403.0,770.0,15.0,90.0,RUNNING
2024-01-23 03:00:00,ZONE_B01,15.6,41.9,-17.5,465.0,770.0,15.0,90.0,RUNNING
2024-01-23 03:00:00,ZONE_B02,16.4,47.0,-16.6,484.0,770.0,15.0,90.0,RUNNING
2024-01-23 04:00:00,ZONE_M01,15.9,39.8,-15.9,465.0,770.0,15.0,90.0,RUNNING
2024-01-23 04:00:00,ZONE_M02,15.8,39.4,-15.0,441.0,770.0,15.0,90.0,RUNNING
2024-01-23 04:00:00,ZONE_M03,16.7,41.2,-14.9,505.0,770.0,15.0,90.0,RUNNING
2024-01-23 04:00:00,ZONE_B01,15.6,43.2,-15.4,497.0,770.0,15.0,90.0,RUNNING
2024-01-23 04:00:00,ZONE_B02,16.9,39.9,-10.4,512.0,770.0,15.0,90.0,RUNNING
2024-01-23 05:00:00,ZONE_M01,15.8,39.5,-17.0,499.0,770.0,15.0,90.0,RUNNING
2024-01-23 05:00:00,ZONE_M02,15.9,32.5,-15.8,418.0,770.0,15.0,90.0,RUNNING
2024-01-23 05:00:00,ZONE_M03,15.9,43.5,-16.8,509.0,770.0,15.0,90.0,RUNNING
2024-01-23 05:00:00,ZONE_B01,15.6,45.6,-15.0,463.0,770.0,15.0,90.0,RUNNING
2024-01-23 05:00:00,ZONE_B02,16.9,41.2,-18.2,522.0,770.0,15.0,90.0,RUNNING
2024-01-23 06:00:00,ZONE_M01,20.2,56.5,-16.4,744.0,770.0,15.0,90.0,RUNNING
2024-01-23 06:00:00,ZONE_M02,20.0,54.1,-16.2,690.0,770.0,15.0,90.0,RUNNING
2024-01-23 06:00:00,ZONE_M03,20.3,47.3,-16.2,631.0,770.0,15.0,90.0,RUNNING
2024-01-23 06:00:00,ZONE_B01,19.7,53.0,-14.4,705.0,770.0,15.0,90.0,RUNNING
2024-01-23 06:00:00,ZONE_B02,20.1,60.0,-15.0,765.0,770.0,15.0,90.0,RUNNING
2024-01-23 07:00:00,ZONE_M01,20.0,60.0,-17.2,870.0,770.0,15.0,90.0,RUNNING
2024-01-23 07:00:00,ZONE_M02,19.2,54.7,-17.0,684.0,770.0,15.0,90.0,RUNNING
2024-01-23 07:00:00,ZONE_M03,20.0,55.5,-12.8,714.0,770.0,15.0,90.0,RUNNING
2024-01-23 07:00:00,ZONE_B01,20.0,60.0,-17.7,972.0,770.0,15.0,90.0,RUNNING
2024-01-23 07:00:00,ZONE_B02,19.6,52.4,-15.0,629.0,770.0,15.0,90.0,RUNNING
2024-01-23 08:00:00,ZONE_M01,19.5,59.0,-18.3,709.0,770.0,15.0,90.0,RUNNING
2024-01-23 08:00:00,ZONE_M02,20.5,56.8,-20.9,689.0,770.0,15.0,90.0,RUNNING
2024-01-23 08:00:00,ZONE_M03,19.6,53.0,-13.9,726.0,770.0,15.0,90.0,RUNNING
2024-01-23 08:00:00,ZONE_B01,19.5,54.0,-15.8,690.0,770.0,15.0,90.0,RUNNING
2024-01-23 08:00:00,ZONE_B02,20.2,60.0,-17.7,692.0,770.0,15.0,90.0,RUNNING
2024-01-23 09:00:00,ZONE_M01,21.0,53.4,-15.6,680.0,770.0,15.0,90.0,RUNNING
2024-01-23 09:00:00,ZONE_M02,20.4,60.0,-14.9,1001.0,770.0,15.0,90.0,RUNNING
2024-01-23 09:00:00,ZONE_M03,19.8,56.4,-15.6,656.0,770.0,15.0,90.0,RUNNING
2024-01-23 09:00:00,ZONE_B01,19.6,57.5,-16.6,729.0,770.0,15.0,90.0,RUNNING
2024-01-23 09:00:00,ZONE_B02,19.9,50.2,-17.9,643.0,770.0,15.0,90.0,RUNNING
2024-01-23 10:00:00,ZONE_M01,19.7,58.2,-17.9,751.0,770.0,15.0,90.0,RUNNING
2024-01-23 10:00:00,ZONE_M02,20.3,53.2,-17.5,692.0,770.0,15.0,90.0,RUNNING
2024-01-23 10:00:00,ZONE_M03,20.5,57.5,-16.2,718.0,770.0,15.0,90.0,RUNNING
2024-01-23 10:00:00,ZONE_B01,19.7,60.0,-11.4,809.0,770.0,15.0,90.0,RUNNING
2024-01-23 10:00:00,ZONE_B02,20.8,53.1,-14.4,673.0,770.0,15.0,90.0,RUNNING
2024-01-23 11:00:00,ZONE_M01,19.0,60.0,-17.5,806.0,770.0,15.0,90.0,RUNNING
2024-01-23 11:00:00,ZONE_M02,19.2,46.9,-15.3,539.0,770.0,15.0,90.0,RUNNING
2024-01-23 11:00:00,ZONE_M03,19.7,50.7,-14.1,699.0,770.0,15.0,90.0,RUNNING
2024-01-23 11:00:00,ZONE_B01,20.8,60.0,-17.3,822.0,770.0,15.0,90.0,RUNNING
2024-01-23 11:00:00,ZONE_B02,21.1,60.0,-16.4,867.0,770.0,15.0,90.0,RUNNING
2024-01-23 12:00:00,ZONE_M01,19.9,51.2,-17.8,629.0,770.0,15.0,90.0,RUNNING
2024-01-23 12:00:00,ZONE_M02,20.6,58.2,-13.3,757.0,770.0,15.0,90.0,RUNNING
2024-01-23 12:00:00,ZONE_M03,20.1,60.0,-18.5,852.0,770.0,15.0,90.0,RUNNING
2024-01-23 12:00:00,ZONE_B01,20.5,60.0,-11.7,818.0,770.0,15.0,90.0,RUNNING
2024-01-23 12:00:00,ZONE_B02,19.9,56.1,-14.4,726.0,770.0,15.0,90.0,RUNNING
2024-01-23 13:00:00,ZONE_M01,20.1,55.5,-19.1,718.0,770.0,15.0,90.0,RUNNING
2024-01-23 13:00:00,ZONE_M02,20.8,60.0,-16.2,904.0,770.0,15.0,90.0,RUNNING
2024-01-23 13:00:00,ZONE_M03,19.8,52.9,-11.6,731.0,770.0,15.0,90.0,RUNNING
2024-01-23 13:00:00,ZONE_B01,19.7,56.8,-18.5,748.0,770.0,15.0,90.0,RUNNING
2024-01-23 13:00:00,ZONE_B02,20.4,56.3,-14.2,704.0,770.0,15.0,90.0,RUNNING
2024-01-23 14:00:00,ZONE_M01,20.3,56.8,-13.8,743.0,770.0,15.0,90.0,RUNNING
2024-01-23 14:00:00,ZONE_M02,20.0,57.9,-14.1,723.0,770.0,15.0,90.0,RUNNING
2024-01-23 14:00:00,ZONE_M03,19.8,56.1,-14.8,777.0,770.0,15.0,90.0,RUNNING
2024-01-23 14:00:00,ZONE_B01,19.7,57.7,-17.4,768.0,770.0,15.0,90.0,RUNNING
2024-01-23 14:00:00,ZONE_B02,20.3,56.6,-16.1,763.0,770.0,15.0,90.0,RUNNING
2024-01-23 15:00:00,ZONE_M01,20.8,60.0,-14.0,776.0,770.0,15.0,90.0,RUNNING
2024-01-23 15:00:00,ZONE_M02,20.9,59.8,-16.0,763.0,770.0,15.0,90.0,RUNNING
2024-01-23 15:00:00,ZONE_M03,19.9,60.0,-14.5,800.0,770.0,15.0,90.0,RUNNING
2024-01-23 15:00:00,ZONE_B01,19.9,57.7,-16.0,793.0,770.0,15.0,90.0,RUNNING
2024-01-23 15:00:00,ZONE_B02,19.7,56.4,-15.7,722.0,770.0,15.0,90.0,RUNNING
2024-01-23 16:00:00,ZONE_M01,19.4,54.0,-19.4,712.0,770.0,15.0,90.0,RUNNING
2024-01-23 16:00:00,ZONE_M02,20.3,51.9,-15.9,668.0,770.0,15.0,90.0,RUNNING
2024-01-23 16:00:00,ZONE_M03,19.9,60.0,-15.2,815.0,770.0,15.0,90.0,RUNNING
2024-01-23 16:00:00,ZONE_B01,19.9,55.2,-20.4,700.0,770.0,15.0,90.0,RUNNING
2024-01-23 16:00:00,ZONE_B02,20.0,60.0,-15.1,776.0,770.0,15.0,90.0,RUNNING
2024-01-23 17:00:00,ZONE_M01,20.1,45.9,-18.7,569.0,770.0,15.0,90.0,RUNNING
2024-01-23 17:00:00,ZONE_M02,19.8,58.0,-14.7,748.0,770.0,15.0,90.0,RUNNING
2024-01-23 17:00:00,ZONE_M03,20.4,60.0,-18.8,742.0,770.0,15.0,90.0,RUNNING
2024-01-23 17:00:00,ZONE_B01,19.9,58.7,-13.7,701.0,770.0,15.0,90.0,RUNNING
2024-01-23 17:00:00,ZONE_B02,19.8,59.0,-16.2,707.0,770.0,15.0,90.0,RUNNING
2024-01-23 18:00:00,ZONE_M01,21.2,52.4,-14.9,619.0,770.0,15.0,90.0,RUNNING
2024-01-23 18:00:00,ZONE_M02,20.5,54.8,-15.4,609.0,770.0,15.0,90.0,RUNNING
2024-01-23 18:00:00,ZONE_M03,20.1,57.7,-14.9,749.0,770.0,15.0,90.0,RUNNING
2024-01-23 18:00:00,ZONE_B01,19.9,47.2,-13.8,621.0,770.0,15.0,90.0,RUNNING
2024-01-23 18:00:00,ZONE_B02,20.7,43.6,-19.1,586.0,770.0,15.0,90.0,RUNNING
2024-01-23 19:00:00,ZONE_M01,20.4,56.0,-15.4,632.0,770.0,15.0,90.0,RUNNING
2024-01-23 19:00:00,ZONE_M02,20.4,57.7,-16.3,722.0,770.0,15.0,90.0,RUNNING
2024-01-23 19:00:00,ZONE_M03,20.1,57.8,-15.2,698.0,770.0,15.0,90.0,RUNNING
2024-01-23 19:00:00,ZONE_B01,19.5,54.4,-16.9,729.0,770.0,15.0,90.0,RUNNING
2024-01-23 19:00:00,ZONE_B02,20.4,60.0,-17.0,748.0,770.0,15.0,90.0,RUNNING
2024-01-23 20:00:00,ZONE_M01,20.4,56.9,-16.2,771.0,770.0,15.0,90.0,RUNNING
2024-01-23 20:00:00,ZONE_M02,19.4,55.3,-14.9,745.0,770.0,15.0,90.0,RUNNING
2024-01-23 20:00:00,ZONE_M03,19.8,56.0,-13.8,805.0,770.0,15.0,90.0,RUNNING
2024-01-23 20:00:00,ZONE_B01,20.6,51.7,-13.6,711.0,770.0,15.0,90.0,RUNNING
2024-01-23 20:00:00,ZONE_B02,19.5,52.5,-16.5,657.0,770.0,15.0,90.0,RUNNING
2024-01-23 21:00:00,ZONE_M01,20.6,60.0,-16.9,717.0,770.0,15.0,90.0,RUNNING
2024-01-23 21:00:00,ZONE_M02,20.3,44.6,-13.6,613.0,770.0,15.0,90.0,RUNNING
2024-01-23 21:00:00,ZONE_M03,20.2,48.6,-13.4,650.0,770.0,15.0,90.0,RUNNING
2024-01-23 21:00:00,ZONE_B01,20.8,55.9,-17.4,773.0,770.0,15.0,90.0,RUNNING
2024-01-23 21:00:00,ZONE_B02,19.9,60.0,-13.9,849.0,770.0,15.0,90.0,RUNNING
2024-01-23 22:00:00,ZONE_M01,19.7,43.8,-14.0,580.0,770.0,15.0,90.0,RUNNING
2024-01-23 22:00:00,ZONE_M02,19.6,60.0,-13.5,822.0,770.0,15.0,90.0,RUNNING
2024-01-23 22:00:00,ZONE_M03,19.7,55.1,-15.3,698.0,770.0,15.0,90.0,RUNNING
2024-01-23 22:00:00,ZONE_B01,19.7,58.9,-18.3,730.0,770.0,15.0,90.0,RUNNING
2024-01-23 22:00:00,ZONE_B02,19.3,54.1,-14.6,756.0,770.0,15.0,90.0,RUNNING
2024-01-23 23:00:00,ZONE_M01,15.9,43.4,-18.9,517.0,770.0,15.0,90.0,RUNNING
2024-01-23 23:00:00,ZONE_M02,16.6,41.3,-18.4,493.0,770.0,15.0,90.0,RUNNING
2024-01-23 23:00:00,ZONE_M03,16.2,41.8,-17.6,443.0,770.0,15.0,90.0,RUNNING
2024-01-23 23:00:00,ZONE_B01,16.2,36.5,-14.7,467.0,770.0,15.0,90.0,RUNNING
2024-01-23 23:00:00,ZONE_B02,15.4,44.8,-14.1,478.0,770.0,15.0,90.0,RUNNING
2024-01-24 00:00:00,ZONE_M01,16.1,45.4,-16.6,448.0,770.0,15.0,90.0,RUNNING
2024-01-24 00:00:00,ZONE_M02,16.1,40.2,-14.9,465.0,770.0,15.0,90.0,RUNNING
2024-01-24 00:00:00,ZONE_M03,16.7,45.3,-15.5,531.0,770.0,15.0,90.0,RUNNING
2024-01-24 00:00:00,ZONE_B01,15.0,36.7,-14.2,537.0,770.0,15.0,90.0,RUNNING
2024-01-24 00:00:00,ZONE_B02,16.4,38.8,-18.3,449.0,770.0,15.0,90.0,RUNNING
2024-01-24 01:00:00,ZONE_M01,16.2,38.0,-14.0,490.0,770.0,15.0,90.0,RUNNING
2024-01-24 01:00:00,ZONE_M02,16.0,40.2,-13.6,506.0,770.0,15.0,90.0,RUNNING
2024-01-24 01:00:00,ZONE_M03,15.3,41.8,-16.4,466.0,770.0,15.0,90.0,RUNNING
2024-01-24 01:00:00,ZONE_B01,15.7,37.4,-15.1,462.0,770.0,15.0,90.0,RUNNING
2024-01-24 01:00:00,ZONE_B02,16.4,43.3,-15.1,535.0,770.0,15.0,90.0,RUNNING
2024-01-24 02:00:00,ZONE_M01,17.0,37.2,-18.0,507.0,770.0,15.0,90.0,RUNNING
2024-01-24 02:00:00,ZONE_M02,15.9,40.3,-15.5,467.0,770.0,15.0,90.0,RUNNING
2024-01-24 02:00:00,ZONE_M03,15.7,41.7,-14.2,491.0,770.0,15.0,90.0,RUNNING
2024-01-24 02:00:00,ZONE_B01,15.6,33.0,-16.9,400.0,770.0,15.0,90.0,RUNNING
2024-01-24 02:00:00,ZONE_B02,16.5,40.0,-17.3,513.0,770.0,15.0,90.0,RUNNING
2024-01-24 03:00:00,ZONE_M01,16.3,40.3,-16.8,480.0,770.0,15.0,90.0,RUNNING
2024-01-24 03:00:00,ZONE_M02,16.8,39.2,-13.6,436.0,770.0,15.0,90.0,RUNNING
2024-01-24 03:00:00,ZONE_M03,16.7,40.0,-18.2,535.0,770.0,15.0,90.0,RUNNING
2024-01-24 03:00:00,ZONE_B01,16.5,42.3,-16.9,518.0,770.0,15.0,90.0,RUNNING
2024-01-24 03:00:00,ZONE_B02,15.5,48.9,-13.2,489.0,770.0,15.0,90.0,RUNNING
2024-01-24 04:00:00,ZONE_M01,16.8,42.1,-14.1,465.0,770.0,15.0,90.0,RUNNING
2024-01-24 04:00:00,ZONE_M02,16.0,47.1,-16.0,481.0,770.0,15.0,90.0,RUNNING
2024-01-24 04:00:00,ZONE_M03,15.5,45.1,-15.3,531.0,770.0,15.0,90.0,RUNNING
2024-01-24 04:00:00,ZONE_B01,16.2,30.6,-15.6,428.0,770.0,15.0,90.0,RUNNING
2024-01-24 04:00:00,ZONE_B02,15.6,40.1,-20.2,508.0,770.0,15.0,90.0,RUNNING
2024-01-24 05:00:00,ZONE_M01,15.7,41.5,-17.5,477.0,770.0,15.0,90.0,RUNNING
2024-01-24 05:00:00,ZONE_M02,15.5,42.3,-14.6,514.0,770.0,15.0,90.0,RUNNING
2024-01-24 05:00:00,ZONE_M03,15.3,39.5,-19.2,474.0,770.0,15.0,90.0,RUNNING
2024-01-24 05:00:00,ZONE_B01,16.0,40.5,-19.4,467.0,770.0,15.0,90.0,RUNNING
2024-01-24 05:00:00,ZONE_B02,15.5,40.7,-14.1,502.0,770.0,15.0,90.0,RUNNING
2024-01-24 06:00:00,ZONE_M01,19.9,60.0,-17.4,778.0,770.0,15.0,90.0,RUNNING
2024-01-24 06:00:00,ZONE_M02,19.8,53.1,-14.9,716.0,770.0,15.0,90.0,RUNNING
2024-01-24 06:00:00,ZONE_M03,20.1,59.4,-14.7,738.0,770.0,15.0,90.0,RUNNING
2024-01-24 06:00:00,ZONE_B01,19.6,60.0,-16.8,831.0,770.0,15.0,90.0,RUNNING
2024-01-24 06:00:00,ZONE_B02,20.6,60.0,-19.2,848.0,770.0,15.0,90.0,RUNNING
2024-01-24 07:00:00,ZONE_M01,19.8,60.0,-17.8,798.0,770.0,15.0,90.0,RUNNING
2024-01-24 07:00:00,ZONE_M02,20.3,49.8,-17.7,574.0,770.0,15.0,90.0,RUNNING
2024-01-24 07:00:00,ZONE_M03,20.9,48.7,-20.1,676.0,770.0,15.0,90.0,RUNNING
2024-01-24 07:00:00,ZONE_B01,19.0,46.5,-16.3,610.0,770.0,15.0,90.0,RUNNING
2024-01-24 07:00:00,ZONE_B02,20.2,60.0,-11.2,971.0,770.0,15.0,90.0,RUNNING
2024-01-24 08:00:00,ZONE_M01,19.4,50.3,-17.9,677.0,770.0,15.0,90.0,RUNNING
2024-01-24 08:00:00,ZONE_M02,19.8,49.4,-17.7,654.0,770.0,15.0,90.0,RUNNING
2024-01-24 08:00:00,ZONE_M03,21.3,53.1,-17.9,687.0,770.0,15.0,90.0,RUNNING
2024-01-24 08:00:00,ZONE_B01,20.3,48.0,-16.2,602.0,770.0,15.0,90.0,RUNNING
2024-01-24 08:00:00,ZONE_B02,20.7,58.5,-15.8,735.0,770.0,15.0,90.0,RUNNING
2024-01-24 09:00:00,ZONE_M01,20.1,60.0,-16.1,819.0,770.0,15.0,90.0,RUNNING
2024-01-24 09:00:00,ZONE_M02,20.1,60.0,-14.1,888.0,770.0,15.0,90.0,RUNNING
2024-01-24 09:00:00,ZONE_M03,19.5,51.2,-15.6,610.0,770.0,15.0,90.0,RUNNING
2024-01-24 09:00:00,ZONE_B01,20.7,52.1,-14.1,618.0,770.0,15.0,90.0,RUNNING
2024-01-24 09:00:00,ZONE_B02,19.9,60.0,-19.4,899.0,770.0,15.0,90.0,RUNNING
2024-01-24 10:00:00,ZONE_M01,19.5,60.0,-14.9,761.0,770.0,15.0,90.0,RUNNING
2024-01-24 10:00:00,ZONE_M02,19.7,60.0,-16.7,838.0,770.0,15.0,90.0,RUNNING
2024-01-24 10:00:00,ZONE_M03,21.1,57.6,-15.1,681.0,770.0,15.0,90.0,RUNNING
2024-01-24 10:00:00,ZONE_B01,20.2,58.0,-17.3,728.0,770.0,15.0,90.0,RUNNING
2024-01-24 10:00:00,ZONE_B02,20.0,60.0,-19.6,776.0,770.0,15.0,90.0,RUNNING
2024-01-24 11:00:00,ZONE_M01,20.8,54.8,-14.1,762.0,770.0,15.0,90.0,RUNNING
2024-01-24 11:00:00,ZONE_M02,19.1,50.2,-13.9,607.0,770.0,15.0,90.0,RUNNING
2024-01-24 11:00:00,ZONE_M03,19.2,48.4,-18.1,703.0,770.0,15.0,90.0,RUNNING
2024-01-24 11:00:00,ZONE_B01,18.5,60.0,-12.9,849.0,770.0,15.0,90.0,RUNNING
2024-01-24 11:00:00,ZONE_B02,20.0,59.7,-13.7,713.0,770.0,15.0,90.0,RUNNING
2024-01-24 12:00:00,ZONE_M01,20.1,55.6,-17.8,780.0,770.0,15.0,90.0,RUNNING
2024-01-24 12:00:00,ZONE_M02,20.0,49.2,-15.2,710.0,770.0,15.0,90.0,RUNNING
2024-01-24 12:00:00,ZONE_M03,20.0,52.4,-15.3,675.0,770.0,15.0,90.0,RUNNING
2024-01-24 12:00:00,ZONE_B01,20.1,58.6,-15.7,639.0,770.0,15.0,90.0,RUNNING
2024-01-24 12:00:00,ZONE_B02,19.0,55.0,-15.5,680.0,770.0,15.0,90.0,RUNNING
2024-01-24 13:00:00,ZONE_M01,19.8,51.8,-14.7,667.0,770.0,15.0,90.0,RUNNING
2024-01-24 13:00:00,ZONE_M02,19.8,42.9,-13.5,623.0,770.0,15.0,90.0,RUNNING
2024-01-24 13:00:00,ZONE_M03,20.1,58.9,-19.3,812.0,770.0,15.0,90.0,RUNNING
2024-01-24 13:00:00,ZONE_B01,19.9,53.2,-13.9,757.0,770.0,15.0,90.0,RUNNING
2024-01-24 13:00:00,ZONE_B02,20.7,60.0,-16.1,848.0,770.0,15.0,90.0,RUNNING
2024-01-24 14:00:00,ZONE_M01,19.9,55.5,-15.9,701.0,770.0,15.0,90.0,RUNNING
2024-01-24 14:00:00,ZONE_M02,19.5,60.0,-16.9,1024.0,770.0,15.0,90.0,RUNNING
2024-01-24 14:00:00,ZONE_M03,20.1,60.0,-18.0,876.0,770.0,15.0,90.0,RUNNING
2024-01-24 14:00:00,ZONE_B01,20.8,56.0,-17.6,788.0,770.0,15.0,90.0,RUNNING
2024-01-24 14:00:00,ZONE_B02,19.5,60.0,-12.5,748.0,770.0,15.0,90.0,RUNNING
2024-01-24 15:00:00,ZONE_M01,19.5,60.0,-15.8,798.0,770.0,15.0,90.0,RUNNING
2024-01-24 15:00:00,ZONE_M02,20.5,60.0,-17.0,773.0,770.0,15.0,90.0,RUNNING
2024-01-24 15:00:00,ZONE_M03,19.7,58.9,-17.0,681.0,770.0,15.0,90.0,RUNNING
2024-01-24 15:00:00,ZONE_B01,19.6,51.8,-14.9,634.0,770.0,15.0,90.0,RUNNING
2024-01-24 15:00:00,ZONE_B02,20.4,54.2,-17.0,677.0,770.0,15.0,90.0,RUNNING
2024-01-24 16:00:00,ZONE_M01,19.7,60.0,-16.0,738.0,770.0,15.0,90.0,RUNNING
2024-01-24 16:00:00,ZONE_M02,20.5,57.7,-16.0,800.0,770.0,15.0,90.0,RUNNING
2024-01-24 16:00:00,ZONE_M03,20.4,52.0,-15.4,663.0,770.0,15.0,90.0,RUNNING
2024-01-24 16:00:00,ZONE_B01,19.6,53.7,-15.3,762.0,770.0,15.0,90.0,RUNNING
2024-01-24 16:00:00,ZONE_B02,19.8,57.3,-17.1,702.0,770.0,15.0,90.0,RUNNING
2024-01-24 17:00:00,ZONE_M01,20.1,54.2,-16.4,707.0,770.0,15.0,90.0,RUNNING
2024-01-24 17:00:00,ZONE_M02,20.2,51.5,-20.9,700.0,770.0,15.0,90.0,RUNNING
2024-01-24 17:00:00,ZONE_M03,19.1,60.0,-14.7,747.0,770.0,15.0,90.0,RUNNING
2024-01-24 17:00:00,ZONE_B01,20.4,51.3,-15.3,653.0,770.0,15.0,90.0,RUNNING
2024-01-24 17:00:00,ZONE_B02,19.8,60.0,-14.2,811.0,770.0,15.0,90.0,RUNNING
2024-01-24 18:00:00,ZONE_M01,19.5,60.0,-14.3,765.0,770.0,15.0,90.0,RUNNING
2024-01-24 18:00:00,ZONE_M02,20.4,55.5,-14.0,697.0,770.0,15.0,90.0,RUNNING
2024-01-24 18:00:00,ZONE_M03,20.3,49.2,-18.2,662.0,770.0,15.0,90.0,RUNNING
2024-01-24 18:00:00,ZONE_B01,19.8,52.7,-11.8,697.0,770.0,15.0,90.0,RUNNING
2024-01-24 18:00:00,ZONE_B02,20.9,60.0,-14.6,738.0,770.0,15.0,90.0,RUNNING
2024-01-24 19:00:00,ZONE_M01,20.7,46.2,-16.1,600.0,770.0,15.0,90.0,RUNNING
2024-01-24 19:00:00,ZONE_M02,19.8,49.0,-16.4,551.0,770.0,15.0,90.0,RUNNING
2024-01-24 19:00:00,ZONE_M03,19.3,57.6,-14.9,738.0,770.0,15.0,90.0,RUNNING
2024-01-24 19:00:00,ZONE_B01,20.9,48.6,-15.9,612.0,770.0,15.0,90.0,RUNNING
2024-01-24 19:00:00,ZONE_B02,20.1,53.5,-14.4,654.0,770.0,15.0,90.0,RUNNING
2024-01-24 20:00:00,ZONE_M01,19.8,60.0,-17.3,854.0,770.0,15.0,90.0,RUNNING
2024-01-24 20:00:00,ZONE_M02,19.8,57.1,-12.8,703.0,770.0,15.0,90.0,RUNNING
2024-01-24 20:00:00,ZONE_M03,19.9,59.6,-14.1,811.0,770.0,15.0,90.0,RUNNING
2024-01-24 20:00:00,ZONE_B01,19.0,57.2,-15.4,752.0,770.0,15.0,90.0,RUNNING
2024-01-24 20:00:00,ZONE_B02,20.2,50.9,-11.1,678.0,770.0,15.0,90.0,RUNNING
2024-01-24 21:00:00,ZONE_M01,19.9,50.8,-18.8,587.0,770.0,15.0,90.0,RUNNING
2024-01-24 21:00:00,ZONE_M02,19.8,60.0,-19.9,848.0,770.0,15.0,90.0,RUNNING
2024-01-24 21:00:00,ZONE_M03,20.6,48.3,-18.4,612.0,770.0,15.0,90.0,RUNNING
2024-01-24 21:00:00,ZONE_B01,19.9,60.0,-17.3,837.0,770.0,15.0,90.0,RUNNING
2024-01-24 21:00:00,ZONE_B02,20.3,53.9,-17.7,629.0,770.0,15.0,90.0,RUNNING
2024-01-24 22:00:00,ZONE_M01,20.6,55.8,-15.7,736.0,770.0,15.0,90.0,RUNNING
2024-01-24 22:00:00,ZONE_M02,19.7,56.2,-13.7,729.0,770.0,15.0,90.0,RUNNING
2024-01-24 22:00:00,ZONE_M03,20.5,58.1,-15.2,733.0,770.0,15.0,90.0,RUNNING
2024-01-24 22:00:00,ZONE_B01,20.6,60.0,-16.8,860.0,770.0,15.0,90.0,RUNNING
2024-01-24 22:00:00,ZONE_B02,20.5,60.0,-17.5,835.0,770.0,15.0,90.0,RUNNING
2024-01-24 23:00:00,ZONE_M01,15.4,38.7,-16.6,458.0,770.0,15.0,90.0,RUNNING
2024-01-24 23:00:00,ZONE_M02,15.9,36.2,-15.4,459.0,770.0,15.0,90.0,RUNNING
2024-01-24 23:00:00,ZONE_M03,16.1,37.4,-18.6,457.0,770.0,15.0,90.0,RUNNING
2024-01-24 23:00:00,ZONE_B01,16.0,40.1,-16.0,496.0,770.0,15.0,90.0,RUNNING
2024-01-24 23:00:00,ZONE_B02,15.6,39.3,-15.0,481.0,770.0,15.0,90.0,RUNNING
2024-01-25 00:00:00,ZONE_M01,16.5,44.2,-16.8,467.0,770.0,15.0,90.0,RUNNING
2024-01-25 00:00:00,ZONE_M02,16.2,42.3,-14.0,518.0,770.0,15.0,90.0,RUNNING
2024-01-25 00:00:00,ZONE_M03,15.6,38.2,-15.9,514.0,770.0,15.0,90.0,RUNNING
2024-01-25 00:00:00,ZONE_B01,16.0,41.2,-15.3,461.0,770.0,15.0,90.0,RUNNING
2024-01-25 00:00:00,ZONE_B02,16.9,41.8,-18.9,514.0,770.0,15.0,90.0,RUNNING
2024-01-25 01:00:00,ZONE_M01,15.2,40.2,-19.6,499.0,770.0,15.0,90.0,RUNNING
2024-01-25 01:00:00,ZONE_M02,15.7,41.3,-18.4,454.0,770.0,15.0,90.0,RUNNING
2024-01-25 01:00:00,ZONE_M03,16.4,38.0,-16.9,530.0,770.0,15.0,90.0,RUNNING
2024-01-25 01:00:00,ZONE_B01,15.9,45.0,-13.7,523.0,770.0,15.0,90.0,RUNNING
2024-01-25 01:00:00,ZONE_B02,17.0,38.5,-13.3,431.0,770.0,15.0,90.0,RUNNING
2024-01-25 02:00:00,ZONE_M01,16.1,42.6,-17.5,512.0,770.0,15.0,90.0,RUNNING
2024-01-25 02:00:00,ZONE_M02,15.2,46.3,-15.5,498.0,770.0,15.0,90.0,RUNNING
2024-01-25 02:00:00,ZONE_M03,16.0,37.6,-16.2,384.0,770.0,15.0,90.0,RUNNING
2024-01-25 02:00:00,ZONE_B01,15.7,31.7,-13.2,426.0,770.0,15.0,90.0,RUNNING
2024-01-25 02:00:00,ZONE_B02,16.9,32.1,-19.3,436.0,770.0,15.0,90.0,RUNNING
2024-01-25 03:00:00,ZONE_M01,16.3,36.6,-20.2,499.0,770.0,15.0,90.0,RUNNING
2024-01-25 03:00:00,ZONE_M02,15.0,37.6,-14.7,487.0,770.0,15.0,90.0,RUNNING
2024-01-25 03:00:00,ZONE_M03,16.5,37.1,-18.2,452.0,770.0,15.0,90.0,RUNNING
2024-01-25 03:00:00,ZONE_B01,14.9,40.2,-13.2,435.0,770.0,15.0,90.0,RUNNING
2024-01-25 03:00:00,ZONE_B02,15.9,43.4,-16.2,501.0,770.0,15.0,90.0,RUNNING
2024-01-25 04:00:00,ZONE_M01,15.9,37.9,-17.8,429.0,770.0,15.0,90.0,RUNNING
2024-01-25 04:00:00,ZONE_M02,15.5,43.8,-16.4,512.0,770.0,15.0,90.0,RUNNING
2024-01-25 04:00:00,ZONE_M03,16.0,49.0,-15.1,487.0,770.0,15.0,90.0,RUNNING
2024-01-25 04:00:00,ZONE_B01,16.0,41.8,-17.8,547.0,770.0,15.0,90.0,RUNNING
2024-01-25 04:00:00,ZONE_B02,16.0,43.2,-18.4,487.0,770.0,15.0,90.0,RUNNING
2024-01-25 05:00:00,ZONE_M01,15.0,43.9,-16.7,468.0,770.0,15.0,90.0,RUNNING
2024-01-25 05:00:00,ZONE_M02,15.6,43.8,-12.7,491.0,770.0,15.0,90.0,RUNNING
2024-01-25 05:00:00,ZONE_M03,16.8,39.6,-17.4,495.0,770.0,15.0,90.0,RUNNING
2024-01-25 05:00:00,ZONE_B01,15.9,35.2,-14.7,478.0,770.0,15.0,90.0,RUNNING
2024-01-25 05:00:00,ZONE_B02,16.3,40.2,-18.1,501.0,770.0,15.0,90.0,RUNNING
2024-01-25 06:00:00,ZONE_M01,19.7,60.0,-14.1,947.0,770.0,15.0,90.0,RUNNING
2024-01-25 06:00:00,ZONE_M02,19.6,55.2,-16.5,668.0,770.0,15.0,90.0,RUNNING
2024-01-25 06:00:00,ZONE_M03,19.6,60.0,-14.9,757.0,770.0,15.0,90.0,RUNNING
2024-01-25 06:00:00,ZONE_B01,19.9,51.4,-18.2,636.0,770.0,15.0,90.0,RUNNING
2024-01-25 06:00:00,ZONE_B02,19.6,56.0,-16.0,698.0,770.0,15.0,90.0,RUNNING
2024-01-25 07:00:00,ZONE_M01,20.1,48.5,-18.3,671.0,770.0,15.0,90.0,RUNNING
2024-01-25 07:00:00,ZONE_M02,19.3,55.2,-18.4,727.0,770.0,15.0,90.0,RUNNING
2024-01-25 07:00:00,ZONE_M03,19.9,51.0,-20.6,671.0,770.0,15.0,90.0,RUNNING
2024-01-25 07:00:00,ZONE_B01,20.2,60.0,-16.6,949.0,770.0,15.0,90.0,RUNNING
2024-01-25 07:00:00,ZONE_B02,20.4,55.5,-14.3,655.0,770.0,15.0,90.0,RUNNING
2024-01-25 08:00:00,ZONE_M01,20.3,57.3,-14.4,826.0,770.0,15.0,90.0,RUNNING
2024-01-25 08:00:00,ZONE_M02,20.1,53.7,-12.4,654.0,770.0,15.0,90.0,RUNNING
2024-01-25 08:00:00,ZONE_M03,20.2,60.0,-12.9,824.0,770.0,15.0,90.0,RUNNING
2024-01-25 08:00:00,ZONE_B01,19.9,60.0,-14.3,819.0,770.0,15.0,90.0,RUNNING
2024-01-25 08:00:00,ZONE_B02,19.8,50.8,-17.0,615.0,770.0,15.0,90.0,RUNNING
2024-01-25 09:00:00,ZONE_M01,20.9,59.3,-14.3,787.0,770.0,15.0,90.0,RUNNING
2024-01-25 09:00:00,ZONE_M02,20.1,57.0,-20.8,697.0,770.0,15.0,90.0,RUNNING
2024-01-25 09:00:00,ZONE_M03,19.7,60.0,-17.9,875.0,770.0,15.0,90.0,RUNNING
2024-01-25 09:00:00,ZONE_B01,20.3,60.0,-13.6,778.0,770.0,15.0,90.0,RUNNING
2024-01-25 09:00:00,ZONE_B02,20.0,48.8,-19.0,529.0,770.0,15.0,90.0,RUNNING
2024-01-25 10:00:00,ZONE_M01,19.2,60.0,-16.1,825.0,770.0,15.0,90.0,RUNNING
2024-01-25 10:00:00,ZONE_M02,20.4,60.0,-17.2,876.0,770.0,15.0,90.0,RUNNING
2024-01-25 10:00:00,ZONE_M03,19.8,45.8,-13.9,569.0,770.0,15.0,90.0,RUNNING
2024-01-25 10:00:00,ZONE_B01,19.7,60.0,-17.7,873.0,770.0,15.0,90.0,RUNNING
2024-01-25 10:00:00,ZONE_B02,19.7,54.4,-16.2,695.0,770.0,15.0,90.0,RUNNING
2024-01-25 11:00:00,ZONE_M01,19.8,60.0,-12.4,748.0,770.0,15.0,90.0,RUNNING
2024-01-25 11:00:00,ZONE_M02,19.1,56.1,-19.3,699.0,770.0,15.0,90.0,RUNNING
2024-01-25 11:00:00,ZONE_M03,20.1,59.8,-15.5,716.0,770.0,15.0,90.0,RUNNING
2024-01-25 11:00:00,ZONE_B01,20.8,60.0,-14.3,791.0,770.0,15.0,90.0,RUNNING
2024-01-25 11:00:00,ZONE_B02,19.9,57.2,-16.3,657.0,770.0,15.0,90.0,RUNNING
2024-01-25 12:00:00,ZONE_M01,20.0,60.0,-16.3,829.0,770.0,15.0,90.0,RUNNING
2024-01-25 12:00:00,ZONE_M02,20.5,49.6,-14.6,580.0,770.0,15.0,90.0,RUNNING
2024-01-25 12:00:00,ZONE_M03,20.0,60.0,-15.2,857.0,770.0,15.0,90.0,RUNNING
2024-01-25 12:00:00,ZONE_B01,19.9,58.8,-13.8,803.0,770.0,15.0,90.0,RUNNING
2024-01-25 12:00:00,ZONE_B02,19.4,60.0,-14.7,813.0,770.0,15.0,90.0,RUNNING
2024-01-25 13:00:00,ZONE_M01,19.4,59.4,-13.4,698.0,770.0,15.0,90.0,RUNNING
2024-01-25 13:00:00,ZONE_M02,19.6,56.1,-16.6,695.0,770.0,15.0,90.0,RUNNING
2024-01-25 13:00:00,ZONE_M03,20.4,56.0,-18.1,663.0,770.0,15.0,90.0,RUNNING
2024-01-25 13:00:00,ZONE_B01,20.0,60.0,-16.2,790.0,770.0,15.0,90.0,RUNNING
2024-01-25 13:00:00,ZONE_B02,19.9,59.2,-14.3,710.0,770.0,15.0,90.0,RUNNING
2024-01-25 14:00:00,ZONE_M01,20.5,60.0,-14.0,770.0,770.0,15.0,90.0,RUNNING
2024-01-25 14:00:00,ZONE_M02,20.1,52.8,-18.6,686.0,770.0,15.0,90.0,RUNNING
2024-01-25 14:00:00,ZONE_M03,20.0,50.8,-19.4,617.0,770.0,15.0,90.0,RUNNING
2024-01-25 14:00:00,ZONE_B01,19.9,60.0,-12.5,777.0,770.0,15.0,90.0,RUNNING
2024-01-25 14:00:00,ZONE_B02,19.8,58.4,-11.8,656.0,770.0,15.0,90.0,RUNNING
2024-01-25 15:00:00,ZONE_M01,19.3,58.2,-16.5,747.0,770.0,15.0,90.0,RUNNING
2024-01-25 15:00:00,ZONE_M02,18.9,60.0,-15.0,746.0,770.0,15.0,90.0,RUNNING
2024-01-25 15:00:00,ZONE_M03,19.8,56.8,-18.3,785.0,770.0,15.0,90.0,RUNNING
2024-01-25 15:00:00,ZONE_B01,20.4,54.6,-16.6,711.0,770.0,15.0,90.0,RUNNING
2024-01-25 15:00:00,ZONE_B02,19.5,44.4,-20.2,573.0,770.0,15.0,90.0,RUNNING
2024-01-25 16:00:00,ZONE_M01,20.5,46.1,-19.3,588.0,770.0,15.0,90.0,RUNNING
2024-01-25 16:00:00,ZONE_M02,20.2,44.3,-14.4,488.0,770.0,15.0,90.0,RUNNING
2024-01-25 16:00:00,ZONE_M03,20.1,56.3,-16.8,780.0,770.0,15.0,90.0,RUNNING
2024-01-25 16:00:00,ZONE_B01,20.1,52.5,-15.3,644.0,770.0,15.0,90.0,RUNNING
2024-01-25 16:00:00,ZONE_B02,19.5,56.5,-18.4,724.0,770.0,15.0,90.0,RUNNING
2024-01-25 17:00:00,ZONE_M01,20.8,60.0,-17.6,771.0,770.0,15.0,90.0,RUNNING
2024-01-25 17:00:00,ZONE_M02,20.0,50.5,-18.0,679.0,770.0,15.0,90.0,RUNNING
2024-01-25 17:00:00,ZONE_M03,20.5,53.2,-16.5,683.0,770.0,15.0,90.0,RUNNING
2024-01-25 17:00:00,ZONE_B01,20.3,60.0,-18.9,997.0,770.0,15.0,90.0,RUNNING
2024-01-25 17:00:00,ZONE_B02,19.7,56.5,-17.1,728.0,770.0,15.0,90.0,RUNNING
2024-01-25 18:00:00,ZONE_M01,20.3,60.0,-13.4,758.0,770.0,15.0,90.0,RUNNING
2024-01-25 18:00:00,ZONE_M02,19.6,60.0,-17.1,826.0,770.0,15.0,90.0,RUNNING
2024-01-25 18:00:00,ZONE_M03,19.9,60.0,-14.4,879.0,770.0,15.0,90.0,RUNNING
2024-01-25 18:00:00,ZONE_B01,18.9,51.4,-15.9,690.0,770.0,15.0,90.0,RUNNING
2024-01-25 18:00:00,ZONE_B02,19.7,54.4,-13.7,710.0,770.0,15.0,90.0,RUNNING
2024-01-25 19:00:00,ZONE_M01,19.3,60.0,-14.1,839.0,770.0,15.0,90.0,RUNNING
2024-01-25 19:00:00,ZONE_M02,20.4,60.0,-17.4,837.0,770.0,15.0,90.0,RUNNING
2024-01-25 19:00:00,ZONE_M03,20.6,60.0,-16.5,870.0,770.0,15.0,90.0,RUNNING
2024-01-25 19:00:00,ZONE_B01,19.9,57.6,-19.3,740.0,770.0,15.0,90.0,RUNNING
2024-01-25 19:00:00,ZONE_B02,20.1,57.6,-16.5,757.0,770.0,15.0,90.0,RUNNING
2024-01-25 20:00:00,ZONE_M01,19.0,51.5,-18.4,641.0,770.0,15.0,90.0,RUNNING
2024-01-25 20:00:00,ZONE_M02,20.8,60.0,-17.3,771.0,770.0,15.0,90.0,RUNNING
2024-01-25 20:00:00,ZONE_M03,19.6,48.8,-16.4,594.0,770.0,15.0,90.0,RUNNING
2024-01-25 20:00:00,ZONE_B01,20.0,48.1,-16.2,590.0,770.0,15.0,90.0,RUNNING
2024-01-25 20:00:00,ZONE_B02,20.7,60.0,-15.9,784.0,770.0,15.0,90.0,RUNNING
2024-01-25 21:00:00,ZONE_M01,19.9,60.0,-17.8,932.0,770.0,15.0,90.0,RUNNING
2024-01-25 21:00:00,ZONE_M02,20.1,60.0,-15.1,840.0,770.0,15.0,90.0,RUNNING
2024-01-25 21:00:00,ZONE_M03,21.0,48.0,-17.7,630.0,770.0,15.0,90.0,RUNNING
2024-01-25 21:00:00,ZONE_B01,20.7,58.6,-15.5,746.0,770.0,15.0,90.0,RUNNING
2024-01-25 21:00:00,ZONE_B02,20.1,60.0,-15.2,974.0,770.0,15.0,90.0,RUNNING
2024-01-25 22:00:00,ZONE_M01,19.2,46.0,-15.6,651.0,770.0,15.0,90.0,RUNNING
2024-01-25 22:00:00,ZONE_M02,19.1,59.8,-15.5,754.0,770.0,15.0,90.0,RUNNING
2024-01-25 22:00:00,ZONE_M03,19.0,59.3,-11.2,713.0,770.0,15.0,90.0,RUNNING
2024-01-25 22:00:00,ZONE_B01,21.1,56.1,-13.4,686.0,770.0,15.0,90.0,RUNNING
2024-01-25 22:00:00,ZONE_B02,19.7,48.8,-15.3,661.0,770.0,15.0,90.0,RUNNING
2024-01-25 23:00:00,ZONE_M01,16.3,40.8,-14.6,468.0,770.0,15.0,90.0,RUNNING
2024-01-25 23:00:00,ZONE_M02,15.9,43.5,-17.5,485.0,770.0,15.0,90.0,RUNNING
2024-01-25 23:00:00,ZONE_M03,16.0,43.0,-14.8,460.0,770.0,15.0,90.0,RUNNING
2024-01-25 23:00:00,ZONE_B01,15.5,36.1,-14.3,427.0,770.0,15.0,90.0,RUNNING
2024-01-25 23:00:00,ZONE_B02,16.0,36.6,-18.0,452.0,770.0,15.0,90.0,RUNNING
2024-01-26 00:00:00,ZONE_M01,15.8,42.7,-19.8,485.0,770.0,15.0,90.0,RUNNING
2024-01-26 00:00:00,ZONE_M02,15.9,38.4,-15.1,499.0,770.0,15.0,90.0,RUNNING
2024-01-26 00:00:00,ZONE_M03,16.7,40.1,-18.5,528.0,770.0,15.0,90.0,RUNNING
2024-01-26 00:00:00,ZONE_B01,15.7,36.1,-18.4,406.0,770.0,15.0,90.0,RUNNING
2024-01-26 00:00:00,ZONE_B02,16.8,42.8,-16.0,515.0,770.0,15.0,90.0,RUNNING
2024-01-26 01:00:00,ZONE_M01,16.2,38.4,-16.9,494.0,770.0,15.0,90.0,RUNNING
2024-01-26 01:00:00,ZONE_M02,16.1,38.4,-15.2,530.0,770.0,15.0,90.0,RUNNING
2024-01-26 01:00:00,ZONE_M03,16.7,43.5,-17.8,455.0,770.0,15.0,90.0,RUNNING
2024-01-26 01:00:00,ZONE_B01,16.5,44.1,-16.6,533.0,770.0,15.0,90.0,RUNNING
2024-01-26 01:00:00,ZONE_B02,16.4,31.1,-16.0,379.0,770.0,15.0,90.0,RUNNING
2024-01-26 02:00:00,ZONE_M01,15.7,45.2,-17.0,482.0,770.0,15.0,90.0,RUNNING
2024-01-26 02:00:00,ZONE_M02,16.9,40.2,-15.7,511.0,770.0,15.0,90.0,RUNNING
2024-01-26 02:00:00,ZONE_M03,15.8,44.1,-15.6,485.0,770.0,15.0,90.0,RUNNING
2024-01-26 02:00:00,ZONE_B01,16.8,49.0,-19.1,559.0,770.0,15.0,90.0,RUNNING
2024-01-26 02:00:00,ZONE_B02,15.1,36.1,-17.0,467.0,770.0,15.0,90.0,RUNNING
2024-01-26 03:00:00,ZONE_M01,16.2,38.7,-19.6,502.0,770.0,15.0,90.0,RUNNING
2024-01-26 03:00:00,ZONE_M02,15.8,37.8,-15.2,411.0,770.0,15.0,90.0,RUNNING
2024-01-26 03:00:00,ZONE_M03,15.6,36.1,-22.3,469.0,770.0,15.0,90.0,RUNNING
2024-01-26 03:00:00,ZONE_B01,16.8,42.0,-19.5,466.0,770.0,15.0,90.0,RUNNING
2024-01-26 03:00:00,ZONE_B02,16.4,44.5,-17.4,475.0,770.0,15.0,90.0,RUNNING
2024-01-26 04:00:00,ZONE_M01,16.6,43.0,-20.5,509.0,770.0,15.0,90.0,RUNNING
2024-01-26 04:00:00,ZONE_M02,15.2,38.1,-17.7,456.0,770.0,15.0,90.0,RUNNING
2024-01-26 04:00:00,ZONE_M03,16.5,39.3,-18.8,513.0,770.0,15.0,90.0,RUNNING
2024-01-26 04:00:00,ZONE_B01,15.5,45.3,-15.8,497.0,770.0,15.0,90.0,RUNNING
2024-01-26 04:00:00,ZONE_B02,15.5,43.5,-15.5,481.0,770.0,15.0,90.0,RUNNING
2024-01-26 05:00:00,ZONE_M01,15.8,39.1,-17.4,477.0,770.0,15.0,90.0,RUNNING
2024-01-26 05:00:00,ZONE_M02,15.6,38.3,-16.8,410.0,770.0,15.0,90.0,RUNNING
2024-01-26 05:00:00,ZONE_M03,16.8,37.9,-15.7,525.0,770.0,15.0,90.0,RUNNING
2024-01-26 05:00:00,ZONE_B01,16.0,40.2,-18.5,449.0,770.0,15.0,90.0,RUNNING
2024-01-26 05:00:00,ZONE_B02,15.8,36.2,-19.7,504.0,770.0,15.0,90.0,RUNNING
2024-01-26 06:00:00,ZONE_M01,20.4,57.3,-19.5,727.0,770.0,15.0,90.0,RUNNING
2024-01-26 06:00:00,ZONE_M02,20.5,60.0,-15.5,808.0,770.0,15.0,90.0,RUNNING
2024-01-26 06:00:00,ZONE_M03,19.0,60.0,-14.8,838.0,770.0,15.0,90.0,RUNNING
2024-01-26 06:00:00,ZONE_B01,20.3,60.0,-15.4,758.0,770.0,15.0,90.0,RUNNING
2024-01-26 06:00:00,ZONE_B02,19.9,60.0,-19.5,899.0,770.0,15.0,90.0,RUNNING
2024-01-26 07:00:00,ZONE_M01,19.8,52.6,-15.1,697.0,770.0,15.0,90.0,RUNNING
2024-01-26 07:00:00,ZONE_M02,20.3,60.0,-12.8,781.0,770.0,15.0,90.0,RUNNING
2024-01-26 07:00:00,ZONE_M03,20.2,60.0,-19.8,904.0,770.0,15.0,90.0,RUNNING
2024-01-26 07:00:00,ZONE_B01,20.1,55.0,-18.6,680.0,770.0,15.0,90.0,RUNNING
2024-01-26 07:00:00,ZONE_B02,19.7,60.0,-14.7,837.0,770.0,15.0,90.0,RUNNING
2024-01-26 08:00:00,ZONE_M01,19.9,60.0,-15.7,759.0,770.0,15.0,90.0,RUNNING
2024-01-26 08:00:00,ZONE_M02,18.9,57.1,-16.0,756.0,770.0,15.0,90.0,RUNNING
2024-01-26 08:00:00,ZONE_M03,19.9,59.9,-17.4,762.0,770.0,15.0,90.0,RUNNING
2024-01-26 08:00:00,ZONE_B01,20.9,58.8,-15.1,784.0,770.0,15.0,90.0,RUNNING
2024-01-26 08:00:00,ZONE_B02,19.3,58.7,-18.9,671.0,770.0,15.0,90.0,RUNNING
2024-01-26 09:00:00,ZONE_M01,20.2,49.6,-19.8,627.0,770.0,15.0,90.0,RUNNING
2024-01-26 09:00:00,ZONE_M02,20.7,60.0,-19.1,879.0,770.0,15.0,90.0,RUNNING
2024-01-26 09:00:00,ZONE_M03,19.0,54.5,-15.9,729.0,770.0,15.0,90.0,RUNNING
2024-01-26 09:00:00,ZONE_B01,20.0,53.5,-15.4,760.0,770.0,15.0,90.0,RUNNING
2024-01-26 09:00:00,ZONE_B02,19.3,59.6,-16.5,660.0,770.0,15.0,90.0,RUNNING
2024-01-26 10:00:00,ZONE_M01,20.0,54.7,-15.9,710.0,770.0,15.0,90.0,RUNNING
2024-01-26 10:00:00,ZONE_M02,19.8,60.0,-16.4,807.0,770.0,15.0,90.0,RUNNING
2024-01-26 10:00:00,ZONE_M03,19.6,60.0,-15.9,806.0,770.0,15.0,90.0,RUNNING
2024-01-26 10:00:00,ZONE_B01,19.6,55.3,-16.7,651.0,770.0,15.0,90.0,RUNNING
2024-01-26 10:00:00,ZONE_B02,19.5,60.0,-16.1,834.0,770.0,15.0,90.0,RUNNING
2024-01-26 11:00:00,ZONE_M01,19.5,60.0,-17.0,848.0,770.0,15.0,90.0,RUNNING
2024-01-26 11:00:00,ZONE_M02,20.2,60.0,-12.1,924.0,770.0,15.0,90.0,RUNNING
2024-01-26 11:00:00,ZONE_M03,20.0,58.7,-18.6,757.0,770.0,15.0,90.0,RUNNING
2024-01-26 11:00:00,ZONE_B01,19.7,56.2,-17.6,643.0,770.0,15.0,90.0,RUNNING
2024-01-26 11:00:00,ZONE_B02,19.9,60.0,-17.8,894.0,770.0,15.0,90.0,RUNNING
2024-01-26 12:00:00,ZONE_M01,19.8,60.0,-19.0,778.0,770.0,15.0,90.0,RUNNING
2024-01-26 12:00:00,ZONE_M02,20.4,60.0,-16.5,886.0,770.0,15.0,90.0,RUNNING
2024-01-26 12:00:00,ZONE_M03,19.2,52.0,-14.8,730.0,770.0,15.0,90.0,RUNNING
2024-01-26 12:00:00,ZONE_B01,20.7,60.0,-17.0,833.0,770.0,15.0,90.0,RUNNING
2024-01-26 12:00:00,ZONE_B02,19.3,43.7,-13.3,554.0,770.0,15.0,90.0,RUNNING
2024-01-26 13:00:00,ZONE_M01,20.1,60.0,-16.8,766.0,770.0,15.0,90.0,RUNNING
2024-01-26 13:00:00,ZONE_M02,19.3,54.7,-16.7,711.0,770.0,15.0,90.0,RUNNING
2024-01-26 13:00:00,ZONE_M03,21.1,55.6,-14.3,684.0,770.0,15.0,90.0,RUNNING
2024-01-26 13:00:00,ZONE_B01,20.2,40.3,-16.1,515.0,770.0,15.0,90.0,RUNNING
2024-01-26 13:00:00,ZONE_B02,19.7,60.0,-16.6,843.0,770.0,15.0,90.0,RUNNING
2024-01-26 14:00:00,ZONE_M01,19.9,60.0,-15.5,825.0,770.0,15.0,90.0,RUNNING
2024-01-26 14:00:00,ZONE_M02,19.3,57.1,-19.4,808.0,770.0,15.0,90.0,RUNNING
2024-01-26 14:00:00,ZONE_M03,20.3,60.0,-18.8,787.0,770.0,15.0,90.0,RUNNING
2024-01-26 14:00:00,ZONE_B01,20.0,55.8,-17.8,721.0,770.0,15.0,90.0,RUNNING
2024-01-26 14:00:00,ZONE_B02,20.1,60.0,-19.6,824.0,770.0,15.0,90.0,RUNNING
2024-01-26 15:00:00,ZONE_M01,20.2,59.7,-13.4,761.0,770.0,15.0,90.0,RUNNING
2024-01-26 15:00:00,ZONE_M02,20.6,60.0,-16.0,867.0,770.0,15.0,90.0,RUNNING
2024-01-26 15:00:00,ZONE_M03,20.0,60.0,-17.4,868.0,770.0,15.0,90.0,RUNNING
2024-01-26 15:00:00,ZONE_B01,20.1,52.4,-18.3,700.0,770.0,15.0,90.0,RUNNING
2024-01-26 15:00:00,ZONE_B02,19.6,56.2,-15.8,710.0,770.0,15.0,90.0,RUNNING
2024-01-26 16:00:00,ZONE_M01,20.7,60.0,-16.1,857.0,770.0,15.0,90.0,RUNNING
2024-01-26 16:00:00,ZONE_M02,20.2,60.0,-13.8,872.0,770.0,15.0,90.0,RUNNING
2024-01-26 16:00:00,ZONE_M03,19.1,60.0,-16.3,745.0,770.0,15.0,90.0,RUNNING
2024-01-26 16:00:00,ZONE_B01,20.4,53.6,-16.5,722.0,770.0,15.0,90.0,RUNNING
2024-01-26 16:00:00,ZONE_B02,20.7,51.1,-17.0,609.0,770.0,15.0,90.0,RUNNING
2024-01-26 17:00:00,ZONE_M01,19.9,60.0,-21.0,798.0,770.0,15.0,90.0,RUNNING
2024-01-26 17:00:00,ZONE_M02,20.6,49.1,-17.9,577.0,770.0,15.0,90.0,RUNNING
2024-01-26 17:00:00,ZONE_M03,19.3,56.2,-12.8,770.0,770.0,15.0,90.0,RUNNING
2024-01-26 17:00:00,ZONE_B01,19.7,53.0,-19.2,679.0,770.0,15.0,90.0,RUNNING
2024-01-26 17:00:00,ZONE_B02,20.5,47.4,-16.5,552.0,770.0,15.0,90.0,RUNNING
2024-01-26 18:00:00,ZONE_M01,20.4,58.3,-14.4,737.0,770.0,15.0,90.0,RUNNING
2024-01-26 18:00:00,ZONE_M02,19.8,57.1,-18.1,714.0,770.0,15.0,90.0,RUNNING
2024-01-26 18:00:00,ZONE_M03,20.3,54.3,-19.0,677.0,770.0,15.0,90.0,RUNNING
2024-01-26 18:00:00,ZONE_B01,19.4,60.0,-14.9,790.0,770.0,15.0,90.0,RUNNING
2024-01-26 18:00:00,ZONE_B02,19.7,52.3,-14.9,637.0,770.0,15.0,90.0,RUNNING
2024-01-26 19:00:00,ZONE_M01,20.5,52.7,-13.2,661.0,770.0,15.0,90.0,RUNNING
2024-01-26 19:00:00,ZONE_M02,18.7,60.0,-14.9,910.0,770.0,15.0,90.0,RUNNING
2024-01-26 19:00:00,ZONE_M03,20.3,50.1,-16.2,677.0,770.0,15.0,90.0,RUNNING
2024-01-26 19:00:00,ZONE_B01,18.9,50.3,-17.5,649.0,770.0,15.0,90.0,RUNNING
2024-01-26 19:00:00,ZONE_B02,20.0,60.0,-16.9,881.0,770.0,15.0,90.0,RUNNING
2024-01-26 20:00:00,ZONE_M01,20.5,59.6,-15.8,787.0,770.0,15.0,90.0,RUNNING
2024-01-26 20:00:00,ZONE_M02,19.6,47.1,-16.7,704.0,770.0,15.0,90.0,RUNNING
2024-01-26 20:00:00,ZONE_M03,20.1,60.0,-15.1,796.0,770.0,15.0,90.0,RUNNING
2024-01-26 20:00:00,ZONE_B01,20.6,60.0,-12.5,751.0,770.0,15.0,90.0,RUNNING
2024-01-26 20:00:00,ZONE_B02,19.9,55.7,-18.3,728.0,770.0,15.0,90.0,RUNNING
2024-01-26 21:00:00,ZONE_M01,20.0,54.6,-18.2,705.0,770.0,15.0,90.0,RUNNING
2024-01-26 21:00:00,ZONE_M02,20.1,57.4,-17.4,699.0,770.0,15.0,90.0,RUNNING
2024-01-26 21:00:00,ZONE_M03,20.0,60.0,-16.0,761.0,770.0,15.0,90.0,RUNNING
2024-01-26 21:00:00,ZONE_B01,20.1,54.3,-13.9,692.0,770.0,15.0,90.0,RUNNING
2024-01-26 21:00:00,ZONE_B02,20.2,60.0,-17.8,820.0,770.0,15.0,90.0,RUNNING
2024-01-26 22:00:00,ZONE_M01,19.9,51.7,-14.9,705.0,770.0,15.0,90.0,RUNNING
2024-01-26 22:00:00,ZONE_M02,19.9,60.0,-14.8,900.0,770.0,15.0,90.0,RUNNING
2024-01-26 22:00:00,ZONE_M03,20.5,56.3,-13.6,706.0,770.0,15.0,90.0,RUNNING
2024-01-26 22:00:00,ZONE_B01,19.6,45.7,-13.3,591.0,770.0,15.0,90.0,RUNNING
2024-01-26 22:00:00,ZONE_B02,19.7,60.0,-18.4,788.0,770.0,15.0,90.0,RUNNING
2024-01-26 23:00:00,ZONE_M01,16.3,38.0,-12.8,425.0,770.0,15.0,90.0,RUNNING
2024-01-26 23:00:00,ZONE_M02,16.1,37.3,-15.6,464.0,770.0,15.0,90.0,RUNNING
2024-01-26 23:00:00,ZONE_M03,16.3,38.1,-15.8,465.0,770.0,15.0,90.0,RUNNING
2024-01-26 23:00:00,ZONE_B01,15.9,43.4,-18.8,464.0,770.0,15.0,90.0,RUNNING
2024-01-26 23:00:00,ZONE_B02,15.6,42.5,-16.3,499.0,770.0,15.0,90.0,RUNNING
2024-01-27 00:00:00,ZONE_M01,15.3,42.5,-17.9,525.0,770.0,15.0,90.0,RUNNING
2024-01-27 00:00:00,ZONE_M02,15.7,46.2,-15.1,444.0,770.0,15.0,90.0,RUNNING
2024-01-27 00:00:00,ZONE_M03,15.7,37.8,-17.8,483.0,770.0,15.0,90.0,RUNNING
2024-01-27 00:00:00,ZONE_B01,16.0,39.3,-17.5,518.0,770.0,15.0,90.0,RUNNING
2024-01-27 00:00:00,ZONE_B02,16.5,40.2,-17.5,519.0,770.0,15.0,90.0,RUNNING
2024-01-27 01:00:00,ZONE_M01,16.3,41.1,-12.3,450.0,770.0,15.0,90.0,RUNNING
2024-01-27 01:00:00,ZONE_M02,16.4,37.4,-15.3,390.0,770.0,15.0,90.0,RUNNING
2024-01-27 01:00:00,ZONE_M03,15.6,35.8,-17.4,443.0,770.0,15.0,90.0,RUNNING
2024-01-27 01:00:00,ZONE_B01,15.4,36.5,-19.0,489.0,770.0,15.0,90.0,RUNNING
2024-01-27 01:00:00,ZONE_B02,16.6,40.3,-16.2,424.0,770.0,15.0,90.0,RUNNING
2024-01-27 02:00:00,ZONE_M01,16.0,40.3,-15.1,536.0,770.0,15.0,90.0,RUNNING
2024-01-27 02:00:00,ZONE_M02,15.6,41.0,-18.0,481.0,770.0,15.0,90.0,RUNNING
2024-01-27 02:00:00,ZONE_M03,15.8,42.6,-17.4,501.0,770.0,15.0,90.0,RUNNING
2024-01-27 02:00:00,ZONE_B01,15.7,40.5,-17.8,501.0,770.0,15.0,90.0,RUNNING
2024-01-27 02:00:00,ZONE_B02,15.3,36.9,-20.4,455.0,770.0,15.0,90.0,RUNNING
2024-01-27 03:00:00,ZONE_M01,16.2,37.9,-17.3,516.0,770.0,15.0,90.0,RUNNING
2024-01-27 03:00:00,ZONE_M02,16.0,43.4,-15.4,528.0,770.0,15.0,90.0,RUNNING
2024-01-27 03:00:00,ZONE_M03,14.9,42.9,-14.7,496.0,770.0,15.0,90.0,RUNNING
2024-01-27 03:00:00,ZONE_B01,16.4,43.6,-17.8,457.0,770.0,15.0,90.0,RUNNING
2024-01-27 03:00:00,ZONE_B02,15.2,38.7,-17.7,474.0,770.0,15.0,90.0,RUNNING
2024-01-27 04:00:00,ZONE_M01,16.3,38.4,-15.7,432.0,770.0,15.0,90.0,RUNNING
2024-01-27 04:00:00,ZONE_M02,16.8,35.4,-20.5,497.0,770.0,15.0,90.0,RUNNING
2024-01-27 04:00:00,ZONE_M03,16.3,36.7,-16.9,475.0,770.0,15.0,90.0,RUNNING
2024-01-27 04:00:00,ZONE_B01,16.4,38.6,-15.0,484.0,770.0,15.0,90.0,RUNNING
2024-01-27 04:00:00,ZONE_B02,15.8,41.2,-18.6,459.0,770.0,15.0,90.0,RUNNING
2024-01-27 05:00:00,ZONE_M01,15.9,43.6,-20.1,500.0,770.0,15.0,90.0,RUNNING
2024-01-27 05:00:00,ZONE_M02,16.8,35.6,-17.9,502.0,770.0,15.0,90.0,RUNNING
2024-01-27 05:00:00,ZONE_M03,15.9,36.5,-18.4,430.0,770.0,15.0,90.0,RUNNING
2024-01-27 05:00:00,ZONE_B01,16.4,37.7,-16.8,498.0,770.0,15.0,90.0,RUNNING
2024-01-27 05:00:00,ZONE_B02,16.1,46.7,-15.6,505.0,770.0,15.0,90.0,RUNNING
2024-01-27 06:00:00,ZONE_M01,20.1,60.0,-14.1,826.0,770.0,15.0,90.0,RUNNING
2024-01-27 06:00:00,ZONE_M02,20.1,60.0,-17.0,831.0,770.0,15.0,90.0,RUNNING
2024-01-27 06:00:00,ZONE_M03,20.5,55.1,-17.4,661.0,770.0,15.0,90.0,RUNNING
2024-01-27 06:00:00,ZONE_B01,20.6,58.3,-20.8,799.0,770.0,15.0,90.0,RUNNING
2024-01-27 06:00:00,ZONE_B02,19.0,56.9,-14.3,639.0,770.0,15.0,90.0,RUNNING
2024-01-27 07:00:00,ZONE_M01,19.9,60.0,-16.4,792.0,770.0,15.0,90.0,RUNNING
2024-01-27 07:00:00,ZONE_M02,20.2,56.3,-15.7,695.0,770.0,15.0,90.0,RUNNING
2024-01-27 07:00:00,ZONE_M03,19.6,54.0,-18.5,576.0,770.0,15.0,90.0,RUNNING
2024-01-27 07:00:00,ZONE_B01,20.0,60.0,-13.5,909.0,770.0,15.0,90.0,RUNNING
2024-01-27 07:00:00,ZONE_B02,19.8,54.6,-17.5,669.0,770.0,15.0,90.0,RUNNING
2024-01-27 08:00:00,ZONE_M01,19.3,47.2,-17.6,625.0,770.0,15.0,90.0,RUNNING
2024-01-27 08:00:00,ZONE_M02,20.7,60.0,-9.8,829.0,770.0,15.0,90.0,RUNNING
2024-01-27 08:00:00,ZONE_M03,19.9,60.0,-20.0,774.0,770.0,15.0,90.0,RUNNING
2024-01-27 08:00:00,ZONE_B01,19.6,46.0,-17.3,602.0,770.0,15.0,90.0,RUNNING
2024-01-27 08:00:00,ZONE_B02,20.0,60.0,-17.7,843.0,770.0,15.0,90.0,RUNNING
2024-01-27 09:00:00,ZONE_M01,19.6,60.0,-15.3,803.0,770.0,15.0,90.0,RUNNING
2024-01-27 09:00:00,ZONE_M02,20.7,58.0,-13.8,776.0,770.0,15.0,90.0,RUNNING
2024-01-27 09:00:00,ZONE_M03,18.9,60.0,-18.1,846.0,770.0,15.0,90.0,RUNNING
2024-01-27 09:00:00,ZONE_B01,20.1,52.0,-20.9,651.0,770.0,15.0,90.0,RUNNING
2024-01-27 09:00:00,ZONE_B02,19.8,56.8,-18.1,737.0,770.0,15.0,90.0,RUNNING
2024-01-27 10:00:00,ZONE_M01,19.3,60.0,-17.0,773.0,770.0,15.0,90.0,RUNNING
2024-01-27 10:00:00,ZONE_M02,19.6,52.4,-16.2,692.0,770.0,15.0,90.0,RUNNING
2024-01-27 10:00:00,ZONE_M03,19.6,53.3,-18.7,646.0,770.0,15.0,90.0,RUNNING
2024-01-27 10:00:00,ZONE_B01,20.0,55.5,-15.4,655.0,770.0,15.0,90.0,RUNNING
2024-01-27 10:00:00,ZONE_B02,19.8,60.0,-13.4,811.0,770.0,15.0,90.0,RUNNING
2024-01-27 11:00:00,ZONE_M01,19.8,59.4,-19.3,783.0,770.0,15.0,90.0,RUNNING
2024-01-27 11:00:00,ZONE_M02,20.0,57.7,-16.9,681.0,770.0,15.0,90.0,RUNNING
2024-01-27 11:00:00,ZONE_M03,19.8,54.7,-20.3,691.0,770.0,15.0,90.0,RUNNING
2024-01-27 11:00:00,ZONE_B01,19.5,54.6,-17.8,630.0,770.0,15.0,90.0,RUNNING
2024-01-27 11:00:00,ZONE_B02,20.5,51.5,-20.1,668.0,770.0,15.0,90.0,RUNNING
2024-01-27 12:00:00,ZONE_M01,19.5,55.9,-16.3,721.0,770.0,15.0,90.0,RUNNING
2024-01-27 12:00:00,ZONE_M02,19.7,60.0,-16.8,919.0,770.0,15.0,90.0,RUNNING
2024-01-27 12:00:00,ZONE_M03,19.6,54.7,-18.1,640.0,770.0,15.0,90.0,RUNNING
2024-01-27 12:00:00,ZONE_B01,18.8,52.5,-20.1,668.0,770.0,15.0,90.0,RUNNING
2024-01-27 12:00:00,ZONE_B02,19.5,60.0,-17.4,834.0,770.0,15.0,90.0,RUNNING
2024-01-27 13:00:00,ZONE_M01,19.7,54.9,-14.6,599.0,770.0,15.0,90.0,RUNNING
2024-01-27 13:00:00,ZONE_M02,20.7,60.0,-19.6,765.0,770.0,15.0,90.0,RUNNING
2024-01-27 13:00:00,ZONE_M03,19.7,58.6,-18.9,757.0,770.0,15.0,90.0,RUNNING
2024-01-27 13:00:00,ZONE_B01,19.6,48.2,-17.7,633.0,770.0,15.0,90.0,RUNNING
2024-01-27 13:00:00,ZONE_B02,20.2,54.6,-20.2,716.0,770.0,15.0,90.0,RUNNING
2024-01-27 14:00:00,ZONE_M01,20.8,52.4,-13.9,674.0,770.0,15.0,90.0,RUNNING
2024-01-27 14:00:00,ZONE_M02,20.3,41.8,-15.4,551.0,770.0,15.0,90.0,RUNNING
2024-01-27 14:00:00,ZONE_M03,20.0,60.0,-14.9,805.0,770.0,15.0,90.0,RUNNING
2024-01-27 14:00:00,ZONE_B01,20.7,44.9,-14.5,553.0,770.0,15.0,90.0,RUNNING
2024-01-27 14:00:00,ZONE_B02,19.2,60.0,-16.2,862.0,770.0,15.0,90.0,RUNNING
2024-01-27 15:00:00,ZONE_M01,20.1,60.0,-15.2,916.0,770.0,15.0,90.0,RUNNING
2024-01-27 15:00:00,ZONE_M02,20.1,50.7,-18.1,653.0,770.0,15.0,90.0,RUNNING
2024-01-27 15:00:00,ZONE_M03,18.7,53.8,-17.3,695.0,770.0,15.0,90.0,RUNNING
2024-01-27 15:00:00,ZONE_B01,20.9,50.8,-17.8,662.0,770.0,15.0,90.0,RUNNING
2024-01-27 15:00:00,ZONE_B02,19.8,47.2,-14.2,688.0,770.0,15.0,90.0,RUNNING
2024-01-27 16:00:00,ZONE_M01,19.7,60.0,-15.9,880.0,770.0,15.0,90.0,RUNNING
2024-01-27 16:00:00,ZONE_M02,20.3,60.0,-17.0,738.0,770.0,15.0,90.0,RUNNING
2024-01-27 16:00:00,ZONE_M03,20.7,60.0,-15.4,805.0,770.0,15.0,90.0,RUNNING
2024-01-27 16:00:00,ZONE_B01,19.7,60.0,-14.7,951.0,770.0,15.0,90.0,RUNNING
2024-01-27 16:00:00,ZONE_B02,19.5,60.0,-16.0,816.0,770.0,15.0,90.0,RUNNING
2024-01-27 17:00:00,ZONE_M01,20.0,54.0,-18.2,670.0,770.0,15.0,90.0,RUNNING
2024-01-27 17:00:00,ZONE_M02,20.2,51.5,-16.6,714.0,770.0,15.0,90.0,RUNNING
2024-01-27 17:00:00,ZONE_M03,20.5,60.0,-17.3,770.0,770.0,15.0,90.0,RUNNING
2024-01-27 17:00:00,ZONE_B01,19.4,44.8,-19.8,591.0,770.0,15.0,90.0,RUNNING
2024-01-27 17:00:00,ZONE_B02,19.2,60.0,-17.3,894.0,770.0,15.0,90.0,RUNNING
2024-01-27 18:00:00,ZONE_M01,19.7,60.0,-19.2,895.0,770.0,15.0,90.0,RUNNING
2024-01-27 18:00:00,ZONE_M02,20.7,46.7,-17.6,619.0,770.0,15.0,90.0,RUNNING
2024-01-27 18:00:00,ZONE_M03,20.2,58.2,-17.6,736.0,770.0,15.0,90.0,RUNNING
2024-01-27 18:00:00,ZONE_B01,19.3,51.3,-17.9,644.0,770.0,15.0,90.0,RUNNING
2024-01-27 18:00:00,ZONE_B02,19.8,60.0,-17.4,708.0,770.0,15.0,90.0,RUNNING
2024-01-27 19:00:00,ZONE_M01,19.9,56.3,-19.2,742.0,770.0,15.0,90.0,RUNNING
2024-01-27 19:00:00,ZONE_M02,19.3,57.6,-17.0,734.0,770.0,15.0,90.0,RUNNING
2024-01-27 19:00:00,ZONE_M03,20.3,60.0,-13.4,781.0,770.0,15.0,90.0,RUNNING
2024-01-27 19:00:00,ZONE_B01,19.9,58.5,-18.9,720.0,770.0,15.0,90.0,RUNNING
2024-01-27 19:00:00,ZONE_B02,20.4,58.7,-13.2,787.0,770.0,15.0,90.0,RUNNING
2024-01-27 20:00:00,ZONE_M01,20.5,57.7,-17.6,704.0,770.0,15.0,90.0,RUNNING
2024-01-27 20:00:00,ZONE_M02,19.3,60.0,-20.4,907.0,770.0,15.0,90.0,RUNNING
2024-01-27 20:00:00,ZONE_M03,19.9,54.5,-17.9,688.0,770.0,15.0,90.0,RUNNING
2024-01-27 20:00:00,ZONE_B01,20.1,60.0,-17.8,889.0,770.0,15.0,90.0,RUNNING
2024-01-27 20:00:00,ZONE_B02,20.0,59.8,-13.8,808.0,770.0,15.0,90.0,RUNNING
2024-01-27 21:00:00,ZONE_M01,19.6,60.0,-11.9,925.0,770.0,15.0,90.0,RUNNING
2024-01-27 21:00:00,ZONE_M02,20.2,54.4,-13.9,698.0,770.0,15.0,90.0,RUNNING
2024-01-27 21:00:00,ZONE_M03,19.2,58.8,-16.0,714.0,770.0,15.0,90.0,RUNNING
2024-01-27 21:00:00,ZONE_B01,20.9,55.2,-21.0,680.0,770.0,15.0,90.0,RUNNING
2024-01-27 21:00:00,ZONE_B02,19.2,51.5,-15.2,678.0,770.0,15.0,90.0,RUNNING
2024-01-27 22:00:00,ZONE_M01,20.1,59.2,-16.5,718.0,770.0,15.0,90.0,RUNNING
2024-01-27 22:00:00,ZONE_M02,20.7,60.0,-15.7,903.0,770.0,15.0,90.0,RUNNING
2024-01-27 22:00:00,ZONE_M03,20.6,53.9,-17.9,762.0,770.0,15.0,90.0,RUNNING
2024-01-27 22:00:00,ZONE_B01,19.4,52.8,-17.9,659.0,770.0,15.0,90.0,RUNNING
2024-01-27 22:00:00,ZONE_B02,21.0,54.0,-16.3,709.0,770.0,15.0,90.0,RUNNING
2024-01-27 23:00:00,ZONE_M01,15.9,33.3,-13.6,402.0,770.0,15.0,90.0,RUNNING
2024-01-27 23:00:00,ZONE_M02,16.7,33.8,-20.0,437.0,770.0,15.0,90.0,RUNNING
2024-01-27 23:00:00,ZONE_M03,16.8,38.3,-14.8,466.0,770.0,15.0,90.0,RUNNING
2024-01-27 23:00:00,ZONE_B01,16.5,39.3,-16.3,403.0,770.0,15.0,90.0,RUNNING
2024-01-27 23:00:00,ZONE_B02,15.8,48.0,-18.0,552.0,770.0,15.0,90.0,RUNNING
2024-01-28 00:00:00,ZONE_M01,15.3,36.9,-18.5,425.0,770.0,15.0,90.0,RUNNING
2024-01-28 00:00:00,ZONE_M02,16.1,39.0,-19.9,436.0,770.0,15.0,90.0,RUNNING
2024-01-28 00:00:00,ZONE_M03,15.7,39.4,-14.0,496.0,770.0,15.0,90.0,RUNNING
2024-01-28 00:00:00,ZONE_B01,16.0,43.2,-12.4,547.0,770.0,15.0,90.0,RUNNING
2024-01-28 00:00:00,ZONE_B02,15.4,41.3,-14.8,510.0,770.0,15.0,90.0,RUNNING
2024-01-28 01:00:00,ZONE_M01,15.9,41.5,-15.8,458.0,770.0,15.0,90.0,RUNNING
2024-01-28 01:00:00,ZONE_M02,15.4,35.4,-19.5,468.0,770.0,15.0,90.0,RUNNING
2024-01-28 01:00:00,ZONE_M03,15.8,37.4,-17.0,511.0,770.0,15.0,90.0,RUNNING
2024-01-28 01:00:00,ZONE_B01,15.4,35.3,-20.2,486.0,770.0,15.0,90.0,RUNNING
2024-01-28 01:00:00,ZONE_B02,16.3,41.8,-18.0,481.0,770.0,15.0,90.0,RUNNING
2024-01-28 02:00:00,ZONE_M01,15.7,37.9,-21.0,398.0,770.0,15.0,90.0,RUNNING
2024-01-28 02:00:00,ZONE_M02,16.0,43.2,-21.9,525.0,770.0,15.0,90.0,RUNNING
2024-01-28 02:00:00,ZONE_M03,15.7,41.8,-17.2,543.0,770.0,15.0,90.0,RUNNING
2024-01-28 02:00:00,ZONE_B01,16.8,40.4,-20.2,464.0,770.0,15.0,90.0,RUNNING
2024-01-28 02:00:00,ZONE_B02,15.6,44.5,-19.6,478.0,770.0,15.0,90.0,RUNNING
2024-01-28 03:00:00,ZONE_M01,16.3,37.1,-17.4,450.0,770.0,15.0,90.0,RUNNING
2024-01-28 03:00:00,ZONE_M02,15.9,38.5,-20.1,480.0,770.0,15.0,90.0,RUNNING
2024-01-28 03:00:00,ZONE_M03,15.9,42.0,-17.9,477.0,770.0,15.0,90.0,RUNNING
2024-01-28 03:00:00,ZONE_B01,16.4,46.2,-17.2,498.0,770.0,15.0,90.0,RUNNING
2024-01-28 03:00:00,ZONE_B02,15.5,42.4,-15.2,508.0,770.0,15.0,90.0,RUNNING
2024-01-28 04:00:00,ZONE_M01,15.9,40.9,-16.7,488.0,770.0,15.0,90.0,RUNNING
2024-01-28 04:00:00,ZONE_M02,17.4,40.5,-12.5,462.0,770.0,15.0,90.0,RUNNING
2024-01-28 04:00:00,ZONE_M03,16.3,38.0,-13.6,480.0,770.0,15.0,90.0,RUNNING
2024-01-28 04:00:00,ZONE_B01,16.1,40.6,-18.7,427.0,770.0,15.0,90.0,RUNNING
2024-01-28 04:00:00,ZONE_B02,15.2,38.9,-17.4,455.0,770.0,15.0,90.0,RUNNING
2024-01-28 05:00:00,ZONE_M01,15.0,34.7,-14.1,432.0,770.0,15.0,90.0,RUNNING
2024-01-28 05:00:00,ZONE_M02,15.4,39.2,-13.1,473.0,770.0,15.0,90.0,RUNNING
2024-01-28 05:00:00,ZONE_M03,16.5,37.0,-19.1,434.0,770.0,15.0,90.0,RUNNING
2024-01-28 05:00:00,ZONE_B01,15.8,40.9,-16.3,473.0,770.0,15.0,90.0,RUNNING
2024-01-28 05:00:00,ZONE_B02,16.2,37.9,-18.7,414.0,770.0,15.0,90.0,RUNNING
2024-01-28 06:00:00,ZONE_M01,19.7,60.0,-18.7,875.0,770.0,15.0,90.0,RUNNING
2024-01-28 06:00:00,ZONE_M02,20.3,58.2,-18.7,703.0,770.0,15.0,90.0,RUNNING
2024-01-28 06:00:00,ZONE_M03,19.5,60.0,-17.0,853.0,770.0,15.0,90.0,RUNNING
2024-01-28 06:00:00,ZONE_B01,19.9,60.0,-16.5,781.0,770.0,15.0,90.0,RUNNING
2024-01-28 06:00:00,ZONE_B02,20.0,57.9,-18.2,773.0,770.0,15.0,90.0,RUNNING
2024-01-28 07:00:00,ZONE_M01,20.2,60.0,-13.9,815.0,770.0,15.0,90.0,RUNNING
2024-01-28 07:00:00,ZONE_M02,20.0,58.2,-15.1,754.0,770.0,15.0,90.0,RUNNING
2024-01-28 07:00:00,ZONE_M03,20.3,60.0,-18.1,773.0,770.0,15.0,90.0,RUNNING
2024-01-28 07:00:00,ZONE_B01,20.2,60.0,-19.9,770.0,770.0,15.0,90.0,RUNNING
2024-01-28 07:00:00,ZONE_B02,20.3,42.9,-17.8,561.0,770.0,15.0,90.0,RUNNING
2024-01-28 08:00:00,ZONE_M01,20.9,60.0,-19.7,815.0,770.0,15.0,90.0,RUNNING
2024-01-28 08:00:00,ZONE_M02,20.3,60.0,-17.1,860.0,770.0,15.0,90.0,RUNNING
2024-01-28 08:00:00,ZONE_M03,19.4,56.8,-20.0,759.0,770.0,15.0,90.0,RUNNING
2024-01-28 08:00:00,ZONE_B01,19.7,55.3,-13.3,662.0,770.0,15.0,90.0,RUNNING
2024-01-28 08:00:00,ZONE_B02,20.5,60.0,-19.7,925.0,770.0,15.0,90.0,RUNNING
2024-01-28 09:00:00,ZONE_M01,19.7,53.8,-16.0,654.0,770.0,15.0,90.0,RUNNING
2024-01-28 09:00:00,ZONE_M02,20.2,57.1,-14.3,803.0,770.0,15.0,90.0,RUNNING
2024-01-28 09:00:00,ZONE_M03,19.8,58.2,-17.9,810.0,770.0,15.0,90.0,RUNNING
2024-01-28 09:00:00,ZONE_B01,19.0,59.2,-18.7,699.0,770.0,15.0,90.0,RUNNING
2024-01-28 09:00:00,ZONE_B02,19.1,60.0,-15.0,733.0,770.0,15.0,90.0,RUNNING
2024-01-28 10:00:00,ZONE_M01,19.7,60.0,-18.6,892.0,770.0,15.0,90.0,RUNNING
2024-01-28 10:00:00,ZONE_M02,19.9,60.0,-16.4,749.0,770.0,15.0,90.0,RUNNING
2024-01-28 10:00:00,ZONE_M03,20.4,46.4,-15.1,640.0,770.0,15.0,90.0,RUNNING
2024-01-28 10:00:00,ZONE_B01,19.9,48.7,-16.5,645.0,770.0,15.0,90.0,RUNNING
2024-01-28 10:00:00,ZONE_B02,19.6,60.0,-16.0,777.0,770.0,15.0,90.0,RUNNING
2024-01-28 11:00:00,ZONE_M01,19.9,60.0,-17.8,973.0,770.0,15.0,90.0,RUNNING
2024-01-28 11:00:00,ZONE_M02,18.7,46.0,-17.1,620.0,770.0,15.0,90.0,RUNNING
2024-01-28 11:00:00,ZONE_M03,20.6,51.4,-15.8,634.0,770.0,15.0,90.0,RUNNING
2024-01-28 11:00:00,ZONE_B01,19.4,59.5,-18.8,750.0,770.0,15.0,90.0,RUNNING
2024-01-28 11:00:00,ZONE_B02,19.9,52.8,-12.7,700.0,770.0,15.0,90.0,RUNNING
2024-01-28 12:00:00,ZONE_M01,20.3,38.4,-17.8,579.0,770.0,15.0,90.0,RUNNING
2024-01-28 12:00:00,ZONE_M02,20.1,52.8,-15.6,619.0,770.0,15.0,90.0,RUNNING
2024-01-28 12:00:00,ZONE_M03,19.6,60.0,-14.0,892.0,770.0,15.0,90.0,RUNNING
2024-01-28 12:00:00,ZONE_B01,20.1,50.8,-20.9,685.0,770.0,15.0,90.0,RUNNING
2024-01-28 12:00:00,ZONE_B02,20.2,57.0,-18.6,664.0,770.0,15.0,90.0,RUNNING
2024-01-28 13:00:00,ZONE_M01,20.4,60.0,-17.0,857.0,770.0,15.0,90.0,RUNNING
2024-01-28 13:00:00,ZONE_M02,20.1,60.0,-18.1,742.0,770.0,15.0,90.0,RUNNING
2024-01-28 13:00:00,ZONE_M03,20.0,51.1,-16.0,663.0,770.0,15.0,90.0,RUNNING
2024-01-28 13:00:00,ZONE_B01,19.8,60.0,-15.8,782.0,770.0,15.0,90.0,RUNNING
2024-01-28 13:00:00,ZONE_B02,19.8,59.2,-17.1,787.0,770.0,15.0,90.0,RUNNING
2024-01-28 14:00:00,ZONE_M01,20.5,60.0,-18.1,773.0,770.0,15.0,90.0,RUNNING
2024-01-28 14:00:00,ZONE_M02,20.6,60.0,-15.4,788.0,770.0,15.0,90.0,RUNNING
2024-01-28 14:00:00,ZONE_M03,19.7,52.0,-14.9,606.0,770.0,15.0,90.0,RUNNING
2024-01-28 14:00:00,ZONE_B01,19.8,51.7,-16.4,703.0,770.0,15.0,90.0,RUNNING
2024-01-28 14:00:00,ZONE_B02,20.6,57.8,-17.2,697.0,770.0,15.0,90.0,RUNNING
2024-01-28 15:00:00,ZONE_M01,19.8,43.4,-15.5,644.0,770.0,15.0,90.0,RUNNING
2024-01-28 15:00:00,ZONE_M02,20.6,54.6,-18.6,753.0,770.0,15.0,90.0,RUNNING
2024-01-28 15:00:00,ZONE_M03,20.0,60.0,-18.8,759.0,770.0,15.0,90.0,RUNNING
2024-01-28 15:00:00,ZONE_B01,20.9,60.0,-19.0,895.0,770.0,15.0,90.0,RUNNING
2024-01-28 15:00:00,ZONE_B02,19.4,55.7,-17.2,686.0,770.0,15.0,90.0,RUNNING
2024-01-28 16:00:00,ZONE_M01,19.3,60.0,-15.6,809.0,770.0,15.0,90.0,RUNNING
2024-01-28 16:00:00,ZONE_M02,21.0,54.0,-15.3,698.0,770.0,15.0,90.0,RUNNING
2024-01-28 16:00:00,ZONE_M03,18.9,53.0,-19.6,722.0,770.0,15.0,90.0,RUNNING
2024-01-28 16:00:00,ZONE_B01,20.6,60.0,-16.3,868.0,770.0,15.0,90.0,RUNNING
2024-01-28 16:00:00,ZONE_B02,19.1,50.1,-20.0,632.0,770.0,15.0,90.0,RUNNING
2024-01-28 17:00:00,ZONE_M01,21.2,60.0,-17.9,839.0,770.0,15.0,90.0,RUNNING
2024-01-28 17:00:00,ZONE_M02,20.2,60.0,-13.1,815.0,770.0,15.0,90.0,RUNNING
2024-01-28 17:00:00,ZONE_M03,19.7,54.8,-14.6,759.0,770.0,15.0,90.0,RUNNING
2024-01-28 17:00:00,ZONE_B01,19.4,60.0,-18.6,833.0,770.0,15.0,90.0,RUNNING
2024-01-28 17:00:00,ZONE_B02,19.8,47.8,-15.9,714.0,770.0,15.0,90.0,RUNNING
2024-01-28 18:00:00,ZONE_M01,19.8,60.0,-18.5,740.0,770.0,15.0,90.0,RUNNING
2024-01-28 18:00:00,ZONE_M02,20.7,58.6,-12.3,659.0,770.0,15.0,90.0,RUNNING
2024-01-28 18:00:00,ZONE_M03,20.0,54.4,-18.6,737.0,770.0,15.0,90.0,RUNNING
2024-01-28 18:00:00,ZONE_B01,20.4,55.8,-14.8,706.0,770.0,15.0,90.0,RUNNING
2024-01-28 18:00:00,ZONE_B02,19.9,60.0,-18.0,843.0,770.0,15.0,90.0,RUNNING
2024-01-28 19:00:00,ZONE_M01,19.2,60.0,-18.7,830.0,770.0,15.0,90.0,RUNNING
2024-01-28 19:00:00,ZONE_M02,20.2,60.0,-12.8,891.0,770.0,15.0,90.0,RUNNING
2024-01-28 19:00:00,ZONE_M03,20.3,51.4,-19.5,696.0,770.0,15.0,90.0,RUNNING
2024-01-28 19:00:00,ZONE_B01,19.1,51.7,-16.9,669.0,770.0,15.0,90.0,RUNNING
2024-01-28 19:00:00,ZONE_B02,20.0,59.2,-18.9,814.0,770.0,15.0,90.0,RUNNING
2024-01-28 20:00:00,ZONE_M01,20.6,60.0,-17.7,805.0,770.0,15.0,90.0,RUNNING
2024-01-28 20:00:00,ZONE_M02,19.8,60.0,-12.9,825.0,770.0,15.0,90.0,RUNNING
2024-01-28 20:00:00,ZONE_M03,20.2,54.7,-19.4,634.0,770.0,15.0,90.0,RUNNING
2024-01-28 20:00:00,ZONE_B01,19.5,58.9,-14.1,684.0,770.0,15.0,90.0,RUNNING
2024-01-28 20:00:00,ZONE_B02,20.3,57.7,-14.2,667.0,770.0,15.0,90.0,RUNNING
2024-01-28 21:00:00,ZONE_M01,20.4,60.0,-14.4,721.0,770.0,15.0,90.0,RUNNING
2024-01-28 21:00:00,ZONE_M02,19.6,60.0,-15.4,932.0,770.0,15.0,90.0,RUNNING
2024-01-28 21:00:00,ZONE_M03,20.2,60.0,-14.9,691.0,770.0,15.0,90.0,RUNNING
2024-01-28 21:00:00,ZONE_B01,19.0,60.0,-19.0,820.0,770.0,15.0,90.0,RUNNING
2024-01-28 21:00:00,ZONE_B02,19.8,48.6,-16.2,622.0,770.0,15.0,90.0,RUNNING
2024-01-28 22:00:00,ZONE_M01,20.0,48.7,-18.7,597.0,770.0,15.0,90.0,RUNNING
2024-01-28 22:00:00,ZONE_M02,19.7,51.9,-19.0,658.0,770.0,15.0,90.0,RUNNING
2024-01-28 22:00:00,ZONE_M03,19.7,60.0,-14.2,840.0,770.0,15.0,90.0,RUNNING
2024-01-28 22:00:00,ZONE_B01,20.3,60.0,-16.4,874.0,770.0,15.0,90.0,RUNNING
2024-01-28 22:00:00,ZONE_B02,20.0,56.1,-21.1,626.0,770.0,15.0,90.0,RUNNING
2024-01-28 23:00:00,ZONE_M01,15.9,42.9,-17.7,414.0,770.0,15.0,90.0,RUNNING
2024-01-28 23:00:00,ZONE_M02,16.5,38.1,-17.6,417.0,770.0,15.0,90.0,RUNNING
2024-01-28 23:00:00,ZONE_M03,16.4,43.2,-13.7,456.0,770.0,15.0,90.0,RUNNING
2024-01-28 23:00:00,ZONE_B01,16.0,38.9,-17.7,498.0,770.0,15.0,90.0,RUNNING
2024-01-28 23:00:00,ZONE_B02,17.0,41.2,-14.9,444.0,770.0,15.0,90.0,RUNNING
2024-01-29 00:00:00,ZONE_M01,16.2,39.0,-17.0,502.0,770.0,15.0,90.0,RUNNING
2024-01-29 00:00:00,ZONE_M02,15.0,39.1,-14.0,493.0,770.0,15.0,90.0,RUNNING
2024-01-29 00:00:00,ZONE_M03,16.7,39.9,-17.1,508.0,770.0,15.0,90.0,RUNNING
2024-01-29 00:00:00,ZONE_B01,16.4,44.3,-15.5,517.0,770.0,15.0,90.0,RUNNING
2024-01-29 00:00:00,ZONE_B02,15.2,42.4,-14.3,428.0,770.0,15.0,90.0,RUNNING
2024-01-29 01:00:00,ZONE_M01,16.2,42.8,-18.2,512.0,770.0,15.0,90.0,RUNNING
2024-01-29 01:00:00,ZONE_M02,16.0,42.1,-16.1,486.0,770.0,15.0,90.0,RUNNING
2024-01-29 01:00:00,ZONE_M03,16.3,36.3,-20.2,444.0,770.0,15.0,90.0,RUNNING
2024-01-29 01:00:00,ZONE_B01,15.9,43.6,-19.7,545.0,770.0,15.0,90.0,RUNNING
2024-01-29 01:00:00,ZONE_B02,16.2,41.4,-18.0,509.0,770.0,15.0,90.0,RUNNING
2024-01-29 02:00:00,ZONE_M01,17.1,44.0,-17.8,493.0,770.0,15.0,90.0,RUNNING
2024-01-29 02:00:00,ZONE_M02,16.2,42.5,-18.9,540.0,770.0,15.0,90.0,RUNNING
2024-01-29 02:00:00,ZONE_M03,15.9,42.4,-16.1,499.0,770.0,15.0,90.0,RUNNING
2024-01-29 02:00:00,ZONE_B01,16.6,37.9,-20.6,486.0,770.0,15.0,90.0,RUNNING
2024-01-29 02:00:00,ZONE_B02,16.2,44.4,-17.0,506.0,770.0,15.0,90.0,RUNNING
2024-01-29 03:00:00,ZONE_M01,15.6,36.3,-19.0,424.0,770.0,15.0,90.0,RUNNING
2024-01-29 03:00:00,ZONE_M02,16.3,40.3,-17.3,509.0,770.0,15.0,90.0,RUNNING
2024-01-29 03:00:00,ZONE_M03,15.6,35.2,-18.7,510.0,770.0,15.0,90.0,RUNNING
2024-01-29 03:00:00,ZONE_B01,15.7,31.3,-17.8,408.0,770.0,15.0,90.0,RUNNING
2024-01-29 03:00:00,ZONE_B02,17.1,32.7,-20.0,427.0,770.0,15.0,90.0,RUNNING
2024-01-29 04:00:00,ZONE_M01,16.6,44.6,-19.3,483.0,770.0,15.0,90.0,RUNNING
2024-01-29 04:00:00,ZONE_M02,15.3,37.0,-17.3,423.0,770.0,15.0,90.0,RUNNING
2024-01-29 04:00:00,ZONE_M03,16.3,42.4,-17.8,482.0,770.0,15.0,90.0,RUNNING
2024-01-29 04:00:00,ZONE_B01,16.1,36.3,-19.4,425.0,770.0,15.0,90.0,RUNNING
2024-01-29 04:00:00,ZONE_B02,15.7,43.2,-20.2,490.0,770.0,15.0,90.0,RUNNING
2024-01-29 05:00:00,ZONE_M01,16.6,35.9,-16.4,376.0,770.0,15.0,90.0,RUNNING
2024-01-29 05:00:00,ZONE_M02,16.2,36.1,-16.7,407.0,770.0,15.0,90.0,RUNNING
2024-01-29 05:00:00,ZONE_M03,16.4,40.1,-16.7,433.0,770.0,15.0,90.0,RUNNING
2024-01-29 05:00:00,ZONE_B01,15.8,37.5,-17.5,458.0,770.0,15.0,90.0,RUNNING
2024-01-29 05:00:00,ZONE_B02,16.0,36.3,-16.6,416.0,770.0,15.0,90.0,RUNNING
2024-01-29 06:00:00,ZONE_M01,20.1,60.0,-15.5,841.0,770.0,15.0,90.0,RUNNING
2024-01-29 06:00:00,ZONE_M02,19.8,52.1,-19.7,631.0,770.0,15.0,90.0,RUNNING
2024-01-29 06:00:00,ZONE_M03,20.5,59.0,-15.8,787.0,770.0,15.0,90.0,RUNNING
2024-01-29 06:00:00,ZONE_B01,19.4,53.6,-19.2,708.0,770.0,15.0,90.0,RUNNING
2024-01-29 06:00:00,ZONE_B02,19.0,57.4,-15.3,736.0,770.0,15.0,90.0,RUNNING
2024-01-29 07:00:00,ZONE_M01,20.0,60.0,-17.1,802.0,770.0,15.0,90.0,RUNNING
2024-01-29 07:00:00,ZONE_M02,20.5,60.0,-16.6,785.0,770.0,15.0,90.0,RUNNING
2024-01-29 07:00:00,ZONE_M03,20.4,60.0,-16.9,906.0,770.0,15.0,90.0,RUNNING
2024-01-29 07:00:00,ZONE_B01,20.2,60.0,-16.9,846.0,770.0,15.0,90.0,RUNNING
2024-01-29 07:00:00,ZONE_B02,20.1,60.0,-15.7,944.0,770.0,15.0,90.0,RUNNING
2024-01-29 08:00:00,ZONE_M01,19.5,51.3,-15.7,719.0,770.0,15.0,90.0,RUNNING
2024-01-29 08:00:00,ZONE_M02,19.9,60.0,-12.5,830.0,770.0,15.0,90.0,RUNNING
2024-01-29 08:00:00,ZONE_M03,18.9,58.7,-16.1,716.0,770.0,15.0,90.0,RUNNING
2024-01-29 08:00:00,ZONE_B01,19.9,60.0,-19.6,786.0,770.0,15.0,90.0,RUNNING
2024-01-29 08:00:00,ZONE_B02,20.1,59.6,-13.7,796.0,770.0,15.0,90.0,RUNNING
2024-01-29 09:00:00,ZONE_M01,21.3,60.0,-16.6,779.0,770.0,15.0,90.0,RUNNING
2024-01-29 09:00:00,ZONE_M02,20.0,52.9,-16.8,719.0,770.0,15.0,90.0,RUNNING
2024-01-29 09:00:00,ZONE_M03,19.8,47.5,-19.7,684.0,770.0,15.0,90.0,RUNNING
2024-01-29 09:00:00,ZONE_B01,19.7,51.3,-20.1,723.0,770.0,15.0,90.0,RUNNING
2024-01-29 09:00:00,ZONE_B02,20.1,60.0,-15.7,790.0,770.0,15.0,90.0,RUNNING
2024-01-29 10:00:00,ZONE_M01,20.4,54.2,-14.5,734.0,770.0,15.0,90.0,RUNNING
2024-01-29 10:00:00,ZONE_M02,20.3,59.5,-16.0,815.0,770.0,15.0,90.0,RUNNING
2024-01-29 10:00:00,ZONE_M03,19.5,56.8,-15.0,753.0,770.0,15.0,90.0,RUNNING
2024-01-29 10:00:00,ZONE_B01,20.2,60.0,-17.4,786.0,770.0,15.0,90.0,RUNNING
2024-01-29 10:00:00,ZONE_B02,19.3,60.0,-16.9,882.0,770.0,15.0,90.0,RUNNING
2024-01-29 11:00:00,ZONE_M01,19.8,52.9,-18.7,688.0,770.0,15.0,90.0,RUNNING
2024-01-29 11:00:00,ZONE_M02,19.9,50.3,-16.1,654.0,770.0,15.0,90.0,RUNNING
2024-01-29 11:00:00,ZONE_M03,20.5,60.0,-16.8,801.0,770.0,15.0,90.0,RUNNING
2024-01-29 11:00:00,ZONE_B01,20.3,55.2,-19.0,696.0,770.0,15.0,90.0,RUNNING
2024-01-29 11:00:00,ZONE_B02,19.8,60.0,-15.0,736.0,770.0,15.0,90.0,RUNNING
2024-01-29 12:00:00,ZONE_M01,20.2,42.2,-19.1,557.0,770.0,15.0,90.0,RUNNING
2024-01-29 12:00:00,ZONE_M02,19.7,48.9,-16.7,756.0,770.0,15.0,90.0,RUNNING
2024-01-29 12:00:00,ZONE_M03,20.4,60.0,-15.0,752.0,770.0,15.0,90.0,RUNNING
2024-01-29 12:00:00,ZONE_B01,19.3,60.0,-20.8,819.0,770.0,15.0,90.0,RUNNING
2024-01-29 12:00:00,ZONE_B02,20.7,60.0,-12.9,850.0,770.0,15.0,90.0,RUNNING
2024-01-29 13:00:00,ZONE_M01,20.7,60.0,-18.4,879.0,770.0,15.0,90.0,RUNNING
2024-01-29 13:00:00,ZONE_M02,20.3,54.2,-14.6,707.0,770.0,15.0,90.0,RUNNING
2024-01-29 13:00:00,ZONE_M03,20.5,40.0,-15.9,541.0,770.0,15.0,90.0,RUNNING
2024-01-29 13:00:00,ZONE_B01,20.1,56.3,-16.3,758.0,770.0,15.0,90.0,RUNNING
2024-01-29 13:00:00,ZONE_B02,20.4,46.6,-18.2,669.0,770.0,15.0,90.0,RUNNING
2024-01-29 14:00:00,ZONE_M01,19.3,52.4,-16.8,712.0,770.0,15.0,90.0,RUNNING
2024-01-29 14:00:00,ZONE_M02,19.5,50.0,-20.2,587.0,770.0,15.0,90.0,RUNNING
2024-01-29 14:00:00,ZONE_M03,20.2,60.0,-16.7,856.0,770.0,15.0,90.0,RUNNING
2024-01-29 14:00:00,ZONE_B01,18.9,56.1,-12.6,719.0,770.0,15.0,90.0,RUNNING
2024-01-29 14:00:00,ZONE_B02,19.4,60.0,-22.2,762.0,770.0,15.0,90.0,RUNNING
2024-01-29 15:00:00,ZONE_M01,19.9,49.6,-16.3,747.0,770.0,15.0,90.0,RUNNING
2024-01-29 15:00:00,ZONE_M02,19.7,49.4,-18.8,626.0,770.0,15.0,90.0,RUNNING
2024-01-29 15:00:00,ZONE_M03,20.6,60.0,-14.2,870.0,770.0,15.0,90.0,RUNNING
2024-01-29 15:00:00,ZONE_B01,20.8,60.0,-21.7,866.0,770.0,15.0,90.0,RUNNING
2024-01-29 15:00:00,ZONE_B02,21.4,60.0,-15.0,908.0,770.0,15.0,90.0,RUNNING
2024-01-29 16:00:00,ZONE_M01,20.0,60.0,-19.1,782.0,770.0,15.0,90.0,RUNNING
2024-01-29 16:00:00,ZONE_M02,20.0,60.0,-16.4,848.0,770.0,15.0,90.0,RUNNING
2024-01-29 16:00:00,ZONE_M03,20.3,60.0,-17.5,869.0,770.0,15.0,90.0,RUNNING
2024-01-29 16:00:00,ZONE_B01,19.5,60.0,-15.4,912.0,770.0,15.0,90.0,RUNNING
2024-01-29 16:00:00,ZONE_B02,20.9,58.6,-19.8,811.0,770.0,15.0,90.0,RUNNING
2024-01-29 17:00:00,ZONE_M01,20.5,54.5,-16.9,692.0,770.0,15.0,90.0,RUNNING
2024-01-29 17:00:00,ZONE_M02,18.6,57.6,-17.5,752.0,770.0,15.0,90.0,RUNNING
2024-01-29 17:00:00,ZONE_M03,20.3,55.1,-19.2,687.0,770.0,15.0,90.0,RUNNING
2024-01-29 17:00:00,ZONE_B01,19.6,52.5,-17.2,682.0,770.0,15.0,90.0,RUNNING
2024-01-29 17:00:00,ZONE_B02,19.6,58.9,-19.0,705.0,770.0,15.0,90.0,RUNNING
2024-01-29 18:00:00,ZONE_M01,20.2,57.6,-16.1,741.0,770.0,15.0,90.0,RUNNING
2024-01-29 18:00:00,ZONE_M02,20.5,55.9,-18.1,702.0,770.0,15.0,90.0,RUNNING
2024-01-29 18:00:00,ZONE_M03,19.8,58.3,-16.8,739.0,770.0,15.0,90.0,RUNNING
2024-01-29 18:00:00,ZONE_B01,20.4,60.0,-14.8,800.0,770.0,15.0,90.0,RUNNING
2024-01-29 18:00:00,ZONE_B02,20.0,43.7,-18.4,635.0,770.0,15.0,90.0,RUNNING
2024-01-29 19:00:00,ZONE_M01,21.1,59.9,-16.2,763.0,770.0,15.0,90.0,RUNNING
2024-01-29 19:00:00,ZONE_M02,19.3,60.0,-15.6,751.0,770.0,15.0,90.0,RUNNING
2024-01-29 19:00:00,ZONE_M03,19.8,58.2,-14.4,689.0,770.0,15.0,90.0,RUNNING
2024-01-29 19:00:00,ZONE_B01,20.8,53.9,-17.8,783.0,770.0,15.0,90.0,RUNNING
2024-01-29 19:00:00,ZONE_B02,19.4,60.0,-19.1,779.0,770.0,15.0,90.0,RUNNING
2024-01-29 20:00:00,ZONE_M01,20.0,57.8,-15.6,823.0,770.0,15.0,90.0,RUNNING
2024-01-29 20:00:00,ZONE_M02,20.3,54.1,-16.8,779.0,770.0,15.0,90.0,RUNNING
2024-01-29 20:00:00,ZONE_M03,19.2,45.0,-14.9,523.0,770.0,15.0,90.0,RUNNING
2024-01-29 20:00:00,ZONE_B01,20.3,55.4,-16.2,777.0,770.0,15.0,90.0,RUNNING
2024-01-29 20:00:00,ZONE_B02,19.6,49.6,-17.3,607.0,770.0,15.0,90.0,RUNNING
2024-01-29 21:00:00,ZONE_M01,20.1,46.4,-15.9,578.0,770.0,15.0,90.0,RUNNING
2024-01-29 21:00:00,ZONE_M02,19.8,53.8,-17.7,681.0,770.0,15.0,90.0,RUNNING
2024-01-29 21:00:00,ZONE_M03,19.2,60.0,-17.0,773.0,770.0,15.0,90.0,RUNNING
2024-01-29 21:00:00,ZONE_B01,18.8,60.0,-18.6,874.0,770.0,15.0,90.0,RUNNING
2024-01-29 21:00:00,ZONE_B02,20.1,57.3,-18.5,831.0,770.0,15.0,90.0,RUNNING
2024-01-29 22:00:00,ZONE_M01,19.9,57.4,-18.1,766.0,770.0,15.0,90.0,RUNNING
2024-01-29 22:00:00,ZONE_M02,19.9,51.4,-17.3,676.0,770.0,15.0,90.0,RUNNING
2024-01-29 22:00:00,ZONE_M03,19.7,46.0,-16.1,604.0,770.0,15.0,90.0,RUNNING
2024-01-29 22:00:00,ZONE_B01,20.3,60.0,-20.1,761.0,770.0,15.0,90.0,RUNNING
2024-01-29 22:00:00,ZONE_B02,20.0,55.3,-16.9,722.0,770.0,15.0,90.0,RUNNING
2024-01-29 23:00:00,ZONE_M01,15.8,36.9,-17.2,379.0,770.0,15.0,90.0,RUNNING
2024-01-29 23:00:00,ZONE_M02,15.8,40.2,-18.2,459.0,770.0,15.0,90.0,RUNNING
2024-01-29 23:00:00,ZONE_M03,16.8,43.1,-16.2,506.0,770.0,15.0,90.0,RUNNING
2024-01-29 23:00:00,ZONE_B01,15.9,40.1,-19.3,489.0,770.0,15.0,90.0,RUNNING
2024-01-29 23:00:00,ZONE_B02,16.3,40.7,-15.6,466.0,770.0,15.0,90.0,RUNNING
2024-01-30 00:00:00,ZONE_M01,16.0,37.3,-18.9,432.0,770.0,15.0,90.0,RUNNING
2024-01-30 00:00:00,ZONE_M02,16.5,39.6,-14.8,442.0,770.0,15.0,90.0,RUNNING
2024-01-30 00:00:00,ZONE_M03,15.8,33.3,-19.3,442.0,770.0,15.0,90.0,RUNNING
2024-01-30 00:00:00,ZONE_B01,15.9,40.5,-18.9,455.0,770.0,15.0,90.0,RUNNING
2024-01-30 00:00:00,ZONE_B02,15.8,34.0,-20.1,469.0,770.0,15.0,90.0,RUNNING
2024-01-30 01:00:00,ZONE_M01,15.6,35.5,-17.9,520.0,770.0,15.0,90.0,RUNNING
2024-01-30 01:00:00,ZONE_M02,16.1,32.5,-19.1,479.0,770.0,15.0,90.0,RUNNING
2024-01-30 01:00:00,ZONE_M03,15.8,43.1,-19.5,496.0,770.0,15.0,90.0,RUNNING
2024-01-30 01:00:00,ZONE_B01,16.4,40.1,-20.7,466.0,770.0,15.0,90.0,RUNNING
2024-01-30 01:00:00,ZONE_B02,16.2,39.0,-15.0,451.0,770.0,15.0,90.0,RUNNING
2024-01-30 02:00:00,ZONE_M01,15.1,43.9,-17.0,452.0,770.0,15.0,90.0,RUNNING
2024-01-30 02:00:00,ZONE_M02,15.8,36.5,-15.7,430.0,770.0,15.0,90.0,RUNNING
2024-01-30 02:00:00,ZONE_M03,16.2,41.4,-16.2,464.0,770.0,15.0,90.0,RUNNING
2024-01-30 02:00:00,ZONE_B01,16.1,41.1,-16.8,447.0,770.0,15.0,90.0,RUNNING
2024-01-30 02:00:00,ZONE_B02,16.5,38.5,-15.2,474.0,770.0,15.0,90.0,RUNNING
2024-01-30 03:00:00,ZONE_M01,15.9,38.8,-15.3,443.0,770.0,15.0,90.0,RUNNING
2024-01-30 03:00:00,ZONE_M02,16.0,42.3,-17.7,480.0,770.0,15.0,90.0,RUNNING
2024-01-30 03:00:00,ZONE_M03,15.5,34.9,-14.9,448.0,770.0,15.0,90.0,RUNNING
2024-01-30 03:00:00,ZONE_B01,16.2,33.1,-18.5,454.0,770.0,15.0,90.0,RUNNING
2024-01-30 03:00:00,ZONE_B02,16.5,33.5,-17.9,440.0,770.0,15.0,90.0,RUNNING
2024-01-30 04:00:00,ZONE_M01,16.6,44.2,-17.2,482.0,770.0,15.0,90.0,RUNNING
2024-01-30 04:00:00,ZONE_M02,16.0,43.5,-20.3,510.0,770.0,15.0,90.0,RUNNING
2024-01-30 04:00:00,ZONE_M03,16.5,36.9,-18.2,442.0,770.0,15.0,90.0,RUNNING
2024-01-30 04:00:00,ZONE_B01,17.2,37.2,-19.8,422.0,770.0,15.0,90.0,RUNNING
2024-01-30 04:00:00,ZONE_B02,17.0,37.0,-20.6,462.0,770.0,15.0,90.0,RUNNING
2024-01-30 05:00:00,ZONE_M01,15.9,46.5,-18.2,501.0,770.0,15.0,90.0,RUNNING
2024-01-30 05:00:00,ZONE_M02,16.0,36.0,-16.9,396.0,770.0,15.0,90.0,RUNNING
2024-01-30 05:00:00,ZONE_M03,16.3,40.9,-15.1,439.0,770.0,15.0,90.0,RUNNING
2024-01-30 05:00:00,ZONE_B01,16.0,42.9,-14.6,467.0,770.0,15.0,90.0,RUNNING
2024-01-30 05:00:00,ZONE_B02,15.4,41.0,-18.8,540.0,770.0,15.0,90.0,RUNNING
2024-01-30 06:00:00,ZONE_M01,19.4,60.0,-15.4,762.0,770.0,15.0,90.0,RUNNING
2024-01-30 06:00:00,ZONE_M02,20.2,58.8,-15.9,793.0,770.0,15.0,90.0,RUNNING
2024-01-30 06:00:00,ZONE_M03,19.9,54.8,-17.0,792.0,770.0,15.0,90.0,RUNNING
2024-01-30 06:00:00,ZONE_B01,20.6,60.0,-18.2,820.0,770.0,15.0,90.0,RUNNING
2024-01-30 06:00:00,ZONE_B02,19.6,48.0,-18.7,582.0,770.0,15.0,90.0,RUNNING
2024-01-30 07:00:00,ZONE_M01,18.8,55.7,-16.4,707.0,770.0,15.0,90.0,RUNNING
2024-01-30 07:00:00,ZONE_M02,20.1,57.2,-16.7,731.0,770.0,15.0,90.0,RUNNING
2024-01-30 07:00:00,ZONE_M03,19.9,50.5,-16.0,595.0,770.0,15.0,90.0,RUNNING
2024-01-30 07:00:00,ZONE_B01,19.2,43.3,-17.7,612.0,770.0,15.0,90.0,RUNNING
2024-01-30 07:00:00,ZONE_B02,20.7,58.1,-18.7,768.0,770.0,15.0,90.0,RUNNING
2024-01-30 08:00:00,ZONE_M01,18.8,46.6,-20.1,623.0,770.0,15.0,90.0,RUNNING
2024-01-30 08:00:00,ZONE_M02,19.8,56.0,-18.2,684.0,770.0,15.0,90.0,RUNNING
2024-01-30 08:00:00,ZONE_M03,19.7,57.8,-17.8,768.0,770.0,15.0,90.0,RUNNING
2024-01-30 08:00:00,ZONE_B01,19.4,58.7,-14.1,767.0,770.0,15.0,90.0,RUNNING
2024-01-30 08:00:00,ZONE_B02,19.1,60.0,-16.6,809.0,770.0,15.0,90.0,RUNNING
2024-01-30 09:00:00,ZONE_M01,19.8,54.7,-18.6,737.0,770.0,15.0,90.0,RUNNING
2024-01-30 09:00:00,ZONE_M02,19.8,58.8,-19.0,692.0,770.0,15.0,90.0,RUNNING
2024-01-30 09:00:00,ZONE_M03,19.2,57.8,-13.5,775.0,770.0,15.0,90.0,RUNNING
2024-01-30 09:00:00,ZONE_B01,20.9,60.0,-14.5,842.0,770.0,15.0,90.0,RUNNING
2024-01-30 09:00:00,ZONE_B02,19.4,60.0,-19.3,812.0,770.0,15.0,90.0,RUNNING
2024-01-30 10:00:00,ZONE_M01,20.4,56.8,-15.7,726.0,770.0,15.0,90.0,RUNNING
2024-01-30 10:00:00,ZONE_M02,20.3,60.0,-16.2,822.0,770.0,15.0,90.0,RUNNING
2024-01-30 10:00:00,ZONE_M03,20.1,59.0,-16.0,799.0,770.0,15.0,90.0,RUNNING
2024-01-30 10:00:00,ZONE_B01,19.9,55.2,-14.7,779.0,770.0,15.0,90.0,RUNNING
2024-01-30 10:00:00,ZONE_B02,19.8,50.8,-17.2,661.0,770.0,15.0,90.0,RUNNING
2024-01-30 11:00:00,ZONE_M01,20.0,60.0,-16.0,907.0,770.0,15.0,90.0,RUNNING
2024-01-30 11:00:00,ZONE_M02,19.8,58.8,-16.4,756.0,770.0,15.0,90.0,RUNNING
2024-01-30 11:00:00,ZONE_M03,19.2,55.7,-17.4,773.0,770.0,15.0,90.0,RUNNING
2024-01-30 11:00:00,ZONE_B01,20.3,58.0,-19.9,680.0,770.0,15.0,90.0,RUNNING
2024-01-30 11:00:00,ZONE_B02,19.5,59.5,-16.1,764.0,770.0,15.0,90.0,RUNNING
2024-01-30 12:00:00,ZONE_M01,20.2,57.3,-14.5,695.0,770.0,15.0,90.0,RUNNING
2024-01-30 12:00:00,ZONE_M02,20.0,57.4,-19.3,749.0,770.0,15.0,90.0,RUNNING
2024-01-30 12:00:00,ZONE_M03,20.0,56.8,-13.6,647.0,770.0,15.0,90.0,RUNNING
2024-01-30 12:00:00,ZONE_B01,19.4,54.9,-20.2,733.0,770.0,15.0,90.0,RUNNING
2024-01-30 12:00:00,ZONE_B02,19.9,57.4,-20.9,757.0,770.0,15.0,90.0,RUNNING
2024-01-30 13:00:00,ZONE_M01,20.4,54.9,-17.1,742.0,770.0,15.0,90.0,RUNNING
2024-01-30 13:00:00,ZONE_M02,20.9,56.2,-18.5,721.0,770.0,15.0,90.0,RUNNING
2024-01-30 13:00:00,ZONE_M03,21.0,60.0,-17.3,871.0,770.0,15.0,90.0,RUNNING
2024-01-30 13:00:00,ZONE_B01,20.4,58.4,-14.4,706.0,770.0,15.0,90.0,RUNNING
2024-01-30 13:00:00,ZONE_B02,20.1,59.9,-16.8,808.0,770.0,15.0,90.0,RUNNING
2024-01-30 14:00:00,ZONE_M01,20.1,60.0,-17.7,881.0,770.0,15.0,90.0,RUNNING
2024-01-30 14:00:00,ZONE_M02,19.2,55.1,-20.7,720.0,770.0,15.0,90.0,RUNNING
2024-01-30 14:00:00,ZONE_M03,20.5,54.5,-19.0,688.0,770.0,15.0,90.0,RUNNING
2024-01-30 14:00:00,ZONE_B01,19.6,60.0,-16.2,720.0,770.0,15.0,90.0,RUNNING
2024-01-30 14:00:00,ZONE_B02,19.6,51.0,-17.5,706.0,770.0,15.0,90.0,RUNNING
2024-01-30 15:00:00,ZONE_M01,19.5,53.5,-15.0,724.0,770.0,15.0,90.0,RUNNING
2024-01-30 15:00:00,ZONE_M02,19.2,60.0,-19.0,829.0,770.0,15.0,90.0,RUNNING
2024-01-30 15:00:00,ZONE_M03,20.3,60.0,-18.0,846.0,770.0,15.0,90.0,RUNNING
2024-01-30 15:00:00,ZONE_B01,20.1,57.6,-16.2,789.0,770.0,15.0,90.0,RUNNING
2024-01-30 15:00:00,ZONE_B02,19.3,49.2,-15.0,653.0,770.0,15.0,90.0,RUNNING
2024-01-30 16:00:00,ZONE_M01,19.7,54.1,-21.6,754.0,770.0,15.0,90.0,RUNNING
2024-01-30 16:00:00,ZONE_M02,20.6,54.8,-17.2,701.0,770.0,15.0,90.0,RUNNING
2024-01-30 16:00:00,ZONE_M03,19.7,52.7,-15.7,657.0,770.0,15.0,90.0,RUNNING
2024-01-30 16:00:00,ZONE_B01,20.1,56.3,-20.4,750.0,770.0,15.0,90.0,RUNNING
2024-01-30 16:00:00,ZONE_B02,20.1,60.0,-17.1,857.0,770.0,15.0,90.0,RUNNING
2024-01-30 17:00:00,ZONE_M01,20.2,60.0,-17.1,833.0,770.0,15.0,90.0,RUNNING
2024-01-30 17:00:00,ZONE_M02,19.8,59.8,-18.7,779.0,770.0,15.0,90.0,RUNNING
2024-01-30 17:00:00,ZONE_M03,21.0,59.4,-17.6,752.0,770.0,15.0,90.0,RUNNING
2024-01-30 17:00:00,ZONE_B01,20.1,60.0,-20.1,857.0,770.0,15.0,90.0,RUNNING
2024-01-30 17:00:00,ZONE_B02,19.7,60.0,-14.6,799.0,770.0,15.0,90.0,RUNNING
2024-01-30 18:00:00,ZONE_M01,19.2,57.8,-15.3,768.0,770.0,15.0,90.0,RUNNING
2024-01-30 18:00:00,ZONE_M02,20.1,59.1,-16.8,754.0,770.0,15.0,90.0,RUNNING
2024-01-30 18:00:00,ZONE_M03,19.8,60.0,-15.4,802.0,770.0,15.0,90.0,RUNNING
2024-01-30 18:00:00,ZONE_B01,19.8,47.5,-16.8,580.0,770.0,15.0,90.0,RUNNING
2024-01-30 18:00:00,ZONE_B02,20.2,54.8,-20.9,718.0,770.0,15.0,90.0,RUNNING
2024-01-30 19:00:00,ZONE_M01,20.6,50.0,-14.6,630.0,770.0,15.0,90.0,RUNNING
2024-01-30 19:00:00,ZONE_M02,19.3,60.0,-16.0,861.0,770.0,15.0,90.0,RUNNING
2024-01-30 19:00:00,ZONE_M03,20.2,54.6,-16.7,726.0,770.0,15.0,90.0,RUNNING
2024-01-30 19:00:00,ZONE_B01,20.0,59.7,-17.5,794.0,770.0,15.0,90.0,RUNNING
2024-01-30 19:00:00,ZONE_B02,19.2,55.6,-13.3,716.0,770.0,15.0,90.0,RUNNING
2024-01-30 20:00:00,ZONE_M01,20.3,50.3,-16.7,669.0,770.0,15.0,90.0,RUNNING
2024-01-30 20:00:00,ZONE_M02,19.5,60.0,-16.4,806.0,770.0,15.0,90.0,RUNNING
2024-01-30 20:00:00,ZONE_M03,19.7,50.2,-16.0,604.0,770.0,15.0,90.0,RUNNING
2024-01-30 20:00:00,ZONE_B01,20.0,59.3,-16.3,826.0,770.0,15.0,90.0,RUNNING
2024-01-30 20:00:00,ZONE_B02,19.3,60.0,-12.8,798.0,770.0,15.0,90.0,RUNNING
2024-01-30 21:00:00,ZONE_M01,20.2,48.2,-16.4,608.0,770.0,15.0,90.0,RUNNING
2024-01-30 21:00:00,ZONE_M02,20.3,53.0,-19.2,729.0,770.0,15.0,90.0,RUNNING
2024-01-30 21:00:00,ZONE_M03,19.0,53.6,-18.6,727.0,770.0,15.0,90.0,RUNNING
2024-01-30 21:00:00,ZONE_B01,20.5,60.0,-14.5,805.0,770.0,15.0,90.0,RUNNING
2024-01-30 21:00:00,ZONE_B02,19.0,55.0,-16.9,750.0,770.0,15.0,90.0,RUNNING
2024-01-30 22:00:00,ZONE_M01,19.7,60.0,-16.9,805.0,770.0,15.0,90.0,RUNNING
2024-01-30 22:00:00,ZONE_M02,20.1,57.2,-20.6,781.0,770.0,15.0,90.0,RUNNING
2024-01-30 22:00:00,ZONE_M03,19.2,57.4,-19.3,780.0,770.0,15.0,90.0,RUNNING
2024-01-30 22:00:00,ZONE_B01,20.0,50.1,-15.0,647.0,770.0,15.0,90.0,RUNNING
2024-01-30 22:00:00,ZONE_B02,20.7,60.0,-19.8,728.0,770.0,15.0,90.0,RUNNING
2024-01-30 23:00:00,ZONE_M01,16.2,41.5,-15.8,533.0,770.0,15.0,90.0,RUNNING
2024-01-30 23:00:00,ZONE_M02,16.3,32.2,-18.7,361.0,770.0,15.0,90.0,RUNNING
2024-01-30 23:00:00,ZONE_M03,15.6,36.3,-17.2,469.0,770.0,15.0,90.0,RUNNING
2024-01-30 23:00:00,ZONE_B01,16.4,39.0,-15.2,397.0,770.0,15.0,90.0,RUNNING
2024-01-30 23:00:00,ZONE_B02,15.2,35.7,-20.4,462.0,770.0,15.0,90.0,RUNNING
2024-01-31 00:00:00,ZONE_M01,16.0,39.4,-18.2,487.0,770.0,15.0,90.0,RUNNING
2024-01-31 00:00:00,ZONE_M02,16.2,38.3,-20.0,478.0,770.0,15.0,90.0,RUNNING
2024-01-31 00:00:00,ZONE_M03,15.6,41.9,-17.6,485.0,770.0,15.0,90.0,RUNNING
2024-01-31 00:00:00,ZONE_B01,16.8,33.4,-15.8,446.0,770.0,15.0,90.0,RUNNING
2024-01-31 00:00:00,ZONE_B02,14.7,42.2,-14.7,472.0,770.0,15.0,90.0,RUNNING
2024-01-31 01:00:00,ZONE_M01,16.4,35.0,-16.0,456.0,770.0,15.0,90.0,RUNNING
2024-01-31 01:00:00,ZONE_M02,15.8,43.7,-17.0,468.0,770.0,15.0,90.0,RUNNING
2024-01-31 01:00:00,ZONE_M03,16.4,37.5,-21.3,471.0,770.0,15.0,90.0,RUNNING
2024-01-31 01:00:00,ZONE_B01,16.2,37.8,-15.6,452.0,770.0,15.0,90.0,RUNNING
2024-01-31 01:00:00,ZONE_B02,16.7,44.1,-18.3,481.0,770.0,15.0,90.0,RUNNING
2024-01-31 02:00:00,ZONE_M01,14.9,38.2,-17.6,543.0,770.0,15.0,90.0,RUNNING
2024-01-31 02:00:00,ZONE_M02,16.1,44.9,-17.1,542.0,770.0,15.0,90.0,RUNNING
2024-01-31 02:00:00,ZONE_M03,16.7,40.2,-16.8,464.0,770.0,15.0,90.0,RUNNING
2024-01-31 02:00:00,ZONE_B01,15.3,43.0,-13.8,395.0,770.0,15.0,90.0,RUNNING
2024-01-31 02:00:00,ZONE_B02,15.3,42.3,-13.9,470.0,770.0,15.0,90.0,RUNNING
2024-01-31 03:00:00,ZONE_M01,15.6,38.4,-18.9,507.0,770.0,15.0,90.0,RUNNING
2024-01-31 03:00:00,ZONE_M02,15.0,36.2,-18.9,442.0,770.0,15.0,90.0,RUNNING
2024-01-31 03:00:00,ZONE_M03,16.7,43.5,-19.6,509.0,770.0,15.0,90.0,RUNNING
2024-01-31 03:00:00,ZONE_B01,16.0,37.7,-19.0,510.0,770.0,15.0,90.0,RUNNING
2024-01-31 03:00:00,ZONE_B02,15.5,37.0,-18.9,451.0,770.0,15.0,90.0,RUNNING
2024-01-31 04:00:00,ZONE_M01,15.5,38.8,-17.2,456.0,770.0,15.0,90.0,RUNNING
2024-01-31 04:00:00,ZONE_M02,16.3,34.4,-16.1,429.0,770.0,15.0,90.0,RUNNING
2024-01-31 04:00:00,ZONE_M03,15.8,38.6,-22.9,457.0,770.0,15.0,90.0,RUNNING
2024-01-31 04:00:00,ZONE_B01,15.4,42.6,-20.4,472.0,770.0,15.0,90.0,RUNNING
2024-01-31 04:00:00,ZONE_B02,16.5,42.2,-16.0,487.0,770.0,15.0,90.0,RUNNING
2024-01-31 05:00:00,ZONE_M01,16.3,41.3,-17.4,437.0,770.0,15.0,90.0,RUNNING
2024-01-31 05:00:00,ZONE_M02,16.7,39.3,-19.8,502.0,770.0,15.0,90.0,RUNNING
2024-01-31 05:00:00,ZONE_M03,16.5,40.8,-19.8,436.0,770.0,15.0,90.0,RUNNING
2024-01-31 05:00:00,ZONE_B01,15.8,50.0,-14.5,489.0,770.0,15.0,90.0,RUNNING
2024-01-31 05:00:00,ZONE_B02,15.9,42.3,-17.7,530.0,770.0,15.0,90.0,RUNNING
2024-01-31 06:00:00,ZONE_M01,19.8,56.3,-16.5,756.0,770.0,15.0,90.0,RUNNING
2024-01-31 06:00:00,ZONE_M02,21.2,55.3,-16.2,699.0,770.0,15.0,90.0,RUNNING
2024-01-31 06:00:00,ZONE_M03,20.5,56.9,-18.4,738.0,770.0,15.0,90.0,RUNNING
2024-01-31 06:00:00,ZONE_B01,19.3,60.0,-15.7,907.0,770.0,15.0,90.0,RUNNING
2024-01-31 06:00:00,ZONE_B02,19.3,52.6,-17.7,687.0,770.0,15.0,90.0,RUNNING
2024-01-31 07:00:00,ZONE_M01,20.0,60.0,-15.4,878.0,770.0,15.0,90.0,RUNNING
2024-01-31 07:00:00,ZONE_M02,20.0,56.2,-16.9,679.0,770.0,15.0,90.0,RUNNING
2024-01-31 07:00:00,ZONE_M03,20.9,60.0,-18.4,778.0,770.0,15.0,90.0,RUNNING
2024-01-31 07:00:00,ZONE_B01,19.6,60.0,-20.3,843.0,770.0,15.0,90.0,RUNNING
2024-01-31 07:00:00,ZONE_B02,19.7,60.0,-18.5,842.0,770.0,15.0,90.0,RUNNING
2024-01-31 08:00:00,ZONE_M01,20.0,59.2,-16.8,693.0,770.0,15.0,90.0,RUNNING
2024-01-31 08:00:00,ZONE_M02,20.4,60.0,-19.0,919.0,770.0,15.0,90.0,RUNNING
2024-01-31 08:00:00,ZONE_M03,20.3,60.0,-17.9,872.0,770.0,15.0,90.0,RUNNING
2024-01-31 08:00:00,ZONE_B01,20.2,56.1,-17.7,708.0,770.0,15.0,90.0,RUNNING
2024-01-31 08:00:00,ZONE_B02,20.5,60.0,-17.6,791.0,770.0,15.0,90.0,RUNNING
2024-01-31 09:00:00,ZONE_M01,20.6,46.9,-17.2,615.0,770.0,15.0,90.0,RUNNING
2024-01-31 09:00:00,ZONE_M02,19.8,60.0,-15.4,870.0,770.0,15.0,90.0,RUNNING
2024-01-31 09:00:00,ZONE_M03,20.2,51.8,-17.0,708.0,770.0,15.0,90.0,RUNNING
2024-01-31 09:00:00,ZONE_B01,19.0,60.0,-16.4,850.0,770.0,15.0,90.0,RUNNING
2024-01-31 09:00:00,ZONE_B02,20.8,47.5,-20.0,617.0,770.0,15.0,90.0,RUNNING
2024-01-31 10:00:00,ZONE_M01,20.5,60.0,-19.3,829.0,770.0,15.0,90.0,RUNNING
2024-01-31 10:00:00,ZONE_M02,20.6,56.0,-17.0,731.0,770.0,15.0,90.0,RUNNING
2024-01-31 10:00:00,ZONE_M03,20.2,52.9,-20.0,627.0,770.0,15.0,90.0,RUNNING
2024-01-31 10:00:00,ZONE_B01,20.0,53.5,-15.5,666.0,770.0,15.0,90.0,RUNNING
2024-01-31 10:00:00,ZONE_B02,20.1,50.4,-17.8,623.0,770.0,15.0,90.0,RUNNING
2024-01-31 11:00:00,ZONE_M01,20.8,60.0,-16.5,732.0,770.0,15.0,90.0,RUNNING
2024-01-31 11:00:00,ZONE_M02,18.9,46.9,-17.4,608.0,770.0,15.0,90.0,RUNNING
2024-01-31 11:00:00,ZONE_M03,19.5,51.5,-19.5,592.0,770.0,15.0,90.0,RUNNING
2024-01-31 11:00:00,ZONE_B01,20.0,57.0,-17.6,743.0,770.0,15.0,90.0,RUNNING
2024-01-31 11:00:00,ZONE_B02,19.3,46.3,-12.5,547.0,770.0,15.0,90.0,RUNNING
2024-01-31 12:00:00,ZONE_M01,19.4,45.4,-17.3,538.0,770.0,15.0,90.0,RUNNING
2024-01-31 12:00:00,ZONE_M02,19.9,47.2,-18.7,615.0,770.0,15.0,90.0,RUNNING
2024-01-31 12:00:00,ZONE_M03,20.3,57.6,-16.5,774.0,770.0,15.0,90.0,RUNNING
2024-01-31 12:00:00,ZONE_B01,19.6,54.8,-13.0,672.0,770.0,15.0,90.0,RUNNING
2024-01-31 12:00:00,ZONE_B02,20.3,60.0,-17.3,958.0,770.0,15.0,90.0,RUNNING
2024-01-31 13:00:00,ZONE_M01,20.0,50.3,-19.3,692.0,770.0,15.0,90.0,RUNNING
2024-01-31 13:00:00,ZONE_M02,20.7,55.0,-19.5,737.0,770.0,15.0,90.0,RUNNING
2024-01-31 13:00:00,ZONE_M03,20.1,48.8,-17.6,632.0,770.0,15.0,90.0,RUNNING
2024-01-31 13:00:00,ZONE_B01,20.0,60.0,-16.0,827.0,770.0,15.0,90.0,RUNNING
2024-01-31 13:00:00,ZONE_B02,19.4,60.0,-17.6,974.0,770.0,15.0,90.0,RUNNING
2024-01-31 14:00:00,ZONE_M01,20.7,60.0,-16.3,883.0,770.0,15.0,90.0,RUNNING
2024-01-31 14:00:00,ZONE_M02,19.7,60.0,-15.1,772.0,770.0,15.0,90.0,RUNNING
2024-01-31 14:00:00,ZONE_M03,19.3,57.0,-18.0,787.0,770.0,15.0,90.0,RUNNING
2024-01-31 14:00:00,ZONE_B01,20.8,54.4,-18.9,706.0,770.0,15.0,90.0,RUNNING
2024-01-31 14:00:00,ZONE_B02,20.1,60.0,-18.9,917.0,770.0,15.0,90.0,RUNNING
2024-01-31 15:00:00,ZONE_M01,19.9,50.3,-19.2,627.0,770.0,15.0,90.0,RUNNING
2024-01-31 15:00:00,ZONE_M02,19.5,49.9,-16.5,626.0,770.0,15.0,90.0,RUNNING
2024-01-31 15:00:00,ZONE_M03,19.7,50.3,-17.8,580.0,770.0,15.0,90.0,RUNNING
2024-01-31 15:00:00,ZONE_B01,20.0,60.0,-17.4,861.0,770.0,15.0,90.0,RUNNING
2024-01-31 15:00:00,ZONE_B02,20.5,44.9,-14.8,598.0,770.0,15.0,90.0,RUNNING
2024-01-31 16:00:00,ZONE_M01,20.3,60.0,-18.3,808.0,770.0,15.0,90.0,RUNNING
2024-01-31 16:00:00,ZONE_M02,19.6,60.0,-18.1,851.0,770.0,15.0,90.0,RUNNING
2024-01-31 16:00:00,ZONE_M03,21.2,60.0,-17.3,846.0,770.0,15.0,90.0,RUNNING
2024-01-31 16:00:00,ZONE_B01,19.4,60.0,-18.2,715.0,770.0,15.0,90.0,RUNNING
2024-01-31 16:00:00,ZONE_B02,20.3,60.0,-18.7,852.0,770.0,15.0,90.0,RUNNING
2024-01-31 17:00:00,ZONE_M01,19.8,44.9,-17.0,628.0,770.0,15.0,90.0,RUNNING
2024-01-31 17:00:00,ZONE_M02,20.2,60.0,-17.0,898.0,770.0,15.0,90.0,RUNNING
2024-01-31 17:00:00,ZONE_M03,19.4,56.2,-19.7,718.0,770.0,15.0,90.0,RUNNING
2024-01-31 17:00:00,ZONE_B01,19.8,60.0,-15.5,882.0,770.0,15.0,90.0,RUNNING
2024-01-31 17:00:00,ZONE_B02,19.5,58.6,-16.1,805.0,770.0,15.0,90.0,RUNNING
2024-01-31 18:00:00,ZONE_M01,19.8,57.3,-16.6,703.0,770.0,15.0,90.0,RUNNING
2024-01-31 18:00:00,ZONE_M02,19.6,60.0,-20.7,843.0,770.0,15.0,90.0,RUNNING
2024-01-31 18:00:00,ZONE_M03,20.2,59.8,-19.9,794.0,770.0,15.0,90.0,RUNNING
2024-01-31 18:00:00,ZONE_B01,19.3,55.8,-20.2,712.0,770.0,15.0,90.0,RUNNING
2024-01-31 18:00:00,ZONE_B02,19.6,55.4,-14.7,692.0,770.0,15.0,90.0,RUNNING
2024-01-31 19:00:00,ZONE_M01,20.0,58.9,-16.8,714.0,770.0,15.0,90.0,RUNNING
2024-01-31 19:00:00,ZONE_M02,20.0,60.0,-16.6,801.0,770.0,15.0,90.0,RUNNING
2024-01-31 19:00:00,ZONE_M03,20.1,44.6,-19.2,519.0,770.0,15.0,90.0,RUNNING
2024-01-31 19:00:00,ZONE_B01,19.5,54.6,-16.4,742.0,770.0,15.0,90.0,RUNNING
2024-01-31 19:00:00,ZONE_B02,19.7,59.2,-17.1,780.0,770.0,15.0,90.0,RUNNING
2024-01-31 20:00:00,ZONE_M01,20.8,60.0,-14.8,714.0,770.0,15.0,90.0,RUNNING
2024-01-31 20:00:00,ZONE_M02,19.5,53.0,-19.2,633.0,770.0,15.0,90.0,RUNNING
2024-01-31 20:00:00,ZONE_M03,20.5,56.4,-14.0,763.0,770.0,15.0,90.0,RUNNING
2024-01-31 20:00:00,ZONE_B01,20.0,60.0,-19.4,749.0,770.0,15.0,90.0,RUNNING
2024-01-31 20:00:00,ZONE_B02,19.5,60.0,-16.2,814.0,770.0,15.0,90.0,RUNNING
2024-01-31 21:00:00,ZONE_M01,20.6,59.6,-16.3,709.0,770.0,15.0,90.0,RUNNING
2024-01-31 21:00:00,ZONE_M02,19.4,52.0,-14.1,711.0,770.0,15.0,90.0,RUNNING
2024-01-31 21:00:00,ZONE_M03,20.3,57.4,-13.6,718.0,770.0,15.0,90.0,RUNNING
2024-01-31 21:00:00,ZONE_B01,20.4,60.0,-19.4,888.0,770.0,15.0,90.0,RUNNING
2024-01-31 21:00:00,ZONE_B02,20.5,53.0,-20.8,726.0,770.0,15.0,90.0,RUNNING
2024-01-31 22:00:00,ZONE_M01,20.0,52.4,-19.0,612.0,770.0,15.0,90.0,RUNNING
2024-01-31 22:00:00,ZONE_M02,19.4,60.0,-19.6,833.0,770.0,15.0,90.0,RUNNING
2024-01-31 22:00:00,ZONE_M03,19.3,60.0,-17.3,903.0,770.0,15.0,90.0,RUNNING
2024-01-31 22:00:00,ZONE_B01,20.2,54.8,-18.3,682.0,770.0,15.0,90.0,RUNNING
2024-01-31 22:00:00,ZONE_B02,20.7,57.3,-15.8,696.0,770.0,15.0,90.0,RUNNING
2024-01-31 23:00:00,ZONE_M01,15.3,41.3,-18.4,458.0,770.0,15.0,90.0,RUNNING
2024-01-31 23:00:00,ZONE_M02,15.1,35.1,-22.1,413.0,770.0,15.0,90.0,RUNNING
2024-01-31 23:00:00,ZONE_M03,15.5,36.1,-17.1,528.0,770.0,15.0,90.0,RUNNING
2024-01-31 23:00:00,ZONE_B01,16.4,41.9,-17.6,493.0,770.0,15.0,90.0,RUNNING
2024-01-31 23:00:00,ZONE_B02,16.3,37.2,-16.4,500.0,770.0,15.0,90.0,RUNNING
2024-02-01 00:00:00,ZONE_M01,15.6,38.4,-17.0,464.0,770.0,15.0,90.0,RUNNING
2024-02-01 00:00:00,ZONE_M02,16.1,39.7,-17.6,468.0,770.0,15.0,90.0,RUNNING
2024-02-01 00:00:00,ZONE_M03,15.8,40.1,-17.6,457.0,770.0,15.0,90.0,RUNNING
2024-02-01 00:00:00,ZONE_B01,16.0,41.2,-20.2,524.0,770.0,15.0,90.0,RUNNING
2024-02-01 00:00:00,ZONE_B02,16.5,40.4,-20.4,428.0,770.0,15.0,90.0,RUNNING
2024-02-01 01:00:00,ZONE_M01,15.8,45.3,-16.8,465.0,770.0,15.0,90.0,RUNNING
2024-02-01 01:00:00,ZONE_M02,15.6,44.6,-16.9,470.0,770.0,15.0,90.0,RUNNING
2024-02-01 01:00:00,ZONE_M03,15.4,41.7,-17.5,464.0,770.0,15.0,90.0,RUNNING
2024-02-01 01:00:00,ZONE_B01,15.8,35.9,-16.0,438.0,770.0,15.0,90.0,RUNNING
2024-02-01 01:00:00,ZONE_B02,15.8,39.4,-18.6,438.0,770.0,15.0,90.0,RUNNING
2024-02-01 02:00:00,ZONE_M01,15.6,33.9,-16.2,417.0,770.0,15.0,90.0,RUNNING
2024-02-01 02:00:00,ZONE_M02,15.5,37.4,-14.9,437.0,770.0,15.0,90.0,RUNNING
2024-02-01 02:00:00,ZONE_M03,16.3,39.9,-21.2,510.0,770.0,15.0,90.0,RUNNING
2024-02-01 02:00:00,ZONE_B01,15.8,42.2,-20.7,457.0,770.0,15.0,90.0,RUNNING
2024-02-01 02:00:00,ZONE_B02,15.0,36.1,-15.6,467.0,770.0,15.0,90.0,RUNNING
2024-02-01 03:00:00,ZONE_M01,15.4,38.2,-19.1,506.0,770.0,15.0,90.0,RUNNING
2024-02-01 03:00:00,ZONE_M02,16.0,36.8,-21.3,420.0,770.0,15.0,90.0,RUNNING
2024-02-01 03:00:00,ZONE_M03,15.7,40.8,-16.3,445.0,770.0,15.0,90.0,RUNNING
2024-02-01 03:00:00,ZONE_B01,16.7,41.1,-18.2,500.0,770.0,15.0,90.0,RUNNING
2024-02-01 03:00:00,ZONE_B02,15.7,46.5,-22.4,520.0,770.0,15.0,90.0,RUNNING
2024-02-01 04:00:00,ZONE_M01,15.9,40.6,-18.1,456.0,770.0,15.0,90.0,RUNNING
2024-02-01 04:00:00,ZONE_M02,15.5,40.7,-18.0,499.0,770.0,15.0,90.0,RUNNING
2024-02-01 04:00:00,ZONE_M03,16.1,42.0,-20.3,418.0,770.0,15.0,90.0,RUNNING
2024-02-01 04:00:00,ZONE_B01,16.6,42.8,-14.7,573.0,770.0,15.0,90.0,RUNNING
2024-02-01 04:00:00,ZONE_B02,15.8,38.6,-17.9,454.0,770.0,15.0,90.0,RUNNING
2024-02-01 05:00:00,ZONE_M01,16.3,44.1,-18.5,511.0,770.0,15.0,90.0,RUNNING
2024-02-01 05:00:00,ZONE_M02,16.7,39.8,-17.2,443.0,770.0,15.0,90.0,RUNNING
2024-02-01 05:00:00,ZONE_M03,15.8,39.0,-21.2,467.0,770.0,15.0,90.0,RUNNING
2024-02-01 05:00:00,ZONE_B01,16.4,45.4,-20.8,477.0,770.0,15.0,90.0,RUNNING
2024-02-01 05:00:00,ZONE_B02,15.7,41.7,-17.1,487.0,770.0,15.0,90.0,RUNNING
2024-02-01 06:00:00,ZONE_M01,19.7,41.3,-19.7,464.0,770.0,15.0,90.0,RUNNING
2024-02-01 06:00:00,ZONE_M02,20.0,58.3,-16.2,707.0,770.0,15.0,90.0,RUNNING
2024-02-01 06:00:00,ZONE_M03,19.5,55.9,-18.6,661.0,770.0,15.0,90.0,RUNNING
2024-02-01 06:00:00,ZONE_B01,19.7,51.3,-19.3,662.0,770.0,15.0,90.0,RUNNING
2024-02-01 06:00:00,ZONE_B02,19.3,60.0,-20.6,791.0,770.0,15.0,90.0,RUNNING
2024-02-01 07:00:00,ZONE_M01,20.4,60.0,-22.4,1006.0,770.0,15.0,90.0,RUNNING
2024-02-01 07:00:00,ZONE_M02,20.0,59.5,-18.5,853.0,770.0,15.0,90.0,RUNNING
2024-02-01 07:00:00,ZONE_M03,20.5,54.6,-20.0,748.0,770.0,15.0,90.0,RUNNING
2024-02-01 07:00:00,ZONE_B01,19.1,52.6,-16.7,754.0,770.0,15.0,90.0,RUNNING
2024-02-01 07:00:00,ZONE_B02,20.4,55.1,-20.1,695.0,770.0,15.0,90.0,RUNNING
2024-02-01 08:00:00,ZONE_M01,20.3,55.7,-16.1,783.0,770.0,15.0,90.0,RUNNING
2024-02-01 08:00:00,ZONE_M02,19.6,60.0,-18.5,794.0,770.0,15.0,90.0,RUNNING
2024-02-01 08:00:00,ZONE_M03,20.3,60.0,-18.1,810.0,770.0,15.0,90.0,RUNNING
2024-02-01 08:00:00,ZONE_B01,19.4,60.0,-15.9,815.0,770.0,15.0,90.0,RUNNING
2024-02-01 08:00:00,ZONE_B02,20.5,59.7,-15.9,781.0,770.0,15.0,90.0,RUNNING
2024-02-01 09:00:00,ZONE_M01,19.8,55.2,-16.7,743.0,770.0,15.0,90.0,RUNNING
2024-02-01 09:00:00,ZONE_M02,19.7,60.0,-16.6,923.0,770.0,15.0,90.0,RUNNING
2024-02-01 09:00:00,ZONE_M03,19.7,60.0,-19.1,756.0,770.0,15.0,90.0,RUNNING
2024-02-01 09:00:00,ZONE_B01,19.5,60.0,-16.1,714.0,770.0,15.0,90.0,RUNNING
2024-02-01 09:00:00,ZONE_B02,20.1,59.3,-17.9,668.0,770.0,15.0,90.0,RUNNING
2024-02-01 10:00:00,ZONE_M01,19.3,50.0,-19.2,650.0,770.0,15.0,90.0,RUNNING
2024-02-01 10:00:00,ZONE_M02,19.8,60.0,-19.4,782.0,770.0,15.0,90.0,RUNNING
2024-02-01 10:00:00,ZONE_M03,19.6,59.0,-19.7,767.0,770.0,15.0,90.0,RUNNING
2024-02-01 10:00:00,ZONE_B01,20.7,60.0,-15.0,956.0,770.0,15.0,90.0,RUNNING
2024-02-01 10:00:00,ZONE_B02,19.9,48.5,-18.5,625.0,770.0,15.0,90.0,RUNNING
2024-02-01 11:00:00,ZONE_M01,20.3,60.0,-17.8,809.0,770.0,15.0,90.0,RUNNING
2024-02-01 11:00:00,ZONE_M02,19.7,50.5,-17.7,626.0,770.0,15.0,90.0,RUNNING
2024-02-01 11:00:00,ZONE_M03,20.7,60.0,-17.2,801.0,770.0,15.0,90.0,RUNNING
2024-02-01 11:00:00,ZONE_B01,21.0,60.0,-18.3,961.0,770.0,15.0,90.0,RUNNING
2024-02-01 11:00:00,ZONE_B02,20.6,48.5,-14.0,648.0,770.0,15.0,90.0,RUNNING
2024-02-01 12:00:00,ZONE_M01,20.0,54.6,-19.4,729.0,770.0,15.0,90.0,RUNNING
2024-02-01 12:00:00,ZONE_M02,19.0,58.9,-18.6,748.0,770.0,15.0,90.0,RUNNING
2024-02-01 12:00:00,ZONE_M03,19.8,57.8,-19.6,818.0,770.0,15.0,90.0,RUNNING
2024-02-01 12:00:00,ZONE_B01,20.7,55.1,-16.9,736.0,770.0,15.0,90.0,RUNNING
2024-02-01 12:00:00,ZONE_B02,21.3,59.9,-15.7,767.0,770.0,15.0,90.0,RUNNING
2024-02-01 13:00:00,ZONE_M01,20.1,60.0,-15.3,785.0,770.0,15.0,90.0,RUNNING
2024-02-01 13:00:00,ZONE_M02,20.0,57.5,-21.6,776.0,770.0,15.0,90.0,RUNNING
2024-02-01 13:00:00,ZONE_M03,20.5,60.0,-19.5,855.0,770.0,15.0,90.0,RUNNING
2024-02-01 13:00:00,ZONE_B01,19.4,60.0,-16.1,791.0,770.0,15.0,90.0,RUNNING
2024-02-01 13:00:00,ZONE_B02,19.6,51.5,-15.4,693.0,770.0,15.0,90.0,RUNNING
2024-02-01 14:00:00,ZONE_M01,20.6,60.0,-17.9,789.0,770.0,15.0,90.0,RUNNING
2024-02-01 14:00:00,ZONE_M02,20.3,55.3,-17.9,713.0,770.0,15.0,90.0,RUNNING
2024-02-01 14:00:00,ZONE_M03,19.5,54.8,-17.2,733.0,770.0,15.0,90.0,RUNNING
2024-02-01 14:00:00,ZONE_B01,20.1,57.3,-18.3,695.0,770.0,15.0,90.0,RUNNING
2024-02-01 14:00:00,ZONE_B02,19.6,60.0,-18.6,799.0,770.0,15.0,90.0,RUNNING
2024-02-01 15:00:00,ZONE_M01,19.7,54.7,-16.7,729.0,770.0,15.0,90.0,RUNNING
2024-02-01 15:00:00,ZONE_M02,19.6,46.2,-19.3,531.0,770.0,15.0,90.0,RUNNING
2024-02-01 15:00:00,ZONE_M03,19.2,60.0,-14.8,818.0,770.0,15.0,90.0,RUNNING
2024-02-01 15:00:00,ZONE_B01,20.0,55.8,-15.9,678.0,770.0,15.0,90.0,RUNNING
2024-02-01 15:00:00,ZONE_B02,20.4,57.6,-18.3,692.0,770.0,15.0,90.0,RUNNING
2024-02-01 16:00:00,ZONE_M01,19.3,55.8,-17.8,710.0,770.0,15.0,90.0,RUNNING
2024-02-01 16:00:00,ZONE_M02,19.0,54.2,-21.8,667.0,770.0,15.0,90.0,RUNNING
2024-02-01 16:00:00,ZONE_M03,20.1,60.0,-17.1,752.0,770.0,15.0,90.0,RUNNING
2024-02-01 16:00:00,ZONE_B01,19.9,60.0,-19.0,805.0,770.0,15.0,90.0,RUNNING
2024-02-01 16:00:00,ZONE_B02,20.9,60.0,-13.8,901.0,770.0,15.0,90.0,RUNNING
2024-02-01 17:00:00,ZONE_M01,19.7,60.0,-15.1,730.0,770.0,15.0,90.0,RUNNING
2024-02-01 17:00:00,ZONE_M02,18.9,55.5,-20.8,714.0,770.0,15.0,90.0,RUNNING
2024-02-01 17:00:00,ZONE_M03,21.0,60.0,-14.7,813.0,770.0,15.0,90.0,RUNNING
2024-02-01 17:00:00,ZONE_B01,20.7,46.1,-14.4,646.0,770.0,15.0,90.0,RUNNING
2024-02-01 17:00:00,ZONE_B02,19.8,60.0,-19.9,767.0,770.0,15.0,90.0,RUNNING
2024-02-01 18:00:00,ZONE_M01,20.8,42.9,-19.7,588.0,770.0,15.0,90.0,RUNNING
2024-02-01 18:00:00,ZONE_M02,19.4,45.5,-18.7,580.0,770.0,15.0,90.0,RUNNING
2024-02-01 18:00:00,ZONE_M03,20.0,60.0,-18.4,840.0,770.0,15.0,90.0,RUNNING
2024-02-01 18:00:00,ZONE_B01,20.3,54.5,-18.8,732.0,770.0,15.0,90.0,RUNNING
2024-02-01 18:00:00,ZONE_B02,19.6,60.0,-20.4,813.0,770.0,15.0,90.0,RUNNING
2024-02-01 19:00:00,ZONE_M01,19.6,56.2,-18.9,781.0,770.0,15.0,90.0,RUNNING
2024-02-01 19:00:00,ZONE_M02,19.0,60.0,-19.4,796.0,770.0,15.0,90.0,RUNNING
2024-02-01 19:00:00,ZONE_M03,20.1,56.2,-16.7,644.0,770.0,15.0,90.0,RUNNING
2024-02-01 19:00:00,ZONE_B01,20.4,54.2,-18.3,694.0,770.0,15.0,90.0,RUNNING
2024-02-01 19:00:00,ZONE_B02,19.8,48.3,-18.7,604.0,770.0,15.0,90.0,RUNNING
2024-02-01 20:00:00,ZONE_M01,20.3,60.0,-18.5,727.0,770.0,15.0,90.0,RUNNING
2024-02-01 20:00:00,ZONE_M02,20.3,60.0,-20.3,768.0,770.0,15.0,90.0,RUNNING
2024-02-01 20:00:00,ZONE_M03,19.8,60.0,-19.9,789.0,770.0,15.0,90.0,RUNNING
2024-02-01 20:00:00,ZONE_B01,19.7,49.3,-16.8,635.0,770.0,15.0,90.0,RUNNING
2024-02-01 20:00:00,ZONE_B02,20.6,57.0,-18.5,628.0,770.0,15.0,90.0,RUNNING
2024-02-01 21:00:00,ZONE_M01,20.4,60.0,-14.5,921.0,770.0,15.0,90.0,RUNNING
2024-02-01 21:00:00,ZONE_M02,20.0,60.0,-14.7,746.0,770.0,15.0,90.0,RUNNING
2024-02-01 21:00:00,ZONE_M03,19.7,49.7,-18.2,607.0,770.0,15.0,90.0,RUNNING
2024-02-01 21:00:00,ZONE_B01,20.1,60.0,-17.0,951.0,770.0,15.0,90.0,RUNNING
2024-02-01 21:00:00,ZONE_B02,20.3,55.3,-15.2,686.0,770.0,15.0,90.0,RUNNING
2024-02-01 22:00:00,ZONE_M01,20.1,57.6,-19.8,770.0,770.0,15.0,90.0,RUNNING
2024-02-01 22:00:00,ZONE_M02,20.2,60.0,-16.6,899.0,770.0,15.0,90.0,RUNNING
2024-02-01 22:00:00,ZONE_M03,20.4,60.0,-16.1,834.0,770.0,15.0,90.0,RUNNING
2024-02-01 22:00:00,ZONE_B01,20.3,60.0,-19.2,943.0,770.0,15.0,90.0,RUNNING
2024-02-01 22:00:00,ZONE_B02,20.1,58.5,-20.7,707.0,770.0,15.0,90.0,RUNNING
2024-02-01 23:00:00,ZONE_M01,15.5,40.4,-19.8,420.0,770.0,15.0,90.0,RUNNING
2024-02-01 23:00:00,ZONE_M02,16.4,40.7,-18.7,429.0,770.0,15.0,90.0,RUNNING
2024-02-01 23:00:00,ZONE_M03,16.2,42.8,-15.1,466.0,770.0,15.0,90.0,RUNNING
2024-02-01 23:00:00,ZONE_B01,16.0,40.9,-16.3,510.0,770.0,15.0,90.0,RUNNING
2024-02-01 23:00:00,ZONE_B02,15.8,40.0,-15.6,463.0,770.0,15.0,90.0,RUNNING
2024-02-02 00:00:00,ZONE_M01,15.3,46.8,-18.3,481.0,770.0,15.0,90.0,RUNNING
2024-02-02 00:00:00,ZONE_M02,16.2,45.4,-19.3,532.0,770.0,15.0,90.0,RUNNING
2024-02-02 00:00:00,ZONE_M03,16.0,35.8,-22.6,460.0,770.0,15.0,90.0,RUNNING
2024-02-02 00:00:00,ZONE_B01,15.7,36.4,-17.7,467.0,770.0,15.0,90.0,RUNNING
2024-02-02 00:00:00,ZONE_B02,16.2,39.9,-20.8,497.0,770.0,15.0,90.0,RUNNING
2024-02-02 01:00:00,ZONE_M01,15.6,40.0,-19.1,495.0,770.0,15.0,90.0,RUNNING
2024-02-02 01:00:00,ZONE_M02,16.6,36.1,-18.3,439.0,770.0,15.0,90.0,RUNNING
2024-02-02 01:00:00,ZONE_M03,15.9,37.2,-17.3,437.0,770.0,15.0,90.0,RUNNING
2024-02-02 01:00:00,ZONE_B01,16.3,38.7,-19.7,462.0,770.0,15.0,90.0,RUNNING
2024-02-02 01:00:00,ZONE_B02,15.7,40.9,-16.7,457.0,770.0,15.0,90.0,RUNNING
2024-02-02 02:00:00,ZONE_M01,17.1,38.9,-16.7,455.0,770.0,15.0,90.0,RUNNING
2024-02-02 02:00:00,ZONE_M02,16.3,39.0,-21.1,474.0,770.0,15.0,90.0,RUNNING
2024-02-02 02:00:00,ZONE_M03,15.9,44.3,-17.0,470.0,770.0,15.0,90.0,RUNNING
2024-02-02 02:00:00,ZONE_B01,15.4,40.9,-15.2,509.0,770.0,15.0,90.0,RUNNING
2024-02-02 02:00:00,ZONE_B02,16.6,41.6,-17.2,474.0,770.0,15.0,90.0,RUNNING
2024-02-02 03:00:00,ZONE_M01,16.1,39.3,-18.8,504.0,770.0,15.0,90.0,RUNNING
2024-02-02 03:00:00,ZONE_M02,15.6,41.2,-20.9,467.0,770.0,15.0,90.0,RUNNING
2024-02-02 03:00:00,ZONE_M03,16.2,32.3,-17.1,367.0,770.0,15.0,90.0,RUNNING
2024-02-02 03:00:00,ZONE_B01,16.2,44.3,-15.8,499.0,770.0,15.0,90.0,RUNNING
2024-02-02 03:00:00,ZONE_B02,16.0,34.9,-19.4,474.0,770.0,15.0,90.0,RUNNING
2024-02-02 04:00:00,ZONE_M01,16.1,45.0,-16.9,507.0,770.0,15.0,90.0,RUNNING
2024-02-02 04:00:00,ZONE_M02,16.1,43.5,-15.8,510.0,770.0,15.0,90.0,RUNNING
2024-02-02 04:00:00,ZONE_M03,15.3,38.2,-17.2,360.0,770.0,15.0,90.0,RUNNING
2024-02-02 04:00:00,ZONE_B01,14.9,38.1,-19.9,437.0,770.0,15.0,90.0,RUNNING
2024-02-02 04:00:00,ZONE_B02,15.0,41.4,-19.2,507.0,770.0,15.0,90.0,RUNNING
2024-02-02 05:00:00,ZONE_M01,16.2,40.6,-14.6,476.0,770.0,15.0,90.0,RUNNING
2024-02-02 05:00:00,ZONE_M02,16.9,36.2,-16.8,466.0,770.0,15.0,90.0,RUNNING
2024-02-02 05:00:00,ZONE_M03,15.6,46.8,-19.4,490.0,770.0,15.0,90.0,RUNNING
2024-02-02 05:00:00,ZONE_B01,15.4,42.2,-17.4,482.0,770.0,15.0,90.0,RUNNING
2024-02-02 05:00:00,ZONE_B02,15.8,41.2,-16.7,519.0,770.0,15.0,90.0,RUNNING
2024-02-02 06:00:00,ZONE_M01,20.2,56.4,-19.6,663.0,770.0,15.0,90.0,RUNNING
2024-02-02 06:00:00,ZONE_M02,20.6,55.4,-19.3,667.0,770.0,15.0,90.0,RUNNING
2024-02-02 06:00:00,ZONE_M03,19.5,60.0,-15.8,816.0,770.0,15.0,90.0,RUNNING
2024-02-02 06:00:00,ZONE_B01,20.1,60.0,-16.7,892.0,770.0,15.0,90.0,RUNNING
2024-02-02 06:00:00,ZONE_B02,19.6,56.7,-18.8,704.0,770.0,15.0,90.0,RUNNING
2024-02-02 07:00:00,ZONE_M01,20.3,51.4,-19.2,707.0,770.0,15.0,90.0,RUNNING
2024-02-02 07:00:00,ZONE_M02,20.1,57.6,-18.7,645.0,770.0,15.0,90.0,RUNNING
2024-02-02 07:00:00,ZONE_M03,19.7,56.7,-20.9,750.0,770.0,15.0,90.0,RUNNING
2024-02-02 07:00:00,ZONE_B01,19.8,48.7,-16.7,634.0,770.0,15.0,90.0,RUNNING
2024-02-02 07:00:00,ZONE_B02,19.7,47.4,-21.8,585.0,770.0,15.0,90.0,RUNNING
2024-02-02 08:00:00,ZONE_M01,19.1,60.0,-18.4,798.0,770.0,15.0,90.0,RUNNING
2024-02-02 08:00:00,ZONE_M02,20.1,58.7,-16.2,690.0,770.0,15.0,90.0,RUNNING
2024-02-02 08:00:00,ZONE_M03,19.8,51.5,-17.7,673.0,770.0,15.0,90.0,RUNNING
2024-02-02 08:00:00,ZONE_B01,20.6,60.0,-16.1,832.0,770.0,15.0,90.0,RUNNING
2024-02-02 08:00:00,ZONE_B02,19.8,57.6,-15.0,727.0,770.0,15.0,90.0,RUNNING
2024-02-02 09:00:00,ZONE_M01,20.4,51.6,-18.6,749.0,770.0,15.0,90.0,RUNNING
2024-02-02 09:00:00,ZONE_M02,19.6,60.0,-14.3,757.0,770.0,15.0,90.0,RUNNING
2024-02-02 09:00:00,ZONE_M03,19.7,59.8,-20.8,722.0,770.0,15.0,90.0,RUNNING
2024-02-02 09:00:00,ZONE_B01,19.7,50.1,-19.5,653.0,770.0,15.0,90.0,RUNNING
2024-02-02 09:00:00,ZONE_B02,20.3,42.9,-21.1,579.0,770.0,15.0,90.0,RUNNING
2024-02-02 10:00:00,ZONE_M01,19.7,57.6,-19.6,734.0,770.0,15.0,90.0,RUNNING
2024-02-02 10:00:00,ZONE_M02,20.2,60.0,-15.3,779.0,770.0,15.0,90.0,RUNNING
2024-02-02 10:00:00,ZONE_M03,19.1,56.0,-17.9,682.0,770.0,15.0,90.0,RUNNING
2024-02-02 10:00:00,ZONE_B01,19.1,60.0,-18.7,888.0,770.0,15.0,90.0,RUNNING
2024-02-02 10:00:00,ZONE_B02,20.4,56.0,-17.1,808.0,770.0,15.0,90.0,RUNNING
2024-02-02 11:00:00,ZONE_M01,20.5,60.0,-18.7,728.0,770.0,15.0,90.0,RUNNING
2024-02-02 11:00:00,ZONE_M02,19.6,51.1,-19.5,626.0,770.0,15.0,90.0,RUNNING
2024-02-02 11:00:00,ZONE_M03,20.1,60.0,-16.1,781.0,770.0,15.0,90.0,RUNNING
2024-02-02 11:00:00,ZONE_B01,19.3,50.1,-19.5,629.0,770.0,15.0,90.0,RUNNING
2024-02-02 11:00:00,ZONE_B02,19.9,54.3,-17.8,686.0,770.0,15.0,90.0,RUNNING
2024-02-02 12:00:00,ZONE_M01,19.7,60.0,-14.2,806.0,770.0,15.0,90.0,RUNNING
2024-02-02 12:00:00,ZONE_M02,19.7,59.6,-16.3,744.0,770.0,15.0,90.0,RUNNING
2024-02-02 12:00:00,ZONE_M03,20.3,52.6,-15.8,738.0,770.0,15.0,90.0,RUNNING
2024-02-02 12:00:00,ZONE_B01,20.3,60.0,-15.2,720.0,770.0,15.0,90.0,RUNNING
2024-02-02 12:00:00,ZONE_B02,20.3,53.0,-17.0,623.0,770.0,15.0,90.0,RUNNING
2024-02-02 13:00:00,ZONE_M01,20.7,60.0,-19.1,836.0,770.0,15.0,90.0,RUNNING
2024-02-02 13:00:00,ZONE_M02,20.9,58.8,-19.1,763.0,770.0,15.0,90.0,RUNNING
2024-02-02 13:00:00,ZONE_M03,19.6,59.6,-19.9,729.0,770.0,15.0,90.0,RUNNING
2024-02-02 13:00:00,ZONE_B01,19.7,45.8,-17.1,747.0,770.0,15.0,90.0,RUNNING
2024-02-02 13:00:00,ZONE_B02,20.9,57.9,-18.3,784.0,770.0,15.0,90.0,RUNNING
2024-02-02 14:00:00,ZONE_M01,20.0,60.0,-20.5,885.0,770.0,15.0,90.0,RUNNING
2024-02-02 14:00:00,ZONE_M02,19.6,60.0,-17.8,847.0,770.0,15.0,90.0,RUNNING
2024-02-02 14:00:00,ZONE_M03,20.0,52.3,-20.1,764.0,770.0,15.0,90.0,RUNNING
2024-02-02 14:00:00,ZONE_B01,19.6,50.5,-19.6,660.0,770.0,15.0,90.0,RUNNING
2024-02-02 14:00:00,ZONE_B02,20.3,60.0,-18.8,780.0,770.0,15.0,90.0,RUNNING
2024-02-02 15:00:00,ZONE_M01,20.2,54.5,-15.0,678.0,770.0,15.0,90.0,RUNNING
2024-02-02 15:00:00,ZONE_M02,21.2,60.0,-19.2,797.0,770.0,15.0,90.0,RUNNING
2024-02-02 15:00:00,ZONE_M03,19.7,60.0,-20.2,957.0,770.0,15.0,90.0,RUNNING
2024-02-02 15:00:00,ZONE_B01,19.6,57.5,-18.1,726.0,770.0,15.0,90.0,RUNNING
2024-02-02 15:00:00,ZONE_B02,20.9,59.8,-21.7,807.0,770.0,15.0,90.0,RUNNING
2024-02-02 16:00:00,ZONE_M01,20.5,54.9,-17.7,688.0,770.0,15.0,90.0,RUNNING
2024-02-02 16:00:00,ZONE_M02,20.0,54.1,-17.5,754.0,770.0,15.0,90.0,RUNNING
2024-02-02 16:00:00,ZONE_M03,19.7,60.0,-16.9,770.0,770.0,15.0,90.0,RUNNING
2024-02-02 16:00:00,ZONE_B01,20.5,50.7,-17.5,672.0,770.0,15.0,90.0,RUNNING
2024-02-02 16:00:00,ZONE_B02,20.3,59.6,-20.9,821.0,770.0,15.0,90.0,RUNNING
2024-02-02 17:00:00,ZONE_M01,19.4,60.0,-18.6,803.0,770.0,15.0,90.0,RUNNING
2024-02-02 17:00:00,ZONE_M02,19.8,60.0,-15.3,795.0,770.0,15.0,90.0,RUNNING
2024-02-02 17:00:00,ZONE_M03,19.8,58.5,-17.0,706.0,770.0,15.0,90.0,RUNNING
2024-02-02 17:00:00,ZONE_B01,20.1,45.0,-19.2,585.0,770.0,15.0,90.0,RUNNING
2024-02-02 17:00:00,ZONE_B02,19.9,60.0,-18.2,817.0,770.0,15.0,90.0,RUNNING
2024-02-02 18:00:00,ZONE_M01,20.2,60.0,-18.3,754.0,770.0,15.0,90.0,RUNNING
2024-02-02 18:00:00,ZONE_M02,20.5,50.5,-16.5,652.0,770.0,15.0,90.0,RUNNING
2024-02-02 18:00:00,ZONE_M03,19.9,58.6,-14.8,770.0,770.0,15.0,90.0,RUNNING
2024-02-02 18:00:00,ZONE_B01,20.5,51.9,-20.1,752.0,770.0,15.0,90.0,RUNNING
2024-02-02 18:00:00,ZONE_B02,19.7,58.6,-17.3,767.0,770.0,15.0,90.0,RUNNING
2024-02-02 19:00:00,ZONE_M01,20.3,60.0,-18.9,816.0,770.0,15.0,90.0,RUNNING
2024-02-02 19:00:00,ZONE_M02,20.0,60.0,-17.7,835.0,770.0,15.0,90.0,RUNNING
2024-02-02 19:00:00,ZONE_M03,20.9,60.0,-14.4,850.0,770.0,15.0,90.0,RUNNING
2024-02-02 19:00:00,ZONE_B01,20.4,60.0,-18.8,889.0,770.0,15.0,90.0,RUNNING
2024-02-02 19:00:00,ZONE_B02,20.6,50.7,-20.4,595.0,770.0,15.0,90.0,RUNNING
2024-02-02 20:00:00,ZONE_M01,19.7,47.5,-15.1,589.0,770.0,15.0,90.0,RUNNING
2024-02-02 20:00:00,ZONE_M02,19.6,49.5,-15.3,638.0,770.0,15.0,90.0,RUNNING
2024-02-02 20:00:00,ZONE_M03,20.1,60.0,-16.7,908.0,770.0,15.0,90.0,RUNNING
2024-02-02 20:00:00,ZONE_B01,19.9,54.9,-18.1,651.0,770.0,15.0,90.0,RUNNING
2024-02-02 20:00:00,ZONE_B02,19.9,57.7,-18.3,702.0,770.0,15.0,90.0,RUNNING
2024-02-02 21:00:00,ZONE_M01,19.9,57.2,-19.9,744.0,770.0,15.0,90.0,RUNNING
2024-02-02 21:00:00,ZONE_M02,20.3,59.8,-24.9,739.0,770.0,15.0,90.0,RUNNING
2024-02-02 21:00:00,ZONE_M03,20.0,60.0,-17.0,813.0,770.0,15.0,90.0,RUNNING
2024-02-02 21:00:00,ZONE_B01,20.1,53.1,-16.7,667.0,770.0,15.0,90.0,RUNNING
2024-02-02 21:00:00,ZONE_B02,19.6,60.0,-18.3,830.0,770.0,15.0,90.0,RUNNING
2024-02-02 22:00:00,ZONE_M01,20.4,52.0,-16.4,702.0,770.0,15.0,90.0,RUNNING
2024-02-02 22:00:00,ZONE_M02,19.8,60.0,-20.8,733.0,770.0,15.0,90.0,RUNNING
2024-02-02 22:00:00,ZONE_M03,19.5,52.7,-20.0,654.0,770.0,15.0,90.0,RUNNING
2024-02-02 22:00:00,ZONE_B01,19.0,47.7,-21.5,610.0,770.0,15.0,90.0,RUNNING
2024-02-02 22:00:00,ZONE_B02,19.7,54.5,-18.1,667.0,770.0,15.0,90.0,RUNNING
2024-02-02 23:00:00,ZONE_M01,15.5,37.8,-14.7,486.0,770.0,15.0,90.0,RUNNING
2024-02-02 23:00:00,ZONE_M02,16.5,40.4,-17.7,432.0,770.0,15.0,90.0,RUNNING
2024-02-02 23:00:00,ZONE_M03,15.7,49.6,-17.2,538.0,770.0,15.0,90.0,RUNNING
2024-02-02 23:00:00,ZONE_B01,15.8,41.0,-17.9,512.0,770.0,15.0,90.0,RUNNING
2024-02-02 23:00:00,ZONE_B02,16.5,41.5,-16.4,431.0,770.0,15.0,90.0,RUNNING
2024-02-03 00:00:00,ZONE_M01,16.7,37.7,-16.4,474.0,770.0,15.0,90.0,RUNNING
2024-02-03 00:00:00,ZONE_M02,14.4,43.3,-18.9,465.0,770.0,15.0,90.0,RUNNING
2024-02-03 00:00:00,ZONE_M03,15.5,40.8,-19.9,414.0,770.0,15.0,90.0,RUNNING
2024-02-03 00:00:00,ZONE_B01,16.5,44.0,-18.9,514.0,770.0,15.0,90.0,RUNNING
2024-02-03 00:00:00,ZONE_B02,15.9,34.7,-18.9,415.0,770.0,15.0,90.0,RUNNING
2024-02-03 01:00:00,ZONE_M01,17.2,42.1,-16.7,464.0,770.0,15.0,90.0,RUNNING
2024-02-03 01:00:00,ZONE_M02,15.9,38.9,-18.8,435.0,770.0,15.0,90.0,RUNNING
2024-02-03 01:00:00,ZONE_M03,15.5,35.0,-19.8,444.0,770.0,15.0,90.0,RUNNING
2024-02-03 01:00:00,ZONE_B01,15.6,43.5,-19.5,495.0,770.0,15.0,90.0,RUNNING
2024-02-03 01:00:00,ZONE_B02,15.7,42.7,-17.7,528.0,770.0,15.0,90.0,RUNNING
2024-02-03 02:00:00,ZONE_M01,15.4,37.8,-20.5,493.0,770.0,15.0,90.0,RUNNING
2024-02-03 02:00:00,ZONE_M02,16.4,43.7,-17.0,528.0,770.0,15.0,90.0,RUNNING
2024-02-03 02:00:00,ZONE_M03,15.1,40.0,-18.2,524.0,770.0,15.0,90.0,RUNNING
2024-02-03 02:00:00,ZONE_B01,15.5,41.4,-18.6,464.0,770.0,15.0,90.0,RUNNING
2024-02-03 02:00:00,ZONE_B02,16.4,37.2,-18.3,475.0,770.0,15.0,90.0,RUNNING
2024-02-03 03:00:00,ZONE_M01,15.5,35.7,-18.7,459.0,770.0,15.0,90.0,RUNNING
2024-02-03 03:00:00,ZONE_M02,15.8,32.1,-17.7,442.0,770.0,15.0,90.0,RUNNING
2024-02-03 03:00:00,ZONE_M03,16.1,40.5,-18.2,450.0,770.0,15.0,90.0,RUNNING
2024-02-03 03:00:00,ZONE_B01,16.0,36.7,-21.1,474.0,770.0,15.0,90.0,RUNNING
2024-02-03 03:00:00,ZONE_B02,16.7,39.7,-15.8,506.0,770.0,15.0,90.0,RUNNING
2024-02-03 04:00:00,ZONE_M01,16.7,36.6,-17.0,489.0,770.0,15.0,90.0,RUNNING
2024-02-03 04:00:00,ZONE_M02,15.9,44.3,-20.7,487.0,770.0,15.0,90.0,RUNNING
2024-02-03 04:00:00,ZONE_M03,17.1,37.4,-19.9,518.0,770.0,15.0,90.0,RUNNING
2024-02-03 04:00:00,ZONE_B01,16.3,43.5,-19.7,502.0,770.0,15.0,90.0,RUNNING
2024-02-03 04:00:00,ZONE_B02,15.6,39.5,-20.4,469.0,770.0,15.0,90.0,RUNNING
2024-02-03 05:00:00,ZONE_M01,15.9,42.2,-16.0,403.0,770.0,15.0,90.0,RUNNING
2024-02-03 05:00:00,ZONE_M02,16.6,40.2,-18.5,434.0,770.0,15.0,90.0,RUNNING
2024-02-03 05:00:00,ZONE_M03,16.8,41.2,-19.2,439.0,770.0,15.0,90.0,RUNNING
2024-02-03 05:00:00,ZONE_B01,15.4,37.9,-21.8,487.0,770.0,15.0,90.0,RUNNING
2024-02-03 05:00:00,ZONE_B02,15.5,39.0,-16.9,467.0,770.0,15.0,90.0,RUNNING
2024-02-03 06:00:00,ZONE_M01,20.8,54.3,-22.0,704.0,770.0,15.0,90.0,RUNNING
2024-02-03 06:00:00,ZONE_M02,21.0,60.0,-17.0,811.0,770.0,15.0,90.0,RUNNING
2024-02-03 06:00:00,ZONE_M03,19.2,57.3,-16.9,690.0,770.0,15.0,90.0,RUNNING
2024-02-03 06:00:00,ZONE_B01,19.6,60.0,-17.1,867.0,770.0,15.0,90.0,RUNNING
2024-02-03 06:00:00,ZONE_B02,19.7,59.6,-14.6,786.0,770.0,15.0,90.0,RUNNING
2024-02-03 07:00:00,ZONE_M01,19.8,51.3,-15.5,628.0,770.0,15.0,90.0,RUNNING
2024-02-03 07:00:00,ZONE_M02,20.7,55.2,-19.1,760.0,770.0,15.0,90.0,RUNNING
2024-02-03 07:00:00,ZONE_M03,20.1,54.2,-18.4,722.0,770.0,15.0,90.0,RUNNING
2024-02-03 07:00:00,ZONE_B01,19.5,52.6,-17.5,592.0,770.0,15.0,90.0,RUNNING
2024-02-03 07:00:00,ZONE_B02,20.9,57.6,-18.2,659.0,770.0,15.0,90.0,RUNNING
2024-02-03 08:00:00,ZONE_M01,20.6,55.5,-16.5,683.0,770.0,15.0,90.0,RUNNING
2024-02-03 08:00:00,ZONE_M02,19.8,57.8,-16.4,787.0,770.0,15.0,90.0,RUNNING
2024-02-03 08:00:00,ZONE_M03,19.5,52.3,-18.3,630.0,770.0,15.0,90.0,RUNNING
2024-02-03 08:00:00,ZONE_B01,19.2,54.6,-17.9,729.0,770.0,15.0,90.0,RUNNING
2024-02-03 08:00:00,ZONE_B02,20.3,55.7,-19.6,754.0,770.0,15.0,90.0,RUNNING
2024-02-03 09:00:00,ZONE_M01,20.4,59.1,-18.8,823.0,770.0,15.0,90.0,RUNNING
2024-02-03 09:00:00,ZONE_M02,19.5,48.5,-18.1,633.0,770.0,15.0,90.0,RUNNING
2024-02-03 09:00:00,ZONE_M03,20.0,52.8,-19.1,621.0,770.0,15.0,90.0,RUNNING
2024-02-03 09:00:00,ZONE_B01,19.6,48.0,-16.5,650.0,770.0,15.0,90.0,RUNNING
2024-02-03 09:00:00,ZONE_B02,19.2,60.0,-21.8,853.0,770.0,15.0,90.0,RUNNING
2024-02-03 10:00:00,ZONE_M01,19.1,49.3,-19.3,567.0,770.0,15.0,90.0,RUNNING
2024-02-03 10:00:00,ZONE_M02,19.5,56.3,-21.4,707.0,770.0,15.0,90.0,RUNNING
2024-02-03 10:00:00,ZONE_M03,19.4,59.6,-16.8,811.0,770.0,15.0,90.0,RUNNING
2024-02-03 10:00:00,ZONE_B01,19.6,50.9,-19.9,670.0,770.0,15.0,90.0,RUNNING
2024-02-03 10:00:00,ZONE_B02,19.5,60.0,-16.6,849.0,770.0,15.0,90.0,RUNNING
2024-02-03 11:00:00,ZONE_M01,19.9,58.4,-21.4,826.0,770.0,15.0,90.0,RUNNING
2024-02-03 11:00:00,ZONE_M02,19.8,58.9,-16.0,794.0,770.0,15.0,90.0,RUNNING
2024-02-03 11:00:00,ZONE_M03,19.7,60.0,-18.4,729.0,770.0,15.0,90.0,RUNNING
2024-02-03 11:00:00,ZONE_B01,20.2,47.7,-16.6,585.0,770.0,15.0,90.0,RUNNING
2024-02-03 11:00:00,ZONE_B02,19.1,56.4,-15.2,688.0,770.0,15.0,90.0,RUNNING
2024-02-03 12:00:00,ZONE_M01,19.8,59.4,-19.8,808.0,770.0,15.0,90.0,RUNNING
2024-02-03 12:00:00,ZONE_M02,19.9,60.0,-17.1,824.0,770.0,15.0,90.0,RUNNING
2024-02-03 12:00:00,ZONE_M03,19.4,57.8,-20.4,795.0,770.0,15.0,90.0,RUNNING
2024-02-03 12:00:00,ZONE_B01,20.7,57.9,-16.7,694.0,770.0,15.0,90.0,RUNNING
2024-02-03 12:00:00,ZONE_B02,19.5,60.0,-19.4,768.0,770.0,15.0,90.0,RUNNING
2024-02-03 13:00:00,ZONE_M01,20.8,52.9,-15.4,691.0,770.0,15.0,90.0,RUNNING
2024-02-03 13:00:00,ZONE_M02,20.4,60.0,-16.1,891.0,770.0,15.0,90.0,RUNNING
2024-02-03 13:00:00,ZONE_M03,20.1,51.8,-19.1,751.0,770.0,15.0,90.0,RUNNING
2024-02-03 13:00:00,ZONE_B01,19.8,51.8,-19.5,609.0,770.0,15.0,90.0,RUNNING
2024-02-03 13:00:00,ZONE_B02,19.8,60.0,-21.6,890.0,770.0,15.0,90.0,RUNNING
2024-02-03 14:00:00,ZONE_M01,19.4,59.8,-21.9,872.0,770.0,15.0,90.0,RUNNING
2024-02-03 14:00:00,ZONE_M02,20.2,48.9,-19.1,725.0,770.0,15.0,90.0,RUNNING
2024-02-03 14:00:00,ZONE_M03,20.0,60.0,-18.9,778.0,770.0,15.0,90.0,RUNNING
2024-02-03 14:00:00,ZONE_B01,19.1,60.0,-17.8,960.0,770.0,15.0,90.0,RUNNING
2024-02-03 14:00:00,ZONE_B02,19.1,45.3,-19.0,619.0,770.0,15.0,90.0,RUNNING
2024-02-03 15:00:00,ZONE_M01,20.4,60.0,-19.1,759.0,770.0,15.0,90.0,RUNNING
2024-02-03 15:00:00,ZONE_M02,19.3,51.9,-18.0,763.0,770.0,15.0,90.0,RUNNING
2024-02-03 15:00:00,ZONE_M03,19.6,50.2,-18.1,731.0,770.0,15.0,90.0,RUNNING
2024-02-03 15:00:00,ZONE_B01,20.6,54.3,-17.7,730.0,770.0,15.0,90.0,RUNNING
2024-02-03 15:00:00,ZONE_B02,19.6,60.0,-17.4,832.0,770.0,15.0,90.0,RUNNING
2024-02-03 16:00:00,ZONE_M01,19.3,60.0,-18.9,884.0,770.0,15.0,90.0,RUNNING
2024-02-03 16:00:00,ZONE_M02,19.9,57.9,-20.9,735.0,770.0,15.0,90.0,RUNNING
2024-02-03 16:00:00,ZONE_M03,20.2,54.7,-19.5,820.0,770.0,15.0,90.0,RUNNING
2024-02-03 16:00:00,ZONE_B01,19.3,51.5,-17.0,645.0,770.0,15.0,90.0,RUNNING
2024-02-03 16:00:00,ZONE_B02,20.0,58.0,-21.2,786.0,770.0,15.0,90.0,RUNNING
2024-02-03 17:00:00,ZONE_M01,19.5,58.1,-17.1,652.0,770.0,15.0,90.0,RUNNING
2024-02-03 17:00:00,ZONE_M02,19.5,48.7,-18.3,533.0,770.0,15.0,90.0,RUNNING
2024-02-03 17:00:00,ZONE_M03,20.4,53.8,-16.2,628.0,770.0,15.0,90.0,RUNNING
2024-02-03 17:00:00,ZONE_B01,20.4,60.0,-19.4,779.0,770.0,15.0,90.0,RUNNING
2024-02-03 17:00:00,ZONE_B02,19.5,55.7,-16.3,766.0,770.0,15.0,90.0,RUNNING
2024-02-03 18:00:00,ZONE_M01,20.1,60.0,-19.4,805.0,770.0,15.0,90.0,RUNNING
2024-02-03 18:00:00,ZONE_M02,20.1,60.0,-20.9,832.0,770.0,15.0,90.0,RUNNING
2024-02-03 18:00:00,ZONE_M03,20.2,53.2,-18.5,706.0,770.0,15.0,90.0,RUNNING
2024-02-03 18:00:00,ZONE_B01,20.2,49.4,-18.9,590.0,770.0,15.0,90.0,RUNNING
2024-02-03 18:00:00,ZONE_B02,20.4,44.8,-21.0,601.0,770.0,15.0,90.0,RUNNING
2024-02-03 19:00:00,ZONE_M01,20.4,57.2,-19.8,797.0,770.0,15.0,90.0,RUNNING
2024-02-03 19:00:00,ZONE_M02,19.6,56.8,-18.2,749.0,770.0,15.0,90.0,RUNNING
2024-02-03 19:00:00,ZONE_M03,19.5,58.5,-14.5,705.0,770.0,15.0,90.0,RUNNING
2024-02-03 19:00:00,ZONE_B01,20.2,57.7,-16.5,754.0,770.0,15.0,90.0,RUNNING
2024-02-03 19:00:00,ZONE_B02,19.8,55.6,-19.6,679.0,770.0,15.0,90.0,RUNNING
2024-02-03 20:00:00,ZONE_M01,20.1,51.3,-13.7,661.0,770.0,15.0,90.0,RUNNING
2024-02-03 20:00:00,ZONE_M02,20.3,49.9,-15.1,538.0,770.0,15.0,90.0,RUNNING
2024-02-03 20:00:00,ZONE_M03,19.0,60.0,-17.7,789.0,770.0,15.0,90.0,RUNNING
2024-02-03 20:00:00,ZONE_B01,20.3,60.0,-15.6,756.0,770.0,15.0,90.0,RUNNING
2024-02-03 20:00:00,ZONE_B02,19.7,60.0,-20.6,803.0,770.0,15.0,90.0,RUNNING
2024-02-03 21:00:00,ZONE_M01,20.4,58.3,-16.3,795.0,770.0,15.0,90.0,RUNNING
2024-02-03 21:00:00,ZONE_M02,20.1,47.8,-20.2,630.0,770.0,15.0,90.0,RUNNING
2024-02-03 21:00:00,ZONE_M03,20.2,60.0,-13.8,765.0,770.0,15.0,90.0,RUNNING
2024-02-03 21:00:00,ZONE_B01,20.5,60.0,-16.8,774.0,770.0,15.0,90.0,RUNNING
2024-02-03 21:00:00,ZONE_B02,19.8,49.7,-17.0,657.0,770.0,15.0,90.0,RUNNING
2024-02-03 22:00:00,ZONE_M01,19.4,60.0,-16.2,772.0,770.0,15.0,90.0,RUNNING
2024-02-03 22:00:00,ZONE_M02,19.7,60.0,-16.8,865.0,770.0,15.0,90.0,RUNNING
2024-02-03 22:00:00,ZONE_M03,20.4,59.5,-18.6,792.0,770.0,15.0,90.0,RUNNING
2024-02-03 22:00:00,ZONE_B01,19.4,60.0,-18.5,922.0,770.0,15.0,90.0,RUNNING
2024-02-03 22:00:00,ZONE_B02,19.8,60.0,-20.5,742.0,770.0,15.0,90.0,RUNNING
2024-02-03 23:00:00,ZONE_M01,16.5,41.1,-20.3,516.0,770.0,15.0,90.0,RUNNING
2024-02-03 23:00:00,ZONE_M02,14.2,35.2,-15.5,436.0,770.0,15.0,90.0,RUNNING
2024-02-03 23:00:00,ZONE_M03,16.3,42.4,-18.8,472.0,770.0,15.0,90.0,RUNNING
2024-02-03 23:00:00,ZONE_B01,15.8,46.5,-18.2,467.0,770.0,15.0,90.0,RUNNING
2024-02-03 23:00:00,ZONE_B02,15.3,33.1,-17.7,435.0,770.0,15.0,90.0,RUNNING
2024-02-04 00:00:00,ZONE_M01,16.4,37.8,-21.5,451.0,770.0,15.0,90.0,RUNNING
2024-02-04 00:00:00,ZONE_M02,16.0,40.4,-19.2,502.0,770.0,15.0,90.0,RUNNING
2024-02-04 00:00:00,ZONE_M03,16.7,37.1,-20.9,496.0,770.0,15.0,90.0,RUNNING
2024-02-04 00:00:00,ZONE_B01,15.8,38.4,-18.9,534.0,770.0,15.0,90.0,RUNNING
2024-02-04 00:00:00,ZONE_B02,16.3,41.8,-19.0,537.0,770.0,15.0,90.0,RUNNING
2024-02-04 01:00:00,ZONE_M01,16.5,39.7,-21.8,480.0,770.0,15.0,90.0,RUNNING
2024-02-04 01:00:00,ZONE_M02,16.0,44.1,-22.2,531.0,770.0,15.0,90.0,RUNNING
2024-02-04 01:00:00,ZONE_M03,16.6,42.6,-17.5,469.0,770.0,15.0,90.0,RUNNING
2024-02-04 01:00:00,ZONE_B01,15.6,41.1,-20.1,453.0,770.0,15.0,90.0,RUNNING
2024-02-04 01:00:00,ZONE_B02,16.9,37.0,-17.0,453.0,770.0,15.0,90.0,RUNNING
2024-02-04 02:00:00,ZONE_M01,15.8,40.8,-16.1,493.0,770.0,15.0,90.0,RUNNING
2024-02-04 02:00:00,ZONE_M02,16.1,33.8,-19.5,419.0,770.0,15.0,90.0,RUNNING
2024-02-04 02:00:00,ZONE_M03,15.9,46.8,-20.5,524.0,770.0,15.0,90.0,RUNNING
2024-02-04 02:00:00,ZONE_B01,15.4,40.9,-20.4,462.0,770.0,15.0,90.0,RUNNING
2024-02-04 02:00:00,ZONE_B02,15.9,41.1,-16.3,489.0,770.0,15.0,90.0,RUNNING
2024-02-04 03:00:00,ZONE_M01,15.5,41.9,-19.6,489.0,770.0,15.0,90.0,RUNNING
2024-02-04 03:00:00,ZONE_M02,15.6,41.3,-16.2,544.0,770.0,15.0,90.0,RUNNING
2024-02-04 03:00:00,ZONE_M03,15.9,36.1,-18.0,507.0,770.0,15.0,90.0,RUNNING
2024-02-04 03:00:00,ZONE_B01,16.2,45.8,-18.7,522.0,770.0,15.0,90.0,RUNNING
2024-02-04 03:00:00,ZONE_B02,16.2,40.3,-20.5,435.0,770.0,15.0,90.0,RUNNING
2024-02-04 04:00:00,ZONE_M01,15.7,45.9,-17.0,473.0,770.0,15.0,90.0,RUNNING
2024-02-04 04:00:00,ZONE_M02,16.8,30.7,-16.0,485.0,770.0,15.0,90.0,RUNNING
2024-02-04 04:00:00,ZONE_M03,15.4,41.9,-15.1,466.0,770.0,15.0,90.0,RUNNING
2024-02-04 04:00:00,ZONE_B01,16.2,40.1,-18.3,459.0,770.0,15.0,90.0,RUNNING
2024-02-04 04:00:00,ZONE_B02,15.2,38.8,-17.7,475.0,770.0,15.0,90.0,RUNNING
2024-02-04 05:00:00,ZONE_M01,16.1,41.8,-17.4,429.0,770.0,15.0,90.0,RUNNING
2024-02-04 05:00:00,ZONE_M02,16.1,45.3,-17.7,497.0,770.0,15.0,90.0,RUNNING
2024-02-04 05:00:00,ZONE_M03,15.5,42.1,-18.8,483.0,770.0,15.0,90.0,RUNNING
2024-02-04 05:00:00,ZONE_B01,16.1,41.8,-17.2,422.0,770.0,15.0,90.0,RUNNING
2024-02-04 05:00:00,ZONE_B02,15.1,40.8,-15.3,437.0,770.0,15.0,90.0,RUNNING
2024-02-04 06:00:00,ZONE_M01,20.1,49.2,-21.5,613.0,770.0,15.0,90.0,RUNNING
2024-02-04 06:00:00,ZONE_M02,20.3,55.6,-19.0,663.0,770.0,15.0,90.0,RUNNING
2024-02-04 06:00:00,ZONE_M03,20.2,50.9,-19.4,578.0,770.0,15.0,90.0,RUNNING
2024-02-04 06:00:00,ZONE_B01,20.1,59.1,-19.5,689.0,770.0,15.0,90.0,RUNNING
2024-02-04 06:00:00,ZONE_B02,19.5,56.4,-15.6,746.0,770.0,15.0,90.0,RUNNING
2024-02-04 07:00:00,ZONE_M01,19.5,60.0,-21.3,802.0,770.0,15.0,90.0,RUNNING
2024-02-04 07:00:00,ZONE_M02,20.4,60.0,-19.7,779.0,770.0,15.0,90.0,RUNNING
2024-02-04 07:00:00,ZONE_M03,20.3,55.7,-18.1,672.0,770.0,15.0,90.0,RUNNING
2024-02-04 07:00:00,ZONE_B01,19.4,59.4,-19.8,789.0,770.0,15.0,90.0,RUNNING
2024-02-04 07:00:00,ZONE_B02,20.3,48.2,-17.7,627.0,770.0,15.0,90.0,RUNNING
2024-02-04 08:00:00,ZONE_M01,19.8,52.8,-20.1,690.0,770.0,15.0,90.0,RUNNING
2024-02-04 08:00:00,ZONE_M02,19.9,58.9,-17.5,799.0,770.0,15.0,90.0,RUNNING
2024-02-04 08:00:00,ZONE_M03,19.8,57.7,-20.4,736.0,770.0,15.0,90.0,RUNNING
2024-02-04 08:00:00,ZONE_B01,19.6,53.9,-19.6,772.0,770.0,15.0,90.0,RUNNING
2024-02-04 08:00:00,ZONE_B02,20.6,60.0,-20.8,913.0,770.0,15.0,90.0,RUNNING
2024-02-04 09:00:00,ZONE_M01,20.3,60.0,-19.0,791.0,770.0,15.0,90.0,RUNNING
2024-02-04 09:00:00,ZONE_M02,20.9,60.0,-19.6,871.0,770.0,15.0,90.0,RUNNING
2024-02-04 09:00:00,ZONE_M03,19.8,57.8,-18.8,792.0,770.0,15.0,90.0,RUNNING
2024-02-04 09:00:00,ZONE_B01,19.4,60.0,-19.0,845.0,770.0,15.0,90.0,RUNNING
2024-02-04 09:00:00,ZONE_B02,20.0,52.7,-19.7,670.0,770.0,15.0,90.0,RUNNING
2024-02-04 10:00:00,ZONE_M01,20.7,51.9,-19.2,715.0,770.0,15.0,90.0,RUNNING
2024-02-04 10:00:00,ZONE_M02,19.6,52.8,-16.5,672.0,770.0,15.0,90.0,RUNNING
2024-02-04 10:00:00,ZONE_M03,19.7,56.0,-19.8,712.0,770.0,15.0,90.0,RUNNING
2024-02-04 10:00:00,ZONE_B01,20.2,58.1,-18.6,659.0,770.0,15.0,90.0,RUNNING
2024-02-04 10:00:00,ZONE_B02,20.5,54.9,-19.0,660.0,770.0,15.0,90.0,RUNNING
2024-02-04 11:00:00,ZONE_M01,20.2,55.1,-19.8,683.0,770.0,15.0,90.0,RUNNING
2024-02-04 11:00:00,ZONE_M02,20.3,57.5,-18.7,712.0,770.0,15.0,90.0,RUNNING
2024-02-04 11:00:00,ZONE_M03,19.3,58.6,-21.1,740.0,770.0,15.0,90.0,RUNNING
2024-02-04 11:00:00,ZONE_B01,20.1,58.7,-15.4,779.0,770.0,15.0,90.0,RUNNING
2024-02-04 11:00:00,ZONE_B02,19.0,55.2,-18.6,662.0,770.0,15.0,90.0,RUNNING
2024-02-04 12:00:00,ZONE_M01,20.7,52.4,-18.7,749.0,770.0,15.0,90.0,RUNNING
2024-02-04 12:00:00,ZONE_M02,19.5,60.0,-17.2,785.0,770.0,15.0,90.0,RUNNING
2024-02-04 12:00:00,ZONE_M03,20.7,58.0,-16.9,718.0,770.0,15.0,90.0,RUNNING
2024-02-04 12:00:00,ZONE_B01,19.9,52.6,-17.0,627.0,770.0,15.0,90.0,RUNNING
2024-02-04 12:00:00,ZONE_B02,20.0,42.6,-18.8,545.0,770.0,15.0,90.0,RUNNING
2024-02-04 13:00:00,ZONE_M01,18.9,60.0,-16.1,896.0,770.0,15.0,90.0,RUNNING
2024-02-04 13:00:00,ZONE_M02,19.8,58.7,-19.7,700.0,770.0,15.0,90.0,RUNNING
2024-02-04 13:00:00,ZONE_M03,19.6,52.0,-15.8,724.0,770.0,15.0,90.0,RUNNING
2024-02-04 13:00:00,ZONE_B01,20.1,60.0,-21.5,812.0,770.0,15.0,90.0,RUNNING
2024-02-04 13:00:00,ZONE_B02,20.5,58.0,-18.8,737.0,770.0,15.0,90.0,RUNNING
2024-02-04 14:00:00,ZONE_M01,20.0,59.2,-17.7,734.0,770.0,15.0,90.0,RUNNING
2024-02-04 14:00:00,ZONE_M02,19.3,60.0,-15.5,813.0,770.0,15.0,90.0,RUNNING
2024-02-04 14:00:00,ZONE_M03,20.2,60.0,-21.1,892.0,770.0,15.0,90.0,RUNNING
2024-02-04 14:00:00,ZONE_B01,19.5,55.5,-18.9,718.0,770.0,15.0,90.0,RUNNING
2024-02-04 14:00:00,ZONE_B02,20.0,60.0,-16.7,782.0,770.0,15.0,90.0,RUNNING
2024-02-04 15:00:00,ZONE_M01,19.7,44.8,-19.5,621.0,770.0,15.0,90.0,RUNNING
2024-02-04 15:00:00,ZONE_M02,20.4,60.0,-16.8,739.0,770.0,15.0,90.0,RUNNING
2024-02-04 15:00:00,ZONE_M03,20.6,60.0,-15.0,908.0,770.0,15.0,90.0,RUNNING
2024-02-04 15:00:00,ZONE_B01,20.3,60.0,-18.5,877.0,770.0,15.0,90.0,RUNNING
2024-02-04 15:00:00,ZONE_B02,19.7,57.1,-20.3,755.0,770.0,15.0,90.0,RUNNING
2024-02-04 16:00:00,ZONE_M01,19.6,60.0,-20.1,762.0,770.0,15.0,90.0,RUNNING
2024-02-04 16:00:00,ZONE_M02,19.5,60.0,-21.8,850.0,770.0,15.0,90.0,RUNNING
2024-02-04 16:00:00,ZONE_M03,19.5,60.0,-20.9,806.0,770.0,15.0,90.0,RUNNING
2024-02-04 16:00:00,ZONE_B01,20.5,60.0,-18.0,925.0,770.0,15.0,90.0,RUNNING
2024-02-04 16:00:00,ZONE_B02,20.3,60.0,-17.5,721.0,770.0,15.0,90.0,RUNNING
2024-02-04 17:00:00,ZONE_M01,18.8,56.3,-15.8,769.0,770.0,15.0,90.0,RUNNING
2024-02-04 17:00:00,ZONE_M02,19.9,60.0,-17.4,843.0,770.0,15.0,90.0,RUNNING
2024-02-04 17:00:00,ZONE_M03,19.1,60.0,-16.9,721.0,770.0,15.0,90.0,RUNNING
2024-02-04 17:00:00,ZONE_B01,20.1,60.0,-17.9,826.0,770.0,15.0,90.0,RUNNING
2024-02-04 17:00:00,ZONE_B02,20.0,60.0,-19.6,767.0,770.0,15.0,90.0,RUNNING
2024-02-04 18:00:00,ZONE_M01,20.3,59.9,-16.2,809.0,770.0,15.0,90.0,RUNNING
2024-02-04 18:00:00,ZONE_M02,19.7,57.1,-20.6,771.0,770.0,15.0,90.0,RUNNING
2024-02-04 18:00:00,ZONE_M03,19.3,60.0,-18.0,818.0,770.0,15.0,90.0,RUNNING
2024-02-04 18:00:00,ZONE_B01,19.6,52.7,-18.7,730.0,770.0,15.0,90.0,RUNNING
2024-02-04 18:00:00,ZONE_B02,20.4,55.4,-17.9,699.0,770.0,15.0,90.0,RUNNING
2024-02-04 19:00:00,ZONE_M01,20.8,60.0,-22.3,874.0,770.0,15.0,90.0,RUNNING
2024-02-04 19:00:00,ZONE_M02,20.0,53.8,-17.6,687.0,770.0,15.0,90.0,RUNNING
2024-02-04 19:00:00,ZONE_M03,20.3,60.0,-22.4,843.0,770.0,15.0,90.0,RUNNING
2024-02-04 19:00:00,ZONE_B01,20.5,53.6,-19.3,710.0,770.0,15.0,90.0,RUNNING
2024-02-04 19:00:00,ZONE_B02,20.0,60.0,-18.5,795.0,770.0,15.0,90.0,RUNNING
2024-02-04 20:00:00,ZONE_M01,20.5,60.0,-18.5,761.0,770.0,15.0,90.0,RUNNING
2024-02-04 20:00:00,ZONE_M02,19.8,53.0,-19.5,664.0,770.0,15.0,90.0,RUNNING
2024-02-04 20:00:00,ZONE_M03,19.4,57.6,-22.6,704.0,770.0,15.0,90.0,RUNNING
2024-02-04 20:00:00,ZONE_B01,20.0,42.5,-19.0,593.0,770.0,15.0,90.0,RUNNING
2024-02-04 20:00:00,ZONE_B02,21.2,58.6,-18.9,788.0,770.0,15.0,90.0,RUNNING
2024-02-04 21:00:00,ZONE_M01,19.4,55.4,-21.2,759.0,770.0,15.0,90.0,RUNNING
2024-02-04 21:00:00,ZONE_M02,19.4,40.4,-18.1,552.0,770.0,15.0,90.0,RUNNING
2024-02-04 21:00:00,ZONE_M03,20.1,60.0,-20.1,857.0,770.0,15.0,90.0,RUNNING
2024-02-04 21:00:00,ZONE_B01,19.3,51.2,-14.5,717.0,770.0,15.0,90.0,RUNNING
2024-02-04 21:00:00,ZONE_B02,20.4,60.0,-18.6,729.0,770.0,15.0,90.0,RUNNING
2024-02-04 22:00:00,ZONE_M01,19.8,55.7,-21.5,738.0,770.0,15.0,90.0,RUNNING
2024-02-04 22:00:00,ZONE_M02,20.2,54.8,-20.5,774.0,770.0,15.0,90.0,RUNNING
2024-02-04 22:00:00,ZONE_M03,20.2,49.9,-22.0,673.0,770.0,15.0,90.0,RUNNING
2024-02-04 22:00:00,ZONE_B01,20.0,49.3,-19.0,642.0,770.0,15.0,90.0,RUNNING
2024-02-04 22:00:00,ZONE_B02,20.1,60.0,-21.2,710.0,770.0,15.0,90.0,RUNNING
2024-02-04 23:00:00,ZONE_M01,16.2,40.9,-19.1,506.0,770.0,15.0,90.0,RUNNING
2024-02-04 23:00:00,ZONE_M02,15.7,40.6,-17.9,445.0,770.0,15.0,90.0,RUNNING
2024-02-04 23:00:00,ZONE_M03,16.1,45.0,-18.4,471.0,770.0,15.0,90.0,RUNNING
2024-02-04 23:00:00,ZONE_B01,15.7,42.2,-19.4,498.0,770.0,15.0,90.0,RUNNING
2024-02-04 23:00:00,ZONE_B02,16.5,40.5,-15.8,548.0,770.0,15.0,90.0,RUNNING
2024-02-05 00:00:00,ZONE_M01,17.3,44.0,-19.7,494.0,770.0,15.0,90.0,RUNNING
2024-02-05 00:00:00,ZONE_M02,16.7,41.5,-23.2,524.0,770.0,15.0,90.0,RUNNING
2024-02-05 00:00:00,ZONE_M03,16.3,43.9,-19.8,483.0,770.0,15.0,90.0,RUNNING
2024-02-05 00:00:00,ZONE_B01,15.9,35.9,-16.3,408.0,770.0,15.0,90.0,RUNNING
2024-02-05 00:00:00,ZONE_B02,15.8,37.1,-17.8,458.0,770.0,15.0,90.0,RUNNING
2024-02-05 01:00:00,ZONE_M01,16.7,41.1,-19.8,442.0,770.0,15.0,90.0,RUNNING
2024-02-05 01:00:00,ZONE_M02,16.4,40.3,-14.8,496.0,770.0,15.0,90.0,RUNNING
2024-02-05 01:00:00,ZONE_M03,15.1,38.8,-18.5,502.0,770.0,15.0,90.0,RUNNING
2024-02-05 01:00:00,ZONE_B01,15.8,41.1,-21.5,477.0,770.0,15.0,90.0,RUNNING
2024-02-05 01:00:00,ZONE_B02,16.0,42.7,-17.5,483.0,770.0,15.0,90.0,RUNNING
2024-02-05 02:00:00,ZONE_M01,16.1,41.7,-14.5,477.0,770.0,15.0,90.0,RUNNING
2024-02-05 02:00:00,ZONE_M02,16.1,36.1,-22.1,448.0,770.0,15.0,90.0,RUNNING
2024-02-05 02:00:00,ZONE_M03,15.3,45.3,-15.9,472.0,770.0,15.0,90.0,RUNNING
2024-02-05 02:00:00,ZONE_B01,15.9,43.6,-20.2,506.0,770.0,15.0,90.0,RUNNING
2024-02-05 02:00:00,ZONE_B02,15.6,42.5,-13.4,522.0,770.0,15.0,90.0,RUNNING
2024-02-05 03:00:00,ZONE_M01,15.9,40.3,-20.9,436.0,770.0,15.0,90.0,RUNNING
2024-02-05 03:00:00,ZONE_M02,16.4,35.4,-21.0,478.0,770.0,15.0,90.0,RUNNING
2024-02-05 03:00:00,ZONE_M03,14.7,38.4,-24.3,470.0,770.0,15.0,90.0,RUNNING
2024-02-05 03:00:00,ZONE_B01,15.7,42.4,-19.2,500.0,770.0,15.0,90.0,RUNNING
2024-02-05 03:00:00,ZONE_B02,16.1,41.0,-20.0,497.0,770.0,15.0,90.0,RUNNING
2024-02-05 04:00:00,ZONE_M01,16.3,45.4,-17.7,483.0,770.0,15.0,90.0,RUNNING
2024-02-05 04:00:00,ZONE_M02,15.8,45.8,-20.7,551.0,770.0,15.0,90.0,RUNNING
2024-02-05 04:00:00,ZONE_M03,15.7,43.3,-16.9,476.0,770.0,15.0,90.0,RUNNING
2024-02-05 04:00:00,ZONE_B01,15.2,41.5,-19.7,536.0,770.0,15.0,90.0,RUNNING
2024-02-05 04:00:00,ZONE_B02,16.3,36.1,-19.7,467.0,770.0,15.0,90.0,RUNNING
2024-02-05 05:00:00,ZONE_M01,16.1,40.5,-20.8,436.0,770.0,15.0,90.0,RUNNING
2024-02-05 05:00:00,ZONE_M02,15.8,45.8,-20.5,510.0,770.0,15.0,90.0,RUNNING
2024-02-05 05:00:00,ZONE_M03,16.3,41.8,-18.1,465.0,770.0,15.0,90.0,RUNNING
2024-02-05 05:00:00,ZONE_B01,15.8,41.7,-18.8,530.0,770.0,15.0,90.0,RUNNING
2024-02-05 05:00:00,ZONE_B02,15.4,39.9,-18.2,498.0,770.0,15.0,90.0,RUNNING
2024-02-05 06:00:00,ZONE_M01,20.2,60.0,-17.6,824.0,770.0,15.0,90.0,RUNNING
2024-02-05 06:00:00,ZONE_M02,20.3,58.5,-20.5,807.0,770.0,15.0,90.0,RUNNING
2024-02-05 06:00:00,ZONE_M03,19.9,60.0,-16.2,822.0,770.0,15.0,90.0,RUNNING
2024-02-05 06:00:00,ZONE_B01,20.8,53.3,-19.7,704.0,770.0,15.0,90.0,RUNNING
2024-02-05 06:00:00,ZONE_B02,21.0,60.0,-22.3,992.0,770.0,15.0,90.0,RUNNING
2024-02-05 07:00:00,ZONE_M01,20.4,51.2,-16.3,702.0,770.0,15.0,90.0,RUNNING
2024-02-05 07:00:00,ZONE_M02,20.1,57.8,-17.5,765.0,770.0,15.0,90.0,RUNNING
2024-02-05 07:00:00,ZONE_M03,20.0,51.7,-17.4,658.0,770.0,15.0,90.0,RUNNING
2024-02-05 07:00:00,ZONE_B01,20.2,56.2,-14.0,659.0,770.0,15.0,90.0,RUNNING
2024-02-05 07:00:00,ZONE_B02,19.9,49.3,-20.1,603.0,770.0,15.0,90.0,RUNNING
2024-02-05 08:00:00,ZONE_M01,20.1,54.8,-18.9,679.0,770.0,15.0,90.0,RUNNING
2024-02-05 08:00:00,ZONE_M02,20.5,56.6,-13.8,751.0,770.0,15.0,90.0,RUNNING
2024-02-05 08:00:00,ZONE_M03,19.7,60.0,-19.3,822.0,770.0,15.0,90.0,RUNNING
2024-02-05 08:00:00,ZONE_B01,18.9,50.2,-16.5,593.0,770.0,15.0,90.0,RUNNING
2024-02-05 08:00:00,ZONE_B02,19.4,57.2,-17.6,743.0,770.0,15.0,90.0,RUNNING
2024-02-05 09:00:00,ZONE_M01,19.8,51.1,-20.2,656.0,770.0,15.0,90.0,RUNNING
2024-02-05 09:00:00,ZONE_M02,19.8,57.1,-19.5,746.0,770.0,15.0,90.0,RUNNING
2024-02-05 09:00:00,ZONE_M03,20.1,60.0,-18.6,859.0,770.0,15.0,90.0,RUNNING
2024-02-05 09:00:00,ZONE_B01,20.5,60.0,-19.4,718.0,770.0,15.0,90.0,RUNNING
2024-02-05 09:00:00,ZONE_B02,19.3,57.9,-17.1,693.0,770.0,15.0,90.0,RUNNING
2024-02-05 10:00:00,ZONE_M01,20.0,46.7,-17.4,638.0,770.0,15.0,90.0,RUNNING
2024-02-05 10:00:00,ZONE_M02,20.2,60.0,-19.3,839.0,770.0,15.0,90.0,RUNNING
2024-02-05 10:00:00,ZONE_M03,20.1,60.0,-18.9,799.0,770.0,15.0,90.0,RUNNING
2024-02-05 10:00:00,ZONE_B01,20.1,60.0,-17.3,793.0,770.0,15.0,90.0,RUNNING
2024-02-05 10:00:00,ZONE_B02,19.3,39.4,-17.9,432.0,770.0,15.0,90.0,RUNNING
2024-02-05 11:00:00,ZONE_M01,20.1,60.0,-22.0,731.0,770.0,15.0,90.0,RUNNING
2024-02-05 11:00:00,ZONE_M02,19.8,58.2,-16.1,789.0,770.0,15.0,90.0,RUNNING
2024-02-05 11:00:00,ZONE_M03,20.1,60.0,-17.7,813.0,770.0,15.0,90.0,RUNNING
2024-02-05 11:00:00,ZONE_B01,19.8,60.0,-17.0,844.0,770.0,15.0,90.0,RUNNING
2024-02-05 11:00:00,ZONE_B02,19.6,60.0,-19.0,741.0,770.0,15.0,90.0,RUNNING
2024-02-05 12:00:00,ZONE_M01,20.1,60.0,-20.8,811.0,770.0,15.0,90.0,RUNNING
2024-02-05 12:00:00,ZONE_M02,21.0,50.0,-19.1,648.0,770.0,15.0,90.0,RUNNING
2024-02-05 12:00:00,ZONE_M03,20.8,60.0,-18.1,909.0,770.0,15.0,90.0,RUNNING
2024-02-05 12:00:00,ZONE_B01,21.1,47.3,-18.4,592.0,770.0,15.0,90.0,RUNNING
2024-02-05 12:00:00,ZONE_B02,20.5,55.0,-18.4,784.0,770.0,15.0,90.0,RUNNING
2024-02-05 13:00:00,ZONE_M01,20.7,60.0,-18.0,944.0,770.0,15.0,90.0,RUNNING
2024-02-05 13:00:00,ZONE_M02,20.4,50.2,-19.0,635.0,770.0,15.0,90.0,RUNNING
2024-02-05 13:00:00,ZONE_M03,20.6,55.0,-17.8,689.0,770.0,15.0,90.0,RUNNING
2024-02-05 13:00:00,ZONE_B01,19.6,60.0,-18.6,834.0,770.0,15.0,90.0,RUNNING
2024-02-05 13:00:00,ZONE_B02,20.1,54.3,-17.1,586.0,770.0,15.0,90.0,RUNNING
2024-02-05 14:00:00,ZONE_M01,20.2,60.0,-16.6,914.0,770.0,15.0,90.0,RUNNING
2024-02-05 14:00:00,ZONE_M02,18.9,45.8,-18.8,569.0,770.0,15.0,90.0,RUNNING
2024-02-05 14:00:00,ZONE_M03,19.6,51.4,-19.9,678.0,770.0,15.0,90.0,RUNNING
2024-02-05 14:00:00,ZONE_B01,20.0,51.2,-19.0,601.0,770.0,15.0,90.0,RUNNING
2024-02-05 14:00:00,ZONE_B02,21.4,60.0,-18.6,797.0,770.0,15.0,90.0,RUNNING
2024-02-05 15:00:00,ZONE_M01,20.4,49.2,-18.0,650.0,770.0,15.0,90.0,RUNNING
2024-02-05 15:00:00,ZONE_M02,20.0,50.5,-19.5,680.0,770.0,15.0,90.0,RUNNING
2024-02-05 15:00:00,ZONE_M03,19.8,60.0,-18.8,727.0,770.0,15.0,90.0,RUNNING
2024-02-05 15:00:00,ZONE_B01,19.4,59.3,-20.3,806.0,770.0,15.0,90.0,RUNNING
2024-02-05 15:00:00,ZONE_B02,20.5,55.6,-16.8,687.0,770.0,15.0,90.0,RUNNING
2024-02-05 16:00:00,ZONE_M01,20.6,60.0,-18.3,938.0,770.0,15.0,90.0,RUNNING
2024-02-05 16:00:00,ZONE_M02,19.5,45.3,-16.8,592.0,770.0,15.0,90.0,RUNNING
2024-02-05 16:00:00,ZONE_M03,20.2,53.7,-21.0,692.0,770.0,15.0,90.0,RUNNING
2024-02-05 16:00:00,ZONE_B01,19.9,60.0,-17.9,742.0,770.0,15.0,90.0,RUNNING
2024-02-05 16:00:00,ZONE_B02,20.8,60.0,-17.7,773.0,770.0,15.0,90.0,RUNNING
2024-02-05 17:00:00,ZONE_M01,20.2,52.0,-22.6,629.0,770.0,15.0,90.0,RUNNING
2024-02-05 17:00:00,ZONE_M02,19.2,52.1,-20.6,712.0,770.0,15.0,90.0,RUNNING
2024-02-05 17:00:00,ZONE_M03,20.0,60.0,-21.8,846.0,770.0,15.0,90.0,RUNNING
2024-02-05 17:00:00,ZONE_B01,20.6,51.8,-18.9,681.0,770.0,15.0,90.0,RUNNING
2024-02-05 17:00:00,ZONE_B02,19.4,56.7,-16.8,709.0,770.0,15.0,90.0,RUNNING
2024-02-05 18:00:00,ZONE_M01,19.7,55.9,-20.8,730.0,770.0,15.0,90.0,RUNNING
2024-02-05 18:00:00,ZONE_M02,19.7,60.0,-19.4,838.0,770.0,15.0,90.0,RUNNING
2024-02-05 18:00:00,ZONE_M03,20.4,60.0,-16.7,810.0,770.0,15.0,90.0,RUNNING
2024-02-05 18:00:00,ZONE_B01,20.3,56.4,-17.6,701.0,770.0,15.0,90.0,RUNNING
2024-02-05 18:00:00,ZONE_B02,20.9,60.0,-11.4,761.0,770.0,15.0,90.0,RUNNING
2024-02-05 19:00:00,ZONE_M01,20.3,53.4,-19.4,629.0,770.0,15.0,90.0,RUNNING
2024-02-05 19:00:00,ZONE_M02,20.4,56.9,-19.7,651.0,770.0,15.0,90.0,RUNNING
2024-02-05 19:00:00,ZONE_M03,20.4,58.5,-20.6,754.0,770.0,15.0,90.0,RUNNING
2024-02-05 19:00:00,ZONE_B01,20.5,60.0,-23.4,696.0,770.0,15.0,90.0,RUNNING
2024-02-05 19:00:00,ZONE_B02,20.4,56.6,-19.7,677.0,770.0,15.0,90.0,RUNNING
2024-02-05 20:00:00,ZONE_M01,19.8,60.0,-23.1,792.0,770.0,15.0,90.0,RUNNING
2024-02-05 20:00:00,ZONE_M02,20.0,58.8,-16.1,791.0,770.0,15.0,90.0,RUNNING
2024-02-05 20:00:00,ZONE_M03,20.3,60.0,-19.6,824.0,770.0,15.0,90.0,RUNNING
2024-02-05 20:00:00,ZONE_B01,20.2,60.0,-18.6,879.0,770.0,15.0,90.0,RUNNING
2024-02-05 20:00:00,ZONE_B02,20.1,51.2,-15.8,734.0,770.0,15.0,90.0,RUNNING
2024-02-05 21:00:00,ZONE_M01,19.6,56.3,-20.0,760.0,770.0,15.0,90.0,RUNNING
2024-02-05 21:00:00,ZONE_M02,20.1,55.5,-18.6,665.0,770.0,15.0,90.0,RUNNING
2024-02-05 21:00:00,ZONE_M03,19.4,48.4,-17.5,550.0,770.0,15.0,90.0,RUNNING
2024-02-05 21:00:00,ZONE_B01,19.5,54.0,-17.8,681.0,770.0,15.0,90.0,RUNNING
2024-02-05 21:00:00,ZONE_B02,20.2,60.0,-16.3,771.0,770.0,15.0,90.0,RUNNING
2024-02-05 22:00:00,ZONE_M01,20.4,46.8,-21.2,594.0,770.0,15.0,90.0,RUNNING
2024-02-05 22:00:00,ZONE_M02,19.7,51.6,-18.9,681.0,770.0,15.0,90.0,RUNNING
2024-02-05 22:00:00,ZONE_M03,19.0,54.5,-16.3,640.0,770.0,15.0,90.0,RUNNING
2024-02-05 22:00:00,ZONE_B01,20.6,58.2,-19.2,834.0,770.0,15.0,90.0,RUNNING
2024-02-05 22:00:00,ZONE_B02,20.1,51.8,-22.5,707.0,770.0,15.0,90.0,RUNNING
2024-02-05 23:00:00,ZONE_M01,16.0,38.9,-19.5,488.0,770.0,15.0,90.0,RUNNING
2024-02-05 23:00:00,ZONE_M02,16.7,37.7,-19.7,463.0,770.0,15.0,90.0,RUNNING
2024-02-05 23:00:00,ZONE_M03,15.9,37.9,-17.0,446.0,770.0,15.0,90.0,RUNNING
2024-02-05 23:00:00,ZONE_B01,16.0,43.2,-18.9,476.0,770.0,15.0,90.0,RUNNING
2024-02-05 23:00:00,ZONE_B02,16.1,46.4,-18.2,493.0,770.0,15.0,90.0,RUNNING
2024-02-06 00:00:00,ZONE_M01,16.5,40.6,-21.4,458.0,770.0,15.0,90.0,RUNNING
2024-02-06 00:00:00,ZONE_M02,16.1,42.4,-20.0,452.0,770.0,15.0,90.0,RUNNING
2024-02-06 00:00:00,ZONE_M03,15.8,43.5,-19.4,505.0,770.0,15.0,90.0,RUNNING
2024-02-06 00:00:00,ZONE_B01,15.7,45.0,-21.3,524.0,770.0,15.0,90.0,RUNNING
2024-02-06 00:00:00,ZONE_B02,16.6,44.2,-19.8,535.0,770.0,15.0,90.0,RUNNING
2024-02-06 01:00:00,ZONE_M01,16.0,43.4,-20.5,543.0,770.0,15.0,90.0,RUNNING
2024-02-06 01:00:00,ZONE_M02,15.4,34.8,-19.6,456.0,770.0,15.0,90.0,RUNNING
2024-02-06 01:00:00,ZONE_M03,15.8,43.4,-15.0,513.0,770.0,15.0,90.0,RUNNING
2024-02-06 01:00:00,ZONE_B01,15.6,33.9,-21.8,454.0,770.0,15.0,90.0,RUNNING
2024-02-06 01:00:00,ZONE_B02,15.9,38.4,-18.6,436.0,770.0,15.0,90.0,RUNNING
2024-02-06 02:00:00,ZONE_M01,15.4,42.1,-17.3,430.0,770.0,15.0,90.0,RUNNING
2024-02-06 02:00:00,ZONE_M02,16.5,43.4,-23.2,565.0,770.0,15.0,90.0,RUNNING
2024-02-06 02:00:00,ZONE_M03,15.7,41.1,-21.1,485.0,770.0,15.0,90.0,RUNNING
2024-02-06 02:00:00,ZONE_B01,16.1,36.6,-19.1,446.0,770.0,15.0,90.0,RUNNING
2024-02-06 02:00:00,ZONE_B02,15.6,37.8,-18.4,485.0,770.0,15.0,90.0,RUNNING
2024-02-06 03:00:00,ZONE_M01,15.9,32.7,-19.4,435.0,770.0,15.0,90.0,RUNNING
2024-02-06 03:00:00,ZONE_M02,15.3,48.7,-14.8,558.0,770.0,15.0,90.0,RUNNING
2024-02-06 03:00:00,ZONE_M03,16.5,40.8,-21.4,472.0,770.0,15.0,90.0,RUNNING
2024-02-06 03:00:00,ZONE_B01,16.3,35.4,-19.6,417.0,770.0,15.0,90.0,RUNNING
2024-02-06 03:00:00,ZONE_B02,16.8,35.1,-16.9,397.0,770.0,15.0,90.0,RUNNING
2024-02-06 04:00:00,ZONE_M01,16.0,43.5,-22.6,440.0,770.0,15.0,90.0,RUNNING
2024-02-06 04:00:00,ZONE_M02,15.7,37.4,-19.4,420.0,770.0,15.0,90.0,RUNNING
2024-02-06 04:00:00,ZONE_M03,16.2,42.5,-18.8,449.0,770.0,15.0,90.0,RUNNING
2024-02-06 04:00:00,ZONE_B01,15.8,43.1,-19.8,512.0,770.0,15.0,90.0,RUNNING
2024-02-06 04:00:00,ZONE_B02,15.6,41.7,-15.2,456.0,770.0,15.0,90.0,RUNNING
2024-02-06 05:00:00,ZONE_M01,16.6,40.0,-19.1,433.0,770.0,15.0,90.0,RUNNING
2024-02-06 05:00:00,ZONE_M02,17.4,46.4,-20.9,500.0,770.0,15.0,90.0,RUNNING
2024-02-06 05:00:00,ZONE_M03,15.5,36.6,-18.5,510.0,770.0,15.0,90.0,RUNNING
2024-02-06 05:00:00,ZONE_B01,16.4,40.7,-19.0,473.0,770.0,15.0,90.0,RUNNING
2024-02-06 05:00:00,ZONE_B02,15.7,43.7,-17.9,508.0,770.0,15.0,90.0,RUNNING
2024-02-06 06:00:00,ZONE_M01,20.0,60.0,-19.2,743.0,770.0,15.0,90.0,RUNNING
2024-02-06 06:00:00,ZONE_M02,20.4,56.6,-20.0,759.0,770.0,15.0,90.0,RUNNING
2024-02-06 06:00:00,ZONE_M03,20.0,56.6,-16.4,694.0,770.0,15.0,90.0,RUNNING
2024-02-06 06:00:00,ZONE_B01,20.1,58.7,-17.1,784.0,770.0,15.0,90.0,RUNNING
2024-02-06 06:00:00,ZONE_B02,19.8,49.5,-21.4,721.0,770.0,15.0,90.0,RUNNING
2024-02-06 07:00:00,ZONE_M01,19.8,54.5,-19.9,642.0,770.0,15.0,90.0,RUNNING
2024-02-06 07:00:00,ZONE_M02,20.3,60.0,-18.3,785.0,770.0,15.0,90.0,RUNNING
2024-02-06 07:00:00,ZONE_M03,20.5,53.6,-21.6,688.0,770.0,15.0,90.0,RUNNING
2024-02-06 07:00:00,ZONE_B01,19.8,49.6,-19.1,604.0,770.0,15.0,90.0,RUNNING
2024-02-06 07:00:00,ZONE_B02,20.2,55.6,-18.2,685.0,770.0,15.0,90.0,RUNNING
2024-02-06 08:00:00,ZONE_M01,20.5,49.7,-18.4,664.0,770.0,15.0,90.0,RUNNING
2024-02-06 08:00:00,ZONE_M02,19.7,60.0,-17.2,842.0,770.0,15.0,90.0,RUNNING
2024-02-06 08:00:00,ZONE_M03,19.7,49.8,-18.9,644.0,770.0,15.0,90.0,RUNNING
2024-02-06 08:00:00,ZONE_B01,19.9,55.2,-19.4,702.0,770.0,15.0,90.0,RUNNING
2024-02-06 08:00:00,ZONE_B02,19.3,54.4,-20.4,654.0,770.0,15.0,90.0,RUNNING
2024-02-06 09:00:00,ZONE_M01,19.7,51.7,-19.3,658.0,770.0,15.0,90.0,RUNNING
2024-02-06 09:00:00,ZONE_M02,20.4,55.9,-19.5,721.0,770.0,15.0,90.0,RUNNING
2024-02-06 09:00:00,ZONE_M03,20.1,57.0,-17.1,798.0,770.0,15.0,90.0,RUNNING
2024-02-06 09:00:00,ZONE_B01,19.4,58.8,-18.5,673.0,770.0,15.0,90.0,RUNNING
2024-02-06 09:00:00,ZONE_B02,19.7,60.0,-14.8,800.0,770.0,15.0,90.0,RUNNING
2024-02-06 10:00:00,ZONE_M01,19.4,49.3,-16.9,678.0,770.0,15.0,90.0,RUNNING
2024-02-06 10:00:00,ZONE_M02,19.7,58.1,-18.7,764.0,770.0,15.0,90.0,RUNNING
2024-02-06 10:00:00,ZONE_M03,20.2,59.6,-16.3,712.0,770.0,15.0,90.0,RUNNING
2024-02-06 10:00:00,ZONE_B01,20.2,52.0,-19.9,717.0,770.0,15.0,90.0,RUNNING
2024-02-06 10:00:00,ZONE_B02,20.7,60.0,-18.5,889.0,770.0,15.0,90.0,RUNNING
2024-02-06 11:00:00,ZONE_M01,19.3,45.6,-15.4,629.0,770.0,15.0,90.0,RUNNING
2024-02-06 11:00:00,ZONE_M02,20.0,60.0,-15.2,858.0,770.0,15.0,90.0,RUNNING
2024-02-06 11:00:00,ZONE_M03,19.3,46.5,-20.0,608.0,770.0,15.0,90.0,RUNNING
2024-02-06 11:00:00,ZONE_B01,19.6,60.0,-15.5,833.0,770.0,15.0,90.0,RUNNING
2024-02-06 11:00:00,ZONE_B02,19.0,56.5,-21.7,694.0,770.0,15.0,90.0,RUNNING
2024-02-06 12:00:00,ZONE_M01,20.6,60.0,-18.9,869.0,770.0,15.0,90.0,RUNNING
2024-02-06 12:00:00,ZONE_M02,20.7,55.8,-19.0,700.0,770.0,15.0,90.0,RUNNING
2024-02-06 12:00:00,ZONE_M03,19.9,60.0,-22.7,795.0,770.0,15.0,90.0,RUNNING
2024-02-06 12:00:00,ZONE_B01,20.9,56.9,-19.5,782.0,770.0,15.0,90.0,RUNNING
2024-02-06 12:00:00,ZONE_B02,20.5,59.6,-19.3,703.0,770.0,15.0,90.0,RUNNING
2024-02-06 13:00:00,ZONE_M01,19.7,55.2,-23.5,640.0,770.0,15.0,90.0,RUNNING
2024-02-06 13:00:00,ZONE_M02,20.2,60.0,-18.8,733.0,770.0,15.0,90.0,RUNNING
2024-02-06 13:00:00,ZONE_M03,19.8,53.7,-19.6,702.0,770.0,15.0,90.0,RUNNING
2024-02-06 13:00:00,ZONE_B01,19.6,50.7,-16.9,696.0,770.0,15.0,90.0,RUNNING
2024-02-06 13:00:00,ZONE_B02,21.4,53.4,-19.7,679.0,770.0,15.0,90.0,RUNNING
2024-02-06 14:00:00,ZONE_M01,20.6,60.0,-22.6,895.0,770.0,15.0,90.0,RUNNING
2024-02-06 14:00:00,ZONE_M02,20.4,52.9,-17.7,730.0,770.0,15.0,90.0,RUNNING
2024-02-06 14:00:00,ZONE_M03,19.5,56.6,-20.8,677.0,770.0,15.0,90.0,RUNNING
2024-02-06 14:00:00,ZONE_B01,19.5,57.6,-15.7,760.0,770.0,15.0,90.0,RUNNING
2024-02-06 14:00:00,ZONE_B02,18.6,60.0,-14.4,831.0,770.0,15.0,90.0,RUNNING
2024-02-06 15:00:00,ZONE_M01,19.9,60.0,-22.5,981.0,770.0,15.0,90.0,RUNNING
2024-02-06 15:00:00,ZONE_M02,20.2,60.0,-17.9,691.0,770.0,15.0,90.0,RUNNING
2024-02-06 15:00:00,ZONE_M03,19.6,60.0,-18.4,892.0,770.0,15.0,90.0,RUNNING
2024-02-06 15:00:00,ZONE_B01,19.5,44.2,-15.5,567.0,770.0,15.0,90.0,RUNNING
2024-02-06 15:00:00,ZONE_B02,19.4,60.0,-18.4,996.0,770.0,15.0,90.0,RUNNING
2024-02-06 16:00:00,ZONE_M01,19.9,60.0,-18.4,932.0,770.0,15.0,90.0,RUNNING
2024-02-06 16:00:00,ZONE_M02,20.0,50.6,-20.1,673.0,770.0,15.0,90.0,RUNNING
2024-02-06 16:00:00,ZONE_M03,19.2,60.0,-18.2,869.0,770.0,15.0,90.0,RUNNING
2024-02-06 16:00:00,ZONE_B01,19.9,58.1,-14.6,667.0,770.0,15.0,90.0,RUNNING
2024-02-06 16:00:00,ZONE_B02,20.6,50.5,-21.0,634.0,770.0,15.0,90.0,RUNNING
2024-02-06 17:00:00,ZONE_M01,20.0,50.2,-18.7,621.0,770.0,15.0,90.0,RUNNING
2024-02-06 17:00:00,ZONE_M02,20.1,60.0,-18.6,755.0,770.0,15.0,90.0,RUNNING
2024-02-06 17:00:00,ZONE_M03,20.4,55.0,-17.4,699.0,770.0,15.0,90.0,RUNNING
2024-02-06 17:00:00,ZONE_B01,20.6,60.0,-17.3,759.0,770.0,15.0,90.0,RUNNING
2024-02-06 17:00:00,ZONE_B02,20.5,45.6,-17.3,662.0,770.0,15.0,90.0,RUNNING
2024-02-06 18:00:00,ZONE_M01,19.7,58.9,-14.9,774.0,770.0,15.0,90.0,RUNNING
2024-02-06 18:00:00,ZONE_M02,20.8,48.4,-17.8,620.0,770.0,15.0,90.0,RUNNING
2024-02-06 18:00:00,ZONE_M03,20.1,58.3,-20.3,773.0,770.0,15.0,90.0,RUNNING
2024-02-06 18:00:00,ZONE_B01,19.8,57.8,-19.5,715.0,770.0,15.0,90.0,RUNNING
2024-02-06 18:00:00,ZONE_B02,20.7,54.2,-19.5,791.0,770.0,15.0,90.0,RUNNING
2024-02-06 19:00:00,ZONE_M01,19.6,47.4,-18.8,661.0,770.0,15.0,90.0,RUNNING
2024-02-06 19:00:00,ZONE_M02,19.6,48.8,-22.5,637.0,770.0,15.0,90.0,RUNNING
2024-02-06 19:00:00,ZONE_M03,19.4,51.8,-20.2,732.0,770.0,15.0,90.0,RUNNING
2024-02-06 19:00:00,ZONE_B01,19.9,58.5,-16.8,750.0,770.0,15.0,90.0,RUNNING
2024-02-06 19:00:00,ZONE_B02,20.6,60.0,-16.4,893.0,770.0,15.0,90.0,RUNNING
2024-02-06 20:00:00,ZONE_M01,20.1,57.2,-18.4,756.0,770.0,15.0,90.0,RUNNING
2024-02-06 20:00:00,ZONE_M02,19.5,60.0,-17.8,875.0,770.0,15.0,90.0,RUNNING
2024-02-06 20:00:00,ZONE_M03,20.3,54.6,-15.6,706.0,770.0,15.0,90.0,RUNNING
2024-02-06 20:00:00,ZONE_B01,19.5,58.8,-18.2,752.0,770.0,15.0,90.0,RUNNING
2024-02-06 20:00:00,ZONE_B02,20.5,55.5,-19.8,702.0,770.0,15.0,90.0,RUNNING
2024-02-06 21:00:00,ZONE_M01,19.6,50.7,-14.7,602.0,770.0,15.0,90.0,RUNNING
2024-02-06 21:00:00,ZONE_M02,19.5,42.5,-20.2,545.0,770.0,15.0,90.0,RUNNING
2024-02-06 21:00:00,ZONE_M03,20.7,58.3,-17.6,770.0,770.0,15.0,90.0,RUNNING
2024-02-06 21:00:00,ZONE_B01,20.6,48.1,-19.3,658.0,770.0,15.0,90.0,RUNNING
2024-02-06 21:00:00,ZONE_B02,19.9,60.0,-19.0,811.0,770.0,15.0,90.0,RUNNING
2024-02-06 22:00:00,ZONE_M01,20.0,60.0,-18.9,813.0,770.0,15.0,90.0,RUNNING
2024-02-06 22:00:00,ZONE_M02,20.2,59.6,-19.4,791.0,770.0,15.0,90.0,RUNNING
2024-02-06 22:00:00,ZONE_M03,19.5,60.0,-18.6,901.0,770.0,15.0,90.0,RUNNING
2024-02-06 22:00:00,ZONE_B01,19.7,60.0,-19.6,919.0,770.0,15.0,90.0,RUNNING
2024-02-06 22:00:00,ZONE_B02,20.0,56.0,-15.0,743.0,770.0,15.0,90.0,RUNNING
2024-02-06 23:00:00,ZONE_M01,16.6,38.9,-17.5,473.0,770.0,15.0,90.0,RUNNING
2024-02-06 23:00:00,ZONE_M02,15.5,39.6,-19.4,479.0,770.0,15.0,90.0,RUNNING
2024-02-06 23:00:00,ZONE_M03,15.3,38.0,-14.5,418.0,770.0,15.0,90.0,RUNNING
2024-02-06 23:00:00,ZONE_B01,15.8,38.5,-16.4,475.0,770.0,15.0,90.0,RUNNING
2024-02-06 23:00:00,ZONE_B02,15.5,40.9,-19.3,474.0,770.0,15.0,90.0,RUNNING
2024-02-07 00:00:00,ZONE_M01,16.1,40.9,-20.7,454.0,770.0,15.0,90.0,RUNNING
2024-02-07 00:00:00,ZONE_M02,15.7,39.9,-21.4,431.0,770.0,15.0,90.0,RUNNING
2024-02-07 00:00:00,ZONE_M03,16.1,41.8,-18.2,430.0,770.0,15.0,90.0,RUNNING
2024-02-07 00:00:00,ZONE_B01,15.9,40.2,-16.9,519.0,770.0,15.0,90.0,RUNNING
2024-02-07 00:00:00,ZONE_B02,15.7,39.1,-19.8,464.0,770.0,15.0,90.0,RUNNING
2024-02-07 01:00:00,ZONE_M01,15.5,35.1,-18.3,492.0,770.0,15.0,90.0,RUNNING
2024-02-07 01:00:00,ZONE_M02,15.6,33.9,-15.5,433.0,770.0,15.0,90.0,RUNNING
2024-02-07 01:00:00,ZONE_M03,16.4,32.3,-18.3,457.0,770.0,15.0,90.0,RUNNING
2024-02-07 01:00:00,ZONE_B01,15.2,38.9,-16.2,445.0,770.0,15.0,90.0,RUNNING
2024-02-07 01:00:00,ZONE_B02,15.9,37.0,-19.3,499.0,770.0,15.0,90.0,RUNNING
2024-02-07 02:00:00,ZONE_M01,15.4,38.8,-17.9,439.0,770.0,15.0,90.0,RUNNING
2024-02-07 02:00:00,ZONE_M02,16.0,43.3,-22.6,496.0,770.0,15.0,90.0,RUNNING
2024-02-07 02:00:00,ZONE_M03,16.1,41.7,-14.4,493.0,770.0,15.0,90.0,RUNNING
2024-02-07 02:00:00,ZONE_B01,16.3,44.6,-21.2,470.0,770.0,15.0,90.0,RUNNING
2024-02-07 02:00:00,ZONE_B02,16.5,35.5,-21.0,454.0,770.0,15.0,90.0,RUNNING
2024-02-07 03:00:00,ZONE_M01,15.7,46.3,-19.9,516.0,770.0,15.0,90.0,RUNNING
2024-02-07 03:00:00,ZONE_M02,15.9,43.0,-19.4,450.0,770.0,15.0,90.0,RUNNING
2024-02-07 03:00:00,ZONE_M03,16.3,40.6,-21.7,472.0,770.0,15.0,90.0,RUNNING
2024-02-07 03:00:00,ZONE_B01,16.0,34.4,-20.8,447.0,770.0,15.0,90.0,RUNNING
2024-02-07 03:00:00,ZONE_B02,16.5,37.5,-21.2,427.0,770.0,15.0,90.0,RUNNING
2024-02-07 04:00:00,ZONE_M01,15.7,39.1,-17.3,446.0,770.0,15.0,90.0,RUNNING
2024-02-07 04:00:00,ZONE_M02,16.4,34.0,-19.0,413.0,770.0,15.0,90.0,RUNNING
2024-02-07 04:00:00,ZONE_M03,14.6,39.6,-19.5,425.0,770.0,15.0,90.0,RUNNING
2024-02-07 04:00:00,ZONE_B01,16.8,35.4,-20.2,484.0,770.0,15.0,90.0,RUNNING
2024-02-07 04:00:00,ZONE_B02,16.4,39.9,-20.0,490.0,770.0,15.0,90.0,RUNNING
2024-02-07 05:00:00,ZONE_M01,16.6,40.4,-21.8,488.0,770.0,15.0,90.0,RUNNING
2024-02-07 05:00:00,ZONE_M02,16.1,43.2,-17.6,459.0,770.0,15.0,90.0,RUNNING
2024-02-07 05:00:00,ZONE_M03,17.5,40.8,-19.7,510.0,770.0,15.0,90.0,RUNNING
2024-02-07 05:00:00,ZONE_B01,16.1,43.4,-18.8,464.0,770.0,15.0,90.0,RUNNING
2024-02-07 05:00:00,ZONE_B02,14.8,38.1,-21.1,512.0,770.0,15.0,90.0,RUNNING
2024-02-07 06:00:00,ZONE_M01,19.3,53.7,-21.9,759.0,770.0,15.0,90.0,RUNNING
2024-02-07 06:00:00,ZONE_M02,19.3,55.0,-18.3,688.0,770.0,15.0,90.0,RUNNING
2024-02-07 06:00:00,ZONE_M03,20.3,57.2,-17.5,705.0,770.0,15.0,90.0,RUNNING
2024-02-07 06:00:00,ZONE_B01,19.9,60.0,-21.0,735.0,770.0,15.0,90.0,RUNNING
2024-02-07 06:00:00,ZONE_B02,20.3,60.0,-21.3,886.0,770.0,15.0,90.0,RUNNING
2024-02-07 07:00:00,ZONE_M01,20.4,60.0,-16.5,833.0,770.0,15.0,90.0,RUNNING
2024-02-07 07:00:00,ZONE_M02,20.9,60.0,-15.0,874.0,770.0,15.0,90.0,RUNNING
2024-02-07 07:00:00,ZONE_M03,19.2,60.0,-18.0,974.0,770.0,15.0,90.0,RUNNING
2024-02-07 07:00:00,ZONE_B01,20.7,60.0,-21.5,850.0,770.0,15.0,90.0,RUNNING
2024-02-07 07:00:00,ZONE_B02,19.6,60.0,-16.8,869.0,770.0,15.0,90.0,RUNNING
2024-02-07 08:00:00,ZONE_M01,18.8,60.0,-19.8,836.0,770.0,15.0,90.0,RUNNING
2024-02-07 08:00:00,ZONE_M02,20.5,56.4,-21.6,720.0,770.0,15.0,90.0,RUNNING
2024-02-07 08:00:00,ZONE_M03,20.0,57.7,-20.9,778.0,770.0,15.0,90.0,RUNNING
2024-02-07 08:00:00,ZONE_B01,20.7,50.8,-19.2,653.0,770.0,15.0,90.0,RUNNING
2024-02-07 08:00:00,ZONE_B02,18.8,51.9,-22.0,641.0,770.0,15.0,90.0,RUNNING
2024-02-07 09:00:00,ZONE_M01,20.2,51.4,-21.2,657.0,770.0,15.0,90.0,RUNNING
2024-02-07 09:00:00,ZONE_M02,20.3,60.0,-18.8,843.0,770.0,15.0,90.0,RUNNING
2024-02-07 09:00:00,ZONE_M03,19.8,56.5,-19.4,754.0,770.0,15.0,90.0,RUNNING
2024-02-07 09:00:00,ZONE_B01,19.2,56.9,-19.7,810.0,770.0,15.0,90.0,RUNNING
2024-02-07 09:00:00,ZONE_B02,19.2,59.1,-19.0,752.0,770.0,15.0,90.0,RUNNING
2024-02-07 10:00:00,ZONE_M01,19.4,56.4,-18.9,757.0,770.0,15.0,90.0,RUNNING
2024-02-07 10:00:00,ZONE_M02,20.6,47.7,-20.7,671.0,770.0,15.0,90.0,RUNNING
2024-02-07 10:00:00,ZONE_M03,19.7,60.0,-20.6,803.0,770.0,15.0,90.0,RUNNING
2024-02-07 10:00:00,ZONE_B01,20.8,60.0,-16.2,795.0,770.0,15.0,90.0,RUNNING
2024-02-07 10:00:00,ZONE_B02,20.0,60.0,-22.1,743.0,770.0,15.0,90.0,RUNNING
2024-02-07 11:00:00,ZONE_M01,19.4,54.8,-21.1,709.0,770.0,15.0,90.0,RUNNING
2024-02-07 11:00:00,ZONE_M02,19.5,56.8,-17.1,772.0,770.0,15.0,90.0,RUNNING
2024-02-07 11:00:00,ZONE_M03,20.3,54.6,-16.8,721.0,770.0,15.0,90.0,RUNNING
2024-02-07 11:00:00,ZONE_B01,20.2,59.1,-18.6,771.0,770.0,15.0,90.0,RUNNING
2024-02-07 11:00:00,ZONE_B02,20.6,60.0,-20.3,946.0,770.0,15.0,90.0,RUNNING
2024-02-07 12:00:00,ZONE_M01,20.6,58.9,-18.9,718.0,770.0,15.0,90.0,RUNNING
2024-02-07 12:00:00,ZONE_M02,20.2,59.3,-18.9,775.0,770.0,15.0,90.0,RUNNING
2024-02-07 12:00:00,ZONE_M03,19.8,60.0,-17.4,774.0,770.0,15.0,90.0,RUNNING
2024-02-07 12:00:00,ZONE_B01,20.5,60.0,-19.1,718.0,770.0,15.0,90.0,RUNNING
2024-02-07 12:00:00,ZONE_B02,19.9,56.0,-20.8,752.0,770.0,15.0,90.0,RUNNING
2024-02-07 13:00:00,ZONE_M01,20.4,57.3,-20.4,753.0,770.0,15.0,90.0,RUNNING
2024-02-07 13:00:00,ZONE_M02,20.6,59.3,-22.0,778.0,770.0,15.0,90.0,RUNNING
2024-02-07 13:00:00,ZONE_M03,19.8,54.7,-20.9,612.0,770.0,15.0,90.0,RUNNING
2024-02-07 13:00:00,ZONE_B01,20.6,57.6,-19.9,737.0,770.0,15.0,90.0,RUNNING
2024-02-07 13:00:00,ZONE_B02,20.0,56.1,-18.2,693.0,770.0,15.0,90.0,RUNNING
2024-02-07 14:00:00,ZONE_M01,19.8,60.0,-21.0,761.0,770.0,15.0,90.0,RUNNING
2024-02-07 14:00:00,ZONE_M02,20.3,55.4,-17.7,746.0,770.0,15.0,90.0,RUNNING
2024-02-07 14:00:00,ZONE_M03,21.1,60.0,-16.8,853.0,770.0,15.0,90.0,RUNNING
2024-02-07 14:00:00,ZONE_B01,19.9,60.0,-18.0,749.0,770.0,15.0,90.0,RUNNING
2024-02-07 14:00:00,ZONE_B02,19.9,44.5,-16.8,616.0,770.0,15.0,90.0,RUNNING
2024-02-07 15:00:00,ZONE_M01,19.5,60.0,-18.0,781.0,770.0,15.0,90.0,RUNNING
2024-02-07 15:00:00,ZONE_M02,19.3,52.3,-20.3,632.0,770.0,15.0,90.0,RUNNING
2024-02-07 15:00:00,ZONE_M03,20.0,53.8,-19.9,731.0,770.0,15.0,90.0,RUNNING
2024-02-07 15:00:00,ZONE_B01,20.3,60.0,-20.1,864.0,770.0,15.0,90.0,RUNNING
2024-02-07 15:00:00,ZONE_B02,21.1,51.8,-23.5,607.0,770.0,15.0,90.0,RUNNING
2024-02-07 16:00:00,ZONE_M01,20.7,60.0,-17.2,796.0,770.0,15.0,90.0,RUNNING
2024-02-07 16:00:00,ZONE_M02,20.1,60.0,-19.4,833.0,770.0,15.0,90.0,RUNNING
2024-02-07 16:00:00,ZONE_M03,20.0,56.9,-18.2,797.0,770.0,15.0,90.0,RUNNING
2024-02-07 16:00:00,ZONE_B01,20.7,47.8,-23.6,649.0,770.0,15.0,90.0,RUNNING
2024-02-07 16:00:00,ZONE_B02,20.2,55.7,-16.1,788.0,770.0,15.0,90.0,RUNNING
2024-02-07 17:00:00,ZONE_M01,20.2,58.7,-19.3,809.0,770.0,15.0,90.0,RUNNING
2024-02-07 17:00:00,ZONE_M02,19.0,60.0,-16.6,862.0,770.0,15.0,90.0,RUNNING
2024-02-07 17:00:00,ZONE_M03,20.6,60.0,-17.0,876.0,770.0,15.0,90.0,RUNNING
2024-02-07 17:00:00,ZONE_B01,20.7,59.3,-18.0,689.0,770.0,15.0,90.0,RUNNING
2024-02-07 17:00:00,ZONE_B02,20.1,59.8,-22.1,728.0,770.0,15.0,90.0,RUNNING
2024-02-07 18:00:00,ZONE_M01,19.3,60.0,-19.6,768.0,770.0,15.0,90.0,RUNNING
2024-02-07 18:00:00,ZONE_M02,20.3,56.6,-19.5,708.0,770.0,15.0,90.0,RUNNING
2024-02-07 18:00:00,ZONE_M03,20.0,60.0,-14.4,786.0,770.0,15.0,90.0,RUNNING
2024-02-07 18:00:00,ZONE_B01,20.1,60.0,-16.8,792.0,770.0,15.0,90.0,RUNNING
2024-02-07 18:00:00,ZONE_B02,19.3,56.4,-19.9,728.0,770.0,15.0,90.0,RUNNING
2024-02-07 19:00:00,ZONE_M01,20.6,55.1,-18.8,709.0,770.0,15.0,90.0,RUNNING
2024-02-07 19:00:00,ZONE_M02,20.2,60.0,-20.2,748.0,770.0,15.0,90.0,RUNNING
2024-02-07 19:00:00,ZONE_M03,20.2,55.6,-20.7,741.0,770.0,15.0,90.0,RUNNING
2024-02-07 19:00:00,ZONE_B01,21.2,51.2,-19.3,689.0,770.0,15.0,90.0,RUNNING
2024-02-07 19:00:00,ZONE_B02,19.5,60.0,-17.8,846.0,770.0,15.0,90.0,RUNNING
2024-02-07 20:00:00,ZONE_M01,19.8,54.4,-18.5,741.0,770.0,15.0,90.0,RUNNING
2024-02-07 20:00:00,ZONE_M02,19.5,60.0,-17.5,863.0,770.0,15.0,90.0,RUNNING
2024-02-07 20:00:00,ZONE_M03,19.3,58.0,-23.0,800.0,770.0,15.0,90.0,RUNNING
2024-02-07 20:00:00,ZONE_B01,21.0,46.4,-21.4,668.0,770.0,15.0,90.0,RUNNING
2024-02-07 20:00:00,ZONE_B02,21.1,60.0,-17.9,845.0,770.0,15.0,90.0,RUNNING
2024-02-07 21:00:00,ZONE_M01,19.9,60.0,-23.9,873.0,770.0,15.0,90.0,RUNNING
2024-02-07 21:00:00,ZONE_M02,20.6,47.2,-19.6,538.0,770.0,15.0,90.0,RUNNING
2024-02-07 21:00:00,ZONE_M03,20.7,53.6,-18.1,605.0,770.0,15.0,90.0,RUNNING
2024-02-07 21:00:00,ZONE_B01,20.2,52.6,-18.3,643.0,770.0,15.0,90.0,RUNNING
2024-02-07 21:00:00,ZONE_B02,20.2,60.0,-17.3,1021.0,770.0,15.0,90.0,RUNNING
2024-02-07 22:00:00,ZONE_M01,19.8,60.0,-17.4,778.0,770.0,15.0,90.0,RUNNING
2024-02-07 22:00:00,ZONE_M02,19.8,56.9,-21.5,732.0,770.0,15.0,90.0,RUNNING
2024-02-07 22:00:00,ZONE_M03,19.5,52.8,-20.8,697.0,770.0,15.0,90.0,RUNNING
2024-02-07 22:00:00,ZONE_B01,20.0,60.0,-17.9,757.0,770.0,15.0,90.0,RUNNING
2024-02-07 22:00:00,ZONE_B02,20.0,58.9,-19.2,744.0,770.0,15.0,90.0,RUNNING
2024-02-07 23:00:00,ZONE_M01,15.7,39.1,-21.4,477.0,770.0,15.0,90.0,RUNNING
2024-02-07 23:00:00,ZONE_M02,15.2,38.9,-17.7,450.0,770.0,15.0,90.0,RUNNING
2024-02-07 23:00:00,ZONE_M03,16.4,38.0,-19.5,472.0,770.0,15.0,90.0,RUNNING
2024-02-07 23:00:00,ZONE_B01,16.5,38.4,-22.1,454.0,770.0,15.0,90.0,RUNNING
2024-02-07 23:00:00,ZONE_B02,14.9,42.2,-22.0,539.0,770.0,15.0,90.0,RUNNING
2024-02-08 00:00:00,ZONE_M01,15.8,47.0,-21.5,430.0,770.0,15.0,90.0,RUNNING
2024-02-08 00:00:00,ZONE_M02,16.6,34.5,-18.8,461.0,770.0,15.0,90.0,RUNNING
2024-02-08 00:00:00,ZONE_M03,16.5,38.6,-15.7,428.0,770.0,15.0,90.0,RUNNING
2024-02-08 00:00:00,ZONE_B01,16.4,43.7,-22.5,480.0,770.0,15.0,90.0,RUNNING
2024-02-08 00:00:00,ZONE_B02,16.0,37.3,-19.7,405.0,770.0,15.0,90.0,RUNNING
2024-02-08 01:00:00,ZONE_M01,15.6,34.8,-19.6,491.0,770.0,15.0,90.0,RUNNING
2024-02-08 01:00:00,ZONE_M02,17.0,38.9,-19.1,443.0,770.0,15.0,90.0,RUNNING
2024-02-08 01:00:00,ZONE_M03,16.5,41.1,-17.0,437.0,770.0,15.0,90.0,RUNNING
2024-02-08 01:00:00,ZONE_B01,15.7,36.8,-16.6,435.0,770.0,15.0,90.0,RUNNING
2024-02-08 01:00:00,ZONE_B02,15.5,40.1,-18.6,457.0,770.0,15.0,90.0,RUNNING
2024-02-08 02:00:00,ZONE_M01,15.6,40.4,-17.4,441.0,770.0,15.0,90.0,RUNNING
2024-02-08 02:00:00,ZONE_M02,15.9,35.2,-17.4,545.0,770.0,15.0,90.0,RUNNING
2024-02-08 02:00:00,ZONE_M03,16.2,36.1,-24.4,470.0,770.0,15.0,90.0,RUNNING
2024-02-08 02:00:00,ZONE_B01,16.9,40.4,-18.2,467.0,770.0,15.0,90.0,RUNNING
2024-02-08 02:00:00,ZONE_B02,16.2,41.3,-18.6,518.0,770.0,15.0,90.0,RUNNING
2024-02-08 03:00:00,ZONE_M01,15.0,44.9,-21.2,468.0,770.0,15.0,90.0,RUNNING
2024-02-08 03:00:00,ZONE_M02,15.5,40.2,-20.1,475.0,770.0,15.0,90.0,RUNNING
2024-02-08 03:00:00,ZONE_M03,16.3,32.1,-18.3,427.0,770.0,15.0,90.0,RUNNING
2024-02-08 03:00:00,ZONE_B01,14.8,38.6,-16.5,454.0,770.0,15.0,90.0,RUNNING
2024-02-08 03:00:00,ZONE_B02,16.3,39.8,-18.1,518.0,770.0,15.0,90.0,RUNNING
2024-02-08 04:00:00,ZONE_M01,16.4,40.9,-18.2,439.0,770.0,15.0,90.0,RUNNING
2024-02-08 04:00:00,ZONE_M02,16.0,35.4,-21.9,470.0,770.0,15.0,90.0,RUNNING
2024-02-08 04:00:00,ZONE_M03,15.7,39.7,-17.1,443.0,770.0,15.0,90.0,RUNNING
2024-02-08 04:00:00,ZONE_B01,16.2,42.8,-18.1,485.0,770.0,15.0,90.0,RUNNING
2024-02-08 04:00:00,ZONE_B02,16.4,42.4,-20.2,489.0,770.0,15.0,90.0,RUNNING
2024-02-08 05:00:00,ZONE_M01,16.2,39.3,-17.8,445.0,770.0,15.0,90.0,RUNNING
2024-02-08 05:00:00,ZONE_M02,15.4,45.2,-21.9,553.0,770.0,15.0,90.0,RUNNING
2024-02-08 05:00:00,ZONE_M03,15.8,40.1,-19.1,492.0,770.0,15.0,90.0,RUNNING
2024-02-08 05:00:00,ZONE_B01,16.6,37.4,-22.7,421.0,770.0,15.0,90.0,RUNNING
2024-02-08 05:00:00,ZONE_B02,15.7,37.5,-22.5,488.0,770.0,15.0,90.0,RUNNING
2024-02-08 06:00:00,ZONE_M01,20.2,60.0,-18.8,844.0,770.0,15.0,90.0,RUNNING
2024-02-08 06:00:00,ZONE_M02,19.9,47.0,-17.0,651.0,770.0,15.0,90.0,RUNNING
2024-02-08 06:00:00,ZONE_M03,18.7,60.0,-16.3,785.0,770.0,15.0,90.0,RUNNING
2024-02-08 06:00:00,ZONE_B01,19.7,55.4,-18.0,771.0,770.0,15.0,90.0,RUNNING
2024-02-08 06:00:00,ZONE_B02,19.3,52.1,-17.4,705.0,770.0,15.0,90.0,RUNNING
2024-02-08 07:00:00,ZONE_M01,19.4,57.9,-17.7,756.0,770.0,15.0,90.0,RUNNING
2024-02-08 07:00:00,ZONE_M02,20.4,59.0,-19.0,750.0,770.0,15.0,90.0,RUNNING
2024-02-08 07:00:00,ZONE_M03,20.3,57.8,-18.5,793.0,770.0,15.0,90.0,RUNNING
2024-02-08 07:00:00,ZONE_B01,20.0,60.0,-23.0,750.0,770.0,15.0,90.0,RUNNING
2024-02-08 07:00:00,ZONE_B02,19.9,58.5,-18.3,829.0,770.0,15.0,90.0,RUNNING
2024-02-08 08:00:00,ZONE_M01,20.0,54.0,-20.3,765.0,770.0,15.0,90.0,RUNNING
2024-02-08 08:00:00,ZONE_M02,19.0,56.2,-17.6,695.0,770.0,15.0,90.0,RUNNING
2024-02-08 08:00:00,ZONE_M03,21.0,53.7,-15.7,640.0,770.0,15.0,90.0,RUNNING
2024-02-08 08:00:00,ZONE_B01,20.0,56.6,-20.8,646.0,770.0,15.0,90.0,RUNNING
2024-02-08 08:00:00,ZONE_B02,19.8,55.3,-19.6,669.0,770.0,15.0,90.0,RUNNING
2024-02-08 09:00:00,ZONE_M01,19.2,49.6,-18.4,716.0,770.0,15.0,90.0,RUNNING
2024-02-08 09:00:00,ZONE_M02,19.7,60.0,-16.6,866.0,770.0,15.0,90.0,RUNNING
2024-02-08 09:00:00,ZONE_M03,19.6,60.0,-17.1,771.0,770.0,15.0,90.0,RUNNING
2024-02-08 09:00:00,ZONE_B01,20.0,60.0,-19.3,746.0,770.0,15.0,90.0,RUNNING
2024-02-08 09:00:00,ZONE_B02,19.7,58.5,-17.3,768.0,770.0,15.0,90.0,RUNNING
2024-02-08 10:00:00,ZONE_M01,21.3,59.2,-17.2,748.0,770.0,15.0,90.0,RUNNING
2024-02-08 10:00:00,ZONE_M02,19.8,54.7,-19.6,697.0,770.0,15.0,90.0,RUNNING
2024-02-08 10:00:00,ZONE_M03,20.5,52.1,-19.0,711.0,770.0,15.0,90.0,RUNNING
2024-02-08 10:00:00,ZONE_B01,19.4,47.1,-19.8,562.0,770.0,15.0,90.0,RUNNING
2024-02-08 10:00:00,ZONE_B02,20.2,58.8,-21.3,871.0,770.0,15.0,90.0,RUNNING
2024-02-08 11:00:00,ZONE_M01,19.3,60.0,-19.2,818.0,770.0,15.0,90.0,RUNNING
2024-02-08 11:00:00,ZONE_M02,19.4,56.1,-18.2,734.0,770.0,15.0,90.0,RUNNING
2024-02-08 11:00:00,ZONE_M03,19.8,51.4,-23.4,602.0,770.0,15.0,90.0,RUNNING
2024-02-08 11:00:00,ZONE_B01,19.9,54.8,-23.3,726.0,770.0,15.0,90.0,RUNNING
2024-02-08 11:00:00,ZONE_B02,20.1,54.5,-19.8,695.0,770.0,15.0,90.0,RUNNING
2024-02-08 12:00:00,ZONE_M01,19.4,60.0,-24.2,837.0,770.0,15.0,90.0,RUNNING
2024-02-08 12:00:00,ZONE_M02,20.6,60.0,-20.3,914.0,770.0,15.0,90.0,RUNNING
2024-02-08 12:00:00,ZONE_M03,19.0,60.0,-16.4,864.0,770.0,15.0,90.0,RUNNING
2024-02-08 12:00:00,ZONE_B01,20.3,59.4,-19.5,673.0,770.0,15.0,90.0,RUNNING
2024-02-08 12:00:00,ZONE_B02,20.0,60.0,-20.3,812.0,770.0,15.0,90.0,RUNNING
2024-02-08 13:00:00,ZONE_M01,19.2,54.1,-20.4,727.0,770.0,15.0,90.0,RUNNING
2024-02-08 13:00:00,ZONE_M02,20.4,60.0,-19.0,773.0,770.0,15.0,90.0,RUNNING
2024-02-08 13:00:00,ZONE_M03,19.5,54.5,-22.6,735.0,770.0,15.0,90.0,RUNNING
2024-02-08 13:00:00,ZONE_B01,19.7,60.0,-19.3,811.0,770.0,15.0,90.0,RUNNING
2024-02-08 13:00:00,ZONE_B02,21.0,60.0,-21.0,801.0,770.0,15.0,90.0,RUNNING
2024-02-08 14:00:00,ZONE_M01,20.2,57.5,-18.1,760.0,770.0,15.0,90.0,RUNNING
2024-02-08 14:00:00,ZONE_M02,20.9,60.0,-17.3,830.0,770.0,15.0,90.0,RUNNING
2024-02-08 14:00:00,ZONE_M03,20.3,53.8,-21.2,643.0,770.0,15.0,90.0,RUNNING
2024-02-08 14:00:00,ZONE_B01,19.9,45.7,-20.5,615.0,770.0,15.0,90.0,RUNNING
2024-02-08 14:00:00,ZONE_B02,19.9,56.9,-19.3,818.0,770.0,15.0,90.0,RUNNING
2024-02-08 15:00:00,ZONE_M01,19.6,59.4,-19.6,791.0,770.0,15.0,90.0,RUNNING
2024-02-08 15:00:00,ZONE_M02,20.3,60.0,-20.4,814.0,770.0,15.0,90.0,RUNNING
2024-02-08 15:00:00,ZONE_M03,20.7,60.0,-17.1,872.0,770.0,15.0,90.0,RUNNING
2024-02-08 15:00:00,ZONE_B01,19.7,54.6,-20.5,772.0,770.0,15.0,90.0,RUNNING
2024-02-08 15:00:00,ZONE_B02,19.9,60.0,-18.9,758.0,770.0,15.0,90.0,RUNNING
2024-02-08 16:00:00,ZONE_M01,19.5,60.0,-17.7,817.0,770.0,15.0,90.0,RUNNING
2024-02-08 16:00:00,ZONE_M02,20.7,42.3,-17.2,617.0,770.0,15.0,90.0,RUNNING
2024-02-08 16:00:00,ZONE_M03,19.4,53.8,-21.0,749.0,770.0,15.0,90.0,RUNNING
2024-02-08 16:00:00,ZONE_B01,20.0,52.3,-19.5,641.0,770.0,15.0,90.0,RUNNING
2024-02-08 16:00:00,ZONE_B02,19.6,45.1,-19.2,742.0,770.0,15.0,90.0,RUNNING
2024-02-08 17:00:00,ZONE_M01,19.2,54.0,-16.5,683.0,770.0,15.0,90.0,RUNNING
2024-02-08 17:00:00,ZONE_M02,19.6,57.3,-19.8,779.0,770.0,15.0,90.0,RUNNING
2024-02-08 17:00:00,ZONE_M03,19.7,60.0,-15.3,782.0,770.0,15.0,90.0,RUNNING
2024-02-08 17:00:00,ZONE_B01,20.1,55.6,-18.2,694.0,770.0,15.0,90.0,RUNNING
2024-02-08 17:00:00,ZONE_B02,20.0,58.3,-22.0,738.0,770.0,15.0,90.0,RUNNING
2024-02-08 18:00:00,ZONE_M01,20.3,55.2,-16.9,689.0,770.0,15.0,90.0,RUNNING
2024-02-08 18:00:00,ZONE_M02,19.7,44.7,-18.0,739.0,770.0,15.0,90.0,RUNNING
2024-02-08 18:00:00,ZONE_M03,19.6,60.0,-20.7,815.0,770.0,15.0,90.0,RUNNING
2024-02-08 18:00:00,ZONE_B01,20.1,60.0,-17.8,829.0,770.0,15.0,90.0,RUNNING
2024-02-08 18:00:00,ZONE_B02,19.7,58.7,-18.4,780.0,770.0,15.0,90.0,RUNNING
2024-02-08 19:00:00,ZONE_M01,20.4,60.0,-18.5,802.0,770.0,15.0,90.0,RUNNING
2024-02-08 19:00:00,ZONE_M02,19.0,60.0,-20.5,779.0,770.0,15.0,90.0,RUNNING
2024-02-08 19:00:00,ZONE_M03,19.7,60.0,-18.6,840.0,770.0,15.0,90.0,RUNNING
2024-02-08 19:00:00,ZONE_B01,20.7,51.6,-18.7,638.0,770.0,15.0,90.0,RUNNING
2024-02-08 19:00:00,ZONE_B02,19.7,47.6,-20.2,639.0,770.0,15.0,90.0,RUNNING
2024-02-08 20:00:00,ZONE_M01,20.8,49.8,-21.1,660.0,770.0,15.0,90.0,RUNNING
2024-02-08 20:00:00,ZONE_M02,20.0,59.4,-18.8,758.0,770.0,15.0,90.0,RUNNING
2024-02-08 20:00:00,ZONE_M03,19.2,60.0,-19.3,812.0,770.0,15.0,90.0,RUNNING
2024-02-08 20:00:00,ZONE_B01,19.7,60.0,-18.0,800.0,770.0,15.0,90.0,RUNNING
2024-02-08 20:00:00,ZONE_B02,20.1,60.0,-18.5,814.0,770.0,15.0,90.0,RUNNING
2024-02-08 21:00:00,ZONE_M01,20.2,60.0,-19.0,775.0,770.0,15.0,90.0,RUNNING
2024-02-08 21:00:00,ZONE_M02,20.1,60.0,-15.8,844.0,770.0,15.0,90.0,RUNNING
2024-02-08 21:00:00,ZONE_M03,19.4,60.0,-20.6,914.0,770.0,15.0,90.0,RUNNING
2024-02-08 21:00:00,ZONE_B01,20.6,60.0,-18.9,887.0,770.0,15.0,90.0,RUNNING
2024-02-08 21:00:00,ZONE_B02,20.0,57.5,-19.0,746.0,770.0,15.0,90.0,RUNNING
2024-02-08 22:00:00,ZONE_M01,18.9,60.0,-19.3,714.0,770.0,15.0,90.0,RUNNING
2024-02-08 22:00:00,ZONE_M02,19.9,57.8,-19.7,702.0,770.0,15.0,90.0,RUNNING
2024-02-08 22:00:00,ZONE_M03,19.2,54.9,-16.4,698.0,770.0,15.0,90.0,RUNNING
2024-02-08 22:00:00,ZONE_B01,20.1,54.2,-19.7,664.0,770.0,15.0,90.0,RUNNING
2024-02-08 22:00:00,ZONE_B02,19.9,55.3,-18.8,751.0,770.0,15.0,90.0,RUNNING
2024-02-08 23:00:00,ZONE_M01,15.5,46.8,-21.9,514.0,770.0,15.0,90.0,RUNNING
2024-02-08 23:00:00,ZONE_M02,16.7,39.3,-18.1,530.0,770.0,15.0,90.0,RUNNING
2024-02-08 23:00:00,ZONE_M03,15.4,44.7,-20.1,504.0,770.0,15.0,90.0,RUNNING
2024-02-08 23:00:00,ZONE_B01,16.2,41.0,-16.0,438.0,770.0,15.0,90.0,RUNNING
2024-02-08 23:00:00,ZONE_B02,16.2,39.3,-18.8,507.0,770.0,15.0,90.0,RUNNING
2024-02-09 00:00:00,ZONE_M01,16.5,40.7,-16.0,519.0,770.0,15.0,90.0,RUNNING
2024-02-09 00:00:00,ZONE_M02,16.5,37.1,-20.5,441.0,770.0,15.0,90.0,RUNNING
2024-02-09 00:00:00,ZONE_M03,16.0,38.9,-17.3,520.0,770.0,15.0,90.0,RUNNING
2024-02-09 00:00:00,ZONE_B01,16.0,41.5,-21.7,464.0,770.0,15.0,90.0,RUNNING
2024-02-09 00:00:00,ZONE_B02,16.3,47.8,-21.0,520.0,770.0,15.0,90.0,RUNNING
2024-02-09 01:00:00,ZONE_M01,16.4,33.9,-18.6,419.0,770.0,15.0,90.0,RUNNING
2024-02-09 01:00:00,ZONE_M02,15.5,48.4,-20.4,467.0,770.0,15.0,90.0,RUNNING
2024-02-09 01:00:00,ZONE_M03,16.2,43.1,-23.5,480.0,770.0,15.0,90.0,RUNNING
2024-02-09 01:00:00,ZONE_B01,16.4,41.3,-17.7,467.0,770.0,15.0,90.0,RUNNING
2024-02-09 01:00:00,ZONE_B02,15.9,42.4,-21.8,463.0,770.0,15.0,90.0,RUNNING
2024-02-09 02:00:00,ZONE_M01,16.4,42.9,-20.4,542.0,770.0,15.0,90.0,RUNNING
2024-02-09 02:00:00,ZONE_M02,16.5,45.8,-24.4,510.0,770.0,15.0,90.0,RUNNING
2024-02-09 02:00:00,ZONE_M03,15.1,40.5,-16.1,478.0,770.0,15.0,90.0,RUNNING
2024-02-09 02:00:00,ZONE_B01,16.2,33.2,-20.7,452.0,770.0,15.0,90.0,RUNNING
2024-02-09 02:00:00,ZONE_B02,15.4,41.9,-21.6,460.0,770.0,15.0,90.0,RUNNING
2024-02-09 03:00:00,ZONE_M01,16.5,43.5,-19.7,454.0,770.0,15.0,90.0,RUNNING
2024-02-09 03:00:00,ZONE_M02,16.2,37.7,-22.7,436.0,770.0,15.0,90.0,RUNNING
2024-02-09 03:00:00,ZONE_M03,15.3,43.6,-21.2,548.0,770.0,15.0,90.0,RUNNING
2024-02-09 03:00:00,ZONE_B01,16.1,41.7,-21.7,445.0,770.0,15.0,90.0,RUNNING
2024-02-09 03:00:00,ZONE_B02,16.0,39.1,-22.4,535.0,770.0,15.0,90.0,RUNNING
2024-02-09 04:00:00,ZONE_M01,15.4,40.9,-18.5,527.0,770.0,15.0,90.0,RUNNING
2024-02-09 04:00:00,ZONE_M02,16.5,40.9,-16.6,506.0,770.0,15.0,90.0,RUNNING
2024-02-09 04:00:00,ZONE_M03,16.8,37.1,-18.9,436.0,770.0,15.0,90.0,RUNNING
2024-02-09 04:00:00,ZONE_B01,16.8,38.2,-21.5,474.0,770.0,15.0,90.0,RUNNING
2024-02-09 04:00:00,ZONE_B02,15.9,40.7,-23.8,467.0,770.0,15.0,90.0,RUNNING
2024-02-09 05:00:00,ZONE_M01,16.1,39.1,-19.0,481.0,770.0,15.0,90.0,RUNNING
2024-02-09 05:00:00,ZONE_M02,15.6,42.1,-17.2,452.0,770.0,15.0,90.0,RUNNING
2024-02-09 05:00:00,ZONE_M03,15.2,37.9,-18.0,443.0,770.0,15.0,90.0,RUNNING
2024-02-09 05:00:00,ZONE_B01,16.2,38.4,-20.0,461.0,770.0,15.0,90.0,RUNNING
2024-02-09 05:00:00,ZONE_B02,16.8,45.2,-22.9,529.0,770.0,15.0,90.0,RUNNING
2024-02-09 06:00:00,ZONE_M01,21.0,43.9,-19.2,569.0,770.0,15.0,90.0,RUNNING
2024-02-09 06:00:00,ZONE_M02,20.4,60.0,-18.1,933.0,770.0,15.0,90.0,RUNNING
2024-02-09 06:00:00,ZONE_M03,19.6,52.2,-17.9,742.0,770.0,15.0,90.0,RUNNING
2024-02-09 06:00:00,ZONE_B01,20.5,56.2,-17.6,625.0,770.0,15.0,90.0,RUNNING
2024-02-09 06:00:00,ZONE_B02,19.8,57.1,-22.9,722.0,770.0,15.0,90.0,RUNNING
2024-02-09 07:00:00,ZONE_M01,20.1,56.7,-19.5,725.0,770.0,15.0,90.0,RUNNING
2024-02-09 07:00:00,ZONE_M02,21.1,46.4,-15.8,602.0,770.0,15.0,90.0,RUNNING
2024-02-09 07:00:00,ZONE_M03,20.2,60.0,-20.3,910.0,770.0,15.0,90.0,RUNNING
2024-02-09 07:00:00,ZONE_B01,21.0,56.0,-21.4,782.0,770.0,15.0,90.0,RUNNING
2024-02-09 07:00:00,ZONE_B02,20.3,54.6,-20.5,742.0,770.0,15.0,90.0,RUNNING
2024-02-09 08:00:00,ZONE_M01,20.0,58.2,-18.5,794.0,770.0,15.0,90.0,RUNNING
2024-02-09 08:00:00,ZONE_M02,20.7,60.0,-19.0,904.0,770.0,15.0,90.0,RUNNING
2024-02-09 08:00:00,ZONE_M03,20.4,60.0,-19.0,841.0,770.0,15.0,90.0,RUNNING
2024-02-09 08:00:00,ZONE_B01,20.0,60.0,-19.7,765.0,770.0,15.0,90.0,RUNNING
2024-02-09 08:00:00,ZONE_B02,19.8,60.0,-17.3,796.0,770.0,15.0,90.0,RUNNING
2024-02-09 09:00:00,ZONE_M01,20.3,60.0,-18.9,802.0,770.0,15.0,90.0,RUNNING
2024-02-09 09:00:00,ZONE_M02,20.3,55.2,-17.8,675.0,770.0,15.0,90.0,RUNNING
2024-02-09 09:00:00,ZONE_M03,19.2,60.0,-19.9,926.0,770.0,15.0,90.0,RUNNING
2024-02-09 09:00:00,ZONE_B01,19.1,60.0,-20.6,737.0,770.0,15.0,90.0,RUNNING
2024-02-09 09:00:00,ZONE_B02,19.3,60.0,-16.6,782.0,770.0,15.0,90.0,RUNNING
2024-02-09 10:00:00,ZONE_M01,20.0,60.0,-20.0,936.0,770.0,15.0,90.0,RUNNING
2024-02-09 10:00:00,ZONE_M02,19.2,59.6,-20.7,757.0,770.0,15.0,90.0,RUNNING
2024-02-09 10:00:00,ZONE_M03,19.5,60.0,-19.7,839.0,770.0,15.0,90.0,RUNNING
2024-02-09 10:00:00,ZONE_B01,20.9,60.0,-16.7,688.0,770.0,15.0,90.0,RUNNING
2024-02-09 10:00:00,ZONE_B02,19.5,57.6,-19.2,796.0,770.0,15.0,90.0,RUNNING
2024-02-09 11:00:00,ZONE_M01,19.5,59.1,-18.5,726.0,770.0,15.0,90.0,RUNNING
2024-02-09 11:00:00,ZONE_M02,20.2,51.3,-19.3,632.0,770.0,15.0,90.0,RUNNING
2024-02-09 11:00:00,ZONE_M03,19.6,60.0,-23.1,906.0,770.0,15.0,90.0,RUNNING
2024-02-09 11:00:00,ZONE_B01,19.4,60.0,-17.7,816.0,770.0,15.0,90.0,RUNNING
2024-02-09 11:00:00,ZONE_B02,19.8,44.6,-17.7,567.0,770.0,15.0,90.0,RUNNING
2024-02-09 12:00:00,ZONE_M01,19.1,60.0,-19.6,895.0,770.0,15.0,90.0,RUNNING
2024-02-09 12:00:00,ZONE_M02,19.1,52.9,-21.9,691.0,770.0,15.0,90.0,RUNNING
2024-02-09 12:00:00,ZONE_M03,19.9,54.1,-18.0,662.0,770.0,15.0,90.0,RUNNING
2024-02-09 12:00:00,ZONE_B01,19.8,60.0,-23.5,820.0,770.0,15.0,90.0,RUNNING
2024-02-09 12:00:00,ZONE_B02,20.1,57.9,-19.2,730.0,770.0,15.0,90.0,RUNNING
2024-02-09 13:00:00,ZONE_M01,19.7,39.9,-17.5,531.0,770.0,15.0,90.0,RUNNING
2024-02-09 13:00:00,ZONE_M02,19.5,60.0,-21.5,772.0,770.0,15.0,90.0,RUNNING
2024-02-09 13:00:00,ZONE_M03,20.5,60.0,-19.6,839.0,770.0,15.0,90.0,RUNNING
2024-02-09 13:00:00,ZONE_B01,19.9,60.0,-16.6,803.0,770.0,15.0,90.0,RUNNING
2024-02-09 13:00:00,ZONE_B02,20.7,55.6,-21.7,709.0,770.0,15.0,90.0,RUNNING
2024-02-09 14:00:00,ZONE_M01,19.6,60.0,-19.9,900.0,770.0,15.0,90.0,RUNNING
2024-02-09 14:00:00,ZONE_M02,20.5,60.0,-16.8,755.0,770.0,15.0,90.0,RUNNING
2024-02-09 14:00:00,ZONE_M03,20.8,58.7,-18.2,776.0,770.0,15.0,90.0,RUNNING
2024-02-09 14:00:00,ZONE_B01,19.7,50.1,-18.1,678.0,770.0,15.0,90.0,RUNNING
2024-02-09 14:00:00,ZONE_B02,20.5,60.0,-17.7,763.0,770.0,15.0,90.0,RUNNING
2024-02-09 15:00:00,ZONE_M01,20.5,60.0,-19.2,808.0,770.0,15.0,90.0,RUNNING
2024-02-09 15:00:00,ZONE_M02,19.1,60.0,-18.3,778.0,770.0,15.0,90.0,RUNNING
2024-02-09 15:00:00,ZONE_M03,20.4,56.2,-22.0,642.0,770.0,15.0,90.0,RUNNING
2024-02-09 15:00:00,ZONE_B01,19.8,60.0,-19.6,747.0,770.0,15.0,90.0,RUNNING
2024-02-09 15:00:00,ZONE_B02,20.2,53.7,-17.4,657.0,770.0,15.0,90.0,RUNNING
2024-02-09 16:00:00,ZONE_M01,20.1,58.5,-22.9,724.0,770.0,15.0,90.0,RUNNING
2024-02-09 16:00:00,ZONE_M02,19.7,48.5,-23.0,623.0,770.0,15.0,90.0,RUNNING
2024-02-09 16:00:00,ZONE_M03,19.5,53.8,-20.0,675.0,770.0,15.0,90.0,RUNNING
2024-02-09 16:00:00,ZONE_B01,19.9,60.0,-20.4,682.0,770.0,15.0,90.0,RUNNING
2024-02-09 16:00:00,ZONE_B02,20.2,52.9,-22.8,717.0,770.0,15.0,90.0,RUNNING
2024-02-09 17:00:00,ZONE_M01,20.0,57.7,-22.5,729.0,770.0,15.0,90.0,RUNNING
2024-02-09 17:00:00,ZONE_M02,20.0,48.9,-20.2,641.0,770.0,15.0,90.0,RUNNING
2024-02-09 17:00:00,ZONE_M03,20.0,58.1,-21.6,670.0,770.0,15.0,90.0,RUNNING
2024-02-09 17:00:00,ZONE_B01,20.2,53.8,-19.2,680.0,770.0,15.0,90.0,RUNNING
2024-02-09 17:00:00,ZONE_B02,20.6,55.6,-20.8,725.0,770.0,15.0,90.0,RUNNING
2024-02-09 18:00:00,ZONE_M01,20.1,57.3,-20.2,799.0,770.0,15.0,90.0,RUNNING
2024-02-09 18:00:00,ZONE_M02,20.9,59.4,-20.5,783.0,770.0,15.0,90.0,RUNNING
2024-02-09 18:00:00,ZONE_M03,19.5,60.0,-18.3,766.0,770.0,15.0,90.0,RUNNING
2024-02-09 18:00:00,ZONE_B01,19.8,60.0,-19.6,835.0,770.0,15.0,90.0,RUNNING
2024-02-09 18:00:00,ZONE_B02,20.5,54.3,-19.8,661.0,770.0,15.0,90.0,RUNNING
2024-02-09 19:00:00,ZONE_M01,20.4,60.0,-20.3,852.0,770.0,15.0,90.0,RUNNING
2024-02-09 19:00:00,ZONE_M02,20.8,60.0,-23.3,878.0,770.0,15.0,90.0,RUNNING
2024-02-09 19:00:00,ZONE_M03,20.1,55.3,-22.0,751.0,770.0,15.0,90.0,RUNNING
2024-02-09 19:00:00,ZONE_B01,20.9,47.2,-18.8,553.0,770.0,15.0,90.0,RUNNING
2024-02-09 19:00:00,ZONE_B02,20.3,60.0,-21.7,835.0,770.0,15.0,90.0,RUNNING
2024-02-09 20:00:00,ZONE_M01,20.1,60.0,-19.4,786.0,770.0,15.0,90.0,RUNNING
2024-02-09 20:00:00,ZONE_M02,20.4,56.1,-21.4,766.0,770.0,15.0,90.0,RUNNING
2024-02-09 20:00:00,ZONE_M03,20.4,60.0,-18.4,822.0,770.0,15.0,90.0,RUNNING
2024-02-09 20:00:00,ZONE_B01,19.1,60.0,-21.0,1042.0,770.0,15.0,90.0,RUNNING
2024-02-09 20:00:00,ZONE_B02,19.6,60.0,-21.3,942.0,770.0,15.0,90.0,RUNNING
2024-02-09 21:00:00,ZONE_M01,19.4,58.6,-20.3,696.0,770.0,15.0,90.0,RUNNING
2024-02-09 21:00:00,ZONE_M02,19.8,60.0,-20.6,834.0,770.0,15.0,90.0,RUNNING
2024-02-09 21:00:00,ZONE_M03,20.5,57.2,-20.2,710.0,770.0,15.0,90.0,RUNNING
2024-02-09 21:00:00,ZONE_B01,20.0,45.6,-19.2,531.0,770.0,15.0,90.0,RUNNING
2024-02-09 21:00:00,ZONE_B02,20.0,54.1,-18.0,724.0,770.0,15.0,90.0,RUNNING
2024-02-09 22:00:00,ZONE_M01,19.7,60.0,-22.4,729.0,770.0,15.0,90.0,RUNNING
2024-02-09 22:00:00,ZONE_M02,20.6,56.3,-21.9,684.0,770.0,15.0,90.0,RUNNING
2024-02-09 22:00:00,ZONE_M03,19.2,60.0,-20.7,853.0,770.0,15.0,90.0,RUNNING
2024-02-09 22:00:00,ZONE_B01,19.6,56.1,-21.5,785.0,770.0,15.0,90.0,RUNNING
2024-02-09 22:00:00,ZONE_B02,19.4,60.0,-20.2,851.0,770.0,15.0,90.0,RUNNING
2024-02-09 23:00:00,ZONE_M01,15.4,38.1,-19.6,449.0,770.0,15.0,90.0,RUNNING
2024-02-09 23:00:00,ZONE_M02,15.8,40.5,-17.9,532.0,770.0,15.0,90.0,RUNNING
2024-02-09 23:00:00,ZONE_M03,16.1,44.0,-14.3,524.0,770.0,15.0,90.0,RUNNING
2024-02-09 23:00:00,ZONE_B01,15.7,42.1,-17.5,479.0,770.0,15.0,90.0,RUNNING
2024-02-09 23:00:00,ZONE_B02,16.8,45.3,-21.1,447.0,770.0,15.0,90.0,RUNNING
2024-02-10 00:00:00,ZONE_M01,16.0,41.1,-18.9,484.0,770.0,15.0,90.0,RUNNING
2024-02-10 00:00:00,ZONE_M02,16.4,42.5,-24.6,486.0,770.0,15.0,90.0,RUNNING
2024-02-10 00:00:00,ZONE_M03,15.9,48.0,-22.6,480.0,770.0,15.0,90.0,RUNNING
2024-02-10 00:00:00,ZONE_B01,15.3,38.2,-16.7,460.0,770.0,15.0,90.0,RUNNING
2024-02-10 00:00:00,ZONE_B02,16.2,38.8,-20.6,475.0,770.0,15.0,90.0,RUNNING
2024-02-10 01:00:00,ZONE_M01,15.4,39.2,-18.2,472.0,770.0,15.0,90.0,RUNNING
2024-02-10 01:00:00,ZONE_M02,16.2,42.6,-21.0,511.0,770.0,15.0,90.0,RUNNING
2024-02-10 01:00:00,ZONE_M03,15.7,47.5,-18.8,533.0,770.0,15.0,90.0,RUNNING
2024-02-10 01:00:00,ZONE_B01,15.0,38.6,-19.1,441.0,770.0,15.0,90.0,RUNNING
2024-02-10 01:00:00,ZONE_B02,16.4,40.8,-16.4,424.0,770.0,15.0,90.0,RUNNING
2024-02-10 02:00:00,ZONE_M01,16.5,34.2,-19.6,541.0,770.0,15.0,90.0,RUNNING
2024-02-10 02:00:00,ZONE_M02,16.0,36.8,-20.8,422.0,770.0,15.0,90.0,RUNNING
2024-02-10 02:00:00,ZONE_M03,15.4,48.7,-19.8,541.0,770.0,15.0,90.0,RUNNING
2024-02-10 02:00:00,ZONE_B01,16.2,44.8,-18.2,474.0,770.0,15.0,90.0,RUNNING
2024-02-10 02:00:00,ZONE_B02,15.2,41.0,-22.2,409.0,770.0,15.0,90.0,RUNNING
2024-02-10 03:00:00,ZONE_M01,16.2,37.6,-19.4,507.0,770.0,15.0,90.0,RUNNING
2024-02-10 03:00:00,ZONE_M02,16.7,38.0,-19.1,471.0,770.0,15.0,90.0,RUNNING
2024-02-10 03:00:00,ZONE_M03,16.0,38.2,-18.7,498.0,770.0,15.0,90.0,RUNNING
2024-02-10 03:00:00,ZONE_B01,15.9,39.5,-17.6,506.0,770.0,15.0,90.0,RUNNING
2024-02-10 03:00:00,ZONE_B02,16.4,43.4,-22.4,545.0,770.0,15.0,90.0,RUNNING
2024-02-10 04:00:00,ZONE_M01,16.5,39.0,-22.2,433.0,770.0,15.0,90.0,RUNNING
2024-02-10 04:00:00,ZONE_M02,15.9,37.3,-18.1,446.0,770.0,15.0,90.0,RUNNING
2024-02-10 04:00:00,ZONE_M03,17.1,41.3,-18.3,527.0,770.0,15.0,90.0,RUNNING
2024-02-10 04:00:00,ZONE_B01,15.5,42.5,-17.9,520.0,770.0,15.0,90.0,RUNNING
2024-02-10 04:00:00,ZONE_B02,15.4,42.6,-21.1,455.0,770.0,15.0,90.0,RUNNING
2024-02-10 05:00:00,ZONE_M01,16.2,42.2,-20.9,427.0,770.0,15.0,90.0,RUNNING
2024-02-10 05:00:00,ZONE_M02,16.0,36.1,-19.4,486.0,770.0,15.0,90.0,RUNNING
2024-02-10 05:00:00,ZONE_M03,16.2,40.6,-20.7,499.0,770.0,15.0,90.0,RUNNING
2024-02-10 05:00:00,ZONE_B01,15.7,37.9,-19.8,417.0,770.0,15.0,90.0,RUNNING
2024-02-10 05:00:00,ZONE_B02,15.5,44.4,-16.9,468.0,770.0,15.0,90.0,RUNNING
2024-02-10 06:00:00,ZONE_M01,19.7,60.0,-16.1,781.0,770.0,15.0,90.0,RUNNING
2024-02-10 06:00:00,ZONE_M02,21.5,59.8,-17.3,814.0,770.0,15.0,90.0,RUNNING
2024-02-10 06:00:00,ZONE_M03,20.2,51.6,-20.6,696.0,770.0,15.0,90.0,RUNNING
2024-02-10 06:00:00,ZONE_B01,20.1,58.2,-18.6,690.0,770.0,15.0,90.0,RUNNING
2024-02-10 06:00:00,ZONE_B02,20.6,60.0,-22.5,939.0,770.0,15.0,90.0,RUNNING
2024-02-10 07:00:00,ZONE_M01,20.8,51.6,-19.1,685.0,770.0,15.0,90.0,RUNNING
2024-02-10 07:00:00,ZONE_M02,20.2,54.0,-15.8,644.0,770.0,15.0,90.0,RUNNING
2024-02-10 07:00:00,ZONE_M03,20.1,49.1,-20.6,659.0,770.0,15.0,90.0,RUNNING
2024-02-10 07:00:00,ZONE_B01,20.5,43.6,-15.4,712.0,770.0,15.0,90.0,RUNNING
2024-02-10 07:00:00,ZONE_B02,19.0,56.8,-17.2,707.0,770.0,15.0,90.0,RUNNING
2024-02-10 08:00:00,ZONE_M01,20.1,55.4,-18.3,775.0,770.0,15.0,90.0,RUNNING
2024-02-10 08:00:00,ZONE_M02,20.0,48.8,-16.3,630.0,770.0,15.0,90.0,RUNNING
2024-02-10 08:00:00,ZONE_M03,19.8,60.0,-19.3,777.0,770.0,15.0,90.0,RUNNING
2024-02-10 08:00:00,ZONE_B01,20.0,60.0,-18.5,924.0,770.0,15.0,90.0,RUNNING
2024-02-10 08:00:00,ZONE_B02,19.9,60.0,-20.3,862.0,770.0,15.0,90.0,RUNNING
2024-02-10 09:00:00,ZONE_M01,20.1,58.0,-21.5,735.0,770.0,15.0,90.0,RUNNING
2024-02-10 09:00:00,ZONE_M02,19.9,58.9,-20.3,749.0,770.0,15.0,90.0,RUNNING
2024-02-10 09:00:00,ZONE_M03,19.8,60.0,-22.3,748.0,770.0,15.0,90.0,RUNNING
2024-02-10 09:00:00,ZONE_B01,19.6,60.0,-21.1,779.0,770.0,15.0,90.0,RUNNING
2024-02-10 09:00:00,ZONE_B02,20.3,46.2,-20.9,556.0,770.0,15.0,90.0,RUNNING
2024-02-10 10:00:00,ZONE_M01,19.5,60.0,-22.8,770.0,770.0,15.0,90.0,RUNNING
2024-02-10 10:00:00,ZONE_M02,19.3,60.0,-19.0,741.0,770.0,15.0,90.0,RUNNING
2024-02-10 10:00:00,ZONE_M03,20.8,49.0,-14.7,663.0,770.0,15.0,90.0,RUNNING
2024-02-10 10:00:00,ZONE_B01,20.9,43.2,-18.8,580.0,770.0,15.0,90.0,RUNNING
2024-02-10 10:00:00,ZONE_B02,20.4,58.1,-21.5,733.0,770.0,15.0,90.0,RUNNING
2024-02-10 11:00:00,ZONE_M01,19.5,60.0,-21.0,739.0,770.0,15.0,90.0,RUNNING
2024-02-10 11:00:00,ZONE_M02,21.2,56.7,-18.6,719.0,770.0,15.0,90.0,RUNNING
2024-02-10 11:00:00,ZONE_M03,20.0,60.0,-20.6,830.0,770.0,15.0,90.0,RUNNING
2024-02-10 11:00:00,ZONE_B01,19.7,60.0,-22.3,729.0,770.0,15.0,90.0,RUNNING
2024-02-10 11:00:00,ZONE_B02,19.8,60.0,-21.1,840.0,770.0,15.0,90.0,RUNNING
2024-02-10 12:00:00,ZONE_M01,20.1,52.8,-20.2,675.0,770.0,15.0,90.0,RUNNING
2024-02-10 12:00:00,ZONE_M02,20.4,58.2,-18.4,763.0,770.0,15.0,90.0,RUNNING
2024-02-10 12:00:00,ZONE_M03,20.4,48.8,-21.3,725.0,770.0,15.0,90.0,RUNNING
2024-02-10 12:00:00,ZONE_B01,20.4,51.9,-19.3,650.0,770.0,15.0,90.0,RUNNING
2024-02-10 12:00:00,ZONE_B02,19.9,55.3,-19.4,712.0,770.0,15.0,90.0,RUNNING
2024-02-10 13:00:00,ZONE_M01,20.7,55.7,-20.9,704.0,770.0,15.0,90.0,RUNNING
2024-02-10 13:00:00,ZONE_M02,20.9,60.0,-15.5,829.0,770.0,15.0,90.0,RUNNING
2024-02-10 13:00:00,ZONE_M03,19.5,56.0,-15.4,664.0,770.0,15.0,90.0,RUNNING
2024-02-10 13:00:00,ZONE_B01,19.8,57.6,-19.0,763.0,770.0,15.0,90.0,RUNNING
2024-02-10 13:00:00,ZONE_B02,20.1,60.0,-20.7,789.0,770.0,15.0,90.0,RUNNING
2024-02-10 14:00:00,ZONE_M01,20.5,60.0,-18.2,786.0,770.0,15.0,90.0,RUNNING
2024-02-10 14:00:00,ZONE_M02,20.4,56.0,-21.5,774.0,770.0,15.0,90.0,RUNNING
2024-02-10 14:00:00,ZONE_M03,20.1,60.0,-20.2,855.0,770.0,15.0,90.0,RUNNING
2024-02-10 14:00:00,ZONE_B01,20.3,55.2,-21.6,667.0,770.0,15.0,90.0,RUNNING
2024-02-10 14:00:00,ZONE_B02,19.6,52.7,-19.6,701.0,770.0,15.0,90.0,RUNNING
2024-02-10 15:00:00,ZONE_M01,20.0,60.0,-21.1,815.0,770.0,15.0,90.0,RUNNING
2024-02-10 15:00:00,ZONE_M02,20.1,60.0,-18.9,688.0,770.0,15.0,90.0,RUNNING
2024-02-10 15:00:00,ZONE_M03,19.6,60.0,-16.6,730.0,770.0,15.0,90.0,RUNNING
2024-02-10 15:00:00,ZONE_B01,20.1,57.5,-18.1,785.0,770.0,15.0,90.0,RUNNING
2024-02-10 15:00:00,ZONE_B02,21.0,56.8,-15.0,680.0,770.0,15.0,90.0,RUNNING
2024-02-10 16:00:00,ZONE_M01,19.7,60.0,-22.5,864.0,770.0,15.0,90.0,RUNNING
2024-02-10 16:00:00,ZONE_M02,19.9,57.9,-16.7,707.0,770.0,15.0,90.0,RUNNING
2024-02-10 16:00:00,ZONE_M03,19.8,60.0,-19.1,775.0,770.0,15.0,90.0,RUNNING
2024-02-10 16:00:00,ZONE_B01,20.5,53.5,-16.0,713.0,770.0,15.0,90.0,RUNNING
2024-02-10 16:00:00,ZONE_B02,19.6,60.0,-19.5,821.0,770.0,15.0,90.0,RUNNING
2024-02-10 17:00:00,ZONE_M01,20.1,58.9,-20.2,771.0,770.0,15.0,90.0,RUNNING
2024-02-10 17:00:00,ZONE_M02,20.2,60.0,-17.7,850.0,770.0,15.0,90.0,RUNNING
2024-02-10 17:00:00,ZONE_M03,20.4,50.1,-16.2,616.0,770.0,15.0,90.0,RUNNING
2024-02-10 17:00:00,ZONE_B01,20.5,60.0,-21.5,801.0,770.0,15.0,90.0,RUNNING
2024-02-10 17:00:00,ZONE_B02,18.9,60.0,-22.7,846.0,770.0,15.0,90.0,RUNNING
2024-02-10 18:00:00,ZONE_M01,19.0,46.9,-17.2,613.0,770.0,15.0,90.0,RUNNING
2024-02-10 18:00:00,ZONE_M02,19.8,60.0,-21.0,835.0,770.0,15.0,90.0,RUNNING
2024-02-10 18:00:00,ZONE_M03,19.9,60.0,-19.8,822.0,770.0,15.0,90.0,RUNNING
2024-02-10 18:00:00,ZONE_B01,20.1,59.0,-19.6,766.0,770.0,15.0,90.0,RUNNING
2024-02-10 18:00:00,ZONE_B02,20.1,53.9,-18.9,698.0,770.0,15.0,90.0,RUNNING
2024-02-10 19:00:00,ZONE_M01,19.8,60.0,-19.2,756.0,770.0,15.0,90.0,RUNNING
2024-02-10 19:00:00,ZONE_M02,19.6,48.4,-21.6,652.0,770.0,15.0,90.0,RUNNING
2024-02-10 19:00:00,ZONE_M03,18.9,50.5,-19.5,671.0,770.0,15.0,90.0,RUNNING
2024-02-10 19:00:00,ZONE_B01,20.2,51.5,-18.9,638.0,770.0,15.0,90.0,RUNNING
2024-02-10 19:00:00,ZONE_B02,20.2,60.0,-19.0,798.0,770.0,15.0,90.0,RUNNING
2024-02-10 20:00:00,ZONE_M01,20.3,59.3,-17.4,772.0,770.0,15.0,90.0,RUNNING
2024-02-10 20:00:00,ZONE_M02,19.2,60.0,-19.2,790.0,770.0,15.0,90.0,RUNNING
2024-02-10 20:00:00,ZONE_M03,19.8,56.8,-18.5,748.0,770.0,15.0,90.0,RUNNING
2024-02-10 20:00:00,ZONE_B01,21.0,50.4,-20.2,698.0,770.0,15.0,90.0,RUNNING
2024-02-10 20:00:00,ZONE_B02,19.8,52.6,-19.6,744.0,770.0,15.0,90.0,RUNNING
2024-02-10 21:00:00,ZONE_M01,19.0,46.1,-19.7,561.0,770.0,15.0,90.0,RUNNING
2024-02-10 21:00:00,ZONE_M02,20.2,57.5,-22.6,758.0,770.0,15.0,90.0,RUNNING
2024-02-10 21:00:00,ZONE_M03,20.5,55.7,-20.3,727.0,770.0,15.0,90.0,RUNNING
2024-02-10 21:00:00,ZONE_B01,19.7,58.1,-20.3,682.0,770.0,15.0,90.0,RUNNING
2024-02-10 21:00:00,ZONE_B02,19.2,60.0,-16.1,840.0,770.0,15.0,90.0,RUNNING
2024-02-10 22:00:00,ZONE_M01,19.8,60.0,-19.0,835.0,770.0,15.0,90.0,RUNNING
2024-02-10 22:00:00,ZONE_M02,19.6,58.2,-18.3,774.0,770.0,15.0,90.0,RUNNING
2024-02-10 22:00:00,ZONE_M03,20.3,52.2,-18.8,732.0,770.0,15.0,90.0,RUNNING
2024-02-10 22:00:00,ZONE_B01,20.1,57.4,-20.2,688.0,770.0,15.0,90.0,RUNNING
2024-02-10 22:00:00,ZONE_B02,19.7,58.0,-19.8,709.0,770.0,15.0,90.0,RUNNING
2024-02-10 23:00:00,ZONE_M01,16.0,39.7,-23.9,494.0,770.0,15.0,90.0,RUNNING
2024-02-10 23:00:00,ZONE_M02,16.3,43.5,-20.0,450.0,770.0,15.0,90.0,RUNNING
2024-02-10 23:00:00,ZONE_M03,15.9,41.4,-15.6,471.0,770.0,15.0,90.0,RUNNING
2024-02-10 23:00:00,ZONE_B01,15.8,34.3,-17.2,436.0,770.0,15.0,90.0,RUNNING
2024-02-10 23:00:00,ZONE_B02,16.3,40.6,-18.7,425.0,770.0,15.0,90.0,RUNNING
2024-02-11 00:00:00,ZONE_M01,15.7,41.9,-21.5,495.0,770.0,15.0,90.0,RUNNING
2024-02-11 00:00:00,ZONE_M02,15.0,39.8,-18.3,458.0,770.0,15.0,90.0,RUNNING
2024-02-11 00:00:00,ZONE_M03,16.0,36.5,-19.6,453.0,770.0,15.0,90.0,RUNNING
2024-02-11 00:00:00,ZONE_B01,17.0,34.3,-19.3,445.0,770.0,15.0,90.0,RUNNING
2024-02-11 00:00:00,ZONE_B02,16.4,35.8,-20.9,427.0,770.0,15.0,90.0,RUNNING
2024-02-11 01:00:00,ZONE_M01,15.3,42.2,-24.4,465.0,770.0,15.0,90.0,RUNNING
2024-02-11 01:00:00,ZONE_M02,16.4,36.8,-21.2,422.0,770.0,15.0,90.0,RUNNING
2024-02-11 01:00:00,ZONE_M03,15.3,40.2,-21.8,514.0,770.0,15.0,90.0,RUNNING
2024-02-11 01:00:00,ZONE_B01,15.9,39.6,-19.2,509.0,770.0,15.0,90.0,RUNNING
2024-02-11 01:00:00,ZONE_B02,16.4,37.8,-19.3,457.0,770.0,15.0,90.0,RUNNING
2024-02-11 02:00:00,ZONE_M01,15.9,39.2,-19.6,447.0,770.0,15.0,90.0,RUNNING
2024-02-11 02:00:00,ZONE_M02,15.4,37.5,-22.3,435.0,770.0,15.0,90.0,RUNNING
2024-02-11 02:00:00,ZONE_M03,16.2,39.6,-19.1,478.0,770.0,15.0,90.0,RUNNING
2024-02-11 02:00:00,ZONE_B01,16.9,40.9,-20.0,523.0,770.0,15.0,90.0,RUNNING
2024-02-11 02:00:00,ZONE_B02,16.4,38.7,-18.2,512.0,770.0,15.0,90.0,RUNNING
2024-02-11 03:00:00,ZONE_M01,15.3,45.0,-21.7,484.0,770.0,15.0,90.0,RUNNING
2024-02-11 03:00:00,ZONE_M02,16.6,47.0,-24.4,472.0,770.0,15.0,90.0,RUNNING
2024-02-11 03:00:00,ZONE_M03,16.0,40.0,-20.6,493.0,770.0,15.0,90.0,RUNNING
2024-02-11 03:00:00,ZONE_B01,16.4,36.5,-21.0,419.0,770.0,15.0,90.0,RUNNING
2024-02-11 03:00:00,ZONE_B02,15.6,32.4,-20.2,457.0,770.0,15.0,90.0,RUNNING
2024-02-11 04:00:00,ZONE_M01,16.6,34.2,-21.4,461.0,770.0,15.0,90.0,RUNNING
2024-02-11 04:00:00,ZONE_M02,17.4,35.0,-19.9,497.0,770.0,15.0,90.0,RUNNING
2024-02-11 04:00:00,ZONE_M03,15.7,44.1,-19.6,486.0,770.0,15.0,90.0,RUNNING
2024-02-11 04:00:00,ZONE_B01,15.7,44.5,-19.0,518.0,770.0,15.0,90.0,RUNNING
2024-02-11 04:00:00,ZONE_B02,16.0,41.5,-18.7,421.0,770.0,15.0,90.0,RUNNING
2024-02-11 05:00:00,ZONE_M01,16.6,41.9,-15.9,461.0,770.0,15.0,90.0,RUNNING
2024-02-11 05:00:00,ZONE_M02,17.1,34.1,-21.5,512.0,770.0,15.0,90.0,RUNNING
2024-02-11 05:00:00,ZONE_M03,15.1,32.0,-20.9,377.0,770.0,15.0,90.0,RUNNING
2024-02-11 05:00:00,ZONE_B01,16.4,43.7,-20.3,479.0,770.0,15.0,90.0,RUNNING
2024-02-11 05:00:00,ZONE_B02,16.9,42.9,-16.8,477.0,770.0,15.0,90.0,RUNNING
2024-02-11 06:00:00,ZONE_M01,19.6,50.9,-21.3,626.0,770.0,15.0,90.0,RUNNING
2024-02-11 06:00:00,ZONE_M02,19.8,60.0,-20.5,784.0,770.0,15.0,90.0,RUNNING
2024-02-11 06:00:00,ZONE_M03,19.6,58.7,-15.1,690.0,770.0,15.0,90.0,RUNNING
2024-02-11 06:00:00,ZONE_B01,20.5,53.4,-20.2,699.0,770.0,15.0,90.0,RUNNING
2024-02-11 06:00:00,ZONE_B02,20.3,58.4,-22.0,714.0,770.0,15.0,90.0,RUNNING
2024-02-11 07:00:00,ZONE_M01,19.4,60.0,-19.2,717.0,770.0,15.0,90.0,RUNNING
2024-02-11 07:00:00,ZONE_M02,20.4,60.0,-21.1,790.0,770.0,15.0,90.0,RUNNING
2024-02-11 07:00:00,ZONE_M03,19.1,55.8,-21.9,681.0,770.0,15.0,90.0,RUNNING
2024-02-11 07:00:00,ZONE_B01,20.1,47.1,-21.4,599.0,770.0,15.0,90.0,RUNNING
2024-02-11 07:00:00,ZONE_B02,19.5,58.5,-19.4,781.0,770.0,15.0,90.0,RUNNING
2024-02-11 08:00:00,ZONE_M01,20.2,58.3,-16.5,770.0,770.0,15.0,90.0,RUNNING
2024-02-11 08:00:00,ZONE_M02,20.9,60.0,-23.1,827.0,770.0,15.0,90.0,RUNNING
2024-02-11 08:00:00,ZONE_M03,19.8,60.0,-22.1,854.0,770.0,15.0,90.0,RUNNING
2024-02-11 08:00:00,ZONE_B01,19.6,47.3,-20.9,647.0,770.0,15.0,90.0,RUNNING
2024-02-11 08:00:00,ZONE_B02,20.0,60.0,-17.1,792.0,770.0,15.0,90.0,RUNNING
2024-02-11 09:00:00,ZONE_M01,20.4,53.8,-17.9,685.0,770.0,15.0,90.0,RUNNING
2024-02-11 09:00:00,ZONE_M02,20.4,58.3,-16.6,715.0,770.0,15.0,90.0,RUNNING
2024-02-11 09:00:00,ZONE_M03,19.7,47.8,-17.7,637.0,770.0,15.0,90.0,RUNNING
2024-02-11 09:00:00,ZONE_B01,19.6,50.5,-19.8,661.0,770.0,15.0,90.0,RUNNING
2024-02-11 09:00:00,ZONE_B02,19.6,60.0,-21.8,844.0,770.0,15.0,90.0,RUNNING
2024-02-11 10:00:00,ZONE_M01,20.0,53.9,-17.6,784.0,770.0,15.0,90.0,RUNNING
2024-02-11 10:00:00,ZONE_M02,20.3,50.8,-21.6,702.0,770.0,15.0,90.0,RUNNING
2024-02-11 10:00:00,ZONE_M03,19.8,60.0,-16.5,857.0,770.0,15.0,90.0,RUNNING
2024-02-11 10:00:00,ZONE_B01,20.6,51.7,-16.9,613.0,770.0,15.0,90.0,RUNNING
2024-02-11 10:00:00,ZONE_B02,20.3,50.5,-20.5,551.0,770.0,15.0,90.0,RUNNING
2024-02-11 11:00:00,ZONE_M01,20.0,60.0,-18.2,798.0,770.0,15.0,90.0,RUNNING
2024-02-11 11:00:00,ZONE_M02,19.9,55.9,-19.9,746.0,770.0,15.0,90.0,RUNNING
2024-02-11 11:00:00,ZONE_M03,21.2,56.7,-20.3,776.0,770.0,15.0,90.0,RUNNING
2024-02-11 11:00:00,ZONE_B01,20.7,60.0,-17.7,790.0,770.0,15.0,90.0,RUNNING
2024-02-11 11:00:00,ZONE_B02,20.6,54.9,-17.1,704.0,770.0,15.0,90.0,RUNNING
2024-02-11 12:00:00,ZONE_M01,20.1,52.8,-21.2,684.0,770.0,15.0,90.0,RUNNING
2024-02-11 12:00:00,ZONE_M02,20.3,57.1,-16.7,788.0,770.0,15.0,90.0,RUNNING
2024-02-11 12:00:00,ZONE_M03,20.4,60.0,-17.6,788.0,770.0,15.0,90.0,RUNNING
2024-02-11 12:00:00,ZONE_B01,19.5,57.9,-18.3,768.0,770.0,15.0,90.0,RUNNING
2024-02-11 12:00:00,ZONE_B02,20.2,60.0,-21.5,819.0,770.0,15.0,90.0,RUNNING
2024-02-11 13:00:00,ZONE_M01,19.6,55.2,-19.3,708.0,770.0,15.0,90.0,RUNNING
2024-02-11 13:00:00,ZONE_M02,20.7,55.5,-16.9,767.0,770.0,15.0,90.0,RUNNING
2024-02-11 13:00:00,ZONE_M03,19.3,57.1,-18.8,720.0,770.0,15.0,90.0,RUNNING
2024-02-11 13:00:00,ZONE_B01,19.7,57.6,-19.1,755.0,770.0,15.0,90.0,RUNNING
2024-02-11 13:00:00,ZONE_B02,20.2,51.7,-19.9,729.0,770.0,15.0,90.0,RUNNING
2024-02-11 14:00:00,ZONE_M01,20.5,55.5,-19.0,714.0,770.0,15.0,90.0,RUNNING
2024-02-11 14:00:00,ZONE_M02,19.8,60.0,-19.3,957.0,770.0,15.0,90.0,RUNNING
2024-02-11 14:00:00,ZONE_M03,19.9,46.1,-22.5,656.0,770.0,15.0,90.0,RUNNING
2024-02-11 14:00:00,ZONE_B01,19.9,60.0,-16.4,871.0,770.0,15.0,90.0,RUNNING
2024-02-11 14:00:00,ZONE_B02,19.7,60.0,-25.2,776.0,770.0,15.0,90.0,RUNNING
2024-02-11 15:00:00,ZONE_M01,20.3,60.0,-18.8,836.0,770.0,15.0,90.0,RUNNING
2024-02-11 15:00:00,ZONE_M02,19.3,60.0,-18.8,786.0,770.0,15.0,90.0,RUNNING
2024-02-11 15:00:00,ZONE_M03,19.6,60.0,-17.9,801.0,770.0,15.0,90.0,RUNNING
2024-02-11 15:00:00,ZONE_B01,20.0,56.9,-19.6,815.0,770.0,15.0,90.0,RUNNING
2024-02-11 15:00:00,ZONE_B02,20.7,60.0,-18.3,843.0,770.0,15.0,90.0,RUNNING
2024-02-11 16:00:00,ZONE_M01,20.4,53.6,-17.2,666.0,770.0,15.0,90.0,RUNNING
2024-02-11 16:00:00,ZONE_M02,20.7,60.0,-19.6,798.0,770.0,15.0,90.0,RUNNING
2024-02-11 16:00:00,ZONE_M03,19.7,59.7,-17.1,741.0,770.0,15.0,90.0,RUNNING
2024-02-11 16:00:00,ZONE_B01,19.9,56.4,-19.7,693.0,770.0,15.0,90.0,RUNNING
2024-02-11 16:00:00,ZONE_B02,20.4,51.4,-20.4,680.0,770.0,15.0,90.0,RUNNING
2024-02-11 17:00:00,ZONE_M01,20.9,55.4,-19.9,676.0,770.0,15.0,90.0,RUNNING
2024-02-11 17:00:00,ZONE_M02,19.8,60.0,-16.0,867.0,770.0,15.0,90.0,RUNNING
2024-02-11 17:00:00,ZONE_M03,20.1,60.0,-18.9,823.0,770.0,15.0,90.0,RUNNING
2024-02-11 17:00:00,ZONE_B01,20.0,58.2,-22.1,764.0,770.0,15.0,90.0,RUNNING
2024-02-11 17:00:00,ZONE_B02,20.2,59.9,-21.9,905.0,770.0,15.0,90.0,RUNNING
2024-02-11 18:00:00,ZONE_M01,19.7,60.0,-20.1,896.0,770.0,15.0,90.0,RUNNING
2024-02-11 18:00:00,ZONE_M02,19.2,50.1,-23.3,703.0,770.0,15.0,90.0,RUNNING
2024-02-11 18:00:00,ZONE_M03,18.6,51.1,-21.9,608.0,770.0,15.0,90.0,RUNNING
2024-02-11 18:00:00,ZONE_B01,20.2,58.4,-19.3,819.0,770.0,15.0,90.0,RUNNING
2024-02-11 18:00:00,ZONE_B02,19.4,57.8,-19.0,676.0,770.0,15.0,90.0,RUNNING
2024-02-11 19:00:00,ZONE_M01,20.7,60.0,-19.0,749.0,770.0,15.0,90.0,RUNNING
2024-02-11 19:00:00,ZONE_M02,20.0,60.0,-22.3,745.0,770.0,15.0,90.0,RUNNING
2024-02-11 19:00:00,ZONE_M03,20.2,53.6,-21.4,727.0,770.0,15.0,90.0,RUNNING
2024-02-11 19:00:00,ZONE_B01,20.0,60.0,-20.1,803.0,770.0,15.0,90.0,RUNNING
2024-02-11 19:00:00,ZONE_B02,20.6,54.2,-23.5,735.0,770.0,15.0,90.0,RUNNING
2024-02-11 20:00:00,ZONE_M01,19.8,59.1,-19.2,749.0,770.0,15.0,90.0,RUNNING
2024-02-11 20:00:00,ZONE_M02,19.8,60.0,-21.4,791.0,770.0,15.0,90.0,RUNNING
2024-02-11 20:00:00,ZONE_M03,20.4,49.6,-19.7,692.0,770.0,15.0,90.0,RUNNING
2024-02-11 20:00:00,ZONE_B01,19.8,52.3,-18.4,659.0,770.0,15.0,90.0,RUNNING
2024-02-11 20:00:00,ZONE_B02,21.1,60.0,-18.7,711.0,770.0,15.0,90.0,RUNNING
2024-02-11 21:00:00,ZONE_M01,20.2,60.0,-19.8,932.0,770.0,15.0,90.0,RUNNING
2024-02-11 21:00:00,ZONE_M02,19.9,52.5,-22.1,713.0,770.0,15.0,90.0,RUNNING
2024-02-11 21:00:00,ZONE_M03,19.9,52.4,-18.0,650.0,770.0,15.0,90.0,RUNNING
2024-02-11 21:00:00,ZONE_B01,20.0,60.0,-16.8,717.0,770.0,15.0,90.0,RUNNING
2024-02-11 21:00:00,ZONE_B02,19.9,60.0,-20.0,712.0,770.0,15.0,90.0,RUNNING
2024-02-11 22:00:00,ZONE_M01,19.5,60.0,-20.9,812.0,770.0,15.0,90.0,RUNNING
2024-02-11 22:00:00,ZONE_M02,19.9,55.5,-17.0,764.0,770.0,15.0,90.0,RUNNING
2024-02-11 22:00:00,ZONE_M03,19.8,37.9,-22.7,544.0,770.0,15.0,90.0,RUNNING
2024-02-11 22:00:00,ZONE_B01,20.4,60.0,-17.7,874.0,770.0,15.0,90.0,RUNNING
2024-02-11 22:00:00,ZONE_B02,20.4,60.0,-21.4,790.0,770.0,15.0,90.0,RUNNING
2024-02-11 23:00:00,ZONE_M01,16.0,38.7,-22.5,378.0,770.0,15.0,90.0,RUNNING
2024-02-11 23:00:00,ZONE_M02,16.2,38.1,-19.2,456.0,770.0,15.0,90.0,RUNNING
2024-02-11 23:00:00,ZONE_M03,15.6,40.4,-21.8,485.0,770.0,15.0,90.0,RUNNING
2024-02-11 23:00:00,ZONE_B01,15.5,42.7,-20.6,470.0,770.0,15.0,90.0,RUNNING
2024-02-11 23:00:00,ZONE_B02,15.7,38.8,-19.5,456.0,770.0,15.0,90.0,RUNNING
2024-02-12 00:00:00,ZONE_M01,15.0,42.1,-19.7,497.0,770.0,15.0,90.0,RUNNING
2024-02-12 00:00:00,ZONE_M02,16.2,37.2,-20.1,521.0,770.0,15.0,90.0,RUNNING
2024-02-12 00:00:00,ZONE_M03,15.7,35.5,-19.2,439.0,770.0,15.0,90.0,RUNNING
2024-02-12 00:00:00,ZONE_B01,16.2,42.2,-18.5,445.0,770.0,15.0,90.0,RUNNING
2024-02-12 00:00:00,ZONE_B02,15.6,34.3,-22.0,374.0,770.0,15.0,90.0,RUNNING
2024-02-12 01:00:00,ZONE_M01,16.1,39.5,-20.9,468.0,770.0,15.0,90.0,RUNNING
2024-02-12 01:00:00,ZONE_M02,16.6,38.7,-18.8,453.0,770.0,15.0,90.0,RUNNING
2024-02-12 01:00:00,ZONE_M03,16.0,33.6,-19.3,427.0,770.0,15.0,90.0,RUNNING
2024-02-12 01:00:00,ZONE_B01,15.6,39.4,-23.0,486.0,770.0,15.0,90.0,RUNNING
2024-02-12 01:00:00,ZONE_B02,16.5,40.1,-19.5,412.0,770.0,15.0,90.0,RUNNING
2024-02-12 02:00:00,ZONE_M01,15.8,38.1,-21.3,454.0,770.0,15.0,90.0,RUNNING
2024-02-12 02:00:00,ZONE_M02,16.0,43.0,-18.2,545.0,770.0,15.0,90.0,RUNNING
2024-02-12 02:00:00,ZONE_M03,15.9,38.4,-23.5,472.0,770.0,15.0,90.0,RUNNING
2024-02-12 02:00:00,ZONE_B01,16.8,43.2,-21.0,540.0,770.0,15.0,90.0,RUNNING
2024-02-12 02:00:00,ZONE_B02,16.3,39.0,-20.7,456.0,770.0,15.0,90.0,RUNNING
2024-02-12 03:00:00,ZONE_M01,15.8,41.5,-21.4,477.0,770.0,15.0,90.0,RUNNING
2024-02-12 03:00:00,ZONE_M02,15.7,34.7,-18.9,486.0,770.0,15.0,90.0,RUNNING
2024-02-12 03:00:00,ZONE_M03,15.2,43.0,-20.8,444.0,770.0,15.0,90.0,RUNNING
2024-02-12 03:00:00,ZONE_B01,16.1,38.3,-17.0,460.0,770.0,15.0,90.0,RUNNING
2024-02-12 03:00:00,ZONE_B02,17.2,40.6,-20.8,530.0,770.0,15.0,90.0,RUNNING
2024-02-12 04:00:00,ZONE_M01,16.5,46.7,-18.0,452.0,770.0,15.0,90.0,RUNNING
2024-02-12 04:00:00,ZONE_M02,15.9,41.9,-20.5,510.0,770.0,15.0,90.0,RUNNING
2024-02-12 04:00:00,ZONE_M03,16.1,34.7,-20.6,455.0,770.0,15.0,90.0,RUNNING
2024-02-12 04:00:00,ZONE_B01,15.9,39.3,-20.4,422.0,770.0,15.0,90.0,RUNNING
2024-02-12 04:00:00,ZONE_B02,16.5,40.0,-21.6,478.0,770.0,15.0,90.0,RUNNING
2024-02-12 05:00:00,ZONE_M01,16.3,41.4,-20.8,465.0,770.0,15.0,90.0,RUNNING
2024-02-12 05:00:00,ZONE_M02,16.2,39.3,-21.2,445.0,770.0,15.0,90.0,RUNNING
2024-02-12 05:00:00,ZONE_M03,16.1,38.5,-21.2,491.0,770.0,15.0,90.0,RUNNING
2024-02-12 05:00:00,ZONE_B01,15.5,36.9,-22.3,474.0,770.0,15.0,90.0,RUNNING
2024-02-12 05:00:00,ZONE_B02,17.0,38.5,-19.8,469.0,770.0,15.0,90.0,RUNNING
2024-02-12 06:00:00,ZONE_M01,19.6,59.0,-23.2,649.0,770.0,15.0,90.0,RUNNING
2024-02-12 06:00:00,ZONE_M02,20.6,59.6,-18.9,809.0,770.0,15.0,90.0,RUNNING
2024-02-12 06:00:00,ZONE_M03,20.7,56.1,-22.5,759.0,770.0,15.0,90.0,RUNNING
2024-02-12 06:00:00,ZONE_B01,20.5,56.3,-17.8,686.0,770.0,15.0,90.0,RUNNING
2024-02-12 06:00:00,ZONE_B02,20.0,44.6,-21.4,576.0,770.0,15.0,90.0,RUNNING
2024-02-12 07:00:00,ZONE_M01,19.8,52.3,-20.5,727.0,770.0,15.0,90.0,RUNNING
2024-02-12 07:00:00,ZONE_M02,19.7,51.6,-16.8,657.0,770.0,15.0,90.0,RUNNING
2024-02-12 07:00:00,ZONE_M03,19.2,60.0,-19.3,827.0,770.0,15.0,90.0,RUNNING
2024-02-12 07:00:00,ZONE_B01,19.7,53.5,-22.1,720.0,770.0,15.0,90.0,RUNNING
2024-02-12 07:00:00,ZONE_B02,20.0,55.8,-16.9,759.0,770.0,15.0,90.0,RUNNING
2024-02-12 08:00:00,ZONE_M01,19.4,54.2,-19.3,664.0,770.0,15.0,90.0,RUNNING
2024-02-12 08:00:00,ZONE_M02,19.8,59.2,-19.8,858.0,770.0,15.0,90.0,RUNNING
2024-02-12 08:00:00,ZONE_M03,20.1,51.0,-17.8,658.0,770.0,15.0,90.0,RUNNING
2024-02-12 08:00:00,ZONE_B01,19.7,51.6,-18.4,648.0,770.0,15.0,90.0,RUNNING
2024-02-12 08:00:00,ZONE_B02,19.2,60.0,-20.3,820.0,770.0,15.0,90.0,RUNNING
2024-02-12 09:00:00,ZONE_M01,20.1,54.4,-18.8,687.0,770.0,15.0,90.0,RUNNING
2024-02-12 09:00:00,ZONE_M02,19.8,47.1,-16.2,632.0,770.0,15.0,90.0,RUNNING
2024-02-12 09:00:00,ZONE_M03,20.7,60.0,-19.2,761.0,770.0,15.0,90.0,RUNNING
2024-02-12 09:00:00,ZONE_B01,20.4,57.9,-21.5,763.0,770.0,15.0,90.0,RUNNING
2024-02-12 09:00:00,ZONE_B02,20.1,51.7,-20.2,630.0,770.0,15.0,90.0,RUNNING
2024-02-12 10:00:00,ZONE_M01,20.4,56.0,-23.2,718.0,770.0,15.0,90.0,RUNNING
2024-02-12 10:00:00,ZONE_M02,19.3,60.0,-22.6,729.0,770.0,15.0,90.0,RUNNING
2024-02-12 10:00:00,ZONE_M03,19.6,58.4,-20.3,736.0,770.0,15.0,90.0,RUNNING
2024-02-12 10:00:00,ZONE_B01,20.9,56.0,-16.1,752.0,770.0,15.0,90.0,RUNNING
2024-02-12 10:00:00,ZONE_B02,19.8,60.0,-18.7,910.0,770.0,15.0,90.0,RUNNING
2024-02-12 11:00:00,ZONE_M01,20.5,47.5,-17.0,566.0,770.0,15.0,90.0,RUNNING
2024-02-12 11:00:00,ZONE_M02,19.9,55.9,-20.8,695.0,770.0,15.0,90.0,RUNNING
2024-02-12 11:00:00,ZONE_M03,20.3,57.7,-16.5,733.0,770.0,15.0,90.0,RUNNING
2024-02-12 11:00:00,ZONE_B01,20.1,60.0,-18.1,822.0,770.0,15.0,90.0,RUNNING
2024-02-12 11:00:00,ZONE_B02,19.8,60.0,-21.1,770.0,770.0,15.0,90.0,RUNNING
2024-02-12 12:00:00,ZONE_M01,20.2,55.5,-18.6,700.0,770.0,15.0,90.0,RUNNING
2024-02-12 12:00:00,ZONE_M02,20.5,60.0,-22.4,902.0,770.0,15.0,90.0,RUNNING
2024-02-12 12:00:00,ZONE_M03,19.7,60.0,-18.2,806.0,770.0,15.0,90.0,RUNNING
2024-02-12 12:00:00,ZONE_B01,19.7,46.6,-20.3,639.0,770.0,15.0,90.0,RUNNING
2024-02-12 12:00:00,ZONE_B02,20.1,49.0,-19.4,649.0,770.0,15.0,90.0,RUNNING
2024-02-12 13:00:00,ZONE_M01,20.6,56.9,-19.0,733.0,770.0,15.0,90.0,RUNNING
2024-02-12 13:00:00,ZONE_M02,20.0,58.0,-19.3,716.0,770.0,15.0,90.0,RUNNING
2024-02-12 13:00:00,ZONE_M03,20.1,55.9,-20.2,639.0,770.0,15.0,90.0,RUNNING
2024-02-12 13:00:00,ZONE_B01,19.8,60.0,-18.3,757.0,770.0,15.0,90.0,RUNNING
2024-02-12 13:00:00,ZONE_B02,19.9,51.1,-20.9,596.0,770.0,15.0,90.0,RUNNING
2024-02-12 14:00:00,ZONE_M01,19.5,48.7,-19.4,607.0,770.0,15.0,90.0,RUNNING
2024-02-12 14:00:00,ZONE_M02,20.3,60.0,-20.5,815.0,770.0,15.0,90.0,RUNNING
2024-02-12 14:00:00,ZONE_M03,19.7,60.0,-21.7,909.0,770.0,15.0,90.0,RUNNING
2024-02-12 14:00:00,ZONE_B01,20.7,57.1,-21.8,675.0,770.0,15.0,90.0,RUNNING
2024-02-12 14:00:00,ZONE_B02,20.0,58.1,-21.4,799.0,770.0,15.0,90.0,RUNNING
2024-02-12 15:00:00,ZONE_M01,20.3,54.8,-15.8,704.0,770.0,15.0,90.0,RUNNING
2024-02-12 15:00:00,ZONE_M02,19.9,56.8,-23.3,652.0,770.0,15.0,90.0,RUNNING
2024-02-12 15:00:00,ZONE_M03,19.5,56.3,-21.5,721.0,770.0,15.0,90.0,RUNNING
2024-02-12 15:00:00,ZONE_B01,20.6,60.0,-22.4,746.0,770.0,15.0,90.0,RUNNING
2024-02-12 15:00:00,ZONE_B02,19.7,51.8,-19.4,644.0,770.0,15.0,90.0,RUNNING
2024-02-12 16:00:00,ZONE_M01,19.0,52.4,-20.8,645.0,770.0,15.0,90.0,RUNNING
2024-02-12 16:00:00,ZONE_M02,19.8,50.7,-17.5,697.0,770.0,15.0,90.0,RUNNING
2024-02-12 16:00:00,ZONE_M03,20.1,60.0,-19.0,728.0,770.0,15.0,90.0,RUNNING
2024-02-12 16:00:00,ZONE_B01,20.0,53.6,-18.7,733.0,770.0,15.0,90.0,RUNNING
2024-02-12 16:00:00,ZONE_B02,20.3,60.0,-17.6,794.0,770.0,15.0,90.0,RUNNING
2024-02-12 17:00:00,ZONE_M01,20.8,55.2,-21.9,703.0,770.0,15.0,90.0,RUNNING
2024-02-12 17:00:00,ZONE_M02,20.1,58.9,-20.2,778.0,770.0,15.0,90.0,RUNNING
2024-02-12 17:00:00,ZONE_M03,20.3,58.7,-19.1,732.0,770.0,15.0,90.0,RUNNING
2024-02-12 17:00:00,ZONE_B01,20.1,54.9,-18.8,753.0,770.0,15.0,90.0,RUNNING
2024-02-12 17:00:00,ZONE_B02,20.6,60.0,-21.4,754.0,770.0,15.0,90.0,RUNNING
2024-02-12 18:00:00,ZONE_M01,19.9,59.4,-17.7,722.0,770.0,15.0,90.0,RUNNING
2024-02-12 18:00:00,ZONE_M02,19.8,60.0,-20.6,811.0,770.0,15.0,90.0,RUNNING
2024-02-12 18:00:00,ZONE_M03,19.7,57.4,-21.7,652.0,770.0,15.0,90.0,RUNNING
2024-02-12 18:00:00,ZONE_B01,21.0,60.0,-22.0,842.0,770.0,15.0,90.0,RUNNING
2024-02-12 18:00:00,ZONE_B02,21.0,60.0,-19.9,797.0,770.0,15.0,90.0,RUNNING
2024-02-12 19:00:00,ZONE_M01,19.8,60.0,-18.9,886.0,770.0,15.0,90.0,RUNNING
2024-02-12 19:00:00,ZONE_M02,20.1,50.5,-21.9,621.0,770.0,15.0,90.0,RUNNING
2024-02-12 19:00:00,ZONE_M03,19.6,60.0,-19.7,792.0,770.0,15.0,90.0,RUNNING
2024-02-12 19:00:00,ZONE_B01,19.6,60.0,-20.1,797.0,770.0,15.0,90.0,RUNNING
2024-02-12 19:00:00,ZONE_B02,19.5,55.9,-18.4,687.0,770.0,15.0,90.0,RUNNING
2024-02-12 20:00:00,ZONE_M01,19.5,60.0,-16.6,915.0,770.0,15.0,90.0,RUNNING
2024-02-12 20:00:00,ZONE_M02,19.8,53.9,-21.3,649.0,770.0,15.0,90.0,RUNNING
2024-02-12 20:00:00,ZONE_M03,20.8,60.0,-19.5,797.0,770.0,15.0,90.0,RUNNING
2024-02-12 20:00:00,ZONE_B01,19.0,60.0,-19.9,763.0,770.0,15.0,90.0,RUNNING
2024-02-12 20:00:00,ZONE_B02,20.6,58.5,-20.9,749.0,770.0,15.0,90.0,RUNNING
2024-02-12 21:00:00,ZONE_M01,19.9,60.0,-18.5,880.0,770.0,15.0,90.0,RUNNING
2024-02-12 21:00:00,ZONE_M02,19.9,60.0,-23.0,753.0,770.0,15.0,90.0,RUNNING
2024-02-12 21:00:00,ZONE_M03,19.8,57.5,-24.1,721.0,770.0,15.0,90.0,RUNNING
2024-02-12 21:00:00,ZONE_B01,19.1,56.2,-20.5,646.0,770.0,15.0,90.0,RUNNING
2024-02-12 21:00:00,ZONE_B02,19.7,60.0,-22.1,962.0,770.0,15.0,90.0,RUNNING
2024-02-12 22:00:00,ZONE_M01,19.8,42.1,-24.1,523.0,770.0,15.0,90.0,RUNNING
2024-02-12 22:00:00,ZONE_M02,20.3,60.0,-18.6,855.0,770.0,15.0,90.0,RUNNING
2024-02-12 22:00:00,ZONE_M03,19.9,60.0,-20.1,880.0,770.0,15.0,90.0,RUNNING
2024-02-12 22:00:00,ZONE_B01,20.0,52.2,-19.0,655.0,770.0,15.0,90.0,RUNNING
2024-02-12 22:00:00,ZONE_B02,18.6,49.9,-19.5,648.0,770.0,15.0,90.0,RUNNING
2024-02-12 23:00:00,ZONE_M01,16.0,40.1,-19.8,428.0,770.0,15.0,90.0,RUNNING
2024-02-12 23:00:00,ZONE_M02,16.3,36.2,-18.5,432.0,770.0,15.0,90.0,RUNNING
2024-02-12 23:00:00,ZONE_M03,15.6,43.5,-22.7,562.0,770.0,15.0,90.0,RUNNING
2024-02-12 23:00:00,ZONE_B01,15.6,42.1,-21.2,478.0,770.0,15.0,90.0,RUNNING
2024-02-12 23:00:00,ZONE_B02,15.3,42.9,-17.5,513.0,770.0,15.0,90.0,RUNNING
2024-02-13 00:00:00,ZONE_M01,15.7,45.7,-22.2,505.0,770.0,15.0,90.0,RUNNING
2024-02-13 00:00:00,ZONE_M02,16.3,43.2,-22.3,430.0,770.0,15.0,90.0,RUNNING
2024-02-13 00:00:00,ZONE_M03,16.1,44.9,-18.8,454.0,770.0,15.0,90.0,RUNNING
2024-02-13 00:00:00,ZONE_B01,16.0,39.4,-20.9,463.0,770.0,15.0,90.0,RUNNING
2024-02-13 00:00:00,ZONE_B02,16.1,42.3,-23.4,498.0,770.0,15.0,90.0,RUNNING
2024-02-13 01:00:00,ZONE_M01,17.1,45.7,-17.8,571.0,770.0,15.0,90.0,RUNNING
2024-02-13 01:00:00,ZONE_M02,16.3,42.6,-19.3,425.0,770.0,15.0,90.0,RUNNING
2024-02-13 01:00:00,ZONE_M03,16.3,34.8,-22.2,454.0,770.0,15.0,90.0,RUNNING
2024-02-13 01:00:00,ZONE_B01,16.2,41.6,-20.2,421.0,770.0,15.0,90.0,RUNNING
2024-02-13 01:00:00,ZONE_B02,16.8,42.1,-21.6,490.0,770.0,15.0,90.0,RUNNING
2024-02-13 02:00:00,ZONE_M01,16.1,44.5,-22.8,504.0,770.0,15.0,90.0,RUNNING
2024-02-13 02:00:00,ZONE_M02,16.0,42.6,-21.4,542.0,770.0,15.0,90.0,RUNNING
2024-02-13 02:00:00,ZONE_M03,15.8,36.2,-20.0,468.0,770.0,15.0,90.0,RUNNING
2024-02-13 02:00:00,ZONE_B01,16.1,38.3,-21.5,482.0,770.0,15.0,90.0,RUNNING
2024-02-13 02:00:00,ZONE_B02,15.9,38.1,-16.8,453.0,770.0,15.0,90.0,RUNNING
2024-02-13 03:00:00,ZONE_M01,15.9,36.6,-20.7,469.0,770.0,15.0,90.0,RUNNING
2024-02-13 03:00:00,ZONE_M02,15.7,39.8,-19.5,472.0,770.0,15.0,90.0,RUNNING
2024-02-13 03:00:00,ZONE_M03,16.7,42.3,-15.0,423.0,770.0,15.0,90.0,RUNNING
2024-02-13 03:00:00,ZONE_B01,15.3,41.4,-17.5,505.0,770.0,15.0,90.0,RUNNING
2024-02-13 03:00:00,ZONE_B02,16.3,37.6,-22.0,470.0,770.0,15.0,90.0,RUNNING
2024-02-13 04:00:00,ZONE_M01,16.7,44.5,-18.6,493.0,770.0,15.0,90.0,RUNNING
2024-02-13 04:00:00,ZONE_M02,15.5,38.8,-20.1,470.0,770.0,15.0,90.0,RUNNING
2024-02-13 04:00:00,ZONE_M03,16.4,33.8,-23.3,461.0,770.0,15.0,90.0,RUNNING
2024-02-13 04:00:00,ZONE_B01,16.2,34.2,-19.2,457.0,770.0,15.0,90.0,RUNNING
2024-02-13 04:00:00,ZONE_B02,16.2,40.5,-20.9,504.0,770.0,15.0,90.0,RUNNING
2024-02-13 05:00:00,ZONE_M01,16.3,42.2,-19.6,460.0,770.0,15.0,90.0,RUNNING
2024-02-13 05:00:00,ZONE_M02,15.3,41.0,-16.7,454.0,770.0,15.0,90.0,RUNNING
2024-02-13 05:00:00,ZONE_M03,16.1,38.7,-18.8,480.0,770.0,15.0,90.0,RUNNING
2024-02-13 05:00:00,ZONE_B01,15.4,44.7,-21.1,518.0,770.0,15.0,90.0,RUNNING
2024-02-13 05:00:00,ZONE_B02,17.0,37.6,-18.8,484.0,770.0,15.0,90.0,RUNNING
2024-02-13 06:00:00,ZONE_M01,20.4,53.2,-17.6,590.0,770.0,15.0,90.0,RUNNING
2024-02-13 06:00:00,ZONE_M02,19.9,52.7,-25.5,644.0,770.0,15.0,90.0,RUNNING
2024-02-13 06:00:00,ZONE_M03,19.5,60.0,-19.0,759.0,770.0,15.0,90.0,RUNNING
2024-02-13 06:00:00,ZONE_B01,20.5,60.0,-19.2,748.0,770.0,15.0,90.0,RUNNING
2024-02-13 06:00:00,ZONE_B02,21.2,49.6,-21.0,631.0,770.0,15.0,90.0,RUNNING
2024-02-13 07:00:00,ZONE_M01,20.6,53.4,-21.3,666.0,770.0,15.0,90.0,RUNNING
2024-02-13 07:00:00,ZONE_M02,19.6,60.0,-23.5,786.0,770.0,15.0,90.0,RUNNING
2024-02-13 07:00:00,ZONE_M03,20.5,58.8,-17.7,837.0,770.0,15.0,90.0,RUNNING
2024-02-13 07:00:00,ZONE_B01,19.8,60.0,-18.8,743.0,770.0,15.0,90.0,RUNNING
2024-02-13 07:00:00,ZONE_B02,20.6,58.9,-19.4,731.0,770.0,15.0,90.0,RUNNING
2024-02-13 08:00:00,ZONE_M01,19.9,60.0,-20.8,924.0,770.0,15.0,90.0,RUNNING
2024-02-13 08:00:00,ZONE_M02,19.6,60.0,-23.4,762.0,770.0,15.0,90.0,RUNNING
2024-02-13 08:00:00,ZONE_M03,20.2,60.0,-20.1,953.0,770.0,15.0,90.0,RUNNING
2024-02-13 08:00:00,ZONE_B01,20.1,60.0,-16.6,803.0,770.0,15.0,90.0,RUNNING
2024-02-13 08:00:00,ZONE_B02,20.0,57.4,-21.0,686.0,770.0,15.0,90.0,RUNNING
2024-02-13 09:00:00,ZONE_M01,20.5,60.0,-21.7,874.0,770.0,15.0,90.0,RUNNING
2024-02-13 09:00:00,ZONE_M02,19.7,59.1,-21.3,798.0,770.0,15.0,90.0,RUNNING
2024-02-13 09:00:00,ZONE_M03,20.1,49.0,-20.0,590.0,770.0,15.0,90.0,RUNNING
2024-02-13 09:00:00,ZONE_B01,20.1,54.2,-19.6,697.0,770.0,15.0,90.0,RUNNING
2024-02-13 09:00:00,ZONE_B02,19.6,60.0,-22.9,751.0,770.0,15.0,90.0,RUNNING
2024-02-13 10:00:00,ZONE_M01,19.7,60.0,-21.4,740.0,770.0,15.0,90.0,RUNNING
2024-02-13 10:00:00,ZONE_M02,19.7,49.8,-22.0,644.0,770.0,15.0,90.0,RUNNING
2024-02-13 10:00:00,ZONE_M03,20.0,60.0,-18.7,796.0,770.0,15.0,90.0,RUNNING
2024-02-13 10:00:00,ZONE_B01,20.9,59.4,-20.1,785.0,770.0,15.0,90.0,RUNNING
2024-02-13 10:00:00,ZONE_B02,19.4,60.0,-19.8,876.0,770.0,15.0,90.0,RUNNING
2024-02-13 11:00:00,ZONE_M01,20.9,60.0,-21.1,877.0,770.0,15.0,90.0,RUNNING
2024-02-13 11:00:00,ZONE_M02,19.9,52.1,-19.2,685.0,770.0,15.0,90.0,RUNNING
2024-02-13 11:00:00,ZONE_M03,19.7,60.0,-16.6,810.0,770.0,15.0,90.0,RUNNING
2024-02-13 11:00:00,ZONE_B01,19.9,60.0,-18.9,932.0,770.0,15.0,90.0,RUNNING
2024-02-13 11:00:00,ZONE_B02,19.4,54.1,-20.4,766.0,770.0,15.0,90.0,RUNNING
2024-02-13 12:00:00,ZONE_M01,19.7,60.0,-17.1,811.0,770.0,15.0,90.0,RUNNING
2024-02-13 12:00:00,ZONE_M02,19.9,57.7,-15.6,814.0,770.0,15.0,90.0,RUNNING
2024-02-13 12:00:00,ZONE_M03,19.7,53.2,-21.2,677.0,770.0,15.0,90.0,RUNNING
2024-02-13 12:00:00,ZONE_B01,19.8,54.9,-23.3,743.0,770.0,15.0,90.0,RUNNING
2024-02-13 12:00:00,ZONE_B02,19.6,47.9,-20.3,560.0,770.0,15.0,90.0,RUNNING
2024-02-13 13:00:00,ZONE_M01,20.7,60.0,-22.9,844.0,770.0,15.0,90.0,RUNNING
2024-02-13 13:00:00,ZONE_M02,19.9,53.3,-19.5,621.0,770.0,15.0,90.0,RUNNING
2024-02-13 13:00:00,ZONE_M03,20.3,60.0,-18.7,854.0,770.0,15.0,90.0,RUNNING
2024-02-13 13:00:00,ZONE_B01,20.2,54.7,-22.2,745.0,770.0,15.0,90.0,RUNNING
2024-02-13 13:00:00,ZONE_B02,19.7,49.9,-17.5,657.0,770.0,15.0,90.0,RUNNING
2024-02-13 14:00:00,ZONE_M01,19.9,59.1,-21.2,725.0,770.0,15.0,90.0,RUNNING
2024-02-13 14:00:00,ZONE_M02,20.1,58.7,-21.0,813.0,770.0,15.0,90.0,RUNNING
2024-02-13 14:00:00,ZONE_M03,20.3,59.6,-19.7,688.0,770.0,15.0,90.0,RUNNING
2024-02-13 14:00:00,ZONE_B01,20.1,54.5,-19.0,645.0,770.0,15.0,90.0,RUNNING
2024-02-13 14:00:00,ZONE_B02,20.3,52.5,-18.9,623.0,770.0,15.0,90.0,RUNNING
2024-02-13 15:00:00,ZONE_M01,19.0,60.0,-22.4,809.0,770.0,15.0,90.0,RUNNING
2024-02-13 15:00:00,ZONE_M02,19.0,59.1,-19.6,782.0,770.0,15.0,90.0,RUNNING
2024-02-13 15:00:00,ZONE_M03,20.1,51.0,-23.0,691.0,770.0,15.0,90.0,RUNNING
2024-02-13 15:00:00,ZONE_B01,19.2,60.0,-21.9,787.0,770.0,15.0,90.0,RUNNING
2024-02-13 15:00:00,ZONE_B02,19.5,60.0,-17.3,848.0,770.0,15.0,90.0,RUNNING
2024-02-13 16:00:00,ZONE_M01,20.1,50.4,-23.8,666.0,770.0,15.0,90.0,RUNNING
2024-02-13 16:00:00,ZONE_M02,20.2,58.0,-20.5,710.0,770.0,15.0,90.0,RUNNING
2024-02-13 16:00:00,ZONE_M03,20.6,60.0,-19.3,915.0,770.0,15.0,90.0,RUNNING
2024-02-13 16:00:00,ZONE_B01,19.8,51.5,-17.0,644.0,770.0,15.0,90.0,RUNNING
2024-02-13 16:00:00,ZONE_B02,20.4,57.9,-22.2,689.0,770.0,15.0,90.0,RUNNING
2024-02-13 17:00:00,ZONE_M01,19.9,57.5,-20.8,817.0,770.0,15.0,90.0,RUNNING
2024-02-13 17:00:00,ZONE_M02,20.8,58.7,-21.5,718.0,770.0,15.0,90.0,RUNNING
2024-02-13 17:00:00,ZONE_M03,20.5,49.7,-20.4,664.0,770.0,15.0,90.0,RUNNING
2024-02-13 17:00:00,ZONE_B01,20.3,60.0,-17.7,864.0,770.0,15.0,90.0,RUNNING
2024-02-13 17:00:00,ZONE_B02,19.1,56.5,-19.6,672.0,770.0,15.0,90.0,RUNNING
2024-02-13 18:00:00,ZONE_M01,20.1,56.0,-22.4,740.0,770.0,15.0,90.0,RUNNING
2024-02-13 18:00:00,ZONE_M02,20.0,55.9,-19.8,701.0,770.0,15.0,90.0,RUNNING
2024-02-13 18:00:00,ZONE_M03,20.4,45.0,-21.2,593.0,770.0,15.0,90.0,RUNNING
2024-02-13 18:00:00,ZONE_B01,20.5,60.0,-23.0,783.0,770.0,15.0,90.0,RUNNING
2024-02-13 18:00:00,ZONE_B02,19.7,59.3,-19.9,773.0,770.0,15.0,90.0,RUNNING
2024-02-13 19:00:00,ZONE_M01,19.5,60.0,-20.6,800.0,770.0,15.0,90.0,RUNNING
2024-02-13 19:00:00,ZONE_M02,19.5,59.4,-22.8,727.0,770.0,15.0,90.0,RUNNING
2024-02-13 19:00:00,ZONE_M03,19.9,56.2,-21.6,638.0,770.0,15.0,90.0,RUNNING
2024-02-13 19:00:00,ZONE_B01,19.6,58.6,-22.5,686.0,770.0,15.0,90.0,RUNNING
2024-02-13 19:00:00,ZONE_B02,19.8,48.7,-20.7,674.0,770.0,15.0,90.0,RUNNING
2024-02-13 20:00:00,ZONE_M01,20.4,60.0,-19.9,737.0,770.0,15.0,90.0,RUNNING
2024-02-13 20:00:00,ZONE_M02,20.0,60.0,-20.5,873.0,770.0,15.0,90.0,RUNNING
2024-02-13 20:00:00,ZONE_M03,20.2,60.0,-17.3,726.0,770.0,15.0,90.0,RUNNING
2024-02-13 20:00:00,ZONE_B01,20.2,56.4,-19.5,786.0,770.0,15.0,90.0,RUNNING
2024-02-13 20:00:00,ZONE_B02,21.0,59.1,-17.8,777.0,770.0,15.0,90.0,RUNNING
2024-02-13 21:00:00,ZONE_M01,19.8,58.0,-21.6,686.0,770.0,15.0,90.0,RUNNING
2024-02-13 21:00:00,ZONE_M02,19.8,57.0,-21.8,714.0,770.0,15.0,90.0,RUNNING
2024-02-13 21:00:00,ZONE_M03,20.0,48.0,-20.8,639.0,770.0,15.0,90.0,RUNNING
2024-02-13 21:00:00,ZONE_B01,20.0,58.8,-19.6,802.0,770.0,15.0,90.0,RUNNING
2024-02-13 21:00:00,ZONE_B02,18.8,59.7,-21.7,756.0,770.0,15.0,90.0,RUNNING
2024-02-13 22:00:00,ZONE_M01,20.2,52.4,-23.2,750.0,770.0,15.0,90.0,RUNNING
2024-02-13 22:00:00,ZONE_M02,20.4,59.7,-19.9,741.0,770.0,15.0,90.0,RUNNING
2024-02-13 22:00:00,ZONE_M03,19.7,55.4,-23.0,744.0,770.0,15.0,90.0,RUNNING
2024-02-13 22:00:00,ZONE_B01,20.0,60.0,-18.9,873.0,770.0,15.0,90.0,RUNNING
2024-02-13 22:00:00,ZONE_B02,19.7,60.0,-21.1,827.0,770.0,15.0,90.0,RUNNING
2024-02-13 23:00:00,ZONE_M01,15.5,39.2,-18.7,426.0,770.0,15.0,90.0,RUNNING
2024-02-13 23:00:00,ZONE_M02,15.9,42.4,-21.2,531.0,770.0,15.0,90.0,RUNNING
2024-02-13 23:00:00,ZONE_M03,16.5,42.6,-18.5,524.0,770.0,15.0,90.0,RUNNING
2024-02-13 23:00:00,ZONE_B01,16.0,37.5,-20.0,441.0,770.0,15.0,90.0,RUNNING
2024-02-13 23:00:00,ZONE_B02,15.6,39.1,-19.7,418.0,770.0,15.0,90.0,RUNNING
2024-02-14 00:00:00,ZONE_M01,16.2,42.5,-18.6,460.0,770.0,15.0,90.0,RUNNING
2024-02-14 00:00:00,ZONE_M02,16.0,45.4,-22.1,526.0,770.0,15.0,90.0,RUNNING
2024-02-14 00:00:00,ZONE_M03,16.2,42.2,-18.0,501.0,770.0,15.0,90.0,RUNNING
2024-02-14 00:00:00,ZONE_B01,15.8,39.5,-19.4,460.0,770.0,15.0,90.0,RUNNING
2024-02-14 00:00:00,ZONE_B02,15.8,42.0,-25.8,500.0,770.0,15.0,90.0,RUNNING
2024-02-14 01:00:00,ZONE_M01,15.0,45.7,-22.9,492.0,770.0,15.0,90.0,RUNNING
2024-02-14 01:00:00,ZONE_M02,16.8,42.1,-18.5,492.0,770.0,15.0,90.0,RUNNING
2024-02-14 01:00:00,ZONE_M03,15.2,43.0,-16.8,468.0,770.0,15.0,90.0,RUNNING
2024-02-14 01:00:00,ZONE_B01,16.3,38.2,-22.9,476.0,770.0,15.0,90.0,RUNNING
2024-02-14 01:00:00,ZONE_B02,15.5,40.2,-18.8,502.0,770.0,15.0,90.0,RUNNING
2024-02-14 02:00:00,ZONE_M01,16.1,36.8,-23.4,490.0,770.0,15.0,90.0,RUNNING
2024-02-14 02:00:00,ZONE_M02,16.0,41.0,-23.4,463.0,770.0,15.0,90.0,RUNNING
2024-02-14 02:00:00,ZONE_M03,14.9,39.5,-22.6,440.0,770.0,15.0,90.0,RUNNING
2024-02-14 02:00:00,ZONE_B01,16.6,43.1,-20.1,502.0,770.0,15.0,90.0,RUNNING
2024-02-14 02:00:00,ZONE_B02,16.1,38.8,-18.4,452.0,770.0,15.0,90.0,RUNNING
2024-02-14 03:00:00,ZONE_M01,15.8,40.1,-22.3,504.0,770.0,15.0,90.0,RUNNING
2024-02-14 03:00:00,ZONE_M02,16.4,40.8,-24.1,489.0,770.0,15.0,90.0,RUNNING
2024-02-14 03:00:00,ZONE_M03,15.6,40.0,-20.9,514.0,770.0,15.0,90.0,RUNNING
2024-02-14 03:00:00,ZONE_B01,16.0,40.2,-21.4,503.0,770.0,15.0,90.0,RUNNING
2024-02-14 03:00:00,ZONE_B02,16.7,32.3,-19.7,493.0,770.0,15.0,90.0,RUNNING
2024-02-14 04:00:00,ZONE_M01,15.2,31.8,-19.7,502.0,770.0,15.0,90.0,RUNNING
2024-02-14 04:00:00,ZONE_M02,15.9,41.0,-24.7,445.0,770.0,15.0,90.0,RUNNING
2024-02-14 04:00:00,ZONE_M03,16.4,40.7,-20.8,464.0,770.0,15.0,90.0,RUNNING
2024-02-14 04:00:00,ZONE_B01,16.1,41.1,-17.0,516.0,770.0,15.0,90.0,RUNNING
2024-02-14 04:00:00,ZONE_B02,14.9,37.4,-18.3,412.0,770.0,15.0,90.0,RUNNING
2024-02-14 05:00:00,ZONE_M01,16.4,38.0,-23.1,482.0,770.0,15.0,90.0,RUNNING
2024-02-14 05:00:00,ZONE_M02,16.2,42.2,-26.0,501.0,770.0,15.0,90.0,RUNNING
2024-02-14 05:00:00,ZONE_M03,16.1,38.2,-18.9,459.0,770.0,15.0,90.0,RUNNING
2024-02-14 05:00:00,ZONE_B01,15.6,35.8,-18.3,458.0,770.0,15.0,90.0,RUNNING
2024-02-14 05:00:00,ZONE_B02,15.5,40.6,-20.4,473.0,770.0,15.0,90.0,RUNNING
2024-02-14 06:00:00,ZONE_M01,21.0,56.9,-20.1,792.0,770.0,15.0,90.0,RUNNING
2024-02-14 06:00:00,ZONE_M02,19.8,44.3,-24.0,571.0,770.0,15.0,90.0,RUNNING
2024-02-14 06:00:00,ZONE_M03,20.8,52.3,-22.8,677.0,770.0,15.0,90.0,RUNNING
2024-02-14 06:00:00,ZONE_B01,20.4,55.2,-20.2,658.0,770.0,15.0,90.0,RUNNING
2024-02-14 06:00:00,ZONE_B02,19.7,57.2,-22.0,756.0,770.0,15.0,90.0,RUNNING
2024-02-14 07:00:00,ZONE_M01,20.0,60.0,-18.2,894.0,770.0,15.0,90.0,RUNNING
2024-02-14 07:00:00,ZONE_M02,20.5,60.0,-22.4,859.0,770.0,15.0,90.0,RUNNING
2024-02-14 07:00:00,ZONE_M03,20.0,54.4,-19.9,672.0,770.0,15.0,90.0,RUNNING
2024-02-14 07:00:00,ZONE_B01,19.5,47.4,-23.0,575.0,770.0,15.0,90.0,RUNNING
2024-02-14 07:00:00,ZONE_B02,18.9,60.0,-22.0,823.0,770.0,15.0,90.0,RUNNING
2024-02-14 08:00:00,ZONE_M01,19.8,54.6,-17.1,755.0,770.0,15.0,90.0,RUNNING
2024-02-14 08:00:00,ZONE_M02,19.9,60.0,-20.3,735.0,770.0,15.0,90.0,RUNNING
2024-02-14 08:00:00,ZONE_M03,19.4,60.0,-21.6,904.0,770.0,15.0,90.0,RUNNING
2024-02-14 08:00:00,ZONE_B01,20.8,54.5,-18.7,734.0,770.0,15.0,90.0,RUNNING
2024-02-14 08:00:00,ZONE_B02,19.4,60.0,-22.4,852.0,770.0,15.0,90.0,RUNNING
2024-02-14 09:00:00,ZONE_M01,19.2,60.0,-21.9,826.0,770.0,15.0,90.0,RUNNING
2024-02-14 09:00:00,ZONE_M02,20.9,56.6,-19.4,691.0,770.0,15.0,90.0,RUNNING
2024-02-14 09:00:00,ZONE_M03,20.5,58.7,-25.3,757.0,770.0,15.0,90.0,RUNNING
2024-02-14 09:00:00,ZONE_B01,19.7,56.9,-19.7,720.0,770.0,15.0,90.0,RUNNING
2024-02-14 09:00:00,ZONE_B02,19.3,52.3,-20.0,691.0,770.0,15.0,90.0,RUNNING
2024-02-14 10:00:00,ZONE_M01,19.8,60.0,-21.9,893.0,770.0,15.0,90.0,RUNNING
2024-02-14 10:00:00,ZONE_M02,20.4,57.2,-24.7,784.0,770.0,15.0,90.0,RUNNING
2024-02-14 10:00:00,ZONE_M03,20.3,60.0,-18.8,858.0,770.0,15.0,90.0,RUNNING
2024-02-14 10:00:00,ZONE_B01,18.9,57.5,-24.3,725.0,770.0,15.0,90.0,RUNNING
2024-02-14 10:00:00,ZONE_B02,19.7,58.9,-21.5,826.0,770.0,15.0,90.0,RUNNING
2024-02-14 11:00:00,ZONE_M01,20.5,60.0,-17.0,836.0,770.0,15.0,90.0,RUNNING
2024-02-14 11:00:00,ZONE_M02,19.6,60.0,-18.9,771.0,770.0,15.0,90.0,RUNNING
2024-02-14 11:00:00,ZONE_M03,20.4,58.2,-20.5,792.0,770.0,15.0,90.0,RUNNING
2024-02-14 11:00:00,ZONE_B01,19.8,60.0,-18.9,805.0,770.0,15.0,90.0,RUNNING
2024-02-14 11:00:00,ZONE_B02,20.0,60.0,-16.0,903.0,770.0,15.0,90.0,RUNNING
2024-02-14 12:00:00,ZONE_M01,20.1,56.9,-17.5,706.0,770.0,15.0,90.0,RUNNING
2024-02-14 12:00:00,ZONE_M02,20.2,60.0,-18.3,984.0,770.0,15.0,90.0,RUNNING
2024-02-14 12:00:00,ZONE_M03,20.6,60.0,-18.0,828.0,770.0,15.0,90.0,RUNNING
2024-02-14 12:00:00,ZONE_B01,19.4,51.1,-21.8,605.0,770.0,15.0,90.0,RUNNING
2024-02-14 12:00:00,ZONE_B02,19.0,59.5,-25.6,755.0,770.0,15.0,90.0,RUNNING
2024-02-14 13:00:00,ZONE_M01,20.0,51.3,-20.5,708.0,770.0,15.0,90.0,RUNNING
2024-02-14 13:00:00,ZONE_M02,20.3,58.9,-18.6,742.0,770.0,15.0,90.0,RUNNING
2024-02-14 13:00:00,ZONE_M03,20.2,52.0,-21.8,669.0,770.0,15.0,90.0,RUNNING
2024-02-14 13:00:00,ZONE_B01,19.7,47.7,-18.7,602.0,770.0,15.0,90.0,RUNNING
2024-02-14 13:00:00,ZONE_B02,20.0,58.5,-17.6,728.0,770.0,15.0,90.0,RUNNING
2024-02-14 14:00:00,ZONE_M01,20.6,60.0,-18.6,793.0,770.0,15.0,90.0,RUNNING
2024-02-14 14:00:00,ZONE_M02,20.5,49.0,-24.5,639.0,770.0,15.0,90.0,RUNNING
2024-02-14 14:00:00,ZONE_M03,20.8,50.3,-20.2,752.0,770.0,15.0,90.0,RUNNING
2024-02-14 14:00:00,ZONE_B01,20.5,51.6,-20.0,719.0,770.0,15.0,90.0,RUNNING
2024-02-14 14:00:00,ZONE_B02,20.3,54.7,-22.2,715.0,770.0,15.0,90.0,RUNNING
2024-02-14 15:00:00,ZONE_M01,20.1,58.6,-20.1,723.0,770.0,15.0,90.0,RUNNING
2024-02-14 15:00:00,ZONE_M02,19.9,58.3,-19.4,715.0,770.0,15.0,90.0,RUNNING
2024-02-14 15:00:00,ZONE_M03,19.1,60.0,-23.5,826.0,770.0,15.0,90.0,RUNNING
2024-02-14 15:00:00,ZONE_B01,19.6,60.0,-19.2,913.0,770.0,15.0,90.0,RUNNING
2024-02-14 15:00:00,ZONE_B02,20.8,60.0,-18.3,680.0,770.0,15.0,90.0,RUNNING
2024-02-14 16:00:00,ZONE_M01,20.8,60.0,-19.2,859.0,770.0,15.0,90.0,RUNNING
2024-02-14 16:00:00,ZONE_M02,19.9,60.0,-22.0,804.0,770.0,15.0,90.0,RUNNING
2024-02-14 16:00:00,ZONE_M03,20.3,59.3,-19.5,757.0,770.0,15.0,90.0,RUNNING
2024-02-14 16:00:00,ZONE_B01,20.7,59.0,-21.6,778.0,770.0,15.0,90.0,RUNNING
2024-02-14 16:00:00,ZONE_B02,19.1,60.0,-20.1,841.0,770.0,15.0,90.0,RUNNING
2024-02-14 17:00:00,ZONE_M01,20.6,54.0,-17.6,691.0,770.0,15.0,90.0,RUNNING
2024-02-14 17:00:00,ZONE_M02,20.0,60.0,-22.3,793.0,770.0,15.0,90.0,RUNNING
2024-02-14 17:00:00,ZONE_M03,19.1,56.4,-16.0,717.0,770.0,15.0,90.0,RUNNING
2024-02-14 17:00:00,ZONE_B01,20.6,47.1,-22.8,563.0,770.0,15.0,90.0,RUNNING
2024-02-14 17:00:00,ZONE_B02,20.4,60.0,-22.0,988.0,770.0,15.0,90.0,RUNNING
2024-02-14 18:00:00,ZONE_M01,19.4,60.0,-16.6,839.0,770.0,15.0,90.0,RUNNING
2024-02-14 18:00:00,ZONE_M02,20.1,60.0,-18.7,849.0,770.0,15.0,90.0,RUNNING
2024-02-14 18:00:00,ZONE_M03,20.6,60.0,-20.3,849.0,770.0,15.0,90.0,RUNNING
2024-02-14 18:00:00,ZONE_B01,20.7,55.8,-21.0,728.0,770.0,15.0,90.0,RUNNING
2024-02-14 18:00:00,ZONE_B02,20.3,60.0,-19.4,903.0,770.0,15.0,90.0,RUNNING
2024-02-14 19:00:00,ZONE_M01,19.5,60.0,-15.4,740.0,770.0,15.0,90.0,RUNNING
2024-02-14 19:00:00,ZONE_M02,20.3,60.0,-21.9,756.0,770.0,15.0,90.0,RUNNING
2024-02-14 19:00:00,ZONE_M03,20.2,60.0,-19.3,906.0,770.0,15.0,90.0,RUNNING
2024-02-14 19:00:00,ZONE_B01,19.5,52.5,-21.2,746.0,770.0,15.0,90.0,RUNNING
2024-02-14 19:00:00,ZONE_B02,19.4,60.0,-19.2,736.0,770.0,15.0,90.0,RUNNING
2024-02-14 20:00:00,ZONE_M01,19.8,57.8,-21.7,698.0,770.0,15.0,90.0,RUNNING
2024-02-14 20:00:00,ZONE_M02,19.7,59.4,-22.5,763.0,770.0,15.0,90.0,RUNNING
2024-02-14 20:00:00,ZONE_M03,19.3,55.5,-19.0,666.0,770.0,15.0,90.0,RUNNING
2024-02-14 20:00:00,ZONE_B01,20.4,49.0,-19.8,631.0,770.0,15.0,90.0,RUNNING
2024-02-14 20:00:00,ZONE_B02,20.6,60.0,-19.8,933.0,770.0,15.0,90.0,RUNNING
2024-02-14 21:00:00,ZONE_M01,20.0,60.0,-20.0,815.0,770.0,15.0,90.0,RUNNING
2024-02-14 21:00:00,ZONE_M02,19.5,60.0,-22.2,852.0,770.0,15.0,90.0,RUNNING
2024-02-14 21:00:00,ZONE_M03,20.2,60.0,-23.4,961.0,770.0,15.0,90.0,RUNNING
2024-02-14 21:00:00,ZONE_B01,19.7,60.0,-21.7,990.0,770.0,15.0,90.0,RUNNING
2024-02-14 21:00:00,ZONE_B02,20.0,52.4,-19.4,639.0,770.0,15.0,90.0,RUNNING
2024-02-14 22:00:00,ZONE_M01,20.3,60.0,-16.0,669.0,770.0,15.0,90.0,RUNNING
2024-02-14 22:00:00,ZONE_M02,19.5,57.8,-22.2,753.0,770.0,15.0,90.0,RUNNING
2024-02-14 22:00:00,ZONE_M03,20.1,60.0,-25.5,853.0,770.0,15.0,90.0,RUNNING
2024-02-14 22:00:00,ZONE_B01,20.3,60.0,-24.0,808.0,770.0,15.0,90.0,RUNNING
2024-02-14 22:00:00,ZONE_B02,20.6,60.0,-21.8,786.0,770.0,15.0,90.0,RUNNING
2024-02-14 23:00:00,ZONE_M01,15.7,36.6,-22.2,459.0,770.0,15.0,90.0,RUNNING
2024-02-14 23:00:00,ZONE_M02,16.2,42.5,-19.2,461.0,770.0,15.0,90.0,RUNNING
2024-02-14 23:00:00,ZONE_M03,15.9,39.8,-24.1,422.0,770.0,15.0,90.0,RUNNING
2024-02-14 23:00:00,ZONE_B01,16.3,38.6,-19.5,458.0,770.0,15.0,90.0,RUNNING
2024-02-14 23:00:00,ZONE_B02,16.3,39.8,-15.3,494.0,770.0,15.0,90.0,RUNNING
2024-02-15 00:00:00,ZONE_M01,15.8,38.3,-20.9,537.0,770.0,15.0,90.0,RUNNING
2024-02-15 00:00:00,ZONE_M02,15.7,37.2,-20.1,444.0,770.0,15.0,90.0,RUNNING
2024-02-15 00:00:00,ZONE_M03,16.7,33.3,-22.4,445.0,770.0,15.0,90.0,RUNNING
2024-02-15 00:00:00,ZONE_B01,15.7,39.4,-22.3,450.0,770.0,15.0,90.0,RUNNING
2024-02-15 00:00:00,ZONE_B02,16.1,41.9,-20.0,446.0,770.0,15.0,90.0,RUNNING
2024-02-15 01:00:00,ZONE_M01,15.6,37.2,-20.7,435.0,770.0,15.0,90.0,RUNNING
2024-02-15 01:00:00,ZONE_M02,16.0,45.0,-20.9,473.0,770.0,15.0,90.0,RUNNING
2024-02-15 01:00:00,ZONE_M03,15.6,41.4,-18.0,510.0,770.0,15.0,90.0,RUNNING
2024-02-15 01:00:00,ZONE_B01,16.7,35.3,-22.2,457.0,770.0,15.0,90.0,RUNNING
2024-02-15 01:00:00,ZONE_B02,15.1,37.0,-17.5,457.0,770.0,15.0,90.0,RUNNING
2024-02-15 02:00:00,ZONE_M01,16.6,37.6,-19.2,464.0,770.0,15.0,90.0,RUNNING
2024-02-15 02:00:00,ZONE_M02,16.1,40.1,-23.0,513.0,770.0,15.0,90.0,RUNNING
2024-02-15 02:00:00,ZONE_M03,15.9,42.9,-21.8,449.0,770.0,15.0,90.0,RUNNING
2024-02-15 02:00:00,ZONE_B01,16.8,37.8,-20.0,482.0,770.0,15.0,90.0,RUNNING
2024-02-15 02:00:00,ZONE_B02,16.6,43.7,-18.4,483.0,770.0,15.0,90.0,RUNNING
2024-02-15 03:00:00,ZONE_M01,16.3,42.6,-21.8,480.0,770.0,15.0,90.0,RUNNING
2024-02-15 03:00:00,ZONE_M02,16.5,43.1,-19.4,482.0,770.0,15.0,90.0,RUNNING
2024-02-15 03:00:00,ZONE_M03,16.2,35.3,-21.0,425.0,770.0,15.0,90.0,RUNNING
2024-02-15 03:00:00,ZONE_B01,16.4,42.6,-21.8,543.0,770.0,15.0,90.0,RUNNING
2024-02-15 03:00:00,ZONE_B02,14.8,48.7,-19.1,515.0,770.0,15.0,90.0,RUNNING
2024-02-15 04:00:00,ZONE_M01,15.9,44.5,-20.9,498.0,770.0,15.0,90.0,RUNNING
2024-02-15 04:00:00,ZONE_M02,16.8,36.2,-23.6,464.0,770.0,15.0,90.0,RUNNING
2024-02-15 04:00:00,ZONE_M03,15.8,41.7,-17.7,494.0,770.0,15.0,90.0,RUNNING
2024-02-15 04:00:00,ZONE_B01,16.1,47.1,-19.0,463.0,770.0,15.0,90.0,RUNNING
2024-02-15 04:00:00,ZONE_B02,15.8,40.3,-19.3,471.0,770.0,15.0,90.0,RUNNING
2024-02-15 05:00:00,ZONE_M01,15.9,38.6,-22.2,483.0,770.0,15.0,90.0,RUNNING
2024-02-15 05:00:00,ZONE_M02,16.5,40.8,-22.8,456.0,770.0,15.0,90.0,RUNNING
2024-02-15 05:00:00,ZONE_M03,16.0,45.6,-24.0,485.0,770.0,15.0,90.0,RUNNING
2024-02-15 05:00:00,ZONE_B01,16.0,34.9,-18.8,421.0,770.0,15.0,90.0,RUNNING
2024-02-15 05:00:00,ZONE_B02,15.8,39.1,-21.5,463.0,770.0,15.0,90.0,RUNNING
2024-02-15 06:00:00,ZONE_M01,20.2,60.0,-20.5,843.0,770.0,15.0,90.0,RUNNING
2024-02-15 06:00:00,ZONE_M02,20.4,60.0,-20.4,1006.0,770.0,15.0,90.0,RUNNING
2024-02-15 06:00:00,ZONE_M03,19.0,50.9,-18.3,583.0,770.0,15.0,90.0,RUNNING
2024-02-15 06:00:00,ZONE_B01,20.2,55.1,-21.8,805.0,770.0,15.0,90.0,RUNNING
2024-02-15 06:00:00,ZONE_B02,20.5,51.2,-20.2,690.0,770.0,15.0,90.0,RUNNING
2024-02-15 07:00:00,ZONE_M01,20.0,58.1,-17.7,704.0,770.0,15.0,90.0,RUNNING
2024-02-15 07:00:00,ZONE_M02,21.3,53.0,-18.9,704.0,770.0,15.0,90.0,RUNNING
2024-02-15 07:00:00,ZONE_M03,20.0,52.3,-22.3,641.0,770.0,15.0,90.0,RUNNING
2024-02-15 07:00:00,ZONE_B01,20.8,47.0,-18.4,554.0,770.0,15.0,90.0,RUNNING
2024-02-15 07:00:00,ZONE_B02,20.0,60.0,-21.5,843.0,770.0,15.0,90.0,RUNNING
2024-02-15 08:00:00,ZONE_M01,19.4,57.0,-21.9,728.0,770.0,15.0,90.0,RUNNING
2024-02-15 08:00:00,ZONE_M02,19.8,54.7,-19.6,748.0,770.0,15.0,90.0,RUNNING
2024-02-15 08:00:00,ZONE_M03,20.1,60.0,-20.0,953.0,770.0,15.0,90.0,RUNNING
2024-02-15 08:00:00,ZONE_B01,19.9,57.0,-20.4,750.0,770.0,15.0,90.0,RUNNING
2024-02-15 08:00:00,ZONE_B02,19.7,56.1,-19.7,700.0,770.0,15.0,90.0,RUNNING
2024-02-15 09:00:00,ZONE_M01,20.1,59.9,-17.5,801.0,770.0,15.0,90.0,RUNNING
2024-02-15 09:00:00,ZONE_M02,20.6,49.8,-22.0,634.0,770.0,15.0,90.0,RUNNING
2024-02-15 09:00:00,ZONE_M03,20.3,49.2,-22.3,610.0,770.0,15.0,90.0,RUNNING
2024-02-15 09:00:00,ZONE_B01,20.5,46.3,-21.5,612.0,770.0,15.0,90.0,RUNNING
2024-02-15 09:00:00,ZONE_B02,19.9,60.0,-23.5,974.0,770.0,15.0,90.0,RUNNING
2024-02-15 10:00:00,ZONE_M01,20.6,60.0,-21.6,869.0,770.0,15.0,90.0,RUNNING
2024-02-15 10:00:00,ZONE_M02,19.3,55.7,-16.9,734.0,770.0,15.0,90.0,RUNNING
2024-02-15 10:00:00,ZONE_M03,20.2,49.6,-16.4,666.0,770.0,15.0,90.0,RUNNING
2024-02-15 10:00:00,ZONE_B01,20.3,56.8,-19.4,646.0,770.0,15.0,90.0,RUNNING
2024-02-15 10:00:00,ZONE_B02,19.8,42.7,-18.5,615.0,770.0,15.0,90.0,RUNNING
2024-02-15 11:00:00,ZONE_M01,20.0,59.8,-20.0,724.0,770.0,15.0,90.0,RUNNING
2024-02-15 11:00:00,ZONE_M02,20.3,58.7,-19.2,797.0,770.0,15.0,90.0,RUNNING
2024-02-15 11:00:00,ZONE_M03,19.9,60.0,-22.9,856.0,770.0,15.0,90.0,RUNNING
2024-02-15 11:00:00,ZONE_B01,19.6,60.0,-20.8,903.0,770.0,15.0,90.0,RUNNING
2024-02-15 11:00:00,ZONE_B02,19.3,60.0,-19.4,858.0,770.0,15.0,90.0,RUNNING
2024-02-15 12:00:00,ZONE_M01,20.3,51.9,-21.1,720.0,770.0,15.0,90.0,RUNNING
2024-02-15 12:00:00,ZONE_M02,19.8,51.5,-19.5,694.0,770.0,15.0,90.0,RUNNING
2024-02-15 12:00:00,ZONE_M03,19.9,60.0,-21.1,729.0,770.0,15.0,90.0,RUNNING
2024-02-15 12:00:00,ZONE_B01,19.4,60.0,-20.5,782.0,770.0,15.0,90.0,RUNNING
2024-02-15 12:00:00,ZONE_B02,20.0,55.3,-17.6,663.0,770.0,15.0,90.0,RUNNING
2024-02-15 13:00:00,ZONE_M01,19.8,51.3,-18.7,637.0,770.0,15.0,90.0,RUNNING
2024-02-15 13:00:00,ZONE_M02,20.2,60.0,-21.5,819.0,770.0,15.0,90.0,RUNNING
2024-02-15 13:00:00,ZONE_M03,20.1,60.0,-21.1,799.0,770.0,15.0,90.0,RUNNING
2024-02-15 13:00:00,ZONE_B01,20.6,60.0,-19.3,931.0,770.0,15.0,90.0,RUNNING
2024-02-15 13:00:00,ZONE_B02,19.5,60.0,-23.0,703.0,770.0,15.0,90.0,RUNNING
2024-02-15 14:00:00,ZONE_M01,20.3,56.4,-24.6,723.0,770.0,15.0,90.0,RUNNING
2024-02-15 14:00:00,ZONE_M02,19.9,44.9,-19.8,652.0,770.0,15.0,90.0,RUNNING
2024-02-15 14:00:00,ZONE_M03,20.2,57.6,-19.4,766.0,770.0,15.0,90.0,RUNNING
2024-02-15 14:00:00,ZONE_B01,20.2,60.0,-19.5,787.0,770.0,15.0,90.0,RUNNING
2024-02-15 14:00:00,ZONE_B02,19.5,52.7,-21.7,709.0,770.0,15.0,90.0,RUNNING
2024-02-15 15:00:00,ZONE_M01,19.0,60.0,-22.0,849.0,770.0,15.0,90.0,RUNNING
2024-02-15 15:00:00,ZONE_M02,19.3,55.5,-20.4,736.0,770.0,15.0,90.0,RUNNING
2024-02-15 15:00:00,ZONE_M03,20.8,58.3,-24.4,695.0,770.0,15.0,90.0,RUNNING
2024-02-15 15:00:00,ZONE_B01,20.4,53.8,-21.8,746.0,770.0,15.0,90.0,RUNNING
2024-02-15 15:00:00,ZONE_B02,19.3,58.4,-20.0,752.0,770.0,15.0,90.0,RUNNING
2024-02-15 16:00:00,ZONE_M01,19.1,55.6,-21.2,719.0,770.0,15.0,90.0,RUNNING
2024-02-15 16:00:00,ZONE_M02,20.1,60.0,-18.5,787.0,770.0,15.0,90.0,RUNNING
2024-02-15 16:00:00,ZONE_M03,20.2,60.0,-19.1,705.0,770.0,15.0,90.0,RUNNING
2024-02-15 16:00:00,ZONE_B01,20.5,60.0,-22.3,807.0,770.0,15.0,90.0,RUNNING
2024-02-15 16:00:00,ZONE_B02,19.8,60.0,-21.5,800.0,770.0,15.0,90.0,RUNNING
2024-02-15 17:00:00,ZONE_M01,20.0,60.0,-20.2,821.0,770.0,15.0,90.0,RUNNING
2024-02-15 17:00:00,ZONE_M02,20.8,59.1,-19.8,784.0,770.0,15.0,90.0,RUNNING
2024-02-15 17:00:00,ZONE_M03,19.8,60.0,-22.0,887.0,770.0,15.0,90.0,RUNNING
2024-02-15 17:00:00,ZONE_B01,19.7,60.0,-19.0,847.0,770.0,15.0,90.0,RUNNING
2024-02-15 17:00:00,ZONE_B02,20.6,60.0,-20.0,838.0,770.0,15.0,90.0,RUNNING
2024-02-15 18:00:00,ZONE_M01,19.6,48.2,-22.8,627.0,770.0,15.0,90.0,RUNNING
2024-02-15 18:00:00,ZONE_M02,19.5,56.0,-20.5,650.0,770.0,15.0,90.0,RUNNING
2024-02-15 18:00:00,ZONE_M03,18.9,54.6,-21.8,719.0,770.0,15.0,90.0,RUNNING
2024-02-15 18:00:00,ZONE_B01,19.6,54.8,-22.0,628.0,770.0,15.0,90.0,RUNNING
2024-02-15 18:00:00,ZONE_B02,19.6,60.0,-20.6,880.0,770.0,15.0,90.0,RUNNING
2024-02-15 19:00:00,ZONE_M01,19.5,60.0,-21.6,881.0,770.0,15.0,90.0,RUNNING
2024-02-15 19:00:00,ZONE_M02,20.1,54.5,-24.2,695.0,770.0,15.0,90.0,RUNNING
2024-02-15 19:00:00,ZONE_M03,21.0,54.5,-16.3,648.0,770.0,15.0,90.0,RUNNING
2024-02-15 19:00:00,ZONE_B01,19.6,48.2,-21.9,523.0,770.0,15.0,90.0,RUNNING
2024-02-15 19:00:00,ZONE_B02,19.5,56.6,-21.9,776.0,770.0,15.0,90.0,RUNNING
2024-02-15 20:00:00,ZONE_M01,20.5,60.0,-20.4,912.0,770.0,15.0,90.0,RUNNING
2024-02-15 20:00:00,ZONE_M02,20.5,56.9,-22.8,782.0,770.0,15.0,90.0,RUNNING
2024-02-15 20:00:00,ZONE_M03,19.8,57.5,-19.8,730.0,770.0,15.0,90.0,RUNNING
2024-02-15 20:00:00,ZONE_B01,19.6,60.0,-23.3,897.0,770.0,15.0,90.0,RUNNING
2024-02-15 20:00:00,ZONE_B02,20.8,47.6,-19.0,629.0,770.0,15.0,90.0,RUNNING
2024-02-15 21:00:00,ZONE_M01,19.8,59.9,-18.5,785.0,770.0,15.0,90.0,RUNNING
2024-02-15 21:00:00,ZONE_M02,19.8,56.2,-23.9,715.0,770.0,15.0,90.0,RUNNING
2024-02-15 21:00:00,ZONE_M03,20.4,60.0,-21.1,843.0,770.0,15.0,90.0,RUNNING
2024-02-15 21:00:00,ZONE_B01,20.2,51.3,-22.1,660.0,770.0,15.0,90.0,RUNNING
2024-02-15 21:00:00,ZONE_B02,19.7,52.7,-23.8,662.0,770.0,15.0,90.0,RUNNING
2024-02-15 22:00:00,ZONE_M01,19.3,60.0,-19.7,890.0,770.0,15.0,90.0,RUNNING
2024-02-15 22:00:00,ZONE_M02,20.8,60.0,-22.3,898.0,770.0,15.0,90.0,RUNNING
2024-02-15 22:00:00,ZONE_M03,19.6,55.4,-26.1,735.0,770.0,15.0,90.0,RUNNING
2024-02-15 22:00:00,ZONE_B01,20.5,56.2,-21.3,728.0,770.0,15.0,90.0,RUNNING
2024-02-15 22:00:00,ZONE_B02,20.8,60.0,-22.3,864.0,770.0,15.0,90.0,RUNNING
2024-02-15 23:00:00,ZONE_M01,17.0,39.4,-20.5,468.0,770.0,15.0,90.0,RUNNING
2024-02-15 23:00:00,ZONE_M02,15.4,40.7,-19.0,504.0,770.0,15.0,90.0,RUNNING
2024-02-15 23:00:00,ZONE_M03,16.2,36.6,-19.1,433.0,770.0,15.0,90.0,RUNNING
2024-02-15 23:00:00,ZONE_B01,16.1,40.3,-19.6,453.0,770.0,15.0,90.0,RUNNING
2024-02-15 23:00:00,ZONE_B02,15.9,35.1,-22.6,450.0,770.0,15.0,90.0,RUNNING
2024-02-16 00:00:00,ZONE_M01,15.8,38.7,-18.9,511.0,770.0,15.0,90.0,RUNNING
2024-02-16 00:00:00,ZONE_M02,15.9,36.5,-19.7,413.0,770.0,15.0,90.0,RUNNING
2024-02-16 00:00:00,ZONE_M03,16.5,43.9,-23.2,513.0,770.0,15.0,90.0,RUNNING
2024-02-16 00:00:00,ZONE_B01,15.7,40.4,-17.4,477.0,770.0,15.0,90.0,RUNNING
2024-02-16 00:00:00,ZONE_B02,15.9,41.5,-20.7,480.0,770.0,15.0,90.0,RUNNING
2024-02-16 01:00:00,ZONE_M01,16.0,36.5,-19.3,432.0,770.0,15.0,90.0,RUNNING
2024-02-16 01:00:00,ZONE_M02,15.8,37.4,-24.1,431.0,770.0,15.0,90.0,RUNNING
2024-02-16 01:00:00,ZONE_M03,14.9,41.8,-17.7,506.0,770.0,15.0,90.0,RUNNING
2024-02-16 01:00:00,ZONE_B01,15.9,39.6,-21.2,444.0,770.0,15.0,90.0,RUNNING
2024-02-16 01:00:00,ZONE_B02,15.5,42.3,-18.8,471.0,770.0,15.0,90.0,RUNNING
2024-02-16 02:00:00,ZONE_M01,16.1,45.0,-19.8,485.0,770.0,15.0,90.0,RUNNING
2024-02-16 02:00:00,ZONE_M02,15.9,36.8,-22.7,445.0,770.0,15.0,90.0,RUNNING
2024-02-16 02:00:00,ZONE_M03,15.8,44.2,-23.4,440.0,770.0,15.0,90.0,RUNNING
2024-02-16 02:00:00,ZONE_B01,16.2,40.3,-21.4,485.0,770.0,15.0,90.0,RUNNING
2024-02-16 02:00:00,ZONE_B02,16.1,42.1,-19.1,498.0,770.0,15.0,90.0,RUNNING
2024-02-16 03:00:00,ZONE_M01,16.1,33.5,-20.7,448.0,770.0,15.0,90.0,RUNNING
2024-02-16 03:00:00,ZONE_M02,15.8,43.9,-20.6,480.0,770.0,15.0,90.0,RUNNING
2024-02-16 03:00:00,ZONE_M03,16.5,32.1,-21.4,450.0,770.0,15.0,90.0,RUNNING
2024-02-16 03:00:00,ZONE_B01,15.2,44.3,-21.3,543.0,770.0,15.0,90.0,RUNNING
2024-02-16 03:00:00,ZONE_B02,15.9,40.8,-17.9,467.0,770.0,15.0,90.0,RUNNING
2024-02-16 04:00:00,ZONE_M01,16.0,40.0,-19.8,469.0,770.0,15.0,90.0,RUNNING
2024-02-16 04:00:00,ZONE_M02,16.4,36.5,-19.0,459.0,770.0,15.0,90.0,RUNNING
2024-02-16 04:00:00,ZONE_M03,15.5,37.7,-24.1,520.0,770.0,15.0,90.0,RUNNING
2024-02-16 04:00:00,ZONE_B01,15.6,46.9,-16.2,499.0,770.0,15.0,90.0,RUNNING
2024-02-16 04:00:00,ZONE_B02,15.2,39.9,-18.5,477.0,770.0,15.0,90.0,RUNNING
2024-02-16 05:00:00,ZONE_M01,16.3,34.6,-20.6,424.0,770.0,15.0,90.0,RUNNING
2024-02-16 05:00:00,ZONE_M02,15.7,38.1,-19.0,495.0,770.0,15.0,90.0,RUNNING
2024-02-16 05:00:00,ZONE_M03,16.2,44.8,-23.1,526.0,770.0,15.0,90.0,RUNNING
2024-02-16 05:00:00,ZONE_B01,16.2,37.6,-18.2,422.0,770.0,15.0,90.0,RUNNING
2024-02-16 05:00:00,ZONE_B02,16.1,39.1,-20.0,462.0,770.0,15.0,90.0,RUNNING
2024-02-16 06:00:00,ZONE_M01,21.2,55.4,-22.2,751.0,770.0,15.0,90.0,RUNNING
2024-02-16 06:00:00,ZONE_M02,20.3,57.3,-19.5,736.0,770.0,15.0,90.0,RUNNING
2024-02-16 06:00:00,ZONE_M03,19.7,60.0,-19.4,794.0,770.0,15.0,90.0,RUNNING
2024-02-16 06:00:00,ZONE_B01,20.5,56.0,-21.2,731.0,770.0,15.0,90.0,RUNNING
2024-02-16 06:00:00,ZONE_B02,20.1,49.1,-21.4,650.0,770.0,15.0,90.0,RUNNING
2024-02-16 07:00:00,ZONE_M01,20.1,60.0,-18.3,791.0,770.0,15.0,90.0,RUNNING
2024-02-16 07:00:00,ZONE_M02,20.7,46.8,-20.5,577.0,770.0,15.0,90.0,RUNNING
2024-02-16 07:00:00,ZONE_M03,19.7,60.0,-19.3,904.0,770.0,15.0,90.0,RUNNING
2024-02-16 07:00:00,ZONE_B01,20.5,55.2,-20.0,816.0,770.0,15.0,90.0,RUNNING
2024-02-16 07:00:00,ZONE_B02,19.6,57.7,-19.6,784.0,770.0,15.0,90.0,RUNNING
2024-02-16 08:00:00,ZONE_M01,20.3,56.7,-20.5,619.0,770.0,15.0,90.0,RUNNING
2024-02-16 08:00:00,ZONE_M02,19.9,43.4,-21.2,603.0,770.0,15.0,90.0,RUNNING
2024-02-16 08:00:00,ZONE_M03,19.1,60.0,-24.8,930.0,770.0,15.0,90.0,RUNNING
2024-02-16 08:00:00,ZONE_B01,20.2,60.0,-19.3,856.0,770.0,15.0,90.0,RUNNING
2024-02-16 08:00:00,ZONE_B02,20.5,49.7,-22.2,650.0,770.0,15.0,90.0,RUNNING
2024-02-16 09:00:00,ZONE_M01,19.9,54.8,-22.1,667.0,770.0,15.0,90.0,RUNNING
2024-02-16 09:00:00,ZONE_M02,19.9,60.0,-22.3,880.0,770.0,15.0,90.0,RUNNING
2024-02-16 09:00:00,ZONE_M03,20.3,59.7,-19.8,770.0,770.0,15.0,90.0,RUNNING
2024-02-16 09:00:00,ZONE_B01,20.0,60.0,-25.0,824.0,770.0,15.0,90.0,RUNNING
2024-02-16 09:00:00,ZONE_B02,19.7,60.0,-18.9,807.0,770.0,15.0,90.0,RUNNING
2024-02-16 10:00:00,ZONE_M01,20.8,53.3,-21.8,712.0,770.0,15.0,90.0,RUNNING
2024-02-16 10:00:00,ZONE_M02,19.8,47.8,-21.1,701.0,770.0,15.0,90.0,RUNNING
2024-02-16 10:00:00,ZONE_M03,18.8,54.1,-22.4,689.0,770.0,15.0,90.0,RUNNING
2024-02-16 10:00:00,ZONE_B01,20.1,56.6,-20.3,701.0,770.0,15.0,90.0,RUNNING
2024-02-16 10:00:00,ZONE_B02,20.1,58.3,-22.4,820.0,770.0,15.0,90.0,RUNNING
2024-02-16 11:00:00,ZONE_M01,19.2,57.2,-21.8,704.0,770.0,15.0,90.0,RUNNING
2024-02-16 11:00:00,ZONE_M02,20.2,56.9,-20.9,806.0,770.0,15.0,90.0,RUNNING
2024-02-16 11:00:00,ZONE_M03,19.4,59.8,-20.1,686.0,770.0,15.0,90.0,RUNNING
2024-02-16 11:00:00,ZONE_B01,20.2,46.1,-22.1,549.0,770.0,15.0,90.0,RUNNING
2024-02-16 11:00:00,ZONE_B02,20.3,56.7,-22.2,738.0,770.0,15.0,90.0,RUNNING
2024-02-16 12:00:00,ZONE_M01,19.9,52.8,-21.9,731.0,770.0,15.0,90.0,RUNNING
2024-02-16 12:00:00,ZONE_M02,19.5,54.3,-21.0,750.0,770.0,15.0,90.0,RUNNING
2024-02-16 12:00:00,ZONE_M03,20.3,60.0,-22.6,793.0,770.0,15.0,90.0,RUNNING
2024-02-16 12:00:00,ZONE_B01,19.8,58.6,-23.0,753.0,770.0,15.0,90.0,RUNNING
2024-02-16 12:00:00,ZONE_B02,19.8,53.1,-21.7,707.0,770.0,15.0,90.0,RUNNING
2024-02-16 13:00:00,ZONE_M01,20.3,43.3,-22.3,691.0,770.0,15.0,90.0,RUNNING
2024-02-16 13:00:00,ZONE_M02,20.3,55.6,-22.3,803.0,770.0,15.0,90.0,RUNNING
2024-02-16 13:00:00,ZONE_M03,19.4,60.0,-17.2,986.0,770.0,15.0,90.0,RUNNING
2024-02-16 13:00:00,ZONE_B01,20.3,56.2,-21.6,725.0,770.0,15.0,90.0,RUNNING
2024-02-16 13:00:00,ZONE_B02,19.4,56.5,-26.9,703.0,770.0,15.0,90.0,RUNNING
2024-02-16 14:00:00,ZONE_M01,19.9,55.6,-19.4,705.0,770.0,15.0,90.0,RUNNING
2024-02-16 14:00:00,ZONE_M02,19.4,57.8,-23.1,745.0,770.0,15.0,90.0,RUNNING
2024-02-16 14:00:00,ZONE_M03,20.4,60.0,-21.6,799.0,770.0,15.0,90.0,RUNNING
2024-02-16 14:00:00,ZONE_B01,20.0,60.0,-20.6,858.0,770.0,15.0,90.0,RUNNING
2024-02-16 14:00:00,ZONE_B02,21.0,45.3,-22.0,611.0,770.0,15.0,90.0,RUNNING
2024-02-16 15:00:00,ZONE_M01,19.7,60.0,-18.8,786.0,770.0,15.0,90.0,RUNNING
2024-02-16 15:00:00,ZONE_M02,20.3,60.0,-21.4,789.0,770.0,15.0,90.0,RUNNING
2024-02-16 15:00:00,ZONE_M03,18.7,47.2,-19.7,562.0,770.0,15.0,90.0,RUNNING
2024-02-16 15:00:00,ZONE_B01,20.0,60.0,-21.7,710.0,770.0,15.0,90.0,RUNNING
2024-02-16 15:00:00,ZONE_B02,19.2,54.4,-22.0,706.0,770.0,15.0,90.0,RUNNING
2024-02-16 16:00:00,ZONE_M01,18.8,44.6,-18.9,535.0,770.0,15.0,90.0,RUNNING
2024-02-16 16:00:00,ZONE_M02,20.1,52.7,-19.1,722.0,770.0,15.0,90.0,RUNNING
2024-02-16 16:00:00,ZONE_M03,19.0,58.0,-19.2,813.0,770.0,15.0,90.0,RUNNING
2024-02-16 16:00:00,ZONE_B01,19.6,48.2,-18.6,603.0,770.0,15.0,90.0,RUNNING
2024-02-16 16:00:00,ZONE_B02,20.0,58.7,-20.0,727.0,770.0,15.0,90.0,RUNNING
2024-02-16 17:00:00,ZONE_M01,19.8,59.3,-19.7,720.0,770.0,15.0,90.0,RUNNING
2024-02-16 17:00:00,ZONE_M02,20.5,53.5,-21.1,645.0,770.0,15.0,90.0,RUNNING
2024-02-16 17:00:00,ZONE_M03,20.6,54.3,-19.6,624.0,770.0,15.0,90.0,RUNNING
2024-02-16 17:00:00,ZONE_B01,20.0,58.7,-19.6,732.0,770.0,15.0,90.0,RUNNING
2024-02-16 17:00:00,ZONE_B02,20.3,49.0,-21.0,480.0,770.0,15.0,90.0,RUNNING
2024-02-16 18:00:00,ZONE_M01,19.9,56.1,-22.1,643.0,770.0,15.0,90.0,RUNNING
2024-02-16 18:00:00,ZONE_M02,19.3,56.3,-23.2,748.0,770.0,15.0,90.0,RUNNING
2024-02-16 18:00:00,ZONE_M03,19.4,60.0,-20.5,924.0,770.0,15.0,90.0,RUNNING
2024-02-16 18:00:00,ZONE_B01,20.3,60.0,-19.6,797.0,770.0,15.0,90.0,RUNNING
2024-02-16 18:00:00,ZONE_B02,20.4,60.0,-22.0,819.0,770.0,15.0,90.0,RUNNING
2024-02-16 19:00:00,ZONE_M01,20.6,60.0,-23.4,780.0,770.0,15.0,90.0,RUNNING
2024-02-16 19:00:00,ZONE_M02,20.8,60.0,-20.3,758.0,770.0,15.0,90.0,RUNNING
2024-02-16 19:00:00,ZONE_M03,20.6,52.3,-21.3,682.0,770.0,15.0,90.0,RUNNING
2024-02-16 19:00:00,ZONE_B01,19.7,58.3,-20.1,773.0,770.0,15.0,90.0,RUNNING
2024-02-16 19:00:00,ZONE_B02,19.6,54.9,-22.4,694.0,770.0,15.0,90.0,RUNNING
2024-02-16 20:00:00,ZONE_M01,19.7,60.0,-22.6,767.0,770.0,15.0,90.0,RUNNING
2024-02-16 20:00:00,ZONE_M02,19.0,57.2,-24.1,698.0,770.0,15.0,90.0,RUNNING
2024-02-16 20:00:00,ZONE_M03,19.0,60.0,-21.0,851.0,770.0,15.0,90.0,RUNNING
2024-02-16 20:00:00,ZONE_B01,19.6,60.0,-19.4,808.0,770.0,15.0,90.0,RUNNING
2024-02-16 20:00:00,ZONE_B02,19.0,60.0,-21.3,836.0,770.0,15.0,90.0,RUNNING
2024-02-16 21:00:00,ZONE_M01,20.3,58.0,-16.0,654.0,770.0,15.0,90.0,RUNNING
2024-02-16 21:00:00,ZONE_M02,20.4,60.0,-19.2,957.0,770.0,15.0,90.0,RUNNING
2024-02-16 21:00:00,ZONE_M03,21.1,60.0,-21.3,810.0,770.0,15.0,90.0,RUNNING
2024-02-16 21:00:00,ZONE_B01,20.0,56.6,-22.4,632.0,770.0,15.0,90.0,RUNNING
2024-02-16 21:00:00,ZONE_B02,21.3,60.0,-21.6,794.0,770.0,15.0,90.0,RUNNING
2024-02-16 22:00:00,ZONE_M01,19.4,58.9,-19.0,749.0,770.0,15.0,90.0,RUNNING
2024-02-16 22:00:00,ZONE_M02,19.7,50.0,-19.6,670.0,770.0,15.0,90.0,RUNNING
2024-02-16 22:00:00,ZONE_M03,20.7,55.5,-20.6,747.0,770.0,15.0,90.0,RUNNING
2024-02-16 22:00:00,ZONE_B01,20.2,60.0,-15.2,819.0,770.0,15.0,90.0,RUNNING
2024-02-16 22:00:00,ZONE_B02,20.2,57.8,-17.8,779.0,770.0,15.0,90.0,RUNNING
2024-02-16 23:00:00,ZONE_M01,15.5,42.4,-23.8,457.0,770.0,15.0,90.0,RUNNING
2024-02-16 23:00:00,ZONE_M02,15.8,35.7,-18.4,458.0,770.0,15.0,90.0,RUNNING
2024-02-16 23:00:00,ZONE_M03,16.6,43.4,-22.0,441.0,770.0,15.0,90.0,RUNNING
2024-02-16 23:00:00,ZONE_B01,15.1,43.4,-19.9,512.0,770.0,15.0,90.0,RUNNING
2024-02-16 23:00:00,ZONE_B02,16.4,39.4,-23.8,438.0,770.0,15.0,90.0,RUNNING
2024-02-17 00:00:00,ZONE_M01,15.2,40.3,-18.8,494.0,770.0,15.0,90.0,RUNNING
2024-02-17 00:00:00,ZONE_M02,16.0,39.9,-22.9,434.0,770.0,15.0,90.0,RUNNING
2024-02-17 00:00:00,ZONE_M03,16.0,40.7,-19.1,474.0,770.0,15.0,90.0,RUNNING
2024-02-17 00:00:00,ZONE_B01,15.1,42.8,-20.4,439.0,770.0,15.0,90.0,RUNNING
2024-02-17 00:00:00,ZONE_B02,15.6,42.1,-21.6,497.0,770.0,15.0,90.0,RUNNING
2024-02-17 01:00:00,ZONE_M01,15.5,37.1,-24.0,411.0,770.0,15.0,90.0,RUNNING
2024-02-17 01:00:00,ZONE_M02,17.2,45.2,-24.8,533.0,770.0,15.0,90.0,RUNNING
2024-02-17 01:00:00,ZONE_M03,16.3,42.3,-25.3,483.0,770.0,15.0,90.0,RUNNING
2024-02-17 01:00:00,ZONE_B01,16.4,42.0,-20.8,457.0,770.0,15.0,90.0,RUNNING
2024-02-17 01:00:00,ZONE_B02,16.0,39.1,-20.3,498.0,770.0,15.0,90.0,RUNNING
2024-02-17 02:00:00,ZONE_M01,16.1,37.9,-19.9,458.0,770.0,15.0,90.0,RUNNING
2024-02-17 02:00:00,ZONE_M02,15.7,41.9,-21.1,450.0,770.0,15.0,90.0,RUNNING
2024-02-17 02:00:00,ZONE_M03,15.5,35.9,-20.9,399.0,770.0,15.0,90.0,RUNNING
2024-02-17 02:00:00,ZONE_B01,15.0,41.3,-23.4,517.0,770.0,15.0,90.0,RUNNING
2024-02-17 02:00:00,ZONE_B02,15.7,34.3,-20.5,448.0,770.0,15.0,90.0,RUNNING
2024-02-17 03:00:00,ZONE_M01,16.0,39.7,-23.7,486.0,770.0,15.0,90.0,RUNNING
2024-02-17 03:00:00,ZONE_M02,15.7,38.5,-18.6,476.0,770.0,15.0,90.0,RUNNING
2024-02-17 03:00:00,ZONE_M03,16.5,42.4,-15.8,483.0,770.0,15.0,90.0,RUNNING
2024-02-17 03:00:00,ZONE_B01,15.6,34.5,-18.9,449.0,770.0,15.0,90.0,RUNNING
2024-02-17 03:00:00,ZONE_B02,15.5,33.4,-18.6,441.0,770.0,15.0,90.0,RUNNING
2024-02-17 04:00:00,ZONE_M01,16.5,38.4,-23.0,435.0,770.0,15.0,90.0,RUNNING
2024-02-17 04:00:00,ZONE_M02,16.2,43.6,-23.5,483.0,770.0,15.0,90.0,RUNNING
2024-02-17 04:00:00,ZONE_M03,17.0,45.9,-21.8,521.0,770.0,15.0,90.0,RUNNING
2024-02-17 04:00:00,ZONE_B01,16.1,37.7,-24.2,481.0,770.0,15.0,90.0,RUNNING
2024-02-17 04:00:00,ZONE_B02,16.1,32.2,-19.2,420.0,770.0,15.0,90.0,RUNNING
2024-02-17 05:00:00,ZONE_M01,15.1,39.8,-20.3,497.0,770.0,15.0,90.0,RUNNING
2024-02-17 05:00:00,ZONE_M02,15.9,37.3,-22.9,458.0,770.0,15.0,90.0,RUNNING
2024-02-17 05:00:00,ZONE_M03,16.6,43.0,-22.6,505.0,770.0,15.0,90.0,RUNNING
2024-02-17 05:00:00,ZONE_B01,16.2,37.1,-22.3,460.0,770.0,15.0,90.0,RUNNING
2024-02-17 05:00:00,ZONE_B02,16.0,46.4,-20.0,515.0,770.0,15.0,90.0,RUNNING
2024-02-17 06:00:00,ZONE_M01,19.8,57.7,-24.0,692.0,770.0,15.0,90.0,RUNNING
2024-02-17 06:00:00,ZONE_M02,20.8,56.2,-22.0,703.0,770.0,15.0,90.0,RUNNING
2024-02-17 06:00:00,ZONE_M03,18.9,59.2,-22.7,713.0,770.0,15.0,90.0,RUNNING
2024-02-17 06:00:00,ZONE_B01,20.9,56.7,-25.2,704.0,770.0,15.0,90.0,RUNNING
2024-02-17 06:00:00,ZONE_B02,20.1,46.9,-21.5,614.0,770.0,15.0,90.0,RUNNING
2024-02-17 07:00:00,ZONE_M01,19.0,54.4,-16.7,685.0,770.0,15.0,90.0,RUNNING
2024-02-17 07:00:00,ZONE_M02,20.2,60.0,-22.8,784.0,770.0,15.0,90.0,RUNNING
2024-02-17 07:00:00,ZONE_M03,19.6,60.0,-21.1,809.0,770.0,15.0,90.0,RUNNING
2024-02-17 07:00:00,ZONE_B01,19.5,60.0,-24.5,761.0,770.0,15.0,90.0,RUNNING
2024-02-17 07:00:00,ZONE_B02,20.0,60.0,-21.5,786.0,770.0,15.0,90.0,RUNNING
2024-02-17 08:00:00,ZONE_M01,19.9,60.0,-23.1,815.0,770.0,15.0,90.0,RUNNING
2024-02-17 08:00:00,ZONE_M02,20.0,51.9,-21.4,625.0,770.0,15.0,90.0,RUNNING
2024-02-17 08:00:00,ZONE_M03,20.2,60.0,-23.4,746.0,770.0,15.0,90.0,RUNNING
2024-02-17 08:00:00,ZONE_B01,20.4,60.0,-20.5,913.0,770.0,15.0,90.0,RUNNING
2024-02-17 08:00:00,ZONE_B02,19.2,57.1,-21.7,701.0,770.0,15.0,90.0,RUNNING
2024-02-17 09:00:00,ZONE_M01,19.9,50.8,-21.1,677.0,770.0,15.0,90.0,RUNNING
2024-02-17 09:00:00,ZONE_M02,19.7,55.9,-19.3,632.0,770.0,15.0,90.0,RUNNING
2024-02-17 09:00:00,ZONE_M03,19.3,50.3,-19.3,697.0,770.0,15.0,90.0,RUNNING
2024-02-17 09:00:00,ZONE_B01,19.6,51.2,-18.7,725.0,770.0,15.0,90.0,RUNNING
2024-02-17 09:00:00,ZONE_B02,20.1,60.0,-24.7,801.0,770.0,15.0,90.0,RUNNING
2024-02-17 10:00:00,ZONE_M01,19.6,58.8,-23.3,732.0,770.0,15.0,90.0,RUNNING
2024-02-17 10:00:00,ZONE_M02,20.0,60.0,-22.4,849.0,770.0,15.0,90.0,RUNNING
2024-02-17 10:00:00,ZONE_M03,19.0,53.7,-19.7,665.0,770.0,15.0,90.0,RUNNING
2024-02-17 10:00:00,ZONE_B01,20.7,58.0,-22.3,733.0,770.0,15.0,90.0,RUNNING
2024-02-17 10:00:00,ZONE_B02,20.0,49.2,-20.4,645.0,770.0,15.0,90.0,RUNNING
2024-02-17 11:00:00,ZONE_M01,19.9,56.9,-20.0,792.0,770.0,15.0,90.0,RUNNING
2024-02-17 11:00:00,ZONE_M02,20.0,54.3,-20.8,678.0,770.0,15.0,90.0,RUNNING
2024-02-17 11:00:00,ZONE_M03,20.0,49.5,-20.1,602.0,770.0,15.0,90.0,RUNNING
2024-02-17 11:00:00,ZONE_B01,20.6,60.0,-20.9,741.0,770.0,15.0,90.0,RUNNING
2024-02-17 11:00:00,ZONE_B02,20.0,60.0,-19.3,871.0,770.0,15.0,90.0,RUNNING
2024-02-17 12:00:00,ZONE_M01,20.3,60.0,-21.1,799.0,770.0,15.0,90.0,RUNNING
2024-02-17 12:00:00,ZONE_M02,20.1,56.1,-18.9,726.0,770.0,15.0,90.0,RUNNING
2024-02-17 12:00:00,ZONE_M03,20.0,51.0,-18.2,713.0,770.0,15.0,90.0,RUNNING
2024-02-17 12:00:00,ZONE_B01,19.5,51.4,-22.4,670.0,770.0,15.0,90.0,RUNNING
2024-02-17 12:00:00,ZONE_B02,19.9,53.8,-20.9,720.0,770.0,15.0,90.0,RUNNING
2024-02-17 13:00:00,ZONE_M01,20.7,60.0,-18.4,777.0,770.0,15.0,90.0,RUNNING
2024-02-17 13:00:00,ZONE_M02,21.0,60.0,-21.2,796.0,770.0,15.0,90.0,RUNNING
2024-02-17 13:00:00,ZONE_M03,19.6,44.5,-22.6,591.0,770.0,15.0,90.0,RUNNING
2024-02-17 13:00:00,ZONE_B01,20.3,54.7,-20.6,714.0,770.0,15.0,90.0,RUNNING
2024-02-17 13:00:00,ZONE_B02,19.7,60.0,-23.2,666.0,770.0,15.0,90.0,RUNNING
2024-02-17 14:00:00,ZONE_M01,20.2,53.7,-20.9,688.0,770.0,15.0,90.0,RUNNING
2024-02-17 14:00:00,ZONE_M02,19.1,58.4,-23.6,731.0,770.0,15.0,90.0,RUNNING
2024-02-17 14:00:00,ZONE_M03,20.4,56.9,-18.5,695.0,770.0,15.0,90.0,RUNNING
2024-02-17 14:00:00,ZONE_B01,19.7,47.3,-22.9,698.0,770.0,15.0,90.0,RUNNING
2024-02-17 14:00:00,ZONE_B02,19.9,52.7,-19.6,720.0,770.0,15.0,90.0,RUNNING
2024-02-17 15:00:00,ZONE_M01,19.2,56.5,-18.6,664.0,770.0,15.0,90.0,RUNNING
2024-02-17 15:00:00,ZONE_M02,20.2,60.0,-21.0,914.0,770.0,15.0,90.0,RUNNING
2024-02-17 15:00:00,ZONE_M03,18.9,52.4,-18.5,643.0,770.0,15.0,90.0,RUNNING
2024-02-17 15:00:00,ZONE_B01,19.6,50.4,-20.0,702.0,770.0,15.0,90.0,RUNNING
2024-02-17 15:00:00,ZONE_B02,20.0,49.5,-23.0,661.0,770.0,15.0,90.0,RUNNING
2024-02-17 16:00:00,ZONE_M01,18.6,54.3,-25.2,674.0,770.0,15.0,90.0,RUNNING
2024-02-17 16:00:00,ZONE_M02,19.6,58.5,-23.5,680.0,770.0,15.0,90.0,RUNNING
2024-02-17 16:00:00,ZONE_M03,19.8,45.7,-20.5,587.0,770.0,15.0,90.0,RUNNING
2024-02-17 16:00:00,ZONE_B01,19.9,58.3,-20.9,683.0,770.0,15.0,90.0,RUNNING
2024-02-17 16:00:00,ZONE_B02,20.7,59.2,-21.4,717.0,770.0,15.0,90.0,RUNNING
2024-02-17 17:00:00,ZONE_M01,19.4,59.1,-23.3,761.0,770.0,15.0,90.0,RUNNING
2024-02-17 17:00:00,ZONE_M02,20.5,58.6,-21.0,777.0,770.0,15.0,90.0,RUNNING
2024-02-17 17:00:00,ZONE_M03,20.5,60.0,-23.0,903.0,770.0,15.0,90.0,RUNNING
2024-02-17 17:00:00,ZONE_B01,19.2,60.0,-20.7,764.0,770.0,15.0,90.0,RUNNING
2024-02-17 17:00:00,ZONE_B02,19.4,60.0,-21.1,842.0,770.0,15.0,90.0,RUNNING
2024-02-17 18:00:00,ZONE_M01,20.7,60.0,-19.6,816.0,770.0,15.0,90.0,RUNNING
2024-02-17 18:00:00,ZONE_M02,19.6,55.3,-19.1,721.0,770.0,15.0,90.0,RUNNING
2024-02-17 18:00:00,ZONE_M03,19.5,60.0,-16.0,891.0,770.0,15.0,90.0,RUNNING
2024-02-17 18:00:00,ZONE_B01,20.3,45.3,-23.1,683.0,770.0,15.0,90.0,RUNNING
2024-02-17 18:00:00,ZONE_B02,19.4,60.0,-21.0,933.0,770.0,15.0,90.0,RUNNING
2024-02-17 19:00:00,ZONE_M01,20.0,60.0,-20.3,901.0,770.0,15.0,90.0,RUNNING
2024-02-17 19:00:00,ZONE_M02,20.6,60.0,-19.9,807.0,770.0,15.0,90.0,RUNNING
2024-02-17 19:00:00,ZONE_M03,20.3,60.0,-23.2,776.0,770.0,15.0,90.0,RUNNING
2024-02-17 19:00:00,ZONE_B01,19.4,55.9,-18.1,716.0,770.0,15.0,90.0,RUNNING
2024-02-17 19:00:00,ZONE_B02,20.4,51.8,-21.3,674.0,770.0,15.0,90.0,RUNNING
2024-02-17 20:00:00,ZONE_M01,19.8,60.0,-23.4,928.0,770.0,15.0,90.0,RUNNING
2024-02-17 20:00:00,ZONE_M02,20.3,60.0,-19.4,891.0,770.0,15.0,90.0,RUNNING
2024-02-17 20:00:00,ZONE_M03,20.2,60.0,-19.5,779.0,770.0,15.0,90.0,RUNNING
2024-02-17 20:00:00,ZONE_B01,20.4,60.0,-23.3,841.0,770.0,15.0,90.0,RUNNING
2024-02-17 20:00:00,ZONE_B02,19.8,60.0,-18.4,880.0,770.0,15.0,90.0,RUNNING
2024-02-17 21:00:00,ZONE_M01,20.2,60.0,-19.8,877.0,770.0,15.0,90.0,RUNNING
2024-02-17 21:00:00,ZONE_M02,20.8,49.4,-19.9,696.0,770.0,15.0,90.0,RUNNING
2024-02-17 21:00:00,ZONE_M03,20.1,54.9,-20.9,678.0,770.0,15.0,90.0,RUNNING
2024-02-17 21:00:00,ZONE_B01,19.3,59.0,-22.0,787.0,770.0,15.0,90.0,RUNNING
2024-02-17 21:00:00,ZONE_B02,20.3,59.4,-19.7,773.0,770.0,15.0,90.0,RUNNING
2024-02-17 22:00:00,ZONE_M01,19.4,59.5,-20.4,784.0,770.0,15.0,90.0,RUNNING
2024-02-17 22:00:00,ZONE_M02,20.1,59.7,-22.8,823.0,770.0,15.0,90.0,RUNNING
2024-02-17 22:00:00,ZONE_M03,20.1,58.2,-23.0,730.0,770.0,15.0,90.0,RUNNING
2024-02-17 22:00:00,ZONE_B01,19.8,58.6,-19.9,631.0,770.0,15.0,90.0,RUNNING
2024-02-17 22:00:00,ZONE_B02,19.8,60.0,-24.2,803.0,770.0,15.0,90.0,RUNNING
2024-02-17 23:00:00,ZONE_M01,15.7,38.1,-21.3,459.0,770.0,15.0,90.0,RUNNING
2024-02-17 23:00:00,ZONE_M02,16.1,46.9,-22.4,528.0,770.0,15.0,90.0,RUNNING
2024-02-17 23:00:00,ZONE_M03,15.5,40.7,-20.5,433.0,770.0,15.0,90.0,RUNNING
2024-02-17 23:00:00,ZONE_B01,16.6,40.2,-19.1,470.0,770.0,15.0,90.0,RUNNING
2024-02-17 23:00:00,ZONE_B02,15.9,45.5,-18.8,555.0,770.0,15.0,90.0,RUNNING
2024-02-18 00:00:00,ZONE_M01,15.8,35.0,-25.2,470.0,770.0,15.0,90.0,RUNNING
2024-02-18 00:00:00,ZONE_M02,15.6,38.2,-22.8,421.0,770.0,15.0,90.0,RUNNING
2024-02-18 00:00:00,ZONE_M03,16.1,39.6,-24.5,411.0,770.0,15.0,90.0,RUNNING
2024-02-18 00:00:00,ZONE_B01,16.1,39.9,-20.6,450.0,770.0,15.0,90.0,RUNNING
2024-02-18 00:00:00,ZONE_B02,15.3,39.3,-23.7,520.0,770.0,15.0,90.0,RUNNING
2024-02-18 01:00:00,ZONE_M01,16.5,41.4,-20.2,512.0,770.0,15.0,90.0,RUNNING
2024-02-18 01:00:00,ZONE_M02,15.3,39.0,-23.4,517.0,770.0,15.0,90.0,RUNNING
2024-02-18 01:00:00,ZONE_M03,15.2,41.5,-20.1,476.0,770.0,15.0,90.0,RUNNING
2024-02-18 01:00:00,ZONE_B01,16.3,43.3,-22.3,554.0,770.0,15.0,90.0,RUNNING
2024-02-18 01:00:00,ZONE_B02,15.8,36.8,-25.2,427.0,770.0,15.0,90.0,RUNNING
2024-02-18 02:00:00,ZONE_M01,16.1,38.0,-20.3,454.0,770.0,15.0,90.0,RUNNING
2024-02-18 02:00:00,ZONE_M02,16.4,39.3,-20.3,461.0,770.0,15.0,90.0,RUNNING
2024-02-18 02:00:00,ZONE_M03,16.7,36.2,-16.7,429.0,770.0,15.0,90.0,RUNNING
2024-02-18 02:00:00,ZONE_B01,15.8,39.6,-20.7,516.0,770.0,15.0,90.0,RUNNING
2024-02-18 02:00:00,ZONE_B02,14.9,42.3,-22.0,500.0,770.0,15.0,90.0,RUNNING
2024-02-18 03:00:00,ZONE_M01,16.0,45.4,-23.4,499.0,770.0,15.0,90.0,RUNNING
2024-02-18 03:00:00,ZONE_M02,15.8,36.9,-19.9,466.0,770.0,15.0,90.0,RUNNING
2024-02-18 03:00:00,ZONE_M03,15.8,37.6,-19.1,467.0,770.0,15.0,90.0,RUNNING
2024-02-18 03:00:00,ZONE_B01,15.9,41.8,-20.6,441.0,770.0,15.0,90.0,RUNNING
2024-02-18 03:00:00,ZONE_B02,15.8,42.0,-18.0,504.0,770.0,15.0,90.0,RUNNING
2024-02-18 04:00:00,ZONE_M01,16.1,35.0,-19.1,457.0,770.0,15.0,90.0,RUNNING
2024-02-18 04:00:00,ZONE_M02,16.9,36.5,-21.7,494.0,770.0,15.0,90.0,RUNNING
2024-02-18 04:00:00,ZONE_M03,16.8,40.7,-18.4,507.0,770.0,15.0,90.0,RUNNING
2024-02-18 04:00:00,ZONE_B01,17.1,40.5,-17.4,491.0,770.0,15.0,90.0,RUNNING
2024-02-18 04:00:00,ZONE_B02,15.7,43.3,-21.7,472.0,770.0,15.0,90.0,RUNNING
2024-02-18 05:00:00,ZONE_M01,16.5,34.8,-19.6,477.0,770.0,15.0,90.0,RUNNING
2024-02-18 05:00:00,ZONE_M02,16.1,38.1,-18.4,426.0,770.0,15.0,90.0,RUNNING
2024-02-18 05:00:00,ZONE_M03,16.1,36.1,-20.9,445.0,770.0,15.0,90.0,RUNNING
2024-02-18 05:00:00,ZONE_B01,16.3,39.2,-19.0,438.0,770.0,15.0,90.0,RUNNING
2024-02-18 05:00:00,ZONE_B02,16.2,36.1,-21.9,462.0,770.0,15.0,90.0,RUNNING
2024-02-18 06:00:00,ZONE_M01,20.7,57.9,-19.8,648.0,770.0,15.0,90.0,RUNNING
2024-02-18 06:00:00,ZONE_M02,20.1,52.9,-22.0,719.0,770.0,15.0,90.0,RUNNING
2024-02-18 06:00:00,ZONE_M03,19.7,60.0,-22.3,836.0,770.0,15.0,90.0,RUNNING
2024-02-18 06:00:00,ZONE_B01,19.5,60.0,-22.3,784.0,770.0,15.0,90.0,RUNNING
2024-02-18 06:00:00,ZONE_B02,20.5,58.2,-21.4,683.0,770.0,15.0,90.0,RUNNING
2024-02-18 07:00:00,ZONE_M01,20.1,49.5,-24.2,646.0,770.0,15.0,90.0,RUNNING
2024-02-18 07:00:00,ZONE_M02,20.3,50.7,-23.4,664.0,770.0,15.0,90.0,RUNNING
2024-02-18 07:00:00,ZONE_M03,20.5,55.0,-23.5,712.0,770.0,15.0,90.0,RUNNING
2024-02-18 07:00:00,ZONE_B01,18.9,60.0,-22.2,745.0,770.0,15.0,90.0,RUNNING
2024-02-18 07:00:00,ZONE_B02,20.3,58.3,-25.2,735.0,770.0,15.0,90.0,RUNNING
2024-02-18 08:00:00,ZONE_M01,19.8,58.2,-19.9,719.0,770.0,15.0,90.0,RUNNING
2024-02-18 08:00:00,ZONE_M02,20.2,60.0,-20.1,789.0,770.0,15.0,90.0,RUNNING
2024-02-18 08:00:00,ZONE_M03,19.8,57.4,-21.1,697.0,770.0,15.0,90.0,RUNNING
2024-02-18 08:00:00,ZONE_B01,20.7,59.9,-19.7,746.0,770.0,15.0,90.0,RUNNING
2024-02-18 08:00:00,ZONE_B02,19.6,56.5,-18.6,683.0,770.0,15.0,90.0,RUNNING
2024-02-18 09:00:00,ZONE_M01,20.2,60.0,-20.7,771.0,770.0,15.0,90.0,RUNNING
2024-02-18 09:00:00,ZONE_M02,20.5,60.0,-21.6,1032.0,770.0,15.0,90.0,RUNNING
2024-02-18 09:00:00,ZONE_M03,19.8,57.3,-24.9,735.0,770.0,15.0,90.0,RUNNING
2024-02-18 09:00:00,ZONE_B01,20.6,59.2,-21.8,793.0,770.0,15.0,90.0,RUNNING
2024-02-18 09:00:00,ZONE_B02,19.2,54.5,-17.9,708.0,770.0,15.0,90.0,RUNNING
2024-02-18 10:00:00,ZONE_M01,20.0,56.9,-20.0,790.0,770.0,15.0,90.0,RUNNING
2024-02-18 10:00:00,ZONE_M02,20.2,60.0,-19.9,828.0,770.0,15.0,90.0,RUNNING
2024-02-18 10:00:00,ZONE_M03,20.9,59.7,-21.1,794.0,770.0,15.0,90.0,RUNNING
2024-02-18 10:00:00,ZONE_B01,20.2,59.6,-20.7,814.0,770.0,15.0,90.0,RUNNING
2024-02-18 10:00:00,ZONE_B02,20.0,47.1,-20.9,703.0,770.0,15.0,90.0,RUNNING
2024-02-18 11:00:00,ZONE_M01,20.5,60.0,-18.9,819.0,770.0,15.0,90.0,RUNNING
2024-02-18 11:00:00,ZONE_M02,20.2,57.4,-20.7,704.0,770.0,15.0,90.0,RUNNING
2024-02-18 11:00:00,ZONE_M03,20.5,60.0,-24.8,830.0,770.0,15.0,90.0,RUNNING
2024-02-18 11:00:00,ZONE_B01,19.9,57.4,-22.3,796.0,770.0,15.0,90.0,RUNNING
2024-02-18 11:00:00,ZONE_B02,20.1,60.0,-22.4,808.0,770.0,15.0,90.0,RUNNING
2024-02-18 12:00:00,ZONE_M01,19.9,48.0,-18.5,614.0,770.0,15.0,90.0,RUNNING
2024-02-18 12:00:00,ZONE_M02,21.1,50.1,-23.0,645.0,770.0,15.0,90.0,RUNNING
2024-02-18 12:00:00,ZONE_M03,20.1,56.1,-22.0,760.0,770.0,15.0,90.0,RUNNING
2024-02-18 12:00:00,ZONE_B01,20.2,57.8,-24.2,685.0,770.0,15.0,90.0,RUNNING
2024-02-18 12:00:00,ZONE_B02,19.7,60.0,-18.5,838.0,770.0,15.0,90.0,RUNNING
2024-02-18 13:00:00,ZONE_M01,19.4,52.0,-24.5,652.0,770.0,15.0,90.0,RUNNING
2024-02-18 13:00:00,ZONE_M02,20.0,60.0,-17.0,847.0,770.0,15.0,90.0,RUNNING
2024-02-18 13:00:00,ZONE_M03,19.4,60.0,-23.6,787.0,770.0,15.0,90.0,RUNNING
2024-02-18 13:00:00,ZONE_B01,19.5,60.0,-24.3,913.0,770.0,15.0,90.0,RUNNING
2024-02-18 13:00:00,ZONE_B02,19.2,60.0,-23.4,923.0,770.0,15.0,90.0,RUNNING
2024-02-18 14:00:00,ZONE_M01,20.4,53.5,-19.3,669.0,770.0,15.0,90.0,RUNNING
2024-02-18 14:00:00,ZONE_M02,19.6,51.2,-24.0,688.0,770.0,15.0,90.0,RUNNING
2024-02-18 14:00:00,ZONE_M03,20.3,55.7,-19.4,722.0,770.0,15.0,90.0,RUNNING
2024-02-18 14:00:00,ZONE_B01,19.2,56.7,-19.4,719.0,770.0,15.0,90.0,RUNNING
2024-02-18 14:00:00,ZONE_B02,20.3,60.0,-20.9,836.0,770.0,15.0,90.0,RUNNING
2024-02-18 15:00:00,ZONE_M01,19.1,60.0,-21.4,822.0,770.0,15.0,90.0,RUNNING
2024-02-18 15:00:00,ZONE_M02,20.4,56.3,-18.8,844.0,770.0,15.0,90.0,RUNNING
2024-02-18 15:00:00,ZONE_M03,20.2,60.0,-19.6,798.0,770.0,15.0,90.0,RUNNING
2024-02-18 15:00:00,ZONE_B01,20.5,57.2,-20.4,720.0,770.0,15.0,90.0,RUNNING
2024-02-18 15:00:00,ZONE_B02,20.2,56.3,-21.0,686.0,770.0,15.0,90.0,RUNNING
2024-02-18 16:00:00,ZONE_M01,20.4,46.7,-20.2,542.0,770.0,15.0,90.0,RUNNING
2024-02-18 16:00:00,ZONE_M02,19.7,58.4,-23.4,773.0,770.0,15.0,90.0,RUNNING
2024-02-18 16:00:00,ZONE_M03,20.6,59.4,-20.3,753.0,770.0,15.0,90.0,RUNNING
2024-02-18 16:00:00,ZONE_B01,19.8,47.7,-23.6,652.0,770.0,15.0,90.0,RUNNING
2024-02-18 16:00:00,ZONE_B02,20.6,54.1,-21.0,685.0,770.0,15.0,90.0,RUNNING
2024-02-18 17:00:00,ZONE_M01,19.9,60.0,-20.1,668.0,770.0,15.0,90.0,RUNNING
2024-02-18 17:00:00,ZONE_M02,20.1,55.0,-19.6,668.0,770.0,15.0,90.0,RUNNING
2024-02-18 17:00:00,ZONE_M03,20.0,45.0,-20.3,496.0,770.0,15.0,90.0,RUNNING
2024-02-18 17:00:00,ZONE_B01,20.1,60.0,-22.0,775.0,770.0,15.0,90.0,RUNNING
2024-02-18 17:00:00,ZONE_B02,20.5,55.7,-20.7,726.0,770.0,15.0,90.0,RUNNING
2024-02-18 18:00:00,ZONE_M01,20.6,45.6,-20.1,619.0,770.0,15.0,90.0,RUNNING
2024-02-18 18:00:00,ZONE_M02,19.4,47.5,-21.7,535.0,770.0,15.0,90.0,RUNNING
2024-02-18 18:00:00,ZONE_M03,20.2,57.2,-23.2,769.0,770.0,15.0,90.0,RUNNING
2024-02-18 18:00:00,ZONE_B01,20.5,55.8,-19.3,697.0,770.0,15.0,90.0,RUNNING
2024-02-18 18:00:00,ZONE_B02,20.7,60.0,-21.8,853.0,770.0,15.0,90.0,RUNNING
2024-02-18 19:00:00,ZONE_M01,19.4,59.1,-20.9,767.0,770.0,15.0,90.0,RUNNING
2024-02-18 19:00:00,ZONE_M02,20.4,59.1,-24.0,788.0,770.0,15.0,90.0,RUNNING
2024-02-18 19:00:00,ZONE_M03,20.0,45.2,-20.2,631.0,770.0,15.0,90.0,RUNNING
2024-02-18 19:00:00,ZONE_B01,20.1,46.8,-19.8,712.0,770.0,15.0,90.0,RUNNING
2024-02-18 19:00:00,ZONE_B02,20.9,56.2,-20.0,706.0,770.0,15.0,90.0,RUNNING
2024-02-18 20:00:00,ZONE_M01,19.8,60.0,-18.5,876.0,770.0,15.0,90.0,RUNNING
2024-02-18 20:00:00,ZONE_M02,19.9,60.0,-19.3,779.0,770.0,15.0,90.0,RUNNING
2024-02-18 20:00:00,ZONE_M03,19.8,54.5,-21.3,727.0,770.0,15.0,90.0,RUNNING
2024-02-18 20:00:00,ZONE_B01,19.9,60.0,-22.5,853.0,770.0,15.0,90.0,RUNNING
2024-02-18 20:00:00,ZONE_B02,19.6,57.2,-21.7,645.0,770.0,15.0,90.0,RUNNING
2024-02-18 21:00:00,ZONE_M01,20.8,60.0,-17.0,935.0,770.0,15.0,90.0,RUNNING
2024-02-18 21:00:00,ZONE_M02,19.6,60.0,-19.8,899.0,770.0,15.0,90.0,RUNNING
2024-02-18 21:00:00,ZONE_M03,21.1,48.5,-17.8,582.0,770.0,15.0,90.0,RUNNING
2024-02-18 21:00:00,ZONE_B01,19.5,35.8,-23.9,456.0,770.0,15.0,90.0,RUNNING
2024-02-18 21:00:00,ZONE_B02,20.4,60.0,-18.8,815.0,770.0,15.0,90.0,RUNNING
2024-02-18 22:00:00,ZONE_M01,20.1,56.4,-19.3,627.0,770.0,15.0,90.0,RUNNING
2024-02-18 22:00:00,ZONE_M02,19.5,57.6,-20.5,729.0,770.0,15.0,90.0,RUNNING
2024-02-18 22:00:00,ZONE_M03,19.7,60.0,-22.9,783.0,770.0,15.0,90.0,RUNNING
2024-02-18 22:00:00,ZONE_B01,20.4,60.0,-20.9,893.0,770.0,15.0,90.0,RUNNING
2024-02-18 22:00:00,ZONE_B02,20.3,60.0,-23.5,807.0,770.0,15.0,90.0,RUNNING
2024-02-18 23:00:00,ZONE_M01,16.1,35.1,-21.8,476.0,770.0,15.0,90.0,RUNNING
2024-02-18 23:00:00,ZONE_M02,16.3,37.4,-21.1,446.0,770.0,15.0,90.0,RUNNING
2024-02-18 23:00:00,ZONE_M03,16.4,40.9,-24.2,451.0,770.0,15.0,90.0,RUNNING
2024-02-18 23:00:00,ZONE_B01,16.5,41.5,-19.9,476.0,770.0,15.0,90.0,RUNNING
2024-02-18 23:00:00,ZONE_B02,17.1,40.6,-21.0,460.0,770.0,15.0,90.0,RUNNING
2024-02-19 00:00:00,ZONE_M01,15.8,33.2,-21.6,392.0,770.0,15.0,90.0,RUNNING
2024-02-19 00:00:00,ZONE_M02,16.0,42.1,-21.9,535.0,770.0,15.0,90.0,RUNNING
2024-02-19 00:00:00,ZONE_M03,15.0,35.4,-21.9,463.0,770.0,15.0,90.0,RUNNING
2024-02-19 00:00:00,ZONE_B01,15.7,31.7,-22.3,481.0,770.0,15.0,90.0,RUNNING
2024-02-19 00:00:00,ZONE_B02,15.9,39.5,-20.9,505.0,770.0,15.0,90.0,RUNNING
2024-02-19 01:00:00,ZONE_M01,16.3,41.1,-24.5,435.0,770.0,15.0,90.0,RUNNING
2024-02-19 01:00:00,ZONE_M02,15.0,38.4,-21.5,496.0,770.0,15.0,90.0,RUNNING
2024-02-19 01:00:00,ZONE_M03,15.8,43.1,-23.4,476.0,770.0,15.0,90.0,RUNNING
2024-02-19 01:00:00,ZONE_B01,16.1,42.8,-20.7,413.0,770.0,15.0,90.0,RUNNING
2024-02-19 01:00:00,ZONE_B02,15.9,34.4,-21.8,431.0,770.0,15.0,90.0,RUNNING
2024-02-19 02:00:00,ZONE_M01,16.1,39.2,-21.3,424.0,770.0,15.0,90.0,RUNNING
2024-02-19 02:00:00,ZONE_M02,16.7,42.0,-22.2,448.0,770.0,15.0,90.0,RUNNING
2024-02-19 02:00:00,ZONE_M03,16.3,36.7,-21.8,479.0,770.0,15.0,90.0,RUNNING
2024-02-19 02:00:00,ZONE_B01,16.2,44.2,-24.4,484.0,770.0,15.0,90.0,RUNNING
2024-02-19 02:00:00,ZONE_B02,16.2,36.2,-19.2,496.0,770.0,15.0,90.0,RUNNING
2024-02-19 03:00:00,ZONE_M01,14.3,42.2,-21.2,458.0,770.0,15.0,90.0,RUNNING
2024-02-19 03:00:00,ZONE_M02,15.7,40.3,-17.9,471.0,770.0,15.0,90.0,RUNNING
2024-02-19 03:00:00,ZONE_M03,15.8,36.3,-21.6,425.0,770.0,15.0,90.0,RUNNING
2024-02-19 03:00:00,ZONE_B01,16.5,46.0,-21.0,511.0,770.0,15.0,90.0,RUNNING
2024-02-19 03:00:00,ZONE_B02,16.3,38.7,-19.9,503.0,770.0,15.0,90.0,RUNNING
2024-02-19 04:00:00,ZONE_M01,16.2,44.3,-23.7,470.0,770.0,15.0,90.0,RUNNING
2024-02-19 04:00:00,ZONE_M02,17.0,42.0,-19.6,523.0,770.0,15.0,90.0,RUNNING
2024-02-19 04:00:00,ZONE_M03,16.0,39.6,-21.4,460.0,770.0,15.0,90.0,RUNNING
2024-02-19 04:00:00,ZONE_B01,15.5,39.9,-22.2,445.0,770.0,15.0,90.0,RUNNING
2024-02-19 04:00:00,ZONE_B02,16.0,43.5,-20.1,490.0,770.0,15.0,90.0,RUNNING
2024-02-19 05:00:00,ZONE_M01,16.0,39.4,-21.4,440.0,770.0,15.0,90.0,RUNNING
2024-02-19 05:00:00,ZONE_M02,16.5,42.9,-22.8,484.0,770.0,15.0,90.0,RUNNING
2024-02-19 05:00:00,ZONE_M03,16.1,46.1,-16.4,467.0,770.0,15.0,90.0,RUNNING
2024-02-19 05:00:00,ZONE_B01,16.0,39.0,-22.2,468.0,770.0,15.0,90.0,RUNNING
2024-02-19 05:00:00,ZONE_B02,15.9,42.3,-20.4,482.0,770.0,15.0,90.0,RUNNING
2024-02-19 06:00:00,ZONE_M01,19.8,60.0,-23.9,781.0,770.0,15.0,90.0,RUNNING
2024-02-19 06:00:00,ZONE_M02,19.6,60.0,-22.1,806.0,770.0,15.0,90.0,RUNNING
2024-02-19 06:00:00,ZONE_M03,19.2,58.5,-19.0,767.0,770.0,15.0,90.0,RUNNING
2024-02-19 06:00:00,ZONE_B01,20.2,60.0,-19.3,805.0,770.0,15.0,90.0,RUNNING
2024-02-19 06:00:00,ZONE_B02,20.4,60.0,-23.3,798.0,770.0,15.0,90.0,RUNNING
2024-02-19 07:00:00,ZONE_M01,20.8,52.6,-23.8,730.0,770.0,15.0,90.0,RUNNING
2024-02-19 07:00:00,ZONE_M02,20.9,57.2,-20.7,632.0,770.0,15.0,90.0,RUNNING
2024-02-19 07:00:00,ZONE_M03,20.0,54.8,-24.1,754.0,770.0,15.0,90.0,RUNNING
2024-02-19 07:00:00,ZONE_B01,20.4,60.0,-23.3,788.0,770.0,15.0,90.0,RUNNING
2024-02-19 07:00:00,ZONE_B02,19.4,60.0,-19.5,873.0,770.0,15.0,90.0,RUNNING
2024-02-19 08:00:00,ZONE_M01,20.0,60.0,-23.8,854.0,770.0,15.0,90.0,RUNNING
2024-02-19 08:00:00,ZONE_M02,19.5,59.1,-22.7,742.0,770.0,15.0,90.0,RUNNING
2024-02-19 08:00:00,ZONE_M03,20.6,57.2,-20.4,751.0,770.0,15.0,90.0,RUNNING
2024-02-19 08:00:00,ZONE_B01,19.9,54.2,-22.7,693.0,770.0,15.0,90.0,RUNNING
2024-02-19 08:00:00,ZONE_B02,19.8,56.8,-21.0,665.0,770.0,15.0,90.0,RUNNING
2024-02-19 09:00:00,ZONE_M01,19.7,52.3,-21.9,672.0,770.0,15.0,90.0,RUNNING
2024-02-19 09:00:00,ZONE_M02,20.6,60.0,-22.7,765.0,770.0,15.0,90.0,RUNNING
2024-02-19 09:00:00,ZONE_M03,19.9,60.0,-21.8,711.0,770.0,15.0,90.0,RUNNING
2024-02-19 09:00:00,ZONE_B01,20.8,54.6,-21.8,779.0,770.0,15.0,90.0,RUNNING
2024-02-19 09:00:00,ZONE_B02,19.7,51.2,-20.4,648.0,770.0,15.0,90.0,RUNNING
2024-02-19 10:00:00,ZONE_M01,20.1,55.8,-21.7,632.0,770.0,15.0,90.0,RUNNING
2024-02-19 10:00:00,ZONE_M02,19.6,55.5,-23.1,716.0,770.0,15.0,90.0,RUNNING
2024-02-19 10:00:00,ZONE_M03,19.7,57.1,-18.0,686.0,770.0,15.0,90.0,RUNNING
2024-02-19 10:00:00,ZONE_B01,19.8,60.0,-20.9,788.0,770.0,15.0,90.0,RUNNING
2024-02-19 10:00:00,ZONE_B02,20.7,60.0,-22.9,808.0,770.0,15.0,90.0,RUNNING
2024-02-19 11:00:00,ZONE_M01,19.3,60.0,-21.5,742.0,770.0,15.0,90.0,RUNNING
2024-02-19 11:00:00,ZONE_M02,20.5,52.4,-20.7,622.0,770.0,15.0,90.0,RUNNING
2024-02-19 11:00:00,ZONE_M03,19.0,54.6,-19.2,701.0,770.0,15.0,90.0,RUNNING
2024-02-19 11:00:00,ZONE_B01,19.9,53.2,-22.1,710.0,770.0,15.0,90.0,RUNNING
2024-02-19 11:00:00,ZONE_B02,19.9,60.0,-25.6,862.0,770.0,15.0,90.0,RUNNING
2024-02-19 12:00:00,ZONE_M01,20.4,52.3,-19.9,704.0,770.0,15.0,90.0,RUNNING
2024-02-19 12:00:00,ZONE_M02,19.7,60.0,-23.0,813.0,770.0,15.0,90.0,RUNNING
2024-02-19 12:00:00,ZONE_M03,20.8,60.0,-19.2,760.0,770.0,15.0,90.0,RUNNING
2024-02-19 12:00:00,ZONE_B01,20.3,53.0,-19.0,761.0,770.0,15.0,90.0,RUNNING
2024-02-19 12:00:00,ZONE_B02,20.0,56.5,-23.4,683.0,770.0,15.0,90.0,RUNNING
2024-02-19 13:00:00,ZONE_M01,20.0,59.1,-23.5,782.0,770.0,15.0,90.0,RUNNING
2024-02-19 13:00:00,ZONE_M02,19.9,60.0,-19.7,851.0,770.0,15.0,90.0,RUNNING
2024-02-19 13:00:00,ZONE_M03,20.0,60.0,-21.2,933.0,770.0,15.0,90.0,RUNNING
2024-02-19 13:00:00,ZONE_B01,19.6,57.1,-20.2,731.0,770.0,15.0,90.0,RUNNING
2024-02-19 13:00:00,ZONE_B02,19.8,43.3,-19.7,481.0,770.0,15.0,90.0,RUNNING
2024-02-19 14:00:00,ZONE_M01,19.4,60.0,-22.0,823.0,770.0,15.0,90.0,RUNNING
2024-02-19 14:00:00,ZONE_M02,20.5,40.7,-22.8,549.0,770.0,15.0,90.0,RUNNING
2024-02-19 14:00:00,ZONE_M03,20.1,50.9,-21.3,658.0,770.0,15.0,90.0,RUNNING
2024-02-19 14:00:00,ZONE_B01,19.4,49.6,-21.7,703.0,770.0,15.0,90.0,RUNNING
2024-02-19 14:00:00,ZONE_B02,20.3,50.1,-24.6,655.0,770.0,15.0,90.0,RUNNING
2024-02-19 15:00:00,ZONE_M01,18.8,60.0,-23.0,827.0,770.0,15.0,90.0,RUNNING
2024-02-19 15:00:00,ZONE_M02,20.7,52.3,-21.4,660.0,770.0,15.0,90.0,RUNNING
2024-02-19 15:00:00,ZONE_M03,20.6,53.6,-21.2,724.0,770.0,15.0,90.0,RUNNING
2024-02-19 15:00:00,ZONE_B01,19.6,58.1,-23.6,753.0,770.0,15.0,90.0,RUNNING
2024-02-19 15:00:00,ZONE_B02,19.5,60.0,-22.3,899.0,770.0,15.0,90.0,RUNNING
2024-02-19 16:00:00,ZONE_M01,20.3,56.0,-22.5,586.0,770.0,15.0,90.0,RUNNING
2024-02-19 16:00:00,ZONE_M02,20.2,50.9,-19.8,673.0,770.0,15.0,90.0,RUNNING
2024-02-19 16:00:00,ZONE_M03,19.5,60.0,-21.8,958.0,770.0,15.0,90.0,RUNNING
2024-02-19 16:00:00,ZONE_B01,20.5,52.8,-20.1,680.0,770.0,15.0,90.0,RUNNING
2024-02-19 16:00:00,ZONE_B02,20.2,60.0,-23.6,872.0,770.0,15.0,90.0,RUNNING
2024-02-19 17:00:00,ZONE_M01,20.8,59.6,-19.4,802.0,770.0,15.0,90.0,RUNNING
2024-02-19 17:00:00,ZONE_M02,20.1,49.7,-20.4,659.0,770.0,15.0,90.0,RUNNING
2024-02-19 17:00:00,ZONE_M03,19.3,48.5,-22.1,715.0,770.0,15.0,90.0,RUNNING
2024-02-19 17:00:00,ZONE_B01,19.7,60.0,-23.5,835.0,770.0,15.0,90.0,RUNNING
2024-02-19 17:00:00,ZONE_B02,19.7,57.1,-16.8,708.0,770.0,15.0,90.0,RUNNING
2024-02-19 18:00:00,ZONE_M01,19.8,60.0,-20.7,768.0,770.0,15.0,90.0,RUNNING
2024-02-19 18:00:00,ZONE_M02,20.0,47.8,-18.5,546.0,770.0,15.0,90.0,RUNNING
2024-02-19 18:00:00,ZONE_M03,19.8,49.7,-18.2,586.0,770.0,15.0,90.0,RUNNING
2024-02-19 18:00:00,ZONE_B01,20.2,52.1,-23.2,635.0,770.0,15.0,90.0,RUNNING
2024-02-19 18:00:00,ZONE_B02,20.1,40.7,-20.4,605.0,770.0,15.0,90.0,RUNNING
2024-02-19 19:00:00,ZONE_M01,20.0,56.3,-20.9,740.0,770.0,15.0,90.0,RUNNING
2024-02-19 19:00:00,ZONE_M02,19.8,53.5,-18.8,702.0,770.0,15.0,90.0,RUNNING
2024-02-19 19:00:00,ZONE_M03,20.3,54.1,-22.2,733.0,770.0,15.0,90.0,RUNNING
2024-02-19 19:00:00,ZONE_B01,19.4,60.0,-18.6,828.0,770.0,15.0,90.0,RUNNING
2024-02-19 19:00:00,ZONE_B02,19.9,60.0,-23.3,858.0,770.0,15.0,90.0,RUNNING
2024-02-19 20:00:00,ZONE_M01,20.0,54.6,-22.7,750.0,770.0,15.0,90.0,RUNNING
2024-02-19 20:00:00,ZONE_M02,19.8,55.3,-23.8,697.0,770.0,15.0,90.0,RUNNING
2024-02-19 20:00:00,ZONE_M03,19.7,57.9,-18.4,837.0,770.0,15.0,90.0,RUNNING
2024-02-19 20:00:00,ZONE_B01,20.8,54.7,-18.9,691.0,770.0,15.0,90.0,RUNNING
2024-02-19 20:00:00,ZONE_B02,19.3,49.5,-21.4,675.0,770.0,15.0,90.0,RUNNING
2024-02-19 21:00:00,ZONE_M01,20.1,60.0,-23.1,854.0,770.0,15.0,90.0,RUNNING
2024-02-19 21:00:00,ZONE_M02,20.3,52.5,-23.4,727.0,770.0,15.0,90.0,RUNNING
2024-02-19 21:00:00,ZONE_M03,20.3,55.8,-21.1,737.0,770.0,15.0,90.0,RUNNING
2024-02-19 21:00:00,ZONE_B01,20.4,60.0,-20.5,756.0,770.0,15.0,90.0,RUNNING
2024-02-19 21:00:00,ZONE_B02,19.7,60.0,-19.4,990.0,770.0,15.0,90.0,RUNNING
2024-02-19 22:00:00,ZONE_M01,20.2,60.0,-22.5,701.0,770.0,15.0,90.0,RUNNING
2024-02-19 22:00:00,ZONE_M02,19.6,60.0,-21.6,754.0,770.0,15.0,90.0,RUNNING
2024-02-19 22:00:00,ZONE_M03,19.4,58.4,-17.5,857.0,770.0,15.0,90.0,RUNNING
2024-02-19 22:00:00,ZONE_B01,20.8,60.0,-20.6,829.0,770.0,15.0,90.0,RUNNING
2024-02-19 22:00:00,ZONE_B02,19.6,54.6,-20.7,644.0,770.0,15.0,90.0,RUNNING
2024-02-19 23:00:00,ZONE_M01,16.0,44.0,-22.4,492.0,770.0,15.0,90.0,RUNNING
2024-02-19 23:00:00,ZONE_M02,16.0,40.5,-20.4,456.0,770.0,15.0,90.0,RUNNING
2024-02-19 23:00:00,ZONE_M03,16.7,39.0,-24.7,544.0,770.0,15.0,90.0,RUNNING
2024-02-19 23:00:00,ZONE_B01,15.6,36.6,-19.0,505.0,770.0,15.0,90.0,RUNNING
2024-02-19 23:00:00,ZONE_B02,17.0,36.3,-23.8,463.0,770.0,15.0,90.0,RUNNING
2024-02-20 00:00:00,ZONE_M01,16.0,40.8,-20.3,439.0,770.0,15.0,90.0,RUNNING
2024-02-20 00:00:00,ZONE_M02,16.4,40.2,-25.9,462.0,770.0,15.0,90.0,RUNNING
2024-02-20 00:00:00,ZONE_M03,16.7,44.1,-20.1,479.0,770.0,15.0,90.0,RUNNING
2024-02-20 00:00:00,ZONE_B01,16.1,44.9,-20.7,507.0,770.0,15.0,90.0,RUNNING
2024-02-20 00:00:00,ZONE_B02,16.6,38.1,-24.1,450.0,770.0,15.0,90.0,RUNNING
2024-02-20 01:00:00,ZONE_M01,15.1,40.9,-21.5,462.0,770.0,15.0,90.0,RUNNING
2024-02-20 01:00:00,ZONE_M02,16.0,41.0,-20.1,519.0,770.0,15.0,90.0,RUNNING
2024-02-20 01:00:00,ZONE_M03,16.8,39.9,-21.9,495.0,770.0,15.0,90.0,RUNNING
2024-02-20 01:00:00,ZONE_B01,15.7,34.2,-23.3,454.0,770.0,15.0,90.0,RUNNING
2024-02-20 01:00:00,ZONE_B02,15.3,37.4,-20.4,453.0,770.0,15.0,90.0,RUNNING
2024-02-20 02:00:00,ZONE_M01,17.0,44.7,-23.2,525.0,770.0,15.0,90.0,RUNNING
2024-02-20 02:00:00,ZONE_M02,16.2,36.2,-19.7,432.0,770.0,15.0,90.0,RUNNING
2024-02-20 02:00:00,ZONE_M03,16.1,41.8,-21.8,535.0,770.0,15.0,90.0,RUNNING
2024-02-20 02:00:00,ZONE_B01,15.7,40.8,-21.1,509.0,770.0,15.0,90.0,RUNNING
2024-02-20 02:00:00,ZONE_B02,15.7,43.1,-23.7,526.0,770.0,15.0,90.0,RUNNING
2024-02-20 03:00:00,ZONE_M01,15.6,40.0,-22.0,483.0,770.0,15.0,90.0,RUNNING
2024-02-20 03:00:00,ZONE_M02,15.8,41.6,-24.5,484.0,770.0,15.0,90.0,RUNNING
2024-02-20 03:00:00,ZONE_M03,16.9,32.6,-21.5,430.0,770.0,15.0,90.0,RUNNING
2024-02-20 03:00:00,ZONE_B01,15.1,42.1,-23.9,479.0,770.0,15.0,90.0,RUNNING
2024-02-20 03:00:00,ZONE_B02,16.3,43.4,-22.2,469.0,770.0,15.0,90.0,RUNNING
2024-02-20 04:00:00,ZONE_M01,16.6,38.3,-19.9,481.0,770.0,15.0,90.0,RUNNING
2024-02-20 04:00:00,ZONE_M02,16.4,43.4,-23.1,495.0,770.0,15.0,90.0,RUNNING
2024-02-20 04:00:00,ZONE_M03,15.5,39.3,-21.6,537.0,770.0,15.0,90.0,RUNNING
2024-02-20 04:00:00,ZONE_B01,16.0,49.3,-24.8,505.0,770.0,15.0,90.0,RUNNING
2024-02-20 04:00:00,ZONE_B02,15.3,39.3,-22.6,475.0,770.0,15.0,90.0,RUNNING
2024-02-20 05:00:00,ZONE_M01,15.5,42.2,-23.1,518.0,770.0,15.0,90.0,RUNNING
2024-02-20 05:00:00,ZONE_M02,15.5,34.0,-21.0,471.0,770.0,15.0,90.0,RUNNING
2024-02-20 05:00:00,ZONE_M03,16.3,43.7,-20.7,532.0,770.0,15.0,90.0,RUNNING
2024-02-20 05:00:00,ZONE_B01,15.8,37.2,-21.8,409.0,770.0,15.0,90.0,RUNNING
2024-02-20 05:00:00,ZONE_B02,15.1,35.6,-19.7,492.0,770.0,15.0,90.0,RUNNING
2024-02-20 06:00:00,ZONE_M01,20.4,53.8,-20.3,699.0,770.0,15.0,90.0,RUNNING
2024-02-20 06:00:00,ZONE_M02,20.0,58.7,-16.5,687.0,770.0,15.0,90.0,RUNNING
2024-02-20 06:00:00,ZONE_M03,20.4,60.0,-23.6,886.0,770.0,15.0,90.0,RUNNING
2024-02-20 06:00:00,ZONE_B01,20.3,53.6,-23.8,751.0,770.0,15.0,90.0,RUNNING
2024-02-20 06:00:00,ZONE_B02,19.7,60.0,-17.0,689.0,770.0,15.0,90.0,RUNNING
2024-02-20 07:00:00,ZONE_M01,20.4,60.0,-24.2,881.0,770.0,15.0,90.0,RUNNING
2024-02-20 07:00:00,ZONE_M02,19.8,55.5,-21.3,712.0,770.0,15.0,90.0,RUNNING
2024-02-20 07:00:00,ZONE_M03,20.1,59.1,-23.0,667.0,770.0,15.0,90.0,RUNNING
2024-02-20 07:00:00,ZONE_B01,20.3,41.5,-20.8,545.0,770.0,15.0,90.0,RUNNING
2024-02-20 07:00:00,ZONE_B02,19.3,60.0,-20.5,755.0,770.0,15.0,90.0,RUNNING
2024-02-20 08:00:00,ZONE_M01,20.9,60.0,-20.5,829.0,770.0,15.0,90.0,RUNNING
2024-02-20 08:00:00,ZONE_M02,20.4,60.0,-19.3,903.0,770.0,15.0,90.0,RUNNING
2024-02-20 08:00:00,ZONE_M03,20.4,60.0,-22.2,781.0,770.0,15.0,90.0,RUNNING
2024-02-20 08:00:00,ZONE_B01,20.4,56.7,-24.8,745.0,770.0,15.0,90.0,RUNNING
2024-02-20 08:00:00,ZONE_B02,19.8,60.0,-22.4,875.0,770.0,15.0,90.0,RUNNING
2024-02-20 09:00:00,ZONE_M01,18.9,54.9,-19.8,730.0,770.0,15.0,90.0,RUNNING
2024-02-20 09:00:00,ZONE_M02,19.8,60.0,-21.3,819.0,770.0,15.0,90.0,RUNNING
2024-02-20 09:00:00,ZONE_M03,19.6,59.4,-22.3,762.0,770.0,15.0,90.0,RUNNING
2024-02-20 09:00:00,ZONE_B01,20.6,55.6,-25.5,695.0,770.0,15.0,90.0,RUNNING
2024-02-20 09:00:00,ZONE_B02,20.4,56.7,-18.1,676.0,770.0,15.0,90.0,RUNNING
2024-02-20 10:00:00,ZONE_M01,20.6,60.0,-22.0,754.0,770.0,15.0,90.0,RUNNING
2024-02-20 10:00:00,ZONE_M02,20.2,60.0,-20.4,821.0,770.0,15.0,90.0,RUNNING
2024-02-20 10:00:00,ZONE_M03,19.4,50.8,-19.9,705.0,770.0,15.0,90.0,RUNNING
2024-02-20 10:00:00,ZONE_B01,19.2,49.9,-25.1,661.0,770.0,15.0,90.0,RUNNING
2024-02-20 10:00:00,ZONE_B02,19.5,54.9,-24.5,684.0,770.0,15.0,90.0,RUNNING
2024-02-20 11:00:00,ZONE_M01,19.5,60.0,-19.5,764.0,770.0,15.0,90.0,RUNNING
2024-02-20 11:00:00,ZONE_M02,20.2,60.0,-20.1,906.0,770.0,15.0,90.0,RUNNING
2024-02-20 11:00:00,ZONE_M03,19.9,52.7,-22.3,684.0,770.0,15.0,90.0,RUNNING
2024-02-20 11:00:00,ZONE_B01,19.3,59.5,-20.3,843.0,770.0,15.0,90.0,RUNNING
2024-02-20 11:00:00,ZONE_B02,20.1,57.2,-22.0,758.0,770.0,15.0,90.0,RUNNING
2024-02-20 12:00:00,ZONE_M01,19.7,51.2,-22.7,602.0,770.0,15.0,90.0,RUNNING
2024-02-20 12:00:00,ZONE_M02,20.5,60.0,-20.5,734.0,770.0,15.0,90.0,RUNNING
2024-02-20 12:00:00,ZONE_M03,19.2,49.4,-20.2,700.0,770.0,15.0,90.0,RUNNING
2024-02-20 12:00:00,ZONE_B01,19.6,60.0,-24.2,875.0,770.0,15.0,90.0,RUNNING
2024-02-20 12:00:00,ZONE_B02,20.0,53.2,-24.4,662.0,770.0,15.0,90.0,RUNNING
2024-02-20 13:00:00,ZONE_M01,19.8,56.0,-20.8,619.0,770.0,15.0,90.0,RUNNING
2024-02-20 13:00:00,ZONE_M02,19.5,53.3,-19.1,686.0,770.0,15.0,90.0,RUNNING
2024-02-20 13:00:00,ZONE_M03,20.6,42.8,-23.0,525.0,770.0,15.0,90.0,RUNNING
2024-02-20 13:00:00,ZONE_B01,20.1,52.3,-21.0,686.0,770.0,15.0,90.0,RUNNING
2024-02-20 13:00:00,ZONE_B02,19.9,58.4,-23.7,673.0,770.0,15.0,90.0,RUNNING
2024-02-20 14:00:00,ZONE_M01,19.2,60.0,-22.3,754.0,770.0,15.0,90.0,RUNNING
2024-02-20 14:00:00,ZONE_M02,20.6,60.0,-19.6,800.0,770.0,15.0,90.0,RUNNING
2024-02-20 14:00:00,ZONE_M03,20.8,60.0,-22.6,772.0,770.0,15.0,90.0,RUNNING
2024-02-20 14:00:00,ZONE_B01,19.7,59.1,-24.2,754.0,770.0,15.0,90.0,RUNNING
2024-02-20 14:00:00,ZONE_B02,19.8,60.0,-22.7,849.0,770.0,15.0,90.0,RUNNING
2024-02-20 15:00:00,ZONE_M01,19.9,51.7,-16.7,593.0,770.0,15.0,90.0,RUNNING
2024-02-20 15:00:00,ZONE_M02,19.9,60.0,-21.8,854.0,770.0,15.0,90.0,RUNNING
2024-02-20 15:00:00,ZONE_M03,20.7,60.0,-20.5,993.0,770.0,15.0,90.0,RUNNING
2024-02-20 15:00:00,ZONE_B01,19.5,50.7,-21.5,652.0,770.0,15.0,90.0,RUNNING
2024-02-20 15:00:00,ZONE_B02,20.0,60.0,-22.6,861.0,770.0,15.0,90.0,RUNNING
2024-02-20 16:00:00,ZONE_M01,19.8,52.7,-23.8,666.0,770.0,15.0,90.0,RUNNING
2024-02-20 16:00:00,ZONE_M02,19.9,60.0,-21.3,771.0,770.0,15.0,90.0,RUNNING
2024-02-20 16:00:00,ZONE_M03,19.6,60.0,-21.2,933.0,770.0,15.0,90.0,RUNNING
2024-02-20 16:00:00,ZONE_B01,20.2,54.6,-19.2,634.0,770.0,15.0,90.0,RUNNING
2024-02-20 16:00:00,ZONE_B02,20.5,60.0,-20.1,805.0,770.0,15.0,90.0,RUNNING
2024-02-20 17:00:00,ZONE_M01,20.3,60.0,-25.6,788.0,770.0,15.0,90.0,RUNNING
2024-02-20 17:00:00,ZONE_M02,20.4,60.0,-23.1,816.0,770.0,15.0,90.0,RUNNING
2024-02-20 17:00:00,ZONE_M03,20.9,60.0,-20.8,898.0,770.0,15.0,90.0,RUNNING
2024-02-20 17:00:00,ZONE_B01,20.4,57.7,-21.9,819.0,770.0,15.0,90.0,RUNNING
2024-02-20 17:00:00,ZONE_B02,20.0,60.0,-24.3,804.0,770.0,15.0,90.0,RUNNING
2024-02-20 18:00:00,ZONE_M01,20.7,60.0,-20.7,801.0,770.0,15.0,90.0,RUNNING
2024-02-20 18:00:00,ZONE_M02,20.8,52.0,-23.8,716.0,770.0,15.0,90.0,RUNNING
2024-02-20 18:00:00,ZONE_M03,20.2,55.2,-19.1,780.0,770.0,15.0,90.0,RUNNING
2024-02-20 18:00:00,ZONE_B01,20.2,56.3,-22.7,789.0,770.0,15.0,90.0,RUNNING
2024-02-20 18:00:00,ZONE_B02,20.6,60.0,-23.0,764.0,770.0,15.0,90.0,RUNNING
2024-02-20 19:00:00,ZONE_M01,20.4,52.7,-20.3,623.0,770.0,15.0,90.0,RUNNING
2024-02-20 19:00:00,ZONE_M02,19.7,60.0,-18.6,737.0,770.0,15.0,90.0,RUNNING
2024-02-20 19:00:00,ZONE_M03,20.1,57.2,-24.0,667.0,770.0,15.0,90.0,RUNNING
2024-02-20 19:00:00,ZONE_B01,19.7,60.0,-20.7,826.0,770.0,15.0,90.0,RUNNING
2024-02-20 19:00:00,ZONE_B02,20.4,56.5,-22.9,668.0,770.0,15.0,90.0,RUNNING
2024-02-20 20:00:00,ZONE_M01,19.9,54.9,-21.8,689.0,770.0,15.0,90.0,RUNNING
2024-02-20 20:00:00,ZONE_M02,20.8,60.0,-25.0,820.0,770.0,15.0,90.0,RUNNING
2024-02-20 20:00:00,ZONE_M03,19.9,58.8,-21.5,762.0,770.0,15.0,90.0,RUNNING
2024-02-20 20:00:00,ZONE_B01,20.0,60.0,-20.7,807.0,770.0,15.0,90.0,RUNNING
2024-02-20 20:00:00,ZONE_B02,19.7,60.0,-22.4,766.0,770.0,15.0,90.0,RUNNING
2024-02-20 21:00:00,ZONE_M01,20.4,60.0,-16.6,1000.0,770.0,15.0,90.0,RUNNING
2024-02-20 21:00:00,ZONE_M02,20.2,57.9,-23.5,691.0,770.0,15.0,90.0,RUNNING
2024-02-20 21:00:00,ZONE_M03,20.1,55.1,-19.7,712.0,770.0,15.0,90.0,RUNNING
2024-02-20 21:00:00,ZONE_B01,20.0,49.8,-19.9,690.0,770.0,15.0,90.0,RUNNING
2024-02-20 21:00:00,ZONE_B02,19.7,52.4,-21.7,687.0,770.0,15.0,90.0,RUNNING
2024-02-20 22:00:00,ZONE_M01,20.9,55.4,-18.3,755.0,770.0,15.0,90.0,RUNNING
2024-02-20 22:00:00,ZONE_M02,20.5,60.0,-23.3,821.0,770.0,15.0,90.0,RUNNING
2024-02-20 22:00:00,ZONE_M03,19.6,60.0,-20.1,767.0,770.0,15.0,90.0,RUNNING
2024-02-20 22:00:00,ZONE_B01,19.6,59.4,-21.2,758.0,770.0,15.0,90.0,RUNNING
2024-02-20 22:00:00,ZONE_B02,20.3,50.4,-19.3,668.0,770.0,15.0,90.0,RUNNING
2024-02-20 23:00:00,ZONE_M01,16.4,38.4,-21.0,472.0,770.0,15.0,90.0,RUNNING
2024-02-20 23:00:00,ZONE_M02,16.6,43.2,-21.7,464.0,770.0,15.0,90.0,RUNNING
2024-02-20 23:00:00,ZONE_M03,16.0,40.9,-23.3,491.0,770.0,15.0,90.0,RUNNING
2024-02-20 23:00:00,ZONE_B01,16.3,41.9,-18.0,464.0,770.0,15.0,90.0,RUNNING
2024-02-20 23:00:00,ZONE_B02,15.7,44.3,-20.9,537.0,770.0,15.0,90.0,RUNNING
2024-02-21 00:00:00,ZONE_M01,16.2,42.2,-24.1,438.0,770.0,15.0,90.0,RUNNING
2024-02-21 00:00:00,ZONE_M02,16.0,43.5,-22.2,469.0,770.0,15.0,90.0,RUNNING
2024-02-21 00:00:00,ZONE_M03,16.5,37.9,-18.6,537.0,770.0,15.0,90.0,RUNNING
2024-02-21 00:00:00,ZONE_B01,15.8,38.2,-21.9,479.0,770.0,15.0,90.0,RUNNING
2024-02-21 00:00:00,ZONE_B02,15.7,39.2,-23.8,407.0,770.0,15.0,90.0,RUNNING
2024-02-21 01:00:00,ZONE_M01,15.7,40.1,-25.6,474.0,770.0,15.0,90.0,RUNNING
2024-02-21 01:00:00,ZONE_M02,16.2,43.4,-21.2,494.0,770.0,15.0,90.0,RUNNING
2024-02-21 01:00:00,ZONE_M03,15.4,38.1,-23.0,414.0,770.0,15.0,90.0,RUNNING
2024-02-21 01:00:00,ZONE_B01,15.4,49.4,-19.4,555.0,770.0,15.0,90.0,RUNNING
2024-02-21 01:00:00,ZONE_B02,15.0,36.4,-21.5,453.0,770.0,15.0,90.0,RUNNING
2024-02-21 02:00:00,ZONE_M01,16.0,40.2,-22.1,437.0,770.0,15.0,90.0,RUNNING
2024-02-21 02:00:00,ZONE_M02,16.0,45.6,-21.9,494.0,770.0,15.0,90.0,RUNNING
2024-02-21 02:00:00,ZONE_M03,14.8,42.1,-23.1,480.0,770.0,15.0,90.0,RUNNING
2024-02-21 02:00:00,ZONE_B01,15.6,37.4,-23.3,443.0,770.0,15.0,90.0,RUNNING
2024-02-21 02:00:00,ZONE_B02,15.4,38.0,-22.2,484.0,770.0,15.0,90.0,RUNNING
2024-02-21 03:00:00,ZONE_M01,15.4,37.9,-20.7,424.0,770.0,15.0,90.0,RUNNING
2024-02-21 03:00:00,ZONE_M02,15.6,35.9,-23.4,482.0,770.0,15.0,90.0,RUNNING
2024-02-21 03:00:00,ZONE_M03,16.4,36.5,-23.1,491.0,770.0,15.0,90.0,RUNNING
2024-02-21 03:00:00,ZONE_B01,16.0,46.1,-22.1,550.0,770.0,15.0,90.0,RUNNING
2024-02-21 03:00:00,ZONE_B02,15.6,40.4,-20.9,462.0,770.0,15.0,90.0,RUNNING
2024-02-21 04:00:00,ZONE_M01,15.9,38.4,-23.2,518.0,770.0,15.0,90.0,RUNNING
2024-02-21 04:00:00,ZONE_M02,14.6,35.9,-22.2,520.0,770.0,15.0,90.0,RUNNING
2024-02-21 04:00:00,ZONE_M03,16.3,35.9,-21.8,454.0,770.0,15.0,90.0,RUNNING
2024-02-21 04:00:00,ZONE_B01,15.7,31.6,-21.7,455.0,770.0,15.0,90.0,RUNNING
2024-02-21 04:00:00,ZONE_B02,16.6,39.4,-23.7,457.0,770.0,15.0,90.0,RUNNING
2024-02-21 05:00:00,ZONE_M01,15.3,46.3,-22.5,466.0,770.0,15.0,90.0,RUNNING
2024-02-21 05:00:00,ZONE_M02,16.8,33.2,-22.2,412.0,770.0,15.0,90.0,RUNNING
2024-02-21 05:00:00,ZONE_M03,15.1,39.2,-20.2,473.0,770.0,15.0,90.0,RUNNING
2024-02-21 05:00:00,ZONE_B01,15.8,41.1,-22.0,497.0,770.0,15.0,90.0,RUNNING
2024-02-21 05:00:00,ZONE_B02,16.5,40.8,-22.4,479.0,770.0,15.0,90.0,RUNNING
2024-02-21 06:00:00,ZONE_M01,19.6,51.8,-22.9,695.0,770.0,15.0,90.0,RUNNING
2024-02-21 06:00:00,ZONE_M02,20.0,44.3,-21.6,586.0,770.0,15.0,90.0,RUNNING
2024-02-21 06:00:00,ZONE_M03,20.3,52.2,-20.7,701.0,770.0,15.0,90.0,RUNNING
2024-02-21 06:00:00,ZONE_B01,19.8,60.0,-23.9,802.0,770.0,15.0,90.0,RUNNING
2024-02-21 06:00:00,ZONE_B02,19.9,50.2,-18.0,620.0,770.0,15.0,90.0,RUNNING
2024-02-21 07:00:00,ZONE_M01,20.3,57.6,-24.6,706.0,770.0,15.0,90.0,RUNNING
2024-02-21 07:00:00,ZONE_M02,21.0,56.5,-25.1,709.0,770.0,15.0,90.0,RUNNING
2024-02-21 07:00:00,ZONE_M03,20.4,53.2,-23.2,725.0,770.0,15.0,90.0,RUNNING
2024-02-21 07:00:00,ZONE_B01,19.5,60.0,-22.5,765.0,770.0,15.0,90.0,RUNNING
2024-02-21 07:00:00,ZONE_B02,19.6,57.4,-17.1,717.0,770.0,15.0,90.0,RUNNING
2024-02-21 08:00:00,ZONE_M01,20.1,40.0,-19.1,443.0,770.0,15.0,90.0,RUNNING
2024-02-21 08:00:00,ZONE_M02,20.1,57.3,-19.6,799.0,770.0,15.0,90.0,RUNNING
2024-02-21 08:00:00,ZONE_M03,20.7,54.7,-17.8,740.0,770.0,15.0,90.0,RUNNING
2024-02-21 08:00:00,ZONE_B01,20.5,57.5,-22.7,796.0,770.0,15.0,90.0,RUNNING
2024-02-21 08:00:00,ZONE_B02,20.0,54.8,-20.5,700.0,770.0,15.0,90.0,RUNNING
2024-02-21 09:00:00,ZONE_M01,19.8,53.8,-23.0,704.0,770.0,15.0,90.0,RUNNING
2024-02-21 09:00:00,ZONE_M02,20.2,58.5,-21.0,756.0,770.0,15.0,90.0,RUNNING
2024-02-21 09:00:00,ZONE_M03,20.1,51.7,-24.6,654.0,770.0,15.0,90.0,RUNNING
2024-02-21 09:00:00,ZONE_B01,20.3,59.8,-16.0,814.0,770.0,15.0,90.0,RUNNING
2024-02-21 09:00:00,ZONE_B02,20.1,56.1,-23.7,708.0,770.0,15.0,90.0,RUNNING
2024-02-21 10:00:00,ZONE_M01,19.7,55.0,-21.9,704.0,770.0,15.0,90.0,RUNNING
2024-02-21 10:00:00,ZONE_M02,19.9,51.2,-20.5,689.0,770.0,15.0,90.0,RUNNING
2024-02-21 10:00:00,ZONE_M03,20.0,44.7,-19.4,539.0,770.0,15.0,90.0,RUNNING
2024-02-21 10:00:00,ZONE_B01,20.4,58.8,-25.3,727.0,770.0,15.0,90.0,RUNNING
2024-02-21 10:00:00,ZONE_B02,19.0,60.0,-19.1,815.0,770.0,15.0,90.0,RUNNING
2024-02-21 11:00:00,ZONE_M01,20.2,53.1,-21.7,676.0,770.0,15.0,90.0,RUNNING
2024-02-21 11:00:00,ZONE_M02,20.2,60.0,-23.3,739.0,770.0,15.0,90.0,RUNNING
2024-02-21 11:00:00,ZONE_M03,18.8,56.7,-28.1,729.0,770.0,15.0,90.0,RUNNING
2024-02-21 11:00:00,ZONE_B01,20.1,60.0,-21.7,908.0,770.0,15.0,90.0,RUNNING
2024-02-21 11:00:00,ZONE_B02,20.6,54.2,-22.5,639.0,770.0,15.0,90.0,RUNNING
2024-02-21 12:00:00,ZONE_M01,20.3,56.0,-18.1,719.0,770.0,15.0,90.0,RUNNING
2024-02-21 12:00:00,ZONE_M02,20.1,60.0,-18.9,678.0,770.0,15.0,90.0,RUNNING
2024-02-21 12:00:00,ZONE_M03,19.9,53.4,-19.2,710.0,770.0,15.0,90.0,RUNNING
2024-02-21 12:00:00,ZONE_B01,20.2,54.4,-22.1,675.0,770.0,15.0,90.0,RUNNING
2024-02-21 12:00:00,ZONE_B02,20.2,50.3,-22.7,639.0,770.0,15.0,90.0,RUNNING
2024-02-21 13:00:00,ZONE_M01,19.8,60.0,-20.4,746.0,770.0,15.0,90.0,RUNNING
2024-02-21 13:00:00,ZONE_M02,19.9,57.9,-24.3,709.0,770.0,15.0,90.0,RUNNING
2024-02-21 13:00:00,ZONE_M03,20.3,60.0,-25.1,830.0,770.0,15.0,90.0,RUNNING
2024-02-21 13:00:00,ZONE_B01,20.8,55.1,-22.2,745.0,770.0,15.0,90.0,RUNNING
2024-02-21 13:00:00,ZONE_B02,20.7,60.0,-23.8,761.0,770.0,15.0,90.0,RUNNING
2024-02-21 14:00:00,ZONE_M01,19.6,53.9,-24.4,718.0,770.0,15.0,90.0,RUNNING
2024-02-21 14:00:00,ZONE_M02,19.3,60.0,-22.7,862.0,770.0,15.0,90.0,RUNNING
2024-02-21 14:00:00,ZONE_M03,21.1,53.5,-21.7,643.0,770.0,15.0,90.0,RUNNING
2024-02-21 14:00:00,ZONE_B01,20.3,51.4,-23.8,677.0,770.0,15.0,90.0,RUNNING
2024-02-21 14:00:00,ZONE_B02,20.8,45.6,-19.8,635.0,770.0,15.0,90.0,RUNNING
2024-02-21 15:00:00,ZONE_M01,19.8,60.0,-21.9,923.0,770.0,15.0,90.0,RUNNING
2024-02-21 15:00:00,ZONE_M02,20.4,53.9,-23.7,662.0,770.0,15.0,90.0,RUNNING
2024-02-21 15:00:00,ZONE_M03,20.1,52.1,-20.3,734.0,770.0,15.0,90.0,RUNNING
2024-02-21 15:00:00,ZONE_B01,20.2,60.0,-20.7,854.0,770.0,15.0,90.0,RUNNING
2024-02-21 15:00:00,ZONE_B02,19.9,60.0,-21.5,859.0,770.0,15.0,90.0,RUNNING
2024-02-21 16:00:00,ZONE_M01,20.5,52.7,-22.6,646.0,770.0,15.0,90.0,RUNNING
2024-02-21 16:00:00,ZONE_M02,19.6,60.0,-22.4,718.0,770.0,15.0,90.0,RUNNING
2024-02-21 16:00:00,ZONE_M03,20.2,57.1,-22.8,774.0,770.0,15.0,90.0,RUNNING
2024-02-21 16:00:00,ZONE_B01,20.3,60.0,-21.6,921.0,770.0,15.0,90.0,RUNNING
2024-02-21 16:00:00,ZONE_B02,19.7,60.0,-21.2,809.0,770.0,15.0,90.0,RUNNING
2024-02-21 17:00:00,ZONE_M01,19.8,60.0,-19.4,859.0,770.0,15.0,90.0,RUNNING
2024-02-21 17:00:00,ZONE_M02,20.0,56.6,-19.4,720.0,770.0,15.0,90.0,RUNNING
2024-02-21 17:00:00,ZONE_M03,20.2,52.0,-25.1,711.0,770.0,15.0,90.0,RUNNING
2024-02-21 17:00:00,ZONE_B01,20.7,52.3,-19.8,665.0,770.0,15.0,90.0,RUNNING
2024-02-21 17:00:00,ZONE_B02,19.5,58.6,-21.5,785.0,770.0,15.0,90.0,RUNNING
2024-02-21 18:00:00,ZONE_M01,19.5,59.3,-20.9,745.0,770.0,15.0,90.0,RUNNING
2024-02-21 18:00:00,ZONE_M02,20.8,48.3,-23.2,605.0,770.0,15.0,90.0,RUNNING
2024-02-21 18:00:00,ZONE_M03,19.6,54.2,-24.8,714.0,770.0,15.0,90.0,RUNNING
2024-02-21 18:00:00,ZONE_B01,20.4,55.1,-22.0,686.0,770.0,15.0,90.0,RUNNING
2024-02-21 18:00:00,ZONE_B02,19.2,60.0,-19.9,784.0,770.0,15.0,90.0,RUNNING
2024-02-21 19:00:00,ZONE_M01,18.8,53.6,-22.9,755.0,770.0,15.0,90.0,RUNNING
2024-02-21 19:00:00,ZONE_M02,19.7,54.8,-20.1,692.0,770.0,15.0,90.0,RUNNING
2024-02-21 19:00:00,ZONE_M03,19.5,60.0,-19.8,813.0,770.0,15.0,90.0,RUNNING
2024-02-21 19:00:00,ZONE_B01,19.8,55.5,-23.8,728.0,770.0,15.0,90.0,RUNNING
2024-02-21 19:00:00,ZONE_B02,20.1,60.0,-24.0,883.0,770.0,15.0,90.0,RUNNING
2024-02-21 20:00:00,ZONE_M01,20.3,60.0,-23.8,845.0,770.0,15.0,90.0,RUNNING
2024-02-21 20:00:00,ZONE_M02,20.2,53.6,-21.6,644.0,770.0,15.0,90.0,RUNNING
2024-02-21 20:00:00,ZONE_M03,19.8,52.8,-22.0,674.0,770.0,15.0,90.0,RUNNING
2024-02-21 20:00:00,ZONE_B01,20.7,51.2,-23.4,680.0,770.0,15.0,90.0,RUNNING
2024-02-21 20:00:00,ZONE_B02,19.8,51.0,-22.7,631.0,770.0,15.0,90.0,RUNNING
2024-02-21 21:00:00,ZONE_M01,19.7,60.0,-25.8,781.0,770.0,15.0,90.0,RUNNING
2024-02-21 21:00:00,ZONE_M02,20.0,60.0,-20.8,782.0,770.0,15.0,90.0,RUNNING
2024-02-21 21:00:00,ZONE_M03,19.8,60.0,-18.9,780.0,770.0,15.0,90.0,RUNNING
2024-02-21 21:00:00,ZONE_B01,20.0,53.7,-22.9,775.0,770.0,15.0,90.0,RUNNING
2024-02-21 21:00:00,ZONE_B02,20.6,49.0,-13.8,553.0,770.0,15.0,90.0,RUNNING
2024-02-21 22:00:00,ZONE_M01,20.6,60.0,-21.1,785.0,770.0,15.0,90.0,RUNNING
2024-02-21 22:00:00,ZONE_M02,20.7,60.0,-23.4,787.0,770.0,15.0,90.0,RUNNING
2024-02-21 22:00:00,ZONE_M03,20.3,54.5,-19.3,763.0,770.0,15.0,90.0,RUNNING
2024-02-21 22:00:00,ZONE_B01,20.2,56.5,-21.4,691.0,770.0,15.0,90.0,RUNNING
2024-02-21 22:00:00,ZONE_B02,19.5,59.6,-23.1,813.0,770.0,15.0,90.0,RUNNING
2024-02-21 23:00:00,ZONE_M01,16.6,37.7,-21.8,473.0,770.0,15.0,90.0,RUNNING
2024-02-21 23:00:00,ZONE_M02,15.5,45.5,-23.0,461.0,770.0,15.0,90.0,RUNNING
2024-02-21 23:00:00,ZONE_M03,14.9,38.8,-20.0,513.0,770.0,15.0,90.0,RUNNING
2024-02-21 23:00:00,ZONE_B01,15.6,38.8,-21.0,445.0,770.0,15.0,90.0,RUNNING
2024-02-21 23:00:00,ZONE_B02,15.4,39.4,-26.1,445.0,770.0,15.0,90.0,RUNNING
2024-02-22 00:00:00,ZONE_M01,15.5,33.5,-24.0,460.0,770.0,15.0,90.0,RUNNING
2024-02-22 00:00:00,ZONE_M02,16.2,38.6,-24.2,515.0,770.0,15.0,90.0,RUNNING
2024-02-22 00:00:00,ZONE_M03,16.7,29.1,-20.6,483.0,770.0,15.0,90.0,RUNNING
2024-02-22 00:00:00,ZONE_B01,15.6,38.0,-20.7,455.0,770.0,15.0,90.0,RUNNING
2024-02-22 00:00:00,ZONE_B02,16.6,44.7,-25.1,480.0,770.0,15.0,90.0,RUNNING
2024-02-22 01:00:00,ZONE_M01,16.0,47.6,-21.5,500.0,770.0,15.0,90.0,RUNNING
2024-02-22 01:00:00,ZONE_M02,16.3,34.2,-22.7,447.0,770.0,15.0,90.0,RUNNING
2024-02-22 01:00:00,ZONE_M03,16.2,43.3,-20.4,491.0,770.0,15.0,90.0,RUNNING
2024-02-22 01:00:00,ZONE_B01,16.8,42.1,-21.0,522.0,770.0,15.0,90.0,RUNNING
2024-02-22 01:00:00,ZONE_B02,16.4,45.7,-19.7,500.0,770.0,15.0,90.0,RUNNING
2024-02-22 02:00:00,ZONE_M01,15.7,40.0,-25.4,504.0,770.0,15.0,90.0,RUNNING
2024-02-22 02:00:00,ZONE_M02,15.6,35.8,-21.9,450.0,770.0,15.0,90.0,RUNNING
2024-02-22 02:00:00,ZONE_M03,16.7,41.5,-21.9,553.0,770.0,15.0,90.0,RUNNING
2024-02-22 02:00:00,ZONE_B01,16.1,46.1,-22.0,556.0,770.0,15.0,90.0,RUNNING
2024-02-22 02:00:00,ZONE_B02,15.8,41.8,-23.2,536.0,770.0,15.0,90.0,RUNNING
2024-02-22 03:00:00,ZONE_M01,15.8,36.5,-24.8,484.0,770.0,15.0,90.0,RUNNING
2024-02-22 03:00:00,ZONE_M02,15.3,36.6,-21.6,510.0,770.0,15.0,90.0,RUNNING
2024-02-22 03:00:00,ZONE_M03,15.5,35.0,-18.1,410.0,770.0,15.0,90.0,RUNNING
2024-02-22 03:00:00,ZONE_B01,16.2,38.4,-22.7,465.0,770.0,15.0,90.0,RUNNING
2024-02-22 03:00:00,ZONE_B02,15.8,44.8,-18.8,566.0,770.0,15.0,90.0,RUNNING
2024-02-22 04:00:00,ZONE_M01,15.8,39.8,-25.4,447.0,770.0,15.0,90.0,RUNNING
2024-02-22 04:00:00,ZONE_M02,15.2,42.7,-20.5,512.0,770.0,15.0,90.0,RUNNING
2024-02-22 04:00:00,ZONE_M03,15.9,39.2,-21.8,431.0,770.0,15.0,90.0,RUNNING
2024-02-22 04:00:00,ZONE_B01,15.8,43.7,-19.5,493.0,770.0,15.0,90.0,RUNNING
2024-02-22 04:00:00,ZONE_B02,15.7,43.2,-22.5,500.0,770.0,15.0,90.0,RUNNING
2024-02-22 05:00:00,ZONE_M01,15.9,43.1,-24.2,503.0,770.0,15.0,90.0,RUNNING
2024-02-22 05:00:00,ZONE_M02,15.5,41.9,-22.3,455.0,770.0,15.0,90.0,RUNNING
2024-02-22 05:00:00,ZONE_M03,15.9,37.5,-23.0,463.0,770.0,15.0,90.0,RUNNING
2024-02-22 05:00:00,ZONE_B01,16.0,39.9,-19.0,505.0,770.0,15.0,90.0,RUNNING
2024-02-22 05:00:00,ZONE_B02,15.9,36.8,-23.9,457.0,770.0,15.0,90.0,RUNNING
2024-02-22 06:00:00,ZONE_M01,21.6,60.0,-25.3,763.0,770.0,15.0,90.0,RUNNING
2024-02-22 06:00:00,ZONE_M02,19.6,49.8,-24.2,681.0,770.0,15.0,90.0,RUNNING
2024-02-22 06:00:00,ZONE_M03,21.2,53.3,-23.0,715.0,770.0,15.0,90.0,RUNNING
2024-02-22 06:00:00,ZONE_B01,20.1,60.0,-20.8,828.0,770.0,15.0,90.0,RUNNING
2024-02-22 06:00:00,ZONE_B02,21.1,58.4,-22.4,763.0,770.0,15.0,90.0,RUNNING
2024-02-22 07:00:00,ZONE_M01,20.4,60.0,-22.1,927.0,770.0,15.0,90.0,RUNNING
2024-02-22 07:00:00,ZONE_M02,19.8,57.8,-21.1,768.0,770.0,15.0,90.0,RUNNING
2024-02-22 07:00:00,ZONE_M03,20.8,60.0,-23.8,808.0,770.0,15.0,90.0,RUNNING
2024-02-22 07:00:00,ZONE_B01,20.1,57.6,-20.2,762.0,770.0,15.0,90.0,RUNNING
2024-02-22 07:00:00,ZONE_B02,18.9,54.6,-20.8,735.0,770.0,15.0,90.0,RUNNING
2024-02-22 08:00:00,ZONE_M01,19.6,60.0,-22.2,845.0,770.0,15.0,90.0,RUNNING
2024-02-22 08:00:00,ZONE_M02,20.5,53.2,-21.9,723.0,770.0,15.0,90.0,RUNNING
2024-02-22 08:00:00,ZONE_M03,20.5,56.8,-25.0,707.0,770.0,15.0,90.0,RUNNING
2024-02-22 08:00:00,ZONE_B01,19.6,60.0,-19.7,798.0,770.0,15.0,90.0,RUNNING
2024-02-22 08:00:00,ZONE_B02,20.4,51.3,-18.6,707.0,770.0,15.0,90.0,RUNNING
2024-02-22 09:00:00,ZONE_M01,19.9,57.7,-22.5,759.0,770.0,15.0,90.0,RUNNING
2024-02-22 09:00:00,ZONE_M02,19.9,58.3,-20.5,771.0,770.0,15.0,90.0,RUNNING
2024-02-22 09:00:00,ZONE_M03,19.6,60.0,-22.7,830.0,770.0,15.0,90.0,RUNNING
2024-02-22 09:00:00,ZONE_B01,20.6,57.8,-20.1,787.0,770.0,15.0,90.0,RUNNING
2024-02-22 09:00:00,ZONE_B02,19.3,53.2,-23.2,712.0,770.0,15.0,90.0,RUNNING
2024-02-22 10:00:00,ZONE_M01,20.1,60.0,-22.1,897.0,770.0,15.0,90.0,RUNNING
2024-02-22 10:00:00,ZONE_M02,20.4,59.2,-25.0,763.0,770.0,15.0,90.0,RUNNING
2024-02-22 10:00:00,ZONE_M03,19.6,60.0,-19.4,769.0,770.0,15.0,90.0,RUNNING
2024-02-22 10:00:00,ZONE_B01,19.9,60.0,-18.8,821.0,770.0,15.0,90.0,RUNNING
2024-02-22 10:00:00,ZONE_B02,20.2,51.9,-22.8,611.0,770.0,15.0,90.0,RUNNING
2024-02-22 11:00:00,ZONE_M01,19.3,60.0,-19.1,812.0,770.0,15.0,90.0,RUNNING
2024-02-22 11:00:00,ZONE_M02,20.9,58.3,-24.2,663.0,770.0,15.0,90.0,RUNNING
2024-02-22 11:00:00,ZONE_M03,19.8,60.0,-19.9,754.0,770.0,15.0,90.0,RUNNING
2024-02-22 11:00:00,ZONE_B01,20.2,60.0,-22.9,776.0,770.0,15.0,90.0,RUNNING
2024-02-22 11:00:00,ZONE_B02,20.3,52.6,-23.4,802.0,770.0,15.0,90.0,RUNNING
2024-02-22 12:00:00,ZONE_M01,20.0,49.8,-23.2,565.0,770.0,15.0,90.0,RUNNING
2024-02-22 12:00:00,ZONE_M02,21.0,54.7,-18.5,731.0,770.0,15.0,90.0,RUNNING
2024-02-22 12:00:00,ZONE_M03,19.8,56.2,-22.1,719.0,770.0,15.0,90.0,RUNNING
2024-02-22 12:00:00,ZONE_B01,20.3,60.0,-22.4,847.0,770.0,15.0,90.0,RUNNING
2024-02-22 12:00:00,ZONE_B02,19.6,60.0,-19.0,833.0,770.0,15.0,90.0,RUNNING
2024-02-22 13:00:00,ZONE_M01,20.0,53.0,-23.3,646.0,770.0,15.0,90.0,RUNNING
2024-02-22 13:00:00,ZONE_M02,20.5,52.2,-22.2,715.0,770.0,15.0,90.0,RUNNING
2024-02-22 13:00:00,ZONE_M03,20.2,56.7,-20.2,698.0,770.0,15.0,90.0,RUNNING
2024-02-22 13:00:00,ZONE_B01,19.5,53.5,-23.6,613.0,770.0,15.0,90.0,RUNNING
2024-02-22 13:00:00,ZONE_B02,19.5,50.8,-21.2,697.0,770.0,15.0,90.0,RUNNING
2024-02-22 14:00:00,ZONE_M01,21.4,60.0,-19.3,741.0,770.0,15.0,90.0,RUNNING
2024-02-22 14:00:00,ZONE_M02,19.6,60.0,-24.2,832.0,770.0,15.0,90.0,RUNNING
2024-02-22 14:00:00,ZONE_M03,20.1,60.0,-18.6,854.0,770.0,15.0,90.0,RUNNING
2024-02-22 14:00:00,ZONE_B01,19.7,52.7,-22.2,662.0,770.0,15.0,90.0,RUNNING
2024-02-22 14:00:00,ZONE_B02,20.1,49.7,-21.2,641.0,770.0,15.0,90.0,RUNNING
2024-02-22 15:00:00,ZONE_M01,20.0,60.0,-19.1,945.0,770.0,15.0,90.0,RUNNING
2024-02-22 15:00:00,ZONE_M02,19.4,60.0,-24.7,754.0,770.0,15.0,90.0,RUNNING
2024-02-22 15:00:00,ZONE_M03,19.7,42.9,-26.1,616.0,770.0,15.0,90.0,RUNNING
2024-02-22 15:00:00,ZONE_B01,20.1,60.0,-19.6,687.0,770.0,15.0,90.0,RUNNING
2024-02-22 15:00:00,ZONE_B02,20.4,52.4,-23.1,699.0,770.0,15.0,90.0,RUNNING
2024-02-22 16:00:00,ZONE_M01,20.3,54.3,-18.7,657.0,770.0,15.0,90.0,RUNNING
2024-02-22 16:00:00,ZONE_M02,20.5,50.5,-19.9,669.0,770.0,15.0,90.0,RUNNING
2024-02-22 16:00:00,ZONE_M03,20.0,60.0,-24.5,739.0,770.0,15.0,90.0,RUNNING
2024-02-22 16:00:00,ZONE_B01,19.7,48.4,-22.4,646.0,770.0,15.0,90.0,RUNNING
2024-02-22 16:00:00,ZONE_B02,19.0,51.3,-20.5,593.0,770.0,15.0,90.0,RUNNING
2024-02-22 17:00:00,ZONE_M01,20.0,52.5,-19.4,718.0,770.0,15.0,90.0,RUNNING
2024-02-22 17:00:00,ZONE_M02,20.1,60.0,-22.7,808.0,770.0,15.0,90.0,RUNNING
2024-02-22 17:00:00,ZONE_M03,20.2,60.0,-22.0,838.0,770.0,15.0,90.0,RUNNING
2024-02-22 17:00:00,ZONE_B01,20.2,59.8,-20.1,777.0,770.0,15.0,90.0,RUNNING
2024-02-22 17:00:00,ZONE_B02,19.6,57.2,-25.0,742.0,770.0,15.0,90.0,RUNNING
2024-02-22 18:00:00,ZONE_M01,20.7,60.0,-21.1,912.0,770.0,15.0,90.0,RUNNING
2024-02-22 18:00:00,ZONE_M02,19.9,54.4,-21.9,693.0,770.0,15.0,90.0,RUNNING
2024-02-22 18:00:00,ZONE_M03,19.0,46.2,-19.3,599.0,770.0,15.0,90.0,RUNNING
2024-02-22 18:00:00,ZONE_B01,19.7,53.7,-22.8,708.0,770.0,15.0,90.0,RUNNING
2024-02-22 18:00:00,ZONE_B02,20.4,58.6,-25.8,825.0,770.0,15.0,90.0,RUNNING
2024-02-22 19:00:00,ZONE_M01,19.7,49.6,-21.1,600.0,770.0,15.0,90.0,RUNNING
2024-02-22 19:00:00,ZONE_M02,19.5,60.0,-23.2,828.0,770.0,15.0,90.0,RUNNING
2024-02-22 19:00:00,ZONE_M03,19.8,60.0,-23.7,852.0,770.0,15.0,90.0,RUNNING
2024-02-22 19:00:00,ZONE_B01,20.0,60.0,-14.8,843.0,770.0,15.0,90.0,RUNNING
2024-02-22 19:00:00,ZONE_B02,20.1,60.0,-18.7,807.0,770.0,15.0,90.0,RUNNING
2024-02-22 20:00:00,ZONE_M01,19.7,60.0,-22.5,787.0,770.0,15.0,90.0,RUNNING
2024-02-22 20:00:00,ZONE_M02,20.4,51.5,-20.0,652.0,770.0,15.0,90.0,RUNNING
2024-02-22 20:00:00,ZONE_M03,20.4,54.8,-24.2,748.0,770.0,15.0,90.0,RUNNING
2024-02-22 20:00:00,ZONE_B01,21.2,51.4,-20.7,705.0,770.0,15.0,90.0,RUNNING
2024-02-22 20:00:00,ZONE_B02,20.8,56.4,-20.0,659.0,770.0,15.0,90.0,RUNNING
2024-02-22 21:00:00,ZONE_M01,19.3,57.2,-20.2,702.0,770.0,15.0,90.0,RUNNING
2024-02-22 21:00:00,ZONE_M02,20.1,56.4,-22.1,743.0,770.0,15.0,90.0,RUNNING
2024-02-22 21:00:00,ZONE_M03,20.3,60.0,-21.9,815.0,770.0,15.0,90.0,RUNNING
2024-02-22 21:00:00,ZONE_B01,20.3,60.0,-24.2,833.0,770.0,15.0,90.0,RUNNING
2024-02-22 21:00:00,ZONE_B02,20.5,56.4,-23.0,712.0,770.0,15.0,90.0,RUNNING
2024-02-22 22:00:00,ZONE_M01,19.7,56.3,-22.8,748.0,770.0,15.0,90.0,RUNNING
2024-02-22 22:00:00,ZONE_M02,20.0,58.2,-23.4,706.0,770.0,15.0,90.0,RUNNING
2024-02-22 22:00:00,ZONE_M03,20.5,60.0,-25.2,924.0,770.0,15.0,90.0,RUNNING
2024-02-22 22:00:00,ZONE_B01,20.2,59.8,-20.3,790.0,770.0,15.0,90.0,RUNNING
2024-02-22 22:00:00,ZONE_B02,20.5,60.0,-20.9,750.0,770.0,15.0,90.0,RUNNING
2024-02-22 23:00:00,ZONE_M01,14.7,43.7,-23.0,513.0,770.0,15.0,90.0,RUNNING
2024-02-22 23:00:00,ZONE_M02,15.7,37.2,-25.6,473.0,770.0,15.0,90.0,RUNNING
2024-02-22 23:00:00,ZONE_M03,15.8,46.4,-23.0,508.0,770.0,15.0,90.0,RUNNING
2024-02-22 23:00:00,ZONE_B01,15.5,36.0,-19.4,470.0,770.0,15.0,90.0,RUNNING
2024-02-22 23:00:00,ZONE_B02,15.9,37.2,-23.9,441.0,770.0,15.0,90.0,RUNNING
2024-02-23 00:00:00,ZONE_M01,15.4,38.8,-20.0,521.0,770.0,15.0,90.0,RUNNING
2024-02-23 00:00:00,ZONE_M02,15.9,41.7,-21.6,470.0,770.0,15.0,90.0,RUNNING
2024-02-23 00:00:00,ZONE_M03,16.0,36.3,-19.3,502.0,770.0,15.0,90.0,RUNNING
2024-02-23 00:00:00,ZONE_B01,15.8,30.8,-21.8,453.0,770.0,15.0,90.0,RUNNING
2024-02-23 00:00:00,ZONE_B02,15.9,38.8,-24.2,507.0,770.0,15.0,90.0,RUNNING
2024-02-23 01:00:00,ZONE_M01,16.5,38.9,-24.2,496.0,770.0,15.0,90.0,RUNNING
2024-02-23 01:00:00,ZONE_M02,16.6,43.0,-24.6,515.0,770.0,15.0,90.0,RUNNING
2024-02-23 01:00:00,ZONE_M03,15.9,36.3,-20.5,418.0,770.0,15.0,90.0,RUNNING
2024-02-23 01:00:00,ZONE_B01,15.8,31.3,-19.6,468.0,770.0,15.0,90.0,RUNNING
2024-02-23 01:00:00,ZONE_B02,16.2,35.3,-22.7,456.0,770.0,15.0,90.0,RUNNING
2024-02-23 02:00:00,ZONE_M01,15.6,39.5,-22.7,515.0,770.0,15.0,90.0,RUNNING
2024-02-23 02:00:00,ZONE_M02,16.5,53.2,-23.8,534.0,770.0,15.0,90.0,RUNNING
2024-02-23 02:00:00,ZONE_M03,15.8,44.0,-21.5,504.0,770.0,15.0,90.0,RUNNING
2024-02-23 02:00:00,ZONE_B01,16.3,37.8,-17.9,410.0,770.0,15.0,90.0,RUNNING
2024-02-23 02:00:00,ZONE_B02,15.6,37.0,-23.9,437.0,770.0,15.0,90.0,RUNNING
2024-02-23 03:00:00,ZONE_M01,16.5,41.5,-21.5,505.0,770.0,15.0,90.0,RUNNING
2024-02-23 03:00:00,ZONE_M02,16.3,41.6,-20.8,464.0,770.0,15.0,90.0,RUNNING
2024-02-23 03:00:00,ZONE_M03,15.5,45.6,-20.3,521.0,770.0,15.0,90.0,RUNNING
2024-02-23 03:00:00,ZONE_B01,16.5,41.0,-21.2,504.0,770.0,15.0,90.0,RUNNING
2024-02-23 03:00:00,ZONE_B02,16.0,38.2,-23.2,451.0,770.0,15.0,90.0,RUNNING
2024-02-23 04:00:00,ZONE_M01,15.5,43.2,-23.3,493.0,770.0,15.0,90.0,RUNNING
2024-02-23 04:00:00,ZONE_M02,16.3,44.7,-25.4,474.0,770.0,15.0,90.0,RUNNING
2024-02-23 04:00:00,ZONE_M03,15.8,42.2,-24.0,506.0,770.0,15.0,90.0,RUNNING
2024-02-23 04:00:00,ZONE_B01,15.5,42.1,-22.2,499.0,770.0,15.0,90.0,RUNNING
2024-02-23 04:00:00,ZONE_B02,16.2,42.8,-23.0,470.0,770.0,15.0,90.0,RUNNING
2024-02-23 05:00:00,ZONE_M01,15.7,28.1,-23.9,448.0,770.0,15.0,90.0,RUNNING
2024-02-23 05:00:00,ZONE_M02,15.8,38.8,-20.7,444.0,770.0,15.0,90.0,RUNNING
2024-02-23 05:00:00,ZONE_M03,16.4,45.1,-22.2,546.0,770.0,15.0,90.0,RUNNING
2024-02-23 05:00:00,ZONE_B01,15.7,34.2,-23.2,433.0,770.0,15.0,90.0,RUNNING
2024-02-23 05:00:00,ZONE_B02,16.2,39.3,-23.2,492.0,770.0,15.0,90.0,RUNNING
2024-02-23 06:00:00,ZONE_M01,19.2,60.0,-23.5,784.0,770.0,15.0,90.0,RUNNING
2024-02-23 06:00:00,ZONE_M02,19.6,57.3,-23.5,632.0,770.0,15.0,90.0,RUNNING
2024-02-23 06:00:00,ZONE_M03,20.2,56.5,-22.2,734.0,770.0,15.0,90.0,RUNNING
2024-02-23 06:00:00,ZONE_B01,21.3,60.0,-19.8,804.0,770.0,15.0,90.0,RUNNING
2024-02-23 06:00:00,ZONE_B02,20.5,52.9,-21.5,678.0,770.0,15.0,90.0,RUNNING
2024-02-23 07:00:00,ZONE_M01,19.3,55.7,-24.7,657.0,770.0,15.0,90.0,RUNNING
2024-02-23 07:00:00,ZONE_M02,19.8,60.0,-22.3,875.0,770.0,15.0,90.0,RUNNING
2024-02-23 07:00:00,ZONE_M03,20.6,58.6,-20.1,673.0,770.0,15.0,90.0,RUNNING
2024-02-23 07:00:00,ZONE_B01,19.8,60.0,-20.7,821.0,770.0,15.0,90.0,RUNNING
2024-02-23 07:00:00,ZONE_B02,19.9,56.6,-21.5,740.0,770.0,15.0,90.0,RUNNING
2024-02-23 08:00:00,ZONE_M01,20.4,60.0,-20.8,970.0,770.0,15.0,90.0,RUNNING
2024-02-23 08:00:00,ZONE_M02,19.7,58.5,-21.1,734.0,770.0,15.0,90.0,RUNNING
2024-02-23 08:00:00,ZONE_M03,19.2,60.0,-25.4,845.0,770.0,15.0,90.0,RUNNING
2024-02-23 08:00:00,ZONE_B01,20.0,53.1,-23.3,667.0,770.0,15.0,90.0,RUNNING
2024-02-23 08:00:00,ZONE_B02,19.8,53.1,-24.7,719.0,770.0,15.0,90.0,RUNNING
2024-02-23 09:00:00,ZONE_M01,19.3,51.9,-24.9,698.0,770.0,15.0,90.0,RUNNING
2024-02-23 09:00:00,ZONE_M02,19.7,60.0,-20.4,898.0,770.0,15.0,90.0,RUNNING
2024-02-23 09:00:00,ZONE_M03,20.2,51.5,-19.5,621.0,770.0,15.0,90.0,RUNNING
2024-02-23 09:00:00,ZONE_B01,19.5,48.4,-26.8,670.0,770.0,15.0,90.0,RUNNING
2024-02-23 09:00:00,ZONE_B02,21.3,60.0,-25.2,832.0,770.0,15.0,90.0,RUNNING
2024-02-23 10:00:00,ZONE_M01,20.2,55.6,-19.2,646.0,770.0,15.0,90.0,RUNNING
2024-02-23 10:00:00,ZONE_M02,18.9,60.0,-24.4,856.0,770.0,15.0,90.0,RUNNING
2024-02-23 10:00:00,ZONE_M03,19.9,60.0,-19.0,889.0,770.0,15.0,90.0,RUNNING
2024-02-23 10:00:00,ZONE_B01,19.9,50.7,-22.7,617.0,770.0,15.0,90.0,RUNNING
2024-02-23 10:00:00,ZONE_B02,20.1,56.9,-23.5,859.0,770.0,15.0,90.0,RUNNING
2024-02-23 11:00:00,ZONE_M01,20.8,60.0,-23.0,806.0,770.0,15.0,90.0,RUNNING
2024-02-23 11:00:00,ZONE_M02,20.3,44.4,-24.5,516.0,770.0,15.0,90.0,RUNNING
2024-02-23 11:00:00,ZONE_M03,19.1,49.1,-24.0,648.0,770.0,15.0,90.0,RUNNING
2024-02-23 11:00:00,ZONE_B01,21.1,56.2,-24.1,695.0,770.0,15.0,90.0,RUNNING
2024-02-23 11:00:00,ZONE_B02,20.3,58.3,-22.8,718.0,770.0,15.0,90.0,RUNNING
2024-02-23 12:00:00,ZONE_M01,20.2,56.4,-21.3,724.0,770.0,15.0,90.0,RUNNING
2024-02-23 12:00:00,ZONE_M02,20.2,53.5,-20.0,769.0,770.0,15.0,90.0,RUNNING
2024-02-23 12:00:00,ZONE_M03,19.6,57.4,-22.1,795.0,770.0,15.0,90.0,RUNNING
2024-02-23 12:00:00,ZONE_B01,20.0,53.8,-24.8,741.0,770.0,15.0,90.0,RUNNING
2024-02-23 12:00:00,ZONE_B02,20.2,60.0,-23.7,864.0,770.0,15.0,90.0,RUNNING
2024-02-23 13:00:00,ZONE_M01,19.8,60.0,-25.5,874.0,770.0,15.0,90.0,RUNNING
2024-02-23 13:00:00,ZONE_M02,19.7,60.0,-22.4,927.0,770.0,15.0,90.0,RUNNING
2024-02-23 13:00:00,ZONE_M03,20.9,60.0,-21.4,697.0,770.0,15.0,90.0,RUNNING
2024-02-23 13:00:00,ZONE_B01,19.5,53.5,-20.2,787.0,770.0,15.0,90.0,RUNNING
2024-02-23 13:00:00,ZONE_B02,19.6,60.0,-23.1,828.0,770.0,15.0,90.0,RUNNING
2024-02-23 14:00:00,ZONE_M01,19.3,60.0,-22.7,878.0,770.0,15.0,90.0,RUNNING
2024-02-23 14:00:00,ZONE_M02,19.9,60.0,-25.6,788.0,770.0,15.0,90.0,RUNNING
2024-02-23 14:00:00,ZONE_M03,19.8,60.0,-23.1,838.0,770.0,15.0,90.0,RUNNING
2024-02-23 14:00:00,ZONE_B01,20.5,60.0,-20.5,743.0,770.0,15.0,90.0,RUNNING
2024-02-23 14:00:00,ZONE_B02,19.7,52.3,-22.0,707.0,770.0,15.0,90.0,RUNNING
2024-02-23 15:00:00,ZONE_M01,19.1,58.2,-23.9,692.0,770.0,15.0,90.0,RUNNING
2024-02-23 15:00:00,ZONE_M02,20.6,60.0,-21.3,870.0,770.0,15.0,90.0,RUNNING
2024-02-23 15:00:00,ZONE_M03,20.5,52.6,-22.2,655.0,770.0,15.0,90.0,RUNNING
2024-02-23 15:00:00,ZONE_B01,19.3,60.0,-20.7,832.0,770.0,15.0,90.0,RUNNING
2024-02-23 15:00:00,ZONE_B02,20.7,60.0,-21.7,788.0,770.0,15.0,90.0,RUNNING
2024-02-23 16:00:00,ZONE_M01,20.6,59.1,-25.9,839.0,770.0,15.0,90.0,RUNNING
2024-02-23 16:00:00,ZONE_M02,19.7,60.0,-23.6,705.0,770.0,15.0,90.0,RUNNING
2024-02-23 16:00:00,ZONE_M03,19.6,60.0,-23.4,791.0,770.0,15.0,90.0,RUNNING
2024-02-23 16:00:00,ZONE_B01,20.1,60.0,-20.1,772.0,770.0,15.0,90.0,RUNNING
2024-02-23 16:00:00,ZONE_B02,20.2,51.4,-19.4,707.0,770.0,15.0,90.0,RUNNING
2024-02-23 17:00:00,ZONE_M01,20.2,49.5,-23.7,672.0,770.0,15.0,90.0,RUNNING
2024-02-23 17:00:00,ZONE_M02,20.1,59.3,-22.0,799.0,770.0,15.0,90.0,RUNNING
2024-02-23 17:00:00,ZONE_M03,19.2,52.8,-21.8,757.0,770.0,15.0,90.0,RUNNING
2024-02-23 17:00:00,ZONE_B01,20.7,60.0,-20.3,856.0,770.0,15.0,90.0,RUNNING
2024-02-23 17:00:00,ZONE_B02,19.9,50.0,-24.1,618.0,770.0,15.0,90.0,RUNNING
2024-02-23 18:00:00,ZONE_M01,20.4,58.7,-19.7,743.0,770.0,15.0,90.0,RUNNING
2024-02-23 18:00:00,ZONE_M02,20.0,60.0,-21.3,780.0,770.0,15.0,90.0,RUNNING
2024-02-23 18:00:00,ZONE_M03,19.6,60.0,-23.8,824.0,770.0,15.0,90.0,RUNNING
2024-02-23 18:00:00,ZONE_B01,20.7,57.1,-23.9,702.0,770.0,15.0,90.0,RUNNING
2024-02-23 18:00:00,ZONE_B02,18.7,45.5,-22.0,639.0,770.0,15.0,90.0,RUNNING
2024-02-23 19:00:00,ZONE_M01,20.5,60.0,-23.5,863.0,770.0,15.0,90.0,RUNNING
2024-02-23 19:00:00,ZONE_M02,20.4,56.2,-20.3,730.0,770.0,15.0,90.0,RUNNING
2024-02-23 19:00:00,ZONE_M03,20.7,60.0,-22.3,757.0,770.0,15.0,90.0,RUNNING
2024-02-23 19:00:00,ZONE_B01,19.5,52.6,-24.1,718.0,770.0,15.0,90.0,RUNNING
2024-02-23 19:00:00,ZONE_B02,19.8,60.0,-21.2,912.0,770.0,15.0,90.0,RUNNING
2024-02-23 20:00:00,ZONE_M01,19.8,51.5,-22.1,618.0,770.0,15.0,90.0,RUNNING
2024-02-23 20:00:00,ZONE_M02,20.8,60.0,-21.4,925.0,770.0,15.0,90.0,RUNNING
2024-02-23 20:00:00,ZONE_M03,19.8,56.4,-20.5,689.0,770.0,15.0,90.0,RUNNING
2024-02-23 20:00:00,ZONE_B01,19.7,44.9,-20.0,519.0,770.0,15.0,90.0,RUNNING
2024-02-23 20:00:00,ZONE_B02,20.5,54.0,-24.8,786.0,770.0,15.0,90.0,RUNNING
2024-02-23 21:00:00,ZONE_M01,19.4,57.2,-23.5,805.0,770.0,15.0,90.0,RUNNING
2024-02-23 21:00:00,ZONE_M02,19.6,55.5,-22.6,763.0,770.0,15.0,90.0,RUNNING
2024-02-23 21:00:00,ZONE_M03,19.6,59.3,-23.1,714.0,770.0,15.0,90.0,RUNNING
2024-02-23 21:00:00,ZONE_B01,19.8,60.0,-26.2,837.0,770.0,15.0,90.0,RUNNING
2024-02-23 21:00:00,ZONE_B02,19.4,56.5,-21.8,693.0,770.0,15.0,90.0,RUNNING
2024-02-23 22:00:00,ZONE_M01,19.5,55.0,-25.6,713.0,770.0,15.0,90.0,RUNNING
2024-02-23 22:00:00,ZONE_M02,19.9,57.1,-20.0,719.0,770.0,15.0,90.0,RUNNING
2024-02-23 22:00:00,ZONE_M03,19.4,58.2,-24.2,738.0,770.0,15.0,90.0,RUNNING
2024-02-23 22:00:00,ZONE_B01,19.7,55.6,-24.6,639.0,770.0,15.0,90.0,RUNNING
2024-02-23 22:00:00,ZONE_B02,19.5,43.7,-21.1,546.0,770.0,15.0,90.0,RUNNING
2024-02-23 23:00:00,ZONE_M01,16.8,46.9,-19.3,488.0,770.0,15.0,90.0,RUNNING
2024-02-23 23:00:00,ZONE_M02,16.8,39.7,-20.5,444.0,770.0,15.0,90.0,RUNNING
2024-02-23 23:00:00,ZONE_M03,16.5,40.2,-22.0,524.0,770.0,15.0,90.0,RUNNING
2024-02-23 23:00:00,ZONE_B01,16.6,44.9,-21.2,484.0,770.0,15.0,90.0,RUNNING
2024-02-23 23:00:00,ZONE_B02,15.7,39.8,-23.9,481.0,770.0,15.0,90.0,RUNNING
2024-02-24 00:00:00,ZONE_M01,15.6,39.6,-20.0,498.0,770.0,15.0,90.0,RUNNING
2024-02-24 00:00:00,ZONE_M02,15.6,42.3,-19.2,511.0,770.0,15.0,90.0,RUNNING
2024-02-24 00:00:00,ZONE_M03,16.7,45.7,-19.5,530.0,770.0,15.0,90.0,RUNNING
2024-02-24 00:00:00,ZONE_B01,16.3,40.8,-20.8,536.0,770.0,15.0,90.0,RUNNING
2024-02-24 00:00:00,ZONE_B02,15.4,44.4,-24.4,500.0,770.0,15.0,90.0,RUNNING
2024-02-24 01:00:00,ZONE_M01,15.8,42.7,-20.3,494.0,770.0,15.0,90.0,RUNNING
2024-02-24 01:00:00,ZONE_M02,15.9,40.2,-21.7,479.0,770.0,15.0,90.0,RUNNING
2024-02-24 01:00:00,ZONE_M03,16.3,41.1,-21.3,502.0,770.0,15.0,90.0,RUNNING
2024-02-24 01:00:00,ZONE_B01,16.3,40.5,-20.6,421.0,770.0,15.0,90.0,RUNNING
2024-02-24 01:00:00,ZONE_B02,16.7,42.8,-20.4,491.0,770.0,15.0,90.0,RUNNING
2024-02-24 02:00:00,ZONE_M01,16.0,37.6,-21.8,499.0,770.0,15.0,90.0,RUNNING
2024-02-24 02:00:00,ZONE_M02,16.0,40.3,-19.9,477.0,770.0,15.0,90.0,RUNNING
2024-02-24 02:00:00,ZONE_M03,16.1,40.0,-24.1,500.0,770.0,15.0,90.0,RUNNING
2024-02-24 02:00:00,ZONE_B01,15.3,40.2,-20.9,576.0,770.0,15.0,90.0,RUNNING
2024-02-24 02:00:00,ZONE_B02,16.2,38.8,-22.3,477.0,770.0,15.0,90.0,RUNNING
2024-02-24 03:00:00,ZONE_M01,16.5,42.0,-23.7,416.0,770.0,15.0,90.0,RUNNING
2024-02-24 03:00:00,ZONE_M02,16.8,42.3,-19.2,510.0,770.0,15.0,90.0,RUNNING
2024-02-24 03:00:00,ZONE_M03,16.2,40.5,-21.2,491.0,770.0,15.0,90.0,RUNNING
2024-02-24 03:00:00,ZONE_B01,15.8,41.7,-21.1,452.0,770.0,15.0,90.0,RUNNING
2024-02-24 03:00:00,ZONE_B02,15.2,42.0,-22.4,518.0,770.0,15.0,90.0,RUNNING
2024-02-24 04:00:00,ZONE_M01,15.3,39.5,-26.7,464.0,770.0,15.0,90.0,RUNNING
2024-02-24 04:00:00,ZONE_M02,15.7,36.8,-21.5,485.0,770.0,15.0,90.0,RUNNING
2024-02-24 04:00:00,ZONE_M03,15.9,38.9,-23.8,493.0,770.0,15.0,90.0,RUNNING
2024-02-24 04:00:00,ZONE_B01,16.0,45.6,-20.0,484.0,770.0,15.0,90.0,RUNNING
2024-02-24 04:00:00,ZONE_B02,15.4,36.2,-23.5,391.0,770.0,15.0,90.0,RUNNING
2024-02-24 05:00:00,ZONE_M01,15.7,44.8,-25.1,443.0,770.0,15.0,90.0,RUNNING
2024-02-24 05:00:00,ZONE_M02,17.2,47.2,-20.7,574.0,770.0,15.0,90.0,RUNNING
2024-02-24 05:00:00,ZONE_M03,15.9,36.6,-22.6,416.0,770.0,15.0,90.0,RUNNING
2024-02-24 05:00:00,ZONE_B01,15.4,36.8,-22.7,467.0,770.0,15.0,90.0,RUNNING
2024-02-24 05:00:00,ZONE_B02,16.0,40.9,-18.4,495.0,770.0,15.0,90.0,RUNNING
2024-02-24 06:00:00,ZONE_M01,19.5,59.5,-22.8,779.0,770.0,15.0,90.0,RUNNING
2024-02-24 06:00:00,ZONE_M02,20.0,43.6,-23.6,550.0,770.0,15.0,90.0,RUNNING
2024-02-24 06:00:00,ZONE_M03,19.6,60.0,-23.7,750.0,770.0,15.0,90.0,RUNNING
2024-02-24 06:00:00,ZONE_B01,19.7,58.4,-27.9,742.0,770.0,15.0,90.0,RUNNING
2024-02-24 06:00:00,ZONE_B02,20.5,59.6,-21.1,694.0,770.0,15.0,90.0,RUNNING
2024-02-24 07:00:00,ZONE_M01,19.1,59.6,-26.1,808.0,770.0,15.0,90.0,RUNNING
2024-02-24 07:00:00,ZONE_M02,19.6,47.3,-22.0,594.0,770.0,15.0,90.0,RUNNING
2024-02-24 07:00:00,ZONE_M03,19.3,52.6,-21.3,770.0,770.0,15.0,90.0,RUNNING
2024-02-24 07:00:00,ZONE_B01,19.6,54.8,-22.4,696.0,770.0,15.0,90.0,RUNNING
2024-02-24 07:00:00,ZONE_B02,19.7,49.6,-24.1,672.0,770.0,15.0,90.0,RUNNING
2024-02-24 08:00:00,ZONE_M01,19.3,53.3,-21.8,766.0,770.0,15.0,90.0,RUNNING
2024-02-24 08:00:00,ZONE_M02,20.4,44.9,-20.2,589.0,770.0,15.0,90.0,RUNNING
2024-02-24 08:00:00,ZONE_M03,20.6,43.0,-21.5,556.0,770.0,15.0,90.0,RUNNING
2024-02-24 08:00:00,ZONE_B01,20.8,60.0,-22.0,821.0,770.0,15.0,90.0,RUNNING
2024-02-24 08:00:00,ZONE_B02,20.7,59.8,-23.2,787.0,770.0,15.0,90.0,RUNNING
2024-02-24 09:00:00,ZONE_M01,20.6,60.0,-23.4,749.0,770.0,15.0,90.0,RUNNING
2024-02-24 09:00:00,ZONE_M02,19.4,57.2,-20.4,742.0,770.0,15.0,90.0,RUNNING
2024-02-24 09:00:00,ZONE_M03,18.8,51.7,-20.1,642.0,770.0,15.0,90.0,RUNNING
2024-02-24 09:00:00,ZONE_B01,20.0,60.0,-20.9,819.0,770.0,15.0,90.0,RUNNING
2024-02-24 09:00:00,ZONE_B02,19.7,58.4,-21.6,707.0,770.0,15.0,90.0,RUNNING
2024-02-24 10:00:00,ZONE_M01,20.1,50.2,-23.5,706.0,770.0,15.0,90.0,RUNNING
2024-02-24 10:00:00,ZONE_M02,19.7,55.7,-22.3,733.0,770.0,15.0,90.0,RUNNING
2024-02-24 10:00:00,ZONE_M03,19.9,57.8,-24.8,713.0,770.0,15.0,90.0,RUNNING
2024-02-24 10:00:00,ZONE_B01,20.3,60.0,-21.7,782.0,770.0,15.0,90.0,RUNNING
2024-02-24 10:00:00,ZONE_B02,19.8,54.7,-21.6,799.0,770.0,15.0,90.0,RUNNING
2024-02-24 11:00:00,ZONE_M01,20.5,54.3,-20.4,639.0,770.0,15.0,90.0,RUNNING
2024-02-24 11:00:00,ZONE_M02,19.9,60.0,-19.7,829.0,770.0,15.0,90.0,RUNNING
2024-02-24 11:00:00,ZONE_M03,19.6,60.0,-23.6,794.0,770.0,15.0,90.0,RUNNING
2024-02-24 11:00:00,ZONE_B01,19.7,55.9,-19.7,786.0,770.0,15.0,90.0,RUNNING
2024-02-24 11:00:00,ZONE_B02,19.6,60.0,-17.1,906.0,770.0,15.0,90.0,RUNNING
2024-02-24 12:00:00,ZONE_M01,19.8,60.0,-23.5,965.0,770.0,15.0,90.0,RUNNING
2024-02-24 12:00:00,ZONE_M02,20.0,60.0,-24.6,849.0,770.0,15.0,90.0,RUNNING
2024-02-24 12:00:00,ZONE_M03,20.3,60.0,-24.1,735.0,770.0,15.0,90.0,RUNNING
2024-02-24 12:00:00,ZONE_B01,20.8,59.5,-25.2,741.0,770.0,15.0,90.0,RUNNING
2024-02-24 12:00:00,ZONE_B02,19.1,57.0,-23.5,714.0,770.0,15.0,90.0,RUNNING
2024-02-24 13:00:00,ZONE_M01,20.6,60.0,-22.2,901.0,770.0,15.0,90.0,RUNNING
2024-02-24 13:00:00,ZONE_M02,19.5,48.0,-20.5,631.0,770.0,15.0,90.0,RUNNING
2024-02-24 13:00:00,ZONE_M03,19.4,60.0,-23.7,771.0,770.0,15.0,90.0,RUNNING
2024-02-24 13:00:00,ZONE_B01,20.5,52.2,-19.5,710.0,770.0,15.0,90.0,RUNNING
2024-02-24 13:00:00,ZONE_B02,20.0,54.9,-23.2,637.0,770.0,15.0,90.0,RUNNING
2024-02-24 14:00:00,ZONE_M01,19.3,60.0,-23.0,865.0,770.0,15.0,90.0,RUNNING
2024-02-24 14:00:00,ZONE_M02,19.3,54.3,-22.0,692.0,770.0,15.0,90.0,RUNNING
2024-02-24 14:00:00,ZONE_M03,20.1,50.4,-22.8,609.0,770.0,15.0,90.0,RUNNING
2024-02-24 14:00:00,ZONE_B01,19.7,57.1,-22.9,660.0,770.0,15.0,90.0,RUNNING
2024-02-24 14:00:00,ZONE_B02,19.5,57.4,-22.0,765.0,770.0,15.0,90.0,RUNNING
2024-02-24 15:00:00,ZONE_M01,19.1,55.0,-23.5,656.0,770.0,15.0,90.0,RUNNING
2024-02-24 15:00:00,ZONE_M02,20.2,55.3,-24.2,763.0,770.0,15.0,90.0,RUNNING
2024-02-24 15:00:00,ZONE_M03,20.1,51.9,-19.6,741.0,770.0,15.0,90.0,RUNNING
2024-02-24 15:00:00,ZONE_B01,19.8,40.2,-21.8,566.0,770.0,15.0,90.0,RUNNING
2024-02-24 15:00:00,ZONE_B02,19.5,46.3,-24.9,576.0,770.0,15.0,90.0,RUNNING
2024-02-24 16:00:00,ZONE_M01,19.6,57.3,-24.0,742.0,770.0,15.0,90.0,RUNNING
2024-02-24 16:00:00,ZONE_M02,20.0,54.0,-22.2,745.0,770.0,15.0,90.0,RUNNING
2024-02-24 16:00:00,ZONE_M03,20.9,60.0,-22.4,861.0,770.0,15.0,90.0,RUNNING
2024-02-24 16:00:00,ZONE_B01,19.9,55.1,-23.0,771.0,770.0,15.0,90.0,RUNNING
2024-02-24 16:00:00,ZONE_B02,19.8,60.0,-23.6,889.0,770.0,15.0,90.0,RUNNING
2024-02-24 17:00:00,ZONE_M01,20.3,60.0,-21.4,781.0,770.0,15.0,90.0,RUNNING
2024-02-24 17:00:00,ZONE_M02,19.6,58.9,-20.9,731.0,770.0,15.0,90.0,RUNNING
2024-02-24 17:00:00,ZONE_M03,20.0,56.9,-22.7,743.0,770.0,15.0,90.0,RUNNING
2024-02-24 17:00:00,ZONE_B01,19.7,55.1,-19.7,679.0,770.0,15.0,90.0,RUNNING
2024-02-24 17:00:00,ZONE_B02,19.5,54.8,-18.7,714.0,770.0,15.0,90.0,RUNNING
2024-02-24 18:00:00,ZONE_M01,21.0,48.7,-20.5,783.0,770.0,15.0,90.0,RUNNING
2024-02-24 18:00:00,ZONE_M02,19.9,48.5,-27.1,624.0,770.0,15.0,90.0,RUNNING
2024-02-24 18:00:00,ZONE_M03,20.4,60.0,-20.8,851.0,770.0,15.0,90.0,RUNNING
2024-02-24 18:00:00,ZONE_B01,19.5,58.3,-25.8,722.0,770.0,15.0,90.0,RUNNING
2024-02-24 18:00:00,ZONE_B02,20.9,55.8,-24.2,587.0,770.0,15.0,90.0,RUNNING
2024-02-24 19:00:00,ZONE_M01,20.2,57.3,-25.0,678.0,770.0,15.0,90.0,RUNNING
2024-02-24 19:00:00,ZONE_M02,20.0,52.0,-18.9,659.0,770.0,15.0,90.0,RUNNING
2024-02-24 19:00:00,ZONE_M03,20.0,49.0,-18.5,510.0,770.0,15.0,90.0,RUNNING
2024-02-24 19:00:00,ZONE_B01,20.5,60.0,-22.8,764.0,770.0,15.0,90.0,RUNNING
2024-02-24 19:00:00,ZONE_B02,20.1,47.2,-21.2,665.0,770.0,15.0,90.0,RUNNING
2024-02-24 20:00:00,ZONE_M01,20.2,56.1,-22.3,735.0,770.0,15.0,90.0,RUNNING
2024-02-24 20:00:00,ZONE_M02,20.0,60.0,-23.8,830.0,770.0,15.0,90.0,RUNNING
2024-02-24 20:00:00,ZONE_M03,19.5,60.0,-22.3,791.0,770.0,15.0,90.0,RUNNING
2024-02-24 20:00:00,ZONE_B01,19.1,57.3,-21.3,774.0,770.0,15.0,90.0,RUNNING
2024-02-24 20:00:00,ZONE_B02,19.8,60.0,-20.2,828.0,770.0,15.0,90.0,RUNNING
2024-02-24 21:00:00,ZONE_M01,20.5,60.0,-22.6,804.0,770.0,15.0,90.0,RUNNING
2024-02-24 21:00:00,ZONE_M02,20.1,50.0,-22.5,643.0,770.0,15.0,90.0,RUNNING
2024-02-24 21:00:00,ZONE_M03,20.2,60.0,-22.8,963.0,770.0,15.0,90.0,RUNNING
2024-02-24 21:00:00,ZONE_B01,19.8,48.7,-21.7,659.0,770.0,15.0,90.0,RUNNING
2024-02-24 21:00:00,ZONE_B02,19.9,44.6,-24.0,538.0,770.0,15.0,90.0,RUNNING
2024-02-24 22:00:00,ZONE_M01,19.6,60.0,-20.5,800.0,770.0,15.0,90.0,RUNNING
2024-02-24 22:00:00,ZONE_M02,20.7,57.0,-23.6,745.0,770.0,15.0,90.0,RUNNING
2024-02-24 22:00:00,ZONE_M03,20.4,54.6,-25.5,696.0,770.0,15.0,90.0,RUNNING
2024-02-24 22:00:00,ZONE_B01,20.0,59.0,-23.0,806.0,770.0,15.0,90.0,RUNNING
2024-02-24 22:00:00,ZONE_B02,19.0,57.8,-17.7,745.0,770.0,15.0,90.0,RUNNING
2024-02-24 23:00:00,ZONE_M01,17.0,40.5,-19.6,504.0,770.0,15.0,90.0,RUNNING
2024-02-24 23:00:00,ZONE_M02,17.0,42.4,-22.4,497.0,770.0,15.0,90.0,RUNNING
2024-02-24 23:00:00,ZONE_M03,15.5,36.9,-25.2,452.0,770.0,15.0,90.0,RUNNING
2024-02-24 23:00:00,ZONE_B01,15.3,34.3,-22.4,500.0,770.0,15.0,90.0,RUNNING
2024-02-24 23:00:00,ZONE_B02,16.9,40.6,-20.0,470.0,770.0,15.0,90.0,RUNNING
2024-02-25 00:00:00,ZONE_M01,16.7,40.5,-19.6,506.0,770.0,15.0,90.0,RUNNING
2024-02-25 00:00:00,ZONE_M02,15.7,39.1,-22.5,444.0,770.0,15.0,90.0,RUNNING
2024-02-25 00:00:00,ZONE_M03,15.8,46.2,-22.7,469.0,770.0,15.0,90.0,RUNNING
2024-02-25 00:00:00,ZONE_B01,15.9,36.5,-21.3,461.0,770.0,15.0,90.0,RUNNING
2024-02-25 00:00:00,ZONE_B02,15.4,40.2,-22.3,511.0,770.0,15.0,90.0,RUNNING
2024-02-25 01:00:00,ZONE_M01,15.8,41.8,-21.8,481.0,770.0,15.0,90.0,RUNNING
2024-02-25 01:00:00,ZONE_M02,16.2,49.0,-23.5,505.0,770.0,15.0,90.0,RUNNING
2024-02-25 01:00:00,ZONE_M03,15.2,43.0,-21.4,433.0,770.0,15.0,90.0,RUNNING
2024-02-25 01:00:00,ZONE_B01,17.4,35.2,-23.2,410.0,770.0,15.0,90.0,RUNNING
2024-02-25 01:00:00,ZONE_B02,16.1,36.9,-21.9,507.0,770.0,15.0,90.0,RUNNING
2024-02-25 02:00:00,ZONE_M01,15.8,44.0,-20.6,529.0,770.0,15.0,90.0,RUNNING
2024-02-25 02:00:00,ZONE_M02,16.2,44.0,-16.4,568.0,770.0,15.0,90.0,RUNNING
2024-02-25 02:00:00,ZONE_M03,16.7,46.0,-22.8,536.0,770.0,15.0,90.0,RUNNING
2024-02-25 02:00:00,ZONE_B01,15.4,33.4,-20.2,434.0,770.0,15.0,90.0,RUNNING
2024-02-25 02:00:00,ZONE_B02,16.0,38.6,-21.6,425.0,770.0,15.0,90.0,RUNNING
2024-02-25 03:00:00,ZONE_M01,15.6,44.1,-18.7,564.0,770.0,15.0,90.0,RUNNING
2024-02-25 03:00:00,ZONE_M02,16.7,37.4,-22.3,432.0,770.0,15.0,90.0,RUNNING
2024-02-25 03:00:00,ZONE_M03,16.2,43.3,-24.3,404.0,770.0,15.0,90.0,RUNNING
2024-02-25 03:00:00,ZONE_B01,15.5,42.2,-23.2,435.0,770.0,15.0,90.0,RUNNING
2024-02-25 03:00:00,ZONE_B02,16.6,37.4,-21.0,423.0,770.0,15.0,90.0,RUNNING
2024-02-25 04:00:00,ZONE_M01,15.4,45.1,-23.2,525.0,770.0,15.0,90.0,RUNNING
2024-02-25 04:00:00,ZONE_M02,16.6,45.8,-19.7,478.0,770.0,15.0,90.0,RUNNING
2024-02-25 04:00:00,ZONE_M03,15.9,44.7,-20.5,507.0,770.0,15.0,90.0,RUNNING
2024-02-25 04:00:00,ZONE_B01,17.1,38.8,-22.2,440.0,770.0,15.0,90.0,RUNNING
2024-02-25 04:00:00,ZONE_B02,15.2,32.7,-20.6,435.0,770.0,15.0,90.0,RUNNING
2024-02-25 05:00:00,ZONE_M01,16.4,39.9,-25.2,445.0,770.0,15.0,90.0,RUNNING
2024-02-25 05:00:00,ZONE_M02,15.8,40.0,-21.0,465.0,770.0,15.0,90.0,RUNNING
2024-02-25 05:00:00,ZONE_M03,15.6,38.3,-23.3,359.0,770.0,15.0,90.0,RUNNING
2024-02-25 05:00:00,ZONE_B01,15.8,37.4,-21.8,528.0,770.0,15.0,90.0,RUNNING
2024-02-25 05:00:00,ZONE_B02,15.2,41.3,-20.4,453.0,770.0,15.0,90.0,RUNNING
2024-02-25 06:00:00,ZONE_M01,19.8,60.0,-20.6,817.0,770.0,15.0,90.0,RUNNING
2024-02-25 06:00:00,ZONE_M02,19.7,46.2,-23.3,558.0,770.0,15.0,90.0,RUNNING
2024-02-25 06:00:00,ZONE_M03,20.4,60.0,-21.0,782.0,770.0,15.0,90.0,RUNNING
2024-02-25 06:00:00,ZONE_B01,20.6,59.3,-19.9,807.0,770.0,15.0,90.0,RUNNING
2024-02-25 06:00:00,ZONE_B02,20.3,56.2,-21.9,785.0,770.0,15.0,90.0,RUNNING
2024-02-25 07:00:00,ZONE_M01,20.0,60.0,-23.1,752.0,770.0,15.0,90.0,RUNNING
2024-02-25 07:00:00,ZONE_M02,20.2,59.8,-22.3,787.0,770.0,15.0,90.0,RUNNING
2024-02-25 07:00:00,ZONE_M03,19.3,56.9,-20.6,735.0,770.0,15.0,90.0,RUNNING
2024-02-25 07:00:00,ZONE_B01,20.3,57.2,-20.4,744.0,770.0,15.0,90.0,RUNNING
2024-02-25 07:00:00,ZONE_B02,20.7,60.0,-21.6,921.0,770.0,15.0,90.0,RUNNING
2024-02-25 08:00:00,ZONE_M01,20.6,60.0,-22.6,834.0,770.0,15.0,90.0,RUNNING
2024-02-25 08:00:00,ZONE_M02,19.6,56.5,-22.5,757.0,770.0,15.0,90.0,RUNNING
2024-02-25 08:00:00,ZONE_M03,20.9,60.0,-23.7,794.0,770.0,15.0,90.0,RUNNING
2024-02-25 08:00:00,ZONE_B01,19.8,60.0,-25.9,956.0,770.0,15.0,90.0,RUNNING
2024-02-25 08:00:00,ZONE_B02,19.1,49.0,-22.0,587.0,770.0,15.0,90.0,RUNNING
2024-02-25 09:00:00,ZONE_M01,20.2,58.4,-22.8,789.0,770.0,15.0,90.0,RUNNING
2024-02-25 09:00:00,ZONE_M02,19.9,59.6,-22.4,768.0,770.0,15.0,90.0,RUNNING
2024-02-25 09:00:00,ZONE_M03,20.5,48.2,-21.7,690.0,770.0,15.0,90.0,RUNNING
2024-02-25 09:00:00,ZONE_B01,19.9,60.0,-19.7,837.0,770.0,15.0,90.0,RUNNING
2024-02-25 09:00:00,ZONE_B02,20.4,51.0,-23.4,670.0,770.0,15.0,90.0,RUNNING
2024-02-25 10:00:00,ZONE_M01,20.4,58.6,-25.0,647.0,770.0,15.0,90.0,RUNNING
2024-02-25 10:00:00,ZONE_M02,19.2,50.7,-22.1,659.0,770.0,15.0,90.0,RUNNING
2024-02-25 10:00:00,ZONE_M03,20.2,50.6,-22.2,603.0,770.0,15.0,90.0,RUNNING
2024-02-25 10:00:00,ZONE_B01,21.1,60.0,-17.6,862.0,770.0,15.0,90.0,RUNNING
2024-02-25 10:00:00,ZONE_B02,20.0,52.3,-22.1,692.0,770.0,15.0,90.0,RUNNING
2024-02-25 11:00:00,ZONE_M01,19.5,60.0,-23.6,777.0,770.0,15.0,90.0,RUNNING
2024-02-25 11:00:00,ZONE_M02,19.8,60.0,-21.3,735.0,770.0,15.0,90.0,RUNNING
2024-02-25 11:00:00,ZONE_M03,19.0,50.7,-23.2,658.0,770.0,15.0,90.0,RUNNING
2024-02-25 11:00:00,ZONE_B01,20.5,60.0,-22.1,762.0,770.0,15.0,90.0,RUNNING
2024-02-25 11:00:00,ZONE_B02,20.4,51.0,-20.3,665.0,770.0,15.0,90.0,RUNNING
2024-02-25 12:00:00,ZONE_M01,19.4,45.4,-20.9,565.0,770.0,15.0,90.0,RUNNING
2024-02-25 12:00:00,ZONE_M02,19.2,54.5,-25.0,677.0,770.0,15.0,90.0,RUNNING
2024-02-25 12:00:00,ZONE_M03,19.2,60.0,-23.1,945.0,770.0,15.0,90.0,RUNNING
2024-02-25 12:00:00,ZONE_B01,20.2,60.0,-25.6,783.0,770.0,15.0,90.0,RUNNING
2024-02-25 12:00:00,ZONE_B02,20.3,51.8,-24.0,701.0,770.0,15.0,90.0,RUNNING
2024-02-25 13:00:00,ZONE_M01,20.3,60.0,-19.4,799.0,770.0,15.0,90.0,RUNNING
2024-02-25 13:00:00,ZONE_M02,19.7,57.8,-22.2,701.0,770.0,15.0,90.0,RUNNING
2024-02-25 13:00:00,ZONE_M03,20.8,56.2,-24.1,790.0,770.0,15.0,90.0,RUNNING
2024-02-25 13:00:00,ZONE_B01,20.0,60.0,-22.7,884.0,770.0,15.0,90.0,RUNNING
2024-02-25 13:00:00,ZONE_B02,19.6,59.2,-20.8,791.0,770.0,15.0,90.0,RUNNING
2024-02-25 14:00:00,ZONE_M01,19.4,60.0,-22.9,857.0,770.0,15.0,90.0,RUNNING
2024-02-25 14:00:00,ZONE_M02,20.2,57.4,-26.0,659.0,770.0,15.0,90.0,RUNNING
2024-02-25 14:00:00,ZONE_M03,20.1,60.0,-19.1,779.0,770.0,15.0,90.0,RUNNING
2024-02-25 14:00:00,ZONE_B01,19.7,60.0,-23.4,903.0,770.0,15.0,90.0,RUNNING
2024-02-25 14:00:00,ZONE_B02,20.2,55.8,-18.9,664.0,770.0,15.0,90.0,RUNNING
2024-02-25 15:00:00,ZONE_M01,20.2,49.0,-20.2,649.0,770.0,15.0,90.0,RUNNING
2024-02-25 15:00:00,ZONE_M02,20.5,53.2,-21.4,681.0,770.0,15.0,90.0,RUNNING
2024-02-25 15:00:00,ZONE_M03,20.2,54.1,-22.1,735.0,770.0,15.0,90.0,RUNNING
2024-02-25 15:00:00,ZONE_B01,19.5,58.0,-26.1,744.0,770.0,15.0,90.0,RUNNING
2024-02-25 15:00:00,ZONE_B02,20.0,50.1,-22.5,637.0,770.0,15.0,90.0,RUNNING
2024-02-25 16:00:00,ZONE_M01,20.2,60.0,-20.5,677.0,770.0,15.0,90.0,RUNNING
2024-02-25 16:00:00,ZONE_M02,20.2,49.8,-21.3,677.0,770.0,15.0,90.0,RUNNING
2024-02-25 16:00:00,ZONE_M03,19.9,60.0,-18.5,753.0,770.0,15.0,90.0,RUNNING
2024-02-25 16:00:00,ZONE_B01,20.5,55.4,-21.1,671.0,770.0,15.0,90.0,RUNNING
2024-02-25 16:00:00,ZONE_B02,20.3,46.7,-22.8,625.0,770.0,15.0,90.0,RUNNING
2024-02-25 17:00:00,ZONE_M01,20.1,60.0,-24.8,743.0,770.0,15.0,90.0,RUNNING
2024-02-25 17:00:00,ZONE_M02,20.5,56.9,-21.3,658.0,770.0,15.0,90.0,RUNNING
2024-02-25 17:00:00,ZONE_M03,19.0,51.4,-23.7,633.0,770.0,15.0,90.0,RUNNING
2024-02-25 17:00:00,ZONE_B01,19.8,53.5,-22.7,686.0,770.0,15.0,90.0,RUNNING
2024-02-25 17:00:00,ZONE_B02,20.0,56.5,-24.5,776.0,770.0,15.0,90.0,RUNNING
2024-02-25 18:00:00,ZONE_M01,20.0,53.9,-20.5,740.0,770.0,15.0,90.0,RUNNING
2024-02-25 18:00:00,ZONE_M02,19.8,60.0,-18.4,856.0,770.0,15.0,90.0,RUNNING
2024-02-25 18:00:00,ZONE_M03,20.3,55.1,-22.5,684.0,770.0,15.0,90.0,RUNNING
2024-02-25 18:00:00,ZONE_B01,19.6,54.5,-21.2,717.0,770.0,15.0,90.0,RUNNING
2024-02-25 18:00:00,ZONE_B02,20.1,52.0,-22.9,550.0,770.0,15.0,90.0,RUNNING
2024-02-25 19:00:00,ZONE_M01,20.2,60.0,-25.7,785.0,770.0,15.0,90.0,RUNNING
2024-02-25 19:00:00,ZONE_M02,19.8,59.4,-18.8,778.0,770.0,15.0,90.0,RUNNING
2024-02-25 19:00:00,ZONE_M03,19.9,51.9,-21.4,598.0,770.0,15.0,90.0,RUNNING
2024-02-25 19:00:00,ZONE_B01,21.4,58.5,-21.8,790.0,770.0,15.0,90.0,RUNNING
2024-02-25 19:00:00,ZONE_B02,19.8,60.0,-21.5,782.0,770.0,15.0,90.0,RUNNING
2024-02-25 20:00:00,ZONE_M01,20.2,60.0,-20.1,752.0,770.0,15.0,90.0,RUNNING
2024-02-25 20:00:00,ZONE_M02,20.4,60.0,-21.6,841.0,770.0,15.0,90.0,RUNNING
2024-02-25 20:00:00,ZONE_M03,20.6,60.0,-21.6,763.0,770.0,15.0,90.0,RUNNING
2024-02-25 20:00:00,ZONE_B01,20.3,60.0,-21.1,797.0,770.0,15.0,90.0,RUNNING
2024-02-25 20:00:00,ZONE_B02,21.1,51.4,-24.8,723.0,770.0,15.0,90.0,RUNNING
2024-02-25 21:00:00,ZONE_M01,20.4,60.0,-22.0,891.0,770.0,15.0,90.0,RUNNING
2024-02-25 21:00:00,ZONE_M02,19.8,60.0,-26.8,865.0,770.0,15.0,90.0,RUNNING
2024-02-25 21:00:00,ZONE_M03,19.2,51.1,-26.4,710.0,770.0,15.0,90.0,RUNNING
2024-02-25 21:00:00,ZONE_B01,19.5,60.0,-19.6,838.0,770.0,15.0,90.0,RUNNING
2024-02-25 21:00:00,ZONE_B02,19.4,60.0,-17.8,789.0,770.0,15.0,90.0,RUNNING
2024-02-25 22:00:00,ZONE_M01,19.6,60.0,-16.6,734.0,770.0,15.0,90.0,RUNNING
2024-02-25 22:00:00,ZONE_M02,20.2,50.0,-21.2,709.0,770.0,15.0,90.0,RUNNING
2024-02-25 22:00:00,ZONE_M03,19.8,59.7,-21.0,779.0,770.0,15.0,90.0,RUNNING
2024-02-25 22:00:00,ZONE_B01,19.9,60.0,-21.3,869.0,770.0,15.0,90.0,RUNNING
2024-02-25 22:00:00,ZONE_B02,19.4,60.0,-19.9,818.0,770.0,15.0,90.0,RUNNING
2024-02-25 23:00:00,ZONE_M01,16.0,39.3,-20.2,487.0,770.0,15.0,90.0,RUNNING
2024-02-25 23:00:00,ZONE_M02,16.2,40.1,-21.9,466.0,770.0,15.0,90.0,RUNNING
2024-02-25 23:00:00,ZONE_M03,16.1,34.2,-21.5,485.0,770.0,15.0,90.0,RUNNING
2024-02-25 23:00:00,ZONE_B01,15.3,41.5,-25.5,493.0,770.0,15.0,90.0,RUNNING
2024-02-25 23:00:00,ZONE_B02,16.2,39.6,-20.3,460.0,770.0,15.0,90.0,RUNNING
2024-02-26 00:00:00,ZONE_M01,15.8,40.9,-20.4,531.0,770.0,15.0,90.0,RUNNING
2024-02-26 00:00:00,ZONE_M02,15.3,42.3,-22.4,432.0,770.0,15.0,90.0,RUNNING
2024-02-26 00:00:00,ZONE_M03,15.4,46.7,-23.0,453.0,770.0,15.0,90.0,RUNNING
2024-02-26 00:00:00,ZONE_B01,16.2,42.6,-22.5,515.0,770.0,15.0,90.0,RUNNING
2024-02-26 00:00:00,ZONE_B02,16.4,41.2,-22.9,507.0,770.0,15.0,90.0,RUNNING
2024-02-26 01:00:00,ZONE_M01,16.8,33.8,-19.9,487.0,770.0,15.0,90.0,RUNNING
2024-02-26 01:00:00,ZONE_M02,16.4,39.6,-22.2,506.0,770.0,15.0,90.0,RUNNING
2024-02-26 01:00:00,ZONE_M03,16.2,39.6,-20.3,438.0,770.0,15.0,90.0,RUNNING
2024-02-26 01:00:00,ZONE_B01,15.9,36.2,-23.7,475.0,770.0,15.0,90.0,RUNNING
2024-02-26 01:00:00,ZONE_B02,16.3,46.8,-19.3,493.0,770.0,15.0,90.0,RUNNING
2024-02-26 02:00:00,ZONE_M01,16.7,46.6,-22.5,546.0,770.0,15.0,90.0,RUNNING
2024-02-26 02:00:00,ZONE_M02,15.9,36.2,-21.1,427.0,770.0,15.0,90.0,RUNNING
2024-02-26 02:00:00,ZONE_M03,16.6,35.6,-20.8,432.0,770.0,15.0,90.0,RUNNING
2024-02-26 02:00:00,ZONE_B01,15.8,37.9,-21.7,488.0,770.0,15.0,90.0,RUNNING
2024-02-26 02:00:00,ZONE_B02,15.8,41.1,-22.5,472.0,770.0,15.0,90.0,RUNNING
2024-02-26 03:00:00,ZONE_M01,16.4,36.8,-24.2,441.0,770.0,15.0,90.0,RUNNING
2024-02-26 03:00:00,ZONE_M02,15.1,33.5,-20.3,415.0,770.0,15.0,90.0,RUNNING
2024-02-26 03:00:00,ZONE_M03,16.1,40.7,-24.0,496.0,770.0,15.0,90.0,RUNNING
2024-02-26 03:00:00,ZONE_B01,16.5,44.8,-21.8,492.0,770.0,15.0,90.0,RUNNING
2024-02-26 03:00:00,ZONE_B02,16.3,40.0,-21.1,391.0,770.0,15.0,90.0,RUNNING
2024-02-26 04:00:00,ZONE_M01,15.9,31.1,-22.8,464.0,770.0,15.0,90.0,RUNNING
2024-02-26 04:00:00,ZONE_M02,15.4,46.1,-22.8,530.0,770.0,15.0,90.0,RUNNING
2024-02-26 04:00:00,ZONE_M03,16.7,31.8,-24.4,458.0,770.0,15.0,90.0,RUNNING
2024-02-26 04:00:00,ZONE_B01,16.4,39.4,-21.6,492.0,770.0,15.0,90.0,RUNNING
2024-02-26 04:00:00,ZONE_B02,16.3,42.0,-24.3,438.0,770.0,15.0,90.0,RUNNING
2024-02-26 05:00:00,ZONE_M01,15.5,42.2,-22.1,480.0,770.0,15.0,90.0,RUNNING
2024-02-26 05:00:00,ZONE_M02,15.5,38.1,-22.9,491.0,770.0,15.0,90.0,RUNNING
2024-02-26 05:00:00,ZONE_M03,16.7,40.7,-17.8,501.0,770.0,15.0,90.0,RUNNING
2024-02-26 05:00:00,ZONE_B01,15.8,45.1,-24.0,535.0,770.0,15.0,90.0,RUNNING
2024-02-26 05:00:00,ZONE_B02,15.9,38.4,-15.2,472.0,770.0,15.0,90.0,RUNNING
2024-02-26 06:00:00,ZONE_M01,19.9,57.6,-23.5,741.0,770.0,15.0,90.0,RUNNING
2024-02-26 06:00:00,ZONE_M02,20.5,60.0,-23.4,794.0,770.0,15.0,90.0,RUNNING
2024-02-26 06:00:00,ZONE_M03,20.4,53.0,-23.7,643.0,770.0,15.0,90.0,RUNNING
2024-02-26 06:00:00,ZONE_B01,20.5,60.0,-25.3,812.0,770.0,15.0,90.0,RUNNING
2024-02-26 06:00:00,ZONE_B02,20.2,59.8,-21.4,660.0,770.0,15.0,90.0,RUNNING
2024-02-26 07:00:00,ZONE_M01,21.2,52.7,-23.9,617.0,770.0,15.0,90.0,RUNNING
2024-02-26 07:00:00,ZONE_M02,19.6,54.3,-22.5,686.0,770.0,15.0,90.0,RUNNING
2024-02-26 07:00:00,ZONE_M03,20.8,47.3,-24.3,594.0,770.0,15.0,90.0,RUNNING
2024-02-26 07:00:00,ZONE_B01,19.1,52.9,-21.5,695.0,770.0,15.0,90.0,RUNNING
2024-02-26 07:00:00,ZONE_B02,20.1,55.6,-20.0,766.0,770.0,15.0,90.0,RUNNING
2024-02-26 08:00:00,ZONE_M01,19.4,60.0,-23.3,770.0,770.0,15.0,90.0,RUNNING
2024-02-26 08:00:00,ZONE_M02,19.5,55.5,-25.4,691.0,770.0,15.0,90.0,RUNNING
2024-02-26 08:00:00,ZONE_M03,19.8,55.3,-26.2,741.0,770.0,15.0,90.0,RUNNING
2024-02-26 08:00:00,ZONE_B01,20.5,60.0,-20.7,818.0,770.0,15.0,90.0,RUNNING
2024-02-26 08:00:00,ZONE_B02,20.4,59.4,-20.6,823.0,770.0,15.0,90.0,RUNNING
2024-02-26 09:00:00,ZONE_M01,19.9,60.0,-22.4,826.0,770.0,15.0,90.0,RUNNING
2024-02-26 09:00:00,ZONE_M02,19.7,60.0,-23.0,795.0,770.0,15.0,90.0,RUNNING
2024-02-26 09:00:00,ZONE_M03,20.4,57.2,-21.5,760.0,770.0,15.0,90.0,RUNNING
2024-02-26 09:00:00,ZONE_B01,20.6,60.0,-22.0,822.0,770.0,15.0,90.0,RUNNING
2024-02-26 09:00:00,ZONE_B02,19.3,51.4,-23.7,663.0,770.0,15.0,90.0,RUNNING
2024-02-26 10:00:00,ZONE_M01,19.8,60.0,-21.8,946.0,770.0,15.0,90.0,RUNNING
2024-02-26 10:00:00,ZONE_M02,19.7,60.0,-20.5,797.0,770.0,15.0,90.0,RUNNING
2024-02-26 10:00:00,ZONE_M03,19.9,55.6,-23.2,685.0,770.0,15.0,90.0,RUNNING
2024-02-26 10:00:00,ZONE_B01,20.0,60.0,-22.9,762.0,770.0,15.0,90.0,RUNNING
2024-02-26 10:00:00,ZONE_B02,20.4,53.4,-24.2,679.0,770.0,15.0,90.0,RUNNING
2024-02-26 11:00:00,ZONE_M01,20.3,54.7,-21.8,724.0,770.0,15.0,90.0,RUNNING
2024-02-26 11:00:00,ZONE_M02,20.0,58.6,-22.8,765.0,770.0,15.0,90.0,RUNNING
2024-02-26 11:00:00,ZONE_M03,19.6,60.0,-22.4,796.0,770.0,15.0,90.0,RUNNING
2024-02-26 11:00:00,ZONE_B01,19.8,60.0,-22.0,753.0,770.0,15.0,90.0,RUNNING
2024-02-26 11:00:00,ZONE_B02,19.6,60.0,-22.9,810.0,770.0,15.0,90.0,RUNNING
2024-02-26 12:00:00,ZONE_M01,19.9,48.8,-21.2,670.0,770.0,15.0,90.0,RUNNING
2024-02-26 12:00:00,ZONE_M02,20.5,53.1,-21.4,608.0,770.0,15.0,90.0,RUNNING
2024-02-26 12:00:00,ZONE_M03,20.4,58.0,-22.1,731.0,770.0,15.0,90.0,RUNNING
2024-02-26 12:00:00,ZONE_B01,20.1,60.0,-24.2,830.0,770.0,15.0,90.0,RUNNING
2024-02-26 12:00:00,ZONE_B02,19.8,51.4,-24.4,565.0,770.0,15.0,90.0,RUNNING
2024-02-26 13:00:00,ZONE_M01,19.6,51.6,-23.6,632.0,770.0,15.0,90.0,RUNNING
2024-02-26 13:00:00,ZONE_M02,19.7,58.6,-20.7,715.0,770.0,15.0,90.0,RUNNING
2024-02-26 13:00:00,ZONE_M03,19.5,60.0,-24.0,863.0,770.0,15.0,90.0,RUNNING
2024-02-26 13:00:00,ZONE_B01,19.9,52.8,-21.9,713.0,770.0,15.0,90.0,RUNNING
2024-02-26 13:00:00,ZONE_B02,19.6,60.0,-20.6,867.0,770.0,15.0,90.0,RUNNING
2024-02-26 14:00:00,ZONE_M01,20.5,59.7,-26.5,747.0,770.0,15.0,90.0,RUNNING
2024-02-26 14:00:00,ZONE_M02,20.2,49.0,-25.7,659.0,770.0,15.0,90.0,RUNNING
2024-02-26 14:00:00,ZONE_M03,19.5,51.8,-21.8,719.0,770.0,15.0,90.0,RUNNING
2024-02-26 14:00:00,ZONE_B01,19.1,57.6,-23.3,656.0,770.0,15.0,90.0,RUNNING
2024-02-26 14:00:00,ZONE_B02,19.8,60.0,-21.5,823.0,770.0,15.0,90.0,RUNNING
2024-02-26 15:00:00,ZONE_M01,19.8,60.0,-21.7,812.0,770.0,15.0,90.0,RUNNING
2024-02-26 15:00:00,ZONE_M02,20.2,60.0,-23.4,873.0,770.0,15.0,90.0,RUNNING
2024-02-26 15:00:00,ZONE_M03,20.1,48.2,-23.4,646.0,770.0,15.0,90.0,RUNNING
2024-02-26 15:00:00,ZONE_B01,19.6,60.0,-23.9,747.0,770.0,15.0,90.0,RUNNING
2024-02-26 15:00:00,ZONE_B02,19.7,60.0,-22.9,817.0,770.0,15.0,90.0,RUNNING
2024-02-26 16:00:00,ZONE_M01,20.0,55.2,-21.8,721.0,770.0,15.0,90.0,RUNNING
2024-02-26 16:00:00,ZONE_M02,19.4,60.0,-23.2,773.0,770.0,15.0,90.0,RUNNING
2024-02-26 16:00:00,ZONE_M03,20.1,55.1,-20.2,759.0,770.0,15.0,90.0,RUNNING
2024-02-26 16:00:00,ZONE_B01,20.9,60.0,-23.8,725.0,770.0,15.0,90.0,RUNNING
2024-02-26 16:00:00,ZONE_B02,19.4,60.0,-22.8,723.0,770.0,15.0,90.0,RUNNING
2024-02-26 17:00:00,ZONE_M01,19.6,59.0,-20.6,721.0,770.0,15.0,90.0,RUNNING
2024-02-26 17:00:00,ZONE_M02,20.3,60.0,-17.9,760.0,770.0,15.0,90.0,RUNNING
2024-02-26 17:00:00,ZONE_M03,20.5,58.0,-26.6,784.0,770.0,15.0,90.0,RUNNING
2024-02-26 17:00:00,ZONE_B01,20.6,52.4,-21.4,640.0,770.0,15.0,90.0,RUNNING
2024-02-26 17:00:00,ZONE_B02,20.2,59.7,-18.7,783.0,770.0,15.0,90.0,RUNNING
2024-02-26 18:00:00,ZONE_M01,20.5,50.0,-23.8,676.0,770.0,15.0,90.0,RUNNING
2024-02-26 18:00:00,ZONE_M02,20.0,56.4,-24.2,770.0,770.0,15.0,90.0,RUNNING
2024-02-26 18:00:00,ZONE_M03,18.8,60.0,-24.3,773.0,770.0,15.0,90.0,RUNNING
2024-02-26 18:00:00,ZONE_B01,19.3,56.6,-19.3,810.0,770.0,15.0,90.0,RUNNING
2024-02-26 18:00:00,ZONE_B02,19.9,47.1,-19.3,571.0,770.0,15.0,90.0,RUNNING
2024-02-26 19:00:00,ZONE_M01,21.0,60.0,-22.3,815.0,770.0,15.0,90.0,RUNNING
2024-02-26 19:00:00,ZONE_M02,20.0,51.8,-21.9,635.0,770.0,15.0,90.0,RUNNING
2024-02-26 19:00:00,ZONE_M03,19.8,52.1,-24.6,674.0,770.0,15.0,90.0,RUNNING
2024-02-26 19:00:00,ZONE_B01,19.6,58.6,-25.0,822.0,770.0,15.0,90.0,RUNNING
2024-02-26 19:00:00,ZONE_B02,20.7,60.0,-24.0,889.0,770.0,15.0,90.0,RUNNING
2024-02-26 20:00:00,ZONE_M01,20.4,55.3,-24.8,652.0,770.0,15.0,90.0,RUNNING
2024-02-26 20:00:00,ZONE_M02,20.0,58.0,-23.2,689.0,770.0,15.0,90.0,RUNNING
2024-02-26 20:00:00,ZONE_M03,20.5,60.0,-23.0,781.0,770.0,15.0,90.0,RUNNING
2024-02-26 20:00:00,ZONE_B01,20.1,60.0,-23.5,856.0,770.0,15.0,90.0,RUNNING
2024-02-26 20:00:00,ZONE_B02,20.0,57.4,-21.3,730.0,770.0,15.0,90.0,RUNNING
2024-02-26 21:00:00,ZONE_M01,19.7,54.5,-20.6,690.0,770.0,15.0,90.0,RUNNING
2024-02-26 21:00:00,ZONE_M02,19.8,46.8,-20.1,624.0,770.0,15.0,90.0,RUNNING
2024-02-26 21:00:00,ZONE_M03,19.9,60.0,-23.3,831.0,770.0,15.0,90.0,RUNNING
2024-02-26 21:00:00,ZONE_B01,18.9,55.6,-22.8,757.0,770.0,15.0,90.0,RUNNING
2024-02-26 21:00:00,ZONE_B02,20.6,60.0,-23.7,840.0,770.0,15.0,90.0,RUNNING
2024-02-26 22:00:00,ZONE_M01,21.0,60.0,-25.8,730.0,770.0,15.0,90.0,RUNNING
2024-02-26 22:00:00,ZONE_M02,19.5,60.0,-22.7,907.0,770.0,15.0,90.0,RUNNING
2024-02-26 22:00:00,ZONE_M03,19.7,53.3,-25.7,682.0,770.0,15.0,90.0,RUNNING
2024-02-26 22:00:00,ZONE_B01,21.2,59.1,-24.4,792.0,770.0,15.0,90.0,RUNNING
2024-02-26 22:00:00,ZONE_B02,19.0,60.0,-21.2,892.0,770.0,15.0,90.0,RUNNING
2024-02-26 23:00:00,ZONE_M01,16.4,37.0,-27.4,488.0,770.0,15.0,90.0,RUNNING
2024-02-26 23:00:00,ZONE_M02,16.5,40.0,-23.5,505.0,770.0,15.0,90.0,RUNNING
2024-02-26 23:00:00,ZONE_M03,16.7,49.4,-24.0,555.0,770.0,15.0,90.0,RUNNING
2024-02-26 23:00:00,ZONE_B01,16.8,41.8,-20.8,446.0,770.0,15.0,90.0,RUNNING
2024-02-26 23:00:00,ZONE_B02,15.4,36.9,-22.8,482.0,770.0,15.0,90.0,RUNNING
2024-02-27 00:00:00,ZONE_M01,15.5,45.0,-21.3,546.0,770.0,15.0,90.0,RUNNING
2024-02-27 00:00:00,ZONE_M02,15.4,37.2,-21.3,486.0,770.0,15.0,90.0,RUNNING
2024-02-27 00:00:00,ZONE_M03,16.0,38.9,-23.7,501.0,770.0,15.0,90.0,RUNNING
2024-02-27 00:00:00,ZONE_B01,16.0,44.0,-20.8,465.0,770.0,15.0,90.0,RUNNING
2024-02-27 00:00:00,ZONE_B02,16.0,44.3,-23.4,443.0,770.0,15.0,90.0,RUNNING
2024-02-27 01:00:00,ZONE_M01,16.5,40.2,-23.8,496.0,770.0,15.0,90.0,RUNNING
2024-02-27 01:00:00,ZONE_M02,16.3,37.7,-22.9,488.0,770.0,15.0,90.0,RUNNING
2024-02-27 01:00:00,ZONE_M03,17.1,39.3,-23.1,501.0,770.0,15.0,90.0,RUNNING
2024-02-27 01:00:00,ZONE_B01,15.8,40.0,-23.1,471.0,770.0,15.0,90.0,RUNNING
2024-02-27 01:00:00,ZONE_B02,15.6,35.8,-21.2,445.0,770.0,15.0,90.0,RUNNING
2024-02-27 02:00:00,ZONE_M01,15.9,33.3,-26.2,446.0,770.0,15.0,90.0,RUNNING
2024-02-27 02:00:00,ZONE_M02,15.9,49.0,-22.9,543.0,770.0,15.0,90.0,RUNNING
2024-02-27 02:00:00,ZONE_M03,15.4,36.1,-23.1,414.0,770.0,15.0,90.0,RUNNING
2024-02-27 02:00:00,ZONE_B01,15.1,47.6,-21.0,575.0,770.0,15.0,90.0,RUNNING
2024-02-27 02:00:00,ZONE_B02,16.2,39.3,-22.2,477.0,770.0,15.0,90.0,RUNNING
2024-02-27 03:00:00,ZONE_M01,16.0,37.2,-23.3,493.0,770.0,15.0,90.0,RUNNING
2024-02-27 03:00:00,ZONE_M02,15.5,44.3,-23.3,466.0,770.0,15.0,90.0,RUNNING
2024-02-27 03:00:00,ZONE_M03,15.4,34.9,-21.9,453.0,770.0,15.0,90.0,RUNNING
2024-02-27 03:00:00,ZONE_B01,15.5,34.1,-21.4,503.0,770.0,15.0,90.0,RUNNING
2024-02-27 03:00:00,ZONE_B02,16.3,42.5,-24.0,487.0,770.0,15.0,90.0,RUNNING
2024-02-27 04:00:00,ZONE_M01,15.3,30.7,-18.2,424.0,770.0,15.0,90.0,RUNNING
2024-02-27 04:00:00,ZONE_M02,16.5,41.6,-22.5,440.0,770.0,15.0,90.0,RUNNING
2024-02-27 04:00:00,ZONE_M03,15.9,34.6,-22.0,423.0,770.0,15.0,90.0,RUNNING
2024-02-27 04:00:00,ZONE_B01,16.4,45.2,-24.0,525.0,770.0,15.0,90.0,RUNNING
2024-02-27 04:00:00,ZONE_B02,16.8,43.4,-27.4,514.0,770.0,15.0,90.0,RUNNING
2024-02-27 05:00:00,ZONE_M01,15.8,42.0,-25.2,468.0,770.0,15.0,90.0,RUNNING
2024-02-27 05:00:00,ZONE_M02,16.0,36.1,-21.2,465.0,770.0,15.0,90.0,RUNNING
2024-02-27 05:00:00,ZONE_M03,15.9,36.1,-21.6,458.0,770.0,15.0,90.0,RUNNING
2024-02-27 05:00:00,ZONE_B01,16.2,46.2,-21.7,534.0,770.0,15.0,90.0,RUNNING
2024-02-27 05:00:00,ZONE_B02,15.7,41.0,-24.5,469.0,770.0,15.0,90.0,RUNNING
2024-02-27 06:00:00,ZONE_M01,19.5,60.0,-23.8,792.0,770.0,15.0,90.0,RUNNING
2024-02-27 06:00:00,ZONE_M02,20.6,43.8,-22.7,612.0,770.0,15.0,90.0,RUNNING
2024-02-27 06:00:00,ZONE_M03,20.5,45.2,-22.5,591.0,770.0,15.0,90.0,RUNNING
2024-02-27 06:00:00,ZONE_B01,19.4,50.7,-21.9,692.0,770.0,15.0,90.0,RUNNING
2024-02-27 06:00:00,ZONE_B02,20.6,60.0,-19.3,779.0,770.0,15.0,90.0,RUNNING
2024-02-27 07:00:00,ZONE_M01,19.1,57.8,-22.5,708.0,770.0,15.0,90.0,RUNNING
2024-02-27 07:00:00,ZONE_M02,20.2,59.1,-25.3,761.0,770.0,15.0,90.0,RUNNING
2024-02-27 07:00:00,ZONE_M03,19.8,55.5,-22.5,711.0,770.0,15.0,90.0,RUNNING
2024-02-27 07:00:00,ZONE_B01,20.0,46.3,-23.2,581.0,770.0,15.0,90.0,RUNNING
2024-02-27 07:00:00,ZONE_B02,20.7,52.4,-23.2,738.0,770.0,15.0,90.0,RUNNING
2024-02-27 08:00:00,ZONE_M01,20.3,59.4,-24.1,716.0,770.0,15.0,90.0,RUNNING
2024-02-27 08:00:00,ZONE_M02,19.7,60.0,-19.7,780.0,770.0,15.0,90.0,RUNNING
2024-02-27 08:00:00,ZONE_M03,20.5,60.0,-21.2,806.0,770.0,15.0,90.0,RUNNING
2024-02-27 08:00:00,ZONE_B01,19.7,54.3,-25.1,695.0,770.0,15.0,90.0,RUNNING
2024-02-27 08:00:00,ZONE_B02,20.2,53.8,-23.0,702.0,770.0,15.0,90.0,RUNNING
2024-02-27 09:00:00,ZONE_M01,21.0,60.0,-22.9,840.0,770.0,15.0,90.0,RUNNING
2024-02-27 09:00:00,ZONE_M02,19.7,59.1,-26.4,785.0,770.0,15.0,90.0,RUNNING
2024-02-27 09:00:00,ZONE_M03,20.3,60.0,-20.6,745.0,770.0,15.0,90.0,RUNNING
2024-02-27 09:00:00,ZONE_B01,19.5,55.3,-21.2,724.0,770.0,15.0,90.0,RUNNING
2024-02-27 09:00:00,ZONE_B02,19.4,53.6,-21.3,667.0,770.0,15.0,90.0,RUNNING
2024-02-27 10:00:00,ZONE_M01,19.7,60.0,-25.1,844.0,770.0,15.0,90.0,RUNNING
2024-02-27 10:00:00,ZONE_M02,20.2,60.0,-22.5,788.0,770.0,15.0,90.0,RUNNING
2024-02-27 10:00:00,ZONE_M03,20.0,60.0,-20.5,820.0,770.0,15.0,90.0,RUNNING
2024-02-27 10:00:00,ZONE_B01,19.9,60.0,-26.5,911.0,770.0,15.0,90.0,RUNNING
2024-02-27 10:00:00,ZONE_B02,20.1,59.6,-23.5,725.0,770.0,15.0,90.0,RUNNING
2024-02-27 11:00:00,ZONE_M01,19.9,44.8,-26.1,572.0,770.0,15.0,90.0,RUNNING
2024-02-27 11:00:00,ZONE_M02,20.0,60.0,-21.5,810.0,770.0,15.0,90.0,RUNNING
2024-02-27 11:00:00,ZONE_M03,20.8,46.7,-21.2,595.0,770.0,15.0,90.0,RUNNING
2024-02-27 11:00:00,ZONE_B01,19.6,49.5,-24.8,665.0,770.0,15.0,90.0,RUNNING
2024-02-27 11:00:00,ZONE_B02,20.3,58.8,-23.2,691.0,770.0,15.0,90.0,RUNNING
2024-02-27 12:00:00,ZONE_M01,20.0,49.1,-20.1,585.0,770.0,15.0,90.0,RUNNING
2024-02-27 12:00:00,ZONE_M02,20.3,56.6,-22.0,691.0,770.0,15.0,90.0,RUNNING
2024-02-27 12:00:00,ZONE_M03,19.5,60.0,-21.2,819.0,770.0,15.0,90.0,RUNNING
2024-02-27 12:00:00,ZONE_B01,20.1,59.6,-22.6,772.0,770.0,15.0,90.0,RUNNING
2024-02-27 12:00:00,ZONE_B02,20.4,60.0,-24.6,927.0,770.0,15.0,90.0,RUNNING
2024-02-27 13:00:00,ZONE_M01,20.3,60.0,-22.3,839.0,770.0,15.0,90.0,RUNNING
2024-02-27 13:00:00,ZONE_M02,20.1,52.8,-23.5,722.0,770.0,15.0,90.0,RUNNING
2024-02-27 13:00:00,ZONE_M03,19.6,57.5,-20.3,706.0,770.0,15.0,90.0,RUNNING
2024-02-27 13:00:00,ZONE_B01,20.0,55.1,-23.7,732.0,770.0,15.0,90.0,RUNNING
2024-02-27 13:00:00,ZONE_B02,20.1,56.7,-21.6,746.0,770.0,15.0,90.0,RUNNING
2024-02-27 14:00:00,ZONE_M01,20.1,49.7,-19.1,637.0,770.0,15.0,90.0,RUNNING
2024-02-27 14:00:00,ZONE_M02,20.1,56.5,-23.3,656.0,770.0,15.0,90.0,RUNNING
2024-02-27 14:00:00,ZONE_M03,19.6,52.6,-24.1,647.0,770.0,15.0,90.0,RUNNING
2024-02-27 14:00:00,ZONE_B01,20.1,60.0,-19.9,787.0,770.0,15.0,90.0,RUNNING
2024-02-27 14:00:00,ZONE_B02,21.1,48.0,-22.4,605.0,770.0,15.0,90.0,RUNNING
2024-02-27 15:00:00,ZONE_M01,19.9,54.4,-24.2,765.0,770.0,15.0,90.0,RUNNING
2024-02-27 15:00:00,ZONE_M02,20.3,60.0,-21.5,839.0,770.0,15.0,90.0,RUNNING
2024-02-27 15:00:00,ZONE_M03,20.6,60.0,-23.9,803.0,770.0,15.0,90.0,RUNNING
2024-02-27 15:00:00,ZONE_B01,20.7,47.2,-21.9,625.0,770.0,15.0,90.0,RUNNING
2024-02-27 15:00:00,ZONE_B02,19.6,60.0,-19.6,832.0,770.0,15.0,90.0,RUNNING
2024-02-27 16:00:00,ZONE_M01,19.4,56.6,-23.0,730.0,770.0,15.0,90.0,RUNNING
2024-02-27 16:00:00,ZONE_M02,20.2,60.0,-20.7,775.0,770.0,15.0,90.0,RUNNING
2024-02-27 16:00:00,ZONE_M03,20.2,59.6,-22.9,751.0,770.0,15.0,90.0,RUNNING
2024-02-27 16:00:00,ZONE_B01,20.8,56.9,-23.5,687.0,770.0,15.0,90.0,RUNNING
2024-02-27 16:00:00,ZONE_B02,20.0,39.0,-20.2,473.0,770.0,15.0,90.0,RUNNING
2024-02-27 17:00:00,ZONE_M01,19.7,60.0,-20.2,782.0,770.0,15.0,90.0,RUNNING
2024-02-27 17:00:00,ZONE_M02,21.3,51.0,-22.1,651.0,770.0,15.0,90.0,RUNNING
2024-02-27 17:00:00,ZONE_M03,19.3,60.0,-22.5,923.0,770.0,15.0,90.0,RUNNING
2024-02-27 17:00:00,ZONE_B01,19.9,60.0,-25.4,837.0,770.0,15.0,90.0,RUNNING
2024-02-27 17:00:00,ZONE_B02,20.4,58.4,-23.8,730.0,770.0,15.0,90.0,RUNNING
2024-02-27 18:00:00,ZONE_M01,19.7,50.4,-22.4,665.0,770.0,15.0,90.0,RUNNING
2024-02-27 18:00:00,ZONE_M02,19.8,59.5,-22.9,807.0,770.0,15.0,90.0,RUNNING
2024-02-27 18:00:00,ZONE_M03,20.1,60.0,-22.6,809.0,770.0,15.0,90.0,RUNNING
2024-02-27 18:00:00,ZONE_B01,19.9,60.0,-23.4,903.0,770.0,15.0,90.0,RUNNING
2024-02-27 18:00:00,ZONE_B02,19.9,56.6,-22.5,727.0,770.0,15.0,90.0,RUNNING
2024-02-27 19:00:00,ZONE_M01,21.2,49.5,-21.1,546.0,770.0,15.0,90.0,RUNNING
2024-02-27 19:00:00,ZONE_M02,19.5,52.6,-23.3,762.0,770.0,15.0,90.0,RUNNING
2024-02-27 19:00:00,ZONE_M03,20.7,58.4,-21.1,704.0,770.0,15.0,90.0,RUNNING
2024-02-27 19:00:00,ZONE_B01,20.7,53.0,-25.5,654.0,770.0,15.0,90.0,RUNNING
2024-02-27 19:00:00,ZONE_B02,20.1,60.0,-23.7,758.0,770.0,15.0,90.0,RUNNING
2024-02-27 20:00:00,ZONE_M01,20.8,52.9,-23.8,671.0,770.0,15.0,90.0,RUNNING
2024-02-27 20:00:00,ZONE_M02,19.8,58.1,-25.6,683.0,770.0,15.0,90.0,RUNNING
2024-02-27 20:00:00,ZONE_M03,19.8,60.0,-21.5,900.0,770.0,15.0,90.0,RUNNING
2024-02-27 20:00:00,ZONE_B01,20.7,60.0,-25.4,857.0,770.0,15.0,90.0,RUNNING
2024-02-27 20:00:00,ZONE_B02,20.4,55.0,-22.4,698.0,770.0,15.0,90.0,RUNNING
2024-02-27 21:00:00,ZONE_M01,19.5,57.5,-22.8,730.0,770.0,15.0,90.0,RUNNING
2024-02-27 21:00:00,ZONE_M02,20.4,54.0,-23.4,643.0,770.0,15.0,90.0,RUNNING
2024-02-27 21:00:00,ZONE_M03,19.4,60.0,-24.1,930.0,770.0,15.0,90.0,RUNNING
2024-02-27 21:00:00,ZONE_B01,19.3,60.0,-20.1,870.0,770.0,15.0,90.0,RUNNING
2024-02-27 21:00:00,ZONE_B02,19.4,60.0,-22.6,920.0,770.0,15.0,90.0,RUNNING
2024-02-27 22:00:00,ZONE_M01,20.4,60.0,-21.3,788.0,770.0,15.0,90.0,RUNNING
2024-02-27 22:00:00,ZONE_M02,19.5,60.0,-24.7,848.0,770.0,15.0,90.0,RUNNING
2024-02-27 22:00:00,ZONE_M03,19.6,60.0,-21.8,819.0,770.0,15.0,90.0,RUNNING
2024-02-27 22:00:00,ZONE_B01,19.6,56.9,-22.2,730.0,770.0,15.0,90.0,RUNNING
2024-02-27 22:00:00,ZONE_B02,21.1,60.0,-26.2,820.0,770.0,15.0,90.0,RUNNING
2024-02-27 23:00:00,ZONE_M01,15.0,38.7,-20.2,478.0,770.0,15.0,90.0,RUNNING
2024-02-27 23:00:00,ZONE_M02,15.3,33.1,-23.9,477.0,770.0,15.0,90.0,RUNNING
2024-02-27 23:00:00,ZONE_M03,16.2,41.2,-18.2,544.0,770.0,15.0,90.0,RUNNING
2024-02-27 23:00:00,ZONE_B01,15.3,33.3,-21.6,425.0,770.0,15.0,90.0,RUNNING
2024-02-27 23:00:00,ZONE_B02,15.7,41.0,-21.6,507.0,770.0,15.0,90.0,RUNNING
2024-02-28 00:00:00,ZONE_M01,15.5,33.4,-22.2,440.0,770.0,15.0,90.0,RUNNING
2024-02-28 00:00:00,ZONE_M02,16.9,43.4,-22.5,502.0,770.0,15.0,90.0,RUNNING
2024-02-28 00:00:00,ZONE_M03,15.1,41.5,-22.0,411.0,770.0,15.0,90.0,RUNNING
2024-02-28 00:00:00,ZONE_B01,16.6,40.2,-19.8,490.0,770.0,15.0,90.0,RUNNING
2024-02-28 00:00:00,ZONE_B02,15.1,42.1,-26.7,483.0,770.0,15.0,90.0,RUNNING
2024-02-28 01:00:00,ZONE_M01,15.6,38.9,-20.7,447.0,770.0,15.0,90.0,RUNNING
2024-02-28 01:00:00,ZONE_M02,15.4,41.6,-23.3,450.0,770.0,15.0,90.0,RUNNING
2024-02-28 01:00:00,ZONE_M03,15.6,42.9,-22.2,484.0,770.0,15.0,90.0,RUNNING
2024-02-28 01:00:00,ZONE_B01,16.0,41.3,-23.4,507.0,770.0,15.0,90.0,RUNNING
2024-02-28 01:00:00,ZONE_B02,15.7,42.3,-23.0,490.0,770.0,15.0,90.0,RUNNING
2024-02-28 02:00:00,ZONE_M01,16.2,38.4,-21.6,441.0,770.0,15.0,90.0,RUNNING
2024-02-28 02:00:00,ZONE_M02,15.7,36.4,-21.3,437.0,770.0,15.0,90.0,RUNNING
2024-02-28 02:00:00,ZONE_M03,16.7,39.5,-20.4,472.0,770.0,15.0,90.0,RUNNING
2024-02-28 02:00:00,ZONE_B01,15.1,46.3,-24.8,540.0,770.0,15.0,90.0,RUNNING
2024-02-28 02:00:00,ZONE_B02,15.6,38.0,-27.9,460.0,770.0,15.0,90.0,RUNNING
2024-02-28 03:00:00,ZONE_M01,15.5,39.6,-25.4,469.0,770.0,15.0,90.0,RUNNING
2024-02-28 03:00:00,ZONE_M02,15.7,40.2,-23.2,540.0,770.0,15.0,90.0,RUNNING
2024-02-28 03:00:00,ZONE_M03,15.8,36.5,-23.6,411.0,770.0,15.0,90.0,RUNNING
2024-02-28 03:00:00,ZONE_B01,15.3,44.5,-22.1,559.0,770.0,15.0,90.0,RUNNING
2024-02-28 03:00:00,ZONE_B02,16.3,35.8,-22.1,449.0,770.0,15.0,90.0,RUNNING
2024-02-28 04:00:00,ZONE_M01,15.8,45.2,-20.7,555.0,770.0,15.0,90.0,RUNNING
2024-02-28 04:00:00,ZONE_M02,15.9,37.4,-21.7,404.0,770.0,15.0,90.0,RUNNING
2024-02-28 04:00:00,ZONE_M03,16.0,37.4,-22.7,437.0,770.0,15.0,90.0,RUNNING
2024-02-28 04:00:00,ZONE_B01,16.4,41.8,-22.6,463.0,770.0,15.0,90.0,RUNNING
2024-02-28 04:00:00,ZONE_B02,16.5,41.8,-20.8,467.0,770.0,15.0,90.0,RUNNING
2024-02-28 05:00:00,ZONE_M01,15.7,40.8,-21.4,531.0,770.0,15.0,90.0,RUNNING
2024-02-28 05:00:00,ZONE_M02,16.2,35.9,-20.6,500.0,770.0,15.0,90.0,RUNNING
2024-02-28 05:00:00,ZONE_M03,16.4,43.9,-24.9,412.0,770.0,15.0,90.0,RUNNING
2024-02-28 05:00:00,ZONE_B01,15.0,33.6,-20.6,439.0,770.0,15.0,90.0,RUNNING
2024-02-28 05:00:00,ZONE_B02,16.2,36.1,-22.9,463.0,770.0,15.0,90.0,RUNNING
2024-02-28 06:00:00,ZONE_M01,20.4,60.0,-22.8,864.0,770.0,15.0,90.0,RUNNING
2024-02-28 06:00:00,ZONE_M02,20.9,60.0,-20.8,718.0,770.0,15.0,90.0,RUNNING
2024-02-28 06:00:00,ZONE_M03,20.3,60.0,-23.0,832.0,770.0,15.0,90.0,RUNNING
2024-02-28 06:00:00,ZONE_B01,20.3,58.8,-21.5,724.0,770.0,15.0,90.0,RUNNING
2024-02-28 06:00:00,ZONE_B02,19.5,55.2,-25.7,729.0,770.0,15.0,90.0,RUNNING
2024-02-28 07:00:00,ZONE_M01,19.2,60.0,-24.1,712.0,770.0,15.0,90.0,RUNNING
2024-02-28 07:00:00,ZONE_M02,19.0,50.8,-25.5,735.0,770.0,15.0,90.0,RUNNING
2024-02-28 07:00:00,ZONE_M03,19.7,51.7,-22.6,602.0,770.0,15.0,90.0,RUNNING
2024-02-28 07:00:00,ZONE_B01,19.8,60.0,-27.4,786.0,770.0,15.0,90.0,RUNNING
2024-02-28 07:00:00,ZONE_B02,20.0,55.6,-22.0,740.0,770.0,15.0,90.0,RUNNING
2024-02-28 08:00:00,ZONE_M01,20.7,60.0,-23.3,742.0,770.0,15.0,90.0,RUNNING
2024-02-28 08:00:00,ZONE_M02,20.7,60.0,-23.3,851.0,770.0,15.0,90.0,RUNNING
2024-02-28 08:00:00,ZONE_M03,20.2,53.9,-21.0,654.0,770.0,15.0,90.0,RUNNING
2024-02-28 08:00:00,ZONE_B01,19.5,60.0,-21.5,709.0,770.0,15.0,90.0,RUNNING
2024-02-28 08:00:00,ZONE_B02,19.7,60.0,-23.9,928.0,770.0,15.0,90.0,RUNNING
2024-02-28 09:00:00,ZONE_M01,20.7,60.0,-24.0,834.0,770.0,15.0,90.0,RUNNING
2024-02-28 09:00:00,ZONE_M02,20.0,60.0,-22.3,738.0,770.0,15.0,90.0,RUNNING
2024-02-28 09:00:00,ZONE_M03,20.6,51.1,-20.7,638.0,770.0,15.0,90.0,RUNNING
2024-02-28 09:00:00,ZONE_B01,20.5,60.0,-22.1,869.0,770.0,15.0,90.0,RUNNING
2024-02-28 09:00:00,ZONE_B02,19.6,58.3,-24.1,729.0,770.0,15.0,90.0,RUNNING
2024-02-28 10:00:00,ZONE_M01,19.6,56.2,-22.3,755.0,770.0,15.0,90.0,RUNNING
2024-02-28 10:00:00,ZONE_M02,20.1,60.0,-23.2,836.0,770.0,15.0,90.0,RUNNING
2024-02-28 10:00:00,ZONE_M03,20.0,60.0,-25.3,778.0,770.0,15.0,90.0,RUNNING
2024-02-28 10:00:00,ZONE_B01,20.2,54.9,-22.7,713.0,770.0,15.0,90.0,RUNNING
2024-02-28 10:00:00,ZONE_B02,19.9,60.0,-22.4,877.0,770.0,15.0,90.0,RUNNING
2024-02-28 11:00:00,ZONE_M01,19.7,58.4,-24.6,797.0,770.0,15.0,90.0,RUNNING
2024-02-28 11:00:00,ZONE_M02,20.4,60.0,-21.9,867.0,770.0,15.0,90.0,RUNNING
2024-02-28 11:00:00,ZONE_M03,20.1,58.0,-26.7,671.0,770.0,15.0,90.0,RUNNING
2024-02-28 11:00:00,ZONE_B01,19.7,50.0,-25.9,580.0,770.0,15.0,90.0,RUNNING
2024-02-28 11:00:00,ZONE_B02,19.9,56.7,-23.4,799.0,770.0,15.0,90.0,RUNNING
2024-02-28 12:00:00,ZONE_M01,19.8,50.0,-21.2,714.0,770.0,15.0,90.0,RUNNING
2024-02-28 12:00:00,ZONE_M02,20.1,51.6,-22.9,705.0,770.0,15.0,90.0,RUNNING
2024-02-28 12:00:00,ZONE_M03,19.2,60.0,-22.6,825.0,770.0,15.0,90.0,RUNNING
2024-02-28 12:00:00,ZONE_B01,19.5,60.0,-23.6,862.0,770.0,15.0,90.0,RUNNING
2024-02-28 12:00:00,ZONE_B02,19.8,60.0,-24.6,887.0,770.0,15.0,90.0,RUNNING
2024-02-28 13:00:00,ZONE_M01,19.5,59.9,-23.2,801.0,770.0,15.0,90.0,RUNNING
2024-02-28 13:00:00,ZONE_M02,20.3,54.9,-18.7,680.0,770.0,15.0,90.0,RUNNING
2024-02-28 13:00:00,ZONE_M03,20.6,48.9,-23.7,656.0,770.0,15.0,90.0,RUNNING
2024-02-28 13:00:00,ZONE_B01,19.9,55.7,-20.5,630.0,770.0,15.0,90.0,RUNNING
2024-02-28 13:00:00,ZONE_B02,19.8,50.7,-24.2,599.0,770.0,15.0,90.0,RUNNING
2024-02-28 14:00:00,ZONE_M01,20.4,57.9,-22.7,696.0,770.0,15.0,90.0,RUNNING
2024-02-28 14:00:00,ZONE_M02,20.1,54.0,-19.8,755.0,770.0,15.0,90.0,RUNNING
2024-02-28 14:00:00,ZONE_M03,19.7,56.4,-22.8,788.0,770.0,15.0,90.0,RUNNING
2024-02-28 14:00:00,ZONE_B01,19.5,60.0,-21.3,878.0,770.0,15.0,90.0,RUNNING
2024-02-28 14:00:00,ZONE_B02,19.3,55.2,-24.8,742.0,770.0,15.0,90.0,RUNNING
2024-02-28 15:00:00,ZONE_M01,20.7,47.3,-20.3,678.0,770.0,15.0,90.0,RUNNING
2024-02-28 15:00:00,ZONE_M02,19.0,53.3,-23.4,688.0,770.0,15.0,90.0,RUNNING
2024-02-28 15:00:00,ZONE_M03,20.0,57.4,-25.4,717.0,770.0,15.0,90.0,RUNNING
2024-02-28 15:00:00,ZONE_B01,20.5,60.0,-22.9,836.0,770.0,15.0,90.0,RUNNING
2024-02-28 15:00:00,ZONE_B02,20.2,60.0,-22.5,817.0,770.0,15.0,90.0,RUNNING
2024-02-28 16:00:00,ZONE_M01,20.3,46.4,-25.5,594.0,770.0,15.0,90.0,RUNNING
2024-02-28 16:00:00,ZONE_M02,20.0,48.2,-23.5,681.0,770.0,15.0,90.0,RUNNING
2024-02-28 16:00:00,ZONE_M03,19.7,57.8,-21.8,752.0,770.0,15.0,90.0,RUNNING
2024-02-28 16:00:00,ZONE_B01,19.9,59.4,-26.7,783.0,770.0,15.0,90.0,RUNNING
2024-02-28 16:00:00,ZONE_B02,20.3,48.8,-25.2,581.0,770.0,15.0,90.0,RUNNING
2024-02-28 17:00:00,ZONE_M01,20.3,60.0,-20.9,871.0,770.0,15.0,90.0,RUNNING
2024-02-28 17:00:00,ZONE_M02,19.9,56.6,-21.9,709.0,770.0,15.0,90.0,RUNNING
2024-02-28 17:00:00,ZONE_M03,20.5,54.5,-21.6,766.0,770.0,15.0,90.0,RUNNING
2024-02-28 17:00:00,ZONE_B01,20.2,54.0,-24.3,641.0,770.0,15.0,90.0,RUNNING
2024-02-28 17:00:00,ZONE_B02,19.6,54.7,-22.5,688.0,770.0,15.0,90.0,RUNNING
2024-02-28 18:00:00,ZONE_M01,19.5,60.0,-21.2,873.0,770.0,15.0,90.0,RUNNING
2024-02-28 18:00:00,ZONE_M02,20.4,52.8,-24.2,659.0,770.0,15.0,90.0,RUNNING
2024-02-28 18:00:00,ZONE_M03,19.8,59.4,-26.4,731.0,770.0,15.0,90.0,RUNNING
2024-02-28 18:00:00,ZONE_B01,19.7,60.0,-26.0,805.0,770.0,15.0,90.0,RUNNING
2024-02-28 18:00:00,ZONE_B02,19.8,60.0,-24.5,668.0,770.0,15.0,90.0,RUNNING
2024-02-28 19:00:00,ZONE_M01,20.4,60.0,-22.3,747.0,770.0,15.0,90.0,RUNNING
2024-02-28 19:00:00,ZONE_M02,19.4,54.7,-22.1,734.0,770.0,15.0,90.0,RUNNING
2024-02-28 19:00:00,ZONE_M03,19.4,54.1,-21.5,656.0,770.0,15.0,90.0,RUNNING
2024-02-28 19:00:00,ZONE_B01,20.7,56.5,-24.9,689.0,770.0,15.0,90.0,RUNNING
2024-02-28 19:00:00,ZONE_B02,20.1,55.7,-19.6,755.0,770.0,15.0,90.0,RUNNING
2024-02-28 20:00:00,ZONE_M01,19.6,56.9,-21.6,694.0,770.0,15.0,90.0,RUNNING
2024-02-28 20:00:00,ZONE_M02,19.0,60.0,-22.4,771.0,770.0,15.0,90.0,RUNNING
2024-02-28 20:00:00,ZONE_M03,19.5,58.3,-22.3,705.0,770.0,15.0,90.0,RUNNING
2024-02-28 20:00:00,ZONE_B01,19.0,59.4,-21.9,768.0,770.0,15.0,90.0,RUNNING
2024-02-28 20:00:00,ZONE_B02,20.0,57.8,-24.8,644.0,770.0,15.0,90.0,RUNNING
2024-02-28 21:00:00,ZONE_M01,20.4,55.2,-19.5,700.0,770.0,15.0,90.0,RUNNING
2024-02-28 21:00:00,ZONE_M02,19.2,60.0,-25.0,888.0,770.0,15.0,90.0,RUNNING
2024-02-28 21:00:00,ZONE_M03,20.6,59.6,-18.8,758.0,770.0,15.0,90.0,RUNNING
2024-02-28 21:00:00,ZONE_B01,19.1,54.2,-20.0,696.0,770.0,15.0,90.0,RUNNING
2024-02-28 21:00:00,ZONE_B02,19.4,58.3,-21.7,736.0,770.0,15.0,90.0,RUNNING
2024-02-28 22:00:00,ZONE_M01,18.7,56.4,-19.5,809.0,770.0,15.0,90.0,RUNNING
2024-02-28 22:00:00,ZONE_M02,19.1,55.1,-24.0,700.0,770.0,15.0,90.0,RUNNING
2024-02-28 22:00:00,ZONE_M03,20.2,56.8,-23.8,695.0,770.0,15.0,90.0,RUNNING
2024-02-28 22:00:00,ZONE_B01,20.2,60.0,-22.5,739.0,770.0,15.0,90.0,RUNNING
2024-02-28 22:00:00,ZONE_B02,20.1,60.0,-20.1,919.0,770.0,15.0,90.0,RUNNING
2024-02-28 23:00:00,ZONE_M01,15.9,33.5,-24.5,420.0,770.0,15.0,90.0,RUNNING
2024-02-28 23:00:00,ZONE_M02,16.3,32.8,-24.1,458.0,770.0,15.0,90.0,RUNNING
2024-02-28 23:00:00,ZONE_M03,16.4,39.6,-22.1,493.0,770.0,15.0,90.0,RUNNING
2024-02-28 23:00:00,ZONE_B01,15.6,34.4,-23.2,462.0,770.0,15.0,90.0,RUNNING
2024-02-28 23:00:00,ZONE_B02,16.4,40.5,-23.2,477.0,770.0,15.0,90.0,RUNNING
2024-02-29 00:00:00,ZONE_M01,15.6,40.8,-22.8,434.0,770.0,15.0,90.0,RUNNING
2024-02-29 00:00:00,ZONE_M02,15.6,40.3,-23.7,469.0,770.0,15.0,90.0,RUNNING
2024-02-29 00:00:00,ZONE_M03,15.3,45.4,-23.9,522.0,770.0,15.0,90.0,RUNNING
2024-02-29 00:00:00,ZONE_B01,15.7,34.4,-30.2,424.0,770.0,15.0,90.0,RUNNING
2024-02-29 00:00:00,ZONE_B02,15.7,39.6,-23.0,486.0,770.0,15.0,90.0,RUNNING
2024-02-29 01:00:00,ZONE_M01,15.7,32.2,-24.0,398.0,770.0,15.0,90.0,RUNNING
2024-02-29 01:00:00,ZONE_M02,15.8,41.4,-21.9,479.0,770.0,15.0,90.0,RUNNING
2024-02-29 01:00:00,ZONE_M03,16.4,39.0,-22.1,476.0,770.0,15.0,90.0,RUNNING
2024-02-29 01:00:00,ZONE_B01,15.4,37.8,-24.7,423.0,770.0,15.0,90.0,RUNNING
2024-02-29 01:00:00,ZONE_B02,14.8,46.0,-22.9,519.0,770.0,15.0,90.0,RUNNING
2024-02-29 02:00:00,ZONE_M01,15.7,38.4,-21.0,418.0,770.0,15.0,90.0,RUNNING
2024-02-29 02:00:00,ZONE_M02,16.5,37.5,-22.1,499.0,770.0,15.0,90.0,RUNNING
2024-02-29 02:00:00,ZONE_M03,16.6,37.9,-25.1,476.0,770.0,15.0,90.0,RUNNING
2024-02-29 02:00:00,ZONE_B01,16.0,47.8,-20.4,493.0,770.0,15.0,90.0,RUNNING
2024-02-29 02:00:00,ZONE_B02,14.4,41.7,-23.7,395.0,770.0,15.0,90.0,RUNNING
2024-02-29 03:00:00,ZONE_M01,14.8,40.2,-23.6,432.0,770.0,15.0,90.0,RUNNING
2024-02-29 03:00:00,ZONE_M02,15.6,36.1,-25.2,486.0,770.0,15.0,90.0,RUNNING
2024-02-29 03:00:00,ZONE_M03,16.0,38.7,-23.6,409.0,770.0,15.0,90.0,RUNNING
2024-02-29 03:00:00,ZONE_B01,15.7,36.1,-20.8,505.0,770.0,15.0,90.0,RUNNING
2024-02-29 03:00:00,ZONE_B02,15.7,40.4,-20.6,484.0,770.0,15.0,90.0,RUNNING
2024-02-29 04:00:00,ZONE_M01,16.3,40.2,-19.5,475.0,770.0,15.0,90.0,RUNNING
2024-02-29 04:00:00,ZONE_M02,15.0,44.7,-26.0,495.0,770.0,15.0,90.0,RUNNING
2024-02-29 04:00:00,ZONE_M03,16.7,35.1,-22.9,460.0,770.0,15.0,90.0,RUNNING
2024-02-29 04:00:00,ZONE_B01,17.0,43.7,-20.0,483.0,770.0,15.0,90.0,RUNNING
2024-02-29 04:00:00,ZONE_B02,16.9,40.2,-22.8,538.0,770.0,15.0,90.0,RUNNING
2024-02-29 05:00:00,ZONE_M01,15.7,44.6,-22.9,529.0,770.0,15.0,90.0,RUNNING
2024-02-29 05:00:00,ZONE_M02,16.2,40.0,-23.9,447.0,770.0,15.0,90.0,RUNNING
2024-02-29 05:00:00,ZONE_M03,16.3,45.6,-21.2,502.0,770.0,15.0,90.0,RUNNING
2024-02-29 05:00:00,ZONE_B01,15.1,36.7,-23.1,486.0,770.0,15.0,90.0,RUNNING
2024-02-29 05:00:00,ZONE_B02,16.1,37.7,-20.5,461.0,770.0,15.0,90.0,RUNNING
2024-02-29 06:00:00,ZONE_M01,19.5,60.0,-22.6,815.0,770.0,15.0,90.0,RUNNING
2024-02-29 06:00:00,ZONE_M02,19.6,60.0,-22.1,793.0,770.0,15.0,90.0,RUNNING
2024-02-29 06:00:00,ZONE_M03,20.5,51.5,-22.8,591.0,770.0,15.0,90.0,RUNNING
2024-02-29 06:00:00,ZONE_B01,19.7,57.8,-26.7,712.0,770.0,15.0,90.0,RUNNING
2024-02-29 06:00:00,ZONE_B02,20.0,56.6,-20.7,741.0,770.0,15.0,90.0,RUNNING
2024-02-29 07:00:00,ZONE_M01,20.6,60.0,-22.9,860.0,770.0,15.0,90.0,RUNNING
2024-02-29 07:00:00,ZONE_M02,19.6,51.8,-23.0,696.0,770.0,15.0,90.0,RUNNING
2024-02-29 07:00:00,ZONE_M03,20.4,60.0,-23.3,903.0,770.0,15.0,90.0,RUNNING
2024-02-29 07:00:00,ZONE_B01,19.9,60.0,-24.9,833.0,770.0,15.0,90.0,RUNNING
2024-02-29 07:00:00,ZONE_B02,19.5,52.7,-23.2,700.0,770.0,15.0,90.0,RUNNING
2024-02-29 08:00:00,ZONE_M01,19.6,54.6,-25.3,696.0,770.0,15.0,90.0,RUNNING
2024-02-29 08:00:00,ZONE_M02,19.5,60.0,-24.5,846.0,770.0,15.0,90.0,RUNNING
2024-02-29 08:00:00,ZONE_M03,19.6,42.2,-21.0,525.0,770.0,15.0,90.0,RUNNING
2024-02-29 08:00:00,ZONE_B01,19.8,60.0,-26.6,947.0,770.0,15.0,90.0,RUNNING
2024-02-29 08:00:00,ZONE_B02,19.7,55.7,-25.0,578.0,770.0,15.0,90.0,RUNNING
2024-02-29 09:00:00,ZONE_M01,20.5,53.1,-24.3,703.0,770.0,15.0,90.0,RUNNING
2024-02-29 09:00:00,ZONE_M02,20.8,60.0,-20.1,1003.0,770.0,15.0,90.0,RUNNING
2024-02-29 09:00:00,ZONE_M03,20.4,60.0,-24.1,765.0,770.0,15.0,90.0,RUNNING
2024-02-29 09:00:00,ZONE_B01,20.0,48.3,-19.6,634.0,770.0,15.0,90.0,RUNNING
2024-02-29 09:00:00,ZONE_B02,19.1,59.5,-25.0,739.0,770.0,15.0,90.0,RUNNING
2024-02-29 10:00:00,ZONE_M01,20.2,57.3,-23.9,711.0,770.0,15.0,90.0,RUNNING
2024-02-29 10:00:00,ZONE_M02,20.0,55.7,-22.9,769.0,770.0,15.0,90.0,RUNNING
2024-02-29 10:00:00,ZONE_M03,19.2,58.4,-24.1,716.0,770.0,15.0,90.0,RUNNING
2024-02-29 10:00:00,ZONE_B01,20.3,60.0,-21.7,872.0,770.0,15.0,90.0,RUNNING
2024-02-29 10:00:00,ZONE_B02,20.4,49.6,-22.0,628.0,770.0,15.0,90.0,RUNNING
2024-02-29 11:00:00,ZONE_M01,20.1,58.4,-25.2,790.0,770.0,15.0,90.0,RUNNING
2024-02-29 11:00:00,ZONE_M02,20.7,60.0,-23.8,861.0,770.0,15.0,90.0,RUNNING
2024-02-29 11:00:00,ZONE_M03,20.3,55.7,-19.3,730.0,770.0,15.0,90.0,RUNNING
2024-02-29 11:00:00,ZONE_B01,20.1,60.0,-22.1,815.0,770.0,15.0,90.0,RUNNING
2024-02-29 11:00:00,ZONE_B02,21.1,56.6,-22.8,734.0,770.0,15.0,90.0,RUNNING
2024-02-29 12:00:00,ZONE_M01,19.8,60.0,-19.9,795.0,770.0,15.0,90.0,RUNNING
2024-02-29 12:00:00,ZONE_M02,20.1,57.4,-21.1,734.0,770.0,15.0,90.0,RUNNING
2024-02-29 12:00:00,ZONE_M03,19.9,43.8,-25.6,610.0,770.0,15.0,90.0,RUNNING
2024-02-29 12:00:00,ZONE_B01,19.4,60.0,-21.7,819.0,770.0,15.0,90.0,RUNNING
2024-02-29 12:00:00,ZONE_B02,19.7,59.0,-22.3,711.0,770.0,15.0,90.0,RUNNING
2024-02-29 13:00:00,ZONE_M01,19.2,60.0,-21.1,834.0,770.0,15.0,90.0,RUNNING
2024-02-29 13:00:00,ZONE_M02,20.3,60.0,-24.3,814.0,770.0,15.0,90.0,RUNNING
2024-02-29 13:00:00,ZONE_M03,20.3,60.0,-24.5,775.0,770.0,15.0,90.0,RUNNING
2024-02-29 13:00:00,ZONE_B01,19.6,60.0,-23.2,792.0,770.0,15.0,90.0,RUNNING
2024-02-29 13:00:00,ZONE_B02,19.9,59.1,-25.6,690.0,770.0,15.0,90.0,RUNNING
2024-02-29 14:00:00,ZONE_M01,20.5,52.2,-27.4,706.0,770.0,15.0,90.0,RUNNING
2024-02-29 14:00:00,ZONE_M02,19.8,58.6,-18.8,785.0,770.0,15.0,90.0,RUNNING
2024-02-29 14:00:00,ZONE_M03,19.9,54.8,-20.9,665.0,770.0,15.0,90.0,RUNNING
2024-02-29 14:00:00,ZONE_B01,18.3,48.6,-18.6,584.0,770.0,15.0,90.0,RUNNING
2024-02-29 14:00:00,ZONE_B02,20.0,57.3,-24.6,769.0,770.0,15.0,90.0,RUNNING
2024-02-29 15:00:00,ZONE_M01,20.2,55.5,-22.9,724.0,770.0,15.0,90.0,RUNNING
2024-02-29 15:00:00,ZONE_M02,20.3,52.3,-19.3,695.0,770.0,15.0,90.0,RUNNING
2024-02-29 15:00:00,ZONE_M03,20.2,50.9,-22.0,740.0,770.0,15.0,90.0,RUNNING
2024-02-29 15:00:00,ZONE_B01,19.4,51.8,-23.9,641.0,770.0,15.0,90.0,RUNNING
2024-02-29 15:00:00,ZONE_B02,20.5,60.0,-23.5,773.0,770.0,15.0,90.0,RUNNING
2024-02-29 16:00:00,ZONE_M01,20.1,45.5,-24.9,563.0,770.0,15.0,90.0,RUNNING
2024-02-29 16:00:00,ZONE_M02,20.3,60.0,-21.0,808.0,770.0,15.0,90.0,RUNNING
2024-02-29 16:00:00,ZONE_M03,19.7,57.3,-21.5,797.0,770.0,15.0,90.0,RUNNING
2024-02-29 16:00:00,ZONE_B01,19.8,56.6,-21.7,836.0,770.0,15.0,90.0,RUNNING
2024-02-29 16:00:00,ZONE_B02,19.9,60.0,-23.6,839.0,770.0,15.0,90.0,RUNNING
2024-02-29 17:00:00,ZONE_M01,19.3,59.5,-23.7,693.0,770.0,15.0,90.0,RUNNING
2024-02-29 17:00:00,ZONE_M02,18.6,50.9,-24.8,724.0,770.0,15.0,90.0,RUNNING
2024-02-29 17:00:00,ZONE_M03,19.2,56.0,-22.9,723.0,770.0,15.0,90.0,RUNNING
2024-02-29 17:00:00,ZONE_B01,18.9,54.9,-24.9,655.0,770.0,15.0,90.0,RUNNING
2024-02-29 17:00:00,ZONE_B02,19.9,60.0,-18.7,798.0,770.0,15.0,90.0,RUNNING
2024-02-29 18:00:00,ZONE_M01,19.5,51.0,-25.0,616.0,770.0,15.0,90.0,RUNNING
2024-02-29 18:00:00,ZONE_M02,19.6,60.0,-20.2,899.0,770.0,15.0,90.0,RUNNING
2024-02-29 18:00:00,ZONE_M03,20.3,60.0,-22.0,770.0,770.0,15.0,90.0,RUNNING
2024-02-29 18:00:00,ZONE_B01,20.3,60.0,-23.8,791.0,770.0,15.0,90.0,RUNNING
2024-02-29 18:00:00,ZONE_B02,19.8,52.3,-22.3,733.0,770.0,15.0,90.0,RUNNING
2024-02-29 19:00:00,ZONE_M01,19.5,58.9,-23.0,715.0,770.0,15.0,90.0,RUNNING
2024-02-29 19:00:00,ZONE_M02,20.2,56.2,-22.7,723.0,770.0,15.0,90.0,RUNNING
2024-02-29 19:00:00,ZONE_M03,20.6,51.1,-22.4,704.0,770.0,15.0,90.0,RUNNING
2024-02-29 19:00:00,ZONE_B01,19.9,60.0,-20.2,857.0,770.0,15.0,90.0,RUNNING
2024-02-29 19:00:00,ZONE_B02,20.1,50.5,-20.8,574.0,770.0,15.0,90.0,RUNNING
2024-02-29 20:00:00,ZONE_M01,20.2,58.8,-23.7,725.0,770.0,15.0,90.0,RUNNING
2024-02-29 20:00:00,ZONE_M02,20.4,60.0,-24.7,769.0,770.0,15.0,90.0,RUNNING
2024-02-29 20:00:00,ZONE_M03,19.2,60.0,-24.7,742.0,770.0,15.0,90.0,RUNNING
2024-02-29 20:00:00,ZONE_B01,20.4,58.2,-23.6,704.0,770.0,15.0,90.0,RUNNING
2024-02-29 20:00:00,ZONE_B02,19.9,60.0,-21.1,862.0,770.0,15.0,90.0,RUNNING
2024-02-29 21:00:00,ZONE_M01,20.5,60.0,-26.2,885.0,770.0,15.0,90.0,RUNNING
2024-02-29 21:00:00,ZONE_M02,19.3,60.0,-22.9,779.0,770.0,15.0,90.0,RUNNING
2024-02-29 21:00:00,ZONE_M03,20.7,56.4,-26.4,705.0,770.0,15.0,90.0,RUNNING
2024-02-29 21:00:00,ZONE_B01,20.6,48.5,-24.8,671.0,770.0,15.0,90.0,RUNNING
2024-02-29 21:00:00,ZONE_B02,19.3,60.0,-24.9,799.0,770.0,15.0,90.0,RUNNING
2024-02-29 22:00:00,ZONE_M01,20.1,58.6,-21.9,739.0,770.0,15.0,90.0,RUNNING
2024-02-29 22:00:00,ZONE_M02,20.3,53.4,-20.7,695.0,770.0,15.0,90.0,RUNNING
2024-02-29 22:00:00,ZONE_M03,20.1,56.0,-23.8,607.0,770.0,15.0,90.0,RUNNING
2024-02-29 22:00:00,ZONE_B01,20.7,60.0,-25.2,795.0,770.0,15.0,90.0,RUNNING
2024-02-29 22:00:00,ZONE_B02,20.5,52.4,-20.5,654.0,770.0,15.0,90.0,RUNNING
2024-02-29 23:00:00,ZONE_M01,15.9,41.1,-22.6,450.0,770.0,15.0,90.0,RUNNING
2024-02-29 23:00:00,ZONE_M02,16.1,37.7,-24.6,456.0,770.0,15.0,90.0,RUNNING
2024-02-29 23:00:00,ZONE_M03,15.6,42.1,-20.1,520.0,770.0,15.0,90.0,RUNNING
2024-02-29 23:00:00,ZONE_B01,15.5,35.4,-23.8,467.0,770.0,15.0,90.0,RUNNING
2024-02-29 23:00:00,ZONE_B02,16.3,41.9,-24.3,520.0,770.0,15.0,90.0,RUNNING
2024-03-01 00:00:00,ZONE_M01,16.2,28.3,-24.2,415.0,770.0,15.0,90.0,RUNNING
2024-03-01 00:00:00,ZONE_M02,15.4,34.2,-24.3,411.0,770.0,15.0,90.0,RUNNING
2024-03-01 00:00:00,ZONE_M03,16.0,40.5,-20.2,443.0,770.0,15.0,90.0,RUNNING
2024-03-01 00:00:00,ZONE_B01,16.2,37.9,-27.1,462.0,770.0,15.0,90.0,RUNNING
2024-03-01 00:00:00,ZONE_B02,17.1,41.3,-25.3,485.0,770.0,15.0,90.0,RUNNING
2024-03-01 01:00:00,ZONE_M01,16.4,37.3,-21.9,406.0,770.0,15.0,90.0,RUNNING
2024-03-01 01:00:00,ZONE_M02,16.4,37.3,-24.6,489.0,770.0,15.0,90.0,RUNNING
2024-03-01 01:00:00,ZONE_M03,15.6,37.5,-23.8,406.0,770.0,15.0,90.0,RUNNING
2024-03-01 01:00:00,ZONE_B01,16.1,42.1,-26.3,510.0,770.0,15.0,90.0,RUNNING
2024-03-01 01:00:00,ZONE_B02,15.2,40.3,-24.7,490.0,770.0,15.0,90.0,RUNNING
2024-03-01 02:00:00,ZONE_M01,16.5,36.3,-24.0,462.0,770.0,15.0,90.0,RUNNING
2024-03-01 02:00:00,ZONE_M02,15.4,33.4,-23.9,463.0,770.0,15.0,90.0,RUNNING
2024-03-01 02:00:00,ZONE_M03,16.4,35.3,-26.0,493.0,770.0,15.0,90.0,RUNNING
2024-03-01 02:00:00,ZONE_B01,16.4,38.0,-22.5,435.0,770.0,15.0,90.0,RUNNING
2024-03-01 02:00:00,ZONE_B02,16.3,46.3,-25.3,478.0,770.0,15.0,90.0,RUNNING
2024-03-01 03:00:00,ZONE_M01,16.0,37.6,-21.8,475.0,770.0,15.0,90.0,RUNNING
2024-03-01 03:00:00,ZONE_M02,15.2,39.5,-22.8,474.0,770.0,15.0,90.0,RUNNING
2024-03-01 03:00:00,ZONE_M03,16.8,33.0,-21.6,429.0,770.0,15.0,90.0,RUNNING
2024-03-01 03:00:00,ZONE_B01,16.4,40.9,-23.4,503.0,770.0,15.0,90.0,RUNNING
2024-03-01 03:00:00,ZONE_B02,15.9,40.9,-18.8,462.0,770.0,15.0,90.0,RUNNING
2024-03-01 04:00:00,ZONE_M01,16.0,41.8,-23.3,514.0,770.0,15.0,90.0,RUNNING
2024-03-01 04:00:00,ZONE_M02,16.6,40.8,-23.4,482.0,770.0,15.0,90.0,RUNNING
2024-03-01 04:00:00,ZONE_M03,17.2,45.9,-24.4,494.0,770.0,15.0,90.0,RUNNING
2024-03-01 04:00:00,ZONE_B01,16.1,40.9,-21.4,474.0,770.0,15.0,90.0,RUNNING
2024-03-01 04:00:00,ZONE_B02,16.8,39.1,-23.6,460.0,770.0,15.0,90.0,RUNNING
2024-03-01 05:00:00,ZONE_M01,16.2,46.8,-23.3,482.0,770.0,15.0,90.0,RUNNING
2024-03-01 05:00:00,ZONE_M02,16.7,36.7,-25.0,455.0,770.0,15.0,90.0,RUNNING
2024-03-01 05:00:00,ZONE_M03,15.8,42.7,-20.0,504.0,770.0,15.0,90.0,RUNNING
2024-03-01 05:00:00,ZONE_B01,15.6,40.1,-23.8,510.0,770.0,15.0,90.0,RUNNING
2024-03-01 05:00:00,ZONE_B02,16.1,45.6,-19.4,505.0,770.0,15.0,90.0,RUNNING
2024-03-01 06:00:00,ZONE_M01,21.1,57.5,-21.8,761.0,770.0,15.0,90.0,RUNNING
2024-03-01 06:00:00,ZONE_M02,20.3,60.0,-25.7,780.0,770.0,15.0,90.0,RUNNING
2024-03-01 06:00:00,ZONE_M03,20.0,60.0,-22.7,790.0,770.0,15.0,90.0,RUNNING
2024-03-01 06:00:00,ZONE_B01,19.9,59.1,-23.3,789.0,770.0,15.0,90.0,RUNNING
2024-03-01 06:00:00,ZONE_B02,19.4,60.0,-22.6,725.0,770.0,15.0,90.0,RUNNING
2024-03-01 07:00:00,ZONE_M01,19.7,45.5,-25.0,581.0,770.0,15.0,90.0,RUNNING
2024-03-01 07:00:00,ZONE_M02,20.1,52.2,-19.6,697.0,770.0,15.0,90.0,RUNNING
2024-03-01 07:00:00,ZONE_M03,19.5,60.0,-22.6,837.0,770.0,15.0,90.0,RUNNING
2024-03-01 07:00:00,ZONE_B01,20.5,44.4,-19.4,501.0,770.0,15.0,90.0,RUNNING
2024-03-01 07:00:00,ZONE_B02,20.3,45.7,-21.6,599.0,770.0,15.0,90.0,RUNNING
2024-03-01 08:00:00,ZONE_M01,20.2,59.2,-22.5,764.0,770.0,15.0,90.0,RUNNING
2024-03-01 08:00:00,ZONE_M02,20.0,60.0,-22.0,768.0,770.0,15.0,90.0,RUNNING
2024-03-01 08:00:00,ZONE_M03,20.2,60.0,-22.3,896.0,770.0,15.0,90.0,RUNNING
2024-03-01 08:00:00,ZONE_B01,20.1,60.0,-24.0,829.0,770.0,15.0,90.0,RUNNING
2024-03-01 08:00:00,ZONE_B02,20.3,53.8,-22.4,706.0,770.0,15.0,90.0,RUNNING
2024-03-01 09:00:00,ZONE_M01,20.0,60.0,-23.4,849.0,770.0,15.0,90.0,RUNNING
2024-03-01 09:00:00,ZONE_M02,19.6,50.5,-26.7,698.0,770.0,15.0,90.0,RUNNING
2024-03-01 09:00:00,ZONE_M03,21.1,59.1,-22.5,725.0,770.0,15.0,90.0,RUNNING
2024-03-01 09:00:00,ZONE_B01,20.9,57.2,-25.4,718.0,770.0,15.0,90.0,RUNNING
2024-03-01 09:00:00,ZONE_B02,20.3,52.2,-23.0,700.0,770.0,15.0,90.0,RUNNING
2024-03-01 10:00:00,ZONE_M01,19.2,60.0,-23.9,652.0,770.0,15.0,90.0,RUNNING
2024-03-01 10:00:00,ZONE_M02,19.7,43.5,-23.3,582.0,770.0,15.0,90.0,RUNNING
2024-03-01 10:00:00,ZONE_M03,19.7,60.0,-19.2,706.0,770.0,15.0,90.0,RUNNING
2024-03-01 10:00:00,ZONE_B01,20.5,60.0,-20.8,759.0,770.0,15.0,90.0,RUNNING
2024-03-01 10:00:00,ZONE_B02,20.5,54.5,-24.3,704.0,770.0,15.0,90.0,RUNNING
2024-03-01 11:00:00,ZONE_M01,19.6,58.8,-22.9,764.0,770.0,15.0,90.0,RUNNING
2024-03-01 11:00:00,ZONE_M02,19.5,60.0,-26.7,716.0,770.0,15.0,90.0,RUNNING
2024-03-01 11:00:00,ZONE_M03,20.6,60.0,-22.9,853.0,770.0,15.0,90.0,RUNNING
2024-03-01 11:00:00,ZONE_B01,20.2,60.0,-21.6,826.0,770.0,15.0,90.0,RUNNING
2024-03-01 11:00:00,ZONE_B02,20.1,47.5,-22.6,588.0,770.0,15.0,90.0,RUNNING
2024-03-01 12:00:00,ZONE_M01,20.3,60.0,-22.6,895.0,770.0,15.0,90.0,RUNNING
2024-03-01 12:00:00,ZONE_M02,20.7,49.9,-25.0,618.0,770.0,15.0,90.0,RUNNING
2024-03-01 12:00:00,ZONE_M03,21.0,60.0,-24.0,857.0,770.0,15.0,90.0,RUNNING
2024-03-01 12:00:00,ZONE_B01,20.1,60.0,-25.9,792.0,770.0,15.0,90.0,RUNNING
2024-03-01 12:00:00,ZONE_B02,20.3,60.0,-23.5,685.0,770.0,15.0,90.0,RUNNING
2024-03-01 13:00:00,ZONE_M01,20.1,45.8,-23.8,590.0,770.0,15.0,90.0,RUNNING
2024-03-01 13:00:00,ZONE_M02,21.0,53.7,-21.7,709.0,770.0,15.0,90.0,RUNNING
2024-03-01 13:00:00,ZONE_M03,20.1,56.1,-27.0,729.0,770.0,15.0,90.0,RUNNING
2024-03-01 13:00:00,ZONE_B01,19.1,60.0,-21.6,811.0,770.0,15.0,90.0,RUNNING
2024-03-01 13:00:00,ZONE_B02,20.0,52.9,-22.1,629.0,770.0,15.0,90.0,RUNNING
2024-03-01 14:00:00,ZONE_M01,20.3,59.2,-23.5,747.0,770.0,15.0,90.0,RUNNING
2024-03-01 14:00:00,ZONE_M02,20.9,60.0,-22.1,768.0,770.0,15.0,90.0,RUNNING
2024-03-01 14:00:00,ZONE_M03,18.8,49.9,-25.1,702.0,770.0,15.0,90.0,RUNNING
2024-03-01 14:00:00,ZONE_B01,20.0,60.0,-25.3,878.0,770.0,15.0,90.0,RUNNING
2024-03-01 14:00:00,ZONE_B02,20.3,57.8,-24.4,749.0,770.0,15.0,90.0,RUNNING
2024-03-01 15:00:00,ZONE_M01,19.7,46.0,-23.7,596.0,770.0,15.0,90.0,RUNNING
2024-03-01 15:00:00,ZONE_M02,20.0,48.3,-25.5,524.0,770.0,15.0,90.0,RUNNING
2024-03-01 15:00:00,ZONE_M03,20.0,54.6,-25.5,658.0,770.0,15.0,90.0,RUNNING
2024-03-01 15:00:00,ZONE_B01,19.8,60.0,-26.0,804.0,770.0,15.0,90.0,RUNNING
2024-03-01 15:00:00,ZONE_B02,19.5,54.6,-24.0,733.0,770.0,15.0,90.0,RUNNING
2024-03-01 16:00:00,ZONE_M01,19.9,60.0,-22.0,850.0,770.0,15.0,90.0,RUNNING
2024-03-01 16:00:00,ZONE_M02,19.8,60.0,-23.4,900.0,770.0,15.0,90.0,RUNNING
2024-03-01 16:00:00,ZONE_M03,19.8,60.0,-26.4,916.0,770.0,15.0,90.0,RUNNING
2024-03-01 16:00:00,ZONE_B01,19.3,60.0,-22.3,819.0,770.0,15.0,90.0,RUNNING
2024-03-01 16:00:00,ZONE_B02,19.5,60.0,-24.4,775.0,770.0,15.0,90.0,RUNNING
2024-03-01 17:00:00,ZONE_M01,19.4,60.0,-23.8,817.0,770.0,15.0,90.0,RUNNING
2024-03-01 17:00:00,ZONE_M02,19.8,55.2,-24.7,678.0,770.0,15.0,90.0,RUNNING
2024-03-01 17:00:00,ZONE_M03,21.0,50.7,-24.2,732.0,770.0,15.0,90.0,RUNNING
2024-03-01 17:00:00,ZONE_B01,19.7,60.0,-24.0,890.0,770.0,15.0,90.0,RUNNING
2024-03-01 17:00:00,ZONE_B02,20.5,59.8,-23.1,786.0,770.0,15.0,90.0,RUNNING
2024-03-01 18:00:00,ZONE_M01,20.5,54.2,-22.4,665.0,770.0,15.0,90.0,RUNNING
2024-03-01 18:00:00,ZONE_M02,20.7,53.8,-23.7,720.0,770.0,15.0,90.0,RUNNING
2024-03-01 18:00:00,ZONE_M03,20.8,60.0,-23.3,856.0,770.0,15.0,90.0,RUNNING
2024-03-01 18:00:00,ZONE_B01,20.1,53.2,-29.0,696.0,770.0,15.0,90.0,RUNNING
2024-03-01 18:00:00,ZONE_B02,20.2,54.3,-23.7,750.0,770.0,15.0,90.0,RUNNING
2024-03-01 19:00:00,ZONE_M01,20.2,56.8,-24.2,754.0,770.0,15.0,90.0,RUNNING
2024-03-01 19:00:00,ZONE_M02,19.4,60.0,-24.3,812.0,770.0,15.0,90.0,RUNNING
2024-03-01 19:00:00,ZONE_M03,20.1,49.8,-24.8,623.0,770.0,15.0,90.0,RUNNING
2024-03-01 19:00:00,ZONE_B01,19.6,46.9,-24.4,625.0,770.0,15.0,90.0,RUNNING
2024-03-01 19:00:00,ZONE_B02,20.5,59.0,-26.8,774.0,770.0,15.0,90.0,RUNNING
2024-03-01 20:00:00,ZONE_M01,19.7,60.0,-19.5,909.0,770.0,15.0,90.0,RUNNING
2024-03-01 20:00:00,ZONE_M02,18.6,60.0,-21.8,744.0,770.0,15.0,90.0,RUNNING
2024-03-01 20:00:00,ZONE_M03,19.9,48.1,-22.3,582.0,770.0,15.0,90.0,RUNNING
2024-03-01 20:00:00,ZONE_B01,20.1,53.9,-22.1,670.0,770.0,15.0,90.0,RUNNING
2024-03-01 20:00:00,ZONE_B02,20.8,60.0,-25.9,714.0,770.0,15.0,90.0,RUNNING
2024-03-01 21:00:00,ZONE_M01,20.1,60.0,-23.2,859.0,770.0,15.0,90.0,RUNNING
2024-03-01 21:00:00,ZONE_M02,20.8,54.3,-24.0,728.0,770.0,15.0,90.0,RUNNING
2024-03-01 21:00:00,ZONE_M03,19.0,60.0,-20.9,782.0,770.0,15.0,90.0,RUNNING
2024-03-01 21:00:00,ZONE_B01,19.8,60.0,-21.0,739.0,770.0,15.0,90.0,RUNNING
2024-03-01 21:00:00,ZONE_B02,19.9,59.2,-27.7,658.0,770.0,15.0,90.0,RUNNING
2024-03-01 22:00:00,ZONE_M01,19.4,58.2,-21.6,691.0,770.0,15.0,90.0,RUNNING
2024-03-01 22:00:00,ZONE_M02,21.4,60.0,-22.7,813.0,770.0,15.0,90.0,RUNNING
2024-03-01 22:00:00,ZONE_M03,20.1,53.1,-24.6,711.0,770.0,15.0,90.0,RUNNING
2024-03-01 22:00:00,ZONE_B01,19.9,60.0,-22.7,746.0,770.0,15.0,90.0,RUNNING
2024-03-01 22:00:00,ZONE_B02,20.0,60.0,-22.5,885.0,770.0,15.0,90.0,RUNNING
2024-03-01 23:00:00,ZONE_M01,15.7,38.9,-24.6,506.0,770.0,15.0,90.0,RUNNING
2024-03-01 23:00:00,ZONE_M02,16.3,40.2,-23.5,508.0,770.0,15.0,90.0,RUNNING
2024-03-01 23:00:00,ZONE_M03,16.0,42.5,-24.2,497.0,770.0,15.0,90.0,RUNNING
2024-03-01 23:00:00,ZONE_B01,16.3,39.5,-22.3,485.0,770.0,15.0,90.0,RUNNING
2024-03-01 23:00:00,ZONE_B02,15.7,36.1,-23.9,435.0,770.0,15.0,90.0,RUNNING
2024-03-02 00:00:00,ZONE_M01,15.1,39.5,-21.4,424.0,770.0,15.0,90.0,RUNNING
2024-03-02 00:00:00,ZONE_M02,15.5,34.2,-28.8,432.0,770.0,15.0,90.0,RUNNING
2024-03-02 00:00:00,ZONE_M03,16.7,44.3,-24.6,485.0,770.0,15.0,90.0,RUNNING
2024-03-02 00:00:00,ZONE_B01,15.5,37.5,-22.3,410.0,770.0,15.0,90.0,RUNNING
2024-03-02 00:00:00,ZONE_B02,15.7,44.3,-20.9,513.0,770.0,15.0,90.0,RUNNING
2024-03-02 01:00:00,ZONE_M01,15.3,39.6,-20.4,492.0,770.0,15.0,90.0,RUNNING
2024-03-02 01:00:00,ZONE_M02,15.2,38.3,-21.2,465.0,770.0,15.0,90.0,RUNNING
2024-03-02 01:00:00,ZONE_M03,16.2,41.8,-23.6,481.0,770.0,15.0,90.0,RUNNING
2024-03-02 01:00:00,ZONE_B01,15.8,41.0,-23.0,476.0,770.0,15.0,90.0,RUNNING
2024-03-02 01:00:00,ZONE_B02,15.9,35.3,-23.9,493.0,770.0,15.0,90.0,RUNNING
2024-03-02 02:00:00,ZONE_M01,16.0,40.1,-23.0,440.0,770.0,15.0,90.0,RUNNING
2024-03-02 02:00:00,ZONE_M02,16.2,40.4,-23.9,467.0,770.0,15.0,90.0,RUNNING
2024-03-02 02:00:00,ZONE_M03,16.7,37.7,-25.6,434.0,770.0,15.0,90.0,RUNNING
2024-03-02 02:00:00,ZONE_B01,16.6,42.4,-24.6,505.0,770.0,15.0,90.0,RUNNING
2024-03-02 02:00:00,ZONE_B02,15.8,39.8,-21.3,423.0,770.0,15.0,90.0,RUNNING
2024-03-02 03:00:00,ZONE_M01,15.5,37.1,-23.1,468.0,770.0,15.0,90.0,RUNNING
2024-03-02 03:00:00,ZONE_M02,16.0,43.6,-23.6,474.0,770.0,15.0,90.0,RUNNING
2024-03-02 03:00:00,ZONE_M03,15.6,43.7,-23.2,434.0,770.0,15.0,90.0,RUNNING
2024-03-02 03:00:00,ZONE_B01,15.2,33.4,-21.1,376.0,770.0,15.0,90.0,RUNNING
2024-03-02 03:00:00,ZONE_B02,16.1,40.7,-24.1,519.0,770.0,15.0,90.0,RUNNING
2024-03-02 04:00:00,ZONE_M01,15.7,38.0,-26.6,481.0,770.0,15.0,90.0,RUNNING
2024-03-02 04:00:00,ZONE_M02,16.0,34.1,-21.4,497.0,770.0,15.0,90.0,RUNNING
2024-03-02 04:00:00,ZONE_M03,16.3,42.3,-21.6,459.0,770.0,15.0,90.0,RUNNING
2024-03-02 04:00:00,ZONE_B01,16.9,40.9,-24.8,526.0,770.0,15.0,90.0,RUNNING
2024-03-02 04:00:00,ZONE_B02,15.5,38.1,-25.2,484.0,770.0,15.0,90.0,RUNNING
2024-03-02 05:00:00,ZONE_M01,15.2,34.7,-25.8,420.0,770.0,15.0,90.0,RUNNING
2024-03-02 05:00:00,ZONE_M02,16.4,35.7,-21.9,419.0,770.0,15.0,90.0,RUNNING
2024-03-02 05:00:00,ZONE_M03,15.6,43.6,-24.6,457.0,770.0,15.0,90.0,RUNNING
2024-03-02 05:00:00,ZONE_B01,15.8,46.7,-22.5,511.0,770.0,15.0,90.0,RUNNING
2024-03-02 05:00:00,ZONE_B02,15.9,46.6,-24.1,565.0,770.0,15.0,90.0,RUNNING
2024-03-02 06:00:00,ZONE_M01,20.2,51.9,-21.2,685.0,770.0,15.0,90.0,RUNNING
2024-03-02 06:00:00,ZONE_M02,20.1,59.2,-24.3,756.0,770.0,15.0,90.0,RUNNING
2024-03-02 06:00:00,ZONE_M03,20.0,60.0,-22.5,964.0,770.0,15.0,90.0,RUNNING
2024-03-02 06:00:00,ZONE_B01,20.2,60.0,-22.7,765.0,770.0,15.0,90.0,RUNNING
2024-03-02 06:00:00,ZONE_B02,20.6,60.0,-21.2,849.0,770.0,15.0,90.0,RUNNING
2024-03-02 07:00:00,ZONE_M01,19.9,53.4,-25.8,590.0,770.0,15.0,90.0,RUNNING
2024-03-02 07:00:00,ZONE_M02,19.8,57.0,-25.4,719.0,770.0,15.0,90.0,RUNNING
2024-03-02 07:00:00,ZONE_M03,20.5,50.0,-21.5,658.0,770.0,15.0,90.0,RUNNING
2024-03-02 07:00:00,ZONE_B01,19.6,55.4,-23.4,627.0,770.0,15.0,90.0,RUNNING
2024-03-02 07:00:00,ZONE_B02,20.6,54.7,-23.5,703.0,770.0,15.0,90.0,RUNNING
2024-03-02 08:00:00,ZONE_M01,20.2,60.0,-24.4,882.0,770.0,15.0,90.0,RUNNING
2024-03-02 08:00:00,ZONE_M02,20.6,59.0,-24.3,693.0,770.0,15.0,90.0,RUNNING
2024-03-02 08:00:00,ZONE_M03,20.0,48.7,-22.2,659.0,770.0,15.0,90.0,RUNNING
2024-03-02 08:00:00,ZONE_B01,20.3,60.0,-23.8,853.0,770.0,15.0,90.0,RUNNING
2024-03-02 08:00:00,ZONE_B02,19.5,47.4,-23.8,629.0,770.0,15.0,90.0,RUNNING
2024-03-02 09:00:00,ZONE_M01,20.1,60.0,-21.0,767.0,770.0,15.0,90.0,RUNNING
2024-03-02 09:00:00,ZONE_M02,20.0,57.6,-26.6,764.0,770.0,15.0,90.0,RUNNING
2024-03-02 09:00:00,ZONE_M03,19.5,59.6,-25.9,807.0,770.0,15.0,90.0,RUNNING
2024-03-02 09:00:00,ZONE_B01,19.3,50.4,-22.5,608.0,770.0,15.0,90.0,RUNNING
2024-03-02 09:00:00,ZONE_B02,20.3,54.0,-21.5,758.0,770.0,15.0,90.0,RUNNING
2024-03-02 10:00:00,ZONE_M01,19.6,60.0,-27.3,744.0,770.0,15.0,90.0,RUNNING
2024-03-02 10:00:00,ZONE_M02,19.5,42.1,-23.1,576.0,770.0,15.0,90.0,RUNNING
2024-03-02 10:00:00,ZONE_M03,18.8,52.1,-18.9,624.0,770.0,15.0,90.0,RUNNING
2024-03-02 10:00:00,ZONE_B01,20.1,59.6,-23.7,680.0,770.0,15.0,90.0,RUNNING
2024-03-02 10:00:00,ZONE_B02,20.3,57.5,-21.9,773.0,770.0,15.0,90.0,RUNNING
2024-03-02 11:00:00,ZONE_M01,19.7,60.0,-20.8,868.0,770.0,15.0,90.0,RUNNING
2024-03-02 11:00:00,ZONE_M02,20.3,60.0,-22.5,826.0,770.0,15.0,90.0,RUNNING
2024-03-02 11:00:00,ZONE_M03,19.8,59.8,-24.4,800.0,770.0,15.0,90.0,RUNNING
2024-03-02 11:00:00,ZONE_B01,20.6,53.6,-23.9,674.0,770.0,15.0,90.0,RUNNING
2024-03-02 11:00:00,ZONE_B02,19.5,60.0,-22.7,809.0,770.0,15.0,90.0,RUNNING
2024-03-02 12:00:00,ZONE_M01,19.2,53.9,-21.9,714.0,770.0,15.0,90.0,RUNNING
2024-03-02 12:00:00,ZONE_M02,19.4,54.3,-23.2,695.0,770.0,15.0,90.0,RUNNING
2024-03-02 12:00:00,ZONE_M03,20.1,58.6,-24.7,814.0,770.0,15.0,90.0,RUNNING
2024-03-02 12:00:00,ZONE_B01,19.9,60.0,-19.8,746.0,770.0,15.0,90.0,RUNNING
2024-03-02 12:00:00,ZONE_B02,20.8,60.0,-24.2,819.0,770.0,15.0,90.0,RUNNING
2024-03-02 13:00:00,ZONE_M01,20.6,57.7,-24.3,754.0,770.0,15.0,90.0,RUNNING
2024-03-02 13:00:00,ZONE_M02,19.4,60.0,-24.9,720.0,770.0,15.0,90.0,RUNNING
2024-03-02 13:00:00,ZONE_M03,19.6,57.3,-25.7,731.0,770.0,15.0,90.0,RUNNING
2024-03-02 13:00:00,ZONE_B01,20.2,60.0,-19.8,821.0,770.0,15.0,90.0,RUNNING
2024-03-02 13:00:00,ZONE_B02,20.4,41.2,-22.8,570.0,770.0,15.0,90.0,RUNNING
2024-03-02 14:00:00,ZONE_M01,19.0,60.0,-20.7,792.0,770.0,15.0,90.0,RUNNING
2024-03-02 14:00:00,ZONE_M02,20.0,60.0,-23.5,824.0,770.0,15.0,90.0,RUNNING
2024-03-02 14:00:00,ZONE_M03,20.1,50.0,-25.7,639.0,770.0,15.0,90.0,RUNNING
2024-03-02 14:00:00,ZONE_B01,19.4,50.5,-23.7,658.0,770.0,15.0,90.0,RUNNING
2024-03-02 14:00:00,ZONE_B02,20.4,60.0,-22.4,812.0,770.0,15.0,90.0,RUNNING
2024-03-02 15:00:00,ZONE_M01,20.6,51.0,-23.8,620.0,770.0,15.0,90.0,RUNNING
2024-03-02 15:00:00,ZONE_M02,20.1,58.5,-23.9,781.0,770.0,15.0,90.0,RUNNING
2024-03-02 15:00:00,ZONE_M03,19.0,60.0,-26.2,788.0,770.0,15.0,90.0,RUNNING
2024-03-02 15:00:00,ZONE_B01,19.4,41.0,-25.7,502.0,770.0,15.0,90.0,RUNNING
2024-03-02 15:00:00,ZONE_B02,19.7,57.5,-25.9,851.0,770.0,15.0,90.0,RUNNING
2024-03-02 16:00:00,ZONE_M01,19.5,60.0,-25.5,755.0,770.0,15.0,90.0,RUNNING
2024-03-02 16:00:00,ZONE_M02,20.7,44.5,-21.5,715.0,770.0,15.0,90.0,RUNNING
2024-03-02 16:00:00,ZONE_M03,19.8,59.5,-24.1,712.0,770.0,15.0,90.0,RUNNING
2024-03-02 16:00:00,ZONE_B01,20.6,60.0,-24.5,725.0,770.0,15.0,90.0,RUNNING
2024-03-02 16:00:00,ZONE_B02,20.9,59.0,-25.0,831.0,770.0,15.0,90.0,RUNNING
2024-03-02 17:00:00,ZONE_M01,20.3,60.0,-18.8,757.0,770.0,15.0,90.0,RUNNING
2024-03-02 17:00:00,ZONE_M02,20.4,55.9,-17.6,786.0,770.0,15.0,90.0,RUNNING
2024-03-02 17:00:00,ZONE_M03,20.6,53.4,-21.5,703.0,770.0,15.0,90.0,RUNNING
2024-03-02 17:00:00,ZONE_B01,20.6,59.1,-20.0,714.0,770.0,15.0,90.0,RUNNING
2024-03-02 17:00:00,ZONE_B02,20.4,60.0,-25.1,875.0,770.0,15.0,90.0,RUNNING
2024-03-02 18:00:00,ZONE_M01,20.2,46.6,-25.1,562.0,770.0,15.0,90.0,RUNNING
2024-03-02 18:00:00,ZONE_M02,20.5,60.0,-27.3,804.0,770.0,15.0,90.0,RUNNING
2024-03-02 18:00:00,ZONE_M03,20.2,60.0,-22.6,767.0,770.0,15.0,90.0,RUNNING
2024-03-02 18:00:00,ZONE_B01,20.7,57.5,-22.3,740.0,770.0,15.0,90.0,RUNNING
2024-03-02 18:00:00,ZONE_B02,19.7,46.6,-24.0,644.0,770.0,15.0,90.0,RUNNING
2024-03-02 19:00:00,ZONE_M01,19.6,60.0,-23.0,803.0,770.0,15.0,90.0,RUNNING
2024-03-02 19:00:00,ZONE_M02,19.7,47.1,-25.6,643.0,770.0,15.0,90.0,RUNNING
2024-03-02 19:00:00,ZONE_M03,19.7,51.1,-22.8,674.0,770.0,15.0,90.0,RUNNING
2024-03-02 19:00:00,ZONE_B01,19.8,50.3,-22.9,686.0,770.0,15.0,90.0,RUNNING
2024-03-02 19:00:00,ZONE_B02,19.2,56.5,-21.9,743.0,770.0,15.0,90.0,RUNNING
2024-03-02 20:00:00,ZONE_M01,20.2,50.9,-20.8,610.0,770.0,15.0,90.0,RUNNING
2024-03-02 20:00:00,ZONE_M02,20.1,47.1,-22.2,590.0,770.0,15.0,90.0,RUNNING
2024-03-02 20:00:00,ZONE_M03,19.2,60.0,-20.0,830.0,770.0,15.0,90.0,RUNNING
2024-03-02 20:00:00,ZONE_B01,20.5,60.0,-25.5,712.0,770.0,15.0,90.0,RUNNING
2024-03-02 20:00:00,ZONE_B02,20.3,60.0,-23.4,852.0,770.0,15.0,90.0,RUNNING
2024-03-02 21:00:00,ZONE_M01,19.5,59.8,-29.0,688.0,770.0,15.0,90.0,RUNNING
2024-03-02 21:00:00,ZONE_M02,19.9,60.0,-25.0,862.0,770.0,15.0,90.0,RUNNING
2024-03-02 21:00:00,ZONE_M03,19.4,58.2,-23.8,823.0,770.0,15.0,90.0,RUNNING
2024-03-02 21:00:00,ZONE_B01,20.0,60.0,-23.4,914.0,770.0,15.0,90.0,RUNNING
2024-03-02 21:00:00,ZONE_B02,19.7,60.0,-20.6,783.0,770.0,15.0,90.0,RUNNING
2024-03-02 22:00:00,ZONE_M01,20.0,60.0,-24.3,1012.0,770.0,15.0,90.0,RUNNING
2024-03-02 22:00:00,ZONE_M02,21.0,59.9,-21.4,790.0,770.0,15.0,90.0,RUNNING
2024-03-02 22:00:00,ZONE_M03,19.0,60.0,-22.8,789.0,770.0,15.0,90.0,RUNNING
2024-03-02 22:00:00,ZONE_B01,20.3,60.0,-24.8,842.0,770.0,15.0,90.0,RUNNING
2024-03-02 22:00:00,ZONE_B02,19.8,58.0,-22.3,861.0,770.0,15.0,90.0,RUNNING
2024-03-02 23:00:00,ZONE_M01,15.9,35.2,-24.6,437.0,770.0,15.0,90.0,RUNNING
2024-03-02 23:00:00,ZONE_M02,15.5,38.3,-24.6,438.0,770.0,15.0,90.0,RUNNING
2024-03-02 23:00:00,ZONE_M03,16.0,36.1,-23.7,436.0,770.0,15.0,90.0,RUNNING
2024-03-02 23:00:00,ZONE_B01,15.7,30.2,-24.6,417.0,770.0,15.0,90.0,RUNNING
2024-03-02 23:00:00,ZONE_B02,16.0,38.6,-22.0,506.0,770.0,15.0,90.0,RUNNING
2024-03-03 00:00:00,ZONE_M01,15.6,39.1,-26.4,449.0,770.0,15.0,90.0,RUNNING
2024-03-03 00:00:00,ZONE_M02,16.8,38.3,-23.7,420.0,770.0,15.0,90.0,RUNNING
2024-03-03 00:00:00,ZONE_M03,16.9,41.6,-20.5,430.0,770.0,15.0,90.0,RUNNING
2024-03-03 00:00:00,ZONE_B01,16.0,37.1,-26.6,498.0,770.0,15.0,90.0,RUNNING
2024-03-03 00:00:00,ZONE_B02,15.6,43.5,-25.9,431.0,770.0,15.0,90.0,RUNNING
2024-03-03 01:00:00,ZONE_M01,16.2,39.4,-25.8,447.0,770.0,15.0,90.0,RUNNING
2024-03-03 01:00:00,ZONE_M02,15.4,42.8,-23.6,502.0,770.0,15.0,90.0,RUNNING
2024-03-03 01:00:00,ZONE_M03,16.3,43.1,-26.4,454.0,770.0,15.0,90.0,RUNNING
2024-03-03 01:00:00,ZONE_B01,16.3,44.3,-20.5,494.0,770.0,15.0,90.0,RUNNING
2024-03-03 01:00:00,ZONE_B02,15.5,38.2,-20.9,468.0,770.0,15.0,90.0,RUNNING
2024-03-03 02:00:00,ZONE_M01,16.3,37.3,-23.4,531.0,770.0,15.0,90.0,RUNNING
2024-03-03 02:00:00,ZONE_M02,16.8,47.5,-19.3,447.0,770.0,15.0,90.0,RUNNING
2024-03-03 02:00:00,ZONE_M03,15.9,44.1,-19.9,531.0,770.0,15.0,90.0,RUNNING
2024-03-03 02:00:00,ZONE_B01,17.2,45.1,-21.8,503.0,770.0,15.0,90.0,RUNNING
2024-03-03 02:00:00,ZONE_B02,14.9,35.4,-22.8,483.0,770.0,15.0,90.0,RUNNING
2024-03-03 03:00:00,ZONE_M01,15.8,44.7,-21.8,488.0,770.0,15.0,90.0,RUNNING
2024-03-03 03:00:00,ZONE_M02,16.1,42.1,-25.3,494.0,770.0,15.0,90.0,RUNNING
2024-03-03 03:00:00,ZONE_M03,17.5,43.7,-23.8,506.0,770.0,15.0,90.0,RUNNING
2024-03-03 03:00:00,ZONE_B01,15.7,42.0,-24.0,474.0,770.0,15.0,90.0,RUNNING
2024-03-03 03:00:00,ZONE_B02,16.2,37.6,-21.8,476.0,770.0,15.0,90.0,RUNNING
2024-03-03 04:00:00,ZONE_M01,15.3,40.6,-21.8,467.0,770.0,15.0,90.0,RUNNING
2024-03-03 04:00:00,ZONE_M02,15.9,37.3,-23.3,482.0,770.0,15.0,90.0,RUNNING
2024-03-03 04:00:00,ZONE_M03,16.0,30.3,-23.1,445.0,770.0,15.0,90.0,RUNNING
2024-03-03 04:00:00,ZONE_B01,16.5,42.2,-24.6,447.0,770.0,15.0,90.0,RUNNING
2024-03-03 04:00:00,ZONE_B02,16.4,45.3,-22.0,467.0,770.0,15.0,90.0,RUNNING
2024-03-03 05:00:00,ZONE_M01,15.7,41.8,-26.1,477.0,770.0,15.0,90.0,RUNNING
2024-03-03 05:00:00,ZONE_M02,16.2,42.0,-21.4,506.0,770.0,15.0,90.0,RUNNING
2024-03-03 05:00:00,ZONE_M03,15.3,41.0,-25.2,547.0,770.0,15.0,90.0,RUNNING
2024-03-03 05:00:00,ZONE_B01,15.4,40.0,-25.0,474.0,770.0,15.0,90.0,RUNNING
2024-03-03 05:00:00,ZONE_B02,15.2,39.1,-21.8,417.0,770.0,15.0,90.0,RUNNING
2024-03-03 06:00:00,ZONE_M01,19.3,49.3,-23.1,639.0,770.0,15.0,90.0,RUNNING
2024-03-03 06:00:00,ZONE_M02,20.6,57.4,-25.0,792.0,770.0,15.0,90.0,RUNNING
2024-03-03 06:00:00,ZONE_M03,20.2,51.9,-24.4,655.0,770.0,15.0,90.0,RUNNING
2024-03-03 06:00:00,ZONE_B01,20.4,51.6,-23.6,694.0,770.0,15.0,90.0,RUNNING
2024-03-03 06:00:00,ZONE_B02,20.2,58.2,-23.1,793.0,770.0,15.0,90.0,RUNNING
2024-03-03 07:00:00,ZONE_M01,21.0,53.8,-22.0,747.0,770.0,15.0,90.0,RUNNING
2024-03-03 07:00:00,ZONE_M02,21.2,60.0,-21.2,865.0,770.0,15.0,90.0,RUNNING
2024-03-03 07:00:00,ZONE_M03,19.7,55.4,-24.5,761.0,770.0,15.0,90.0,RUNNING
2024-03-03 07:00:00,ZONE_B01,20.6,60.0,-24.5,806.0,770.0,15.0,90.0,RUNNING
2024-03-03 07:00:00,ZONE_B02,20.4,60.0,-25.9,783.0,770.0,15.0,90.0,RUNNING
2024-03-03 08:00:00,ZONE_M01,19.4,53.5,-25.0,590.0,770.0,15.0,90.0,RUNNING
2024-03-03 08:00:00,ZONE_M02,20.4,58.8,-23.1,703.0,770.0,15.0,90.0,RUNNING
2024-03-03 08:00:00,ZONE_M03,19.7,53.6,-24.0,663.0,770.0,15.0,90.0,RUNNING
2024-03-03 08:00:00,ZONE_B01,19.8,60.0,-24.1,871.0,770.0,15.0,90.0,RUNNING
2024-03-03 08:00:00,ZONE_B02,19.6,48.5,-19.5,713.0,770.0,15.0,90.0,RUNNING
2024-03-03 09:00:00,ZONE_M01,20.0,58.1,-20.8,748.0,770.0,15.0,90.0,RUNNING
2024-03-03 09:00:00,ZONE_M02,19.4,56.4,-22.0,702.0,770.0,15.0,90.0,RUNNING
2024-03-03 09:00:00,ZONE_M03,20.8,60.0,-26.2,772.0,770.0,15.0,90.0,RUNNING
2024-03-03 09:00:00,ZONE_B01,20.4,60.0,-23.8,912.0,770.0,15.0,90.0,RUNNING
2024-03-03 09:00:00,ZONE_B02,20.5,57.9,-21.6,721.0,770.0,15.0,90.0,RUNNING
2024-03-03 10:00:00,ZONE_M01,19.6,60.0,-19.9,732.0,770.0,15.0,90.0,RUNNING
2024-03-03 10:00:00,ZONE_M02,20.2,59.2,-23.3,745.0,770.0,15.0,90.0,RUNNING
2024-03-03 10:00:00,ZONE_M03,21.0,60.0,-19.9,774.0,770.0,15.0,90.0,RUNNING
2024-03-03 10:00:00,ZONE_B01,19.4,55.8,-22.5,734.0,770.0,15.0,90.0,RUNNING
2024-03-03 10:00:00,ZONE_B02,19.6,51.7,-23.4,664.0,770.0,15.0,90.0,RUNNING
2024-03-03 11:00:00,ZONE_M01,19.6,60.0,-20.9,758.0,770.0,15.0,90.0,RUNNING
2024-03-03 11:00:00,ZONE_M02,20.5,59.3,-21.2,719.0,770.0,15.0,90.0,RUNNING
2024-03-03 11:00:00,ZONE_M03,21.3,44.5,-23.5,600.0,770.0,15.0,90.0,RUNNING
2024-03-03 11:00:00,ZONE_B01,20.3,60.0,-19.3,821.0,770.0,15.0,90.0,RUNNING
2024-03-03 11:00:00,ZONE_B02,19.3,60.0,-23.6,792.0,770.0,15.0,90.0,RUNNING
2024-03-03 12:00:00,ZONE_M01,19.3,60.0,-22.2,946.0,770.0,15.0,90.0,RUNNING
2024-03-03 12:00:00,ZONE_M02,20.7,56.7,-19.3,759.0,770.0,15.0,90.0,RUNNING
2024-03-03 12:00:00,ZONE_M03,19.9,41.6,-25.1,506.0,770.0,15.0,90.0,RUNNING
2024-03-03 12:00:00,ZONE_B01,19.9,60.0,-24.8,777.0,770.0,15.0,90.0,RUNNING
2024-03-03 12:00:00,ZONE_B02,19.4,60.0,-22.5,789.0,770.0,15.0,90.0,RUNNING
2024-03-03 13:00:00,ZONE_M01,20.6,57.4,-24.0,740.0,770.0,15.0,90.0,RUNNING
2024-03-03 13:00:00,ZONE_M02,20.7,60.0,-24.0,933.0,770.0,15.0,90.0,RUNNING
2024-03-03 13:00:00,ZONE_M03,19.7,60.0,-24.0,785.0,770.0,15.0,90.0,RUNNING
2024-03-03 13:00:00,ZONE_B01,20.2,59.3,-19.6,749.0,770.0,15.0,90.0,RUNNING
2024-03-03 13:00:00,ZONE_B02,19.0,59.2,-23.7,688.0,770.0,15.0,90.0,RUNNING
2024-03-03 14:00:00,ZONE_M01,19.9,58.0,-24.0,769.0,770.0,15.0,90.0,RUNNING
2024-03-03 14:00:00,ZONE_M02,19.7,60.0,-24.6,966.0,770.0,15.0,90.0,RUNNING
2024-03-03 14:00:00,ZONE_M03,20.1,60.0,-21.0,799.0,770.0,15.0,90.0,RUNNING
2024-03-03 14:00:00,ZONE_B01,21.0,58.7,-24.4,720.0,770.0,15.0,90.0,RUNNING
2024-03-03 14:00:00,ZONE_B02,19.5,52.1,-21.9,665.0,770.0,15.0,90.0,RUNNING
2024-03-03 15:00:00,ZONE_M01,20.1,56.3,-23.2,684.0,770.0,15.0,90.0,RUNNING
2024-03-03 15:00:00,ZONE_M02,19.1,59.7,-22.1,718.0,770.0,15.0,90.0,RUNNING
2024-03-03 15:00:00,ZONE_M03,19.1,60.0,-22.2,750.0,770.0,15.0,90.0,RUNNING
2024-03-03 15:00:00,ZONE_B01,19.8,58.9,-20.2,745.0,770.0,15.0,90.0,RUNNING
2024-03-03 15:00:00,ZONE_B02,19.7,51.2,-26.5,613.0,770.0,15.0,90.0,RUNNING
2024-03-03 16:00:00,ZONE_M01,19.4,55.7,-21.4,735.0,770.0,15.0,90.0,RUNNING
2024-03-03 16:00:00,ZONE_M02,19.7,57.7,-22.7,745.0,770.0,15.0,90.0,RUNNING
2024-03-03 16:00:00,ZONE_M03,19.5,54.8,-28.3,677.0,770.0,15.0,90.0,RUNNING
2024-03-03 16:00:00,ZONE_B01,20.0,52.8,-22.0,649.0,770.0,15.0,90.0,RUNNING
2024-03-03 16:00:00,ZONE_B02,19.4,50.3,-24.3,708.0,770.0,15.0,90.0,RUNNING
2024-03-03 17:00:00,ZONE_M01,19.8,60.0,-21.6,777.0,770.0,15.0,90.0,RUNNING
2024-03-03 17:00:00,ZONE_M02,20.0,60.0,-22.9,853.0,770.0,15.0,90.0,RUNNING
2024-03-03 17:00:00,ZONE_M03,19.8,55.4,-21.8,770.0,770.0,15.0,90.0,RUNNING
2024-03-03 17:00:00,ZONE_B01,20.4,60.0,-23.5,900.0,770.0,15.0,90.0,RUNNING
2024-03-03 17:00:00,ZONE_B02,19.9,56.6,-23.2,714.0,770.0,15.0,90.0,RUNNING
2024-03-03 18:00:00,ZONE_M01,20.2,60.0,-24.9,721.0,770.0,15.0,90.0,RUNNING
2024-03-03 18:00:00,ZONE_M02,20.7,60.0,-24.3,807.0,770.0,15.0,90.0,RUNNING
2024-03-03 18:00:00,ZONE_M03,20.7,60.0,-23.3,877.0,770.0,15.0,90.0,RUNNING
2024-03-03 18:00:00,ZONE_B01,20.1,49.2,-21.5,657.0,770.0,15.0,90.0,RUNNING
2024-03-03 18:00:00,ZONE_B02,20.3,49.8,-24.0,581.0,770.0,15.0,90.0,RUNNING
2024-03-03 19:00:00,ZONE_M01,19.3,58.0,-21.1,784.0,770.0,15.0,90.0,RUNNING
2024-03-03 19:00:00,ZONE_M02,19.8,55.2,-22.1,721.0,770.0,15.0,90.0,RUNNING
2024-03-03 19:00:00,ZONE_M03,19.8,60.0,-22.4,817.0,770.0,15.0,90.0,RUNNING
2024-03-03 19:00:00,ZONE_B01,20.8,60.0,-23.5,818.0,770.0,15.0,90.0,RUNNING
2024-03-03 19:00:00,ZONE_B02,20.5,60.0,-21.1,793.0,770.0,15.0,90.0,RUNNING
2024-03-03 20:00:00,ZONE_M01,19.5,56.7,-20.1,757.0,770.0,15.0,90.0,RUNNING
2024-03-03 20:00:00,ZONE_M02,19.8,60.0,-24.9,853.0,770.0,15.0,90.0,RUNNING
2024-03-03 20:00:00,ZONE_M03,19.8,52.0,-28.3,666.0,770.0,15.0,90.0,RUNNING
2024-03-03 20:00:00,ZONE_B01,20.1,55.0,-25.4,687.0,770.0,15.0,90.0,RUNNING
2024-03-03 20:00:00,ZONE_B02,20.0,60.0,-23.0,820.0,770.0,15.0,90.0,RUNNING
2024-03-03 21:00:00,ZONE_M01,20.3,60.0,-22.3,906.0,770.0,15.0,90.0,RUNNING
2024-03-03 21:00:00,ZONE_M02,20.1,53.5,-23.8,719.0,770.0,15.0,90.0,RUNNING
2024-03-03 21:00:00,ZONE_M03,19.4,50.3,-26.1,634.0,770.0,15.0,90.0,RUNNING
2024-03-03 21:00:00,ZONE_B01,19.7,57.6,-22.4,673.0,770.0,15.0,90.0,RUNNING
2024-03-03 21:00:00,ZONE_B02,19.9,60.0,-24.9,850.0,770.0,15.0,90.0,RUNNING
2024-03-03 22:00:00,ZONE_M01,19.4,51.8,-21.6,676.0,770.0,15.0,90.0,RUNNING
2024-03-03 22:00:00,ZONE_M02,20.1,60.0,-22.6,744.0,770.0,15.0,90.0,RUNNING
2024-03-03 22:00:00,ZONE_M03,19.9,60.0,-20.9,947.0,770.0,15.0,90.0,RUNNING
2024-03-03 22:00:00,ZONE_B01,19.4,54.9,-21.1,719.0,770.0,15.0,90.0,RUNNING
2024-03-03 22:00:00,ZONE_B02,20.2,60.0,-24.4,757.0,770.0,15.0,90.0,RUNNING
2024-03-03 23:00:00,ZONE_M01,16.4,36.0,-23.0,530.0,770.0,15.0,90.0,RUNNING
2024-03-03 23:00:00,ZONE_M02,16.1,45.5,-25.5,449.0,770.0,15.0,90.0,RUNNING
2024-03-03 23:00:00,ZONE_M03,16.1,39.8,-25.5,474.0,770.0,15.0,90.0,RUNNING
2024-03-03 23:00:00,ZONE_B01,17.2,39.7,-22.2,420.0,770.0,15.0,90.0,RUNNING
2024-03-03 23:00:00,ZONE_B02,15.5,38.2,-22.3,478.0,770.0,15.0,90.0,RUNNING
2024-03-04 00:00:00,ZONE_M01,16.5,36.2,-23.3,449.0,770.0,15.0,90.0,RUNNING
2024-03-04 00:00:00,ZONE_M02,15.4,43.6,-23.1,469.0,770.0,15.0,90.0,RUNNING
2024-03-04 00:00:00,ZONE_M03,15.7,33.8,-25.1,428.0,770.0,15.0,90.0,RUNNING
2024-03-04 00:00:00,ZONE_B01,16.2,38.6,-24.0,438.0,770.0,15.0,90.0,RUNNING
2024-03-04 00:00:00,ZONE_B02,15.2,36.2,-25.5,459.0,770.0,15.0,90.0,RUNNING
2024-03-04 01:00:00,ZONE_M01,16.4,39.6,-23.4,473.0,770.0,15.0,90.0,RUNNING
2024-03-04 01:00:00,ZONE_M02,16.8,36.5,-21.5,456.0,770.0,15.0,90.0,RUNNING
2024-03-04 01:00:00,ZONE_M03,16.1,47.0,-23.2,469.0,770.0,15.0,90.0,RUNNING
2024-03-04 01:00:00,ZONE_B01,16.1,39.7,-23.4,474.0,770.0,15.0,90.0,RUNNING
2024-03-04 01:00:00,ZONE_B02,16.0,34.3,-25.1,429.0,770.0,15.0,90.0,RUNNING
2024-03-04 02:00:00,ZONE_M01,16.1,46.9,-23.8,505.0,770.0,15.0,90.0,RUNNING
2024-03-04 02:00:00,ZONE_M02,16.4,35.5,-24.4,411.0,770.0,15.0,90.0,RUNNING
2024-03-04 02:00:00,ZONE_M03,15.4,44.1,-22.5,485.0,770.0,15.0,90.0,RUNNING
2024-03-04 02:00:00,ZONE_B01,16.5,41.2,-25.8,474.0,770.0,15.0,90.0,RUNNING
2024-03-04 02:00:00,ZONE_B02,15.9,44.3,-26.4,457.0,770.0,15.0,90.0,RUNNING
2024-03-04 03:00:00,ZONE_M01,16.7,48.7,-21.4,510.0,770.0,15.0,90.0,RUNNING
2024-03-04 03:00:00,ZONE_M02,16.5,43.9,-22.8,520.0,770.0,15.0,90.0,RUNNING
2024-03-04 03:00:00,ZONE_M03,15.3,43.7,-22.2,492.0,770.0,15.0,90.0,RUNNING
2024-03-04 03:00:00,ZONE_B01,15.4,38.1,-18.1,481.0,770.0,15.0,90.0,RUNNING
2024-03-04 03:00:00,ZONE_B02,14.7,39.7,-24.6,413.0,770.0,15.0,90.0,RUNNING
2024-03-04 04:00:00,ZONE_M01,16.5,42.3,-22.7,520.0,770.0,15.0,90.0,RUNNING
2024-03-04 04:00:00,ZONE_M02,15.5,36.8,-24.5,452.0,770.0,15.0,90.0,RUNNING
2024-03-04 04:00:00,ZONE_M03,16.3,45.4,-20.2,437.0,770.0,15.0,90.0,RUNNING
2024-03-04 04:00:00,ZONE_B01,16.0,41.6,-26.4,498.0,770.0,15.0,90.0,RUNNING
2024-03-04 04:00:00,ZONE_B02,16.2,46.4,-24.7,460.0,770.0,15.0,90.0,RUNNING
2024-03-04 05:00:00,ZONE_M01,15.5,37.9,-21.4,524.0,770.0,15.0,90.0,RUNNING
2024-03-04 05:00:00,ZONE_M02,16.5,34.7,-23.9,405.0,770.0,15.0,90.0,RUNNING
2024-03-04 05:00:00,ZONE_M03,15.8,38.5,-24.4,505.0,770.0,15.0,90.0,RUNNING
2024-03-04 05:00:00,ZONE_B01,15.3,42.8,-22.3,485.0,770.0,15.0,90.0,RUNNING
2024-03-04 05:00:00,ZONE_B02,15.6,36.0,-19.6,514.0,770.0,15.0,90.0,RUNNING
2024-03-04 06:00:00,ZONE_M01,20.0,57.5,-21.4,782.0,770.0,15.0,90.0,RUNNING
2024-03-04 06:00:00,ZONE_M02,19.8,60.0,-20.8,806.0,770.0,15.0,90.0,RUNNING
2024-03-04 06:00:00,ZONE_M03,20.2,60.0,-19.0,749.0,770.0,15.0,90.0,RUNNING
2024-03-04 06:00:00,ZONE_B01,19.4,60.0,-22.6,944.0,770.0,15.0,90.0,RUNNING
2024-03-04 06:00:00,ZONE_B02,20.8,56.4,-21.5,771.0,770.0,15.0,90.0,RUNNING
2024-03-04 07:00:00,ZONE_M01,19.9,60.0,-24.8,877.0,770.0,15.0,90.0,RUNNING
2024-03-04 07:00:00,ZONE_M02,21.0,58.2,-21.0,787.0,770.0,15.0,90.0,RUNNING
2024-03-04 07:00:00,ZONE_M03,19.9,58.4,-22.4,733.0,770.0,15.0,90.0,RUNNING
2024-03-04 07:00:00,ZONE_B01,20.9,60.0,-21.1,839.0,770.0,15.0,90.0,RUNNING
2024-03-04 07:00:00,ZONE_B02,19.9,57.1,-22.0,808.0,770.0,15.0,90.0,RUNNING
2024-03-04 08:00:00,ZONE_M01,20.6,60.0,-19.5,750.0,770.0,15.0,90.0,RUNNING
2024-03-04 08:00:00,ZONE_M02,20.2,54.8,-21.9,731.0,770.0,15.0,90.0,RUNNING
2024-03-04 08:00:00,ZONE_M03,20.5,57.4,-21.3,819.0,770.0,15.0,90.0,RUNNING
2024-03-04 08:00:00,ZONE_B01,19.9,55.3,-22.9,748.0,770.0,15.0,90.0,RUNNING
2024-03-04 08:00:00,ZONE_B02,19.5,54.9,-21.5,679.0,770.0,15.0,90.0,RUNNING
2024-03-04 09:00:00,ZONE_M01,20.0,58.2,-24.2,757.0,770.0,15.0,90.0,RUNNING
2024-03-04 09:00:00,ZONE_M02,19.8,60.0,-24.0,912.0,770.0,15.0,90.0,RUNNING
2024-03-04 09:00:00,ZONE_M03,20.2,60.0,-22.9,759.0,770.0,15.0,90.0,RUNNING
2024-03-04 09:00:00,ZONE_B01,19.5,60.0,-24.8,852.0,770.0,15.0,90.0,RUNNING
2024-03-04 09:00:00,ZONE_B02,20.3,60.0,-21.2,792.0,770.0,15.0,90.0,RUNNING
2024-03-04 10:00:00,ZONE_M01,19.9,51.3,-22.5,680.0,770.0,15.0,90.0,RUNNING
2024-03-04 10:00:00,ZONE_M02,20.5,60.0,-23.2,866.0,770.0,15.0,90.0,RUNNING
2024-03-04 10:00:00,ZONE_M03,19.4,60.0,-25.0,918.0,770.0,15.0,90.0,RUNNING
2024-03-04 10:00:00,ZONE_B01,19.9,60.0,-20.7,817.0,770.0,15.0,90.0,RUNNING
2024-03-04 10:00:00,ZONE_B02,20.1,54.8,-25.3,783.0,770.0,15.0,90.0,RUNNING
2024-03-04 11:00:00,ZONE_M01,19.2,60.0,-25.2,783.0,770.0,15.0,90.0,RUNNING
2024-03-04 11:00:00,ZONE_M02,20.0,60.0,-26.4,848.0,770.0,15.0,90.0,RUNNING
2024-03-04 11:00:00,ZONE_M03,20.0,60.0,-21.0,860.0,770.0,15.0,90.0,RUNNING
2024-03-04 11:00:00,ZONE_B01,19.9,53.4,-25.5,701.0,770.0,15.0,90.0,RUNNING
2024-03-04 11:00:00,ZONE_B02,20.3,57.4,-24.6,710.0,770.0,15.0,90.0,RUNNING
2024-03-04 12:00:00,ZONE_M01,20.0,53.3,-26.7,710.0,770.0,15.0,90.0,RUNNING
2024-03-04 12:00:00,ZONE_M02,20.1,51.1,-24.0,649.0,770.0,15.0,90.0,RUNNING
2024-03-04 12:00:00,ZONE_M03,20.0,57.2,-25.7,713.0,770.0,15.0,90.0,RUNNING
2024-03-04 12:00:00,ZONE_B01,20.7,59.9,-26.2,788.0,770.0,15.0,90.0,RUNNING
2024-03-04 12:00:00,ZONE_B02,20.7,50.9,-26.8,637.0,770.0,15.0,90.0,RUNNING
2024-03-04 13:00:00,ZONE_M01,20.7,60.0,-21.5,952.0,770.0,15.0,90.0,RUNNING
2024-03-04 13:00:00,ZONE_M02,20.0,58.9,-22.9,766.0,770.0,15.0,90.0,RUNNING
2024-03-04 13:00:00,ZONE_M03,19.5,54.9,-21.4,679.0,770.0,15.0,90.0,RUNNING
2024-03-04 13:00:00,ZONE_B01,18.9,54.9,-24.7,687.0,770.0,15.0,90.0,RUNNING
2024-03-04 13:00:00,ZONE_B02,19.6,57.2,-23.2,851.0,770.0,15.0,90.0,RUNNING
2024-03-04 14:00:00,ZONE_M01,19.6,54.3,-23.8,731.0,770.0,15.0,90.0,RUNNING
2024-03-04 14:00:00,ZONE_M02,19.6,60.0,-22.7,786.0,770.0,15.0,90.0,RUNNING
2024-03-04 14:00:00,ZONE_M03,19.9,60.0,-27.8,767.0,770.0,15.0,90.0,RUNNING
2024-03-04 14:00:00,ZONE_B01,20.2,60.0,-28.4,883.0,770.0,15.0,90.0,RUNNING
2024-03-04 14:00:00,ZONE_B02,19.9,60.0,-25.0,806.0,770.0,15.0,90.0,RUNNING
2024-03-04 15:00:00,ZONE_M01,20.7,57.6,-22.0,818.0,770.0,15.0,90.0,RUNNING
2024-03-04 15:00:00,ZONE_M02,20.2,49.6,-25.2,742.0,770.0,15.0,90.0,RUNNING
2024-03-04 15:00:00,ZONE_M03,19.5,59.5,-28.0,802.0,770.0,15.0,90.0,RUNNING
2024-03-04 15:00:00,ZONE_B01,19.9,60.0,-24.6,806.0,770.0,15.0,90.0,RUNNING
2024-03-04 15:00:00,ZONE_B02,20.1,55.5,-24.2,670.0,770.0,15.0,90.0,RUNNING
2024-03-04 16:00:00,ZONE_M01,19.7,60.0,-27.7,874.0,770.0,15.0,90.0,RUNNING
2024-03-04 16:00:00,ZONE_M02,20.2,57.3,-23.5,726.0,770.0,15.0,90.0,RUNNING
2024-03-04 16:00:00,ZONE_M03,19.3,52.6,-24.3,685.0,770.0,15.0,90.0,RUNNING
2024-03-04 16:00:00,ZONE_B01,20.5,57.1,-24.0,736.0,770.0,15.0,90.0,RUNNING
2024-03-04 16:00:00,ZONE_B02,21.0,60.0,-20.0,878.0,770.0,15.0,90.0,RUNNING
2024-03-04 17:00:00,ZONE_M01,19.5,56.3,-22.7,741.0,770.0,15.0,90.0,RUNNING
2024-03-04 17:00:00,ZONE_M02,19.7,60.0,-25.7,739.0,770.0,15.0,90.0,RUNNING
2024-03-04 17:00:00,ZONE_M03,19.4,44.6,-23.6,545.0,770.0,15.0,90.0,RUNNING
2024-03-04 17:00:00,ZONE_B01,19.4,58.7,-25.2,796.0,770.0,15.0,90.0,RUNNING
2024-03-04 17:00:00,ZONE_B02,19.8,60.0,-24.9,936.0,770.0,15.0,90.0,RUNNING
2024-03-04 18:00:00,ZONE_M01,19.9,55.6,-21.7,664.0,770.0,15.0,90.0,RUNNING
2024-03-04 18:00:00,ZONE_M02,19.5,55.9,-25.7,732.0,770.0,15.0,90.0,RUNNING
2024-03-04 18:00:00,ZONE_M03,19.8,57.8,-22.5,782.0,770.0,15.0,90.0,RUNNING
2024-03-04 18:00:00,ZONE_B01,19.8,47.0,-22.9,669.0,770.0,15.0,90.0,RUNNING
2024-03-04 18:00:00,ZONE_B02,20.2,48.7,-24.2,680.0,770.0,15.0,90.0,RUNNING
2024-03-04 19:00:00,ZONE_M01,20.0,60.0,-27.2,877.0,770.0,15.0,90.0,RUNNING
2024-03-04 19:00:00,ZONE_M02,20.4,60.0,-24.0,847.0,770.0,15.0,90.0,RUNNING
2024-03-04 19:00:00,ZONE_M03,20.0,59.9,-24.8,783.0,770.0,15.0,90.0,RUNNING
2024-03-04 19:00:00,ZONE_B01,19.4,50.0,-23.9,676.0,770.0,15.0,90.0,RUNNING
2024-03-04 19:00:00,ZONE_B02,19.3,60.0,-21.4,858.0,770.0,15.0,90.0,RUNNING
2024-03-04 20:00:00,ZONE_M01,20.4,60.0,-22.6,794.0,770.0,15.0,90.0,RUNNING
2024-03-04 20:00:00,ZONE_M02,20.1,60.0,-21.2,848.0,770.0,15.0,90.0,RUNNING
2024-03-04 20:00:00,ZONE_M03,21.4,60.0,-21.8,799.0,770.0,15.0,90.0,RUNNING
2024-03-04 20:00:00,ZONE_B01,19.4,54.2,-26.4,704.0,770.0,15.0,90.0,RUNNING
2024-03-04 20:00:00,ZONE_B02,21.3,57.9,-24.0,755.0,770.0,15.0,90.0,RUNNING
2024-03-04 21:00:00,ZONE_M01,20.0,54.1,-23.5,729.0,770.0,15.0,90.0,RUNNING
2024-03-04 21:00:00,ZONE_M02,20.7,60.0,-22.5,879.0,770.0,15.0,90.0,RUNNING
2024-03-04 21:00:00,ZONE_M03,19.8,38.6,-28.6,520.0,770.0,15.0,90.0,RUNNING
2024-03-04 21:00:00,ZONE_B01,19.9,53.8,-27.1,697.0,770.0,15.0,90.0,RUNNING
2024-03-04 21:00:00,ZONE_B02,19.9,60.0,-24.7,773.0,770.0,15.0,90.0,RUNNING
2024-03-04 22:00:00,ZONE_M01,20.0,48.6,-22.5,648.0,770.0,15.0,90.0,RUNNING
2024-03-04 22:00:00,ZONE_M02,20.4,60.0,-22.5,714.0,770.0,15.0,90.0,RUNNING
2024-03-04 22:00:00,ZONE_M03,19.5,60.0,-22.9,890.0,770.0,15.0,90.0,RUNNING
2024-03-04 22:00:00,ZONE_B01,19.6,60.0,-26.5,937.0,770.0,15.0,90.0,RUNNING
2024-03-04 22:00:00,ZONE_B02,20.7,60.0,-25.3,799.0,770.0,15.0,90.0,RUNNING
2024-03-04 23:00:00,ZONE_M01,15.7,43.9,-21.8,475.0,770.0,15.0,90.0,RUNNING
2024-03-04 23:00:00,ZONE_M02,16.7,45.1,-26.3,546.0,770.0,15.0,90.0,RUNNING
2024-03-04 23:00:00,ZONE_M03,16.5,47.0,-20.4,448.0,770.0,15.0,90.0,RUNNING
2024-03-04 23:00:00,ZONE_B01,15.9,41.1,-23.7,411.0,770.0,15.0,90.0,RUNNING
2024-03-04 23:00:00,ZONE_B02,15.0,41.0,-21.4,550.0,770.0,15.0,90.0,RUNNING
2024-03-05 00:00:00,ZONE_M01,15.8,40.0,-22.5,480.0,770.0,15.0,90.0,RUNNING
2024-03-05 00:00:00,ZONE_M02,16.4,38.4,-19.4,465.0,770.0,15.0,90.0,RUNNING
2024-03-05 00:00:00,ZONE_M03,16.3,34.8,-21.8,471.0,770.0,15.0,90.0,RUNNING
2024-03-05 00:00:00,ZONE_B01,15.3,37.6,-19.0,505.0,770.0,15.0,90.0,RUNNING
2024-03-05 00:00:00,ZONE_B02,16.1,46.2,-27.7,505.0,770.0,15.0,90.0,RUNNING
2024-03-05 01:00:00,ZONE_M01,16.6,38.1,-23.4,466.0,770.0,15.0,90.0,RUNNING
2024-03-05 01:00:00,ZONE_M02,16.1,45.2,-22.2,508.0,770.0,15.0,90.0,RUNNING
2024-03-05 01:00:00,ZONE_M03,15.6,41.6,-25.3,507.0,770.0,15.0,90.0,RUNNING
2024-03-05 01:00:00,ZONE_B01,16.9,46.2,-23.7,437.0,770.0,15.0,90.0,RUNNING
2024-03-05 01:00:00,ZONE_B02,16.0,44.6,-26.0,505.0,770.0,15.0,90.0,RUNNING
2024-03-05 02:00:00,ZONE_M01,16.3,38.1,-23.5,492.0,770.0,15.0,90.0,RUNNING
2024-03-05 02:00:00,ZONE_M02,16.4,36.5,-24.8,459.0,770.0,15.0,90.0,RUNNING
2024-03-05 02:00:00,ZONE_M03,16.7,38.5,-25.3,455.0,770.0,15.0,90.0,RUNNING
2024-03-05 02:00:00,ZONE_B01,15.6,42.1,-27.6,455.0,770.0,15.0,90.0,RUNNING
2024-03-05 02:00:00,ZONE_B02,16.8,39.2,-26.4,437.0,770.0,15.0,90.0,RUNNING
2024-03-05 03:00:00,ZONE_M01,16.1,39.6,-23.7,445.0,770.0,15.0,90.0,RUNNING
2024-03-05 03:00:00,ZONE_M02,16.8,40.3,-22.3,522.0,770.0,15.0,90.0,RUNNING
2024-03-05 03:00:00,ZONE_M03,15.8,40.5,-24.8,411.0,770.0,15.0,90.0,RUNNING
2024-03-05 03:00:00,ZONE_B01,16.0,42.1,-23.0,545.0,770.0,15.0,90.0,RUNNING
2024-03-05 03:00:00,ZONE_B02,16.0,40.7,-25.3,489.0,770.0,15.0,90.0,RUNNING
2024-03-05 04:00:00,ZONE_M01,16.1,41.5,-22.0,512.0,770.0,15.0,90.0,RUNNING
2024-03-05 04:00:00,ZONE_M02,16.9,37.5,-23.9,436.0,770.0,15.0,90.0,RUNNING
2024-03-05 04:00:00,ZONE_M03,15.3,45.4,-22.4,518.0,770.0,15.0,90.0,RUNNING
2024-03-05 04:00:00,ZONE_B01,16.3,42.0,-24.3,514.0,770.0,15.0,90.0,RUNNING
2024-03-05 04:00:00,ZONE_B02,15.5,37.8,-22.5,497.0,770.0,15.0,90.0,RUNNING
2024-03-05 05:00:00,ZONE_M01,16.9,42.8,-23.1,493.0,770.0,15.0,90.0,RUNNING
2024-03-05 05:00:00,ZONE_M02,14.9,35.0,-20.3,384.0,770.0,15.0,90.0,RUNNING
2024-03-05 05:00:00,ZONE_M03,15.9,40.8,-23.4,462.0,770.0,15.0,90.0,RUNNING
2024-03-05 05:00:00,ZONE_B01,16.4,38.3,-22.3,522.0,770.0,15.0,90.0,RUNNING
2024-03-05 05:00:00,ZONE_B02,15.8,43.6,-25.3,425.0,770.0,15.0,90.0,RUNNING
2024-03-05 06:00:00,ZONE_M01,19.9,60.0,-26.4,816.0,770.0,15.0,90.0,RUNNING
2024-03-05 06:00:00,ZONE_M02,18.9,55.0,-21.6,701.0,770.0,15.0,90.0,RUNNING
2024-03-05 06:00:00,ZONE_M03,19.6,60.0,-22.1,773.0,770.0,15.0,90.0,RUNNING
2024-03-05 06:00:00,ZONE_B01,20.6,60.0,-23.4,813.0,770.0,15.0,90.0,RUNNING
2024-03-05 06:00:00,ZONE_B02,20.7,60.0,-23.8,877.0,770.0,15.0,90.0,RUNNING
2024-03-05 07:00:00,ZONE_M01,19.4,54.3,-22.5,719.0,770.0,15.0,90.0,RUNNING
2024-03-05 07:00:00,ZONE_M02,19.8,60.0,-22.9,790.0,770.0,15.0,90.0,RUNNING
2024-03-05 07:00:00,ZONE_M03,19.3,55.7,-21.0,822.0,770.0,15.0,90.0,RUNNING
2024-03-05 07:00:00,ZONE_B01,19.6,50.1,-23.0,558.0,770.0,15.0,90.0,RUNNING
2024-03-05 07:00:00,ZONE_B02,20.1,56.1,-24.1,736.0,770.0,15.0,90.0,RUNNING
2024-03-05 08:00:00,ZONE_M01,19.9,52.5,-24.0,765.0,770.0,15.0,90.0,RUNNING
2024-03-05 08:00:00,ZONE_M02,19.7,60.0,-21.5,763.0,770.0,15.0,90.0,RUNNING
2024-03-05 08:00:00,ZONE_M03,19.4,55.9,-23.6,756.0,770.0,15.0,90.0,RUNNING
2024-03-05 08:00:00,ZONE_B01,20.2,58.7,-24.0,695.0,770.0,15.0,90.0,RUNNING
2024-03-05 08:00:00,ZONE_B02,20.3,60.0,-23.5,795.0,770.0,15.0,90.0,RUNNING
2024-03-05 09:00:00,ZONE_M01,19.5,60.0,-23.0,850.0,770.0,15.0,90.0,RUNNING
2024-03-05 09:00:00,ZONE_M02,19.6,58.1,-23.3,811.0,770.0,15.0,90.0,RUNNING
2024-03-05 09:00:00,ZONE_M03,20.4,60.0,-23.3,734.0,770.0,15.0,90.0,RUNNING
2024-03-05 09:00:00,ZONE_B01,19.3,53.5,-22.5,653.0,770.0,15.0,90.0,RUNNING
2024-03-05 09:00:00,ZONE_B02,20.6,56.4,-25.9,728.0,770.0,15.0,90.0,RUNNING
2024-03-05 10:00:00,ZONE_M01,20.3,59.5,-20.3,771.0,770.0,15.0,90.0,RUNNING
2024-03-05 10:00:00,ZONE_M02,20.3,52.8,-22.1,626.0,770.0,15.0,90.0,RUNNING
2024-03-05 10:00:00,ZONE_M03,19.3,60.0,-25.4,790.0,770.0,15.0,90.0,RUNNING
2024-03-05 10:00:00,ZONE_B01,19.5,51.8,-20.8,700.0,770.0,15.0,90.0,RUNNING
2024-03-05 10:00:00,ZONE_B02,19.3,60.0,-21.5,934.0,770.0,15.0,90.0,RUNNING
2024-03-05 11:00:00,ZONE_M01,19.9,55.2,-23.0,695.0,770.0,15.0,90.0,RUNNING
2024-03-05 11:00:00,ZONE_M02,20.1,47.7,-24.3,567.0,770.0,15.0,90.0,RUNNING
2024-03-05 11:00:00,ZONE_M03,20.1,60.0,-27.0,819.0,770.0,15.0,90.0,RUNNING
2024-03-05 11:00:00,ZONE_B01,20.0,60.0,-24.8,832.0,770.0,15.0,90.0,RUNNING
2024-03-05 11:00:00,ZONE_B02,19.7,52.3,-25.4,700.0,770.0,15.0,90.0,RUNNING
2024-03-05 12:00:00,ZONE_M01,20.1,60.0,-22.9,791.0,770.0,15.0,90.0,RUNNING
2024-03-05 12:00:00,ZONE_M02,20.5,60.0,-24.3,724.0,770.0,15.0,90.0,RUNNING
2024-03-05 12:00:00,ZONE_M03,19.8,60.0,-23.7,747.0,770.0,15.0,90.0,RUNNING
2024-03-05 12:00:00,ZONE_B01,20.5,60.0,-23.3,810.0,770.0,15.0,90.0,RUNNING
2024-03-05 12:00:00,ZONE_B02,19.6,60.0,-28.3,916.0,770.0,15.0,90.0,RUNNING
2024-03-05 13:00:00,ZONE_M01,20.3,60.0,-25.3,794.0,770.0,15.0,90.0,RUNNING
2024-03-05 13:00:00,ZONE_M02,19.5,60.0,-25.2,860.0,770.0,15.0,90.0,RUNNING
2024-03-05 13:00:00,ZONE_M03,19.4,55.6,-24.7,663.0,770.0,15.0,90.0,RUNNING
2024-03-05 13:00:00,ZONE_B01,20.0,60.0,-26.1,834.0,770.0,15.0,90.0,RUNNING
2024-03-05 13:00:00,ZONE_B02,19.5,55.1,-22.2,719.0,770.0,15.0,90.0,RUNNING
2024-03-05 14:00:00,ZONE_M01,21.1,60.0,-21.8,741.0,770.0,15.0,90.0,RUNNING
2024-03-05 14:00:00,ZONE_M02,19.7,60.0,-26.5,885.0,770.0,15.0,90.0,RUNNING
2024-03-05 14:00:00,ZONE_M03,21.4,59.5,-23.8,812.0,770.0,15.0,90.0,RUNNING
2024-03-05 14:00:00,ZONE_B01,19.4,60.0,-23.9,929.0,770.0,15.0,90.0,RUNNING
2024-03-05 14:00:00,ZONE_B02,20.3,60.0,-26.7,777.0,770.0,15.0,90.0,RUNNING
2024-03-05 15:00:00,ZONE_M01,19.7,56.2,-21.9,727.0,770.0,15.0,90.0,RUNNING
2024-03-05 15:00:00,ZONE_M02,19.5,60.0,-25.4,821.0,770.0,15.0,90.0,RUNNING
2024-03-05 15:00:00,ZONE_M03,20.1,57.2,-22.9,791.0,770.0,15.0,90.0,RUNNING
2024-03-05 15:00:00,ZONE_B01,19.9,56.3,-21.5,693.0,770.0,15.0,90.0,RUNNING
2024-03-05 15:00:00,ZONE_B02,20.0,60.0,-24.5,789.0,770.0,15.0,90.0,RUNNING
2024-03-05 16:00:00,ZONE_M01,19.6,60.0,-26.5,871.0,770.0,15.0,90.0,RUNNING
2024-03-05 16:00:00,ZONE_M02,19.8,59.4,-24.5,829.0,770.0,15.0,90.0,RUNNING
2024-03-05 16:00:00,ZONE_M03,19.5,53.2,-24.0,650.0,770.0,15.0,90.0,RUNNING
2024-03-05 16:00:00,ZONE_B01,20.5,57.9,-23.7,692.0,770.0,15.0,90.0,RUNNING
2024-03-05 16:00:00,ZONE_B02,20.2,53.2,-25.2,689.0,770.0,15.0,90.0,RUNNING
2024-03-05 17:00:00,ZONE_M01,20.4,60.0,-21.5,811.0,770.0,15.0,90.0,RUNNING
2024-03-05 17:00:00,ZONE_M02,19.6,60.0,-24.4,762.0,770.0,15.0,90.0,RUNNING
2024-03-05 17:00:00,ZONE_M03,20.2,60.0,-23.1,698.0,770.0,15.0,90.0,RUNNING
2024-03-05 17:00:00,ZONE_B01,20.3,60.0,-21.2,794.0,770.0,15.0,90.0,RUNNING
2024-03-05 17:00:00,ZONE_B02,19.6,60.0,-27.6,934.0,770.0,15.0,90.0,RUNNING
2024-03-05 18:00:00,ZONE_M01,19.5,60.0,-21.9,817.0,770.0,15.0,90.0,RUNNING
2024-03-05 18:00:00,ZONE_M02,20.2,60.0,-27.4,894.0,770.0,15.0,90.0,RUNNING
2024-03-05 18:00:00,ZONE_M03,19.6,47.5,-26.0,683.0,770.0,15.0,90.0,RUNNING
2024-03-05 18:00:00,ZONE_B01,19.8,53.5,-25.1,669.0,770.0,15.0,90.0,RUNNING
2024-03-05 18:00:00,ZONE_B02,19.7,60.0,-24.6,875.0,770.0,15.0,90.0,RUNNING
2024-03-05 19:00:00,ZONE_M01,19.8,53.8,-24.8,688.0,770.0,15.0,90.0,RUNNING
2024-03-05 19:00:00,ZONE_M02,19.9,47.4,-23.5,560.0,770.0,15.0,90.0,RUNNING
2024-03-05 19:00:00,ZONE_M03,20.0,50.1,-25.0,630.0,770.0,15.0,90.0,RUNNING
2024-03-05 19:00:00,ZONE_B01,19.3,60.0,-17.9,798.0,770.0,15.0,90.0,RUNNING
2024-03-05 19:00:00,ZONE_B02,20.3,56.4,-21.5,693.0,770.0,15.0,90.0,RUNNING
2024-03-05 20:00:00,ZONE_M01,20.6,58.3,-24.3,805.0,770.0,15.0,90.0,RUNNING
2024-03-05 20:00:00,ZONE_M02,19.9,60.0,-22.3,908.0,770.0,15.0,90.0,RUNNING
2024-03-05 20:00:00,ZONE_M03,19.4,57.6,-21.9,673.0,770.0,15.0,90.0,RUNNING
2024-03-05 20:00:00,ZONE_B01,19.8,60.0,-25.5,751.0,770.0,15.0,90.0,RUNNING
2024-03-05 20:00:00,ZONE_B02,20.1,60.0,-19.9,784.0,770.0,15.0,90.0,RUNNING
2024-03-05 21:00:00,ZONE_M01,20.1,60.0,-21.4,831.0,770.0,15.0,90.0,RUNNING
2024-03-05 21:00:00,ZONE_M02,19.9,56.5,-26.3,729.0,770.0,15.0,90.0,RUNNING
2024-03-05 21:00:00,ZONE_M03,19.4,49.3,-21.2,687.0,770.0,15.0,90.0,RUNNING
2024-03-05 21:00:00,ZONE_B01,20.0,54.9,-25.5,688.0,770.0,15.0,90.0,RUNNING
2024-03-05 21:00:00,ZONE_B02,19.8,58.5,-23.8,717.0,770.0,15.0,90.0,RUNNING
2024-03-05 22:00:00,ZONE_M01,19.5,60.0,-23.4,779.0,770.0,15.0,90.0,RUNNING
2024-03-05 22:00:00,ZONE_M02,19.9,60.0,-19.6,711.0,770.0,15.0,90.0,RUNNING
2024-03-05 22:00:00,ZONE_M03,20.3,56.0,-22.2,710.0,770.0,15.0,90.0,RUNNING
2024-03-05 22:00:00,ZONE_B01,19.8,51.7,-24.5,618.0,770.0,15.0,90.0,RUNNING
2024-03-05 22:00:00,ZONE_B02,20.6,60.0,-23.9,778.0,770.0,15.0,90.0,RUNNING
2024-03-05 23:00:00,ZONE_M01,16.0,41.2,-21.5,476.0,770.0,15.0,90.0,RUNNING
2024-03-05 23:00:00,ZONE_M02,15.0,40.9,-22.6,448.0,770.0,15.0,90.0,RUNNING
2024-03-05 23:00:00,ZONE_M03,16.2,34.6,-22.8,454.0,770.0,15.0,90.0,RUNNING
2024-03-05 23:00:00,ZONE_B01,17.0,45.8,-28.6,484.0,770.0,15.0,90.0,RUNNING
2024-03-05 23:00:00,ZONE_B02,15.7,40.1,-24.3,443.0,770.0,15.0,90.0,RUNNING
2024-03-06 00:00:00,ZONE_M01,16.5,39.2,-24.1,493.0,770.0,15.0,90.0,RUNNING
2024-03-06 00:00:00,ZONE_M02,16.4,37.6,-25.7,481.0,770.0,15.0,90.0,RUNNING
2024-03-06 00:00:00,ZONE_M03,15.1,39.8,-25.8,501.0,770.0,15.0,90.0,RUNNING
2024-03-06 00:00:00,ZONE_B01,17.2,40.1,-27.9,488.0,770.0,15.0,90.0,RUNNING
2024-03-06 00:00:00,ZONE_B02,16.2,40.5,-26.8,456.0,770.0,15.0,90.0,RUNNING
2024-03-06 01:00:00,ZONE_M01,15.8,38.0,-24.3,448.0,770.0,15.0,90.0,RUNNING
2024-03-06 01:00:00,ZONE_M02,15.8,39.1,-29.3,457.0,770.0,15.0,90.0,RUNNING
2024-03-06 01:00:00,ZONE_M03,17.3,47.0,-22.4,493.0,770.0,15.0,90.0,RUNNING
2024-03-06 01:00:00,ZONE_B01,16.5,40.8,-23.0,464.0,770.0,15.0,90.0,RUNNING
2024-03-06 01:00:00,ZONE_B02,16.5,39.9,-27.0,433.0,770.0,15.0,90.0,RUNNING
2024-03-06 02:00:00,ZONE_M01,15.2,42.8,-21.6,534.0,770.0,15.0,90.0,RUNNING
2024-03-06 02:00:00,ZONE_M02,16.0,43.9,-26.4,490.0,770.0,15.0,90.0,RUNNING
2024-03-06 02:00:00,ZONE_M03,16.0,36.1,-20.0,467.0,770.0,15.0,90.0,RUNNING
2024-03-06 02:00:00,ZONE_B01,16.3,44.3,-22.4,481.0,770.0,15.0,90.0,RUNNING
2024-03-06 02:00:00,ZONE_B02,15.7,32.5,-22.1,426.0,770.0,15.0,90.0,RUNNING
2024-03-06 03:00:00,ZONE_M01,15.7,41.7,-22.0,506.0,770.0,15.0,90.0,RUNNING
2024-03-06 03:00:00,ZONE_M02,15.3,41.1,-22.5,381.0,770.0,15.0,90.0,RUNNING
2024-03-06 03:00:00,ZONE_M03,16.5,39.2,-23.5,424.0,770.0,15.0,90.0,RUNNING
2024-03-06 03:00:00,ZONE_B01,15.9,41.1,-28.0,473.0,770.0,15.0,90.0,RUNNING
2024-03-06 03:00:00,ZONE_B02,15.7,35.1,-22.4,425.0,770.0,15.0,90.0,RUNNING
2024-03-06 04:00:00,ZONE_M01,15.8,43.9,-23.4,541.0,770.0,15.0,90.0,RUNNING
2024-03-06 04:00:00,ZONE_M02,16.3,37.5,-26.3,514.0,770.0,15.0,90.0,RUNNING
2024-03-06 04:00:00,ZONE_M03,16.6,43.8,-23.0,510.0,770.0,15.0,90.0,RUNNING
2024-03-06 04:00:00,ZONE_B01,15.5,34.7,-22.1,406.0,770.0,15.0,90.0,RUNNING
2024-03-06 04:00:00,ZONE_B02,17.2,40.1,-18.1,472.0,770.0,15.0,90.0,RUNNING
2024-03-06 05:00:00,ZONE_M01,15.1,39.0,-24.5,463.0,770.0,15.0,90.0,RUNNING
2024-03-06 05:00:00,ZONE_M02,15.2,40.2,-27.5,501.0,770.0,15.0,90.0,RUNNING
2024-03-06 05:00:00,ZONE_M03,16.5,40.5,-27.0,462.0,770.0,15.0,90.0,RUNNING
2024-03-06 05:00:00,ZONE_B01,15.6,36.5,-22.8,421.0,770.0,15.0,90.0,RUNNING
2024-03-06 05:00:00,ZONE_B02,15.8,44.3,-22.5,470.0,770.0,15.0,90.0,RUNNING
2024-03-06 06:00:00,ZONE_M01,20.6,60.0,-22.8,901.0,770.0,15.0,90.0,RUNNING
2024-03-06 06:00:00,ZONE_M02,20.2,45.8,-26.1,493.0,770.0,15.0,90.0,RUNNING
2024-03-06 06:00:00,ZONE_M03,19.6,58.1,-20.6,744.0,770.0,15.0,90.0,RUNNING
2024-03-06 06:00:00,ZONE_B01,20.2,53.5,-21.8,644.0,770.0,15.0,90.0,RUNNING
2024-03-06 06:00:00,ZONE_B02,19.8,60.0,-25.7,812.0,770.0,15.0,90.0,RUNNING
2024-03-06 07:00:00,ZONE_M01,20.2,60.0,-23.2,836.0,770.0,15.0,90.0,RUNNING
2024-03-06 07:00:00,ZONE_M02,19.7,58.1,-21.5,719.0,770.0,15.0,90.0,RUNNING
2024-03-06 07:00:00,ZONE_M03,20.3,60.0,-20.7,801.0,770.0,15.0,90.0,RUNNING
2024-03-06 07:00:00,ZONE_B01,18.7,60.0,-29.1,852.0,770.0,15.0,90.0,RUNNING
2024-03-06 07:00:00,ZONE_B02,20.0,60.0,-22.6,892.0,770.0,15.0,90.0,RUNNING
2024-03-06 08:00:00,ZONE_M01,19.7,57.5,-21.1,732.0,770.0,15.0,90.0,RUNNING
2024-03-06 08:00:00,ZONE_M02,19.7,60.0,-21.6,973.0,770.0,15.0,90.0,RUNNING
2024-03-06 08:00:00,ZONE_M03,20.1,60.0,-21.6,806.0,770.0,15.0,90.0,RUNNING
2024-03-06 08:00:00,ZONE_B01,21.0,53.3,-22.0,674.0,770.0,15.0,90.0,RUNNING
2024-03-06 08:00:00,ZONE_B02,20.1,60.0,-22.2,803.0,770.0,15.0,90.0,RUNNING
2024-03-06 09:00:00,ZONE_M01,19.4,53.7,-19.7,740.0,770.0,15.0,90.0,RUNNING
2024-03-06 09:00:00,ZONE_M02,19.7,52.6,-22.8,660.0,770.0,15.0,90.0,RUNNING
2024-03-06 09:00:00,ZONE_M03,20.1,57.7,-22.1,726.0,770.0,15.0,90.0,RUNNING
2024-03-06 09:00:00,ZONE_B01,20.6,58.6,-22.5,737.0,770.0,15.0,90.0,RUNNING
2024-03-06 09:00:00,ZONE_B02,19.4,59.2,-24.9,769.0,770.0,15.0,90.0,RUNNING
2024-03-06 10:00:00,ZONE_M01,19.9,53.5,-23.6,631.0,770.0,15.0,90.0,RUNNING
2024-03-06 10:00:00,ZONE_M02,19.8,56.0,-23.0,684.0,770.0,15.0,90.0,RUNNING
2024-03-06 10:00:00,ZONE_M03,19.7,58.5,-20.5,810.0,770.0,15.0,90.0,RUNNING
2024-03-06 10:00:00,ZONE_B01,18.5,54.4,-19.1,720.0,770.0,15.0,90.0,RUNNING
2024-03-06 10:00:00,ZONE_B02,19.5,60.0,-25.0,785.0,770.0,15.0,90.0,RUNNING
2024-03-06 11:00:00,ZONE_M01,20.3,60.0,-22.6,822.0,770.0,15.0,90.0,RUNNING
2024-03-06 11:00:00,ZONE_M02,18.9,60.0,-24.9,736.0,770.0,15.0,90.0,RUNNING
2024-03-06 11:00:00,ZONE_M03,20.6,56.8,-20.7,735.0,770.0,15.0,90.0,RUNNING
2024-03-06 11:00:00,ZONE_B01,19.7,60.0,-23.8,770.0,770.0,15.0,90.0,RUNNING
2024-03-06 11:00:00,ZONE_B02,19.9,59.7,-19.1,770.0,770.0,15.0,90.0,RUNNING
2024-03-06 12:00:00,ZONE_M01,21.1,48.9,-20.3,637.0,770.0,15.0,90.0,RUNNING
2024-03-06 12:00:00,ZONE_M02,19.8,54.6,-22.0,745.0,770.0,15.0,90.0,RUNNING
2024-03-06 12:00:00,ZONE_M03,19.9,55.4,-25.2,776.0,770.0,15.0,90.0,RUNNING
2024-03-06 12:00:00,ZONE_B01,21.0,56.2,-28.6,754.0,770.0,15.0,90.0,RUNNING
2024-03-06 12:00:00,ZONE_B02,19.6,51.8,-27.0,747.0,770.0,15.0,90.0,RUNNING
2024-03-06 13:00:00,ZONE_M01,19.2,56.9,-24.0,773.0,770.0,15.0,90.0,RUNNING
2024-03-06 13:00:00,ZONE_M02,20.8,43.6,-26.1,612.0,770.0,15.0,90.0,RUNNING
2024-03-06 13:00:00,ZONE_M03,19.5,54.0,-20.7,752.0,770.0,15.0,90.0,RUNNING
2024-03-06 13:00:00,ZONE_B01,20.6,54.1,-22.7,694.0,770.0,15.0,90.0,RUNNING
2024-03-06 13:00:00,ZONE_B02,19.2,60.0,-23.8,794.0,770.0,15.0,90.0,RUNNING
2024-03-06 14:00:00,ZONE_M01,20.9,59.3,-22.9,743.0,770.0,15.0,90.0,RUNNING
2024-03-06 14:00:00,ZONE_M02,19.3,60.0,-25.7,791.0,770.0,15.0,90.0,RUNNING
2024-03-06 14:00:00,ZONE_M03,19.7,47.6,-23.7,637.0,770.0,15.0,90.0,RUNNING
2024-03-06 14:00:00,ZONE_B01,20.5,51.1,-22.4,637.0,770.0,15.0,90.0,RUNNING
2024-03-06 14:00:00,ZONE_B02,19.9,60.0,-25.1,745.0,770.0,15.0,90.0,RUNNING
2024-03-06 15:00:00,ZONE_M01,19.6,48.8,-23.8,648.0,770.0,15.0,90.0,RUNNING
2024-03-06 15:00:00,ZONE_M02,20.3,59.6,-21.9,725.0,770.0,15.0,90.0,RUNNING
2024-03-06 15:00:00,ZONE_M03,19.9,43.9,-24.8,569.0,770.0,15.0,90.0,RUNNING
2024-03-06 15:00:00,ZONE_B01,20.0,46.2,-19.6,589.0,770.0,15.0,90.0,RUNNING
2024-03-06 15:00:00,ZONE_B02,19.8,57.7,-27.5,704.0,770.0,15.0,90.0,RUNNING
2024-03-06 16:00:00,ZONE_M01,21.1,47.6,-24.4,591.0,770.0,15.0,90.0,RUNNING
2024-03-06 16:00:00,ZONE_M02,20.1,56.2,-24.4,735.0,770.0,15.0,90.0,RUNNING
2024-03-06 16:00:00,ZONE_M03,19.9,47.7,-26.0,602.0,770.0,15.0,90.0,RUNNING
2024-03-06 16:00:00,ZONE_B01,18.7,55.2,-22.3,737.0,770.0,15.0,90.0,RUNNING
2024-03-06 16:00:00,ZONE_B02,19.9,59.8,-23.5,732.0,770.0,15.0,90.0,RUNNING
2024-03-06 17:00:00,ZONE_M01,19.3,60.0,-24.3,790.0,770.0,15.0,90.0,RUNNING
2024-03-06 17:00:00,ZONE_M02,19.7,55.2,-23.5,685.0,770.0,15.0,90.0,RUNNING
2024-03-06 17:00:00,ZONE_M03,20.6,55.3,-25.2,672.0,770.0,15.0,90.0,RUNNING
2024-03-06 17:00:00,ZONE_B01,19.7,54.6,-26.5,684.0,770.0,15.0,90.0,RUNNING
2024-03-06 17:00:00,ZONE_B02,20.2,56.7,-23.8,711.0,770.0,15.0,90.0,RUNNING
2024-03-06 18:00:00,ZONE_M01,20.5,51.6,-24.5,721.0,770.0,15.0,90.0,RUNNING
2024-03-06 18:00:00,ZONE_M02,20.0,53.5,-23.9,721.0,770.0,15.0,90.0,RUNNING
2024-03-06 18:00:00,ZONE_M03,19.9,53.4,-21.2,701.0,770.0,15.0,90.0,RUNNING
2024-03-06 18:00:00,ZONE_B01,19.7,53.7,-21.6,669.0,770.0,15.0,90.0,RUNNING
2024-03-06 18:00:00,ZONE_B02,20.2,59.6,-22.9,858.0,770.0,15.0,90.0,RUNNING
2024-03-06 19:00:00,ZONE_M01,20.5,60.0,-24.7,732.0,770.0,15.0,90.0,RUNNING
2024-03-06 19:00:00,ZONE_M02,19.5,59.4,-24.3,735.0,770.0,15.0,90.0,RUNNING
2024-03-06 19:00:00,ZONE_M03,19.5,60.0,-22.9,831.0,770.0,15.0,90.0,RUNNING
2024-03-06 19:00:00,ZONE_B01,19.8,53.3,-25.7,700.0,770.0,15.0,90.0,RUNNING
2024-03-06 19:00:00,ZONE_B02,20.6,59.7,-27.3,782.0,770.0,15.0,90.0,RUNNING
2024-03-06 20:00:00,ZONE_M01,18.9,52.8,-22.6,675.0,770.0,15.0,90.0,RUNNING
2024-03-06 20:00:00,ZONE_M02,20.4,60.0,-23.4,963.0,770.0,15.0,90.0,RUNNING
2024-03-06 20:00:00,ZONE_M03,19.7,60.0,-22.5,817.0,770.0,15.0,90.0,RUNNING
2024-03-06 20:00:00,ZONE_B01,19.8,58.6,-22.1,785.0,770.0,15.0,90.0,RUNNING
2024-03-06 20:00:00,ZONE_B02,19.1,49.9,-26.3,674.0,770.0,15.0,90.0,RUNNING
2024-03-06 21:00:00,ZONE_M01,20.3,52.5,-20.2,697.0,770.0,15.0,90.0,RUNNING
2024-03-06 21:00:00,ZONE_M02,19.9,60.0,-22.9,812.0,770.0,15.0,90.0,RUNNING
2024-03-06 21:00:00,ZONE_M03,20.4,60.0,-22.2,881.0,770.0,15.0,90.0,RUNNING
2024-03-06 21:00:00,ZONE_B01,19.5,54.0,-23.1,715.0,770.0,15.0,90.0,RUNNING
2024-03-06 21:00:00,ZONE_B02,20.0,55.0,-22.7,850.0,770.0,15.0,90.0,RUNNING
2024-03-06 22:00:00,ZONE_M01,21.3,56.4,-25.0,677.0,770.0,15.0,90.0,RUNNING
2024-03-06 22:00:00,ZONE_M02,19.9,42.1,-28.4,585.0,770.0,15.0,90.0,RUNNING
2024-03-06 22:00:00,ZONE_M03,19.4,54.0,-23.2,725.0,770.0,15.0,90.0,RUNNING
2024-03-06 22:00:00,ZONE_B01,19.7,60.0,-21.9,775.0,770.0,15.0,90.0,RUNNING
2024-03-06 22:00:00,ZONE_B02,20.1,55.2,-24.1,687.0,770.0,15.0,90.0,RUNNING
2024-03-06 23:00:00,ZONE_M01,16.2,44.5,-23.2,544.0,770.0,15.0,90.0,RUNNING
2024-03-06 23:00:00,ZONE_M02,15.8,39.4,-21.5,486.0,770.0,15.0,90.0,RUNNING
2024-03-06 23:00:00,ZONE_M03,15.8,42.4,-24.4,515.0,770.0,15.0,90.0,RUNNING
2024-03-06 23:00:00,ZONE_B01,15.4,41.1,-26.5,480.0,770.0,15.0,90.0,RUNNING
2024-03-06 23:00:00,ZONE_B02,16.1,43.0,-21.0,511.0,770.0,15.0,90.0,RUNNING
2024-03-07 00:00:00,ZONE_M01,15.3,40.5,-26.8,495.0,770.0,15.0,90.0,RUNNING
2024-03-07 00:00:00,ZONE_M02,16.3,41.1,-21.7,475.0,770.0,15.0,90.0,RUNNING
2024-03-07 00:00:00,ZONE_M03,15.6,43.2,-26.2,493.0,770.0,15.0,90.0,RUNNING
2024-03-07 00:00:00,ZONE_B01,16.0,36.7,-23.6,502.0,770.0,15.0,90.0,RUNNING
2024-03-07 00:00:00,ZONE_B02,15.2,42.2,-20.6,493.0,770.0,15.0,90.0,RUNNING
2024-03-07 01:00:00,ZONE_M01,15.8,41.6,-22.7,541.0,770.0,15.0,90.0,RUNNING
2024-03-07 01:00:00,ZONE_M02,16.7,35.2,-21.4,499.0,770.0,15.0,90.0,RUNNING
2024-03-07 01:00:00,ZONE_M03,15.5,46.4,-23.1,508.0,770.0,15.0,90.0,RUNNING
2024-03-07 01:00:00,ZONE_B01,15.3,41.2,-24.0,451.0,770.0,15.0,90.0,RUNNING
2024-03-07 01:00:00,ZONE_B02,15.9,40.1,-25.4,491.0,770.0,15.0,90.0,RUNNING
2024-03-07 02:00:00,ZONE_M01,16.2,37.7,-27.6,486.0,770.0,15.0,90.0,RUNNING
2024-03-07 02:00:00,ZONE_M02,15.5,40.4,-24.3,457.0,770.0,15.0,90.0,RUNNING
2024-03-07 02:00:00,ZONE_M03,16.1,40.1,-21.5,472.0,770.0,15.0,90.0,RUNNING
2024-03-07 02:00:00,ZONE_B01,14.6,42.8,-22.9,505.0,770.0,15.0,90.0,RUNNING
2024-03-07 02:00:00,ZONE_B02,16.4,47.3,-26.3,511.0,770.0,15.0,90.0,RUNNING
2024-03-07 03:00:00,ZONE_M01,16.1,37.6,-25.8,430.0,770.0,15.0,90.0,RUNNING
2024-03-07 03:00:00,ZONE_M02,15.6,40.6,-24.0,447.0,770.0,15.0,90.0,RUNNING
2024-03-07 03:00:00,ZONE_M03,15.5,38.5,-21.9,455.0,770.0,15.0,90.0,RUNNING
2024-03-07 03:00:00,ZONE_B01,15.6,37.6,-20.5,471.0,770.0,15.0,90.0,RUNNING
2024-03-07 03:00:00,ZONE_B02,16.2,36.4,-23.5,422.0,770.0,15.0,90.0,RUNNING
2024-03-07 04:00:00,ZONE_M01,15.9,41.4,-18.0,429.0,770.0,15.0,90.0,RUNNING
2024-03-07 04:00:00,ZONE_M02,16.1,35.0,-23.0,432.0,770.0,15.0,90.0,RUNNING
2024-03-07 04:00:00,ZONE_M03,16.0,40.1,-26.6,462.0,770.0,15.0,90.0,RUNNING
2024-03-07 04:00:00,ZONE_B01,16.3,37.4,-27.0,492.0,770.0,15.0,90.0,RUNNING
2024-03-07 04:00:00,ZONE_B02,16.1,39.8,-25.4,390.0,770.0,15.0,90.0,RUNNING
2024-03-07 05:00:00,ZONE_M01,16.4,39.3,-22.1,502.0,770.0,15.0,90.0,RUNNING
2024-03-07 05:00:00,ZONE_M02,15.1,39.0,-23.7,493.0,770.0,15.0,90.0,RUNNING
2024-03-07 05:00:00,ZONE_M03,17.3,37.4,-23.3,429.0,770.0,15.0,90.0,RUNNING
2024-03-07 05:00:00,ZONE_B01,15.8,34.9,-23.8,476.0,770.0,15.0,90.0,RUNNING
2024-03-07 05:00:00,ZONE_B02,15.5,47.7,-24.3,512.0,770.0,15.0,90.0,RUNNING
2024-03-07 06:00:00,ZONE_M01,19.4,54.4,-21.7,690.0,770.0,15.0,90.0,RUNNING
2024-03-07 06:00:00,ZONE_M02,20.1,60.0,-22.1,785.0,770.0,15.0,90.0,RUNNING
2024-03-07 06:00:00,ZONE_M03,19.4,47.9,-25.1,614.0,770.0,15.0,90.0,RUNNING
2024-03-07 06:00:00,ZONE_B01,20.6,55.0,-22.8,744.0,770.0,15.0,90.0,RUNNING
2024-03-07 06:00:00,ZONE_B02,20.2,60.0,-29.6,717.0,770.0,15.0,90.0,RUNNING
2024-03-07 07:00:00,ZONE_M01,20.4,60.0,-27.8,843.0,770.0,15.0,90.0,RUNNING
2024-03-07 07:00:00,ZONE_M02,19.1,58.6,-23.9,719.0,770.0,15.0,90.0,RUNNING
2024-03-07 07:00:00,ZONE_M03,19.2,52.4,-25.2,702.0,770.0,15.0,90.0,RUNNING
2024-03-07 07:00:00,ZONE_B01,20.0,55.2,-24.0,715.0,770.0,15.0,90.0,RUNNING
2024-03-07 07:00:00,ZONE_B02,19.8,52.3,-24.3,617.0,770.0,15.0,90.0,RUNNING
2024-03-07 08:00:00,ZONE_M01,20.0,60.0,-25.5,842.0,770.0,15.0,90.0,RUNNING
2024-03-07 08:00:00,ZONE_M02,19.8,50.1,-23.0,659.0,770.0,15.0,90.0,RUNNING
2024-03-07 08:00:00,ZONE_M03,20.2,60.0,-23.0,840.0,770.0,15.0,90.0,RUNNING
2024-03-07 08:00:00,ZONE_B01,20.2,60.0,-25.1,898.0,770.0,15.0,90.0,RUNNING
2024-03-07 08:00:00,ZONE_B02,19.9,54.3,-22.4,712.0,770.0,15.0,90.0,RUNNING
2024-03-07 09:00:00,ZONE_M01,20.4,52.0,-23.2,614.0,770.0,15.0,90.0,RUNNING
2024-03-07 09:00:00,ZONE_M02,20.7,50.2,-22.9,659.0,770.0,15.0,90.0,RUNNING
2024-03-07 09:00:00,ZONE_M03,20.1,50.9,-22.0,610.0,770.0,15.0,90.0,RUNNING
2024-03-07 09:00:00,ZONE_B01,19.4,52.1,-24.4,639.0,770.0,15.0,90.0,RUNNING
2024-03-07 09:00:00,ZONE_B02,20.4,50.9,-19.5,670.0,770.0,15.0,90.0,RUNNING
2024-03-07 10:00:00,ZONE_M01,19.1,60.0,-26.3,927.0,770.0,15.0,90.0,RUNNING
2024-03-07 10:00:00,ZONE_M02,20.0,60.0,-22.2,886.0,770.0,15.0,90.0,RUNNING
2024-03-07 10:00:00,ZONE_M03,19.3,60.0,-22.2,839.0,770.0,15.0,90.0,RUNNING
2024-03-07 10:00:00,ZONE_B01,20.9,60.0,-23.0,726.0,770.0,15.0,90.0,RUNNING
2024-03-07 10:00:00,ZONE_B02,19.9,53.4,-25.8,649.0,770.0,15.0,90.0,RUNNING
2024-03-07 11:00:00,ZONE_M01,19.8,60.0,-25.8,923.0,770.0,15.0,90.0,RUNNING
2024-03-07 11:00:00,ZONE_M02,20.0,60.0,-23.3,917.0,770.0,15.0,90.0,RUNNING
2024-03-07 11:00:00,ZONE_M03,20.1,59.7,-24.4,789.0,770.0,15.0,90.0,RUNNING
2024-03-07 11:00:00,ZONE_B01,20.5,41.5,-20.5,537.0,770.0,15.0,90.0,RUNNING
2024-03-07 11:00:00,ZONE_B02,20.4,53.0,-18.5,680.0,770.0,15.0,90.0,RUNNING
2024-03-07 12:00:00,ZONE_M01,19.0,60.0,-22.8,757.0,770.0,15.0,90.0,RUNNING
2024-03-07 12:00:00,ZONE_M02,20.2,60.0,-22.6,814.0,770.0,15.0,90.0,RUNNING
2024-03-07 12:00:00,ZONE_M03,20.1,60.0,-25.5,829.0,770.0,15.0,90.0,RUNNING
2024-03-07 12:00:00,ZONE_B01,20.1,54.4,-23.2,702.0,770.0,15.0,90.0,RUNNING
2024-03-07 12:00:00,ZONE_B02,19.9,60.0,-26.0,860.0,770.0,15.0,90.0,RUNNING
2024-03-07 13:00:00,ZONE_M01,20.3,60.0,-24.3,770.0,770.0,15.0,90.0,RUNNING
2024-03-07 13:00:00,ZONE_M02,19.1,58.6,-22.9,820.0,770.0,15.0,90.0,RUNNING
2024-03-07 13:00:00,ZONE_M03,19.5,60.0,-23.5,794.0,770.0,15.0,90.0,RUNNING
2024-03-07 13:00:00,ZONE_B01,19.7,54.2,-21.5,696.0,770.0,15.0,90.0,RUNNING
2024-03-07 13:00:00,ZONE_B02,19.5,54.7,-22.7,703.0,770.0,15.0,90.0,RUNNING
2024-03-07 14:00:00,ZONE_M01,19.5,52.8,-23.7,645.0,770.0,15.0,90.0,RUNNING
2024-03-07 14:00:00,ZONE_M02,20.5,60.0,-22.6,781.0,770.0,15.0,90.0,RUNNING
2024-03-07 14:00:00,ZONE_M03,19.8,58.0,-26.6,690.0,770.0,15.0,90.0,RUNNING
2024-03-07 14:00:00,ZONE_B01,20.1,53.5,-21.9,657.0,770.0,15.0,90.0,RUNNING
2024-03-07 14:00:00,ZONE_B02,19.7,55.4,-26.4,644.0,770.0,15.0,90.0,RUNNING
2024-03-07 15:00:00,ZONE_M01,20.8,53.5,-24.8,792.0,770.0,15.0,90.0,RUNNING
2024-03-07 15:00:00,ZONE_M02,20.2,60.0,-26.3,880.0,770.0,15.0,90.0,RUNNING
2024-03-07 15:00:00,ZONE_M03,20.3,60.0,-23.7,851.0,770.0,15.0,90.0,RUNNING
2024-03-07 15:00:00,ZONE_B01,19.7,60.0,-21.7,832.0,770.0,15.0,90.0,RUNNING
2024-03-07 15:00:00,ZONE_B02,19.8,60.0,-21.7,781.0,770.0,15.0,90.0,RUNNING
2024-03-07 16:00:00,ZONE_M01,19.3,60.0,-27.7,888.0,770.0,15.0,90.0,RUNNING
2024-03-07 16:00:00,ZONE_M02,20.1,56.5,-23.9,708.0,770.0,15.0,90.0,RUNNING
2024-03-07 16:00:00,ZONE_M03,20.1,60.0,-22.3,827.0,770.0,15.0,90.0,RUNNING
2024-03-07 16:00:00,ZONE_B01,19.4,56.1,-23.4,806.0,770.0,15.0,90.0,RUNNING
2024-03-07 16:00:00,ZONE_B02,20.2,53.9,-22.5,716.0,770.0,15.0,90.0,RUNNING
2024-03-07 17:00:00,ZONE_M01,19.6,43.7,-22.9,661.0,770.0,15.0,90.0,RUNNING
2024-03-07 17:00:00,ZONE_M02,20.0,57.9,-24.8,755.0,770.0,15.0,90.0,RUNNING
2024-03-07 17:00:00,ZONE_M03,20.1,57.6,-25.2,795.0,770.0,15.0,90.0,RUNNING
2024-03-07 17:00:00,ZONE_B01,20.4,60.0,-21.6,701.0,770.0,15.0,90.0,RUNNING
2024-03-07 17:00:00,ZONE_B02,20.0,52.9,-22.6,698.0,770.0,15.0,90.0,RUNNING
2024-03-07 18:00:00,ZONE_M01,19.4,54.2,-25.5,692.0,770.0,15.0,90.0,RUNNING
2024-03-07 18:00:00,ZONE_M02,19.7,60.0,-25.9,895.0,770.0,15.0,90.0,RUNNING
2024-03-07 18:00:00,ZONE_M03,20.1,56.7,-21.9,765.0,770.0,15.0,90.0,RUNNING
2024-03-07 18:00:00,ZONE_B01,20.1,56.7,-22.5,746.0,770.0,15.0,90.0,RUNNING
2024-03-07 18:00:00,ZONE_B02,19.6,55.4,-26.8,663.0,770.0,15.0,90.0,RUNNING
2024-03-07 19:00:00,ZONE_M01,19.8,60.0,-26.7,915.0,770.0,15.0,90.0,RUNNING
2024-03-07 19:00:00,ZONE_M02,19.9,59.9,-20.2,773.0,770.0,15.0,90.0,RUNNING
2024-03-07 19:00:00,ZONE_M03,20.2,57.4,-24.4,677.0,770.0,15.0,90.0,RUNNING
2024-03-07 19:00:00,ZONE_B01,20.0,60.0,-22.2,810.0,770.0,15.0,90.0,RUNNING
2024-03-07 19:00:00,ZONE_B02,20.0,51.7,-24.0,717.0,770.0,15.0,90.0,RUNNING
2024-03-07 20:00:00,ZONE_M01,20.2,60.0,-21.9,882.0,770.0,15.0,90.0,RUNNING
2024-03-07 20:00:00,ZONE_M02,20.6,60.0,-22.6,687.0,770.0,15.0,90.0,RUNNING
2024-03-07 20:00:00,ZONE_M03,19.3,59.3,-24.0,732.0,770.0,15.0,90.0,RUNNING
2024-03-07 20:00:00,ZONE_B01,20.2,57.4,-24.4,760.0,770.0,15.0,90.0,RUNNING
2024-03-07 20:00:00,ZONE_B02,20.0,47.7,-20.2,615.0,770.0,15.0,90.0,RUNNING
2024-03-07 21:00:00,ZONE_M01,20.7,60.0,-25.0,869.0,770.0,15.0,90.0,RUNNING
2024-03-07 21:00:00,ZONE_M02,19.4,60.0,-25.4,848.0,770.0,15.0,90.0,RUNNING
2024-03-07 21:00:00,ZONE_M03,19.8,56.7,-25.5,705.0,770.0,15.0,90.0,RUNNING
2024-03-07 21:00:00,ZONE_B01,20.0,60.0,-27.0,865.0,770.0,15.0,90.0,RUNNING
2024-03-07 21:00:00,ZONE_B02,19.2,50.1,-23.7,645.0,770.0,15.0,90.0,RUNNING
2024-03-07 22:00:00,ZONE_M01,19.6,47.8,-24.1,644.0,770.0,15.0,90.0,RUNNING
2024-03-07 22:00:00,ZONE_M02,20.1,60.0,-21.5,816.0,770.0,15.0,90.0,RUNNING
2024-03-07 22:00:00,ZONE_M03,19.9,60.0,-27.0,824.0,770.0,15.0,90.0,RUNNING
2024-03-07 22:00:00,ZONE_B01,20.0,56.9,-24.1,757.0,770.0,15.0,90.0,RUNNING
2024-03-07 22:00:00,ZONE_B02,19.9,54.3,-26.6,705.0,770.0,15.0,90.0,RUNNING
2024-03-07 23:00:00,ZONE_M01,16.3,42.9,-25.4,480.0,770.0,15.0,90.0,RUNNING
2024-03-07 23:00:00,ZONE_M02,15.8,37.5,-24.0,472.0,770.0,15.0,90.0,RUNNING
2024-03-07 23:00:00,ZONE_M03,16.0,42.6,-25.0,470.0,770.0,15.0,90.0,RUNNING
2024-03-07 23:00:00,ZONE_B01,17.1,38.1,-24.4,437.0,770.0,15.0,90.0,RUNNING
2024-03-07 23:00:00,ZONE_B02,16.2,39.0,-25.5,479.0,770.0,15.0,90.0,RUNNING
2024-03-08 00:00:00,ZONE_M01,15.6,39.8,-22.6,530.0,770.0,15.0,90.0,RUNNING
2024-03-08 00:00:00,ZONE_M02,16.0,40.9,-20.7,453.0,770.0,15.0,90.0,RUNNING
2024-03-08 00:00:00,ZONE_M03,17.2,40.4,-23.0,467.0,770.0,15.0,90.0,RUNNING
2024-03-08 00:00:00,ZONE_B01,16.5,39.1,-25.0,445.0,770.0,15.0,90.0,RUNNING
2024-03-08 00:00:00,ZONE_B02,16.2,43.6,-21.6,505.0,770.0,15.0,90.0,RUNNING
2024-03-08 01:00:00,ZONE_M01,16.0,42.7,-25.1,526.0,770.0,15.0,90.0,RUNNING
2024-03-08 01:00:00,ZONE_M02,15.5,38.0,-22.3,441.0,770.0,15.0,90.0,RUNNING
2024-03-08 01:00:00,ZONE_M03,15.5,37.7,-24.8,405.0,770.0,15.0,90.0,RUNNING
2024-03-08 01:00:00,ZONE_B01,16.3,41.5,-25.5,568.0,770.0,15.0,90.0,RUNNING
2024-03-08 01:00:00,ZONE_B02,17.0,41.6,-23.1,517.0,770.0,15.0,90.0,RUNNING
2024-03-08 02:00:00,ZONE_M01,15.7,46.5,-20.9,451.0,770.0,15.0,90.0,RUNNING
2024-03-08 02:00:00,ZONE_M02,15.4,41.6,-27.9,526.0,770.0,15.0,90.0,RUNNING
2024-03-08 02:00:00,ZONE_M03,16.1,41.4,-25.2,483.0,770.0,15.0,90.0,RUNNING
2024-03-08 02:00:00,ZONE_B01,17.1,36.9,-22.0,503.0,770.0,15.0,90.0,RUNNING
2024-03-08 02:00:00,ZONE_B02,16.8,42.0,-23.1,523.0,770.0,15.0,90.0,RUNNING
2024-03-08 03:00:00,ZONE_M01,16.6,35.1,-24.7,462.0,770.0,15.0,90.0,RUNNING
2024-03-08 03:00:00,ZONE_M02,16.1,41.6,-26.1,476.0,770.0,15.0,90.0,RUNNING
2024-03-08 03:00:00,ZONE_M03,16.6,40.5,-22.4,515.0,770.0,15.0,90.0,RUNNING
2024-03-08 03:00:00,ZONE_B01,16.2,37.1,-24.7,416.0,770.0,15.0,90.0,RUNNING
2024-03-08 03:00:00,ZONE_B02,16.1,39.3,-23.4,427.0,770.0,15.0,90.0,RUNNING
2024-03-08 04:00:00,ZONE_M01,16.5,38.6,-25.6,473.0,770.0,15.0,90.0,RUNNING
2024-03-08 04:00:00,ZONE_M02,15.7,43.1,-22.2,474.0,770.0,15.0,90.0,RUNNING
2024-03-08 04:00:00,ZONE_M03,16.7,37.8,-24.4,481.0,770.0,15.0,90.0,RUNNING
2024-03-08 04:00:00,ZONE_B01,16.6,43.1,-24.9,477.0,770.0,15.0,90.0,RUNNING
2024-03-08 04:00:00,ZONE_B02,15.6,36.8,-20.7,448.0,770.0,15.0,90.0,RUNNING
2024-03-08 05:00:00,ZONE_M01,15.6,42.3,-24.1,493.0,770.0,15.0,90.0,RUNNING
2024-03-08 05:00:00,ZONE_M02,16.2,34.2,-27.7,442.0,770.0,15.0,90.0,RUNNING
2024-03-08 05:00:00,ZONE_M03,16.4,50.2,-19.8,532.0,770.0,15.0,90.0,RUNNING
2024-03-08 05:00:00,ZONE_B01,16.2,37.0,-24.1,489.0,770.0,15.0,90.0,RUNNING
2024-03-08 05:00:00,ZONE_B02,16.5,42.7,-22.6,534.0,770.0,15.0,90.0,RUNNING
2024-03-08 06:00:00,ZONE_M01,20.1,53.9,-23.8,658.0,770.0,15.0,90.0,RUNNING
2024-03-08 06:00:00,ZONE_M02,20.2,47.5,-20.8,677.0,770.0,15.0,90.0,RUNNING
2024-03-08 06:00:00,ZONE_M03,19.2,52.4,-22.9,624.0,770.0,15.0,90.0,RUNNING
2024-03-08 06:00:00,ZONE_B01,19.7,57.9,-24.8,746.0,770.0,15.0,90.0,RUNNING
2024-03-08 06:00:00,ZONE_B02,21.3,59.2,-26.5,746.0,770.0,15.0,90.0,RUNNING
2024-03-08 07:00:00,ZONE_M01,20.6,60.0,-24.7,797.0,770.0,15.0,90.0,RUNNING
2024-03-08 07:00:00,ZONE_M02,19.8,49.8,-24.5,717.0,770.0,15.0,90.0,RUNNING
2024-03-08 07:00:00,ZONE_M03,19.7,51.4,-20.7,682.0,770.0,15.0,90.0,RUNNING
2024-03-08 07:00:00,ZONE_B01,19.2,60.0,-27.1,865.0,770.0,15.0,90.0,RUNNING
2024-03-08 07:00:00,ZONE_B02,19.7,60.0,-22.9,861.0,770.0,15.0,90.0,RUNNING
2024-03-08 08:00:00,ZONE_M01,19.5,57.0,-25.8,700.0,770.0,15.0,90.0,RUNNING
2024-03-08 08:00:00,ZONE_M02,20.3,57.7,-26.2,719.0,770.0,15.0,90.0,RUNNING
2024-03-08 08:00:00,ZONE_M03,19.5,56.6,-24.1,678.0,770.0,15.0,90.0,RUNNING
2024-03-08 08:00:00,ZONE_B01,19.3,56.7,-20.7,722.0,770.0,15.0,90.0,RUNNING
2024-03-08 08:00:00,ZONE_B02,20.2,60.0,-26.4,888.0,770.0,15.0,90.0,RUNNING
2024-03-08 09:00:00,ZONE_M01,20.4,60.0,-22.7,855.0,770.0,15.0,90.0,RUNNING
2024-03-08 09:00:00,ZONE_M02,20.1,60.0,-20.8,789.0,770.0,15.0,90.0,RUNNING
2024-03-08 09:00:00,ZONE_M03,20.1,43.5,-25.0,634.0,770.0,15.0,90.0,RUNNING
2024-03-08 09:00:00,ZONE_B01,19.7,54.9,-18.9,693.0,770.0,15.0,90.0,RUNNING
2024-03-08 09:00:00,ZONE_B02,20.2,57.2,-22.5,731.0,770.0,15.0,90.0,RUNNING
2024-03-08 10:00:00,ZONE_M01,20.8,59.6,-26.8,774.0,770.0,15.0,90.0,RUNNING
2024-03-08 10:00:00,ZONE_M02,20.3,54.5,-21.2,662.0,770.0,15.0,90.0,RUNNING
2024-03-08 10:00:00,ZONE_M03,19.8,55.0,-26.9,762.0,770.0,15.0,90.0,RUNNING
2024-03-08 10:00:00,ZONE_B01,21.3,60.0,-22.5,762.0,770.0,15.0,90.0,RUNNING
2024-03-08 10:00:00,ZONE_B02,20.6,52.1,-23.9,734.0,770.0,15.0,90.0,RUNNING
2024-03-08 11:00:00,ZONE_M01,20.1,60.0,-27.9,767.0,770.0,15.0,90.0,RUNNING
2024-03-08 11:00:00,ZONE_M02,20.3,60.0,-22.5,854.0,770.0,15.0,90.0,RUNNING
2024-03-08 11:00:00,ZONE_M03,19.8,60.0,-25.2,932.0,770.0,15.0,90.0,RUNNING
2024-03-08 11:00:00,ZONE_B01,19.1,42.8,-24.4,568.0,770.0,15.0,90.0,RUNNING
2024-03-08 11:00:00,ZONE_B02,20.0,56.1,-22.7,658.0,770.0,15.0,90.0,RUNNING
2024-03-08 12:00:00,ZONE_M01,19.9,60.0,-27.6,715.0,770.0,15.0,90.0,RUNNING
2024-03-08 12:00:00,ZONE_M02,20.1,47.5,-23.1,661.0,770.0,15.0,90.0,RUNNING
2024-03-08 12:00:00,ZONE_M03,19.1,58.3,-22.0,704.0,770.0,15.0,90.0,RUNNING
2024-03-08 12:00:00,ZONE_B01,20.7,60.0,-19.5,745.0,770.0,15.0,90.0,RUNNING
2024-03-08 12:00:00,ZONE_B02,19.1,51.7,-25.5,643.0,770.0,15.0,90.0,RUNNING
2024-03-08 13:00:00,ZONE_M01,19.3,60.0,-26.0,824.0,770.0,15.0,90.0,RUNNING
2024-03-08 13:00:00,ZONE_M02,19.7,57.8,-20.3,753.0,770.0,15.0,90.0,RUNNING
2024-03-08 13:00:00,ZONE_M03,19.4,60.0,-20.3,810.0,770.0,15.0,90.0,RUNNING
2024-03-08 13:00:00,ZONE_B01,20.0,60.0,-23.4,840.0,770.0,15.0,90.0,RUNNING
2024-03-08 13:00:00,ZONE_B02,19.9,52.8,-25.6,684.0,770.0,15.0,90.0,RUNNING
2024-03-08 14:00:00,ZONE_M01,20.3,55.3,-23.8,723.0,770.0,15.0,90.0,RUNNING
2024-03-08 14:00:00,ZONE_M02,20.0,47.6,-22.3,547.0,770.0,15.0,90.0,RUNNING
2024-03-08 14:00:00,ZONE_M03,20.2,55.1,-22.9,621.0,770.0,15.0,90.0,RUNNING
2024-03-08 14:00:00,ZONE_B01,20.1,48.1,-23.2,659.0,770.0,15.0,90.0,RUNNING
2024-03-08 14:00:00,ZONE_B02,20.0,58.4,-22.3,706.0,770.0,15.0,90.0,RUNNING
2024-03-08 15:00:00,ZONE_M01,19.9,49.9,-22.5,645.0,770.0,15.0,90.0,RUNNING
2024-03-08 15:00:00,ZONE_M02,20.2,60.0,-23.7,712.0,770.0,15.0,90.0,RUNNING
2024-03-08 15:00:00,ZONE_M03,21.2,46.6,-23.9,647.0,770.0,15.0,90.0,RUNNING
2024-03-08 15:00:00,ZONE_B01,20.8,60.0,-26.0,854.0,770.0,15.0,90.0,RUNNING
2024-03-08 15:00:00,ZONE_B02,20.6,54.1,-23.9,745.0,770.0,15.0,90.0,RUNNING
2024-03-08 16:00:00,ZONE_M01,19.5,60.0,-27.4,849.0,770.0,15.0,90.0,RUNNING
2024-03-08 16:00:00,ZONE_M02,19.9,60.0,-27.1,826.0,770.0,15.0,90.0,RUNNING
2024-03-08 16:00:00,ZONE_M03,19.2,49.9,-24.6,653.0,770.0,15.0,90.0,RUNNING
2024-03-08 16:00:00,ZONE_B01,20.5,60.0,-26.0,829.0,770.0,15.0,90.0,RUNNING
2024-03-08 16:00:00,ZONE_B02,19.9,60.0,-23.3,827.0,770.0,15.0,90.0,RUNNING
2024-03-08 17:00:00,ZONE_M01,20.1,56.8,-23.0,758.0,770.0,15.0,90.0,RUNNING
2024-03-08 17:00:00,ZONE_M02,20.0,52.2,-23.0,692.0,770.0,15.0,90.0,RUNNING
2024-03-08 17:00:00,ZONE_M03,20.6,57.7,-24.9,685.0,770.0,15.0,90.0,RUNNING
2024-03-08 17:00:00,ZONE_B01,20.3,59.1,-24.6,749.0,770.0,15.0,90.0,RUNNING
2024-03-08 17:00:00,ZONE_B02,19.8,60.0,-25.6,704.0,770.0,15.0,90.0,RUNNING
2024-03-08 18:00:00,ZONE_M01,19.4,57.7,-20.4,738.0,770.0,15.0,90.0,RUNNING
2024-03-08 18:00:00,ZONE_M02,20.0,60.0,-23.3,1013.0,770.0,15.0,90.0,RUNNING
2024-03-08 18:00:00,ZONE_M03,20.1,60.0,-21.0,738.0,770.0,15.0,90.0,RUNNING
2024-03-08 18:00:00,ZONE_B01,20.1,52.3,-25.8,692.0,770.0,15.0,90.0,RUNNING
2024-03-08 18:00:00,ZONE_B02,21.0,59.1,-19.6,703.0,770.0,15.0,90.0,RUNNING
2024-03-08 19:00:00,ZONE_M01,19.3,60.0,-20.8,786.0,770.0,15.0,90.0,RUNNING
2024-03-08 19:00:00,ZONE_M02,21.1,60.0,-25.6,807.0,770.0,15.0,90.0,RUNNING
2024-03-08 19:00:00,ZONE_M03,20.6,60.0,-25.7,787.0,770.0,15.0,90.0,RUNNING
2024-03-08 19:00:00,ZONE_B01,20.3,47.9,-21.1,501.0,770.0,15.0,90.0,RUNNING
2024-03-08 19:00:00,ZONE_B02,20.1,60.0,-25.3,808.0,770.0,15.0,90.0,RUNNING
2024-03-08 20:00:00,ZONE_M01,20.3,60.0,-26.8,846.0,770.0,15.0,90.0,RUNNING
2024-03-08 20:00:00,ZONE_M02,18.9,53.9,-23.6,787.0,770.0,15.0,90.0,RUNNING
2024-03-08 20:00:00,ZONE_M03,20.3,54.0,-24.5,637.0,770.0,15.0,90.0,RUNNING
2024-03-08 20:00:00,ZONE_B01,19.6,58.5,-21.2,765.0,770.0,15.0,90.0,RUNNING
2024-03-08 20:00:00,ZONE_B02,20.1,51.4,-27.8,663.0,770.0,15.0,90.0,RUNNING
2024-03-08 21:00:00,ZONE_M01,19.4,46.6,-23.0,630.0,770.0,15.0,90.0,RUNNING
2024-03-08 21:00:00,ZONE_M02,20.2,60.0,-24.4,714.0,770.0,15.0,90.0,RUNNING
2024-03-08 21:00:00,ZONE_M03,19.6,54.6,-25.9,724.0,770.0,15.0,90.0,RUNNING
2024-03-08 21:00:00,ZONE_B01,20.3,53.6,-22.1,768.0,770.0,15.0,90.0,RUNNING
2024-03-08 21:00:00,ZONE_B02,19.1,57.2,-23.4,735.0,770.0,15.0,90.0,RUNNING
2024-03-08 22:00:00,ZONE_M01,20.1,58.2,-24.2,812.0,770.0,15.0,90.0,RUNNING
2024-03-08 22:00:00,ZONE_M02,20.7,55.9,-24.1,760.0,770.0,15.0,90.0,RUNNING
2024-03-08 22:00:00,ZONE_M03,20.1,53.6,-24.2,594.0,770.0,15.0,90.0,RUNNING
2024-03-08 22:00:00,ZONE_B01,20.1,43.9,-23.9,627.0,770.0,15.0,90.0,RUNNING
2024-03-08 22:00:00,ZONE_B02,20.1,55.6,-25.1,744.0,770.0,15.0,90.0,RUNNING
2024-03-08 23:00:00,ZONE_M01,16.7,43.4,-21.6,491.0,770.0,15.0,90.0,RUNNING
2024-03-08 23:00:00,ZONE_M02,16.1,37.2,-25.9,489.0,770.0,15.0,90.0,RUNNING
2024-03-08 23:00:00,ZONE_M03,16.4,42.9,-26.6,491.0,770.0,15.0,90.0,RUNNING
2024-03-08 23:00:00,ZONE_B01,15.9,40.4,-21.4,503.0,770.0,15.0,90.0,RUNNING
2024-03-08 23:00:00,ZONE_B02,16.6,34.1,-26.0,479.0,770.0,15.0,90.0,RUNNING
2024-03-09 00:00:00,ZONE_M01,16.4,45.4,-25.9,519.0,770.0,15.0,90.0,RUNNING
2024-03-09 00:00:00,ZONE_M02,16.4,37.2,-21.2,436.0,770.0,15.0,90.0,RUNNING
2024-03-09 00:00:00,ZONE_M03,15.8,45.1,-23.9,471.0,770.0,15.0,90.0,RUNNING
2024-03-09 00:00:00,ZONE_B01,16.1,38.1,-23.4,475.0,770.0,15.0,90.0,RUNNING
2024-03-09 00:00:00,ZONE_B02,16.8,36.9,-24.5,444.0,770.0,15.0,90.0,RUNNING
2024-03-09 01:00:00,ZONE_M01,15.1,43.9,-22.9,514.0,770.0,15.0,90.0,RUNNING
2024-03-09 01:00:00,ZONE_M02,16.1,43.9,-23.2,520.0,770.0,15.0,90.0,RUNNING
2024-03-09 01:00:00,ZONE_M03,16.1,41.9,-24.8,439.0,770.0,15.0,90.0,RUNNING
2024-03-09 01:00:00,ZONE_B01,15.2,36.0,-22.6,437.0,770.0,15.0,90.0,RUNNING
2024-03-09 01:00:00,ZONE_B02,16.1,36.4,-24.1,489.0,770.0,15.0,90.0,RUNNING
2024-03-09 02:00:00,ZONE_M01,15.3,42.9,-20.4,524.0,770.0,15.0,90.0,RUNNING
2024-03-09 02:00:00,ZONE_M02,16.2,37.5,-24.9,414.0,770.0,15.0,90.0,RUNNING
2024-03-09 02:00:00,ZONE_M03,16.5,39.0,-23.4,426.0,770.0,15.0,90.0,RUNNING
2024-03-09 02:00:00,ZONE_B01,15.7,36.5,-26.5,458.0,770.0,15.0,90.0,RUNNING
2024-03-09 02:00:00,ZONE_B02,15.5,36.2,-25.2,441.0,770.0,15.0,90.0,RUNNING
2024-03-09 03:00:00,ZONE_M01,16.6,33.2,-26.3,418.0,770.0,15.0,90.0,RUNNING
2024-03-09 03:00:00,ZONE_M02,16.1,42.1,-21.3,506.0,770.0,15.0,90.0,RUNNING
2024-03-09 03:00:00,ZONE_M03,15.2,38.3,-22.3,520.0,770.0,15.0,90.0,RUNNING
2024-03-09 03:00:00,ZONE_B01,16.4,38.0,-23.0,495.0,770.0,15.0,90.0,RUNNING
2024-03-09 03:00:00,ZONE_B02,15.3,34.7,-25.0,450.0,770.0,15.0,90.0,RUNNING
2024-03-09 04:00:00,ZONE_M01,15.3,43.3,-23.7,498.0,770.0,15.0,90.0,RUNNING
2024-03-09 04:00:00,ZONE_M02,15.7,38.3,-23.2,449.0,770.0,15.0,90.0,RUNNING
2024-03-09 04:00:00,ZONE_M03,15.6,36.6,-22.8,471.0,770.0,15.0,90.0,RUNNING
2024-03-09 04:00:00,ZONE_B01,15.3,38.8,-28.3,453.0,770.0,15.0,90.0,RUNNING
2024-03-09 04:00:00,ZONE_B02,15.3,41.6,-24.4,492.0,770.0,15.0,90.0,RUNNING
2024-03-09 05:00:00,ZONE_M01,15.0,44.2,-23.4,556.0,770.0,15.0,90.0,RUNNING
2024-03-09 05:00:00,ZONE_M02,16.8,42.1,-24.4,480.0,770.0,15.0,90.0,RUNNING
2024-03-09 05:00:00,ZONE_M03,15.6,37.3,-24.2,464.0,770.0,15.0,90.0,RUNNING
2024-03-09 05:00:00,ZONE_B01,15.9,37.9,-24.6,512.0,770.0,15.0,90.0,RUNNING
2024-03-09 05:00:00,ZONE_B02,15.7,36.8,-26.2,427.0,770.0,15.0,90.0,RUNNING
2024-03-09 06:00:00,ZONE_M01,19.7,56.1,-25.4,751.0,770.0,15.0,90.0,RUNNING
2024-03-09 06:00:00,ZONE_M02,19.7,51.2,-25.3,685.0,770.0,15.0,90.0,RUNNING
2024-03-09 06:00:00,ZONE_M03,20.5,60.0,-26.7,781.0,770.0,15.0,90.0,RUNNING
2024-03-09 06:00:00,ZONE_B01,20.4,55.4,-24.5,722.0,770.0,15.0,90.0,RUNNING
2024-03-09 06:00:00,ZONE_B02,19.2,60.0,-24.3,672.0,770.0,15.0,90.0,RUNNING
2024-03-09 07:00:00,ZONE_M01,20.2,43.2,-26.8,586.0,770.0,15.0,90.0,RUNNING
2024-03-09 07:00:00,ZONE_M02,19.4,59.4,-25.8,690.0,770.0,15.0,90.0,RUNNING
2024-03-09 07:00:00,ZONE_M03,20.0,43.1,-25.4,571.0,770.0,15.0,90.0,RUNNING
2024-03-09 07:00:00,ZONE_B01,19.4,55.6,-24.7,698.0,770.0,15.0,90.0,RUNNING
2024-03-09 07:00:00,ZONE_B02,20.0,53.8,-25.2,693.0,770.0,15.0,90.0,RUNNING
2024-03-09 08:00:00,ZONE_M01,19.4,56.2,-22.9,745.0,770.0,15.0,90.0,RUNNING
2024-03-09 08:00:00,ZONE_M02,21.1,54.5,-22.1,730.0,770.0,15.0,90.0,RUNNING
2024-03-09 08:00:00,ZONE_M03,20.9,51.7,-27.2,657.0,770.0,15.0,90.0,RUNNING
2024-03-09 08:00:00,ZONE_B01,20.8,60.0,-24.1,710.0,770.0,15.0,90.0,RUNNING
2024-03-09 08:00:00,ZONE_B02,20.2,60.0,-20.3,719.0,770.0,15.0,90.0,RUNNING
2024-03-09 09:00:00,ZONE_M01,19.8,60.0,-23.6,826.0,770.0,15.0,90.0,RUNNING
2024-03-09 09:00:00,ZONE_M02,19.5,60.0,-22.6,755.0,770.0,15.0,90.0,RUNNING
2024-03-09 09:00:00,ZONE_M03,21.1,57.4,-23.2,658.0,770.0,15.0,90.0,RUNNING
2024-03-09 09:00:00,ZONE_B01,19.7,53.2,-27.8,738.0,770.0,15.0,90.0,RUNNING
2024-03-09 09:00:00,ZONE_B02,20.0,55.6,-22.9,814.0,770.0,15.0,90.0,RUNNING
2024-03-09 10:00:00,ZONE_M01,19.4,60.0,-24.8,821.0,770.0,15.0,90.0,RUNNING
2024-03-09 10:00:00,ZONE_M02,19.6,48.2,-26.1,637.0,770.0,15.0,90.0,RUNNING
2024-03-09 10:00:00,ZONE_M03,20.0,60.0,-25.2,808.0,770.0,15.0,90.0,RUNNING
2024-03-09 10:00:00,ZONE_B01,20.5,60.0,-24.3,818.0,770.0,15.0,90.0,RUNNING
2024-03-09 10:00:00,ZONE_B02,19.9,50.6,-26.7,625.0,770.0,15.0,90.0,RUNNING
2024-03-09 11:00:00,ZONE_M01,20.4,51.6,-23.1,694.0,770.0,15.0,90.0,RUNNING
2024-03-09 11:00:00,ZONE_M02,19.9,60.0,-22.4,827.0,770.0,15.0,90.0,RUNNING
2024-03-09 11:00:00,ZONE_M03,19.4,60.0,-28.5,797.0,770.0,15.0,90.0,RUNNING
2024-03-09 11:00:00,ZONE_B01,19.8,60.0,-22.3,981.0,770.0,15.0,90.0,RUNNING
2024-03-09 11:00:00,ZONE_B02,20.8,60.0,-21.1,938.0,770.0,15.0,90.0,RUNNING
2024-03-09 12:00:00,ZONE_M01,19.2,60.0,-23.4,925.0,770.0,15.0,90.0,RUNNING
2024-03-09 12:00:00,ZONE_M02,20.3,50.4,-26.3,697.0,770.0,15.0,90.0,RUNNING
2024-03-09 12:00:00,ZONE_M03,20.7,48.7,-26.7,676.0,770.0,15.0,90.0,RUNNING
2024-03-09 12:00:00,ZONE_B01,20.1,48.2,-22.8,652.0,770.0,15.0,90.0,RUNNING
2024-03-09 12:00:00,ZONE_B02,19.3,60.0,-23.2,844.0,770.0,15.0,90.0,RUNNING
2024-03-09 13:00:00,ZONE_M01,20.0,59.1,-19.8,786.0,770.0,15.0,90.0,RUNNING
2024-03-09 13:00:00,ZONE_M02,19.2,60.0,-24.0,929.0,770.0,15.0,90.0,RUNNING
2024-03-09 13:00:00,ZONE_M03,20.5,58.4,-21.1,765.0,770.0,15.0,90.0,RUNNING
2024-03-09 13:00:00,ZONE_B01,20.0,56.8,-22.4,750.0,770.0,15.0,90.0,RUNNING
2024-03-09 13:00:00,ZONE_B02,20.3,51.8,-25.0,724.0,770.0,15.0,90.0,RUNNING
2024-03-09 14:00:00,ZONE_M01,20.1,60.0,-23.9,684.0,770.0,15.0,90.0,RUNNING
2024-03-09 14:00:00,ZONE_M02,19.9,60.0,-27.2,823.0,770.0,15.0,90.0,RUNNING
2024-03-09 14:00:00,ZONE_M03,19.6,60.0,-20.7,939.0,770.0,15.0,90.0,RUNNING
2024-03-09 14:00:00,ZONE_B01,20.5,57.6,-24.9,781.0,770.0,15.0,90.0,RUNNING
2024-03-09 14:00:00,ZONE_B02,20.1,54.8,-26.7,698.0,770.0,15.0,90.0,RUNNING
2024-03-09 15:00:00,ZONE_M01,19.1,58.3,-24.7,747.0,770.0,15.0,90.0,RUNNING
2024-03-09 15:00:00,ZONE_M02,20.4,60.0,-20.8,894.0,770.0,15.0,90.0,RUNNING
2024-03-09 15:00:00,ZONE_M03,19.9,58.2,-24.1,713.0,770.0,15.0,90.0,RUNNING
2024-03-09 15:00:00,ZONE_B01,19.4,58.4,-23.0,702.0,770.0,15.0,90.0,RUNNING
2024-03-09 15:00:00,ZONE_B02,19.7,58.5,-22.6,658.0,770.0,15.0,90.0,RUNNING
2024-03-09 16:00:00,ZONE_M01,20.1,60.0,-21.3,727.0,770.0,15.0,90.0,RUNNING
2024-03-09 16:00:00,ZONE_M02,20.5,45.8,-23.6,536.0,770.0,15.0,90.0,RUNNING
2024-03-09 16:00:00,ZONE_M03,19.6,54.7,-18.7,675.0,770.0,15.0,90.0,RUNNING
2024-03-09 16:00:00,ZONE_B01,20.5,47.0,-23.8,576.0,770.0,15.0,90.0,RUNNING
2024-03-09 16:00:00,ZONE_B02,19.4,53.5,-23.4,650.0,770.0,15.0,90.0,RUNNING
2024-03-09 17:00:00,ZONE_M01,21.5,60.0,-25.8,848.0,770.0,15.0,90.0,RUNNING
2024-03-09 17:00:00,ZONE_M02,19.6,59.9,-23.7,740.0,770.0,15.0,90.0,RUNNING
2024-03-09 17:00:00,ZONE_M03,20.6,60.0,-21.7,813.0,770.0,15.0,90.0,RUNNING
2024-03-09 17:00:00,ZONE_B01,19.7,55.9,-23.1,791.0,770.0,15.0,90.0,RUNNING
2024-03-09 17:00:00,ZONE_B02,20.3,60.0,-22.4,904.0,770.0,15.0,90.0,RUNNING
2024-03-09 18:00:00,ZONE_M01,19.9,59.0,-24.8,705.0,770.0,15.0,90.0,RUNNING
2024-03-09 18:00:00,ZONE_M02,20.2,51.2,-25.1,624.0,770.0,15.0,90.0,RUNNING
2024-03-09 18:00:00,ZONE_M03,19.6,49.7,-25.6,681.0,770.0,15.0,90.0,RUNNING
2024-03-09 18:00:00,ZONE_B01,20.6,58.3,-25.5,757.0,770.0,15.0,90.0,RUNNING
2024-03-09 18:00:00,ZONE_B02,19.8,60.0,-25.5,842.0,770.0,15.0,90.0,RUNNING
2024-03-09 19:00:00,ZONE_M01,20.0,50.9,-24.0,649.0,770.0,15.0,90.0,RUNNING
2024-03-09 19:00:00,ZONE_M02,20.0,49.6,-21.0,651.0,770.0,15.0,90.0,RUNNING
2024-03-09 19:00:00,ZONE_M03,19.6,60.0,-23.1,728.0,770.0,15.0,90.0,RUNNING
2024-03-09 19:00:00,ZONE_B01,20.1,42.9,-25.4,534.0,770.0,15.0,90.0,RUNNING
2024-03-09 19:00:00,ZONE_B02,19.4,58.3,-23.3,804.0,770.0,15.0,90.0,RUNNING
2024-03-09 20:00:00,ZONE_M01,19.2,53.7,-25.0,745.0,770.0,15.0,90.0,RUNNING
2024-03-09 20:00:00,ZONE_M02,20.4,59.8,-23.9,786.0,770.0,15.0,90.0,RUNNING
2024-03-09 20:00:00,ZONE_M03,20.0,60.0,-23.5,792.0,770.0,15.0,90.0,RUNNING
2024-03-09 20:00:00,ZONE_B01,19.8,57.6,-28.0,752.0,770.0,15.0,90.0,RUNNING
2024-03-09 20:00:00,ZONE_B02,20.8,60.0,-20.9,819.0,770.0,15.0,90.0,RUNNING
2024-03-09 21:00:00,ZONE_M01,20.0,51.9,-23.7,675.0,770.0,15.0,90.0,RUNNING
2024-03-09 21:00:00,ZONE_M02,20.0,54.7,-28.5,681.0,770.0,15.0,90.0,RUNNING
2024-03-09 21:00:00,ZONE_M03,20.4,48.2,-21.2,672.0,770.0,15.0,90.0,RUNNING
2024-03-09 21:00:00,ZONE_B01,19.7,50.0,-27.6,622.0,770.0,15.0,90.0,RUNNING
2024-03-09 21:00:00,ZONE_B02,20.0,60.0,-27.1,757.0,770.0,15.0,90.0,RUNNING
2024-03-09 22:00:00,ZONE_M01,19.6,60.0,-24.4,874.0,770.0,15.0,90.0,RUNNING
2024-03-09 22:00:00,ZONE_M02,20.3,60.0,-22.1,896.0,770.0,15.0,90.0,RUNNING
2024-03-09 22:00:00,ZONE_M03,20.8,43.8,-25.1,647.0,770.0,15.0,90.0,RUNNING
2024-03-09 22:00:00,ZONE_B01,19.6,47.2,-23.9,699.0,770.0,15.0,90.0,RUNNING
2024-03-09 22:00:00,ZONE_B02,19.7,52.7,-24.2,601.0,770.0,15.0,90.0,RUNNING
2024-03-09 23:00:00,ZONE_M01,16.1,34.9,-22.7,485.0,770.0,15.0,90.0,RUNNING
2024-03-09 23:00:00,ZONE_M02,16.0,35.3,-22.1,398.0,770.0,15.0,90.0,RUNNING
2024-03-09 23:00:00,ZONE_M03,15.2,40.8,-21.4,489.0,770.0,15.0,90.0,RUNNING
2024-03-09 23:00:00,ZONE_B01,16.4,31.4,-25.0,390.0,770.0,15.0,90.0,RUNNING
2024-03-09 23:00:00,ZONE_B02,16.3,41.6,-24.9,485.0,770.0,15.0,90.0,RUNNING
2024-03-10 00:00:00,ZONE_M01,16.3,42.7,-21.5,472.0,770.0,15.0,90.0,RUNNING
2024-03-10 00:00:00,ZONE_M02,15.7,44.4,-22.7,519.0,770.0,15.0,90.0,RUNNING
2024-03-10 00:00:00,ZONE_M03,16.0,43.6,-23.9,501.0,770.0,15.0,90.0,RUNNING
2024-03-10 00:00:00,ZONE_B01,15.7,41.5,-23.6,461.0,770.0,15.0,90.0,RUNNING
2024-03-10 00:00:00,ZONE_B02,16.4,37.1,-22.9,428.0,770.0,15.0,90.0,RUNNING
2024-03-10 01:00:00,ZONE_M01,16.7,38.6,-24.1,447.0,770.0,15.0,90.0,RUNNING
2024-03-10 01:00:00,ZONE_M02,16.9,36.2,-24.9,522.0,770.0,15.0,90.0,RUNNING
2024-03-10 01:00:00,ZONE_M03,16.4,40.4,-21.9,467.0,770.0,15.0,90.0,RUNNING
2024-03-10 01:00:00,ZONE_B01,16.4,34.2,-21.3,481.0,770.0,15.0,90.0,RUNNING
2024-03-10 01:00:00,ZONE_B02,15.7,42.0,-26.0,528.0,770.0,15.0,90.0,RUNNING
2024-03-10 02:00:00,ZONE_M01,16.2,41.5,-23.7,512.0,770.0,15.0,90.0,RUNNING
2024-03-10 02:00:00,ZONE_M02,15.9,43.1,-23.1,450.0,770.0,15.0,90.0,RUNNING
2024-03-10 02:00:00,ZONE_M03,16.0,34.7,-27.3,458.0,770.0,15.0,90.0,RUNNING
2024-03-10 02:00:00,ZONE_B01,16.3,37.4,-19.5,426.0,770.0,15.0,90.0,RUNNING
2024-03-10 02:00:00,ZONE_B02,15.7,33.2,-23.5,498.0,770.0,15.0,90.0,RUNNING
2024-03-10 03:00:00,ZONE_M01,15.9,41.1,-25.6,481.0,770.0,15.0,90.0,RUNNING
2024-03-10 03:00:00,ZONE_M02,15.9,38.5,-23.7,503.0,770.0,15.0,90.0,RUNNING
2024-03-10 03:00:00,ZONE_M03,15.7,40.8,-23.8,441.0,770.0,15.0,90.0,RUNNING
2024-03-10 03:00:00,ZONE_B01,16.3,42.0,-25.4,551.0,770.0,15.0,90.0,RUNNING
2024-03-10 03:00:00,ZONE_B02,16.4,34.0,-21.1,440.0,770.0,15.0,90.0,RUNNING
2024-03-10 04:00:00,ZONE_M01,16.7,46.3,-23.0,591.0,770.0,15.0,90.0,RUNNING
2024-03-10 04:00:00,ZONE_M02,16.0,34.2,-21.9,440.0,770.0,15.0,90.0,RUNNING
2024-03-10 04:00:00,ZONE_M03,16.4,39.5,-23.6,502.0,770.0,15.0,90.0,RUNNING
2024-03-10 04:00:00,ZONE_B01,16.2,46.0,-23.2,541.0,770.0,15.0,90.0,RUNNING
2024-03-10 04:00:00,ZONE_B02,16.4,33.6,-23.2,423.0,770.0,15.0,90.0,RUNNING
2024-03-10 05:00:00,ZONE_M01,15.2,47.5,-23.2,492.0,770.0,15.0,90.0,RUNNING
2024-03-10 05:00:00,ZONE_M02,16.1,39.1,-21.5,457.0,770.0,15.0,90.0,RUNNING
2024-03-10 05:00:00,ZONE_M03,16.0,39.7,-22.6,458.0,770.0,15.0,90.0,RUNNING
2024-03-10 05:00:00,ZONE_B01,16.3,41.5,-25.3,514.0,770.0,15.0,90.0,RUNNING
2024-03-10 05:00:00,ZONE_B02,15.7,44.9,-20.4,476.0,770.0,15.0,90.0,RUNNING
2024-03-10 06:00:00,ZONE_M01,20.0,53.3,-24.2,748.0,770.0,15.0,90.0,RUNNING
2024-03-10 06:00:00,ZONE_M02,20.3,57.3,-26.0,745.0,770.0,15.0,90.0,RUNNING
2024-03-10 06:00:00,ZONE_M03,20.4,60.0,-23.2,927.0,770.0,15.0,90.0,RUNNING
2024-03-10 06:00:00,ZONE_B01,19.3,60.0,-26.3,927.0,770.0,15.0,90.0,RUNNING
2024-03-10 06:00:00,ZONE_B02,20.2,59.1,-25.0,783.0,770.0,15.0,90.0,RUNNING
2024-03-10 07:00:00,ZONE_M01,21.1,60.0,-28.0,819.0,770.0,15.0,90.0,RUNNING
2024-03-10 07:00:00,ZONE_M02,20.9,60.0,-28.8,759.0,770.0,15.0,90.0,RUNNING
2024-03-10 07:00:00,ZONE_M03,19.8,57.1,-23.4,615.0,770.0,15.0,90.0,RUNNING
2024-03-10 07:00:00,ZONE_B01,19.6,57.6,-24.3,760.0,770.0,15.0,90.0,RUNNING
2024-03-10 07:00:00,ZONE_B02,20.6,50.7,-26.3,612.0,770.0,15.0,90.0,RUNNING
2024-03-10 08:00:00,ZONE_M01,19.3,49.7,-24.2,571.0,770.0,15.0,90.0,RUNNING
2024-03-10 08:00:00,ZONE_M02,20.2,60.0,-25.5,703.0,770.0,15.0,90.0,RUNNING
2024-03-10 08:00:00,ZONE_M03,19.8,60.0,-21.8,766.0,770.0,15.0,90.0,RUNNING
2024-03-10 08:00:00,ZONE_B01,20.2,49.1,-27.7,708.0,770.0,15.0,90.0,RUNNING
2024-03-10 08:00:00,ZONE_B02,20.0,60.0,-27.8,727.0,770.0,15.0,90.0,RUNNING
2024-03-10 09:00:00,ZONE_M01,20.7,60.0,-23.9,745.0,770.0,15.0,90.0,RUNNING
2024-03-10 09:00:00,ZONE_M02,20.9,60.0,-24.5,828.0,770.0,15.0,90.0,RUNNING
2024-03-10 09:00:00,ZONE_M03,20.5,60.0,-24.5,863.0,770.0,15.0,90.0,RUNNING
2024-03-10 09:00:00,ZONE_B01,19.2,60.0,-28.7,850.0,770.0,15.0,90.0,RUNNING
2024-03-10 09:00:00,ZONE_B02,20.1,53.5,-23.2,687.0,770.0,15.0,90.0,RUNNING
2024-03-10 10:00:00,ZONE_M01,19.2,60.0,-25.2,804.0,770.0,15.0,90.0,RUNNING
2024-03-10 10:00:00,ZONE_M02,19.3,60.0,-26.4,820.0,770.0,15.0,90.0,RUNNING
2024-03-10 10:00:00,ZONE_M03,20.0,56.0,-21.6,769.0,770.0,15.0,90.0,RUNNING
2024-03-10 10:00:00,ZONE_B01,19.6,58.6,-24.1,696.0,770.0,15.0,90.0,RUNNING
2024-03-10 10:00:00,ZONE_B02,19.3,60.0,-25.3,967.0,770.0,15.0,90.0,RUNNING
2024-03-10 11:00:00,ZONE_M01,19.9,51.3,-24.3,664.0,770.0,15.0,90.0,RUNNING
2024-03-10 11:00:00,ZONE_M02,19.7,60.0,-24.4,843.0,770.0,15.0,90.0,RUNNING
2024-03-10 11:00:00,ZONE_M03,19.5,57.0,-25.0,681.0,770.0,15.0,90.0,RUNNING
2024-03-10 11:00:00,ZONE_B01,20.2,42.1,-24.0,577.0,770.0,15.0,90.0,RUNNING
2024-03-10 11:00:00,ZONE_B02,19.1,55.2,-21.0,690.0,770.0,15.0,90.0,RUNNING
2024-03-10 12:00:00,ZONE_M01,19.5,55.3,-21.3,747.0,770.0,15.0,90.0,RUNNING
2024-03-10 12:00:00,ZONE_M02,20.6,53.5,-22.7,682.0,770.0,15.0,90.0,RUNNING
2024-03-10 12:00:00,ZONE_M03,20.4,60.0,-25.0,916.0,770.0,15.0,90.0,RUNNING
2024-03-10 12:00:00,ZONE_B01,19.8,57.7,-27.7,741.0,770.0,15.0,90.0,RUNNING
2024-03-10 12:00:00,ZONE_B02,20.4,50.4,-22.5,640.0,770.0,15.0,90.0,RUNNING
2024-03-10 13:00:00,ZONE_M01,19.6,56.7,-27.3,815.0,770.0,15.0,90.0,RUNNING
2024-03-10 13:00:00,ZONE_M02,19.9,60.0,-27.4,1012.0,770.0,15.0,90.0,RUNNING
2024-03-10 13:00:00,ZONE_M03,19.2,45.3,-23.0,549.0,770.0,15.0,90.0,RUNNING
2024-03-10 13:00:00,ZONE_B01,20.0,38.3,-21.8,490.0,770.0,15.0,90.0,RUNNING
2024-03-10 13:00:00,ZONE_B02,20.5,60.0,-23.5,781.0,770.0,15.0,90.0,RUNNING
2024-03-10 14:00:00,ZONE_M01,19.8,60.0,-22.1,869.0,770.0,15.0,90.0,RUNNING
2024-03-10 14:00:00,ZONE_M02,20.4,58.0,-24.7,755.0,770.0,15.0,90.0,RUNNING
2024-03-10 14:00:00,ZONE_M03,19.1,60.0,-22.6,887.0,770.0,15.0,90.0,RUNNING
2024-03-10 14:00:00,ZONE_B01,20.1,60.0,-24.5,896.0,770.0,15.0,90.0,RUNNING
2024-03-10 14:00:00,ZONE_B02,19.3,46.6,-27.4,674.0,770.0,15.0,90.0,RUNNING
2024-03-10 15:00:00,ZONE_M01,20.1,54.6,-23.8,787.0,770.0,15.0,90.0,RUNNING
2024-03-10 15:00:00,ZONE_M02,20.8,57.7,-22.0,835.0,770.0,15.0,90.0,RUNNING
2024-03-10 15:00:00,ZONE_M03,20.1,58.2,-25.4,761.0,770.0,15.0,90.0,RUNNING
2024-03-10 15:00:00,ZONE_B01,20.0,52.4,-21.6,712.0,770.0,15.0,90.0,RUNNING
2024-03-10 15:00:00,ZONE_B02,20.5,60.0,-23.6,795.0,770.0,15.0,90.0,RUNNING
2024-03-10 16:00:00,ZONE_M01,19.7,58.3,-25.2,823.0,770.0,15.0,90.0,RUNNING
2024-03-10 16:00:00,ZONE_M02,20.1,60.0,-25.8,884.0,770.0,15.0,90.0,RUNNING
2024-03-10 16:00:00,ZONE_M03,20.8,60.0,-24.0,770.0,770.0,15.0,90.0,RUNNING
2024-03-10 16:00:00,ZONE_B01,19.7,48.6,-25.6,695.0,770.0,15.0,90.0,RUNNING
2024-03-10 16:00:00,ZONE_B02,19.6,54.4,-24.1,648.0,770.0,15.0,90.0,RUNNING
2024-03-10 17:00:00,ZONE_M01,20.0,50.1,-19.6,684.0,770.0,15.0,90.0,RUNNING
2024-03-10 17:00:00,ZONE_M02,20.6,60.0,-22.8,822.0,770.0,15.0,90.0,RUNNING
2024-03-10 17:00:00,ZONE_M03,20.1,60.0,-23.6,794.0,770.0,15.0,90.0,RUNNING
2024-03-10 17:00:00,ZONE_B01,21.4,50.5,-23.6,673.0,770.0,15.0,90.0,RUNNING
2024-03-10 17:00:00,ZONE_B02,20.1,60.0,-22.0,879.0,770.0,15.0,90.0,RUNNING
2024-03-10 18:00:00,ZONE_M01,20.2,60.0,-21.1,855.0,770.0,15.0,90.0,RUNNING
2024-03-10 18:00:00,ZONE_M02,19.6,49.0,-22.1,720.0,770.0,15.0,90.0,RUNNING
2024-03-10 18:00:00,ZONE_M03,20.0,57.0,-23.2,755.0,770.0,15.0,90.0,RUNNING
2024-03-10 18:00:00,ZONE_B01,20.5,60.0,-23.5,832.0,770.0,15.0,90.0,RUNNING
2024-03-10 18:00:00,ZONE_B02,19.4,58.9,-23.6,708.0,770.0,15.0,90.0,RUNNING
2024-03-10 19:00:00,ZONE_M01,20.3,60.0,-26.2,903.0,770.0,15.0,90.0,RUNNING
2024-03-10 19:00:00,ZONE_M02,19.4,54.5,-24.0,680.0,770.0,15.0,90.0,RUNNING
2024-03-10 19:00:00,ZONE_M03,19.8,59.6,-24.1,801.0,770.0,15.0,90.0,RUNNING
2024-03-10 19:00:00,ZONE_B01,19.8,57.9,-25.3,789.0,770.0,15.0,90.0,RUNNING
2024-03-10 19:00:00,ZONE_B02,20.2,60.0,-23.9,841.0,770.0,15.0,90.0,RUNNING
2024-03-10 20:00:00,ZONE_M01,20.0,60.0,-25.9,808.0,770.0,15.0,90.0,RUNNING
2024-03-10 20:00:00,ZONE_M02,20.4,49.7,-25.6,631.0,770.0,15.0,90.0,RUNNING
2024-03-10 20:00:00,ZONE_M03,20.2,52.9,-21.6,774.0,770.0,15.0,90.0,RUNNING
2024-03-10 20:00:00,ZONE_B01,20.6,60.0,-22.7,817.0,770.0,15.0,90.0,RUNNING
2024-03-10 20:00:00,ZONE_B02,20.0,60.0,-24.5,809.0,770.0,15.0,90.0,RUNNING
2024-03-10 21:00:00,ZONE_M01,20.0,60.0,-25.4,690.0,770.0,15.0,90.0,RUNNING
2024-03-10 21:00:00,ZONE_M02,20.0,52.7,-21.2,648.0,770.0,15.0,90.0,RUNNING
2024-03-10 21:00:00,ZONE_M03,19.9,60.0,-24.2,855.0,770.0,15.0,90.0,RUNNING
2024-03-10 21:00:00,ZONE_B01,20.5,58.1,-24.6,720.0,770.0,15.0,90.0,RUNNING
2024-03-10 21:00:00,ZONE_B02,20.0,46.5,-23.5,558.0,770.0,15.0,90.0,RUNNING
2024-03-10 22:00:00,ZONE_M01,20.3,59.2,-26.6,740.0,770.0,15.0,90.0,RUNNING
2024-03-10 22:00:00,ZONE_M02,19.4,53.3,-24.3,659.0,770.0,15.0,90.0,RUNNING
2024-03-10 22:00:00,ZONE_M03,20.1,55.9,-26.2,708.0,770.0,15.0,90.0,RUNNING
2024-03-10 22:00:00,ZONE_B01,20.3,55.0,-23.8,653.0,770.0,15.0,90.0,RUNNING
2024-03-10 22:00:00,ZONE_B02,19.8,45.4,-22.0,522.0,770.0,15.0,90.0,RUNNING
2024-03-10 23:00:00,ZONE_M01,16.3,41.3,-23.1,502.0,770.0,15.0,90.0,RUNNING
2024-03-10 23:00:00,ZONE_M02,15.7,42.0,-24.1,466.0,770.0,15.0,90.0,RUNNING
2024-03-10 23:00:00,ZONE_M03,15.6,42.0,-26.0,453.0,770.0,15.0,90.0,RUNNING
2024-03-10 23:00:00,ZONE_B01,15.3,39.9,-26.8,491.0,770.0,15.0,90.0,RUNNING
2024-03-10 23:00:00,ZONE_B02,16.0,42.6,-23.3,458.0,770.0,15.0,90.0,RUNNING
2024-03-11 00:00:00,ZONE_M01,15.8,43.5,-22.3,500.0,770.0,15.0,90.0,RUNNING
2024-03-11 00:00:00,ZONE_M02,15.9,40.4,-20.8,542.0,770.0,15.0,90.0,RUNNING
2024-03-11 00:00:00,ZONE_M03,15.6,44.6,-24.0,442.0,770.0,15.0,90.0,RUNNING
2024-03-11 00:00:00,ZONE_B01,15.8,43.3,-22.7,483.0,770.0,15.0,90.0,RUNNING
2024-03-11 00:00:00,ZONE_B02,15.3,43.1,-26.4,531.0,770.0,15.0,90.0,RUNNING
2024-03-11 01:00:00,ZONE_M01,16.5,36.3,-25.5,456.0,770.0,15.0,90.0,RUNNING
2024-03-11 01:00:00,ZONE_M02,17.1,35.3,-25.7,505.0,770.0,15.0,90.0,RUNNING
2024-03-11 01:00:00,ZONE_M03,15.9,33.6,-26.3,444.0,770.0,15.0,90.0,RUNNING
2024-03-11 01:00:00,ZONE_B01,15.5,40.7,-22.6,456.0,770.0,15.0,90.0,RUNNING
2024-03-11 01:00:00,ZONE_B02,16.2,40.9,-25.4,452.0,770.0,15.0,90.0,RUNNING
2024-03-11 02:00:00,ZONE_M01,15.7,42.3,-22.9,489.0,770.0,15.0,90.0,RUNNING
2024-03-11 02:00:00,ZONE_M02,16.6,48.7,-26.1,615.0,770.0,15.0,90.0,RUNNING
2024-03-11 02:00:00,ZONE_M03,15.7,42.2,-24.9,464.0,770.0,15.0,90.0,RUNNING
2024-03-11 02:00:00,ZONE_B01,15.6,37.5,-24.0,468.0,770.0,15.0,90.0,RUNNING
2024-03-11 02:00:00,ZONE_B02,16.0,37.8,-23.5,498.0,770.0,15.0,90.0,RUNNING
2024-03-11 03:00:00,ZONE_M01,15.5,42.7,-23.6,486.0,770.0,15.0,90.0,RUNNING
2024-03-11 03:00:00,ZONE_M02,16.8,43.6,-24.5,445.0,770.0,15.0,90.0,RUNNING
2024-03-11 03:00:00,ZONE_M03,17.0,43.4,-22.7,503.0,770.0,15.0,90.0,RUNNING
2024-03-11 03:00:00,ZONE_B01,16.1,42.4,-23.2,419.0,770.0,15.0,90.0,RUNNING
2024-03-11 03:00:00,ZONE_B02,15.0,38.2,-25.3,548.0,770.0,15.0,90.0,RUNNING
2024-03-11 04:00:00,ZONE_M01,16.3,41.2,-23.1,541.0,770.0,15.0,90.0,RUNNING
2024-03-11 04:00:00,ZONE_M02,15.6,40.4,-21.7,439.0,770.0,15.0,90.0,RUNNING
2024-03-11 04:00:00,ZONE_M03,16.3,42.7,-23.0,544.0,770.0,15.0,90.0,RUNNING
2024-03-11 04:00:00,ZONE_B01,16.0,35.8,-22.0,437.0,770.0,15.0,90.0,RUNNING
2024-03-11 04:00:00,ZONE_B02,15.7,39.9,-25.1,519.0,770.0,15.0,90.0,RUNNING
2024-03-11 05:00:00,ZONE_M01,15.8,48.1,-28.8,457.0,770.0,15.0,90.0,RUNNING
2024-03-11 05:00:00,ZONE_M02,16.1,44.5,-19.8,475.0,770.0,15.0,90.0,RUNNING
2024-03-11 05:00:00,ZONE_M03,15.6,37.8,-25.6,460.0,770.0,15.0,90.0,RUNNING
2024-03-11 05:00:00,ZONE_B01,16.5,35.7,-24.7,451.0,770.0,15.0,90.0,RUNNING
2024-03-11 05:00:00,ZONE_B02,16.1,38.0,-23.2,508.0,770.0,15.0,90.0,RUNNING
2024-03-11 06:00:00,ZONE_M01,20.4,55.5,-23.5,691.0,770.0,15.0,90.0,RUNNING
2024-03-11 06:00:00,ZONE_M02,20.1,49.2,-24.9,664.0,770.0,15.0,90.0,RUNNING
2024-03-11 06:00:00,ZONE_M03,20.2,59.0,-23.6,696.0,770.0,15.0,90.0,RUNNING
2024-03-11 06:00:00,ZONE_B01,20.7,50.8,-24.4,597.0,770.0,15.0,90.0,RUNNING
2024-03-11 06:00:00,ZONE_B02,19.8,60.0,-25.2,782.0,770.0,15.0,90.0,RUNNING
2024-03-11 07:00:00,ZONE_M01,19.8,56.9,-23.8,744.0,770.0,15.0,90.0,RUNNING
2024-03-11 07:00:00,ZONE_M02,19.2,54.7,-25.1,654.0,770.0,15.0,90.0,RUNNING
2024-03-11 07:00:00,ZONE_M03,20.6,52.5,-24.5,599.0,770.0,15.0,90.0,RUNNING
2024-03-11 07:00:00,ZONE_B01,19.3,59.1,-24.0,827.0,770.0,15.0,90.0,RUNNING
2024-03-11 07:00:00,ZONE_B02,19.8,60.0,-25.5,806.0,770.0,15.0,90.0,RUNNING
2024-03-11 08:00:00,ZONE_M01,19.9,56.7,-23.9,726.0,770.0,15.0,90.0,RUNNING
2024-03-11 08:00:00,ZONE_M02,20.1,51.4,-23.8,673.0,770.0,15.0,90.0,RUNNING
2024-03-11 08:00:00,ZONE_M03,20.6,52.2,-24.6,598.0,770.0,15.0,90.0,RUNNING
2024-03-11 08:00:00,ZONE_B01,19.6,45.9,-22.7,586.0,770.0,15.0,90.0,RUNNING
2024-03-11 08:00:00,ZONE_B02,19.9,49.8,-23.1,680.0,770.0,15.0,90.0,RUNNING
2024-03-11 09:00:00,ZONE_M01,19.4,54.2,-22.5,662.0,770.0,15.0,90.0,RUNNING
2024-03-11 09:00:00,ZONE_M02,20.3,60.0,-23.7,749.0,770.0,15.0,90.0,RUNNING
2024-03-11 09:00:00,ZONE_M03,19.7,56.5,-24.3,737.0,770.0,15.0,90.0,RUNNING
2024-03-11 09:00:00,ZONE_B01,19.9,57.0,-21.2,659.0,770.0,15.0,90.0,RUNNING
2024-03-11 09:00:00,ZONE_B02,20.8,60.0,-28.6,838.0,770.0,15.0,90.0,RUNNING
2024-03-11 10:00:00,ZONE_M01,20.5,54.4,-23.4,636.0,770.0,15.0,90.0,RUNNING
2024-03-11 10:00:00,ZONE_M02,20.2,54.5,-22.6,670.0,770.0,15.0,90.0,RUNNING
2024-03-11 10:00:00,ZONE_M03,20.2,56.1,-26.4,780.0,770.0,15.0,90.0,RUNNING
2024-03-11 10:00:00,ZONE_B01,19.4,58.6,-25.2,783.0,770.0,15.0,90.0,RUNNING
2024-03-11 10:00:00,ZONE_B02,19.8,53.3,-24.8,680.0,770.0,15.0,90.0,RUNNING
2024-03-11 11:00:00,ZONE_M01,19.8,60.0,-22.0,786.0,770.0,15.0,90.0,RUNNING
2024-03-11 11:00:00,ZONE_M02,19.9,47.4,-25.5,686.0,770.0,15.0,90.0,RUNNING
2024-03-11 11:00:00,ZONE_M03,20.7,60.0,-26.2,757.0,770.0,15.0,90.0,RUNNING
2024-03-11 11:00:00,ZONE_B01,20.2,55.9,-22.4,713.0,770.0,15.0,90.0,RUNNING
2024-03-11 11:00:00,ZONE_B02,20.8,56.6,-24.0,788.0,770.0,15.0,90.0,RUNNING
2024-03-11 12:00:00,ZONE_M01,20.3,54.0,-26.4,706.0,770.0,15.0,90.0,RUNNING
2024-03-11 12:00:00,ZONE_M02,19.3,52.0,-21.1,695.0,770.0,15.0,90.0,RUNNING
2024-03-11 12:00:00,ZONE_M03,21.5,55.1,-31.2,761.0,770.0,15.0,90.0,RUNNING
2024-03-11 12:00:00,ZONE_B01,19.7,60.0,-24.6,843.0,770.0,15.0,90.0,RUNNING
2024-03-11 12:00:00,ZONE_B02,20.1,60.0,-25.0,818.0,770.0,15.0,90.0,RUNNING
2024-03-11 13:00:00,ZONE_M01,20.3,56.3,-26.5,700.0,770.0,15.0,90.0,RUNNING
2024-03-11 13:00:00,ZONE_M02,19.4,58.3,-25.5,694.0,770.0,15.0,90.0,RUNNING
2024-03-11 13:00:00,ZONE_M03,20.0,58.8,-26.7,708.0,770.0,15.0,90.0,RUNNING
2024-03-11 13:00:00,ZONE_B01,19.6,54.3,-24.8,682.0,770.0,15.0,90.0,RUNNING
2024-03-11 13:00:00,ZONE_B02,19.2,60.0,-21.8,699.0,770.0,15.0,90.0,RUNNING
2024-03-11 14:00:00,ZONE_M01,19.6,58.5,-24.6,863.0,770.0,15.0,90.0,RUNNING
2024-03-11 14:00:00,ZONE_M02,20.2,60.0,-23.8,853.0,770.0,15.0,90.0,RUNNING
2024-03-11 14:00:00,ZONE_M03,20.4,57.8,-20.4,705.0,770.0,15.0,90.0,RUNNING
2024-03-11 14:00:00,ZONE_B01,20.6,60.0,-24.3,941.0,770.0,15.0,90.0,RUNNING
2024-03-11 14:00:00,ZONE_B02,21.2,60.0,-27.0,867.0,770.0,15.0,90.0,RUNNING
2024-03-11 15:00:00,ZONE_M01,19.6,50.0,-25.1,684.0,770.0,15.0,90.0,RUNNING
2024-03-11 15:00:00,ZONE_M02,19.8,53.2,-21.9,639.0,770.0,15.0,90.0,RUNNING
2024-03-11 15:00:00,ZONE_M03,20.3,60.0,-24.0,772.0,770.0,15.0,90.0,RUNNING
2024-03-11 15:00:00,ZONE_B01,19.8,42.0,-25.5,510.0,770.0,15.0,90.0,RUNNING
2024-03-11 15:00:00,ZONE_B02,19.8,60.0,-21.1,838.0,770.0,15.0,90.0,RUNNING
2024-03-11 16:00:00,ZONE_M01,19.8,53.2,-21.5,686.0,770.0,15.0,90.0,RUNNING
2024-03-11 16:00:00,ZONE_M02,20.7,60.0,-27.1,739.0,770.0,15.0,90.0,RUNNING
2024-03-11 16:00:00,ZONE_M03,20.3,60.0,-21.0,801.0,770.0,15.0,90.0,RUNNING
2024-03-11 16:00:00,ZONE_B01,20.2,60.0,-28.7,862.0,770.0,15.0,90.0,RUNNING
2024-03-11 16:00:00,ZONE_B02,20.7,60.0,-24.4,869.0,770.0,15.0,90.0,RUNNING
2024-03-11 17:00:00,ZONE_M01,20.4,57.5,-23.7,736.0,770.0,15.0,90.0,RUNNING
2024-03-11 17:00:00,ZONE_M02,20.3,60.0,-21.0,971.0,770.0,15.0,90.0,RUNNING
2024-03-11 17:00:00,ZONE_M03,19.8,60.0,-22.3,809.0,770.0,15.0,90.0,RUNNING
2024-03-11 17:00:00,ZONE_B01,19.4,57.7,-22.1,821.0,770.0,15.0,90.0,RUNNING
2024-03-11 17:00:00,ZONE_B02,20.1,60.0,-23.6,925.0,770.0,15.0,90.0,RUNNING
2024-03-11 18:00:00,ZONE_M01,19.5,60.0,-24.2,774.0,770.0,15.0,90.0,RUNNING
2024-03-11 18:00:00,ZONE_M02,20.1,60.0,-21.7,782.0,770.0,15.0,90.0,RUNNING
2024-03-11 18:00:00,ZONE_M03,19.8,60.0,-22.2,814.0,770.0,15.0,90.0,RUNNING
2024-03-11 18:00:00,ZONE_B01,19.5,49.4,-26.5,594.0,770.0,15.0,90.0,RUNNING
2024-03-11 18:00:00,ZONE_B02,21.3,60.0,-25.6,800.0,770.0,15.0,90.0,RUNNING
2024-03-11 19:00:00,ZONE_M01,20.2,60.0,-20.3,737.0,770.0,15.0,90.0,RUNNING
2024-03-11 19:00:00,ZONE_M02,20.4,58.8,-23.4,792.0,770.0,15.0,90.0,RUNNING
2024-03-11 19:00:00,ZONE_M03,19.4,56.9,-23.9,815.0,770.0,15.0,90.0,RUNNING
2024-03-11 19:00:00,ZONE_B01,20.7,55.7,-25.9,749.0,770.0,15.0,90.0,RUNNING
2024-03-11 19:00:00,ZONE_B02,19.8,59.6,-20.6,765.0,770.0,15.0,90.0,RUNNING
2024-03-11 20:00:00,ZONE_M01,19.2,59.6,-28.0,789.0,770.0,15.0,90.0,RUNNING
2024-03-11 20:00:00,ZONE_M02,19.5,57.9,-21.7,821.0,770.0,15.0,90.0,RUNNING
2024-03-11 20:00:00,ZONE_M03,19.9,54.7,-25.8,657.0,770.0,15.0,90.0,RUNNING
2024-03-11 20:00:00,ZONE_B01,19.1,50.6,-22.5,669.0,770.0,15.0,90.0,RUNNING
2024-03-11 20:00:00,ZONE_B02,19.7,57.1,-22.2,776.0,770.0,15.0,90.0,RUNNING
2024-03-11 21:00:00,ZONE_M01,20.4,58.4,-22.4,811.0,770.0,15.0,90.0,RUNNING
2024-03-11 21:00:00,ZONE_M02,19.5,59.9,-23.7,777.0,770.0,15.0,90.0,RUNNING
2024-03-11 21:00:00,ZONE_M03,19.5,54.9,-22.6,697.0,770.0,15.0,90.0,RUNNING
2024-03-11 21:00:00,ZONE_B01,20.4,58.7,-23.0,844.0,770.0,15.0,90.0,RUNNING
2024-03-11 21:00:00,ZONE_B02,19.9,59.8,-23.6,788.0,770.0,15.0,90.0,RUNNING
2024-03-11 22:00:00,ZONE_M01,20.1,57.8,-23.5,726.0,770.0,15.0,90.0,RUNNING
2024-03-11 22:00:00,ZONE_M02,20.2,50.3,-22.3,632.0,770.0,15.0,90.0,RUNNING
2024-03-11 22:00:00,ZONE_M03,20.6,49.8,-25.5,595.0,770.0,15.0,90.0,RUNNING
2024-03-11 22:00:00,ZONE_B01,20.5,60.0,-26.0,783.0,770.0,15.0,90.0,RUNNING
2024-03-11 22:00:00,ZONE_B02,19.6,53.6,-29.0,623.0,770.0,15.0,90.0,RUNNING
2024-03-11 23:00:00,ZONE_M01,15.9,45.4,-23.8,514.0,770.0,15.0,90.0,RUNNING
2024-03-11 23:00:00,ZONE_M02,15.9,31.1,-27.1,448.0,770.0,15.0,90.0,RUNNING
2024-03-11 23:00:00,ZONE_M03,15.8,37.4,-23.0,505.0,770.0,15.0,90.0,RUNNING
2024-03-11 23:00:00,ZONE_B01,15.1,31.4,-26.7,464.0,770.0,15.0,90.0,RUNNING
2024-03-11 23:00:00,ZONE_B02,16.1,38.5,-26.2,483.0,770.0,15.0,90.0,RUNNING
2024-03-12 00:00:00,ZONE_M01,15.4,44.3,-22.7,488.0,770.0,15.0,90.0,RUNNING
2024-03-12 00:00:00,ZONE_M02,15.1,38.0,-24.3,529.0,770.0,15.0,90.0,RUNNING
2024-03-12 00:00:00,ZONE_M03,16.0,45.5,-18.9,523.0,770.0,15.0,90.0,RUNNING
2024-03-12 00:00:00,ZONE_B01,15.9,43.4,-23.2,488.0,770.0,15.0,90.0,RUNNING
2024-03-12 00:00:00,ZONE_B02,15.8,37.1,-22.8,436.0,770.0,15.0,90.0,RUNNING
2024-03-12 01:00:00,ZONE_M01,15.2,35.3,-23.4,496.0,770.0,15.0,90.0,RUNNING
2024-03-12 01:00:00,ZONE_M02,15.9,37.3,-25.8,453.0,770.0,15.0,90.0,RUNNING
2024-03-12 01:00:00,ZONE_M03,15.2,38.0,-22.1,465.0,770.0,15.0,90.0,RUNNING
2024-03-12 01:00:00,ZONE_B01,15.2,46.0,-21.7,488.0,770.0,15.0,90.0,RUNNING
2024-03-12 01:00:00,ZONE_B02,16.2,34.4,-23.8,482.0,770.0,15.0,90.0,RUNNING
2024-03-12 02:00:00,ZONE_M01,16.5,40.5,-26.1,485.0,770.0,15.0,90.0,RUNNING
2024-03-12 02:00:00,ZONE_M02,16.2,37.9,-24.9,453.0,770.0,15.0,90.0,RUNNING
2024-03-12 02:00:00,ZONE_M03,16.3,39.6,-25.8,406.0,770.0,15.0,90.0,RUNNING
2024-03-12 02:00:00,ZONE_B01,16.3,41.3,-20.1,509.0,770.0,15.0,90.0,RUNNING
2024-03-12 02:00:00,ZONE_B02,15.5,34.2,-20.2,418.0,770.0,15.0,90.0,RUNNING
2024-03-12 03:00:00,ZONE_M01,15.8,40.0,-26.2,490.0,770.0,15.0,90.0,RUNNING
2024-03-12 03:00:00,ZONE_M02,16.3,44.5,-23.9,572.0,770.0,15.0,90.0,RUNNING
2024-03-12 03:00:00,ZONE_M03,16.0,40.7,-24.0,471.0,770.0,15.0,90.0,RUNNING
2024-03-12 03:00:00,ZONE_B01,16.0,34.9,-24.5,456.0,770.0,15.0,90.0,RUNNING
2024-03-12 03:00:00,ZONE_B02,15.1,35.6,-22.5,470.0,770.0,15.0,90.0,RUNNING
2024-03-12 04:00:00,ZONE_M01,16.7,41.7,-27.3,440.0,770.0,15.0,90.0,RUNNING
2024-03-12 04:00:00,ZONE_M02,15.6,35.3,-22.6,489.0,770.0,15.0,90.0,RUNNING
2024-03-12 04:00:00,ZONE_M03,16.3,39.0,-23.8,521.0,770.0,15.0,90.0,RUNNING
2024-03-12 04:00:00,ZONE_B01,15.8,36.5,-17.6,402.0,770.0,15.0,90.0,RUNNING
2024-03-12 04:00:00,ZONE_B02,15.9,42.7,-24.1,488.0,770.0,15.0,90.0,RUNNING
2024-03-12 05:00:00,ZONE_M01,16.0,35.1,-25.8,488.0,770.0,15.0,90.0,RUNNING
2024-03-12 05:00:00,ZONE_M02,16.1,35.6,-21.5,460.0,770.0,15.0,90.0,RUNNING
2024-03-12 05:00:00,ZONE_M03,15.9,47.9,-20.7,501.0,770.0,15.0,90.0,RUNNING
2024-03-12 05:00:00,ZONE_B01,16.2,39.4,-25.4,493.0,770.0,15.0,90.0,RUNNING
2024-03-12 05:00:00,ZONE_B02,15.5,43.4,-23.7,477.0,770.0,15.0,90.0,RUNNING
2024-03-12 06:00:00,ZONE_M01,20.0,55.3,-25.0,746.0,770.0,15.0,90.0,RUNNING
2024-03-12 06:00:00,ZONE_M02,20.9,60.0,-25.7,926.0,770.0,15.0,90.0,RUNNING
2024-03-12 06:00:00,ZONE_M03,20.1,54.5,-21.2,730.0,770.0,15.0,90.0,RUNNING
2024-03-12 06:00:00,ZONE_B01,19.1,59.1,-24.4,765.0,770.0,15.0,90.0,RUNNING
2024-03-12 06:00:00,ZONE_B02,19.8,60.0,-23.3,855.0,770.0,15.0,90.0,RUNNING
2024-03-12 07:00:00,ZONE_M01,19.7,60.0,-24.5,715.0,770.0,15.0,90.0,RUNNING
2024-03-12 07:00:00,ZONE_M02,19.8,51.0,-25.2,688.0,770.0,15.0,90.0,RUNNING
2024-03-12 07:00:00,ZONE_M03,19.3,55.9,-23.0,638.0,770.0,15.0,90.0,RUNNING
2024-03-12 07:00:00,ZONE_B01,19.6,53.3,-23.1,777.0,770.0,15.0,90.0,RUNNING
2024-03-12 07:00:00,ZONE_B02,19.5,45.2,-24.0,630.0,770.0,15.0,90.0,RUNNING
2024-03-12 08:00:00,ZONE_M01,19.5,53.9,-18.8,739.0,770.0,15.0,90.0,RUNNING
2024-03-12 08:00:00,ZONE_M02,20.3,53.1,-22.1,658.0,770.0,15.0,90.0,RUNNING
2024-03-12 08:00:00,ZONE_M03,19.7,49.8,-24.5,611.0,770.0,15.0,90.0,RUNNING
2024-03-12 08:00:00,ZONE_B01,20.2,60.0,-23.0,868.0,770.0,15.0,90.0,RUNNING
2024-03-12 08:00:00,ZONE_B02,19.6,54.2,-24.6,739.0,770.0,15.0,90.0,RUNNING
2024-03-12 09:00:00,ZONE_M01,21.2,58.4,-22.1,722.0,770.0,15.0,90.0,RUNNING
2024-03-12 09:00:00,ZONE_M02,20.3,60.0,-27.1,783.0,770.0,15.0,90.0,RUNNING
2024-03-12 09:00:00,ZONE_M03,19.9,51.8,-26.7,654.0,770.0,15.0,90.0,RUNNING
2024-03-12 09:00:00,ZONE_B01,20.3,60.0,-23.8,813.0,770.0,15.0,90.0,RUNNING
2024-03-12 09:00:00,ZONE_B02,20.0,58.7,-25.3,777.0,770.0,15.0,90.0,RUNNING
2024-03-12 10:00:00,ZONE_M01,19.8,54.8,-22.7,750.0,770.0,15.0,90.0,RUNNING
2024-03-12 10:00:00,ZONE_M02,19.8,54.6,-25.8,740.0,770.0,15.0,90.0,RUNNING
2024-03-12 10:00:00,ZONE_M03,19.6,60.0,-27.8,729.0,770.0,15.0,90.0,RUNNING
2024-03-12 10:00:00,ZONE_B01,20.6,57.0,-24.9,678.0,770.0,15.0,90.0,RUNNING
2024-03-12 10:00:00,ZONE_B02,20.0,46.1,-25.8,594.0,770.0,15.0,90.0,RUNNING
2024-03-12 11:00:00,ZONE_M01,19.6,56.4,-22.3,710.0,770.0,15.0,90.0,RUNNING
2024-03-12 11:00:00,ZONE_M02,19.9,58.4,-24.1,686.0,770.0,15.0,90.0,RUNNING
2024-03-12 11:00:00,ZONE_M03,19.9,57.1,-22.9,709.0,770.0,15.0,90.0,RUNNING
2024-03-12 11:00:00,ZONE_B01,20.7,55.3,-21.2,652.0,770.0,15.0,90.0,RUNNING
2024-03-12 11:00:00,ZONE_B02,20.2,56.3,-23.0,749.0,770.0,15.0,90.0,RUNNING
2024-03-12 12:00:00,ZONE_M01,19.3,59.7,-25.4,774.0,770.0,15.0,90.0,RUNNING
2024-03-12 12:00:00,ZONE_M02,19.5,57.3,-22.8,685.0,770.0,15.0,90.0,RUNNING
2024-03-12 12:00:00,ZONE_M03,20.0,60.0,-24.7,921.0,770.0,15.0,90.0,RUNNING
2024-03-12 12:00:00,ZONE_B01,21.2,60.0,-27.8,807.0,770.0,15.0,90.0,RUNNING
2024-03-12 12:00:00,ZONE_B02,19.5,60.0,-22.1,852.0,770.0,15.0,90.0,RUNNING
2024-03-12 13:00:00,ZONE_M01,20.0,52.6,-27.1,692.0,770.0,15.0,90.0,RUNNING
2024-03-12 13:00:00,ZONE_M02,20.2,60.0,-23.6,771.0,770.0,15.0,90.0,RUNNING
2024-03-12 13:00:00,ZONE_M03,19.9,59.1,-27.4,762.0,770.0,15.0,90.0,RUNNING
2024-03-12 13:00:00,ZONE_B01,19.3,60.0,-25.2,794.0,770.0,15.0,90.0,RUNNING
2024-03-12 13:00:00,ZONE_B02,20.2,47.9,-24.3,666.0,770.0,15.0,90.0,RUNNING
2024-03-12 14:00:00,ZONE_M01,19.9,49.8,-20.9,647.0,770.0,15.0,90.0,RUNNING
2024-03-12 14:00:00,ZONE_M02,19.7,54.7,-23.5,701.0,770.0,15.0,90.0,RUNNING
2024-03-12 14:00:00,ZONE_M03,20.6,58.3,-23.7,797.0,770.0,15.0,90.0,RUNNING
2024-03-12 14:00:00,ZONE_B01,20.3,56.1,-19.7,712.0,770.0,15.0,90.0,RUNNING
2024-03-12 14:00:00,ZONE_B02,19.6,51.9,-23.6,665.0,770.0,15.0,90.0,RUNNING
2024-03-12 15:00:00,ZONE_M01,20.3,60.0,-27.7,843.0,770.0,15.0,90.0,RUNNING
2024-03-12 15:00:00,ZONE_M02,19.5,60.0,-22.2,793.0,770.0,15.0,90.0,RUNNING
2024-03-12 15:00:00,ZONE_M03,19.5,56.4,-22.8,712.0,770.0,15.0,90.0,RUNNING
2024-03-12 15:00:00,ZONE_B01,20.2,60.0,-24.9,843.0,770.0,15.0,90.0,RUNNING
2024-03-12 15:00:00,ZONE_B02,19.3,56.1,-25.9,711.0,770.0,15.0,90.0,RUNNING
2024-03-12 16:00:00,ZONE_M01,20.3,60.0,-26.4,855.0,770.0,15.0,90.0,RUNNING
2024-03-12 16:00:00,ZONE_M02,19.8,54.0,-24.8,674.0,770.0,15.0,90.0,RUNNING
2024-03-12 16:00:00,ZONE_M03,20.0,60.0,-23.1,829.0,770.0,15.0,90.0,RUNNING
2024-03-12 16:00:00,ZONE_B01,20.0,60.0,-24.7,845.0,770.0,15.0,90.0,RUNNING
2024-03-12 16:00:00,ZONE_B02,19.6,51.5,-24.1,564.0,770.0,15.0,90.0,RUNNING
2024-03-12 17:00:00,ZONE_M01,19.6,59.8,-21.8,751.0,770.0,15.0,90.0,RUNNING
2024-03-12 17:00:00,ZONE_M02,20.7,52.3,-18.6,642.0,770.0,15.0,90.0,RUNNING
2024-03-12 17:00:00,ZONE_M03,20.9,60.0,-19.1,823.0,770.0,15.0,90.0,RUNNING
2024-03-12 17:00:00,ZONE_B01,19.1,51.1,-25.9,704.0,770.0,15.0,90.0,RUNNING
2024-03-12 17:00:00,ZONE_B02,19.6,50.4,-28.1,645.0,770.0,15.0,90.0,RUNNING
2024-03-12 18:00:00,ZONE_M01,19.7,54.2,-24.9,643.0,770.0,15.0,90.0,RUNNING
2024-03-12 18:00:00,ZONE_M02,20.7,47.0,-21.1,668.0,770.0,15.0,90.0,RUNNING
2024-03-12 18:00:00,ZONE_M03,19.6,60.0,-22.5,831.0,770.0,15.0,90.0,RUNNING
2024-03-12 18:00:00,ZONE_B01,19.6,51.7,-25.7,708.0,770.0,15.0,90.0,RUNNING
2024-03-12 18:00:00,ZONE_B02,19.0,60.0,-23.9,778.0,770.0,15.0,90.0,RUNNING
2024-03-12 19:00:00,ZONE_M01,18.7,60.0,-23.2,916.0,770.0,15.0,90.0,RUNNING
2024-03-12 19:00:00,ZONE_M02,19.7,55.7,-26.8,774.0,770.0,15.0,90.0,RUNNING
2024-03-12 19:00:00,ZONE_M03,20.5,60.0,-26.2,686.0,770.0,15.0,90.0,RUNNING
2024-03-12 19:00:00,ZONE_B01,19.6,60.0,-23.1,852.0,770.0,15.0,90.0,RUNNING
2024-03-12 19:00:00,ZONE_B02,19.7,48.4,-23.2,709.0,770.0,15.0,90.0,RUNNING
2024-03-12 20:00:00,ZONE_M01,19.4,47.1,-21.2,627.0,770.0,15.0,90.0,RUNNING
2024-03-12 20:00:00,ZONE_M02,20.2,50.5,-23.1,678.0,770.0,15.0,90.0,RUNNING
2024-03-12 20:00:00,ZONE_M03,19.8,55.9,-25.8,696.0,770.0,15.0,90.0,RUNNING
2024-03-12 20:00:00,ZONE_B01,19.6,58.9,-23.0,778.0,770.0,15.0,90.0,RUNNING
2024-03-12 20:00:00,ZONE_B02,19.9,59.0,-22.2,791.0,770.0,15.0,90.0,RUNNING
2024-03-12 21:00:00,ZONE_M01,21.0,58.6,-21.1,729.0,770.0,15.0,90.0,RUNNING
2024-03-12 21:00:00,ZONE_M02,19.5,58.8,-23.2,748.0,770.0,15.0,90.0,RUNNING
2024-03-12 21:00:00,ZONE_M03,19.6,58.2,-26.2,684.0,770.0,15.0,90.0,RUNNING
2024-03-12 21:00:00,ZONE_B01,20.2,59.6,-20.7,747.0,770.0,15.0,90.0,RUNNING
2024-03-12 21:00:00,ZONE_B02,19.3,52.7,-26.0,638.0,770.0,15.0,90.0,RUNNING
2024-03-12 22:00:00,ZONE_M01,19.7,54.2,-24.4,702.0,770.0,15.0,90.0,RUNNING
2024-03-12 22:00:00,ZONE_M02,19.9,51.0,-24.2,707.0,770.0,15.0,90.0,RUNNING
2024-03-12 22:00:00,ZONE_M03,19.7,60.0,-22.3,893.0,770.0,15.0,90.0,RUNNING
2024-03-12 22:00:00,ZONE_B01,20.9,60.0,-26.4,724.0,770.0,15.0,90.0,RUNNING
2024-03-12 22:00:00,ZONE_B02,20.7,55.3,-23.9,722.0,770.0,15.0,90.0,RUNNING
2024-03-12 23:00:00,ZONE_M01,15.7,38.0,-20.6,452.0,770.0,15.0,90.0,RUNNING
2024-03-12 23:00:00,ZONE_M02,16.5,39.9,-22.7,382.0,770.0,15.0,90.0,RUNNING
2024-03-12 23:00:00,ZONE_M03,15.5,41.4,-25.8,409.0,770.0,15.0,90.0,RUNNING
2024-03-12 23:00:00,ZONE_B01,16.1,35.6,-23.9,450.0,770.0,15.0,90.0,RUNNING
2024-03-12 23:00:00,ZONE_B02,15.9,38.2,-23.2,484.0,770.0,15.0,90.0,RUNNING
2024-03-13 00:00:00,ZONE_M01,15.7,41.2,-21.8,449.0,770.0,15.0,90.0,RUNNING
2024-03-13 00:00:00,ZONE_M02,16.1,44.2,-22.6,505.0,770.0,15.0,90.0,RUNNING
2024-03-13 00:00:00,ZONE_M03,16.5,37.6,-26.5,511.0,770.0,15.0,90.0,RUNNING
2024-03-13 00:00:00,ZONE_B01,16.2,44.4,-23.4,460.0,770.0,15.0,90.0,RUNNING
2024-03-13 00:00:00,ZONE_B02,15.4,43.6,-23.9,448.0,770.0,15.0,90.0,RUNNING
2024-03-13 01:00:00,ZONE_M01,15.6,35.3,-23.3,456.0,770.0,15.0,90.0,RUNNING
2024-03-13 01:00:00,ZONE_M02,15.9,38.0,-24.7,468.0,770.0,15.0,90.0,RUNNING
2024-03-13 01:00:00,ZONE_M03,15.7,35.7,-22.5,407.0,770.0,15.0,90.0,RUNNING
2024-03-13 01:00:00,ZONE_B01,16.2,39.0,-26.0,479.0,770.0,15.0,90.0,RUNNING
2024-03-13 01:00:00,ZONE_B02,16.0,39.3,-21.9,512.0,770.0,15.0,90.0,RUNNING
2024-03-13 02:00:00,ZONE_M01,15.5,35.4,-24.7,439.0,770.0,15.0,90.0,RUNNING
2024-03-13 02:00:00,ZONE_M02,16.9,44.5,-23.6,484.0,770.0,15.0,90.0,RUNNING
2024-03-13 02:00:00,ZONE_M03,16.3,45.9,-25.5,511.0,770.0,15.0,90.0,RUNNING
2024-03-13 02:00:00,ZONE_B01,16.6,43.4,-26.6,469.0,770.0,15.0,90.0,RUNNING
2024-03-13 02:00:00,ZONE_B02,16.1,35.7,-23.3,419.0,770.0,15.0,90.0,RUNNING
2024-03-13 03:00:00,ZONE_M01,15.8,40.2,-24.0,483.0,770.0,15.0,90.0,RUNNING
2024-03-13 03:00:00,ZONE_M02,16.7,39.1,-24.0,495.0,770.0,15.0,90.0,RUNNING
2024-03-13 03:00:00,ZONE_M03,16.0,37.6,-24.8,468.0,770.0,15.0,90.0,RUNNING
2024-03-13 03:00:00,ZONE_B01,15.9,35.4,-23.8,413.0,770.0,15.0,90.0,RUNNING
2024-03-13 03:00:00,ZONE_B02,15.8,42.2,-23.4,499.0,770.0,15.0,90.0,RUNNING
2024-03-13 04:00:00,ZONE_M01,16.4,43.2,-25.8,562.0,770.0,15.0,90.0,RUNNING
2024-03-13 04:00:00,ZONE_M02,16.1,40.1,-26.2,475.0,770.0,15.0,90.0,RUNNING
2024-03-13 04:00:00,ZONE_M03,16.4,36.4,-30.1,445.0,770.0,15.0,90.0,RUNNING
2024-03-13 04:00:00,ZONE_B01,15.7,36.9,-24.0,480.0,770.0,15.0,90.0,RUNNING
2024-03-13 04:00:00,ZONE_B02,15.8,38.6,-23.4,438.0,770.0,15.0,90.0,RUNNING
2024-03-13 05:00:00,ZONE_M01,15.6,40.6,-26.0,497.0,770.0,15.0,90.0,RUNNING
2024-03-13 05:00:00,ZONE_M02,15.6,37.7,-23.3,452.0,770.0,15.0,90.0,RUNNING
2024-03-13 05:00:00,ZONE_M03,15.7,41.3,-26.0,508.0,770.0,15.0,90.0,RUNNING
2024-03-13 05:00:00,ZONE_B01,16.2,43.6,-25.8,477.0,770.0,15.0,90.0,RUNNING
2024-03-13 05:00:00,ZONE_B02,16.5,34.1,-24.4,447.0,770.0,15.0,90.0,RUNNING
2024-03-13 06:00:00,ZONE_M01,19.8,55.4,-27.9,737.0,770.0,15.0,90.0,RUNNING
2024-03-13 06:00:00,ZONE_M02,20.3,52.2,-25.9,689.0,770.0,15.0,90.0,RUNNING
2024-03-13 06:00:00,ZONE_M03,20.4,60.0,-24.5,819.0,770.0,15.0,90.0,RUNNING
2024-03-13 06:00:00,ZONE_B01,20.4,55.7,-25.2,788.0,770.0,15.0,90.0,RUNNING
2024-03-13 06:00:00,ZONE_B02,19.5,57.6,-25.6,787.0,770.0,15.0,90.0,RUNNING
2024-03-13 07:00:00,ZONE_M01,20.2,60.0,-21.9,808.0,770.0,15.0,90.0,RUNNING
2024-03-13 07:00:00,ZONE_M02,19.9,53.6,-20.3,675.0,770.0,15.0,90.0,RUNNING
2024-03-13 07:00:00,ZONE_M03,20.3,42.9,-22.9,602.0,770.0,15.0,90.0,RUNNING
2024-03-13 07:00:00,ZONE_B01,19.7,56.3,-26.3,750.0,770.0,15.0,90.0,RUNNING
2024-03-13 07:00:00,ZONE_B02,20.7,60.0,-27.1,780.0,770.0,15.0,90.0,RUNNING
2024-03-13 08:00:00,ZONE_M01,19.2,52.4,-25.4,667.0,770.0,15.0,90.0,RUNNING
2024-03-13 08:00:00,ZONE_M02,20.5,57.4,-22.4,659.0,770.0,15.0,90.0,RUNNING
2024-03-13 08:00:00,ZONE_M03,20.1,58.0,-20.7,722.0,770.0,15.0,90.0,RUNNING
2024-03-13 08:00:00,ZONE_B01,19.9,53.6,-24.7,744.0,770.0,15.0,90.0,RUNNING
2024-03-13 08:00:00,ZONE_B02,19.7,48.4,-25.4,638.0,770.0,15.0,90.0,RUNNING
2024-03-13 09:00:00,ZONE_M01,19.2,45.7,-26.3,663.0,770.0,15.0,90.0,RUNNING
2024-03-13 09:00:00,ZONE_M02,19.8,60.0,-19.0,897.0,770.0,15.0,90.0,RUNNING
2024-03-13 09:00:00,ZONE_M03,19.4,60.0,-24.3,843.0,770.0,15.0,90.0,RUNNING
2024-03-13 09:00:00,ZONE_B01,19.8,51.8,-22.8,708.0,770.0,15.0,90.0,RUNNING
2024-03-13 09:00:00,ZONE_B02,19.6,60.0,-24.5,748.0,770.0,15.0,90.0,RUNNING
2024-03-13 10:00:00,ZONE_M01,20.5,58.2,-22.8,734.0,770.0,15.0,90.0,RUNNING
2024-03-13 10:00:00,ZONE_M02,19.9,52.1,-25.3,724.0,770.0,15.0,90.0,RUNNING
2024-03-13 10:00:00,ZONE_M03,19.6,58.2,-27.8,763.0,770.0,15.0,90.0,RUNNING
2024-03-13 10:00:00,ZONE_B01,19.6,60.0,-23.0,811.0,770.0,15.0,90.0,RUNNING
2024-03-13 10:00:00,ZONE_B02,19.8,60.0,-25.8,770.0,770.0,15.0,90.0,RUNNING
2024-03-13 11:00:00,ZONE_M01,20.0,57.1,-25.5,707.0,770.0,15.0,90.0,RUNNING
2024-03-13 11:00:00,ZONE_M02,21.1,57.0,-22.2,725.0,770.0,15.0,90.0,RUNNING
2024-03-13 11:00:00,ZONE_M03,20.0,60.0,-22.6,893.0,770.0,15.0,90.0,RUNNING
2024-03-13 11:00:00,ZONE_B01,20.2,59.9,-25.9,668.0,770.0,15.0,90.0,RUNNING
2024-03-13 11:00:00,ZONE_B02,20.8,60.0,-25.2,850.0,770.0,15.0,90.0,RUNNING
2024-03-13 12:00:00,ZONE_M01,20.2,49.0,-22.6,666.0,770.0,15.0,90.0,RUNNING
2024-03-13 12:00:00,ZONE_M02,20.0,60.0,-27.0,886.0,770.0,15.0,90.0,RUNNING
2024-03-13 12:00:00,ZONE_M03,20.8,60.0,-24.3,795.0,770.0,15.0,90.0,RUNNING
2024-03-13 12:00:00,ZONE_B01,20.1,56.7,-27.9,730.0,770.0,15.0,90.0,RUNNING
2024-03-13 12:00:00,ZONE_B02,20.4,60.0,-25.4,800.0,770.0,15.0,90.0,RUNNING
2024-03-13 13:00:00,ZONE_M01,19.6,57.9,-22.6,625.0,770.0,15.0,90.0,RUNNING
2024-03-13 13:00:00,ZONE_M02,20.3,58.7,-26.2,776.0,770.0,15.0,90.0,RUNNING
2024-03-13 13:00:00,ZONE_M03,20.2,59.6,-26.2,776.0,770.0,15.0,90.0,RUNNING
2024-03-13 13:00:00,ZONE_B01,20.0,56.8,-23.6,723.0,770.0,15.0,90.0,RUNNING
2024-03-13 13:00:00,ZONE_B02,20.1,54.9,-24.7,765.0,770.0,15.0,90.0,RUNNING
2024-03-13 14:00:00,ZONE_M01,19.9,59.9,-25.9,826.0,770.0,15.0,90.0,RUNNING
2024-03-13 14:00:00,ZONE_M02,20.6,55.2,-28.7,780.0,770.0,15.0,90.0,RUNNING
2024-03-13 14:00:00,ZONE_M03,19.2,59.3,-23.3,743.0,770.0,15.0,90.0,RUNNING
2024-03-13 14:00:00,ZONE_B01,19.6,50.8,-24.2,681.0,770.0,15.0,90.0,RUNNING
2024-03-13 14:00:00,ZONE_B02,19.9,55.6,-23.2,609.0,770.0,15.0,90.0,RUNNING
2024-03-13 15:00:00,ZONE_M01,18.8,55.5,-25.4,730.0,770.0,15.0,90.0,RUNNING
2024-03-13 15:00:00,ZONE_M02,20.6,44.9,-22.6,537.0,770.0,15.0,90.0,RUNNING
2024-03-13 15:00:00,ZONE_M03,20.5,60.0,-24.5,806.0,770.0,15.0,90.0,RUNNING
2024-03-13 15:00:00,ZONE_B01,19.7,52.8,-23.1,684.0,770.0,15.0,90.0,RUNNING
2024-03-13 15:00:00,ZONE_B02,19.5,60.0,-25.5,796.0,770.0,15.0,90.0,RUNNING
2024-03-13 16:00:00,ZONE_M01,20.2,47.7,-21.5,597.0,770.0,15.0,90.0,RUNNING
2024-03-13 16:00:00,ZONE_M02,20.0,60.0,-22.5,825.0,770.0,15.0,90.0,RUNNING
2024-03-13 16:00:00,ZONE_M03,19.8,42.1,-27.9,530.0,770.0,15.0,90.0,RUNNING
2024-03-13 16:00:00,ZONE_B01,19.5,59.8,-23.9,778.0,770.0,15.0,90.0,RUNNING
2024-03-13 16:00:00,ZONE_B02,20.4,58.6,-23.6,757.0,770.0,15.0,90.0,RUNNING
2024-03-13 17:00:00,ZONE_M01,19.9,60.0,-22.7,743.0,770.0,15.0,90.0,RUNNING
2024-03-13 17:00:00,ZONE_M02,19.8,54.4,-24.4,666.0,770.0,15.0,90.0,RUNNING
2024-03-13 17:00:00,ZONE_M03,20.1,52.2,-21.4,645.0,770.0,15.0,90.0,RUNNING
2024-03-13 17:00:00,ZONE_B01,19.2,60.0,-21.5,830.0,770.0,15.0,90.0,RUNNING
2024-03-13 17:00:00,ZONE_B02,19.8,52.6,-23.6,657.0,770.0,15.0,90.0,RUNNING
2024-03-13 18:00:00,ZONE_M01,20.2,60.0,-25.6,761.0,770.0,15.0,90.0,RUNNING
2024-03-13 18:00:00,ZONE_M02,19.9,58.6,-19.8,734.0,770.0,15.0,90.0,RUNNING
2024-03-13 18:00:00,ZONE_M03,20.4,52.2,-25.0,750.0,770.0,15.0,90.0,RUNNING
2024-03-13 18:00:00,ZONE_B01,19.2,49.7,-21.0,664.0,770.0,15.0,90.0,RUNNING
2024-03-13 18:00:00,ZONE_B02,20.1,55.4,-22.5,776.0,770.0,15.0,90.0,RUNNING
2024-03-13 19:00:00,ZONE_M01,20.5,58.1,-25.6,722.0,770.0,15.0,90.0,RUNNING
2024-03-13 19:00:00,ZONE_M02,20.8,60.0,-25.5,751.0,770.0,15.0,90.0,RUNNING
2024-03-13 19:00:00,ZONE_M03,20.4,60.0,-26.6,918.0,770.0,15.0,90.0,RUNNING
2024-03-13 19:00:00,ZONE_B01,20.0,59.3,-24.5,769.0,770.0,15.0,90.0,RUNNING
2024-03-13 19:00:00,ZONE_B02,19.7,58.6,-22.6,760.0,770.0,15.0,90.0,RUNNING
2024-03-13 20:00:00,ZONE_M01,19.6,59.6,-25.8,683.0,770.0,15.0,90.0,RUNNING
2024-03-13 20:00:00,ZONE_M02,20.9,54.4,-23.8,768.0,770.0,15.0,90.0,RUNNING
2024-03-13 20:00:00,ZONE_M03,20.6,51.5,-23.3,633.0,770.0,15.0,90.0,RUNNING
2024-03-13 20:00:00,ZONE_B01,20.1,56.6,-26.4,689.0,770.0,15.0,90.0,RUNNING
2024-03-13 20:00:00,ZONE_B02,20.4,60.0,-21.1,805.0,770.0,15.0,90.0,RUNNING
2024-03-13 21:00:00,ZONE_M01,19.5,60.0,-28.9,776.0,770.0,15.0,90.0,RUNNING
2024-03-13 21:00:00,ZONE_M02,20.4,60.0,-28.4,767.0,770.0,15.0,90.0,RUNNING
2024-03-13 21:00:00,ZONE_M03,21.3,52.8,-22.5,649.0,770.0,15.0,90.0,RUNNING
2024-03-13 21:00:00,ZONE_B01,20.9,53.3,-22.6,718.0,770.0,15.0,90.0,RUNNING
2024-03-13 21:00:00,ZONE_B02,20.2,60.0,-23.6,827.0,770.0,15.0,90.0,RUNNING
2024-03-13 22:00:00,ZONE_M01,18.7,54.0,-26.8,654.0,770.0,15.0,90.0,RUNNING
2024-03-13 22:00:00,ZONE_M02,20.1,39.1,-26.9,485.0,770.0,15.0,90.0,RUNNING
2024-03-13 22:00:00,ZONE_M03,20.9,60.0,-25.6,799.0,770.0,15.0,90.0,RUNNING
2024-03-13 22:00:00,ZONE_B01,20.2,60.0,-23.2,803.0,770.0,15.0,90.0,RUNNING
2024-03-13 22:00:00,ZONE_B02,20.2,58.6,-27.3,743.0,770.0,15.0,90.0,RUNNING
2024-03-13 23:00:00,ZONE_M01,15.1,41.2,-26.0,468.0,770.0,15.0,90.0,RUNNING
2024-03-13 23:00:00,ZONE_M02,16.2,42.7,-27.0,490.0,770.0,15.0,90.0,RUNNING
2024-03-13 23:00:00,ZONE_M03,16.6,42.1,-21.4,476.0,770.0,15.0,90.0,RUNNING
2024-03-13 23:00:00,ZONE_B01,16.6,36.2,-23.1,394.0,770.0,15.0,90.0,RUNNING
2024-03-13 23:00:00,ZONE_B02,15.6,38.0,-25.9,464.0,770.0,15.0,90.0,RUNNING
2024-03-14 00:00:00,ZONE_M01,16.9,37.9,-25.8,563.0,770.0,15.0,90.0,RUNNING
2024-03-14 00:00:00,ZONE_M02,16.3,40.1,-22.9,443.0,770.0,15.0,90.0,RUNNING
2024-03-14 00:00:00,ZONE_M03,16.1,41.8,-24.8,524.0,770.0,15.0,90.0,RUNNING
2024-03-14 00:00:00,ZONE_B01,16.2,35.6,-20.8,421.0,770.0,15.0,90.0,RUNNING
2024-03-14 00:00:00,ZONE_B02,16.9,45.7,-23.1,518.0,770.0,15.0,90.0,RUNNING
2024-03-14 01:00:00,ZONE_M01,16.1,40.3,-26.6,494.0,770.0,15.0,90.0,RUNNING
2024-03-14 01:00:00,ZONE_M02,15.5,46.8,-24.6,508.0,770.0,15.0,90.0,RUNNING
2024-03-14 01:00:00,ZONE_M03,17.1,39.6,-20.5,484.0,770.0,15.0,90.0,RUNNING
2024-03-14 01:00:00,ZONE_B01,17.1,42.1,-23.4,532.0,770.0,15.0,90.0,RUNNING
2024-03-14 01:00:00,ZONE_B02,16.2,37.2,-24.1,475.0,770.0,15.0,90.0,RUNNING
2024-03-14 02:00:00,ZONE_M01,16.5,40.7,-25.3,494.0,770.0,15.0,90.0,RUNNING
2024-03-14 02:00:00,ZONE_M02,16.3,40.4,-24.2,511.0,770.0,15.0,90.0,RUNNING
2024-03-14 02:00:00,ZONE_M03,16.0,40.0,-23.9,551.0,770.0,15.0,90.0,RUNNING
2024-03-14 02:00:00,ZONE_B01,15.8,47.7,-21.7,514.0,770.0,15.0,90.0,RUNNING
2024-03-14 02:00:00,ZONE_B02,15.5,43.7,-25.5,558.0,770.0,15.0,90.0,RUNNING
2024-03-14 03:00:00,ZONE_M01,16.0,38.5,-23.1,504.0,770.0,15.0,90.0,RUNNING
2024-03-14 03:00:00,ZONE_M02,15.9,40.5,-25.6,526.0,770.0,15.0,90.0,RUNNING
2024-03-14 03:00:00,ZONE_M03,15.3,32.2,-25.5,428.0,770.0,15.0,90.0,RUNNING
2024-03-14 03:00:00,ZONE_B01,15.7,33.1,-22.5,445.0,770.0,15.0,90.0,RUNNING
2024-03-14 03:00:00,ZONE_B02,15.9,39.8,-25.3,410.0,770.0,15.0,90.0,RUNNING
2024-03-14 04:00:00,ZONE_M01,14.9,35.7,-28.0,426.0,770.0,15.0,90.0,RUNNING
2024-03-14 04:00:00,ZONE_M02,15.6,37.6,-24.8,515.0,770.0,15.0,90.0,RUNNING
2024-03-14 04:00:00,ZONE_M03,17.2,42.6,-24.1,502.0,770.0,15.0,90.0,RUNNING
2024-03-14 04:00:00,ZONE_B01,16.4,38.6,-23.9,413.0,770.0,15.0,90.0,RUNNING
2024-03-14 04:00:00,ZONE_B02,15.9,47.4,-25.8,484.0,770.0,15.0,90.0,RUNNING
2024-03-14 05:00:00,ZONE_M01,16.2,39.8,-22.7,487.0,770.0,15.0,90.0,RUNNING
2024-03-14 05:00:00,ZONE_M02,16.2,42.0,-23.6,507.0,770.0,15.0,90.0,RUNNING
2024-03-14 05:00:00,ZONE_M03,16.7,39.1,-26.5,439.0,770.0,15.0,90.0,RUNNING
2024-03-14 05:00:00,ZONE_B01,16.2,44.5,-27.7,576.0,770.0,15.0,90.0,RUNNING
2024-03-14 05:00:00,ZONE_B02,14.9,40.1,-18.4,483.0,770.0,15.0,90.0,RUNNING
2024-03-14 06:00:00,ZONE_M01,20.2,60.0,-24.6,839.0,770.0,15.0,90.0,RUNNING
2024-03-14 06:00:00,ZONE_M02,20.9,60.0,-23.0,852.0,770.0,15.0,90.0,RUNNING
2024-03-14 06:00:00,ZONE_M03,20.1,58.8,-25.8,731.0,770.0,15.0,90.0,RUNNING
2024-03-14 06:00:00,ZONE_B01,19.7,53.9,-26.0,725.0,770.0,15.0,90.0,RUNNING
2024-03-14 06:00:00,ZONE_B02,19.4,60.0,-19.3,697.0,770.0,15.0,90.0,RUNNING
2024-03-14 07:00:00,ZONE_M01,20.9,57.4,-23.2,679.0,770.0,15.0,90.0,RUNNING
2024-03-14 07:00:00,ZONE_M02,21.0,60.0,-22.2,697.0,770.0,15.0,90.0,RUNNING
2024-03-14 07:00:00,ZONE_M03,20.3,42.1,-26.0,568.0,770.0,15.0,90.0,RUNNING
2024-03-14 07:00:00,ZONE_B01,20.5,44.0,-23.5,578.0,770.0,15.0,90.0,RUNNING
2024-03-14 07:00:00,ZONE_B02,20.6,60.0,-22.3,897.0,770.0,15.0,90.0,RUNNING
2024-03-14 08:00:00,ZONE_M01,19.7,60.0,-23.4,803.0,770.0,15.0,90.0,RUNNING
2024-03-14 08:00:00,ZONE_M02,20.0,59.6,-24.6,735.0,770.0,15.0,90.0,RUNNING
2024-03-14 08:00:00,ZONE_M03,19.8,56.9,-25.1,705.0,770.0,15.0,90.0,RUNNING
2024-03-14 08:00:00,ZONE_B01,19.6,47.8,-26.0,539.0,770.0,15.0,90.0,RUNNING
2024-03-14 08:00:00,ZONE_B02,21.2,54.4,-23.2,723.0,770.0,15.0,90.0,RUNNING
2024-03-14 09:00:00,ZONE_M01,20.2,56.8,-24.0,812.0,770.0,15.0,90.0,RUNNING
2024-03-14 09:00:00,ZONE_M02,19.9,60.0,-22.3,912.0,770.0,15.0,90.0,RUNNING
2024-03-14 09:00:00,ZONE_M03,19.5,54.9,-22.2,641.0,770.0,15.0,90.0,RUNNING
2024-03-14 09:00:00,ZONE_B01,20.0,56.8,-27.4,729.0,770.0,15.0,90.0,RUNNING
2024-03-14 09:00:00,ZONE_B02,20.3,53.3,-23.0,643.0,770.0,15.0,90.0,RUNNING
2024-03-14 10:00:00,ZONE_M01,19.9,60.0,-25.6,792.0,770.0,15.0,90.0,RUNNING
2024-03-14 10:00:00,ZONE_M02,20.7,60.0,-24.0,891.0,770.0,15.0,90.0,RUNNING
2024-03-14 10:00:00,ZONE_M03,19.4,57.6,-23.4,715.0,770.0,15.0,90.0,RUNNING
2024-03-14 10:00:00,ZONE_B01,19.8,60.0,-28.8,983.0,770.0,15.0,90.0,RUNNING
2024-03-14 10:00:00,ZONE_B02,20.5,60.0,-23.5,730.0,770.0,15.0,90.0,RUNNING
2024-03-14 11:00:00,ZONE_M01,20.5,53.8,-22.1,643.0,770.0,15.0,90.0,RUNNING
2024-03-14 11:00:00,ZONE_M02,20.2,48.7,-27.2,630.0,770.0,15.0,90.0,RUNNING
2024-03-14 11:00:00,ZONE_M03,20.3,57.0,-25.0,724.0,770.0,15.0,90.0,RUNNING
2024-03-14 11:00:00,ZONE_B01,20.0,50.5,-25.9,676.0,770.0,15.0,90.0,RUNNING
2024-03-14 11:00:00,ZONE_B02,19.8,59.7,-26.0,774.0,770.0,15.0,90.0,RUNNING
2024-03-14 12:00:00,ZONE_M01,20.5,60.0,-26.1,762.0,770.0,15.0,90.0,RUNNING
2024-03-14 12:00:00,ZONE_M02,20.3,56.5,-24.2,687.0,770.0,15.0,90.0,RUNNING
2024-03-14 12:00:00,ZONE_M03,20.4,49.1,-23.5,594.0,770.0,15.0,90.0,RUNNING
2024-03-14 12:00:00,ZONE_B01,20.8,60.0,-24.6,762.0,770.0,15.0,90.0,RUNNING
2024-03-14 12:00:00,ZONE_B02,20.3,43.8,-22.4,518.0,770.0,15.0,90.0,RUNNING
2024-03-14 13:00:00,ZONE_M01,19.9,60.0,-27.1,840.0,770.0,15.0,90.0,RUNNING
2024-03-14 13:00:00,ZONE_M02,19.7,60.0,-24.4,788.0,770.0,15.0,90.0,RUNNING
2024-03-14 13:00:00,ZONE_M03,20.0,60.0,-22.9,880.0,770.0,15.0,90.0,RUNNING
2024-03-14 13:00:00,ZONE_B01,19.9,56.7,-22.4,695.0,770.0,15.0,90.0,RUNNING
2024-03-14 13:00:00,ZONE_B02,19.8,53.0,-24.7,705.0,770.0,15.0,90.0,RUNNING
2024-03-14 14:00:00,ZONE_M01,19.7,55.5,-27.6,721.0,770.0,15.0,90.0,RUNNING
2024-03-14 14:00:00,ZONE_M02,19.8,54.5,-21.0,757.0,770.0,15.0,90.0,RUNNING
2024-03-14 14:00:00,ZONE_M03,20.6,39.3,-24.7,575.0,770.0,15.0,90.0,RUNNING
2024-03-14 14:00:00,ZONE_B01,20.2,46.4,-24.3,544.0,770.0,15.0,90.0,RUNNING
2024-03-14 14:00:00,ZONE_B02,19.1,42.9,-26.0,607.0,770.0,15.0,90.0,RUNNING
2024-03-14 15:00:00,ZONE_M01,19.2,40.2,-21.7,489.0,770.0,15.0,90.0,RUNNING
2024-03-14 15:00:00,ZONE_M02,20.6,48.8,-25.3,696.0,770.0,15.0,90.0,RUNNING
2024-03-14 15:00:00,ZONE_M03,19.7,59.6,-26.9,862.0,770.0,15.0,90.0,RUNNING
2024-03-14 15:00:00,ZONE_B01,19.8,60.0,-23.2,831.0,770.0,15.0,90.0,RUNNING
2024-03-14 15:00:00,ZONE_B02,20.4,45.8,-24.3,562.0,770.0,15.0,90.0,RUNNING
2024-03-14 16:00:00,ZONE_M01,20.0,60.0,-24.3,786.0,770.0,15.0,90.0,RUNNING
2024-03-14 16:00:00,ZONE_M02,19.2,59.3,-26.9,708.0,770.0,15.0,90.0,RUNNING
2024-03-14 16:00:00,ZONE_M03,19.4,59.5,-24.2,708.0,770.0,15.0,90.0,RUNNING
2024-03-14 16:00:00,ZONE_B01,20.2,52.8,-22.4,688.0,770.0,15.0,90.0,RUNNING
2024-03-14 16:00:00,ZONE_B02,20.0,60.0,-24.4,698.0,770.0,15.0,90.0,RUNNING
2024-03-14 17:00:00,ZONE_M01,19.5,52.4,-23.2,781.0,770.0,15.0,90.0,RUNNING
2024-03-14 17:00:00,ZONE_M02,19.5,53.1,-23.4,723.0,770.0,15.0,90.0,RUNNING
2024-03-14 17:00:00,ZONE_M03,20.6,37.1,-23.0,483.0,770.0,15.0,90.0,RUNNING
2024-03-14 17:00:00,ZONE_B01,19.8,60.0,-26.6,811.0,770.0,15.0,90.0,RUNNING
2024-03-14 17:00:00,ZONE_B02,19.8,58.4,-24.0,744.0,770.0,15.0,90.0,RUNNING
2024-03-14 18:00:00,ZONE_M01,20.8,60.0,-24.5,851.0,770.0,15.0,90.0,RUNNING
2024-03-14 18:00:00,ZONE_M02,20.3,54.7,-25.4,692.0,770.0,15.0,90.0,RUNNING
2024-03-14 18:00:00,ZONE_M03,19.4,59.2,-24.9,795.0,770.0,15.0,90.0,RUNNING
2024-03-14 18:00:00,ZONE_B01,19.8,60.0,-22.8,728.0,770.0,15.0,90.0,RUNNING
2024-03-14 18:00:00,ZONE_B02,19.9,56.2,-26.6,775.0,770.0,15.0,90.0,RUNNING
2024-03-14 19:00:00,ZONE_M01,20.2,60.0,-21.3,805.0,770.0,15.0,90.0,RUNNING
2024-03-14 19:00:00,ZONE_M02,19.7,55.7,-23.1,660.0,770.0,15.0,90.0,RUNNING
2024-03-14 19:00:00,ZONE_M03,19.9,60.0,-19.3,722.0,770.0,15.0,90.0,RUNNING
2024-03-14 19:00:00,ZONE_B01,20.7,60.0,-26.1,924.0,770.0,15.0,90.0,RUNNING
2024-03-14 19:00:00,ZONE_B02,20.1,56.6,-24.8,689.0,770.0,15.0,90.0,RUNNING
2024-03-14 20:00:00,ZONE_M01,19.7,50.6,-26.1,659.0,770.0,15.0,90.0,RUNNING
2024-03-14 20:00:00,ZONE_M02,19.6,59.9,-24.4,770.0,770.0,15.0,90.0,RUNNING
2024-03-14 20:00:00,ZONE_M03,20.1,54.5,-23.2,657.0,770.0,15.0,90.0,RUNNING
2024-03-14 20:00:00,ZONE_B01,19.8,46.2,-23.9,593.0,770.0,15.0,90.0,RUNNING
2024-03-14 20:00:00,ZONE_B02,19.8,60.0,-22.9,866.0,770.0,15.0,90.0,RUNNING
2024-03-14 21:00:00,ZONE_M01,20.5,60.0,-22.4,806.0,770.0,15.0,90.0,RUNNING
2024-03-14 21:00:00,ZONE_M02,20.3,60.0,-25.8,810.0,770.0,15.0,90.0,RUNNING
2024-03-14 21:00:00,ZONE_M03,20.0,60.0,-24.9,766.0,770.0,15.0,90.0,RUNNING
2024-03-14 21:00:00,ZONE_B01,19.7,54.5,-23.3,733.0,770.0,15.0,90.0,RUNNING
2024-03-14 21:00:00,ZONE_B02,19.7,47.1,-22.2,643.0,770.0,15.0,90.0,RUNNING
2024-03-14 22:00:00,ZONE_M01,19.8,60.0,-23.8,721.0,770.0,15.0,90.0,RUNNING
2024-03-14 22:00:00,ZONE_M02,20.2,56.1,-27.3,673.0,770.0,15.0,90.0,RUNNING
2024-03-14 22:00:00,ZONE_M03,19.6,60.0,-27.4,779.0,770.0,15.0,90.0,RUNNING
2024-03-14 22:00:00,ZONE_B01,19.9,53.2,-21.9,745.0,770.0,15.0,90.0,RUNNING
2024-03-14 22:00:00,ZONE_B02,20.1,43.6,-27.4,563.0,770.0,15.0,90.0,RUNNING
2024-03-14 23:00:00,ZONE_M01,16.4,37.1,-24.3,451.0,770.0,15.0,90.0,RUNNING
2024-03-14 23:00:00,ZONE_M02,15.9,37.5,-24.0,528.0,770.0,15.0,90.0,RUNNING
2024-03-14 23:00:00,ZONE_M03,16.1,33.7,-23.1,403.0,770.0,15.0,90.0,RUNNING
2024-03-14 23:00:00,ZONE_B01,15.6,39.1,-24.8,455.0,770.0,15.0,90.0,RUNNING
2024-03-14 23:00:00,ZONE_B02,15.1,40.0,-26.2,474.0,770.0,15.0,90.0,RUNNING
2024-03-15 00:00:00,ZONE_M01,16.1,31.1,-24.8,394.0,770.0,15.0,90.0,RUNNING
2024-03-15 00:00:00,ZONE_M02,15.6,40.3,-24.6,454.0,770.0,15.0,90.0,RUNNING
2024-03-15 00:00:00,ZONE_M03,15.2,39.2,-26.9,429.0,770.0,15.0,90.0,RUNNING
2024-03-15 00:00:00,ZONE_B01,15.8,33.1,-23.5,399.0,770.0,15.0,90.0,RUNNING
2024-03-15 00:00:00,ZONE_B02,15.2,39.2,-23.3,473.0,770.0,15.0,90.0,RUNNING
2024-03-15 01:00:00,ZONE_M01,16.2,39.2,-23.6,437.0,770.0,15.0,90.0,RUNNING
2024-03-15 01:00:00,ZONE_M02,15.1,47.1,-22.3,555.0,770.0,15.0,90.0,RUNNING
2024-03-15 01:00:00,ZONE_M03,16.1,50.6,-27.0,514.0,770.0,15.0,90.0,RUNNING
2024-03-15 01:00:00,ZONE_B01,16.0,46.7,-24.7,454.0,770.0,15.0,90.0,RUNNING
2024-03-15 01:00:00,ZONE_B02,16.6,31.9,-20.2,435.0,770.0,15.0,90.0,RUNNING
2024-03-15 02:00:00,ZONE_M01,16.2,32.7,-24.0,402.0,770.0,15.0,90.0,RUNNING
2024-03-15 02:00:00,ZONE_M02,15.7,40.8,-24.3,497.0,770.0,15.0,90.0,RUNNING
2024-03-15 02:00:00,ZONE_M03,16.8,45.8,-28.0,510.0,770.0,15.0,90.0,RUNNING
2024-03-15 02:00:00,ZONE_B01,16.1,38.9,-26.9,450.0,770.0,15.0,90.0,RUNNING
2024-03-15 02:00:00,ZONE_B02,16.5,37.6,-24.6,450.0,770.0,15.0,90.0,RUNNING
2024-03-15 03:00:00,ZONE_M01,14.9,38.1,-19.3,450.0,770.0,15.0,90.0,RUNNING
2024-03-15 03:00:00,ZONE_M02,16.7,39.1,-21.6,484.0,770.0,15.0,90.0,RUNNING
2024-03-15 03:00:00,ZONE_M03,15.3,39.7,-22.6,500.0,770.0,15.0,90.0,RUNNING
2024-03-15 03:00:00,ZONE_B01,14.8,37.1,-27.2,502.0,770.0,15.0,90.0,RUNNING
2024-03-15 03:00:00,ZONE_B02,16.0,40.1,-25.4,451.0,770.0,15.0,90.0,RUNNING
2024-03-15 04:00:00,ZONE_M01,15.5,37.4,-21.7,508.0,770.0,15.0,90.0,RUNNING
2024-03-15 04:00:00,ZONE_M02,15.9,43.0,-24.8,510.0,770.0,15.0,90.0,RUNNING
2024-03-15 04:00:00,ZONE_M03,15.9,39.8,-19.9,490.0,770.0,15.0,90.0,RUNNING
2024-03-15 04:00:00,ZONE_B01,15.6,45.8,-22.4,564.0,770.0,15.0,90.0,RUNNING
2024-03-15 04:00:00,ZONE_B02,15.9,42.3,-24.7,515.0,770.0,15.0,90.0,RUNNING
2024-03-15 05:00:00,ZONE_M01,16.7,38.6,-24.8,429.0,770.0,15.0,90.0,RUNNING
2024-03-15 05:00:00,ZONE_M02,15.3,36.4,-24.0,414.0,770.0,15.0,90.0,RUNNING
2024-03-15 05:00:00,ZONE_M03,16.1,38.9,-25.3,456.0,770.0,15.0,90.0,RUNNING
2024-03-15 05:00:00,ZONE_B01,16.2,39.5,-21.6,487.0,770.0,15.0,90.0,RUNNING
2024-03-15 05:00:00,ZONE_B02,16.1,40.9,-23.1,514.0,770.0,15.0,90.0,RUNNING
2024-03-15 06:00:00,ZONE_M01,19.4,60.0,-21.9,879.0,770.0,15.0,90.0,RUNNING
2024-03-15 06:00:00,ZONE_M02,19.9,50.5,-23.1,627.0,770.0,15.0,90.0,RUNNING
2024-03-15 06:00:00,ZONE_M03,20.9,58.4,-24.9,770.0,770.0,15.0,90.0,RUNNING
2024-03-15 06:00:00,ZONE_B01,20.9,57.5,-23.4,765.0,770.0,15.0,90.0,RUNNING
2024-03-15 06:00:00,ZONE_B02,18.8,50.2,-21.8,706.0,770.0,15.0,90.0,RUNNING
2024-03-15 07:00:00,ZONE_M01,20.5,60.0,-24.6,818.0,770.0,15.0,90.0,RUNNING
2024-03-15 07:00:00,ZONE_M02,20.0,51.9,-25.4,671.0,770.0,15.0,90.0,RUNNING
2024-03-15 07:00:00,ZONE_M03,19.8,53.4,-21.5,613.0,770.0,15.0,90.0,RUNNING
2024-03-15 07:00:00,ZONE_B01,20.1,60.0,-28.0,893.0,770.0,15.0,90.0,RUNNING
2024-03-15 07:00:00,ZONE_B02,19.6,55.2,-24.7,681.0,770.0,15.0,90.0,RUNNING
2024-03-15 08:00:00,ZONE_M01,19.3,52.3,-24.2,588.0,770.0,15.0,90.0,RUNNING
2024-03-15 08:00:00,ZONE_M02,20.7,57.6,-22.9,683.0,770.0,15.0,90.0,RUNNING
2024-03-15 08:00:00,ZONE_M03,20.0,56.9,-23.6,764.0,770.0,15.0,90.0,RUNNING
2024-03-15 08:00:00,ZONE_B01,19.8,60.0,-25.6,807.0,770.0,15.0,90.0,RUNNING
2024-03-15 08:00:00,ZONE_B02,20.1,60.0,-25.5,797.0,770.0,15.0,90.0,RUNNING
2024-03-15 09:00:00,ZONE_M01,20.8,53.3,-21.4,599.0,770.0,15.0,90.0,RUNNING
2024-03-15 09:00:00,ZONE_M02,21.1,60.0,-25.8,805.0,770.0,15.0,90.0,RUNNING
2024-03-15 09:00:00,ZONE_M03,19.9,49.3,-23.2,517.0,770.0,15.0,90.0,RUNNING
2024-03-15 09:00:00,ZONE_B01,20.1,55.9,-21.6,682.0,770.0,15.0,90.0,RUNNING
2024-03-15 09:00:00,ZONE_B02,20.1,60.0,-21.4,838.0,770.0,15.0,90.0,RUNNING
2024-03-15 10:00:00,ZONE_M01,20.0,59.2,-20.3,856.0,770.0,15.0,90.0,RUNNING
2024-03-15 10:00:00,ZONE_M02,20.0,52.5,-26.6,686.0,770.0,15.0,90.0,RUNNING
2024-03-15 10:00:00,ZONE_M03,20.3,60.0,-27.6,979.0,770.0,15.0,90.0,RUNNING
2024-03-15 10:00:00,ZONE_B01,19.5,57.0,-23.4,743.0,770.0,15.0,90.0,RUNNING
2024-03-15 10:00:00,ZONE_B02,19.9,60.0,-23.5,718.0,770.0,15.0,90.0,RUNNING
2024-03-15 11:00:00,ZONE_M01,19.6,60.0,-21.9,846.0,770.0,15.0,90.0,RUNNING
2024-03-15 11:00:00,ZONE_M02,19.3,60.0,-24.4,924.0,770.0,15.0,90.0,RUNNING
2024-03-15 11:00:00,ZONE_M03,19.3,59.6,-27.0,785.0,770.0,15.0,90.0,RUNNING
2024-03-15 11:00:00,ZONE_B01,19.3,53.1,-22.9,632.0,770.0,15.0,90.0,RUNNING
2024-03-15 11:00:00,ZONE_B02,21.0,60.0,-27.5,772.0,770.0,15.0,90.0,RUNNING
2024-03-15 12:00:00,ZONE_M01,20.2,59.9,-24.8,801.0,770.0,15.0,90.0,RUNNING
2024-03-15 12:00:00,ZONE_M02,20.4,60.0,-24.8,780.0,770.0,15.0,90.0,RUNNING
2024-03-15 12:00:00,ZONE_M03,18.9,54.9,-25.3,736.0,770.0,15.0,90.0,RUNNING
2024-03-15 12:00:00,ZONE_B01,20.2,50.7,-22.7,601.0,770.0,15.0,90.0,RUNNING
2024-03-15 12:00:00,ZONE_B02,19.5,60.0,-22.7,858.0,770.0,15.0,90.0,RUNNING
2024-03-15 13:00:00,ZONE_M01,20.2,57.2,-25.5,814.0,770.0,15.0,90.0,RUNNING
2024-03-15 13:00:00,ZONE_M02,20.8,57.3,-23.9,779.0,770.0,15.0,90.0,RUNNING
2024-03-15 13:00:00,ZONE_M03,20.0,59.6,-23.3,722.0,770.0,15.0,90.0,RUNNING
2024-03-15 13:00:00,ZONE_B01,19.7,58.5,-25.7,777.0,770.0,15.0,90.0,RUNNING
2024-03-15 13:00:00,ZONE_B02,20.2,58.2,-24.2,756.0,770.0,15.0,90.0,RUNNING
2024-03-15 14:00:00,ZONE_M01,20.2,57.0,-25.7,780.0,770.0,15.0,90.0,RUNNING
2024-03-15 14:00:00,ZONE_M02,20.4,40.8,-22.0,479.0,770.0,15.0,90.0,RUNNING
2024-03-15 14:00:00,ZONE_M03,19.6,48.2,-20.1,624.0,770.0,15.0,90.0,RUNNING
2024-03-15 14:00:00,ZONE_B01,20.4,60.0,-23.6,712.0,770.0,15.0,90.0,RUNNING
2024-03-15 14:00:00,ZONE_B02,19.6,60.0,-25.7,852.0,770.0,15.0,90.0,RUNNING
2024-03-15 15:00:00,ZONE_M01,19.6,60.0,-21.7,766.0,770.0,15.0,90.0,RUNNING
2024-03-15 15:00:00,ZONE_M02,19.6,49.1,-25.8,590.0,770.0,15.0,90.0,RUNNING
2024-03-15 15:00:00,ZONE_M03,20.3,52.1,-23.6,712.0,770.0,15.0,90.0,RUNNING
2024-03-15 15:00:00,ZONE_B01,20.3,47.7,-25.7,594.0,770.0,15.0,90.0,RUNNING
2024-03-15 15:00:00,ZONE_B02,19.8,60.0,-23.2,759.0,770.0,15.0,90.0,RUNNING
2024-03-15 16:00:00,ZONE_M01,19.7,59.3,-22.4,716.0,770.0,15.0,90.0,RUNNING
2024-03-15 16:00:00,ZONE_M02,19.5,44.7,-25.8,625.0,770.0,15.0,90.0,RUNNING
2024-03-15 16:00:00,ZONE_M03,20.3,59.1,-25.1,760.0,770.0,15.0,90.0,RUNNING
2024-03-15 16:00:00,ZONE_B01,19.0,54.7,-24.2,754.0,770.0,15.0,90.0,RUNNING
2024-03-15 16:00:00,ZONE_B02,20.1,60.0,-23.1,835.0,770.0,15.0,90.0,RUNNING
2024-03-15 17:00:00,ZONE_M01,20.0,60.0,-25.0,957.0,770.0,15.0,90.0,RUNNING
2024-03-15 17:00:00,ZONE_M02,20.1,50.2,-26.5,643.0,770.0,15.0,90.0,RUNNING
2024-03-15 17:00:00,ZONE_M03,20.0,50.7,-25.1,715.0,770.0,15.0,90.0,RUNNING
2024-03-15 17:00:00,ZONE_B01,19.9,60.0,-22.8,847.0,770.0,15.0,90.0,RUNNING
2024-03-15 17:00:00,ZONE_B02,20.5,59.5,-25.7,734.0,770.0,15.0,90.0,RUNNING
2024-03-15 18:00:00,ZONE_M01,20.0,58.2,-27.8,752.0,770.0,15.0,90.0,RUNNING
2024-03-15 18:00:00,ZONE_M02,19.8,60.0,-28.1,815.0,770.0,15.0,90.0,RUNNING
2024-03-15 18:00:00,ZONE_M03,19.4,60.0,-25.7,754.0,770.0,15.0,90.0,RUNNING
2024-03-15 18:00:00,ZONE_B01,20.1,60.0,-25.4,903.0,770.0,15.0,90.0,RUNNING
2024-03-15 18:00:00,ZONE_B02,19.5,57.8,-24.5,730.0,770.0,15.0,90.0,RUNNING
2024-03-15 19:00:00,ZONE_M01,20.6,54.0,-23.2,737.0,770.0,15.0,90.0,RUNNING
2024-03-15 19:00:00,ZONE_M02,20.0,60.0,-25.2,778.0,770.0,15.0,90.0,RUNNING
2024-03-15 19:00:00,ZONE_M03,19.3,57.4,-23.5,751.0,770.0,15.0,90.0,RUNNING
2024-03-15 19:00:00,ZONE_B01,19.8,55.5,-23.6,643.0,770.0,15.0,90.0,RUNNING
2024-03-15 19:00:00,ZONE_B02,19.8,55.5,-22.0,766.0,770.0,15.0,90.0,RUNNING
2024-03-15 20:00:00,ZONE_M01,20.4,57.7,-22.1,787.0,770.0,15.0,90.0,RUNNING
2024-03-15 20:00:00,ZONE_M02,19.7,52.1,-20.7,744.0,770.0,15.0,90.0,RUNNING
2024-03-15 20:00:00,ZONE_M03,21.1,56.6,-22.1,692.0,770.0,15.0,90.0,RUNNING
2024-03-15 20:00:00,ZONE_B01,20.5,38.9,-22.4,531.0,770.0,15.0,90.0,RUNNING
2024-03-15 20:00:00,ZONE_B02,20.8,45.8,-25.4,524.0,770.0,15.0,90.0,RUNNING
2024-03-15 21:00:00,ZONE_M01,19.1,60.0,-20.6,773.0,770.0,15.0,90.0,RUNNING
2024-03-15 21:00:00,ZONE_M02,20.2,50.3,-24.2,640.0,770.0,15.0,90.0,RUNNING
2024-03-15 21:00:00,ZONE_M03,20.0,60.0,-23.0,726.0,770.0,15.0,90.0,RUNNING
2024-03-15 21:00:00,ZONE_B01,20.4,57.6,-24.6,764.0,770.0,15.0,90.0,RUNNING
2024-03-15 21:00:00,ZONE_B02,20.3,60.0,-24.1,959.0,770.0,15.0,90.0,RUNNING
2024-03-15 22:00:00,ZONE_M01,19.5,60.0,-24.7,756.0,770.0,15.0,90.0,RUNNING
2024-03-15 22:00:00,ZONE_M02,19.5,60.0,-22.6,807.0,770.0,15.0,90.0,RUNNING
2024-03-15 22:00:00,ZONE_M03,20.0,39.2,-26.3,495.0,770.0,15.0,90.0,RUNNING
2024-03-15 22:00:00,ZONE_B01,20.4,60.0,-24.1,816.0,770.0,15.0,90.0,RUNNING
2024-03-15 22:00:00,ZONE_B02,18.9,55.1,-24.8,686.0,770.0,15.0,90.0,RUNNING
2024-03-15 23:00:00,ZONE_M01,16.1,46.9,-23.3,518.0,770.0,15.0,90.0,RUNNING
2024-03-15 23:00:00,ZONE_M02,16.5,39.4,-22.0,476.0,770.0,15.0,90.0,RUNNING
2024-03-15 23:00:00,ZONE_M03,16.9,42.4,-26.5,476.0,770.0,15.0,90.0,RUNNING
2024-03-15 23:00:00,ZONE_B01,15.9,35.7,-24.9,397.0,770.0,15.0,90.0,RUNNING
2024-03-15 23:00:00,ZONE_B02,15.7,36.1,-23.8,451.0,770.0,15.0,90.0,RUNNING
2024-03-16 00:00:00,ZONE_M01,16.3,41.1,-23.1,516.0,770.0,15.0,90.0,RUNNING
2024-03-16 00:00:00,ZONE_M02,15.1,38.0,-25.7,461.0,770.0,15.0,90.0,RUNNING
2024-03-16 00:00:00,ZONE_M03,16.5,44.6,-22.9,504.0,770.0,15.0,90.0,RUNNING
2024-03-16 00:00:00,ZONE_B01,15.9,45.9,-25.2,493.0,770.0,15.0,90.0,RUNNING
2024-03-16 00:00:00,ZONE_B02,15.7,49.0,-24.7,542.0,770.0,15.0,90.0,RUNNING
2024-03-16 01:00:00,ZONE_M01,16.0,38.3,-23.9,485.0,770.0,15.0,90.0,RUNNING
2024-03-16 01:00:00,ZONE_M02,15.6,44.9,-26.2,500.0,770.0,15.0,90.0,RUNNING
2024-03-16 01:00:00,ZONE_M03,15.8,41.4,-23.5,481.0,770.0,15.0,90.0,RUNNING
2024-03-16 01:00:00,ZONE_B01,15.0,38.2,-25.8,500.0,770.0,15.0,90.0,RUNNING
2024-03-16 01:00:00,ZONE_B02,15.8,42.2,-26.5,507.0,770.0,15.0,90.0,RUNNING
2024-03-16 02:00:00,ZONE_M01,15.2,37.8,-26.1,418.0,770.0,15.0,90.0,RUNNING
2024-03-16 02:00:00,ZONE_M02,15.6,38.6,-28.3,444.0,770.0,15.0,90.0,RUNNING
2024-03-16 02:00:00,ZONE_M03,15.5,43.7,-26.1,518.0,770.0,15.0,90.0,RUNNING
2024-03-16 02:00:00,ZONE_B01,16.1,38.9,-24.2,378.0,770.0,15.0,90.0,RUNNING
2024-03-16 02:00:00,ZONE_B02,15.4,35.5,-26.1,487.0,770.0,15.0,90.0,RUNNING
2024-03-16 03:00:00,ZONE_M01,16.1,40.7,-24.5,423.0,770.0,15.0,90.0,RUNNING
2024-03-16 03:00:00,ZONE_M02,15.9,37.8,-24.5,465.0,770.0,15.0,90.0,RUNNING
2024-03-16 03:00:00,ZONE_M03,16.3,41.5,-25.5,489.0,770.0,15.0,90.0,RUNNING
2024-03-16 03:00:00,ZONE_B01,16.0,40.6,-27.5,513.0,770.0,15.0,90.0,RUNNING
2024-03-16 03:00:00,ZONE_B02,15.7,41.4,-24.9,540.0,770.0,15.0,90.0,RUNNING
2024-03-16 04:00:00,ZONE_M01,15.8,39.1,-24.3,523.0,770.0,15.0,90.0,RUNNING
2024-03-16 04:00:00,ZONE_M02,16.4,38.3,-25.2,495.0,770.0,15.0,90.0,RUNNING
2024-03-16 04:00:00,ZONE_M03,15.2,47.9,-26.0,497.0,770.0,15.0,90.0,RUNNING
2024-03-16 04:00:00,ZONE_B01,16.3,37.7,-23.5,429.0,770.0,15.0,90.0,RUNNING
2024-03-16 04:00:00,ZONE_B02,15.1,46.3,-22.9,437.0,770.0,15.0,90.0,RUNNING
2024-03-16 05:00:00,ZONE_M01,15.4,39.9,-24.4,428.0,770.0,15.0,90.0,RUNNING
2024-03-16 05:00:00,ZONE_M02,15.5,37.2,-23.3,460.0,770.0,15.0,90.0,RUNNING
2024-03-16 05:00:00,ZONE_M03,16.0,30.4,-23.3,343.0,770.0,15.0,90.0,RUNNING
2024-03-16 05:00:00,ZONE_B01,16.2,36.8,-19.8,454.0,770.0,15.0,90.0,RUNNING
2024-03-16 05:00:00,ZONE_B02,16.0,46.6,-25.4,492.0,770.0,15.0,90.0,RUNNING
2024-03-16 06:00:00,ZONE_M01,20.2,53.9,-23.9,717.0,770.0,15.0,90.0,RUNNING
2024-03-16 06:00:00,ZONE_M02,20.0,59.7,-24.8,718.0,770.0,15.0,90.0,RUNNING
2024-03-16 06:00:00,ZONE_M03,19.9,55.3,-26.2,672.0,770.0,15.0,90.0,RUNNING
2024-03-16 06:00:00,ZONE_B01,19.0,58.8,-25.9,690.0,770.0,15.0,90.0,RUNNING
2024-03-16 06:00:00,ZONE_B02,19.8,58.9,-23.5,796.0,770.0,15.0,90.0,RUNNING
2024-03-16 07:00:00,ZONE_M01,19.4,60.0,-24.1,787.0,770.0,15.0,90.0,RUNNING
2024-03-16 07:00:00,ZONE_M02,19.6,45.2,-25.6,661.0,770.0,15.0,90.0,RUNNING
2024-03-16 07:00:00,ZONE_M03,20.2,60.0,-23.8,831.0,770.0,15.0,90.0,RUNNING
2024-03-16 07:00:00,ZONE_B01,19.9,60.0,-22.4,987.0,770.0,15.0,90.0,RUNNING
2024-03-16 07:00:00,ZONE_B02,20.4,56.6,-23.7,810.0,770.0,15.0,90.0,RUNNING
2024-03-16 08:00:00,ZONE_M01,19.8,60.0,-25.3,858.0,770.0,15.0,90.0,RUNNING
2024-03-16 08:00:00,ZONE_M02,19.1,56.1,-24.2,672.0,770.0,15.0,90.0,RUNNING
2024-03-16 08:00:00,ZONE_M03,20.6,60.0,-25.8,918.0,770.0,15.0,90.0,RUNNING
2024-03-16 08:00:00,ZONE_B01,20.2,45.3,-25.3,528.0,770.0,15.0,90.0,RUNNING
2024-03-16 08:00:00,ZONE_B02,19.9,60.0,-22.1,789.0,770.0,15.0,90.0,RUNNING
2024-03-16 09:00:00,ZONE_M01,20.5,60.0,-24.0,772.0,770.0,15.0,90.0,RUNNING
2024-03-16 09:00:00,ZONE_M02,19.3,57.6,-29.3,647.0,770.0,15.0,90.0,RUNNING
2024-03-16 09:00:00,ZONE_M03,20.1,60.0,-25.6,927.0,770.0,15.0,90.0,RUNNING
2024-03-16 09:00:00,ZONE_B01,20.2,60.0,-29.0,831.0,770.0,15.0,90.0,RUNNING
2024-03-16 09:00:00,ZONE_B02,20.2,56.5,-22.8,723.0,770.0,15.0,90.0,RUNNING
2024-03-16 10:00:00,ZONE_M01,20.5,60.0,-23.5,848.0,770.0,15.0,90.0,RUNNING
2024-03-16 10:00:00,ZONE_M02,20.0,46.7,-24.1,596.0,770.0,15.0,90.0,RUNNING
2024-03-16 10:00:00,ZONE_M03,20.2,60.0,-23.6,792.0,770.0,15.0,90.0,RUNNING
2024-03-16 10:00:00,ZONE_B01,19.8,60.0,-23.4,768.0,770.0,15.0,90.0,RUNNING
2024-03-16 10:00:00,ZONE_B02,19.7,52.3,-25.0,694.0,770.0,15.0,90.0,RUNNING
2024-03-16 11:00:00,ZONE_M01,19.8,41.1,-23.3,562.0,770.0,15.0,90.0,RUNNING
2024-03-16 11:00:00,ZONE_M02,20.3,55.7,-24.6,835.0,770.0,15.0,90.0,RUNNING
2024-03-16 11:00:00,ZONE_M03,19.5,52.3,-29.7,705.0,770.0,15.0,90.0,RUNNING
2024-03-16 11:00:00,ZONE_B01,21.0,60.0,-23.3,780.0,770.0,15.0,90.0,RUNNING
2024-03-16 11:00:00,ZONE_B02,20.3,60.0,-27.6,725.0,770.0,15.0,90.0,RUNNING
2024-03-16 12:00:00,ZONE_M01,21.1,60.0,-26.0,800.0,770.0,15.0,90.0,RUNNING
2024-03-16 12:00:00,ZONE_M02,19.6,60.0,-27.7,759.0,770.0,15.0,90.0,RUNNING
2024-03-16 12:00:00,ZONE_M03,20.1,51.9,-23.4,660.0,770.0,15.0,90.0,RUNNING
2024-03-16 12:00:00,ZONE_B01,18.8,48.1,-20.6,717.0,770.0,15.0,90.0,RUNNING
2024-03-16 12:00:00,ZONE_B02,19.4,60.0,-25.4,745.0,770.0,15.0,90.0,RUNNING
2024-03-16 13:00:00,ZONE_M01,20.2,53.8,-26.1,794.0,770.0,15.0,90.0,RUNNING
2024-03-16 13:00:00,ZONE_M02,19.7,52.9,-23.9,731.0,770.0,15.0,90.0,RUNNING
2024-03-16 13:00:00,ZONE_M03,19.7,44.4,-22.9,574.0,770.0,15.0,90.0,RUNNING
2024-03-16 13:00:00,ZONE_B01,20.0,60.0,-23.8,816.0,770.0,15.0,90.0,RUNNING
2024-03-16 13:00:00,ZONE_B02,19.9,49.3,-25.1,567.0,770.0,15.0,90.0,RUNNING
2024-03-16 14:00:00,ZONE_M01,20.4,60.0,-26.0,819.0,770.0,15.0,90.0,RUNNING
2024-03-16 14:00:00,ZONE_M02,19.4,51.8,-22.9,639.0,770.0,15.0,90.0,RUNNING
2024-03-16 14:00:00,ZONE_M03,20.3,55.3,-24.4,709.0,770.0,15.0,90.0,RUNNING
2024-03-16 14:00:00,ZONE_B01,19.8,60.0,-26.3,841.0,770.0,15.0,90.0,RUNNING
2024-03-16 14:00:00,ZONE_B02,20.4,59.0,-26.1,810.0,770.0,15.0,90.0,RUNNING
2024-03-16 15:00:00,ZONE_M01,20.1,52.6,-23.9,683.0,770.0,15.0,90.0,RUNNING
2024-03-16 15:00:00,ZONE_M02,20.4,60.0,-21.3,877.0,770.0,15.0,90.0,RUNNING
2024-03-16 15:00:00,ZONE_M03,19.8,53.2,-23.5,734.0,770.0,15.0,90.0,RUNNING
2024-03-16 15:00:00,ZONE_B01,20.2,59.3,-23.6,669.0,770.0,15.0,90.0,RUNNING
2024-03-16 15:00:00,ZONE_B02,20.1,60.0,-26.6,754.0,770.0,15.0,90.0,RUNNING
2024-03-16 16:00:00,ZONE_M01,20.2,47.7,-24.7,668.0,770.0,15.0,90.0,RUNNING
2024-03-16 16:00:00,ZONE_M02,20.2,60.0,-24.5,800.0,770.0,15.0,90.0,RUNNING
2024-03-16 16:00:00,ZONE_M03,19.5,60.0,-28.9,857.0,770.0,15.0,90.0,RUNNING
2024-03-16 16:00:00,ZONE_B01,19.9,55.7,-22.9,709.0,770.0,15.0,90.0,RUNNING
2024-03-16 16:00:00,ZONE_B02,20.0,49.5,-24.5,654.0,770.0,15.0,90.0,RUNNING
2024-03-16 17:00:00,ZONE_M01,20.5,60.0,-26.2,945.0,770.0,15.0,90.0,RUNNING
2024-03-16 17:00:00,ZONE_M02,19.9,41.4,-24.5,467.0,770.0,15.0,90.0,RUNNING
2024-03-16 17:00:00,ZONE_M03,20.7,45.7,-25.7,638.0,770.0,15.0,90.0,RUNNING
2024-03-16 17:00:00,ZONE_B01,20.3,55.4,-23.6,663.0,770.0,15.0,90.0,RUNNING
2024-03-16 17:00:00,ZONE_B02,20.4,60.0,-22.3,797.0,770.0,15.0,90.0,RUNNING
2024-03-16 18:00:00,ZONE_M01,19.9,60.0,-28.7,882.0,770.0,15.0,90.0,RUNNING
2024-03-16 18:00:00,ZONE_M02,19.6,52.8,-27.7,678.0,770.0,15.0,90.0,RUNNING
2024-03-16 18:00:00,ZONE_M03,21.1,55.4,-24.5,708.0,770.0,15.0,90.0,RUNNING
2024-03-16 18:00:00,ZONE_B01,20.6,60.0,-25.1,758.0,770.0,15.0,90.0,RUNNING
2024-03-16 18:00:00,ZONE_B02,19.5,57.8,-27.1,756.0,770.0,15.0,90.0,RUNNING
2024-03-16 19:00:00,ZONE_M01,20.3,60.0,-25.6,1020.0,770.0,15.0,90.0,RUNNING
2024-03-16 19:00:00,ZONE_M02,19.8,50.5,-25.7,644.0,770.0,15.0,90.0,RUNNING
2024-03-16 19:00:00,ZONE_M03,20.0,51.2,-23.1,641.0,770.0,15.0,90.0,RUNNING
2024-03-16 19:00:00,ZONE_B01,20.3,44.5,-24.8,594.0,770.0,15.0,90.0,RUNNING
2024-03-16 19:00:00,ZONE_B02,20.3,60.0,-25.6,769.0,770.0,15.0,90.0,RUNNING
2024-03-16 20:00:00,ZONE_M01,20.0,56.2,-25.7,632.0,770.0,15.0,90.0,RUNNING
2024-03-16 20:00:00,ZONE_M02,20.0,60.0,-26.5,757.0,770.0,15.0,90.0,RUNNING
2024-03-16 20:00:00,ZONE_M03,20.0,60.0,-24.2,788.0,770.0,15.0,90.0,RUNNING
2024-03-16 20:00:00,ZONE_B01,19.6,60.0,-23.2,802.0,770.0,15.0,90.0,RUNNING
2024-03-16 20:00:00,ZONE_B02,20.7,60.0,-26.4,936.0,770.0,15.0,90.0,RUNNING
2024-03-16 21:00:00,ZONE_M01,20.5,40.3,-21.7,537.0,770.0,15.0,90.0,RUNNING
2024-03-16 21:00:00,ZONE_M02,20.7,60.0,-22.8,713.0,770.0,15.0,90.0,RUNNING
2024-03-16 21:00:00,ZONE_M03,19.4,60.0,-24.2,797.0,770.0,15.0,90.0,RUNNING
2024-03-16 21:00:00,ZONE_B01,19.7,57.6,-23.7,744.0,770.0,15.0,90.0,RUNNING
2024-03-16 21:00:00,ZONE_B02,19.1,53.5,-27.7,654.0,770.0,15.0,90.0,RUNNING
2024-03-16 22:00:00,ZONE_M01,20.8,52.9,-27.6,690.0,770.0,15.0,90.0,RUNNING
2024-03-16 22:00:00,ZONE_M02,20.5,60.0,-21.6,811.0,770.0,15.0,90.0,RUNNING
2024-03-16 22:00:00,ZONE_M03,20.1,54.9,-24.8,749.0,770.0,15.0,90.0,RUNNING
2024-03-16 22:00:00,ZONE_B01,19.7,60.0,-24.5,743.0,770.0,15.0,90.0,RUNNING
2024-03-16 22:00:00,ZONE_B02,19.8,54.4,-20.5,737.0,770.0,15.0,90.0,RUNNING
2024-03-16 23:00:00,ZONE_M01,15.7,40.7,-25.2,515.0,770.0,15.0,90.0,RUNNING
2024-03-16 23:00:00,ZONE_M02,15.4,36.5,-26.2,476.0,770.0,15.0,90.0,RUNNING
2024-03-16 23:00:00,ZONE_M03,15.7,44.9,-25.2,457.0,770.0,15.0,90.0,RUNNING
2024-03-16 23:00:00,ZONE_B01,15.9,36.1,-23.3,480.0,770.0,15.0,90.0,RUNNING
2024-03-16 23:00:00,ZONE_B02,16.2,38.7,-24.7,491.0,770.0,15.0,90.0,RUNNING
2024-03-17 00:00:00,ZONE_M01,15.7,40.7,-25.6,469.0,770.0,15.0,90.0,RUNNING
2024-03-17 00:00:00,ZONE_M02,16.7,39.4,-25.1,434.0,770.0,15.0,90.0,RUNNING
2024-03-17 00:00:00,ZONE_M03,15.4,42.8,-22.2,463.0,770.0,15.0,90.0,RUNNING
2024-03-17 00:00:00,ZONE_B01,16.4,37.6,-23.5,476.0,770.0,15.0,90.0,RUNNING
2024-03-17 00:00:00,ZONE_B02,15.0,43.4,-27.2,522.0,770.0,15.0,90.0,RUNNING
2024-03-17 01:00:00,ZONE_M01,15.6,46.7,-24.0,510.0,770.0,15.0,90.0,RUNNING
2024-03-17 01:00:00,ZONE_M02,16.1,45.6,-22.3,523.0,770.0,15.0,90.0,RUNNING
2024-03-17 01:00:00,ZONE_M03,15.9,43.5,-23.6,441.0,770.0,15.0,90.0,RUNNING
2024-03-17 01:00:00,ZONE_B01,16.0,33.2,-27.3,459.0,770.0,15.0,90.0,RUNNING
2024-03-17 01:00:00,ZONE_B02,16.0,37.5,-25.5,495.0,770.0,15.0,90.0,RUNNING
2024-03-17 02:00:00,ZONE_M01,16.6,34.7,-20.5,478.0,770.0,15.0,90.0,RUNNING
2024-03-17 02:00:00,ZONE_M02,16.2,32.2,-21.9,426.0,770.0,15.0,90.0,RUNNING
2024-03-17 02:00:00,ZONE_M03,16.1,40.8,-26.9,475.0,770.0,15.0,90.0,RUNNING
2024-03-17 02:00:00,ZONE_B01,16.1,37.6,-26.6,430.0,770.0,15.0,90.0,RUNNING
2024-03-17 02:00:00,ZONE_B02,15.5,44.1,-23.7,540.0,770.0,15.0,90.0,RUNNING
2024-03-17 03:00:00,ZONE_M01,16.4,39.5,-22.4,432.0,770.0,15.0,90.0,RUNNING
2024-03-17 03:00:00,ZONE_M02,15.9,42.6,-25.5,483.0,770.0,15.0,90.0,RUNNING
2024-03-17 03:00:00,ZONE_M03,16.3,35.7,-23.4,472.0,770.0,15.0,90.0,RUNNING
2024-03-17 03:00:00,ZONE_B01,16.2,38.9,-23.5,478.0,770.0,15.0,90.0,RUNNING
2024-03-17 03:00:00,ZONE_B02,15.9,37.8,-24.0,464.0,770.0,15.0,90.0,RUNNING
2024-03-17 04:00:00,ZONE_M01,16.6,44.7,-24.1,527.0,770.0,15.0,90.0,RUNNING
2024-03-17 04:00:00,ZONE_M02,15.7,39.8,-26.9,449.0,770.0,15.0,90.0,RUNNING
2024-03-17 04:00:00,ZONE_M03,16.2,39.9,-22.6,489.0,770.0,15.0,90.0,RUNNING
2024-03-17 04:00:00,ZONE_B01,16.0,40.5,-27.3,476.0,770.0,15.0,90.0,RUNNING
2024-03-17 04:00:00,ZONE_B02,15.5,37.2,-21.7,454.0,770.0,15.0,90.0,RUNNING
2024-03-17 05:00:00,ZONE_M01,15.4,40.2,-26.5,529.0,770.0,15.0,90.0,RUNNING
2024-03-17 05:00:00,ZONE_M02,15.4,43.1,-26.3,520.0,770.0,15.0,90.0,RUNNING
2024-03-17 05:00:00,ZONE_M03,15.8,43.0,-23.9,479.0,770.0,15.0,90.0,RUNNING
2024-03-17 05:00:00,ZONE_B01,14.9,42.9,-24.2,431.0,770.0,15.0,90.0,RUNNING
2024-03-17 05:00:00,ZONE_B02,16.3,37.0,-26.0,496.0,770.0,15.0,90.0,RUNNING
2024-03-17 06:00:00,ZONE_M01,19.5,60.0,-23.9,794.0,770.0,15.0,90.0,RUNNING
2024-03-17 06:00:00,ZONE_M02,20.5,53.4,-23.8,687.0,770.0,15.0,90.0,RUNNING
2024-03-17 06:00:00,ZONE_M03,20.8,42.7,-25.4,542.0,770.0,15.0,90.0,RUNNING
2024-03-17 06:00:00,ZONE_B01,19.3,60.0,-24.3,904.0,770.0,15.0,90.0,RUNNING
2024-03-17 06:00:00,ZONE_B02,20.2,60.0,-20.5,855.0,770.0,15.0,90.0,RUNNING
2024-03-17 07:00:00,ZONE_M01,19.9,60.0,-26.6,809.0,770.0,15.0,90.0,RUNNING
2024-03-17 07:00:00,ZONE_M02,20.6,60.0,-23.5,802.0,770.0,15.0,90.0,RUNNING
2024-03-17 07:00:00,ZONE_M03,19.5,55.8,-23.0,704.0,770.0,15.0,90.0,RUNNING
2024-03-17 07:00:00,ZONE_B01,19.8,60.0,-23.6,841.0,770.0,15.0,90.0,RUNNING
2024-03-17 07:00:00,ZONE_B02,20.1,56.6,-25.3,648.0,770.0,15.0,90.0,RUNNING
2024-03-17 08:00:00,ZONE_M01,20.8,52.7,-23.6,687.0,770.0,15.0,90.0,RUNNING
2024-03-17 08:00:00,ZONE_M02,20.3,57.7,-19.2,800.0,770.0,15.0,90.0,RUNNING
2024-03-17 08:00:00,ZONE_M03,19.2,51.2,-20.7,653.0,770.0,15.0,90.0,RUNNING
2024-03-17 08:00:00,ZONE_B01,20.0,60.0,-24.5,787.0,770.0,15.0,90.0,RUNNING
2024-03-17 08:00:00,ZONE_B02,20.4,60.0,-25.2,784.0,770.0,15.0,90.0,RUNNING
2024-03-17 09:00:00,ZONE_M01,20.1,50.6,-21.3,656.0,770.0,15.0,90.0,RUNNING
2024-03-17 09:00:00,ZONE_M02,19.2,60.0,-25.2,727.0,770.0,15.0,90.0,RUNNING
2024-03-17 09:00:00,ZONE_M03,21.1,52.5,-24.1,672.0,770.0,15.0,90.0,RUNNING
2024-03-17 09:00:00,ZONE_B01,20.0,54.6,-27.6,732.0,770.0,15.0,90.0,RUNNING
2024-03-17 09:00:00,ZONE_B02,20.1,60.0,-25.6,1007.0,770.0,15.0,90.0,RUNNING
2024-03-17 10:00:00,ZONE_M01,19.6,51.8,-25.5,634.0,770.0,15.0,90.0,RUNNING
2024-03-17 10:00:00,ZONE_M02,20.3,55.1,-25.6,728.0,770.0,15.0,90.0,RUNNING
2024-03-17 10:00:00,ZONE_M03,19.5,57.4,-25.9,683.0,770.0,15.0,90.0,RUNNING
2024-03-17 10:00:00,ZONE_B01,20.1,47.2,-20.3,608.0,770.0,15.0,90.0,RUNNING
2024-03-17 10:00:00,ZONE_B02,20.4,59.0,-25.1,734.0,770.0,15.0,90.0,RUNNING
2024-03-17 11:00:00,ZONE_M01,19.8,60.0,-24.4,765.0,770.0,15.0,90.0,RUNNING
2024-03-17 11:00:00,ZONE_M02,19.9,60.0,-22.0,869.0,770.0,15.0,90.0,RUNNING
2024-03-17 11:00:00,ZONE_M03,19.7,55.7,-20.8,696.0,770.0,15.0,90.0,RUNNING
2024-03-17 11:00:00,ZONE_B01,20.8,46.1,-24.6,616.0,770.0,15.0,90.0,RUNNING
2024-03-17 11:00:00,ZONE_B02,20.2,60.0,-24.8,939.0,770.0,15.0,90.0,RUNNING
2024-03-17 12:00:00,ZONE_M01,20.2,59.7,-24.4,747.0,770.0,15.0,90.0,RUNNING
2024-03-17 12:00:00,ZONE_M02,20.0,48.8,-23.7,680.0,770.0,15.0,90.0,RUNNING
2024-03-17 12:00:00,ZONE_M03,19.6,60.0,-26.9,851.0,770.0,15.0,90.0,RUNNING
2024-03-17 12:00:00,ZONE_B01,20.0,55.4,-21.6,731.0,770.0,15.0,90.0,RUNNING
2024-03-17 12:00:00,ZONE_B02,19.7,60.0,-26.1,813.0,770.0,15.0,90.0,RUNNING
2024-03-17 13:00:00,ZONE_M01,19.7,57.0,-25.3,732.0,770.0,15.0,90.0,RUNNING
2024-03-17 13:00:00,ZONE_M02,19.9,60.0,-24.6,700.0,770.0,15.0,90.0,RUNNING
2024-03-17 13:00:00,ZONE_M03,20.7,58.6,-23.4,725.0,770.0,15.0,90.0,RUNNING
2024-03-17 13:00:00,ZONE_B01,19.5,58.5,-24.6,721.0,770.0,15.0,90.0,RUNNING
2024-03-17 13:00:00,ZONE_B02,20.2,45.1,-27.2,656.0,770.0,15.0,90.0,RUNNING
2024-03-17 14:00:00,ZONE_M01,20.0,56.4,-24.5,725.0,770.0,15.0,90.0,RUNNING
2024-03-17 14:00:00,ZONE_M02,20.1,46.7,-21.5,673.0,770.0,15.0,90.0,RUNNING
2024-03-17 14:00:00,ZONE_M03,19.6,60.0,-25.0,904.0,770.0,15.0,90.0,RUNNING
2024-03-17 14:00:00,ZONE_B01,20.8,49.1,-26.8,608.0,770.0,15.0,90.0,RUNNING
2024-03-17 14:00:00,ZONE_B02,20.4,60.0,-22.1,780.0,770.0,15.0,90.0,RUNNING
2024-03-17 15:00:00,ZONE_M01,19.9,59.7,-22.5,786.0,770.0,15.0,90.0,RUNNING
2024-03-17 15:00:00,ZONE_M02,20.1,57.9,-22.5,756.0,770.0,15.0,90.0,RUNNING
2024-03-17 15:00:00,ZONE_M03,20.4,60.0,-23.6,879.0,770.0,15.0,90.0,RUNNING
2024-03-17 15:00:00,ZONE_B01,19.9,60.0,-24.9,772.0,770.0,15.0,90.0,RUNNING
2024-03-17 15:00:00,ZONE_B02,20.1,54.3,-24.3,607.0,770.0,15.0,90.0,RUNNING
2024-03-17 16:00:00,ZONE_M01,19.7,59.1,-27.3,784.0,770.0,15.0,90.0,RUNNING
2024-03-17 16:00:00,ZONE_M02,19.7,60.0,-22.2,800.0,770.0,15.0,90.0,RUNNING
2024-03-17 16:00:00,ZONE_M03,20.1,55.3,-24.0,758.0,770.0,15.0,90.0,RUNNING
2024-03-17 16:00:00,ZONE_B01,20.0,58.4,-29.1,780.0,770.0,15.0,90.0,RUNNING
2024-03-17 16:00:00,ZONE_B02,19.9,60.0,-23.5,815.0,770.0,15.0,90.0,RUNNING
2024-03-17 17:00:00,ZONE_M01,20.2,55.2,-24.3,734.0,770.0,15.0,90.0,RUNNING
2024-03-17 17:00:00,ZONE_M02,20.9,60.0,-23.5,904.0,770.0,15.0,90.0,RUNNING
2024-03-17 17:00:00,ZONE_M03,19.8,53.3,-25.0,696.0,770.0,15.0,90.0,RUNNING
2024-03-17 17:00:00,ZONE_B01,18.6,52.4,-19.5,673.0,770.0,15.0,90.0,RUNNING
2024-03-17 17:00:00,ZONE_B02,19.6,58.3,-25.8,766.0,770.0,15.0,90.0,RUNNING
2024-03-17 18:00:00,ZONE_M01,19.9,49.0,-24.3,660.0,770.0,15.0,90.0,RUNNING
2024-03-17 18:00:00,ZONE_M02,19.8,60.0,-22.6,917.0,770.0,15.0,90.0,RUNNING
2024-03-17 18:00:00,ZONE_M03,19.7,60.0,-21.3,827.0,770.0,15.0,90.0,RUNNING
2024-03-17 18:00:00,ZONE_B01,19.7,58.5,-24.3,819.0,770.0,15.0,90.0,RUNNING
2024-03-17 18:00:00,ZONE_B02,20.6,52.2,-25.4,795.0,770.0,15.0,90.0,RUNNING
2024-03-17 19:00:00,ZONE_M01,19.9,56.4,-26.2,686.0,770.0,15.0,90.0,RUNNING
2024-03-17 19:00:00,ZONE_M02,20.6,52.5,-23.7,740.0,770.0,15.0,90.0,RUNNING
2024-03-17 19:00:00,ZONE_M03,19.2,60.0,-22.4,808.0,770.0,15.0,90.0,RUNNING
2024-03-17 19:00:00,ZONE_B01,20.2,60.0,-24.0,870.0,770.0,15.0,90.0,RUNNING
2024-03-17 19:00:00,ZONE_B02,20.2,54.4,-22.6,831.0,770.0,15.0,90.0,RUNNING
2024-03-17 20:00:00,ZONE_M01,19.4,59.6,-26.2,695.0,770.0,15.0,90.0,RUNNING
2024-03-17 20:00:00,ZONE_M02,19.8,60.0,-23.7,814.0,770.0,15.0,90.0,RUNNING
2024-03-17 20:00:00,ZONE_M03,19.8,60.0,-24.2,846.0,770.0,15.0,90.0,RUNNING
2024-03-17 20:00:00,ZONE_B01,20.0,52.4,-23.1,696.0,770.0,15.0,90.0,RUNNING
2024-03-17 20:00:00,ZONE_B02,20.0,60.0,-25.7,746.0,770.0,15.0,90.0,RUNNING
2024-03-17 21:00:00,ZONE_M01,20.3,60.0,-28.2,794.0,770.0,15.0,90.0,RUNNING
2024-03-17 21:00:00,ZONE_M02,20.6,60.0,-21.0,840.0,770.0,15.0,90.0,RUNNING
2024-03-17 21:00:00,ZONE_M03,20.0,60.0,-25.6,806.0,770.0,15.0,90.0,RUNNING
2024-03-17 21:00:00,ZONE_B01,20.0,49.8,-24.7,655.0,770.0,15.0,90.0,RUNNING
2024-03-17 21:00:00,ZONE_B02,19.8,47.7,-26.2,617.0,770.0,15.0,90.0,RUNNING
2024-03-17 22:00:00,ZONE_M01,20.4,54.1,-24.4,726.0,770.0,15.0,90.0,RUNNING
2024-03-17 22:00:00,ZONE_M02,20.3,60.0,-23.6,768.0,770.0,15.0,90.0,RUNNING
2024-03-17 22:00:00,ZONE_M03,19.9,53.4,-23.7,698.0,770.0,15.0,90.0,RUNNING
2024-03-17 22:00:00,ZONE_B01,20.2,58.7,-24.8,768.0,770.0,15.0,90.0,RUNNING
2024-03-17 22:00:00,ZONE_B02,20.7,60.0,-22.8,780.0,770.0,15.0,90.0,RUNNING
2024-03-17 23:00:00,ZONE_M01,15.7,34.8,-21.5,468.0,770.0,15.0,90.0,RUNNING
2024-03-17 23:00:00,ZONE_M02,16.8,38.1,-31.0,460.0,770.0,15.0,90.0,RUNNING
2024-03-17 23:00:00,ZONE_M03,16.0,40.5,-24.1,490.0,770.0,15.0,90.0,RUNNING
2024-03-17 23:00:00,ZONE_B01,16.6,40.1,-23.8,459.0,770.0,15.0,90.0,RUNNING
2024-03-17 23:00:00,ZONE_B02,16.1,39.9,-23.3,437.0,770.0,15.0,90.0,RUNNING
2024-03-18 00:00:00,ZONE_M01,16.4,40.0,-24.0,447.0,770.0,15.0,90.0,RUNNING
2024-03-18 00:00:00,ZONE_M02,16.4,43.5,-24.6,476.0,770.0,15.0,90.0,RUNNING
2024-03-18 00:00:00,ZONE_M03,16.0,37.2,-22.7,499.0,770.0,15.0,90.0,RUNNING
2024-03-18 00:00:00,ZONE_B01,16.2,44.0,-24.1,524.0,770.0,15.0,90.0,RUNNING
2024-03-18 00:00:00,ZONE_B02,15.6,45.4,-26.7,485.0,770.0,15.0,90.0,RUNNING
2024-03-18 01:00:00,ZONE_M01,16.1,41.4,-23.3,483.0,770.0,15.0,90.0,RUNNING
2024-03-18 01:00:00,ZONE_M02,16.2,39.4,-26.1,516.0,770.0,15.0,90.0,RUNNING
2024-03-18 01:00:00,ZONE_M03,16.0,44.3,-25.9,520.0,770.0,15.0,90.0,RUNNING
2024-03-18 01:00:00,ZONE_B01,15.8,46.8,-27.0,501.0,770.0,15.0,90.0,RUNNING
2024-03-18 01:00:00,ZONE_B02,16.6,41.1,-25.2,436.0,770.0,15.0,90.0,RUNNING
2024-03-18 02:00:00,ZONE_M01,16.1,36.1,-24.2,432.0,770.0,15.0,90.0,RUNNING
2024-03-18 02:00:00,ZONE_M02,16.5,37.7,-22.5,460.0,770.0,15.0,90.0,RUNNING
2024-03-18 02:00:00,ZONE_M03,16.3,37.3,-22.6,409.0,770.0,15.0,90.0,RUNNING
2024-03-18 02:00:00,ZONE_B01,15.2,44.2,-23.2,492.0,770.0,15.0,90.0,RUNNING
2024-03-18 02:00:00,ZONE_B02,16.3,39.0,-25.0,469.0,770.0,15.0,90.0,RUNNING
2024-03-18 03:00:00,ZONE_M01,14.9,41.9,-26.5,468.0,770.0,15.0,90.0,RUNNING
2024-03-18 03:00:00,ZONE_M02,15.4,30.7,-22.9,478.0,770.0,15.0,90.0,RUNNING
2024-03-18 03:00:00,ZONE_M03,16.0,36.3,-28.3,518.0,770.0,15.0,90.0,RUNNING
2024-03-18 03:00:00,ZONE_B01,16.0,42.5,-29.0,504.0,770.0,15.0,90.0,RUNNING
2024-03-18 03:00:00,ZONE_B02,16.0,35.7,-26.7,440.0,770.0,15.0,90.0,RUNNING
2024-03-18 04:00:00,ZONE_M01,16.1,43.7,-24.0,501.0,770.0,15.0,90.0,RUNNING
2024-03-18 04:00:00,ZONE_M02,16.2,31.6,-22.8,432.0,770.0,15.0,90.0,RUNNING
2024-03-18 04:00:00,ZONE_M03,15.8,35.6,-25.0,480.0,770.0,15.0,90.0,RUNNING
2024-03-18 04:00:00,ZONE_B01,16.1,43.3,-24.4,498.0,770.0,15.0,90.0,RUNNING
2024-03-18 04:00:00,ZONE_B02,16.0,38.4,-25.6,434.0,770.0,15.0,90.0,RUNNING
2024-03-18 05:00:00,ZONE_M01,15.8,37.7,-25.5,448.0,770.0,15.0,90.0,RUNNING
2024-03-18 05:00:00,ZONE_M02,15.5,41.0,-24.3,471.0,770.0,15.0,90.0,RUNNING
2024-03-18 05:00:00,ZONE_M03,15.5,40.1,-25.4,474.0,770.0,15.0,90.0,RUNNING
2024-03-18 05:00:00,ZONE_B01,15.9,44.9,-26.4,495.0,770.0,15.0,90.0,RUNNING
2024-03-18 05:00:00,ZONE_B02,16.3,38.6,-23.7,458.0,770.0,15.0,90.0,RUNNING
2024-03-18 06:00:00,ZONE_M01,20.3,60.0,-22.6,784.0,770.0,15.0,90.0,RUNNING
2024-03-18 06:00:00,ZONE_M02,20.6,46.3,-22.4,599.0,770.0,15.0,90.0,RUNNING
2024-03-18 06:00:00,ZONE_M03,20.2,60.0,-28.6,924.0,770.0,15.0,90.0,RUNNING
2024-03-18 06:00:00,ZONE_B01,19.6,60.0,-23.7,744.0,770.0,15.0,90.0,RUNNING
2024-03-18 06:00:00,ZONE_B02,19.7,59.1,-23.8,679.0,770.0,15.0,90.0,RUNNING
2024-03-18 07:00:00,ZONE_M01,20.3,60.0,-24.6,837.0,770.0,15.0,90.0,RUNNING
2024-03-18 07:00:00,ZONE_M02,20.3,58.0,-25.6,770.0,770.0,15.0,90.0,RUNNING
2024-03-18 07:00:00,ZONE_M03,20.1,60.0,-25.1,810.0,770.0,15.0,90.0,RUNNING
2024-03-18 07:00:00,ZONE_B01,20.4,60.0,-23.3,728.0,770.0,15.0,90.0,RUNNING
2024-03-18 07:00:00,ZONE_B02,19.7,59.7,-25.2,782.0,770.0,15.0,90.0,RUNNING
2024-03-18 08:00:00,ZONE_M01,19.9,60.0,-25.9,775.0,770.0,15.0,90.0,RUNNING
2024-03-18 08:00:00,ZONE_M02,20.3,57.8,-28.8,695.0,770.0,15.0,90.0,RUNNING
2024-03-18 08:00:00,ZONE_M03,21.3,60.0,-23.7,837.0,770.0,15.0,90.0,RUNNING
2024-03-18 08:00:00,ZONE_B01,19.6,60.0,-23.9,930.0,770.0,15.0,90.0,RUNNING
2024-03-18 08:00:00,ZONE_B02,20.4,60.0,-24.0,912.0,770.0,15.0,90.0,RUNNING
2024-03-18 09:00:00,ZONE_M01,20.2,59.2,-25.5,777.0,770.0,15.0,90.0,RUNNING
2024-03-18 09:00:00,ZONE_M02,20.3,60.0,-24.4,800.0,770.0,15.0,90.0,RUNNING
2024-03-18 09:00:00,ZONE_M03,20.8,57.0,-26.2,740.0,770.0,15.0,90.0,RUNNING
2024-03-18 09:00:00,ZONE_B01,20.8,60.0,-24.6,832.0,770.0,15.0,90.0,RUNNING
2024-03-18 09:00:00,ZONE_B02,20.8,60.0,-27.9,827.0,770.0,15.0,90.0,RUNNING
2024-03-18 10:00:00,ZONE_M01,20.6,60.0,-22.7,733.0,770.0,15.0,90.0,RUNNING
2024-03-18 10:00:00,ZONE_M02,20.3,52.7,-22.3,694.0,770.0,15.0,90.0,RUNNING
2024-03-18 10:00:00,ZONE_M03,19.7,54.5,-19.9,639.0,770.0,15.0,90.0,RUNNING
2024-03-18 10:00:00,ZONE_B01,19.1,48.7,-23.4,712.0,770.0,15.0,90.0,RUNNING
2024-03-18 10:00:00,ZONE_B02,21.2,60.0,-25.3,873.0,770.0,15.0,90.0,RUNNING
2024-03-18 11:00:00,ZONE_M01,19.6,52.9,-23.0,648.0,770.0,15.0,90.0,RUNNING
2024-03-18 11:00:00,ZONE_M02,19.6,56.3,-30.2,735.0,770.0,15.0,90.0,RUNNING
2024-03-18 11:00:00,ZONE_M03,20.1,53.8,-23.5,685.0,770.0,15.0,90.0,RUNNING
2024-03-18 11:00:00,ZONE_B01,19.9,50.0,-24.7,581.0,770.0,15.0,90.0,RUNNING
2024-03-18 11:00:00,ZONE_B02,19.2,51.5,-27.9,701.0,770.0,15.0,90.0,RUNNING
2024-03-18 12:00:00,ZONE_M01,19.5,58.5,-27.7,780.0,770.0,15.0,90.0,RUNNING
2024-03-18 12:00:00,ZONE_M02,20.2,56.3,-23.6,728.0,770.0,15.0,90.0,RUNNING
2024-03-18 12:00:00,ZONE_M03,19.5,54.4,-22.0,764.0,770.0,15.0,90.0,RUNNING
2024-03-18 12:00:00,ZONE_B01,20.4,53.6,-26.7,658.0,770.0,15.0,90.0,RUNNING
2024-03-18 12:00:00,ZONE_B02,21.4,45.6,-24.0,595.0,770.0,15.0,90.0,RUNNING
2024-03-18 13:00:00,ZONE_M01,19.4,60.0,-23.9,810.0,770.0,15.0,90.0,RUNNING
2024-03-18 13:00:00,ZONE_M02,19.7,53.3,-27.6,658.0,770.0,15.0,90.0,RUNNING
2024-03-18 13:00:00,ZONE_M03,19.9,46.7,-25.2,658.0,770.0,15.0,90.0,RUNNING
2024-03-18 13:00:00,ZONE_B01,21.2,54.7,-23.2,721.0,770.0,15.0,90.0,RUNNING
2024-03-18 13:00:00,ZONE_B02,19.4,56.5,-22.0,717.0,770.0,15.0,90.0,RUNNING
2024-03-18 14:00:00,ZONE_M01,19.7,60.0,-23.5,781.0,770.0,15.0,90.0,RUNNING
2024-03-18 14:00:00,ZONE_M02,19.4,53.0,-25.4,685.0,770.0,15.0,90.0,RUNNING
2024-03-18 14:00:00,ZONE_M03,19.6,42.4,-24.9,588.0,770.0,15.0,90.0,RUNNING
2024-03-18 14:00:00,ZONE_B01,20.2,60.0,-23.6,807.0,770.0,15.0,90.0,RUNNING
2024-03-18 14:00:00,ZONE_B02,20.2,47.6,-23.5,590.0,770.0,15.0,90.0,RUNNING
2024-03-18 15:00:00,ZONE_M01,19.4,59.7,-27.6,758.0,770.0,15.0,90.0,RUNNING
2024-03-18 15:00:00,ZONE_M02,19.6,60.0,-24.7,975.0,770.0,15.0,90.0,RUNNING
2024-03-18 15:00:00,ZONE_M03,19.8,57.7,-24.8,694.0,770.0,15.0,90.0,RUNNING
2024-03-18 15:00:00,ZONE_B01,20.6,56.7,-28.9,831.0,770.0,15.0,90.0,RUNNING
2024-03-18 15:00:00,ZONE_B02,19.1,54.8,-22.6,736.0,770.0,15.0,90.0,RUNNING
2024-03-18 16:00:00,ZONE_M01,19.3,60.0,-25.5,859.0,770.0,15.0,90.0,RUNNING
2024-03-18 16:00:00,ZONE_M02,20.6,58.2,-24.1,732.0,770.0,15.0,90.0,RUNNING
2024-03-18 16:00:00,ZONE_M03,19.5,60.0,-25.6,776.0,770.0,15.0,90.0,RUNNING
2024-03-18 16:00:00,ZONE_B01,20.0,60.0,-25.2,850.0,770.0,15.0,90.0,RUNNING
2024-03-18 16:00:00,ZONE_B02,18.9,58.2,-21.4,780.0,770.0,15.0,90.0,RUNNING
2024-03-18 17:00:00,ZONE_M01,20.3,60.0,-25.3,760.0,770.0,15.0,90.0,RUNNING
2024-03-18 17:00:00,ZONE_M02,20.0,60.0,-24.3,1001.0,770.0,15.0,90.0,RUNNING
2024-03-18 17:00:00,ZONE_M03,20.3,60.0,-25.4,874.0,770.0,15.0,90.0,RUNNING
2024-03-18 17:00:00,ZONE_B01,19.2,60.0,-24.7,802.0,770.0,15.0,90.0,RUNNING
2024-03-18 17:00:00,ZONE_B02,19.5,60.0,-21.6,896.0,770.0,15.0,90.0,RUNNING
2024-03-18 18:00:00,ZONE_M01,20.1,60.0,-26.9,899.0,770.0,15.0,90.0,RUNNING
2024-03-18 18:00:00,ZONE_M02,19.9,60.0,-25.9,797.0,770.0,15.0,90.0,RUNNING
2024-03-18 18:00:00,ZONE_M03,19.9,60.0,-25.0,809.0,770.0,15.0,90.0,RUNNING
2024-03-18 18:00:00,ZONE_B01,20.2,60.0,-27.0,889.0,770.0,15.0,90.0,RUNNING
2024-03-18 18:00:00,ZONE_B02,20.0,60.0,-27.1,806.0,770.0,15.0,90.0,RUNNING
2024-03-18 19:00:00,ZONE_M01,19.5,57.9,-26.9,791.0,770.0,15.0,90.0,RUNNING
2024-03-18 19:00:00,ZONE_M02,20.2,58.1,-24.8,740.0,770.0,15.0,90.0,RUNNING
2024-03-18 19:00:00,ZONE_M03,20.6,46.5,-20.8,674.0,770.0,15.0,90.0,RUNNING
2024-03-18 19:00:00,ZONE_B01,20.0,58.0,-26.4,708.0,770.0,15.0,90.0,RUNNING
2024-03-18 19:00:00,ZONE_B02,20.0,60.0,-26.0,871.0,770.0,15.0,90.0,RUNNING
2024-03-18 20:00:00,ZONE_M01,20.5,57.4,-24.0,783.0,770.0,15.0,90.0,RUNNING
2024-03-18 20:00:00,ZONE_M02,19.7,50.2,-25.2,640.0,770.0,15.0,90.0,RUNNING
2024-03-18 20:00:00,ZONE_M03,20.7,48.6,-24.4,664.0,770.0,15.0,90.0,RUNNING
2024-03-18 20:00:00,ZONE_B01,19.0,60.0,-21.8,859.0,770.0,15.0,90.0,RUNNING
2024-03-18 20:00:00,ZONE_B02,20.0,60.0,-25.2,857.0,770.0,15.0,90.0,RUNNING
2024-03-18 21:00:00,ZONE_M01,19.8,53.0,-27.7,695.0,770.0,15.0,90.0,RUNNING
2024-03-18 21:00:00,ZONE_M02,18.8,51.9,-21.4,620.0,770.0,15.0,90.0,RUNNING
2024-03-18 21:00:00,ZONE_M03,20.0,47.9,-21.2,590.0,770.0,15.0,90.0,RUNNING
2024-03-18 21:00:00,ZONE_B01,20.0,48.3,-22.9,627.0,770.0,15.0,90.0,RUNNING
2024-03-18 21:00:00,ZONE_B02,19.2,60.0,-25.3,830.0,770.0,15.0,90.0,RUNNING
2024-03-18 22:00:00,ZONE_M01,20.1,50.5,-22.9,633.0,770.0,15.0,90.0,RUNNING
2024-03-18 22:00:00,ZONE_M02,19.4,60.0,-24.9,816.0,770.0,15.0,90.0,RUNNING
2024-03-18 22:00:00,ZONE_M03,20.0,60.0,-23.3,691.0,770.0,15.0,90.0,RUNNING
2024-03-18 22:00:00,ZONE_B01,19.4,57.6,-22.7,653.0,770.0,15.0,90.0,RUNNING
2024-03-18 22:00:00,ZONE_B02,19.7,60.0,-30.0,779.0,770.0,15.0,90.0,RUNNING
2024-03-18 23:00:00,ZONE_M01,16.2,37.6,-27.9,444.0,770.0,15.0,90.0,RUNNING
2024-03-18 23:00:00,ZONE_M02,16.2,39.7,-24.3,503.0,770.0,15.0,90.0,RUNNING
2024-03-18 23:00:00,ZONE_M03,16.1,39.2,-23.2,490.0,770.0,15.0,90.0,RUNNING
2024-03-18 23:00:00,ZONE_B01,16.0,36.9,-25.5,455.0,770.0,15.0,90.0,RUNNING
2024-03-18 23:00:00,ZONE_B02,16.2,43.0,-24.1,538.0,770.0,15.0,90.0,RUNNING
2024-03-19 00:00:00,ZONE_M01,16.7,40.6,-23.3,498.0,770.0,15.0,90.0,RUNNING
2024-03-19 00:00:00,ZONE_M02,15.0,38.8,-23.4,521.0,770.0,15.0,90.0,RUNNING
2024-03-19 00:00:00,ZONE_M03,15.9,44.2,-22.2,489.0,770.0,15.0,90.0,RUNNING
2024-03-19 00:00:00,ZONE_B01,16.2,36.4,-23.6,411.0,770.0,15.0,90.0,RUNNING
2024-03-19 00:00:00,ZONE_B02,16.7,42.0,-25.3,507.0,770.0,15.0,90.0,RUNNING
2024-03-19 01:00:00,ZONE_M01,16.0,41.7,-24.3,472.0,770.0,15.0,90.0,RUNNING
2024-03-19 01:00:00,ZONE_M02,16.4,39.9,-24.9,438.0,770.0,15.0,90.0,RUNNING
2024-03-19 01:00:00,ZONE_M03,17.2,43.0,-25.9,458.0,770.0,15.0,90.0,RUNNING
2024-03-19 01:00:00,ZONE_B01,16.1,36.5,-26.0,478.0,770.0,15.0,90.0,RUNNING
2024-03-19 01:00:00,ZONE_B02,16.6,35.5,-24.9,451.0,770.0,15.0,90.0,RUNNING
2024-03-19 02:00:00,ZONE_M01,16.4,37.5,-23.6,502.0,770.0,15.0,90.0,RUNNING
2024-03-19 02:00:00,ZONE_M02,16.2,36.1,-24.9,489.0,770.0,15.0,90.0,RUNNING
2024-03-19 02:00:00,ZONE_M03,15.6,45.1,-26.3,464.0,770.0,15.0,90.0,RUNNING
2024-03-19 02:00:00,ZONE_B01,16.1,33.9,-24.8,483.0,770.0,15.0,90.0,RUNNING
2024-03-19 02:00:00,ZONE_B02,16.2,37.5,-24.2,392.0,770.0,15.0,90.0,RUNNING
2024-03-19 03:00:00,ZONE_M01,16.0,35.9,-26.7,466.0,770.0,15.0,90.0,RUNNING
2024-03-19 03:00:00,ZONE_M02,16.3,41.5,-24.0,485.0,770.0,15.0,90.0,RUNNING
2024-03-19 03:00:00,ZONE_M03,15.9,39.7,-27.3,533.0,770.0,15.0,90.0,RUNNING
2024-03-19 03:00:00,ZONE_B01,15.7,36.3,-25.9,472.0,770.0,15.0,90.0,RUNNING
2024-03-19 03:00:00,ZONE_B02,15.0,39.2,-21.3,446.0,770.0,15.0,90.0,RUNNING
2024-03-19 04:00:00,ZONE_M01,17.1,43.0,-29.2,450.0,770.0,15.0,90.0,RUNNING
2024-03-19 04:00:00,ZONE_M02,16.1,37.2,-24.1,492.0,770.0,15.0,90.0,RUNNING
2024-03-19 04:00:00,ZONE_M03,16.1,39.6,-24.6,447.0,770.0,15.0,90.0,RUNNING
2024-03-19 04:00:00,ZONE_B01,14.8,35.8,-23.5,451.0,770.0,15.0,90.0,RUNNING
2024-03-19 04:00:00,ZONE_B02,15.7,40.9,-23.0,450.0,770.0,15.0,90.0,RUNNING
2024-03-19 05:00:00,ZONE_M01,15.6,36.9,-25.3,456.0,770.0,15.0,90.0,RUNNING
2024-03-19 05:00:00,ZONE_M02,15.8,39.4,-25.2,457.0,770.0,15.0,90.0,RUNNING
2024-03-19 05:00:00,ZONE_M03,16.0,43.8,-26.0,520.0,770.0,15.0,90.0,RUNNING
2024-03-19 05:00:00,ZONE_B01,16.3,40.9,-22.3,486.0,770.0,15.0,90.0,RUNNING
2024-03-19 05:00:00,ZONE_B02,16.9,41.5,-23.4,491.0,770.0,15.0,90.0,RUNNING
2024-03-19 06:00:00,ZONE_M01,20.2,53.5,-22.8,691.0,770.0,15.0,90.0,RUNNING
2024-03-19 06:00:00,ZONE_M02,20.4,55.3,-27.2,642.0,770.0,15.0,90.0,RUNNING
2024-03-19 06:00:00,ZONE_M03,19.7,57.2,-22.4,666.0,770.0,15.0,90.0,RUNNING
2024-03-19 06:00:00,ZONE_B01,20.2,60.0,-22.1,913.0,770.0,15.0,90.0,RUNNING
2024-03-19 06:00:00,ZONE_B02,20.5,60.0,-25.1,862.0,770.0,15.0,90.0,RUNNING
2024-03-19 07:00:00,ZONE_M01,20.2,60.0,-26.0,957.0,770.0,15.0,90.0,RUNNING
2024-03-19 07:00:00,ZONE_M02,19.5,58.6,-24.9,769.0,770.0,15.0,90.0,RUNNING
2024-03-19 07:00:00,ZONE_M03,20.4,60.0,-23.3,1029.0,770.0,15.0,90.0,RUNNING
2024-03-19 07:00:00,ZONE_B01,20.3,60.0,-27.3,716.0,770.0,15.0,90.0,RUNNING
2024-03-19 07:00:00,ZONE_B02,21.0,59.9,-25.3,766.0,770.0,15.0,90.0,RUNNING
2024-03-19 08:00:00,ZONE_M01,19.8,57.4,-27.1,729.0,770.0,15.0,90.0,RUNNING
2024-03-19 08:00:00,ZONE_M02,20.1,58.2,-22.9,738.0,770.0,15.0,90.0,RUNNING
2024-03-19 08:00:00,ZONE_M03,20.3,51.3,-26.2,751.0,770.0,15.0,90.0,RUNNING
2024-03-19 08:00:00,ZONE_B01,20.5,41.7,-30.1,498.0,770.0,15.0,90.0,RUNNING
2024-03-19 08:00:00,ZONE_B02,20.2,55.2,-22.7,680.0,770.0,15.0,90.0,RUNNING
2024-03-19 09:00:00,ZONE_M01,19.7,60.0,-27.3,878.0,770.0,15.0,90.0,RUNNING
2024-03-19 09:00:00,ZONE_M02,20.1,57.4,-26.3,740.0,770.0,15.0,90.0,RUNNING
2024-03-19 09:00:00,ZONE_M03,19.9,59.1,-23.6,727.0,770.0,15.0,90.0,RUNNING
2024-03-19 09:00:00,ZONE_B01,20.5,50.7,-22.1,648.0,770.0,15.0,90.0,RUNNING
2024-03-19 09:00:00,ZONE_B02,20.1,60.0,-21.5,773.0,770.0,15.0,90.0,RUNNING
2024-03-19 10:00:00,ZONE_M01,20.2,55.6,-20.6,710.0,770.0,15.0,90.0,RUNNING
2024-03-19 10:00:00,ZONE_M02,19.4,59.8,-23.4,688.0,770.0,15.0,90.0,RUNNING
2024-03-19 10:00:00,ZONE_M03,19.4,50.4,-24.0,484.0,770.0,15.0,90.0,RUNNING
2024-03-19 10:00:00,ZONE_B01,20.5,52.3,-24.5,713.0,770.0,15.0,90.0,RUNNING
2024-03-19 10:00:00,ZONE_B02,19.9,46.5,-26.7,626.0,770.0,15.0,90.0,RUNNING
2024-03-19 11:00:00,ZONE_M01,19.5,60.0,-25.7,892.0,770.0,15.0,90.0,RUNNING
2024-03-19 11:00:00,ZONE_M02,19.8,57.7,-26.4,708.0,770.0,15.0,90.0,RUNNING
2024-03-19 11:00:00,ZONE_M03,19.7,60.0,-25.3,846.0,770.0,15.0,90.0,RUNNING
2024-03-19 11:00:00,ZONE_B01,19.5,60.0,-24.0,775.0,770.0,15.0,90.0,RUNNING
2024-03-19 11:00:00,ZONE_B02,20.7,60.0,-22.9,831.0,770.0,15.0,90.0,RUNNING
2024-03-19 12:00:00,ZONE_M01,19.7,60.0,-24.4,832.0,770.0,15.0,90.0,RUNNING
2024-03-19 12:00:00,ZONE_M02,20.4,58.4,-21.2,720.0,770.0,15.0,90.0,RUNNING
2024-03-19 12:00:00,ZONE_M03,19.6,59.9,-23.9,744.0,770.0,15.0,90.0,RUNNING
2024-03-19 12:00:00,ZONE_B01,20.0,53.8,-23.7,641.0,770.0,15.0,90.0,RUNNING
2024-03-19 12:00:00,ZONE_B02,20.1,58.2,-23.5,800.0,770.0,15.0,90.0,RUNNING
2024-03-19 13:00:00,ZONE_M01,19.3,54.4,-25.1,690.0,770.0,15.0,90.0,RUNNING
2024-03-19 13:00:00,ZONE_M02,20.4,60.0,-27.0,736.0,770.0,15.0,90.0,RUNNING
2024-03-19 13:00:00,ZONE_M03,20.1,53.1,-26.1,726.0,770.0,15.0,90.0,RUNNING
2024-03-19 13:00:00,ZONE_B01,19.6,60.0,-23.1,763.0,770.0,15.0,90.0,RUNNING
2024-03-19 13:00:00,ZONE_B02,20.5,60.0,-23.1,796.0,770.0,15.0,90.0,RUNNING
2024-03-19 14:00:00,ZONE_M01,18.9,54.5,-26.5,718.0,770.0,15.0,90.0,RUNNING
2024-03-19 14:00:00,ZONE_M02,20.3,55.7,-22.5,738.0,770.0,15.0,90.0,RUNNING
2024-03-19 14:00:00,ZONE_M03,19.7,55.7,-27.5,748.0,770.0,15.0,90.0,RUNNING
2024-03-19 14:00:00,ZONE_B01,19.8,60.0,-24.8,774.0,770.0,15.0,90.0,RUNNING
2024-03-19 14:00:00,ZONE_B02,19.7,54.0,-28.1,743.0,770.0,15.0,90.0,RUNNING
2024-03-19 15:00:00,ZONE_M01,19.9,55.9,-23.6,803.0,770.0,15.0,90.0,RUNNING
2024-03-19 15:00:00,ZONE_M02,20.3,60.0,-24.9,788.0,770.0,15.0,90.0,RUNNING
2024-03-19 15:00:00,ZONE_M03,19.9,56.7,-25.8,726.0,770.0,15.0,90.0,RUNNING
2024-03-19 15:00:00,ZONE_B01,20.1,50.8,-26.8,684.0,770.0,15.0,90.0,RUNNING
2024-03-19 15:00:00,ZONE_B02,19.9,60.0,-22.3,820.0,770.0,15.0,90.0,RUNNING
2024-03-19 16:00:00,ZONE_M01,20.7,60.0,-25.9,798.0,770.0,15.0,90.0,RUNNING
2024-03-19 16:00:00,ZONE_M02,20.0,60.0,-24.6,722.0,770.0,15.0,90.0,RUNNING
2024-03-19 16:00:00,ZONE_M03,21.1,60.0,-26.3,846.0,770.0,15.0,90.0,RUNNING
2024-03-19 16:00:00,ZONE_B01,19.9,47.3,-23.9,673.0,770.0,15.0,90.0,RUNNING
2024-03-19 16:00:00,ZONE_B02,20.0,59.5,-23.1,832.0,770.0,15.0,90.0,RUNNING
2024-03-19 17:00:00,ZONE_M01,19.5,59.1,-28.4,779.0,770.0,15.0,90.0,RUNNING
2024-03-19 17:00:00,ZONE_M02,20.9,48.6,-21.3,537.0,770.0,15.0,90.0,RUNNING
2024-03-19 17:00:00,ZONE_M03,20.4,55.9,-21.3,690.0,770.0,15.0,90.0,RUNNING
2024-03-19 17:00:00,ZONE_B01,20.6,59.2,-24.5,837.0,770.0,15.0,90.0,RUNNING
2024-03-19 17:00:00,ZONE_B02,19.5,60.0,-27.0,832.0,770.0,15.0,90.0,RUNNING
2024-03-19 18:00:00,ZONE_M01,20.4,57.9,-21.8,701.0,770.0,15.0,90.0,RUNNING
2024-03-19 18:00:00,ZONE_M02,19.8,49.4,-30.4,574.0,770.0,15.0,90.0,RUNNING
2024-03-19 18:00:00,ZONE_M03,20.2,54.7,-23.8,597.0,770.0,15.0,90.0,RUNNING
2024-03-19 18:00:00,ZONE_B01,19.4,41.4,-26.4,525.0,770.0,15.0,90.0,RUNNING
2024-03-19 18:00:00,ZONE_B02,19.5,59.2,-24.7,735.0,770.0,15.0,90.0,RUNNING
2024-03-19 19:00:00,ZONE_M01,19.5,55.2,-29.1,699.0,770.0,15.0,90.0,RUNNING
2024-03-19 19:00:00,ZONE_M02,20.7,55.3,-27.1,623.0,770.0,15.0,90.0,RUNNING
2024-03-19 19:00:00,ZONE_M03,19.6,54.5,-26.4,612.0,770.0,15.0,90.0,RUNNING
2024-03-19 19:00:00,ZONE_B01,19.6,59.6,-23.7,843.0,770.0,15.0,90.0,RUNNING
2024-03-19 19:00:00,ZONE_B02,21.0,51.8,-22.3,683.0,770.0,15.0,90.0,RUNNING
2024-03-19 20:00:00,ZONE_M01,19.5,58.6,-23.3,708.0,770.0,15.0,90.0,RUNNING
2024-03-19 20:00:00,ZONE_M02,20.1,60.0,-24.4,802.0,770.0,15.0,90.0,RUNNING
2024-03-19 20:00:00,ZONE_M03,19.9,55.8,-25.1,741.0,770.0,15.0,90.0,RUNNING
2024-03-19 20:00:00,ZONE_B01,20.0,56.1,-24.5,755.0,770.0,15.0,90.0,RUNNING
2024-03-19 20:00:00,ZONE_B02,19.3,57.9,-25.8,796.0,770.0,15.0,90.0,RUNNING
2024-03-19 21:00:00,ZONE_M01,20.1,60.0,-24.7,924.0,770.0,15.0,90.0,RUNNING
2024-03-19 21:00:00,ZONE_M02,20.5,50.3,-25.1,708.0,770.0,15.0,90.0,RUNNING
2024-03-19 21:00:00,ZONE_M03,19.0,55.5,-22.1,622.0,770.0,15.0,90.0,RUNNING
2024-03-19 21:00:00,ZONE_B01,20.1,48.5,-25.7,622.0,770.0,15.0,90.0,RUNNING
2024-03-19 21:00:00,ZONE_B02,20.0,51.4,-22.9,686.0,770.0,15.0,90.0,RUNNING
2024-03-19 22:00:00,ZONE_M01,20.3,60.0,-26.2,867.0,770.0,15.0,90.0,RUNNING
2024-03-19 22:00:00,ZONE_M02,20.2,48.4,-22.2,630.0,770.0,15.0,90.0,RUNNING
2024-03-19 22:00:00,ZONE_M03,20.1,60.0,-26.3,814.0,770.0,15.0,90.0,RUNNING
2024-03-19 22:00:00,ZONE_B01,20.6,54.4,-29.0,769.0,770.0,15.0,90.0,RUNNING
2024-03-19 22:00:00,ZONE_B02,20.3,55.4,-22.1,724.0,770.0,15.0,90.0,RUNNING
2024-03-19 23:00:00,ZONE_M01,15.6,41.3,-27.2,453.0,770.0,15.0,90.0,RUNNING
2024-03-19 23:00:00,ZONE_M02,16.5,46.7,-26.1,505.0,770.0,15.0,90.0,RUNNING
2024-03-19 23:00:00,ZONE_M03,16.1,39.7,-25.0,441.0,770.0,15.0,90.0,RUNNING
2024-03-19 23:00:00,ZONE_B01,15.9,42.3,-26.4,501.0,770.0,15.0,90.0,RUNNING
2024-03-19 23:00:00,ZONE_B02,15.2,37.6,-27.3,411.0,770.0,15.0,90.0,RUNNING
2024-03-20 00:00:00,ZONE_M01,15.8,38.7,-24.2,470.0,770.0,15.0,90.0,RUNNING
2024-03-20 00:00:00,ZONE_M02,16.7,37.4,-25.2,486.0,770.0,15.0,90.0,RUNNING
2024-03-20 00:00:00,ZONE_M03,15.5,43.4,-27.2,459.0,770.0,15.0,90.0,RUNNING
2024-03-20 00:00:00,ZONE_B01,16.1,42.4,-21.0,497.0,770.0,15.0,90.0,RUNNING
2024-03-20 00:00:00,ZONE_B02,16.7,39.3,-26.5,424.0,770.0,15.0,90.0,RUNNING
2024-03-20 01:00:00,ZONE_M01,16.4,41.7,-25.1,459.0,770.0,15.0,90.0,RUNNING
2024-03-20 01:00:00,ZONE_M02,15.9,39.9,-27.4,456.0,770.0,15.0,90.0,RUNNING
2024-03-20 01:00:00,ZONE_M03,15.6,35.6,-26.5,440.0,770.0,15.0,90.0,RUNNING
2024-03-20 01:00:00,ZONE_B01,16.0,38.7,-24.1,459.0,770.0,15.0,90.0,RUNNING
2024-03-20 01:00:00,ZONE_B02,15.2,43.6,-22.1,511.0,770.0,15.0,90.0,RUNNING
2024-03-20 02:00:00,ZONE_M01,15.9,42.5,-23.4,475.0,770.0,15.0,90.0,RUNNING
2024-03-20 02:00:00,ZONE_M02,16.1,38.9,-25.7,505.0,770.0,15.0,90.0,RUNNING
2024-03-20 02:00:00,ZONE_M03,15.3,40.8,-23.6,463.0,770.0,15.0,90.0,RUNNING
2024-03-20 02:00:00,ZONE_B01,15.5,42.0,-23.4,483.0,770.0,15.0,90.0,RUNNING
2024-03-20 02:00:00,ZONE_B02,15.5,43.0,-22.6,472.0,770.0,15.0,90.0,RUNNING
2024-03-20 03:00:00,ZONE_M01,15.6,37.1,-21.4,517.0,770.0,15.0,90.0,RUNNING
2024-03-20 03:00:00,ZONE_M02,15.9,42.5,-27.5,517.0,770.0,15.0,90.0,RUNNING
2024-03-20 03:00:00,ZONE_M03,15.1,38.3,-27.7,492.0,770.0,15.0,90.0,RUNNING
2024-03-20 03:00:00,ZONE_B01,15.7,40.7,-20.8,444.0,770.0,15.0,90.0,RUNNING
2024-03-20 03:00:00,ZONE_B02,16.0,40.3,-25.5,431.0,770.0,15.0,90.0,RUNNING
2024-03-20 04:00:00,ZONE_M01,16.3,41.4,-23.4,475.0,770.0,15.0,90.0,RUNNING
2024-03-20 04:00:00,ZONE_M02,15.6,38.3,-29.4,448.0,770.0,15.0,90.0,RUNNING
2024-03-20 04:00:00,ZONE_M03,16.2,34.1,-29.2,480.0,770.0,15.0,90.0,RUNNING
2024-03-20 04:00:00,ZONE_B01,15.8,31.7,-24.8,439.0,770.0,15.0,90.0,RUNNING
2024-03-20 04:00:00,ZONE_B02,16.2,41.4,-24.2,491.0,770.0,15.0,90.0,RUNNING
2024-03-20 05:00:00,ZONE_M01,16.1,43.4,-25.7,496.0,770.0,15.0,90.0,RUNNING
2024-03-20 05:00:00,ZONE_M02,15.2,35.5,-27.3,399.0,770.0,15.0,90.0,RUNNING
2024-03-20 05:00:00,ZONE_M03,16.9,41.9,-25.7,465.0,770.0,15.0,90.0,RUNNING
2024-03-20 05:00:00,ZONE_B01,14.9,41.3,-22.2,448.0,770.0,15.0,90.0,RUNNING
2024-03-20 05:00:00,ZONE_B02,16.0,38.9,-23.9,509.0,770.0,15.0,90.0,RUNNING
2024-03-20 06:00:00,ZONE_M01,18.6,60.0,-29.3,996.0,770.0,15.0,90.0,RUNNING
2024-03-20 06:00:00,ZONE_M02,19.6,60.0,-24.2,967.0,770.0,15.0,90.0,RUNNING
2024-03-20 06:00:00,ZONE_M03,20.5,50.9,-19.5,815.0,770.0,15.0,90.0,RUNNING
2024-03-20 06:00:00,ZONE_B01,19.8,54.3,-25.7,642.0,770.0,15.0,90.0,RUNNING
2024-03-20 06:00:00,ZONE_B02,19.4,60.0,-26.5,788.0,770.0,15.0,90.0,RUNNING
2024-03-20 07:00:00,ZONE_M01,19.6,58.0,-22.7,717.0,770.0,15.0,90.0,RUNNING
2024-03-20 07:00:00,ZONE_M02,19.9,54.0,-23.3,674.0,770.0,15.0,90.0,RUNNING
2024-03-20 07:00:00,ZONE_M03,21.2,60.0,-25.4,777.0,770.0,15.0,90.0,RUNNING
2024-03-20 07:00:00,ZONE_B01,19.9,60.0,-26.4,716.0,770.0,15.0,90.0,RUNNING
2024-03-20 07:00:00,ZONE_B02,19.2,60.0,-23.0,776.0,770.0,15.0,90.0,RUNNING
2024-03-20 08:00:00,ZONE_M01,19.5,52.6,-28.6,707.0,770.0,15.0,90.0,RUNNING
2024-03-20 08:00:00,ZONE_M02,20.7,60.0,-23.1,774.0,770.0,15.0,90.0,RUNNING
2024-03-20 08:00:00,ZONE_M03,20.2,59.4,-21.7,767.0,770.0,15.0,90.0,RUNNING
2024-03-20 08:00:00,ZONE_B01,19.8,54.0,-25.5,721.0,770.0,15.0,90.0,RUNNING
2024-03-20 08:00:00,ZONE_B02,20.5,60.0,-23.4,853.0,770.0,15.0,90.0,RUNNING
2024-03-20 09:00:00,ZONE_M01,19.8,52.3,-23.4,696.0,770.0,15.0,90.0,RUNNING
2024-03-20 09:00:00,ZONE_M02,19.3,48.0,-23.0,660.0,770.0,15.0,90.0,RUNNING
2024-03-20 09:00:00,ZONE_M03,20.0,57.9,-27.4,722.0,770.0,15.0,90.0,RUNNING
2024-03-20 09:00:00,ZONE_B01,20.5,55.5,-23.2,674.0,770.0,15.0,90.0,RUNNING
2024-03-20 09:00:00,ZONE_B02,20.0,60.0,-24.8,813.0,770.0,15.0,90.0,RUNNING
2024-03-20 10:00:00,ZONE_M01,20.2,55.3,-23.5,766.0,770.0,15.0,90.0,RUNNING
2024-03-20 10:00:00,ZONE_M02,19.7,60.0,-24.0,745.0,770.0,15.0,90.0,RUNNING
2024-03-20 10:00:00,ZONE_M03,20.7,48.7,-25.8,671.0,770.0,15.0,90.0,RUNNING
2024-03-20 10:00:00,ZONE_B01,19.7,57.7,-22.1,784.0,770.0,15.0,90.0,RUNNING
2024-03-20 10:00:00,ZONE_B02,20.1,58.3,-24.6,689.0,770.0,15.0,90.0,RUNNING
2024-03-20 11:00:00,ZONE_M01,20.3,60.0,-24.1,724.0,770.0,15.0,90.0,RUNNING
2024-03-20 11:00:00,ZONE_M02,20.8,52.7,-25.1,680.0,770.0,15.0,90.0,RUNNING
2024-03-20 11:00:00,ZONE_M03,20.9,59.8,-21.1,778.0,770.0,15.0,90.0,RUNNING
2024-03-20 11:00:00,ZONE_B01,19.8,59.0,-22.1,750.0,770.0,15.0,90.0,RUNNING
2024-03-20 11:00:00,ZONE_B02,20.0,51.2,-25.4,664.0,770.0,15.0,90.0,RUNNING
2024-03-20 12:00:00,ZONE_M01,20.0,47.3,-25.1,662.0,770.0,15.0,90.0,RUNNING
2024-03-20 12:00:00,ZONE_M02,19.8,59.4,-20.6,797.0,770.0,15.0,90.0,RUNNING
2024-03-20 12:00:00,ZONE_M03,20.4,50.1,-20.7,721.0,770.0,15.0,90.0,RUNNING
2024-03-20 12:00:00,ZONE_B01,20.4,57.0,-22.1,726.0,770.0,15.0,90.0,RUNNING
2024-03-20 12:00:00,ZONE_B02,19.7,35.9,-26.4,478.0,770.0,15.0,90.0,RUNNING
2024-03-20 13:00:00,ZONE_M01,20.5,57.9,-25.3,714.0,770.0,15.0,90.0,RUNNING
2024-03-20 13:00:00,ZONE_M02,20.4,41.9,-21.6,587.0,770.0,15.0,90.0,RUNNING
2024-03-20 13:00:00,ZONE_M03,20.1,60.0,-26.4,855.0,770.0,15.0,90.0,RUNNING
2024-03-20 13:00:00,ZONE_B01,19.7,47.2,-25.4,574.0,770.0,15.0,90.0,RUNNING
2024-03-20 13:00:00,ZONE_B02,19.5,60.0,-23.4,947.0,770.0,15.0,90.0,RUNNING
2024-03-20 14:00:00,ZONE_M01,20.4,60.0,-26.7,841.0,770.0,15.0,90.0,RUNNING
2024-03-20 14:00:00,ZONE_M02,19.8,60.0,-24.1,821.0,770.0,15.0,90.0,RUNNING
2024-03-20 14:00:00,ZONE_M03,19.8,53.2,-23.5,697.0,770.0,15.0,90.0,RUNNING
2024-03-20 14:00:00,ZONE_B01,19.9,54.0,-24.3,654.0,770.0,15.0,90.0,RUNNING
2024-03-20 14:00:00,ZONE_B02,19.4,60.0,-22.5,873.0,770.0,15.0,90.0,RUNNING
2024-03-20 15:00:00,ZONE_M01,19.2,60.0,-24.4,800.0,770.0,15.0,90.0,RUNNING
2024-03-20 15:00:00,ZONE_M02,18.9,60.0,-23.0,838.0,770.0,15.0,90.0,RUNNING
2024-03-20 15:00:00,ZONE_M03,20.0,59.4,-26.3,698.0,770.0,15.0,90.0,RUNNING
2024-03-20 15:00:00,ZONE_B01,19.7,44.3,-24.3,559.0,770.0,15.0,90.0,RUNNING
2024-03-20 15:00:00,ZONE_B02,20.8,53.9,-24.8,778.0,770.0,15.0,90.0,RUNNING
2024-03-20 16:00:00,ZONE_M01,19.4,57.3,-27.5,674.0,770.0,15.0,90.0,RUNNING
2024-03-20 16:00:00,ZONE_M02,20.9,58.3,-26.5,731.0,770.0,15.0,90.0,RUNNING
2024-03-20 16:00:00,ZONE_M03,19.7,60.0,-22.7,858.0,770.0,15.0,90.0,RUNNING
2024-03-20 16:00:00,ZONE_B01,20.9,60.0,-27.5,850.0,770.0,15.0,90.0,RUNNING
2024-03-20 16:00:00,ZONE_B02,20.3,60.0,-24.9,939.0,770.0,15.0,90.0,RUNNING
2024-03-20 17:00:00,ZONE_M01,20.7,60.0,-21.2,759.0,770.0,15.0,90.0,RUNNING
2024-03-20 17:00:00,ZONE_M02,19.4,54.9,-22.2,752.0,770.0,15.0,90.0,RUNNING
2024-03-20 17:00:00,ZONE_M03,20.1,60.0,-25.1,812.0,770.0,15.0,90.0,RUNNING
2024-03-20 17:00:00,ZONE_B01,19.4,56.9,-22.0,727.0,770.0,15.0,90.0,RUNNING
2024-03-20 17:00:00,ZONE_B02,19.4,60.0,-28.0,752.0,770.0,15.0,90.0,RUNNING
2024-03-20 18:00:00,ZONE_M01,19.6,58.1,-24.2,678.0,770.0,15.0,90.0,RUNNING
2024-03-20 18:00:00,ZONE_M02,20.1,60.0,-23.5,908.0,770.0,15.0,90.0,RUNNING
2024-03-20 18:00:00,ZONE_M03,21.3,48.5,-30.4,644.0,770.0,15.0,90.0,RUNNING
2024-03-20 18:00:00,ZONE_B01,19.7,56.6,-27.0,701.0,770.0,15.0,90.0,RUNNING
2024-03-20 18:00:00,ZONE_B02,19.2,59.4,-25.7,727.0,770.0,15.0,90.0,RUNNING
2024-03-20 19:00:00,ZONE_M01,20.7,50.7,-26.9,631.0,770.0,15.0,90.0,RUNNING
2024-03-20 19:00:00,ZONE_M02,21.6,58.8,-24.3,841.0,770.0,15.0,90.0,RUNNING
2024-03-20 19:00:00,ZONE_M03,20.1,56.6,-24.2,691.0,770.0,15.0,90.0,RUNNING
2024-03-20 19:00:00,ZONE_B01,19.6,53.4,-23.9,653.0,770.0,15.0,90.0,RUNNING
2024-03-20 19:00:00,ZONE_B02,20.6,60.0,-21.8,792.0,770.0,15.0,90.0,RUNNING
2024-03-20 20:00:00,ZONE_M01,20.4,60.0,-26.7,838.0,770.0,15.0,90.0,RUNNING
2024-03-20 20:00:00,ZONE_M02,20.1,60.0,-24.0,879.0,770.0,15.0,90.0,RUNNING
2024-03-20 20:00:00,ZONE_M03,19.7,60.0,-21.7,712.0,770.0,15.0,90.0,RUNNING
2024-03-20 20:00:00,ZONE_B01,19.2,60.0,-23.1,889.0,770.0,15.0,90.0,RUNNING
2024-03-20 20:00:00,ZONE_B02,20.2,60.0,-23.6,806.0,770.0,15.0,90.0,RUNNING
2024-03-20 21:00:00,ZONE_M01,20.0,55.7,-23.1,743.0,770.0,15.0,90.0,RUNNING
2024-03-20 21:00:00,ZONE_M02,19.9,60.0,-20.6,795.0,770.0,15.0,90.0,RUNNING
2024-03-20 21:00:00,ZONE_M03,19.9,57.4,-24.6,748.0,770.0,15.0,90.0,RUNNING
2024-03-20 21:00:00,ZONE_B01,20.0,59.8,-22.4,655.0,770.0,15.0,90.0,RUNNING
2024-03-20 21:00:00,ZONE_B02,19.8,55.5,-24.9,745.0,770.0,15.0,90.0,RUNNING
2024-03-20 22:00:00,ZONE_M01,19.9,45.4,-25.8,526.0,770.0,15.0,90.0,RUNNING
2024-03-20 22:00:00,ZONE_M02,20.5,48.8,-29.6,655.0,770.0,15.0,90.0,RUNNING
2024-03-20 22:00:00,ZONE_M03,19.0,60.0,-24.3,786.0,770.0,15.0,90.0,RUNNING
2024-03-20 22:00:00,ZONE_B01,20.7,60.0,-22.9,725.0,770.0,15.0,90.0,RUNNING
2024-03-20 22:00:00,ZONE_B02,19.4,52.3,-23.3,725.0,770.0,15.0,90.0,RUNNING
2024-03-20 23:00:00,ZONE_M01,16.4,47.8,-25.2,450.0,770.0,15.0,90.0,RUNNING
2024-03-20 23:00:00,ZONE_M02,15.8,39.4,-27.0,426.0,770.0,15.0,90.0,RUNNING
2024-03-20 23:00:00,ZONE_M03,16.0,35.5,-23.3,447.0,770.0,15.0,90.0,RUNNING
2024-03-20 23:00:00,ZONE_B01,16.0,44.5,-23.4,499.0,770.0,15.0,90.0,RUNNING
2024-03-20 23:00:00,ZONE_B02,16.8,40.5,-28.0,500.0,770.0,15.0,90.0,RUNNING
2024-03-21 00:00:00,ZONE_M01,16.3,40.2,-21.0,483.0,770.0,15.0,90.0,RUNNING
2024-03-21 00:00:00,ZONE_M02,16.6,33.8,-22.2,461.0,770.0,15.0,90.0,RUNNING
2024-03-21 00:00:00,ZONE_M03,16.6,43.8,-26.4,525.0,770.0,15.0,90.0,RUNNING
2024-03-21 00:00:00,ZONE_B01,15.7,34.8,-30.8,503.0,770.0,15.0,90.0,RUNNING
2024-03-21 00:00:00,ZONE_B02,15.0,40.9,-23.8,461.0,770.0,15.0,90.0,RUNNING
2024-03-21 01:00:00,ZONE_M01,15.8,43.1,-27.0,582.0,770.0,15.0,90.0,RUNNING
2024-03-21 01:00:00,ZONE_M02,16.6,38.9,-23.6,474.0,770.0,15.0,90.0,RUNNING
2024-03-21 01:00:00,ZONE_M03,15.3,41.1,-26.3,399.0,770.0,15.0,90.0,RUNNING
2024-03-21 01:00:00,ZONE_B01,15.2,43.2,-25.1,520.0,770.0,15.0,90.0,RUNNING
2024-03-21 01:00:00,ZONE_B02,15.5,40.5,-22.9,506.0,770.0,15.0,90.0,RUNNING
2024-03-21 02:00:00,ZONE_M01,15.8,39.8,-26.4,445.0,770.0,15.0,90.0,RUNNING
2024-03-21 02:00:00,ZONE_M02,15.0,45.5,-20.6,454.0,770.0,15.0,90.0,RUNNING
2024-03-21 02:00:00,ZONE_M03,15.8,43.9,-23.9,496.0,770.0,15.0,90.0,RUNNING
2024-03-21 02:00:00,ZONE_B01,16.3,36.7,-23.8,493.0,770.0,15.0,90.0,RUNNING
2024-03-21 02:00:00,ZONE_B02,15.7,45.8,-22.4,523.0,770.0,15.0,90.0,RUNNING
2024-03-21 03:00:00,ZONE_M01,17.1,43.2,-25.9,501.0,770.0,15.0,90.0,RUNNING
2024-03-21 03:00:00,ZONE_M02,16.7,36.9,-24.3,437.0,770.0,15.0,90.0,RUNNING
2024-03-21 03:00:00,ZONE_M03,15.3,37.1,-22.4,450.0,770.0,15.0,90.0,RUNNING
2024-03-21 03:00:00,ZONE_B01,15.0,34.2,-23.6,445.0,770.0,15.0,90.0,RUNNING
2024-03-21 03:00:00,ZONE_B02,15.7,39.1,-25.5,468.0,770.0,15.0,90.0,RUNNING
2024-03-21 04:00:00,ZONE_M01,16.1,37.6,-27.9,470.0,770.0,15.0,90.0,RUNNING
2024-03-21 04:00:00,ZONE_M02,15.9,38.5,-21.9,472.0,770.0,15.0,90.0,RUNNING
2024-03-21 04:00:00,ZONE_M03,15.7,40.2,-28.0,394.0,770.0,15.0,90.0,RUNNING
2024-03-21 04:00:00,ZONE_B01,15.9,45.9,-23.6,480.0,770.0,15.0,90.0,RUNNING
2024-03-21 04:00:00,ZONE_B02,15.0,41.6,-21.9,439.0,770.0,15.0,90.0,RUNNING
2024-03-21 05:00:00,ZONE_M01,16.8,43.4,-25.0,538.0,770.0,15.0,90.0,RUNNING
2024-03-21 05:00:00,ZONE_M02,16.4,44.7,-22.6,502.0,770.0,15.0,90.0,RUNNING
2024-03-21 05:00:00,ZONE_M03,16.4,41.9,-26.1,518.0,770.0,15.0,90.0,RUNNING
2024-03-21 05:00:00,ZONE_B01,16.1,46.0,-24.8,542.0,770.0,15.0,90.0,RUNNING
2024-03-21 05:00:00,ZONE_B02,16.5,42.6,-25.7,483.0,770.0,15.0,90.0,RUNNING
2024-03-21 06:00:00,ZONE_M01,20.1,60.0,-23.4,797.0,770.0,15.0,90.0,RUNNING
2024-03-21 06:00:00,ZONE_M02,20.4,60.0,-22.7,866.0,770.0,15.0,90.0,RUNNING
2024-03-21 06:00:00,ZONE_M03,19.8,56.7,-25.9,646.0,770.0,15.0,90.0,RUNNING
2024-03-21 06:00:00,ZONE_B01,20.1,53.9,-22.5,668.0,770.0,15.0,90.0,RUNNING
2024-03-21 06:00:00,ZONE_B02,20.2,56.7,-22.9,712.0,770.0,15.0,90.0,RUNNING
2024-03-21 07:00:00,ZONE_M01,20.0,60.0,-21.9,836.0,770.0,15.0,90.0,RUNNING
2024-03-21 07:00:00,ZONE_M02,19.8,55.7,-24.8,665.0,770.0,15.0,90.0,RUNNING
2024-03-21 07:00:00,ZONE_M03,20.4,60.0,-23.4,815.0,770.0,15.0,90.0,RUNNING
2024-03-21 07:00:00,ZONE_B01,20.3,58.6,-26.0,827.0,770.0,15.0,90.0,RUNNING
2024-03-21 07:00:00,ZONE_B02,20.3,54.1,-23.9,590.0,770.0,15.0,90.0,RUNNING
2024-03-21 08:00:00,ZONE_M01,19.6,53.0,-22.6,567.0,770.0,15.0,90.0,RUNNING
2024-03-21 08:00:00,ZONE_M02,20.2,59.8,-25.2,763.0,770.0,15.0,90.0,RUNNING
2024-03-21 08:00:00,ZONE_M03,21.0,60.0,-23.0,817.0,770.0,15.0,90.0,RUNNING
2024-03-21 08:00:00,ZONE_B01,20.4,52.7,-25.7,680.0,770.0,15.0,90.0,RUNNING
2024-03-21 08:00:00,ZONE_B02,20.5,49.0,-25.4,645.0,770.0,15.0,90.0,RUNNING
2024-03-21 09:00:00,ZONE_M01,19.8,56.6,-24.5,770.0,770.0,15.0,90.0,RUNNING
2024-03-21 09:00:00,ZONE_M02,19.5,59.2,-26.8,771.0,770.0,15.0,90.0,RUNNING
2024-03-21 09:00:00,ZONE_M03,19.9,56.3,-28.7,662.0,770.0,15.0,90.0,RUNNING
2024-03-21 09:00:00,ZONE_B01,19.1,51.5,-27.8,620.0,770.0,15.0,90.0,RUNNING
2024-03-21 09:00:00,ZONE_B02,19.6,60.0,-21.9,765.0,770.0,15.0,90.0,RUNNING
2024-03-21 10:00:00,ZONE_M01,20.5,53.9,-25.7,723.0,770.0,15.0,90.0,RUNNING
2024-03-21 10:00:00,ZONE_M02,20.3,52.3,-23.9,675.0,770.0,15.0,90.0,RUNNING
2024-03-21 10:00:00,ZONE_M03,20.6,50.6,-25.2,702.0,770.0,15.0,90.0,RUNNING
2024-03-21 10:00:00,ZONE_B01,20.0,60.0,-23.1,837.0,770.0,15.0,90.0,RUNNING
2024-03-21 10:00:00,ZONE_B02,20.1,50.7,-23.6,683.0,770.0,15.0,90.0,RUNNING
2024-03-21 11:00:00,ZONE_M01,20.1,60.0,-22.7,920.0,770.0,15.0,90.0,RUNNING
2024-03-21 11:00:00,ZONE_M02,19.7,60.0,-24.5,819.0,770.0,15.0,90.0,RUNNING
2024-03-21 11:00:00,ZONE_M03,20.7,60.0,-25.8,778.0,770.0,15.0,90.0,RUNNING
2024-03-21 11:00:00,ZONE_B01,20.3,53.3,-29.7,701.0,770.0,15.0,90.0,RUNNING
2024-03-21 11:00:00,ZONE_B02,20.1,57.0,-26.2,755.0,770.0,15.0,90.0,RUNNING
2024-03-21 12:00:00,ZONE_M01,20.5,60.0,-28.7,970.0,770.0,15.0,90.0,RUNNING
2024-03-21 12:00:00,ZONE_M02,21.2,56.7,-25.8,697.0,770.0,15.0,90.0,RUNNING
2024-03-21 12:00:00,ZONE_M03,19.6,59.3,-24.5,784.0,770.0,15.0,90.0,RUNNING
2024-03-21 12:00:00,ZONE_B01,19.2,60.0,-25.6,905.0,770.0,15.0,90.0,RUNNING
2024-03-21 12:00:00,ZONE_B02,19.8,60.0,-26.4,879.0,770.0,15.0,90.0,RUNNING
2024-03-21 13:00:00,ZONE_M01,20.0,48.5,-25.6,628.0,770.0,15.0,90.0,RUNNING
2024-03-21 13:00:00,ZONE_M02,20.4,60.0,-25.3,812.0,770.0,15.0,90.0,RUNNING
2024-03-21 13:00:00,ZONE_M03,20.4,58.0,-26.2,761.0,770.0,15.0,90.0,RUNNING
2024-03-21 13:00:00,ZONE_B01,20.7,60.0,-24.7,804.0,770.0,15.0,90.0,RUNNING
2024-03-21 13:00:00,ZONE_B02,20.3,60.0,-25.3,901.0,770.0,15.0,90.0,RUNNING
2024-03-21 14:00:00,ZONE_M01,20.6,59.0,-25.4,701.0,770.0,15.0,90.0,RUNNING
2024-03-21 14:00:00,ZONE_M02,19.9,60.0,-25.3,786.0,770.0,15.0,90.0,RUNNING
2024-03-21 14:00:00,ZONE_M03,20.3,57.5,-25.0,686.0,770.0,15.0,90.0,RUNNING
2024-03-21 14:00:00,ZONE_B01,20.5,58.3,-23.2,765.0,770.0,15.0,90.0,RUNNING
2024-03-21 14:00:00,ZONE_B02,19.9,47.9,-23.0,642.0,770.0,15.0,90.0,RUNNING
2024-03-21 15:00:00,ZONE_M01,19.8,58.8,-26.7,725.0,770.0,15.0,90.0,RUNNING
2024-03-21 15:00:00,ZONE_M02,20.3,55.2,-26.3,735.0,770.0,15.0,90.0,RUNNING
2024-03-21 15:00:00,ZONE_M03,21.1,52.1,-24.2,679.0,770.0,15.0,90.0,RUNNING
2024-03-21 15:00:00,ZONE_B01,19.2,60.0,-26.2,853.0,770.0,15.0,90.0,RUNNING
2024-03-21 15:00:00,ZONE_B02,20.0,56.4,-23.5,719.0,770.0,15.0,90.0,RUNNING
2024-03-21 16:00:00,ZONE_M01,20.4,52.4,-24.7,639.0,770.0,15.0,90.0,RUNNING
2024-03-21 16:00:00,ZONE_M02,19.9,48.7,-25.6,703.0,770.0,15.0,90.0,RUNNING
2024-03-21 16:00:00,ZONE_M03,19.9,53.1,-24.4,647.0,770.0,15.0,90.0,RUNNING
2024-03-21 16:00:00,ZONE_B01,20.7,60.0,-25.5,891.0,770.0,15.0,90.0,RUNNING
2024-03-21 16:00:00,ZONE_B02,19.8,54.4,-19.4,717.0,770.0,15.0,90.0,RUNNING
2024-03-21 17:00:00,ZONE_M01,19.4,60.0,-26.1,775.0,770.0,15.0,90.0,RUNNING
2024-03-21 17:00:00,ZONE_M02,19.8,55.4,-25.2,684.0,770.0,15.0,90.0,RUNNING
2024-03-21 17:00:00,ZONE_M03,20.1,49.2,-23.0,649.0,770.0,15.0,90.0,RUNNING
2024-03-21 17:00:00,ZONE_B01,18.9,60.0,-27.9,830.0,770.0,15.0,90.0,RUNNING
2024-03-21 17:00:00,ZONE_B02,19.6,57.6,-26.3,740.0,770.0,15.0,90.0,RUNNING
2024-03-21 18:00:00,ZONE_M01,19.9,56.9,-25.8,695.0,770.0,15.0,90.0,RUNNING
2024-03-21 18:00:00,ZONE_M02,21.1,48.8,-26.5,615.0,770.0,15.0,90.0,RUNNING
2024-03-21 18:00:00,ZONE_M03,20.9,60.0,-22.1,855.0,770.0,15.0,90.0,RUNNING
2024-03-21 18:00:00,ZONE_B01,19.6,48.9,-24.2,620.0,770.0,15.0,90.0,RUNNING
2024-03-21 18:00:00,ZONE_B02,21.0,57.1,-22.7,717.0,770.0,15.0,90.0,RUNNING
2024-03-21 19:00:00,ZONE_M01,19.7,60.0,-25.3,870.0,770.0,15.0,90.0,RUNNING
2024-03-21 19:00:00,ZONE_M02,19.5,60.0,-24.5,839.0,770.0,15.0,90.0,RUNNING
2024-03-21 19:00:00,ZONE_M03,20.6,57.7,-29.7,719.0,770.0,15.0,90.0,RUNNING
2024-03-21 19:00:00,ZONE_B01,20.2,52.7,-25.2,650.0,770.0,15.0,90.0,RUNNING
2024-03-21 19:00:00,ZONE_B02,19.9,60.0,-25.1,862.0,770.0,15.0,90.0,RUNNING
2024-03-21 20:00:00,ZONE_M01,20.1,59.4,-25.6,718.0,770.0,15.0,90.0,RUNNING
2024-03-21 20:00:00,ZONE_M02,19.6,60.0,-22.3,750.0,770.0,15.0,90.0,RUNNING
2024-03-21 20:00:00,ZONE_M03,19.8,60.0,-24.9,819.0,770.0,15.0,90.0,RUNNING
2024-03-21 20:00:00,ZONE_B01,19.8,60.0,-22.6,753.0,770.0,15.0,90.0,RUNNING
2024-03-21 20:00:00,ZONE_B02,20.2,52.5,-24.6,713.0,770.0,15.0,90.0,RUNNING
2024-03-21 21:00:00,ZONE_M01,19.6,60.0,-28.7,896.0,770.0,15.0,90.0,RUNNING
2024-03-21 21:00:00,ZONE_M02,19.6,49.3,-23.6,686.0,770.0,15.0,90.0,RUNNING
2024-03-21 21:00:00,ZONE_M03,20.4,60.0,-27.1,774.0,770.0,15.0,90.0,RUNNING
2024-03-21 21:00:00,ZONE_B01,19.1,51.6,-23.5,740.0,770.0,15.0,90.0,RUNNING
2024-03-21 21:00:00,ZONE_B02,19.2,43.3,-23.8,601.0,770.0,15.0,90.0,RUNNING
2024-03-21 22:00:00,ZONE_M01,20.2,60.0,-25.6,932.0,770.0,15.0,90.0,RUNNING
2024-03-21 22:00:00,ZONE_M02,19.4,60.0,-24.6,748.0,770.0,15.0,90.0,RUNNING
2024-03-21 22:00:00,ZONE_M03,19.2,60.0,-22.5,820.0,770.0,15.0,90.0,RUNNING
2024-03-21 22:00:00,ZONE_B01,18.7,60.0,-25.1,863.0,770.0,15.0,90.0,RUNNING
2024-03-21 22:00:00,ZONE_B02,20.7,60.0,-24.8,759.0,770.0,15.0,90.0,RUNNING
2024-03-21 23:00:00,ZONE_M01,16.8,36.5,-24.2,509.0,770.0,15.0,90.0,RUNNING
2024-03-21 23:00:00,ZONE_M02,15.2,38.7,-23.7,429.0,770.0,15.0,90.0,RUNNING
2024-03-21 23:00:00,ZONE_M03,15.8,38.7,-22.3,419.0,770.0,15.0,90.0,RUNNING
2024-03-21 23:00:00,ZONE_B01,15.5,38.2,-27.7,470.0,770.0,15.0,90.0,RUNNING
2024-03-21 23:00:00,ZONE_B02,16.9,40.0,-25.1,465.0,770.0,15.0,90.0,RUNNING
2024-03-22 00:00:00,ZONE_M01,15.7,41.4,-23.0,441.0,770.0,15.0,90.0,RUNNING
2024-03-22 00:00:00,ZONE_M02,15.7,44.1,-24.8,425.0,770.0,15.0,90.0,RUNNING
2024-03-22 00:00:00,ZONE_M03,15.4,39.8,-25.2,504.0,770.0,15.0,90.0,RUNNING
2024-03-22 00:00:00,ZONE_B01,15.8,33.7,-23.4,463.0,770.0,15.0,90.0,RUNNING
2024-03-22 00:00:00,ZONE_B02,16.0,45.2,-24.3,454.0,770.0,15.0,90.0,RUNNING
2024-03-22 01:00:00,ZONE_M01,15.6,38.3,-25.8,469.0,770.0,15.0,90.0,RUNNING
2024-03-22 01:00:00,ZONE_M02,16.2,40.5,-24.4,494.0,770.0,15.0,90.0,RUNNING
2024-03-22 01:00:00,ZONE_M03,15.7,40.3,-20.9,446.0,770.0,15.0,90.0,RUNNING
2024-03-22 01:00:00,ZONE_B01,16.5,41.5,-25.5,515.0,770.0,15.0,90.0,RUNNING
2024-03-22 01:00:00,ZONE_B02,15.2,34.7,-27.7,485.0,770.0,15.0,90.0,RUNNING
2024-03-22 02:00:00,ZONE_M01,15.8,40.5,-24.1,485.0,770.0,15.0,90.0,RUNNING
2024-03-22 02:00:00,ZONE_M02,15.8,36.7,-26.6,439.0,770.0,15.0,90.0,RUNNING
2024-03-22 02:00:00,ZONE_M03,15.8,43.7,-25.1,532.0,770.0,15.0,90.0,RUNNING
2024-03-22 02:00:00,ZONE_B01,16.8,45.2,-24.6,483.0,770.0,15.0,90.0,RUNNING
2024-03-22 02:00:00,ZONE_B02,16.1,35.8,-22.9,483.0,770.0,15.0,90.0,RUNNING
2024-03-22 03:00:00,ZONE_M01,15.6,41.1,-27.1,445.0,770.0,15.0,90.0,RUNNING
2024-03-22 03:00:00,ZONE_M02,15.9,47.2,-28.0,522.0,770.0,15.0,90.0,RUNNING
2024-03-22 03:00:00,ZONE_M03,16.8,37.7,-27.0,464.0,770.0,15.0,90.0,RUNNING
2024-03-22 03:00:00,ZONE_B01,15.6,37.8,-25.7,430.0,770.0,15.0,90.0,RUNNING
2024-03-22 03:00:00,ZONE_B02,16.2,38.5,-24.8,477.0,770.0,15.0,90.0,RUNNING
2024-03-22 04:00:00,ZONE_M01,16.5,42.1,-25.2,482.0,770.0,15.0,90.0,RUNNING
2024-03-22 04:00:00,ZONE_M02,15.7,39.8,-24.8,493.0,770.0,15.0,90.0,RUNNING
2024-03-22 04:00:00,ZONE_M03,15.6,44.5,-25.5,570.0,770.0,15.0,90.0,RUNNING
2024-03-22 04:00:00,ZONE_B01,16.1,41.2,-22.1,488.0,770.0,15.0,90.0,RUNNING
2024-03-22 04:00:00,ZONE_B02,16.3,37.8,-26.8,447.0,770.0,15.0,90.0,RUNNING
2024-03-22 05:00:00,ZONE_M01,14.5,35.9,-24.9,440.0,770.0,15.0,90.0,RUNNING
2024-03-22 05:00:00,ZONE_M02,17.0,35.4,-30.9,436.0,770.0,15.0,90.0,RUNNING
2024-03-22 05:00:00,ZONE_M03,15.8,37.1,-21.1,429.0,770.0,15.0,90.0,RUNNING
2024-03-22 05:00:00,ZONE_B01,15.8,42.0,-24.4,503.0,770.0,15.0,90.0,RUNNING
2024-03-22 05:00:00,ZONE_B02,16.4,37.5,-25.9,530.0,770.0,15.0,90.0,RUNNING
2024-03-22 06:00:00,ZONE_M01,19.2,59.7,-27.0,704.0,770.0,15.0,90.0,RUNNING
2024-03-22 06:00:00,ZONE_M02,19.9,52.4,-22.5,637.0,770.0,15.0,90.0,RUNNING
2024-03-22 06:00:00,ZONE_M03,19.9,50.8,-24.6,635.0,770.0,15.0,90.0,RUNNING
2024-03-22 06:00:00,ZONE_B01,21.1,55.9,-26.2,734.0,770.0,15.0,90.0,RUNNING
2024-03-22 06:00:00,ZONE_B02,20.4,56.9,-22.0,690.0,770.0,15.0,90.0,RUNNING
2024-03-22 07:00:00,ZONE_M01,20.3,48.7,-23.5,626.0,770.0,15.0,90.0,RUNNING
2024-03-22 07:00:00,ZONE_M02,20.6,60.0,-26.0,837.0,770.0,15.0,90.0,RUNNING
2024-03-22 07:00:00,ZONE_M03,19.4,56.6,-24.3,708.0,770.0,15.0,90.0,RUNNING
2024-03-22 07:00:00,ZONE_B01,20.1,57.2,-26.3,745.0,770.0,15.0,90.0,RUNNING
2024-03-22 07:00:00,ZONE_B02,21.0,56.2,-25.9,704.0,770.0,15.0,90.0,RUNNING
2024-03-22 08:00:00,ZONE_M01,19.9,51.0,-26.2,730.0,770.0,15.0,90.0,RUNNING
2024-03-22 08:00:00,ZONE_M02,20.4,60.0,-22.7,853.0,770.0,15.0,90.0,RUNNING
2024-03-22 08:00:00,ZONE_M03,20.2,59.5,-26.3,807.0,770.0,15.0,90.0,RUNNING
2024-03-22 08:00:00,ZONE_B01,20.8,60.0,-24.3,824.0,770.0,15.0,90.0,RUNNING
2024-03-22 08:00:00,ZONE_B02,19.9,54.7,-22.0,680.0,770.0,15.0,90.0,RUNNING
2024-03-22 09:00:00,ZONE_M01,19.9,60.0,-25.9,788.0,770.0,15.0,90.0,RUNNING
2024-03-22 09:00:00,ZONE_M02,20.3,52.1,-26.7,601.0,770.0,15.0,90.0,RUNNING
2024-03-22 09:00:00,ZONE_M03,19.1,60.0,-24.1,801.0,770.0,15.0,90.0,RUNNING
2024-03-22 09:00:00,ZONE_B01,18.8,59.0,-23.5,737.0,770.0,15.0,90.0,RUNNING
2024-03-22 09:00:00,ZONE_B02,20.0,56.0,-26.9,755.0,770.0,15.0,90.0,RUNNING
2024-03-22 10:00:00,ZONE_M01,20.1,56.7,-23.5,757.0,770.0,15.0,90.0,RUNNING
2024-03-22 10:00:00,ZONE_M02,20.9,50.2,-27.8,613.0,770.0,15.0,90.0,RUNNING
2024-03-22 10:00:00,ZONE_M03,20.1,49.6,-23.9,726.0,770.0,15.0,90.0,RUNNING
2024-03-22 10:00:00,ZONE_B01,19.8,55.8,-24.5,779.0,770.0,15.0,90.0,RUNNING
2024-03-22 10:00:00,ZONE_B02,20.8,60.0,-23.9,874.0,770.0,15.0,90.0,RUNNING
2024-03-22 11:00:00,ZONE_M01,20.2,46.3,-28.5,630.0,770.0,15.0,90.0,RUNNING
2024-03-22 11:00:00,ZONE_M02,20.3,57.7,-22.5,744.0,770.0,15.0,90.0,RUNNING
2024-03-22 11:00:00,ZONE_M03,19.9,44.5,-25.4,589.0,770.0,15.0,90.0,RUNNING
2024-03-22 11:00:00,ZONE_B01,20.3,60.0,-28.4,897.0,770.0,15.0,90.0,RUNNING
2024-03-22 11:00:00,ZONE_B02,20.0,46.1,-22.1,599.0,770.0,15.0,90.0,RUNNING
2024-03-22 12:00:00,ZONE_M01,20.0,60.0,-23.6,788.0,770.0,15.0,90.0,RUNNING
2024-03-22 12:00:00,ZONE_M02,19.2,53.0,-25.9,749.0,770.0,15.0,90.0,RUNNING
2024-03-22 12:00:00,ZONE_M03,21.1,59.5,-25.0,765.0,770.0,15.0,90.0,RUNNING
2024-03-22 12:00:00,ZONE_B01,19.5,60.0,-25.4,893.0,770.0,15.0,90.0,RUNNING
2024-03-22 12:00:00,ZONE_B02,19.5,50.7,-24.1,645.0,770.0,15.0,90.0,RUNNING
2024-03-22 13:00:00,ZONE_M01,19.4,60.0,-23.3,884.0,770.0,15.0,90.0,RUNNING
2024-03-22 13:00:00,ZONE_M02,19.6,56.8,-26.6,778.0,770.0,15.0,90.0,RUNNING
2024-03-22 13:00:00,ZONE_M03,20.1,60.0,-23.6,757.0,770.0,15.0,90.0,RUNNING
2024-03-22 13:00:00,ZONE_B01,20.6,57.0,-23.7,716.0,770.0,15.0,90.0,RUNNING
2024-03-22 13:00:00,ZONE_B02,20.6,58.8,-26.1,812.0,770.0,15.0,90.0,RUNNING
2024-03-22 14:00:00,ZONE_M01,19.9,60.0,-25.5,753.0,770.0,15.0,90.0,RUNNING
2024-03-22 14:00:00,ZONE_M02,20.2,57.7,-21.8,731.0,770.0,15.0,90.0,RUNNING
2024-03-22 14:00:00,ZONE_M03,19.8,58.4,-26.5,704.0,770.0,15.0,90.0,RUNNING
2024-03-22 14:00:00,ZONE_B01,20.0,60.0,-25.4,785.0,770.0,15.0,90.0,RUNNING
2024-03-22 14:00:00,ZONE_B02,20.7,59.4,-22.1,665.0,770.0,15.0,90.0,RUNNING
2024-03-22 15:00:00,ZONE_M01,19.4,50.2,-27.2,673.0,770.0,15.0,90.0,RUNNING
2024-03-22 15:00:00,ZONE_M02,20.3,56.0,-25.1,691.0,770.0,15.0,90.0,RUNNING
2024-03-22 15:00:00,ZONE_M03,20.3,57.4,-25.3,787.0,770.0,15.0,90.0,RUNNING
2024-03-22 15:00:00,ZONE_B01,19.5,54.7,-22.3,745.0,770.0,15.0,90.0,RUNNING
2024-03-22 15:00:00,ZONE_B02,20.6,56.9,-23.6,778.0,770.0,15.0,90.0,RUNNING
2024-03-22 16:00:00,ZONE_M01,20.3,60.0,-26.2,764.0,770.0,15.0,90.0,RUNNING
2024-03-22 16:00:00,ZONE_M02,20.0,60.0,-30.4,806.0,770.0,15.0,90.0,RUNNING
2024-03-22 16:00:00,ZONE_M03,18.9,60.0,-29.8,736.0,770.0,15.0,90.0,RUNNING
2024-03-22 16:00:00,ZONE_B01,20.3,55.7,-23.1,762.0,770.0,15.0,90.0,RUNNING
2024-03-22 16:00:00,ZONE_B02,19.7,55.0,-22.4,726.0,770.0,15.0,90.0,RUNNING
2024-03-22 17:00:00,ZONE_M01,20.2,60.0,-23.5,807.0,770.0,15.0,90.0,RUNNING
2024-03-22 17:00:00,ZONE_M02,20.1,51.1,-25.7,661.0,770.0,15.0,90.0,RUNNING
2024-03-22 17:00:00,ZONE_M03,21.1,53.7,-23.5,668.0,770.0,15.0,90.0,RUNNING
2024-03-22 17:00:00,ZONE_B01,21.2,58.7,-27.7,815.0,770.0,15.0,90.0,RUNNING
2024-03-22 17:00:00,ZONE_B02,20.4,56.7,-23.3,693.0,770.0,15.0,90.0,RUNNING
2024-03-22 18:00:00,ZONE_M01,20.0,56.1,-23.9,719.0,770.0,15.0,90.0,RUNNING
2024-03-22 18:00:00,ZONE_M02,20.0,49.5,-24.7,601.0,770.0,15.0,90.0,RUNNING
2024-03-22 18:00:00,ZONE_M03,19.5,53.4,-24.5,728.0,770.0,15.0,90.0,RUNNING
2024-03-22 18:00:00,ZONE_B01,19.7,60.0,-23.2,865.0,770.0,15.0,90.0,RUNNING
2024-03-22 18:00:00,ZONE_B02,19.9,44.2,-24.2,583.0,770.0,15.0,90.0,RUNNING
2024-03-22 19:00:00,ZONE_M01,19.4,54.2,-23.4,642.0,770.0,15.0,90.0,RUNNING
2024-03-22 19:00:00,ZONE_M02,20.1,57.7,-24.3,790.0,770.0,15.0,90.0,RUNNING
2024-03-22 19:00:00,ZONE_M03,19.9,60.0,-25.7,772.0,770.0,15.0,90.0,RUNNING
2024-03-22 19:00:00,ZONE_B01,20.4,60.0,-23.0,802.0,770.0,15.0,90.0,RUNNING
2024-03-22 19:00:00,ZONE_B02,19.6,51.7,-24.3,633.0,770.0,15.0,90.0,RUNNING
2024-03-22 20:00:00,ZONE_M01,19.5,60.0,-24.4,816.0,770.0,15.0,90.0,RUNNING
2024-03-22 20:00:00,ZONE_M02,18.9,60.0,-25.3,942.0,770.0,15.0,90.0,RUNNING
2024-03-22 20:00:00,ZONE_M03,19.5,53.8,-23.2,699.0,770.0,15.0,90.0,RUNNING
2024-03-22 20:00:00,ZONE_B01,19.5,60.0,-28.5,848.0,770.0,15.0,90.0,RUNNING
2024-03-22 20:00:00,ZONE_B02,20.8,60.0,-23.0,772.0,770.0,15.0,90.0,RUNNING
2024-03-22 21:00:00,ZONE_M01,20.0,54.0,-25.5,679.0,770.0,15.0,90.0,RUNNING
2024-03-22 21:00:00,ZONE_M02,19.7,58.8,-25.2,739.0,770.0,15.0,90.0,RUNNING
2024-03-22 21:00:00,ZONE_M03,21.5,60.0,-24.5,869.0,770.0,15.0,90.0,RUNNING
2024-03-22 21:00:00,ZONE_B01,19.6,50.4,-29.3,649.0,770.0,15.0,90.0,RUNNING
2024-03-22 21:00:00,ZONE_B02,20.4,47.8,-24.7,563.0,770.0,15.0,90.0,RUNNING
2024-03-22 22:00:00,ZONE_M01,19.3,58.0,-24.7,766.0,770.0,15.0,90.0,RUNNING
2024-03-22 22:00:00,ZONE_M02,20.0,60.0,-26.9,758.0,770.0,15.0,90.0,RUNNING
2024-03-22 22:00:00,ZONE_M03,20.7,51.9,-27.3,592.0,770.0,15.0,90.0,RUNNING
2024-03-22 22:00:00,ZONE_B01,20.7,60.0,-22.6,767.0,770.0,15.0,90.0,RUNNING
2024-03-22 22:00:00,ZONE_B02,19.5,60.0,-27.1,954.0,770.0,15.0,90.0,RUNNING
2024-03-22 23:00:00,ZONE_M01,15.9,41.1,-25.8,554.0,770.0,15.0,90.0,RUNNING
2024-03-22 23:00:00,ZONE_M02,16.2,35.5,-25.8,434.0,770.0,15.0,90.0,RUNNING
2024-03-22 23:00:00,ZONE_M03,15.8,40.7,-24.2,508.0,770.0,15.0,90.0,RUNNING
2024-03-22 23:00:00,ZONE_B01,15.5,39.0,-27.5,472.0,770.0,15.0,90.0,RUNNING
2024-03-22 23:00:00,ZONE_B02,16.3,46.8,-25.9,477.0,770.0,15.0,90.0,RUNNING
2024-03-23 00:00:00,ZONE_M01,15.2,40.9,-29.1,454.0,770.0,15.0,90.0,RUNNING
2024-03-23 00:00:00,ZONE_M02,16.4,44.3,-26.3,503.0,770.0,15.0,90.0,RUNNING
2024-03-23 00:00:00,ZONE_M03,16.4,36.2,-27.4,458.0,770.0,15.0,90.0,RUNNING
2024-03-23 00:00:00,ZONE_B01,15.7,41.5,-25.2,484.0,770.0,15.0,90.0,RUNNING
2024-03-23 00:00:00,ZONE_B02,17.0,44.2,-26.3,532.0,770.0,15.0,90.0,RUNNING
2024-03-23 01:00:00,ZONE_M01,15.6,42.1,-28.0,508.0,770.0,15.0,90.0,RUNNING
2024-03-23 01:00:00,ZONE_M02,15.8,36.8,-22.9,502.0,770.0,15.0,90.0,RUNNING
2024-03-23 01:00:00,ZONE_M03,16.4,43.0,-23.3,473.0,770.0,15.0,90.0,RUNNING
2024-03-23 01:00:00,ZONE_B01,16.3,38.8,-25.5,515.0,770.0,15.0,90.0,RUNNING
2024-03-23 01:00:00,ZONE_B02,15.9,35.2,-26.5,471.0,770.0,15.0,90.0,RUNNING
2024-03-23 02:00:00,ZONE_M01,16.4,40.2,-21.6,372.0,770.0,15.0,90.0,RUNNING
2024-03-23 02:00:00,ZONE_M02,15.8,36.2,-24.2,487.0,770.0,15.0,90.0,RUNNING
2024-03-23 02:00:00,ZONE_M03,15.5,32.8,-23.1,474.0,770.0,15.0,90.0,RUNNING
2024-03-23 02:00:00,ZONE_B01,15.3,43.8,-23.7,483.0,770.0,15.0,90.0,RUNNING
2024-03-23 02:00:00,ZONE_B02,16.1,40.0,-27.8,410.0,770.0,15.0,90.0,RUNNING
2024-03-23 03:00:00,ZONE_M01,16.1,36.4,-28.6,405.0,770.0,15.0,90.0,RUNNING
2024-03-23 03:00:00,ZONE_M02,16.8,42.7,-21.3,504.0,770.0,15.0,90.0,RUNNING
2024-03-23 03:00:00,ZONE_M03,16.4,44.9,-25.4,481.0,770.0,15.0,90.0,RUNNING
2024-03-23 03:00:00,ZONE_B01,16.2,31.6,-25.0,432.0,770.0,15.0,90.0,RUNNING
2024-03-23 03:00:00,ZONE_B02,16.3,33.2,-24.1,452.0,770.0,15.0,90.0,RUNNING
2024-03-23 04:00:00,ZONE_M01,16.2,38.9,-21.8,458.0,770.0,15.0,90.0,RUNNING
2024-03-23 04:00:00,ZONE_M02,15.9,42.7,-25.5,531.0,770.0,15.0,90.0,RUNNING
2024-03-23 04:00:00,ZONE_M03,16.0,39.4,-27.2,489.0,770.0,15.0,90.0,RUNNING
2024-03-23 04:00:00,ZONE_B01,15.7,40.2,-24.8,438.0,770.0,15.0,90.0,RUNNING
2024-03-23 04:00:00,ZONE_B02,16.2,36.7,-25.4,448.0,770.0,15.0,90.0,RUNNING
2024-03-23 05:00:00,ZONE_M01,15.5,41.7,-26.7,491.0,770.0,15.0,90.0,RUNNING
2024-03-23 05:00:00,ZONE_M02,15.9,43.5,-23.8,449.0,770.0,15.0,90.0,RUNNING
2024-03-23 05:00:00,ZONE_M03,15.2,42.2,-27.3,451.0,770.0,15.0,90.0,RUNNING
2024-03-23 05:00:00,ZONE_B01,16.3,37.0,-24.1,485.0,770.0,15.0,90.0,RUNNING
2024-03-23 05:00:00,ZONE_B02,16.3,46.8,-23.6,500.0,770.0,15.0,90.0,RUNNING
2024-03-23 06:00:00,ZONE_M01,20.3,60.0,-23.9,846.0,770.0,15.0,90.0,RUNNING
2024-03-23 06:00:00,ZONE_M02,19.9,60.0,-28.2,771.0,770.0,15.0,90.0,RUNNING
2024-03-23 06:00:00,ZONE_M03,20.2,54.0,-24.0,732.0,770.0,15.0,90.0,RUNNING
2024-03-23 06:00:00,ZONE_B01,20.1,49.9,-22.0,671.0,770.0,15.0,90.0,RUNNING
2024-03-23 06:00:00,ZONE_B02,19.5,52.0,-24.7,723.0,770.0,15.0,90.0,RUNNING
2024-03-23 07:00:00,ZONE_M01,19.2,55.0,-29.2,702.0,770.0,15.0,90.0,RUNNING
2024-03-23 07:00:00,ZONE_M02,19.8,58.8,-24.7,687.0,770.0,15.0,90.0,RUNNING
2024-03-23 07:00:00,ZONE_M03,19.6,58.3,-25.2,717.0,770.0,15.0,90.0,RUNNING
2024-03-23 07:00:00,ZONE_B01,19.9,56.9,-22.6,740.0,770.0,15.0,90.0,RUNNING
2024-03-23 07:00:00,ZONE_B02,19.0,60.0,-24.0,886.0,770.0,15.0,90.0,RUNNING
2024-03-23 08:00:00,ZONE_M01,20.3,60.0,-24.9,795.0,770.0,15.0,90.0,RUNNING
2024-03-23 08:00:00,ZONE_M02,20.3,59.1,-24.1,798.0,770.0,15.0,90.0,RUNNING
2024-03-23 08:00:00,ZONE_M03,19.7,60.0,-26.1,766.0,770.0,15.0,90.0,RUNNING
2024-03-23 08:00:00,ZONE_B01,19.9,48.7,-22.7,649.0,770.0,15.0,90.0,RUNNING
2024-03-23 08:00:00,ZONE_B02,20.3,58.8,-24.4,749.0,770.0,15.0,90.0,RUNNING
2024-03-23 09:00:00,ZONE_M01,19.9,56.5,-28.4,785.0,770.0,15.0,90.0,RUNNING
2024-03-23 09:00:00,ZONE_M02,19.8,55.8,-23.3,718.0,770.0,15.0,90.0,RUNNING
2024-03-23 09:00:00,ZONE_M03,20.3,49.9,-27.5,686.0,770.0,15.0,90.0,RUNNING
2024-03-23 09:00:00,ZONE_B01,19.9,60.0,-26.6,789.0,770.0,15.0,90.0,RUNNING
2024-03-23 09:00:00,ZONE_B02,19.8,54.6,-26.9,661.0,770.0,15.0,90.0,RUNNING
2024-03-23 10:00:00,ZONE_M01,19.0,60.0,-27.1,764.0,770.0,15.0,90.0,RUNNING
2024-03-23 10:00:00,ZONE_M02,20.2,60.0,-25.5,851.0,770.0,15.0,90.0,RUNNING
2024-03-23 10:00:00,ZONE_M03,20.1,57.0,-22.9,812.0,770.0,15.0,90.0,RUNNING
2024-03-23 10:00:00,ZONE_B01,20.0,58.4,-24.4,698.0,770.0,15.0,90.0,RUNNING
2024-03-23 10:00:00,ZONE_B02,19.9,49.2,-23.7,692.0,770.0,15.0,90.0,RUNNING
2024-03-23 11:00:00,ZONE_M01,20.5,56.8,-26.3,751.0,770.0,15.0,90.0,RUNNING
2024-03-23 11:00:00,ZONE_M02,20.0,60.0,-27.0,730.0,770.0,15.0,90.0,RUNNING
2024-03-23 11:00:00,ZONE_M03,20.0,52.4,-25.8,618.0,770.0,15.0,90.0,RUNNING
2024-03-23 11:00:00,ZONE_B01,19.8,47.2,-26.8,629.0,770.0,15.0,90.0,RUNNING
2024-03-23 11:00:00,ZONE_B02,19.6,57.2,-24.3,751.0,770.0,15.0,90.0,RUNNING
2024-03-23 12:00:00,ZONE_M01,19.0,58.2,-26.7,696.0,770.0,15.0,90.0,RUNNING
2024-03-23 12:00:00,ZONE_M02,20.1,60.0,-23.2,921.0,770.0,15.0,90.0,RUNNING
2024-03-23 12:00:00,ZONE_M03,20.3,59.7,-24.9,840.0,770.0,15.0,90.0,RUNNING
2024-03-23 12:00:00,ZONE_B01,19.4,60.0,-29.7,935.0,770.0,15.0,90.0,RUNNING
2024-03-23 12:00:00,ZONE_B02,20.3,57.0,-26.1,661.0,770.0,15.0,90.0,RUNNING
2024-03-23 13:00:00,ZONE_M01,20.1,60.0,-24.4,816.0,770.0,15.0,90.0,RUNNING
2024-03-23 13:00:00,ZONE_M02,20.4,57.8,-29.3,701.0,770.0,15.0,90.0,RUNNING
2024-03-23 13:00:00,ZONE_M03,20.2,60.0,-23.0,811.0,770.0,15.0,90.0,RUNNING
2024-03-23 13:00:00,ZONE_B01,20.0,43.6,-23.7,539.0,770.0,15.0,90.0,RUNNING
2024-03-23 13:00:00,ZONE_B02,19.7,48.6,-25.0,525.0,770.0,15.0,90.0,RUNNING
2024-03-23 14:00:00,ZONE_M01,21.0,60.0,-26.5,873.0,770.0,15.0,90.0,RUNNING
2024-03-23 14:00:00,ZONE_M02,20.0,39.7,-24.9,443.0,770.0,15.0,90.0,RUNNING
2024-03-23 14:00:00,ZONE_M03,20.7,56.5,-26.4,711.0,770.0,15.0,90.0,RUNNING
2024-03-23 14:00:00,ZONE_B01,20.0,60.0,-23.8,994.0,770.0,15.0,90.0,RUNNING
2024-03-23 14:00:00,ZONE_B02,20.7,55.6,-25.5,723.0,770.0,15.0,90.0,RUNNING
2024-03-23 15:00:00,ZONE_M01,20.4,54.5,-27.1,622.0,770.0,15.0,90.0,RUNNING
2024-03-23 15:00:00,ZONE_M02,19.5,60.0,-25.3,838.0,770.0,15.0,90.0,RUNNING
2024-03-23 15:00:00,ZONE_M03,19.7,56.2,-26.3,718.0,770.0,15.0,90.0,RUNNING
2024-03-23 15:00:00,ZONE_B01,20.6,56.8,-26.1,770.0,770.0,15.0,90.0,RUNNING
2024-03-23 15:00:00,ZONE_B02,20.8,50.1,-22.2,688.0,770.0,15.0,90.0,RUNNING
2024-03-23 16:00:00,ZONE_M01,20.2,57.8,-22.1,779.0,770.0,15.0,90.0,RUNNING
2024-03-23 16:00:00,ZONE_M02,18.8,47.1,-25.7,601.0,770.0,15.0,90.0,RUNNING
2024-03-23 16:00:00,ZONE_M03,19.6,57.0,-26.6,780.0,770.0,15.0,90.0,RUNNING
2024-03-23 16:00:00,ZONE_B01,20.4,60.0,-25.2,848.0,770.0,15.0,90.0,RUNNING
2024-03-23 16:00:00,ZONE_B02,19.1,43.7,-25.0,536.0,770.0,15.0,90.0,RUNNING
2024-03-23 17:00:00,ZONE_M01,19.4,56.1,-22.1,627.0,770.0,15.0,90.0,RUNNING
2024-03-23 17:00:00,ZONE_M02,19.8,50.8,-22.1,630.0,770.0,15.0,90.0,RUNNING
2024-03-23 17:00:00,ZONE_M03,20.5,55.2,-24.2,716.0,770.0,15.0,90.0,RUNNING
2024-03-23 17:00:00,ZONE_B01,20.2,56.9,-25.9,699.0,770.0,15.0,90.0,RUNNING
2024-03-23 17:00:00,ZONE_B02,20.9,59.1,-21.7,757.0,770.0,15.0,90.0,RUNNING
2024-03-23 18:00:00,ZONE_M01,19.4,60.0,-23.2,924.0,770.0,15.0,90.0,RUNNING
2024-03-23 18:00:00,ZONE_M02,20.1,56.4,-24.6,756.0,770.0,15.0,90.0,RUNNING
2024-03-23 18:00:00,ZONE_M03,19.3,60.0,-26.1,792.0,770.0,15.0,90.0,RUNNING
2024-03-23 18:00:00,ZONE_B01,20.6,60.0,-23.1,778.0,770.0,15.0,90.0,RUNNING
2024-03-23 18:00:00,ZONE_B02,20.0,47.3,-25.9,533.0,770.0,15.0,90.0,RUNNING
2024-03-23 19:00:00,ZONE_M01,19.9,56.9,-26.6,686.0,770.0,15.0,90.0,RUNNING
2024-03-23 19:00:00,ZONE_M02,19.7,52.3,-21.8,623.0,770.0,15.0,90.0,RUNNING
2024-03-23 19:00:00,ZONE_M03,20.3,60.0,-24.7,771.0,770.0,15.0,90.0,RUNNING
2024-03-23 19:00:00,ZONE_B01,20.7,57.5,-27.0,700.0,770.0,15.0,90.0,RUNNING
2024-03-23 19:00:00,ZONE_B02,19.9,43.3,-25.5,571.0,770.0,15.0,90.0,RUNNING
2024-03-23 20:00:00,ZONE_M01,19.8,53.7,-22.1,598.0,770.0,15.0,90.0,RUNNING
2024-03-23 20:00:00,ZONE_M02,20.4,60.0,-24.6,813.0,770.0,15.0,90.0,RUNNING
2024-03-23 20:00:00,ZONE_M03,20.9,52.8,-23.5,635.0,770.0,15.0,90.0,RUNNING
2024-03-23 20:00:00,ZONE_B01,20.2,48.3,-25.0,635.0,770.0,15.0,90.0,RUNNING
2024-03-23 20:00:00,ZONE_B02,20.6,57.2,-24.4,734.0,770.0,15.0,90.0,RUNNING
2024-03-23 21:00:00,ZONE_M01,19.8,55.5,-25.3,745.0,770.0,15.0,90.0,RUNNING
2024-03-23 21:00:00,ZONE_M02,19.9,57.0,-25.7,690.0,770.0,15.0,90.0,RUNNING
2024-03-23 21:00:00,ZONE_M03,19.8,57.3,-23.9,718.0,770.0,15.0,90.0,RUNNING
2024-03-23 21:00:00,ZONE_B01,20.2,55.8,-24.7,774.0,770.0,15.0,90.0,RUNNING
2024-03-23 21:00:00,ZONE_B02,19.7,60.0,-29.2,823.0,770.0,15.0,90.0,RUNNING
2024-03-23 22:00:00,ZONE_M01,19.8,60.0,-23.8,803.0,770.0,15.0,90.0,RUNNING
2024-03-23 22:00:00,ZONE_M02,20.4,48.1,-21.8,643.0,770.0,15.0,90.0,RUNNING
2024-03-23 22:00:00,ZONE_M03,21.0,53.0,-27.2,632.0,770.0,15.0,90.0,RUNNING
2024-03-23 22:00:00,ZONE_B01,20.6,60.0,-22.8,868.0,770.0,15.0,90.0,RUNNING
2024-03-23 22:00:00,ZONE_B02,19.6,57.0,-23.8,637.0,770.0,15.0,90.0,RUNNING
2024-03-23 23:00:00,ZONE_M01,16.6,40.0,-21.3,468.0,770.0,15.0,90.0,RUNNING
2024-03-23 23:00:00,ZONE_M02,16.1,36.6,-23.7,484.0,770.0,15.0,90.0,RUNNING
2024-03-23 23:00:00,ZONE_M03,15.7,48.8,-27.5,539.0,770.0,15.0,90.0,RUNNING
2024-03-23 23:00:00,ZONE_B01,15.5,40.6,-25.4,494.0,770.0,15.0,90.0,RUNNING
2024-03-23 23:00:00,ZONE_B02,16.5,38.6,-26.4,445.0,770.0,15.0,90.0,RUNNING
2024-03-24 00:00:00,ZONE_M01,15.1,44.7,-25.4,528.0,770.0,15.0,90.0,RUNNING
2024-03-24 00:00:00,ZONE_M02,16.3,41.1,-24.6,424.0,770.0,15.0,90.0,RUNNING
2024-03-24 00:00:00,ZONE_M03,16.5,40.3,-24.2,492.0,770.0,15.0,90.0,RUNNING
2024-03-24 00:00:00,ZONE_B01,15.7,34.3,-27.3,439.0,770.0,15.0,90.0,RUNNING
2024-03-24 00:00:00,ZONE_B02,16.4,48.5,-27.7,513.0,770.0,15.0,90.0,RUNNING
2024-03-24 01:00:00,ZONE_M01,16.5,43.4,-23.8,530.0,770.0,15.0,90.0,RUNNING
2024-03-24 01:00:00,ZONE_M02,16.5,30.6,-20.4,458.0,770.0,15.0,90.0,RUNNING
2024-03-24 01:00:00,ZONE_M03,16.7,41.7,-21.2,497.0,770.0,15.0,90.0,RUNNING
2024-03-24 01:00:00,ZONE_B01,16.3,43.3,-23.6,537.0,770.0,15.0,90.0,RUNNING
2024-03-24 01:00:00,ZONE_B02,15.6,44.8,-26.1,494.0,770.0,15.0,90.0,RUNNING
2024-03-24 02:00:00,ZONE_M01,15.2,41.6,-27.8,421.0,770.0,15.0,90.0,RUNNING
2024-03-24 02:00:00,ZONE_M02,16.2,40.1,-22.8,477.0,770.0,15.0,90.0,RUNNING
2024-03-24 02:00:00,ZONE_M03,15.5,35.6,-24.5,529.0,770.0,15.0,90.0,RUNNING
2024-03-24 02:00:00,ZONE_B01,15.8,46.4,-26.3,501.0,770.0,15.0,90.0,RUNNING
2024-03-24 02:00:00,ZONE_B02,16.5,42.4,-23.5,471.0,770.0,15.0,90.0,RUNNING
2024-03-24 03:00:00,ZONE_M01,16.3,42.5,-27.1,488.0,770.0,15.0,90.0,RUNNING
2024-03-24 03:00:00,ZONE_M02,15.4,39.4,-26.9,467.0,770.0,15.0,90.0,RUNNING
2024-03-24 03:00:00,ZONE_M03,15.8,34.7,-25.3,490.0,770.0,15.0,90.0,RUNNING
2024-03-24 03:00:00,ZONE_B01,15.3,35.8,-25.8,468.0,770.0,15.0,90.0,RUNNING
2024-03-24 03:00:00,ZONE_B02,16.0,43.3,-21.7,485.0,770.0,15.0,90.0,RUNNING
2024-03-24 04:00:00,ZONE_M01,15.9,46.1,-25.2,480.0,770.0,15.0,90.0,RUNNING
2024-03-24 04:00:00,ZONE_M02,16.0,42.8,-25.9,463.0,770.0,15.0,90.0,RUNNING
2024-03-24 04:00:00,ZONE_M03,15.3,42.9,-23.9,476.0,770.0,15.0,90.0,RUNNING
2024-03-24 04:00:00,ZONE_B01,17.6,40.2,-23.4,503.0,770.0,15.0,90.0,RUNNING
2024-03-24 04:00:00,ZONE_B02,16.3,39.6,-23.6,472.0,770.0,15.0,90.0,RUNNING
2024-03-24 05:00:00,ZONE_M01,15.8,36.5,-26.5,425.0,770.0,15.0,90.0,RUNNING
2024-03-24 05:00:00,ZONE_M02,16.0,46.3,-26.7,483.0,770.0,15.0,90.0,RUNNING
2024-03-24 05:00:00,ZONE_M03,15.7,44.4,-22.8,530.0,770.0,15.0,90.0,RUNNING
2024-03-24 05:00:00,ZONE_B01,16.2,38.9,-27.7,482.0,770.0,15.0,90.0,RUNNING
2024-03-24 05:00:00,ZONE_B02,15.9,37.2,-24.9,497.0,770.0,15.0,90.0,RUNNING
2024-03-24 06:00:00,ZONE_M01,20.1,60.0,-25.4,731.0,770.0,15.0,90.0,RUNNING
2024-03-24 06:00:00,ZONE_M02,19.6,60.0,-22.4,801.0,770.0,15.0,90.0,RUNNING
2024-03-24 06:00:00,ZONE_M03,19.9,54.9,-23.9,674.0,770.0,15.0,90.0,RUNNING
2024-03-24 06:00:00,ZONE_B01,19.7,58.9,-25.3,769.0,770.0,15.0,90.0,RUNNING
2024-03-24 06:00:00,ZONE_B02,20.4,40.5,-23.4,547.0,770.0,15.0,90.0,RUNNING
2024-03-24 07:00:00,ZONE_M01,20.9,43.0,-25.3,536.0,770.0,15.0,90.0,RUNNING
2024-03-24 07:00:00,ZONE_M02,20.0,48.0,-19.9,579.0,770.0,15.0,90.0,RUNNING
2024-03-24 07:00:00,ZONE_M03,20.2,55.8,-27.9,701.0,770.0,15.0,90.0,RUNNING
2024-03-24 07:00:00,ZONE_B01,20.5,60.0,-25.1,818.0,770.0,15.0,90.0,RUNNING
2024-03-24 07:00:00,ZONE_B02,20.2,60.0,-24.2,788.0,770.0,15.0,90.0,RUNNING
2024-03-24 08:00:00,ZONE_M01,19.4,58.7,-24.0,776.0,770.0,15.0,90.0,RUNNING
2024-03-24 08:00:00,ZONE_M02,20.3,50.8,-24.2,617.0,770.0,15.0,90.0,RUNNING
2024-03-24 08:00:00,ZONE_M03,19.7,60.0,-22.1,875.0,770.0,15.0,90.0,RUNNING
2024-03-24 08:00:00,ZONE_B01,20.1,60.0,-25.1,822.0,770.0,15.0,90.0,RUNNING
2024-03-24 08:00:00,ZONE_B02,21.1,54.5,-25.9,651.0,770.0,15.0,90.0,RUNNING
2024-03-24 09:00:00,ZONE_M01,19.4,55.1,-23.5,609.0,770.0,15.0,90.0,RUNNING
2024-03-24 09:00:00,ZONE_M02,20.0,50.6,-23.9,644.0,770.0,15.0,90.0,RUNNING
2024-03-24 09:00:00,ZONE_M03,21.2,60.0,-28.5,873.0,770.0,15.0,90.0,RUNNING
2024-03-24 09:00:00,ZONE_B01,19.3,60.0,-25.9,755.0,770.0,15.0,90.0,RUNNING
2024-03-24 09:00:00,ZONE_B02,20.2,60.0,-23.7,801.0,770.0,15.0,90.0,RUNNING
2024-03-24 10:00:00,ZONE_M01,20.5,60.0,-28.5,786.0,770.0,15.0,90.0,RUNNING
2024-03-24 10:00:00,ZONE_M02,18.7,54.4,-25.5,698.0,770.0,15.0,90.0,RUNNING
2024-03-24 10:00:00,ZONE_M03,19.2,59.7,-21.1,798.0,770.0,15.0,90.0,RUNNING
2024-03-24 10:00:00,ZONE_B01,19.6,60.0,-23.9,899.0,770.0,15.0,90.0,RUNNING
2024-03-24 10:00:00,ZONE_B02,20.1,48.9,-28.0,669.0,770.0,15.0,90.0,RUNNING
2024-03-24 11:00:00,ZONE_M01,19.2,60.0,-22.0,815.0,770.0,15.0,90.0,RUNNING
2024-03-24 11:00:00,ZONE_M02,20.1,60.0,-25.2,742.0,770.0,15.0,90.0,RUNNING
2024-03-24 11:00:00,ZONE_M03,18.9,59.2,-24.4,722.0,770.0,15.0,90.0,RUNNING
2024-03-24 11:00:00,ZONE_B01,19.9,60.0,-27.0,862.0,770.0,15.0,90.0,RUNNING
2024-03-24 11:00:00,ZONE_B02,19.2,53.0,-27.7,747.0,770.0,15.0,90.0,RUNNING
2024-03-24 12:00:00,ZONE_M01,19.9,49.2,-24.5,574.0,770.0,15.0,90.0,RUNNING
2024-03-24 12:00:00,ZONE_M02,19.8,56.3,-25.3,693.0,770.0,15.0,90.0,RUNNING
2024-03-24 12:00:00,ZONE_M03,21.0,58.8,-23.4,769.0,770.0,15.0,90.0,RUNNING
2024-03-24 12:00:00,ZONE_B01,20.4,54.0,-26.3,663.0,770.0,15.0,90.0,RUNNING
2024-03-24 12:00:00,ZONE_B02,20.1,57.4,-24.1,701.0,770.0,15.0,90.0,RUNNING
2024-03-24 13:00:00,ZONE_M01,20.3,44.8,-23.1,663.0,770.0,15.0,90.0,RUNNING
2024-03-24 13:00:00,ZONE_M02,19.7,60.0,-26.4,721.0,770.0,15.0,90.0,RUNNING
2024-03-24 13:00:00,ZONE_M03,19.4,59.8,-25.4,814.0,770.0,15.0,90.0,RUNNING
2024-03-24 13:00:00,ZONE_B01,19.9,60.0,-22.2,798.0,770.0,15.0,90.0,RUNNING
2024-03-24 13:00:00,ZONE_B02,19.3,59.4,-26.0,755.0,770.0,15.0,90.0,RUNNING
2024-03-24 14:00:00,ZONE_M01,20.8,60.0,-25.1,805.0,770.0,15.0,90.0,RUNNING
2024-03-24 14:00:00,ZONE_M02,20.8,50.1,-24.1,610.0,770.0,15.0,90.0,RUNNING
2024-03-24 14:00:00,ZONE_M03,19.0,41.2,-24.1,499.0,770.0,15.0,90.0,RUNNING
2024-03-24 14:00:00,ZONE_B01,20.3,58.0,-24.9,702.0,770.0,15.0,90.0,RUNNING
2024-03-24 14:00:00,ZONE_B02,19.4,54.0,-24.3,652.0,770.0,15.0,90.0,RUNNING
2024-03-24 15:00:00,ZONE_M01,19.9,60.0,-23.0,703.0,770.0,15.0,90.0,RUNNING
2024-03-24 15:00:00,ZONE_M02,20.7,60.0,-23.1,768.0,770.0,15.0,90.0,RUNNING
2024-03-24 15:00:00,ZONE_M03,19.5,53.4,-22.7,587.0,770.0,15.0,90.0,RUNNING
2024-03-24 15:00:00,ZONE_B01,20.3,52.9,-24.9,722.0,770.0,15.0,90.0,RUNNING
2024-03-24 15:00:00,ZONE_B02,19.2,45.3,-22.0,589.0,770.0,15.0,90.0,RUNNING
2024-03-24 16:00:00,ZONE_M01,20.5,60.0,-29.4,847.0,770.0,15.0,90.0,RUNNING
2024-03-24 16:00:00,ZONE_M02,19.0,53.8,-27.5,728.0,770.0,15.0,90.0,RUNNING
2024-03-24 16:00:00,ZONE_M03,20.5,58.5,-24.8,712.0,770.0,15.0,90.0,RUNNING
2024-03-24 16:00:00,ZONE_B01,20.1,50.3,-25.4,747.0,770.0,15.0,90.0,RUNNING
2024-03-24 16:00:00,ZONE_B02,20.5,58.3,-25.6,679.0,770.0,15.0,90.0,RUNNING
2024-03-24 17:00:00,ZONE_M01,20.0,54.4,-24.8,637.0,770.0,15.0,90.0,RUNNING
2024-03-24 17:00:00,ZONE_M02,20.5,60.0,-23.8,780.0,770.0,15.0,90.0,RUNNING
2024-03-24 17:00:00,ZONE_M03,20.3,56.2,-23.6,731.0,770.0,15.0,90.0,RUNNING
2024-03-24 17:00:00,ZONE_B01,19.2,44.5,-23.6,566.0,770.0,15.0,90.0,RUNNING
2024-03-24 17:00:00,ZONE_B02,20.7,49.0,-24.4,648.0,770.0,15.0,90.0,RUNNING
2024-03-24 18:00:00,ZONE_M01,18.9,60.0,-26.5,783.0,770.0,15.0,90.0,RUNNING
2024-03-24 18:00:00,ZONE_M02,20.4,53.7,-23.3,701.0,770.0,15.0,90.0,RUNNING
2024-03-24 18:00:00,ZONE_M03,19.7,60.0,-25.1,804.0,770.0,15.0,90.0,RUNNING
2024-03-24 18:00:00,ZONE_B01,20.9,58.4,-23.5,776.0,770.0,15.0,90.0,RUNNING
2024-03-24 18:00:00,ZONE_B02,20.4,53.2,-22.4,693.0,770.0,15.0,90.0,RUNNING
2024-03-24 19:00:00,ZONE_M01,20.3,55.6,-28.4,749.0,770.0,15.0,90.0,RUNNING
2024-03-24 19:00:00,ZONE_M02,20.0,60.0,-26.3,819.0,770.0,15.0,90.0,RUNNING
2024-03-24 19:00:00,ZONE_M03,20.6,60.0,-20.6,838.0,770.0,15.0,90.0,RUNNING
2024-03-24 19:00:00,ZONE_B01,20.3,60.0,-23.2,751.0,770.0,15.0,90.0,RUNNING
2024-03-24 19:00:00,ZONE_B02,19.9,58.3,-23.8,788.0,770.0,15.0,90.0,RUNNING
2024-03-24 20:00:00,ZONE_M01,19.9,43.8,-28.8,602.0,770.0,15.0,90.0,RUNNING
2024-03-24 20:00:00,ZONE_M02,20.3,56.6,-27.6,705.0,770.0,15.0,90.0,RUNNING
2024-03-24 20:00:00,ZONE_M03,19.3,60.0,-23.7,942.0,770.0,15.0,90.0,RUNNING
2024-03-24 20:00:00,ZONE_B01,20.4,53.0,-20.2,748.0,770.0,15.0,90.0,RUNNING
2024-03-24 20:00:00,ZONE_B02,19.2,58.2,-22.6,660.0,770.0,15.0,90.0,RUNNING
2024-03-24 21:00:00,ZONE_M01,20.0,56.4,-24.9,731.0,770.0,15.0,90.0,RUNNING
2024-03-24 21:00:00,ZONE_M02,20.3,56.8,-26.3,740.0,770.0,15.0,90.0,RUNNING
2024-03-24 21:00:00,ZONE_M03,20.2,58.9,-24.1,807.0,770.0,15.0,90.0,RUNNING
2024-03-24 21:00:00,ZONE_B01,20.2,60.0,-23.5,887.0,770.0,15.0,90.0,RUNNING
2024-03-24 21:00:00,ZONE_B02,19.1,60.0,-26.7,795.0,770.0,15.0,90.0,RUNNING
2024-03-24 22:00:00,ZONE_M01,21.1,60.0,-23.7,793.0,770.0,15.0,90.0,RUNNING
2024-03-24 22:00:00,ZONE_M02,20.4,60.0,-24.3,890.0,770.0,15.0,90.0,RUNNING
2024-03-24 22:00:00,ZONE_M03,20.5,53.6,-27.8,751.0,770.0,15.0,90.0,RUNNING
2024-03-24 22:00:00,ZONE_B01,21.1,52.5,-25.4,680.0,770.0,15.0,90.0,RUNNING
2024-03-24 22:00:00,ZONE_B02,20.1,50.7,-21.3,668.0,770.0,15.0,90.0,RUNNING
2024-03-24 23:00:00,ZONE_M01,16.1,40.7,-28.9,481.0,770.0,15.0,90.0,RUNNING
2024-03-24 23:00:00,ZONE_M02,15.2,42.1,-28.1,443.0,770.0,15.0,90.0,RUNNING
2024-03-24 23:00:00,ZONE_M03,16.4,40.8,-22.5,502.0,770.0,15.0,90.0,RUNNING
2024-03-24 23:00:00,ZONE_B01,16.0,37.8,-26.5,431.0,770.0,15.0,90.0,RUNNING
2024-03-24 23:00:00,ZONE_B02,16.6,39.3,-26.5,475.0,770.0,15.0,90.0,RUNNING
2024-03-25 00:00:00,ZONE_M01,15.2,39.6,-22.4,506.0,770.0,15.0,90.0,RUNNING
2024-03-25 00:00:00,ZONE_M02,15.6,35.2,-21.9,406.0,770.0,15.0,90.0,RUNNING
2024-03-25 00:00:00,ZONE_M03,15.5,42.6,-21.9,458.0,770.0,15.0,90.0,RUNNING
2024-03-25 00:00:00,ZONE_B01,16.1,35.3,-26.6,479.0,770.0,15.0,90.0,RUNNING
2024-03-25 00:00:00,ZONE_B02,16.0,40.5,-24.3,463.0,770.0,15.0,90.0,RUNNING
2024-03-25 01:00:00,ZONE_M01,16.7,43.2,-26.3,510.0,770.0,15.0,90.0,RUNNING
2024-03-25 01:00:00,ZONE_M02,15.9,37.7,-26.7,496.0,770.0,15.0,90.0,RUNNING
2024-03-25 01:00:00,ZONE_M03,15.8,42.2,-26.3,460.0,770.0,15.0,90.0,RUNNING
2024-03-25 01:00:00,ZONE_B01,15.9,34.5,-26.6,462.0,770.0,15.0,90.0,RUNNING
2024-03-25 01:00:00,ZONE_B02,16.1,40.0,-24.4,415.0,770.0,15.0,90.0,RUNNING
2024-03-25 02:00:00,ZONE_M01,16.8,45.0,-24.3,550.0,770.0,15.0,90.0,RUNNING
2024-03-25 02:00:00,ZONE_M02,16.0,37.7,-23.0,442.0,770.0,15.0,90.0,RUNNING
2024-03-25 02:00:00,ZONE_M03,15.2,43.0,-27.6,464.0,770.0,15.0,90.0,RUNNING
2024-03-25 02:00:00,ZONE_B01,15.5,35.5,-27.9,468.0,770.0,15.0,90.0,RUNNING
2024-03-25 02:00:00,ZONE_B02,15.9,34.1,-24.2,462.0,770.0,15.0,90.0,RUNNING
2024-03-25 03:00:00,ZONE_M01,15.8,44.8,-24.3,479.0,770.0,15.0,90.0,RUNNING
2024-03-25 03:00:00,ZONE_M02,15.6,42.1,-25.0,472.0,770.0,15.0,90.0,RUNNING
2024-03-25 03:00:00,ZONE_M03,14.6,41.9,-23.9,452.0,770.0,15.0,90.0,RUNNING
2024-03-25 03:00:00,ZONE_B01,17.4,37.3,-22.8,509.0,770.0,15.0,90.0,RUNNING
2024-03-25 03:00:00,ZONE_B02,15.5,42.6,-23.9,430.0,770.0,15.0,90.0,RUNNING
2024-03-25 04:00:00,ZONE_M01,16.4,38.5,-23.6,506.0,770.0,15.0,90.0,RUNNING
2024-03-25 04:00:00,ZONE_M02,16.3,40.8,-27.1,501.0,770.0,15.0,90.0,RUNNING
2024-03-25 04:00:00,ZONE_M03,16.8,39.3,-22.4,481.0,770.0,15.0,90.0,RUNNING
2024-03-25 04:00:00,ZONE_B01,16.5,42.7,-25.3,493.0,770.0,15.0,90.0,RUNNING
2024-03-25 04:00:00,ZONE_B02,15.9,47.3,-24.0,518.0,770.0,15.0,90.0,RUNNING
2024-03-25 05:00:00,ZONE_M01,15.4,39.0,-23.6,438.0,770.0,15.0,90.0,RUNNING
2024-03-25 05:00:00,ZONE_M02,16.3,42.9,-23.8,467.0,770.0,15.0,90.0,RUNNING
2024-03-25 05:00:00,ZONE_M03,16.2,40.6,-24.1,471.0,770.0,15.0,90.0,RUNNING
2024-03-25 05:00:00,ZONE_B01,16.7,34.4,-27.6,447.0,770.0,15.0,90.0,RUNNING
2024-03-25 05:00:00,ZONE_B02,15.7,33.6,-24.2,435.0,770.0,15.0,90.0,RUNNING
2024-03-25 06:00:00,ZONE_M01,19.4,60.0,-25.5,705.0,770.0,15.0,90.0,RUNNING
2024-03-25 06:00:00,ZONE_M02,20.4,55.5,-24.6,685.0,770.0,15.0,90.0,RUNNING
2024-03-25 06:00:00,ZONE_M03,19.8,56.7,-26.6,725.0,770.0,15.0,90.0,RUNNING
2024-03-25 06:00:00,ZONE_B01,19.9,56.6,-28.0,706.0,770.0,15.0,90.0,RUNNING
2024-03-25 06:00:00,ZONE_B02,19.2,51.9,-28.9,709.0,770.0,15.0,90.0,RUNNING
2024-03-25 07:00:00,ZONE_M01,19.9,46.9,-23.7,670.0,770.0,15.0,90.0,RUNNING
2024-03-25 07:00:00,ZONE_M02,19.1,54.3,-23.9,621.0,770.0,15.0,90.0,RUNNING
2024-03-25 07:00:00,ZONE_M03,19.7,59.3,-22.4,820.0,770.0,15.0,90.0,RUNNING
2024-03-25 07:00:00,ZONE_B01,20.3,53.8,-21.9,728.0,770.0,15.0,90.0,RUNNING
2024-03-25 07:00:00,ZONE_B02,18.9,45.7,-25.0,559.0,770.0,15.0,90.0,RUNNING
2024-03-25 08:00:00,ZONE_M01,19.5,55.9,-27.7,782.0,770.0,15.0,90.0,RUNNING
2024-03-25 08:00:00,ZONE_M02,20.0,55.7,-24.2,691.0,770.0,15.0,90.0,RUNNING
2024-03-25 08:00:00,ZONE_M03,19.9,60.0,-25.9,904.0,770.0,15.0,90.0,RUNNING
2024-03-25 08:00:00,ZONE_B01,19.9,55.8,-24.6,744.0,770.0,15.0,90.0,RUNNING
2024-03-25 08:00:00,ZONE_B02,19.3,60.0,-23.2,793.0,770.0,15.0,90.0,RUNNING
2024-03-25 09:00:00,ZONE_M01,19.9,51.9,-22.1,634.0,770.0,15.0,90.0,RUNNING
2024-03-25 09:00:00,ZONE_M02,19.3,60.0,-24.1,808.0,770.0,15.0,90.0,RUNNING
2024-03-25 09:00:00,ZONE_M03,20.0,52.1,-25.8,686.0,770.0,15.0,90.0,RUNNING
2024-03-25 09:00:00,ZONE_B01,20.6,54.1,-27.8,639.0,770.0,15.0,90.0,RUNNING
2024-03-25 09:00:00,ZONE_B02,19.9,46.0,-27.0,607.0,770.0,15.0,90.0,RUNNING
2024-03-25 10:00:00,ZONE_M01,19.8,60.0,-25.2,818.0,770.0,15.0,90.0,RUNNING
2024-03-25 10:00:00,ZONE_M02,19.9,60.0,-22.4,843.0,770.0,15.0,90.0,RUNNING
2024-03-25 10:00:00,ZONE_M03,20.0,60.0,-23.8,791.0,770.0,15.0,90.0,RUNNING
2024-03-25 10:00:00,ZONE_B01,20.6,60.0,-22.5,805.0,770.0,15.0,90.0,RUNNING
2024-03-25 10:00:00,ZONE_B02,20.1,57.6,-27.0,723.0,770.0,15.0,90.0,RUNNING
2024-03-25 11:00:00,ZONE_M01,20.8,55.7,-25.4,677.0,770.0,15.0,90.0,RUNNING
2024-03-25 11:00:00,ZONE_M02,20.1,51.4,-28.4,655.0,770.0,15.0,90.0,RUNNING
2024-03-25 11:00:00,ZONE_M03,20.5,60.0,-25.3,811.0,770.0,15.0,90.0,RUNNING
2024-03-25 11:00:00,ZONE_B01,19.8,58.6,-26.2,748.0,770.0,15.0,90.0,RUNNING
2024-03-25 11:00:00,ZONE_B02,19.6,60.0,-24.6,834.0,770.0,15.0,90.0,RUNNING
2024-03-25 12:00:00,ZONE_M01,20.0,60.0,-25.9,900.0,770.0,15.0,90.0,RUNNING
2024-03-25 12:00:00,ZONE_M02,19.9,50.1,-25.6,581.0,770.0,15.0,90.0,RUNNING
2024-03-25 12:00:00,ZONE_M03,19.4,60.0,-25.9,799.0,770.0,15.0,90.0,RUNNING
2024-03-25 12:00:00,ZONE_B01,20.4,57.3,-26.8,780.0,770.0,15.0,90.0,RUNNING
2024-03-25 12:00:00,ZONE_B02,19.6,60.0,-19.6,773.0,770.0,15.0,90.0,RUNNING
2024-03-25 13:00:00,ZONE_M01,21.0,55.3,-22.4,693.0,770.0,15.0,90.0,RUNNING
2024-03-25 13:00:00,ZONE_M02,20.1,51.2,-25.3,629.0,770.0,15.0,90.0,RUNNING
2024-03-25 13:00:00,ZONE_M03,20.0,60.0,-25.7,878.0,770.0,15.0,90.0,RUNNING
2024-03-25 13:00:00,ZONE_B01,19.9,60.0,-23.2,836.0,770.0,15.0,90.0,RUNNING
2024-03-25 13:00:00,ZONE_B02,19.5,58.0,-26.1,719.0,770.0,15.0,90.0,RUNNING
2024-03-25 14:00:00,ZONE_M01,20.7,60.0,-22.8,914.0,770.0,15.0,90.0,RUNNING
2024-03-25 14:00:00,ZONE_M02,20.0,54.0,-28.0,719.0,770.0,15.0,90.0,RUNNING
2024-03-25 14:00:00,ZONE_M03,19.9,49.7,-25.2,642.0,770.0,15.0,90.0,RUNNING
2024-03-25 14:00:00,ZONE_B01,20.3,60.0,-25.5,757.0,770.0,15.0,90.0,RUNNING
2024-03-25 14:00:00,ZONE_B02,19.5,60.0,-26.1,839.0,770.0,15.0,90.0,RUNNING
2024-03-25 15:00:00,ZONE_M01,19.9,54.2,-27.5,672.0,770.0,15.0,90.0,RUNNING
2024-03-25 15:00:00,ZONE_M02,21.0,60.0,-24.7,801.0,770.0,15.0,90.0,RUNNING
2024-03-25 15:00:00,ZONE_M03,20.5,46.9,-25.7,632.0,770.0,15.0,90.0,RUNNING
2024-03-25 15:00:00,ZONE_B01,20.5,60.0,-24.5,748.0,770.0,15.0,90.0,RUNNING
2024-03-25 15:00:00,ZONE_B02,20.2,60.0,-26.6,878.0,770.0,15.0,90.0,RUNNING
2024-03-25 16:00:00,ZONE_M01,20.3,60.0,-21.5,906.0,770.0,15.0,90.0,RUNNING
2024-03-25 16:00:00,ZONE_M02,20.4,60.0,-25.1,730.0,770.0,15.0,90.0,RUNNING
2024-03-25 16:00:00,ZONE_M03,19.5,53.1,-23.3,708.0,770.0,15.0,90.0,RUNNING
2024-03-25 16:00:00,ZONE_B01,19.3,60.0,-21.8,843.0,770.0,15.0,90.0,RUNNING
2024-03-25 16:00:00,ZONE_B02,18.9,52.3,-26.0,639.0,770.0,15.0,90.0,RUNNING
2024-03-25 17:00:00,ZONE_M01,19.9,57.1,-24.8,731.0,770.0,15.0,90.0,RUNNING
2024-03-25 17:00:00,ZONE_M02,20.1,56.4,-21.0,774.0,770.0,15.0,90.0,RUNNING
2024-03-25 17:00:00,ZONE_M03,20.7,60.0,-27.3,781.0,770.0,15.0,90.0,RUNNING
2024-03-25 17:00:00,ZONE_B01,19.9,60.0,-26.1,894.0,770.0,15.0,90.0,RUNNING
2024-03-25 17:00:00,ZONE_B02,20.2,54.0,-24.8,709.0,770.0,15.0,90.0,RUNNING
2024-03-25 18:00:00,ZONE_M01,20.7,57.1,-24.5,763.0,770.0,15.0,90.0,RUNNING
2024-03-25 18:00:00,ZONE_M02,20.6,59.1,-26.0,758.0,770.0,15.0,90.0,RUNNING
2024-03-25 18:00:00,ZONE_M03,19.8,52.8,-28.0,721.0,770.0,15.0,90.0,RUNNING
2024-03-25 18:00:00,ZONE_B01,20.8,60.0,-24.4,840.0,770.0,15.0,90.0,RUNNING
2024-03-25 18:00:00,ZONE_B02,20.9,52.4,-25.8,696.0,770.0,15.0,90.0,RUNNING
2024-03-25 19:00:00,ZONE_M01,19.6,59.6,-25.0,789.0,770.0,15.0,90.0,RUNNING
2024-03-25 19:00:00,ZONE_M02,20.2,55.7,-23.3,768.0,770.0,15.0,90.0,RUNNING
2024-03-25 19:00:00,ZONE_M03,20.4,57.3,-22.0,704.0,770.0,15.0,90.0,RUNNING
2024-03-25 19:00:00,ZONE_B01,20.4,60.0,-24.6,791.0,770.0,15.0,90.0,RUNNING
2024-03-25 19:00:00,ZONE_B02,19.9,55.2,-24.1,764.0,770.0,15.0,90.0,RUNNING
2024-03-25 20:00:00,ZONE_M01,20.1,60.0,-20.0,842.0,770.0,15.0,90.0,RUNNING
2024-03-25 20:00:00,ZONE_M02,19.5,50.4,-21.7,650.0,770.0,15.0,90.0,RUNNING
2024-03-25 20:00:00,ZONE_M03,20.1,57.6,-25.5,736.0,770.0,15.0,90.0,RUNNING
2024-03-25 20:00:00,ZONE_B01,19.9,57.5,-24.7,813.0,770.0,15.0,90.0,RUNNING
2024-03-25 20:00:00,ZONE_B02,20.0,60.0,-25.5,763.0,770.0,15.0,90.0,RUNNING
2024-03-25 21:00:00,ZONE_M01,19.5,60.0,-22.1,713.0,770.0,15.0,90.0,RUNNING
2024-03-25 21:00:00,ZONE_M02,20.0,54.8,-21.9,685.0,770.0,15.0,90.0,RUNNING
2024-03-25 21:00:00,ZONE_M03,19.2,59.2,-20.9,698.0,770.0,15.0,90.0,RUNNING
2024-03-25 21:00:00,ZONE_B01,20.0,58.2,-25.4,678.0,770.0,15.0,90.0,RUNNING
2024-03-25 21:00:00,ZONE_B02,20.3,53.7,-27.7,628.0,770.0,15.0,90.0,RUNNING
2024-03-25 22:00:00,ZONE_M01,20.3,54.5,-23.3,660.0,770.0,15.0,90.0,RUNNING
2024-03-25 22:00:00,ZONE_M02,19.8,46.1,-23.6,573.0,770.0,15.0,90.0,RUNNING
2024-03-25 22:00:00,ZONE_M03,19.5,60.0,-27.2,957.0,770.0,15.0,90.0,RUNNING
2024-03-25 22:00:00,ZONE_B01,20.7,55.3,-22.4,730.0,770.0,15.0,90.0,RUNNING
2024-03-25 22:00:00,ZONE_B02,19.5,56.6,-24.0,636.0,770.0,15.0,90.0,RUNNING
2024-03-25 23:00:00,ZONE_M01,16.4,41.6,-26.4,484.0,770.0,15.0,90.0,RUNNING
2024-03-25 23:00:00,ZONE_M02,16.8,42.3,-20.3,481.0,770.0,15.0,90.0,RUNNING
2024-03-25 23:00:00,ZONE_M03,15.7,38.4,-21.9,446.0,770.0,15.0,90.0,RUNNING
2024-03-25 23:00:00,ZONE_B01,15.7,39.0,-27.2,431.0,770.0,15.0,90.0,RUNNING
2024-03-25 23:00:00,ZONE_B02,15.5,37.0,-26.5,423.0,770.0,15.0,90.0,RUNNING
2024-03-26 00:00:00,ZONE_M01,16.2,42.4,-21.2,480.0,770.0,15.0,90.0,RUNNING
2024-03-26 00:00:00,ZONE_M02,17.4,37.4,-22.6,473.0,770.0,15.0,90.0,RUNNING
2024-03-26 00:00:00,ZONE_M03,15.1,39.6,-24.7,491.0,770.0,15.0,90.0,RUNNING
2024-03-26 00:00:00,ZONE_B01,15.9,42.9,-23.2,532.0,770.0,15.0,90.0,RUNNING
2024-03-26 00:00:00,ZONE_B02,15.3,36.4,-23.5,427.0,770.0,15.0,90.0,RUNNING
2024-03-26 01:00:00,ZONE_M01,15.8,44.8,-25.0,485.0,770.0,15.0,90.0,RUNNING
2024-03-26 01:00:00,ZONE_M02,15.3,37.5,-28.1,467.0,770.0,15.0,90.0,RUNNING
2024-03-26 01:00:00,ZONE_M03,15.9,36.7,-24.2,457.0,770.0,15.0,90.0,RUNNING
2024-03-26 01:00:00,ZONE_B01,15.7,40.8,-23.8,509.0,770.0,15.0,90.0,RUNNING
2024-03-26 01:00:00,ZONE_B02,16.0,40.1,-23.4,465.0,770.0,15.0,90.0,RUNNING
2024-03-26 02:00:00,ZONE_M01,16.1,47.6,-23.5,525.0,770.0,15.0,90.0,RUNNING
2024-03-26 02:00:00,ZONE_M02,16.2,41.2,-27.2,501.0,770.0,15.0,90.0,RUNNING
2024-03-26 02:00:00,ZONE_M03,15.6,41.7,-26.9,441.0,770.0,15.0,90.0,RUNNING
2024-03-26 02:00:00,ZONE_B01,15.8,43.0,-24.5,507.0,770.0,15.0,90.0,RUNNING
2024-03-26 02:00:00,ZONE_B02,16.3,34.8,-25.9,472.0,770.0,15.0,90.0,RUNNING
2024-03-26 03:00:00,ZONE_M01,16.5,47.1,-21.0,499.0,770.0,15.0,90.0,RUNNING
2024-03-26 03:00:00,ZONE_M02,15.7,36.7,-25.0,446.0,770.0,15.0,90.0,RUNNING
2024-03-26 03:00:00,ZONE_M03,15.7,39.2,-25.7,471.0,770.0,15.0,90.0,RUNNING
2024-03-26 03:00:00,ZONE_B01,16.0,38.1,-22.9,494.0,770.0,15.0,90.0,RUNNING
2024-03-26 03:00:00,ZONE_B02,16.4,47.3,-24.4,489.0,770.0,15.0,90.0,RUNNING
2024-03-26 04:00:00,ZONE_M01,15.7,36.5,-27.8,441.0,770.0,15.0,90.0,RUNNING
2024-03-26 04:00:00,ZONE_M02,16.5,37.4,-23.1,495.0,770.0,15.0,90.0,RUNNING
2024-03-26 04:00:00,ZONE_M03,15.8,36.6,-24.3,444.0,770.0,15.0,90.0,RUNNING
2024-03-26 04:00:00,ZONE_B01,16.0,35.7,-28.7,465.0,770.0,15.0,90.0,RUNNING
2024-03-26 04:00:00,ZONE_B02,17.0,44.8,-22.0,496.0,770.0,15.0,90.0,RUNNING
2024-03-26 05:00:00,ZONE_M01,16.4,40.5,-25.8,511.0,770.0,15.0,90.0,RUNNING
2024-03-26 05:00:00,ZONE_M02,15.4,39.8,-27.9,445.0,770.0,15.0,90.0,RUNNING
2024-03-26 05:00:00,ZONE_M03,15.9,34.0,-25.6,497.0,770.0,15.0,90.0,RUNNING
2024-03-26 05:00:00,ZONE_B01,16.1,42.9,-24.3,538.0,770.0,15.0,90.0,RUNNING
2024-03-26 05:00:00,ZONE_B02,15.5,39.4,-26.0,497.0,770.0,15.0,90.0,RUNNING
2024-03-26 06:00:00,ZONE_M01,19.9,55.2,-22.9,734.0,770.0,15.0,90.0,RUNNING
2024-03-26 06:00:00,ZONE_M02,20.8,54.6,-22.7,720.0,770.0,15.0,90.0,RUNNING
2024-03-26 06:00:00,ZONE_M03,19.6,59.1,-28.4,719.0,770.0,15.0,90.0,RUNNING
2024-03-26 06:00:00,ZONE_B01,19.4,60.0,-27.4,803.0,770.0,15.0,90.0,RUNNING
2024-03-26 06:00:00,ZONE_B02,19.5,49.8,-21.4,698.0,770.0,15.0,90.0,RUNNING
2024-03-26 07:00:00,ZONE_M01,19.6,55.4,-24.8,684.0,770.0,15.0,90.0,RUNNING
2024-03-26 07:00:00,ZONE_M02,19.2,55.6,-27.3,695.0,770.0,15.0,90.0,RUNNING
2024-03-26 07:00:00,ZONE_M03,20.6,60.0,-26.2,798.0,770.0,15.0,90.0,RUNNING
2024-03-26 07:00:00,ZONE_B01,20.4,58.9,-21.8,750.0,770.0,15.0,90.0,RUNNING
2024-03-26 07:00:00,ZONE_B02,20.0,57.8,-27.1,703.0,770.0,15.0,90.0,RUNNING
2024-03-26 08:00:00,ZONE_M01,19.7,60.0,-28.5,833.0,770.0,15.0,90.0,RUNNING
2024-03-26 08:00:00,ZONE_M02,19.9,47.7,-28.1,551.0,770.0,15.0,90.0,RUNNING
2024-03-26 08:00:00,ZONE_M03,20.7,60.0,-25.6,851.0,770.0,15.0,90.0,RUNNING
2024-03-26 08:00:00,ZONE_B01,19.4,47.3,-27.1,535.0,770.0,15.0,90.0,RUNNING
2024-03-26 08:00:00,ZONE_B02,20.2,60.0,-24.4,727.0,770.0,15.0,90.0,RUNNING
2024-03-26 09:00:00,ZONE_M01,20.1,55.3,-22.4,633.0,770.0,15.0,90.0,RUNNING
2024-03-26 09:00:00,ZONE_M02,20.3,60.0,-23.5,728.0,770.0,15.0,90.0,RUNNING
2024-03-26 09:00:00,ZONE_M03,20.4,60.0,-22.0,739.0,770.0,15.0,90.0,RUNNING
2024-03-26 09:00:00,ZONE_B01,19.1,60.0,-21.6,704.0,770.0,15.0,90.0,RUNNING
2024-03-26 09:00:00,ZONE_B02,19.2,43.9,-21.9,564.0,770.0,15.0,90.0,RUNNING
2024-03-26 10:00:00,ZONE_M01,20.1,43.5,-25.1,525.0,770.0,15.0,90.0,RUNNING
2024-03-26 10:00:00,ZONE_M02,20.7,60.0,-24.6,872.0,770.0,15.0,90.0,RUNNING
2024-03-26 10:00:00,ZONE_M03,20.8,52.3,-27.5,639.0,770.0,15.0,90.0,RUNNING
2024-03-26 10:00:00,ZONE_B01,20.2,47.7,-24.4,585.0,770.0,15.0,90.0,RUNNING
2024-03-26 10:00:00,ZONE_B02,20.0,60.0,-25.7,742.0,770.0,15.0,90.0,RUNNING
2024-03-26 11:00:00,ZONE_M01,19.9,59.0,-24.5,713.0,770.0,15.0,90.0,RUNNING
2024-03-26 11:00:00,ZONE_M02,19.4,60.0,-23.8,893.0,770.0,15.0,90.0,RUNNING
2024-03-26 11:00:00,ZONE_M03,20.4,52.2,-29.5,732.0,770.0,15.0,90.0,RUNNING
2024-03-26 11:00:00,ZONE_B01,19.3,59.4,-23.6,663.0,770.0,15.0,90.0,RUNNING
2024-03-26 11:00:00,ZONE_B02,20.5,51.8,-24.9,611.0,770.0,15.0,90.0,RUNNING
2024-03-26 12:00:00,ZONE_M01,20.1,60.0,-26.4,855.0,770.0,15.0,90.0,RUNNING
2024-03-26 12:00:00,ZONE_M02,19.4,54.1,-26.8,621.0,770.0,15.0,90.0,RUNNING
2024-03-26 12:00:00,ZONE_M03,21.2,55.7,-27.9,723.0,770.0,15.0,90.0,RUNNING
2024-03-26 12:00:00,ZONE_B01,20.4,60.0,-22.4,867.0,770.0,15.0,90.0,RUNNING
2024-03-26 12:00:00,ZONE_B02,19.8,57.7,-24.9,740.0,770.0,15.0,90.0,RUNNING
2024-03-26 13:00:00,ZONE_M01,20.1,51.5,-25.5,637.0,770.0,15.0,90.0,RUNNING
2024-03-26 13:00:00,ZONE_M02,19.8,60.0,-23.6,904.0,770.0,15.0,90.0,RUNNING
2024-03-26 13:00:00,ZONE_M03,19.5,60.0,-24.2,848.0,770.0,15.0,90.0,RUNNING
2024-03-26 13:00:00,ZONE_B01,20.4,59.2,-26.4,743.0,770.0,15.0,90.0,RUNNING
2024-03-26 13:00:00,ZONE_B02,19.4,56.1,-22.3,711.0,770.0,15.0,90.0,RUNNING
2024-03-26 14:00:00,ZONE_M01,20.0,53.3,-24.6,727.0,770.0,15.0,90.0,RUNNING
2024-03-26 14:00:00,ZONE_M02,20.3,56.5,-24.8,694.0,770.0,15.0,90.0,RUNNING
2024-03-26 14:00:00,ZONE_M03,19.5,57.4,-22.6,726.0,770.0,15.0,90.0,RUNNING
2024-03-26 14:00:00,ZONE_B01,20.7,58.9,-22.6,747.0,770.0,15.0,90.0,RUNNING
2024-03-26 14:00:00,ZONE_B02,20.2,60.0,-25.5,873.0,770.0,15.0,90.0,RUNNING
2024-03-26 15:00:00,ZONE_M01,20.1,49.3,-26.9,719.0,770.0,15.0,90.0,RUNNING
2024-03-26 15:00:00,ZONE_M02,20.2,60.0,-24.3,857.0,770.0,15.0,90.0,RUNNING
2024-03-26 15:00:00,ZONE_M03,20.0,60.0,-26.2,790.0,770.0,15.0,90.0,RUNNING
2024-03-26 15:00:00,ZONE_B01,20.7,60.0,-23.0,820.0,770.0,15.0,90.0,RUNNING
2024-03-26 15:00:00,ZONE_B02,20.2,57.4,-22.2,754.0,770.0,15.0,90.0,RUNNING
2024-03-26 16:00:00,ZONE_M01,20.1,57.6,-24.0,802.0,770.0,15.0,90.0,RUNNING
2024-03-26 16:00:00,ZONE_M02,19.8,58.6,-24.0,807.0,770.0,15.0,90.0,RUNNING
2024-03-26 16:00:00,ZONE_M03,19.8,59.4,-25.7,745.0,770.0,15.0,90.0,RUNNING
2024-03-26 16:00:00,ZONE_B01,19.3,59.8,-25.1,753.0,770.0,15.0,90.0,RUNNING
2024-03-26 16:00:00,ZONE_B02,19.6,46.3,-23.9,546.0,770.0,15.0,90.0,RUNNING
2024-03-26 17:00:00,ZONE_M01,19.8,50.7,-23.9,676.0,770.0,15.0,90.0,RUNNING
2024-03-26 17:00:00,ZONE_M02,20.3,58.6,-25.7,840.0,770.0,15.0,90.0,RUNNING
2024-03-26 17:00:00,ZONE_M03,19.8,45.6,-21.1,624.0,770.0,15.0,90.0,RUNNING
2024-03-26 17:00:00,ZONE_B01,19.3,60.0,-21.2,854.0,770.0,15.0,90.0,RUNNING
2024-03-26 17:00:00,ZONE_B02,19.9,52.6,-27.9,804.0,770.0,15.0,90.0,RUNNING
2024-03-26 18:00:00,ZONE_M01,20.7,53.5,-22.7,700.0,770.0,15.0,90.0,RUNNING
2024-03-26 18:00:00,ZONE_M02,19.9,50.3,-25.5,617.0,770.0,15.0,90.0,RUNNING
2024-03-26 18:00:00,ZONE_M03,19.9,54.1,-26.4,774.0,770.0,15.0,90.0,RUNNING
2024-03-26 18:00:00,ZONE_B01,20.3,47.5,-23.4,655.0,770.0,15.0,90.0,RUNNING
2024-03-26 18:00:00,ZONE_B02,19.5,57.3,-23.8,645.0,770.0,15.0,90.0,RUNNING
2024-03-26 19:00:00,ZONE_M01,20.4,57.4,-27.5,759.0,770.0,15.0,90.0,RUNNING
2024-03-26 19:00:00,ZONE_M02,20.1,60.0,-25.0,748.0,770.0,15.0,90.0,RUNNING
2024-03-26 19:00:00,ZONE_M03,20.2,58.2,-25.5,694.0,770.0,15.0,90.0,RUNNING
2024-03-26 19:00:00,ZONE_B01,20.2,50.3,-22.7,668.0,770.0,15.0,90.0,RUNNING
2024-03-26 19:00:00,ZONE_B02,19.8,57.6,-23.0,732.0,770.0,15.0,90.0,RUNNING
2024-03-26 20:00:00,ZONE_M01,20.7,54.7,-24.9,744.0,770.0,15.0,90.0,RUNNING
2024-03-26 20:00:00,ZONE_M02,20.5,58.8,-23.2,686.0,770.0,15.0,90.0,RUNNING
2024-03-26 20:00:00,ZONE_M03,19.9,60.0,-27.8,719.0,770.0,15.0,90.0,RUNNING
2024-03-26 20:00:00,ZONE_B01,19.5,43.9,-19.2,523.0,770.0,15.0,90.0,RUNNING
2024-03-26 20:00:00,ZONE_B02,19.4,60.0,-26.4,874.0,770.0,15.0,90.0,RUNNING
2024-03-26 21:00:00,ZONE_M01,20.4,55.8,-25.7,760.0,770.0,15.0,90.0,RUNNING
2024-03-26 21:00:00,ZONE_M02,20.2,60.0,-27.2,812.0,770.0,15.0,90.0,RUNNING
2024-03-26 21:00:00,ZONE_M03,20.3,52.4,-25.5,695.0,770.0,15.0,90.0,RUNNING
2024-03-26 21:00:00,ZONE_B01,20.1,60.0,-28.1,749.0,770.0,15.0,90.0,RUNNING
2024-03-26 21:00:00,ZONE_B02,19.2,54.4,-23.5,673.0,770.0,15.0,90.0,RUNNING
2024-03-26 22:00:00,ZONE_M01,19.2,55.6,-19.5,671.0,770.0,15.0,90.0,RUNNING
2024-03-26 22:00:00,ZONE_M02,19.8,47.4,-25.8,633.0,770.0,15.0,90.0,RUNNING
2024-03-26 22:00:00,ZONE_M03,20.5,60.0,-23.6,790.0,770.0,15.0,90.0,RUNNING
2024-03-26 22:00:00,ZONE_B01,20.3,57.5,-26.0,664.0,770.0,15.0,90.0,RUNNING
2024-03-26 22:00:00,ZONE_B02,20.4,60.0,-25.1,776.0,770.0,15.0,90.0,RUNNING
2024-03-26 23:00:00,ZONE_M01,16.3,36.4,-22.7,423.0,770.0,15.0,90.0,RUNNING
2024-03-26 23:00:00,ZONE_M02,16.5,39.8,-28.2,402.0,770.0,15.0,90.0,RUNNING
2024-03-26 23:00:00,ZONE_M03,15.5,37.2,-21.3,455.0,770.0,15.0,90.0,RUNNING
2024-03-26 23:00:00,ZONE_B01,15.9,39.3,-24.8,488.0,770.0,15.0,90.0,RUNNING
2024-03-26 23:00:00,ZONE_B02,16.5,39.7,-22.4,462.0,770.0,15.0,90.0,RUNNING
2024-03-27 00:00:00,ZONE_M01,16.3,36.3,-26.7,479.0,770.0,15.0,90.0,RUNNING
2024-03-27 00:00:00,ZONE_M02,16.8,35.8,-23.9,438.0,770.0,15.0,90.0,RUNNING
2024-03-27 00:00:00,ZONE_M03,15.6,38.5,-23.5,474.0,770.0,15.0,90.0,RUNNING
2024-03-27 00:00:00,ZONE_B01,16.7,41.4,-21.3,498.0,770.0,15.0,90.0,RUNNING
2024-03-27 00:00:00,ZONE_B02,16.5,41.0,-22.9,467.0,770.0,15.0,90.0,RUNNING
2024-03-27 01:00:00,ZONE_M01,15.3,38.4,-27.3,451.0,770.0,15.0,90.0,RUNNING
2024-03-27 01:00:00,ZONE_M02,15.7,44.2,-24.3,544.0,770.0,15.0,90.0,RUNNING
2024-03-27 01:00:00,ZONE_M03,16.0,43.8,-25.1,471.0,770.0,15.0,90.0,RUNNING
2024-03-27 01:00:00,ZONE_B01,16.0,43.3,-24.8,537.0,770.0,15.0,90.0,RUNNING
2024-03-27 01:00:00,ZONE_B02,15.1,40.6,-25.2,530.0,770.0,15.0,90.0,RUNNING
2024-03-27 02:00:00,ZONE_M01,16.0,30.5,-27.6,400.0,770.0,15.0,90.0,RUNNING
2024-03-27 02:00:00,ZONE_M02,15.7,41.3,-27.8,485.0,770.0,15.0,90.0,RUNNING
2024-03-27 02:00:00,ZONE_M03,16.2,35.1,-22.8,431.0,770.0,15.0,90.0,RUNNING
2024-03-27 02:00:00,ZONE_B01,16.0,38.8,-29.3,381.0,770.0,15.0,90.0,RUNNING
2024-03-27 02:00:00,ZONE_B02,16.0,40.7,-26.6,433.0,770.0,15.0,90.0,RUNNING
2024-03-27 03:00:00,ZONE_M01,16.0,45.7,-25.5,471.0,770.0,15.0,90.0,RUNNING
2024-03-27 03:00:00,ZONE_M02,16.8,39.1,-25.4,438.0,770.0,15.0,90.0,RUNNING
2024-03-27 03:00:00,ZONE_M03,15.6,44.8,-23.1,543.0,770.0,15.0,90.0,RUNNING
2024-03-27 03:00:00,ZONE_B01,15.6,40.9,-25.8,495.0,770.0,15.0,90.0,RUNNING
2024-03-27 03:00:00,ZONE_B02,15.9,40.7,-26.1,438.0,770.0,15.0,90.0,RUNNING
2024-03-27 04:00:00,ZONE_M01,16.1,35.5,-22.2,412.0,770.0,15.0,90.0,RUNNING
2024-03-27 04:00:00,ZONE_M02,15.4,41.1,-27.7,496.0,770.0,15.0,90.0,RUNNING
2024-03-27 04:00:00,ZONE_M03,16.6,45.0,-24.3,477.0,770.0,15.0,90.0,RUNNING
2024-03-27 04:00:00,ZONE_B01,15.9,44.5,-27.1,484.0,770.0,15.0,90.0,RUNNING
2024-03-27 04:00:00,ZONE_B02,16.6,39.7,-20.3,458.0,770.0,15.0,90.0,RUNNING
2024-03-27 05:00:00,ZONE_M01,16.8,39.9,-26.6,462.0,770.0,15.0,90.0,RUNNING
2024-03-27 05:00:00,ZONE_M02,16.8,35.0,-23.6,449.0,770.0,15.0,90.0,RUNNING
2024-03-27 05:00:00,ZONE_M03,15.8,41.6,-25.5,483.0,770.0,15.0,90.0,RUNNING
2024-03-27 05:00:00,ZONE_B01,16.5,33.8,-24.1,502.0,770.0,15.0,90.0,RUNNING
2024-03-27 05:00:00,ZONE_B02,15.4,37.7,-26.8,461.0,770.0,15.0,90.0,RUNNING
2024-03-27 06:00:00,ZONE_M01,20.0,60.0,-24.3,801.0,770.0,15.0,90.0,RUNNING
2024-03-27 06:00:00,ZONE_M02,19.9,57.0,-24.4,781.0,770.0,15.0,90.0,RUNNING
2024-03-27 06:00:00,ZONE_M03,20.0,58.4,-27.8,727.0,770.0,15.0,90.0,RUNNING
2024-03-27 06:00:00,ZONE_B01,20.5,60.0,-23.1,892.0,770.0,15.0,90.0,RUNNING
2024-03-27 06:00:00,ZONE_B02,19.4,60.0,-23.1,719.0,770.0,15.0,90.0,RUNNING
2024-03-27 07:00:00,ZONE_M01,19.9,60.0,-24.4,871.0,770.0,15.0,90.0,RUNNING
2024-03-27 07:00:00,ZONE_M02,19.8,53.9,-26.7,708.0,770.0,15.0,90.0,RUNNING
2024-03-27 07:00:00,ZONE_M03,20.2,57.5,-24.7,788.0,770.0,15.0,90.0,RUNNING
2024-03-27 07:00:00,ZONE_B01,20.0,56.9,-28.0,745.0,770.0,15.0,90.0,RUNNING
2024-03-27 07:00:00,ZONE_B02,19.6,48.6,-21.4,643.0,770.0,15.0,90.0,RUNNING
2024-03-27 08:00:00,ZONE_M01,19.5,60.0,-23.8,902.0,770.0,15.0,90.0,RUNNING
2024-03-27 08:00:00,ZONE_M02,20.6,56.3,-22.9,757.0,770.0,15.0,90.0,RUNNING
2024-03-27 08:00:00,ZONE_M03,19.7,51.2,-27.1,710.0,770.0,15.0,90.0,RUNNING
2024-03-27 08:00:00,ZONE_B01,19.1,54.5,-21.3,727.0,770.0,15.0,90.0,RUNNING
2024-03-27 08:00:00,ZONE_B02,19.3,60.0,-25.5,799.0,770.0,15.0,90.0,RUNNING
2024-03-27 09:00:00,ZONE_M01,19.8,56.2,-26.4,668.0,770.0,15.0,90.0,RUNNING
2024-03-27 09:00:00,ZONE_M02,19.6,49.7,-23.4,707.0,770.0,15.0,90.0,RUNNING
2024-03-27 09:00:00,ZONE_M03,20.3,60.0,-22.0,764.0,770.0,15.0,90.0,RUNNING
2024-03-27 09:00:00,ZONE_B01,20.1,60.0,-28.9,861.0,770.0,15.0,90.0,RUNNING
2024-03-27 09:00:00,ZONE_B02,19.6,60.0,-24.4,887.0,770.0,15.0,90.0,RUNNING
2024-03-27 10:00:00,ZONE_M01,19.9,57.1,-22.0,743.0,770.0,15.0,90.0,RUNNING
2024-03-27 10:00:00,ZONE_M02,19.3,48.7,-28.7,616.0,770.0,15.0,90.0,RUNNING
2024-03-27 10:00:00,ZONE_M03,18.9,55.6,-25.3,713.0,770.0,15.0,90.0,RUNNING
2024-03-27 10:00:00,ZONE_B01,19.7,59.2,-26.5,759.0,770.0,15.0,90.0,RUNNING
2024-03-27 10:00:00,ZONE_B02,19.5,52.9,-29.7,648.0,770.0,15.0,90.0,RUNNING
2024-03-27 11:00:00,ZONE_M01,20.0,46.9,-23.9,628.0,770.0,15.0,90.0,RUNNING
2024-03-27 11:00:00,ZONE_M02,19.2,60.0,-25.7,862.0,770.0,15.0,90.0,RUNNING
2024-03-27 11:00:00,ZONE_M03,19.2,46.5,-22.3,585.0,770.0,15.0,90.0,RUNNING
2024-03-27 11:00:00,ZONE_B01,20.3,54.9,-26.4,691.0,770.0,15.0,90.0,RUNNING
2024-03-27 11:00:00,ZONE_B02,20.3,45.5,-24.5,624.0,770.0,15.0,90.0,RUNNING
2024-03-27 12:00:00,ZONE_M01,20.6,57.7,-25.7,752.0,770.0,15.0,90.0,RUNNING
2024-03-27 12:00:00,ZONE_M02,20.1,60.0,-27.6,940.0,770.0,15.0,90.0,RUNNING
2024-03-27 12:00:00,ZONE_M03,19.9,60.0,-26.6,885.0,770.0,15.0,90.0,RUNNING
2024-03-27 12:00:00,ZONE_B01,20.0,60.0,-22.3,758.0,770.0,15.0,90.0,RUNNING
2024-03-27 12:00:00,ZONE_B02,19.2,55.7,-24.5,632.0,770.0,15.0,90.0,RUNNING
2024-03-27 13:00:00,ZONE_M01,19.4,44.0,-26.2,540.0,770.0,15.0,90.0,RUNNING
2024-03-27 13:00:00,ZONE_M02,19.1,60.0,-23.0,984.0,770.0,15.0,90.0,RUNNING
2024-03-27 13:00:00,ZONE_M03,20.0,60.0,-26.1,860.0,770.0,15.0,90.0,RUNNING
2024-03-27 13:00:00,ZONE_B01,20.9,60.0,-28.9,869.0,770.0,15.0,90.0,RUNNING
2024-03-27 13:00:00,ZONE_B02,19.6,60.0,-23.6,821.0,770.0,15.0,90.0,RUNNING
2024-03-27 14:00:00,ZONE_M01,19.7,55.7,-24.0,784.0,770.0,15.0,90.0,RUNNING
2024-03-27 14:00:00,ZONE_M02,19.8,60.0,-25.6,770.0,770.0,15.0,90.0,RUNNING
2024-03-27 14:00:00,ZONE_M03,20.3,52.6,-25.3,599.0,770.0,15.0,90.0,RUNNING
2024-03-27 14:00:00,ZONE_B01,19.3,45.0,-25.2,606.0,770.0,15.0,90.0,RUNNING
2024-03-27 14:00:00,ZONE_B02,19.4,51.3,-25.2,676.0,770.0,15.0,90.0,RUNNING
2024-03-27 15:00:00,ZONE_M01,19.9,57.7,-25.5,704.0,770.0,15.0,90.0,RUNNING
2024-03-27 15:00:00,ZONE_M02,19.7,60.0,-24.9,855.0,770.0,15.0,90.0,RUNNING
2024-03-27 15:00:00,ZONE_M03,20.6,53.8,-22.3,759.0,770.0,15.0,90.0,RUNNING
2024-03-27 15:00:00,ZONE_B01,19.9,60.0,-26.1,848.0,770.0,15.0,90.0,RUNNING
2024-03-27 15:00:00,ZONE_B02,20.3,53.1,-26.3,633.0,770.0,15.0,90.0,RUNNING
2024-03-27 16:00:00,ZONE_M01,20.6,56.9,-25.3,755.0,770.0,15.0,90.0,RUNNING
2024-03-27 16:00:00,ZONE_M02,20.1,53.4,-23.4,676.0,770.0,15.0,90.0,RUNNING
2024-03-27 16:00:00,ZONE_M03,20.4,51.6,-24.7,714.0,770.0,15.0,90.0,RUNNING
2024-03-27 16:00:00,ZONE_B01,20.6,60.0,-27.9,749.0,770.0,15.0,90.0,RUNNING
2024-03-27 16:00:00,ZONE_B02,19.6,60.0,-23.9,767.0,770.0,15.0,90.0,RUNNING
2024-03-27 17:00:00,ZONE_M01,20.8,60.0,-18.4,793.0,770.0,15.0,90.0,RUNNING
2024-03-27 17:00:00,ZONE_M02,19.9,58.6,-23.1,748.0,770.0,15.0,90.0,RUNNING
2024-03-27 17:00:00,ZONE_M03,19.4,58.9,-26.2,751.0,770.0,15.0,90.0,RUNNING
2024-03-27 17:00:00,ZONE_B01,19.4,56.4,-25.2,696.0,770.0,15.0,90.0,RUNNING
2024-03-27 17:00:00,ZONE_B02,19.7,47.6,-25.5,611.0,770.0,15.0,90.0,RUNNING
2024-03-27 18:00:00,ZONE_M01,19.5,54.4,-27.2,663.0,770.0,15.0,90.0,RUNNING
2024-03-27 18:00:00,ZONE_M02,19.9,58.0,-28.1,728.0,770.0,15.0,90.0,RUNNING
2024-03-27 18:00:00,ZONE_M03,19.7,53.8,-27.0,643.0,770.0,15.0,90.0,RUNNING
2024-03-27 18:00:00,ZONE_B01,20.1,60.0,-28.0,895.0,770.0,15.0,90.0,RUNNING
2024-03-27 18:00:00,ZONE_B02,20.5,60.0,-24.3,780.0,770.0,15.0,90.0,RUNNING
2024-03-27 19:00:00,ZONE_M01,20.0,52.0,-24.0,690.0,770.0,15.0,90.0,RUNNING
2024-03-27 19:00:00,ZONE_M02,20.4,60.0,-23.5,808.0,770.0,15.0,90.0,RUNNING
2024-03-27 19:00:00,ZONE_M03,19.6,55.8,-23.8,743.0,770.0,15.0,90.0,RUNNING
2024-03-27 19:00:00,ZONE_B01,19.7,60.0,-26.9,903.0,770.0,15.0,90.0,RUNNING
2024-03-27 19:00:00,ZONE_B02,20.7,54.1,-22.7,676.0,770.0,15.0,90.0,RUNNING
2024-03-27 20:00:00,ZONE_M01,19.1,59.4,-23.7,734.0,770.0,15.0,90.0,RUNNING
2024-03-27 20:00:00,ZONE_M02,19.3,58.2,-23.1,722.0,770.0,15.0,90.0,RUNNING
2024-03-27 20:00:00,ZONE_M03,19.2,55.2,-22.8,728.0,770.0,15.0,90.0,RUNNING
2024-03-27 20:00:00,ZONE_B01,19.9,59.0,-22.5,787.0,770.0,15.0,90.0,RUNNING
2024-03-27 20:00:00,ZONE_B02,20.3,60.0,-23.6,826.0,770.0,15.0,90.0,RUNNING
2024-03-27 21:00:00,ZONE_M01,19.5,50.0,-25.2,705.0,770.0,15.0,90.0,RUNNING
2024-03-27 21:00:00,ZONE_M02,19.8,60.0,-25.6,759.0,770.0,15.0,90.0,RUNNING
2024-03-27 21:00:00,ZONE_M03,20.5,57.4,-28.7,689.0,770.0,15.0,90.0,RUNNING
2024-03-27 21:00:00,ZONE_B01,20.3,60.0,-19.7,730.0,770.0,15.0,90.0,RUNNING
2024-03-27 21:00:00,ZONE_B02,20.2,57.1,-25.2,708.0,770.0,15.0,90.0,RUNNING
2024-03-27 22:00:00,ZONE_M01,20.0,57.5,-24.0,698.0,770.0,15.0,90.0,RUNNING
2024-03-27 22:00:00,ZONE_M02,19.6,60.0,-25.6,886.0,770.0,15.0,90.0,RUNNING
2024-03-27 22:00:00,ZONE_M03,20.0,60.0,-25.9,802.0,770.0,15.0,90.0,RUNNING
2024-03-27 22:00:00,ZONE_B01,19.8,59.5,-23.7,638.0,770.0,15.0,90.0,RUNNING
2024-03-27 22:00:00,ZONE_B02,19.2,59.4,-24.3,748.0,770.0,15.0,90.0,RUNNING
2024-03-27 23:00:00,ZONE_M01,15.6,43.6,-24.6,511.0,770.0,15.0,90.0,RUNNING
2024-03-27 23:00:00,ZONE_M02,15.7,38.0,-23.9,473.0,770.0,15.0,90.0,RUNNING
2024-03-27 23:00:00,ZONE_M03,16.0,44.0,-24.0,524.0,770.0,15.0,90.0,RUNNING
2024-03-27 23:00:00,ZONE_B01,16.5,42.5,-27.4,488.0,770.0,15.0,90.0,RUNNING
2024-03-27 23:00:00,ZONE_B02,16.9,42.1,-22.5,495.0,770.0,15.0,90.0,RUNNING
2024-03-28 00:00:00,ZONE_M01,16.0,42.5,-23.2,530.0,770.0,15.0,90.0,RUNNING
2024-03-28 00:00:00,ZONE_M02,15.5,37.4,-24.3,463.0,770.0,15.0,90.0,RUNNING
2024-03-28 00:00:00,ZONE_M03,17.1,37.9,-27.8,473.0,770.0,15.0,90.0,RUNNING
2024-03-28 00:00:00,ZONE_B01,15.7,38.5,-22.1,514.0,770.0,15.0,90.0,RUNNING
2024-03-28 00:00:00,ZONE_B02,16.3,41.2,-27.8,485.0,770.0,15.0,90.0,RUNNING
2024-03-28 01:00:00,ZONE_M01,16.7,36.6,-24.7,481.0,770.0,15.0,90.0,RUNNING
2024-03-28 01:00:00,ZONE_M02,16.4,40.0,-22.0,503.0,770.0,15.0,90.0,RUNNING
2024-03-28 01:00:00,ZONE_M03,16.3,36.9,-24.9,502.0,770.0,15.0,90.0,RUNNING
2024-03-28 01:00:00,ZONE_B01,16.3,41.5,-24.7,473.0,770.0,15.0,90.0,RUNNING
2024-03-28 01:00:00,ZONE_B02,16.0,28.6,-22.4,439.0,770.0,15.0,90.0,RUNNING
2024-03-28 02:00:00,ZONE_M01,15.9,41.7,-23.9,451.0,770.0,15.0,90.0,RUNNING
2024-03-28 02:00:00,ZONE_M02,15.4,43.1,-28.3,454.0,770.0,15.0,90.0,RUNNING
2024-03-28 02:00:00,ZONE_M03,16.4,33.8,-27.1,423.0,770.0,15.0,90.0,RUNNING
2024-03-28 02:00:00,ZONE_B01,15.5,40.0,-24.5,498.0,770.0,15.0,90.0,RUNNING
2024-03-28 02:00:00,ZONE_B02,16.7,40.2,-29.1,444.0,770.0,15.0,90.0,RUNNING
2024-03-28 03:00:00,ZONE_M01,16.5,40.6,-25.7,466.0,770.0,15.0,90.0,RUNNING
2024-03-28 03:00:00,ZONE_M02,15.0,43.2,-23.7,486.0,770.0,15.0,90.0,RUNNING
2024-03-28 03:00:00,ZONE_M03,15.5,42.8,-26.4,482.0,770.0,15.0,90.0,RUNNING
2024-03-28 03:00:00,ZONE_B01,15.6,46.8,-18.5,507.0,770.0,15.0,90.0,RUNNING
2024-03-28 03:00:00,ZONE_B02,16.6,33.1,-27.5,441.0,770.0,15.0,90.0,RUNNING
2024-03-28 04:00:00,ZONE_M01,15.6,43.8,-27.2,491.0,770.0,15.0,90.0,RUNNING
2024-03-28 04:00:00,ZONE_M02,15.5,40.7,-25.5,472.0,770.0,15.0,90.0,RUNNING
2024-03-28 04:00:00,ZONE_M03,15.9,44.8,-26.3,485.0,770.0,15.0,90.0,RUNNING
2024-03-28 04:00:00,ZONE_B01,16.3,36.7,-23.9,449.0,770.0,15.0,90.0,RUNNING
2024-03-28 04:00:00,ZONE_B02,15.1,45.4,-22.3,480.0,770.0,15.0,90.0,RUNNING
2024-03-28 05:00:00,ZONE_M01,16.1,38.9,-25.3,463.0,770.0,15.0,90.0,RUNNING
2024-03-28 05:00:00,ZONE_M02,15.8,43.4,-28.1,467.0,770.0,15.0,90.0,RUNNING
2024-03-28 05:00:00,ZONE_M03,15.8,40.4,-27.4,440.0,770.0,15.0,90.0,RUNNING
2024-03-28 05:00:00,ZONE_B01,15.2,35.6,-23.8,479.0,770.0,15.0,90.0,RUNNING
2024-03-28 05:00:00,ZONE_B02,15.9,39.7,-22.9,502.0,770.0,15.0,90.0,RUNNING
2024-03-28 06:00:00,ZONE_M01,20.2,60.0,-25.5,865.0,770.0,15.0,90.0,RUNNING
2024-03-28 06:00:00,ZONE_M02,20.0,58.6,-24.0,839.0,770.0,15.0,90.0,RUNNING
2024-03-28 06:00:00,ZONE_M03,19.9,49.9,-24.0,756.0,770.0,15.0,90.0,RUNNING
2024-03-28 06:00:00,ZONE_B01,20.9,57.5,-23.7,855.0,770.0,15.0,90.0,RUNNING
2024-03-28 06:00:00,ZONE_B02,19.8,56.9,-25.6,724.0,770.0,15.0,90.0,RUNNING
2024-03-28 07:00:00,ZONE_M01,19.7,49.5,-23.3,712.0,770.0,15.0,90.0,RUNNING
2024-03-28 07:00:00,ZONE_M02,20.6,44.6,-25.2,681.0,770.0,15.0,90.0,RUNNING
2024-03-28 07:00:00,ZONE_M03,20.3,60.0,-26.3,802.0,770.0,15.0,90.0,RUNNING
2024-03-28 07:00:00,ZONE_B01,19.7,59.4,-23.5,767.0,770.0,15.0,90.0,RUNNING
2024-03-28 07:00:00,ZONE_B02,20.2,57.4,-22.5,726.0,770.0,15.0,90.0,RUNNING
2024-03-28 08:00:00,ZONE_M01,19.7,53.8,-22.8,721.0,770.0,15.0,90.0,RUNNING
2024-03-28 08:00:00,ZONE_M02,19.6,60.0,-25.2,784.0,770.0,15.0,90.0,RUNNING
2024-03-28 08:00:00,ZONE_M03,19.7,47.0,-24.1,661.0,770.0,15.0,90.0,RUNNING
2024-03-28 08:00:00,ZONE_B01,20.3,56.0,-26.3,703.0,770.0,15.0,90.0,RUNNING
2024-03-28 08:00:00,ZONE_B02,20.0,50.0,-25.3,640.0,770.0,15.0,90.0,RUNNING
2024-03-28 09:00:00,ZONE_M01,20.0,60.0,-24.6,836.0,770.0,15.0,90.0,RUNNING
2024-03-28 09:00:00,ZONE_M02,20.1,55.3,-23.3,747.0,770.0,15.0,90.0,RUNNING
2024-03-28 09:00:00,ZONE_M03,19.7,52.6,-25.2,698.0,770.0,15.0,90.0,RUNNING
2024-03-28 09:00:00,ZONE_B01,20.7,49.8,-25.2,654.0,770.0,15.0,90.0,RUNNING
2024-03-28 09:00:00,ZONE_B02,19.9,54.2,-25.3,721.0,770.0,15.0,90.0,RUNNING
2024-03-28 10:00:00,ZONE_M01,20.9,59.6,-27.3,714.0,770.0,15.0,90.0,RUNNING
2024-03-28 10:00:00,ZONE_M02,20.0,60.0,-22.7,820.0,770.0,15.0,90.0,RUNNING
2024-03-28 10:00:00,ZONE_M03,20.4,60.0,-24.6,916.0,770.0,15.0,90.0,RUNNING
2024-03-28 10:00:00,ZONE_B01,19.2,56.4,-28.6,724.0,770.0,15.0,90.0,RUNNING
2024-03-28 10:00:00,ZONE_B02,19.9,60.0,-23.6,897.0,770.0,15.0,90.0,RUNNING
2024-03-28 11:00:00,ZONE_M01,19.7,53.5,-27.7,733.0,770.0,15.0,90.0,RUNNING
2024-03-28 11:00:00,ZONE_M02,20.3,53.9,-31.0,654.0,770.0,15.0,90.0,RUNNING
2024-03-28 11:00:00,ZONE_M03,20.8,60.0,-25.6,895.0,770.0,15.0,90.0,RUNNING
2024-03-28 11:00:00,ZONE_B01,19.8,60.0,-23.7,805.0,770.0,15.0,90.0,RUNNING
2024-03-28 11:00:00,ZONE_B02,20.2,59.1,-23.6,731.0,770.0,15.0,90.0,RUNNING
2024-03-28 12:00:00,ZONE_M01,20.4,60.0,-22.3,977.0,770.0,15.0,90.0,RUNNING
2024-03-28 12:00:00,ZONE_M02,20.2,60.0,-28.9,756.0,770.0,15.0,90.0,RUNNING
2024-03-28 12:00:00,ZONE_M03,20.7,54.1,-26.6,629.0,770.0,15.0,90.0,RUNNING
2024-03-28 12:00:00,ZONE_B01,20.9,57.7,-26.3,698.0,770.0,15.0,90.0,RUNNING
2024-03-28 12:00:00,ZONE_B02,20.1,50.5,-24.3,675.0,770.0,15.0,90.0,RUNNING
2024-03-28 13:00:00,ZONE_M01,19.4,52.2,-25.1,714.0,770.0,15.0,90.0,RUNNING
2024-03-28 13:00:00,ZONE_M02,20.4,53.0,-25.4,704.0,770.0,15.0,90.0,RUNNING
2024-03-28 13:00:00,ZONE_M03,19.8,60.0,-24.6,789.0,770.0,15.0,90.0,RUNNING
2024-03-28 13:00:00,ZONE_B01,19.6,60.0,-23.7,947.0,770.0,15.0,90.0,RUNNING
2024-03-28 13:00:00,ZONE_B02,19.4,60.0,-25.1,848.0,770.0,15.0,90.0,RUNNING
2024-03-28 14:00:00,ZONE_M01,19.2,60.0,-23.0,904.0,770.0,15.0,90.0,RUNNING
2024-03-28 14:00:00,ZONE_M02,20.1,55.7,-25.5,697.0,770.0,15.0,90.0,RUNNING
2024-03-28 14:00:00,ZONE_M03,20.1,60.0,-28.0,824.0,770.0,15.0,90.0,RUNNING
2024-03-28 14:00:00,ZONE_B01,20.5,47.2,-26.0,658.0,770.0,15.0,90.0,RUNNING
2024-03-28 14:00:00,ZONE_B02,20.0,55.8,-24.8,731.0,770.0,15.0,90.0,RUNNING
2024-03-28 15:00:00,ZONE_M01,20.9,60.0,-28.9,814.0,770.0,15.0,90.0,RUNNING
2024-03-28 15:00:00,ZONE_M02,19.6,57.5,-25.2,774.0,770.0,15.0,90.0,RUNNING
2024-03-28 15:00:00,ZONE_M03,20.3,60.0,-24.7,742.0,770.0,15.0,90.0,RUNNING
2024-03-28 15:00:00,ZONE_B01,19.9,60.0,-25.0,935.0,770.0,15.0,90.0,RUNNING
2024-03-28 15:00:00,ZONE_B02,20.4,51.5,-25.8,722.0,770.0,15.0,90.0,RUNNING
2024-03-28 16:00:00,ZONE_M01,20.0,60.0,-21.1,896.0,770.0,15.0,90.0,RUNNING
2024-03-28 16:00:00,ZONE_M02,20.8,53.7,-26.2,687.0,770.0,15.0,90.0,RUNNING
2024-03-28 16:00:00,ZONE_M03,20.5,55.5,-22.2,691.0,770.0,15.0,90.0,RUNNING
2024-03-28 16:00:00,ZONE_B01,20.8,59.0,-23.6,797.0,770.0,15.0,90.0,RUNNING
2024-03-28 16:00:00,ZONE_B02,20.3,56.0,-25.2,759.0,770.0,15.0,90.0,RUNNING
2024-03-28 17:00:00,ZONE_M01,19.7,60.0,-21.2,885.0,770.0,15.0,90.0,RUNNING
2024-03-28 17:00:00,ZONE_M02,20.0,58.8,-22.8,806.0,770.0,15.0,90.0,RUNNING
2024-03-28 17:00:00,ZONE_M03,19.9,60.0,-23.9,805.0,770.0,15.0,90.0,RUNNING
2024-03-28 17:00:00,ZONE_B01,19.6,55.9,-23.4,634.0,770.0,15.0,90.0,RUNNING
2024-03-28 17:00:00,ZONE_B02,20.3,46.3,-27.7,593.0,770.0,15.0,90.0,RUNNING
2024-03-28 18:00:00,ZONE_M01,20.4,53.1,-26.4,545.0,770.0,15.0,90.0,RUNNING
2024-03-28 18:00:00,ZONE_M02,20.6,59.2,-24.5,746.0,770.0,15.0,90.0,RUNNING
2024-03-28 18:00:00,ZONE_M03,19.7,57.0,-27.7,761.0,770.0,15.0,90.0,RUNNING
2024-03-28 18:00:00,ZONE_B01,19.8,60.0,-24.4,844.0,770.0,15.0,90.0,RUNNING
2024-03-28 18:00:00,ZONE_B02,19.8,60.0,-23.7,776.0,770.0,15.0,90.0,RUNNING
2024-03-28 19:00:00,ZONE_M01,18.9,55.6,-25.9,709.0,770.0,15.0,90.0,RUNNING
2024-03-28 19:00:00,ZONE_M02,20.1,60.0,-26.3,818.0,770.0,15.0,90.0,RUNNING
2024-03-28 19:00:00,ZONE_M03,19.9,56.0,-28.0,729.0,770.0,15.0,90.0,RUNNING
2024-03-28 19:00:00,ZONE_B01,20.5,59.7,-23.1,706.0,770.0,15.0,90.0,RUNNING
2024-03-28 19:00:00,ZONE_B02,19.8,58.6,-23.1,780.0,770.0,15.0,90.0,RUNNING
2024-03-28 20:00:00,ZONE_M01,19.7,46.1,-23.6,591.0,770.0,15.0,90.0,RUNNING
2024-03-28 20:00:00,ZONE_M02,20.7,60.0,-26.6,765.0,770.0,15.0,90.0,RUNNING
2024-03-28 20:00:00,ZONE_M03,20.0,60.0,-25.4,775.0,770.0,15.0,90.0,RUNNING
2024-03-28 20:00:00,ZONE_B01,19.4,56.0,-23.0,732.0,770.0,15.0,90.0,RUNNING
2024-03-28 20:00:00,ZONE_B02,19.5,44.4,-29.0,530.0,770.0,15.0,90.0,RUNNING
2024-03-28 21:00:00,ZONE_M01,19.8,47.5,-26.7,581.0,770.0,15.0,90.0,RUNNING
2024-03-28 21:00:00,ZONE_M02,20.3,48.4,-25.3,577.0,770.0,15.0,90.0,RUNNING
2024-03-28 21:00:00,ZONE_M03,19.5,51.9,-26.3,639.0,770.0,15.0,90.0,RUNNING
2024-03-28 21:00:00,ZONE_B01,20.4,59.0,-21.8,756.0,770.0,15.0,90.0,RUNNING
2024-03-28 21:00:00,ZONE_B02,19.9,60.0,-24.6,928.0,770.0,15.0,90.0,RUNNING
2024-03-28 22:00:00,ZONE_M01,19.2,56.0,-27.4,801.0,770.0,15.0,90.0,RUNNING
2024-03-28 22:00:00,ZONE_M02,19.7,52.0,-24.5,690.0,770.0,15.0,90.0,RUNNING
2024-03-28 22:00:00,ZONE_M03,19.3,52.4,-24.4,593.0,770.0,15.0,90.0,RUNNING
2024-03-28 22:00:00,ZONE_B01,19.8,49.6,-24.0,707.0,770.0,15.0,90.0,RUNNING
2024-03-28 22:00:00,ZONE_B02,20.4,60.0,-26.2,811.0,770.0,15.0,90.0,RUNNING
2024-03-28 23:00:00,ZONE_M01,15.4,42.6,-24.3,491.0,770.0,15.0,90.0,RUNNING
2024-03-28 23:00:00,ZONE_M02,16.3,37.5,-24.5,484.0,770.0,15.0,90.0,RUNNING
2024-03-28 23:00:00,ZONE_M03,15.9,38.7,-21.3,466.0,770.0,15.0,90.0,RUNNING
2024-03-28 23:00:00,ZONE_B01,16.8,40.3,-22.1,462.0,770.0,15.0,90.0,RUNNING
2024-03-28 23:00:00,ZONE_B02,16.2,37.4,-25.3,467.0,770.0,15.0,90.0,RUNNING
2024-03-29 00:00:00,ZONE_M01,14.6,41.6,-22.3,540.0,770.0,15.0,90.0,RUNNING
2024-03-29 00:00:00,ZONE_M02,16.3,42.1,-27.4,486.0,770.0,15.0,90.0,RUNNING
2024-03-29 00:00:00,ZONE_M03,16.6,40.3,-25.8,444.0,770.0,15.0,90.0,RUNNING
2024-03-29 00:00:00,ZONE_B01,16.0,40.3,-25.6,489.0,770.0,15.0,90.0,RUNNING
2024-03-29 00:00:00,ZONE_B02,15.4,41.5,-24.6,492.0,770.0,15.0,90.0,RUNNING
2024-03-29 01:00:00,ZONE_M01,16.5,42.9,-22.4,482.0,770.0,15.0,90.0,RUNNING
2024-03-29 01:00:00,ZONE_M02,16.8,42.7,-25.4,498.0,770.0,15.0,90.0,RUNNING
2024-03-29 01:00:00,ZONE_M03,15.0,36.6,-22.3,470.0,770.0,15.0,90.0,RUNNING
2024-03-29 01:00:00,ZONE_B01,17.1,44.0,-25.8,524.0,770.0,15.0,90.0,RUNNING
2024-03-29 01:00:00,ZONE_B02,16.7,38.8,-26.3,484.0,770.0,15.0,90.0,RUNNING
2024-03-29 02:00:00,ZONE_M01,15.7,37.7,-30.1,459.0,770.0,15.0,90.0,RUNNING
2024-03-29 02:00:00,ZONE_M02,16.5,40.5,-25.9,458.0,770.0,15.0,90.0,RUNNING
2024-03-29 02:00:00,ZONE_M03,15.0,43.9,-25.3,533.0,770.0,15.0,90.0,RUNNING
2024-03-29 02:00:00,ZONE_B01,16.7,39.5,-22.2,510.0,770.0,15.0,90.0,RUNNING
2024-03-29 02:00:00,ZONE_B02,17.0,39.7,-28.5,442.0,770.0,15.0,90.0,RUNNING
2024-03-29 03:00:00,ZONE_M01,16.6,40.2,-20.3,463.0,770.0,15.0,90.0,RUNNING
2024-03-29 03:00:00,ZONE_M02,15.0,30.5,-25.3,519.0,770.0,15.0,90.0,RUNNING
2024-03-29 03:00:00,ZONE_M03,16.0,36.2,-21.3,468.0,770.0,15.0,90.0,RUNNING
2024-03-29 03:00:00,ZONE_B01,16.4,36.4,-22.6,477.0,770.0,15.0,90.0,RUNNING
2024-03-29 03:00:00,ZONE_B02,16.6,39.3,-26.6,443.0,770.0,15.0,90.0,RUNNING
2024-03-29 04:00:00,ZONE_M01,16.0,36.2,-26.7,450.0,770.0,15.0,90.0,RUNNING
2024-03-29 04:00:00,ZONE_M02,16.5,43.2,-26.2,497.0,770.0,15.0,90.0,RUNNING
2024-03-29 04:00:00,ZONE_M03,15.8,40.2,-25.8,474.0,770.0,15.0,90.0,RUNNING
2024-03-29 04:00:00,ZONE_B01,16.1,41.1,-25.8,503.0,770.0,15.0,90.0,RUNNING
2024-03-29 04:00:00,ZONE_B02,15.2,39.8,-22.6,538.0,770.0,15.0,90.0,RUNNING
2024-03-29 05:00:00,ZONE_M01,15.6,42.0,-24.8,468.0,770.0,15.0,90.0,RUNNING
2024-03-29 05:00:00,ZONE_M02,15.3,32.1,-26.2,408.0,770.0,15.0,90.0,RUNNING
2024-03-29 05:00:00,ZONE_M03,16.1,38.1,-27.7,416.0,770.0,15.0,90.0,RUNNING
2024-03-29 05:00:00,ZONE_B01,15.9,42.1,-26.5,504.0,770.0,15.0,90.0,RUNNING
2024-03-29 05:00:00,ZONE_B02,16.5,34.7,-24.8,496.0,770.0,15.0,90.0,RUNNING
2024-03-29 06:00:00,ZONE_M01,20.0,55.3,-24.7,709.0,770.0,15.0,90.0,RUNNING
2024-03-29 06:00:00,ZONE_M02,19.7,60.0,-24.6,899.0,770.0,15.0,90.0,RUNNING
2024-03-29 06:00:00,ZONE_M03,20.0,60.0,-19.3,774.0,770.0,15.0,90.0,RUNNING
2024-03-29 06:00:00,ZONE_B01,19.7,60.0,-27.0,836.0,770.0,15.0,90.0,RUNNING
2024-03-29 06:00:00,ZONE_B02,19.5,55.7,-25.1,731.0,770.0,15.0,90.0,RUNNING
2024-03-29 07:00:00,ZONE_M01,19.8,50.7,-27.1,717.0,770.0,15.0,90.0,RUNNING
2024-03-29 07:00:00,ZONE_M02,19.5,55.4,-26.7,699.0,770.0,15.0,90.0,RUNNING
2024-03-29 07:00:00,ZONE_M03,20.0,60.0,-24.9,732.0,770.0,15.0,90.0,RUNNING
2024-03-29 07:00:00,ZONE_B01,20.3,60.0,-26.7,757.0,770.0,15.0,90.0,RUNNING
2024-03-29 07:00:00,ZONE_B02,18.8,56.5,-28.1,759.0,770.0,15.0,90.0,RUNNING
2024-03-29 08:00:00,ZONE_M01,20.6,60.0,-25.7,827.0,770.0,15.0,90.0,RUNNING
2024-03-29 08:00:00,ZONE_M02,21.2,60.0,-26.5,703.0,770.0,15.0,90.0,RUNNING
2024-03-29 08:00:00,ZONE_M03,19.8,60.0,-24.3,744.0,770.0,15.0,90.0,RUNNING
2024-03-29 08:00:00,ZONE_B01,20.5,53.9,-26.0,759.0,770.0,15.0,90.0,RUNNING
2024-03-29 08:00:00,ZONE_B02,20.7,59.6,-23.0,816.0,770.0,15.0,90.0,RUNNING
2024-03-29 09:00:00,ZONE_M01,20.0,60.0,-25.1,856.0,770.0,15.0,90.0,RUNNING
2024-03-29 09:00:00,ZONE_M02,20.1,60.0,-22.0,781.0,770.0,15.0,90.0,RUNNING
2024-03-29 09:00:00,ZONE_M03,19.7,60.0,-21.5,712.0,770.0,15.0,90.0,RUNNING
2024-03-29 09:00:00,ZONE_B01,19.8,57.3,-25.2,742.0,770.0,15.0,90.0,RUNNING
2024-03-29 09:00:00,ZONE_B02,19.9,60.0,-26.2,729.0,770.0,15.0,90.0,RUNNING
2024-03-29 10:00:00,ZONE_M01,20.6,58.2,-25.2,721.0,770.0,15.0,90.0,RUNNING
2024-03-29 10:00:00,ZONE_M02,20.9,60.0,-21.9,779.0,770.0,15.0,90.0,RUNNING
2024-03-29 10:00:00,ZONE_M03,19.4,46.9,-24.7,591.0,770.0,15.0,90.0,RUNNING
2024-03-29 10:00:00,ZONE_B01,20.2,53.9,-24.2,756.0,770.0,15.0,90.0,RUNNING
2024-03-29 10:00:00,ZONE_B02,20.8,60.0,-26.6,832.0,770.0,15.0,90.0,RUNNING
2024-03-29 11:00:00,ZONE_M01,20.7,44.9,-26.3,547.0,770.0,15.0,90.0,RUNNING
2024-03-29 11:00:00,ZONE_M02,20.1,60.0,-24.3,831.0,770.0,15.0,90.0,RUNNING
2024-03-29 11:00:00,ZONE_M03,20.1,46.8,-26.9,610.0,770.0,15.0,90.0,RUNNING
2024-03-29 11:00:00,ZONE_B01,19.6,60.0,-27.1,862.0,770.0,15.0,90.0,RUNNING
2024-03-29 11:00:00,ZONE_B02,20.7,58.0,-25.1,739.0,770.0,15.0,90.0,RUNNING
2024-03-29 12:00:00,ZONE_M01,20.1,58.3,-26.8,685.0,770.0,15.0,90.0,RUNNING
2024-03-29 12:00:00,ZONE_M02,20.2,60.0,-20.8,720.0,770.0,15.0,90.0,RUNNING
2024-03-29 12:00:00,ZONE_M03,20.2,60.0,-27.4,913.0,770.0,15.0,90.0,RUNNING
2024-03-29 12:00:00,ZONE_B01,19.7,52.8,-20.5,613.0,770.0,15.0,90.0,RUNNING
2024-03-29 12:00:00,ZONE_B02,19.5,57.9,-26.1,729.0,770.0,15.0,90.0,RUNNING
2024-03-29 13:00:00,ZONE_M01,20.0,60.0,-24.7,815.0,770.0,15.0,90.0,RUNNING
2024-03-29 13:00:00,ZONE_M02,20.3,60.0,-27.2,814.0,770.0,15.0,90.0,RUNNING
2024-03-29 13:00:00,ZONE_M03,20.1,56.5,-24.3,743.0,770.0,15.0,90.0,RUNNING
2024-03-29 13:00:00,ZONE_B01,19.9,60.0,-25.1,891.0,770.0,15.0,90.0,RUNNING
2024-03-29 13:00:00,ZONE_B02,19.5,60.0,-24.0,756.0,770.0,15.0,90.0,RUNNING
2024-03-29 14:00:00,ZONE_M01,20.7,55.3,-24.2,724.0,770.0,15.0,90.0,RUNNING
2024-03-29 14:00:00,ZONE_M02,20.1,59.4,-23.7,782.0,770.0,15.0,90.0,RUNNING
2024-03-29 14:00:00,ZONE_M03,19.8,60.0,-23.8,774.0,770.0,15.0,90.0,RUNNING
2024-03-29 14:00:00,ZONE_B01,18.9,60.0,-25.5,856.0,770.0,15.0,90.0,RUNNING
2024-03-29 14:00:00,ZONE_B02,21.3,59.5,-28.8,783.0,770.0,15.0,90.0,RUNNING
2024-03-29 15:00:00,ZONE_M01,20.5,50.6,-26.5,634.0,770.0,15.0,90.0,RUNNING
2024-03-29 15:00:00,ZONE_M02,20.1,60.0,-24.9,749.0,770.0,15.0,90.0,RUNNING
2024-03-29 15:00:00,ZONE_M03,20.6,60.0,-23.3,779.0,770.0,15.0,90.0,RUNNING
2024-03-29 15:00:00,ZONE_B01,20.5,52.2,-21.8,626.0,770.0,15.0,90.0,RUNNING
2024-03-29 15:00:00,ZONE_B02,20.7,58.6,-22.7,747.0,770.0,15.0,90.0,RUNNING
2024-03-29 16:00:00,ZONE_M01,20.6,49.2,-26.1,619.0,770.0,15.0,90.0,RUNNING
2024-03-29 16:00:00,ZONE_M02,19.6,55.2,-23.6,691.0,770.0,15.0,90.0,RUNNING
2024-03-29 16:00:00,ZONE_M03,19.7,54.7,-28.1,619.0,770.0,15.0,90.0,RUNNING
2024-03-29 16:00:00,ZONE_B01,19.8,44.4,-21.3,673.0,770.0,15.0,90.0,RUNNING
2024-03-29 16:00:00,ZONE_B02,19.6,55.1,-30.1,676.0,770.0,15.0,90.0,RUNNING
2024-03-29 17:00:00,ZONE_M01,20.6,60.0,-22.9,844.0,770.0,15.0,90.0,RUNNING
2024-03-29 17:00:00,ZONE_M02,19.6,54.6,-23.2,702.0,770.0,15.0,90.0,RUNNING
2024-03-29 17:00:00,ZONE_M03,20.3,46.5,-25.7,557.0,770.0,15.0,90.0,RUNNING
2024-03-29 17:00:00,ZONE_B01,20.1,57.7,-28.1,782.0,770.0,15.0,90.0,RUNNING
2024-03-29 17:00:00,ZONE_B02,20.5,55.0,-24.4,756.0,770.0,15.0,90.0,RUNNING
2024-03-29 18:00:00,ZONE_M01,19.7,60.0,-25.8,830.0,770.0,15.0,90.0,RUNNING
2024-03-29 18:00:00,ZONE_M02,19.5,56.0,-20.8,746.0,770.0,15.0,90.0,RUNNING
2024-03-29 18:00:00,ZONE_M03,20.4,56.2,-27.2,754.0,770.0,15.0,90.0,RUNNING
2024-03-29 18:00:00,ZONE_B01,19.1,54.5,-25.8,654.0,770.0,15.0,90.0,RUNNING
2024-03-29 18:00:00,ZONE_B02,20.2,57.9,-22.5,733.0,770.0,15.0,90.0,RUNNING
2024-03-29 19:00:00,ZONE_M01,19.9,54.9,-31.7,727.0,770.0,15.0,90.0,RUNNING
2024-03-29 19:00:00,ZONE_M02,20.2,60.0,-24.3,787.0,770.0,15.0,90.0,RUNNING
2024-03-29 19:00:00,ZONE_M03,20.3,60.0,-26.7,756.0,770.0,15.0,90.0,RUNNING
2024-03-29 19:00:00,ZONE_B01,20.3,55.0,-25.5,760.0,770.0,15.0,90.0,RUNNING
2024-03-29 19:00:00,ZONE_B02,20.2,59.1,-23.2,715.0,770.0,15.0,90.0,RUNNING
2024-03-29 20:00:00,ZONE_M01,19.6,59.2,-25.2,652.0,770.0,15.0,90.0,RUNNING
2024-03-29 20:00:00,ZONE_M02,19.7,60.0,-29.1,859.0,770.0,15.0,90.0,RUNNING
2024-03-29 20:00:00,ZONE_M03,19.7,55.7,-24.8,727.0,770.0,15.0,90.0,RUNNING
2024-03-29 20:00:00,ZONE_B01,20.5,46.7,-25.7,671.0,770.0,15.0,90.0,RUNNING
2024-03-29 20:00:00,ZONE_B02,20.8,60.0,-24.9,914.0,770.0,15.0,90.0,RUNNING
2024-03-29 21:00:00,ZONE_M01,20.0,51.5,-21.8,677.0,770.0,15.0,90.0,RUNNING
2024-03-29 21:00:00,ZONE_M02,20.1,56.2,-26.1,752.0,770.0,15.0,90.0,RUNNING
2024-03-29 21:00:00,ZONE_M03,19.8,56.9,-24.7,690.0,770.0,15.0,90.0,RUNNING
2024-03-29 21:00:00,ZONE_B01,20.1,60.0,-26.2,813.0,770.0,15.0,90.0,RUNNING
2024-03-29 21:00:00,ZONE_B02,20.5,60.0,-30.2,905.0,770.0,15.0,90.0,RUNNING
2024-03-29 22:00:00,ZONE_M01,20.2,57.5,-27.7,746.0,770.0,15.0,90.0,RUNNING
2024-03-29 22:00:00,ZONE_M02,20.1,60.0,-27.1,710.0,770.0,15.0,90.0,RUNNING
2024-03-29 22:00:00,ZONE_M03,20.4,60.0,-25.7,810.0,770.0,15.0,90.0,RUNNING
2024-03-29 22:00:00,ZONE_B01,20.4,57.7,-23.9,761.0,770.0,15.0,90.0,RUNNING
2024-03-29 22:00:00,ZONE_B02,19.7,53.9,-27.2,724.0,770.0,15.0,90.0,RUNNING
2024-03-29 23:00:00,ZONE_M01,16.0,32.0,-27.1,485.0,770.0,15.0,90.0,RUNNING
2024-03-29 23:00:00,ZONE_M02,16.2,38.0,-27.0,460.0,770.0,15.0,90.0,RUNNING
2024-03-29 23:00:00,ZONE_M03,16.2,39.6,-26.4,470.0,770.0,15.0,90.0,RUNNING
2024-03-29 23:00:00,ZONE_B01,15.6,39.4,-25.7,477.0,770.0,15.0,90.0,RUNNING
2024-03-29 23:00:00,ZONE_B02,15.3,40.8,-24.8,486.0,770.0,15.0,90.0,RUNNING
2024-03-30 00:00:00,ZONE_M01,16.4,41.4,-26.2,515.0,770.0,15.0,90.0,RUNNING
2024-03-30 00:00:00,ZONE_M02,16.1,34.0,-23.6,471.0,770.0,15.0,90.0,RUNNING
2024-03-30 00:00:00,ZONE_M03,15.8,44.1,-23.6,524.0,770.0,15.0,90.0,RUNNING
2024-03-30 00:00:00,ZONE_B01,15.9,46.1,-26.7,495.0,770.0,15.0,90.0,RUNNING
2024-03-30 00:00:00,ZONE_B02,15.7,42.9,-22.0,480.0,770.0,15.0,90.0,RUNNING
2024-03-30 01:00:00,ZONE_M01,16.4,43.8,-24.9,509.0,770.0,15.0,90.0,RUNNING
2024-03-30 01:00:00,ZONE_M02,15.9,39.1,-27.1,530.0,770.0,15.0,90.0,RUNNING
2024-03-30 01:00:00,ZONE_M03,16.5,46.0,-26.2,506.0,770.0,15.0,90.0,RUNNING
2024-03-30 01:00:00,ZONE_B01,16.1,39.5,-25.4,483.0,770.0,15.0,90.0,RUNNING
2024-03-30 01:00:00,ZONE_B02,16.1,37.3,-24.3,435.0,770.0,15.0,90.0,RUNNING
2024-03-30 02:00:00,ZONE_M01,15.6,39.9,-27.7,511.0,770.0,15.0,90.0,RUNNING
2024-03-30 02:00:00,ZONE_M02,15.8,44.2,-27.3,507.0,770.0,15.0,90.0,RUNNING
2024-03-30 02:00:00,ZONE_M03,15.9,38.9,-22.7,464.0,770.0,15.0,90.0,RUNNING
2024-03-30 02:00:00,ZONE_B01,15.5,45.1,-27.6,514.0,770.0,15.0,90.0,RUNNING
2024-03-30 02:00:00,ZONE_B02,16.3,42.1,-24.0,501.0,770.0,15.0,90.0,RUNNING
2024-03-30 03:00:00,ZONE_M01,17.0,40.3,-21.8,467.0,770.0,15.0,90.0,RUNNING
2024-03-30 03:00:00,ZONE_M02,15.0,44.2,-24.5,463.0,770.0,15.0,90.0,RUNNING
2024-03-30 03:00:00,ZONE_M03,16.6,39.3,-28.7,428.0,770.0,15.0,90.0,RUNNING
2024-03-30 03:00:00,ZONE_B01,16.2,38.4,-23.6,450.0,770.0,15.0,90.0,RUNNING
2024-03-30 03:00:00,ZONE_B02,15.2,39.7,-22.5,464.0,770.0,15.0,90.0,RUNNING
2024-03-30 04:00:00,ZONE_M01,16.5,38.8,-24.1,465.0,770.0,15.0,90.0,RUNNING
2024-03-30 04:00:00,ZONE_M02,15.6,40.7,-25.8,462.0,770.0,15.0,90.0,RUNNING
2024-03-30 04:00:00,ZONE_M03,15.3,41.7,-24.4,462.0,770.0,15.0,90.0,RUNNING
2024-03-30 04:00:00,ZONE_B01,16.3,44.3,-24.7,482.0,770.0,15.0,90.0,RUNNING
2024-03-30 04:00:00,ZONE_B02,16.0,45.7,-24.8,522.0,770.0,15.0,90.0,RUNNING
2024-03-30 05:00:00,ZONE_M01,15.1,40.1,-26.9,527.0,770.0,15.0,90.0,RUNNING
2024-03-30 05:00:00,ZONE_M02,16.4,37.7,-25.6,479.0,770.0,15.0,90.0,RUNNING
2024-03-30 05:00:00,ZONE_M03,15.7,39.7,-18.5,468.0,770.0,15.0,90.0,RUNNING
2024-03-30 05:00:00,ZONE_B01,16.6,40.3,-27.1,526.0,770.0,15.0,90.0,RUNNING
2024-03-30 05:00:00,ZONE_B02,15.7,41.0,-21.2,457.0,770.0,15.0,90.0,RUNNING
2024-03-30 06:00:00,ZONE_M01,20.0,60.0,-22.6,750.0,770.0,15.0,90.0,RUNNING
2024-03-30 06:00:00,ZONE_M02,19.7,56.0,-25.6,752.0,770.0,15.0,90.0,RUNNING
2024-03-30 06:00:00,ZONE_M03,19.5,60.0,-24.6,866.0,770.0,15.0,90.0,RUNNING
2024-03-30 06:00:00,ZONE_B01,19.6,58.6,-25.6,780.0,770.0,15.0,90.0,RUNNING
2024-03-30 06:00:00,ZONE_B02,18.5,59.5,-24.0,827.0,770.0,15.0,90.0,RUNNING
2024-03-30 07:00:00,ZONE_M01,19.7,55.1,-24.2,658.0,770.0,15.0,90.0,RUNNING
2024-03-30 07:00:00,ZONE_M02,20.0,57.3,-22.6,687.0,770.0,15.0,90.0,RUNNING
2024-03-30 07:00:00,ZONE_M03,19.9,60.0,-22.8,795.0,770.0,15.0,90.0,RUNNING
2024-03-30 07:00:00,ZONE_B01,20.0,52.0,-25.2,679.0,770.0,15.0,90.0,RUNNING
2024-03-30 07:00:00,ZONE_B02,19.6,56.9,-25.9,758.0,770.0,15.0,90.0,RUNNING
2024-03-30 08:00:00,ZONE_M01,19.5,60.0,-23.2,870.0,770.0,15.0,90.0,RUNNING
2024-03-30 08:00:00,ZONE_M02,19.8,60.0,-21.3,834.0,770.0,15.0,90.0,RUNNING
2024-03-30 08:00:00,ZONE_M03,19.9,60.0,-26.9,880.0,770.0,15.0,90.0,RUNNING
2024-03-30 08:00:00,ZONE_B01,20.7,54.0,-24.7,696.0,770.0,15.0,90.0,RUNNING
2024-03-30 08:00:00,ZONE_B02,20.1,60.0,-25.1,852.0,770.0,15.0,90.0,RUNNING
2024-03-30 09:00:00,ZONE_M01,20.2,60.0,-26.1,752.0,770.0,15.0,90.0,RUNNING
2024-03-30 09:00:00,ZONE_M02,20.1,43.8,-22.5,641.0,770.0,15.0,90.0,RUNNING
2024-03-30 09:00:00,ZONE_M03,20.3,48.1,-22.8,620.0,770.0,15.0,90.0,RUNNING
2024-03-30 09:00:00,ZONE_B01,19.8,60.0,-24.9,772.0,770.0,15.0,90.0,RUNNING
2024-03-30 09:00:00,ZONE_B02,20.3,54.7,-25.4,604.0,770.0,15.0,90.0,RUNNING
2024-03-30 10:00:00,ZONE_M01,19.6,60.0,-26.0,812.0,770.0,15.0,90.0,RUNNING
2024-03-30 10:00:00,ZONE_M02,20.1,56.5,-25.1,709.0,770.0,15.0,90.0,RUNNING
2024-03-30 10:00:00,ZONE_M03,20.6,60.0,-23.5,825.0,770.0,15.0,90.0,RUNNING
2024-03-30 10:00:00,ZONE_B01,19.5,58.0,-25.4,706.0,770.0,15.0,90.0,RUNNING
2024-03-30 10:00:00,ZONE_B02,20.6,60.0,-27.0,915.0,770.0,15.0,90.0,RUNNING
2024-03-30 11:00:00,ZONE_M01,19.8,56.0,-25.1,745.0,770.0,15.0,90.0,RUNNING
2024-03-30 11:00:00,ZONE_M02,20.3,54.9,-27.5,766.0,770.0,15.0,90.0,RUNNING
2024-03-30 11:00:00,ZONE_M03,21.0,60.0,-22.7,843.0,770.0,15.0,90.0,RUNNING
2024-03-30 11:00:00,ZONE_B01,20.2,53.4,-25.8,776.0,770.0,15.0,90.0,RUNNING
2024-03-30 11:00:00,ZONE_B02,20.5,58.6,-24.8,825.0,770.0,15.0,90.0,RUNNING
2024-03-30 12:00:00,ZONE_M01,20.5,60.0,-28.6,875.0,770.0,15.0,90.0,RUNNING
2024-03-30 12:00:00,ZONE_M02,19.6,60.0,-26.2,823.0,770.0,15.0,90.0,RUNNING
2024-03-30 12:00:00,ZONE_M03,19.7,56.1,-25.8,610.0,770.0,15.0,90.0,RUNNING
2024-03-30 12:00:00,ZONE_B01,19.6,60.0,-24.4,842.0,770.0,15.0,90.0,RUNNING
2024-03-30 12:00:00,ZONE_B02,20.1,46.7,-23.5,656.0,770.0,15.0,90.0,RUNNING
2024-03-30 13:00:00,ZONE_M01,19.4,60.0,-25.9,1008.0,770.0,15.0,90.0,RUNNING
2024-03-30 13:00:00,ZONE_M02,19.8,48.6,-25.3,640.0,770.0,15.0,90.0,RUNNING
2024-03-30 13:00:00,ZONE_M03,20.9,52.7,-21.7,651.0,770.0,15.0,90.0,RUNNING
2024-03-30 13:00:00,ZONE_B01,20.5,60.0,-24.3,790.0,770.0,15.0,90.0,RUNNING
2024-03-30 13:00:00,ZONE_B02,19.0,60.0,-23.9,827.0,770.0,15.0,90.0,RUNNING
2024-03-30 14:00:00,ZONE_M01,20.4,52.0,-24.2,533.0,770.0,15.0,90.0,RUNNING
2024-03-30 14:00:00,ZONE_M02,19.1,50.1,-25.1,680.0,770.0,15.0,90.0,RUNNING
2024-03-30 14:00:00,ZONE_M03,18.9,56.3,-22.3,720.0,770.0,15.0,90.0,RUNNING
2024-03-30 14:00:00,ZONE_B01,20.4,60.0,-22.5,814.0,770.0,15.0,90.0,RUNNING
2024-03-30 14:00:00,ZONE_B02,20.8,57.4,-26.4,794.0,770.0,15.0,90.0,RUNNING
2024-03-30 15:00:00,ZONE_M01,19.8,48.2,-23.1,629.0,770.0,15.0,90.0,RUNNING
2024-03-30 15:00:00,ZONE_M02,18.9,48.5,-21.6,527.0,770.0,15.0,90.0,RUNNING
2024-03-30 15:00:00,ZONE_M03,20.4,60.0,-24.1,914.0,770.0,15.0,90.0,RUNNING
2024-03-30 15:00:00,ZONE_B01,19.4,60.0,-24.4,854.0,770.0,15.0,90.0,RUNNING
2024-03-30 15:00:00,ZONE_B02,19.7,48.4,-25.7,662.0,770.0,15.0,90.0,RUNNING
2024-03-30 16:00:00,ZONE_M01,20.2,57.7,-26.4,762.0,770.0,15.0,90.0,RUNNING
2024-03-30 16:00:00,ZONE_M02,20.6,60.0,-25.3,842.0,770.0,15.0,90.0,RUNNING
2024-03-30 16:00:00,ZONE_M03,19.3,60.0,-22.4,822.0,770.0,15.0,90.0,RUNNING
2024-03-30 16:00:00,ZONE_B01,20.1,59.4,-26.6,710.0,770.0,15.0,90.0,RUNNING
2024-03-30 16:00:00,ZONE_B02,20.2,60.0,-26.3,944.0,770.0,15.0,90.0,RUNNING
2024-03-30 17:00:00,ZONE_M01,20.3,54.6,-22.4,838.0,770.0,15.0,90.0,RUNNING
2024-03-30 17:00:00,ZONE_M02,20.7,60.0,-25.1,813.0,770.0,15.0,90.0,RUNNING
2024-03-30 17:00:00,ZONE_M03,19.9,60.0,-23.0,811.0,770.0,15.0,90.0,RUNNING
2024-03-30 17:00:00,ZONE_B01,20.3,60.0,-22.0,725.0,770.0,15.0,90.0,RUNNING
2024-03-30 17:00:00,ZONE_B02,20.2,56.2,-25.9,801.0,770.0,15.0,90.0,RUNNING
2024-03-30 18:00:00,ZONE_M01,19.7,56.7,-25.5,796.0,770.0,15.0,90.0,RUNNING
2024-03-30 18:00:00,ZONE_M02,20.1,60.0,-21.9,758.0,770.0,15.0,90.0,RUNNING
2024-03-30 18:00:00,ZONE_M03,20.4,56.4,-25.4,782.0,770.0,15.0,90.0,RUNNING
2024-03-30 18:00:00,ZONE_B01,19.9,50.5,-24.2,612.0,770.0,15.0,90.0,RUNNING
2024-03-30 18:00:00,ZONE_B02,20.3,57.7,-25.4,797.0,770.0,15.0,90.0,RUNNING
2024-03-30 19:00:00,ZONE_M01,21.2,56.4,-23.1,729.0,770.0,15.0,90.0,RUNNING
2024-03-30 19:00:00,ZONE_M02,20.0,59.8,-24.3,796.0,770.0,15.0,90.0,RUNNING
2024-03-30 19:00:00,ZONE_M03,19.9,50.9,-25.9,652.0,770.0,15.0,90.0,RUNNING
2024-03-30 19:00:00,ZONE_B01,20.4,57.4,-25.9,786.0,770.0,15.0,90.0,RUNNING
2024-03-30 19:00:00,ZONE_B02,21.4,57.9,-26.1,692.0,770.0,15.0,90.0,RUNNING
2024-03-30 20:00:00,ZONE_M01,19.2,55.3,-26.0,655.0,770.0,15.0,90.0,RUNNING
2024-03-30 20:00:00,ZONE_M02,19.9,37.1,-24.3,408.0,770.0,15.0,90.0,RUNNING
2024-03-30 20:00:00,ZONE_M03,20.6,60.0,-24.5,861.0,770.0,15.0,90.0,RUNNING
2024-03-30 20:00:00,ZONE_B01,19.8,60.0,-26.4,832.0,770.0,15.0,90.0,RUNNING
2024-03-30 20:00:00,ZONE_B02,20.6,58.3,-20.9,774.0,770.0,15.0,90.0,RUNNING
2024-03-30 21:00:00,ZONE_M01,19.2,49.2,-25.1,552.0,770.0,15.0,90.0,RUNNING
2024-03-30 21:00:00,ZONE_M02,20.7,58.5,-24.1,733.0,770.0,15.0,90.0,RUNNING
2024-03-30 21:00:00,ZONE_M03,20.0,51.7,-22.5,670.0,770.0,15.0,90.0,RUNNING
2024-03-30 21:00:00,ZONE_B01,19.9,60.0,-23.0,751.0,770.0,15.0,90.0,RUNNING
2024-03-30 21:00:00,ZONE_B02,19.5,53.5,-26.8,644.0,770.0,15.0,90.0,RUNNING
2024-03-30 22:00:00,ZONE_M01,20.1,60.0,-26.8,945.0,770.0,15.0,90.0,RUNNING
2024-03-30 22:00:00,ZONE_M02,21.0,56.3,-23.0,714.0,770.0,15.0,90.0,RUNNING
2024-03-30 22:00:00,ZONE_M03,20.2,60.0,-22.6,860.0,770.0,15.0,90.0,RUNNING
2024-03-30 22:00:00,ZONE_B01,20.1,53.4,-25.7,710.0,770.0,15.0,90.0,RUNNING
2024-03-30 22:00:00,ZONE_B02,19.9,60.0,-26.0,935.0,770.0,15.0,90.0,RUNNING
2024-03-30 23:00:00,ZONE_M01,14.9,39.9,-24.6,437.0,770.0,15.0,90.0,RUNNING
2024-03-30 23:00:00,ZONE_M02,16.4,38.3,-23.8,446.0,770.0,15.0,90.0,RUNNING
2024-03-30 23:00:00,ZONE_M03,16.3,46.0,-26.0,495.0,770.0,15.0,90.0,RUNNING
2024-03-30 23:00:00,ZONE_B01,16.1,45.0,-24.3,535.0,770.0,15.0,90.0,RUNNING
2024-03-30 23:00:00,ZONE_B02,16.2,36.6,-23.6,487.0,770.0,15.0,90.0,RUNNING
2024-03-31 00:00:00,ZONE_M01,16.8,43.5,-24.6,432.0,770.0,15.0,90.0,RUNNING
2024-03-31 00:00:00,ZONE_M02,15.1,36.4,-28.0,510.0,770.0,15.0,90.0,RUNNING
2024-03-31 00:00:00,ZONE_M03,17.0,37.7,-24.6,461.0,770.0,15.0,90.0,RUNNING
2024-03-31 00:00:00,ZONE_B01,15.8,42.1,-21.3,430.0,770.0,15.0,90.0,RUNNING
2024-03-31 00:00:00,ZONE_B02,16.1,44.2,-24.3,475.0,770.0,15.0,90.0,RUNNING
