timestamp,system_id,tank_level_pct,inlet_flow_lpm,output_flow_lpm,pressure_bar,tds_ppm,pump_status,wastewater_flow_lpm,quality_status
2024-01-01 00:00:00,WATER_M01,85.0,0.0,4.91,3.53,173.0,RUNNING,3.93,GOOD
2024-01-01 00:00:00,WATER_B01,85.0,0.0,3.91,3.44,164.0,RUNNING,3.13,GOOD
2024-01-01 01:00:00,WATER_M01,85.0,0.0,2.24,3.45,193.0,RUNNING,1.79,GOOD
2024-01-01 01:00:00,WATER_B01,85.0,0.0,2.81,3.57,191.0,RUNNING,2.25,GOOD
2024-01-01 02:00:00,WATER_M01,85.0,0.0,2.82,3.11,168.0,RUNNING,2.25,GOOD
2024-01-01 02:00:00,WATER_B01,85.0,0.0,2.06,3.34,186.0,RUNNING,1.65,GOOD
2024-01-01 03:00:00,WATER_M01,85.0,0.0,3.36,3.09,190.0,RUNNING,2.69,GOOD
2024-01-01 03:00:00,WATER_B01,85.0,0.0,3.93,3.24,191.0,RUNNING,3.14,GOOD
2024-01-01 04:00:00,WATER_M01,85.0,0.0,2.84,3.39,157.0,RUNNING,2.27,GOOD
2024-01-01 04:00:00,WATER_B01,85.0,0.5,3.93,3.5,160.0,RUNNING,3.14,GOOD
2024-01-01 05:00:00,WATER_M01,85.0,0.0,2.8,3.43,169.0,RUNNING,2.24,GOOD
2024-01-01 05:00:00,WATER_B01,85.0,0.0,2.24,3.31,174.0,RUNNING,1.79,GOOD
2024-01-01 06:00:00,WATER_M01,85.0,0.0,14.51,3.72,191.0,RUNNING,11.61,GOOD
2024-01-01 06:00:00,WATER_B01,85.0,0.0,16.34,3.36,174.0,RUNNING,13.07,GOOD
2024-01-01 07:00:00,WATER_M01,85.0,0.0,13.59,3.48,166.0,RUNNING,10.87,GOOD
2024-01-01 07:00:00,WATER_B01,84.9,0.0,16.91,3.44,189.0,RUNNING,13.53,GOOD
2024-01-01 08:00:00,WATER_M01,84.9,0.0,15.0,3.53,177.0,RUNNING,12.0,GOOD
2024-01-01 08:00:00,WATER_B01,84.9,0.0,14.93,3.4,182.0,RUNNING,11.94,GOOD
2024-01-01 09:00:00,WATER_M01,84.9,0.0,11.55,3.58,175.0,RUNNING,9.24,GOOD
2024-01-01 09:00:00,WATER_B01,84.9,0.0,16.35,4.05,165.0,RUNNING,13.08,GOOD
2024-01-01 10:00:00,WATER_M01,84.9,0.0,18.51,3.6,189.0,RUNNING,14.81,GOOD
2024-01-01 10:00:00,WATER_B01,84.9,0.0,19.93,3.48,194.0,RUNNING,15.95,GOOD
2024-01-01 11:00:00,WATER_M01,84.9,0.0,13.66,3.68,177.0,RUNNING,10.92,GOOD
2024-01-01 11:00:00,WATER_B01,84.9,0.0,12.26,4.04,179.0,RUNNING,9.81,GOOD
2024-01-01 12:00:00,WATER_M01,84.9,0.0,13.38,3.19,180.0,RUNNING,10.71,GOOD
2024-01-01 12:00:00,WATER_B01,84.9,0.0,17.82,3.72,171.0,RUNNING,14.26,GOOD
2024-01-01 13:00:00,WATER_M01,84.9,0.0,14.19,3.0,185.0,RUNNING,11.35,GOOD
2024-01-01 13:00:00,WATER_B01,84.8,0.0,19.04,3.64,177.0,RUNNING,15.23,GOOD
2024-01-01 14:00:00,WATER_M01,84.9,0.0,16.32,3.69,177.0,RUNNING,13.06,GOOD
2024-01-01 14:00:00,WATER_B01,84.8,0.0,13.32,3.55,178.0,RUNNING,10.66,GOOD
2024-01-01 15:00:00,WATER_M01,84.8,0.0,16.05,3.61,190.0,RUNNING,12.84,GOOD
2024-01-01 15:00:00,WATER_B01,84.8,0.5,18.22,3.61,167.0,RUNNING,14.57,GOOD
2024-01-01 16:00:00,WATER_M01,84.8,0.0,12.73,3.51,176.0,RUNNING,10.18,GOOD
2024-01-01 16:00:00,WATER_B01,84.8,0.0,12.46,3.37,168.0,RUNNING,9.97,GOOD
2024-01-01 17:00:00,WATER_M01,84.8,0.0,13.72,3.55,179.0,RUNNING,10.97,GOOD
2024-01-01 17:00:00,WATER_B01,84.8,0.0,16.55,3.5,180.0,RUNNING,13.24,GOOD
2024-01-01 18:00:00,WATER_M01,84.8,0.0,14.22,3.32,171.0,RUNNING,11.38,GOOD
2024-01-01 18:00:00,WATER_B01,84.8,0.0,14.01,3.68,189.0,RUNNING,11.2,GOOD
2024-01-01 19:00:00,WATER_M01,84.8,0.0,18.58,3.87,175.0,RUNNING,14.86,GOOD
2024-01-01 19:00:00,WATER_B01,84.8,0.0,13.88,3.6,188.0,RUNNING,11.11,GOOD
2024-01-01 20:00:00,WATER_M01,84.8,0.0,17.64,3.54,193.0,RUNNING,14.11,GOOD
2024-01-01 20:00:00,WATER_B01,84.7,0.0,14.79,3.39,184.0,RUNNING,11.83,GOOD
2024-01-01 21:00:00,WATER_M01,84.7,0.0,13.14,3.41,167.0,RUNNING,10.51,GOOD
2024-01-01 21:00:00,WATER_B01,84.7,0.5,18.01,3.57,200.0,RUNNING,14.41,GOOD
2024-01-01 22:00:00,WATER_M01,84.7,0.0,12.45,3.35,178.0,RUNNING,9.96,GOOD
2024-01-01 22:00:00,WATER_B01,84.7,0.0,16.64,3.62,182.0,RUNNING,13.31,GOOD
2024-01-01 23:00:00,WATER_M01,84.7,0.0,3.26,3.96,171.0,RUNNING,2.61,GOOD
2024-01-01 23:00:00,WATER_B01,84.7,0.0,1.95,3.35,182.0,RUNNING,1.56,GOOD
2024-01-02 00:00:00,WATER_M01,84.7,0.0,2.91,3.57,201.0,RUNNING,2.33,GOOD
2024-01-02 00:00:00,WATER_B01,84.7,0.5,5.03,3.25,179.0,RUNNING,4.02,GOOD
2024-01-02 01:00:00,WATER_M01,84.7,0.0,5.05,3.34,198.0,RUNNING,4.04,GOOD
2024-01-02 01:00:00,WATER_B01,84.7,0.0,0.94,3.46,193.0,RUNNING,0.75,GOOD
2024-01-02 02:00:00,WATER_M01,84.7,0.0,3.29,3.36,167.0,RUNNING,2.63,GOOD
2024-01-02 02:00:00,WATER_B01,84.7,0.0,1.94,3.17,193.0,RUNNING,1.55,GOOD
2024-01-02 03:00:00,WATER_M01,84.7,0.0,2.04,3.32,194.0,RUNNING,1.63,GOOD
2024-01-02 03:00:00,WATER_B01,84.7,0.0,4.51,3.57,189.0,RUNNING,3.61,GOOD
2024-01-02 04:00:00,WATER_M01,84.7,0.5,4.16,3.0,173.0,RUNNING,3.33,GOOD
2024-01-02 04:00:00,WATER_B01,84.7,0.0,2.29,3.41,193.0,RUNNING,1.83,GOOD
2024-01-02 05:00:00,WATER_M01,84.7,0.0,3.22,3.75,163.0,RUNNING,2.58,GOOD
2024-01-02 05:00:00,WATER_B01,84.7,0.0,3.21,3.26,194.0,RUNNING,2.57,GOOD
2024-01-02 06:00:00,WATER_M01,84.7,0.0,13.88,3.52,187.0,RUNNING,11.1,GOOD
2024-01-02 06:00:00,WATER_B01,84.7,0.0,13.25,3.59,171.0,RUNNING,10.6,GOOD
2024-01-02 07:00:00,WATER_M01,84.7,0.0,16.95,3.49,192.0,RUNNING,13.56,GOOD
2024-01-02 07:00:00,WATER_B01,84.7,0.0,15.21,3.62,174.0,RUNNING,12.16,GOOD
2024-01-02 08:00:00,WATER_M01,84.7,0.0,15.16,3.35,202.0,RUNNING,12.13,GOOD
2024-01-02 08:00:00,WATER_B01,84.6,0.0,18.26,3.54,197.0,RUNNING,14.61,GOOD
2024-01-02 09:00:00,WATER_M01,84.6,0.0,13.15,3.16,186.0,RUNNING,10.52,GOOD
2024-01-02 09:00:00,WATER_B01,84.6,0.0,15.26,3.21,160.0,RUNNING,12.21,GOOD
2024-01-02 10:00:00,WATER_M01,84.6,0.5,12.94,3.31,167.0,RUNNING,10.36,GOOD
2024-01-02 10:00:00,WATER_B01,84.6,0.5,17.83,3.36,189.0,RUNNING,14.27,GOOD
2024-01-02 11:00:00,WATER_M01,84.6,0.5,14.89,3.56,162.0,RUNNING,11.91,GOOD
2024-01-02 11:00:00,WATER_B01,84.6,0.0,16.14,3.38,155.0,RUNNING,12.92,GOOD
2024-01-02 12:00:00,WATER_M01,84.6,0.0,15.21,3.59,183.0,RUNNING,12.17,GOOD
2024-01-02 12:00:00,WATER_B01,84.6,0.0,17.16,3.42,197.0,RUNNING,13.73,GOOD
2024-01-02 13:00:00,WATER_M01,84.6,0.0,17.51,3.45,180.0,RUNNING,14.01,GOOD
2024-01-02 13:00:00,WATER_B01,84.6,0.0,15.46,3.84,184.0,RUNNING,12.37,GOOD
2024-01-02 14:00:00,WATER_M01,84.6,0.0,15.64,3.68,190.0,RUNNING,12.51,GOOD
2024-01-02 14:00:00,WATER_B01,84.5,0.0,16.4,3.56,183.0,RUNNING,13.12,GOOD
2024-01-02 15:00:00,WATER_M01,84.6,0.5,12.33,3.27,171.0,RUNNING,9.86,GOOD
2024-01-02 15:00:00,WATER_B01,84.5,0.0,12.63,3.45,179.0,RUNNING,10.1,GOOD
2024-01-02 16:00:00,WATER_M01,84.5,0.0,15.44,3.3,175.0,RUNNING,12.35,GOOD
2024-01-02 16:00:00,WATER_B01,84.5,0.0,14.89,3.6,173.0,RUNNING,11.91,GOOD
2024-01-02 17:00:00,WATER_M01,84.5,0.0,15.77,3.57,172.0,RUNNING,12.61,GOOD
2024-01-02 17:00:00,WATER_B01,84.5,0.0,17.1,3.95,189.0,RUNNING,13.68,GOOD
2024-01-02 18:00:00,WATER_M01,84.5,0.0,15.14,3.23,194.0,RUNNING,12.11,GOOD
2024-01-02 18:00:00,WATER_B01,84.5,0.5,17.51,3.52,183.0,RUNNING,14.01,GOOD
2024-01-02 19:00:00,WATER_M01,84.5,0.0,16.5,3.18,187.0,RUNNING,13.2,GOOD
2024-01-02 19:00:00,WATER_B01,84.5,0.0,14.52,3.58,190.0,RUNNING,11.61,GOOD
2024-01-02 20:00:00,WATER_M01,84.5,0.0,16.13,3.69,174.0,RUNNING,12.9,GOOD
2024-01-02 20:00:00,WATER_B01,84.5,0.0,13.72,3.73,188.0,RUNNING,10.97,GOOD
2024-01-02 21:00:00,WATER_M01,84.5,0.0,17.92,3.4,197.0,RUNNING,14.34,GOOD
2024-01-02 21:00:00,WATER_B01,84.4,0.0,18.95,3.27,185.0,RUNNING,15.16,GOOD
2024-01-02 22:00:00,WATER_M01,84.5,0.0,14.44,3.36,180.0,RUNNING,11.55,GOOD
2024-01-02 22:00:00,WATER_B01,84.4,0.0,16.24,3.56,202.0,RUNNING,12.99,GOOD
2024-01-02 23:00:00,WATER_M01,84.4,0.0,3.05,3.57,164.0,RUNNING,2.44,GOOD
2024-01-02 23:00:00,WATER_B01,84.4,0.0,2.41,3.28,181.0,RUNNING,1.93,GOOD
2024-01-03 00:00:00,WATER_M01,84.4,0.0,1.85,3.51,178.0,RUNNING,1.48,GOOD
2024-01-03 00:00:00,WATER_B01,84.4,0.0,1.46,3.78,185.0,RUNNING,1.16,GOOD
2024-01-03 01:00:00,WATER_M01,84.4,0.0,2.13,3.96,186.0,RUNNING,1.7,GOOD
2024-01-03 01:00:00,WATER_B01,84.4,0.0,3.69,3.24,189.0,RUNNING,2.95,GOOD
2024-01-03 02:00:00,WATER_M01,84.4,0.0,1.68,3.43,175.0,RUNNING,1.34,GOOD
2024-01-03 02:00:00,WATER_B01,84.4,0.0,1.29,3.5,148.0,RUNNING,1.03,GOOD
2024-01-03 03:00:00,WATER_M01,84.4,0.5,2.91,3.44,202.0,RUNNING,2.33,GOOD
2024-01-03 03:00:00,WATER_B01,84.4,0.0,2.9,3.62,176.0,RUNNING,2.32,GOOD
2024-01-03 04:00:00,WATER_M01,84.4,0.0,2.52,3.12,178.0,RUNNING,2.02,GOOD
2024-01-03 04:00:00,WATER_B01,84.4,0.0,2.2,3.21,191.0,RUNNING,1.76,GOOD
2024-01-03 05:00:00,WATER_M01,84.4,0.0,3.31,3.31,182.0,RUNNING,2.65,GOOD
2024-01-03 05:00:00,WATER_B01,84.4,0.0,1.56,3.19,169.0,RUNNING,1.25,GOOD
2024-01-03 06:00:00,WATER_M01,84.4,0.0,12.82,3.31,171.0,RUNNING,10.25,GOOD
2024-01-03 06:00:00,WATER_B01,84.4,0.0,13.23,3.88,188.0,RUNNING,10.58,GOOD
2024-01-03 07:00:00,WATER_M01,84.4,0.0,17.16,3.22,187.0,RUNNING,13.73,GOOD
2024-01-03 07:00:00,WATER_B01,84.4,0.0,18.0,3.45,175.0,RUNNING,14.4,GOOD
2024-01-03 08:00:00,WATER_M01,84.4,0.0,12.82,3.26,196.0,RUNNING,10.25,GOOD
2024-01-03 08:00:00,WATER_B01,84.4,0.0,15.14,3.67,176.0,RUNNING,12.11,GOOD
2024-01-03 09:00:00,WATER_M01,84.4,0.0,18.3,3.38,169.0,RUNNING,14.64,GOOD
2024-01-03 09:00:00,WATER_B01,84.3,0.0,14.8,3.36,185.0,RUNNING,11.84,GOOD
2024-01-03 10:00:00,WATER_M01,84.4,0.0,12.58,3.45,167.0,RUNNING,10.07,GOOD
2024-01-03 10:00:00,WATER_B01,84.3,0.0,13.92,3.36,184.0,RUNNING,11.13,GOOD
2024-01-03 11:00:00,WATER_M01,84.3,0.0,12.14,3.33,197.0,RUNNING,9.71,GOOD
2024-01-03 11:00:00,WATER_B01,84.3,0.5,15.16,3.5,172.0,RUNNING,12.12,GOOD
2024-01-03 12:00:00,WATER_M01,84.3,0.5,13.03,3.35,169.0,RUNNING,10.43,GOOD
2024-01-03 12:00:00,WATER_B01,84.3,0.0,12.68,3.65,178.0,RUNNING,10.14,GOOD
2024-01-03 13:00:00,WATER_M01,84.3,0.0,14.06,3.34,167.0,RUNNING,11.25,GOOD
2024-01-03 13:00:00,WATER_B01,84.3,0.0,17.19,3.57,190.0,RUNNING,13.75,GOOD
2024-01-03 14:00:00,WATER_M01,84.3,0.0,14.29,3.64,197.0,RUNNING,11.43,GOOD
2024-01-03 14:00:00,WATER_B01,84.3,0.0,14.23,3.4,183.0,RUNNING,11.38,GOOD
2024-01-03 15:00:00,WATER_M01,84.3,0.5,14.15,3.34,176.0,RUNNING,11.32,GOOD
2024-01-03 15:00:00,WATER_B01,84.3,0.0,16.18,3.33,180.0,RUNNING,12.95,GOOD
2024-01-03 16:00:00,WATER_M01,84.3,0.0,18.99,3.49,197.0,RUNNING,15.19,GOOD
2024-01-03 16:00:00,WATER_B01,84.2,0.0,17.65,3.36,169.0,RUNNING,14.12,GOOD
2024-01-03 17:00:00,WATER_M01,84.3,0.0,15.08,3.41,180.0,RUNNING,12.07,GOOD
2024-01-03 17:00:00,WATER_B01,84.2,0.0,10.86,3.69,163.0,RUNNING,8.69,GOOD
2024-01-03 18:00:00,WATER_M01,84.2,0.0,12.76,3.87,161.0,RUNNING,10.21,GOOD
2024-01-03 18:00:00,WATER_B01,84.2,0.0,16.42,3.13,169.0,RUNNING,13.14,GOOD
2024-01-03 19:00:00,WATER_M01,84.2,0.0,12.35,3.1,178.0,RUNNING,9.88,GOOD
2024-01-03 19:00:00,WATER_B01,84.2,0.0,16.64,3.54,165.0,RUNNING,13.31,GOOD
2024-01-03 20:00:00,WATER_M01,84.2,0.0,13.48,3.62,174.0,RUNNING,10.78,GOOD
2024-01-03 20:00:00,WATER_B01,84.2,0.0,18.23,3.69,179.0,RUNNING,14.58,GOOD
2024-01-03 21:00:00,WATER_M01,84.2,0.0,15.25,3.51,185.0,RUNNING,12.2,GOOD
2024-01-03 21:00:00,WATER_B01,84.2,0.0,15.7,3.17,195.0,RUNNING,12.56,GOOD
2024-01-03 22:00:00,WATER_M01,84.2,0.0,14.34,3.55,177.0,RUNNING,11.47,GOOD
2024-01-03 22:00:00,WATER_B01,84.1,0.0,19.48,3.35,196.0,RUNNING,15.58,GOOD
2024-01-03 23:00:00,WATER_M01,84.2,0.5,5.34,3.36,169.0,RUNNING,4.27,GOOD
2024-01-03 23:00:00,WATER_B01,84.1,0.0,3.4,3.38,191.0,RUNNING,2.72,GOOD
2024-01-04 00:00:00,WATER_M01,84.2,0.0,3.05,3.58,195.0,RUNNING,2.44,GOOD
2024-01-04 00:00:00,WATER_B01,84.1,0.0,1.36,3.58,194.0,RUNNING,1.09,GOOD
2024-01-04 01:00:00,WATER_M01,84.2,0.0,2.16,3.63,175.0,RUNNING,1.73,GOOD
2024-01-04 01:00:00,WATER_B01,84.1,0.0,4.46,3.6,191.0,RUNNING,3.57,GOOD
2024-01-04 02:00:00,WATER_M01,84.2,0.0,2.95,3.25,194.0,RUNNING,2.36,GOOD
2024-01-04 02:00:00,WATER_B01,84.1,0.0,5.32,3.56,170.0,RUNNING,4.25,GOOD
2024-01-04 03:00:00,WATER_M01,84.2,0.0,2.46,3.45,184.0,RUNNING,1.97,GOOD
2024-01-04 03:00:00,WATER_B01,84.1,0.5,3.2,3.48,176.0,RUNNING,2.56,GOOD
2024-01-04 04:00:00,WATER_M01,84.2,0.0,1.45,3.47,166.0,RUNNING,1.16,GOOD
2024-01-04 04:00:00,WATER_B01,84.1,0.0,4.0,3.52,173.0,RUNNING,3.2,GOOD
2024-01-04 05:00:00,WATER_M01,84.2,0.0,3.23,3.59,194.0,RUNNING,2.58,GOOD
2024-01-04 05:00:00,WATER_B01,84.1,0.5,3.04,3.67,177.0,RUNNING,2.43,GOOD
2024-01-04 06:00:00,WATER_M01,84.2,0.0,15.19,3.53,184.0,RUNNING,12.15,GOOD
2024-01-04 06:00:00,WATER_B01,84.1,0.0,14.9,3.21,179.0,RUNNING,11.92,GOOD
2024-01-04 07:00:00,WATER_M01,84.1,0.0,13.04,2.99,202.0,RUNNING,10.43,GOOD
2024-01-04 07:00:00,WATER_B01,84.1,0.0,15.61,3.39,181.0,RUNNING,12.48,GOOD
2024-01-04 08:00:00,WATER_M01,84.1,0.0,15.25,3.35,182.0,RUNNING,12.2,GOOD
2024-01-04 08:00:00,WATER_B01,84.1,0.0,13.6,3.62,168.0,RUNNING,10.88,GOOD
2024-01-04 09:00:00,WATER_M01,84.1,0.0,16.88,3.59,182.0,RUNNING,13.51,GOOD
2024-01-04 09:00:00,WATER_B01,84.1,0.0,14.27,3.68,190.0,RUNNING,11.41,GOOD
2024-01-04 10:00:00,WATER_M01,84.1,0.0,15.23,3.05,180.0,RUNNING,12.18,GOOD
2024-01-04 10:00:00,WATER_B01,84.0,0.0,13.95,3.53,165.0,RUNNING,11.16,GOOD
2024-01-04 11:00:00,WATER_M01,84.1,0.0,15.33,3.63,200.0,RUNNING,12.26,GOOD
2024-01-04 11:00:00,WATER_B01,84.0,0.0,15.4,3.42,191.0,RUNNING,12.32,GOOD
2024-01-04 12:00:00,WATER_M01,84.1,0.0,13.31,3.57,197.0,RUNNING,10.65,GOOD
2024-01-04 12:00:00,WATER_B01,84.0,0.0,14.89,3.3,187.0,RUNNING,11.91,GOOD
2024-01-04 13:00:00,WATER_M01,84.1,0.0,16.71,3.56,171.0,RUNNING,13.37,GOOD
2024-01-04 13:00:00,WATER_B01,84.0,0.0,11.57,3.55,187.0,RUNNING,9.25,GOOD
2024-01-04 14:00:00,WATER_M01,84.0,0.0,17.66,3.68,175.0,RUNNING,14.12,GOOD
2024-01-04 14:00:00,WATER_B01,84.0,0.0,12.23,3.88,179.0,RUNNING,9.78,GOOD
2024-01-04 15:00:00,WATER_M01,84.0,0.5,16.07,3.45,187.0,RUNNING,12.86,GOOD
2024-01-04 15:00:00,WATER_B01,84.0,0.0,15.2,3.27,178.0,RUNNING,12.16,GOOD
2024-01-04 16:00:00,WATER_M01,84.0,0.0,16.84,3.62,176.0,RUNNING,13.47,GOOD
2024-01-04 16:00:00,WATER_B01,84.0,0.0,17.73,3.51,176.0,RUNNING,14.19,GOOD
2024-01-04 17:00:00,WATER_M01,84.0,0.0,16.12,3.57,184.0,RUNNING,12.9,GOOD
2024-01-04 17:00:00,WATER_B01,83.9,0.0,15.78,3.32,184.0,RUNNING,12.62,GOOD
2024-01-04 18:00:00,WATER_M01,84.0,0.0,20.33,3.45,192.0,RUNNING,16.27,GOOD
2024-01-04 18:00:00,WATER_B01,83.9,0.0,15.2,3.33,188.0,RUNNING,12.16,GOOD
2024-01-04 19:00:00,WATER_M01,83.9,0.0,15.76,3.27,195.0,RUNNING,12.61,GOOD
2024-01-04 19:00:00,WATER_B01,83.9,0.0,17.56,3.6,185.0,RUNNING,14.05,GOOD
2024-01-04 20:00:00,WATER_M01,83.9,0.0,18.35,3.44,181.0,RUNNING,14.68,GOOD
2024-01-04 20:00:00,WATER_B01,83.9,0.0,14.15,3.57,172.0,RUNNING,11.32,GOOD
2024-01-04 21:00:00,WATER_M01,83.9,0.0,11.57,3.32,177.0,RUNNING,9.25,GOOD
2024-01-04 21:00:00,WATER_B01,83.9,0.0,17.77,3.63,174.0,RUNNING,14.22,GOOD
2024-01-04 22:00:00,WATER_M01,83.9,0.0,15.22,3.47,172.0,RUNNING,12.18,GOOD
2024-01-04 22:00:00,WATER_B01,83.9,0.0,15.15,3.56,187.0,RUNNING,12.12,GOOD
2024-01-04 23:00:00,WATER_M01,83.9,0.0,3.06,3.46,170.0,RUNNING,2.45,GOOD
2024-01-04 23:00:00,WATER_B01,83.9,0.0,4.38,3.36,172.0,RUNNING,3.5,GOOD
2024-01-05 00:00:00,WATER_M01,83.9,0.0,1.96,3.79,176.0,RUNNING,1.57,GOOD
2024-01-05 00:00:00,WATER_B01,83.9,0.0,2.28,3.48,190.0,RUNNING,1.82,GOOD
2024-01-05 01:00:00,WATER_M01,83.9,0.0,3.97,3.72,175.0,RUNNING,3.18,GOOD
2024-01-05 01:00:00,WATER_B01,83.9,0.5,3.2,3.54,196.0,RUNNING,2.56,GOOD
2024-01-05 02:00:00,WATER_M01,83.9,0.0,2.74,3.69,212.0,RUNNING,2.19,GOOD
2024-01-05 02:00:00,WATER_B01,83.8,0.5,4.95,3.78,185.0,RUNNING,3.96,GOOD
2024-01-05 03:00:00,WATER_M01,83.9,0.0,3.01,3.57,178.0,RUNNING,2.41,GOOD
2024-01-05 03:00:00,WATER_B01,83.8,0.0,4.26,3.34,197.0,RUNNING,3.4,GOOD
2024-01-05 04:00:00,WATER_M01,83.9,0.0,2.73,3.38,198.0,RUNNING,2.18,GOOD
2024-01-05 04:00:00,WATER_B01,83.8,0.0,2.01,3.15,199.0,RUNNING,1.61,GOOD
2024-01-05 05:00:00,WATER_M01,83.9,0.0,4.27,3.66,190.0,RUNNING,3.42,GOOD
2024-01-05 05:00:00,WATER_B01,83.8,0.0,1.0,3.85,181.0,RUNNING,0.8,GOOD
2024-01-05 06:00:00,WATER_M01,83.9,0.0,15.39,3.51,189.0,RUNNING,12.31,GOOD
2024-01-05 06:00:00,WATER_B01,83.8,0.0,16.54,3.5,184.0,RUNNING,13.23,GOOD
2024-01-05 07:00:00,WATER_M01,83.9,0.5,13.55,3.9,177.0,RUNNING,10.84,GOOD
2024-01-05 07:00:00,WATER_B01,83.8,0.0,18.19,3.54,186.0,RUNNING,14.55,GOOD
2024-01-05 08:00:00,WATER_M01,83.8,0.0,14.35,3.49,180.0,RUNNING,11.48,GOOD
2024-01-05 08:00:00,WATER_B01,83.8,0.0,13.99,3.58,183.0,RUNNING,11.19,GOOD
2024-01-05 09:00:00,WATER_M01,83.8,0.0,16.58,3.17,185.0,RUNNING,13.26,GOOD
2024-01-05 09:00:00,WATER_B01,83.8,0.0,16.76,4.01,189.0,RUNNING,13.4,GOOD
2024-01-05 10:00:00,WATER_M01,83.8,0.0,12.18,3.23,186.0,RUNNING,9.75,GOOD
2024-01-05 10:00:00,WATER_B01,83.8,0.0,15.46,3.71,178.0,RUNNING,12.37,GOOD
2024-01-05 11:00:00,WATER_M01,83.8,0.0,14.67,3.39,176.0,RUNNING,11.74,GOOD
2024-01-05 11:00:00,WATER_B01,83.7,0.0,16.92,3.45,177.0,RUNNING,13.54,GOOD
2024-01-05 12:00:00,WATER_M01,95.0,50.0,14.28,3.29,156.0,RUNNING,11.43,GOOD
2024-01-05 12:00:00,WATER_B01,95.0,50.0,14.46,3.65,174.0,RUNNING,11.57,GOOD
2024-01-05 13:00:00,WATER_M01,95.0,0.0,15.32,3.5,149.0,RUNNING,12.25,GOOD
2024-01-05 13:00:00,WATER_B01,95.0,0.0,15.62,3.31,160.0,RUNNING,12.5,GOOD
2024-01-05 14:00:00,WATER_M01,95.0,0.0,18.21,3.66,145.0,RUNNING,14.57,GOOD
2024-01-05 14:00:00,WATER_B01,95.0,0.0,17.62,3.38,162.0,RUNNING,14.1,GOOD
2024-01-05 15:00:00,WATER_M01,95.0,0.0,14.34,3.53,150.0,RUNNING,11.47,GOOD
2024-01-05 15:00:00,WATER_B01,95.0,0.0,14.49,3.59,170.0,RUNNING,11.59,GOOD
2024-01-05 16:00:00,WATER_M01,94.9,0.0,17.29,3.69,171.0,RUNNING,13.83,GOOD
2024-01-05 16:00:00,WATER_B01,94.9,0.5,14.93,3.52,182.0,RUNNING,11.95,GOOD
2024-01-05 17:00:00,WATER_M01,94.9,0.0,17.79,3.39,166.0,RUNNING,14.23,GOOD
2024-01-05 17:00:00,WATER_B01,94.9,0.0,15.37,3.56,172.0,RUNNING,12.29,GOOD
2024-01-05 18:00:00,WATER_M01,94.9,0.0,17.21,3.75,170.0,RUNNING,13.77,GOOD
2024-01-05 18:00:00,WATER_B01,94.9,0.0,12.16,3.52,160.0,RUNNING,9.73,GOOD
2024-01-05 19:00:00,WATER_M01,94.9,0.0,13.87,3.22,144.0,RUNNING,11.09,GOOD
2024-01-05 19:00:00,WATER_B01,94.9,0.0,14.22,3.33,166.0,RUNNING,11.38,GOOD
2024-01-05 20:00:00,WATER_M01,94.9,0.0,16.35,3.34,154.0,RUNNING,13.08,GOOD
2024-01-05 20:00:00,WATER_B01,94.9,0.0,14.31,3.57,144.0,RUNNING,11.45,GOOD
2024-01-05 21:00:00,WATER_M01,94.9,0.0,16.36,3.16,164.0,RUNNING,13.09,GOOD
2024-01-05 21:00:00,WATER_B01,94.9,0.0,13.99,3.24,150.0,RUNNING,11.19,GOOD
2024-01-05 22:00:00,WATER_M01,94.8,0.0,15.33,3.65,173.0,RUNNING,12.27,GOOD
2024-01-05 22:00:00,WATER_B01,94.8,0.0,18.64,3.75,166.0,RUNNING,14.91,GOOD
2024-01-05 23:00:00,WATER_M01,94.8,0.0,3.31,3.31,185.0,RUNNING,2.65,GOOD
2024-01-05 23:00:00,WATER_B01,94.8,0.0,3.78,3.39,166.0,RUNNING,3.02,GOOD
2024-01-06 00:00:00,WATER_M01,94.8,0.0,3.03,3.48,170.0,RUNNING,2.42,GOOD
2024-01-06 00:00:00,WATER_B01,94.8,0.0,2.77,3.15,152.0,RUNNING,2.22,GOOD
2024-01-06 01:00:00,WATER_M01,94.8,0.5,1.98,3.21,155.0,RUNNING,1.59,GOOD
2024-01-06 01:00:00,WATER_B01,94.8,0.0,3.95,3.42,155.0,RUNNING,3.16,GOOD
2024-01-06 02:00:00,WATER_M01,94.8,0.0,3.16,3.38,151.0,RUNNING,2.53,GOOD
2024-01-06 02:00:00,WATER_B01,94.8,0.0,4.99,3.02,163.0,RUNNING,3.99,GOOD
2024-01-06 03:00:00,WATER_M01,94.8,0.0,2.86,3.36,156.0,RUNNING,2.28,GOOD
2024-01-06 03:00:00,WATER_B01,94.8,0.0,3.08,3.24,163.0,RUNNING,2.46,GOOD
2024-01-06 04:00:00,WATER_M01,94.8,0.0,3.61,3.48,179.0,RUNNING,2.89,GOOD
2024-01-06 04:00:00,WATER_B01,94.8,0.0,2.16,3.44,171.0,RUNNING,1.73,GOOD
2024-01-06 05:00:00,WATER_M01,94.8,0.0,3.76,3.32,160.0,RUNNING,3.01,GOOD
2024-01-06 05:00:00,WATER_B01,94.8,0.0,4.05,3.5,160.0,RUNNING,3.24,GOOD
2024-01-06 06:00:00,WATER_M01,94.8,0.0,13.17,3.55,168.0,RUNNING,10.54,GOOD
2024-01-06 06:00:00,WATER_B01,94.8,0.0,17.19,3.49,173.0,RUNNING,13.75,GOOD
2024-01-06 07:00:00,WATER_M01,94.8,0.0,12.04,3.37,169.0,RUNNING,9.63,GOOD
2024-01-06 07:00:00,WATER_B01,94.8,0.0,16.39,3.67,162.0,RUNNING,13.11,GOOD
2024-01-06 08:00:00,WATER_M01,94.8,0.0,18.15,3.46,164.0,RUNNING,14.52,GOOD
2024-01-06 08:00:00,WATER_B01,94.8,0.0,13.97,3.75,163.0,RUNNING,11.17,GOOD
2024-01-06 09:00:00,WATER_M01,94.8,0.0,17.49,3.81,166.0,RUNNING,14.0,GOOD
2024-01-06 09:00:00,WATER_B01,94.8,0.0,13.49,3.46,145.0,RUNNING,10.79,GOOD
2024-01-06 10:00:00,WATER_M01,94.7,0.5,14.79,3.73,156.0,RUNNING,11.84,GOOD
2024-01-06 10:00:00,WATER_B01,94.7,0.0,14.71,3.16,138.0,RUNNING,11.77,GOOD
2024-01-06 11:00:00,WATER_M01,94.7,0.0,19.66,3.45,160.0,RUNNING,15.73,GOOD
2024-01-06 11:00:00,WATER_B01,94.7,0.0,16.45,3.46,172.0,RUNNING,13.16,GOOD
2024-01-06 12:00:00,WATER_M01,94.7,0.0,17.07,3.38,169.0,RUNNING,13.65,GOOD
2024-01-06 12:00:00,WATER_B01,94.7,0.0,16.47,3.26,169.0,RUNNING,13.17,GOOD
2024-01-06 13:00:00,WATER_M01,94.7,0.0,18.09,3.33,173.0,RUNNING,14.47,GOOD
2024-01-06 13:00:00,WATER_B01,94.7,0.0,18.71,3.73,159.0,RUNNING,14.97,GOOD
2024-01-06 14:00:00,WATER_M01,94.7,0.0,12.37,3.2,155.0,RUNNING,9.89,GOOD
2024-01-06 14:00:00,WATER_B01,94.7,0.0,14.46,3.58,173.0,RUNNING,11.57,GOOD
2024-01-06 15:00:00,WATER_M01,94.7,0.0,14.7,3.61,156.0,RUNNING,11.76,GOOD
2024-01-06 15:00:00,WATER_B01,94.7,0.0,14.21,3.43,167.0,RUNNING,11.37,GOOD
2024-01-06 16:00:00,WATER_M01,94.6,0.0,18.24,3.27,154.0,RUNNING,14.59,GOOD
2024-01-06 16:00:00,WATER_B01,94.7,0.0,12.86,3.46,159.0,RUNNING,10.29,GOOD
2024-01-06 17:00:00,WATER_M01,94.6,0.0,14.14,3.37,160.0,RUNNING,11.31,GOOD
2024-01-06 17:00:00,WATER_B01,94.6,0.0,15.09,3.3,146.0,RUNNING,12.07,GOOD
2024-01-06 18:00:00,WATER_M01,94.6,0.0,13.49,3.24,161.0,RUNNING,10.8,GOOD
2024-01-06 18:00:00,WATER_B01,94.6,0.0,13.12,3.35,167.0,RUNNING,10.5,GOOD
2024-01-06 19:00:00,WATER_M01,94.6,0.0,13.61,3.21,163.0,RUNNING,10.89,GOOD
2024-01-06 19:00:00,WATER_B01,94.6,0.0,17.37,3.36,160.0,RUNNING,13.9,GOOD
2024-01-06 20:00:00,WATER_M01,94.6,0.0,10.57,3.42,171.0,RUNNING,8.46,GOOD
2024-01-06 20:00:00,WATER_B01,94.6,0.0,15.76,3.35,165.0,RUNNING,12.61,GOOD
2024-01-06 21:00:00,WATER_M01,94.6,0.0,12.3,3.25,173.0,RUNNING,9.84,GOOD
2024-01-06 21:00:00,WATER_B01,94.6,0.0,16.56,3.77,131.0,RUNNING,13.25,GOOD
2024-01-06 22:00:00,WATER_M01,94.6,0.5,10.73,3.44,156.0,RUNNING,8.58,GOOD
2024-01-06 22:00:00,WATER_B01,94.6,0.0,16.7,3.69,175.0,RUNNING,13.36,GOOD
2024-01-06 23:00:00,WATER_M01,94.6,0.5,2.11,3.23,179.0,RUNNING,1.69,GOOD
2024-01-06 23:00:00,WATER_B01,94.6,0.0,3.42,3.95,165.0,RUNNING,2.74,GOOD
2024-01-07 00:00:00,WATER_M01,94.6,0.0,2.28,3.33,163.0,RUNNING,1.82,GOOD
2024-01-07 00:00:00,WATER_B01,94.6,0.0,3.35,3.43,161.0,RUNNING,2.68,GOOD
2024-01-07 01:00:00,WATER_M01,94.6,0.0,2.38,3.58,150.0,RUNNING,1.9,GOOD
2024-01-07 01:00:00,WATER_B01,94.6,0.0,2.59,3.37,141.0,RUNNING,2.08,GOOD
2024-01-07 02:00:00,WATER_M01,94.6,0.0,2.76,3.41,165.0,RUNNING,2.21,GOOD
2024-01-07 02:00:00,WATER_B01,94.5,0.0,4.23,3.49,160.0,RUNNING,3.38,GOOD
2024-01-07 03:00:00,WATER_M01,94.6,0.0,3.98,3.61,156.0,RUNNING,3.18,GOOD
2024-01-07 03:00:00,WATER_B01,94.5,0.0,6.15,3.32,163.0,RUNNING,4.92,GOOD
2024-01-07 04:00:00,WATER_M01,94.6,0.0,3.1,3.42,164.0,RUNNING,2.48,GOOD
2024-01-07 04:00:00,WATER_B01,94.5,0.0,2.89,3.04,154.0,RUNNING,2.31,GOOD
2024-01-07 05:00:00,WATER_M01,94.5,0.0,1.23,3.53,151.0,RUNNING,0.98,GOOD
2024-01-07 05:00:00,WATER_B01,94.5,0.0,3.01,3.94,164.0,RUNNING,2.4,GOOD
2024-01-07 06:00:00,WATER_M01,94.5,0.0,16.67,3.19,163.0,RUNNING,13.33,GOOD
2024-01-07 06:00:00,WATER_B01,94.5,0.0,15.65,3.77,164.0,RUNNING,12.52,GOOD
2024-01-07 07:00:00,WATER_M01,94.5,0.0,14.82,3.87,167.0,RUNNING,11.85,GOOD
2024-01-07 07:00:00,WATER_B01,94.5,0.0,14.54,3.51,169.0,RUNNING,11.63,GOOD
2024-01-07 08:00:00,WATER_M01,94.5,0.0,10.86,3.74,168.0,RUNNING,8.69,GOOD
2024-01-07 08:00:00,WATER_B01,94.5,0.0,17.45,3.5,164.0,RUNNING,13.96,GOOD
2024-01-07 09:00:00,WATER_M01,94.5,0.0,18.77,3.73,154.0,RUNNING,15.01,GOOD
2024-01-07 09:00:00,WATER_B01,94.5,0.0,14.03,3.39,156.0,RUNNING,11.22,GOOD
2024-01-07 10:00:00,WATER_M01,94.5,0.0,12.73,3.76,165.0,RUNNING,10.18,GOOD
2024-01-07 10:00:00,WATER_B01,94.5,0.0,17.07,3.64,162.0,RUNNING,13.66,GOOD
2024-01-07 11:00:00,WATER_M01,94.5,0.5,12.86,3.71,167.0,RUNNING,10.29,GOOD
2024-01-07 11:00:00,WATER_B01,94.4,0.0,16.95,3.34,159.0,RUNNING,13.56,GOOD
2024-01-07 12:00:00,WATER_M01,94.4,0.0,14.52,3.42,159.0,RUNNING,11.62,GOOD
2024-01-07 12:00:00,WATER_B01,94.4,0.0,15.62,3.24,159.0,RUNNING,12.49,GOOD
2024-01-07 13:00:00,WATER_M01,94.4,0.0,15.62,3.47,162.0,RUNNING,12.5,GOOD
2024-01-07 13:00:00,WATER_B01,94.4,0.0,17.34,3.64,167.0,RUNNING,13.87,GOOD
2024-01-07 14:00:00,WATER_M01,94.4,0.0,15.89,3.57,158.0,RUNNING,12.71,GOOD
2024-01-07 14:00:00,WATER_B01,94.4,0.0,11.97,3.76,162.0,RUNNING,9.57,GOOD
2024-01-07 15:00:00,WATER_M01,94.4,0.0,13.67,3.46,172.0,RUNNING,10.94,GOOD
2024-01-07 15:00:00,WATER_B01,94.4,0.0,17.82,3.32,183.0,RUNNING,14.25,GOOD
2024-01-07 16:00:00,WATER_M01,94.4,0.0,17.49,3.72,165.0,RUNNING,13.99,GOOD
2024-01-07 16:00:00,WATER_B01,94.4,0.0,13.46,3.5,159.0,RUNNING,10.76,GOOD
2024-01-07 17:00:00,WATER_M01,94.4,0.0,13.86,3.62,153.0,RUNNING,11.09,GOOD
2024-01-07 17:00:00,WATER_B01,94.3,0.0,14.3,3.7,165.0,RUNNING,11.44,GOOD
2024-01-07 18:00:00,WATER_M01,94.4,0.0,15.02,3.13,173.0,RUNNING,12.01,GOOD
2024-01-07 18:00:00,WATER_B01,94.3,0.0,15.49,3.48,172.0,RUNNING,12.39,GOOD
2024-01-07 19:00:00,WATER_M01,94.3,0.0,15.3,3.57,158.0,RUNNING,12.24,GOOD
2024-01-07 19:00:00,WATER_B01,94.3,0.0,15.45,3.08,166.0,RUNNING,12.36,GOOD
2024-01-07 20:00:00,WATER_M01,94.3,0.0,14.52,3.52,174.0,RUNNING,11.61,GOOD
2024-01-07 20:00:00,WATER_B01,94.3,0.0,13.91,3.69,157.0,RUNNING,11.13,GOOD
2024-01-07 21:00:00,WATER_M01,94.3,0.0,16.19,3.72,174.0,RUNNING,12.95,GOOD
2024-01-07 21:00:00,WATER_B01,94.3,0.0,17.57,3.33,155.0,RUNNING,14.06,GOOD
2024-01-07 22:00:00,WATER_M01,94.3,0.0,14.83,3.29,168.0,RUNNING,11.87,GOOD
2024-01-07 22:00:00,WATER_B01,94.3,0.0,13.85,3.59,170.0,RUNNING,11.08,GOOD
2024-01-07 23:00:00,WATER_M01,94.3,0.0,1.79,3.57,153.0,RUNNING,1.44,GOOD
2024-01-07 23:00:00,WATER_B01,94.3,0.0,3.09,3.27,188.0,RUNNING,2.48,GOOD
2024-01-08 00:00:00,WATER_M01,94.3,0.5,1.82,3.42,176.0,RUNNING,1.45,GOOD
2024-01-08 00:00:00,WATER_B01,94.3,0.0,3.7,3.71,167.0,RUNNING,2.96,GOOD
2024-01-08 01:00:00,WATER_M01,94.3,0.0,3.05,3.36,170.0,RUNNING,2.44,GOOD
2024-01-08 01:00:00,WATER_B01,94.3,0.0,2.38,3.55,173.0,RUNNING,1.9,GOOD
2024-01-08 02:00:00,WATER_M01,94.3,0.0,2.17,3.7,176.0,RUNNING,1.73,GOOD
2024-01-08 02:00:00,WATER_B01,94.3,0.0,3.45,3.41,162.0,RUNNING,2.76,GOOD
2024-01-08 03:00:00,WATER_M01,94.3,0.0,3.41,3.21,171.0,RUNNING,2.73,GOOD
2024-01-08 03:00:00,WATER_B01,94.3,0.0,3.15,3.64,165.0,RUNNING,2.52,GOOD
2024-01-08 04:00:00,WATER_M01,94.3,0.0,4.06,3.43,157.0,RUNNING,3.24,GOOD
2024-01-08 04:00:00,WATER_B01,94.3,0.0,2.9,3.56,169.0,RUNNING,2.32,GOOD
2024-01-08 05:00:00,WATER_M01,94.3,0.5,3.8,3.19,162.0,RUNNING,3.04,GOOD
2024-01-08 05:00:00,WATER_B01,94.3,0.0,2.21,3.51,186.0,RUNNING,1.77,GOOD
2024-01-08 06:00:00,WATER_M01,94.3,0.0,15.17,3.22,154.0,RUNNING,12.13,GOOD
2024-01-08 06:00:00,WATER_B01,94.2,0.0,15.14,3.17,159.0,RUNNING,12.11,GOOD
2024-01-08 07:00:00,WATER_M01,94.2,0.0,15.43,3.53,156.0,RUNNING,12.35,GOOD
2024-01-08 07:00:00,WATER_B01,94.2,0.0,16.57,3.51,166.0,RUNNING,13.26,GOOD
2024-01-08 08:00:00,WATER_M01,94.2,0.0,13.31,3.83,172.0,RUNNING,10.65,GOOD
2024-01-08 08:00:00,WATER_B01,94.2,0.0,15.5,3.47,133.0,RUNNING,12.4,GOOD
2024-01-08 09:00:00,WATER_M01,94.2,0.0,15.65,3.45,170.0,RUNNING,12.52,GOOD
2024-01-08 09:00:00,WATER_B01,94.2,0.0,15.32,2.93,170.0,RUNNING,12.25,GOOD
2024-01-08 10:00:00,WATER_M01,94.2,0.0,14.49,3.63,174.0,RUNNING,11.59,GOOD
2024-01-08 10:00:00,WATER_B01,94.2,0.5,14.89,3.6,148.0,RUNNING,11.91,GOOD
2024-01-08 11:00:00,WATER_M01,94.2,0.0,13.33,3.29,168.0,RUNNING,10.67,GOOD
2024-01-08 11:00:00,WATER_B01,94.2,0.0,13.82,3.21,162.0,RUNNING,11.06,GOOD
2024-01-08 12:00:00,WATER_M01,94.2,0.0,15.7,3.72,171.0,RUNNING,12.56,GOOD
2024-01-08 12:00:00,WATER_B01,94.1,0.0,16.57,3.21,142.0,RUNNING,13.26,GOOD
2024-01-08 13:00:00,WATER_M01,94.2,0.0,15.91,3.75,172.0,RUNNING,12.72,GOOD
2024-01-08 13:00:00,WATER_B01,94.1,0.0,15.87,3.27,173.0,RUNNING,12.7,GOOD
2024-01-08 14:00:00,WATER_M01,94.1,0.5,17.51,3.39,163.0,RUNNING,14.01,GOOD
2024-01-08 14:00:00,WATER_B01,94.1,0.0,14.09,3.52,157.0,RUNNING,11.27,GOOD
2024-01-08 15:00:00,WATER_M01,94.1,0.0,16.4,3.31,159.0,RUNNING,13.12,GOOD
2024-01-08 15:00:00,WATER_B01,94.1,0.0,13.06,3.44,154.0,RUNNING,10.44,GOOD
2024-01-08 16:00:00,WATER_M01,94.1,0.0,15.53,3.78,151.0,RUNNING,12.42,GOOD
2024-01-08 16:00:00,WATER_B01,94.1,0.0,15.79,3.25,158.0,RUNNING,12.63,GOOD
2024-01-08 17:00:00,WATER_M01,94.1,0.0,16.38,3.62,167.0,RUNNING,13.11,GOOD
2024-01-08 17:00:00,WATER_B01,94.1,0.0,14.04,3.51,163.0,RUNNING,11.23,GOOD
2024-01-08 18:00:00,WATER_M01,94.1,0.0,15.99,3.27,145.0,RUNNING,12.79,GOOD
2024-01-08 18:00:00,WATER_B01,94.1,0.0,13.98,3.37,163.0,RUNNING,11.19,GOOD
2024-01-08 19:00:00,WATER_M01,94.1,0.0,15.67,3.56,151.0,RUNNING,12.54,GOOD
2024-01-08 19:00:00,WATER_B01,94.0,0.0,15.61,3.79,165.0,RUNNING,12.49,GOOD
2024-01-08 20:00:00,WATER_M01,94.0,0.0,17.71,3.46,158.0,RUNNING,14.17,GOOD
2024-01-08 20:00:00,WATER_B01,94.0,0.0,14.21,3.49,169.0,RUNNING,11.37,GOOD
2024-01-08 21:00:00,WATER_M01,94.0,0.5,13.14,3.34,166.0,RUNNING,10.51,GOOD
2024-01-08 21:00:00,WATER_B01,94.0,0.0,16.35,2.88,146.0,RUNNING,13.08,GOOD
2024-01-08 22:00:00,WATER_M01,94.0,0.0,18.87,3.24,168.0,RUNNING,15.09,GOOD
2024-01-08 22:00:00,WATER_B01,94.0,0.0,15.72,3.47,162.0,RUNNING,12.58,GOOD
2024-01-08 23:00:00,WATER_M01,94.0,0.0,2.47,3.81,167.0,RUNNING,1.97,GOOD
2024-01-08 23:00:00,WATER_B01,94.0,0.0,3.92,3.08,162.0,RUNNING,3.13,GOOD
2024-01-09 00:00:00,WATER_M01,94.0,0.0,2.57,3.47,152.0,RUNNING,2.05,GOOD
2024-01-09 00:00:00,WATER_B01,94.0,0.0,2.75,3.78,152.0,RUNNING,2.2,GOOD
2024-01-09 01:00:00,WATER_M01,94.0,0.0,3.24,3.82,166.0,RUNNING,2.6,GOOD
2024-01-09 01:00:00,WATER_B01,94.0,0.0,2.19,3.74,160.0,RUNNING,1.75,GOOD
2024-01-09 02:00:00,WATER_M01,94.0,0.5,2.06,3.52,165.0,RUNNING,1.65,GOOD
2024-01-09 02:00:00,WATER_B01,94.0,0.0,3.77,3.34,145.0,RUNNING,3.01,GOOD
2024-01-09 03:00:00,WATER_M01,94.0,0.0,4.1,3.86,158.0,RUNNING,3.28,GOOD
2024-01-09 03:00:00,WATER_B01,94.0,0.0,2.78,3.49,170.0,RUNNING,2.23,GOOD
2024-01-09 04:00:00,WATER_M01,94.0,0.0,4.06,3.45,156.0,RUNNING,3.25,GOOD
2024-01-09 04:00:00,WATER_B01,94.0,0.0,1.64,3.74,160.0,RUNNING,1.31,GOOD
2024-01-09 05:00:00,WATER_M01,94.0,0.0,3.03,3.51,158.0,RUNNING,2.42,GOOD
2024-01-09 05:00:00,WATER_B01,94.0,0.0,3.86,3.48,174.0,RUNNING,3.09,GOOD
2024-01-09 06:00:00,WATER_M01,94.0,0.0,16.51,3.3,162.0,RUNNING,13.21,GOOD
2024-01-09 06:00:00,WATER_B01,94.0,0.0,16.16,3.39,161.0,RUNNING,12.93,GOOD
2024-01-09 07:00:00,WATER_M01,94.0,0.0,17.41,3.54,158.0,RUNNING,13.93,GOOD
2024-01-09 07:00:00,WATER_B01,93.9,0.0,16.02,3.49,152.0,RUNNING,12.82,GOOD
2024-01-09 08:00:00,WATER_M01,93.9,0.0,15.44,3.27,174.0,RUNNING,12.35,GOOD
2024-01-09 08:00:00,WATER_B01,93.9,0.0,14.82,3.29,147.0,RUNNING,11.86,GOOD
2024-01-09 09:00:00,WATER_M01,93.9,0.0,17.12,3.73,171.0,RUNNING,13.7,GOOD
2024-01-09 09:00:00,WATER_B01,93.9,0.0,15.54,3.62,156.0,RUNNING,12.43,GOOD
2024-01-09 10:00:00,WATER_M01,93.9,0.0,15.27,3.59,154.0,RUNNING,12.22,GOOD
2024-01-09 10:00:00,WATER_B01,93.9,0.0,14.15,3.46,155.0,RUNNING,11.32,GOOD
2024-01-09 11:00:00,WATER_M01,93.9,0.0,14.89,3.48,157.0,RUNNING,11.91,GOOD
2024-01-09 11:00:00,WATER_B01,93.9,0.0,10.88,3.31,164.0,RUNNING,8.7,GOOD
2024-01-09 12:00:00,WATER_M01,93.9,0.0,14.85,3.57,170.0,RUNNING,11.88,GOOD
2024-01-09 12:00:00,WATER_B01,93.9,0.5,13.27,3.35,157.0,RUNNING,10.62,GOOD
2024-01-09 13:00:00,WATER_M01,93.9,0.5,13.35,3.57,190.0,RUNNING,10.68,GOOD
2024-01-09 13:00:00,WATER_B01,93.9,0.0,13.27,3.34,156.0,RUNNING,10.62,GOOD
2024-01-09 14:00:00,WATER_M01,93.9,0.0,15.87,3.38,148.0,RUNNING,12.7,GOOD
2024-01-09 14:00:00,WATER_B01,93.8,0.0,13.73,3.42,157.0,RUNNING,10.98,GOOD
2024-01-09 15:00:00,WATER_M01,93.8,0.0,13.75,3.54,136.0,RUNNING,11.0,GOOD
2024-01-09 15:00:00,WATER_B01,93.8,0.0,16.31,3.41,170.0,RUNNING,13.05,GOOD
2024-01-09 16:00:00,WATER_M01,93.8,0.0,17.45,3.52,147.0,RUNNING,13.96,GOOD
2024-01-09 16:00:00,WATER_B01,93.8,0.0,19.1,3.29,155.0,RUNNING,15.28,GOOD
2024-01-09 17:00:00,WATER_M01,93.8,0.0,16.7,3.52,162.0,RUNNING,13.36,GOOD
2024-01-09 17:00:00,WATER_B01,93.8,0.0,12.71,3.79,160.0,RUNNING,10.17,GOOD
2024-01-09 18:00:00,WATER_M01,93.8,0.0,16.06,3.42,156.0,RUNNING,12.85,GOOD
2024-01-09 18:00:00,WATER_B01,93.8,0.5,14.42,3.58,158.0,RUNNING,11.54,GOOD
2024-01-09 19:00:00,WATER_M01,93.8,0.0,14.42,3.49,155.0,RUNNING,11.54,GOOD
2024-01-09 19:00:00,WATER_B01,93.8,0.0,17.41,3.58,169.0,RUNNING,13.93,GOOD
2024-01-09 20:00:00,WATER_M01,93.8,0.0,15.59,3.4,147.0,RUNNING,12.47,GOOD
2024-01-09 20:00:00,WATER_B01,93.8,0.0,17.59,3.5,178.0,RUNNING,14.07,GOOD
2024-01-09 21:00:00,WATER_M01,93.7,0.0,13.15,3.68,159.0,RUNNING,10.52,GOOD
2024-01-09 21:00:00,WATER_B01,93.7,0.0,16.37,3.46,171.0,RUNNING,13.09,GOOD
2024-01-09 22:00:00,WATER_M01,93.7,0.0,16.5,3.78,162.0,RUNNING,13.2,GOOD
2024-01-09 22:00:00,WATER_B01,93.7,0.0,15.66,3.57,180.0,RUNNING,12.53,GOOD
2024-01-09 23:00:00,WATER_M01,93.7,0.0,3.1,3.3,175.0,RUNNING,2.48,GOOD
2024-01-09 23:00:00,WATER_B01,93.7,0.0,3.57,3.42,165.0,RUNNING,2.86,GOOD
2024-01-10 00:00:00,WATER_M01,93.7,0.0,3.44,3.22,162.0,RUNNING,2.75,GOOD
2024-01-10 00:00:00,WATER_B01,93.7,0.0,2.25,3.77,135.0,RUNNING,1.8,GOOD
2024-01-10 01:00:00,WATER_M01,93.7,0.0,2.53,3.69,172.0,RUNNING,2.02,GOOD
2024-01-10 01:00:00,WATER_B01,93.7,0.0,4.94,3.75,177.0,RUNNING,3.95,GOOD
2024-01-10 02:00:00,WATER_M01,93.7,0.0,4.81,3.44,163.0,RUNNING,3.85,GOOD
2024-01-10 02:00:00,WATER_B01,93.7,0.0,2.09,3.42,168.0,RUNNING,1.67,GOOD
2024-01-10 03:00:00,WATER_M01,93.7,0.5,3.12,3.59,155.0,RUNNING,2.49,GOOD
2024-01-10 03:00:00,WATER_B01,93.7,0.0,1.57,3.77,164.0,RUNNING,1.25,GOOD
2024-01-10 04:00:00,WATER_M01,93.7,0.0,2.98,3.76,152.0,RUNNING,2.38,GOOD
2024-01-10 04:00:00,WATER_B01,93.7,0.0,1.87,3.76,149.0,RUNNING,1.5,GOOD
2024-01-10 05:00:00,WATER_M01,93.7,0.5,2.82,3.48,153.0,RUNNING,2.26,GOOD
2024-01-10 05:00:00,WATER_B01,93.7,0.0,3.09,3.38,162.0,RUNNING,2.47,GOOD
2024-01-10 06:00:00,WATER_M01,93.7,0.5,14.48,3.67,139.0,RUNNING,11.59,GOOD
2024-01-10 06:00:00,WATER_B01,93.7,0.0,13.81,3.49,144.0,RUNNING,11.05,GOOD
2024-01-10 07:00:00,WATER_M01,93.7,0.0,19.14,3.57,167.0,RUNNING,15.31,GOOD
2024-01-10 07:00:00,WATER_B01,93.7,0.0,15.46,3.5,143.0,RUNNING,12.36,GOOD
2024-01-10 08:00:00,WATER_M01,93.7,0.0,12.4,3.55,164.0,RUNNING,9.92,GOOD
2024-01-10 08:00:00,WATER_B01,93.7,0.0,12.83,3.81,173.0,RUNNING,10.27,GOOD
2024-01-10 09:00:00,WATER_M01,93.6,0.0,11.53,3.19,166.0,RUNNING,9.22,GOOD
2024-01-10 09:00:00,WATER_B01,93.6,0.0,14.72,3.62,139.0,RUNNING,11.78,GOOD
2024-01-10 10:00:00,WATER_M01,93.6,0.0,12.0,3.51,169.0,RUNNING,9.6,GOOD
2024-01-10 10:00:00,WATER_B01,93.6,0.0,13.35,3.21,165.0,RUNNING,10.68,GOOD
2024-01-10 11:00:00,WATER_M01,93.6,0.0,16.99,3.44,154.0,RUNNING,13.59,GOOD
2024-01-10 11:00:00,WATER_B01,93.6,0.0,14.85,3.5,156.0,RUNNING,11.88,GOOD
2024-01-10 12:00:00,WATER_M01,93.6,0.0,15.02,3.36,161.0,RUNNING,12.01,GOOD
2024-01-10 12:00:00,WATER_B01,93.6,0.0,13.07,3.33,165.0,RUNNING,10.46,GOOD
2024-01-10 13:00:00,WATER_M01,93.6,0.0,14.76,3.67,163.0,RUNNING,11.81,GOOD
2024-01-10 13:00:00,WATER_B01,93.6,0.0,12.97,3.25,167.0,RUNNING,10.38,GOOD
2024-01-10 14:00:00,WATER_M01,93.6,0.0,12.97,3.34,165.0,RUNNING,10.38,GOOD
2024-01-10 14:00:00,WATER_B01,93.6,0.0,16.31,3.45,165.0,RUNNING,13.05,GOOD
2024-01-10 15:00:00,WATER_M01,93.6,0.0,10.56,3.72,168.0,RUNNING,8.45,GOOD
2024-01-10 15:00:00,WATER_B01,93.6,0.0,13.77,3.49,166.0,RUNNING,11.01,GOOD
2024-01-10 16:00:00,WATER_M01,93.6,0.0,13.11,3.81,159.0,RUNNING,10.49,GOOD
2024-01-10 16:00:00,WATER_B01,93.5,0.0,16.37,3.79,142.0,RUNNING,13.09,GOOD
2024-01-10 17:00:00,WATER_M01,93.5,0.0,10.01,3.92,143.0,RUNNING,8.01,GOOD
2024-01-10 17:00:00,WATER_B01,93.5,0.0,14.16,3.71,162.0,RUNNING,11.33,GOOD
2024-01-10 18:00:00,WATER_M01,93.5,0.0,18.78,3.55,162.0,RUNNING,15.02,GOOD
2024-01-10 18:00:00,WATER_B01,93.5,0.0,15.46,3.64,177.0,RUNNING,12.37,GOOD
2024-01-10 19:00:00,WATER_M01,93.5,0.0,14.22,3.62,169.0,RUNNING,11.38,GOOD
2024-01-10 19:00:00,WATER_B01,93.5,0.0,16.34,3.75,156.0,RUNNING,13.08,GOOD
2024-01-10 20:00:00,WATER_M01,93.5,0.0,12.76,3.67,172.0,RUNNING,10.21,GOOD
2024-01-10 20:00:00,WATER_B01,93.5,0.0,16.88,3.48,165.0,RUNNING,13.5,GOOD
2024-01-10 21:00:00,WATER_M01,93.5,0.0,15.96,3.68,179.0,RUNNING,12.77,GOOD
2024-01-10 21:00:00,WATER_B01,93.5,0.0,17.14,3.63,171.0,RUNNING,13.72,GOOD
2024-01-10 22:00:00,WATER_M01,93.5,0.0,18.88,3.45,173.0,RUNNING,15.11,GOOD
2024-01-10 22:00:00,WATER_B01,93.4,0.0,17.21,3.4,157.0,RUNNING,13.77,GOOD
2024-01-10 23:00:00,WATER_M01,93.5,0.0,4.59,3.45,155.0,RUNNING,3.67,GOOD
2024-01-10 23:00:00,WATER_B01,93.4,0.0,4.62,3.4,166.0,RUNNING,3.69,GOOD
2024-01-11 00:00:00,WATER_M01,93.5,0.0,2.17,3.44,161.0,RUNNING,1.74,GOOD
2024-01-11 00:00:00,WATER_B01,93.4,0.0,1.77,3.61,156.0,RUNNING,1.41,GOOD
2024-01-11 01:00:00,WATER_M01,93.5,0.0,3.83,3.35,175.0,RUNNING,3.06,GOOD
2024-01-11 01:00:00,WATER_B01,93.4,0.0,4.48,3.41,165.0,RUNNING,3.59,GOOD
2024-01-11 02:00:00,WATER_M01,93.4,0.0,3.69,3.58,173.0,RUNNING,2.95,GOOD
2024-01-11 02:00:00,WATER_B01,93.4,0.0,2.3,3.8,168.0,RUNNING,1.84,GOOD
2024-01-11 03:00:00,WATER_M01,93.4,0.0,1.95,3.21,154.0,RUNNING,1.56,GOOD
2024-01-11 03:00:00,WATER_B01,93.4,0.0,3.6,3.63,162.0,RUNNING,2.88,GOOD
2024-01-11 04:00:00,WATER_M01,93.4,0.0,3.35,3.47,155.0,RUNNING,2.68,GOOD
2024-01-11 04:00:00,WATER_B01,93.4,0.0,2.69,3.5,178.0,RUNNING,2.15,GOOD
2024-01-11 05:00:00,WATER_M01,93.4,0.0,3.07,3.76,151.0,RUNNING,2.46,GOOD
2024-01-11 05:00:00,WATER_B01,93.4,0.0,2.53,3.59,170.0,RUNNING,2.02,GOOD
2024-01-11 06:00:00,WATER_M01,93.4,0.0,15.89,3.25,170.0,RUNNING,12.71,GOOD
2024-01-11 06:00:00,WATER_B01,93.4,0.0,15.93,3.61,169.0,RUNNING,12.75,GOOD
2024-01-11 07:00:00,WATER_M01,93.4,0.0,15.25,3.03,174.0,RUNNING,12.2,GOOD
2024-01-11 07:00:00,WATER_B01,93.4,0.0,16.4,3.36,156.0,RUNNING,13.12,GOOD
2024-01-11 08:00:00,WATER_M01,93.4,0.0,16.14,3.36,173.0,RUNNING,12.91,GOOD
2024-01-11 08:00:00,WATER_B01,93.4,0.0,19.65,3.58,166.0,RUNNING,15.72,GOOD
2024-01-11 09:00:00,WATER_M01,93.4,0.0,12.36,3.54,135.0,RUNNING,9.89,GOOD
2024-01-11 09:00:00,WATER_B01,93.4,0.0,14.98,3.45,173.0,RUNNING,11.99,GOOD
2024-01-11 10:00:00,WATER_M01,93.4,0.0,13.15,3.72,154.0,RUNNING,10.52,GOOD
2024-01-11 10:00:00,WATER_B01,93.3,0.0,15.41,3.85,148.0,RUNNING,12.32,GOOD
2024-01-11 11:00:00,WATER_M01,93.4,0.0,12.34,3.52,149.0,RUNNING,9.87,GOOD
2024-01-11 11:00:00,WATER_B01,93.3,0.5,16.62,3.64,168.0,RUNNING,13.29,GOOD
2024-01-11 12:00:00,WATER_M01,93.3,0.0,14.52,3.18,167.0,RUNNING,11.62,GOOD
2024-01-11 12:00:00,WATER_B01,93.3,0.5,14.85,3.63,159.0,RUNNING,11.88,GOOD
2024-01-11 13:00:00,WATER_M01,93.3,0.0,12.75,3.87,183.0,RUNNING,10.2,GOOD
2024-01-11 13:00:00,WATER_B01,93.3,0.0,14.74,3.14,155.0,RUNNING,11.79,GOOD
2024-01-11 14:00:00,WATER_M01,93.3,0.0,16.06,3.75,162.0,RUNNING,12.84,GOOD
2024-01-11 14:00:00,WATER_B01,93.3,0.0,13.88,3.51,157.0,RUNNING,11.1,GOOD
2024-01-11 15:00:00,WATER_M01,93.3,0.0,16.99,3.57,167.0,RUNNING,13.59,GOOD
2024-01-11 15:00:00,WATER_B01,93.3,0.5,16.82,3.37,168.0,RUNNING,13.46,GOOD
2024-01-11 16:00:00,WATER_M01,93.3,0.0,14.33,3.39,166.0,RUNNING,11.46,GOOD
2024-01-11 16:00:00,WATER_B01,93.2,0.5,15.3,3.65,168.0,RUNNING,12.24,GOOD
2024-01-11 17:00:00,WATER_M01,93.3,0.0,16.89,3.44,183.0,RUNNING,13.52,GOOD
2024-01-11 17:00:00,WATER_B01,93.2,0.0,14.7,3.47,157.0,RUNNING,11.76,GOOD
2024-01-11 18:00:00,WATER_M01,93.2,0.0,14.76,3.67,180.0,RUNNING,11.81,GOOD
2024-01-11 18:00:00,WATER_B01,93.2,0.0,14.0,3.38,151.0,RUNNING,11.2,GOOD
2024-01-11 19:00:00,WATER_M01,93.2,0.0,15.45,3.38,164.0,RUNNING,12.36,GOOD
2024-01-11 19:00:00,WATER_B01,93.2,0.5,15.89,3.49,162.0,RUNNING,12.71,GOOD
2024-01-11 20:00:00,WATER_M01,93.2,0.0,9.21,3.61,154.0,RUNNING,7.37,GOOD
2024-01-11 20:00:00,WATER_B01,93.2,0.0,12.93,3.31,164.0,RUNNING,10.34,GOOD
2024-01-11 21:00:00,WATER_M01,93.2,0.0,14.42,3.83,175.0,RUNNING,11.53,GOOD
2024-01-11 21:00:00,WATER_B01,93.2,0.0,13.39,3.71,177.0,RUNNING,10.71,GOOD
2024-01-11 22:00:00,WATER_M01,93.2,0.5,17.12,3.59,157.0,RUNNING,13.7,GOOD
2024-01-11 22:00:00,WATER_B01,93.2,0.0,15.25,3.05,171.0,RUNNING,12.2,GOOD
2024-01-11 23:00:00,WATER_M01,93.2,0.0,3.02,3.65,166.0,RUNNING,2.42,GOOD
2024-01-11 23:00:00,WATER_B01,93.2,0.0,2.92,3.68,165.0,RUNNING,2.34,GOOD
2024-01-12 00:00:00,WATER_M01,93.2,0.0,3.87,3.35,162.0,RUNNING,3.1,GOOD
2024-01-12 00:00:00,WATER_B01,93.2,0.0,1.88,3.68,174.0,RUNNING,1.5,GOOD
2024-01-12 01:00:00,WATER_M01,93.2,0.0,2.68,3.39,172.0,RUNNING,2.14,GOOD
2024-01-12 01:00:00,WATER_B01,93.2,0.0,2.5,3.38,152.0,RUNNING,2.0,GOOD
2024-01-12 02:00:00,WATER_M01,93.2,0.0,3.79,3.77,158.0,RUNNING,3.03,GOOD
2024-01-12 02:00:00,WATER_B01,93.2,0.0,3.12,3.62,156.0,RUNNING,2.5,GOOD
2024-01-12 03:00:00,WATER_M01,93.2,0.0,2.64,3.65,166.0,RUNNING,2.11,GOOD
2024-01-12 03:00:00,WATER_B01,93.2,0.0,2.78,3.49,161.0,RUNNING,2.23,GOOD
2024-01-12 04:00:00,WATER_M01,93.2,0.0,1.69,3.4,167.0,RUNNING,1.35,GOOD
2024-01-12 04:00:00,WATER_B01,93.1,0.0,2.56,3.56,174.0,RUNNING,2.05,GOOD
2024-01-12 05:00:00,WATER_M01,93.2,0.0,3.15,3.55,169.0,RUNNING,2.52,GOOD
2024-01-12 05:00:00,WATER_B01,93.1,0.0,2.45,3.59,172.0,RUNNING,1.96,GOOD
2024-01-12 06:00:00,WATER_M01,93.2,0.0,11.49,3.16,165.0,RUNNING,9.2,GOOD
2024-01-12 06:00:00,WATER_B01,93.1,0.0,12.81,3.65,173.0,RUNNING,10.25,GOOD
2024-01-12 07:00:00,WATER_M01,93.1,0.0,13.48,3.84,159.0,RUNNING,10.78,GOOD
2024-01-12 07:00:00,WATER_B01,93.1,0.5,9.44,3.5,163.0,RUNNING,7.55,GOOD
2024-01-12 08:00:00,WATER_M01,93.1,0.5,17.93,3.53,170.0,RUNNING,14.35,GOOD
2024-01-12 08:00:00,WATER_B01,93.1,0.5,14.81,3.54,162.0,RUNNING,11.85,GOOD
2024-01-12 09:00:00,WATER_M01,93.1,0.0,14.29,3.27,157.0,RUNNING,11.43,GOOD
2024-01-12 09:00:00,WATER_B01,93.1,0.0,15.92,3.15,169.0,RUNNING,12.73,GOOD
2024-01-12 10:00:00,WATER_M01,93.1,0.0,15.15,3.52,165.0,RUNNING,12.12,GOOD
2024-01-12 10:00:00,WATER_B01,93.1,0.0,14.34,3.42,177.0,RUNNING,11.47,GOOD
2024-01-12 11:00:00,WATER_M01,93.1,0.0,14.77,3.64,158.0,RUNNING,11.82,GOOD
2024-01-12 11:00:00,WATER_B01,93.1,0.0,17.3,3.38,165.0,RUNNING,13.84,GOOD
2024-01-12 12:00:00,WATER_M01,93.1,0.0,18.28,3.59,156.0,RUNNING,14.63,GOOD
2024-01-12 12:00:00,WATER_B01,93.0,0.0,16.56,3.38,177.0,RUNNING,13.25,GOOD
2024-01-12 13:00:00,WATER_M01,93.1,0.0,16.59,3.33,172.0,RUNNING,13.27,GOOD
2024-01-12 13:00:00,WATER_B01,93.0,0.5,17.75,3.56,157.0,RUNNING,14.2,GOOD
2024-01-12 14:00:00,WATER_M01,93.0,0.0,12.83,3.88,177.0,RUNNING,10.26,GOOD
2024-01-12 14:00:00,WATER_B01,93.0,0.0,14.88,3.63,164.0,RUNNING,11.91,GOOD
2024-01-12 15:00:00,WATER_M01,93.0,0.0,18.09,3.77,161.0,RUNNING,14.48,GOOD
2024-01-12 15:00:00,WATER_B01,93.0,0.5,19.49,3.3,175.0,RUNNING,15.59,GOOD
2024-01-12 16:00:00,WATER_M01,93.0,0.0,13.49,3.59,177.0,RUNNING,10.79,GOOD
2024-01-12 16:00:00,WATER_B01,93.0,0.0,16.98,3.72,171.0,RUNNING,13.59,GOOD
2024-01-12 17:00:00,WATER_M01,93.0,0.0,12.72,3.69,160.0,RUNNING,10.17,GOOD
2024-01-12 17:00:00,WATER_B01,93.0,0.0,14.26,3.44,168.0,RUNNING,11.41,GOOD
2024-01-12 18:00:00,WATER_M01,93.0,0.0,18.04,3.34,163.0,RUNNING,14.43,GOOD
2024-01-12 18:00:00,WATER_B01,92.9,0.0,18.33,3.4,159.0,RUNNING,14.67,GOOD
2024-01-12 19:00:00,WATER_M01,93.0,0.0,16.07,3.18,167.0,RUNNING,12.86,GOOD
2024-01-12 19:00:00,WATER_B01,92.9,0.0,14.11,3.69,153.0,RUNNING,11.29,GOOD
2024-01-12 20:00:00,WATER_M01,92.9,0.0,16.62,3.42,188.0,RUNNING,13.3,GOOD
2024-01-12 20:00:00,WATER_B01,92.9,0.0,11.49,3.45,180.0,RUNNING,9.19,GOOD
2024-01-12 21:00:00,WATER_M01,92.9,0.0,17.82,3.7,151.0,RUNNING,14.25,GOOD
2024-01-12 21:00:00,WATER_B01,92.9,0.0,15.26,3.66,167.0,RUNNING,12.2,GOOD
2024-01-12 22:00:00,WATER_M01,92.9,0.0,15.24,3.3,179.0,RUNNING,12.19,GOOD
2024-01-12 22:00:00,WATER_B01,92.9,0.0,16.54,3.06,184.0,RUNNING,13.23,GOOD
2024-01-12 23:00:00,WATER_M01,92.9,0.0,2.93,3.48,152.0,RUNNING,2.34,GOOD
2024-01-12 23:00:00,WATER_B01,92.9,0.0,4.52,3.82,168.0,RUNNING,3.62,GOOD
2024-01-13 00:00:00,WATER_M01,92.9,0.0,1.89,3.72,154.0,RUNNING,1.52,GOOD
2024-01-13 00:00:00,WATER_B01,92.9,0.0,4.12,3.27,172.0,RUNNING,3.29,GOOD
2024-01-13 01:00:00,WATER_M01,92.9,0.5,4.22,3.8,165.0,RUNNING,3.38,GOOD
2024-01-13 01:00:00,WATER_B01,92.9,0.5,4.79,3.21,168.0,RUNNING,3.83,GOOD
2024-01-13 02:00:00,WATER_M01,92.9,0.0,1.95,3.44,163.0,RUNNING,1.56,GOOD
2024-01-13 02:00:00,WATER_B01,92.9,0.0,2.83,3.81,182.0,RUNNING,2.26,GOOD
2024-01-13 03:00:00,WATER_M01,92.9,0.0,1.6,3.79,176.0,RUNNING,1.28,GOOD
2024-01-13 03:00:00,WATER_B01,92.9,0.0,3.31,3.59,162.0,RUNNING,2.65,GOOD
2024-01-13 04:00:00,WATER_M01,92.9,0.5,3.1,3.37,160.0,RUNNING,2.48,GOOD
2024-01-13 04:00:00,WATER_B01,92.9,0.0,3.16,3.5,178.0,RUNNING,2.53,GOOD
2024-01-13 05:00:00,WATER_M01,92.9,0.0,1.47,3.09,155.0,RUNNING,1.18,GOOD
2024-01-13 05:00:00,WATER_B01,92.9,0.0,3.38,3.8,154.0,RUNNING,2.7,GOOD
2024-01-13 06:00:00,WATER_M01,92.9,0.0,12.09,3.31,158.0,RUNNING,9.67,GOOD
2024-01-13 06:00:00,WATER_B01,92.8,0.0,15.42,3.16,146.0,RUNNING,12.33,GOOD
2024-01-13 07:00:00,WATER_M01,92.9,0.5,15.57,3.12,172.0,RUNNING,12.45,GOOD
2024-01-13 07:00:00,WATER_B01,92.8,0.0,16.86,3.47,171.0,RUNNING,13.49,GOOD
2024-01-13 08:00:00,WATER_M01,92.9,0.0,13.84,3.58,154.0,RUNNING,11.07,GOOD
2024-01-13 08:00:00,WATER_B01,92.8,0.0,13.54,3.56,158.0,RUNNING,10.83,GOOD
2024-01-13 09:00:00,WATER_M01,92.8,0.0,17.06,3.86,164.0,RUNNING,13.64,GOOD
2024-01-13 09:00:00,WATER_B01,92.8,0.0,14.56,3.94,180.0,RUNNING,11.65,GOOD
2024-01-13 10:00:00,WATER_M01,92.8,0.0,13.83,3.82,163.0,RUNNING,11.07,GOOD
2024-01-13 10:00:00,WATER_B01,92.8,0.0,13.85,3.71,162.0,RUNNING,11.08,GOOD
2024-01-13 11:00:00,WATER_M01,92.8,0.0,13.39,3.56,152.0,RUNNING,10.71,GOOD
2024-01-13 11:00:00,WATER_B01,92.8,0.5,13.02,3.41,165.0,RUNNING,10.41,GOOD
2024-01-13 12:00:00,WATER_M01,92.8,0.0,12.71,3.86,169.0,RUNNING,10.16,GOOD
2024-01-13 12:00:00,WATER_B01,92.8,0.0,16.56,3.78,182.0,RUNNING,13.24,GOOD
2024-01-13 13:00:00,WATER_M01,92.8,0.0,18.0,3.16,142.0,RUNNING,14.4,GOOD
2024-01-13 13:00:00,WATER_B01,92.7,0.0,13.89,3.1,189.0,RUNNING,11.11,GOOD
2024-01-13 14:00:00,WATER_M01,92.8,0.5,14.13,3.72,162.0,RUNNING,11.3,GOOD
2024-01-13 14:00:00,WATER_B01,92.7,0.0,12.82,2.87,175.0,RUNNING,10.26,GOOD
2024-01-13 15:00:00,WATER_M01,92.7,0.0,15.36,3.79,171.0,RUNNING,12.29,GOOD
2024-01-13 15:00:00,WATER_B01,92.7,0.0,17.7,3.44,160.0,RUNNING,14.16,GOOD
2024-01-13 16:00:00,WATER_M01,92.7,0.0,15.98,3.4,153.0,RUNNING,12.79,GOOD
2024-01-13 16:00:00,WATER_B01,92.7,0.0,17.04,3.31,164.0,RUNNING,13.63,GOOD
2024-01-13 17:00:00,WATER_M01,92.7,0.0,14.28,3.48,164.0,RUNNING,11.42,GOOD
2024-01-13 17:00:00,WATER_B01,92.7,0.0,13.86,3.17,152.0,RUNNING,11.09,GOOD
2024-01-13 18:00:00,WATER_M01,92.7,0.0,15.27,3.57,166.0,RUNNING,12.22,GOOD
2024-01-13 18:00:00,WATER_B01,92.7,0.0,15.15,3.42,169.0,RUNNING,12.12,GOOD
2024-01-13 19:00:00,WATER_M01,92.7,0.0,18.27,3.62,164.0,RUNNING,14.61,GOOD
2024-01-13 19:00:00,WATER_B01,92.7,0.0,14.23,3.26,168.0,RUNNING,11.39,GOOD
2024-01-13 20:00:00,WATER_M01,92.7,0.0,13.23,3.37,167.0,RUNNING,10.59,GOOD
2024-01-13 20:00:00,WATER_B01,92.6,0.5,13.89,3.65,165.0,RUNNING,11.12,GOOD
2024-01-13 21:00:00,WATER_M01,92.7,0.0,15.52,3.42,154.0,RUNNING,12.42,GOOD
2024-01-13 21:00:00,WATER_B01,92.6,0.0,17.91,3.27,163.0,RUNNING,14.33,GOOD
2024-01-13 22:00:00,WATER_M01,92.6,0.5,14.97,3.23,170.0,RUNNING,11.98,GOOD
2024-01-13 22:00:00,WATER_B01,92.6,0.0,12.73,3.57,159.0,RUNNING,10.19,GOOD
2024-01-13 23:00:00,WATER_M01,92.6,0.0,2.7,3.55,161.0,RUNNING,2.16,GOOD
2024-01-13 23:00:00,WATER_B01,92.6,0.0,4.57,3.28,170.0,RUNNING,3.66,GOOD
2024-01-14 00:00:00,WATER_M01,92.6,0.0,2.01,3.52,175.0,RUNNING,1.6,GOOD
2024-01-14 00:00:00,WATER_B01,92.6,0.0,2.89,3.46,168.0,RUNNING,2.31,GOOD
2024-01-14 01:00:00,WATER_M01,92.6,0.0,2.94,3.48,176.0,RUNNING,2.35,GOOD
2024-01-14 01:00:00,WATER_B01,92.6,0.0,2.36,3.58,152.0,RUNNING,1.89,GOOD
2024-01-14 02:00:00,WATER_M01,92.6,0.0,4.0,3.51,192.0,RUNNING,3.2,GOOD
2024-01-14 02:00:00,WATER_B01,92.6,0.0,4.37,3.32,168.0,RUNNING,3.49,GOOD
2024-01-14 03:00:00,WATER_M01,92.6,0.0,4.67,3.63,172.0,RUNNING,3.74,GOOD
2024-01-14 03:00:00,WATER_B01,92.6,0.5,1.25,3.6,160.0,RUNNING,1.0,GOOD
2024-01-14 04:00:00,WATER_M01,92.6,0.0,1.98,3.37,160.0,RUNNING,1.58,GOOD
2024-01-14 04:00:00,WATER_B01,92.6,0.0,2.27,3.24,166.0,RUNNING,1.82,GOOD
2024-01-14 05:00:00,WATER_M01,92.6,0.0,3.03,3.32,162.0,RUNNING,2.42,GOOD
2024-01-14 05:00:00,WATER_B01,92.6,0.0,3.1,3.6,162.0,RUNNING,2.48,GOOD
2024-01-14 06:00:00,WATER_M01,92.6,0.0,17.34,3.53,163.0,RUNNING,13.87,GOOD
2024-01-14 06:00:00,WATER_B01,92.6,0.0,11.18,3.55,191.0,RUNNING,8.94,GOOD
2024-01-14 07:00:00,WATER_M01,92.6,0.0,15.42,3.56,167.0,RUNNING,12.34,GOOD
2024-01-14 07:00:00,WATER_B01,92.6,0.0,17.01,3.4,160.0,RUNNING,13.61,GOOD
2024-01-14 08:00:00,WATER_M01,92.6,0.0,12.07,3.48,154.0,RUNNING,9.65,GOOD
2024-01-14 08:00:00,WATER_B01,92.5,0.0,14.43,3.47,145.0,RUNNING,11.54,GOOD
2024-01-14 09:00:00,WATER_M01,92.6,0.0,19.83,3.63,179.0,RUNNING,15.86,GOOD
2024-01-14 09:00:00,WATER_B01,92.5,0.0,13.47,3.57,151.0,RUNNING,10.77,GOOD
2024-01-14 10:00:00,WATER_M01,92.5,0.0,16.52,3.41,162.0,RUNNING,13.22,GOOD
2024-01-14 10:00:00,WATER_B01,92.5,0.0,16.06,3.55,167.0,RUNNING,12.85,GOOD
2024-01-14 11:00:00,WATER_M01,92.5,0.0,14.53,3.74,161.0,RUNNING,11.62,GOOD
2024-01-14 11:00:00,WATER_B01,92.5,0.0,14.17,3.72,143.0,RUNNING,11.33,GOOD
2024-01-14 12:00:00,WATER_M01,92.5,0.0,14.31,3.51,173.0,RUNNING,11.45,GOOD
2024-01-14 12:00:00,WATER_B01,92.5,0.0,15.49,3.76,166.0,RUNNING,12.39,GOOD
2024-01-14 13:00:00,WATER_M01,92.5,0.0,12.57,3.64,185.0,RUNNING,10.05,GOOD
2024-01-14 13:00:00,WATER_B01,92.5,0.0,15.0,3.36,157.0,RUNNING,12.0,GOOD
2024-01-14 14:00:00,WATER_M01,92.5,0.0,15.17,3.52,193.0,RUNNING,12.13,GOOD
2024-01-14 14:00:00,WATER_B01,92.5,0.0,13.3,3.53,156.0,RUNNING,10.64,GOOD
2024-01-14 15:00:00,WATER_M01,92.5,0.0,14.01,3.38,168.0,RUNNING,11.21,GOOD
2024-01-14 15:00:00,WATER_B01,92.4,0.5,17.46,3.8,161.0,RUNNING,13.97,GOOD
2024-01-14 16:00:00,WATER_M01,92.5,0.0,16.49,3.32,174.0,RUNNING,13.19,GOOD
2024-01-14 16:00:00,WATER_B01,92.4,0.0,10.59,3.47,170.0,RUNNING,8.47,GOOD
2024-01-14 17:00:00,WATER_M01,92.4,0.0,14.0,3.31,164.0,RUNNING,11.2,GOOD
2024-01-14 17:00:00,WATER_B01,92.4,0.0,14.64,3.81,155.0,RUNNING,11.71,GOOD
2024-01-14 18:00:00,WATER_M01,92.4,0.0,17.61,3.2,153.0,RUNNING,14.09,GOOD
2024-01-14 18:00:00,WATER_B01,92.4,0.0,15.74,3.41,167.0,RUNNING,12.59,GOOD
2024-01-14 19:00:00,WATER_M01,92.4,0.0,17.54,3.69,159.0,RUNNING,14.03,GOOD
2024-01-14 19:00:00,WATER_B01,92.4,0.0,14.48,3.24,161.0,RUNNING,11.58,GOOD
2024-01-14 20:00:00,WATER_M01,92.4,0.0,17.64,3.29,164.0,RUNNING,14.11,GOOD
2024-01-14 20:00:00,WATER_B01,92.4,0.0,13.82,3.25,159.0,RUNNING,11.05,GOOD
2024-01-14 21:00:00,WATER_M01,92.4,0.0,14.11,3.2,163.0,RUNNING,11.29,GOOD
2024-01-14 21:00:00,WATER_B01,92.4,0.0,15.86,3.44,178.0,RUNNING,12.69,GOOD
2024-01-14 22:00:00,WATER_M01,92.4,0.0,17.15,3.87,170.0,RUNNING,13.72,GOOD
2024-01-14 22:00:00,WATER_B01,92.3,0.0,14.81,3.46,168.0,RUNNING,11.85,GOOD
2024-01-14 23:00:00,WATER_M01,92.4,0.0,1.76,3.34,145.0,RUNNING,1.41,GOOD
2024-01-14 23:00:00,WATER_B01,92.3,0.0,3.63,3.51,155.0,RUNNING,2.9,GOOD
2024-01-15 00:00:00,WATER_M01,92.4,0.5,1.15,3.46,169.0,RUNNING,0.92,GOOD
2024-01-15 00:00:00,WATER_B01,92.3,0.0,2.83,3.68,157.0,RUNNING,2.26,GOOD
2024-01-15 01:00:00,WATER_M01,92.3,0.0,2.91,3.32,164.0,RUNNING,2.33,GOOD
2024-01-15 01:00:00,WATER_B01,92.3,0.0,2.6,3.42,163.0,RUNNING,2.08,GOOD
2024-01-15 02:00:00,WATER_M01,92.3,0.0,2.83,3.31,175.0,RUNNING,2.27,GOOD
2024-01-15 02:00:00,WATER_B01,92.3,0.0,2.93,3.37,162.0,RUNNING,2.35,GOOD
2024-01-15 03:00:00,WATER_M01,92.3,0.0,4.36,3.9,154.0,RUNNING,3.49,GOOD
2024-01-15 03:00:00,WATER_B01,92.3,0.0,3.05,3.37,173.0,RUNNING,2.44,GOOD
2024-01-15 04:00:00,WATER_M01,92.3,0.0,1.56,3.7,170.0,RUNNING,1.25,GOOD
2024-01-15 04:00:00,WATER_B01,92.3,0.0,4.76,3.58,154.0,RUNNING,3.81,GOOD
2024-01-15 05:00:00,WATER_M01,92.3,0.0,3.74,3.32,169.0,RUNNING,2.99,GOOD
2024-01-15 05:00:00,WATER_B01,92.3,0.0,2.44,3.31,157.0,RUNNING,1.95,GOOD
2024-01-15 06:00:00,WATER_M01,92.3,0.0,16.18,3.3,171.0,RUNNING,12.94,GOOD
2024-01-15 06:00:00,WATER_B01,92.3,0.0,14.74,3.2,147.0,RUNNING,11.79,GOOD
2024-01-15 07:00:00,WATER_M01,92.3,0.5,14.33,3.43,157.0,RUNNING,11.47,GOOD
2024-01-15 07:00:00,WATER_B01,92.3,0.0,11.2,3.5,161.0,RUNNING,8.96,GOOD
2024-01-15 08:00:00,WATER_M01,92.3,0.0,18.24,3.55,164.0,RUNNING,14.59,GOOD
2024-01-15 08:00:00,WATER_B01,92.3,0.0,16.76,3.41,165.0,RUNNING,13.41,GOOD
2024-01-15 09:00:00,WATER_M01,92.3,0.0,18.52,3.61,155.0,RUNNING,14.82,GOOD
2024-01-15 09:00:00,WATER_B01,92.3,0.0,15.53,3.43,166.0,RUNNING,12.43,GOOD
2024-01-15 10:00:00,WATER_M01,92.3,0.0,14.96,3.48,166.0,RUNNING,11.97,GOOD
2024-01-15 10:00:00,WATER_B01,92.2,0.0,18.76,3.35,149.0,RUNNING,15.01,GOOD
2024-01-15 11:00:00,WATER_M01,92.2,0.0,15.43,3.36,167.0,RUNNING,12.34,GOOD
2024-01-15 11:00:00,WATER_B01,92.2,0.0,13.4,3.35,167.0,RUNNING,10.72,GOOD
2024-01-15 12:00:00,WATER_M01,92.2,0.0,14.88,3.87,175.0,RUNNING,11.91,GOOD
2024-01-15 12:00:00,WATER_B01,92.2,0.0,17.31,3.3,171.0,RUNNING,13.84,GOOD
2024-01-15 13:00:00,WATER_M01,92.2,0.0,10.85,3.17,167.0,RUNNING,8.68,GOOD
2024-01-15 13:00:00,WATER_B01,92.2,0.0,18.32,3.19,179.0,RUNNING,14.66,GOOD
2024-01-15 14:00:00,WATER_M01,92.2,0.5,13.57,3.47,182.0,RUNNING,10.86,GOOD
2024-01-15 14:00:00,WATER_B01,92.2,0.0,16.33,3.6,183.0,RUNNING,13.06,GOOD
2024-01-15 15:00:00,WATER_M01,92.2,0.0,17.28,3.55,158.0,RUNNING,13.83,GOOD
2024-01-15 15:00:00,WATER_B01,92.2,0.0,14.04,3.13,148.0,RUNNING,11.23,GOOD
2024-01-15 16:00:00,WATER_M01,92.2,0.0,17.89,3.31,175.0,RUNNING,14.32,GOOD
2024-01-15 16:00:00,WATER_B01,92.1,0.0,14.7,3.55,168.0,RUNNING,11.76,GOOD
2024-01-15 17:00:00,WATER_M01,92.2,0.0,11.89,3.46,177.0,RUNNING,9.52,GOOD
2024-01-15 17:00:00,WATER_B01,92.1,0.0,15.59,3.42,171.0,RUNNING,12.47,GOOD
2024-01-15 18:00:00,WATER_M01,92.1,0.0,15.19,3.47,175.0,RUNNING,12.15,GOOD
2024-01-15 18:00:00,WATER_B01,92.1,0.0,12.45,3.94,164.0,RUNNING,9.96,GOOD
2024-01-15 19:00:00,WATER_M01,92.1,0.0,11.18,3.37,168.0,RUNNING,8.94,GOOD
2024-01-15 19:00:00,WATER_B01,92.1,0.5,15.0,3.37,172.0,RUNNING,12.0,GOOD
2024-01-15 20:00:00,WATER_M01,92.1,0.5,14.35,3.62,175.0,RUNNING,11.48,GOOD
2024-01-15 20:00:00,WATER_B01,92.1,0.0,16.36,3.29,145.0,RUNNING,13.09,GOOD
2024-01-15 21:00:00,WATER_M01,92.1,0.0,18.5,2.9,162.0,RUNNING,14.8,GOOD
2024-01-15 21:00:00,WATER_B01,92.1,0.0,17.36,3.28,169.0,RUNNING,13.89,GOOD
2024-01-15 22:00:00,WATER_M01,92.1,0.0,17.15,3.88,167.0,RUNNING,13.72,GOOD
2024-01-15 22:00:00,WATER_B01,92.1,0.0,15.61,3.23,152.0,RUNNING,12.49,GOOD
2024-01-15 23:00:00,WATER_M01,92.1,0.0,3.98,3.44,177.0,RUNNING,3.18,GOOD
2024-01-15 23:00:00,WATER_B01,92.1,0.0,1.57,4.04,158.0,RUNNING,1.25,GOOD
2024-01-16 00:00:00,WATER_M01,92.1,0.0,3.5,3.74,165.0,RUNNING,2.8,GOOD
2024-01-16 00:00:00,WATER_B01,92.1,0.0,2.65,3.66,166.0,RUNNING,2.12,GOOD
2024-01-16 01:00:00,WATER_M01,92.1,0.0,2.27,3.52,169.0,RUNNING,1.82,GOOD
2024-01-16 01:00:00,WATER_B01,92.0,0.0,3.51,3.35,182.0,RUNNING,2.81,GOOD
2024-01-16 02:00:00,WATER_M01,92.1,0.0,3.21,3.19,166.0,RUNNING,2.57,GOOD
2024-01-16 02:00:00,WATER_B01,92.0,0.0,2.54,3.36,175.0,RUNNING,2.03,GOOD
2024-01-16 03:00:00,WATER_M01,92.1,0.0,2.69,3.43,162.0,RUNNING,2.15,GOOD
2024-01-16 03:00:00,WATER_B01,92.0,0.5,3.44,3.17,170.0,RUNNING,2.75,GOOD
2024-01-16 04:00:00,WATER_M01,92.1,0.0,4.2,3.48,163.0,RUNNING,3.36,GOOD
2024-01-16 04:00:00,WATER_B01,92.0,0.0,3.82,3.38,174.0,RUNNING,3.05,GOOD
2024-01-16 05:00:00,WATER_M01,92.1,0.0,4.16,3.56,176.0,RUNNING,3.33,GOOD
2024-01-16 05:00:00,WATER_B01,92.0,0.0,3.3,3.55,162.0,RUNNING,2.64,GOOD
2024-01-16 06:00:00,WATER_M01,92.0,0.0,14.13,3.53,166.0,RUNNING,11.3,GOOD
2024-01-16 06:00:00,WATER_B01,92.0,0.5,15.4,3.68,166.0,RUNNING,12.32,GOOD
2024-01-16 07:00:00,WATER_M01,92.0,0.0,12.96,3.62,152.0,RUNNING,10.37,GOOD
2024-01-16 07:00:00,WATER_B01,92.0,0.0,13.89,3.36,165.0,RUNNING,11.11,GOOD
2024-01-16 08:00:00,WATER_M01,92.0,0.0,14.57,3.62,153.0,RUNNING,11.66,GOOD
2024-01-16 08:00:00,WATER_B01,92.0,0.0,12.18,3.5,170.0,RUNNING,9.75,GOOD
2024-01-16 09:00:00,WATER_M01,92.0,0.0,13.58,3.28,158.0,RUNNING,10.86,GOOD
2024-01-16 09:00:00,WATER_B01,92.0,0.0,12.06,3.34,183.0,RUNNING,9.65,GOOD
2024-01-16 10:00:00,WATER_M01,92.0,0.0,15.6,3.62,166.0,RUNNING,12.48,GOOD
2024-01-16 10:00:00,WATER_B01,92.0,0.0,17.42,3.22,159.0,RUNNING,13.93,GOOD
2024-01-16 11:00:00,WATER_M01,92.0,0.0,14.98,3.9,172.0,RUNNING,11.99,GOOD
2024-01-16 11:00:00,WATER_B01,91.9,0.0,17.37,3.32,170.0,RUNNING,13.9,GOOD
2024-01-16 12:00:00,WATER_M01,92.0,0.0,17.11,4.04,160.0,RUNNING,13.69,GOOD
2024-01-16 12:00:00,WATER_B01,91.9,0.0,14.98,3.55,159.0,RUNNING,11.99,GOOD
2024-01-16 13:00:00,WATER_M01,91.9,0.0,12.56,3.54,157.0,RUNNING,10.05,GOOD
2024-01-16 13:00:00,WATER_B01,91.9,0.0,16.57,3.7,160.0,RUNNING,13.26,GOOD
2024-01-16 14:00:00,WATER_M01,91.9,0.0,14.99,3.2,157.0,RUNNING,12.0,GOOD
2024-01-16 14:00:00,WATER_B01,91.9,0.0,15.92,3.65,175.0,RUNNING,12.74,GOOD
2024-01-16 15:00:00,WATER_M01,91.9,0.0,14.57,3.35,161.0,RUNNING,11.65,GOOD
2024-01-16 15:00:00,WATER_B01,91.9,0.0,13.05,3.2,171.0,RUNNING,10.44,GOOD
2024-01-16 16:00:00,WATER_M01,91.9,0.0,17.7,3.39,162.0,RUNNING,14.16,GOOD
2024-01-16 16:00:00,WATER_B01,91.9,0.0,14.85,3.26,152.0,RUNNING,11.88,GOOD
2024-01-16 17:00:00,WATER_M01,91.9,0.5,12.36,3.62,172.0,RUNNING,9.89,GOOD
2024-01-16 17:00:00,WATER_B01,91.9,0.0,15.99,3.64,159.0,RUNNING,12.79,GOOD
2024-01-16 18:00:00,WATER_M01,91.9,0.5,12.81,3.59,166.0,RUNNING,10.25,GOOD
2024-01-16 18:00:00,WATER_B01,91.8,0.0,10.45,3.25,151.0,RUNNING,8.36,GOOD
2024-01-16 19:00:00,WATER_M01,91.8,0.5,16.98,3.65,181.0,RUNNING,13.58,GOOD
2024-01-16 19:00:00,WATER_B01,91.8,0.0,16.96,3.15,183.0,RUNNING,13.57,GOOD
2024-01-16 20:00:00,WATER_M01,91.8,0.0,13.62,3.18,167.0,RUNNING,10.9,GOOD
2024-01-16 20:00:00,WATER_B01,91.8,0.0,17.6,3.54,167.0,RUNNING,14.08,GOOD
2024-01-16 21:00:00,WATER_M01,91.8,0.0,14.31,3.87,147.0,RUNNING,11.45,GOOD
2024-01-16 21:00:00,WATER_B01,91.8,0.0,14.61,3.07,174.0,RUNNING,11.69,GOOD
2024-01-16 22:00:00,WATER_M01,91.8,0.0,13.93,3.49,174.0,RUNNING,11.15,GOOD
2024-01-16 22:00:00,WATER_B01,91.8,0.0,14.14,3.46,173.0,RUNNING,11.31,GOOD
2024-01-16 23:00:00,WATER_M01,91.8,0.5,5.06,3.37,156.0,RUNNING,4.05,GOOD
2024-01-16 23:00:00,WATER_B01,91.8,0.0,2.07,3.57,164.0,RUNNING,1.65,GOOD
2024-01-17 00:00:00,WATER_M01,91.8,0.0,3.79,3.72,167.0,RUNNING,3.03,GOOD
2024-01-17 00:00:00,WATER_B01,91.8,0.0,5.06,3.06,170.0,RUNNING,4.05,GOOD
2024-01-17 01:00:00,WATER_M01,91.8,0.0,2.85,3.67,184.0,RUNNING,2.28,GOOD
2024-01-17 01:00:00,WATER_B01,91.8,0.0,3.81,3.43,177.0,RUNNING,3.05,GOOD
2024-01-17 02:00:00,WATER_M01,91.8,0.0,2.23,3.3,157.0,RUNNING,1.78,GOOD
2024-01-17 02:00:00,WATER_B01,91.8,0.5,1.55,3.82,153.0,RUNNING,1.24,GOOD
2024-01-17 03:00:00,WATER_M01,91.8,0.0,4.75,3.71,182.0,RUNNING,3.8,GOOD
2024-01-17 03:00:00,WATER_B01,91.8,0.0,3.76,3.05,179.0,RUNNING,3.01,GOOD
2024-01-17 04:00:00,WATER_M01,91.8,0.0,2.7,3.41,171.0,RUNNING,2.16,GOOD
2024-01-17 04:00:00,WATER_B01,91.8,0.0,3.97,3.66,151.0,RUNNING,3.17,GOOD
2024-01-17 05:00:00,WATER_M01,91.8,0.0,1.56,3.34,177.0,RUNNING,1.24,GOOD
2024-01-17 05:00:00,WATER_B01,91.8,0.0,2.25,3.42,176.0,RUNNING,1.8,GOOD
2024-01-17 06:00:00,WATER_M01,91.8,0.5,15.61,3.56,175.0,RUNNING,12.49,GOOD
2024-01-17 06:00:00,WATER_B01,91.7,0.0,14.01,3.36,183.0,RUNNING,11.21,GOOD
2024-01-17 07:00:00,WATER_M01,91.8,0.5,12.86,3.59,164.0,RUNNING,10.29,GOOD
2024-01-17 07:00:00,WATER_B01,91.7,0.0,12.45,3.31,166.0,RUNNING,9.96,GOOD
2024-01-17 08:00:00,WATER_M01,91.7,0.0,16.16,3.5,157.0,RUNNING,12.93,GOOD
2024-01-17 08:00:00,WATER_B01,91.7,0.0,16.2,3.28,168.0,RUNNING,12.96,GOOD
2024-01-17 09:00:00,WATER_M01,91.7,0.0,12.81,3.22,155.0,RUNNING,10.25,GOOD
2024-01-17 09:00:00,WATER_B01,91.7,0.0,16.09,3.63,156.0,RUNNING,12.87,GOOD
2024-01-17 10:00:00,WATER_M01,91.7,0.0,15.59,3.68,157.0,RUNNING,12.48,GOOD
2024-01-17 10:00:00,WATER_B01,91.7,0.0,15.72,3.44,166.0,RUNNING,12.57,GOOD
2024-01-17 11:00:00,WATER_M01,91.7,0.0,15.76,3.4,187.0,RUNNING,12.61,GOOD
2024-01-17 11:00:00,WATER_B01,91.7,0.0,14.12,3.64,160.0,RUNNING,11.3,GOOD
2024-01-17 12:00:00,WATER_M01,91.7,0.0,17.44,3.48,187.0,RUNNING,13.95,GOOD
2024-01-17 12:00:00,WATER_B01,91.7,0.5,13.42,3.43,156.0,RUNNING,10.74,GOOD
2024-01-17 13:00:00,WATER_M01,91.7,0.0,15.26,3.69,182.0,RUNNING,12.21,GOOD
2024-01-17 13:00:00,WATER_B01,91.6,0.0,17.38,3.56,170.0,RUNNING,13.9,GOOD
2024-01-17 14:00:00,WATER_M01,91.7,0.0,14.15,3.61,169.0,RUNNING,11.32,GOOD
2024-01-17 14:00:00,WATER_B01,91.6,0.0,13.95,3.53,171.0,RUNNING,11.16,GOOD
2024-01-17 15:00:00,WATER_M01,91.6,0.0,13.03,3.52,180.0,RUNNING,10.42,GOOD
2024-01-17 15:00:00,WATER_B01,91.6,0.0,11.12,3.0,146.0,RUNNING,8.9,GOOD
2024-01-17 16:00:00,WATER_M01,91.6,0.0,18.63,3.55,155.0,RUNNING,14.9,GOOD
2024-01-17 16:00:00,WATER_B01,91.6,0.5,15.6,3.49,168.0,RUNNING,12.48,GOOD
2024-01-17 17:00:00,WATER_M01,91.6,0.0,15.08,3.3,142.0,RUNNING,12.06,GOOD
2024-01-17 17:00:00,WATER_B01,91.6,0.0,17.11,3.43,175.0,RUNNING,13.69,GOOD
2024-01-17 18:00:00,WATER_M01,91.6,0.0,14.11,3.82,172.0,RUNNING,11.28,GOOD
2024-01-17 18:00:00,WATER_B01,91.6,0.0,16.5,3.34,184.0,RUNNING,13.2,GOOD
2024-01-17 19:00:00,WATER_M01,91.6,0.0,11.31,3.52,178.0,RUNNING,9.05,GOOD
2024-01-17 19:00:00,WATER_B01,91.6,0.0,10.33,3.55,153.0,RUNNING,8.27,GOOD
2024-01-17 20:00:00,WATER_M01,91.6,0.0,16.75,3.51,171.0,RUNNING,13.4,GOOD
2024-01-17 20:00:00,WATER_B01,91.5,0.0,16.24,3.42,172.0,RUNNING,12.99,GOOD
2024-01-17 21:00:00,WATER_M01,91.5,0.0,13.17,3.41,185.0,RUNNING,10.54,GOOD
2024-01-17 21:00:00,WATER_B01,91.5,0.5,17.93,3.18,161.0,RUNNING,14.35,GOOD
2024-01-17 22:00:00,WATER_M01,91.5,0.0,14.53,3.42,156.0,RUNNING,11.62,GOOD
2024-01-17 22:00:00,WATER_B01,91.5,0.0,12.23,3.47,156.0,RUNNING,9.78,GOOD
2024-01-17 23:00:00,WATER_M01,91.5,0.0,4.61,3.55,182.0,RUNNING,3.69,GOOD
2024-01-17 23:00:00,WATER_B01,91.5,0.0,5.72,3.93,167.0,RUNNING,4.58,GOOD
2024-01-18 00:00:00,WATER_M01,91.5,0.0,1.78,3.56,167.0,RUNNING,1.43,GOOD
2024-01-18 00:00:00,WATER_B01,91.5,0.0,4.07,3.5,158.0,RUNNING,3.26,GOOD
2024-01-18 01:00:00,WATER_M01,91.5,0.5,3.13,3.78,156.0,RUNNING,2.5,GOOD
2024-01-18 01:00:00,WATER_B01,91.5,0.0,2.46,3.52,174.0,RUNNING,1.97,GOOD
2024-01-18 02:00:00,WATER_M01,91.5,0.0,2.73,3.53,188.0,RUNNING,2.18,GOOD
2024-01-18 02:00:00,WATER_B01,91.5,0.0,1.97,3.73,152.0,RUNNING,1.57,GOOD
2024-01-18 03:00:00,WATER_M01,91.5,0.0,2.52,3.88,177.0,RUNNING,2.01,GOOD
2024-01-18 03:00:00,WATER_B01,91.5,0.0,0.6,3.63,180.0,RUNNING,0.48,GOOD
2024-01-18 04:00:00,WATER_M01,91.5,0.0,3.01,3.47,163.0,RUNNING,2.41,GOOD
2024-01-18 04:00:00,WATER_B01,91.5,0.0,2.58,3.63,158.0,RUNNING,2.06,GOOD
2024-01-18 05:00:00,WATER_M01,91.5,0.5,1.72,3.37,184.0,RUNNING,1.38,GOOD
2024-01-18 05:00:00,WATER_B01,91.5,0.0,2.34,3.63,166.0,RUNNING,1.87,GOOD
2024-01-18 06:00:00,WATER_M01,91.5,0.0,14.29,3.33,167.0,RUNNING,11.43,GOOD
2024-01-18 06:00:00,WATER_B01,91.5,0.0,14.82,3.45,175.0,RUNNING,11.85,GOOD
2024-01-18 07:00:00,WATER_M01,91.5,0.0,15.07,3.56,145.0,RUNNING,12.06,GOOD
2024-01-18 07:00:00,WATER_B01,91.5,0.0,14.72,3.5,177.0,RUNNING,11.77,GOOD
2024-01-18 08:00:00,WATER_M01,91.5,0.0,15.76,3.42,181.0,RUNNING,12.61,GOOD
2024-01-18 08:00:00,WATER_B01,91.4,0.0,17.29,3.46,151.0,RUNNING,13.83,GOOD
2024-01-18 09:00:00,WATER_M01,91.5,0.0,12.32,3.6,153.0,RUNNING,9.86,GOOD
2024-01-18 09:00:00,WATER_B01,91.4,0.0,19.08,3.46,185.0,RUNNING,15.27,GOOD
2024-01-18 10:00:00,WATER_M01,91.4,0.0,14.85,3.48,167.0,RUNNING,11.88,GOOD
2024-01-18 10:00:00,WATER_B01,91.4,0.0,15.63,3.29,167.0,RUNNING,12.51,GOOD
2024-01-18 11:00:00,WATER_M01,91.4,0.0,14.78,3.77,176.0,RUNNING,11.82,GOOD
2024-01-18 11:00:00,WATER_B01,91.4,0.0,15.06,3.29,155.0,RUNNING,12.05,GOOD
2024-01-18 12:00:00,WATER_M01,91.4,0.0,15.83,3.4,159.0,RUNNING,12.66,GOOD
2024-01-18 12:00:00,WATER_B01,91.4,0.0,17.61,3.66,157.0,RUNNING,14.09,GOOD
2024-01-18 13:00:00,WATER_M01,91.4,0.5,13.46,3.49,187.0,RUNNING,10.77,GOOD
2024-01-18 13:00:00,WATER_B01,91.4,0.0,14.2,3.71,184.0,RUNNING,11.36,GOOD
2024-01-18 14:00:00,WATER_M01,91.4,0.0,18.77,3.03,160.0,RUNNING,15.02,GOOD
2024-01-18 14:00:00,WATER_B01,91.4,0.0,14.27,3.55,166.0,RUNNING,11.42,GOOD
2024-01-18 15:00:00,WATER_M01,91.4,0.0,13.29,3.85,180.0,RUNNING,10.63,GOOD
2024-01-18 15:00:00,WATER_B01,91.3,0.0,9.56,3.78,174.0,RUNNING,7.65,GOOD
2024-01-18 16:00:00,WATER_M01,91.4,0.0,15.82,3.43,162.0,RUNNING,12.65,GOOD
2024-01-18 16:00:00,WATER_B01,91.3,0.0,12.75,3.5,173.0,RUNNING,10.2,GOOD
2024-01-18 17:00:00,WATER_M01,91.3,0.0,13.02,3.65,181.0,RUNNING,10.42,GOOD
2024-01-18 17:00:00,WATER_B01,91.3,0.0,14.25,3.74,158.0,RUNNING,11.4,GOOD
2024-01-18 18:00:00,WATER_M01,91.3,0.0,13.58,3.69,151.0,RUNNING,10.86,GOOD
2024-01-18 18:00:00,WATER_B01,91.3,0.0,17.29,3.32,162.0,RUNNING,13.83,GOOD
2024-01-18 19:00:00,WATER_M01,91.3,0.0,15.43,3.87,170.0,RUNNING,12.34,GOOD
2024-01-18 19:00:00,WATER_B01,91.3,0.0,19.28,3.59,182.0,RUNNING,15.42,GOOD
2024-01-18 20:00:00,WATER_M01,91.3,0.0,14.98,3.43,168.0,RUNNING,11.98,GOOD
2024-01-18 20:00:00,WATER_B01,91.3,0.0,16.56,3.28,160.0,RUNNING,13.25,GOOD
2024-01-18 21:00:00,WATER_M01,91.3,0.0,15.37,3.34,181.0,RUNNING,12.3,GOOD
2024-01-18 21:00:00,WATER_B01,91.2,0.0,13.17,3.35,183.0,RUNNING,10.53,GOOD
2024-01-18 22:00:00,WATER_M01,91.3,0.0,15.45,3.48,163.0,RUNNING,12.36,GOOD
2024-01-18 22:00:00,WATER_B01,91.2,0.0,15.36,3.67,151.0,RUNNING,12.29,GOOD
2024-01-18 23:00:00,WATER_M01,91.3,0.0,4.35,3.83,160.0,RUNNING,3.48,GOOD
2024-01-18 23:00:00,WATER_B01,91.2,0.0,3.35,3.41,177.0,RUNNING,2.68,GOOD
2024-01-19 00:00:00,WATER_M01,91.3,0.0,2.97,3.23,181.0,RUNNING,2.38,GOOD
2024-01-19 00:00:00,WATER_B01,91.2,0.0,1.85,3.56,167.0,RUNNING,1.48,GOOD
2024-01-19 01:00:00,WATER_M01,91.3,0.0,2.27,3.55,154.0,RUNNING,1.82,GOOD
2024-01-19 01:00:00,WATER_B01,91.2,0.0,3.07,3.41,188.0,RUNNING,2.46,GOOD
2024-01-19 02:00:00,WATER_M01,91.3,0.5,3.55,3.63,174.0,RUNNING,2.84,GOOD
2024-01-19 02:00:00,WATER_B01,91.2,0.0,3.01,3.05,182.0,RUNNING,2.41,GOOD
2024-01-19 03:00:00,WATER_M01,91.2,0.0,1.88,3.46,168.0,RUNNING,1.51,GOOD
2024-01-19 03:00:00,WATER_B01,91.2,0.0,2.44,3.53,163.0,RUNNING,1.96,GOOD
2024-01-19 04:00:00,WATER_M01,91.2,0.5,2.14,3.69,161.0,RUNNING,1.72,GOOD
2024-01-19 04:00:00,WATER_B01,91.2,0.5,0.55,3.52,166.0,RUNNING,0.44,GOOD
2024-01-19 05:00:00,WATER_M01,91.2,0.0,2.01,3.36,172.0,RUNNING,1.61,GOOD
2024-01-19 05:00:00,WATER_B01,91.2,0.5,2.62,3.23,169.0,RUNNING,2.1,GOOD
2024-01-19 06:00:00,WATER_M01,91.2,0.0,11.37,3.15,166.0,RUNNING,9.1,GOOD
2024-01-19 06:00:00,WATER_B01,91.2,0.0,13.71,3.31,170.0,RUNNING,10.97,GOOD
2024-01-19 07:00:00,WATER_M01,91.2,0.0,16.31,3.34,178.0,RUNNING,13.05,GOOD
2024-01-19 07:00:00,WATER_B01,91.2,0.0,11.75,3.48,175.0,RUNNING,9.4,GOOD
2024-01-19 08:00:00,WATER_M01,91.2,0.0,14.71,3.78,183.0,RUNNING,11.77,GOOD
2024-01-19 08:00:00,WATER_B01,91.2,0.5,12.42,3.58,163.0,RUNNING,9.94,GOOD
2024-01-19 09:00:00,WATER_M01,91.2,0.0,12.88,3.3,165.0,RUNNING,10.3,GOOD
2024-01-19 09:00:00,WATER_B01,91.2,0.0,19.34,3.8,174.0,RUNNING,15.48,GOOD
2024-01-19 10:00:00,WATER_M01,91.2,0.0,13.42,3.41,163.0,RUNNING,10.73,GOOD
2024-01-19 10:00:00,WATER_B01,91.1,0.0,15.61,3.62,161.0,RUNNING,12.49,GOOD
2024-01-19 11:00:00,WATER_M01,91.2,0.0,13.89,3.48,166.0,RUNNING,11.11,GOOD
2024-01-19 11:00:00,WATER_B01,91.1,0.0,12.31,3.75,161.0,RUNNING,9.85,GOOD
2024-01-19 12:00:00,WATER_M01,91.2,0.0,11.86,3.44,180.0,RUNNING,9.49,GOOD
2024-01-19 12:00:00,WATER_B01,91.1,0.0,16.73,3.4,173.0,RUNNING,13.39,GOOD
2024-01-19 13:00:00,WATER_M01,91.1,0.0,15.74,3.35,159.0,RUNNING,12.59,GOOD
2024-01-19 13:00:00,WATER_B01,91.1,0.0,13.81,3.59,162.0,RUNNING,11.05,GOOD
2024-01-19 14:00:00,WATER_M01,91.1,0.0,17.87,3.56,156.0,RUNNING,14.29,GOOD
2024-01-19 14:00:00,WATER_B01,91.1,0.0,14.96,3.49,167.0,RUNNING,11.97,GOOD
2024-01-19 15:00:00,WATER_M01,91.1,0.0,12.32,3.59,161.0,RUNNING,9.86,GOOD
2024-01-19 15:00:00,WATER_B01,91.1,0.0,18.14,3.6,167.0,RUNNING,14.51,GOOD
2024-01-19 16:00:00,WATER_M01,91.1,0.0,16.81,3.6,188.0,RUNNING,13.45,GOOD
2024-01-19 16:00:00,WATER_B01,91.1,0.0,15.1,3.48,161.0,RUNNING,12.08,GOOD
2024-01-19 17:00:00,WATER_M01,91.1,0.0,10.76,3.5,157.0,RUNNING,8.61,GOOD
2024-01-19 17:00:00,WATER_B01,91.0,0.0,15.84,3.75,182.0,RUNNING,12.67,GOOD
2024-01-19 18:00:00,WATER_M01,91.1,0.0,21.93,3.3,165.0,RUNNING,17.54,GOOD
2024-01-19 18:00:00,WATER_B01,91.0,0.0,13.97,3.45,168.0,RUNNING,11.17,GOOD
2024-01-19 19:00:00,WATER_M01,91.0,0.5,13.71,3.63,170.0,RUNNING,10.97,GOOD
2024-01-19 19:00:00,WATER_B01,91.0,0.0,14.57,3.3,165.0,RUNNING,11.66,GOOD
2024-01-19 20:00:00,WATER_M01,91.0,0.0,16.23,3.86,166.0,RUNNING,12.99,GOOD
2024-01-19 20:00:00,WATER_B01,91.0,0.5,14.88,3.42,164.0,RUNNING,11.9,GOOD
2024-01-19 21:00:00,WATER_M01,91.0,0.0,17.13,3.67,171.0,RUNNING,13.71,GOOD
2024-01-19 21:00:00,WATER_B01,91.0,0.0,13.72,3.31,170.0,RUNNING,10.98,GOOD
2024-01-19 22:00:00,WATER_M01,91.0,0.0,18.64,3.62,149.0,RUNNING,14.91,GOOD
2024-01-19 22:00:00,WATER_B01,91.0,0.5,15.96,3.33,160.0,RUNNING,12.76,GOOD
2024-01-19 23:00:00,WATER_M01,91.0,0.0,1.2,3.62,198.0,RUNNING,0.96,GOOD
2024-01-19 23:00:00,WATER_B01,91.0,0.0,2.3,3.2,153.0,RUNNING,1.84,GOOD
2024-01-20 00:00:00,WATER_M01,91.0,0.0,2.48,3.53,162.0,RUNNING,1.99,GOOD
2024-01-20 00:00:00,WATER_B01,91.0,0.0,3.51,3.81,166.0,RUNNING,2.81,GOOD
2024-01-20 01:00:00,WATER_M01,91.0,0.0,2.07,3.64,162.0,RUNNING,1.65,GOOD
2024-01-20 01:00:00,WATER_B01,91.0,0.0,2.97,3.6,182.0,RUNNING,2.38,GOOD
2024-01-20 02:00:00,WATER_M01,91.0,0.0,3.58,3.17,146.0,RUNNING,2.86,GOOD
2024-01-20 02:00:00,WATER_B01,91.0,0.0,2.89,3.75,155.0,RUNNING,2.32,GOOD
2024-01-20 03:00:00,WATER_M01,91.0,0.0,2.34,3.09,174.0,RUNNING,1.87,GOOD
2024-01-20 03:00:00,WATER_B01,91.0,0.0,2.81,3.23,167.0,RUNNING,2.25,GOOD
2024-01-20 04:00:00,WATER_M01,91.0,0.0,2.25,3.6,185.0,RUNNING,1.8,GOOD
2024-01-20 04:00:00,WATER_B01,90.9,0.5,4.65,3.31,170.0,RUNNING,3.72,GOOD
2024-01-20 05:00:00,WATER_M01,91.0,0.0,1.75,3.64,170.0,RUNNING,1.4,GOOD
2024-01-20 05:00:00,WATER_B01,90.9,0.0,2.19,3.32,163.0,RUNNING,1.75,GOOD
2024-01-20 06:00:00,WATER_M01,91.0,0.0,18.24,3.9,173.0,RUNNING,14.59,GOOD
2024-01-20 06:00:00,WATER_B01,90.9,0.0,14.83,3.41,173.0,RUNNING,11.87,GOOD
2024-01-20 07:00:00,WATER_M01,90.9,0.0,15.81,3.41,165.0,RUNNING,12.65,GOOD
2024-01-20 07:00:00,WATER_B01,90.9,0.0,16.04,3.68,166.0,RUNNING,12.83,GOOD
2024-01-20 08:00:00,WATER_M01,90.9,0.0,19.88,3.44,166.0,RUNNING,15.9,GOOD
2024-01-20 08:00:00,WATER_B01,90.9,0.0,13.72,3.43,156.0,RUNNING,10.97,GOOD
2024-01-20 09:00:00,WATER_M01,90.9,0.0,15.62,3.17,179.0,RUNNING,12.49,GOOD
2024-01-20 09:00:00,WATER_B01,90.9,0.0,15.27,3.6,167.0,RUNNING,12.21,GOOD
2024-01-20 10:00:00,WATER_M01,90.9,0.0,15.37,3.59,156.0,RUNNING,12.3,GOOD
2024-01-20 10:00:00,WATER_B01,90.9,0.0,15.0,3.21,170.0,RUNNING,12.0,GOOD
2024-01-20 11:00:00,WATER_M01,90.9,0.0,12.28,3.71,169.0,RUNNING,9.82,GOOD
2024-01-20 11:00:00,WATER_B01,90.9,0.0,18.73,3.45,167.0,RUNNING,14.99,GOOD
2024-01-20 12:00:00,WATER_M01,95.0,50.0,16.71,3.32,151.0,RUNNING,13.36,GOOD
2024-01-20 12:00:00,WATER_B01,95.0,50.0,13.43,3.47,166.0,RUNNING,10.74,GOOD
2024-01-20 13:00:00,WATER_M01,95.0,0.0,14.23,3.6,168.0,RUNNING,11.38,GOOD
2024-01-20 13:00:00,WATER_B01,95.0,0.0,15.78,3.63,148.0,RUNNING,12.63,GOOD
2024-01-20 14:00:00,WATER_M01,95.0,0.0,14.12,3.65,140.0,RUNNING,11.3,GOOD
2024-01-20 14:00:00,WATER_B01,95.0,0.0,14.02,3.62,161.0,RUNNING,11.21,GOOD
2024-01-20 15:00:00,WATER_M01,95.0,0.0,12.67,3.45,161.0,RUNNING,10.13,GOOD
2024-01-20 15:00:00,WATER_B01,95.0,0.0,13.53,3.54,170.0,RUNNING,10.82,GOOD
2024-01-20 16:00:00,WATER_M01,94.9,0.0,14.91,3.56,165.0,RUNNING,11.93,GOOD
2024-01-20 16:00:00,WATER_B01,94.9,0.0,14.82,3.7,158.0,RUNNING,11.86,GOOD
2024-01-20 17:00:00,WATER_M01,94.9,0.0,15.67,3.68,147.0,RUNNING,12.54,GOOD
2024-01-20 17:00:00,WATER_B01,94.9,0.0,20.9,3.61,147.0,RUNNING,16.72,GOOD
2024-01-20 18:00:00,WATER_M01,94.9,0.0,14.87,3.78,180.0,RUNNING,11.9,GOOD
2024-01-20 18:00:00,WATER_B01,94.9,0.0,12.6,3.93,167.0,RUNNING,10.08,GOOD
2024-01-20 19:00:00,WATER_M01,94.9,0.0,18.47,3.52,154.0,RUNNING,14.77,GOOD
2024-01-20 19:00:00,WATER_B01,94.9,0.0,17.63,3.7,166.0,RUNNING,14.1,GOOD
2024-01-20 20:00:00,WATER_M01,94.9,0.0,14.24,3.33,154.0,RUNNING,11.39,GOOD
2024-01-20 20:00:00,WATER_B01,94.9,0.5,9.24,3.63,151.0,RUNNING,7.39,GOOD
2024-01-20 21:00:00,WATER_M01,94.9,0.0,13.73,3.19,163.0,RUNNING,10.99,GOOD
2024-01-20 21:00:00,WATER_B01,94.9,0.0,13.22,3.47,148.0,RUNNING,10.58,GOOD
2024-01-20 22:00:00,WATER_M01,94.9,0.0,13.02,3.3,149.0,RUNNING,10.41,GOOD
2024-01-20 22:00:00,WATER_B01,94.8,0.0,18.8,3.61,156.0,RUNNING,15.04,GOOD
2024-01-20 23:00:00,WATER_M01,94.8,0.0,4.97,3.6,155.0,RUNNING,3.98,GOOD
2024-01-20 23:00:00,WATER_B01,94.8,0.0,3.69,3.19,169.0,RUNNING,2.95,GOOD
2024-01-21 00:00:00,WATER_M01,94.8,0.0,3.4,3.5,163.0,RUNNING,2.72,GOOD
2024-01-21 00:00:00,WATER_B01,94.8,0.0,3.43,3.49,142.0,RUNNING,2.74,GOOD
2024-01-21 01:00:00,WATER_M01,94.8,0.0,2.88,3.86,149.0,RUNNING,2.31,GOOD
2024-01-21 01:00:00,WATER_B01,94.8,0.0,1.92,3.77,165.0,RUNNING,1.54,GOOD
2024-01-21 02:00:00,WATER_M01,94.8,0.0,3.0,3.54,169.0,RUNNING,2.4,GOOD
2024-01-21 02:00:00,WATER_B01,94.8,0.0,2.6,3.46,157.0,RUNNING,2.08,GOOD
2024-01-21 03:00:00,WATER_M01,94.8,0.0,3.33,3.52,161.0,RUNNING,2.66,GOOD
2024-01-21 03:00:00,WATER_B01,94.8,0.0,2.42,3.45,156.0,RUNNING,1.94,GOOD
2024-01-21 04:00:00,WATER_M01,94.8,0.0,4.29,3.55,139.0,RUNNING,3.43,GOOD
2024-01-21 04:00:00,WATER_B01,94.8,0.0,2.4,3.85,172.0,RUNNING,1.92,GOOD
2024-01-21 05:00:00,WATER_M01,94.8,0.5,2.97,3.61,188.0,RUNNING,2.37,GOOD
2024-01-21 05:00:00,WATER_B01,94.8,0.0,3.13,3.12,175.0,RUNNING,2.5,GOOD
2024-01-21 06:00:00,WATER_M01,94.8,0.0,12.69,3.44,167.0,RUNNING,10.15,GOOD
2024-01-21 06:00:00,WATER_B01,94.8,0.0,12.1,3.46,149.0,RUNNING,9.68,GOOD
2024-01-21 07:00:00,WATER_M01,94.8,0.0,16.76,3.69,166.0,RUNNING,13.41,GOOD
2024-01-21 07:00:00,WATER_B01,94.8,0.0,17.55,3.61,148.0,RUNNING,14.04,GOOD
2024-01-21 08:00:00,WATER_M01,94.8,0.0,17.04,3.21,148.0,RUNNING,13.63,GOOD
2024-01-21 08:00:00,WATER_B01,94.8,0.0,17.64,3.43,155.0,RUNNING,14.11,GOOD
2024-01-21 09:00:00,WATER_M01,94.8,0.0,15.42,3.18,152.0,RUNNING,12.34,GOOD
2024-01-21 09:00:00,WATER_B01,94.8,0.0,10.59,3.64,171.0,RUNNING,8.47,GOOD
2024-01-21 10:00:00,WATER_M01,94.8,0.0,13.12,3.66,169.0,RUNNING,10.5,GOOD
2024-01-21 10:00:00,WATER_B01,94.8,0.0,8.57,3.59,188.0,RUNNING,6.86,GOOD
2024-01-21 11:00:00,WATER_M01,94.7,0.0,15.55,3.44,169.0,RUNNING,12.44,GOOD
2024-01-21 11:00:00,WATER_B01,94.7,0.5,16.33,3.52,152.0,RUNNING,13.07,GOOD
2024-01-21 12:00:00,WATER_M01,94.7,0.0,11.82,3.55,136.0,RUNNING,9.45,GOOD
2024-01-21 12:00:00,WATER_B01,94.7,0.0,15.58,3.44,150.0,RUNNING,12.46,GOOD
2024-01-21 13:00:00,WATER_M01,94.7,0.5,16.97,3.45,155.0,RUNNING,13.57,GOOD
2024-01-21 13:00:00,WATER_B01,94.7,0.5,17.35,3.69,158.0,RUNNING,13.88,GOOD
2024-01-21 14:00:00,WATER_M01,94.7,0.0,13.77,3.73,169.0,RUNNING,11.02,GOOD
2024-01-21 14:00:00,WATER_B01,94.7,0.0,11.65,3.21,155.0,RUNNING,9.32,GOOD
2024-01-21 15:00:00,WATER_M01,94.7,0.0,20.04,3.78,155.0,RUNNING,16.03,GOOD
2024-01-21 15:00:00,WATER_B01,94.7,0.0,17.55,3.42,156.0,RUNNING,14.04,GOOD
2024-01-21 16:00:00,WATER_M01,94.7,0.0,13.72,3.58,168.0,RUNNING,10.98,GOOD
2024-01-21 16:00:00,WATER_B01,94.7,0.0,16.29,3.6,159.0,RUNNING,13.03,GOOD
2024-01-21 17:00:00,WATER_M01,94.6,0.0,16.02,3.98,159.0,RUNNING,12.82,GOOD
2024-01-21 17:00:00,WATER_B01,94.7,0.0,15.23,3.4,163.0,RUNNING,12.19,GOOD
2024-01-21 18:00:00,WATER_M01,94.6,0.5,14.71,3.55,178.0,RUNNING,11.77,GOOD
2024-01-21 18:00:00,WATER_B01,94.6,0.0,15.59,3.8,167.0,RUNNING,12.47,GOOD
2024-01-21 19:00:00,WATER_M01,94.6,0.0,12.06,3.44,159.0,RUNNING,9.64,GOOD
2024-01-21 19:00:00,WATER_B01,94.6,0.0,18.0,3.73,154.0,RUNNING,14.4,GOOD
2024-01-21 20:00:00,WATER_M01,94.6,0.0,15.62,3.25,160.0,RUNNING,12.5,GOOD
2024-01-21 20:00:00,WATER_B01,94.6,0.0,20.18,3.8,172.0,RUNNING,16.14,GOOD
2024-01-21 21:00:00,WATER_M01,94.6,0.0,13.36,3.61,147.0,RUNNING,10.69,GOOD
2024-01-21 21:00:00,WATER_B01,94.6,0.0,14.21,3.35,160.0,RUNNING,11.37,GOOD
2024-01-21 22:00:00,WATER_M01,94.6,0.0,13.96,3.26,164.0,RUNNING,11.17,GOOD
2024-01-21 22:00:00,WATER_B01,94.6,0.0,14.14,3.44,152.0,RUNNING,11.31,GOOD
2024-01-21 23:00:00,WATER_M01,94.6,0.0,4.75,3.01,137.0,RUNNING,3.8,GOOD
2024-01-21 23:00:00,WATER_B01,94.6,0.0,3.51,3.33,189.0,RUNNING,2.81,GOOD
2024-01-22 00:00:00,WATER_M01,94.6,0.5,3.03,3.29,163.0,RUNNING,2.43,GOOD
2024-01-22 00:00:00,WATER_B01,94.6,0.0,3.28,3.29,151.0,RUNNING,2.62,GOOD
2024-01-22 01:00:00,WATER_M01,94.6,0.0,3.84,3.15,148.0,RUNNING,3.07,GOOD
2024-01-22 01:00:00,WATER_B01,94.6,0.0,1.27,3.52,183.0,RUNNING,1.02,GOOD
2024-01-22 02:00:00,WATER_M01,94.6,0.0,3.04,3.61,139.0,RUNNING,2.43,GOOD
2024-01-22 02:00:00,WATER_B01,94.6,0.0,0.92,3.54,163.0,RUNNING,0.74,GOOD
2024-01-22 03:00:00,WATER_M01,94.6,0.0,4.14,3.29,156.0,RUNNING,3.32,GOOD
2024-01-22 03:00:00,WATER_B01,94.6,0.0,3.31,3.52,161.0,RUNNING,2.65,GOOD
2024-01-22 04:00:00,WATER_M01,94.6,0.0,3.99,3.75,164.0,RUNNING,3.19,GOOD
2024-01-22 04:00:00,WATER_B01,94.6,0.0,2.59,3.41,156.0,RUNNING,2.07,GOOD
2024-01-22 05:00:00,WATER_M01,94.6,0.0,1.93,3.53,176.0,RUNNING,1.54,GOOD
2024-01-22 05:00:00,WATER_B01,94.6,0.0,3.07,3.28,168.0,RUNNING,2.46,GOOD
2024-01-22 06:00:00,WATER_M01,94.5,0.0,13.95,3.24,147.0,RUNNING,11.16,GOOD
2024-01-22 06:00:00,WATER_B01,94.5,0.5,17.44,3.29,152.0,RUNNING,13.95,GOOD
2024-01-22 07:00:00,WATER_M01,94.5,0.0,17.82,3.69,150.0,RUNNING,14.25,GOOD
2024-01-22 07:00:00,WATER_B01,94.5,0.0,14.38,3.23,159.0,RUNNING,11.51,GOOD
2024-01-22 08:00:00,WATER_M01,94.5,0.0,13.51,3.62,131.0,RUNNING,10.81,GOOD
2024-01-22 08:00:00,WATER_B01,94.5,0.0,15.07,3.09,160.0,RUNNING,12.05,GOOD
2024-01-22 09:00:00,WATER_M01,94.5,0.0,17.01,3.52,163.0,RUNNING,13.61,GOOD
2024-01-22 09:00:00,WATER_B01,94.5,0.0,15.48,3.82,172.0,RUNNING,12.38,GOOD
2024-01-22 10:00:00,WATER_M01,94.5,0.0,8.29,3.46,156.0,RUNNING,6.63,GOOD
2024-01-22 10:00:00,WATER_B01,94.5,0.0,14.17,3.58,157.0,RUNNING,11.33,GOOD
2024-01-22 11:00:00,WATER_M01,94.5,0.0,13.37,3.39,155.0,RUNNING,10.7,GOOD
2024-01-22 11:00:00,WATER_B01,94.5,0.0,15.7,3.73,170.0,RUNNING,12.56,GOOD
2024-01-22 12:00:00,WATER_M01,94.5,0.0,12.79,3.32,185.0,RUNNING,10.23,GOOD
2024-01-22 12:00:00,WATER_B01,94.4,0.0,14.16,3.97,158.0,RUNNING,11.33,GOOD
2024-01-22 13:00:00,WATER_M01,94.4,0.0,16.14,3.51,149.0,RUNNING,12.91,GOOD
2024-01-22 13:00:00,WATER_B01,94.4,0.0,13.66,3.47,150.0,RUNNING,10.93,GOOD
2024-01-22 14:00:00,WATER_M01,94.4,0.0,14.44,3.6,177.0,RUNNING,11.56,GOOD
2024-01-22 14:00:00,WATER_B01,94.4,0.0,19.11,3.92,160.0,RUNNING,15.28,GOOD
2024-01-22 15:00:00,WATER_M01,94.4,0.0,13.94,3.6,157.0,RUNNING,11.15,GOOD
2024-01-22 15:00:00,WATER_B01,94.4,0.0,13.42,3.32,160.0,RUNNING,10.73,GOOD
2024-01-22 16:00:00,WATER_M01,94.4,0.0,11.89,3.62,171.0,RUNNING,9.51,GOOD
2024-01-22 16:00:00,WATER_B01,94.4,0.0,16.53,3.32,163.0,RUNNING,13.23,GOOD
2024-01-22 17:00:00,WATER_M01,94.4,0.0,16.14,3.31,169.0,RUNNING,12.91,GOOD
2024-01-22 17:00:00,WATER_B01,94.4,0.0,14.99,3.31,164.0,RUNNING,11.99,GOOD
2024-01-22 18:00:00,WATER_M01,94.4,0.0,12.45,3.33,171.0,RUNNING,9.96,GOOD
2024-01-22 18:00:00,WATER_B01,94.4,0.0,12.92,3.41,155.0,RUNNING,10.33,GOOD
2024-01-22 19:00:00,WATER_M01,94.4,0.0,13.49,3.52,142.0,RUNNING,10.79,GOOD
2024-01-22 19:00:00,WATER_B01,94.3,0.5,13.42,3.57,175.0,RUNNING,10.74,GOOD
2024-01-22 20:00:00,WATER_M01,94.3,0.0,16.05,3.15,151.0,RUNNING,12.84,GOOD
2024-01-22 20:00:00,WATER_B01,94.3,0.0,14.59,3.49,153.0,RUNNING,11.67,GOOD
2024-01-22 21:00:00,WATER_M01,94.3,0.0,14.97,3.21,163.0,RUNNING,11.98,GOOD
2024-01-22 21:00:00,WATER_B01,94.3,0.5,14.02,3.3,171.0,RUNNING,11.21,GOOD
2024-01-22 22:00:00,WATER_M01,94.3,0.0,16.15,3.5,159.0,RUNNING,12.92,GOOD
2024-01-22 22:00:00,WATER_B01,94.3,0.0,15.26,3.25,172.0,RUNNING,12.21,GOOD
2024-01-22 23:00:00,WATER_M01,94.3,0.0,4.67,3.41,154.0,RUNNING,3.74,GOOD
2024-01-22 23:00:00,WATER_B01,94.3,0.0,3.16,3.74,171.0,RUNNING,2.53,GOOD
2024-01-23 00:00:00,WATER_M01,94.3,0.5,5.95,3.57,164.0,RUNNING,4.76,GOOD
2024-01-23 00:00:00,WATER_B01,94.3,0.0,2.12,3.47,133.0,RUNNING,1.7,GOOD
2024-01-23 01:00:00,WATER_M01,94.3,0.0,1.73,3.59,149.0,RUNNING,1.38,GOOD
2024-01-23 01:00:00,WATER_B01,94.3,0.5,2.32,3.64,153.0,RUNNING,1.86,GOOD
2024-01-23 02:00:00,WATER_M01,94.3,0.0,3.38,3.73,167.0,RUNNING,2.71,GOOD
2024-01-23 02:00:00,WATER_B01,94.3,0.5,3.08,3.86,156.0,RUNNING,2.47,GOOD
2024-01-23 03:00:00,WATER_M01,94.3,0.0,3.73,3.44,169.0,RUNNING,2.99,GOOD
2024-01-23 03:00:00,WATER_B01,94.3,0.0,3.58,3.72,158.0,RUNNING,2.86,GOOD
2024-01-23 04:00:00,WATER_M01,94.3,0.0,3.2,3.68,165.0,RUNNING,2.56,GOOD
2024-01-23 04:00:00,WATER_B01,94.3,0.0,2.01,3.39,163.0,RUNNING,1.6,GOOD
2024-01-23 05:00:00,WATER_M01,94.3,0.0,2.51,3.51,162.0,RUNNING,2.01,GOOD
2024-01-23 05:00:00,WATER_B01,94.3,0.0,1.02,3.43,158.0,RUNNING,0.82,GOOD
2024-01-23 06:00:00,WATER_M01,94.3,0.0,14.18,3.5,150.0,RUNNING,11.35,GOOD
2024-01-23 06:00:00,WATER_B01,94.3,0.0,14.72,3.23,167.0,RUNNING,11.77,GOOD
2024-01-23 07:00:00,WATER_M01,94.3,0.0,17.4,3.14,169.0,RUNNING,13.92,GOOD
2024-01-23 07:00:00,WATER_B01,94.3,0.0,15.95,3.52,143.0,RUNNING,12.76,GOOD
2024-01-23 08:00:00,WATER_M01,94.2,0.0,16.06,3.5,161.0,RUNNING,12.85,GOOD
2024-01-23 08:00:00,WATER_B01,94.2,0.0,16.86,3.51,161.0,RUNNING,13.49,GOOD
2024-01-23 09:00:00,WATER_M01,94.2,0.5,19.35,3.32,169.0,RUNNING,15.48,GOOD
2024-01-23 09:00:00,WATER_B01,94.2,0.0,13.78,3.65,175.0,RUNNING,11.02,GOOD
2024-01-23 10:00:00,WATER_M01,94.2,0.0,18.62,3.33,163.0,RUNNING,14.89,GOOD
2024-01-23 10:00:00,WATER_B01,94.2,0.0,15.73,3.74,160.0,RUNNING,12.59,GOOD
2024-01-23 11:00:00,WATER_M01,94.2,0.0,16.61,3.54,171.0,RUNNING,13.29,GOOD
2024-01-23 11:00:00,WATER_B01,94.2,0.0,12.95,3.62,148.0,RUNNING,10.36,GOOD
2024-01-23 12:00:00,WATER_M01,94.2,0.0,12.09,3.12,147.0,RUNNING,9.67,GOOD
2024-01-23 12:00:00,WATER_B01,94.2,0.0,13.96,3.55,164.0,RUNNING,11.16,GOOD
2024-01-23 13:00:00,WATER_M01,94.2,0.5,13.38,3.69,149.0,RUNNING,10.7,GOOD
2024-01-23 13:00:00,WATER_B01,94.2,0.0,16.25,3.58,166.0,RUNNING,13.0,GOOD
2024-01-23 14:00:00,WATER_M01,94.1,0.0,16.67,3.7,156.0,RUNNING,13.34,GOOD
2024-01-23 14:00:00,WATER_B01,94.2,0.0,14.46,3.51,149.0,RUNNING,11.57,GOOD
2024-01-23 15:00:00,WATER_M01,94.1,0.0,14.7,3.46,173.0,RUNNING,11.76,GOOD
2024-01-23 15:00:00,WATER_B01,94.1,0.0,13.89,3.7,161.0,RUNNING,11.11,GOOD
2024-01-23 16:00:00,WATER_M01,94.1,0.0,16.91,3.69,155.0,RUNNING,13.53,GOOD
2024-01-23 16:00:00,WATER_B01,94.1,0.0,12.02,3.49,176.0,RUNNING,9.62,GOOD
2024-01-23 17:00:00,WATER_M01,94.1,0.0,15.21,3.4,153.0,RUNNING,12.17,GOOD
2024-01-23 17:00:00,WATER_B01,94.1,0.0,13.05,3.53,161.0,RUNNING,10.44,GOOD
2024-01-23 18:00:00,WATER_M01,94.1,0.0,17.86,3.34,146.0,RUNNING,14.29,GOOD
2024-01-23 18:00:00,WATER_B01,94.1,0.5,13.51,3.44,159.0,RUNNING,10.81,GOOD
2024-01-23 19:00:00,WATER_M01,94.1,0.5,13.44,3.54,162.0,RUNNING,10.75,GOOD
2024-01-23 19:00:00,WATER_B01,94.1,0.0,13.61,3.61,173.0,RUNNING,10.89,GOOD
2024-01-23 20:00:00,WATER_M01,94.1,0.0,14.01,3.75,165.0,RUNNING,11.21,GOOD
2024-01-23 20:00:00,WATER_B01,94.1,0.0,13.56,3.47,162.0,RUNNING,10.85,GOOD
2024-01-23 21:00:00,WATER_M01,94.0,0.0,11.76,3.35,150.0,RUNNING,9.41,GOOD
2024-01-23 21:00:00,WATER_B01,94.1,0.0,17.84,3.38,161.0,RUNNING,14.27,GOOD
2024-01-23 22:00:00,WATER_M01,94.0,0.5,16.64,3.56,166.0,RUNNING,13.31,GOOD
2024-01-23 22:00:00,WATER_B01,94.0,0.0,15.52,3.56,158.0,RUNNING,12.42,GOOD
2024-01-23 23:00:00,WATER_M01,94.0,0.0,1.13,3.75,154.0,RUNNING,0.91,GOOD
2024-01-23 23:00:00,WATER_B01,94.0,0.0,3.17,3.52,164.0,RUNNING,2.53,GOOD
2024-01-24 00:00:00,WATER_M01,94.0,0.0,3.35,3.39,159.0,RUNNING,2.68,GOOD
2024-01-24 00:00:00,WATER_B01,94.0,0.0,2.34,3.68,169.0,RUNNING,1.87,GOOD
2024-01-24 01:00:00,WATER_M01,94.0,0.0,3.27,3.85,164.0,RUNNING,2.62,GOOD
2024-01-24 01:00:00,WATER_B01,94.0,0.0,4.94,3.49,159.0,RUNNING,3.95,GOOD
2024-01-24 02:00:00,WATER_M01,94.0,0.0,2.74,3.6,163.0,RUNNING,2.19,GOOD
2024-01-24 02:00:00,WATER_B01,94.0,0.0,3.33,3.59,157.0,RUNNING,2.66,GOOD
2024-01-24 03:00:00,WATER_M01,94.0,0.0,3.2,3.88,154.0,RUNNING,2.56,GOOD
2024-01-24 03:00:00,WATER_B01,94.0,0.0,3.08,3.76,162.0,RUNNING,2.46,GOOD
2024-01-24 04:00:00,WATER_M01,94.0,0.0,1.25,3.47,181.0,RUNNING,1.0,GOOD
2024-01-24 04:00:00,WATER_B01,94.0,0.0,2.06,3.22,158.0,RUNNING,1.65,GOOD
2024-01-24 05:00:00,WATER_M01,94.0,0.0,3.16,3.37,167.0,RUNNING,2.53,GOOD
2024-01-24 05:00:00,WATER_B01,94.0,0.0,3.61,3.62,159.0,RUNNING,2.89,GOOD
2024-01-24 06:00:00,WATER_M01,94.0,0.0,13.03,3.53,165.0,RUNNING,10.42,GOOD
2024-01-24 06:00:00,WATER_B01,94.0,0.0,14.45,3.53,174.0,RUNNING,11.56,GOOD
2024-01-24 07:00:00,WATER_M01,94.0,0.0,17.45,3.44,158.0,RUNNING,13.96,GOOD
2024-01-24 07:00:00,WATER_B01,94.0,0.0,13.37,3.61,143.0,RUNNING,10.69,GOOD
2024-01-24 08:00:00,WATER_M01,94.0,0.5,18.81,3.32,148.0,RUNNING,15.04,GOOD
2024-01-24 08:00:00,WATER_B01,94.0,0.0,12.37,3.38,161.0,RUNNING,9.89,GOOD
2024-01-24 09:00:00,WATER_M01,93.9,0.0,15.55,3.41,181.0,RUNNING,12.44,GOOD
2024-01-24 09:00:00,WATER_B01,94.0,0.0,11.97,3.57,153.0,RUNNING,9.58,GOOD
2024-01-24 10:00:00,WATER_M01,93.9,0.0,13.53,3.25,160.0,RUNNING,10.83,GOOD
2024-01-24 10:00:00,WATER_B01,94.0,0.0,13.1,3.26,161.0,RUNNING,10.48,GOOD
2024-01-24 11:00:00,WATER_M01,93.9,0.0,13.78,3.51,160.0,RUNNING,11.02,GOOD
2024-01-24 11:00:00,WATER_B01,93.9,0.0,15.68,3.41,160.0,RUNNING,12.55,GOOD
2024-01-24 12:00:00,WATER_M01,93.9,0.0,11.63,3.48,179.0,RUNNING,9.3,GOOD
2024-01-24 12:00:00,WATER_B01,93.9,0.0,13.64,3.75,167.0,RUNNING,10.91,GOOD
2024-01-24 13:00:00,WATER_M01,93.9,0.0,18.15,3.6,156.0,RUNNING,14.52,GOOD
2024-01-24 13:00:00,WATER_B01,93.9,0.5,11.8,3.48,159.0,RUNNING,9.44,GOOD
2024-01-24 14:00:00,WATER_M01,93.9,0.0,17.87,3.73,170.0,RUNNING,14.3,GOOD
2024-01-24 14:00:00,WATER_B01,93.9,0.0,12.84,3.2,165.0,RUNNING,10.27,GOOD
2024-01-24 15:00:00,WATER_M01,93.9,0.0,12.51,3.45,160.0,RUNNING,10.01,GOOD
2024-01-24 15:00:00,WATER_B01,93.9,0.0,13.05,3.71,168.0,RUNNING,10.44,GOOD
2024-01-24 16:00:00,WATER_M01,93.8,0.0,10.51,3.8,166.0,RUNNING,8.41,GOOD
2024-01-24 16:00:00,WATER_B01,93.9,0.0,18.04,3.48,143.0,RUNNING,14.43,GOOD
2024-01-24 17:00:00,WATER_M01,93.8,0.0,15.03,3.51,166.0,RUNNING,12.02,GOOD
2024-01-24 17:00:00,WATER_B01,93.9,0.5,15.87,3.53,175.0,RUNNING,12.7,GOOD
2024-01-24 18:00:00,WATER_M01,93.8,0.0,14.84,3.58,173.0,RUNNING,11.87,GOOD
2024-01-24 18:00:00,WATER_B01,93.8,0.0,14.71,3.35,147.0,RUNNING,11.77,GOOD
2024-01-24 19:00:00,WATER_M01,93.8,0.0,17.94,3.46,150.0,RUNNING,14.35,GOOD
2024-01-24 19:00:00,WATER_B01,93.8,0.0,14.26,3.68,172.0,RUNNING,11.41,GOOD
2024-01-24 20:00:00,WATER_M01,93.8,0.0,12.77,3.4,168.0,RUNNING,10.21,GOOD
2024-01-24 20:00:00,WATER_B01,93.8,0.0,11.39,3.41,167.0,RUNNING,9.11,GOOD
2024-01-24 21:00:00,WATER_M01,93.8,0.0,16.02,3.6,159.0,RUNNING,12.82,GOOD
2024-01-24 21:00:00,WATER_B01,93.8,0.0,17.31,3.4,149.0,RUNNING,13.85,GOOD
2024-01-24 22:00:00,WATER_M01,93.8,0.0,15.06,3.53,151.0,RUNNING,12.04,GOOD
2024-01-24 22:00:00,WATER_B01,93.8,0.0,13.44,3.25,174.0,RUNNING,10.75,GOOD
2024-01-24 23:00:00,WATER_M01,93.7,0.0,4.28,3.37,169.0,RUNNING,3.42,GOOD
2024-01-24 23:00:00,WATER_B01,93.8,0.0,2.15,3.55,163.0,RUNNING,1.72,GOOD
2024-01-25 00:00:00,WATER_M01,93.7,0.0,3.93,3.41,163.0,RUNNING,3.15,GOOD
2024-01-25 00:00:00,WATER_B01,93.8,0.0,3.23,3.5,153.0,RUNNING,2.58,GOOD
2024-01-25 01:00:00,WATER_M01,93.7,0.0,3.0,3.64,158.0,RUNNING,2.4,GOOD
2024-01-25 01:00:00,WATER_B01,93.8,0.0,1.62,3.57,185.0,RUNNING,1.3,GOOD
2024-01-25 02:00:00,WATER_M01,93.7,0.0,2.82,3.57,169.0,RUNNING,2.26,GOOD
2024-01-25 02:00:00,WATER_B01,93.8,0.0,2.28,3.13,167.0,RUNNING,1.82,GOOD
2024-01-25 03:00:00,WATER_M01,93.7,0.0,2.63,3.89,148.0,RUNNING,2.1,GOOD
2024-01-25 03:00:00,WATER_B01,93.8,0.5,3.69,3.66,176.0,RUNNING,2.95,GOOD
2024-01-25 04:00:00,WATER_M01,93.7,0.0,4.02,3.39,153.0,RUNNING,3.21,GOOD
2024-01-25 04:00:00,WATER_B01,93.8,0.0,2.54,3.45,146.0,RUNNING,2.03,GOOD
2024-01-25 05:00:00,WATER_M01,93.7,0.0,2.14,3.76,171.0,RUNNING,1.71,GOOD
2024-01-25 05:00:00,WATER_B01,93.8,0.0,0.6,3.59,170.0,RUNNING,0.48,GOOD
2024-01-25 06:00:00,WATER_M01,93.7,0.0,14.45,3.38,167.0,RUNNING,11.56,GOOD
2024-01-25 06:00:00,WATER_B01,93.8,0.0,13.02,3.4,150.0,RUNNING,10.42,GOOD
2024-01-25 07:00:00,WATER_M01,93.7,0.0,14.41,3.42,156.0,RUNNING,11.53,GOOD
2024-01-25 07:00:00,WATER_B01,93.7,0.0,10.36,3.53,166.0,RUNNING,8.29,GOOD
2024-01-25 08:00:00,WATER_M01,93.7,0.5,11.46,3.88,159.0,RUNNING,9.17,GOOD
2024-01-25 08:00:00,WATER_B01,93.7,0.0,16.22,3.5,155.0,RUNNING,12.98,GOOD
2024-01-25 09:00:00,WATER_M01,93.7,0.0,16.21,3.26,155.0,RUNNING,12.97,GOOD
2024-01-25 09:00:00,WATER_B01,93.7,0.0,19.31,3.35,144.0,RUNNING,15.45,GOOD
2024-01-25 10:00:00,WATER_M01,93.7,0.0,12.63,3.42,168.0,RUNNING,10.11,GOOD
2024-01-25 10:00:00,WATER_B01,93.7,0.0,12.3,3.78,168.0,RUNNING,9.84,GOOD
2024-01-25 11:00:00,WATER_M01,93.6,0.0,14.15,3.4,161.0,RUNNING,11.32,GOOD
2024-01-25 11:00:00,WATER_B01,93.7,0.0,14.73,3.5,150.0,RUNNING,11.78,GOOD
2024-01-25 12:00:00,WATER_M01,93.6,0.5,18.12,3.84,173.0,RUNNING,14.5,GOOD
2024-01-25 12:00:00,WATER_B01,93.7,0.5,14.98,3.49,169.0,RUNNING,11.98,GOOD
2024-01-25 13:00:00,WATER_M01,93.6,0.0,17.68,3.48,166.0,RUNNING,14.14,GOOD
2024-01-25 13:00:00,WATER_B01,93.6,0.0,14.38,3.29,151.0,RUNNING,11.5,GOOD
2024-01-25 14:00:00,WATER_M01,93.6,0.0,17.44,3.15,159.0,RUNNING,13.95,GOOD
2024-01-25 14:00:00,WATER_B01,93.6,0.0,15.12,3.59,170.0,RUNNING,12.09,GOOD
2024-01-25 15:00:00,WATER_M01,93.6,0.0,17.52,3.35,154.0,RUNNING,14.02,GOOD
2024-01-25 15:00:00,WATER_B01,93.6,0.0,12.55,3.48,150.0,RUNNING,10.04,GOOD
2024-01-25 16:00:00,WATER_M01,93.6,0.0,14.98,3.46,151.0,RUNNING,11.99,GOOD
2024-01-25 16:00:00,WATER_B01,93.6,0.0,15.71,3.65,157.0,RUNNING,12.57,GOOD
2024-01-25 17:00:00,WATER_M01,93.5,0.0,15.78,3.78,154.0,RUNNING,12.62,GOOD
2024-01-25 17:00:00,WATER_B01,93.6,0.0,14.93,3.48,156.0,RUNNING,11.94,GOOD
2024-01-25 18:00:00,WATER_M01,93.5,0.0,13.82,3.59,159.0,RUNNING,11.06,GOOD
2024-01-25 18:00:00,WATER_B01,93.6,0.0,14.88,3.76,167.0,RUNNING,11.91,GOOD
2024-01-25 19:00:00,WATER_M01,93.5,0.0,12.77,3.83,161.0,RUNNING,10.22,GOOD
2024-01-25 19:00:00,WATER_B01,93.6,0.0,14.61,3.74,178.0,RUNNING,11.69,GOOD
2024-01-25 20:00:00,WATER_M01,93.5,0.5,15.04,3.56,157.0,RUNNING,12.03,GOOD
2024-01-25 20:00:00,WATER_B01,93.5,0.0,15.45,3.7,159.0,RUNNING,12.36,GOOD
2024-01-25 21:00:00,WATER_M01,93.5,0.0,17.85,3.06,168.0,RUNNING,14.28,GOOD
2024-01-25 21:00:00,WATER_B01,93.5,0.0,15.97,3.67,170.0,RUNNING,12.77,GOOD
2024-01-25 22:00:00,WATER_M01,93.5,0.0,14.48,3.08,150.0,RUNNING,11.59,GOOD
2024-01-25 22:00:00,WATER_B01,93.5,0.0,14.93,3.39,163.0,RUNNING,11.95,GOOD
2024-01-25 23:00:00,WATER_M01,93.5,0.0,2.84,3.81,163.0,RUNNING,2.27,GOOD
2024-01-25 23:00:00,WATER_B01,93.5,0.5,3.22,3.3,174.0,RUNNING,2.58,GOOD
2024-01-26 00:00:00,WATER_M01,93.5,0.0,2.53,3.3,160.0,RUNNING,2.02,GOOD
2024-01-26 00:00:00,WATER_B01,93.5,0.0,3.76,3.41,155.0,RUNNING,3.01,GOOD
2024-01-26 01:00:00,WATER_M01,93.5,0.0,3.1,3.2,166.0,RUNNING,2.48,GOOD
2024-01-26 01:00:00,WATER_B01,93.5,0.0,4.11,3.76,163.0,RUNNING,3.29,GOOD
2024-01-26 02:00:00,WATER_M01,93.5,0.0,4.53,3.48,157.0,RUNNING,3.62,GOOD
2024-01-26 02:00:00,WATER_B01,93.5,0.0,1.52,3.24,162.0,RUNNING,1.21,GOOD
2024-01-26 03:00:00,WATER_M01,93.5,0.0,2.91,3.48,178.0,RUNNING,2.33,GOOD
2024-01-26 03:00:00,WATER_B01,93.5,0.0,2.65,3.43,170.0,RUNNING,2.12,GOOD
2024-01-26 04:00:00,WATER_M01,93.5,0.0,0.37,3.91,163.0,RUNNING,0.29,GOOD
2024-01-26 04:00:00,WATER_B01,93.5,0.0,3.33,3.18,155.0,RUNNING,2.66,GOOD
2024-01-26 05:00:00,WATER_M01,93.5,0.5,4.42,3.47,169.0,RUNNING,3.54,GOOD
2024-01-26 05:00:00,WATER_B01,93.5,0.0,3.26,3.6,162.0,RUNNING,2.61,GOOD
2024-01-26 06:00:00,WATER_M01,93.4,0.0,13.59,3.27,163.0,RUNNING,10.87,GOOD
2024-01-26 06:00:00,WATER_B01,93.5,0.0,17.37,3.12,169.0,RUNNING,13.89,GOOD
2024-01-26 07:00:00,WATER_M01,93.4,0.0,16.8,3.58,165.0,RUNNING,13.44,GOOD
2024-01-26 07:00:00,WATER_B01,93.5,0.5,11.14,3.49,164.0,RUNNING,8.91,GOOD
2024-01-26 08:00:00,WATER_M01,93.4,0.0,17.37,4.13,163.0,RUNNING,13.89,GOOD
2024-01-26 08:00:00,WATER_B01,93.4,0.0,18.1,3.58,159.0,RUNNING,14.48,GOOD
2024-01-26 09:00:00,WATER_M01,93.4,0.0,15.12,3.63,168.0,RUNNING,12.09,GOOD
2024-01-26 09:00:00,WATER_B01,93.4,0.0,15.06,3.54,147.0,RUNNING,12.05,GOOD
2024-01-26 10:00:00,WATER_M01,93.4,0.0,16.02,3.49,158.0,RUNNING,12.81,GOOD
2024-01-26 10:00:00,WATER_B01,93.4,0.0,15.12,3.62,141.0,RUNNING,12.1,GOOD
2024-01-26 11:00:00,WATER_M01,93.4,0.0,14.87,3.38,169.0,RUNNING,11.9,GOOD
2024-01-26 11:00:00,WATER_B01,93.4,0.0,15.57,3.33,161.0,RUNNING,12.46,GOOD
2024-01-26 12:00:00,WATER_M01,93.3,0.0,11.61,3.34,161.0,RUNNING,9.29,GOOD
2024-01-26 12:00:00,WATER_B01,93.4,0.0,15.93,3.26,166.0,RUNNING,12.74,GOOD
2024-01-26 13:00:00,WATER_M01,93.3,0.0,13.49,3.22,166.0,RUNNING,10.79,GOOD
2024-01-26 13:00:00,WATER_B01,93.4,0.5,16.31,3.33,163.0,RUNNING,13.05,GOOD
2024-01-26 14:00:00,WATER_M01,93.3,0.0,15.18,3.54,147.0,RUNNING,12.15,GOOD
2024-01-26 14:00:00,WATER_B01,93.4,0.0,16.55,3.68,163.0,RUNNING,13.24,GOOD
2024-01-26 15:00:00,WATER_M01,93.3,0.0,12.16,3.57,146.0,RUNNING,9.73,GOOD
2024-01-26 15:00:00,WATER_B01,93.3,0.0,16.01,3.33,178.0,RUNNING,12.81,GOOD
2024-01-26 16:00:00,WATER_M01,93.3,0.0,14.48,3.36,173.0,RUNNING,11.58,GOOD
2024-01-26 16:00:00,WATER_B01,93.3,0.0,11.72,3.13,164.0,RUNNING,9.38,GOOD
2024-01-26 17:00:00,WATER_M01,93.3,0.0,13.32,3.78,171.0,RUNNING,10.66,GOOD
2024-01-26 17:00:00,WATER_B01,93.3,0.5,13.51,4.0,164.0,RUNNING,10.81,GOOD
2024-01-26 18:00:00,WATER_M01,93.3,0.0,13.6,3.65,180.0,RUNNING,10.88,GOOD
2024-01-26 18:00:00,WATER_B01,93.3,0.0,15.83,3.73,177.0,RUNNING,12.67,GOOD
2024-01-26 19:00:00,WATER_M01,93.2,0.0,18.24,3.6,161.0,RUNNING,14.59,GOOD
2024-01-26 19:00:00,WATER_B01,93.3,0.0,15.74,3.68,160.0,RUNNING,12.59,GOOD
2024-01-26 20:00:00,WATER_M01,93.2,0.0,14.95,3.28,162.0,RUNNING,11.96,GOOD
2024-01-26 20:00:00,WATER_B01,93.3,0.0,15.83,3.73,168.0,RUNNING,12.67,GOOD
2024-01-26 21:00:00,WATER_M01,93.2,0.0,11.96,3.57,180.0,RUNNING,9.56,GOOD
2024-01-26 21:00:00,WATER_B01,93.2,0.0,16.11,3.84,158.0,RUNNING,12.89,GOOD
2024-01-26 22:00:00,WATER_M01,93.2,0.0,15.97,3.75,166.0,RUNNING,12.77,GOOD
2024-01-26 22:00:00,WATER_B01,93.2,0.0,15.93,3.71,152.0,RUNNING,12.74,GOOD
2024-01-26 23:00:00,WATER_M01,93.2,0.0,3.58,3.57,156.0,RUNNING,2.86,GOOD
2024-01-26 23:00:00,WATER_B01,93.2,0.5,2.27,3.84,164.0,RUNNING,1.82,GOOD
2024-01-27 00:00:00,WATER_M01,93.2,0.0,3.13,3.33,165.0,RUNNING,2.5,GOOD
2024-01-27 00:00:00,WATER_B01,93.2,0.0,3.14,3.63,154.0,RUNNING,2.52,GOOD
2024-01-27 01:00:00,WATER_M01,93.2,0.0,2.94,3.78,154.0,RUNNING,2.36,GOOD
2024-01-27 01:00:00,WATER_B01,93.2,0.0,1.98,3.28,162.0,RUNNING,1.59,GOOD
2024-01-27 02:00:00,WATER_M01,93.2,0.0,2.24,3.05,181.0,RUNNING,1.8,GOOD
2024-01-27 02:00:00,WATER_B01,93.2,0.0,1.19,3.43,166.0,RUNNING,0.95,GOOD
2024-01-27 03:00:00,WATER_M01,93.2,0.5,2.54,3.21,151.0,RUNNING,2.03,GOOD
2024-01-27 03:00:00,WATER_B01,93.2,0.5,2.54,3.28,153.0,RUNNING,2.03,GOOD
2024-01-27 04:00:00,WATER_M01,93.2,0.0,2.8,3.31,167.0,RUNNING,2.24,GOOD
2024-01-27 04:00:00,WATER_B01,93.2,0.0,3.04,3.27,180.0,RUNNING,2.44,GOOD
2024-01-27 05:00:00,WATER_M01,93.2,0.0,2.21,3.15,164.0,RUNNING,1.77,GOOD
2024-01-27 05:00:00,WATER_B01,93.2,0.0,4.15,3.52,158.0,RUNNING,3.32,GOOD
2024-01-27 06:00:00,WATER_M01,93.2,0.0,16.78,3.26,155.0,RUNNING,13.43,GOOD
2024-01-27 06:00:00,WATER_B01,93.2,0.0,16.27,3.15,165.0,RUNNING,13.01,GOOD
2024-01-27 07:00:00,WATER_M01,93.2,0.0,13.37,3.55,174.0,RUNNING,10.69,GOOD
2024-01-27 07:00:00,WATER_B01,93.2,0.0,14.82,3.44,165.0,RUNNING,11.85,GOOD
2024-01-27 08:00:00,WATER_M01,93.1,0.0,13.29,3.45,160.0,RUNNING,10.63,GOOD
2024-01-27 08:00:00,WATER_B01,93.2,0.0,14.63,3.96,172.0,RUNNING,11.71,GOOD
2024-01-27 09:00:00,WATER_M01,93.1,0.0,16.28,3.25,158.0,RUNNING,13.02,GOOD
2024-01-27 09:00:00,WATER_B01,93.2,0.0,17.33,3.42,161.0,RUNNING,13.87,GOOD
2024-01-27 10:00:00,WATER_M01,93.1,0.0,17.93,3.59,155.0,RUNNING,14.34,GOOD
2024-01-27 10:00:00,WATER_B01,93.1,0.0,12.23,3.45,179.0,RUNNING,9.78,GOOD
2024-01-27 11:00:00,WATER_M01,93.1,0.0,16.02,3.88,157.0,RUNNING,12.82,GOOD
2024-01-27 11:00:00,WATER_B01,93.1,0.0,15.41,3.43,156.0,RUNNING,12.33,GOOD
2024-01-27 12:00:00,WATER_M01,93.1,0.0,11.45,3.26,175.0,RUNNING,9.16,GOOD
2024-01-27 12:00:00,WATER_B01,93.1,0.0,16.7,3.59,148.0,RUNNING,13.36,GOOD
2024-01-27 13:00:00,WATER_M01,93.1,0.0,16.53,3.62,152.0,RUNNING,13.23,GOOD
2024-01-27 13:00:00,WATER_B01,93.1,0.0,19.81,3.73,158.0,RUNNING,15.85,GOOD
2024-01-27 14:00:00,WATER_M01,93.0,0.0,17.28,3.64,149.0,RUNNING,13.82,GOOD
2024-01-27 14:00:00,WATER_B01,93.1,0.0,17.33,3.2,178.0,RUNNING,13.86,GOOD
2024-01-27 15:00:00,WATER_M01,93.0,0.0,14.67,3.56,171.0,RUNNING,11.74,GOOD
2024-01-27 15:00:00,WATER_B01,93.1,0.0,15.33,3.71,159.0,RUNNING,12.26,GOOD
2024-01-27 16:00:00,WATER_M01,93.0,0.0,15.77,3.64,155.0,RUNNING,12.62,GOOD
2024-01-27 16:00:00,WATER_B01,93.0,0.0,16.76,3.54,164.0,RUNNING,13.41,GOOD
2024-01-27 17:00:00,WATER_M01,93.0,0.0,14.71,3.21,172.0,RUNNING,11.77,GOOD
2024-01-27 17:00:00,WATER_B01,93.0,0.0,14.52,3.62,159.0,RUNNING,11.61,GOOD
2024-01-27 18:00:00,WATER_M01,93.0,0.0,17.75,3.17,182.0,RUNNING,14.2,GOOD
2024-01-27 18:00:00,WATER_B01,93.0,0.0,14.19,3.61,159.0,RUNNING,11.35,GOOD
2024-01-27 19:00:00,WATER_M01,93.0,0.0,16.54,3.28,155.0,RUNNING,13.23,GOOD
2024-01-27 19:00:00,WATER_B01,93.0,0.0,15.15,3.45,167.0,RUNNING,12.12,GOOD
2024-01-27 20:00:00,WATER_M01,93.0,0.0,12.85,3.28,145.0,RUNNING,10.28,GOOD
2024-01-27 20:00:00,WATER_B01,93.0,0.0,14.54,3.75,165.0,RUNNING,11.63,GOOD
2024-01-27 21:00:00,WATER_M01,92.9,0.0,16.4,3.38,181.0,RUNNING,13.12,GOOD
2024-01-27 21:00:00,WATER_B01,93.0,0.0,14.7,3.56,155.0,RUNNING,11.76,GOOD
2024-01-27 22:00:00,WATER_M01,92.9,0.0,12.17,3.36,158.0,RUNNING,9.74,GOOD
2024-01-27 22:00:00,WATER_B01,93.0,0.0,12.95,3.2,171.0,RUNNING,10.36,GOOD
2024-01-27 23:00:00,WATER_M01,92.9,0.0,4.46,3.47,172.0,RUNNING,3.57,GOOD
2024-01-27 23:00:00,WATER_B01,93.0,0.0,2.95,3.38,170.0,RUNNING,2.36,GOOD
2024-01-28 00:00:00,WATER_M01,92.9,0.0,1.57,3.19,162.0,RUNNING,1.25,GOOD
2024-01-28 00:00:00,WATER_B01,92.9,0.0,1.67,3.27,157.0,RUNNING,1.33,GOOD
2024-01-28 01:00:00,WATER_M01,92.9,0.0,1.21,3.63,162.0,RUNNING,0.97,GOOD
2024-01-28 01:00:00,WATER_B01,92.9,0.0,3.12,3.58,181.0,RUNNING,2.49,GOOD
2024-01-28 02:00:00,WATER_M01,92.9,0.0,3.63,3.47,164.0,RUNNING,2.9,GOOD
2024-01-28 02:00:00,WATER_B01,92.9,0.0,1.44,3.59,168.0,RUNNING,1.15,GOOD
2024-01-28 03:00:00,WATER_M01,92.9,0.5,1.9,3.46,171.0,RUNNING,1.52,GOOD
2024-01-28 03:00:00,WATER_B01,92.9,0.0,2.38,3.5,167.0,RUNNING,1.91,GOOD
2024-01-28 04:00:00,WATER_M01,92.9,0.0,3.89,3.57,172.0,RUNNING,3.11,GOOD
2024-01-28 04:00:00,WATER_B01,92.9,0.0,2.93,3.56,153.0,RUNNING,2.34,GOOD
2024-01-28 05:00:00,WATER_M01,92.9,0.5,3.09,3.58,164.0,RUNNING,2.47,GOOD
2024-01-28 05:00:00,WATER_B01,92.9,0.0,3.76,3.45,183.0,RUNNING,3.01,GOOD
2024-01-28 06:00:00,WATER_M01,92.9,0.0,15.19,3.57,173.0,RUNNING,12.15,GOOD
2024-01-28 06:00:00,WATER_B01,92.9,0.0,14.34,3.5,173.0,RUNNING,11.47,GOOD
2024-01-28 07:00:00,WATER_M01,92.9,0.5,15.48,3.75,161.0,RUNNING,12.38,GOOD
2024-01-28 07:00:00,WATER_B01,92.9,0.0,15.75,3.34,177.0,RUNNING,12.6,GOOD
2024-01-28 08:00:00,WATER_M01,92.9,0.0,17.38,3.54,156.0,RUNNING,13.91,GOOD
2024-01-28 08:00:00,WATER_B01,92.9,0.0,14.43,3.23,173.0,RUNNING,11.54,GOOD
2024-01-28 09:00:00,WATER_M01,92.8,0.0,16.11,3.58,164.0,RUNNING,12.88,GOOD
2024-01-28 09:00:00,WATER_B01,92.9,0.5,15.48,3.43,174.0,RUNNING,12.38,GOOD
2024-01-28 10:00:00,WATER_M01,92.8,0.0,16.14,3.69,157.0,RUNNING,12.91,GOOD
2024-01-28 10:00:00,WATER_B01,92.9,0.0,14.04,3.73,170.0,RUNNING,11.23,GOOD
2024-01-28 11:00:00,WATER_M01,92.8,0.0,15.13,3.73,146.0,RUNNING,12.1,GOOD
2024-01-28 11:00:00,WATER_B01,92.8,0.0,15.24,3.36,174.0,RUNNING,12.19,GOOD
2024-01-28 12:00:00,WATER_M01,92.8,0.0,13.77,3.65,168.0,RUNNING,11.01,GOOD
2024-01-28 12:00:00,WATER_B01,92.8,0.0,15.65,3.46,152.0,RUNNING,12.52,GOOD
2024-01-28 13:00:00,WATER_M01,92.8,0.0,11.47,3.44,173.0,RUNNING,9.18,GOOD
2024-01-28 13:00:00,WATER_B01,92.8,0.0,11.46,3.37,173.0,RUNNING,9.17,GOOD
2024-01-28 14:00:00,WATER_M01,92.8,0.0,13.21,3.43,187.0,RUNNING,10.57,GOOD
2024-01-28 14:00:00,WATER_B01,92.8,0.0,13.83,3.81,160.0,RUNNING,11.06,GOOD
2024-01-28 15:00:00,WATER_M01,92.8,0.0,18.83,3.38,166.0,RUNNING,15.06,GOOD
2024-01-28 15:00:00,WATER_B01,92.8,0.0,12.22,3.48,168.0,RUNNING,9.78,GOOD
2024-01-28 16:00:00,WATER_M01,92.7,0.0,15.85,3.55,175.0,RUNNING,12.68,GOOD
2024-01-28 16:00:00,WATER_B01,92.8,0.0,18.39,3.21,162.0,RUNNING,14.71,GOOD
2024-01-28 17:00:00,WATER_M01,92.7,0.5,13.93,3.41,174.0,RUNNING,11.15,GOOD
2024-01-28 17:00:00,WATER_B01,92.8,0.0,16.58,3.51,166.0,RUNNING,13.26,GOOD
2024-01-28 18:00:00,WATER_M01,92.7,0.0,17.21,3.3,170.0,RUNNING,13.77,GOOD
2024-01-28 18:00:00,WATER_B01,92.7,0.0,12.17,3.12,143.0,RUNNING,9.74,GOOD
2024-01-28 19:00:00,WATER_M01,92.7,0.0,10.83,3.49,162.0,RUNNING,8.66,GOOD
2024-01-28 19:00:00,WATER_B01,92.7,0.0,16.69,3.4,164.0,RUNNING,13.36,GOOD
2024-01-28 20:00:00,WATER_M01,92.7,0.0,10.51,3.17,185.0,RUNNING,8.41,GOOD
2024-01-28 20:00:00,WATER_B01,92.7,0.0,15.17,3.45,167.0,RUNNING,12.14,GOOD
2024-01-28 21:00:00,WATER_M01,92.7,0.0,15.94,3.29,177.0,RUNNING,12.75,GOOD
2024-01-28 21:00:00,WATER_B01,92.7,0.0,15.79,3.4,162.0,RUNNING,12.63,GOOD
2024-01-28 22:00:00,WATER_M01,92.7,0.0,15.15,3.59,153.0,RUNNING,12.12,GOOD
2024-01-28 22:00:00,WATER_B01,92.7,0.0,12.87,3.44,166.0,RUNNING,10.29,GOOD
2024-01-28 23:00:00,WATER_M01,92.7,0.0,0.75,3.23,162.0,RUNNING,0.6,GOOD
2024-01-28 23:00:00,WATER_B01,92.7,0.0,3.29,3.74,172.0,RUNNING,2.64,GOOD
2024-01-29 00:00:00,WATER_M01,92.7,0.0,2.04,3.28,159.0,RUNNING,1.63,GOOD
2024-01-29 00:00:00,WATER_B01,92.7,0.0,3.56,3.69,159.0,RUNNING,2.85,GOOD
2024-01-29 01:00:00,WATER_M01,92.6,0.0,2.67,3.42,180.0,RUNNING,2.14,GOOD
2024-01-29 01:00:00,WATER_B01,92.7,0.0,3.16,3.22,163.0,RUNNING,2.53,GOOD
2024-01-29 02:00:00,WATER_M01,92.6,0.0,2.5,4.03,169.0,RUNNING,2.0,GOOD
2024-01-29 02:00:00,WATER_B01,92.7,0.0,4.0,3.22,174.0,RUNNING,3.2,GOOD
2024-01-29 03:00:00,WATER_M01,92.6,0.0,2.94,3.59,178.0,RUNNING,2.35,GOOD
2024-01-29 03:00:00,WATER_B01,92.7,0.0,2.82,3.97,154.0,RUNNING,2.25,GOOD
2024-01-29 04:00:00,WATER_M01,92.6,0.0,3.5,3.66,170.0,RUNNING,2.8,GOOD
2024-01-29 04:00:00,WATER_B01,92.7,0.0,2.03,3.75,159.0,RUNNING,1.63,GOOD
2024-01-29 05:00:00,WATER_M01,92.6,0.5,2.59,3.18,182.0,RUNNING,2.07,GOOD
2024-01-29 05:00:00,WATER_B01,92.7,0.0,4.02,3.71,179.0,RUNNING,3.22,GOOD
2024-01-29 06:00:00,WATER_M01,92.6,0.0,14.51,3.44,172.0,RUNNING,11.61,GOOD
2024-01-29 06:00:00,WATER_B01,92.6,0.0,13.02,3.29,159.0,RUNNING,10.42,GOOD
2024-01-29 07:00:00,WATER_M01,92.6,0.0,16.01,3.52,171.0,RUNNING,12.81,GOOD
2024-01-29 07:00:00,WATER_B01,92.6,0.0,16.48,3.49,171.0,RUNNING,13.18,GOOD
2024-01-29 08:00:00,WATER_M01,92.6,0.0,17.12,3.6,156.0,RUNNING,13.7,GOOD
2024-01-29 08:00:00,WATER_B01,92.6,0.0,13.92,3.58,168.0,RUNNING,11.13,GOOD
2024-01-29 09:00:00,WATER_M01,92.6,0.0,14.01,3.49,174.0,RUNNING,11.21,GOOD
2024-01-29 09:00:00,WATER_B01,92.6,0.0,13.25,3.52,161.0,RUNNING,10.6,GOOD
2024-01-29 10:00:00,WATER_M01,92.6,0.0,12.3,3.45,152.0,RUNNING,9.84,GOOD
2024-01-29 10:00:00,WATER_B01,92.6,0.0,14.88,3.33,170.0,RUNNING,11.9,GOOD
2024-01-29 11:00:00,WATER_M01,92.6,0.0,12.87,3.5,163.0,RUNNING,10.3,GOOD
2024-01-29 11:00:00,WATER_B01,92.6,0.5,14.91,3.41,188.0,RUNNING,11.93,GOOD
2024-01-29 12:00:00,WATER_M01,92.5,0.0,13.46,3.16,177.0,RUNNING,10.77,GOOD
2024-01-29 12:00:00,WATER_B01,92.6,0.0,15.89,3.44,155.0,RUNNING,12.71,GOOD
2024-01-29 13:00:00,WATER_M01,92.5,0.0,17.72,3.53,159.0,RUNNING,14.17,GOOD
2024-01-29 13:00:00,WATER_B01,92.5,0.0,17.0,3.47,176.0,RUNNING,13.6,GOOD
2024-01-29 14:00:00,WATER_M01,92.5,0.0,18.13,3.7,170.0,RUNNING,14.5,GOOD
2024-01-29 14:00:00,WATER_B01,92.5,0.0,14.46,3.23,156.0,RUNNING,11.57,GOOD
2024-01-29 15:00:00,WATER_M01,92.5,0.0,14.25,3.65,176.0,RUNNING,11.4,GOOD
2024-01-29 15:00:00,WATER_B01,92.5,0.0,13.32,3.45,172.0,RUNNING,10.65,GOOD
2024-01-29 16:00:00,WATER_M01,92.5,0.0,15.99,3.62,169.0,RUNNING,12.79,GOOD
2024-01-29 16:00:00,WATER_B01,92.5,0.0,14.18,3.92,163.0,RUNNING,11.35,GOOD
2024-01-29 17:00:00,WATER_M01,92.5,0.0,14.61,3.36,165.0,RUNNING,11.69,GOOD
2024-01-29 17:00:00,WATER_B01,92.5,0.0,12.08,3.71,146.0,RUNNING,9.66,GOOD
2024-01-29 18:00:00,WATER_M01,92.4,0.0,18.68,3.46,158.0,RUNNING,14.94,GOOD
2024-01-29 18:00:00,WATER_B01,92.5,0.0,18.03,3.9,152.0,RUNNING,14.42,GOOD
2024-01-29 19:00:00,WATER_M01,92.4,0.0,13.46,3.84,166.0,RUNNING,10.77,GOOD
2024-01-29 19:00:00,WATER_B01,92.5,0.0,11.95,3.26,160.0,RUNNING,9.56,GOOD
2024-01-29 20:00:00,WATER_M01,92.4,0.0,14.74,3.68,162.0,RUNNING,11.79,GOOD
2024-01-29 20:00:00,WATER_B01,92.4,0.0,16.26,3.48,157.0,RUNNING,13.01,GOOD
2024-01-29 21:00:00,WATER_M01,92.4,0.0,13.29,3.49,160.0,RUNNING,10.63,GOOD
2024-01-29 21:00:00,WATER_B01,92.4,0.0,15.76,3.32,165.0,RUNNING,12.61,GOOD
2024-01-29 22:00:00,WATER_M01,92.4,0.0,14.78,3.4,173.0,RUNNING,11.82,GOOD
2024-01-29 22:00:00,WATER_B01,92.4,0.0,16.63,3.59,183.0,RUNNING,13.3,GOOD
2024-01-29 23:00:00,WATER_M01,92.4,0.0,2.69,3.82,153.0,RUNNING,2.15,GOOD
2024-01-29 23:00:00,WATER_B01,92.4,0.0,3.2,3.39,174.0,RUNNING,2.56,GOOD
2024-01-30 00:00:00,WATER_M01,92.4,0.0,1.66,3.51,165.0,RUNNING,1.33,GOOD
2024-01-30 00:00:00,WATER_B01,92.4,0.0,3.1,3.67,171.0,RUNNING,2.48,GOOD
2024-01-30 01:00:00,WATER_M01,92.4,0.0,1.38,3.53,180.0,RUNNING,1.1,GOOD
2024-01-30 01:00:00,WATER_B01,92.4,0.0,3.34,3.35,173.0,RUNNING,2.67,GOOD
2024-01-30 02:00:00,WATER_M01,92.4,0.0,2.09,3.8,166.0,RUNNING,1.67,GOOD
2024-01-30 02:00:00,WATER_B01,92.4,0.0,2.62,3.71,154.0,RUNNING,2.1,GOOD
2024-01-30 03:00:00,WATER_M01,92.4,0.0,5.29,3.39,167.0,RUNNING,4.23,GOOD
2024-01-30 03:00:00,WATER_B01,92.4,0.0,2.69,3.18,173.0,RUNNING,2.15,GOOD
2024-01-30 04:00:00,WATER_M01,92.4,0.5,0.94,3.35,165.0,RUNNING,0.75,GOOD
2024-01-30 04:00:00,WATER_B01,92.4,0.0,3.36,3.47,168.0,RUNNING,2.69,GOOD
2024-01-30 05:00:00,WATER_M01,92.4,0.0,3.34,3.55,173.0,RUNNING,2.67,GOOD
2024-01-30 05:00:00,WATER_B01,92.4,0.0,3.52,3.54,150.0,RUNNING,2.82,GOOD
2024-01-30 06:00:00,WATER_M01,92.3,0.0,15.66,3.26,154.0,RUNNING,12.53,GOOD
2024-01-30 06:00:00,WATER_B01,92.4,0.0,14.24,3.66,165.0,RUNNING,11.39,GOOD
2024-01-30 07:00:00,WATER_M01,92.3,0.0,12.2,3.59,164.0,RUNNING,9.76,GOOD
2024-01-30 07:00:00,WATER_B01,92.4,0.0,14.44,3.48,169.0,RUNNING,11.55,GOOD
2024-01-30 08:00:00,WATER_M01,92.3,0.5,13.53,3.52,171.0,RUNNING,10.82,GOOD
2024-01-30 08:00:00,WATER_B01,92.3,0.0,16.76,3.67,157.0,RUNNING,13.41,GOOD
2024-01-30 09:00:00,WATER_M01,92.3,0.0,16.85,3.54,156.0,RUNNING,13.48,GOOD
2024-01-30 09:00:00,WATER_B01,92.3,0.0,10.77,3.7,168.0,RUNNING,8.61,GOOD
2024-01-30 10:00:00,WATER_M01,92.3,0.0,16.78,3.53,165.0,RUNNING,13.43,GOOD
2024-01-30 10:00:00,WATER_B01,92.3,0.0,20.09,3.63,166.0,RUNNING,16.07,GOOD
2024-01-30 11:00:00,WATER_M01,92.3,0.0,15.65,3.17,158.0,RUNNING,12.52,GOOD
2024-01-30 11:00:00,WATER_B01,92.3,0.0,12.43,3.64,161.0,RUNNING,9.94,GOOD
2024-01-30 12:00:00,WATER_M01,92.3,0.0,12.33,3.31,162.0,RUNNING,9.86,GOOD
2024-01-30 12:00:00,WATER_B01,92.3,0.0,15.4,3.67,165.0,RUNNING,12.32,GOOD
2024-01-30 13:00:00,WATER_M01,92.2,0.0,15.19,3.2,186.0,RUNNING,12.15,GOOD
2024-01-30 13:00:00,WATER_B01,92.3,0.0,14.36,3.46,150.0,RUNNING,11.49,GOOD
2024-01-30 14:00:00,WATER_M01,92.2,0.0,17.43,3.58,150.0,RUNNING,13.95,GOOD
2024-01-30 14:00:00,WATER_B01,92.3,0.0,15.99,3.74,170.0,RUNNING,12.79,GOOD
2024-01-30 15:00:00,WATER_M01,92.2,0.0,17.46,3.97,154.0,RUNNING,13.97,GOOD
2024-01-30 15:00:00,WATER_B01,92.2,0.0,14.98,3.87,188.0,RUNNING,11.99,GOOD
2024-01-30 16:00:00,WATER_M01,92.2,0.0,11.87,3.48,163.0,RUNNING,9.5,GOOD
2024-01-30 16:00:00,WATER_B01,92.2,0.0,13.18,3.6,158.0,RUNNING,10.54,GOOD
2024-01-30 17:00:00,WATER_M01,92.2,0.0,11.38,3.13,157.0,RUNNING,9.11,GOOD
2024-01-30 17:00:00,WATER_B01,92.2,0.0,15.97,3.77,179.0,RUNNING,12.78,GOOD
2024-01-30 18:00:00,WATER_M01,92.2,0.0,15.1,3.53,169.0,RUNNING,12.08,GOOD
2024-01-30 18:00:00,WATER_B01,92.2,0.0,16.89,3.61,181.0,RUNNING,13.52,GOOD
2024-01-30 19:00:00,WATER_M01,92.2,0.0,14.49,3.72,149.0,RUNNING,11.59,GOOD
2024-01-30 19:00:00,WATER_B01,92.2,0.0,14.93,3.34,181.0,RUNNING,11.95,GOOD
2024-01-30 20:00:00,WATER_M01,92.1,0.0,16.12,3.6,183.0,RUNNING,12.9,GOOD
2024-01-30 20:00:00,WATER_B01,92.2,0.0,16.97,3.52,147.0,RUNNING,13.58,GOOD
2024-01-30 21:00:00,WATER_M01,92.1,0.0,17.68,3.52,175.0,RUNNING,14.14,GOOD
2024-01-30 21:00:00,WATER_B01,92.1,0.5,12.91,3.53,168.0,RUNNING,10.33,GOOD
2024-01-30 22:00:00,WATER_M01,92.1,0.5,14.83,3.46,163.0,RUNNING,11.86,GOOD
2024-01-30 22:00:00,WATER_B01,92.1,0.0,13.39,3.43,168.0,RUNNING,10.72,GOOD
2024-01-30 23:00:00,WATER_M01,92.1,0.0,2.78,3.49,168.0,RUNNING,2.23,GOOD
2024-01-30 23:00:00,WATER_B01,92.1,0.0,2.14,2.93,143.0,RUNNING,1.71,GOOD
2024-01-31 00:00:00,WATER_M01,92.1,0.0,2.04,3.58,139.0,RUNNING,1.63,GOOD
2024-01-31 00:00:00,WATER_B01,92.1,0.0,4.29,3.6,170.0,RUNNING,3.43,GOOD
2024-01-31 01:00:00,WATER_M01,92.1,0.0,2.23,3.4,162.0,RUNNING,1.78,GOOD
2024-01-31 01:00:00,WATER_B01,92.1,0.0,2.45,3.47,170.0,RUNNING,1.96,GOOD
2024-01-31 02:00:00,WATER_M01,92.1,0.0,3.57,3.35,171.0,RUNNING,2.85,GOOD
2024-01-31 02:00:00,WATER_B01,92.1,0.0,2.73,3.12,169.0,RUNNING,2.18,GOOD
2024-01-31 03:00:00,WATER_M01,92.1,0.0,3.19,3.36,163.0,RUNNING,2.55,GOOD
2024-01-31 03:00:00,WATER_B01,92.1,0.5,2.71,3.44,180.0,RUNNING,2.17,GOOD
2024-01-31 04:00:00,WATER_M01,92.1,0.5,3.21,3.5,177.0,RUNNING,2.57,GOOD
2024-01-31 04:00:00,WATER_B01,92.1,0.0,3.55,3.44,165.0,RUNNING,2.84,GOOD
2024-01-31 05:00:00,WATER_M01,92.1,0.0,1.75,3.71,161.0,RUNNING,1.4,GOOD
2024-01-31 05:00:00,WATER_B01,92.1,0.0,3.62,3.41,169.0,RUNNING,2.9,GOOD
2024-01-31 06:00:00,WATER_M01,92.1,0.0,12.86,3.6,165.0,RUNNING,10.29,GOOD
2024-01-31 06:00:00,WATER_B01,92.1,0.0,17.24,3.87,166.0,RUNNING,13.79,GOOD
2024-01-31 07:00:00,WATER_M01,92.1,0.0,13.26,3.75,172.0,RUNNING,10.61,GOOD
2024-01-31 07:00:00,WATER_B01,92.1,0.0,14.93,3.84,178.0,RUNNING,11.94,GOOD
2024-01-31 08:00:00,WATER_M01,92.1,0.0,12.85,3.17,172.0,RUNNING,10.28,GOOD
2024-01-31 08:00:00,WATER_B01,92.1,0.0,17.4,3.55,154.0,RUNNING,13.92,GOOD
2024-01-31 09:00:00,WATER_M01,92.0,0.0,12.8,3.46,163.0,RUNNING,10.24,GOOD
2024-01-31 09:00:00,WATER_B01,92.1,0.5,14.34,3.71,162.0,RUNNING,11.47,GOOD
2024-01-31 10:00:00,WATER_M01,92.0,0.0,13.56,3.51,170.0,RUNNING,10.85,GOOD
2024-01-31 10:00:00,WATER_B01,92.0,0.0,15.57,3.45,178.0,RUNNING,12.46,GOOD
2024-01-31 11:00:00,WATER_M01,92.0,0.0,12.44,3.69,171.0,RUNNING,9.95,GOOD
2024-01-31 11:00:00,WATER_B01,92.0,0.0,12.02,3.56,163.0,RUNNING,9.62,GOOD
2024-01-31 12:00:00,WATER_M01,92.0,0.0,15.32,3.3,172.0,RUNNING,12.26,GOOD
2024-01-31 12:00:00,WATER_B01,92.0,0.0,15.38,3.45,166.0,RUNNING,12.3,GOOD
2024-01-31 13:00:00,WATER_M01,92.0,0.0,13.32,3.62,150.0,RUNNING,10.65,GOOD
2024-01-31 13:00:00,WATER_B01,92.0,0.0,15.78,3.42,157.0,RUNNING,12.62,GOOD
2024-01-31 14:00:00,WATER_M01,92.0,0.0,17.53,3.41,154.0,RUNNING,14.03,GOOD
2024-01-31 14:00:00,WATER_B01,92.0,0.0,15.62,3.4,178.0,RUNNING,12.5,GOOD
2024-01-31 15:00:00,WATER_M01,92.0,0.0,10.91,3.34,159.0,RUNNING,8.73,GOOD
2024-01-31 15:00:00,WATER_B01,92.0,0.0,13.25,3.47,168.0,RUNNING,10.6,GOOD
2024-01-31 16:00:00,WATER_M01,91.9,0.0,16.4,3.55,146.0,RUNNING,13.12,GOOD
2024-01-31 16:00:00,WATER_B01,91.9,0.0,18.39,3.16,150.0,RUNNING,14.72,GOOD
2024-01-31 17:00:00,WATER_M01,91.9,0.0,10.35,3.23,171.0,RUNNING,8.28,GOOD
2024-01-31 17:00:00,WATER_B01,91.9,0.0,16.92,3.45,148.0,RUNNING,13.53,GOOD
2024-01-31 18:00:00,WATER_M01,91.9,0.0,14.5,3.61,172.0,RUNNING,11.6,GOOD
2024-01-31 18:00:00,WATER_B01,91.9,0.0,15.3,3.5,161.0,RUNNING,12.24,GOOD
2024-01-31 19:00:00,WATER_M01,91.9,0.0,13.89,3.43,159.0,RUNNING,11.11,GOOD
2024-01-31 19:00:00,WATER_B01,91.9,0.5,11.53,3.63,161.0,RUNNING,9.23,GOOD
2024-01-31 20:00:00,WATER_M01,91.9,0.0,13.1,3.51,176.0,RUNNING,10.48,GOOD
2024-01-31 20:00:00,WATER_B01,91.9,0.0,14.31,3.36,172.0,RUNNING,11.45,GOOD
2024-01-31 21:00:00,WATER_M01,91.9,0.0,16.5,3.55,162.0,RUNNING,13.2,GOOD
2024-01-31 21:00:00,WATER_B01,91.9,0.0,14.82,3.19,165.0,RUNNING,11.86,GOOD
2024-01-31 22:00:00,WATER_M01,91.9,0.0,15.08,3.41,153.0,RUNNING,12.07,GOOD
2024-01-31 22:00:00,WATER_B01,91.9,0.0,11.96,3.63,173.0,RUNNING,9.57,GOOD
2024-01-31 23:00:00,WATER_M01,91.9,0.0,1.91,3.14,187.0,RUNNING,1.52,GOOD
2024-01-31 23:00:00,WATER_B01,91.9,0.0,3.62,3.42,171.0,RUNNING,2.9,GOOD
2024-02-01 00:00:00,WATER_M01,91.9,0.0,4.16,3.61,166.0,RUNNING,3.33,GOOD
2024-02-01 00:00:00,WATER_B01,91.9,0.0,2.02,3.36,161.0,RUNNING,1.61,GOOD
2024-02-01 01:00:00,WATER_M01,91.8,0.5,4.4,3.71,153.0,RUNNING,3.52,GOOD
2024-02-01 01:00:00,WATER_B01,91.9,0.0,2.09,3.55,172.0,RUNNING,1.67,GOOD
2024-02-01 02:00:00,WATER_M01,91.8,0.5,1.57,3.2,155.0,RUNNING,1.25,GOOD
2024-02-01 02:00:00,WATER_B01,91.9,0.0,2.76,3.07,149.0,RUNNING,2.21,GOOD
2024-02-01 03:00:00,WATER_M01,91.8,0.0,1.17,3.37,156.0,RUNNING,0.93,GOOD
2024-02-01 03:00:00,WATER_B01,91.8,0.0,3.64,3.78,179.0,RUNNING,2.91,GOOD
2024-02-01 04:00:00,WATER_M01,91.8,0.0,3.57,3.84,166.0,RUNNING,2.86,GOOD
2024-02-01 04:00:00,WATER_B01,91.8,0.0,3.37,3.86,161.0,RUNNING,2.7,GOOD
2024-02-01 05:00:00,WATER_M01,91.8,0.0,2.08,3.31,183.0,RUNNING,1.67,GOOD
2024-02-01 05:00:00,WATER_B01,91.8,0.0,2.48,3.42,190.0,RUNNING,1.98,GOOD
2024-02-01 06:00:00,WATER_M01,91.8,0.5,15.56,3.57,181.0,RUNNING,12.44,GOOD
2024-02-01 06:00:00,WATER_B01,91.8,0.0,11.97,3.04,163.0,RUNNING,9.57,GOOD
2024-02-01 07:00:00,WATER_M01,91.8,0.0,14.71,3.28,165.0,RUNNING,11.77,GOOD
2024-02-01 07:00:00,WATER_B01,91.8,0.5,17.22,3.82,174.0,RUNNING,13.78,GOOD
2024-02-01 08:00:00,WATER_M01,91.8,0.0,12.27,3.35,163.0,RUNNING,9.82,GOOD
2024-02-01 08:00:00,WATER_B01,91.8,0.0,15.83,3.49,166.0,RUNNING,12.66,GOOD
2024-02-01 09:00:00,WATER_M01,91.8,0.0,16.2,3.77,166.0,RUNNING,12.96,GOOD
2024-02-01 09:00:00,WATER_B01,91.8,0.0,13.75,3.59,163.0,RUNNING,11.0,GOOD
2024-02-01 10:00:00,WATER_M01,91.8,0.5,13.18,3.5,176.0,RUNNING,10.54,GOOD
2024-02-01 10:00:00,WATER_B01,91.8,0.0,16.47,3.41,151.0,RUNNING,13.18,GOOD
2024-02-01 11:00:00,WATER_M01,91.8,0.0,15.16,3.37,186.0,RUNNING,12.13,GOOD
2024-02-01 11:00:00,WATER_B01,91.8,0.0,16.36,3.46,180.0,RUNNING,13.09,GOOD
2024-02-01 12:00:00,WATER_M01,91.7,0.0,15.32,3.45,163.0,RUNNING,12.26,GOOD
2024-02-01 12:00:00,WATER_B01,91.7,0.0,15.27,3.0,169.0,RUNNING,12.21,GOOD
2024-02-01 13:00:00,WATER_M01,91.7,0.0,9.97,3.38,178.0,RUNNING,7.97,GOOD
2024-02-01 13:00:00,WATER_B01,91.7,0.0,10.23,3.48,177.0,RUNNING,8.18,GOOD
2024-02-01 14:00:00,WATER_M01,91.7,0.5,13.81,3.71,154.0,RUNNING,11.05,GOOD
2024-02-01 14:00:00,WATER_B01,91.7,0.0,17.29,3.36,158.0,RUNNING,13.83,GOOD
2024-02-01 15:00:00,WATER_M01,91.7,0.0,18.18,3.08,166.0,RUNNING,14.55,GOOD
2024-02-01 15:00:00,WATER_B01,91.7,0.0,18.05,3.54,152.0,RUNNING,14.44,GOOD
2024-02-01 16:00:00,WATER_M01,91.7,0.5,14.83,3.15,166.0,RUNNING,11.86,GOOD
2024-02-01 16:00:00,WATER_B01,91.7,0.0,15.33,3.76,165.0,RUNNING,12.26,GOOD
2024-02-01 17:00:00,WATER_M01,91.7,0.0,16.91,3.43,155.0,RUNNING,13.53,GOOD
2024-02-01 17:00:00,WATER_B01,91.7,0.0,17.52,3.56,171.0,RUNNING,14.01,GOOD
2024-02-01 18:00:00,WATER_M01,91.6,0.0,19.08,3.57,169.0,RUNNING,15.26,GOOD
2024-02-01 18:00:00,WATER_B01,91.6,0.0,15.17,3.35,184.0,RUNNING,12.13,GOOD
2024-02-01 19:00:00,WATER_M01,91.6,0.0,13.92,3.7,170.0,RUNNING,11.13,GOOD
2024-02-01 19:00:00,WATER_B01,91.6,0.0,15.66,3.93,162.0,RUNNING,12.53,GOOD
2024-02-01 20:00:00,WATER_M01,91.6,0.0,12.54,3.69,158.0,RUNNING,10.03,GOOD
2024-02-01 20:00:00,WATER_B01,91.6,0.0,18.46,3.85,169.0,RUNNING,14.77,GOOD
2024-02-01 21:00:00,WATER_M01,91.6,0.5,12.5,3.47,174.0,RUNNING,10.0,GOOD
2024-02-01 21:00:00,WATER_B01,91.6,0.0,13.75,3.33,177.0,RUNNING,11.0,GOOD
2024-02-01 22:00:00,WATER_M01,91.6,0.0,18.04,3.2,172.0,RUNNING,14.43,GOOD
2024-02-01 22:00:00,WATER_B01,91.6,0.0,13.5,3.09,165.0,RUNNING,10.8,GOOD
2024-02-01 23:00:00,WATER_M01,91.6,0.0,2.95,3.5,170.0,RUNNING,2.36,GOOD
2024-02-01 23:00:00,WATER_B01,91.6,0.0,3.14,3.57,175.0,RUNNING,2.51,GOOD
2024-02-02 00:00:00,WATER_M01,91.6,0.0,2.41,3.5,184.0,RUNNING,1.93,GOOD
2024-02-02 00:00:00,WATER_B01,91.6,0.0,3.34,3.47,172.0,RUNNING,2.67,GOOD
2024-02-02 01:00:00,WATER_M01,91.6,0.0,3.12,3.7,168.0,RUNNING,2.5,GOOD
2024-02-02 01:00:00,WATER_B01,91.6,0.0,2.38,3.33,168.0,RUNNING,1.9,GOOD
2024-02-02 02:00:00,WATER_M01,91.6,0.0,2.45,3.37,157.0,RUNNING,1.96,GOOD
2024-02-02 02:00:00,WATER_B01,91.6,0.0,3.19,3.37,175.0,RUNNING,2.55,GOOD
2024-02-02 03:00:00,WATER_M01,91.6,0.0,2.37,3.49,158.0,RUNNING,1.9,GOOD
2024-02-02 03:00:00,WATER_B01,91.6,0.0,2.24,3.31,166.0,RUNNING,1.79,GOOD
2024-02-02 04:00:00,WATER_M01,91.6,0.0,4.45,3.54,167.0,RUNNING,3.56,GOOD
2024-02-02 04:00:00,WATER_B01,91.6,0.0,3.39,3.85,169.0,RUNNING,2.71,GOOD
2024-02-02 05:00:00,WATER_M01,91.6,0.0,2.9,3.33,179.0,RUNNING,2.32,GOOD
2024-02-02 05:00:00,WATER_B01,91.6,0.0,4.36,3.68,178.0,RUNNING,3.49,GOOD
2024-02-02 06:00:00,WATER_M01,91.6,0.0,13.5,3.28,155.0,RUNNING,10.8,GOOD
2024-02-02 06:00:00,WATER_B01,91.5,0.0,15.93,3.24,161.0,RUNNING,12.74,GOOD
2024-02-02 07:00:00,WATER_M01,91.5,0.0,15.36,3.56,153.0,RUNNING,12.28,GOOD
2024-02-02 07:00:00,WATER_B01,91.5,0.0,13.05,3.48,160.0,RUNNING,10.44,GOOD
2024-02-02 08:00:00,WATER_M01,91.5,0.0,16.18,3.43,177.0,RUNNING,12.95,GOOD
2024-02-02 08:00:00,WATER_B01,91.5,0.5,12.56,3.33,185.0,RUNNING,10.05,GOOD
2024-02-02 09:00:00,WATER_M01,91.5,0.0,14.54,3.39,175.0,RUNNING,11.63,GOOD
2024-02-02 09:00:00,WATER_B01,91.5,0.0,10.97,3.44,176.0,RUNNING,8.77,GOOD
2024-02-02 10:00:00,WATER_M01,91.5,0.0,14.14,3.13,167.0,RUNNING,11.31,GOOD
2024-02-02 10:00:00,WATER_B01,91.5,0.5,14.99,3.63,168.0,RUNNING,11.99,GOOD
2024-02-02 11:00:00,WATER_M01,91.5,0.0,16.68,3.47,166.0,RUNNING,13.34,GOOD
2024-02-02 11:00:00,WATER_B01,91.5,0.0,14.54,3.4,161.0,RUNNING,11.63,GOOD
2024-02-02 12:00:00,WATER_M01,91.5,0.0,13.74,3.76,183.0,RUNNING,10.99,GOOD
2024-02-02 12:00:00,WATER_B01,91.5,0.0,14.46,3.45,172.0,RUNNING,11.57,GOOD
2024-02-02 13:00:00,WATER_M01,91.5,0.0,14.22,3.53,187.0,RUNNING,11.38,GOOD
2024-02-02 13:00:00,WATER_B01,91.4,0.0,20.35,3.46,152.0,RUNNING,16.28,GOOD
2024-02-02 14:00:00,WATER_M01,91.4,0.0,13.04,3.88,141.0,RUNNING,10.43,GOOD
2024-02-02 14:00:00,WATER_B01,91.4,0.0,15.16,3.55,175.0,RUNNING,12.13,GOOD
2024-02-02 15:00:00,WATER_M01,91.4,0.0,12.49,3.48,155.0,RUNNING,9.99,GOOD
2024-02-02 15:00:00,WATER_B01,91.4,0.5,17.68,3.2,149.0,RUNNING,14.14,GOOD
2024-02-02 16:00:00,WATER_M01,91.4,0.0,20.43,3.44,174.0,RUNNING,16.35,GOOD
2024-02-02 16:00:00,WATER_B01,91.4,0.0,16.61,3.42,179.0,RUNNING,13.29,GOOD
2024-02-02 17:00:00,WATER_M01,91.4,0.0,13.88,3.27,168.0,RUNNING,11.1,GOOD
2024-02-02 17:00:00,WATER_B01,91.4,0.0,13.84,3.37,171.0,RUNNING,11.08,GOOD
2024-02-02 18:00:00,WATER_M01,91.4,0.5,13.6,3.48,177.0,RUNNING,10.88,GOOD
2024-02-02 18:00:00,WATER_B01,91.4,0.5,15.21,3.54,168.0,RUNNING,12.16,GOOD
2024-02-02 19:00:00,WATER_M01,91.4,0.0,15.73,3.33,178.0,RUNNING,12.58,GOOD
2024-02-02 19:00:00,WATER_B01,91.4,0.0,10.74,3.43,177.0,RUNNING,8.59,GOOD
2024-02-02 20:00:00,WATER_M01,91.3,0.0,16.81,3.62,150.0,RUNNING,13.45,GOOD
2024-02-02 20:00:00,WATER_B01,91.3,0.0,15.2,3.29,158.0,RUNNING,12.16,GOOD
2024-02-02 21:00:00,WATER_M01,91.3,0.5,15.25,3.45,162.0,RUNNING,12.2,GOOD
2024-02-02 21:00:00,WATER_B01,91.3,0.0,16.83,3.33,187.0,RUNNING,13.46,GOOD
2024-02-02 22:00:00,WATER_M01,91.3,0.0,12.12,3.47,157.0,RUNNING,9.7,GOOD
2024-02-02 22:00:00,WATER_B01,91.3,0.5,16.35,3.43,140.0,RUNNING,13.08,GOOD
2024-02-02 23:00:00,WATER_M01,91.3,0.5,2.82,2.93,173.0,RUNNING,2.26,GOOD
2024-02-02 23:00:00,WATER_B01,91.3,0.0,1.95,3.51,162.0,RUNNING,1.56,GOOD
2024-02-03 00:00:00,WATER_M01,91.3,0.0,3.55,3.43,155.0,RUNNING,2.84,GOOD
2024-02-03 00:00:00,WATER_B01,91.3,0.0,2.04,3.7,173.0,RUNNING,1.63,GOOD
2024-02-03 01:00:00,WATER_M01,91.3,0.0,2.99,3.69,177.0,RUNNING,2.39,GOOD
2024-02-03 01:00:00,WATER_B01,91.3,0.0,5.04,3.51,171.0,RUNNING,4.03,GOOD
2024-02-03 02:00:00,WATER_M01,91.3,0.0,2.74,3.51,168.0,RUNNING,2.19,GOOD
2024-02-03 02:00:00,WATER_B01,91.3,0.0,3.13,3.38,159.0,RUNNING,2.51,GOOD
2024-02-03 03:00:00,WATER_M01,91.3,0.5,2.22,3.18,180.0,RUNNING,1.78,GOOD
2024-02-03 03:00:00,WATER_B01,91.3,0.0,2.77,3.71,167.0,RUNNING,2.22,GOOD
2024-02-03 04:00:00,WATER_M01,91.3,0.0,3.65,3.87,172.0,RUNNING,2.92,GOOD
2024-02-03 04:00:00,WATER_B01,91.3,0.0,1.86,3.4,169.0,RUNNING,1.49,GOOD
2024-02-03 05:00:00,WATER_M01,91.3,0.5,4.86,3.89,146.0,RUNNING,3.88,GOOD
2024-02-03 05:00:00,WATER_B01,91.3,0.0,2.14,4.07,164.0,RUNNING,1.71,GOOD
2024-02-03 06:00:00,WATER_M01,91.3,0.0,17.53,3.38,160.0,RUNNING,14.03,GOOD
2024-02-03 06:00:00,WATER_B01,91.3,0.0,15.57,3.6,153.0,RUNNING,12.46,GOOD
2024-02-03 07:00:00,WATER_M01,91.3,0.0,14.49,3.68,168.0,RUNNING,11.59,GOOD
2024-02-03 07:00:00,WATER_B01,91.3,0.0,13.6,3.6,153.0,RUNNING,10.88,GOOD
2024-02-03 08:00:00,WATER_M01,91.2,0.0,19.06,3.24,173.0,RUNNING,15.24,GOOD
2024-02-03 08:00:00,WATER_B01,91.2,0.0,11.41,3.77,162.0,RUNNING,9.13,GOOD
2024-02-03 09:00:00,WATER_M01,91.2,0.0,15.31,3.59,155.0,RUNNING,12.24,GOOD
2024-02-03 09:00:00,WATER_B01,91.2,0.0,12.66,3.57,180.0,RUNNING,10.13,GOOD
2024-02-03 10:00:00,WATER_M01,91.2,0.0,17.24,3.61,172.0,RUNNING,13.79,GOOD
2024-02-03 10:00:00,WATER_B01,91.2,0.0,13.95,3.43,166.0,RUNNING,11.16,GOOD
2024-02-03 11:00:00,WATER_M01,91.2,0.0,15.16,3.42,159.0,RUNNING,12.13,GOOD
2024-02-03 11:00:00,WATER_B01,91.2,0.0,15.91,3.54,177.0,RUNNING,12.73,GOOD
2024-02-03 12:00:00,WATER_M01,91.2,0.0,14.07,2.93,170.0,RUNNING,11.26,GOOD
2024-02-03 12:00:00,WATER_B01,91.2,0.0,15.61,3.2,159.0,RUNNING,12.49,GOOD
2024-02-03 13:00:00,WATER_M01,91.2,0.0,13.47,3.48,163.0,RUNNING,10.77,GOOD
2024-02-03 13:00:00,WATER_B01,91.2,0.0,17.59,3.85,173.0,RUNNING,14.07,GOOD
2024-02-03 14:00:00,WATER_M01,91.2,0.0,12.66,3.59,173.0,RUNNING,10.13,GOOD
2024-02-03 14:00:00,WATER_B01,91.2,0.0,15.14,3.6,149.0,RUNNING,12.11,GOOD
2024-02-03 15:00:00,WATER_M01,91.1,0.0,13.23,3.97,166.0,RUNNING,10.58,GOOD
2024-02-03 15:00:00,WATER_B01,91.1,0.0,15.41,3.78,168.0,RUNNING,12.33,GOOD
2024-02-03 16:00:00,WATER_M01,91.1,0.0,11.88,3.47,174.0,RUNNING,9.5,GOOD
2024-02-03 16:00:00,WATER_B01,91.1,0.5,12.73,3.43,167.0,RUNNING,10.18,GOOD
2024-02-03 17:00:00,WATER_M01,91.1,0.5,13.98,3.41,170.0,RUNNING,11.19,GOOD
2024-02-03 17:00:00,WATER_B01,91.1,0.0,15.33,3.37,180.0,RUNNING,12.26,GOOD
2024-02-03 18:00:00,WATER_M01,91.1,0.0,12.03,3.73,182.0,RUNNING,9.62,GOOD
2024-02-03 18:00:00,WATER_B01,91.1,0.0,12.29,3.36,170.0,RUNNING,9.83,GOOD
2024-02-03 19:00:00,WATER_M01,91.1,0.0,11.3,3.41,183.0,RUNNING,9.04,GOOD
2024-02-03 19:00:00,WATER_B01,91.1,0.0,16.02,3.25,154.0,RUNNING,12.82,GOOD
2024-02-03 20:00:00,WATER_M01,91.1,0.0,13.87,3.56,161.0,RUNNING,11.09,GOOD
2024-02-03 20:00:00,WATER_B01,91.1,0.0,14.35,3.43,164.0,RUNNING,11.48,GOOD
2024-02-03 21:00:00,WATER_M01,91.1,0.0,17.68,3.8,162.0,RUNNING,14.14,GOOD
2024-02-03 21:00:00,WATER_B01,91.1,0.0,13.87,3.63,166.0,RUNNING,11.1,GOOD
2024-02-03 22:00:00,WATER_M01,91.1,0.0,11.86,3.75,163.0,RUNNING,9.49,GOOD
2024-02-03 22:00:00,WATER_B01,91.0,0.0,14.97,3.75,169.0,RUNNING,11.97,GOOD
2024-02-03 23:00:00,WATER_M01,91.1,0.0,2.44,3.59,161.0,RUNNING,1.95,GOOD
2024-02-03 23:00:00,WATER_B01,91.0,0.0,2.67,3.15,173.0,RUNNING,2.14,GOOD
2024-02-04 00:00:00,WATER_M01,91.0,0.0,3.1,3.37,171.0,RUNNING,2.48,GOOD
2024-02-04 00:00:00,WATER_B01,91.0,0.0,2.64,3.28,172.0,RUNNING,2.11,GOOD
2024-02-04 01:00:00,WATER_M01,91.0,0.0,3.57,3.73,164.0,RUNNING,2.85,GOOD
2024-02-04 01:00:00,WATER_B01,91.0,0.0,2.58,3.32,171.0,RUNNING,2.06,GOOD
2024-02-04 02:00:00,WATER_M01,91.0,0.0,3.62,3.4,160.0,RUNNING,2.89,GOOD
2024-02-04 02:00:00,WATER_B01,91.0,0.5,2.86,3.66,154.0,RUNNING,2.29,GOOD
2024-02-04 03:00:00,WATER_M01,91.0,0.0,2.92,3.4,162.0,RUNNING,2.34,GOOD
2024-02-04 03:00:00,WATER_B01,91.0,0.0,4.3,3.4,158.0,RUNNING,3.44,GOOD
2024-02-04 04:00:00,WATER_M01,91.0,0.0,1.9,3.3,173.0,RUNNING,1.52,GOOD
2024-02-04 04:00:00,WATER_B01,91.0,0.0,1.65,3.72,152.0,RUNNING,1.32,GOOD
2024-02-04 05:00:00,WATER_M01,91.0,0.5,3.66,3.67,176.0,RUNNING,2.92,GOOD
2024-02-04 05:00:00,WATER_B01,91.0,0.0,4.51,3.31,175.0,RUNNING,3.61,GOOD
2024-02-04 06:00:00,WATER_M01,91.0,0.0,18.7,3.69,158.0,RUNNING,14.96,GOOD
2024-02-04 06:00:00,WATER_B01,91.0,0.0,15.21,3.1,162.0,RUNNING,12.17,GOOD
2024-02-04 07:00:00,WATER_M01,91.0,0.0,14.61,3.72,186.0,RUNNING,11.68,GOOD
2024-02-04 07:00:00,WATER_B01,91.0,0.0,17.41,3.7,179.0,RUNNING,13.93,GOOD
2024-02-04 08:00:00,WATER_M01,91.0,0.0,16.82,3.53,174.0,RUNNING,13.45,GOOD
2024-02-04 08:00:00,WATER_B01,91.0,0.5,11.96,3.23,166.0,RUNNING,9.57,GOOD
2024-02-04 09:00:00,WATER_M01,91.0,0.0,14.37,3.34,166.0,RUNNING,11.49,GOOD
2024-02-04 09:00:00,WATER_B01,91.0,0.0,13.35,3.78,175.0,RUNNING,10.68,GOOD
2024-02-04 10:00:00,WATER_M01,91.0,0.5,15.38,3.39,175.0,RUNNING,12.31,GOOD
2024-02-04 10:00:00,WATER_B01,90.9,0.0,14.26,3.67,156.0,RUNNING,11.41,GOOD
2024-02-04 11:00:00,WATER_M01,90.9,0.0,16.83,3.16,175.0,RUNNING,13.46,GOOD
2024-02-04 11:00:00,WATER_B01,90.9,0.0,18.61,3.69,172.0,RUNNING,14.89,GOOD
2024-02-04 12:00:00,WATER_M01,90.9,0.0,12.77,3.79,163.0,RUNNING,10.21,GOOD
2024-02-04 12:00:00,WATER_B01,90.9,0.0,15.6,3.34,163.0,RUNNING,12.48,GOOD
2024-02-04 13:00:00,WATER_M01,90.9,0.0,16.39,3.75,177.0,RUNNING,13.12,GOOD
2024-02-04 13:00:00,WATER_B01,90.9,0.5,15.84,3.08,168.0,RUNNING,12.67,GOOD
2024-02-04 14:00:00,WATER_M01,90.9,0.0,14.74,3.54,156.0,RUNNING,11.79,GOOD
2024-02-04 14:00:00,WATER_B01,90.9,0.0,20.03,3.23,163.0,RUNNING,16.02,GOOD
2024-02-04 15:00:00,WATER_M01,90.9,0.0,15.39,3.42,163.0,RUNNING,12.31,GOOD
2024-02-04 15:00:00,WATER_B01,90.9,0.5,12.27,3.88,172.0,RUNNING,9.82,GOOD
2024-02-04 16:00:00,WATER_M01,90.9,0.0,17.09,3.73,158.0,RUNNING,13.67,GOOD
2024-02-04 16:00:00,WATER_B01,90.9,0.0,16.46,3.58,158.0,RUNNING,13.16,GOOD
2024-02-04 17:00:00,WATER_M01,90.8,0.0,16.36,3.5,166.0,RUNNING,13.09,GOOD
2024-02-04 17:00:00,WATER_B01,90.8,0.0,16.91,3.46,161.0,RUNNING,13.53,GOOD
2024-02-04 18:00:00,WATER_M01,90.8,0.0,12.39,3.93,154.0,RUNNING,9.91,GOOD
2024-02-04 18:00:00,WATER_B01,90.8,0.0,14.15,3.68,165.0,RUNNING,11.32,GOOD
2024-02-04 19:00:00,WATER_M01,90.8,0.5,16.16,3.61,173.0,RUNNING,12.93,GOOD
2024-02-04 19:00:00,WATER_B01,90.8,0.0,11.73,3.37,159.0,RUNNING,9.38,GOOD
2024-02-04 20:00:00,WATER_M01,90.8,0.0,9.77,3.35,154.0,RUNNING,7.81,GOOD
2024-02-04 20:00:00,WATER_B01,90.8,0.0,11.44,3.46,159.0,RUNNING,9.15,GOOD
2024-02-04 21:00:00,WATER_M01,90.8,0.0,13.01,3.2,170.0,RUNNING,10.41,GOOD
2024-02-04 21:00:00,WATER_B01,90.8,0.5,15.25,3.44,178.0,RUNNING,12.2,GOOD
2024-02-04 22:00:00,WATER_M01,90.8,0.0,15.0,3.26,188.0,RUNNING,12.0,GOOD
2024-02-04 22:00:00,WATER_B01,90.8,0.5,16.52,3.55,166.0,RUNNING,13.22,GOOD
2024-02-04 23:00:00,WATER_M01,90.8,0.0,4.0,3.44,169.0,RUNNING,3.2,GOOD
2024-02-04 23:00:00,WATER_B01,90.8,0.0,3.52,3.13,182.0,RUNNING,2.82,GOOD
2024-02-05 00:00:00,WATER_M01,90.8,0.0,3.81,3.86,163.0,RUNNING,3.05,GOOD
2024-02-05 00:00:00,WATER_B01,90.8,0.0,2.25,3.76,161.0,RUNNING,1.8,GOOD
2024-02-05 01:00:00,WATER_M01,90.8,0.0,3.31,3.45,148.0,RUNNING,2.65,GOOD
2024-02-05 01:00:00,WATER_B01,90.8,0.0,3.84,3.79,182.0,RUNNING,3.07,GOOD
2024-02-05 02:00:00,WATER_M01,90.8,0.0,3.62,3.63,178.0,RUNNING,2.89,GOOD
2024-02-05 02:00:00,WATER_B01,90.8,0.5,3.9,3.52,173.0,RUNNING,3.12,GOOD
2024-02-05 03:00:00,WATER_M01,90.8,0.0,2.92,3.39,178.0,RUNNING,2.33,GOOD
2024-02-05 03:00:00,WATER_B01,90.8,0.0,2.65,3.07,178.0,RUNNING,2.12,GOOD
2024-02-05 04:00:00,WATER_M01,90.8,0.0,4.76,3.71,151.0,RUNNING,3.81,GOOD
2024-02-05 04:00:00,WATER_B01,90.7,0.5,4.07,3.42,176.0,RUNNING,3.25,GOOD
2024-02-05 05:00:00,WATER_M01,90.8,0.0,3.77,3.52,156.0,RUNNING,3.02,GOOD
2024-02-05 05:00:00,WATER_B01,90.7,0.0,4.53,3.37,165.0,RUNNING,3.63,GOOD
2024-02-05 06:00:00,WATER_M01,90.7,0.5,12.14,3.53,167.0,RUNNING,9.71,GOOD
2024-02-05 06:00:00,WATER_B01,90.7,0.0,16.59,3.41,174.0,RUNNING,13.28,GOOD
2024-02-05 07:00:00,WATER_M01,90.7,0.0,18.2,3.53,157.0,RUNNING,14.56,GOOD
2024-02-05 07:00:00,WATER_B01,90.7,0.0,16.03,3.57,162.0,RUNNING,12.82,GOOD
2024-02-05 08:00:00,WATER_M01,90.7,0.0,12.97,3.45,184.0,RUNNING,10.38,GOOD
2024-02-05 08:00:00,WATER_B01,90.7,0.0,14.99,3.51,160.0,RUNNING,11.99,GOOD
2024-02-05 09:00:00,WATER_M01,90.7,0.0,14.18,3.63,162.0,RUNNING,11.35,GOOD
2024-02-05 09:00:00,WATER_B01,90.7,0.0,16.76,3.62,162.0,RUNNING,13.41,GOOD
2024-02-05 10:00:00,WATER_M01,90.7,0.0,14.53,3.26,151.0,RUNNING,11.62,GOOD
2024-02-05 10:00:00,WATER_B01,90.7,0.0,13.73,3.4,166.0,RUNNING,10.99,GOOD
2024-02-05 11:00:00,WATER_M01,90.7,0.0,14.22,3.1,180.0,RUNNING,11.37,GOOD
2024-02-05 11:00:00,WATER_B01,90.6,0.0,15.23,3.34,175.0,RUNNING,12.18,GOOD
2024-02-05 12:00:00,WATER_M01,95.0,50.0,14.35,3.41,165.0,RUNNING,11.48,GOOD
2024-02-05 12:00:00,WATER_B01,95.0,50.0,9.64,3.61,157.0,RUNNING,7.72,GOOD
2024-02-05 13:00:00,WATER_M01,95.0,0.0,11.29,3.81,150.0,RUNNING,9.03,GOOD
2024-02-05 13:00:00,WATER_B01,95.0,0.0,11.79,3.91,148.0,RUNNING,9.43,GOOD
2024-02-05 14:00:00,WATER_M01,95.0,0.0,17.25,3.37,139.0,RUNNING,13.8,GOOD
2024-02-05 14:00:00,WATER_B01,95.0,0.0,14.09,3.74,147.0,RUNNING,11.27,GOOD
2024-02-05 15:00:00,WATER_M01,95.0,0.0,15.61,3.35,174.0,RUNNING,12.49,GOOD
2024-02-05 15:00:00,WATER_B01,95.0,0.0,18.29,3.75,148.0,RUNNING,14.63,GOOD
2024-02-05 16:00:00,WATER_M01,94.9,0.0,10.76,3.66,187.0,RUNNING,8.61,GOOD
2024-02-05 16:00:00,WATER_B01,94.9,0.0,17.8,3.2,160.0,RUNNING,14.24,GOOD
2024-02-05 17:00:00,WATER_M01,94.9,0.0,17.15,3.53,140.0,RUNNING,13.72,GOOD
2024-02-05 17:00:00,WATER_B01,94.9,0.0,14.79,3.5,140.0,RUNNING,11.83,GOOD
2024-02-05 18:00:00,WATER_M01,94.9,0.0,14.87,3.42,130.0,RUNNING,11.9,GOOD
2024-02-05 18:00:00,WATER_B01,94.9,0.0,15.89,3.84,157.0,RUNNING,12.71,GOOD
2024-02-05 19:00:00,WATER_M01,94.9,0.0,18.02,3.7,156.0,RUNNING,14.42,GOOD
2024-02-05 19:00:00,WATER_B01,94.9,0.0,15.35,3.33,164.0,RUNNING,12.28,GOOD
2024-02-05 20:00:00,WATER_M01,94.9,0.0,12.83,3.68,166.0,RUNNING,10.26,GOOD
2024-02-05 20:00:00,WATER_B01,94.9,0.0,17.23,3.39,163.0,RUNNING,13.79,GOOD
2024-02-05 21:00:00,WATER_M01,94.9,0.0,11.66,3.62,159.0,RUNNING,9.33,GOOD
2024-02-05 21:00:00,WATER_B01,94.9,0.0,14.17,3.14,151.0,RUNNING,11.34,GOOD
2024-02-05 22:00:00,WATER_M01,94.9,0.0,17.09,3.89,160.0,RUNNING,13.68,GOOD
2024-02-05 22:00:00,WATER_B01,94.8,0.0,14.57,3.19,157.0,RUNNING,11.66,GOOD
2024-02-05 23:00:00,WATER_M01,94.9,0.0,2.31,3.46,164.0,RUNNING,1.85,GOOD
2024-02-05 23:00:00,WATER_B01,94.8,0.5,3.01,3.48,162.0,RUNNING,2.41,GOOD
2024-02-06 00:00:00,WATER_M01,94.8,0.0,3.12,3.63,173.0,RUNNING,2.49,GOOD
2024-02-06 00:00:00,WATER_B01,94.8,0.0,1.98,3.8,168.0,RUNNING,1.58,GOOD
2024-02-06 01:00:00,WATER_M01,94.8,0.0,4.66,3.42,161.0,RUNNING,3.73,GOOD
2024-02-06 01:00:00,WATER_B01,94.8,0.0,3.76,3.54,177.0,RUNNING,3.01,GOOD
2024-02-06 02:00:00,WATER_M01,94.8,0.0,3.76,3.61,164.0,RUNNING,3.01,GOOD
2024-02-06 02:00:00,WATER_B01,94.8,0.0,3.98,3.5,169.0,RUNNING,3.19,GOOD
2024-02-06 03:00:00,WATER_M01,94.8,0.0,2.09,3.39,154.0,RUNNING,1.67,GOOD
2024-02-06 03:00:00,WATER_B01,94.8,0.0,2.66,3.42,152.0,RUNNING,2.13,GOOD
2024-02-06 04:00:00,WATER_M01,94.8,0.0,1.68,3.34,161.0,RUNNING,1.34,GOOD
2024-02-06 04:00:00,WATER_B01,94.8,0.0,2.77,3.61,157.0,RUNNING,2.21,GOOD
2024-02-06 05:00:00,WATER_M01,94.8,0.0,3.42,3.41,160.0,RUNNING,2.73,GOOD
2024-02-06 05:00:00,WATER_B01,94.8,0.0,3.56,3.39,157.0,RUNNING,2.85,GOOD
2024-02-06 06:00:00,WATER_M01,94.8,0.5,13.25,3.35,164.0,RUNNING,10.6,GOOD
2024-02-06 06:00:00,WATER_B01,94.8,0.0,10.55,3.44,148.0,RUNNING,8.44,GOOD
2024-02-06 07:00:00,WATER_M01,94.8,0.0,13.95,3.61,153.0,RUNNING,11.16,GOOD
2024-02-06 07:00:00,WATER_B01,94.8,0.0,15.04,3.71,150.0,RUNNING,12.03,GOOD
2024-02-06 08:00:00,WATER_M01,94.8,0.0,15.51,3.64,156.0,RUNNING,12.41,GOOD
2024-02-06 08:00:00,WATER_B01,94.8,0.0,14.28,3.73,170.0,RUNNING,11.43,GOOD
2024-02-06 09:00:00,WATER_M01,94.8,0.5,12.9,3.45,156.0,RUNNING,10.32,GOOD
2024-02-06 09:00:00,WATER_B01,94.8,0.0,16.27,3.59,159.0,RUNNING,13.02,GOOD
2024-02-06 10:00:00,WATER_M01,94.8,0.0,15.98,3.1,150.0,RUNNING,12.79,GOOD
2024-02-06 10:00:00,WATER_B01,94.8,0.0,14.14,3.65,151.0,RUNNING,11.31,GOOD
2024-02-06 11:00:00,WATER_M01,94.7,0.5,16.49,3.1,164.0,RUNNING,13.19,GOOD
2024-02-06 11:00:00,WATER_B01,94.7,0.0,15.23,3.48,161.0,RUNNING,12.18,GOOD
2024-02-06 12:00:00,WATER_M01,94.7,0.5,16.78,3.89,160.0,RUNNING,13.42,GOOD
2024-02-06 12:00:00,WATER_B01,94.7,0.0,15.9,3.32,155.0,RUNNING,12.72,GOOD
2024-02-06 13:00:00,WATER_M01,94.7,0.0,10.8,3.34,156.0,RUNNING,8.64,GOOD
2024-02-06 13:00:00,WATER_B01,94.7,0.0,12.44,3.49,174.0,RUNNING,9.95,GOOD
2024-02-06 14:00:00,WATER_M01,94.7,0.0,14.61,3.57,161.0,RUNNING,11.69,GOOD
2024-02-06 14:00:00,WATER_B01,94.7,0.0,15.21,3.39,162.0,RUNNING,12.16,GOOD
2024-02-06 15:00:00,WATER_M01,94.7,0.0,15.59,3.26,163.0,RUNNING,12.47,GOOD
2024-02-06 15:00:00,WATER_B01,94.7,0.0,14.49,3.88,153.0,RUNNING,11.6,GOOD
2024-02-06 16:00:00,WATER_M01,94.7,0.0,15.13,3.46,161.0,RUNNING,12.11,GOOD
2024-02-06 16:00:00,WATER_B01,94.7,0.0,15.55,3.66,156.0,RUNNING,12.44,GOOD
2024-02-06 17:00:00,WATER_M01,94.7,0.0,11.96,3.32,152.0,RUNNING,9.57,GOOD
2024-02-06 17:00:00,WATER_B01,94.7,0.0,13.89,3.48,146.0,RUNNING,11.11,GOOD
2024-02-06 18:00:00,WATER_M01,94.6,0.0,15.08,3.39,150.0,RUNNING,12.06,GOOD
2024-02-06 18:00:00,WATER_B01,94.6,0.0,13.64,3.29,174.0,RUNNING,10.91,GOOD
2024-02-06 19:00:00,WATER_M01,94.6,0.0,19.19,3.21,173.0,RUNNING,15.35,GOOD
2024-02-06 19:00:00,WATER_B01,94.6,0.0,13.93,3.7,161.0,RUNNING,11.15,GOOD
2024-02-06 20:00:00,WATER_M01,94.6,0.0,13.35,3.33,168.0,RUNNING,10.68,GOOD
2024-02-06 20:00:00,WATER_B01,94.6,0.0,13.06,3.35,148.0,RUNNING,10.45,GOOD
2024-02-06 21:00:00,WATER_M01,94.6,0.5,16.03,3.97,157.0,RUNNING,12.82,GOOD
2024-02-06 21:00:00,WATER_B01,94.6,0.0,18.5,3.41,140.0,RUNNING,14.8,GOOD
2024-02-06 22:00:00,WATER_M01,94.6,0.0,14.28,3.14,141.0,RUNNING,11.43,GOOD
2024-02-06 22:00:00,WATER_B01,94.6,0.0,14.68,3.59,169.0,RUNNING,11.75,GOOD
2024-02-06 23:00:00,WATER_M01,94.6,0.0,4.11,3.24,179.0,RUNNING,3.28,GOOD
2024-02-06 23:00:00,WATER_B01,94.6,0.0,2.75,3.59,154.0,RUNNING,2.2,GOOD
2024-02-07 00:00:00,WATER_M01,94.6,0.0,2.7,3.18,161.0,RUNNING,2.16,GOOD
2024-02-07 00:00:00,WATER_B01,94.6,0.0,2.31,3.52,165.0,RUNNING,1.85,GOOD
2024-02-07 01:00:00,WATER_M01,94.6,0.5,3.85,4.01,174.0,RUNNING,3.08,GOOD
2024-02-07 01:00:00,WATER_B01,94.6,0.0,3.9,3.61,183.0,RUNNING,3.12,GOOD
2024-02-07 02:00:00,WATER_M01,94.6,0.0,2.92,3.54,163.0,RUNNING,2.34,GOOD
2024-02-07 02:00:00,WATER_B01,94.6,0.0,4.0,3.44,157.0,RUNNING,3.2,GOOD
2024-02-07 03:00:00,WATER_M01,94.6,0.0,4.93,3.86,161.0,RUNNING,3.94,GOOD
2024-02-07 03:00:00,WATER_B01,94.6,0.0,2.75,3.54,138.0,RUNNING,2.2,GOOD
2024-02-07 04:00:00,WATER_M01,94.6,0.0,4.35,3.37,153.0,RUNNING,3.48,GOOD
2024-02-07 04:00:00,WATER_B01,94.6,0.0,4.85,3.67,151.0,RUNNING,3.88,GOOD
2024-02-07 05:00:00,WATER_M01,94.6,0.0,4.68,3.25,163.0,RUNNING,3.74,GOOD
2024-02-07 05:00:00,WATER_B01,94.6,0.0,3.6,3.75,161.0,RUNNING,2.88,GOOD
2024-02-07 06:00:00,WATER_M01,94.5,0.5,17.08,3.52,174.0,RUNNING,13.66,GOOD
2024-02-07 06:00:00,WATER_B01,94.5,0.0,14.56,3.25,167.0,RUNNING,11.65,GOOD
2024-02-07 07:00:00,WATER_M01,94.5,0.0,18.5,3.52,150.0,RUNNING,14.8,GOOD
2024-02-07 07:00:00,WATER_B01,94.5,0.5,12.94,3.65,161.0,RUNNING,10.35,GOOD
2024-02-07 08:00:00,WATER_M01,94.5,0.0,15.27,3.82,165.0,RUNNING,12.22,GOOD
2024-02-07 08:00:00,WATER_B01,94.5,0.0,12.87,3.51,157.0,RUNNING,10.29,GOOD
2024-02-07 09:00:00,WATER_M01,94.5,0.0,15.32,2.89,170.0,RUNNING,12.25,GOOD
2024-02-07 09:00:00,WATER_B01,94.5,0.0,13.24,3.54,169.0,RUNNING,10.59,GOOD
2024-02-07 10:00:00,WATER_M01,94.5,0.0,18.36,3.55,153.0,RUNNING,14.69,GOOD
2024-02-07 10:00:00,WATER_B01,94.5,0.0,14.83,3.46,154.0,RUNNING,11.86,GOOD
2024-02-07 11:00:00,WATER_M01,94.5,0.0,16.7,3.4,153.0,RUNNING,13.36,GOOD
2024-02-07 11:00:00,WATER_B01,94.5,0.0,16.55,3.3,153.0,RUNNING,13.24,GOOD
2024-02-07 12:00:00,WATER_M01,94.4,0.5,18.55,3.65,161.0,RUNNING,14.84,GOOD
2024-02-07 12:00:00,WATER_B01,94.5,0.0,17.05,3.61,144.0,RUNNING,13.64,GOOD
2024-02-07 13:00:00,WATER_M01,94.4,0.0,18.57,3.46,158.0,RUNNING,14.86,GOOD
2024-02-07 13:00:00,WATER_B01,94.4,0.0,15.39,3.54,168.0,RUNNING,12.32,GOOD
2024-02-07 14:00:00,WATER_M01,94.4,0.0,15.47,3.55,158.0,RUNNING,12.37,GOOD
2024-02-07 14:00:00,WATER_B01,94.4,0.5,15.59,3.88,178.0,RUNNING,12.47,GOOD
2024-02-07 15:00:00,WATER_M01,94.4,0.0,11.79,3.29,178.0,RUNNING,9.43,GOOD
2024-02-07 15:00:00,WATER_B01,94.4,0.0,18.9,3.35,170.0,RUNNING,15.12,GOOD
2024-02-07 16:00:00,WATER_M01,94.4,0.0,11.4,3.29,153.0,RUNNING,9.12,GOOD
2024-02-07 16:00:00,WATER_B01,94.4,0.5,16.01,3.41,168.0,RUNNING,12.81,GOOD
2024-02-07 17:00:00,WATER_M01,94.4,0.5,13.41,3.66,153.0,RUNNING,10.73,GOOD
2024-02-07 17:00:00,WATER_B01,94.4,0.0,16.89,3.74,173.0,RUNNING,13.51,GOOD
2024-02-07 18:00:00,WATER_M01,94.4,0.0,15.24,3.09,162.0,RUNNING,12.19,GOOD
2024-02-07 18:00:00,WATER_B01,94.4,0.0,15.15,3.07,170.0,RUNNING,12.12,GOOD
2024-02-07 19:00:00,WATER_M01,94.3,0.0,16.41,3.53,166.0,RUNNING,13.12,GOOD
2024-02-07 19:00:00,WATER_B01,94.3,0.0,15.74,3.59,140.0,RUNNING,12.59,GOOD
2024-02-07 20:00:00,WATER_M01,94.3,0.0,14.19,3.08,166.0,RUNNING,11.35,GOOD
2024-02-07 20:00:00,WATER_B01,94.3,0.5,11.36,3.61,147.0,RUNNING,9.09,GOOD
2024-02-07 21:00:00,WATER_M01,94.3,0.0,16.77,3.62,175.0,RUNNING,13.42,GOOD
2024-02-07 21:00:00,WATER_B01,94.3,0.0,14.39,3.57,150.0,RUNNING,11.51,GOOD
2024-02-07 22:00:00,WATER_M01,94.3,0.0,15.03,3.32,178.0,RUNNING,12.03,GOOD
2024-02-07 22:00:00,WATER_B01,94.3,0.0,12.29,3.47,172.0,RUNNING,9.83,GOOD
2024-02-07 23:00:00,WATER_M01,94.3,0.0,1.21,3.44,174.0,RUNNING,0.97,GOOD
2024-02-07 23:00:00,WATER_B01,94.3,0.0,2.72,3.74,161.0,RUNNING,2.17,GOOD
2024-02-08 00:00:00,WATER_M01,94.3,0.5,3.11,3.31,160.0,RUNNING,2.49,GOOD
2024-02-08 00:00:00,WATER_B01,94.3,0.0,1.97,3.42,174.0,RUNNING,1.58,GOOD
2024-02-08 01:00:00,WATER_M01,94.3,0.0,4.82,3.44,152.0,RUNNING,3.85,GOOD
2024-02-08 01:00:00,WATER_B01,94.3,0.0,3.37,3.27,161.0,RUNNING,2.7,GOOD
2024-02-08 02:00:00,WATER_M01,94.3,0.0,2.7,3.49,161.0,RUNNING,2.16,GOOD
2024-02-08 02:00:00,WATER_B01,94.3,0.0,2.59,3.35,161.0,RUNNING,2.07,GOOD
2024-02-08 03:00:00,WATER_M01,94.3,0.0,3.18,3.27,163.0,RUNNING,2.54,GOOD
2024-02-08 03:00:00,WATER_B01,94.3,0.0,3.09,3.65,161.0,RUNNING,2.47,GOOD
2024-02-08 04:00:00,WATER_M01,94.3,0.0,2.47,3.55,153.0,RUNNING,1.97,GOOD
2024-02-08 04:00:00,WATER_B01,94.3,0.0,1.08,3.31,170.0,RUNNING,0.87,GOOD
2024-02-08 05:00:00,WATER_M01,94.3,0.0,1.07,3.28,164.0,RUNNING,0.86,GOOD
2024-02-08 05:00:00,WATER_B01,94.3,0.0,3.68,3.49,157.0,RUNNING,2.94,GOOD
2024-02-08 06:00:00,WATER_M01,94.3,0.0,17.54,3.03,168.0,RUNNING,14.03,GOOD
2024-02-08 06:00:00,WATER_B01,94.3,0.0,16.68,3.56,173.0,RUNNING,13.34,GOOD
2024-02-08 07:00:00,WATER_M01,94.2,0.0,12.98,3.48,163.0,RUNNING,10.38,GOOD
2024-02-08 07:00:00,WATER_B01,94.3,0.0,9.77,3.26,175.0,RUNNING,7.82,GOOD
2024-02-08 08:00:00,WATER_M01,94.2,0.0,11.95,3.27,149.0,RUNNING,9.56,GOOD
2024-02-08 08:00:00,WATER_B01,94.2,0.0,16.17,3.46,161.0,RUNNING,12.94,GOOD
2024-02-08 09:00:00,WATER_M01,94.2,0.0,14.04,3.22,160.0,RUNNING,11.23,GOOD
2024-02-08 09:00:00,WATER_B01,94.2,0.0,15.83,3.75,170.0,RUNNING,12.66,GOOD
2024-02-08 10:00:00,WATER_M01,94.2,0.0,16.1,3.66,172.0,RUNNING,12.88,GOOD
2024-02-08 10:00:00,WATER_B01,94.2,0.0,12.28,3.26,169.0,RUNNING,9.82,GOOD
2024-02-08 11:00:00,WATER_M01,94.2,0.0,12.92,3.21,167.0,RUNNING,10.33,GOOD
2024-02-08 11:00:00,WATER_B01,94.2,0.0,12.49,3.69,167.0,RUNNING,9.99,GOOD
2024-02-08 12:00:00,WATER_M01,94.2,0.0,13.57,3.64,162.0,RUNNING,10.86,GOOD
2024-02-08 12:00:00,WATER_B01,94.2,0.0,15.37,3.75,156.0,RUNNING,12.3,GOOD
2024-02-08 13:00:00,WATER_M01,94.2,0.0,14.82,3.49,174.0,RUNNING,11.86,GOOD
2024-02-08 13:00:00,WATER_B01,94.2,0.0,14.81,3.31,163.0,RUNNING,11.84,GOOD
2024-02-08 14:00:00,WATER_M01,94.1,0.0,15.24,3.22,164.0,RUNNING,12.19,GOOD
2024-02-08 14:00:00,WATER_B01,94.2,0.0,13.53,3.6,158.0,RUNNING,10.82,GOOD
2024-02-08 15:00:00,WATER_M01,94.1,0.0,17.77,3.49,161.0,RUNNING,14.22,GOOD
2024-02-08 15:00:00,WATER_B01,94.1,0.0,16.28,3.68,152.0,RUNNING,13.02,GOOD
2024-02-08 16:00:00,WATER_M01,94.1,0.0,13.6,3.34,162.0,RUNNING,10.88,GOOD
2024-02-08 16:00:00,WATER_B01,94.1,0.0,14.06,3.35,158.0,RUNNING,11.25,GOOD
2024-02-08 17:00:00,WATER_M01,94.1,0.0,17.24,3.6,152.0,RUNNING,13.79,GOOD
2024-02-08 17:00:00,WATER_B01,94.1,0.0,16.04,3.45,169.0,RUNNING,12.83,GOOD
2024-02-08 18:00:00,WATER_M01,94.1,0.0,15.3,3.09,184.0,RUNNING,12.24,GOOD
2024-02-08 18:00:00,WATER_B01,94.1,0.0,17.23,3.63,165.0,RUNNING,13.78,GOOD
2024-02-08 19:00:00,WATER_M01,94.1,0.0,11.17,3.37,175.0,RUNNING,8.94,GOOD
2024-02-08 19:00:00,WATER_B01,94.1,0.0,16.2,3.69,156.0,RUNNING,12.96,GOOD
2024-02-08 20:00:00,WATER_M01,94.1,0.0,15.57,3.76,149.0,RUNNING,12.46,GOOD
2024-02-08 20:00:00,WATER_B01,94.1,0.0,14.36,3.53,172.0,RUNNING,11.49,GOOD
2024-02-08 21:00:00,WATER_M01,94.0,0.0,14.92,3.65,171.0,RUNNING,11.94,GOOD
2024-02-08 21:00:00,WATER_B01,94.1,0.0,11.66,3.63,159.0,RUNNING,9.33,GOOD
2024-02-08 22:00:00,WATER_M01,94.0,0.0,12.5,3.61,152.0,RUNNING,10.0,GOOD
2024-02-08 22:00:00,WATER_B01,94.0,0.5,16.65,3.47,160.0,RUNNING,13.32,GOOD
2024-02-08 23:00:00,WATER_M01,94.0,0.0,5.17,3.56,154.0,RUNNING,4.13,GOOD
2024-02-08 23:00:00,WATER_B01,94.0,0.0,4.67,3.82,155.0,RUNNING,3.73,GOOD
2024-02-09 00:00:00,WATER_M01,94.0,0.0,2.74,3.69,168.0,RUNNING,2.19,GOOD
2024-02-09 00:00:00,WATER_B01,94.0,0.0,4.19,3.69,152.0,RUNNING,3.35,GOOD
2024-02-09 01:00:00,WATER_M01,94.0,0.0,3.08,3.24,166.0,RUNNING,2.47,GOOD
2024-02-09 01:00:00,WATER_B01,94.0,0.0,3.64,3.39,161.0,RUNNING,2.92,GOOD
2024-02-09 02:00:00,WATER_M01,94.0,0.0,3.97,3.44,161.0,RUNNING,3.18,GOOD
2024-02-09 02:00:00,WATER_B01,94.0,0.0,4.63,3.54,167.0,RUNNING,3.7,GOOD
2024-02-09 03:00:00,WATER_M01,94.0,0.5,3.16,3.64,154.0,RUNNING,2.52,GOOD
2024-02-09 03:00:00,WATER_B01,94.0,0.0,3.35,3.39,155.0,RUNNING,2.68,GOOD
2024-02-09 04:00:00,WATER_M01,94.0,0.0,2.34,3.82,155.0,RUNNING,1.87,GOOD
2024-02-09 04:00:00,WATER_B01,94.0,0.5,3.77,3.67,146.0,RUNNING,3.01,GOOD
2024-02-09 05:00:00,WATER_M01,94.0,0.5,2.37,3.54,170.0,RUNNING,1.9,GOOD
2024-02-09 05:00:00,WATER_B01,94.0,0.0,3.21,3.36,153.0,RUNNING,2.57,GOOD
2024-02-09 06:00:00,WATER_M01,94.0,0.0,16.11,3.17,144.0,RUNNING,12.89,GOOD
2024-02-09 06:00:00,WATER_B01,94.0,0.0,13.8,3.41,155.0,RUNNING,11.04,GOOD
2024-02-09 07:00:00,WATER_M01,94.0,0.5,12.35,3.73,168.0,RUNNING,9.88,GOOD
2024-02-09 07:00:00,WATER_B01,94.0,0.0,14.79,3.36,171.0,RUNNING,11.83,GOOD
2024-02-09 08:00:00,WATER_M01,94.0,0.5,16.32,3.76,169.0,RUNNING,13.05,GOOD
2024-02-09 08:00:00,WATER_B01,94.0,0.0,14.61,3.65,163.0,RUNNING,11.68,GOOD
2024-02-09 09:00:00,WATER_M01,93.9,0.0,15.04,3.87,165.0,RUNNING,12.03,GOOD
2024-02-09 09:00:00,WATER_B01,93.9,0.0,15.37,3.67,159.0,RUNNING,12.3,GOOD
2024-02-09 10:00:00,WATER_M01,93.9,0.0,14.28,3.89,152.0,RUNNING,11.42,GOOD
2024-02-09 10:00:00,WATER_B01,93.9,0.0,16.59,3.58,180.0,RUNNING,13.27,GOOD
2024-02-09 11:00:00,WATER_M01,93.9,0.0,13.82,3.29,138.0,RUNNING,11.05,GOOD
2024-02-09 11:00:00,WATER_B01,93.9,0.0,12.18,3.62,145.0,RUNNING,9.74,GOOD
2024-02-09 12:00:00,WATER_M01,93.9,0.0,14.01,3.67,141.0,RUNNING,11.21,GOOD
2024-02-09 12:00:00,WATER_B01,93.9,0.0,14.79,3.7,163.0,RUNNING,11.84,GOOD
2024-02-09 13:00:00,WATER_M01,93.9,0.0,15.08,3.55,156.0,RUNNING,12.06,GOOD
2024-02-09 13:00:00,WATER_B01,93.9,0.0,13.32,3.78,155.0,RUNNING,10.66,GOOD
2024-02-09 14:00:00,WATER_M01,93.9,0.0,16.75,3.48,151.0,RUNNING,13.4,GOOD
2024-02-09 14:00:00,WATER_B01,93.9,0.0,14.36,3.47,180.0,RUNNING,11.48,GOOD
2024-02-09 15:00:00,WATER_M01,93.9,0.0,13.88,3.45,162.0,RUNNING,11.1,GOOD
2024-02-09 15:00:00,WATER_B01,93.9,0.0,13.91,3.85,151.0,RUNNING,11.13,GOOD
2024-02-09 16:00:00,WATER_M01,93.8,0.0,16.12,3.64,166.0,RUNNING,12.9,GOOD
2024-02-09 16:00:00,WATER_B01,93.8,0.0,14.4,3.57,162.0,RUNNING,11.52,GOOD
2024-02-09 17:00:00,WATER_M01,93.8,0.5,15.34,4.05,155.0,RUNNING,12.27,GOOD
2024-02-09 17:00:00,WATER_B01,93.8,0.0,17.09,3.4,150.0,RUNNING,13.68,GOOD
2024-02-09 18:00:00,WATER_M01,93.8,0.0,14.9,3.79,158.0,RUNNING,11.92,GOOD
2024-02-09 18:00:00,WATER_B01,93.8,0.0,15.6,3.69,155.0,RUNNING,12.48,GOOD
2024-02-09 19:00:00,WATER_M01,93.8,0.0,14.88,3.46,163.0,RUNNING,11.91,GOOD
2024-02-09 19:00:00,WATER_B01,93.8,0.0,16.38,3.68,180.0,RUNNING,13.1,GOOD
2024-02-09 20:00:00,WATER_M01,93.8,0.0,15.55,3.34,182.0,RUNNING,12.44,GOOD
2024-02-09 20:00:00,WATER_B01,93.8,0.0,16.92,3.7,146.0,RUNNING,13.53,GOOD
2024-02-09 21:00:00,WATER_M01,93.8,0.0,14.86,3.56,164.0,RUNNING,11.89,GOOD
2024-02-09 21:00:00,WATER_B01,93.8,0.0,13.59,3.36,157.0,RUNNING,10.87,GOOD
2024-02-09 22:00:00,WATER_M01,93.7,0.0,15.71,3.72,158.0,RUNNING,12.57,GOOD
2024-02-09 22:00:00,WATER_B01,93.8,0.0,12.59,3.74,165.0,RUNNING,10.08,GOOD
2024-02-09 23:00:00,WATER_M01,93.7,0.0,4.16,3.62,173.0,RUNNING,3.32,GOOD
2024-02-09 23:00:00,WATER_B01,93.8,0.0,2.4,3.76,158.0,RUNNING,1.92,GOOD
2024-02-10 00:00:00,WATER_M01,93.7,0.5,2.59,3.42,173.0,RUNNING,2.08,GOOD
2024-02-10 00:00:00,WATER_B01,93.8,0.0,2.69,3.49,177.0,RUNNING,2.15,GOOD
2024-02-10 01:00:00,WATER_M01,93.7,0.0,1.65,2.99,158.0,RUNNING,1.32,GOOD
2024-02-10 01:00:00,WATER_B01,93.7,0.0,2.68,3.46,146.0,RUNNING,2.14,GOOD
2024-02-10 02:00:00,WATER_M01,93.7,0.5,1.99,3.12,176.0,RUNNING,1.59,GOOD
2024-02-10 02:00:00,WATER_B01,93.7,0.0,2.43,3.66,158.0,RUNNING,1.95,GOOD
2024-02-10 03:00:00,WATER_M01,93.7,0.0,3.52,3.4,154.0,RUNNING,2.82,GOOD
2024-02-10 03:00:00,WATER_B01,93.7,0.5,2.57,3.65,166.0,RUNNING,2.06,GOOD
2024-02-10 04:00:00,WATER_M01,93.7,0.0,2.07,3.33,152.0,RUNNING,1.66,GOOD
2024-02-10 04:00:00,WATER_B01,93.7,0.0,3.12,3.43,169.0,RUNNING,2.5,GOOD
2024-02-10 05:00:00,WATER_M01,93.7,0.0,1.99,3.58,146.0,RUNNING,1.59,GOOD
2024-02-10 05:00:00,WATER_B01,93.7,0.0,3.78,3.55,146.0,RUNNING,3.02,GOOD
2024-02-10 06:00:00,WATER_M01,93.7,0.0,11.69,3.3,159.0,RUNNING,9.36,GOOD
2024-02-10 06:00:00,WATER_B01,93.7,0.0,14.59,3.42,165.0,RUNNING,11.67,GOOD
2024-02-10 07:00:00,WATER_M01,93.7,0.0,15.87,3.47,165.0,RUNNING,12.7,GOOD
2024-02-10 07:00:00,WATER_B01,93.7,0.0,13.17,3.57,150.0,RUNNING,10.54,GOOD
2024-02-10 08:00:00,WATER_M01,93.7,0.0,19.43,3.66,156.0,RUNNING,15.55,GOOD
2024-02-10 08:00:00,WATER_B01,93.7,0.0,16.32,3.41,143.0,RUNNING,13.05,GOOD
2024-02-10 09:00:00,WATER_M01,93.7,0.0,11.61,3.52,156.0,RUNNING,9.29,GOOD
2024-02-10 09:00:00,WATER_B01,93.7,0.0,15.49,3.75,183.0,RUNNING,12.39,GOOD
2024-02-10 10:00:00,WATER_M01,93.7,0.0,10.39,3.42,162.0,RUNNING,8.31,GOOD
2024-02-10 10:00:00,WATER_B01,93.7,0.0,13.01,3.8,188.0,RUNNING,10.41,GOOD
2024-02-10 11:00:00,WATER_M01,93.7,0.0,12.88,3.59,151.0,RUNNING,10.3,GOOD
2024-02-10 11:00:00,WATER_B01,93.7,0.0,12.3,3.37,164.0,RUNNING,9.84,GOOD
2024-02-10 12:00:00,WATER_M01,93.6,0.0,16.12,3.63,168.0,RUNNING,12.9,GOOD
2024-02-10 12:00:00,WATER_B01,93.6,0.0,16.21,3.48,153.0,RUNNING,12.97,GOOD
2024-02-10 13:00:00,WATER_M01,93.6,0.0,15.4,3.61,162.0,RUNNING,12.32,GOOD
2024-02-10 13:00:00,WATER_B01,93.6,0.0,16.88,3.43,179.0,RUNNING,13.5,GOOD
2024-02-10 14:00:00,WATER_M01,93.6,0.5,14.3,3.61,150.0,RUNNING,11.44,GOOD
2024-02-10 14:00:00,WATER_B01,93.6,0.0,11.5,3.21,165.0,RUNNING,9.2,GOOD
2024-02-10 15:00:00,WATER_M01,93.6,0.0,12.78,3.81,130.0,RUNNING,10.23,GOOD
2024-02-10 15:00:00,WATER_B01,93.6,0.0,16.58,3.61,161.0,RUNNING,13.27,GOOD
2024-02-10 16:00:00,WATER_M01,93.6,0.0,12.02,3.48,158.0,RUNNING,9.62,GOOD
2024-02-10 16:00:00,WATER_B01,93.6,0.5,14.13,3.68,170.0,RUNNING,11.3,GOOD
2024-02-10 17:00:00,WATER_M01,93.6,0.0,16.12,2.9,146.0,RUNNING,12.9,GOOD
2024-02-10 17:00:00,WATER_B01,93.6,0.0,16.13,3.82,170.0,RUNNING,12.9,GOOD
2024-02-10 18:00:00,WATER_M01,93.6,0.0,10.35,3.45,152.0,RUNNING,8.28,GOOD
2024-02-10 18:00:00,WATER_B01,93.5,0.0,14.71,3.83,156.0,RUNNING,11.77,GOOD
2024-02-10 19:00:00,WATER_M01,93.5,0.0,15.45,3.48,159.0,RUNNING,12.36,GOOD
2024-02-10 19:00:00,WATER_B01,93.5,0.0,14.01,3.46,183.0,RUNNING,11.21,GOOD
2024-02-10 20:00:00,WATER_M01,93.5,0.0,13.57,3.6,167.0,RUNNING,10.86,GOOD
2024-02-10 20:00:00,WATER_B01,93.5,0.5,13.83,3.63,158.0,RUNNING,11.07,GOOD
2024-02-10 21:00:00,WATER_M01,93.5,0.0,19.31,3.64,153.0,RUNNING,15.45,GOOD
2024-02-10 21:00:00,WATER_B01,93.5,0.0,14.79,3.27,178.0,RUNNING,11.83,GOOD
2024-02-10 22:00:00,WATER_M01,93.5,0.0,17.37,3.34,161.0,RUNNING,13.9,GOOD
2024-02-10 22:00:00,WATER_B01,93.5,0.5,17.8,3.41,161.0,RUNNING,14.24,GOOD
2024-02-10 23:00:00,WATER_M01,93.5,0.0,2.18,3.49,160.0,RUNNING,1.74,GOOD
2024-02-10 23:00:00,WATER_B01,93.5,0.0,2.08,3.64,147.0,RUNNING,1.66,GOOD
2024-02-11 00:00:00,WATER_M01,93.5,0.0,4.46,3.72,174.0,RUNNING,3.57,GOOD
2024-02-11 00:00:00,WATER_B01,93.5,0.5,2.64,3.82,154.0,RUNNING,2.11,GOOD
2024-02-11 01:00:00,WATER_M01,93.5,0.0,2.42,3.49,158.0,RUNNING,1.94,GOOD
2024-02-11 01:00:00,WATER_B01,93.5,0.0,3.17,3.38,150.0,RUNNING,2.54,GOOD
2024-02-11 02:00:00,WATER_M01,93.5,0.0,3.19,3.33,160.0,RUNNING,2.55,GOOD
2024-02-11 02:00:00,WATER_B01,93.5,0.0,3.0,3.57,147.0,RUNNING,2.4,GOOD
2024-02-11 03:00:00,WATER_M01,93.5,0.0,2.92,3.57,159.0,RUNNING,2.33,GOOD
2024-02-11 03:00:00,WATER_B01,93.5,0.0,2.38,3.57,146.0,RUNNING,1.9,GOOD
2024-02-11 04:00:00,WATER_M01,93.5,0.0,2.74,3.23,155.0,RUNNING,2.2,GOOD
2024-02-11 04:00:00,WATER_B01,93.5,0.0,2.91,3.55,152.0,RUNNING,2.33,GOOD
2024-02-11 05:00:00,WATER_M01,93.5,0.0,3.16,3.59,154.0,RUNNING,2.52,GOOD
2024-02-11 05:00:00,WATER_B01,93.5,0.5,3.59,3.56,156.0,RUNNING,2.87,GOOD
2024-02-11 06:00:00,WATER_M01,93.4,0.0,18.45,3.09,168.0,RUNNING,14.76,GOOD
2024-02-11 06:00:00,WATER_B01,93.5,0.0,15.53,3.22,157.0,RUNNING,12.42,GOOD
2024-02-11 07:00:00,WATER_M01,93.4,0.0,16.25,3.78,166.0,RUNNING,13.0,GOOD
2024-02-11 07:00:00,WATER_B01,93.4,0.0,15.54,3.5,141.0,RUNNING,12.43,GOOD
2024-02-11 08:00:00,WATER_M01,93.4,0.0,14.9,3.55,149.0,RUNNING,11.92,GOOD
2024-02-11 08:00:00,WATER_B01,93.4,0.0,14.4,3.57,160.0,RUNNING,11.52,GOOD
2024-02-11 09:00:00,WATER_M01,93.4,0.0,11.44,3.41,163.0,RUNNING,9.15,GOOD
2024-02-11 09:00:00,WATER_B01,93.4,0.0,14.1,3.23,170.0,RUNNING,11.28,GOOD
2024-02-11 10:00:00,WATER_M01,93.4,0.0,14.38,3.48,130.0,RUNNING,11.51,GOOD
2024-02-11 10:00:00,WATER_B01,93.4,0.0,12.41,3.75,151.0,RUNNING,9.93,GOOD
2024-02-11 11:00:00,WATER_M01,93.4,0.0,16.38,3.47,175.0,RUNNING,13.11,GOOD
2024-02-11 11:00:00,WATER_B01,93.4,0.0,13.63,3.77,161.0,RUNNING,10.9,GOOD
2024-02-11 12:00:00,WATER_M01,93.4,0.0,13.99,3.83,167.0,RUNNING,11.19,GOOD
2024-02-11 12:00:00,WATER_B01,93.4,0.0,13.96,3.73,166.0,RUNNING,11.17,GOOD
2024-02-11 13:00:00,WATER_M01,93.3,0.0,14.06,3.64,173.0,RUNNING,11.25,GOOD
2024-02-11 13:00:00,WATER_B01,93.4,0.0,15.62,3.45,154.0,RUNNING,12.49,GOOD
2024-02-11 14:00:00,WATER_M01,93.3,0.0,16.0,3.66,163.0,RUNNING,12.8,GOOD
2024-02-11 14:00:00,WATER_B01,93.3,0.0,14.11,3.74,162.0,RUNNING,11.28,GOOD
2024-02-11 15:00:00,WATER_M01,93.3,0.0,17.91,3.47,161.0,RUNNING,14.32,GOOD
2024-02-11 15:00:00,WATER_B01,93.3,0.0,16.35,3.38,168.0,RUNNING,13.08,GOOD
2024-02-11 16:00:00,WATER_M01,93.3,0.0,16.81,3.54,173.0,RUNNING,13.45,GOOD
2024-02-11 16:00:00,WATER_B01,93.3,0.0,16.3,3.29,174.0,RUNNING,13.04,GOOD
2024-02-11 17:00:00,WATER_M01,93.3,0.0,15.77,3.43,170.0,RUNNING,12.62,GOOD
2024-02-11 17:00:00,WATER_B01,93.3,0.0,18.56,3.69,180.0,RUNNING,14.85,GOOD
2024-02-11 18:00:00,WATER_M01,93.3,0.0,11.25,3.48,151.0,RUNNING,9.0,GOOD
2024-02-11 18:00:00,WATER_B01,93.3,0.0,16.27,3.3,163.0,RUNNING,13.01,GOOD
2024-02-11 19:00:00,WATER_M01,93.3,0.0,13.58,3.5,179.0,RUNNING,10.86,GOOD
2024-02-11 19:00:00,WATER_B01,93.3,0.0,10.43,3.72,159.0,RUNNING,8.35,GOOD
2024-02-11 20:00:00,WATER_M01,93.2,0.5,15.26,3.36,148.0,RUNNING,12.21,GOOD
2024-02-11 20:00:00,WATER_B01,93.2,0.0,16.63,3.45,165.0,RUNNING,13.3,GOOD
2024-02-11 21:00:00,WATER_M01,93.2,0.0,17.59,3.48,154.0,RUNNING,14.07,GOOD
2024-02-11 21:00:00,WATER_B01,93.2,0.0,18.21,3.5,181.0,RUNNING,14.57,GOOD
2024-02-11 22:00:00,WATER_M01,93.2,0.0,16.5,3.7,168.0,RUNNING,13.2,GOOD
2024-02-11 22:00:00,WATER_B01,93.2,0.5,16.1,3.79,165.0,RUNNING,12.88,GOOD
2024-02-11 23:00:00,WATER_M01,93.2,0.0,0.85,3.54,155.0,RUNNING,0.68,GOOD
2024-02-11 23:00:00,WATER_B01,93.2,0.0,3.15,3.45,182.0,RUNNING,2.52,GOOD
2024-02-12 00:00:00,WATER_M01,93.2,0.0,5.36,3.12,155.0,RUNNING,4.29,GOOD
2024-02-12 00:00:00,WATER_B01,93.2,0.0,1.96,3.44,164.0,RUNNING,1.57,GOOD
2024-02-12 01:00:00,WATER_M01,93.2,0.0,2.03,3.78,162.0,RUNNING,1.62,GOOD
2024-02-12 01:00:00,WATER_B01,93.2,0.0,2.93,3.94,163.0,RUNNING,2.35,GOOD
2024-02-12 02:00:00,WATER_M01,93.2,0.0,3.3,3.42,178.0,RUNNING,2.64,GOOD
2024-02-12 02:00:00,WATER_B01,93.2,0.0,3.07,3.19,146.0,RUNNING,2.46,GOOD
2024-02-12 03:00:00,WATER_M01,93.2,0.0,3.53,3.04,178.0,RUNNING,2.82,GOOD
2024-02-12 03:00:00,WATER_B01,93.2,0.5,1.26,3.43,161.0,RUNNING,1.01,GOOD
2024-02-12 04:00:00,WATER_M01,93.2,0.0,0.76,3.49,169.0,RUNNING,0.61,GOOD
2024-02-12 04:00:00,WATER_B01,93.2,0.0,4.75,3.77,137.0,RUNNING,3.8,GOOD
2024-02-12 05:00:00,WATER_M01,93.2,0.0,3.45,3.29,169.0,RUNNING,2.76,GOOD
2024-02-12 05:00:00,WATER_B01,93.2,0.0,2.56,3.18,161.0,RUNNING,2.05,GOOD
2024-02-12 06:00:00,WATER_M01,93.2,0.0,17.04,3.78,150.0,RUNNING,13.64,GOOD
2024-02-12 06:00:00,WATER_B01,93.2,0.5,17.01,3.66,171.0,RUNNING,13.6,GOOD
2024-02-12 07:00:00,WATER_M01,93.2,0.0,14.94,3.32,170.0,RUNNING,11.96,GOOD
2024-02-12 07:00:00,WATER_B01,93.2,0.5,13.74,3.38,164.0,RUNNING,10.99,GOOD
2024-02-12 08:00:00,WATER_M01,93.1,0.0,11.69,3.8,171.0,RUNNING,9.35,GOOD
2024-02-12 08:00:00,WATER_B01,93.1,0.0,15.04,3.48,154.0,RUNNING,12.03,GOOD
2024-02-12 09:00:00,WATER_M01,93.1,0.0,13.63,3.44,166.0,RUNNING,10.9,GOOD
2024-02-12 09:00:00,WATER_B01,93.1,0.0,11.89,3.73,178.0,RUNNING,9.52,GOOD
2024-02-12 10:00:00,WATER_M01,93.1,0.0,14.53,3.77,167.0,RUNNING,11.63,GOOD
2024-02-12 10:00:00,WATER_B01,93.1,0.0,14.99,4.05,151.0,RUNNING,11.99,GOOD
2024-02-12 11:00:00,WATER_M01,93.1,0.0,15.04,3.51,173.0,RUNNING,12.03,GOOD
2024-02-12 11:00:00,WATER_B01,93.1,0.0,14.32,3.45,181.0,RUNNING,11.46,GOOD
2024-02-12 12:00:00,WATER_M01,93.1,0.0,14.5,3.44,167.0,RUNNING,11.6,GOOD
2024-02-12 12:00:00,WATER_B01,93.1,0.5,14.52,3.24,148.0,RUNNING,11.61,GOOD
2024-02-12 13:00:00,WATER_M01,93.1,0.0,13.99,3.52,180.0,RUNNING,11.19,GOOD
2024-02-12 13:00:00,WATER_B01,93.1,0.0,10.03,3.56,160.0,RUNNING,8.02,GOOD
2024-02-12 14:00:00,WATER_M01,93.1,0.0,15.82,3.55,174.0,RUNNING,12.66,GOOD
2024-02-12 14:00:00,WATER_B01,93.1,0.5,12.66,3.43,172.0,RUNNING,10.13,GOOD
2024-02-12 15:00:00,WATER_M01,93.0,0.0,14.46,3.58,159.0,RUNNING,11.57,GOOD
2024-02-12 15:00:00,WATER_B01,93.1,0.5,15.22,3.79,146.0,RUNNING,12.17,GOOD
2024-02-12 16:00:00,WATER_M01,93.0,0.0,17.9,3.42,157.0,RUNNING,14.32,GOOD
2024-02-12 16:00:00,WATER_B01,93.0,0.0,13.99,3.7,157.0,RUNNING,11.2,GOOD
2024-02-12 17:00:00,WATER_M01,93.0,0.0,13.25,3.36,155.0,RUNNING,10.6,GOOD
2024-02-12 17:00:00,WATER_B01,93.0,0.5,13.69,3.37,171.0,RUNNING,10.95,GOOD
2024-02-12 18:00:00,WATER_M01,93.0,0.0,19.07,3.49,156.0,RUNNING,15.26,GOOD
2024-02-12 18:00:00,WATER_B01,93.0,0.0,19.03,3.07,153.0,RUNNING,15.22,GOOD
2024-02-12 19:00:00,WATER_M01,93.0,0.5,15.58,3.2,142.0,RUNNING,12.47,GOOD
2024-02-12 19:00:00,WATER_B01,93.0,0.0,11.78,3.22,166.0,RUNNING,9.43,GOOD
2024-02-12 20:00:00,WATER_M01,93.0,0.0,15.32,3.46,169.0,RUNNING,12.26,GOOD
2024-02-12 20:00:00,WATER_B01,93.0,0.5,13.04,3.52,180.0,RUNNING,10.43,GOOD
2024-02-12 21:00:00,WATER_M01,92.9,0.0,13.43,3.29,152.0,RUNNING,10.74,GOOD
2024-02-12 21:00:00,WATER_B01,93.0,0.0,16.2,3.37,163.0,RUNNING,12.96,GOOD
2024-02-12 22:00:00,WATER_M01,92.9,0.0,18.86,3.59,172.0,RUNNING,15.09,GOOD
2024-02-12 22:00:00,WATER_B01,92.9,0.0,19.43,3.52,164.0,RUNNING,15.55,GOOD
2024-02-12 23:00:00,WATER_M01,92.9,0.0,3.1,3.18,156.0,RUNNING,2.48,GOOD
2024-02-12 23:00:00,WATER_B01,92.9,0.0,5.34,3.3,164.0,RUNNING,4.27,GOOD
2024-02-13 00:00:00,WATER_M01,92.9,0.0,2.38,3.29,160.0,RUNNING,1.9,GOOD
2024-02-13 00:00:00,WATER_B01,92.9,0.5,5.96,3.33,177.0,RUNNING,4.77,GOOD
2024-02-13 01:00:00,WATER_M01,92.9,0.0,4.72,3.8,162.0,RUNNING,3.77,GOOD
2024-02-13 01:00:00,WATER_B01,92.9,0.0,3.75,3.26,185.0,RUNNING,3.0,GOOD
2024-02-13 02:00:00,WATER_M01,92.9,0.0,2.1,3.67,150.0,RUNNING,1.68,GOOD
2024-02-13 02:00:00,WATER_B01,92.9,0.5,2.33,3.56,171.0,RUNNING,1.86,GOOD
2024-02-13 03:00:00,WATER_M01,92.9,0.0,2.17,3.06,155.0,RUNNING,1.73,GOOD
2024-02-13 03:00:00,WATER_B01,92.9,0.0,2.35,3.71,166.0,RUNNING,1.88,GOOD
2024-02-13 04:00:00,WATER_M01,92.9,0.0,3.47,3.73,163.0,RUNNING,2.77,GOOD
2024-02-13 04:00:00,WATER_B01,92.9,0.0,4.34,3.89,177.0,RUNNING,3.47,GOOD
2024-02-13 05:00:00,WATER_M01,92.9,0.5,1.23,3.22,167.0,RUNNING,0.98,GOOD
2024-02-13 05:00:00,WATER_B01,92.9,0.5,2.3,3.78,154.0,RUNNING,1.84,GOOD
2024-02-13 06:00:00,WATER_M01,92.9,0.0,16.23,3.61,157.0,RUNNING,12.99,GOOD
2024-02-13 06:00:00,WATER_B01,92.9,0.0,17.85,3.51,148.0,RUNNING,14.28,GOOD
2024-02-13 07:00:00,WATER_M01,92.9,0.5,17.01,3.49,167.0,RUNNING,13.6,GOOD
2024-02-13 07:00:00,WATER_B01,92.9,0.0,14.61,3.47,185.0,RUNNING,11.69,GOOD
2024-02-13 08:00:00,WATER_M01,92.9,0.0,13.55,3.74,165.0,RUNNING,10.84,GOOD
2024-02-13 08:00:00,WATER_B01,92.9,0.5,13.08,3.7,147.0,RUNNING,10.47,GOOD
2024-02-13 09:00:00,WATER_M01,92.8,0.0,15.2,3.51,186.0,RUNNING,12.16,GOOD
2024-02-13 09:00:00,WATER_B01,92.9,0.0,14.32,3.32,173.0,RUNNING,11.46,GOOD
2024-02-13 10:00:00,WATER_M01,92.8,0.0,14.71,3.58,158.0,RUNNING,11.77,GOOD
2024-02-13 10:00:00,WATER_B01,92.8,0.0,16.23,3.22,152.0,RUNNING,12.98,GOOD
2024-02-13 11:00:00,WATER_M01,92.8,0.0,11.15,3.99,169.0,RUNNING,8.92,GOOD
2024-02-13 11:00:00,WATER_B01,92.8,0.0,17.47,3.6,163.0,RUNNING,13.98,GOOD
2024-02-13 12:00:00,WATER_M01,92.8,0.0,14.79,3.71,179.0,RUNNING,11.83,GOOD
2024-02-13 12:00:00,WATER_B01,92.8,0.0,11.35,3.44,162.0,RUNNING,9.08,GOOD
2024-02-13 13:00:00,WATER_M01,92.8,0.0,15.06,3.67,149.0,RUNNING,12.05,GOOD
2024-02-13 13:00:00,WATER_B01,92.8,0.0,16.21,3.38,172.0,RUNNING,12.96,GOOD
2024-02-13 14:00:00,WATER_M01,92.8,0.0,16.75,3.57,170.0,RUNNING,13.4,GOOD
2024-02-13 14:00:00,WATER_B01,92.8,0.0,17.81,3.59,149.0,RUNNING,14.25,GOOD
2024-02-13 15:00:00,WATER_M01,92.8,0.0,14.79,3.51,158.0,RUNNING,11.83,GOOD
2024-02-13 15:00:00,WATER_B01,92.8,0.0,17.89,3.6,171.0,RUNNING,14.32,GOOD
2024-02-13 16:00:00,WATER_M01,92.8,0.0,10.17,3.28,187.0,RUNNING,8.14,GOOD
2024-02-13 16:00:00,WATER_B01,92.8,0.0,17.17,3.74,152.0,RUNNING,13.73,GOOD
2024-02-13 17:00:00,WATER_M01,92.7,0.0,10.65,3.53,161.0,RUNNING,8.52,GOOD
2024-02-13 17:00:00,WATER_B01,92.7,0.0,10.81,3.37,153.0,RUNNING,8.65,GOOD
2024-02-13 18:00:00,WATER_M01,92.7,0.0,19.39,3.43,157.0,RUNNING,15.51,GOOD
2024-02-13 18:00:00,WATER_B01,92.7,0.0,14.98,3.69,176.0,RUNNING,11.99,GOOD
2024-02-13 19:00:00,WATER_M01,92.7,0.0,15.52,3.26,151.0,RUNNING,12.42,GOOD
2024-02-13 19:00:00,WATER_B01,92.7,0.0,15.8,3.53,158.0,RUNNING,12.64,GOOD
2024-02-13 20:00:00,WATER_M01,92.7,0.0,15.36,3.16,166.0,RUNNING,12.29,GOOD
2024-02-13 20:00:00,WATER_B01,92.7,0.0,11.45,3.64,167.0,RUNNING,9.16,GOOD
2024-02-13 21:00:00,WATER_M01,92.7,0.0,13.19,3.5,163.0,RUNNING,10.55,GOOD
2024-02-13 21:00:00,WATER_B01,92.7,0.0,16.89,3.7,169.0,RUNNING,13.51,GOOD
2024-02-13 22:00:00,WATER_M01,92.7,0.0,14.62,3.87,154.0,RUNNING,11.7,GOOD
2024-02-13 22:00:00,WATER_B01,92.7,0.0,14.49,3.53,179.0,RUNNING,11.59,GOOD
2024-02-13 23:00:00,WATER_M01,92.7,0.0,2.63,3.86,161.0,RUNNING,2.11,GOOD
2024-02-13 23:00:00,WATER_B01,92.7,0.0,3.62,3.42,166.0,RUNNING,2.9,GOOD
2024-02-14 00:00:00,WATER_M01,92.7,0.0,4.52,3.65,158.0,RUNNING,3.62,GOOD
2024-02-14 00:00:00,WATER_B01,92.7,0.0,4.66,3.36,149.0,RUNNING,3.73,GOOD
2024-02-14 01:00:00,WATER_M01,92.7,0.0,2.8,3.35,156.0,RUNNING,2.24,GOOD
2024-02-14 01:00:00,WATER_B01,92.7,0.0,4.35,3.42,148.0,RUNNING,3.48,GOOD
2024-02-14 02:00:00,WATER_M01,92.7,0.0,2.51,3.7,143.0,RUNNING,2.0,GOOD
2024-02-14 02:00:00,WATER_B01,92.7,0.0,3.16,3.38,162.0,RUNNING,2.53,GOOD
2024-02-14 03:00:00,WATER_M01,92.6,0.0,4.21,3.53,158.0,RUNNING,3.37,GOOD
2024-02-14 03:00:00,WATER_B01,92.6,0.0,3.07,3.77,166.0,RUNNING,2.46,GOOD
2024-02-14 04:00:00,WATER_M01,92.6,0.0,4.41,3.54,164.0,RUNNING,3.52,GOOD
2024-02-14 04:00:00,WATER_B01,92.6,0.0,2.94,3.59,154.0,RUNNING,2.35,GOOD
2024-02-14 05:00:00,WATER_M01,92.6,0.5,1.62,3.6,157.0,RUNNING,1.3,GOOD
2024-02-14 05:00:00,WATER_B01,92.6,0.0,2.63,3.73,149.0,RUNNING,2.11,GOOD
2024-02-14 06:00:00,WATER_M01,92.6,0.0,14.26,3.58,169.0,RUNNING,11.41,GOOD
2024-02-14 06:00:00,WATER_B01,92.6,0.0,18.55,3.42,175.0,RUNNING,14.84,GOOD
2024-02-14 07:00:00,WATER_M01,92.6,0.0,15.07,3.37,164.0,RUNNING,12.06,GOOD
2024-02-14 07:00:00,WATER_B01,92.6,0.0,14.57,3.33,176.0,RUNNING,11.66,GOOD
2024-02-14 08:00:00,WATER_M01,92.6,0.0,13.25,3.72,179.0,RUNNING,10.6,GOOD
2024-02-14 08:00:00,WATER_B01,92.6,0.0,12.57,3.45,168.0,RUNNING,10.06,GOOD
2024-02-14 09:00:00,WATER_M01,92.6,0.0,17.29,3.2,152.0,RUNNING,13.83,GOOD
2024-02-14 09:00:00,WATER_B01,92.6,0.0,15.3,3.56,182.0,RUNNING,12.24,GOOD
2024-02-14 10:00:00,WATER_M01,92.6,0.0,16.23,3.76,151.0,RUNNING,12.98,GOOD
2024-02-14 10:00:00,WATER_B01,92.6,0.0,9.53,3.67,143.0,RUNNING,7.62,GOOD
2024-02-14 11:00:00,WATER_M01,92.6,0.0,14.52,3.9,165.0,RUNNING,11.62,GOOD
2024-02-14 11:00:00,WATER_B01,92.6,0.0,12.66,3.27,154.0,RUNNING,10.13,GOOD
2024-02-14 12:00:00,WATER_M01,92.5,0.0,15.67,3.53,169.0,RUNNING,12.54,GOOD
2024-02-14 12:00:00,WATER_B01,92.5,0.0,17.16,3.36,158.0,RUNNING,13.72,GOOD
2024-02-14 13:00:00,WATER_M01,92.5,0.0,14.47,3.65,164.0,RUNNING,11.57,GOOD
2024-02-14 13:00:00,WATER_B01,92.5,0.0,11.9,3.5,159.0,RUNNING,9.52,GOOD
2024-02-14 14:00:00,WATER_M01,92.5,0.0,11.99,3.35,173.0,RUNNING,9.59,GOOD
2024-02-14 14:00:00,WATER_B01,92.5,0.0,12.76,3.57,155.0,RUNNING,10.21,GOOD
2024-02-14 15:00:00,WATER_M01,92.5,0.0,13.21,3.32,172.0,RUNNING,10.56,GOOD
2024-02-14 15:00:00,WATER_B01,92.5,0.5,14.04,3.41,169.0,RUNNING,11.23,GOOD
2024-02-14 16:00:00,WATER_M01,92.5,0.0,16.6,3.63,165.0,RUNNING,13.28,GOOD
2024-02-14 16:00:00,WATER_B01,92.5,0.0,17.2,3.58,166.0,RUNNING,13.76,GOOD
2024-02-14 17:00:00,WATER_M01,92.5,0.5,15.8,3.55,162.0,RUNNING,12.64,GOOD
2024-02-14 17:00:00,WATER_B01,92.5,0.0,14.92,3.86,161.0,RUNNING,11.93,GOOD
2024-02-14 18:00:00,WATER_M01,92.4,0.0,16.6,3.92,173.0,RUNNING,13.28,GOOD
2024-02-14 18:00:00,WATER_B01,92.5,0.0,12.96,3.63,159.0,RUNNING,10.37,GOOD
2024-02-14 19:00:00,WATER_M01,92.4,0.0,15.97,3.5,172.0,RUNNING,12.77,GOOD
2024-02-14 19:00:00,WATER_B01,92.4,0.0,15.45,3.39,173.0,RUNNING,12.36,GOOD
2024-02-14 20:00:00,WATER_M01,92.4,0.0,13.78,3.33,143.0,RUNNING,11.02,GOOD
2024-02-14 20:00:00,WATER_B01,92.4,0.0,10.42,3.51,168.0,RUNNING,8.33,GOOD
2024-02-14 21:00:00,WATER_M01,92.4,0.5,12.74,3.73,168.0,RUNNING,10.19,GOOD
2024-02-14 21:00:00,WATER_B01,92.4,0.0,14.55,3.43,164.0,RUNNING,11.64,GOOD
2024-02-14 22:00:00,WATER_M01,92.4,0.0,9.5,3.85,153.0,RUNNING,7.6,GOOD
2024-02-14 22:00:00,WATER_B01,92.4,0.0,12.38,3.42,161.0,RUNNING,9.91,GOOD
2024-02-14 23:00:00,WATER_M01,92.4,0.0,4.18,3.21,170.0,RUNNING,3.34,GOOD
2024-02-14 23:00:00,WATER_B01,92.4,0.0,3.97,3.27,171.0,RUNNING,3.17,GOOD
2024-02-15 00:00:00,WATER_M01,92.4,0.5,2.56,3.65,167.0,RUNNING,2.05,GOOD
2024-02-15 00:00:00,WATER_B01,92.4,0.0,4.48,3.82,164.0,RUNNING,3.59,GOOD
2024-02-15 01:00:00,WATER_M01,92.4,0.0,4.66,3.46,155.0,RUNNING,3.73,GOOD
2024-02-15 01:00:00,WATER_B01,92.4,0.0,1.89,3.57,163.0,RUNNING,1.51,GOOD
2024-02-15 02:00:00,WATER_M01,92.4,0.0,3.88,3.52,177.0,RUNNING,3.1,GOOD
2024-02-15 02:00:00,WATER_B01,92.4,0.0,3.84,3.48,162.0,RUNNING,3.08,GOOD
2024-02-15 03:00:00,WATER_M01,92.4,0.0,3.09,3.39,161.0,RUNNING,2.47,GOOD
2024-02-15 03:00:00,WATER_B01,92.4,0.0,2.57,3.42,150.0,RUNNING,2.05,GOOD
2024-02-15 04:00:00,WATER_M01,92.4,0.0,3.43,3.65,163.0,RUNNING,2.75,GOOD
2024-02-15 04:00:00,WATER_B01,92.4,0.0,3.77,3.72,143.0,RUNNING,3.02,GOOD
2024-02-15 05:00:00,WATER_M01,92.4,0.0,3.67,3.2,175.0,RUNNING,2.94,GOOD
2024-02-15 05:00:00,WATER_B01,92.4,0.0,2.2,3.56,151.0,RUNNING,1.76,GOOD
2024-02-15 06:00:00,WATER_M01,92.4,0.5,14.37,3.39,174.0,RUNNING,11.49,GOOD
2024-02-15 06:00:00,WATER_B01,92.4,0.0,17.65,3.45,160.0,RUNNING,14.12,GOOD
2024-02-15 07:00:00,WATER_M01,92.3,0.0,13.92,3.75,150.0,RUNNING,11.13,GOOD
2024-02-15 07:00:00,WATER_B01,92.3,0.0,16.0,3.6,173.0,RUNNING,12.8,GOOD
2024-02-15 08:00:00,WATER_M01,92.3,0.0,14.63,3.83,169.0,RUNNING,11.7,GOOD
2024-02-15 08:00:00,WATER_B01,92.3,0.0,15.62,3.08,175.0,RUNNING,12.5,GOOD
2024-02-15 09:00:00,WATER_M01,92.3,0.0,17.01,3.61,149.0,RUNNING,13.61,GOOD
2024-02-15 09:00:00,WATER_B01,92.3,0.0,16.74,3.49,168.0,RUNNING,13.39,GOOD
2024-02-15 10:00:00,WATER_M01,92.3,0.0,13.44,3.56,189.0,RUNNING,10.75,GOOD
2024-02-15 10:00:00,WATER_B01,92.3,0.0,12.89,3.32,176.0,RUNNING,10.31,GOOD
2024-02-15 11:00:00,WATER_M01,92.3,0.0,14.6,3.76,163.0,RUNNING,11.68,GOOD
2024-02-15 11:00:00,WATER_B01,92.3,0.0,12.82,3.06,175.0,RUNNING,10.26,GOOD
2024-02-15 12:00:00,WATER_M01,92.3,0.0,15.55,3.25,171.0,RUNNING,12.44,GOOD
2024-02-15 12:00:00,WATER_B01,92.3,0.0,15.0,3.54,166.0,RUNNING,12.0,GOOD
2024-02-15 13:00:00,WATER_M01,92.3,0.0,14.07,3.44,160.0,RUNNING,11.26,GOOD
2024-02-15 13:00:00,WATER_B01,92.3,0.5,12.08,3.31,166.0,RUNNING,9.66,GOOD
2024-02-15 14:00:00,WATER_M01,92.2,0.0,14.83,3.57,165.0,RUNNING,11.87,GOOD
2024-02-15 14:00:00,WATER_B01,92.3,0.0,11.28,3.38,173.0,RUNNING,9.03,GOOD
2024-02-15 15:00:00,WATER_M01,92.2,0.0,14.54,3.66,158.0,RUNNING,11.63,GOOD
2024-02-15 15:00:00,WATER_B01,92.2,0.0,14.14,3.79,162.0,RUNNING,11.31,GOOD
2024-02-15 16:00:00,WATER_M01,92.2,0.0,14.04,3.67,168.0,RUNNING,11.23,GOOD
2024-02-15 16:00:00,WATER_B01,92.2,0.0,16.19,3.57,163.0,RUNNING,12.95,GOOD
2024-02-15 17:00:00,WATER_M01,92.2,0.0,12.56,3.37,166.0,RUNNING,10.05,GOOD
2024-02-15 17:00:00,WATER_B01,92.2,0.0,17.31,3.74,166.0,RUNNING,13.85,GOOD
2024-02-15 18:00:00,WATER_M01,92.2,0.0,13.97,3.61,180.0,RUNNING,11.17,GOOD
2024-02-15 18:00:00,WATER_B01,92.2,0.0,13.67,3.51,171.0,RUNNING,10.94,GOOD
2024-02-15 19:00:00,WATER_M01,92.2,0.0,14.46,3.42,160.0,RUNNING,11.57,GOOD
2024-02-15 19:00:00,WATER_B01,92.2,0.0,15.05,3.32,174.0,RUNNING,12.04,GOOD
2024-02-15 20:00:00,WATER_M01,92.2,0.5,15.52,3.48,171.0,RUNNING,12.42,GOOD
2024-02-15 20:00:00,WATER_B01,92.2,0.0,16.73,3.58,155.0,RUNNING,13.38,GOOD
2024-02-15 21:00:00,WATER_M01,92.1,0.0,14.39,3.81,166.0,RUNNING,11.51,GOOD
2024-02-15 21:00:00,WATER_B01,92.1,0.0,11.97,3.46,155.0,RUNNING,9.57,GOOD
2024-02-15 22:00:00,WATER_M01,92.1,0.0,16.91,3.83,158.0,RUNNING,13.53,GOOD
2024-02-15 22:00:00,WATER_B01,92.1,0.0,21.48,3.6,179.0,RUNNING,17.19,GOOD
2024-02-15 23:00:00,WATER_M01,92.1,0.0,1.86,3.44,139.0,RUNNING,1.49,GOOD
2024-02-15 23:00:00,WATER_B01,92.1,0.0,3.36,3.37,168.0,RUNNING,2.68,GOOD
2024-02-16 00:00:00,WATER_M01,92.1,0.0,1.58,3.26,166.0,RUNNING,1.27,GOOD
2024-02-16 00:00:00,WATER_B01,92.1,0.5,3.61,3.74,158.0,RUNNING,2.89,GOOD
2024-02-16 01:00:00,WATER_M01,92.1,0.0,4.49,3.58,153.0,RUNNING,3.59,GOOD
2024-02-16 01:00:00,WATER_B01,92.1,0.0,3.71,3.52,155.0,RUNNING,2.97,GOOD
2024-02-16 02:00:00,WATER_M01,92.1,0.0,3.69,3.56,154.0,RUNNING,2.95,GOOD
2024-02-16 02:00:00,WATER_B01,92.1,0.0,1.43,3.54,155.0,RUNNING,1.14,GOOD
2024-02-16 03:00:00,WATER_M01,92.1,0.0,1.33,3.34,164.0,RUNNING,1.06,GOOD
2024-02-16 03:00:00,WATER_B01,92.1,0.0,2.97,3.37,181.0,RUNNING,2.38,GOOD
2024-02-16 04:00:00,WATER_M01,92.1,0.0,2.94,3.74,154.0,RUNNING,2.35,GOOD
2024-02-16 04:00:00,WATER_B01,92.1,0.0,2.9,3.27,177.0,RUNNING,2.32,GOOD
2024-02-16 05:00:00,WATER_M01,92.1,0.0,5.08,3.64,180.0,RUNNING,4.07,GOOD
2024-02-16 05:00:00,WATER_B01,92.1,0.0,3.14,3.71,158.0,RUNNING,2.51,GOOD
2024-02-16 06:00:00,WATER_M01,92.1,0.0,15.55,3.8,177.0,RUNNING,12.44,GOOD
2024-02-16 06:00:00,WATER_B01,92.1,0.0,17.2,3.12,150.0,RUNNING,13.76,GOOD
2024-02-16 07:00:00,WATER_M01,92.1,0.0,16.45,3.77,158.0,RUNNING,13.16,GOOD
2024-02-16 07:00:00,WATER_B01,92.1,0.0,11.88,3.45,165.0,RUNNING,9.51,GOOD
2024-02-16 08:00:00,WATER_M01,92.1,0.0,17.15,3.01,172.0,RUNNING,13.72,GOOD
2024-02-16 08:00:00,WATER_B01,92.1,0.0,15.23,3.51,158.0,RUNNING,12.18,GOOD
2024-02-16 09:00:00,WATER_M01,92.0,0.0,14.16,3.46,179.0,RUNNING,11.33,GOOD
2024-02-16 09:00:00,WATER_B01,92.0,0.5,15.43,3.24,168.0,RUNNING,12.34,GOOD
2024-02-16 10:00:00,WATER_M01,92.0,0.0,14.18,3.69,164.0,RUNNING,11.35,GOOD
2024-02-16 10:00:00,WATER_B01,92.0,0.0,14.26,3.7,163.0,RUNNING,11.41,GOOD
2024-02-16 11:00:00,WATER_M01,92.0,0.0,11.45,3.59,164.0,RUNNING,9.16,GOOD
2024-02-16 11:00:00,WATER_B01,92.0,0.0,16.55,3.57,171.0,RUNNING,13.24,GOOD
2024-02-16 12:00:00,WATER_M01,92.0,0.0,14.49,3.32,168.0,RUNNING,11.59,GOOD
2024-02-16 12:00:00,WATER_B01,92.0,0.0,14.39,3.67,170.0,RUNNING,11.51,GOOD
2024-02-16 13:00:00,WATER_M01,92.0,0.0,10.99,3.51,159.0,RUNNING,8.79,GOOD
2024-02-16 13:00:00,WATER_B01,92.0,0.5,17.81,3.22,187.0,RUNNING,14.25,GOOD
2024-02-16 14:00:00,WATER_M01,92.0,0.0,12.83,3.28,177.0,RUNNING,10.27,GOOD
2024-02-16 14:00:00,WATER_B01,92.0,0.0,16.38,3.55,157.0,RUNNING,13.11,GOOD
2024-02-16 15:00:00,WATER_M01,92.0,0.0,15.57,3.36,148.0,RUNNING,12.45,GOOD
2024-02-16 15:00:00,WATER_B01,91.9,0.0,18.72,3.26,184.0,RUNNING,14.97,GOOD
2024-02-16 16:00:00,WATER_M01,91.9,0.0,14.17,3.47,143.0,RUNNING,11.33,GOOD
2024-02-16 16:00:00,WATER_B01,91.9,0.0,16.82,3.23,176.0,RUNNING,13.46,GOOD
2024-02-16 17:00:00,WATER_M01,91.9,0.0,16.7,3.76,175.0,RUNNING,13.36,GOOD
2024-02-16 17:00:00,WATER_B01,91.9,0.0,15.28,3.46,151.0,RUNNING,12.22,GOOD
2024-02-16 18:00:00,WATER_M01,91.9,0.0,12.41,3.44,153.0,RUNNING,9.93,GOOD
2024-02-16 18:00:00,WATER_B01,91.9,0.0,17.07,4.0,170.0,RUNNING,13.66,GOOD
2024-02-16 19:00:00,WATER_M01,91.9,0.0,17.57,3.62,156.0,RUNNING,14.06,GOOD
2024-02-16 19:00:00,WATER_B01,91.9,0.0,16.93,3.51,159.0,RUNNING,13.54,GOOD
2024-02-16 20:00:00,WATER_M01,91.9,0.0,17.2,3.68,164.0,RUNNING,13.76,GOOD
2024-02-16 20:00:00,WATER_B01,91.9,0.0,15.76,3.84,164.0,RUNNING,12.6,GOOD
2024-02-16 21:00:00,WATER_M01,91.9,0.0,13.56,3.53,164.0,RUNNING,10.85,GOOD
2024-02-16 21:00:00,WATER_B01,91.9,0.0,12.47,3.37,176.0,RUNNING,9.98,GOOD
2024-02-16 22:00:00,WATER_M01,91.9,0.5,14.16,3.46,160.0,RUNNING,11.33,GOOD
2024-02-16 22:00:00,WATER_B01,91.8,0.0,14.78,2.91,172.0,RUNNING,11.82,GOOD
2024-02-16 23:00:00,WATER_M01,91.9,0.0,3.07,3.39,153.0,RUNNING,2.46,GOOD
2024-02-16 23:00:00,WATER_B01,91.8,0.0,1.6,3.5,170.0,RUNNING,1.28,GOOD
2024-02-17 00:00:00,WATER_M01,91.8,0.0,3.48,3.39,168.0,RUNNING,2.79,GOOD
2024-02-17 00:00:00,WATER_B01,91.8,0.0,2.39,3.47,175.0,RUNNING,1.91,GOOD
2024-02-17 01:00:00,WATER_M01,91.8,0.0,4.02,3.25,186.0,RUNNING,3.22,GOOD
2024-02-17 01:00:00,WATER_B01,91.8,0.0,3.86,3.4,173.0,RUNNING,3.09,GOOD
2024-02-17 02:00:00,WATER_M01,91.8,0.0,1.88,3.86,166.0,RUNNING,1.51,GOOD
2024-02-17 02:00:00,WATER_B01,91.8,0.0,2.56,3.36,165.0,RUNNING,2.05,GOOD
2024-02-17 03:00:00,WATER_M01,91.8,0.0,2.83,3.23,162.0,RUNNING,2.27,GOOD
2024-02-17 03:00:00,WATER_B01,91.8,0.0,3.26,3.59,146.0,RUNNING,2.61,GOOD
2024-02-17 04:00:00,WATER_M01,91.8,0.0,2.77,3.3,189.0,RUNNING,2.22,GOOD
2024-02-17 04:00:00,WATER_B01,91.8,0.0,2.7,3.41,150.0,RUNNING,2.16,GOOD
2024-02-17 05:00:00,WATER_M01,91.8,0.0,2.51,3.6,167.0,RUNNING,2.01,GOOD
2024-02-17 05:00:00,WATER_B01,91.8,0.0,3.43,3.7,180.0,RUNNING,2.75,GOOD
2024-02-17 06:00:00,WATER_M01,91.8,0.0,15.55,3.71,186.0,RUNNING,12.44,GOOD
2024-02-17 06:00:00,WATER_B01,91.8,0.0,12.15,3.86,177.0,RUNNING,9.72,GOOD
2024-02-17 07:00:00,WATER_M01,91.8,0.0,17.28,3.39,150.0,RUNNING,13.82,GOOD
2024-02-17 07:00:00,WATER_B01,91.8,0.0,19.15,3.2,166.0,RUNNING,15.32,GOOD
2024-02-17 08:00:00,WATER_M01,91.8,0.0,13.3,3.66,180.0,RUNNING,10.64,GOOD
2024-02-17 08:00:00,WATER_B01,91.8,0.0,13.9,3.5,170.0,RUNNING,11.12,GOOD
2024-02-17 09:00:00,WATER_M01,91.8,0.5,12.42,3.63,160.0,RUNNING,9.94,GOOD
2024-02-17 09:00:00,WATER_B01,91.8,0.0,13.53,3.79,157.0,RUNNING,10.82,GOOD
2024-02-17 10:00:00,WATER_M01,91.8,0.0,14.79,3.83,157.0,RUNNING,11.83,GOOD
2024-02-17 10:00:00,WATER_B01,91.7,0.0,16.54,3.57,167.0,RUNNING,13.23,GOOD
2024-02-17 11:00:00,WATER_M01,91.7,0.0,18.56,3.62,143.0,RUNNING,14.84,GOOD
2024-02-17 11:00:00,WATER_B01,91.7,0.5,13.36,3.47,176.0,RUNNING,10.69,GOOD
2024-02-17 12:00:00,WATER_M01,91.7,0.0,12.85,3.45,177.0,RUNNING,10.28,GOOD
2024-02-17 12:00:00,WATER_B01,91.7,0.0,16.32,3.37,156.0,RUNNING,13.05,GOOD
2024-02-17 13:00:00,WATER_M01,91.7,0.5,14.83,3.83,172.0,RUNNING,11.86,GOOD
2024-02-17 13:00:00,WATER_B01,91.7,0.0,17.18,3.63,164.0,RUNNING,13.74,GOOD
2024-02-17 14:00:00,WATER_M01,91.7,0.0,18.96,3.7,175.0,RUNNING,15.17,GOOD
2024-02-17 14:00:00,WATER_B01,91.7,0.0,12.65,4.06,165.0,RUNNING,10.12,GOOD
2024-02-17 15:00:00,WATER_M01,91.7,0.0,12.98,3.18,151.0,RUNNING,10.38,GOOD
2024-02-17 15:00:00,WATER_B01,91.7,0.0,12.18,3.64,163.0,RUNNING,9.74,GOOD
2024-02-17 16:00:00,WATER_M01,91.7,0.0,15.09,3.61,167.0,RUNNING,12.07,GOOD
2024-02-17 16:00:00,WATER_B01,91.7,0.0,15.15,3.71,159.0,RUNNING,12.12,GOOD
2024-02-17 17:00:00,WATER_M01,91.7,0.0,16.1,3.32,172.0,RUNNING,12.88,GOOD
2024-02-17 17:00:00,WATER_B01,91.6,0.0,14.34,3.56,174.0,RUNNING,11.48,GOOD
2024-02-17 18:00:00,WATER_M01,91.6,0.0,16.2,3.55,158.0,RUNNING,12.96,GOOD
2024-02-17 18:00:00,WATER_B01,91.6,0.0,14.42,3.53,155.0,RUNNING,11.53,GOOD
2024-02-17 19:00:00,WATER_M01,91.6,0.0,14.59,3.5,167.0,RUNNING,11.67,GOOD
2024-02-17 19:00:00,WATER_B01,91.6,0.0,15.59,3.51,176.0,RUNNING,12.47,GOOD
2024-02-17 20:00:00,WATER_M01,91.6,0.0,16.58,3.68,168.0,RUNNING,13.26,GOOD
2024-02-17 20:00:00,WATER_B01,91.6,0.0,15.17,3.58,154.0,RUNNING,12.13,GOOD
2024-02-17 21:00:00,WATER_M01,91.6,0.0,15.58,3.05,165.0,RUNNING,12.46,GOOD
2024-02-17 21:00:00,WATER_B01,91.6,0.0,15.16,3.59,162.0,RUNNING,12.13,GOOD
2024-02-17 22:00:00,WATER_M01,91.6,0.0,16.45,3.42,161.0,RUNNING,13.16,GOOD
2024-02-17 22:00:00,WATER_B01,91.6,0.0,13.08,3.69,160.0,RUNNING,10.46,GOOD
2024-02-17 23:00:00,WATER_M01,91.6,0.0,3.67,3.45,168.0,RUNNING,2.93,GOOD
2024-02-17 23:00:00,WATER_B01,91.6,0.0,3.05,3.03,166.0,RUNNING,2.44,GOOD
2024-02-18 00:00:00,WATER_M01,91.6,0.5,2.42,3.36,158.0,RUNNING,1.94,GOOD
2024-02-18 00:00:00,WATER_B01,91.6,0.0,2.39,3.66,174.0,RUNNING,1.91,GOOD
2024-02-18 01:00:00,WATER_M01,91.6,0.0,4.26,3.53,175.0,RUNNING,3.41,GOOD
2024-02-18 01:00:00,WATER_B01,91.6,0.0,4.37,3.87,165.0,RUNNING,3.5,GOOD
2024-02-18 02:00:00,WATER_M01,91.6,0.0,3.29,3.59,174.0,RUNNING,2.63,GOOD
2024-02-18 02:00:00,WATER_B01,91.6,0.0,5.35,3.72,174.0,RUNNING,4.28,GOOD
2024-02-18 03:00:00,WATER_M01,91.6,0.0,2.59,3.49,176.0,RUNNING,2.07,GOOD
2024-02-18 03:00:00,WATER_B01,91.6,0.5,2.17,3.49,173.0,RUNNING,1.73,GOOD
2024-02-18 04:00:00,WATER_M01,91.6,0.0,3.09,3.45,176.0,RUNNING,2.47,GOOD
2024-02-18 04:00:00,WATER_B01,91.6,0.0,2.35,3.54,173.0,RUNNING,1.88,GOOD
2024-02-18 05:00:00,WATER_M01,91.5,0.0,3.42,3.59,157.0,RUNNING,2.74,GOOD
2024-02-18 05:00:00,WATER_B01,91.5,0.0,2.89,3.15,162.0,RUNNING,2.31,GOOD
2024-02-18 06:00:00,WATER_M01,91.5,0.5,15.71,3.35,155.0,RUNNING,12.57,GOOD
2024-02-18 06:00:00,WATER_B01,91.5,0.0,14.46,3.61,173.0,RUNNING,11.57,GOOD
2024-02-18 07:00:00,WATER_M01,91.5,0.0,15.82,3.41,172.0,RUNNING,12.65,GOOD
2024-02-18 07:00:00,WATER_B01,91.5,0.0,13.9,3.48,165.0,RUNNING,11.12,GOOD
2024-02-18 08:00:00,WATER_M01,91.5,0.0,14.52,3.38,180.0,RUNNING,11.62,GOOD
2024-02-18 08:00:00,WATER_B01,91.5,0.0,15.97,3.97,181.0,RUNNING,12.78,GOOD
2024-02-18 09:00:00,WATER_M01,91.5,0.0,13.03,3.85,182.0,RUNNING,10.42,GOOD
2024-02-18 09:00:00,WATER_B01,91.5,0.0,18.43,3.37,177.0,RUNNING,14.75,GOOD
2024-02-18 10:00:00,WATER_M01,91.5,0.0,14.55,3.47,157.0,RUNNING,11.64,GOOD
2024-02-18 10:00:00,WATER_B01,91.5,0.0,18.49,3.4,184.0,RUNNING,14.79,GOOD
2024-02-18 11:00:00,WATER_M01,91.5,0.5,16.82,3.68,156.0,RUNNING,13.45,GOOD
2024-02-18 11:00:00,WATER_B01,91.5,0.0,13.51,3.94,152.0,RUNNING,10.81,GOOD
2024-02-18 12:00:00,WATER_M01,91.4,0.0,15.29,3.49,150.0,RUNNING,12.23,GOOD
2024-02-18 12:00:00,WATER_B01,91.4,0.0,13.95,3.29,162.0,RUNNING,11.16,GOOD
2024-02-18 13:00:00,WATER_M01,91.4,0.0,15.21,3.67,145.0,RUNNING,12.17,GOOD
2024-02-18 13:00:00,WATER_B01,91.4,0.0,13.83,3.47,167.0,RUNNING,11.06,GOOD
2024-02-18 14:00:00,WATER_M01,91.4,0.0,16.23,3.5,158.0,RUNNING,12.98,GOOD
2024-02-18 14:00:00,WATER_B01,91.4,0.5,18.49,3.77,168.0,RUNNING,14.8,GOOD
2024-02-18 15:00:00,WATER_M01,91.4,0.5,12.84,3.57,172.0,RUNNING,10.27,GOOD
2024-02-18 15:00:00,WATER_B01,91.4,0.0,17.98,3.45,168.0,RUNNING,14.39,GOOD
2024-02-18 16:00:00,WATER_M01,91.4,0.0,16.99,3.52,173.0,RUNNING,13.59,GOOD
2024-02-18 16:00:00,WATER_B01,91.4,0.0,14.31,3.36,166.0,RUNNING,11.45,GOOD
2024-02-18 17:00:00,WATER_M01,91.4,0.0,14.43,3.35,178.0,RUNNING,11.54,GOOD
2024-02-18 17:00:00,WATER_B01,91.4,0.0,17.08,3.9,171.0,RUNNING,13.66,GOOD
2024-02-18 18:00:00,WATER_M01,91.4,0.0,15.19,3.87,171.0,RUNNING,12.15,GOOD
2024-02-18 18:00:00,WATER_B01,91.3,0.0,13.42,3.28,167.0,RUNNING,10.74,GOOD
2024-02-18 19:00:00,WATER_M01,91.3,0.0,13.14,3.55,174.0,RUNNING,10.51,GOOD
2024-02-18 19:00:00,WATER_B01,91.3,0.0,16.07,3.5,171.0,RUNNING,12.86,GOOD
2024-02-18 20:00:00,WATER_M01,91.3,0.0,14.59,3.13,179.0,RUNNING,11.67,GOOD
2024-02-18 20:00:00,WATER_B01,91.3,0.0,14.07,3.32,171.0,RUNNING,11.26,GOOD
2024-02-18 21:00:00,WATER_M01,91.3,0.0,14.96,3.31,165.0,RUNNING,11.97,GOOD
2024-02-18 21:00:00,WATER_B01,91.3,0.0,13.64,3.18,170.0,RUNNING,10.91,GOOD
2024-02-18 22:00:00,WATER_M01,91.3,0.0,13.54,3.71,155.0,RUNNING,10.83,GOOD
2024-02-18 22:00:00,WATER_B01,91.3,0.0,15.88,3.26,151.0,RUNNING,12.7,GOOD
2024-02-18 23:00:00,WATER_M01,91.3,0.0,1.69,3.66,164.0,RUNNING,1.36,GOOD
2024-02-18 23:00:00,WATER_B01,91.3,0.0,1.74,3.48,152.0,RUNNING,1.39,GOOD
2024-02-19 00:00:00,WATER_M01,91.3,0.5,3.33,3.41,167.0,RUNNING,2.66,GOOD
2024-02-19 00:00:00,WATER_B01,91.3,0.0,3.66,3.32,175.0,RUNNING,2.93,GOOD
2024-02-19 01:00:00,WATER_M01,91.3,0.0,3.09,3.12,178.0,RUNNING,2.47,GOOD
2024-02-19 01:00:00,WATER_B01,91.3,0.0,1.08,3.56,174.0,RUNNING,0.86,GOOD
2024-02-19 02:00:00,WATER_M01,91.3,0.0,3.84,3.47,149.0,RUNNING,3.07,GOOD
2024-02-19 02:00:00,WATER_B01,91.3,0.0,3.58,3.58,156.0,RUNNING,2.86,GOOD
2024-02-19 03:00:00,WATER_M01,91.3,0.0,4.1,3.55,163.0,RUNNING,3.28,GOOD
2024-02-19 03:00:00,WATER_B01,91.3,0.0,3.33,3.09,162.0,RUNNING,2.66,GOOD
2024-02-19 04:00:00,WATER_M01,91.3,0.5,2.68,3.27,155.0,RUNNING,2.15,GOOD
2024-02-19 04:00:00,WATER_B01,91.3,0.0,2.11,3.36,175.0,RUNNING,1.69,GOOD
2024-02-19 05:00:00,WATER_M01,91.3,0.0,3.56,3.63,149.0,RUNNING,2.85,GOOD
2024-02-19 05:00:00,WATER_B01,91.3,0.0,3.95,3.25,164.0,RUNNING,3.16,GOOD
2024-02-19 06:00:00,WATER_M01,91.3,0.0,14.16,3.54,162.0,RUNNING,11.33,GOOD
2024-02-19 06:00:00,WATER_B01,91.3,0.0,14.97,3.39,184.0,RUNNING,11.98,GOOD
2024-02-19 07:00:00,WATER_M01,91.2,0.0,17.23,3.26,169.0,RUNNING,13.78,GOOD
2024-02-19 07:00:00,WATER_B01,91.2,0.0,14.81,3.78,159.0,RUNNING,11.85,GOOD
2024-02-19 08:00:00,WATER_M01,91.2,0.0,15.1,3.38,170.0,RUNNING,12.08,GOOD
2024-02-19 08:00:00,WATER_B01,91.2,0.0,18.47,3.67,155.0,RUNNING,14.77,GOOD
2024-02-19 09:00:00,WATER_M01,91.2,0.0,13.29,3.28,153.0,RUNNING,10.64,GOOD
2024-02-19 09:00:00,WATER_B01,91.2,0.0,15.33,3.33,157.0,RUNNING,12.27,GOOD
2024-02-19 10:00:00,WATER_M01,91.2,0.0,15.48,3.46,172.0,RUNNING,12.39,GOOD
2024-02-19 10:00:00,WATER_B01,91.2,0.0,13.77,3.42,172.0,RUNNING,11.01,GOOD
2024-02-19 11:00:00,WATER_M01,91.2,0.0,15.34,3.31,170.0,RUNNING,12.27,GOOD
2024-02-19 11:00:00,WATER_B01,91.2,0.0,11.93,3.53,178.0,RUNNING,9.55,GOOD
2024-02-19 12:00:00,WATER_M01,91.2,0.5,13.45,3.47,167.0,RUNNING,10.76,GOOD
2024-02-19 12:00:00,WATER_B01,91.2,0.0,14.88,3.37,177.0,RUNNING,11.9,GOOD
2024-02-19 13:00:00,WATER_M01,91.2,0.0,14.17,3.71,161.0,RUNNING,11.33,GOOD
2024-02-19 13:00:00,WATER_B01,91.1,0.0,14.32,3.14,161.0,RUNNING,11.46,GOOD
2024-02-19 14:00:00,WATER_M01,91.1,0.0,17.18,3.27,178.0,RUNNING,13.75,GOOD
2024-02-19 14:00:00,WATER_B01,91.1,0.0,16.19,3.46,180.0,RUNNING,12.95,GOOD
2024-02-19 15:00:00,WATER_M01,91.1,0.0,14.16,3.49,185.0,RUNNING,11.33,GOOD
2024-02-19 15:00:00,WATER_B01,91.1,0.0,15.96,3.59,152.0,RUNNING,12.77,GOOD
2024-02-19 16:00:00,WATER_M01,91.1,0.0,12.72,3.79,147.0,RUNNING,10.18,GOOD
2024-02-19 16:00:00,WATER_B01,91.1,0.0,14.88,3.46,163.0,RUNNING,11.9,GOOD
2024-02-19 17:00:00,WATER_M01,91.1,0.0,15.21,3.43,147.0,RUNNING,12.17,GOOD
2024-02-19 17:00:00,WATER_B01,91.1,0.0,16.27,2.97,179.0,RUNNING,13.01,GOOD
2024-02-19 18:00:00,WATER_M01,91.1,0.0,13.17,3.59,164.0,RUNNING,10.53,GOOD
2024-02-19 18:00:00,WATER_B01,91.1,0.0,13.43,3.54,150.0,RUNNING,10.74,GOOD
2024-02-19 19:00:00,WATER_M01,91.1,0.0,12.55,3.62,154.0,RUNNING,10.04,GOOD
2024-02-19 19:00:00,WATER_B01,91.1,0.0,16.0,3.51,163.0,RUNNING,12.8,GOOD
2024-02-19 20:00:00,WATER_M01,91.1,0.0,16.02,3.47,168.0,RUNNING,12.82,GOOD
2024-02-19 20:00:00,WATER_B01,91.0,0.0,13.56,3.23,183.0,RUNNING,10.85,GOOD
2024-02-19 21:00:00,WATER_M01,91.0,0.0,16.7,3.57,162.0,RUNNING,13.36,GOOD
2024-02-19 21:00:00,WATER_B01,91.0,0.0,14.97,3.7,171.0,RUNNING,11.98,GOOD
2024-02-19 22:00:00,WATER_M01,91.0,0.5,14.43,3.43,162.0,RUNNING,11.55,GOOD
2024-02-19 22:00:00,WATER_B01,91.0,0.0,15.56,3.8,163.0,RUNNING,12.45,GOOD
2024-02-19 23:00:00,WATER_M01,91.0,0.0,3.31,3.56,193.0,RUNNING,2.65,GOOD
2024-02-19 23:00:00,WATER_B01,91.0,0.0,3.14,3.26,141.0,RUNNING,2.51,GOOD
2024-02-20 00:00:00,WATER_M01,91.0,0.0,3.57,3.64,151.0,RUNNING,2.85,GOOD
2024-02-20 00:00:00,WATER_B01,91.0,0.0,2.46,3.43,154.0,RUNNING,1.97,GOOD
2024-02-20 01:00:00,WATER_M01,91.0,0.0,1.89,3.92,169.0,RUNNING,1.51,GOOD
2024-02-20 01:00:00,WATER_B01,91.0,0.0,3.67,3.43,172.0,RUNNING,2.94,GOOD
2024-02-20 02:00:00,WATER_M01,91.0,0.0,3.57,3.48,156.0,RUNNING,2.86,GOOD
2024-02-20 02:00:00,WATER_B01,91.0,0.0,0.97,3.51,166.0,RUNNING,0.77,GOOD
2024-02-20 03:00:00,WATER_M01,91.0,0.0,4.16,3.82,167.0,RUNNING,3.33,GOOD
2024-02-20 03:00:00,WATER_B01,91.0,0.0,4.68,3.37,174.0,RUNNING,3.75,GOOD
2024-02-20 04:00:00,WATER_M01,91.0,0.0,1.77,3.63,161.0,RUNNING,1.41,GOOD
2024-02-20 04:00:00,WATER_B01,91.0,0.5,2.34,3.05,150.0,RUNNING,1.87,GOOD
2024-02-20 05:00:00,WATER_M01,91.0,0.5,1.46,3.54,169.0,RUNNING,1.17,GOOD
2024-02-20 05:00:00,WATER_B01,91.0,0.5,3.02,3.6,169.0,RUNNING,2.42,GOOD
2024-02-20 06:00:00,WATER_M01,91.0,0.0,13.03,3.55,170.0,RUNNING,10.42,GOOD
2024-02-20 06:00:00,WATER_B01,91.0,0.0,17.27,3.49,176.0,RUNNING,13.82,GOOD
2024-02-20 07:00:00,WATER_M01,91.0,0.0,14.61,3.92,175.0,RUNNING,11.69,GOOD
2024-02-20 07:00:00,WATER_B01,91.0,0.0,15.49,3.47,178.0,RUNNING,12.4,GOOD
2024-02-20 08:00:00,WATER_M01,91.0,0.0,14.46,3.18,162.0,RUNNING,11.57,GOOD
2024-02-20 08:00:00,WATER_B01,90.9,0.0,13.03,3.87,156.0,RUNNING,10.42,GOOD
2024-02-20 09:00:00,WATER_M01,90.9,0.0,16.41,3.76,166.0,RUNNING,13.13,GOOD
2024-02-20 09:00:00,WATER_B01,90.9,0.0,14.08,3.54,148.0,RUNNING,11.27,GOOD
2024-02-20 10:00:00,WATER_M01,90.9,0.0,16.79,3.56,171.0,RUNNING,13.44,GOOD
2024-02-20 10:00:00,WATER_B01,90.9,0.0,12.86,3.33,168.0,RUNNING,10.29,GOOD
2024-02-20 11:00:00,WATER_M01,90.9,0.0,17.35,3.38,149.0,RUNNING,13.88,GOOD
2024-02-20 11:00:00,WATER_B01,90.9,0.0,12.21,3.59,168.0,RUNNING,9.77,GOOD
2024-02-20 12:00:00,WATER_M01,95.0,50.0,13.99,3.61,161.0,RUNNING,11.19,GOOD
2024-02-20 12:00:00,WATER_B01,95.0,50.0,15.48,3.59,148.0,RUNNING,12.38,GOOD
2024-02-20 13:00:00,WATER_M01,95.0,0.0,15.14,3.78,153.0,RUNNING,12.11,GOOD
2024-02-20 13:00:00,WATER_B01,95.0,0.0,12.69,3.14,160.0,RUNNING,10.16,GOOD
2024-02-20 14:00:00,WATER_M01,95.0,0.0,15.77,3.25,158.0,RUNNING,12.61,GOOD
2024-02-20 14:00:00,WATER_B01,95.0,0.0,18.02,3.59,143.0,RUNNING,14.42,GOOD
2024-02-20 15:00:00,WATER_M01,94.9,0.0,19.31,3.21,154.0,RUNNING,15.45,GOOD
2024-02-20 15:00:00,WATER_B01,95.0,0.0,14.23,3.72,142.0,RUNNING,11.39,GOOD
2024-02-20 16:00:00,WATER_M01,94.9,0.0,18.33,3.8,164.0,RUNNING,14.67,GOOD
2024-02-20 16:00:00,WATER_B01,94.9,0.0,10.2,3.45,163.0,RUNNING,8.16,GOOD
2024-02-20 17:00:00,WATER_M01,94.9,0.0,13.73,3.35,142.0,RUNNING,10.99,GOOD
2024-02-20 17:00:00,WATER_B01,94.9,0.0,12.4,3.01,145.0,RUNNING,9.92,GOOD
2024-02-20 18:00:00,WATER_M01,94.9,0.0,16.74,3.66,159.0,RUNNING,13.39,GOOD
2024-02-20 18:00:00,WATER_B01,94.9,0.0,14.93,3.26,163.0,RUNNING,11.94,GOOD
2024-02-20 19:00:00,WATER_M01,94.9,0.0,12.94,3.16,161.0,RUNNING,10.35,GOOD
2024-02-20 19:00:00,WATER_B01,94.9,0.0,13.27,3.53,141.0,RUNNING,10.62,GOOD
2024-02-20 20:00:00,WATER_M01,94.9,0.5,15.18,3.45,149.0,RUNNING,12.14,GOOD
2024-02-20 20:00:00,WATER_B01,94.9,0.0,15.37,3.74,149.0,RUNNING,12.3,GOOD
2024-02-20 21:00:00,WATER_M01,94.9,0.0,12.45,3.63,170.0,RUNNING,9.96,GOOD
2024-02-20 21:00:00,WATER_B01,94.9,0.0,13.04,3.22,168.0,RUNNING,10.44,GOOD
2024-02-20 22:00:00,WATER_M01,94.8,0.0,13.48,3.63,162.0,RUNNING,10.78,GOOD
2024-02-20 22:00:00,WATER_B01,94.9,0.0,14.94,3.37,151.0,RUNNING,11.96,GOOD
2024-02-20 23:00:00,WATER_M01,94.8,0.0,2.25,3.52,148.0,RUNNING,1.8,GOOD
2024-02-20 23:00:00,WATER_B01,94.9,0.0,4.38,3.39,154.0,RUNNING,3.5,GOOD
2024-02-21 00:00:00,WATER_M01,94.8,0.0,1.03,3.43,160.0,RUNNING,0.82,GOOD
2024-02-21 00:00:00,WATER_B01,94.9,0.0,4.08,3.27,148.0,RUNNING,3.26,GOOD
2024-02-21 01:00:00,WATER_M01,94.8,0.0,2.95,3.17,174.0,RUNNING,2.36,GOOD
2024-02-21 01:00:00,WATER_B01,94.8,0.0,4.04,3.55,157.0,RUNNING,3.23,GOOD
2024-02-21 02:00:00,WATER_M01,94.8,0.0,3.05,3.41,156.0,RUNNING,2.44,GOOD
2024-02-21 02:00:00,WATER_B01,94.8,0.0,4.41,3.43,157.0,RUNNING,3.52,GOOD
2024-02-21 03:00:00,WATER_M01,94.8,0.0,3.0,3.35,144.0,RUNNING,2.4,GOOD
2024-02-21 03:00:00,WATER_B01,94.8,0.0,5.84,3.47,171.0,RUNNING,4.67,GOOD
2024-02-21 04:00:00,WATER_M01,94.8,0.0,4.04,3.49,142.0,RUNNING,3.23,GOOD
2024-02-21 04:00:00,WATER_B01,94.8,0.0,2.89,3.51,154.0,RUNNING,2.32,GOOD
2024-02-21 05:00:00,WATER_M01,94.8,0.0,3.59,3.39,158.0,RUNNING,2.87,GOOD
2024-02-21 05:00:00,WATER_B01,94.8,0.0,2.83,3.37,156.0,RUNNING,2.26,GOOD
2024-02-21 06:00:00,WATER_M01,94.8,0.5,14.81,3.52,164.0,RUNNING,11.85,GOOD
2024-02-21 06:00:00,WATER_B01,94.8,0.0,12.49,3.58,164.0,RUNNING,9.99,GOOD
2024-02-21 07:00:00,WATER_M01,94.8,0.0,14.72,3.62,164.0,RUNNING,11.78,GOOD
2024-02-21 07:00:00,WATER_B01,94.8,0.0,13.99,3.82,175.0,RUNNING,11.19,GOOD
2024-02-21 08:00:00,WATER_M01,94.8,0.0,10.32,3.2,159.0,RUNNING,8.26,GOOD
2024-02-21 08:00:00,WATER_B01,94.8,0.5,18.22,3.32,172.0,RUNNING,14.57,GOOD
2024-02-21 09:00:00,WATER_M01,94.8,0.0,17.25,3.94,158.0,RUNNING,13.8,GOOD
2024-02-21 09:00:00,WATER_B01,94.8,0.0,13.96,3.25,162.0,RUNNING,11.17,GOOD
2024-02-21 10:00:00,WATER_M01,94.8,0.0,17.82,3.69,173.0,RUNNING,14.26,GOOD
2024-02-21 10:00:00,WATER_B01,94.8,0.0,16.31,3.51,167.0,RUNNING,13.05,GOOD
2024-02-21 11:00:00,WATER_M01,94.7,0.5,13.97,3.43,173.0,RUNNING,11.18,GOOD
2024-02-21 11:00:00,WATER_B01,94.7,0.5,13.82,3.35,160.0,RUNNING,11.06,GOOD
2024-02-21 12:00:00,WATER_M01,94.7,0.0,17.64,3.62,168.0,RUNNING,14.11,GOOD
2024-02-21 12:00:00,WATER_B01,94.7,0.0,15.61,3.63,162.0,RUNNING,12.48,GOOD
2024-02-21 13:00:00,WATER_M01,94.7,0.0,10.02,3.65,148.0,RUNNING,8.01,GOOD
2024-02-21 13:00:00,WATER_B01,94.7,0.0,13.23,3.6,136.0,RUNNING,10.58,GOOD
2024-02-21 14:00:00,WATER_M01,94.7,0.0,15.73,3.5,141.0,RUNNING,12.59,GOOD
2024-02-21 14:00:00,WATER_B01,94.7,0.5,15.18,3.28,144.0,RUNNING,12.14,GOOD
2024-02-21 15:00:00,WATER_M01,94.7,0.0,13.88,3.56,158.0,RUNNING,11.1,GOOD
2024-02-21 15:00:00,WATER_B01,94.7,0.0,15.49,3.49,165.0,RUNNING,12.39,GOOD
2024-02-21 16:00:00,WATER_M01,94.7,0.0,14.43,3.66,142.0,RUNNING,11.55,GOOD
2024-02-21 16:00:00,WATER_B01,94.7,0.0,12.33,3.66,152.0,RUNNING,9.86,GOOD
2024-02-21 17:00:00,WATER_M01,94.7,0.0,12.87,3.34,143.0,RUNNING,10.29,GOOD
2024-02-21 17:00:00,WATER_B01,94.7,0.0,18.41,3.29,178.0,RUNNING,14.73,GOOD
2024-02-21 18:00:00,WATER_M01,94.6,0.0,17.38,3.88,170.0,RUNNING,13.91,GOOD
2024-02-21 18:00:00,WATER_B01,94.6,0.0,14.34,3.65,182.0,RUNNING,11.47,GOOD
2024-02-21 19:00:00,WATER_M01,94.6,0.0,15.99,3.28,159.0,RUNNING,12.79,GOOD
2024-02-21 19:00:00,WATER_B01,94.6,0.0,17.72,3.73,154.0,RUNNING,14.18,GOOD
2024-02-21 20:00:00,WATER_M01,94.6,0.0,14.32,3.35,155.0,RUNNING,11.46,GOOD
2024-02-21 20:00:00,WATER_B01,94.6,0.0,17.26,3.52,153.0,RUNNING,13.81,GOOD
2024-02-21 21:00:00,WATER_M01,94.6,0.5,13.6,3.5,151.0,RUNNING,10.88,GOOD
2024-02-21 21:00:00,WATER_B01,94.6,0.0,14.8,3.55,169.0,RUNNING,11.84,GOOD
2024-02-21 22:00:00,WATER_M01,94.6,0.0,13.42,3.56,158.0,RUNNING,10.73,GOOD
2024-02-21 22:00:00,WATER_B01,94.6,0.0,10.38,3.51,176.0,RUNNING,8.31,GOOD
2024-02-21 23:00:00,WATER_M01,94.6,0.0,4.09,3.23,166.0,RUNNING,3.28,GOOD
2024-02-21 23:00:00,WATER_B01,94.6,0.0,1.63,3.49,156.0,RUNNING,1.3,GOOD
2024-02-22 00:00:00,WATER_M01,94.6,0.0,2.55,3.58,165.0,RUNNING,2.04,GOOD
2024-02-22 00:00:00,WATER_B01,94.6,0.0,4.27,3.47,158.0,RUNNING,3.41,GOOD
2024-02-22 01:00:00,WATER_M01,94.6,0.0,2.39,3.09,157.0,RUNNING,1.92,GOOD
2024-02-22 01:00:00,WATER_B01,94.6,0.0,3.62,3.54,154.0,RUNNING,2.9,GOOD
2024-02-22 02:00:00,WATER_M01,94.6,0.0,2.45,3.56,157.0,RUNNING,1.96,GOOD
2024-02-22 02:00:00,WATER_B01,94.6,0.0,2.66,3.53,142.0,RUNNING,2.13,GOOD
2024-02-22 03:00:00,WATER_M01,94.6,0.0,2.91,3.47,165.0,RUNNING,2.33,GOOD
2024-02-22 03:00:00,WATER_B01,94.6,0.0,2.33,3.82,175.0,RUNNING,1.87,GOOD
2024-02-22 04:00:00,WATER_M01,94.6,0.0,4.55,3.85,159.0,RUNNING,3.64,GOOD
2024-02-22 04:00:00,WATER_B01,94.6,0.0,3.35,3.6,164.0,RUNNING,2.68,GOOD
2024-02-22 05:00:00,WATER_M01,94.6,0.0,1.5,3.53,150.0,RUNNING,1.2,GOOD
2024-02-22 05:00:00,WATER_B01,94.6,0.0,1.34,3.71,164.0,RUNNING,1.07,GOOD
2024-02-22 06:00:00,WATER_M01,94.5,0.0,14.48,3.73,159.0,RUNNING,11.58,GOOD
2024-02-22 06:00:00,WATER_B01,94.5,0.0,14.66,3.26,166.0,RUNNING,11.73,GOOD
2024-02-22 07:00:00,WATER_M01,94.5,0.0,16.98,3.21,174.0,RUNNING,13.58,GOOD
2024-02-22 07:00:00,WATER_B01,94.5,0.0,15.47,3.6,174.0,RUNNING,12.37,GOOD
2024-02-22 08:00:00,WATER_M01,94.5,0.0,15.26,3.29,163.0,RUNNING,12.21,GOOD
2024-02-22 08:00:00,WATER_B01,94.5,0.0,13.63,3.53,154.0,RUNNING,10.9,GOOD
2024-02-22 09:00:00,WATER_M01,94.5,0.0,11.8,3.76,170.0,RUNNING,9.44,GOOD
2024-02-22 09:00:00,WATER_B01,94.5,0.0,12.58,3.77,142.0,RUNNING,10.07,GOOD
2024-02-22 10:00:00,WATER_M01,94.5,0.0,13.02,3.69,144.0,RUNNING,10.42,GOOD
2024-02-22 10:00:00,WATER_B01,94.5,0.0,15.09,3.23,160.0,RUNNING,12.07,GOOD
2024-02-22 11:00:00,WATER_M01,94.5,0.0,16.62,3.48,153.0,RUNNING,13.3,GOOD
2024-02-22 11:00:00,WATER_B01,94.5,0.0,11.05,3.79,165.0,RUNNING,8.84,GOOD
2024-02-22 12:00:00,WATER_M01,94.5,0.0,13.5,3.65,163.0,RUNNING,10.8,GOOD
2024-02-22 12:00:00,WATER_B01,94.5,0.0,11.57,3.57,146.0,RUNNING,9.25,GOOD
2024-02-22 13:00:00,WATER_M01,94.4,0.0,15.22,3.3,144.0,RUNNING,12.17,GOOD
2024-02-22 13:00:00,WATER_B01,94.5,0.5,15.54,3.0,169.0,RUNNING,12.43,GOOD
2024-02-22 14:00:00,WATER_M01,94.4,0.0,14.76,3.64,164.0,RUNNING,11.81,GOOD
2024-02-22 14:00:00,WATER_B01,94.4,0.0,14.89,3.66,180.0,RUNNING,11.91,GOOD
2024-02-22 15:00:00,WATER_M01,94.4,0.0,17.68,3.42,144.0,RUNNING,14.15,GOOD
2024-02-22 15:00:00,WATER_B01,94.4,0.0,13.36,3.48,176.0,RUNNING,10.69,GOOD
2024-02-22 16:00:00,WATER_M01,94.4,0.0,10.64,3.33,170.0,RUNNING,8.51,GOOD
2024-02-22 16:00:00,WATER_B01,94.4,0.0,14.96,3.46,165.0,RUNNING,11.96,GOOD
2024-02-22 17:00:00,WATER_M01,94.4,0.0,14.74,3.37,167.0,RUNNING,11.79,GOOD
2024-02-22 17:00:00,WATER_B01,94.4,0.0,13.64,3.63,163.0,RUNNING,10.91,GOOD
2024-02-22 18:00:00,WATER_M01,94.4,0.0,17.81,3.21,157.0,RUNNING,14.25,GOOD
2024-02-22 18:00:00,WATER_B01,94.4,0.0,13.09,3.61,154.0,RUNNING,10.47,GOOD
2024-02-22 19:00:00,WATER_M01,94.4,0.0,15.5,3.77,150.0,RUNNING,12.4,GOOD
2024-02-22 19:00:00,WATER_B01,94.4,0.0,15.73,3.68,146.0,RUNNING,12.59,GOOD
2024-02-22 20:00:00,WATER_M01,94.3,0.0,11.99,3.64,162.0,RUNNING,9.59,GOOD
2024-02-22 20:00:00,WATER_B01,94.4,0.0,15.7,3.51,138.0,RUNNING,12.56,GOOD
2024-02-22 21:00:00,WATER_M01,94.3,0.0,18.11,3.4,165.0,RUNNING,14.49,GOOD
2024-02-22 21:00:00,WATER_B01,94.3,0.0,17.13,3.3,171.0,RUNNING,13.71,GOOD
2024-02-22 22:00:00,WATER_M01,94.3,0.0,11.0,3.47,160.0,RUNNING,8.8,GOOD
2024-02-22 22:00:00,WATER_B01,94.3,0.0,12.26,3.35,132.0,RUNNING,9.81,GOOD
2024-02-22 23:00:00,WATER_M01,94.3,0.0,2.36,3.48,151.0,RUNNING,1.89,GOOD
2024-02-22 23:00:00,WATER_B01,94.3,0.0,3.49,3.29,167.0,RUNNING,2.8,GOOD
2024-02-23 00:00:00,WATER_M01,94.3,0.0,3.05,3.44,159.0,RUNNING,2.44,GOOD
2024-02-23 00:00:00,WATER_B01,94.3,0.0,3.68,3.43,164.0,RUNNING,2.94,GOOD
2024-02-23 01:00:00,WATER_M01,94.3,0.0,1.96,3.51,165.0,RUNNING,1.57,GOOD
2024-02-23 01:00:00,WATER_B01,94.3,0.0,0.99,3.65,158.0,RUNNING,0.79,GOOD
2024-02-23 02:00:00,WATER_M01,94.3,0.5,4.65,3.95,148.0,RUNNING,3.72,GOOD
2024-02-23 02:00:00,WATER_B01,94.3,0.0,2.49,3.64,153.0,RUNNING,2.0,GOOD
2024-02-23 03:00:00,WATER_M01,94.3,0.0,1.87,3.37,149.0,RUNNING,1.5,GOOD
2024-02-23 03:00:00,WATER_B01,94.3,0.0,3.88,3.84,159.0,RUNNING,3.11,GOOD
2024-02-23 04:00:00,WATER_M01,94.3,0.0,3.6,3.3,168.0,RUNNING,2.88,GOOD
2024-02-23 04:00:00,WATER_B01,94.3,0.5,3.21,3.46,159.0,RUNNING,2.57,GOOD
2024-02-23 05:00:00,WATER_M01,94.3,0.0,3.25,3.31,163.0,RUNNING,2.6,GOOD
2024-02-23 05:00:00,WATER_B01,94.3,0.0,3.22,3.61,161.0,RUNNING,2.58,GOOD
2024-02-23 06:00:00,WATER_M01,94.3,0.0,13.72,3.42,180.0,RUNNING,10.98,GOOD
2024-02-23 06:00:00,WATER_B01,94.3,0.5,18.08,3.21,149.0,RUNNING,14.46,GOOD
2024-02-23 07:00:00,WATER_M01,94.3,0.0,13.08,3.48,157.0,RUNNING,10.47,GOOD
2024-02-23 07:00:00,WATER_B01,94.3,0.0,12.89,3.72,169.0,RUNNING,10.31,GOOD
2024-02-23 08:00:00,WATER_M01,94.2,0.5,15.64,3.1,170.0,RUNNING,12.52,GOOD
2024-02-23 08:00:00,WATER_B01,94.3,0.0,13.02,3.33,173.0,RUNNING,10.42,GOOD
2024-02-23 09:00:00,WATER_M01,94.2,0.0,17.25,3.54,171.0,RUNNING,13.8,GOOD
2024-02-23 09:00:00,WATER_B01,94.2,0.5,16.77,3.42,165.0,RUNNING,13.42,GOOD
2024-02-23 10:00:00,WATER_M01,94.2,0.0,15.26,3.69,182.0,RUNNING,12.21,GOOD
2024-02-23 10:00:00,WATER_B01,94.2,0.0,15.17,3.31,180.0,RUNNING,12.14,GOOD
2024-02-23 11:00:00,WATER_M01,94.2,0.0,12.23,3.43,166.0,RUNNING,9.79,GOOD
2024-02-23 11:00:00,WATER_B01,94.2,0.0,16.75,3.56,163.0,RUNNING,13.4,GOOD
2024-02-23 12:00:00,WATER_M01,94.2,0.0,12.02,3.23,133.0,RUNNING,9.61,GOOD
2024-02-23 12:00:00,WATER_B01,94.2,0.5,15.53,3.21,143.0,RUNNING,12.43,GOOD
2024-02-23 13:00:00,WATER_M01,94.2,0.0,15.96,3.7,168.0,RUNNING,12.77,GOOD
2024-02-23 13:00:00,WATER_B01,94.2,0.0,17.69,3.79,138.0,RUNNING,14.15,GOOD
2024-02-23 14:00:00,WATER_M01,94.2,0.0,15.68,3.28,178.0,RUNNING,12.54,GOOD
2024-02-23 14:00:00,WATER_B01,94.2,0.0,19.66,3.69,163.0,RUNNING,15.73,GOOD
2024-02-23 15:00:00,WATER_M01,94.1,0.0,15.59,3.57,164.0,RUNNING,12.48,GOOD
2024-02-23 15:00:00,WATER_B01,94.1,0.0,17.33,3.42,172.0,RUNNING,13.87,GOOD
2024-02-23 16:00:00,WATER_M01,94.1,0.0,16.9,3.61,184.0,RUNNING,13.52,GOOD
2024-02-23 16:00:00,WATER_B01,94.1,0.0,14.2,3.37,156.0,RUNNING,11.36,GOOD
2024-02-23 17:00:00,WATER_M01,94.1,0.0,16.4,3.71,158.0,RUNNING,13.12,GOOD
2024-02-23 17:00:00,WATER_B01,94.1,0.0,12.54,3.34,156.0,RUNNING,10.03,GOOD
2024-02-23 18:00:00,WATER_M01,94.1,0.0,14.06,3.45,153.0,RUNNING,11.25,GOOD
2024-02-23 18:00:00,WATER_B01,94.1,0.0,12.88,3.59,172.0,RUNNING,10.3,GOOD
2024-02-23 19:00:00,WATER_M01,94.1,0.5,16.65,3.67,141.0,RUNNING,13.32,GOOD
2024-02-23 19:00:00,WATER_B01,94.1,0.0,16.03,3.22,167.0,RUNNING,12.83,GOOD
2024-02-23 20:00:00,WATER_M01,94.1,0.0,13.1,3.24,177.0,RUNNING,10.48,GOOD
2024-02-23 20:00:00,WATER_B01,94.1,0.0,13.33,3.34,174.0,RUNNING,10.66,GOOD
2024-02-23 21:00:00,WATER_M01,94.1,0.5,13.62,3.47,166.0,RUNNING,10.9,GOOD
2024-02-23 21:00:00,WATER_B01,94.1,0.0,17.1,3.07,170.0,RUNNING,13.68,GOOD
2024-02-23 22:00:00,WATER_M01,94.0,0.0,14.82,3.52,155.0,RUNNING,11.85,GOOD
2024-02-23 22:00:00,WATER_B01,94.0,0.0,17.5,3.75,159.0,RUNNING,14.0,GOOD
2024-02-23 23:00:00,WATER_M01,94.0,0.0,2.85,3.58,168.0,RUNNING,2.28,GOOD
2024-02-23 23:00:00,WATER_B01,94.0,0.0,3.9,3.41,157.0,RUNNING,3.12,GOOD
2024-02-24 00:00:00,WATER_M01,94.0,0.0,2.12,3.61,164.0,RUNNING,1.69,GOOD
2024-02-24 00:00:00,WATER_B01,94.0,0.0,4.02,3.55,160.0,RUNNING,3.22,GOOD
2024-02-24 01:00:00,WATER_M01,94.0,0.0,4.52,3.41,173.0,RUNNING,3.62,GOOD
2024-02-24 01:00:00,WATER_B01,94.0,0.0,2.22,3.27,172.0,RUNNING,1.78,GOOD
2024-02-24 02:00:00,WATER_M01,94.0,0.5,2.27,3.53,162.0,RUNNING,1.82,GOOD
2024-02-24 02:00:00,WATER_B01,94.0,0.0,4.41,3.47,155.0,RUNNING,3.53,GOOD
2024-02-24 03:00:00,WATER_M01,94.0,0.5,4.0,3.4,158.0,RUNNING,3.2,GOOD
2024-02-24 03:00:00,WATER_B01,94.0,0.0,2.42,3.26,173.0,RUNNING,1.94,GOOD
2024-02-24 04:00:00,WATER_M01,94.0,0.0,1.38,3.59,174.0,RUNNING,1.11,GOOD
2024-02-24 04:00:00,WATER_B01,94.0,0.0,2.48,3.77,157.0,RUNNING,1.98,GOOD
2024-02-24 05:00:00,WATER_M01,94.0,0.0,0.36,3.38,137.0,RUNNING,0.29,GOOD
2024-02-24 05:00:00,WATER_B01,94.0,0.0,3.52,3.57,154.0,RUNNING,2.81,GOOD
2024-02-24 06:00:00,WATER_M01,94.0,0.0,15.41,3.15,155.0,RUNNING,12.33,GOOD
2024-02-24 06:00:00,WATER_B01,94.0,0.0,13.99,3.15,157.0,RUNNING,11.2,GOOD
2024-02-24 07:00:00,WATER_M01,94.0,0.0,14.47,3.5,144.0,RUNNING,11.58,GOOD
2024-02-24 07:00:00,WATER_B01,94.0,0.0,14.17,3.4,164.0,RUNNING,11.34,GOOD
2024-02-24 08:00:00,WATER_M01,94.0,0.0,15.02,3.35,151.0,RUNNING,12.02,GOOD
2024-02-24 08:00:00,WATER_B01,94.0,0.0,16.06,3.68,179.0,RUNNING,12.84,GOOD
2024-02-24 09:00:00,WATER_M01,94.0,0.0,18.57,3.41,170.0,RUNNING,14.86,GOOD
2024-02-24 09:00:00,WATER_B01,94.0,0.0,16.08,3.64,158.0,RUNNING,12.86,GOOD
2024-02-24 10:00:00,WATER_M01,93.9,0.0,13.34,3.36,174.0,RUNNING,10.67,GOOD
2024-02-24 10:00:00,WATER_B01,93.9,0.0,15.42,3.43,168.0,RUNNING,12.33,GOOD
2024-02-24 11:00:00,WATER_M01,93.9,0.0,15.6,3.37,168.0,RUNNING,12.48,GOOD
2024-02-24 11:00:00,WATER_B01,93.9,0.0,13.78,2.95,166.0,RUNNING,11.02,GOOD
2024-02-24 12:00:00,WATER_M01,93.9,0.0,18.9,3.37,169.0,RUNNING,15.12,GOOD
2024-02-24 12:00:00,WATER_B01,93.9,0.0,12.9,3.43,154.0,RUNNING,10.32,GOOD
2024-02-24 13:00:00,WATER_M01,93.9,0.0,10.85,3.82,149.0,RUNNING,8.68,GOOD
2024-02-24 13:00:00,WATER_B01,93.9,0.0,14.72,3.78,145.0,RUNNING,11.77,GOOD
2024-02-24 14:00:00,WATER_M01,93.9,0.5,13.78,4.05,161.0,RUNNING,11.03,GOOD
2024-02-24 14:00:00,WATER_B01,93.9,0.0,14.29,3.53,172.0,RUNNING,11.43,GOOD
2024-02-24 15:00:00,WATER_M01,93.9,0.0,15.95,3.58,163.0,RUNNING,12.76,GOOD
2024-02-24 15:00:00,WATER_B01,93.9,0.0,18.94,3.39,163.0,RUNNING,15.16,GOOD
2024-02-24 16:00:00,WATER_M01,93.9,0.0,13.0,3.8,184.0,RUNNING,10.4,GOOD
2024-02-24 16:00:00,WATER_B01,93.8,0.0,16.31,3.18,169.0,RUNNING,13.05,GOOD
2024-02-24 17:00:00,WATER_M01,93.8,0.0,14.95,3.43,166.0,RUNNING,11.96,GOOD
2024-02-24 17:00:00,WATER_B01,93.8,0.5,15.25,3.7,159.0,RUNNING,12.2,GOOD
2024-02-24 18:00:00,WATER_M01,93.8,0.0,8.6,3.18,170.0,RUNNING,6.88,GOOD
2024-02-24 18:00:00,WATER_B01,93.8,0.0,17.72,3.27,144.0,RUNNING,14.18,GOOD
2024-02-24 19:00:00,WATER_M01,93.8,0.0,16.25,3.67,141.0,RUNNING,13.0,GOOD
2024-02-24 19:00:00,WATER_B01,93.8,0.0,15.27,3.69,189.0,RUNNING,12.21,GOOD
2024-02-24 20:00:00,WATER_M01,93.8,0.0,12.98,3.94,170.0,RUNNING,10.39,GOOD
2024-02-24 20:00:00,WATER_B01,93.8,0.0,16.02,3.49,156.0,RUNNING,12.82,GOOD
2024-02-24 21:00:00,WATER_M01,93.8,0.0,16.92,3.51,155.0,RUNNING,13.54,GOOD
2024-02-24 21:00:00,WATER_B01,93.8,0.0,15.55,3.49,144.0,RUNNING,12.44,GOOD
2024-02-24 22:00:00,WATER_M01,93.8,0.0,13.56,3.2,171.0,RUNNING,10.85,GOOD
2024-02-24 22:00:00,WATER_B01,93.7,0.0,17.83,3.55,163.0,RUNNING,14.26,GOOD
2024-02-24 23:00:00,WATER_M01,93.8,0.0,2.8,3.64,177.0,RUNNING,2.24,GOOD
2024-02-24 23:00:00,WATER_B01,93.7,0.0,2.8,3.3,167.0,RUNNING,2.24,GOOD
2024-02-25 00:00:00,WATER_M01,93.8,0.0,3.49,3.3,165.0,RUNNING,2.8,GOOD
2024-02-25 00:00:00,WATER_B01,93.7,0.0,1.79,3.42,157.0,RUNNING,1.43,GOOD
2024-02-25 01:00:00,WATER_M01,93.8,0.0,2.59,3.56,157.0,RUNNING,2.07,GOOD
2024-02-25 01:00:00,WATER_B01,93.7,0.5,2.96,3.85,162.0,RUNNING,2.37,GOOD
2024-02-25 02:00:00,WATER_M01,93.8,0.0,3.43,3.37,160.0,RUNNING,2.74,GOOD
2024-02-25 02:00:00,WATER_B01,93.7,0.0,2.9,3.53,170.0,RUNNING,2.32,GOOD
2024-02-25 03:00:00,WATER_M01,93.8,0.0,1.32,3.21,145.0,RUNNING,1.06,GOOD
2024-02-25 03:00:00,WATER_B01,93.7,0.0,1.94,3.39,149.0,RUNNING,1.56,GOOD
2024-02-25 04:00:00,WATER_M01,93.8,0.0,2.64,3.32,170.0,RUNNING,2.11,GOOD
2024-02-25 04:00:00,WATER_B01,93.7,0.0,3.13,3.47,164.0,RUNNING,2.5,GOOD
2024-02-25 05:00:00,WATER_M01,93.8,0.5,3.88,3.76,166.0,RUNNING,3.1,GOOD
2024-02-25 05:00:00,WATER_B01,93.7,0.0,2.49,3.58,161.0,RUNNING,2.0,GOOD
2024-02-25 06:00:00,WATER_M01,93.7,0.0,13.24,3.56,150.0,RUNNING,10.59,GOOD
2024-02-25 06:00:00,WATER_B01,93.7,0.0,15.16,3.29,155.0,RUNNING,12.12,GOOD
2024-02-25 07:00:00,WATER_M01,93.7,0.0,17.05,3.57,160.0,RUNNING,13.64,GOOD
2024-02-25 07:00:00,WATER_B01,93.7,0.0,12.19,3.6,166.0,RUNNING,9.75,GOOD
2024-02-25 08:00:00,WATER_M01,93.7,0.0,13.52,3.52,169.0,RUNNING,10.81,GOOD
2024-02-25 08:00:00,WATER_B01,93.7,0.0,12.52,3.79,167.0,RUNNING,10.02,GOOD
2024-02-25 09:00:00,WATER_M01,93.7,0.0,11.59,3.72,176.0,RUNNING,9.27,GOOD
2024-02-25 09:00:00,WATER_B01,93.7,0.0,14.78,3.73,142.0,RUNNING,11.82,GOOD
2024-02-25 10:00:00,WATER_M01,93.7,0.0,14.42,3.53,172.0,RUNNING,11.53,GOOD
2024-02-25 10:00:00,WATER_B01,93.7,0.0,11.77,3.38,169.0,RUNNING,9.42,GOOD
2024-02-25 11:00:00,WATER_M01,93.7,0.0,10.74,3.17,170.0,RUNNING,8.59,GOOD
2024-02-25 11:00:00,WATER_B01,93.6,0.0,19.39,3.43,175.0,RUNNING,15.51,GOOD
2024-02-25 12:00:00,WATER_M01,93.7,0.0,15.11,3.42,161.0,RUNNING,12.08,GOOD
2024-02-25 12:00:00,WATER_B01,93.6,0.0,15.37,3.55,163.0,RUNNING,12.3,GOOD
2024-02-25 13:00:00,WATER_M01,93.6,0.0,13.76,3.71,168.0,RUNNING,11.01,GOOD
2024-02-25 13:00:00,WATER_B01,93.6,0.0,16.52,3.4,166.0,RUNNING,13.22,GOOD
2024-02-25 14:00:00,WATER_M01,93.6,0.0,11.74,3.32,168.0,RUNNING,9.39,GOOD
2024-02-25 14:00:00,WATER_B01,93.6,0.0,15.94,3.18,170.0,RUNNING,12.76,GOOD
2024-02-25 15:00:00,WATER_M01,93.6,0.0,17.34,3.5,177.0,RUNNING,13.87,GOOD
2024-02-25 15:00:00,WATER_B01,93.6,0.0,14.47,3.48,156.0,RUNNING,11.57,GOOD
2024-02-25 16:00:00,WATER_M01,93.6,0.0,12.56,3.59,179.0,RUNNING,10.05,GOOD
2024-02-25 16:00:00,WATER_B01,93.6,0.0,13.18,3.71,171.0,RUNNING,10.55,GOOD
2024-02-25 17:00:00,WATER_M01,93.6,0.0,14.86,3.33,148.0,RUNNING,11.89,GOOD
2024-02-25 17:00:00,WATER_B01,93.6,0.0,13.55,3.39,165.0,RUNNING,10.84,GOOD
2024-02-25 18:00:00,WATER_M01,93.6,0.0,13.26,3.65,161.0,RUNNING,10.61,GOOD
2024-02-25 18:00:00,WATER_B01,93.5,0.0,15.87,3.64,165.0,RUNNING,12.7,GOOD
2024-02-25 19:00:00,WATER_M01,93.6,0.0,17.51,3.79,168.0,RUNNING,14.01,GOOD
2024-02-25 19:00:00,WATER_B01,93.5,0.0,16.0,3.67,177.0,RUNNING,12.8,GOOD
2024-02-25 20:00:00,WATER_M01,93.5,0.0,16.64,3.18,162.0,RUNNING,13.32,GOOD
2024-02-25 20:00:00,WATER_B01,93.5,0.0,16.12,3.54,157.0,RUNNING,12.9,GOOD
2024-02-25 21:00:00,WATER_M01,93.5,0.0,15.08,3.78,174.0,RUNNING,12.07,GOOD
2024-02-25 21:00:00,WATER_B01,93.5,0.0,15.48,3.37,162.0,RUNNING,12.38,GOOD
2024-02-25 22:00:00,WATER_M01,93.5,0.0,12.56,3.22,174.0,RUNNING,10.05,GOOD
2024-02-25 22:00:00,WATER_B01,93.5,0.0,14.02,3.31,164.0,RUNNING,11.22,GOOD
2024-02-25 23:00:00,WATER_M01,93.5,0.0,1.69,3.48,150.0,RUNNING,1.35,GOOD
2024-02-25 23:00:00,WATER_B01,93.5,0.0,2.77,3.87,161.0,RUNNING,2.22,GOOD
2024-02-26 00:00:00,WATER_M01,93.5,0.0,3.72,3.52,171.0,RUNNING,2.98,GOOD
2024-02-26 00:00:00,WATER_B01,93.5,0.0,4.29,3.39,158.0,RUNNING,3.43,GOOD
2024-02-26 01:00:00,WATER_M01,93.5,0.0,2.39,3.52,175.0,RUNNING,1.91,GOOD
2024-02-26 01:00:00,WATER_B01,93.5,0.0,2.23,3.63,159.0,RUNNING,1.79,GOOD
2024-02-26 02:00:00,WATER_M01,93.5,0.0,3.77,3.2,163.0,RUNNING,3.01,GOOD
2024-02-26 02:00:00,WATER_B01,93.5,0.0,4.31,3.12,160.0,RUNNING,3.45,GOOD
2024-02-26 03:00:00,WATER_M01,93.5,0.0,2.68,3.76,174.0,RUNNING,2.14,GOOD
2024-02-26 03:00:00,WATER_B01,93.5,0.0,4.0,3.6,157.0,RUNNING,3.2,GOOD
2024-02-26 04:00:00,WATER_M01,93.5,0.0,2.57,3.45,173.0,RUNNING,2.06,GOOD
2024-02-26 04:00:00,WATER_B01,93.5,0.0,3.72,3.63,171.0,RUNNING,2.97,GOOD
2024-02-26 05:00:00,WATER_M01,93.5,0.0,5.72,3.31,154.0,RUNNING,4.57,GOOD
2024-02-26 05:00:00,WATER_B01,93.5,0.5,3.4,3.54,146.0,RUNNING,2.72,GOOD
2024-02-26 06:00:00,WATER_M01,93.5,0.0,9.68,3.37,156.0,RUNNING,7.74,GOOD
2024-02-26 06:00:00,WATER_B01,93.4,0.0,14.41,3.29,196.0,RUNNING,11.53,GOOD
2024-02-26 07:00:00,WATER_M01,93.5,0.0,12.09,3.16,180.0,RUNNING,9.67,GOOD
2024-02-26 07:00:00,WATER_B01,93.4,0.0,14.12,3.4,178.0,RUNNING,11.3,GOOD
2024-02-26 08:00:00,WATER_M01,93.5,0.0,13.51,3.48,148.0,RUNNING,10.81,GOOD
2024-02-26 08:00:00,WATER_B01,93.4,0.0,19.46,3.42,148.0,RUNNING,15.57,GOOD
2024-02-26 09:00:00,WATER_M01,93.4,0.0,14.14,3.48,151.0,RUNNING,11.31,GOOD
2024-02-26 09:00:00,WATER_B01,93.4,0.0,15.45,3.42,166.0,RUNNING,12.36,GOOD
2024-02-26 10:00:00,WATER_M01,93.4,0.0,12.26,3.35,167.0,RUNNING,9.81,GOOD
2024-02-26 10:00:00,WATER_B01,93.4,0.0,13.38,3.56,153.0,RUNNING,10.71,GOOD
2024-02-26 11:00:00,WATER_M01,93.4,0.0,15.1,3.74,176.0,RUNNING,12.08,GOOD
2024-02-26 11:00:00,WATER_B01,93.4,0.0,13.75,3.77,169.0,RUNNING,11.0,GOOD
2024-02-26 12:00:00,WATER_M01,93.4,0.0,17.99,3.18,164.0,RUNNING,14.39,GOOD
2024-02-26 12:00:00,WATER_B01,93.3,0.0,15.65,3.36,175.0,RUNNING,12.52,GOOD
2024-02-26 13:00:00,WATER_M01,93.4,0.0,13.99,3.6,156.0,RUNNING,11.19,GOOD
2024-02-26 13:00:00,WATER_B01,93.3,0.0,11.69,3.41,158.0,RUNNING,9.35,GOOD
2024-02-26 14:00:00,WATER_M01,93.4,0.0,14.55,3.58,160.0,RUNNING,11.64,GOOD
2024-02-26 14:00:00,WATER_B01,93.3,0.0,16.57,3.15,168.0,RUNNING,13.26,GOOD
2024-02-26 15:00:00,WATER_M01,93.4,0.0,14.35,3.45,156.0,RUNNING,11.48,GOOD
2024-02-26 15:00:00,WATER_B01,93.3,0.0,10.51,3.51,167.0,RUNNING,8.41,GOOD
2024-02-26 16:00:00,WATER_M01,93.3,0.0,17.07,3.25,171.0,RUNNING,13.66,GOOD
2024-02-26 16:00:00,WATER_B01,93.3,0.0,19.87,3.56,157.0,RUNNING,15.9,GOOD
2024-02-26 17:00:00,WATER_M01,93.3,0.0,16.29,3.93,156.0,RUNNING,13.04,GOOD
2024-02-26 17:00:00,WATER_B01,93.3,0.0,15.83,3.43,164.0,RUNNING,12.66,GOOD
2024-02-26 18:00:00,WATER_M01,93.3,0.0,15.68,3.33,173.0,RUNNING,12.54,GOOD
2024-02-26 18:00:00,WATER_B01,93.3,0.0,15.07,3.57,159.0,RUNNING,12.06,GOOD
2024-02-26 19:00:00,WATER_M01,93.3,0.0,14.81,3.35,170.0,RUNNING,11.85,GOOD
2024-02-26 19:00:00,WATER_B01,93.2,0.0,14.08,3.66,156.0,RUNNING,11.26,GOOD
2024-02-26 20:00:00,WATER_M01,93.3,0.0,17.49,3.86,166.0,RUNNING,13.99,GOOD
2024-02-26 20:00:00,WATER_B01,93.2,0.0,15.69,3.11,154.0,RUNNING,12.55,GOOD
2024-02-26 21:00:00,WATER_M01,93.3,0.0,17.09,3.76,159.0,RUNNING,13.67,GOOD
2024-02-26 21:00:00,WATER_B01,93.2,0.5,15.76,3.46,171.0,RUNNING,12.61,GOOD
2024-02-26 22:00:00,WATER_M01,93.2,0.5,16.26,3.11,157.0,RUNNING,13.01,GOOD
2024-02-26 22:00:00,WATER_B01,93.2,0.5,18.77,3.71,167.0,RUNNING,15.02,GOOD
2024-02-26 23:00:00,WATER_M01,93.2,0.0,1.57,3.46,171.0,RUNNING,1.25,GOOD
2024-02-26 23:00:00,WATER_B01,93.2,0.0,3.21,3.34,159.0,RUNNING,2.57,GOOD
2024-02-27 00:00:00,WATER_M01,93.2,0.0,2.83,3.37,175.0,RUNNING,2.26,GOOD
2024-02-27 00:00:00,WATER_B01,93.2,0.0,1.64,3.3,147.0,RUNNING,1.31,GOOD
2024-02-27 01:00:00,WATER_M01,93.2,0.0,3.38,3.75,169.0,RUNNING,2.71,GOOD
2024-02-27 01:00:00,WATER_B01,93.2,0.0,2.37,3.49,157.0,RUNNING,1.9,GOOD
2024-02-27 02:00:00,WATER_M01,93.2,0.0,3.28,3.65,159.0,RUNNING,2.63,GOOD
2024-02-27 02:00:00,WATER_B01,93.2,0.0,3.37,3.35,182.0,RUNNING,2.7,GOOD
2024-02-27 03:00:00,WATER_M01,93.2,0.5,3.13,3.32,176.0,RUNNING,2.51,GOOD
2024-02-27 03:00:00,WATER_B01,93.2,0.5,2.91,3.54,169.0,RUNNING,2.33,GOOD
2024-02-27 04:00:00,WATER_M01,93.2,0.0,3.24,3.39,163.0,RUNNING,2.59,GOOD
2024-02-27 04:00:00,WATER_B01,93.2,0.0,3.41,3.64,162.0,RUNNING,2.73,GOOD
2024-02-27 05:00:00,WATER_M01,93.2,0.0,3.76,3.51,163.0,RUNNING,3.01,GOOD
2024-02-27 05:00:00,WATER_B01,93.2,0.0,4.36,3.3,179.0,RUNNING,3.49,GOOD
2024-02-27 06:00:00,WATER_M01,93.2,0.0,12.58,3.36,159.0,RUNNING,10.06,GOOD
2024-02-27 06:00:00,WATER_B01,93.2,0.0,17.03,3.62,148.0,RUNNING,13.62,GOOD
2024-02-27 07:00:00,WATER_M01,93.2,0.0,16.42,3.96,173.0,RUNNING,13.14,GOOD
2024-02-27 07:00:00,WATER_B01,93.1,0.0,13.74,3.59,162.0,RUNNING,10.99,GOOD
2024-02-27 08:00:00,WATER_M01,93.2,0.0,13.58,3.53,150.0,RUNNING,10.86,GOOD
2024-02-27 08:00:00,WATER_B01,93.1,0.5,15.4,3.61,163.0,RUNNING,12.32,GOOD
2024-02-27 09:00:00,WATER_M01,93.2,0.5,15.34,3.57,156.0,RUNNING,12.27,GOOD
2024-02-27 09:00:00,WATER_B01,93.1,0.0,15.12,3.55,148.0,RUNNING,12.1,GOOD
2024-02-27 10:00:00,WATER_M01,93.1,0.0,15.64,3.65,175.0,RUNNING,12.51,GOOD
2024-02-27 10:00:00,WATER_B01,93.1,0.5,13.69,3.36,156.0,RUNNING,10.95,GOOD
2024-02-27 11:00:00,WATER_M01,93.1,0.0,15.42,3.75,166.0,RUNNING,12.34,GOOD
2024-02-27 11:00:00,WATER_B01,93.1,0.0,12.68,3.55,173.0,RUNNING,10.14,GOOD
2024-02-27 12:00:00,WATER_M01,93.1,0.0,15.28,3.59,156.0,RUNNING,12.22,GOOD
2024-02-27 12:00:00,WATER_B01,93.1,0.0,17.09,3.44,165.0,RUNNING,13.67,GOOD
2024-02-27 13:00:00,WATER_M01,93.1,0.5,16.6,3.33,171.0,RUNNING,13.28,GOOD
2024-02-27 13:00:00,WATER_B01,93.1,0.0,15.05,3.56,170.0,RUNNING,12.04,GOOD
2024-02-27 14:00:00,WATER_M01,93.1,0.0,17.1,3.63,150.0,RUNNING,13.68,GOOD
2024-02-27 14:00:00,WATER_B01,93.0,0.0,15.32,3.4,169.0,RUNNING,12.26,GOOD
2024-02-27 15:00:00,WATER_M01,93.1,0.0,20.35,3.45,188.0,RUNNING,16.28,GOOD
2024-02-27 15:00:00,WATER_B01,93.0,0.5,13.77,3.28,160.0,RUNNING,11.01,GOOD
2024-02-27 16:00:00,WATER_M01,93.0,0.0,13.72,3.28,170.0,RUNNING,10.98,GOOD
2024-02-27 16:00:00,WATER_B01,93.0,0.0,12.88,3.46,165.0,RUNNING,10.3,GOOD
2024-02-27 17:00:00,WATER_M01,93.0,0.5,17.62,3.5,165.0,RUNNING,14.1,GOOD
2024-02-27 17:00:00,WATER_B01,93.0,0.5,10.29,3.46,167.0,RUNNING,8.23,GOOD
2024-02-27 18:00:00,WATER_M01,93.0,0.0,14.67,3.76,174.0,RUNNING,11.73,GOOD
2024-02-27 18:00:00,WATER_B01,93.0,0.0,15.66,3.46,159.0,RUNNING,12.53,GOOD
2024-02-27 19:00:00,WATER_M01,93.0,0.0,14.26,3.46,161.0,RUNNING,11.41,GOOD
2024-02-27 19:00:00,WATER_B01,93.0,0.0,16.52,3.37,168.0,RUNNING,13.21,GOOD
2024-02-27 20:00:00,WATER_M01,93.0,0.0,13.76,3.6,154.0,RUNNING,11.01,GOOD
2024-02-27 20:00:00,WATER_B01,93.0,0.0,14.99,3.42,164.0,RUNNING,12.0,GOOD
2024-02-27 21:00:00,WATER_M01,93.0,0.5,12.92,3.75,172.0,RUNNING,10.33,GOOD
2024-02-27 21:00:00,WATER_B01,92.9,0.0,17.25,3.03,161.0,RUNNING,13.8,GOOD
2024-02-27 22:00:00,WATER_M01,93.0,0.0,14.89,3.59,169.0,RUNNING,11.91,GOOD
2024-02-27 22:00:00,WATER_B01,92.9,0.0,12.65,3.16,148.0,RUNNING,10.12,GOOD
2024-02-27 23:00:00,WATER_M01,93.0,0.0,2.62,3.22,158.0,RUNNING,2.1,GOOD
2024-02-27 23:00:00,WATER_B01,92.9,0.0,3.13,3.53,159.0,RUNNING,2.5,GOOD
2024-02-28 00:00:00,WATER_M01,93.0,0.5,1.63,3.27,164.0,RUNNING,1.3,GOOD
2024-02-28 00:00:00,WATER_B01,92.9,0.0,4.22,3.27,152.0,RUNNING,3.38,GOOD
2024-02-28 01:00:00,WATER_M01,93.0,0.0,3.4,3.53,156.0,RUNNING,2.72,GOOD
2024-02-28 01:00:00,WATER_B01,92.9,0.0,2.58,3.6,147.0,RUNNING,2.07,GOOD
2024-02-28 02:00:00,WATER_M01,93.0,0.0,1.84,3.35,167.0,RUNNING,1.48,GOOD
2024-02-28 02:00:00,WATER_B01,92.9,0.0,4.52,3.36,150.0,RUNNING,3.61,GOOD
2024-02-28 03:00:00,WATER_M01,92.9,0.0,3.96,3.71,161.0,RUNNING,3.17,GOOD
2024-02-28 03:00:00,WATER_B01,92.9,0.0,1.28,3.36,154.0,RUNNING,1.02,GOOD
2024-02-28 04:00:00,WATER_M01,92.9,0.0,3.31,3.44,169.0,RUNNING,2.65,GOOD
2024-02-28 04:00:00,WATER_B01,92.9,0.5,2.8,3.49,157.0,RUNNING,2.24,GOOD
2024-02-28 05:00:00,WATER_M01,92.9,0.0,3.3,3.71,158.0,RUNNING,2.64,GOOD
2024-02-28 05:00:00,WATER_B01,92.9,0.0,3.38,3.39,161.0,RUNNING,2.71,GOOD
2024-02-28 06:00:00,WATER_M01,92.9,0.0,15.3,3.79,177.0,RUNNING,12.24,GOOD
2024-02-28 06:00:00,WATER_B01,92.9,0.0,15.9,3.57,165.0,RUNNING,12.72,GOOD
2024-02-28 07:00:00,WATER_M01,92.9,0.0,11.4,3.49,164.0,RUNNING,9.12,GOOD
2024-02-28 07:00:00,WATER_B01,92.9,0.0,15.57,3.69,152.0,RUNNING,12.45,GOOD
2024-02-28 08:00:00,WATER_M01,92.9,0.0,14.81,3.59,171.0,RUNNING,11.85,GOOD
2024-02-28 08:00:00,WATER_B01,92.9,0.0,15.66,3.65,177.0,RUNNING,12.52,GOOD
2024-02-28 09:00:00,WATER_M01,92.9,0.0,14.97,3.93,168.0,RUNNING,11.98,GOOD
2024-02-28 09:00:00,WATER_B01,92.8,0.0,16.06,3.28,170.0,RUNNING,12.85,GOOD
2024-02-28 10:00:00,WATER_M01,92.9,0.0,15.46,3.52,152.0,RUNNING,12.37,GOOD
2024-02-28 10:00:00,WATER_B01,92.8,0.0,13.16,3.3,179.0,RUNNING,10.53,GOOD
2024-02-28 11:00:00,WATER_M01,92.9,0.0,14.64,3.57,161.0,RUNNING,11.71,GOOD
2024-02-28 11:00:00,WATER_B01,92.8,0.0,17.5,3.31,167.0,RUNNING,14.0,GOOD
2024-02-28 12:00:00,WATER_M01,92.8,0.0,13.79,3.41,158.0,RUNNING,11.03,GOOD
2024-02-28 12:00:00,WATER_B01,92.8,0.0,12.09,3.45,173.0,RUNNING,9.67,GOOD
2024-02-28 13:00:00,WATER_M01,92.8,0.0,15.28,3.34,175.0,RUNNING,12.23,GOOD
2024-02-28 13:00:00,WATER_B01,92.8,0.5,16.97,3.43,169.0,RUNNING,13.58,GOOD
2024-02-28 14:00:00,WATER_M01,92.8,0.0,15.25,3.48,169.0,RUNNING,12.2,GOOD
2024-02-28 14:00:00,WATER_B01,92.8,0.0,17.55,3.38,157.0,RUNNING,14.04,GOOD
2024-02-28 15:00:00,WATER_M01,92.8,0.0,15.88,3.45,171.0,RUNNING,12.71,GOOD
2024-02-28 15:00:00,WATER_B01,92.8,0.0,12.42,3.4,168.0,RUNNING,9.94,GOOD
2024-02-28 16:00:00,WATER_M01,92.8,0.0,16.5,3.77,174.0,RUNNING,13.2,GOOD
2024-02-28 16:00:00,WATER_B01,92.7,0.0,17.72,3.4,173.0,RUNNING,14.17,GOOD
2024-02-28 17:00:00,WATER_M01,92.8,0.0,12.6,3.69,162.0,RUNNING,10.08,GOOD
2024-02-28 17:00:00,WATER_B01,92.7,0.0,15.01,3.45,174.0,RUNNING,12.01,GOOD
2024-02-28 18:00:00,WATER_M01,92.8,0.0,13.89,3.47,146.0,RUNNING,11.11,GOOD
2024-02-28 18:00:00,WATER_B01,92.7,0.0,16.08,3.96,175.0,RUNNING,12.86,GOOD
2024-02-28 19:00:00,WATER_M01,92.7,0.0,12.6,3.51,161.0,RUNNING,10.08,GOOD
2024-02-28 19:00:00,WATER_B01,92.7,0.0,16.28,3.37,154.0,RUNNING,13.02,GOOD
2024-02-28 20:00:00,WATER_M01,92.7,0.5,14.94,3.3,145.0,RUNNING,11.95,GOOD
2024-02-28 20:00:00,WATER_B01,92.7,0.0,18.25,3.56,162.0,RUNNING,14.6,GOOD
2024-02-28 21:00:00,WATER_M01,92.7,0.0,12.55,3.62,162.0,RUNNING,10.04,GOOD
2024-02-28 21:00:00,WATER_B01,92.7,0.0,11.83,3.69,180.0,RUNNING,9.46,GOOD
2024-02-28 22:00:00,WATER_M01,92.7,0.0,15.78,3.52,158.0,RUNNING,12.63,GOOD
2024-02-28 22:00:00,WATER_B01,92.6,0.0,14.73,3.56,166.0,RUNNING,11.79,GOOD
2024-02-28 23:00:00,WATER_M01,92.7,0.5,3.77,3.41,158.0,RUNNING,3.02,GOOD
2024-02-28 23:00:00,WATER_B01,92.6,0.0,3.33,3.34,164.0,RUNNING,2.67,GOOD
2024-02-29 00:00:00,WATER_M01,92.7,0.0,4.26,3.53,160.0,RUNNING,3.41,GOOD
2024-02-29 00:00:00,WATER_B01,92.6,0.0,2.36,3.38,156.0,RUNNING,1.88,GOOD
2024-02-29 01:00:00,WATER_M01,92.7,0.0,4.23,3.53,166.0,RUNNING,3.39,GOOD
2024-02-29 01:00:00,WATER_B01,92.6,0.5,2.79,3.63,167.0,RUNNING,2.23,GOOD
2024-02-29 02:00:00,WATER_M01,92.7,0.0,3.66,3.43,166.0,RUNNING,2.93,GOOD
2024-02-29 02:00:00,WATER_B01,92.6,0.0,3.03,3.87,165.0,RUNNING,2.42,GOOD
2024-02-29 03:00:00,WATER_M01,92.7,0.0,2.17,3.48,157.0,RUNNING,1.73,GOOD
2024-02-29 03:00:00,WATER_B01,92.6,0.0,1.73,3.5,170.0,RUNNING,1.39,GOOD
2024-02-29 04:00:00,WATER_M01,92.7,0.5,3.68,3.75,158.0,RUNNING,2.94,GOOD
2024-02-29 04:00:00,WATER_B01,92.6,0.0,3.66,3.63,184.0,RUNNING,2.93,GOOD
2024-02-29 05:00:00,WATER_M01,92.7,0.0,2.22,3.65,149.0,RUNNING,1.77,GOOD
2024-02-29 05:00:00,WATER_B01,92.6,0.0,3.19,3.42,163.0,RUNNING,2.55,GOOD
2024-02-29 06:00:00,WATER_M01,92.7,0.0,14.11,3.35,160.0,RUNNING,11.29,GOOD
2024-02-29 06:00:00,WATER_B01,92.6,0.0,14.6,3.4,173.0,RUNNING,11.68,GOOD
2024-02-29 07:00:00,WATER_M01,92.6,0.0,14.97,3.6,155.0,RUNNING,11.98,GOOD
2024-02-29 07:00:00,WATER_B01,92.6,0.0,13.69,3.51,153.0,RUNNING,10.96,GOOD
2024-02-29 08:00:00,WATER_M01,92.6,0.0,12.95,3.54,158.0,RUNNING,10.36,GOOD
2024-02-29 08:00:00,WATER_B01,92.6,0.0,14.61,3.78,166.0,RUNNING,11.69,GOOD
2024-02-29 09:00:00,WATER_M01,92.6,0.0,9.43,3.44,167.0,RUNNING,7.54,GOOD
2024-02-29 09:00:00,WATER_B01,92.6,0.0,15.3,3.36,179.0,RUNNING,12.24,GOOD
2024-02-29 10:00:00,WATER_M01,92.6,0.0,15.29,3.27,164.0,RUNNING,12.23,GOOD
2024-02-29 10:00:00,WATER_B01,92.6,0.0,14.23,3.6,173.0,RUNNING,11.39,GOOD
2024-02-29 11:00:00,WATER_M01,92.6,0.0,17.48,3.56,174.0,RUNNING,13.98,GOOD
2024-02-29 11:00:00,WATER_B01,92.5,0.0,15.33,3.56,157.0,RUNNING,12.27,GOOD
2024-02-29 12:00:00,WATER_M01,92.6,0.0,13.42,3.59,165.0,RUNNING,10.73,GOOD
2024-02-29 12:00:00,WATER_B01,92.5,0.0,13.01,3.5,173.0,RUNNING,10.41,GOOD
2024-02-29 13:00:00,WATER_M01,92.6,0.0,16.36,3.41,167.0,RUNNING,13.09,GOOD
2024-02-29 13:00:00,WATER_B01,92.5,0.5,18.87,3.64,166.0,RUNNING,15.1,GOOD
2024-02-29 14:00:00,WATER_M01,92.5,0.0,18.2,3.62,176.0,RUNNING,14.56,GOOD
2024-02-29 14:00:00,WATER_B01,92.5,0.0,15.88,3.57,169.0,RUNNING,12.7,GOOD
2024-02-29 15:00:00,WATER_M01,92.5,0.0,15.23,3.37,170.0,RUNNING,12.18,GOOD
2024-02-29 15:00:00,WATER_B01,92.5,0.0,14.64,3.4,160.0,RUNNING,11.71,GOOD
2024-02-29 16:00:00,WATER_M01,92.5,0.0,12.03,3.64,150.0,RUNNING,9.63,GOOD
2024-02-29 16:00:00,WATER_B01,92.5,0.5,14.22,3.54,176.0,RUNNING,11.38,GOOD
2024-02-29 17:00:00,WATER_M01,92.5,0.0,12.13,3.36,159.0,RUNNING,9.7,GOOD
2024-02-29 17:00:00,WATER_B01,92.4,0.0,16.92,3.16,168.0,RUNNING,13.54,GOOD
2024-02-29 18:00:00,WATER_M01,92.5,0.0,15.31,3.29,160.0,RUNNING,12.25,GOOD
2024-02-29 18:00:00,WATER_B01,92.4,0.0,12.85,3.61,168.0,RUNNING,10.28,GOOD
2024-02-29 19:00:00,WATER_M01,92.5,0.0,12.07,3.33,162.0,RUNNING,9.66,GOOD
2024-02-29 19:00:00,WATER_B01,92.4,0.5,18.53,3.38,155.0,RUNNING,14.82,GOOD
2024-02-29 20:00:00,WATER_M01,92.5,0.0,12.89,3.56,180.0,RUNNING,10.31,GOOD
2024-02-29 20:00:00,WATER_B01,92.4,0.0,14.75,3.71,148.0,RUNNING,11.8,GOOD
2024-02-29 21:00:00,WATER_M01,92.4,0.0,17.15,3.93,170.0,RUNNING,13.72,GOOD
2024-02-29 21:00:00,WATER_B01,92.4,0.0,10.89,3.67,166.0,RUNNING,8.71,GOOD
2024-02-29 22:00:00,WATER_M01,92.4,0.0,17.18,3.2,146.0,RUNNING,13.75,GOOD
2024-02-29 22:00:00,WATER_B01,92.4,0.5,14.75,4.07,163.0,RUNNING,11.8,GOOD
2024-02-29 23:00:00,WATER_M01,92.4,0.0,1.31,3.48,162.0,RUNNING,1.05,GOOD
2024-02-29 23:00:00,WATER_B01,92.4,0.0,1.1,3.4,170.0,RUNNING,0.88,GOOD
2024-03-01 00:00:00,WATER_M01,92.4,0.0,3.37,3.39,166.0,RUNNING,2.69,GOOD
2024-03-01 00:00:00,WATER_B01,92.4,0.0,3.92,3.48,172.0,RUNNING,3.14,GOOD
2024-03-01 01:00:00,WATER_M01,92.4,0.0,2.71,3.64,156.0,RUNNING,2.17,GOOD
2024-03-01 01:00:00,WATER_B01,92.4,0.0,3.43,3.6,152.0,RUNNING,2.74,GOOD
2024-03-01 02:00:00,WATER_M01,92.4,0.0,3.28,3.67,155.0,RUNNING,2.62,GOOD
2024-03-01 02:00:00,WATER_B01,92.4,0.0,0.43,3.91,179.0,RUNNING,0.35,GOOD
2024-03-01 03:00:00,WATER_M01,92.4,0.0,2.55,3.26,181.0,RUNNING,2.04,GOOD
2024-03-01 03:00:00,WATER_B01,92.4,0.0,2.0,3.53,161.0,RUNNING,1.6,GOOD
2024-03-01 04:00:00,WATER_M01,92.4,0.0,2.14,3.11,168.0,RUNNING,1.71,GOOD
2024-03-01 04:00:00,WATER_B01,92.4,0.0,3.08,3.14,164.0,RUNNING,2.46,GOOD
2024-03-01 05:00:00,WATER_M01,92.4,0.0,3.84,3.43,177.0,RUNNING,3.07,GOOD
2024-03-01 05:00:00,WATER_B01,92.4,0.0,2.91,3.24,178.0,RUNNING,2.33,GOOD
2024-03-01 06:00:00,WATER_M01,92.4,0.0,14.21,3.17,167.0,RUNNING,11.37,GOOD
2024-03-01 06:00:00,WATER_B01,92.3,0.0,18.35,3.48,189.0,RUNNING,14.68,GOOD
2024-03-01 07:00:00,WATER_M01,92.4,0.0,15.92,3.28,171.0,RUNNING,12.73,GOOD
2024-03-01 07:00:00,WATER_B01,92.3,0.0,15.59,3.26,161.0,RUNNING,12.47,GOOD
2024-03-01 08:00:00,WATER_M01,92.4,0.0,19.42,3.48,166.0,RUNNING,15.54,GOOD
2024-03-01 08:00:00,WATER_B01,92.3,0.0,15.75,3.09,159.0,RUNNING,12.6,GOOD
2024-03-01 09:00:00,WATER_M01,92.3,0.5,19.68,3.45,160.0,RUNNING,15.74,GOOD
2024-03-01 09:00:00,WATER_B01,92.3,0.0,14.32,3.66,183.0,RUNNING,11.46,GOOD
2024-03-01 10:00:00,WATER_M01,92.3,0.0,18.66,3.58,166.0,RUNNING,14.93,GOOD
2024-03-01 10:00:00,WATER_B01,92.3,0.0,16.49,3.55,165.0,RUNNING,13.19,GOOD
2024-03-01 11:00:00,WATER_M01,92.3,0.0,13.56,3.42,170.0,RUNNING,10.85,GOOD
2024-03-01 11:00:00,WATER_B01,92.3,0.0,13.32,3.73,173.0,RUNNING,10.66,GOOD
2024-03-01 12:00:00,WATER_M01,92.3,0.0,10.83,3.49,194.0,RUNNING,8.66,GOOD
2024-03-01 12:00:00,WATER_B01,92.2,0.0,14.62,3.71,176.0,RUNNING,11.7,GOOD
2024-03-01 13:00:00,WATER_M01,92.3,0.0,15.93,3.33,170.0,RUNNING,12.75,GOOD
2024-03-01 13:00:00,WATER_B01,92.2,0.0,15.73,3.07,152.0,RUNNING,12.59,GOOD
2024-03-01 14:00:00,WATER_M01,92.3,0.0,14.7,3.18,138.0,RUNNING,11.76,GOOD
2024-03-01 14:00:00,WATER_B01,92.2,0.0,16.62,3.24,180.0,RUNNING,13.3,GOOD
2024-03-01 15:00:00,WATER_M01,92.2,0.5,17.49,3.37,161.0,RUNNING,13.99,GOOD
2024-03-01 15:00:00,WATER_B01,92.2,0.0,13.99,3.67,178.0,RUNNING,11.19,GOOD
2024-03-01 16:00:00,WATER_M01,92.2,0.0,13.5,3.23,158.0,RUNNING,10.8,GOOD
2024-03-01 16:00:00,WATER_B01,92.2,0.0,13.05,3.75,166.0,RUNNING,10.44,GOOD
2024-03-01 17:00:00,WATER_M01,92.2,0.0,16.18,3.13,152.0,RUNNING,12.94,GOOD
2024-03-01 17:00:00,WATER_B01,92.2,0.0,16.85,3.51,153.0,RUNNING,13.48,GOOD
2024-03-01 18:00:00,WATER_M01,92.2,0.0,14.87,3.22,158.0,RUNNING,11.9,GOOD
2024-03-01 18:00:00,WATER_B01,92.2,0.0,13.02,3.37,180.0,RUNNING,10.42,GOOD
2024-03-01 19:00:00,WATER_M01,92.2,0.0,13.78,3.52,152.0,RUNNING,11.02,GOOD
2024-03-01 19:00:00,WATER_B01,92.1,0.0,16.26,3.23,159.0,RUNNING,13.01,GOOD
2024-03-01 20:00:00,WATER_M01,92.2,0.0,15.51,3.34,155.0,RUNNING,12.41,GOOD
2024-03-01 20:00:00,WATER_B01,92.1,0.0,12.71,3.55,187.0,RUNNING,10.17,GOOD
2024-03-01 21:00:00,WATER_M01,92.2,0.0,11.5,3.38,162.0,RUNNING,9.2,GOOD
2024-03-01 21:00:00,WATER_B01,92.1,0.0,14.35,2.98,163.0,RUNNING,11.48,GOOD
2024-03-01 22:00:00,WATER_M01,92.1,0.0,17.13,3.64,179.0,RUNNING,13.7,GOOD
2024-03-01 22:00:00,WATER_B01,92.1,0.0,15.81,3.42,176.0,RUNNING,12.65,GOOD
2024-03-01 23:00:00,WATER_M01,92.1,0.0,4.26,3.21,179.0,RUNNING,3.41,GOOD
2024-03-01 23:00:00,WATER_B01,92.1,0.0,1.72,3.4,173.0,RUNNING,1.38,GOOD
2024-03-02 00:00:00,WATER_M01,92.1,0.5,4.59,3.54,172.0,RUNNING,3.67,GOOD
2024-03-02 00:00:00,WATER_B01,92.1,0.0,1.07,3.7,172.0,RUNNING,0.85,GOOD
2024-03-02 01:00:00,WATER_M01,92.1,0.0,3.08,3.42,169.0,RUNNING,2.46,GOOD
2024-03-02 01:00:00,WATER_B01,92.1,0.0,1.95,3.28,163.0,RUNNING,1.56,GOOD
2024-03-02 02:00:00,WATER_M01,92.1,0.5,-0.02,3.98,178.0,RUNNING,-0.01,GOOD
2024-03-02 02:00:00,WATER_B01,92.1,0.0,4.62,3.78,176.0,RUNNING,3.7,GOOD
2024-03-02 03:00:00,WATER_M01,92.1,0.0,1.43,3.42,141.0,RUNNING,1.14,GOOD
2024-03-02 03:00:00,WATER_B01,92.1,0.0,3.17,3.7,165.0,RUNNING,2.54,GOOD
2024-03-02 04:00:00,WATER_M01,92.1,0.0,4.62,3.73,167.0,RUNNING,3.69,GOOD
2024-03-02 04:00:00,WATER_B01,92.1,0.0,1.84,3.64,166.0,RUNNING,1.47,GOOD
2024-03-02 05:00:00,WATER_M01,92.1,0.0,3.72,3.6,169.0,RUNNING,2.98,GOOD
2024-03-02 05:00:00,WATER_B01,92.1,0.0,3.7,3.74,161.0,RUNNING,2.96,GOOD
2024-03-02 06:00:00,WATER_M01,92.1,0.0,18.04,3.37,161.0,RUNNING,14.43,GOOD
2024-03-02 06:00:00,WATER_B01,92.1,0.5,14.42,3.59,177.0,RUNNING,11.53,GOOD
2024-03-02 07:00:00,WATER_M01,92.1,0.0,14.23,3.5,165.0,RUNNING,11.38,GOOD
2024-03-02 07:00:00,WATER_B01,92.1,0.0,16.09,3.59,181.0,RUNNING,12.87,GOOD
2024-03-02 08:00:00,WATER_M01,92.1,0.0,16.74,3.31,184.0,RUNNING,13.39,GOOD
2024-03-02 08:00:00,WATER_B01,92.0,0.0,15.52,3.32,166.0,RUNNING,12.42,GOOD
2024-03-02 09:00:00,WATER_M01,92.1,0.0,17.53,3.48,151.0,RUNNING,14.02,GOOD
2024-03-02 09:00:00,WATER_B01,92.0,0.0,15.93,3.37,171.0,RUNNING,12.74,GOOD
2024-03-02 10:00:00,WATER_M01,92.0,0.0,14.99,3.66,172.0,RUNNING,11.99,GOOD
2024-03-02 10:00:00,WATER_B01,92.0,0.0,17.43,3.56,169.0,RUNNING,13.94,GOOD
2024-03-02 11:00:00,WATER_M01,92.0,0.0,13.52,3.35,178.0,RUNNING,10.82,GOOD
2024-03-02 11:00:00,WATER_B01,92.0,0.0,14.4,3.43,162.0,RUNNING,11.52,GOOD
2024-03-02 12:00:00,WATER_M01,92.0,0.0,13.76,3.45,155.0,RUNNING,11.01,GOOD
2024-03-02 12:00:00,WATER_B01,92.0,0.0,13.04,3.78,168.0,RUNNING,10.43,GOOD
2024-03-02 13:00:00,WATER_M01,92.0,0.0,13.99,3.65,168.0,RUNNING,11.19,GOOD
2024-03-02 13:00:00,WATER_B01,92.0,0.0,18.47,3.62,169.0,RUNNING,14.77,GOOD
2024-03-02 14:00:00,WATER_M01,92.0,0.0,12.79,3.62,159.0,RUNNING,10.23,GOOD
2024-03-02 14:00:00,WATER_B01,91.9,0.0,17.41,3.38,153.0,RUNNING,13.93,GOOD
2024-03-02 15:00:00,WATER_M01,92.0,0.0,14.46,3.22,148.0,RUNNING,11.57,GOOD
2024-03-02 15:00:00,WATER_B01,91.9,0.0,18.29,3.73,170.0,RUNNING,14.63,GOOD
2024-03-02 16:00:00,WATER_M01,92.0,0.0,15.42,3.59,161.0,RUNNING,12.34,GOOD
2024-03-02 16:00:00,WATER_B01,91.9,0.0,16.25,3.68,165.0,RUNNING,13.0,GOOD
2024-03-02 17:00:00,WATER_M01,91.9,0.5,16.04,3.53,168.0,RUNNING,12.83,GOOD
2024-03-02 17:00:00,WATER_B01,91.9,0.0,14.76,3.72,155.0,RUNNING,11.81,GOOD
2024-03-02 18:00:00,WATER_M01,91.9,0.0,17.43,3.34,178.0,RUNNING,13.95,GOOD
2024-03-02 18:00:00,WATER_B01,91.9,0.0,16.5,3.4,143.0,RUNNING,13.2,GOOD
2024-03-02 19:00:00,WATER_M01,91.9,0.0,18.18,3.75,176.0,RUNNING,14.54,GOOD
2024-03-02 19:00:00,WATER_B01,91.9,0.0,14.59,3.58,165.0,RUNNING,11.67,GOOD
2024-03-02 20:00:00,WATER_M01,91.9,0.0,16.38,3.29,144.0,RUNNING,13.1,GOOD
2024-03-02 20:00:00,WATER_B01,91.8,0.0,15.67,3.87,184.0,RUNNING,12.54,GOOD
2024-03-02 21:00:00,WATER_M01,91.9,0.0,16.0,3.65,167.0,RUNNING,12.8,GOOD
2024-03-02 21:00:00,WATER_B01,91.8,0.0,15.69,3.41,155.0,RUNNING,12.55,GOOD
2024-03-02 22:00:00,WATER_M01,91.9,0.0,15.7,3.37,168.0,RUNNING,12.56,GOOD
2024-03-02 22:00:00,WATER_B01,91.8,0.0,14.3,3.3,161.0,RUNNING,11.44,GOOD
2024-03-02 23:00:00,WATER_M01,91.9,0.0,1.56,3.48,182.0,RUNNING,1.25,GOOD
2024-03-02 23:00:00,WATER_B01,91.8,0.0,1.69,3.39,170.0,RUNNING,1.35,GOOD
2024-03-03 00:00:00,WATER_M01,91.9,0.0,1.61,3.53,156.0,RUNNING,1.29,GOOD
2024-03-03 00:00:00,WATER_B01,91.8,0.0,2.2,3.61,157.0,RUNNING,1.76,GOOD
2024-03-03 01:00:00,WATER_M01,91.9,0.5,1.09,3.73,172.0,RUNNING,0.88,GOOD
2024-03-03 01:00:00,WATER_B01,91.8,0.0,2.61,3.59,165.0,RUNNING,2.09,GOOD
2024-03-03 02:00:00,WATER_M01,91.9,0.5,2.92,3.62,168.0,RUNNING,2.34,GOOD
2024-03-03 02:00:00,WATER_B01,91.8,0.0,3.27,3.48,159.0,RUNNING,2.62,GOOD
2024-03-03 03:00:00,WATER_M01,91.9,0.0,0.9,3.61,159.0,RUNNING,0.72,GOOD
2024-03-03 03:00:00,WATER_B01,91.8,0.0,3.72,3.22,177.0,RUNNING,2.98,GOOD
2024-03-03 04:00:00,WATER_M01,91.9,0.0,3.1,3.22,165.0,RUNNING,2.48,GOOD
2024-03-03 04:00:00,WATER_B01,91.8,0.0,2.77,3.53,177.0,RUNNING,2.21,GOOD
2024-03-03 05:00:00,WATER_M01,91.8,0.0,2.78,3.28,162.0,RUNNING,2.22,GOOD
2024-03-03 05:00:00,WATER_B01,91.8,0.5,3.07,3.35,160.0,RUNNING,2.45,GOOD
2024-03-03 06:00:00,WATER_M01,91.8,0.0,15.85,3.48,187.0,RUNNING,12.68,GOOD
2024-03-03 06:00:00,WATER_B01,91.8,0.0,15.37,3.32,158.0,RUNNING,12.3,GOOD
2024-03-03 07:00:00,WATER_M01,91.8,0.0,22.13,3.29,170.0,RUNNING,17.7,GOOD
2024-03-03 07:00:00,WATER_B01,91.8,0.0,16.86,3.68,170.0,RUNNING,13.49,GOOD
2024-03-03 08:00:00,WATER_M01,91.8,0.0,18.02,3.71,158.0,RUNNING,14.42,GOOD
2024-03-03 08:00:00,WATER_B01,91.7,0.0,16.74,3.86,171.0,RUNNING,13.4,GOOD
2024-03-03 09:00:00,WATER_M01,91.8,0.0,16.76,3.67,160.0,RUNNING,13.4,GOOD
2024-03-03 09:00:00,WATER_B01,91.7,0.0,13.75,3.62,154.0,RUNNING,11.0,GOOD
2024-03-03 10:00:00,WATER_M01,91.8,0.0,11.84,3.48,161.0,RUNNING,9.47,GOOD
2024-03-03 10:00:00,WATER_B01,91.7,0.0,16.46,3.03,163.0,RUNNING,13.17,GOOD
2024-03-03 11:00:00,WATER_M01,91.8,0.0,12.13,3.61,168.0,RUNNING,9.7,GOOD
2024-03-03 11:00:00,WATER_B01,91.7,0.0,18.64,3.55,168.0,RUNNING,14.91,GOOD
2024-03-03 12:00:00,WATER_M01,91.7,0.0,16.11,3.52,153.0,RUNNING,12.89,GOOD
2024-03-03 12:00:00,WATER_B01,91.7,0.0,15.78,3.55,156.0,RUNNING,12.62,GOOD
2024-03-03 13:00:00,WATER_M01,91.7,0.0,13.5,3.42,154.0,RUNNING,10.8,GOOD
2024-03-03 13:00:00,WATER_B01,91.7,0.0,17.88,3.34,159.0,RUNNING,14.3,GOOD
2024-03-03 14:00:00,WATER_M01,91.7,0.0,13.91,3.26,154.0,RUNNING,11.12,GOOD
2024-03-03 14:00:00,WATER_B01,91.6,0.0,15.95,3.5,181.0,RUNNING,12.76,GOOD
2024-03-03 15:00:00,WATER_M01,91.7,0.0,14.22,3.34,176.0,RUNNING,11.37,GOOD
2024-03-03 15:00:00,WATER_B01,91.6,0.0,16.19,3.53,169.0,RUNNING,12.95,GOOD
2024-03-03 16:00:00,WATER_M01,91.7,0.0,16.59,3.32,169.0,RUNNING,13.27,GOOD
2024-03-03 16:00:00,WATER_B01,91.6,0.0,16.26,3.46,168.0,RUNNING,13.01,GOOD
2024-03-03 17:00:00,WATER_M01,91.7,0.0,13.17,3.52,168.0,RUNNING,10.53,GOOD
2024-03-03 17:00:00,WATER_B01,91.6,0.5,16.22,3.33,182.0,RUNNING,12.98,GOOD
2024-03-03 18:00:00,WATER_M01,91.7,0.5,13.54,3.39,162.0,RUNNING,10.83,GOOD
2024-03-03 18:00:00,WATER_B01,91.6,0.0,14.51,3.2,156.0,RUNNING,11.61,GOOD
2024-03-03 19:00:00,WATER_M01,91.6,0.0,19.88,3.42,174.0,RUNNING,15.91,GOOD
2024-03-03 19:00:00,WATER_B01,91.6,0.0,13.87,3.59,135.0,RUNNING,11.1,GOOD
2024-03-03 20:00:00,WATER_M01,91.6,0.0,18.7,3.96,166.0,RUNNING,14.96,GOOD
2024-03-03 20:00:00,WATER_B01,91.6,0.0,14.32,3.28,156.0,RUNNING,11.46,GOOD
2024-03-03 21:00:00,WATER_M01,91.6,0.0,15.29,3.65,159.0,RUNNING,12.24,GOOD
2024-03-03 21:00:00,WATER_B01,91.5,0.0,13.37,3.44,153.0,RUNNING,10.7,GOOD
2024-03-03 22:00:00,WATER_M01,91.6,0.0,12.48,3.19,175.0,RUNNING,9.98,GOOD
2024-03-03 22:00:00,WATER_B01,91.5,0.0,16.61,3.59,160.0,RUNNING,13.29,GOOD
2024-03-03 23:00:00,WATER_M01,91.6,0.0,4.21,3.95,181.0,RUNNING,3.37,GOOD
2024-03-03 23:00:00,WATER_B01,91.5,0.0,2.49,3.75,181.0,RUNNING,1.99,GOOD
2024-03-04 00:00:00,WATER_M01,91.6,0.0,3.37,3.45,176.0,RUNNING,2.7,GOOD
2024-03-04 00:00:00,WATER_B01,91.5,0.0,3.43,3.89,158.0,RUNNING,2.75,GOOD
2024-03-04 01:00:00,WATER_M01,91.6,0.0,3.81,3.47,175.0,RUNNING,3.05,GOOD
2024-03-04 01:00:00,WATER_B01,91.5,0.0,2.54,3.18,170.0,RUNNING,2.03,GOOD
2024-03-04 02:00:00,WATER_M01,91.6,0.0,2.52,3.7,171.0,RUNNING,2.01,GOOD
2024-03-04 02:00:00,WATER_B01,91.5,0.0,3.77,3.69,165.0,RUNNING,3.02,GOOD
2024-03-04 03:00:00,WATER_M01,91.6,0.0,3.78,3.41,160.0,RUNNING,3.02,GOOD
2024-03-04 03:00:00,WATER_B01,91.5,0.0,3.36,3.78,157.0,RUNNING,2.69,GOOD
2024-03-04 04:00:00,WATER_M01,91.6,0.0,3.36,3.45,170.0,RUNNING,2.69,GOOD
2024-03-04 04:00:00,WATER_B01,91.5,0.0,1.58,3.38,190.0,RUNNING,1.26,GOOD
2024-03-04 05:00:00,WATER_M01,91.6,0.0,3.39,3.63,142.0,RUNNING,2.71,GOOD
2024-03-04 05:00:00,WATER_B01,91.5,0.0,2.67,3.62,166.0,RUNNING,2.13,GOOD
2024-03-04 06:00:00,WATER_M01,91.5,0.0,16.83,3.82,179.0,RUNNING,13.47,GOOD
2024-03-04 06:00:00,WATER_B01,91.5,0.0,18.77,3.69,167.0,RUNNING,15.02,GOOD
2024-03-04 07:00:00,WATER_M01,91.5,0.0,15.43,3.46,155.0,RUNNING,12.35,GOOD
2024-03-04 07:00:00,WATER_B01,91.5,0.0,16.03,3.55,184.0,RUNNING,12.82,GOOD
2024-03-04 08:00:00,WATER_M01,91.5,0.0,14.6,3.27,157.0,RUNNING,11.68,GOOD
2024-03-04 08:00:00,WATER_B01,91.5,0.0,17.33,3.23,186.0,RUNNING,13.87,GOOD
2024-03-04 09:00:00,WATER_M01,91.5,0.0,17.46,3.71,169.0,RUNNING,13.97,GOOD
2024-03-04 09:00:00,WATER_B01,91.4,0.0,11.26,3.3,157.0,RUNNING,9.01,GOOD
2024-03-04 10:00:00,WATER_M01,91.5,0.0,13.46,3.65,160.0,RUNNING,10.77,GOOD
2024-03-04 10:00:00,WATER_B01,91.4,0.0,15.08,3.75,175.0,RUNNING,12.07,GOOD
2024-03-04 11:00:00,WATER_M01,91.5,0.0,18.1,3.27,159.0,RUNNING,14.48,GOOD
2024-03-04 11:00:00,WATER_B01,91.4,0.0,16.08,3.45,173.0,RUNNING,12.87,GOOD
2024-03-04 12:00:00,WATER_M01,91.4,0.0,15.68,3.35,154.0,RUNNING,12.55,GOOD
2024-03-04 12:00:00,WATER_B01,91.4,0.0,11.32,3.55,151.0,RUNNING,9.05,GOOD
2024-03-04 13:00:00,WATER_M01,91.4,0.0,16.8,3.18,162.0,RUNNING,13.44,GOOD
2024-03-04 13:00:00,WATER_B01,91.4,0.5,15.13,3.51,170.0,RUNNING,12.11,GOOD
2024-03-04 14:00:00,WATER_M01,91.4,0.5,16.01,3.78,171.0,RUNNING,12.81,GOOD
2024-03-04 14:00:00,WATER_B01,91.4,0.0,18.91,3.13,192.0,RUNNING,15.13,GOOD
2024-03-04 15:00:00,WATER_M01,91.4,0.0,18.32,3.3,156.0,RUNNING,14.65,GOOD
2024-03-04 15:00:00,WATER_B01,91.4,0.0,16.93,3.59,179.0,RUNNING,13.54,GOOD
2024-03-04 16:00:00,WATER_M01,91.4,0.5,16.18,3.33,145.0,RUNNING,12.94,GOOD
2024-03-04 16:00:00,WATER_B01,91.3,0.0,14.54,3.6,166.0,RUNNING,11.63,GOOD
2024-03-04 17:00:00,WATER_M01,91.4,0.0,15.11,3.44,185.0,RUNNING,12.08,GOOD
2024-03-04 17:00:00,WATER_B01,91.3,0.0,14.35,3.28,173.0,RUNNING,11.48,GOOD
2024-03-04 18:00:00,WATER_M01,91.3,0.0,18.73,3.63,169.0,RUNNING,14.98,GOOD
2024-03-04 18:00:00,WATER_B01,91.3,0.0,15.58,3.85,150.0,RUNNING,12.47,GOOD
2024-03-04 19:00:00,WATER_M01,91.3,0.0,12.54,3.25,170.0,RUNNING,10.03,GOOD
2024-03-04 19:00:00,WATER_B01,91.3,0.0,15.76,3.59,161.0,RUNNING,12.6,GOOD
2024-03-04 20:00:00,WATER_M01,91.3,0.0,14.75,3.2,162.0,RUNNING,11.8,GOOD
2024-03-04 20:00:00,WATER_B01,91.3,0.0,18.53,3.45,175.0,RUNNING,14.82,GOOD
2024-03-04 21:00:00,WATER_M01,91.3,0.0,15.96,3.56,181.0,RUNNING,12.77,GOOD
2024-03-04 21:00:00,WATER_B01,91.3,0.0,16.13,3.73,164.0,RUNNING,12.9,GOOD
2024-03-04 22:00:00,WATER_M01,91.3,0.0,11.53,3.71,160.0,RUNNING,9.22,GOOD
2024-03-04 22:00:00,WATER_B01,91.2,0.5,17.46,3.45,152.0,RUNNING,13.97,GOOD
2024-03-04 23:00:00,WATER_M01,91.3,0.5,1.82,3.99,173.0,RUNNING,1.46,GOOD
2024-03-04 23:00:00,WATER_B01,91.2,0.0,3.12,3.29,188.0,RUNNING,2.5,GOOD
2024-03-05 00:00:00,WATER_M01,91.3,0.0,3.65,3.37,163.0,RUNNING,2.92,GOOD
2024-03-05 00:00:00,WATER_B01,91.2,0.0,4.58,3.71,170.0,RUNNING,3.67,GOOD
2024-03-05 01:00:00,WATER_M01,91.3,0.0,3.16,3.31,157.0,RUNNING,2.53,GOOD
2024-03-05 01:00:00,WATER_B01,91.2,0.0,5.66,3.58,163.0,RUNNING,4.53,GOOD
2024-03-05 02:00:00,WATER_M01,91.3,0.0,1.87,3.5,173.0,RUNNING,1.49,GOOD
2024-03-05 02:00:00,WATER_B01,91.2,0.0,2.21,3.58,154.0,RUNNING,1.77,GOOD
2024-03-05 03:00:00,WATER_M01,91.3,0.0,2.27,3.29,174.0,RUNNING,1.81,GOOD
2024-03-05 03:00:00,WATER_B01,91.2,0.0,2.75,3.38,164.0,RUNNING,2.2,GOOD
2024-03-05 04:00:00,WATER_M01,91.3,0.0,2.8,3.2,156.0,RUNNING,2.24,GOOD
2024-03-05 04:00:00,WATER_B01,91.2,0.0,2.02,3.52,175.0,RUNNING,1.61,GOOD
2024-03-05 05:00:00,WATER_M01,91.3,0.0,2.63,3.38,154.0,RUNNING,2.1,GOOD
2024-03-05 05:00:00,WATER_B01,91.2,0.0,2.38,3.63,169.0,RUNNING,1.9,GOOD
2024-03-05 06:00:00,WATER_M01,91.3,0.0,15.11,3.39,179.0,RUNNING,12.09,GOOD
2024-03-05 06:00:00,WATER_B01,91.2,0.0,14.79,3.54,177.0,RUNNING,11.83,GOOD
2024-03-05 07:00:00,WATER_M01,91.2,0.0,14.74,3.6,166.0,RUNNING,11.79,GOOD
2024-03-05 07:00:00,WATER_B01,91.2,0.0,12.59,3.02,167.0,RUNNING,10.07,GOOD
2024-03-05 08:00:00,WATER_M01,91.2,0.5,14.59,3.31,160.0,RUNNING,11.67,GOOD
2024-03-05 08:00:00,WATER_B01,91.2,0.5,14.11,3.24,180.0,RUNNING,11.29,GOOD
2024-03-05 09:00:00,WATER_M01,91.2,0.0,13.33,3.65,176.0,RUNNING,10.67,GOOD
2024-03-05 09:00:00,WATER_B01,91.2,0.0,15.93,3.65,165.0,RUNNING,12.74,GOOD
2024-03-05 10:00:00,WATER_M01,91.2,0.0,15.21,3.96,171.0,RUNNING,12.17,GOOD
2024-03-05 10:00:00,WATER_B01,91.1,0.0,14.34,3.31,172.0,RUNNING,11.47,GOOD
2024-03-05 11:00:00,WATER_M01,91.2,0.0,17.91,3.94,163.0,RUNNING,14.33,GOOD
2024-03-05 11:00:00,WATER_B01,91.1,0.0,14.68,3.31,155.0,RUNNING,11.74,GOOD
2024-03-05 12:00:00,WATER_M01,95.0,50.0,14.85,3.61,156.0,RUNNING,11.88,GOOD
2024-03-05 12:00:00,WATER_B01,95.0,50.0,14.32,3.13,156.0,RUNNING,11.45,GOOD
2024-03-05 13:00:00,WATER_M01,95.0,0.0,14.06,3.83,179.0,RUNNING,11.25,GOOD
2024-03-05 13:00:00,WATER_B01,95.0,0.0,14.29,3.52,147.0,RUNNING,11.43,GOOD
2024-03-05 14:00:00,WATER_M01,95.0,0.0,15.57,2.92,152.0,RUNNING,12.45,GOOD
2024-03-05 14:00:00,WATER_B01,95.0,0.0,14.34,3.25,159.0,RUNNING,11.47,GOOD
2024-03-05 15:00:00,WATER_M01,95.0,0.5,14.25,2.85,161.0,RUNNING,11.4,GOOD
2024-03-05 15:00:00,WATER_B01,95.0,0.0,11.52,3.32,153.0,RUNNING,9.22,GOOD
2024-03-05 16:00:00,WATER_M01,94.9,0.0,14.77,3.37,168.0,RUNNING,11.82,GOOD
2024-03-05 16:00:00,WATER_B01,94.9,0.0,12.2,3.62,162.0,RUNNING,9.76,GOOD
2024-03-05 17:00:00,WATER_M01,94.9,0.0,15.25,3.63,159.0,RUNNING,12.2,GOOD
2024-03-05 17:00:00,WATER_B01,94.9,0.0,16.34,3.51,173.0,RUNNING,13.07,GOOD
2024-03-05 18:00:00,WATER_M01,94.9,0.0,13.54,3.6,154.0,RUNNING,10.83,GOOD
2024-03-05 18:00:00,WATER_B01,94.9,0.0,12.35,3.55,141.0,RUNNING,9.88,GOOD
2024-03-05 19:00:00,WATER_M01,94.9,0.0,16.19,3.45,162.0,RUNNING,12.95,GOOD
2024-03-05 19:00:00,WATER_B01,94.9,0.0,12.58,3.25,164.0,RUNNING,10.06,GOOD
2024-03-05 20:00:00,WATER_M01,94.9,0.0,12.44,3.48,157.0,RUNNING,9.96,GOOD
2024-03-05 20:00:00,WATER_B01,94.9,0.5,14.17,3.54,173.0,RUNNING,11.34,GOOD
2024-03-05 21:00:00,WATER_M01,94.9,0.0,12.91,3.57,156.0,RUNNING,10.32,GOOD
2024-03-05 21:00:00,WATER_B01,94.9,0.0,15.96,3.44,176.0,RUNNING,12.77,GOOD
2024-03-05 22:00:00,WATER_M01,94.9,0.5,17.73,3.47,147.0,RUNNING,14.18,GOOD
2024-03-05 22:00:00,WATER_B01,94.9,0.0,13.41,3.7,164.0,RUNNING,10.73,GOOD
2024-03-05 23:00:00,WATER_M01,94.9,0.5,2.29,3.61,170.0,RUNNING,1.83,GOOD
2024-03-05 23:00:00,WATER_B01,94.9,0.0,3.03,3.48,147.0,RUNNING,2.42,GOOD
2024-03-06 00:00:00,WATER_M01,94.8,0.0,3.67,3.4,161.0,RUNNING,2.93,GOOD
2024-03-06 00:00:00,WATER_B01,94.9,0.5,3.09,3.53,169.0,RUNNING,2.47,GOOD
2024-03-06 01:00:00,WATER_M01,94.8,0.0,2.21,3.56,175.0,RUNNING,1.77,GOOD
2024-03-06 01:00:00,WATER_B01,94.9,0.0,3.68,3.65,155.0,RUNNING,2.95,GOOD
2024-03-06 02:00:00,WATER_M01,94.8,0.0,1.96,3.63,162.0,RUNNING,1.56,GOOD
2024-03-06 02:00:00,WATER_B01,94.9,0.0,2.72,3.27,170.0,RUNNING,2.18,GOOD
2024-03-06 03:00:00,WATER_M01,94.8,0.0,2.32,3.52,161.0,RUNNING,1.85,GOOD
2024-03-06 03:00:00,WATER_B01,94.8,0.0,3.19,3.58,156.0,RUNNING,2.55,GOOD
2024-03-06 04:00:00,WATER_M01,94.8,0.0,3.75,3.34,160.0,RUNNING,3.0,GOOD
2024-03-06 04:00:00,WATER_B01,94.8,0.0,3.91,3.62,160.0,RUNNING,3.13,GOOD
2024-03-06 05:00:00,WATER_M01,94.8,0.0,2.74,3.67,153.0,RUNNING,2.19,GOOD
2024-03-06 05:00:00,WATER_B01,94.8,0.5,3.29,3.54,173.0,RUNNING,2.63,GOOD
2024-03-06 06:00:00,WATER_M01,94.8,0.0,16.31,3.58,148.0,RUNNING,13.05,GOOD
2024-03-06 06:00:00,WATER_B01,94.8,0.0,15.02,3.39,164.0,RUNNING,12.01,GOOD
2024-03-06 07:00:00,WATER_M01,94.8,0.0,11.15,3.35,157.0,RUNNING,8.92,GOOD
2024-03-06 07:00:00,WATER_B01,94.8,0.0,18.68,3.36,172.0,RUNNING,14.94,GOOD
2024-03-06 08:00:00,WATER_M01,94.8,0.0,17.35,3.53,151.0,RUNNING,13.88,GOOD
2024-03-06 08:00:00,WATER_B01,94.8,0.0,10.73,3.34,148.0,RUNNING,8.58,GOOD
2024-03-06 09:00:00,WATER_M01,94.8,0.0,16.97,3.6,147.0,RUNNING,13.57,GOOD
2024-03-06 09:00:00,WATER_B01,94.8,0.0,16.72,3.93,161.0,RUNNING,13.38,GOOD
2024-03-06 10:00:00,WATER_M01,94.8,0.0,12.8,3.18,160.0,RUNNING,10.24,GOOD
2024-03-06 10:00:00,WATER_B01,94.8,0.0,16.05,3.53,141.0,RUNNING,12.84,GOOD
2024-03-06 11:00:00,WATER_M01,94.7,0.0,14.19,3.47,163.0,RUNNING,11.35,GOOD
2024-03-06 11:00:00,WATER_B01,94.7,0.5,15.0,3.41,189.0,RUNNING,12.0,GOOD
2024-03-06 12:00:00,WATER_M01,94.7,0.0,14.93,3.79,153.0,RUNNING,11.95,GOOD
2024-03-06 12:00:00,WATER_B01,94.7,0.0,14.45,3.61,163.0,RUNNING,11.56,GOOD
2024-03-06 13:00:00,WATER_M01,94.7,0.0,17.28,3.24,170.0,RUNNING,13.82,GOOD
2024-03-06 13:00:00,WATER_B01,94.7,0.0,14.74,3.5,158.0,RUNNING,11.79,GOOD
2024-03-06 14:00:00,WATER_M01,94.7,0.0,13.7,3.51,136.0,RUNNING,10.96,GOOD
2024-03-06 14:00:00,WATER_B01,94.7,0.0,15.37,3.65,174.0,RUNNING,12.3,GOOD
2024-03-06 15:00:00,WATER_M01,94.7,0.0,18.16,3.39,165.0,RUNNING,14.53,GOOD
2024-03-06 15:00:00,WATER_B01,94.7,0.0,10.13,3.39,151.0,RUNNING,8.11,GOOD
2024-03-06 16:00:00,WATER_M01,94.7,0.0,15.81,3.91,156.0,RUNNING,12.65,GOOD
2024-03-06 16:00:00,WATER_B01,94.7,0.0,15.44,3.3,151.0,RUNNING,12.35,GOOD
2024-03-06 17:00:00,WATER_M01,94.7,0.0,16.33,3.31,147.0,RUNNING,13.07,GOOD
2024-03-06 17:00:00,WATER_B01,94.7,0.0,12.93,3.44,150.0,RUNNING,10.34,GOOD
2024-03-06 18:00:00,WATER_M01,94.6,0.5,16.04,3.48,168.0,RUNNING,12.83,GOOD
2024-03-06 18:00:00,WATER_B01,94.6,0.0,19.04,3.27,152.0,RUNNING,15.23,GOOD
2024-03-06 19:00:00,WATER_M01,94.6,0.0,16.35,3.57,149.0,RUNNING,13.08,GOOD
2024-03-06 19:00:00,WATER_B01,94.6,0.0,13.27,3.63,169.0,RUNNING,10.61,GOOD
2024-03-06 20:00:00,WATER_M01,94.6,0.0,16.67,3.56,161.0,RUNNING,13.34,GOOD
2024-03-06 20:00:00,WATER_B01,94.6,0.0,15.42,3.69,162.0,RUNNING,12.34,GOOD
2024-03-06 21:00:00,WATER_M01,94.6,0.0,15.3,3.53,167.0,RUNNING,12.24,GOOD
2024-03-06 21:00:00,WATER_B01,94.6,0.0,11.73,3.79,170.0,RUNNING,9.39,GOOD
2024-03-06 22:00:00,WATER_M01,94.6,0.0,18.55,3.33,133.0,RUNNING,14.84,GOOD
2024-03-06 22:00:00,WATER_B01,94.6,0.0,13.92,3.71,167.0,RUNNING,11.13,GOOD
2024-03-06 23:00:00,WATER_M01,94.6,0.0,3.24,3.59,165.0,RUNNING,2.59,GOOD
2024-03-06 23:00:00,WATER_B01,94.6,0.0,2.71,3.73,155.0,RUNNING,2.17,GOOD
2024-03-07 00:00:00,WATER_M01,94.6,0.5,2.08,3.56,164.0,RUNNING,1.67,GOOD
2024-03-07 00:00:00,WATER_B01,94.6,0.0,2.56,3.57,166.0,RUNNING,2.05,GOOD
2024-03-07 01:00:00,WATER_M01,94.6,0.0,3.68,3.57,166.0,RUNNING,2.94,GOOD
2024-03-07 01:00:00,WATER_B01,94.6,0.0,3.12,3.4,160.0,RUNNING,2.5,GOOD
2024-03-07 02:00:00,WATER_M01,94.6,0.0,4.7,3.51,175.0,RUNNING,3.76,GOOD
2024-03-07 02:00:00,WATER_B01,94.6,0.0,3.53,3.18,175.0,RUNNING,2.82,GOOD
2024-03-07 03:00:00,WATER_M01,94.6,0.0,2.93,3.79,175.0,RUNNING,2.34,GOOD
2024-03-07 03:00:00,WATER_B01,94.6,0.5,3.71,3.37,162.0,RUNNING,2.97,GOOD
2024-03-07 04:00:00,WATER_M01,94.5,0.0,3.03,3.63,161.0,RUNNING,2.42,GOOD
2024-03-07 04:00:00,WATER_B01,94.6,0.0,2.81,3.31,159.0,RUNNING,2.25,GOOD
2024-03-07 05:00:00,WATER_M01,94.5,0.0,3.13,3.42,160.0,RUNNING,2.51,GOOD
2024-03-07 05:00:00,WATER_B01,94.6,0.0,3.68,3.61,158.0,RUNNING,2.94,GOOD
2024-03-07 06:00:00,WATER_M01,94.5,0.0,12.47,3.23,169.0,RUNNING,9.98,GOOD
2024-03-07 06:00:00,WATER_B01,94.6,0.5,11.17,3.61,170.0,RUNNING,8.94,GOOD
2024-03-07 07:00:00,WATER_M01,94.5,0.0,15.3,3.6,146.0,RUNNING,12.24,GOOD
2024-03-07 07:00:00,WATER_B01,94.5,0.0,15.61,3.67,174.0,RUNNING,12.49,GOOD
2024-03-07 08:00:00,WATER_M01,94.5,0.0,14.54,3.55,173.0,RUNNING,11.63,GOOD
2024-03-07 08:00:00,WATER_B01,94.5,0.0,13.31,3.54,169.0,RUNNING,10.65,GOOD
2024-03-07 09:00:00,WATER_M01,94.5,0.0,16.43,3.49,147.0,RUNNING,13.15,GOOD
2024-03-07 09:00:00,WATER_B01,94.5,0.0,15.92,3.83,142.0,RUNNING,12.74,GOOD
2024-03-07 10:00:00,WATER_M01,94.5,0.0,16.73,3.31,141.0,RUNNING,13.38,GOOD
2024-03-07 10:00:00,WATER_B01,94.5,0.5,15.08,3.58,171.0,RUNNING,12.07,GOOD
2024-03-07 11:00:00,WATER_M01,94.5,0.0,16.33,3.54,170.0,RUNNING,13.07,GOOD
2024-03-07 11:00:00,WATER_B01,94.5,0.0,13.06,3.66,157.0,RUNNING,10.45,GOOD
2024-03-07 12:00:00,WATER_M01,94.4,0.0,17.4,3.46,164.0,RUNNING,13.92,GOOD
2024-03-07 12:00:00,WATER_B01,94.5,0.0,15.83,3.39,162.0,RUNNING,12.66,GOOD
2024-03-07 13:00:00,WATER_M01,94.4,0.0,13.14,3.5,153.0,RUNNING,10.51,GOOD
2024-03-07 13:00:00,WATER_B01,94.5,0.5,14.73,3.93,159.0,RUNNING,11.79,GOOD
2024-03-07 14:00:00,WATER_M01,94.4,0.0,13.58,3.25,156.0,RUNNING,10.86,GOOD
2024-03-07 14:00:00,WATER_B01,94.4,0.0,17.92,3.71,158.0,RUNNING,14.34,GOOD
2024-03-07 15:00:00,WATER_M01,94.4,0.0,13.44,3.18,163.0,RUNNING,10.76,GOOD
2024-03-07 15:00:00,WATER_B01,94.4,0.0,12.81,3.51,159.0,RUNNING,10.25,GOOD
2024-03-07 16:00:00,WATER_M01,94.4,0.0,21.39,3.71,151.0,RUNNING,17.11,GOOD
2024-03-07 16:00:00,WATER_B01,94.4,0.0,11.81,3.6,147.0,RUNNING,9.45,GOOD
2024-03-07 17:00:00,WATER_M01,94.4,0.0,12.64,3.78,147.0,RUNNING,10.11,GOOD
2024-03-07 17:00:00,WATER_B01,94.4,0.0,11.76,3.62,162.0,RUNNING,9.41,GOOD
2024-03-07 18:00:00,WATER_M01,94.4,0.0,12.08,3.66,151.0,RUNNING,9.66,GOOD
2024-03-07 18:00:00,WATER_B01,94.4,0.0,18.66,3.35,162.0,RUNNING,14.93,GOOD
2024-03-07 19:00:00,WATER_M01,94.3,0.0,14.76,3.52,162.0,RUNNING,11.81,GOOD
2024-03-07 19:00:00,WATER_B01,94.4,0.0,15.85,3.62,174.0,RUNNING,12.68,GOOD
2024-03-07 20:00:00,WATER_M01,94.3,0.0,13.21,3.37,171.0,RUNNING,10.57,GOOD
2024-03-07 20:00:00,WATER_B01,94.4,0.0,14.19,3.3,139.0,RUNNING,11.35,GOOD
2024-03-07 21:00:00,WATER_M01,94.3,0.0,16.73,3.29,168.0,RUNNING,13.38,GOOD
2024-03-07 21:00:00,WATER_B01,94.3,0.0,14.18,3.58,151.0,RUNNING,11.35,GOOD
2024-03-07 22:00:00,WATER_M01,94.3,0.0,14.26,3.69,167.0,RUNNING,11.41,GOOD
2024-03-07 22:00:00,WATER_B01,94.3,0.0,16.61,3.59,158.0,RUNNING,13.29,GOOD
2024-03-07 23:00:00,WATER_M01,94.3,0.0,2.35,3.45,171.0,RUNNING,1.88,GOOD
2024-03-07 23:00:00,WATER_B01,94.3,0.0,2.36,3.31,172.0,RUNNING,1.89,GOOD
2024-03-08 00:00:00,WATER_M01,94.3,0.0,3.02,3.6,167.0,RUNNING,2.42,GOOD
2024-03-08 00:00:00,WATER_B01,94.3,0.5,2.05,3.6,152.0,RUNNING,1.64,GOOD
2024-03-08 01:00:00,WATER_M01,94.3,0.0,3.66,3.23,141.0,RUNNING,2.93,GOOD
2024-03-08 01:00:00,WATER_B01,94.3,0.0,2.29,3.79,157.0,RUNNING,1.83,GOOD
2024-03-08 02:00:00,WATER_M01,94.3,0.0,3.32,3.25,158.0,RUNNING,2.65,GOOD
2024-03-08 02:00:00,WATER_B01,94.3,0.0,2.42,3.79,163.0,RUNNING,1.94,GOOD
2024-03-08 03:00:00,WATER_M01,94.3,0.0,2.9,3.64,170.0,RUNNING,2.32,GOOD
2024-03-08 03:00:00,WATER_B01,94.3,0.0,2.03,3.83,153.0,RUNNING,1.62,GOOD
2024-03-08 04:00:00,WATER_M01,94.3,0.0,2.07,3.42,155.0,RUNNING,1.65,GOOD
2024-03-08 04:00:00,WATER_B01,94.3,0.5,1.49,3.46,166.0,RUNNING,1.19,GOOD
2024-03-08 05:00:00,WATER_M01,94.3,0.0,2.99,3.26,156.0,RUNNING,2.39,GOOD
2024-03-08 05:00:00,WATER_B01,94.3,0.0,4.31,3.77,152.0,RUNNING,3.45,GOOD
2024-03-08 06:00:00,WATER_M01,94.3,0.0,12.98,3.53,161.0,RUNNING,10.39,GOOD
2024-03-08 06:00:00,WATER_B01,94.3,0.0,12.59,3.51,176.0,RUNNING,10.07,GOOD
2024-03-08 07:00:00,WATER_M01,94.2,0.0,14.44,3.59,163.0,RUNNING,11.55,GOOD
2024-03-08 07:00:00,WATER_B01,94.3,0.0,16.7,3.45,154.0,RUNNING,13.36,GOOD
2024-03-08 08:00:00,WATER_M01,94.2,0.0,14.9,3.41,149.0,RUNNING,11.92,GOOD
2024-03-08 08:00:00,WATER_B01,94.3,0.0,16.95,3.74,169.0,RUNNING,13.56,GOOD
2024-03-08 09:00:00,WATER_M01,94.2,0.0,14.16,3.73,151.0,RUNNING,11.33,GOOD
2024-03-08 09:00:00,WATER_B01,94.2,0.0,13.81,3.09,158.0,RUNNING,11.05,GOOD
2024-03-08 10:00:00,WATER_M01,94.2,0.0,14.76,3.3,159.0,RUNNING,11.81,GOOD
2024-03-08 10:00:00,WATER_B01,94.2,0.0,16.38,3.57,162.0,RUNNING,13.1,GOOD
2024-03-08 11:00:00,WATER_M01,94.2,0.0,15.94,3.96,173.0,RUNNING,12.75,GOOD
2024-03-08 11:00:00,WATER_B01,94.2,0.0,12.73,3.59,180.0,RUNNING,10.18,GOOD
2024-03-08 12:00:00,WATER_M01,94.2,0.0,18.8,3.55,166.0,RUNNING,15.04,GOOD
2024-03-08 12:00:00,WATER_B01,94.2,0.0,18.89,3.33,161.0,RUNNING,15.11,GOOD
2024-03-08 13:00:00,WATER_M01,94.1,0.0,16.33,3.35,176.0,RUNNING,13.06,GOOD
2024-03-08 13:00:00,WATER_B01,94.2,0.0,11.87,3.57,180.0,RUNNING,9.5,GOOD
2024-03-08 14:00:00,WATER_M01,94.1,0.0,15.28,3.86,154.0,RUNNING,12.22,GOOD
2024-03-08 14:00:00,WATER_B01,94.2,0.0,16.5,3.77,163.0,RUNNING,13.2,GOOD
2024-03-08 15:00:00,WATER_M01,94.1,0.0,16.23,3.52,159.0,RUNNING,12.99,GOOD
2024-03-08 15:00:00,WATER_B01,94.2,0.0,15.02,3.37,166.0,RUNNING,12.02,GOOD
2024-03-08 16:00:00,WATER_M01,94.1,0.0,16.18,3.46,138.0,RUNNING,12.94,GOOD
2024-03-08 16:00:00,WATER_B01,94.1,0.0,16.07,3.51,160.0,RUNNING,12.86,GOOD
2024-03-08 17:00:00,WATER_M01,94.1,0.0,11.95,3.62,166.0,RUNNING,9.56,GOOD
2024-03-08 17:00:00,WATER_B01,94.1,0.0,11.18,3.31,157.0,RUNNING,8.94,GOOD
2024-03-08 18:00:00,WATER_M01,94.1,0.5,9.5,3.59,167.0,RUNNING,7.6,GOOD
2024-03-08 18:00:00,WATER_B01,94.1,0.0,14.83,3.72,147.0,RUNNING,11.86,GOOD
2024-03-08 19:00:00,WATER_M01,94.1,0.0,12.31,3.53,145.0,RUNNING,9.84,GOOD
2024-03-08 19:00:00,WATER_B01,94.1,0.0,18.53,3.84,154.0,RUNNING,14.82,GOOD
2024-03-08 20:00:00,WATER_M01,94.1,0.0,14.23,3.3,161.0,RUNNING,11.38,GOOD
2024-03-08 20:00:00,WATER_B01,94.1,0.0,13.26,3.6,163.0,RUNNING,10.61,GOOD
2024-03-08 21:00:00,WATER_M01,94.0,0.0,16.09,3.59,144.0,RUNNING,12.87,GOOD
2024-03-08 21:00:00,WATER_B01,94.1,0.5,12.42,3.25,157.0,RUNNING,9.94,GOOD
2024-03-08 22:00:00,WATER_M01,94.0,0.0,16.87,3.85,160.0,RUNNING,13.49,GOOD
2024-03-08 22:00:00,WATER_B01,94.1,0.5,12.97,3.63,155.0,RUNNING,10.38,GOOD
2024-03-08 23:00:00,WATER_M01,94.0,0.0,3.95,3.77,169.0,RUNNING,3.16,GOOD
2024-03-08 23:00:00,WATER_B01,94.1,0.0,1.7,3.4,172.0,RUNNING,1.36,GOOD
2024-03-09 00:00:00,WATER_M01,94.0,0.0,1.69,3.36,167.0,RUNNING,1.36,GOOD
2024-03-09 00:00:00,WATER_B01,94.1,0.5,3.45,3.11,144.0,RUNNING,2.76,GOOD
2024-03-09 01:00:00,WATER_M01,94.0,0.0,3.17,3.36,158.0,RUNNING,2.53,GOOD
2024-03-09 01:00:00,WATER_B01,94.1,0.0,3.43,3.02,168.0,RUNNING,2.74,GOOD
2024-03-09 02:00:00,WATER_M01,94.0,0.0,3.44,3.51,188.0,RUNNING,2.75,GOOD
2024-03-09 02:00:00,WATER_B01,94.0,0.0,2.59,3.3,175.0,RUNNING,2.07,GOOD
2024-03-09 03:00:00,WATER_M01,94.0,0.0,2.6,3.38,150.0,RUNNING,2.08,GOOD
2024-03-09 03:00:00,WATER_B01,94.0,0.0,4.15,3.71,154.0,RUNNING,3.32,GOOD
2024-03-09 04:00:00,WATER_M01,94.0,0.0,2.21,3.83,167.0,RUNNING,1.77,GOOD
2024-03-09 04:00:00,WATER_B01,94.0,0.5,1.32,3.31,160.0,RUNNING,1.05,GOOD
2024-03-09 05:00:00,WATER_M01,94.0,0.0,4.36,3.31,160.0,RUNNING,3.49,GOOD
2024-03-09 05:00:00,WATER_B01,94.0,0.0,1.95,3.26,148.0,RUNNING,1.56,GOOD
2024-03-09 06:00:00,WATER_M01,94.0,0.0,17.19,3.13,157.0,RUNNING,13.75,GOOD
2024-03-09 06:00:00,WATER_B01,94.0,0.0,13.08,3.27,171.0,RUNNING,10.46,GOOD
2024-03-09 07:00:00,WATER_M01,94.0,0.0,17.27,3.67,169.0,RUNNING,13.81,GOOD
2024-03-09 07:00:00,WATER_B01,94.0,0.0,13.02,3.64,161.0,RUNNING,10.42,GOOD
2024-03-09 08:00:00,WATER_M01,93.9,0.0,21.57,3.63,161.0,RUNNING,17.26,GOOD
2024-03-09 08:00:00,WATER_B01,94.0,0.5,15.56,3.28,164.0,RUNNING,12.44,GOOD
2024-03-09 09:00:00,WATER_M01,93.9,0.0,13.71,3.23,163.0,RUNNING,10.97,GOOD
2024-03-09 09:00:00,WATER_B01,94.0,0.0,13.01,3.33,160.0,RUNNING,10.41,GOOD
2024-03-09 10:00:00,WATER_M01,93.9,0.0,9.93,3.47,154.0,RUNNING,7.95,GOOD
2024-03-09 10:00:00,WATER_B01,94.0,0.0,17.24,3.26,168.0,RUNNING,13.79,GOOD
2024-03-09 11:00:00,WATER_M01,93.9,0.0,14.25,3.27,149.0,RUNNING,11.4,GOOD
2024-03-09 11:00:00,WATER_B01,94.0,0.0,16.44,3.3,179.0,RUNNING,13.15,GOOD
2024-03-09 12:00:00,WATER_M01,93.9,0.0,12.43,3.4,158.0,RUNNING,9.95,GOOD
2024-03-09 12:00:00,WATER_B01,93.9,0.0,16.05,3.39,151.0,RUNNING,12.84,GOOD
2024-03-09 13:00:00,WATER_M01,93.9,0.0,14.29,3.67,163.0,RUNNING,11.43,GOOD
2024-03-09 13:00:00,WATER_B01,93.9,0.0,14.12,3.42,165.0,RUNNING,11.3,GOOD
2024-03-09 14:00:00,WATER_M01,93.9,0.5,12.26,3.84,164.0,RUNNING,9.81,GOOD
2024-03-09 14:00:00,WATER_B01,93.9,0.0,15.21,3.66,172.0,RUNNING,12.17,GOOD
2024-03-09 15:00:00,WATER_M01,93.9,0.0,12.65,3.38,169.0,RUNNING,10.12,GOOD
2024-03-09 15:00:00,WATER_B01,93.9,0.0,10.35,3.66,170.0,RUNNING,8.28,GOOD
2024-03-09 16:00:00,WATER_M01,93.8,0.0,10.58,3.27,167.0,RUNNING,8.46,GOOD
2024-03-09 16:00:00,WATER_B01,93.9,0.0,14.15,3.58,174.0,RUNNING,11.32,GOOD
2024-03-09 17:00:00,WATER_M01,93.8,0.0,19.08,3.85,170.0,RUNNING,15.26,GOOD
2024-03-09 17:00:00,WATER_B01,93.9,0.0,12.38,3.55,170.0,RUNNING,9.9,GOOD
2024-03-09 18:00:00,WATER_M01,93.8,0.0,17.53,3.82,162.0,RUNNING,14.02,GOOD
2024-03-09 18:00:00,WATER_B01,93.9,0.0,15.76,3.41,153.0,RUNNING,12.61,GOOD
2024-03-09 19:00:00,WATER_M01,93.8,0.0,12.79,3.27,155.0,RUNNING,10.23,GOOD
2024-03-09 19:00:00,WATER_B01,93.8,0.5,15.0,3.33,161.0,RUNNING,12.0,GOOD
2024-03-09 20:00:00,WATER_M01,93.8,0.0,15.1,3.16,161.0,RUNNING,12.08,GOOD
2024-03-09 20:00:00,WATER_B01,93.8,0.0,15.06,3.29,160.0,RUNNING,12.05,GOOD
2024-03-09 21:00:00,WATER_M01,93.8,0.0,17.17,3.27,177.0,RUNNING,13.74,GOOD
2024-03-09 21:00:00,WATER_B01,93.8,0.0,15.33,3.55,162.0,RUNNING,12.27,GOOD
2024-03-09 22:00:00,WATER_M01,93.7,0.0,16.1,3.42,137.0,RUNNING,12.88,GOOD
2024-03-09 22:00:00,WATER_B01,93.8,0.0,13.95,3.43,146.0,RUNNING,11.16,GOOD
2024-03-09 23:00:00,WATER_M01,93.7,0.0,3.19,3.2,164.0,RUNNING,2.55,GOOD
2024-03-09 23:00:00,WATER_B01,93.8,0.0,4.65,3.46,163.0,RUNNING,3.72,GOOD
2024-03-10 00:00:00,WATER_M01,93.7,0.5,2.52,3.54,158.0,RUNNING,2.02,GOOD
2024-03-10 00:00:00,WATER_B01,93.8,0.0,2.48,3.35,159.0,RUNNING,1.98,GOOD
2024-03-10 01:00:00,WATER_M01,93.7,0.0,3.79,3.31,147.0,RUNNING,3.03,GOOD
2024-03-10 01:00:00,WATER_B01,93.8,0.0,3.6,3.43,170.0,RUNNING,2.88,GOOD
2024-03-10 02:00:00,WATER_M01,93.7,0.0,4.06,3.54,152.0,RUNNING,3.25,GOOD
2024-03-10 02:00:00,WATER_B01,93.8,0.0,2.59,3.56,151.0,RUNNING,2.07,GOOD
2024-03-10 03:00:00,WATER_M01,93.7,0.0,2.76,3.6,158.0,RUNNING,2.2,GOOD
2024-03-10 03:00:00,WATER_B01,93.8,0.5,2.16,3.47,179.0,RUNNING,1.73,GOOD
2024-03-10 04:00:00,WATER_M01,93.7,0.0,1.05,3.44,164.0,RUNNING,0.84,GOOD
2024-03-10 04:00:00,WATER_B01,93.8,0.0,3.14,3.35,158.0,RUNNING,2.51,GOOD
2024-03-10 05:00:00,WATER_M01,93.7,0.0,1.76,3.4,148.0,RUNNING,1.4,GOOD
2024-03-10 05:00:00,WATER_B01,93.8,0.0,2.39,3.46,156.0,RUNNING,1.91,GOOD
2024-03-10 06:00:00,WATER_M01,93.7,0.0,12.48,2.96,182.0,RUNNING,9.98,GOOD
2024-03-10 06:00:00,WATER_B01,93.8,0.0,13.64,3.83,159.0,RUNNING,10.91,GOOD
2024-03-10 07:00:00,WATER_M01,93.7,0.5,15.9,3.39,162.0,RUNNING,12.72,GOOD
2024-03-10 07:00:00,WATER_B01,93.7,0.0,16.73,4.06,174.0,RUNNING,13.38,GOOD
2024-03-10 08:00:00,WATER_M01,93.7,0.0,14.59,3.76,162.0,RUNNING,11.67,GOOD
2024-03-10 08:00:00,WATER_B01,93.7,0.0,12.89,3.72,165.0,RUNNING,10.31,GOOD
2024-03-10 09:00:00,WATER_M01,93.7,0.5,13.67,3.5,189.0,RUNNING,10.93,GOOD
2024-03-10 09:00:00,WATER_B01,93.7,0.0,16.34,3.3,157.0,RUNNING,13.07,GOOD
2024-03-10 10:00:00,WATER_M01,93.7,0.0,14.64,3.43,166.0,RUNNING,11.71,GOOD
2024-03-10 10:00:00,WATER_B01,93.7,0.0,12.95,3.44,162.0,RUNNING,10.36,GOOD
2024-03-10 11:00:00,WATER_M01,93.6,0.0,13.73,3.4,144.0,RUNNING,10.99,GOOD
2024-03-10 11:00:00,WATER_B01,93.7,0.0,14.82,3.68,159.0,RUNNING,11.86,GOOD
2024-03-10 12:00:00,WATER_M01,93.6,0.0,13.49,3.17,171.0,RUNNING,10.79,GOOD
2024-03-10 12:00:00,WATER_B01,93.7,0.0,14.11,3.93,150.0,RUNNING,11.29,GOOD
2024-03-10 13:00:00,WATER_M01,93.6,0.0,17.33,3.52,152.0,RUNNING,13.87,GOOD
2024-03-10 13:00:00,WATER_B01,93.7,0.0,15.6,3.45,152.0,RUNNING,12.48,GOOD
2024-03-10 14:00:00,WATER_M01,93.6,0.0,12.59,3.48,137.0,RUNNING,10.08,GOOD
2024-03-10 14:00:00,WATER_B01,93.6,0.0,13.38,3.62,158.0,RUNNING,10.71,GOOD
2024-03-10 15:00:00,WATER_M01,93.6,0.0,15.86,3.67,168.0,RUNNING,12.69,GOOD
2024-03-10 15:00:00,WATER_B01,93.6,0.0,14.22,3.69,161.0,RUNNING,11.37,GOOD
2024-03-10 16:00:00,WATER_M01,93.6,0.0,11.82,3.65,173.0,RUNNING,9.45,GOOD
2024-03-10 16:00:00,WATER_B01,93.6,0.0,14.55,3.23,180.0,RUNNING,11.64,GOOD
2024-03-10 17:00:00,WATER_M01,93.6,0.0,14.25,3.43,170.0,RUNNING,11.4,GOOD
2024-03-10 17:00:00,WATER_B01,93.6,0.0,13.1,3.23,174.0,RUNNING,10.48,GOOD
2024-03-10 18:00:00,WATER_M01,93.5,0.0,14.18,3.52,162.0,RUNNING,11.34,GOOD
2024-03-10 18:00:00,WATER_B01,93.6,0.0,14.3,3.39,170.0,RUNNING,11.44,GOOD
2024-03-10 19:00:00,WATER_M01,93.5,0.0,14.26,3.75,139.0,RUNNING,11.41,GOOD
2024-03-10 19:00:00,WATER_B01,93.6,0.0,14.79,3.97,181.0,RUNNING,11.83,GOOD
2024-03-10 20:00:00,WATER_M01,93.5,0.0,16.73,3.36,176.0,RUNNING,13.38,GOOD
2024-03-10 20:00:00,WATER_B01,93.6,0.0,14.44,3.63,174.0,RUNNING,11.55,GOOD
2024-03-10 21:00:00,WATER_M01,93.5,0.0,13.59,3.62,157.0,RUNNING,10.87,GOOD
2024-03-10 21:00:00,WATER_B01,93.5,0.0,18.23,3.61,154.0,RUNNING,14.58,GOOD
2024-03-10 22:00:00,WATER_M01,93.5,0.0,12.15,3.42,163.0,RUNNING,9.72,GOOD
2024-03-10 22:00:00,WATER_B01,93.5,0.5,13.03,3.26,177.0,RUNNING,10.42,GOOD
2024-03-10 23:00:00,WATER_M01,93.5,0.5,2.91,3.64,178.0,RUNNING,2.33,GOOD
2024-03-10 23:00:00,WATER_B01,93.5,0.0,1.45,3.59,140.0,RUNNING,1.16,GOOD
2024-03-11 00:00:00,WATER_M01,93.5,0.0,1.69,3.66,168.0,RUNNING,1.36,GOOD
2024-03-11 00:00:00,WATER_B01,93.5,0.0,1.8,3.49,155.0,RUNNING,1.44,GOOD
2024-03-11 01:00:00,WATER_M01,93.5,0.0,2.99,3.5,147.0,RUNNING,2.39,GOOD
2024-03-11 01:00:00,WATER_B01,93.5,0.0,2.44,3.28,165.0,RUNNING,1.95,GOOD
2024-03-11 02:00:00,WATER_M01,93.5,0.0,3.38,3.29,151.0,RUNNING,2.7,GOOD
2024-03-11 02:00:00,WATER_B01,93.5,0.0,2.4,3.58,154.0,RUNNING,1.92,GOOD
2024-03-11 03:00:00,WATER_M01,93.5,0.0,2.57,3.01,172.0,RUNNING,2.06,GOOD
2024-03-11 03:00:00,WATER_B01,93.5,0.0,3.91,3.62,168.0,RUNNING,3.12,GOOD
2024-03-11 04:00:00,WATER_M01,93.5,0.0,3.48,3.79,164.0,RUNNING,2.78,GOOD
2024-03-11 04:00:00,WATER_B01,93.5,0.0,3.73,3.77,172.0,RUNNING,2.98,GOOD
2024-03-11 05:00:00,WATER_M01,93.5,0.0,1.94,3.62,165.0,RUNNING,1.55,GOOD
2024-03-11 05:00:00,WATER_B01,93.5,0.0,2.97,3.68,176.0,RUNNING,2.38,GOOD
2024-03-11 06:00:00,WATER_M01,93.5,0.0,13.38,3.14,170.0,RUNNING,10.7,GOOD
2024-03-11 06:00:00,WATER_B01,93.5,0.0,13.18,3.31,168.0,RUNNING,10.54,GOOD
2024-03-11 07:00:00,WATER_M01,93.4,0.5,14.56,3.56,161.0,RUNNING,11.65,GOOD
2024-03-11 07:00:00,WATER_B01,93.5,0.0,16.63,3.89,175.0,RUNNING,13.3,GOOD
2024-03-11 08:00:00,WATER_M01,93.4,0.0,16.27,3.32,160.0,RUNNING,13.02,GOOD
2024-03-11 08:00:00,WATER_B01,93.5,0.5,16.69,3.62,161.0,RUNNING,13.35,GOOD
2024-03-11 09:00:00,WATER_M01,93.4,0.0,10.72,4.12,155.0,RUNNING,8.58,GOOD
2024-03-11 09:00:00,WATER_B01,93.5,0.0,14.0,3.74,153.0,RUNNING,11.2,GOOD
2024-03-11 10:00:00,WATER_M01,93.4,0.0,15.2,3.21,170.0,RUNNING,12.16,GOOD
2024-03-11 10:00:00,WATER_B01,93.4,0.0,15.04,3.7,166.0,RUNNING,12.03,GOOD
2024-03-11 11:00:00,WATER_M01,93.4,0.0,14.95,3.55,169.0,RUNNING,11.96,GOOD
2024-03-11 11:00:00,WATER_B01,93.4,0.0,12.79,3.19,169.0,RUNNING,10.24,GOOD
2024-03-11 12:00:00,WATER_M01,93.4,0.0,14.46,3.6,148.0,RUNNING,11.57,GOOD
2024-03-11 12:00:00,WATER_B01,93.4,0.0,15.26,3.4,171.0,RUNNING,12.21,GOOD
2024-03-11 13:00:00,WATER_M01,93.4,0.0,13.39,3.7,160.0,RUNNING,10.71,GOOD
2024-03-11 13:00:00,WATER_B01,93.4,0.0,14.16,3.6,155.0,RUNNING,11.33,GOOD
2024-03-11 14:00:00,WATER_M01,93.3,0.0,13.73,3.58,147.0,RUNNING,10.98,GOOD
2024-03-11 14:00:00,WATER_B01,93.4,0.0,17.0,3.53,162.0,RUNNING,13.6,GOOD
2024-03-11 15:00:00,WATER_M01,93.3,0.0,12.24,3.11,160.0,RUNNING,9.79,GOOD
2024-03-11 15:00:00,WATER_B01,93.4,0.0,16.72,3.68,174.0,RUNNING,13.37,GOOD
2024-03-11 16:00:00,WATER_M01,93.3,0.0,15.27,3.62,160.0,RUNNING,12.22,GOOD
2024-03-11 16:00:00,WATER_B01,93.3,0.5,14.61,3.54,147.0,RUNNING,11.69,GOOD
2024-03-11 17:00:00,WATER_M01,93.3,0.0,12.21,3.36,165.0,RUNNING,9.77,GOOD
2024-03-11 17:00:00,WATER_B01,93.3,0.0,17.23,3.54,167.0,RUNNING,13.78,GOOD
2024-03-11 18:00:00,WATER_M01,93.3,0.0,16.25,3.55,179.0,RUNNING,13.0,GOOD
2024-03-11 18:00:00,WATER_B01,93.3,0.0,14.75,3.79,174.0,RUNNING,11.8,GOOD
2024-03-11 19:00:00,WATER_M01,93.3,0.0,15.14,3.44,151.0,RUNNING,12.11,GOOD
2024-03-11 19:00:00,WATER_B01,93.3,0.5,13.89,3.85,179.0,RUNNING,11.11,GOOD
2024-03-11 20:00:00,WATER_M01,93.3,0.5,16.98,3.67,173.0,RUNNING,13.58,GOOD
2024-03-11 20:00:00,WATER_B01,93.3,0.0,18.0,3.37,164.0,RUNNING,14.4,GOOD
2024-03-11 21:00:00,WATER_M01,93.2,0.0,14.84,3.37,151.0,RUNNING,11.87,GOOD
2024-03-11 21:00:00,WATER_B01,93.3,0.0,16.46,3.56,149.0,RUNNING,13.17,GOOD
2024-03-11 22:00:00,WATER_M01,93.2,0.0,15.11,3.54,166.0,RUNNING,12.09,GOOD
2024-03-11 22:00:00,WATER_B01,93.2,0.0,19.71,3.42,154.0,RUNNING,15.77,GOOD
2024-03-11 23:00:00,WATER_M01,93.2,0.0,4.43,3.84,174.0,RUNNING,3.54,GOOD
2024-03-11 23:00:00,WATER_B01,93.2,0.0,3.86,3.62,150.0,RUNNING,3.09,GOOD
2024-03-12 00:00:00,WATER_M01,93.2,0.0,1.82,3.81,164.0,RUNNING,1.46,GOOD
2024-03-12 00:00:00,WATER_B01,93.2,0.0,1.13,3.18,148.0,RUNNING,0.91,GOOD
2024-03-12 01:00:00,WATER_M01,93.2,0.0,5.27,3.5,166.0,RUNNING,4.22,GOOD
2024-03-12 01:00:00,WATER_B01,93.2,0.0,4.26,3.64,150.0,RUNNING,3.41,GOOD
2024-03-12 02:00:00,WATER_M01,93.2,0.5,2.97,3.55,171.0,RUNNING,2.38,GOOD
2024-03-12 02:00:00,WATER_B01,93.2,0.5,3.07,3.46,161.0,RUNNING,2.45,GOOD
2024-03-12 03:00:00,WATER_M01,93.2,0.0,3.23,3.46,159.0,RUNNING,2.59,GOOD
2024-03-12 03:00:00,WATER_B01,93.2,0.0,2.85,3.43,170.0,RUNNING,2.28,GOOD
2024-03-12 04:00:00,WATER_M01,93.2,0.0,3.56,3.76,151.0,RUNNING,2.85,GOOD
2024-03-12 04:00:00,WATER_B01,93.2,0.0,3.08,3.56,149.0,RUNNING,2.46,GOOD
2024-03-12 05:00:00,WATER_M01,93.2,0.0,1.91,3.5,159.0,RUNNING,1.53,GOOD
2024-03-12 05:00:00,WATER_B01,93.2,0.0,4.61,3.4,169.0,RUNNING,3.68,GOOD
2024-03-12 06:00:00,WATER_M01,93.2,0.0,14.31,3.38,181.0,RUNNING,11.45,GOOD
2024-03-12 06:00:00,WATER_B01,93.2,0.0,14.11,3.58,173.0,RUNNING,11.29,GOOD
2024-03-12 07:00:00,WATER_M01,93.2,0.0,14.86,3.71,167.0,RUNNING,11.89,GOOD
2024-03-12 07:00:00,WATER_B01,93.2,0.0,16.93,3.87,151.0,RUNNING,13.55,GOOD
2024-03-12 08:00:00,WATER_M01,93.2,0.0,17.68,3.64,158.0,RUNNING,14.15,GOOD
2024-03-12 08:00:00,WATER_B01,93.2,0.0,14.66,3.33,170.0,RUNNING,11.73,GOOD
2024-03-12 09:00:00,WATER_M01,93.1,0.0,13.8,3.56,170.0,RUNNING,11.04,GOOD
2024-03-12 09:00:00,WATER_B01,93.2,0.0,14.57,3.7,168.0,RUNNING,11.66,GOOD
2024-03-12 10:00:00,WATER_M01,93.1,0.0,15.83,3.52,172.0,RUNNING,12.67,GOOD
2024-03-12 10:00:00,WATER_B01,93.1,0.0,14.54,3.37,170.0,RUNNING,11.63,GOOD
2024-03-12 11:00:00,WATER_M01,93.1,0.0,14.46,3.38,162.0,RUNNING,11.57,GOOD
2024-03-12 11:00:00,WATER_B01,93.1,0.0,17.11,3.65,177.0,RUNNING,13.69,GOOD
2024-03-12 12:00:00,WATER_M01,93.1,0.0,17.94,3.32,150.0,RUNNING,14.35,GOOD
2024-03-12 12:00:00,WATER_B01,93.1,0.5,13.03,3.73,166.0,RUNNING,10.43,GOOD
2024-03-12 13:00:00,WATER_M01,93.1,0.0,14.7,3.42,161.0,RUNNING,11.76,GOOD
2024-03-12 13:00:00,WATER_B01,93.1,0.0,14.88,3.56,155.0,RUNNING,11.9,GOOD
2024-03-12 14:00:00,WATER_M01,93.1,0.0,15.37,3.45,166.0,RUNNING,12.29,GOOD
2024-03-12 14:00:00,WATER_B01,93.1,0.0,15.58,3.74,165.0,RUNNING,12.46,GOOD
2024-03-12 15:00:00,WATER_M01,93.0,0.0,16.84,3.52,151.0,RUNNING,13.47,GOOD
2024-03-12 15:00:00,WATER_B01,93.1,0.0,16.06,3.68,175.0,RUNNING,12.85,GOOD
2024-03-12 16:00:00,WATER_M01,93.0,0.0,11.09,3.6,155.0,RUNNING,8.87,GOOD
2024-03-12 16:00:00,WATER_B01,93.1,0.0,15.26,3.53,154.0,RUNNING,12.2,GOOD
2024-03-12 17:00:00,WATER_M01,93.0,0.0,17.24,3.44,175.0,RUNNING,13.79,GOOD
2024-03-12 17:00:00,WATER_B01,93.0,0.0,14.57,3.36,171.0,RUNNING,11.65,GOOD
2024-03-12 18:00:00,WATER_M01,93.0,0.0,14.7,3.59,170.0,RUNNING,11.76,GOOD
2024-03-12 18:00:00,WATER_B01,93.0,0.0,12.21,3.39,156.0,RUNNING,9.77,GOOD
2024-03-12 19:00:00,WATER_M01,93.0,0.0,15.66,3.28,179.0,RUNNING,12.53,GOOD
2024-03-12 19:00:00,WATER_B01,93.0,0.0,15.12,3.22,171.0,RUNNING,12.09,GOOD
2024-03-12 20:00:00,WATER_M01,93.0,0.0,13.53,3.11,168.0,RUNNING,10.82,GOOD
2024-03-12 20:00:00,WATER_B01,93.0,0.5,17.93,3.54,173.0,RUNNING,14.34,GOOD
2024-03-12 21:00:00,WATER_M01,93.0,0.0,19.62,3.31,158.0,RUNNING,15.69,GOOD
2024-03-12 21:00:00,WATER_B01,93.0,0.0,13.22,3.73,176.0,RUNNING,10.58,GOOD
2024-03-12 22:00:00,WATER_M01,92.9,0.0,11.48,3.25,175.0,RUNNING,9.18,GOOD
2024-03-12 22:00:00,WATER_B01,93.0,0.0,13.39,3.3,162.0,RUNNING,10.71,GOOD
2024-03-12 23:00:00,WATER_M01,92.9,0.0,4.21,3.46,167.0,RUNNING,3.37,GOOD
2024-03-12 23:00:00,WATER_B01,93.0,0.0,4.07,3.4,163.0,RUNNING,3.26,GOOD
2024-03-13 00:00:00,WATER_M01,92.9,0.0,1.94,3.64,153.0,RUNNING,1.56,GOOD
2024-03-13 00:00:00,WATER_B01,93.0,0.0,4.86,3.38,157.0,RUNNING,3.89,GOOD
2024-03-13 01:00:00,WATER_M01,92.9,0.0,1.31,3.35,160.0,RUNNING,1.04,GOOD
2024-03-13 01:00:00,WATER_B01,93.0,0.5,3.75,3.58,175.0,RUNNING,3.0,GOOD
2024-03-13 02:00:00,WATER_M01,92.9,0.0,3.82,3.33,165.0,RUNNING,3.06,GOOD
2024-03-13 02:00:00,WATER_B01,93.0,0.0,2.45,3.25,168.0,RUNNING,1.96,GOOD
2024-03-13 03:00:00,WATER_M01,92.9,0.0,3.96,3.36,168.0,RUNNING,3.17,GOOD
2024-03-13 03:00:00,WATER_B01,93.0,0.5,3.51,3.52,163.0,RUNNING,2.8,GOOD
2024-03-13 04:00:00,WATER_M01,92.9,0.0,3.23,3.63,165.0,RUNNING,2.59,GOOD
2024-03-13 04:00:00,WATER_B01,93.0,0.0,3.3,3.52,159.0,RUNNING,2.64,GOOD
2024-03-13 05:00:00,WATER_M01,92.9,0.0,3.88,3.31,164.0,RUNNING,3.1,GOOD
2024-03-13 05:00:00,WATER_B01,93.0,0.0,0.68,3.65,160.0,RUNNING,0.55,GOOD
2024-03-13 06:00:00,WATER_M01,92.9,0.0,11.57,3.59,151.0,RUNNING,9.26,GOOD
2024-03-13 06:00:00,WATER_B01,92.9,0.0,13.1,3.15,175.0,RUNNING,10.48,GOOD
2024-03-13 07:00:00,WATER_M01,92.9,0.0,17.36,3.67,159.0,RUNNING,13.89,GOOD
2024-03-13 07:00:00,WATER_B01,92.9,0.0,13.05,3.2,171.0,RUNNING,10.44,GOOD
2024-03-13 08:00:00,WATER_M01,92.9,0.5,16.6,3.49,161.0,RUNNING,13.28,GOOD
2024-03-13 08:00:00,WATER_B01,92.9,0.0,15.74,3.37,155.0,RUNNING,12.59,GOOD
2024-03-13 09:00:00,WATER_M01,92.9,0.0,16.56,3.3,159.0,RUNNING,13.25,GOOD
2024-03-13 09:00:00,WATER_B01,92.9,0.0,12.91,3.34,151.0,RUNNING,10.33,GOOD
2024-03-13 10:00:00,WATER_M01,92.8,0.0,13.59,3.3,167.0,RUNNING,10.87,GOOD
2024-03-13 10:00:00,WATER_B01,92.9,0.0,14.77,3.52,155.0,RUNNING,11.81,GOOD
2024-03-13 11:00:00,WATER_M01,92.8,0.0,14.06,3.52,148.0,RUNNING,11.25,GOOD
2024-03-13 11:00:00,WATER_B01,92.9,0.0,13.48,3.09,174.0,RUNNING,10.78,GOOD
2024-03-13 12:00:00,WATER_M01,92.8,0.0,14.9,3.27,151.0,RUNNING,11.92,GOOD
2024-03-13 12:00:00,WATER_B01,92.9,0.0,14.33,3.77,148.0,RUNNING,11.46,GOOD
2024-03-13 13:00:00,WATER_M01,92.8,0.0,15.17,3.71,171.0,RUNNING,12.14,GOOD
2024-03-13 13:00:00,WATER_B01,92.8,0.0,16.55,3.53,178.0,RUNNING,13.24,GOOD
2024-03-13 14:00:00,WATER_M01,92.8,0.0,17.79,3.36,175.0,RUNNING,14.23,GOOD
2024-03-13 14:00:00,WATER_B01,92.8,0.0,18.31,3.47,180.0,RUNNING,14.65,GOOD
2024-03-13 15:00:00,WATER_M01,92.8,0.0,13.17,3.53,158.0,RUNNING,10.54,GOOD
2024-03-13 15:00:00,WATER_B01,92.8,0.0,13.88,3.28,161.0,RUNNING,11.11,GOOD
2024-03-13 16:00:00,WATER_M01,92.8,0.0,16.68,3.62,158.0,RUNNING,13.34,GOOD
2024-03-13 16:00:00,WATER_B01,92.8,0.0,17.19,3.6,177.0,RUNNING,13.75,GOOD
2024-03-13 17:00:00,WATER_M01,92.7,0.0,15.72,3.53,156.0,RUNNING,12.58,GOOD
2024-03-13 17:00:00,WATER_B01,92.8,0.0,14.64,3.68,148.0,RUNNING,11.71,GOOD
2024-03-13 18:00:00,WATER_M01,92.7,0.0,12.37,3.15,147.0,RUNNING,9.9,GOOD
2024-03-13 18:00:00,WATER_B01,92.8,0.0,17.44,3.73,145.0,RUNNING,13.96,GOOD
2024-03-13 19:00:00,WATER_M01,92.7,0.0,20.26,3.87,168.0,RUNNING,16.21,GOOD
2024-03-13 19:00:00,WATER_B01,92.7,0.0,17.39,3.47,183.0,RUNNING,13.91,GOOD
2024-03-13 20:00:00,WATER_M01,92.7,0.0,15.11,4.12,174.0,RUNNING,12.09,GOOD
2024-03-13 20:00:00,WATER_B01,92.7,0.0,12.83,3.64,152.0,RUNNING,10.26,GOOD
2024-03-13 21:00:00,WATER_M01,92.7,0.0,14.07,3.47,180.0,RUNNING,11.26,GOOD
2024-03-13 21:00:00,WATER_B01,92.7,0.0,15.39,3.5,183.0,RUNNING,12.31,GOOD
2024-03-13 22:00:00,WATER_M01,92.7,0.0,13.98,3.81,165.0,RUNNING,11.18,GOOD
2024-03-13 22:00:00,WATER_B01,92.7,0.0,14.68,3.54,187.0,RUNNING,11.74,GOOD
2024-03-13 23:00:00,WATER_M01,92.7,0.0,1.3,3.45,187.0,RUNNING,1.04,GOOD
2024-03-13 23:00:00,WATER_B01,92.7,0.0,2.01,3.37,152.0,RUNNING,1.61,GOOD
2024-03-14 00:00:00,WATER_M01,92.7,0.0,2.96,3.75,175.0,RUNNING,2.37,GOOD
2024-03-14 00:00:00,WATER_B01,92.7,0.0,3.61,3.19,157.0,RUNNING,2.88,GOOD
2024-03-14 01:00:00,WATER_M01,92.7,0.0,1.64,3.48,189.0,RUNNING,1.32,GOOD
2024-03-14 01:00:00,WATER_B01,92.7,0.0,4.38,3.58,180.0,RUNNING,3.5,GOOD
2024-03-14 02:00:00,WATER_M01,92.7,0.0,1.66,3.0,153.0,RUNNING,1.33,GOOD
2024-03-14 02:00:00,WATER_B01,92.7,0.0,2.28,3.35,182.0,RUNNING,1.82,GOOD
2024-03-14 03:00:00,WATER_M01,92.7,0.0,2.98,3.6,156.0,RUNNING,2.39,GOOD
2024-03-14 03:00:00,WATER_B01,92.7,0.0,1.7,3.6,153.0,RUNNING,1.36,GOOD
2024-03-14 04:00:00,WATER_M01,92.6,0.0,2.8,3.64,149.0,RUNNING,2.24,GOOD
2024-03-14 04:00:00,WATER_B01,92.7,0.0,3.91,3.13,183.0,RUNNING,3.13,GOOD
2024-03-14 05:00:00,WATER_M01,92.6,0.0,2.8,3.5,175.0,RUNNING,2.24,GOOD
2024-03-14 05:00:00,WATER_B01,92.7,0.0,2.3,3.8,154.0,RUNNING,1.84,GOOD
2024-03-14 06:00:00,WATER_M01,92.6,0.0,16.36,3.44,150.0,RUNNING,13.09,GOOD
2024-03-14 06:00:00,WATER_B01,92.7,0.0,17.72,3.3,169.0,RUNNING,14.17,GOOD
2024-03-14 07:00:00,WATER_M01,92.6,0.0,13.2,3.42,150.0,RUNNING,10.56,GOOD
2024-03-14 07:00:00,WATER_B01,92.6,0.0,17.16,3.39,182.0,RUNNING,13.73,GOOD
2024-03-14 08:00:00,WATER_M01,92.6,0.5,12.38,3.45,177.0,RUNNING,9.91,GOOD
2024-03-14 08:00:00,WATER_B01,92.6,0.0,14.43,3.52,166.0,RUNNING,11.54,GOOD
2024-03-14 09:00:00,WATER_M01,92.6,0.0,16.46,3.73,147.0,RUNNING,13.17,GOOD
2024-03-14 09:00:00,WATER_B01,92.6,0.0,16.02,3.93,171.0,RUNNING,12.82,GOOD
2024-03-14 10:00:00,WATER_M01,92.6,0.0,12.19,3.32,159.0,RUNNING,9.75,GOOD
2024-03-14 10:00:00,WATER_B01,92.6,0.0,16.72,3.76,153.0,RUNNING,13.37,GOOD
2024-03-14 11:00:00,WATER_M01,92.6,0.0,16.98,3.3,160.0,RUNNING,13.58,GOOD
2024-03-14 11:00:00,WATER_B01,92.6,0.0,15.66,3.3,181.0,RUNNING,12.53,GOOD
2024-03-14 12:00:00,WATER_M01,92.5,0.0,15.94,3.6,166.0,RUNNING,12.75,GOOD
2024-03-14 12:00:00,WATER_B01,92.6,0.0,15.93,3.49,157.0,RUNNING,12.75,GOOD
2024-03-14 13:00:00,WATER_M01,92.5,0.0,16.97,3.41,175.0,RUNNING,13.57,GOOD
2024-03-14 13:00:00,WATER_B01,92.5,0.0,16.3,3.7,168.0,RUNNING,13.04,GOOD
2024-03-14 14:00:00,WATER_M01,92.5,0.0,15.94,3.61,180.0,RUNNING,12.75,GOOD
2024-03-14 14:00:00,WATER_B01,92.5,0.0,14.28,3.32,164.0,RUNNING,11.42,GOOD
2024-03-14 15:00:00,WATER_M01,92.5,0.5,16.45,3.29,170.0,RUNNING,13.16,GOOD
2024-03-14 15:00:00,WATER_B01,92.5,0.0,16.5,3.48,154.0,RUNNING,13.2,GOOD
2024-03-14 16:00:00,WATER_M01,92.5,0.0,15.4,3.37,158.0,RUNNING,12.32,GOOD
2024-03-14 16:00:00,WATER_B01,92.5,0.5,14.29,3.57,177.0,RUNNING,11.44,GOOD
2024-03-14 17:00:00,WATER_M01,92.5,0.0,13.94,3.17,154.0,RUNNING,11.15,GOOD
2024-03-14 17:00:00,WATER_B01,92.5,0.0,16.25,3.43,163.0,RUNNING,13.0,GOOD
2024-03-14 18:00:00,WATER_M01,92.5,0.0,14.28,3.82,168.0,RUNNING,11.42,GOOD
2024-03-14 18:00:00,WATER_B01,92.5,0.0,16.54,3.55,176.0,RUNNING,13.23,GOOD
2024-03-14 19:00:00,WATER_M01,92.4,0.0,15.75,3.62,168.0,RUNNING,12.6,GOOD
2024-03-14 19:00:00,WATER_B01,92.5,0.0,15.56,3.69,157.0,RUNNING,12.45,GOOD
2024-03-14 20:00:00,WATER_M01,92.4,0.0,14.93,3.86,170.0,RUNNING,11.94,GOOD
2024-03-14 20:00:00,WATER_B01,92.4,0.0,13.38,3.48,159.0,RUNNING,10.7,GOOD
2024-03-14 21:00:00,WATER_M01,92.4,0.0,13.76,3.59,151.0,RUNNING,11.01,GOOD
2024-03-14 21:00:00,WATER_B01,92.4,0.0,17.74,3.76,171.0,RUNNING,14.19,GOOD
2024-03-14 22:00:00,WATER_M01,92.4,0.0,12.02,3.57,177.0,RUNNING,9.61,GOOD
2024-03-14 22:00:00,WATER_B01,92.4,0.0,11.32,3.38,170.0,RUNNING,9.05,GOOD
2024-03-14 23:00:00,WATER_M01,92.4,0.0,2.05,3.6,168.0,RUNNING,1.64,GOOD
2024-03-14 23:00:00,WATER_B01,92.4,0.5,3.78,3.33,149.0,RUNNING,3.02,GOOD
2024-03-15 00:00:00,WATER_M01,92.4,0.0,2.77,3.62,163.0,RUNNING,2.22,GOOD
2024-03-15 00:00:00,WATER_B01,92.4,0.0,3.64,3.25,179.0,RUNNING,2.91,GOOD
2024-03-15 01:00:00,WATER_M01,92.4,0.0,2.68,3.84,164.0,RUNNING,2.14,GOOD
2024-03-15 01:00:00,WATER_B01,92.4,0.5,3.97,3.41,177.0,RUNNING,3.18,GOOD
2024-03-15 02:00:00,WATER_M01,92.4,0.0,3.65,3.37,173.0,RUNNING,2.92,GOOD
2024-03-15 02:00:00,WATER_B01,92.4,0.0,2.36,3.27,166.0,RUNNING,1.89,GOOD
2024-03-15 03:00:00,WATER_M01,92.4,0.0,3.3,3.45,162.0,RUNNING,2.64,GOOD
2024-03-15 03:00:00,WATER_B01,92.4,0.0,2.05,3.79,158.0,RUNNING,1.64,GOOD
2024-03-15 04:00:00,WATER_M01,92.4,0.0,2.66,3.32,173.0,RUNNING,2.12,GOOD
2024-03-15 04:00:00,WATER_B01,92.4,0.0,3.55,3.46,161.0,RUNNING,2.84,GOOD
2024-03-15 05:00:00,WATER_M01,92.4,0.0,3.05,3.43,175.0,RUNNING,2.44,GOOD
2024-03-15 05:00:00,WATER_B01,92.4,0.0,2.36,3.48,175.0,RUNNING,1.89,GOOD
2024-03-15 06:00:00,WATER_M01,92.4,0.0,14.29,3.61,158.0,RUNNING,11.43,GOOD
2024-03-15 06:00:00,WATER_B01,92.4,0.0,13.77,3.43,169.0,RUNNING,11.02,GOOD
2024-03-15 07:00:00,WATER_M01,92.3,0.5,15.74,3.74,149.0,RUNNING,12.59,GOOD
2024-03-15 07:00:00,WATER_B01,92.4,0.0,14.69,3.27,169.0,RUNNING,11.75,GOOD
2024-03-15 08:00:00,WATER_M01,92.3,0.0,12.87,3.5,154.0,RUNNING,10.3,GOOD
2024-03-15 08:00:00,WATER_B01,92.3,0.0,16.09,3.64,185.0,RUNNING,12.87,GOOD
2024-03-15 09:00:00,WATER_M01,92.3,0.0,15.55,3.71,172.0,RUNNING,12.44,GOOD
2024-03-15 09:00:00,WATER_B01,92.3,0.0,18.32,3.29,163.0,RUNNING,14.65,GOOD
2024-03-15 10:00:00,WATER_M01,92.3,0.0,10.27,3.44,151.0,RUNNING,8.21,GOOD
2024-03-15 10:00:00,WATER_B01,92.3,0.0,16.02,3.15,155.0,RUNNING,12.82,GOOD
2024-03-15 11:00:00,WATER_M01,92.3,0.5,17.94,3.45,170.0,RUNNING,14.36,GOOD
2024-03-15 11:00:00,WATER_B01,92.3,0.0,14.25,3.12,165.0,RUNNING,11.4,GOOD
2024-03-15 12:00:00,WATER_M01,92.3,0.0,16.08,3.4,163.0,RUNNING,12.86,GOOD
2024-03-15 12:00:00,WATER_B01,92.3,0.0,17.78,3.44,184.0,RUNNING,14.22,GOOD
2024-03-15 13:00:00,WATER_M01,92.3,0.0,16.18,3.2,165.0,RUNNING,12.94,GOOD
2024-03-15 13:00:00,WATER_B01,92.3,0.0,17.08,3.73,172.0,RUNNING,13.66,GOOD
2024-03-15 14:00:00,WATER_M01,92.2,0.0,19.01,3.48,158.0,RUNNING,15.21,GOOD
2024-03-15 14:00:00,WATER_B01,92.2,0.5,11.77,3.39,165.0,RUNNING,9.42,GOOD
2024-03-15 15:00:00,WATER_M01,92.2,0.0,15.2,3.93,171.0,RUNNING,12.16,GOOD
2024-03-15 15:00:00,WATER_B01,92.2,0.0,12.27,3.54,158.0,RUNNING,9.82,GOOD
2024-03-15 16:00:00,WATER_M01,92.2,0.0,16.28,3.19,165.0,RUNNING,13.02,GOOD
2024-03-15 16:00:00,WATER_B01,92.2,0.0,19.04,3.39,162.0,RUNNING,15.23,GOOD
2024-03-15 17:00:00,WATER_M01,92.2,0.0,13.32,3.71,189.0,RUNNING,10.66,GOOD
2024-03-15 17:00:00,WATER_B01,92.2,0.0,15.13,3.86,161.0,RUNNING,12.1,GOOD
2024-03-15 18:00:00,WATER_M01,92.2,0.0,12.31,3.21,162.0,RUNNING,9.85,GOOD
2024-03-15 18:00:00,WATER_B01,92.2,0.0,12.29,3.45,165.0,RUNNING,9.83,GOOD
2024-03-15 19:00:00,WATER_M01,92.2,0.0,11.71,3.52,162.0,RUNNING,9.36,GOOD
2024-03-15 19:00:00,WATER_B01,92.2,0.0,15.2,3.65,176.0,RUNNING,12.16,GOOD
2024-03-15 20:00:00,WATER_M01,92.2,0.0,16.89,3.65,171.0,RUNNING,13.51,GOOD
2024-03-15 20:00:00,WATER_B01,92.2,0.0,17.31,3.51,162.0,RUNNING,13.85,GOOD
2024-03-15 21:00:00,WATER_M01,92.1,0.0,18.98,3.75,184.0,RUNNING,15.18,GOOD
2024-03-15 21:00:00,WATER_B01,92.1,0.0,16.01,3.57,157.0,RUNNING,12.81,GOOD
2024-03-15 22:00:00,WATER_M01,92.1,0.0,15.72,3.59,177.0,RUNNING,12.57,GOOD
2024-03-15 22:00:00,WATER_B01,92.1,0.0,12.49,3.88,175.0,RUNNING,9.99,GOOD
2024-03-15 23:00:00,WATER_M01,92.1,0.0,2.34,3.42,173.0,RUNNING,1.87,GOOD
2024-03-15 23:00:00,WATER_B01,92.1,0.5,3.96,3.55,155.0,RUNNING,3.17,GOOD
2024-03-16 00:00:00,WATER_M01,92.1,0.0,3.17,3.59,161.0,RUNNING,2.54,GOOD
2024-03-16 00:00:00,WATER_B01,92.1,0.0,1.9,3.58,154.0,RUNNING,1.52,GOOD
2024-03-16 01:00:00,WATER_M01,92.1,0.0,2.92,3.5,164.0,RUNNING,2.33,GOOD
2024-03-16 01:00:00,WATER_B01,92.1,0.0,3.88,3.39,165.0,RUNNING,3.11,GOOD
2024-03-16 02:00:00,WATER_M01,92.1,0.0,3.43,3.63,176.0,RUNNING,2.75,GOOD
2024-03-16 02:00:00,WATER_B01,92.1,0.5,1.13,3.15,172.0,RUNNING,0.9,GOOD
2024-03-16 03:00:00,WATER_M01,92.1,0.0,4.22,3.56,153.0,RUNNING,3.38,GOOD
2024-03-16 03:00:00,WATER_B01,92.1,0.0,2.31,3.94,181.0,RUNNING,1.85,GOOD
2024-03-16 04:00:00,WATER_M01,92.1,0.0,3.54,3.43,165.0,RUNNING,2.83,GOOD
2024-03-16 04:00:00,WATER_B01,92.1,0.0,3.8,3.32,165.0,RUNNING,3.04,GOOD
2024-03-16 05:00:00,WATER_M01,92.1,0.0,3.97,3.61,151.0,RUNNING,3.18,GOOD
2024-03-16 05:00:00,WATER_B01,92.1,0.0,3.98,3.49,173.0,RUNNING,3.18,GOOD
2024-03-16 06:00:00,WATER_M01,92.1,0.0,18.75,3.51,176.0,RUNNING,15.0,GOOD
2024-03-16 06:00:00,WATER_B01,92.1,0.0,14.19,3.88,151.0,RUNNING,11.36,GOOD
2024-03-16 07:00:00,WATER_M01,92.1,0.0,17.96,3.5,170.0,RUNNING,14.37,GOOD
2024-03-16 07:00:00,WATER_B01,92.1,0.0,12.89,3.4,152.0,RUNNING,10.32,GOOD
2024-03-16 08:00:00,WATER_M01,92.0,0.0,12.89,3.73,183.0,RUNNING,10.31,GOOD
2024-03-16 08:00:00,WATER_B01,92.1,0.0,15.0,3.8,169.0,RUNNING,12.0,GOOD
2024-03-16 09:00:00,WATER_M01,92.0,0.0,13.79,3.71,172.0,RUNNING,11.04,GOOD
2024-03-16 09:00:00,WATER_B01,92.1,0.0,14.9,3.57,165.0,RUNNING,11.92,GOOD
2024-03-16 10:00:00,WATER_M01,92.0,0.5,15.46,3.53,165.0,RUNNING,12.37,GOOD
2024-03-16 10:00:00,WATER_B01,92.0,0.5,14.12,3.42,169.0,RUNNING,11.3,GOOD
2024-03-16 11:00:00,WATER_M01,92.0,0.0,14.61,3.8,151.0,RUNNING,11.69,GOOD
2024-03-16 11:00:00,WATER_B01,92.0,0.0,13.87,3.88,159.0,RUNNING,11.09,GOOD
2024-03-16 12:00:00,WATER_M01,92.0,0.5,13.38,3.48,154.0,RUNNING,10.71,GOOD
2024-03-16 12:00:00,WATER_B01,92.0,0.0,10.51,3.52,148.0,RUNNING,8.4,GOOD
2024-03-16 13:00:00,WATER_M01,92.0,0.0,12.26,3.55,171.0,RUNNING,9.81,GOOD
2024-03-16 13:00:00,WATER_B01,92.0,0.0,19.91,3.48,161.0,RUNNING,15.93,GOOD
2024-03-16 14:00:00,WATER_M01,92.0,0.0,16.78,3.52,173.0,RUNNING,13.42,GOOD
2024-03-16 14:00:00,WATER_B01,92.0,0.0,15.78,3.48,161.0,RUNNING,12.63,GOOD
2024-03-16 15:00:00,WATER_M01,91.9,0.0,14.98,3.56,175.0,RUNNING,11.98,GOOD
2024-03-16 15:00:00,WATER_B01,92.0,0.0,18.9,3.62,187.0,RUNNING,15.12,GOOD
2024-03-16 16:00:00,WATER_M01,91.9,0.0,16.4,3.46,163.0,RUNNING,13.12,GOOD
2024-03-16 16:00:00,WATER_B01,91.9,0.0,16.07,3.61,168.0,RUNNING,12.85,GOOD
2024-03-16 17:00:00,WATER_M01,91.9,0.5,19.42,3.77,170.0,RUNNING,15.54,GOOD
2024-03-16 17:00:00,WATER_B01,91.9,0.0,17.04,3.16,152.0,RUNNING,13.63,GOOD
2024-03-16 18:00:00,WATER_M01,91.9,0.0,16.55,3.32,164.0,RUNNING,13.24,GOOD
2024-03-16 18:00:00,WATER_B01,91.9,0.0,16.3,3.32,171.0,RUNNING,13.04,GOOD
2024-03-16 19:00:00,WATER_M01,91.9,0.0,12.13,3.46,162.0,RUNNING,9.71,GOOD
2024-03-16 19:00:00,WATER_B01,91.9,0.0,15.98,3.56,173.0,RUNNING,12.78,GOOD
2024-03-16 20:00:00,WATER_M01,91.9,0.0,13.51,3.81,174.0,RUNNING,10.81,GOOD
2024-03-16 20:00:00,WATER_B01,91.9,0.0,12.59,3.4,176.0,RUNNING,10.07,GOOD
2024-03-16 21:00:00,WATER_M01,91.8,0.0,18.03,3.51,169.0,RUNNING,14.42,GOOD
2024-03-16 21:00:00,WATER_B01,91.9,0.0,15.72,3.45,180.0,RUNNING,12.57,GOOD
2024-03-16 22:00:00,WATER_M01,91.8,0.5,16.17,3.56,182.0,RUNNING,12.94,GOOD
2024-03-16 22:00:00,WATER_B01,91.9,0.0,11.14,3.52,179.0,RUNNING,8.91,GOOD
2024-03-16 23:00:00,WATER_M01,91.8,0.0,4.32,3.52,162.0,RUNNING,3.46,GOOD
2024-03-16 23:00:00,WATER_B01,91.9,0.0,4.76,3.91,162.0,RUNNING,3.8,GOOD
2024-03-17 00:00:00,WATER_M01,91.8,0.0,3.56,3.35,168.0,RUNNING,2.85,GOOD
2024-03-17 00:00:00,WATER_B01,91.8,0.0,2.48,3.3,167.0,RUNNING,1.98,GOOD
2024-03-17 01:00:00,WATER_M01,91.8,0.0,2.27,3.76,166.0,RUNNING,1.82,GOOD
2024-03-17 01:00:00,WATER_B01,91.8,0.0,2.38,3.61,169.0,RUNNING,1.9,GOOD
2024-03-17 02:00:00,WATER_M01,91.8,0.0,3.23,3.59,177.0,RUNNING,2.59,GOOD
2024-03-17 02:00:00,WATER_B01,91.8,0.0,1.88,3.52,173.0,RUNNING,1.5,GOOD
2024-03-17 03:00:00,WATER_M01,91.8,0.0,2.42,3.49,161.0,RUNNING,1.93,GOOD
2024-03-17 03:00:00,WATER_B01,91.8,0.0,5.47,3.55,161.0,RUNNING,4.38,GOOD
2024-03-17 04:00:00,WATER_M01,91.8,0.0,2.81,3.53,159.0,RUNNING,2.25,GOOD
2024-03-17 04:00:00,WATER_B01,91.8,0.0,3.88,3.29,162.0,RUNNING,3.1,GOOD
2024-03-17 05:00:00,WATER_M01,91.8,0.5,2.26,3.52,182.0,RUNNING,1.8,GOOD
2024-03-17 05:00:00,WATER_B01,91.8,0.0,3.23,3.51,163.0,RUNNING,2.58,GOOD
2024-03-17 06:00:00,WATER_M01,91.8,0.0,13.73,3.26,170.0,RUNNING,10.98,GOOD
2024-03-17 06:00:00,WATER_B01,91.8,0.0,12.64,3.56,166.0,RUNNING,10.11,GOOD
2024-03-17 07:00:00,WATER_M01,91.8,0.0,14.86,3.58,163.0,RUNNING,11.89,GOOD
2024-03-17 07:00:00,WATER_B01,91.8,0.0,14.19,3.65,178.0,RUNNING,11.35,GOOD
2024-03-17 08:00:00,WATER_M01,91.8,0.0,14.67,3.55,162.0,RUNNING,11.74,GOOD
2024-03-17 08:00:00,WATER_B01,91.8,0.0,18.41,3.42,169.0,RUNNING,14.73,GOOD
2024-03-17 09:00:00,WATER_M01,91.8,0.5,15.51,3.44,168.0,RUNNING,12.41,GOOD
2024-03-17 09:00:00,WATER_B01,91.8,0.5,14.94,3.28,166.0,RUNNING,11.96,GOOD
2024-03-17 10:00:00,WATER_M01,91.7,0.0,15.03,3.38,167.0,RUNNING,12.02,GOOD
2024-03-17 10:00:00,WATER_B01,91.8,0.0,15.91,3.62,168.0,RUNNING,12.72,GOOD
2024-03-17 11:00:00,WATER_M01,91.7,0.0,12.7,3.68,172.0,RUNNING,10.16,GOOD
2024-03-17 11:00:00,WATER_B01,91.7,0.0,14.28,3.58,170.0,RUNNING,11.43,GOOD
2024-03-17 12:00:00,WATER_M01,91.7,0.0,15.46,3.76,183.0,RUNNING,12.37,GOOD
2024-03-17 12:00:00,WATER_B01,91.7,0.0,17.27,3.36,171.0,RUNNING,13.82,GOOD
2024-03-17 13:00:00,WATER_M01,91.7,0.0,14.7,3.39,167.0,RUNNING,11.76,GOOD
2024-03-17 13:00:00,WATER_B01,91.7,0.0,14.04,3.05,162.0,RUNNING,11.23,GOOD
2024-03-17 14:00:00,WATER_M01,91.7,0.0,15.74,3.48,154.0,RUNNING,12.59,GOOD
2024-03-17 14:00:00,WATER_B01,91.7,0.0,16.63,3.45,178.0,RUNNING,13.31,GOOD
2024-03-17 15:00:00,WATER_M01,91.7,0.0,13.74,3.52,153.0,RUNNING,10.99,GOOD
2024-03-17 15:00:00,WATER_B01,91.7,0.0,14.5,3.49,171.0,RUNNING,11.6,GOOD
2024-03-17 16:00:00,WATER_M01,91.6,0.0,16.34,3.49,160.0,RUNNING,13.07,GOOD
2024-03-17 16:00:00,WATER_B01,91.7,0.0,12.35,3.21,178.0,RUNNING,9.88,GOOD
2024-03-17 17:00:00,WATER_M01,91.6,0.0,16.43,3.46,162.0,RUNNING,13.15,GOOD
2024-03-17 17:00:00,WATER_B01,91.7,0.0,14.89,3.38,170.0,RUNNING,11.91,GOOD
2024-03-17 18:00:00,WATER_M01,91.6,0.0,16.75,3.37,161.0,RUNNING,13.4,GOOD
2024-03-17 18:00:00,WATER_B01,91.6,0.0,13.56,3.7,173.0,RUNNING,10.85,GOOD
2024-03-17 19:00:00,WATER_M01,91.6,0.5,14.57,3.67,171.0,RUNNING,11.65,GOOD
2024-03-17 19:00:00,WATER_B01,91.6,0.0,14.54,3.44,173.0,RUNNING,11.63,GOOD
2024-03-17 20:00:00,WATER_M01,91.6,0.0,13.1,3.45,170.0,RUNNING,10.48,GOOD
2024-03-17 20:00:00,WATER_B01,91.6,0.0,16.12,3.5,183.0,RUNNING,12.89,GOOD
2024-03-17 21:00:00,WATER_M01,91.6,0.0,13.42,3.71,166.0,RUNNING,10.73,GOOD
2024-03-17 21:00:00,WATER_B01,91.6,0.0,15.93,3.52,156.0,RUNNING,12.75,GOOD
2024-03-17 22:00:00,WATER_M01,91.6,0.0,17.3,3.76,165.0,RUNNING,13.84,GOOD
2024-03-17 22:00:00,WATER_B01,91.6,0.0,16.36,3.26,170.0,RUNNING,13.09,GOOD
2024-03-17 23:00:00,WATER_M01,91.6,0.0,4.34,3.85,168.0,RUNNING,3.47,GOOD
2024-03-17 23:00:00,WATER_B01,91.6,0.0,4.75,3.6,172.0,RUNNING,3.8,GOOD
2024-03-18 00:00:00,WATER_M01,91.6,0.0,3.6,3.61,167.0,RUNNING,2.88,GOOD
2024-03-18 00:00:00,WATER_B01,91.6,0.0,2.95,3.13,168.0,RUNNING,2.36,GOOD
2024-03-18 01:00:00,WATER_M01,91.5,0.0,3.31,3.58,161.0,RUNNING,2.65,GOOD
2024-03-18 01:00:00,WATER_B01,91.6,0.5,2.96,3.41,179.0,RUNNING,2.37,GOOD
2024-03-18 02:00:00,WATER_M01,91.5,0.5,2.63,3.34,161.0,RUNNING,2.1,GOOD
2024-03-18 02:00:00,WATER_B01,91.6,0.0,3.87,3.89,163.0,RUNNING,3.1,GOOD
2024-03-18 03:00:00,WATER_M01,91.5,0.0,2.47,3.55,161.0,RUNNING,1.97,GOOD
2024-03-18 03:00:00,WATER_B01,91.6,0.0,2.49,3.82,162.0,RUNNING,1.99,GOOD
2024-03-18 04:00:00,WATER_M01,91.5,0.0,2.49,3.77,150.0,RUNNING,1.99,GOOD
2024-03-18 04:00:00,WATER_B01,91.6,0.0,4.79,3.45,163.0,RUNNING,3.84,GOOD
2024-03-18 05:00:00,WATER_M01,91.5,0.0,1.56,3.15,173.0,RUNNING,1.25,GOOD
2024-03-18 05:00:00,WATER_B01,91.5,0.0,4.29,3.54,160.0,RUNNING,3.43,GOOD
2024-03-18 06:00:00,WATER_M01,91.5,0.0,13.58,3.88,165.0,RUNNING,10.86,GOOD
2024-03-18 06:00:00,WATER_B01,91.5,0.5,18.05,3.66,168.0,RUNNING,14.44,GOOD
2024-03-18 07:00:00,WATER_M01,91.5,0.0,14.33,3.63,156.0,RUNNING,11.46,GOOD
2024-03-18 07:00:00,WATER_B01,91.5,0.0,16.8,3.57,161.0,RUNNING,13.44,GOOD
2024-03-18 08:00:00,WATER_M01,91.5,0.0,15.5,3.7,179.0,RUNNING,12.4,GOOD
2024-03-18 08:00:00,WATER_B01,91.5,0.0,14.11,3.44,167.0,RUNNING,11.29,GOOD
2024-03-18 09:00:00,WATER_M01,91.5,0.0,17.95,3.53,186.0,RUNNING,14.36,GOOD
2024-03-18 09:00:00,WATER_B01,91.5,0.0,13.97,3.49,166.0,RUNNING,11.17,GOOD
2024-03-18 10:00:00,WATER_M01,91.5,0.0,16.0,3.19,174.0,RUNNING,12.8,GOOD
2024-03-18 10:00:00,WATER_B01,91.5,0.5,12.62,3.88,163.0,RUNNING,10.1,GOOD
2024-03-18 11:00:00,WATER_M01,91.4,0.0,17.42,3.42,177.0,RUNNING,13.94,GOOD
2024-03-18 11:00:00,WATER_B01,91.5,0.0,17.95,3.29,176.0,RUNNING,14.36,GOOD
2024-03-18 12:00:00,WATER_M01,91.4,0.0,13.47,3.47,166.0,RUNNING,10.77,GOOD
2024-03-18 12:00:00,WATER_B01,91.4,0.0,16.92,3.65,172.0,RUNNING,13.54,GOOD
2024-03-18 13:00:00,WATER_M01,91.4,0.0,15.39,3.4,161.0,RUNNING,12.31,GOOD
2024-03-18 13:00:00,WATER_B01,91.4,0.0,15.42,3.6,177.0,RUNNING,12.33,GOOD
2024-03-18 14:00:00,WATER_M01,91.4,0.0,13.89,3.22,154.0,RUNNING,11.11,GOOD
2024-03-18 14:00:00,WATER_B01,91.4,0.0,14.74,3.25,156.0,RUNNING,11.79,GOOD
2024-03-18 15:00:00,WATER_M01,91.4,0.0,18.15,3.72,165.0,RUNNING,14.52,GOOD
2024-03-18 15:00:00,WATER_B01,91.4,0.0,12.34,3.62,154.0,RUNNING,9.87,GOOD
2024-03-18 16:00:00,WATER_M01,91.4,0.0,14.34,3.7,155.0,RUNNING,11.47,GOOD
2024-03-18 16:00:00,WATER_B01,91.4,0.0,13.16,3.81,178.0,RUNNING,10.53,GOOD
2024-03-18 17:00:00,WATER_M01,91.4,0.0,12.61,3.65,163.0,RUNNING,10.09,GOOD
2024-03-18 17:00:00,WATER_B01,91.4,0.0,14.72,3.34,163.0,RUNNING,11.77,GOOD
2024-03-18 18:00:00,WATER_M01,91.3,0.0,12.08,3.56,173.0,RUNNING,9.66,GOOD
2024-03-18 18:00:00,WATER_B01,91.4,0.0,17.52,3.49,155.0,RUNNING,14.02,GOOD
2024-03-18 19:00:00,WATER_M01,91.3,0.0,13.47,3.8,169.0,RUNNING,10.77,GOOD
2024-03-18 19:00:00,WATER_B01,91.3,0.5,13.61,3.31,159.0,RUNNING,10.88,GOOD
2024-03-18 20:00:00,WATER_M01,91.3,0.0,14.38,3.55,175.0,RUNNING,11.5,GOOD
2024-03-18 20:00:00,WATER_B01,91.3,0.0,18.9,3.6,162.0,RUNNING,15.12,GOOD
2024-03-18 21:00:00,WATER_M01,91.3,0.0,13.4,3.56,162.0,RUNNING,10.72,GOOD
2024-03-18 21:00:00,WATER_B01,91.3,0.0,17.34,3.24,184.0,RUNNING,13.88,GOOD
2024-03-18 22:00:00,WATER_M01,91.3,0.0,20.7,3.79,170.0,RUNNING,16.56,GOOD
2024-03-18 22:00:00,WATER_B01,91.3,0.0,13.22,3.23,162.0,RUNNING,10.57,GOOD
2024-03-18 23:00:00,WATER_M01,91.3,0.0,4.74,3.88,169.0,RUNNING,3.79,GOOD
2024-03-18 23:00:00,WATER_B01,91.3,0.0,1.05,3.13,186.0,RUNNING,0.84,GOOD
2024-03-19 00:00:00,WATER_M01,91.3,0.0,2.17,3.24,173.0,RUNNING,1.74,GOOD
2024-03-19 00:00:00,WATER_B01,91.3,0.0,3.11,3.42,160.0,RUNNING,2.48,GOOD
2024-03-19 01:00:00,WATER_M01,91.3,0.0,3.92,3.27,164.0,RUNNING,3.14,GOOD
2024-03-19 01:00:00,WATER_B01,91.3,0.0,4.11,3.22,184.0,RUNNING,3.29,GOOD
2024-03-19 02:00:00,WATER_M01,91.3,0.0,2.07,3.39,178.0,RUNNING,1.66,GOOD
2024-03-19 02:00:00,WATER_B01,91.3,0.0,1.66,3.71,173.0,RUNNING,1.33,GOOD
2024-03-19 03:00:00,WATER_M01,91.3,0.0,1.65,3.51,155.0,RUNNING,1.32,GOOD
2024-03-19 03:00:00,WATER_B01,91.3,0.0,1.55,3.34,149.0,RUNNING,1.24,GOOD
2024-03-19 04:00:00,WATER_M01,91.3,0.0,2.52,3.49,157.0,RUNNING,2.01,GOOD
2024-03-19 04:00:00,WATER_B01,91.3,0.0,2.85,3.55,167.0,RUNNING,2.28,GOOD
2024-03-19 05:00:00,WATER_M01,91.3,0.0,3.09,3.2,171.0,RUNNING,2.47,GOOD
2024-03-19 05:00:00,WATER_B01,91.3,0.0,3.3,3.61,161.0,RUNNING,2.64,GOOD
2024-03-19 06:00:00,WATER_M01,91.2,0.0,17.55,3.73,140.0,RUNNING,14.04,GOOD
2024-03-19 06:00:00,WATER_B01,91.3,0.0,18.35,3.66,165.0,RUNNING,14.68,GOOD
2024-03-19 07:00:00,WATER_M01,91.2,0.0,13.27,3.38,175.0,RUNNING,10.62,GOOD
2024-03-19 07:00:00,WATER_B01,91.2,0.0,15.16,3.41,155.0,RUNNING,12.13,GOOD
2024-03-19 08:00:00,WATER_M01,91.2,0.5,16.62,3.72,166.0,RUNNING,13.29,GOOD
2024-03-19 08:00:00,WATER_B01,91.2,0.0,15.17,3.33,165.0,RUNNING,12.14,GOOD
2024-03-19 09:00:00,WATER_M01,91.2,0.0,18.06,3.64,176.0,RUNNING,14.45,GOOD
2024-03-19 09:00:00,WATER_B01,91.2,0.0,15.06,3.38,177.0,RUNNING,12.04,GOOD
2024-03-19 10:00:00,WATER_M01,91.2,0.0,13.69,3.66,159.0,RUNNING,10.95,GOOD
2024-03-19 10:00:00,WATER_B01,91.2,0.0,13.65,3.78,160.0,RUNNING,10.92,GOOD
2024-03-19 11:00:00,WATER_M01,91.2,0.5,16.21,3.43,168.0,RUNNING,12.97,GOOD
2024-03-19 11:00:00,WATER_B01,91.2,0.5,11.48,3.46,148.0,RUNNING,9.18,GOOD
2024-03-19 12:00:00,WATER_M01,91.2,0.0,13.82,3.66,167.0,RUNNING,11.06,GOOD
2024-03-19 12:00:00,WATER_B01,91.2,0.0,18.88,3.74,197.0,RUNNING,15.11,GOOD
2024-03-19 13:00:00,WATER_M01,91.1,0.0,19.01,3.21,174.0,RUNNING,15.21,GOOD
2024-03-19 13:00:00,WATER_B01,91.2,0.0,13.98,3.73,154.0,RUNNING,11.18,GOOD
2024-03-19 14:00:00,WATER_M01,91.1,0.0,15.51,3.91,183.0,RUNNING,12.41,GOOD
2024-03-19 14:00:00,WATER_B01,91.1,0.0,17.01,3.52,182.0,RUNNING,13.61,GOOD
2024-03-19 15:00:00,WATER_M01,91.1,0.0,15.57,3.53,155.0,RUNNING,12.45,GOOD
2024-03-19 15:00:00,WATER_B01,91.1,0.0,14.96,3.85,161.0,RUNNING,11.97,GOOD
2024-03-19 16:00:00,WATER_M01,91.1,0.0,13.31,3.32,153.0,RUNNING,10.65,GOOD
2024-03-19 16:00:00,WATER_B01,91.1,0.0,18.94,3.08,166.0,RUNNING,15.15,GOOD
2024-03-19 17:00:00,WATER_M01,91.1,0.0,15.54,3.51,152.0,RUNNING,12.43,GOOD
2024-03-19 17:00:00,WATER_B01,91.1,0.0,13.69,3.73,162.0,RUNNING,10.95,GOOD
2024-03-19 18:00:00,WATER_M01,91.1,0.5,11.88,3.45,163.0,RUNNING,9.5,GOOD
2024-03-19 18:00:00,WATER_B01,91.1,0.0,13.24,3.35,182.0,RUNNING,10.59,GOOD
2024-03-19 19:00:00,WATER_M01,91.0,0.0,14.13,3.46,175.0,RUNNING,11.31,GOOD
2024-03-19 19:00:00,WATER_B01,91.1,0.0,13.16,3.67,170.0,RUNNING,10.52,GOOD
2024-03-19 20:00:00,WATER_M01,91.0,0.0,15.46,3.05,149.0,RUNNING,12.37,GOOD
2024-03-19 20:00:00,WATER_B01,91.0,0.0,15.25,3.55,174.0,RUNNING,12.2,GOOD
2024-03-19 21:00:00,WATER_M01,91.0,0.0,10.93,3.59,165.0,RUNNING,8.74,GOOD
2024-03-19 21:00:00,WATER_B01,91.0,0.0,12.81,3.63,181.0,RUNNING,10.25,GOOD
2024-03-19 22:00:00,WATER_M01,91.0,0.0,16.18,3.78,176.0,RUNNING,12.95,GOOD
2024-03-19 22:00:00,WATER_B01,91.0,0.0,16.04,3.73,164.0,RUNNING,12.83,GOOD
2024-03-19 23:00:00,WATER_M01,91.0,0.0,3.09,3.65,173.0,RUNNING,2.47,GOOD
2024-03-19 23:00:00,WATER_B01,91.0,0.0,2.68,3.63,170.0,RUNNING,2.14,GOOD
2024-03-20 00:00:00,WATER_M01,91.0,0.0,3.54,3.57,177.0,RUNNING,2.83,GOOD
2024-03-20 00:00:00,WATER_B01,91.0,0.0,2.34,3.47,188.0,RUNNING,1.87,GOOD
2024-03-20 01:00:00,WATER_M01,91.0,0.0,4.05,3.49,163.0,RUNNING,3.24,GOOD
2024-03-20 01:00:00,WATER_B01,91.0,0.0,2.75,3.27,162.0,RUNNING,2.2,GOOD
2024-03-20 02:00:00,WATER_M01,91.0,0.0,4.35,3.29,173.0,RUNNING,3.48,GOOD
2024-03-20 02:00:00,WATER_B01,91.0,0.0,3.44,3.03,156.0,RUNNING,2.75,GOOD
2024-03-20 03:00:00,WATER_M01,91.0,0.0,1.32,3.48,174.0,RUNNING,1.06,GOOD
2024-03-20 03:00:00,WATER_B01,91.0,0.0,3.14,3.51,170.0,RUNNING,2.51,GOOD
2024-03-20 04:00:00,WATER_M01,91.0,0.0,3.35,3.67,150.0,RUNNING,2.68,GOOD
2024-03-20 04:00:00,WATER_B01,91.0,0.0,1.1,3.72,164.0,RUNNING,0.88,GOOD
2024-03-20 05:00:00,WATER_M01,91.0,0.0,2.84,3.72,170.0,RUNNING,2.27,GOOD
2024-03-20 05:00:00,WATER_B01,91.0,0.0,2.28,3.41,167.0,RUNNING,1.83,GOOD
2024-03-20 06:00:00,WATER_M01,91.0,0.0,15.9,3.66,168.0,RUNNING,12.72,GOOD
2024-03-20 06:00:00,WATER_B01,91.0,0.0,19.67,3.28,180.0,RUNNING,15.73,GOOD
2024-03-20 07:00:00,WATER_M01,91.0,0.0,10.84,3.3,144.0,RUNNING,8.68,GOOD
2024-03-20 07:00:00,WATER_B01,91.0,0.5,15.01,3.65,169.0,RUNNING,12.01,GOOD
2024-03-20 08:00:00,WATER_M01,90.9,0.0,13.49,3.38,149.0,RUNNING,10.79,GOOD
2024-03-20 08:00:00,WATER_B01,91.0,0.5,11.39,3.72,169.0,RUNNING,9.11,GOOD
2024-03-20 09:00:00,WATER_M01,90.9,0.0,11.39,3.5,169.0,RUNNING,9.11,GOOD
2024-03-20 09:00:00,WATER_B01,90.9,0.0,13.4,3.37,176.0,RUNNING,10.72,GOOD
2024-03-20 10:00:00,WATER_M01,90.9,0.0,14.98,3.65,172.0,RUNNING,11.98,GOOD
2024-03-20 10:00:00,WATER_B01,90.9,0.0,17.84,3.56,168.0,RUNNING,14.27,GOOD
2024-03-20 11:00:00,WATER_M01,90.9,0.0,19.91,3.59,171.0,RUNNING,15.93,GOOD
2024-03-20 11:00:00,WATER_B01,90.9,0.0,16.13,3.72,177.0,RUNNING,12.91,GOOD
2024-03-20 12:00:00,WATER_M01,95.0,50.0,16.5,3.49,180.0,RUNNING,13.2,GOOD
2024-03-20 12:00:00,WATER_B01,95.0,50.0,16.59,3.37,168.0,RUNNING,13.27,GOOD
2024-03-20 13:00:00,WATER_M01,95.0,0.0,17.54,3.37,127.0,RUNNING,14.03,GOOD
2024-03-20 13:00:00,WATER_B01,95.0,0.0,17.73,3.71,156.0,RUNNING,14.18,GOOD
2024-03-20 14:00:00,WATER_M01,95.0,0.0,16.68,3.7,162.0,RUNNING,13.35,GOOD
2024-03-20 14:00:00,WATER_B01,95.0,0.0,13.75,3.35,165.0,RUNNING,11.0,GOOD
2024-03-20 15:00:00,WATER_M01,95.0,0.0,14.17,3.13,151.0,RUNNING,11.34,GOOD
2024-03-20 15:00:00,WATER_B01,95.0,0.0,17.92,3.58,153.0,RUNNING,14.34,GOOD
2024-03-20 16:00:00,WATER_M01,94.9,0.0,16.74,3.58,172.0,RUNNING,13.4,GOOD
2024-03-20 16:00:00,WATER_B01,94.9,0.0,18.15,3.35,158.0,RUNNING,14.52,GOOD
2024-03-20 17:00:00,WATER_M01,94.9,0.0,14.75,3.66,164.0,RUNNING,11.8,GOOD
2024-03-20 17:00:00,WATER_B01,94.9,0.0,16.07,3.55,160.0,RUNNING,12.85,GOOD
2024-03-20 18:00:00,WATER_M01,94.9,0.0,13.67,3.46,162.0,RUNNING,10.94,GOOD
2024-03-20 18:00:00,WATER_B01,94.9,0.0,13.59,3.78,174.0,RUNNING,10.87,GOOD
2024-03-20 19:00:00,WATER_M01,94.9,0.0,15.74,3.3,156.0,RUNNING,12.59,GOOD
2024-03-20 19:00:00,WATER_B01,94.9,0.0,18.5,3.41,148.0,RUNNING,14.8,GOOD
2024-03-20 20:00:00,WATER_M01,94.9,0.0,16.01,3.53,168.0,RUNNING,12.81,GOOD
2024-03-20 20:00:00,WATER_B01,94.9,0.5,11.92,3.66,156.0,RUNNING,9.53,GOOD
2024-03-20 21:00:00,WATER_M01,94.9,0.0,17.87,3.33,166.0,RUNNING,14.3,GOOD
2024-03-20 21:00:00,WATER_B01,94.9,0.0,12.36,3.57,163.0,RUNNING,9.88,GOOD
2024-03-20 22:00:00,WATER_M01,94.8,0.0,17.72,3.63,156.0,RUNNING,14.18,GOOD
2024-03-20 22:00:00,WATER_B01,94.8,0.0,16.39,3.68,143.0,RUNNING,13.11,GOOD
2024-03-20 23:00:00,WATER_M01,94.8,0.0,3.68,3.36,157.0,RUNNING,2.94,GOOD
2024-03-20 23:00:00,WATER_B01,94.8,0.0,3.25,3.75,153.0,RUNNING,2.6,GOOD
2024-03-21 00:00:00,WATER_M01,94.8,0.0,2.96,3.55,165.0,RUNNING,2.37,GOOD
2024-03-21 00:00:00,WATER_B01,94.8,0.0,2.44,3.63,167.0,RUNNING,1.96,GOOD
2024-03-21 01:00:00,WATER_M01,94.8,0.0,2.64,3.5,178.0,RUNNING,2.11,GOOD
2024-03-21 01:00:00,WATER_B01,94.8,0.0,2.08,3.18,159.0,RUNNING,1.67,GOOD
2024-03-21 02:00:00,WATER_M01,94.8,0.0,2.19,3.44,177.0,RUNNING,1.75,GOOD
2024-03-21 02:00:00,WATER_B01,94.8,0.0,2.19,3.21,159.0,RUNNING,1.75,GOOD
2024-03-21 03:00:00,WATER_M01,94.8,0.0,4.09,3.61,179.0,RUNNING,3.27,GOOD
2024-03-21 03:00:00,WATER_B01,94.8,0.0,4.78,3.62,157.0,RUNNING,3.82,GOOD
2024-03-21 04:00:00,WATER_M01,94.8,0.5,4.49,3.23,172.0,RUNNING,3.59,GOOD
2024-03-21 04:00:00,WATER_B01,94.8,0.0,3.6,3.43,165.0,RUNNING,2.88,GOOD
2024-03-21 05:00:00,WATER_M01,94.8,0.0,5.01,3.66,158.0,RUNNING,4.01,GOOD
2024-03-21 05:00:00,WATER_B01,94.8,0.0,2.17,3.21,148.0,RUNNING,1.74,GOOD
2024-03-21 06:00:00,WATER_M01,94.8,0.0,13.1,3.39,161.0,RUNNING,10.48,GOOD
2024-03-21 06:00:00,WATER_B01,94.8,0.0,13.73,3.44,154.0,RUNNING,10.98,GOOD
2024-03-21 07:00:00,WATER_M01,94.8,0.0,14.59,3.41,159.0,RUNNING,11.67,GOOD
2024-03-21 07:00:00,WATER_B01,94.8,0.0,16.21,3.72,162.0,RUNNING,12.97,GOOD
2024-03-21 08:00:00,WATER_M01,94.8,0.0,11.48,3.45,161.0,RUNNING,9.18,GOOD
2024-03-21 08:00:00,WATER_B01,94.8,0.0,13.79,3.35,154.0,RUNNING,11.03,GOOD
2024-03-21 09:00:00,WATER_M01,94.8,0.0,11.89,3.56,173.0,RUNNING,9.52,GOOD
2024-03-21 09:00:00,WATER_B01,94.8,0.0,14.77,3.7,149.0,RUNNING,11.81,GOOD
2024-03-21 10:00:00,WATER_M01,94.7,0.0,13.66,3.47,180.0,RUNNING,10.93,GOOD
2024-03-21 10:00:00,WATER_B01,94.8,0.0,15.04,3.26,156.0,RUNNING,12.03,GOOD
2024-03-21 11:00:00,WATER_M01,94.7,0.0,13.69,3.24,156.0,RUNNING,10.95,GOOD
2024-03-21 11:00:00,WATER_B01,94.7,0.0,15.29,3.32,153.0,RUNNING,12.23,GOOD
2024-03-21 12:00:00,WATER_M01,94.7,0.0,16.64,3.56,150.0,RUNNING,13.31,GOOD
2024-03-21 12:00:00,WATER_B01,94.7,0.0,15.28,3.5,165.0,RUNNING,12.23,GOOD
2024-03-21 13:00:00,WATER_M01,94.7,0.0,15.49,4.0,181.0,RUNNING,12.39,GOOD
2024-03-21 13:00:00,WATER_B01,94.7,0.0,13.01,3.74,175.0,RUNNING,10.41,GOOD
2024-03-21 14:00:00,WATER_M01,94.7,0.0,14.67,3.67,153.0,RUNNING,11.74,GOOD
2024-03-21 14:00:00,WATER_B01,94.7,0.0,16.66,3.45,154.0,RUNNING,13.33,GOOD
2024-03-21 15:00:00,WATER_M01,94.7,0.0,15.33,3.54,143.0,RUNNING,12.27,GOOD
2024-03-21 15:00:00,WATER_B01,94.7,0.0,14.44,3.58,161.0,RUNNING,11.55,GOOD
2024-03-21 16:00:00,WATER_M01,94.7,0.0,18.85,3.41,168.0,RUNNING,15.08,GOOD
2024-03-21 16:00:00,WATER_B01,94.7,0.0,16.02,3.09,171.0,RUNNING,12.82,GOOD
2024-03-21 17:00:00,WATER_M01,94.6,0.0,13.87,3.56,159.0,RUNNING,11.09,GOOD
2024-03-21 17:00:00,WATER_B01,94.6,0.0,14.52,3.65,162.0,RUNNING,11.62,GOOD
2024-03-21 18:00:00,WATER_M01,94.6,0.0,11.47,3.71,180.0,RUNNING,9.18,GOOD
2024-03-21 18:00:00,WATER_B01,94.6,0.0,16.66,3.15,162.0,RUNNING,13.33,GOOD
2024-03-21 19:00:00,WATER_M01,94.6,0.0,13.79,3.16,158.0,RUNNING,11.03,GOOD
2024-03-21 19:00:00,WATER_B01,94.6,0.0,16.76,3.7,159.0,RUNNING,13.41,GOOD
2024-03-21 20:00:00,WATER_M01,94.6,0.5,18.15,3.48,164.0,RUNNING,14.52,GOOD
2024-03-21 20:00:00,WATER_B01,94.6,0.5,12.85,3.53,172.0,RUNNING,10.28,GOOD
2024-03-21 21:00:00,WATER_M01,94.6,0.0,14.79,3.59,169.0,RUNNING,11.83,GOOD
2024-03-21 21:00:00,WATER_B01,94.6,0.0,15.51,3.19,150.0,RUNNING,12.41,GOOD
2024-03-21 22:00:00,WATER_M01,94.6,0.0,15.43,3.21,163.0,RUNNING,12.35,GOOD
2024-03-21 22:00:00,WATER_B01,94.6,0.0,14.19,3.5,157.0,RUNNING,11.35,GOOD
2024-03-21 23:00:00,WATER_M01,94.6,0.0,0.53,3.55,165.0,RUNNING,0.42,GOOD
2024-03-21 23:00:00,WATER_B01,94.6,0.5,2.91,3.64,167.0,RUNNING,2.33,GOOD
2024-03-22 00:00:00,WATER_M01,94.6,0.0,3.1,3.6,159.0,RUNNING,2.48,GOOD
2024-03-22 00:00:00,WATER_B01,94.6,0.0,3.17,3.48,160.0,RUNNING,2.53,GOOD
2024-03-22 01:00:00,WATER_M01,94.6,0.5,1.9,3.7,158.0,RUNNING,1.52,GOOD
2024-03-22 01:00:00,WATER_B01,94.6,0.0,4.23,3.26,167.0,RUNNING,3.39,GOOD
2024-03-22 02:00:00,WATER_M01,94.6,0.0,3.7,3.29,155.0,RUNNING,2.96,GOOD
2024-03-22 02:00:00,WATER_B01,94.6,0.0,5.14,3.31,161.0,RUNNING,4.11,GOOD
2024-03-22 03:00:00,WATER_M01,94.6,0.5,3.14,3.39,165.0,RUNNING,2.51,GOOD
2024-03-22 03:00:00,WATER_B01,94.6,0.0,2.57,3.48,158.0,RUNNING,2.06,GOOD
2024-03-22 04:00:00,WATER_M01,94.6,0.0,2.14,3.22,153.0,RUNNING,1.72,GOOD
2024-03-22 04:00:00,WATER_B01,94.5,0.0,2.86,3.67,167.0,RUNNING,2.28,GOOD
2024-03-22 05:00:00,WATER_M01,94.6,0.0,4.43,3.54,179.0,RUNNING,3.54,GOOD
2024-03-22 05:00:00,WATER_B01,94.5,0.0,1.58,3.34,175.0,RUNNING,1.26,GOOD
2024-03-22 06:00:00,WATER_M01,94.5,0.0,16.7,3.76,158.0,RUNNING,13.36,GOOD
2024-03-22 06:00:00,WATER_B01,94.5,0.0,17.19,3.41,155.0,RUNNING,13.76,GOOD
2024-03-22 07:00:00,WATER_M01,94.5,0.0,14.9,3.45,187.0,RUNNING,11.92,GOOD
2024-03-22 07:00:00,WATER_B01,94.5,0.0,16.76,3.69,159.0,RUNNING,13.41,GOOD
2024-03-22 08:00:00,WATER_M01,94.5,0.0,19.15,3.59,151.0,RUNNING,15.32,GOOD
2024-03-22 08:00:00,WATER_B01,94.5,0.0,13.52,3.43,164.0,RUNNING,10.81,GOOD
2024-03-22 09:00:00,WATER_M01,94.5,0.0,14.6,3.42,172.0,RUNNING,11.68,GOOD
2024-03-22 09:00:00,WATER_B01,94.5,0.0,17.81,3.41,156.0,RUNNING,14.25,GOOD
2024-03-22 10:00:00,WATER_M01,94.5,0.0,11.19,3.39,159.0,RUNNING,8.95,GOOD
2024-03-22 10:00:00,WATER_B01,94.5,0.0,15.26,3.73,165.0,RUNNING,12.21,GOOD
2024-03-22 11:00:00,WATER_M01,94.5,0.0,16.42,3.72,149.0,RUNNING,13.14,GOOD
2024-03-22 11:00:00,WATER_B01,94.5,0.0,16.86,3.29,159.0,RUNNING,13.49,GOOD
2024-03-22 12:00:00,WATER_M01,94.4,0.0,15.63,3.74,152.0,RUNNING,12.5,GOOD
2024-03-22 12:00:00,WATER_B01,94.4,0.0,14.45,3.33,155.0,RUNNING,11.56,GOOD
2024-03-22 13:00:00,WATER_M01,94.4,0.0,13.56,4.11,173.0,RUNNING,10.85,GOOD
2024-03-22 13:00:00,WATER_B01,94.4,0.0,17.68,3.44,151.0,RUNNING,14.15,GOOD
2024-03-22 14:00:00,WATER_M01,94.4,0.0,15.79,3.42,159.0,RUNNING,12.63,GOOD
2024-03-22 14:00:00,WATER_B01,94.4,0.0,14.14,3.44,150.0,RUNNING,11.31,GOOD
2024-03-22 15:00:00,WATER_M01,94.4,0.0,9.55,3.3,158.0,RUNNING,7.64,GOOD
2024-03-22 15:00:00,WATER_B01,94.4,0.0,11.21,3.5,148.0,RUNNING,8.97,GOOD
2024-03-22 16:00:00,WATER_M01,94.4,0.0,15.37,3.38,159.0,RUNNING,12.3,GOOD
2024-03-22 16:00:00,WATER_B01,94.4,0.0,12.75,3.24,168.0,RUNNING,10.2,GOOD
2024-03-22 17:00:00,WATER_M01,94.4,0.0,19.13,3.41,166.0,RUNNING,15.31,GOOD
2024-03-22 17:00:00,WATER_B01,94.4,0.0,14.59,3.57,174.0,RUNNING,11.68,GOOD
2024-03-22 18:00:00,WATER_M01,94.4,0.0,12.86,3.51,177.0,RUNNING,10.29,GOOD
2024-03-22 18:00:00,WATER_B01,94.4,0.0,13.1,3.46,167.0,RUNNING,10.48,GOOD
2024-03-22 19:00:00,WATER_M01,94.3,0.0,16.22,3.6,159.0,RUNNING,12.97,GOOD
2024-03-22 19:00:00,WATER_B01,94.3,0.0,13.91,3.26,174.0,RUNNING,11.13,GOOD
2024-03-22 20:00:00,WATER_M01,94.3,0.0,13.14,3.46,173.0,RUNNING,10.51,GOOD
2024-03-22 20:00:00,WATER_B01,94.3,0.0,13.34,3.89,166.0,RUNNING,10.67,GOOD
2024-03-22 21:00:00,WATER_M01,94.3,0.0,14.46,3.14,152.0,RUNNING,11.57,GOOD
2024-03-22 21:00:00,WATER_B01,94.3,0.0,14.26,3.62,153.0,RUNNING,11.41,GOOD
2024-03-22 22:00:00,WATER_M01,94.3,0.0,16.54,3.64,150.0,RUNNING,13.23,GOOD
2024-03-22 22:00:00,WATER_B01,94.3,0.0,11.08,3.39,177.0,RUNNING,8.86,GOOD
2024-03-22 23:00:00,WATER_M01,94.3,0.0,3.98,3.29,175.0,RUNNING,3.18,GOOD
2024-03-22 23:00:00,WATER_B01,94.3,0.5,2.06,3.19,166.0,RUNNING,1.65,GOOD
2024-03-23 00:00:00,WATER_M01,94.3,0.0,1.58,3.44,176.0,RUNNING,1.26,GOOD
2024-03-23 00:00:00,WATER_B01,94.3,0.0,3.89,3.37,173.0,RUNNING,3.11,GOOD
2024-03-23 01:00:00,WATER_M01,94.3,0.0,2.2,3.62,174.0,RUNNING,1.76,GOOD
2024-03-23 01:00:00,WATER_B01,94.3,0.0,2.02,3.38,168.0,RUNNING,1.62,GOOD
2024-03-23 02:00:00,WATER_M01,94.3,0.0,2.25,3.05,161.0,RUNNING,1.8,GOOD
2024-03-23 02:00:00,WATER_B01,94.3,0.0,2.59,3.13,163.0,RUNNING,2.07,GOOD
2024-03-23 03:00:00,WATER_M01,94.3,0.0,4.48,3.14,163.0,RUNNING,3.58,GOOD
2024-03-23 03:00:00,WATER_B01,94.3,0.0,1.48,3.66,178.0,RUNNING,1.18,GOOD
2024-03-23 04:00:00,WATER_M01,94.3,0.0,3.67,3.76,159.0,RUNNING,2.94,GOOD
2024-03-23 04:00:00,WATER_B01,94.3,0.0,1.7,3.48,150.0,RUNNING,1.36,GOOD
2024-03-23 05:00:00,WATER_M01,94.3,0.0,4.63,3.08,160.0,RUNNING,3.71,GOOD
2024-03-23 05:00:00,WATER_B01,94.3,0.0,3.21,3.67,154.0,RUNNING,2.57,GOOD
2024-03-23 06:00:00,WATER_M01,94.3,0.0,15.0,3.51,153.0,RUNNING,12.0,GOOD
2024-03-23 06:00:00,WATER_B01,94.3,0.0,13.3,3.81,160.0,RUNNING,10.64,GOOD
2024-03-23 07:00:00,WATER_M01,94.2,0.0,11.95,3.33,167.0,RUNNING,9.56,GOOD
2024-03-23 07:00:00,WATER_B01,94.3,0.0,14.6,3.17,152.0,RUNNING,11.68,GOOD
2024-03-23 08:00:00,WATER_M01,94.2,0.5,17.15,3.89,169.0,RUNNING,13.72,GOOD
2024-03-23 08:00:00,WATER_B01,94.2,0.0,12.49,4.04,163.0,RUNNING,10.0,GOOD
2024-03-23 09:00:00,WATER_M01,94.2,0.0,14.51,3.55,153.0,RUNNING,11.61,GOOD
2024-03-23 09:00:00,WATER_B01,94.2,0.0,15.85,3.13,163.0,RUNNING,12.68,GOOD
2024-03-23 10:00:00,WATER_M01,94.2,0.0,13.47,3.32,168.0,RUNNING,10.78,GOOD
2024-03-23 10:00:00,WATER_B01,94.2,0.0,13.72,3.58,158.0,RUNNING,10.98,GOOD
2024-03-23 11:00:00,WATER_M01,94.2,0.0,15.37,3.73,158.0,RUNNING,12.3,GOOD
2024-03-23 11:00:00,WATER_B01,94.2,0.0,14.09,3.36,185.0,RUNNING,11.27,GOOD
2024-03-23 12:00:00,WATER_M01,94.2,0.0,14.83,3.23,131.0,RUNNING,11.87,GOOD
2024-03-23 12:00:00,WATER_B01,94.2,0.0,12.44,3.47,164.0,RUNNING,9.95,GOOD
2024-03-23 13:00:00,WATER_M01,94.2,0.0,15.8,3.57,165.0,RUNNING,12.64,GOOD
2024-03-23 13:00:00,WATER_B01,94.2,0.0,12.62,3.59,162.0,RUNNING,10.1,GOOD
2024-03-23 14:00:00,WATER_M01,94.1,0.0,17.64,3.65,166.0,RUNNING,14.11,GOOD
2024-03-23 14:00:00,WATER_B01,94.2,0.5,14.57,3.65,173.0,RUNNING,11.66,GOOD
2024-03-23 15:00:00,WATER_M01,94.1,0.0,14.63,3.77,166.0,RUNNING,11.7,GOOD
2024-03-23 15:00:00,WATER_B01,94.1,0.0,13.52,3.91,162.0,RUNNING,10.82,GOOD
2024-03-23 16:00:00,WATER_M01,94.1,0.0,14.02,3.63,153.0,RUNNING,11.22,GOOD
2024-03-23 16:00:00,WATER_B01,94.1,0.5,19.78,3.19,168.0,RUNNING,15.82,GOOD
2024-03-23 17:00:00,WATER_M01,94.1,0.0,18.64,3.6,169.0,RUNNING,14.91,GOOD
2024-03-23 17:00:00,WATER_B01,94.1,0.0,14.17,3.64,174.0,RUNNING,11.34,GOOD
2024-03-23 18:00:00,WATER_M01,94.1,0.0,16.78,3.07,152.0,RUNNING,13.42,GOOD
2024-03-23 18:00:00,WATER_B01,94.1,0.0,10.27,3.3,160.0,RUNNING,8.22,GOOD
2024-03-23 19:00:00,WATER_M01,94.1,0.0,17.8,3.63,164.0,RUNNING,14.24,GOOD
2024-03-23 19:00:00,WATER_B01,94.1,0.0,14.76,3.06,179.0,RUNNING,11.81,GOOD
2024-03-23 20:00:00,WATER_M01,94.0,0.0,15.3,3.49,152.0,RUNNING,12.24,GOOD
2024-03-23 20:00:00,WATER_B01,94.1,0.0,17.58,3.5,160.0,RUNNING,14.07,GOOD
2024-03-23 21:00:00,WATER_M01,94.0,0.0,15.02,3.15,155.0,RUNNING,12.02,GOOD
2024-03-23 21:00:00,WATER_B01,94.1,0.5,16.59,3.79,162.0,RUNNING,13.27,GOOD
2024-03-23 22:00:00,WATER_M01,94.0,0.0,15.3,3.61,167.0,RUNNING,12.24,GOOD
2024-03-23 22:00:00,WATER_B01,94.0,0.0,16.87,3.82,180.0,RUNNING,13.5,GOOD
2024-03-23 23:00:00,WATER_M01,94.0,0.0,2.95,3.57,177.0,RUNNING,2.36,GOOD
2024-03-23 23:00:00,WATER_B01,94.0,0.0,3.67,3.51,190.0,RUNNING,2.94,GOOD
2024-03-24 00:00:00,WATER_M01,94.0,0.0,3.78,3.43,153.0,RUNNING,3.02,GOOD
2024-03-24 00:00:00,WATER_B01,94.0,0.0,3.6,3.8,169.0,RUNNING,2.88,GOOD
2024-03-24 01:00:00,WATER_M01,94.0,0.0,4.22,3.56,171.0,RUNNING,3.37,GOOD
2024-03-24 01:00:00,WATER_B01,94.0,0.0,3.43,3.42,156.0,RUNNING,2.74,GOOD
2024-03-24 02:00:00,WATER_M01,94.0,0.0,4.06,3.29,150.0,RUNNING,3.25,GOOD
2024-03-24 02:00:00,WATER_B01,94.0,0.0,3.2,3.15,171.0,RUNNING,2.56,GOOD
2024-03-24 03:00:00,WATER_M01,94.0,0.0,1.59,3.78,173.0,RUNNING,1.28,GOOD
2024-03-24 03:00:00,WATER_B01,94.0,0.0,3.61,3.58,156.0,RUNNING,2.89,GOOD
2024-03-24 04:00:00,WATER_M01,94.0,0.0,2.66,3.65,163.0,RUNNING,2.13,GOOD
2024-03-24 04:00:00,WATER_B01,94.0,0.0,2.52,3.31,171.0,RUNNING,2.02,GOOD
2024-03-24 05:00:00,WATER_M01,94.0,0.0,2.95,3.6,151.0,RUNNING,2.36,GOOD
2024-03-24 05:00:00,WATER_B01,94.0,0.0,3.32,3.53,138.0,RUNNING,2.66,GOOD
2024-03-24 06:00:00,WATER_M01,94.0,0.0,13.86,3.24,183.0,RUNNING,11.09,GOOD
2024-03-24 06:00:00,WATER_B01,94.0,0.5,14.2,3.38,145.0,RUNNING,11.36,GOOD
2024-03-24 07:00:00,WATER_M01,94.0,0.0,17.82,3.35,165.0,RUNNING,14.26,GOOD
2024-03-24 07:00:00,WATER_B01,94.0,0.0,14.02,3.24,156.0,RUNNING,11.21,GOOD
2024-03-24 08:00:00,WATER_M01,93.9,0.0,13.47,3.53,163.0,RUNNING,10.78,GOOD
2024-03-24 08:00:00,WATER_B01,94.0,0.0,13.82,3.51,166.0,RUNNING,11.06,GOOD
2024-03-24 09:00:00,WATER_M01,93.9,0.0,18.18,3.39,152.0,RUNNING,14.54,GOOD
2024-03-24 09:00:00,WATER_B01,94.0,0.0,15.63,3.51,166.0,RUNNING,12.5,GOOD
2024-03-24 10:00:00,WATER_M01,93.9,0.0,17.68,3.79,156.0,RUNNING,14.15,GOOD
2024-03-24 10:00:00,WATER_B01,93.9,0.0,12.59,3.91,155.0,RUNNING,10.07,GOOD
2024-03-24 11:00:00,WATER_M01,93.9,0.0,17.11,3.8,162.0,RUNNING,13.69,GOOD
2024-03-24 11:00:00,WATER_B01,93.9,0.0,12.58,3.15,171.0,RUNNING,10.06,GOOD
2024-03-24 12:00:00,WATER_M01,93.9,0.0,16.77,3.18,146.0,RUNNING,13.42,GOOD
2024-03-24 12:00:00,WATER_B01,93.9,0.0,14.04,3.56,162.0,RUNNING,11.23,GOOD
2024-03-24 13:00:00,WATER_M01,93.9,0.0,14.19,3.52,168.0,RUNNING,11.35,GOOD
2024-03-24 13:00:00,WATER_B01,93.9,0.0,12.11,3.52,172.0,RUNNING,9.68,GOOD
2024-03-24 14:00:00,WATER_M01,93.8,0.0,15.82,3.24,148.0,RUNNING,12.66,GOOD
2024-03-24 14:00:00,WATER_B01,93.9,0.0,11.77,3.41,157.0,RUNNING,9.42,GOOD
2024-03-24 15:00:00,WATER_M01,93.8,0.0,16.02,3.69,159.0,RUNNING,12.82,GOOD
2024-03-24 15:00:00,WATER_B01,93.9,0.5,15.82,3.73,160.0,RUNNING,12.66,GOOD
2024-03-24 16:00:00,WATER_M01,93.8,0.0,14.39,3.73,135.0,RUNNING,11.51,GOOD
2024-03-24 16:00:00,WATER_B01,93.9,0.0,19.28,3.28,150.0,RUNNING,15.42,GOOD
2024-03-24 17:00:00,WATER_M01,93.8,0.0,18.65,3.75,167.0,RUNNING,14.92,GOOD
2024-03-24 17:00:00,WATER_B01,93.8,0.0,15.04,3.51,173.0,RUNNING,12.03,GOOD
2024-03-24 18:00:00,WATER_M01,93.8,0.0,15.5,3.0,145.0,RUNNING,12.4,GOOD
2024-03-24 18:00:00,WATER_B01,93.8,0.0,17.44,3.85,162.0,RUNNING,13.95,GOOD
2024-03-24 19:00:00,WATER_M01,93.8,0.0,15.94,3.51,150.0,RUNNING,12.75,GOOD
2024-03-24 19:00:00,WATER_B01,93.8,0.0,16.03,3.92,168.0,RUNNING,12.82,GOOD
2024-03-24 20:00:00,WATER_M01,93.7,0.5,17.09,3.58,166.0,RUNNING,13.67,GOOD
2024-03-24 20:00:00,WATER_B01,93.8,0.0,14.95,3.43,174.0,RUNNING,11.96,GOOD
2024-03-24 21:00:00,WATER_M01,93.7,0.0,15.02,3.76,141.0,RUNNING,12.02,GOOD
2024-03-24 21:00:00,WATER_B01,93.8,0.0,12.94,3.68,179.0,RUNNING,10.35,GOOD
2024-03-24 22:00:00,WATER_M01,93.7,0.5,13.61,3.45,138.0,RUNNING,10.88,GOOD
2024-03-24 22:00:00,WATER_B01,93.8,0.5,15.48,3.42,167.0,RUNNING,12.38,GOOD
2024-03-24 23:00:00,WATER_M01,93.7,0.0,2.84,3.32,149.0,RUNNING,2.27,GOOD
2024-03-24 23:00:00,WATER_B01,93.8,0.0,4.84,3.45,162.0,RUNNING,3.87,GOOD
2024-03-25 00:00:00,WATER_M01,93.7,0.0,1.92,3.53,160.0,RUNNING,1.54,GOOD
2024-03-25 00:00:00,WATER_B01,93.8,0.0,2.64,3.77,164.0,RUNNING,2.11,GOOD
2024-03-25 01:00:00,WATER_M01,93.7,0.5,2.06,3.56,140.0,RUNNING,1.64,GOOD
2024-03-25 01:00:00,WATER_B01,93.8,0.0,4.39,3.83,176.0,RUNNING,3.51,GOOD
2024-03-25 02:00:00,WATER_M01,93.7,0.0,2.63,3.58,167.0,RUNNING,2.1,GOOD
2024-03-25 02:00:00,WATER_B01,93.8,0.0,3.43,3.52,176.0,RUNNING,2.74,GOOD
2024-03-25 03:00:00,WATER_M01,93.7,0.0,3.38,3.41,164.0,RUNNING,2.7,GOOD
2024-03-25 03:00:00,WATER_B01,93.8,0.0,2.39,3.46,188.0,RUNNING,1.91,GOOD
2024-03-25 04:00:00,WATER_M01,93.7,0.0,1.41,3.72,161.0,RUNNING,1.13,GOOD
2024-03-25 04:00:00,WATER_B01,93.7,0.0,3.71,3.67,168.0,RUNNING,2.97,GOOD
2024-03-25 05:00:00,WATER_M01,93.7,0.0,3.62,3.55,160.0,RUNNING,2.89,GOOD
2024-03-25 05:00:00,WATER_B01,93.7,0.0,2.64,3.3,176.0,RUNNING,2.12,GOOD
2024-03-25 06:00:00,WATER_M01,93.7,0.0,14.15,3.54,165.0,RUNNING,11.32,GOOD
2024-03-25 06:00:00,WATER_B01,93.7,0.0,13.76,3.63,169.0,RUNNING,11.01,GOOD
2024-03-25 07:00:00,WATER_M01,93.7,0.0,15.97,4.03,158.0,RUNNING,12.78,GOOD
2024-03-25 07:00:00,WATER_B01,93.7,0.0,17.79,3.8,164.0,RUNNING,14.23,GOOD
2024-03-25 08:00:00,WATER_M01,93.7,0.0,11.53,3.2,163.0,RUNNING,9.22,GOOD
2024-03-25 08:00:00,WATER_B01,93.7,0.0,17.76,3.35,177.0,RUNNING,14.21,GOOD
2024-03-25 09:00:00,WATER_M01,93.6,0.0,15.57,3.59,159.0,RUNNING,12.46,GOOD
2024-03-25 09:00:00,WATER_B01,93.7,0.0,14.44,3.4,154.0,RUNNING,11.55,GOOD
2024-03-25 10:00:00,WATER_M01,93.6,0.0,14.8,3.26,165.0,RUNNING,11.84,GOOD
2024-03-25 10:00:00,WATER_B01,93.7,0.0,12.64,3.57,164.0,RUNNING,10.11,GOOD
2024-03-25 11:00:00,WATER_M01,93.6,0.0,15.73,3.3,162.0,RUNNING,12.58,GOOD
2024-03-25 11:00:00,WATER_B01,93.7,0.0,11.78,3.66,152.0,RUNNING,9.43,GOOD
2024-03-25 12:00:00,WATER_M01,93.6,0.0,14.08,3.54,172.0,RUNNING,11.26,GOOD
2024-03-25 12:00:00,WATER_B01,93.6,0.0,16.72,3.51,163.0,RUNNING,13.38,GOOD
2024-03-25 13:00:00,WATER_M01,93.6,0.0,13.58,3.68,172.0,RUNNING,10.86,GOOD
2024-03-25 13:00:00,WATER_B01,93.6,0.0,15.49,3.21,165.0,RUNNING,12.39,GOOD
2024-03-25 14:00:00,WATER_M01,93.6,0.0,15.56,3.62,141.0,RUNNING,12.45,GOOD
2024-03-25 14:00:00,WATER_B01,93.6,0.0,14.14,3.17,159.0,RUNNING,11.31,GOOD
2024-03-25 15:00:00,WATER_M01,93.6,0.0,15.09,3.55,171.0,RUNNING,12.07,GOOD
2024-03-25 15:00:00,WATER_B01,93.6,0.0,14.42,3.36,189.0,RUNNING,11.54,GOOD
2024-03-25 16:00:00,WATER_M01,93.5,0.5,11.43,3.58,164.0,RUNNING,9.14,GOOD
2024-03-25 16:00:00,WATER_B01,93.6,0.0,14.14,3.52,152.0,RUNNING,11.31,GOOD
2024-03-25 17:00:00,WATER_M01,93.5,0.0,15.71,3.68,165.0,RUNNING,12.57,GOOD
2024-03-25 17:00:00,WATER_B01,93.6,0.0,20.13,3.88,171.0,RUNNING,16.11,GOOD
2024-03-25 18:00:00,WATER_M01,93.5,0.5,12.47,3.86,189.0,RUNNING,9.98,GOOD
2024-03-25 18:00:00,WATER_B01,93.5,0.0,16.62,3.85,176.0,RUNNING,13.29,GOOD
2024-03-25 19:00:00,WATER_M01,93.5,0.0,18.24,3.39,154.0,RUNNING,14.6,GOOD
2024-03-25 19:00:00,WATER_B01,93.5,0.0,16.44,3.58,162.0,RUNNING,13.15,GOOD
2024-03-25 20:00:00,WATER_M01,93.5,0.0,12.8,3.44,168.0,RUNNING,10.24,GOOD
2024-03-25 20:00:00,WATER_B01,93.5,0.0,15.83,3.51,159.0,RUNNING,12.66,GOOD
2024-03-25 21:00:00,WATER_M01,93.5,0.0,15.15,3.43,163.0,RUNNING,12.12,GOOD
2024-03-25 21:00:00,WATER_B01,93.5,0.0,15.21,3.48,165.0,RUNNING,12.17,GOOD
2024-03-25 22:00:00,WATER_M01,93.5,0.0,15.44,3.39,175.0,RUNNING,12.35,GOOD
2024-03-25 22:00:00,WATER_B01,93.5,0.0,10.31,3.62,164.0,RUNNING,8.25,GOOD
2024-03-25 23:00:00,WATER_M01,93.5,0.0,3.27,3.5,167.0,RUNNING,2.62,GOOD
2024-03-25 23:00:00,WATER_B01,93.5,0.0,1.69,3.41,154.0,RUNNING,1.35,GOOD
2024-03-26 00:00:00,WATER_M01,93.4,0.0,4.17,3.69,168.0,RUNNING,3.33,GOOD
2024-03-26 00:00:00,WATER_B01,93.5,0.0,2.85,3.68,175.0,RUNNING,2.28,GOOD
2024-03-26 01:00:00,WATER_M01,93.4,0.0,3.72,3.51,156.0,RUNNING,2.98,GOOD
2024-03-26 01:00:00,WATER_B01,93.5,0.0,1.63,3.54,158.0,RUNNING,1.31,GOOD
2024-03-26 02:00:00,WATER_M01,93.4,0.0,3.74,3.58,186.0,RUNNING,2.99,GOOD
2024-03-26 02:00:00,WATER_B01,93.5,0.0,3.46,3.41,160.0,RUNNING,2.77,GOOD
2024-03-26 03:00:00,WATER_M01,93.4,0.0,3.22,4.03,156.0,RUNNING,2.58,GOOD
2024-03-26 03:00:00,WATER_B01,93.5,0.0,2.46,3.47,165.0,RUNNING,1.97,GOOD
2024-03-26 04:00:00,WATER_M01,93.4,0.5,3.68,3.09,166.0,RUNNING,2.94,GOOD
2024-03-26 04:00:00,WATER_B01,93.5,0.0,1.53,3.54,169.0,RUNNING,1.23,GOOD
2024-03-26 05:00:00,WATER_M01,93.4,0.5,2.52,3.72,148.0,RUNNING,2.02,GOOD
2024-03-26 05:00:00,WATER_B01,93.5,0.0,2.36,3.19,163.0,RUNNING,1.89,GOOD
2024-03-26 06:00:00,WATER_M01,93.4,0.0,16.7,3.31,158.0,RUNNING,13.36,GOOD
2024-03-26 06:00:00,WATER_B01,93.5,0.0,14.12,3.67,153.0,RUNNING,11.29,GOOD
2024-03-26 07:00:00,WATER_M01,93.4,0.5,15.35,3.61,170.0,RUNNING,12.28,GOOD
2024-03-26 07:00:00,WATER_B01,93.4,0.0,11.59,3.45,161.0,RUNNING,9.27,GOOD
2024-03-26 08:00:00,WATER_M01,93.4,0.5,17.16,3.26,163.0,RUNNING,13.73,GOOD
2024-03-26 08:00:00,WATER_B01,93.4,0.0,14.59,3.61,162.0,RUNNING,11.67,GOOD
2024-03-26 09:00:00,WATER_M01,93.4,0.0,16.7,3.53,161.0,RUNNING,13.36,GOOD
2024-03-26 09:00:00,WATER_B01,93.4,0.0,16.35,3.58,172.0,RUNNING,13.08,GOOD
2024-03-26 10:00:00,WATER_M01,93.3,0.0,17.08,3.49,169.0,RUNNING,13.67,GOOD
2024-03-26 10:00:00,WATER_B01,93.4,0.0,14.0,3.72,163.0,RUNNING,11.2,GOOD
2024-03-26 11:00:00,WATER_M01,93.3,0.0,14.67,3.44,167.0,RUNNING,11.74,GOOD
2024-03-26 11:00:00,WATER_B01,93.4,0.5,12.81,3.84,173.0,RUNNING,10.25,GOOD
2024-03-26 12:00:00,WATER_M01,93.3,0.0,12.61,3.15,153.0,RUNNING,10.09,GOOD
2024-03-26 12:00:00,WATER_B01,93.4,0.0,14.2,3.62,167.0,RUNNING,11.36,GOOD
2024-03-26 13:00:00,WATER_M01,93.3,0.0,11.73,3.17,160.0,RUNNING,9.39,GOOD
2024-03-26 13:00:00,WATER_B01,93.4,0.0,16.19,3.69,157.0,RUNNING,12.95,GOOD
2024-03-26 14:00:00,WATER_M01,93.3,0.0,13.7,3.54,173.0,RUNNING,10.96,GOOD
2024-03-26 14:00:00,WATER_B01,93.3,0.5,16.64,3.76,161.0,RUNNING,13.31,GOOD
2024-03-26 15:00:00,WATER_M01,93.3,0.0,12.66,3.09,162.0,RUNNING,10.13,GOOD
2024-03-26 15:00:00,WATER_B01,93.3,0.5,14.82,3.52,178.0,RUNNING,11.86,GOOD
2024-03-26 16:00:00,WATER_M01,93.3,0.0,12.25,3.77,172.0,RUNNING,9.8,GOOD
2024-03-26 16:00:00,WATER_B01,93.3,0.5,14.77,3.76,151.0,RUNNING,11.82,GOOD
2024-03-26 17:00:00,WATER_M01,93.3,0.0,14.35,3.44,171.0,RUNNING,11.48,GOOD
2024-03-26 17:00:00,WATER_B01,93.3,0.0,10.95,3.4,153.0,RUNNING,8.76,GOOD
2024-03-26 18:00:00,WATER_M01,93.2,0.0,17.71,3.47,156.0,RUNNING,14.17,GOOD
2024-03-26 18:00:00,WATER_B01,93.3,0.0,19.68,3.2,176.0,RUNNING,15.74,GOOD
2024-03-26 19:00:00,WATER_M01,93.2,0.0,13.35,3.43,163.0,RUNNING,10.68,GOOD
2024-03-26 19:00:00,WATER_B01,93.3,0.0,12.43,3.89,167.0,RUNNING,9.94,GOOD
2024-03-26 20:00:00,WATER_M01,93.2,0.5,15.79,3.67,162.0,RUNNING,12.63,GOOD
2024-03-26 20:00:00,WATER_B01,93.3,0.0,14.74,3.39,184.0,RUNNING,11.79,GOOD
2024-03-26 21:00:00,WATER_M01,93.2,0.0,15.8,3.13,180.0,RUNNING,12.64,GOOD
2024-03-26 21:00:00,WATER_B01,93.2,0.0,18.45,3.55,153.0,RUNNING,14.76,GOOD
2024-03-26 22:00:00,WATER_M01,93.2,0.0,16.16,3.8,158.0,RUNNING,12.93,GOOD
2024-03-26 22:00:00,WATER_B01,93.2,0.0,13.03,3.85,153.0,RUNNING,10.43,GOOD
2024-03-26 23:00:00,WATER_M01,93.2,0.0,4.0,3.12,140.0,RUNNING,3.2,GOOD
2024-03-26 23:00:00,WATER_B01,93.2,0.0,2.41,3.64,174.0,RUNNING,1.93,GOOD
2024-03-27 00:00:00,WATER_M01,93.2,0.0,4.01,3.18,161.0,RUNNING,3.21,GOOD
2024-03-27 00:00:00,WATER_B01,93.2,0.0,3.93,3.73,155.0,RUNNING,3.14,GOOD
2024-03-27 01:00:00,WATER_M01,93.2,0.0,3.86,3.19,160.0,RUNNING,3.09,GOOD
2024-03-27 01:00:00,WATER_B01,93.2,0.5,2.79,3.33,148.0,RUNNING,2.23,GOOD
2024-03-27 02:00:00,WATER_M01,93.2,0.0,3.05,3.42,164.0,RUNNING,2.44,GOOD
2024-03-27 02:00:00,WATER_B01,93.2,0.0,2.85,3.45,138.0,RUNNING,2.28,GOOD
2024-03-27 03:00:00,WATER_M01,93.2,0.5,3.67,3.18,168.0,RUNNING,2.94,GOOD
2024-03-27 03:00:00,WATER_B01,93.2,0.5,2.89,3.42,167.0,RUNNING,2.31,GOOD
2024-03-27 04:00:00,WATER_M01,93.2,0.0,3.29,3.69,152.0,RUNNING,2.63,GOOD
2024-03-27 04:00:00,WATER_B01,93.2,0.0,3.77,3.84,175.0,RUNNING,3.02,GOOD
2024-03-27 05:00:00,WATER_M01,93.2,0.0,3.34,3.61,154.0,RUNNING,2.67,GOOD
2024-03-27 05:00:00,WATER_B01,93.2,0.0,1.53,3.04,166.0,RUNNING,1.22,GOOD
2024-03-27 06:00:00,WATER_M01,93.1,0.0,13.64,3.3,174.0,RUNNING,10.92,GOOD
2024-03-27 06:00:00,WATER_B01,93.2,0.0,14.74,3.54,155.0,RUNNING,11.79,GOOD
2024-03-27 07:00:00,WATER_M01,93.1,0.0,13.86,3.76,166.0,RUNNING,11.09,GOOD
2024-03-27 07:00:00,WATER_B01,93.2,0.0,16.27,3.23,164.0,RUNNING,13.02,GOOD
2024-03-27 08:00:00,WATER_M01,93.1,0.0,12.76,3.38,157.0,RUNNING,10.21,GOOD
2024-03-27 08:00:00,WATER_B01,93.2,0.5,15.58,3.49,156.0,RUNNING,12.47,GOOD
2024-03-27 09:00:00,WATER_M01,93.1,0.0,16.11,3.79,164.0,RUNNING,12.89,GOOD
2024-03-27 09:00:00,WATER_B01,93.1,0.0,12.75,3.17,149.0,RUNNING,10.2,GOOD
2024-03-27 10:00:00,WATER_M01,93.1,0.0,15.4,3.5,170.0,RUNNING,12.32,GOOD
2024-03-27 10:00:00,WATER_B01,93.1,0.0,14.94,3.21,175.0,RUNNING,11.96,GOOD
2024-03-27 11:00:00,WATER_M01,93.1,0.0,12.86,3.12,169.0,RUNNING,10.29,GOOD
2024-03-27 11:00:00,WATER_B01,93.1,0.0,18.78,3.56,167.0,RUNNING,15.02,GOOD
2024-03-27 12:00:00,WATER_M01,93.1,0.0,17.98,3.54,192.0,RUNNING,14.38,GOOD
2024-03-27 12:00:00,WATER_B01,93.1,0.0,15.6,3.69,164.0,RUNNING,12.48,GOOD
2024-03-27 13:00:00,WATER_M01,93.0,0.0,15.86,3.27,153.0,RUNNING,12.69,GOOD
2024-03-27 13:00:00,WATER_B01,93.1,0.5,11.99,3.59,173.0,RUNNING,9.59,GOOD
2024-03-27 14:00:00,WATER_M01,93.0,0.0,13.85,3.32,143.0,RUNNING,11.08,GOOD
2024-03-27 14:00:00,WATER_B01,93.1,0.0,17.24,3.64,168.0,RUNNING,13.79,GOOD
2024-03-27 15:00:00,WATER_M01,93.0,0.0,16.58,3.5,164.0,RUNNING,13.27,GOOD
2024-03-27 15:00:00,WATER_B01,93.1,0.0,15.56,3.71,151.0,RUNNING,12.45,GOOD
2024-03-27 16:00:00,WATER_M01,93.0,0.0,14.06,3.41,164.0,RUNNING,11.25,GOOD
2024-03-27 16:00:00,WATER_B01,93.0,0.0,16.66,3.48,161.0,RUNNING,13.33,GOOD
2024-03-27 17:00:00,WATER_M01,93.0,0.0,18.46,3.45,179.0,RUNNING,14.77,GOOD
2024-03-27 17:00:00,WATER_B01,93.0,0.0,12.98,3.32,171.0,RUNNING,10.38,GOOD
2024-03-27 18:00:00,WATER_M01,93.0,0.0,13.59,3.26,161.0,RUNNING,10.87,GOOD
2024-03-27 18:00:00,WATER_B01,93.0,0.0,14.02,3.21,172.0,RUNNING,11.21,GOOD
2024-03-27 19:00:00,WATER_M01,92.9,0.0,16.5,3.45,161.0,RUNNING,13.2,GOOD
2024-03-27 19:00:00,WATER_B01,93.0,0.0,14.16,3.6,166.0,RUNNING,11.33,GOOD
2024-03-27 20:00:00,WATER_M01,92.9,0.0,15.06,3.43,168.0,RUNNING,12.04,GOOD
2024-03-27 20:00:00,WATER_B01,93.0,0.0,16.11,3.5,154.0,RUNNING,12.89,GOOD
2024-03-27 21:00:00,WATER_M01,92.9,0.0,13.02,3.67,159.0,RUNNING,10.42,GOOD
2024-03-27 21:00:00,WATER_B01,93.0,0.0,16.58,3.72,166.0,RUNNING,13.27,GOOD
2024-03-27 22:00:00,WATER_M01,92.9,0.0,17.04,3.45,159.0,RUNNING,13.63,GOOD
2024-03-27 22:00:00,WATER_B01,92.9,0.0,14.17,3.53,164.0,RUNNING,11.34,GOOD
2024-03-27 23:00:00,WATER_M01,92.9,0.0,2.75,3.72,154.0,RUNNING,2.2,GOOD
2024-03-27 23:00:00,WATER_B01,92.9,0.0,3.0,3.53,146.0,RUNNING,2.4,GOOD
2024-03-28 00:00:00,WATER_M01,92.9,0.0,3.35,3.62,164.0,RUNNING,2.68,GOOD
2024-03-28 00:00:00,WATER_B01,92.9,0.0,5.5,3.39,169.0,RUNNING,4.4,GOOD
2024-03-28 01:00:00,WATER_M01,92.9,0.5,2.4,3.59,157.0,RUNNING,1.92,GOOD
2024-03-28 01:00:00,WATER_B01,92.9,0.0,2.42,3.58,158.0,RUNNING,1.94,GOOD
2024-03-28 02:00:00,WATER_M01,92.9,0.0,2.41,3.2,154.0,RUNNING,1.93,GOOD
2024-03-28 02:00:00,WATER_B01,92.9,0.0,1.9,3.4,154.0,RUNNING,1.52,GOOD
2024-03-28 03:00:00,WATER_M01,92.9,0.0,3.81,3.36,173.0,RUNNING,3.05,GOOD
2024-03-28 03:00:00,WATER_B01,92.9,0.0,2.79,3.56,150.0,RUNNING,2.23,GOOD
2024-03-28 04:00:00,WATER_M01,92.9,0.0,4.27,3.39,173.0,RUNNING,3.41,GOOD
2024-03-28 04:00:00,WATER_B01,92.9,0.0,2.11,3.64,159.0,RUNNING,1.69,GOOD
2024-03-28 05:00:00,WATER_M01,92.9,0.0,2.51,3.54,165.0,RUNNING,2.01,GOOD
2024-03-28 05:00:00,WATER_B01,92.9,0.0,4.14,3.23,173.0,RUNNING,3.31,GOOD
2024-03-28 06:00:00,WATER_M01,92.9,0.0,16.05,3.35,158.0,RUNNING,12.84,GOOD
2024-03-28 06:00:00,WATER_B01,92.9,0.0,18.95,4.09,173.0,RUNNING,15.16,GOOD
2024-03-28 07:00:00,WATER_M01,92.8,0.0,14.37,3.67,150.0,RUNNING,11.5,GOOD
2024-03-28 07:00:00,WATER_B01,92.9,0.5,11.07,3.4,182.0,RUNNING,8.86,GOOD
2024-03-28 08:00:00,WATER_M01,92.8,0.0,16.33,3.54,158.0,RUNNING,13.06,GOOD
2024-03-28 08:00:00,WATER_B01,92.9,0.0,14.85,3.41,162.0,RUNNING,11.88,GOOD
2024-03-28 09:00:00,WATER_M01,92.8,0.0,16.88,3.54,153.0,RUNNING,13.5,GOOD
2024-03-28 09:00:00,WATER_B01,92.9,0.0,15.77,3.36,167.0,RUNNING,12.62,GOOD
2024-03-28 10:00:00,WATER_M01,92.8,0.0,15.18,3.16,162.0,RUNNING,12.14,GOOD
2024-03-28 10:00:00,WATER_B01,92.8,0.0,16.47,3.72,164.0,RUNNING,13.17,GOOD
2024-03-28 11:00:00,WATER_M01,92.8,0.0,12.94,3.39,171.0,RUNNING,10.35,GOOD
2024-03-28 11:00:00,WATER_B01,92.8,0.0,11.09,3.46,160.0,RUNNING,8.87,GOOD
2024-03-28 12:00:00,WATER_M01,92.8,0.0,16.48,3.45,149.0,RUNNING,13.18,GOOD
2024-03-28 12:00:00,WATER_B01,92.8,0.0,16.41,3.43,184.0,RUNNING,13.13,GOOD
2024-03-28 13:00:00,WATER_M01,92.8,0.0,13.22,3.47,166.0,RUNNING,10.58,GOOD
2024-03-28 13:00:00,WATER_B01,92.8,0.0,17.03,3.96,180.0,RUNNING,13.63,GOOD
2024-03-28 14:00:00,WATER_M01,92.7,0.0,20.61,3.79,164.0,RUNNING,16.49,GOOD
2024-03-28 14:00:00,WATER_B01,92.8,0.0,16.96,3.56,168.0,RUNNING,13.57,GOOD
2024-03-28 15:00:00,WATER_M01,92.7,0.0,17.25,3.53,156.0,RUNNING,13.8,GOOD
2024-03-28 15:00:00,WATER_B01,92.8,0.0,14.75,3.09,157.0,RUNNING,11.8,GOOD
2024-03-28 16:00:00,WATER_M01,92.7,0.0,18.47,3.26,165.0,RUNNING,14.77,GOOD
2024-03-28 16:00:00,WATER_B01,92.8,0.0,14.17,3.33,164.0,RUNNING,11.34,GOOD
2024-03-28 17:00:00,WATER_M01,92.7,0.0,14.61,3.41,152.0,RUNNING,11.69,GOOD
2024-03-28 17:00:00,WATER_B01,92.7,0.0,13.49,3.37,164.0,RUNNING,10.79,GOOD
2024-03-28 18:00:00,WATER_M01,92.7,0.0,13.41,3.25,163.0,RUNNING,10.72,GOOD
2024-03-28 18:00:00,WATER_B01,92.7,0.0,14.37,3.72,159.0,RUNNING,11.49,GOOD
2024-03-28 19:00:00,WATER_M01,92.7,0.0,17.61,3.22,165.0,RUNNING,14.09,GOOD
2024-03-28 19:00:00,WATER_B01,92.7,0.0,15.89,3.96,156.0,RUNNING,12.71,GOOD
2024-03-28 20:00:00,WATER_M01,92.6,0.0,15.12,3.18,162.0,RUNNING,12.09,GOOD
2024-03-28 20:00:00,WATER_B01,92.7,0.0,15.89,3.36,163.0,RUNNING,12.72,GOOD
2024-03-28 21:00:00,WATER_M01,92.6,0.0,15.04,3.09,186.0,RUNNING,12.03,GOOD
2024-03-28 21:00:00,WATER_B01,92.7,0.0,17.67,3.2,163.0,RUNNING,14.13,GOOD
2024-03-28 22:00:00,WATER_M01,92.6,0.0,12.94,3.46,145.0,RUNNING,10.35,GOOD
2024-03-28 22:00:00,WATER_B01,92.7,0.0,16.15,3.5,167.0,RUNNING,12.92,GOOD
2024-03-28 23:00:00,WATER_M01,92.6,0.0,0.2,4.05,160.0,RUNNING,0.16,GOOD
2024-03-28 23:00:00,WATER_B01,92.7,0.0,4.22,3.89,152.0,RUNNING,3.37,GOOD
2024-03-29 00:00:00,WATER_M01,92.6,0.0,2.19,3.59,180.0,RUNNING,1.75,GOOD
2024-03-29 00:00:00,WATER_B01,92.7,0.0,2.66,3.39,185.0,RUNNING,2.13,GOOD
2024-03-29 01:00:00,WATER_M01,92.6,0.0,4.12,3.58,158.0,RUNNING,3.29,GOOD
2024-03-29 01:00:00,WATER_B01,92.7,0.0,2.44,3.67,168.0,RUNNING,1.95,GOOD
2024-03-29 02:00:00,WATER_M01,92.6,0.0,2.12,3.62,153.0,RUNNING,1.69,GOOD
2024-03-29 02:00:00,WATER_B01,92.7,0.0,4.34,3.89,168.0,RUNNING,3.47,GOOD
2024-03-29 03:00:00,WATER_M01,92.6,0.0,3.36,3.35,156.0,RUNNING,2.69,GOOD
2024-03-29 03:00:00,WATER_B01,92.6,0.0,3.99,3.31,160.0,RUNNING,3.19,GOOD
2024-03-29 04:00:00,WATER_M01,92.6,0.0,2.69,3.45,153.0,RUNNING,2.15,GOOD
2024-03-29 04:00:00,WATER_B01,92.6,0.0,3.72,3.87,169.0,RUNNING,2.98,GOOD
2024-03-29 05:00:00,WATER_M01,92.6,0.0,1.08,3.68,162.0,RUNNING,0.86,GOOD
2024-03-29 05:00:00,WATER_B01,92.6,0.0,2.21,3.53,152.0,RUNNING,1.77,GOOD
2024-03-29 06:00:00,WATER_M01,92.6,0.0,18.34,3.58,173.0,RUNNING,14.67,GOOD
2024-03-29 06:00:00,WATER_B01,92.6,0.0,15.36,3.59,153.0,RUNNING,12.29,GOOD
2024-03-29 07:00:00,WATER_M01,92.6,0.0,16.29,3.85,164.0,RUNNING,13.03,GOOD
2024-03-29 07:00:00,WATER_B01,92.6,0.0,15.69,3.44,154.0,RUNNING,12.55,GOOD
2024-03-29 08:00:00,WATER_M01,92.5,0.0,16.43,3.63,156.0,RUNNING,13.14,GOOD
2024-03-29 08:00:00,WATER_B01,92.6,0.0,12.81,3.38,164.0,RUNNING,10.25,GOOD
2024-03-29 09:00:00,WATER_M01,92.5,0.0,14.38,3.6,172.0,RUNNING,11.5,GOOD
2024-03-29 09:00:00,WATER_B01,92.6,0.0,12.46,3.67,168.0,RUNNING,9.97,GOOD
2024-03-29 10:00:00,WATER_M01,92.5,0.0,20.26,3.25,177.0,RUNNING,16.21,GOOD
2024-03-29 10:00:00,WATER_B01,92.6,0.0,11.7,3.18,177.0,RUNNING,9.36,GOOD
2024-03-29 11:00:00,WATER_M01,92.5,0.0,14.76,3.33,161.0,RUNNING,11.8,GOOD
2024-03-29 11:00:00,WATER_B01,92.6,0.0,15.45,3.21,165.0,RUNNING,12.36,GOOD
2024-03-29 12:00:00,WATER_M01,92.5,0.5,14.58,3.67,150.0,RUNNING,11.66,GOOD
2024-03-29 12:00:00,WATER_B01,92.5,0.0,17.57,3.28,163.0,RUNNING,14.05,GOOD
2024-03-29 13:00:00,WATER_M01,92.5,0.0,15.26,3.23,169.0,RUNNING,12.21,GOOD
2024-03-29 13:00:00,WATER_B01,92.5,0.0,15.34,3.79,169.0,RUNNING,12.27,GOOD
2024-03-29 14:00:00,WATER_M01,92.5,0.0,12.01,3.5,169.0,RUNNING,9.61,GOOD
2024-03-29 14:00:00,WATER_B01,92.5,0.0,11.28,3.68,175.0,RUNNING,9.02,GOOD
2024-03-29 15:00:00,WATER_M01,92.4,0.0,12.88,3.74,163.0,RUNNING,10.3,GOOD
2024-03-29 15:00:00,WATER_B01,92.5,0.0,12.7,3.31,178.0,RUNNING,10.16,GOOD
2024-03-29 16:00:00,WATER_M01,92.4,0.0,13.54,3.29,154.0,RUNNING,10.84,GOOD
2024-03-29 16:00:00,WATER_B01,92.5,0.5,13.58,3.15,153.0,RUNNING,10.86,GOOD
2024-03-29 17:00:00,WATER_M01,92.4,0.0,13.34,3.25,151.0,RUNNING,10.67,GOOD
2024-03-29 17:00:00,WATER_B01,92.5,0.0,13.78,3.55,176.0,RUNNING,11.02,GOOD
2024-03-29 18:00:00,WATER_M01,92.4,0.0,15.7,3.5,153.0,RUNNING,12.56,GOOD
2024-03-29 18:00:00,WATER_B01,92.5,0.0,13.63,3.55,154.0,RUNNING,10.91,GOOD
2024-03-29 19:00:00,WATER_M01,92.4,0.0,15.45,3.35,176.0,RUNNING,12.36,GOOD
2024-03-29 19:00:00,WATER_B01,92.4,0.0,18.64,3.35,149.0,RUNNING,14.91,GOOD
2024-03-29 20:00:00,WATER_M01,92.4,0.0,14.25,3.48,160.0,RUNNING,11.4,GOOD
2024-03-29 20:00:00,WATER_B01,92.4,0.0,16.97,3.32,150.0,RUNNING,13.58,GOOD
2024-03-29 21:00:00,WATER_M01,92.3,0.0,19.0,3.44,139.0,RUNNING,15.2,GOOD
2024-03-29 21:00:00,WATER_B01,92.4,0.5,13.81,3.46,165.0,RUNNING,11.04,GOOD
2024-03-29 22:00:00,WATER_M01,92.3,0.0,14.17,3.31,168.0,RUNNING,11.34,GOOD
2024-03-29 22:00:00,WATER_B01,92.4,0.0,17.28,3.64,180.0,RUNNING,13.83,GOOD
2024-03-29 23:00:00,WATER_M01,92.3,0.0,1.59,3.55,160.0,RUNNING,1.28,GOOD
2024-03-29 23:00:00,WATER_B01,92.4,0.0,4.48,3.68,154.0,RUNNING,3.58,GOOD
2024-03-30 00:00:00,WATER_M01,92.3,0.0,3.73,3.3,170.0,RUNNING,2.98,GOOD
2024-03-30 00:00:00,WATER_B01,92.4,0.0,3.32,3.59,167.0,RUNNING,2.66,GOOD
2024-03-30 01:00:00,WATER_M01,92.3,0.0,3.7,3.65,176.0,RUNNING,2.96,GOOD
2024-03-30 01:00:00,WATER_B01,92.4,0.0,2.03,3.89,165.0,RUNNING,1.63,GOOD
2024-03-30 02:00:00,WATER_M01,92.3,0.0,2.77,3.91,150.0,RUNNING,2.22,GOOD
2024-03-30 02:00:00,WATER_B01,92.4,0.0,2.01,3.68,172.0,RUNNING,1.61,GOOD
2024-03-30 03:00:00,WATER_M01,92.3,0.0,2.89,3.06,182.0,RUNNING,2.31,GOOD
2024-03-30 03:00:00,WATER_B01,92.4,0.5,3.89,3.49,167.0,RUNNING,3.11,GOOD
2024-03-30 04:00:00,WATER_M01,92.3,0.0,4.33,3.46,152.0,RUNNING,3.46,GOOD
2024-03-30 04:00:00,WATER_B01,92.4,0.0,3.28,3.49,165.0,RUNNING,2.62,GOOD
2024-03-30 05:00:00,WATER_M01,92.3,0.0,0.9,3.71,166.0,RUNNING,0.72,GOOD
2024-03-30 05:00:00,WATER_B01,92.4,0.0,3.01,3.44,174.0,RUNNING,2.41,GOOD
2024-03-30 06:00:00,WATER_M01,92.3,0.0,16.46,3.71,166.0,RUNNING,13.17,GOOD
2024-03-30 06:00:00,WATER_B01,92.4,0.0,16.19,3.43,149.0,RUNNING,12.95,GOOD
2024-03-30 07:00:00,WATER_M01,92.3,0.0,12.05,3.54,156.0,RUNNING,9.64,GOOD
2024-03-30 07:00:00,WATER_B01,92.3,0.0,14.22,3.39,174.0,RUNNING,11.38,GOOD
2024-03-30 08:00:00,WATER_M01,92.3,0.0,14.5,3.78,165.0,RUNNING,11.6,GOOD
2024-03-30 08:00:00,WATER_B01,92.3,0.0,12.0,3.47,169.0,RUNNING,9.6,GOOD
2024-03-30 09:00:00,WATER_M01,92.3,0.5,15.57,3.49,164.0,RUNNING,12.46,GOOD
2024-03-30 09:00:00,WATER_B01,92.3,0.0,11.28,3.64,158.0,RUNNING,9.03,GOOD
2024-03-30 10:00:00,WATER_M01,92.2,0.0,17.09,3.64,160.0,RUNNING,13.67,GOOD
2024-03-30 10:00:00,WATER_B01,92.3,0.0,16.54,3.34,166.0,RUNNING,13.23,GOOD
2024-03-30 11:00:00,WATER_M01,92.2,0.0,14.87,3.29,172.0,RUNNING,11.9,GOOD
2024-03-30 11:00:00,WATER_B01,92.3,0.0,16.36,3.72,169.0,RUNNING,13.09,GOOD
2024-03-30 12:00:00,WATER_M01,92.2,0.0,15.7,3.51,169.0,RUNNING,12.56,GOOD
2024-03-30 12:00:00,WATER_B01,92.3,0.0,15.94,3.3,146.0,RUNNING,12.75,GOOD
2024-03-30 13:00:00,WATER_M01,92.2,0.0,14.94,3.23,179.0,RUNNING,11.95,GOOD
2024-03-30 13:00:00,WATER_B01,92.3,0.0,12.8,3.4,183.0,RUNNING,10.24,GOOD
2024-03-30 14:00:00,WATER_M01,92.2,0.0,14.72,3.23,165.0,RUNNING,11.77,GOOD
2024-03-30 14:00:00,WATER_B01,92.2,0.0,16.71,3.5,158.0,RUNNING,13.36,GOOD
2024-03-30 15:00:00,WATER_M01,92.2,0.5,11.79,3.39,156.0,RUNNING,9.43,GOOD
2024-03-30 15:00:00,WATER_B01,92.2,0.0,19.8,3.54,167.0,RUNNING,15.84,GOOD
2024-03-30 16:00:00,WATER_M01,92.2,0.0,12.86,3.23,187.0,RUNNING,10.29,GOOD
2024-03-30 16:00:00,WATER_B01,92.2,0.0,13.08,3.42,175.0,RUNNING,10.46,GOOD
2024-03-30 17:00:00,WATER_M01,92.1,0.0,10.39,3.49,175.0,RUNNING,8.31,GOOD
2024-03-30 17:00:00,WATER_B01,92.2,0.0,17.55,3.69,153.0,RUNNING,14.04,GOOD
2024-03-30 18:00:00,WATER_M01,92.1,0.0,14.08,3.34,161.0,RUNNING,11.26,GOOD
2024-03-30 18:00:00,WATER_B01,92.2,0.0,12.6,4.26,161.0,RUNNING,10.08,GOOD
2024-03-30 19:00:00,WATER_M01,92.1,0.0,13.29,3.47,172.0,RUNNING,10.63,GOOD
2024-03-30 19:00:00,WATER_B01,92.2,0.0,15.39,3.51,179.0,RUNNING,12.31,GOOD
2024-03-30 20:00:00,WATER_M01,92.1,0.0,13.79,3.48,178.0,RUNNING,11.03,GOOD
2024-03-30 20:00:00,WATER_B01,92.1,0.0,11.85,3.6,159.0,RUNNING,9.48,GOOD
2024-03-30 21:00:00,WATER_M01,92.1,0.0,11.9,3.76,161.0,RUNNING,9.52,GOOD
2024-03-30 21:00:00,WATER_B01,92.1,0.0,13.38,3.4,174.0,RUNNING,10.71,GOOD
2024-03-30 22:00:00,WATER_M01,92.1,0.0,16.4,3.5,166.0,RUNNING,13.12,GOOD
2024-03-30 22:00:00,WATER_B01,92.1,0.0,16.39,3.42,170.0,RUNNING,13.11,GOOD
2024-03-30 23:00:00,WATER_M01,92.1,0.0,2.24,3.43,171.0,RUNNING,1.8,GOOD
2024-03-30 23:00:00,WATER_B01,92.1,0.0,4.29,3.69,170.0,RUNNING,3.44,GOOD
2024-03-31 00:00:00,WATER_M01,92.1,0.0,1.04,3.59,168.0,RUNNING,0.83,GOOD
2024-03-31 00:00:00,WATER_B01,92.1,0.0,3.92,3.69,157.0,RUNNING,3.14,GOOD
