timestamp,zone_id,occupancy,indoor_temp_c,outdoor_temp_c,heating_load_kw
2024-01-01 00:00:00,ZONE_M01,0.06,17.6,-6.8,0.28
2024-01-01 00:00:00,ZONE_M02,0.06,18.5,-6.8,0.28
2024-01-01 00:00:00,ZONE_M03,0.06,18.8,-6.8,0.28
2024-01-01 00:00:00,ZONE_B01,0.06,17.3,-6.8,0.28
2024-01-01 00:00:00,ZONE_B02,0.06,18.2,-6.8,0.28
2024-01-01 01:00:00,ZONE_M01,0.18,18.3,-11.8,0.38
2024-01-01 01:00:00,ZONE_M02,0.18,18.2,-11.8,0.38
2024-01-01 01:00:00,ZONE_M03,0.18,19.2,-11.8,0.38
2024-01-01 01:00:00,ZONE_B01,0.18,18.8,-11.8,0.38
2024-01-01 01:00:00,ZONE_B02,0.18,19.0,-11.8,0.38
2024-01-01 02:00:00,ZONE_M01,0.23,17.8,-10.5,0.37
2024-01-01 02:00:00,ZONE_M02,0.23,19.1,-10.5,0.37
2024-01-01 02:00:00,ZONE_M03,0.23,17.6,-10.5,0.37
2024-01-01 02:00:00,ZONE_B01,0.23,18.3,-10.5,0.37
2024-01-01 02:00:00,ZONE_B02,0.23,18.1,-10.5,0.37
2024-01-01 03:00:00,ZONE_M01,0.2,19.0,-10.8,0.37
2024-01-01 03:00:00,ZONE_M02,0.2,18.9,-10.8,0.37
2024-01-01 03:00:00,ZONE_M03,0.2,19.1,-10.8,0.37
2024-01-01 03:00:00,ZONE_B01,0.2,18.7,-10.8,0.37
2024-01-01 03:00:00,ZONE_B02,0.2,18.6,-10.8,0.37
2024-01-01 04:00:00,ZONE_M01,0.16,17.4,-11.8,0.37
2024-01-01 04:00:00,ZONE_M02,0.16,18.8,-11.8,0.37
2024-01-01 04:00:00,ZONE_M03,0.16,18.7,-11.8,0.37
2024-01-01 04:00:00,ZONE_B01,0.16,19.1,-11.8,0.37
2024-01-01 04:00:00,ZONE_B02,0.16,18.0,-11.8,0.37
2024-01-01 05:00:00,ZONE_M01,0.13,18.4,-10.4,0.34
2024-01-01 05:00:00,ZONE_M02,0.13,17.2,-10.4,0.34
2024-01-01 05:00:00,ZONE_M03,0.13,17.9,-10.4,0.34
2024-01-01 05:00:00,ZONE_B01,0.13,18.3,-10.4,0.34
2024-01-01 05:00:00,ZONE_B02,0.13,18.3,-10.4,0.34
2024-01-01 06:00:00,ZONE_M01,0.67,20.0,-13.0,0.55
2024-01-01 06:00:00,ZONE_M02,0.67,20.2,-13.0,0.55
2024-01-01 06:00:00,ZONE_M03,0.67,20.1,-13.0,0.55
2024-01-01 06:00:00,ZONE_B01,0.67,19.7,-13.0,0.55
2024-01-01 06:00:00,ZONE_B02,0.67,19.4,-13.0,0.55
2024-01-01 07:00:00,ZONE_M01,0.59,19.6,-7.5,0.44
2024-01-01 07:00:00,ZONE_M02,0.59,20.3,-7.5,0.44
2024-01-01 07:00:00,ZONE_M03,0.59,19.7,-7.5,0.44
2024-01-01 07:00:00,ZONE_B01,0.59,19.5,-7.5,0.44
2024-01-01 07:00:00,ZONE_B02,0.59,20.2,-7.5,0.44
2024-01-01 08:00:00,ZONE_M01,0.89,21.1,-6.8,0.51
2024-01-01 08:00:00,ZONE_M02,0.89,20.0,-6.8,0.51
2024-01-01 08:00:00,ZONE_M03,0.89,20.0,-6.8,0.51
2024-01-01 08:00:00,ZONE_B01,0.89,20.7,-6.8,0.51
2024-01-01 08:00:00,ZONE_B02,0.89,20.9,-6.8,0.51
2024-01-01 09:00:00,ZONE_M01,0.86,20.3,-9.2,0.54
2024-01-01 09:00:00,ZONE_M02,0.86,20.6,-9.2,0.54
2024-01-01 09:00:00,ZONE_M03,0.86,21.1,-9.2,0.54
2024-01-01 09:00:00,ZONE_B01,0.86,20.5,-9.2,0.54
2024-01-01 09:00:00,ZONE_B02,0.86,20.0,-9.2,0.54
2024-01-01 10:00:00,ZONE_M01,0.72,20.5,-8.8,0.49
2024-01-01 10:00:00,ZONE_M02,0.72,20.3,-8.8,0.49
2024-01-01 10:00:00,ZONE_M03,0.72,20.1,-8.8,0.49
2024-01-01 10:00:00,ZONE_B01,0.72,20.1,-8.8,0.49
2024-01-01 10:00:00,ZONE_B02,0.72,19.2,-8.8,0.49
2024-01-01 11:00:00,ZONE_M01,0.77,20.6,-10.9,0.55
2024-01-01 11:00:00,ZONE_M02,0.77,19.7,-10.9,0.55
2024-01-01 11:00:00,ZONE_M03,0.77,20.6,-10.9,0.55
2024-01-01 11:00:00,ZONE_B01,0.77,20.3,-10.9,0.55
2024-01-01 11:00:00,ZONE_B02,0.77,20.4,-10.9,0.55
2024-01-01 12:00:00,ZONE_M01,1.0,20.3,-8.4,0.57
2024-01-01 12:00:00,ZONE_M02,1.0,20.2,-8.4,0.57
2024-01-01 12:00:00,ZONE_M03,1.0,21.3,-8.4,0.57
2024-01-01 12:00:00,ZONE_B01,1.0,21.1,-8.4,0.57
2024-01-01 12:00:00,ZONE_B02,1.0,21.6,-8.4,0.57
2024-01-01 13:00:00,ZONE_M01,0.74,20.4,-11.3,0.55
2024-01-01 13:00:00,ZONE_M02,0.74,20.2,-11.3,0.55
2024-01-01 13:00:00,ZONE_M03,0.74,19.6,-11.3,0.55
2024-01-01 13:00:00,ZONE_B01,0.74,19.4,-11.3,0.55
2024-01-01 13:00:00,ZONE_B02,0.74,20.5,-11.3,0.55
2024-01-01 14:00:00,ZONE_M01,0.62,19.4,-9.5,0.48
2024-01-01 14:00:00,ZONE_M02,0.62,19.7,-9.5,0.48
2024-01-01 14:00:00,ZONE_M03,0.62,19.7,-9.5,0.48
2024-01-01 14:00:00,ZONE_B01,0.62,19.6,-9.5,0.48
2024-01-01 14:00:00,ZONE_B02,0.62,20.6,-9.5,0.48
2024-01-01 15:00:00,ZONE_M01,0.78,19.6,-9.6,0.53
2024-01-01 15:00:00,ZONE_M02,0.78,20.1,-9.6,0.53
2024-01-01 15:00:00,ZONE_M03,0.78,20.9,-9.6,0.53
2024-01-01 15:00:00,ZONE_B01,0.78,20.3,-9.6,0.53
2024-01-01 15:00:00,ZONE_B02,0.78,20.1,-9.6,0.53
2024-01-01 16:00:00,ZONE_M01,0.65,20.4,-7.8,0.46
2024-01-01 16:00:00,ZONE_M02,0.65,21.0,-7.8,0.46
2024-01-01 16:00:00,ZONE_M03,0.65,19.8,-7.8,0.46
2024-01-01 16:00:00,ZONE_B01,0.65,20.0,-7.8,0.46
2024-01-01 16:00:00,ZONE_B02,0.65,19.3,-7.8,0.46
2024-01-01 17:00:00,ZONE_M01,0.49,19.2,-8.8,0.43
2024-01-01 17:00:00,ZONE_M02,0.49,20.0,-8.8,0.43
2024-01-01 17:00:00,ZONE_M03,0.49,20.1,-8.8,0.43
2024-01-01 17:00:00,ZONE_B01,0.49,19.5,-8.8,0.43
2024-01-01 17:00:00,ZONE_B02,0.49,18.4,-8.8,0.43
2024-01-01 18:00:00,ZONE_M01,0.8,19.8,-10.6,0.55
2024-01-01 18:00:00,ZONE_M02,0.8,20.4,-10.6,0.55
2024-01-01 18:00:00,ZONE_M03,0.8,21.0,-10.6,0.55
2024-01-01 18:00:00,ZONE_B01,0.8,19.7,-10.6,0.55
2024-01-01 18:00:00,ZONE_B02,0.8,20.4,-10.6,0.55
2024-01-01 19:00:00,ZONE_M01,0.81,20.6,-13.5,0.61
2024-01-01 19:00:00,ZONE_M02,0.81,20.0,-13.5,0.61
2024-01-01 19:00:00,ZONE_M03,0.81,20.9,-13.5,0.61
2024-01-01 19:00:00,ZONE_B01,0.81,19.6,-13.5,0.61
2024-01-01 19:00:00,ZONE_B02,0.81,20.9,-13.5,0.61
2024-01-01 20:00:00,ZONE_M01,0.56,19.7,-12.8,0.51
2024-01-01 20:00:00,ZONE_M02,0.56,20.3,-12.8,0.51
2024-01-01 20:00:00,ZONE_M03,0.56,19.3,-12.8,0.51
2024-01-01 20:00:00,ZONE_B01,0.56,19.9,-12.8,0.51
2024-01-01 20:00:00,ZONE_B02,0.56,19.5,-12.8,0.51
2024-01-01 21:00:00,ZONE_M01,0.71,19.7,-10.4,0.52
2024-01-01 21:00:00,ZONE_M02,0.71,21.0,-10.4,0.52
2024-01-01 21:00:00,ZONE_M03,0.71,19.6,-10.4,0.52
2024-01-01 21:00:00,ZONE_B01,0.71,19.9,-10.4,0.52
2024-01-01 21:00:00,ZONE_B02,0.71,20.3,-10.4,0.52
2024-01-01 22:00:00,ZONE_M01,0.4,18.8,-10.6,0.43
2024-01-01 22:00:00,ZONE_M02,0.4,19.5,-10.6,0.43
2024-01-01 22:00:00,ZONE_M03,0.4,18.9,-10.6,0.43
2024-01-01 22:00:00,ZONE_B01,0.4,18.9,-10.6,0.43
2024-01-01 22:00:00,ZONE_B02,0.4,19.9,-10.6,0.43
2024-01-01 23:00:00,ZONE_M01,0.12,19.2,-9.5,0.33
2024-01-01 23:00:00,ZONE_M02,0.12,18.7,-9.5,0.33
2024-01-01 23:00:00,ZONE_M03,0.12,17.4,-9.5,0.33
2024-01-01 23:00:00,ZONE_B01,0.12,18.7,-9.5,0.33
2024-01-01 23:00:00,ZONE_B02,0.12,17.7,-9.5,0.33
2024-01-02 00:00:00,ZONE_M01,0.08,17.1,-12.0,0.35
2024-01-02 00:00:00,ZONE_M02,0.08,17.8,-12.0,0.35
2024-01-02 00:00:00,ZONE_M03,0.08,18.4,-12.0,0.35
2024-01-02 00:00:00,ZONE_B01,0.08,17.8,-12.0,0.35
2024-01-02 00:00:00,ZONE_B02,0.08,19.0,-12.0,0.35
2024-01-02 01:00:00,ZONE_M01,0.11,18.7,-8.8,0.32
2024-01-02 01:00:00,ZONE_M02,0.11,18.8,-8.8,0.32
2024-01-02 01:00:00,ZONE_M03,0.11,18.6,-8.8,0.32
2024-01-02 01:00:00,ZONE_B01,0.11,18.5,-8.8,0.32
2024-01-02 01:00:00,ZONE_B02,0.11,18.7,-8.8,0.32
2024-01-02 02:00:00,ZONE_M01,0.14,18.2,-9.8,0.34
2024-01-02 02:00:00,ZONE_M02,0.14,18.6,-9.8,0.34
2024-01-02 02:00:00,ZONE_M03,0.14,18.8,-9.8,0.34
2024-01-02 02:00:00,ZONE_B01,0.14,18.0,-9.8,0.34
2024-01-02 02:00:00,ZONE_B02,0.14,19.0,-9.8,0.34
2024-01-02 03:00:00,ZONE_M01,0.17,18.8,-14.3,0.4
2024-01-02 03:00:00,ZONE_M02,0.17,18.9,-14.3,0.4
2024-01-02 03:00:00,ZONE_M03,0.17,18.8,-14.3,0.4
2024-01-02 03:00:00,ZONE_B01,0.17,18.6,-14.3,0.4
2024-01-02 03:00:00,ZONE_B02,0.17,19.0,-14.3,0.4
2024-01-02 04:00:00,ZONE_M01,0.14,17.9,-13.1,0.38
2024-01-02 04:00:00,ZONE_M02,0.14,18.1,-13.1,0.38
2024-01-02 04:00:00,ZONE_M03,0.14,17.9,-13.1,0.38
2024-01-02 04:00:00,ZONE_B01,0.14,19.5,-13.1,0.38
2024-01-02 04:00:00,ZONE_B02,0.14,18.8,-13.1,0.38
2024-01-02 05:00:00,ZONE_M01,0.2,17.7,-10.7,0.37
2024-01-02 05:00:00,ZONE_M02,0.2,19.0,-10.7,0.37
2024-01-02 05:00:00,ZONE_M03,0.2,18.1,-10.7,0.37
2024-01-02 05:00:00,ZONE_B01,0.2,18.4,-10.7,0.37
2024-01-02 05:00:00,ZONE_B02,0.2,19.0,-10.7,0.37
2024-01-02 06:00:00,ZONE_M01,0.44,19.2,-8.4,0.41
2024-01-02 06:00:00,ZONE_M02,0.44,18.9,-8.4,0.41
2024-01-02 06:00:00,ZONE_M03,0.44,19.3,-8.4,0.41
2024-01-02 06:00:00,ZONE_B01,0.44,19.9,-8.4,0.41
2024-01-02 06:00:00,ZONE_B02,0.44,18.7,-8.4,0.41
2024-01-02 07:00:00,ZONE_M01,0.75,20.4,-13.4,0.59
2024-01-02 07:00:00,ZONE_M02,0.75,20.6,-13.4,0.59
2024-01-02 07:00:00,ZONE_M03,0.75,20.7,-13.4,0.59
2024-01-02 07:00:00,ZONE_B01,0.75,19.6,-13.4,0.59
2024-01-02 07:00:00,ZONE_B02,0.75,20.6,-13.4,0.59
2024-01-02 08:00:00,ZONE_M01,0.7,20.5,-11.5,0.53
2024-01-02 08:00:00,ZONE_M02,0.7,20.1,-11.5,0.53
2024-01-02 08:00:00,ZONE_M03,0.7,20.8,-11.5,0.53
2024-01-02 08:00:00,ZONE_B01,0.7,19.8,-11.5,0.53
2024-01-02 08:00:00,ZONE_B02,0.7,19.9,-11.5,0.53
2024-01-02 09:00:00,ZONE_M01,0.71,20.4,-11.0,0.53
2024-01-02 09:00:00,ZONE_M02,0.71,19.9,-11.0,0.53
2024-01-02 09:00:00,ZONE_M03,0.71,20.1,-11.0,0.53
2024-01-02 09:00:00,ZONE_B01,0.71,20.4,-11.0,0.53
2024-01-02 09:00:00,ZONE_B02,0.71,20.6,-11.0,0.53
2024-01-02 10:00:00,ZONE_M01,0.56,19.9,-12.1,0.5
2024-01-02 10:00:00,ZONE_M02,0.56,19.5,-12.1,0.5
2024-01-02 10:00:00,ZONE_M03,0.56,19.1,-12.1,0.5
2024-01-02 10:00:00,ZONE_B01,0.56,19.8,-12.1,0.5
2024-01-02 10:00:00,ZONE_B02,0.56,20.2,-12.1,0.5
2024-01-02 11:00:00,ZONE_M01,0.59,19.8,-11.9,0.51
2024-01-02 11:00:00,ZONE_M02,0.59,20.7,-11.9,0.51
2024-01-02 11:00:00,ZONE_M03,0.59,19.8,-11.9,0.51
2024-01-02 11:00:00,ZONE_B01,0.59,20.4,-11.9,0.51
2024-01-02 11:00:00,ZONE_B02,0.59,19.9,-11.9,0.51
2024-01-02 12:00:00,ZONE_M01,0.69,20.3,-9.5,0.5
2024-01-02 12:00:00,ZONE_M02,0.69,20.6,-9.5,0.5
2024-01-02 12:00:00,ZONE_M03,0.69,19.6,-9.5,0.5
2024-01-02 12:00:00,ZONE_B01,0.69,19.6,-9.5,0.5
2024-01-02 12:00:00,ZONE_B02,0.69,20.7,-9.5,0.5
2024-01-02 13:00:00,ZONE_M01,0.78,20.1,-10.0,0.53
2024-01-02 13:00:00,ZONE_M02,0.78,20.2,-10.0,0.53
2024-01-02 13:00:00,ZONE_M03,0.78,21.1,-10.0,0.53
2024-01-02 13:00:00,ZONE_B01,0.78,20.8,-10.0,0.53
2024-01-02 13:00:00,ZONE_B02,0.78,20.9,-10.0,0.53
2024-01-02 14:00:00,ZONE_M01,0.74,19.4,-8.6,0.5
2024-01-02 14:00:00,ZONE_M02,0.74,19.6,-8.6,0.5
2024-01-02 14:00:00,ZONE_M03,0.74,20.1,-8.6,0.5
2024-01-02 14:00:00,ZONE_B01,0.74,19.2,-8.6,0.5
2024-01-02 14:00:00,ZONE_B02,0.74,20.0,-8.6,0.5
2024-01-02 15:00:00,ZONE_M01,0.73,19.2,-11.3,0.54
2024-01-02 15:00:00,ZONE_M02,0.73,20.0,-11.3,0.54
2024-01-02 15:00:00,ZONE_M03,0.73,21.4,-11.3,0.54
2024-01-02 15:00:00,ZONE_B01,0.73,20.3,-11.3,0.54
2024-01-02 15:00:00,ZONE_B02,0.73,20.1,-11.3,0.54
2024-01-02 16:00:00,ZONE_M01,0.66,20.1,-13.5,0.55
2024-01-02 16:00:00,ZONE_M02,0.66,20.4,-13.5,0.55
2024-01-02 16:00:00,ZONE_M03,0.66,19.0,-13.5,0.55
2024-01-02 16:00:00,ZONE_B01,0.66,20.2,-13.5,0.55
2024-01-02 16:00:00,ZONE_B02,0.66,20.0,-13.5,0.55
2024-01-02 17:00:00,ZONE_M01,0.65,19.5,-9.5,0.49
2024-01-02 17:00:00,ZONE_M02,0.65,20.2,-9.5,0.49
2024-01-02 17:00:00,ZONE_M03,0.65,19.4,-9.5,0.49
2024-01-02 17:00:00,ZONE_B01,0.65,19.7,-9.5,0.49
2024-01-02 17:00:00,ZONE_B02,0.65,19.9,-9.5,0.49
2024-01-02 18:00:00,ZONE_M01,0.78,19.9,-12.1,0.57
2024-01-02 18:00:00,ZONE_M02,0.78,20.8,-12.1,0.57
2024-01-02 18:00:00,ZONE_M03,0.78,20.7,-12.1,0.57
2024-01-02 18:00:00,ZONE_B01,0.78,19.5,-12.1,0.57
2024-01-02 18:00:00,ZONE_B02,0.78,20.4,-12.1,0.57
2024-01-02 19:00:00,ZONE_M01,0.59,19.9,-8.8,0.46
2024-01-02 19:00:00,ZONE_M02,0.59,20.1,-8.8,0.46
2024-01-02 19:00:00,ZONE_M03,0.59,19.5,-8.8,0.46
2024-01-02 19:00:00,ZONE_B01,0.59,19.9,-8.8,0.46
2024-01-02 19:00:00,ZONE_B02,0.59,19.4,-8.8,0.46
2024-01-02 20:00:00,ZONE_M01,0.84,21.3,-11.5,0.58
2024-01-02 20:00:00,ZONE_M02,0.84,20.6,-11.5,0.58
2024-01-02 20:00:00,ZONE_M03,0.84,20.8,-11.5,0.58
2024-01-02 20:00:00,ZONE_B01,0.84,19.6,-11.5,0.58
2024-01-02 20:00:00,ZONE_B02,0.84,20.0,-11.5,0.58
2024-01-02 21:00:00,ZONE_M01,0.76,19.5,-7.3,0.48
2024-01-02 21:00:00,ZONE_M02,0.76,19.1,-7.3,0.48
2024-01-02 21:00:00,ZONE_M03,0.76,20.1,-7.3,0.48
2024-01-02 21:00:00,ZONE_B01,0.76,19.8,-7.3,0.48
2024-01-02 21:00:00,ZONE_B02,0.76,20.2,-7.3,0.48
2024-01-02 22:00:00,ZONE_M01,0.48,19.7,-9.9,0.44
2024-01-02 22:00:00,ZONE_M02,0.48,19.5,-9.9,0.44
2024-01-02 22:00:00,ZONE_M03,0.48,18.9,-9.9,0.44
2024-01-02 22:00:00,ZONE_B01,0.48,18.7,-9.9,0.44
2024-01-02 22:00:00,ZONE_B02,0.48,18.4,-9.9,0.44
2024-01-02 23:00:00,ZONE_M01,0.14,18.4,-7.7,0.32
2024-01-02 23:00:00,ZONE_M02,0.14,17.7,-7.7,0.32
2024-01-02 23:00:00,ZONE_M03,0.14,17.6,-7.7,0.32
2024-01-02 23:00:00,ZONE_B01,0.14,18.6,-7.7,0.32
2024-01-02 23:00:00,ZONE_B02,0.14,17.9,-7.7,0.32
2024-01-03 00:00:00,ZONE_M01,0.1,18.3,-9.5,0.32
2024-01-03 00:00:00,ZONE_M02,0.1,18.6,-9.5,0.32
2024-01-03 00:00:00,ZONE_M03,0.1,19.0,-9.5,0.32
2024-01-03 00:00:00,ZONE_B01,0.1,19.1,-9.5,0.32
2024-01-03 00:00:00,ZONE_B02,0.1,18.4,-9.5,0.32
2024-01-03 01:00:00,ZONE_M01,0.09,18.2,-12.2,0.35
2024-01-03 01:00:00,ZONE_M02,0.09,17.9,-12.2,0.35
2024-01-03 01:00:00,ZONE_M03,0.09,17.6,-12.2,0.35
2024-01-03 01:00:00,ZONE_B01,0.09,18.6,-12.2,0.35
2024-01-03 01:00:00,ZONE_B02,0.09,18.2,-12.2,0.35
2024-01-03 02:00:00,ZONE_M01,0.03,19.2,-8.0,0.29
2024-01-03 02:00:00,ZONE_M02,0.03,19.3,-8.0,0.29
2024-01-03 02:00:00,ZONE_M03,0.03,17.9,-8.0,0.29
2024-01-03 02:00:00,ZONE_B01,0.03,18.5,-8.0,0.29
2024-01-03 02:00:00,ZONE_B02,0.03,18.5,-8.0,0.29
2024-01-03 03:00:00,ZONE_M01,0.09,18.3,-12.8,0.36
2024-01-03 03:00:00,ZONE_M02,0.09,18.4,-12.8,0.36
2024-01-03 03:00:00,ZONE_M03,0.09,18.5,-12.8,0.36
2024-01-03 03:00:00,ZONE_B01,0.09,18.4,-12.8,0.36
2024-01-03 03:00:00,ZONE_B02,0.09,18.0,-12.8,0.36
2024-01-03 04:00:00,ZONE_M01,0.16,18.7,-9.1,0.34
2024-01-03 04:00:00,ZONE_M02,0.16,17.9,-9.1,0.34
2024-01-03 04:00:00,ZONE_M03,0.16,18.5,-9.1,0.34
2024-01-03 04:00:00,ZONE_B01,0.16,18.4,-9.1,0.34
2024-01-03 04:00:00,ZONE_B02,0.16,18.9,-9.1,0.34
2024-01-03 05:00:00,ZONE_M01,0.13,18.6,-12.6,0.37
2024-01-03 05:00:00,ZONE_M02,0.13,18.4,-12.6,0.37
2024-01-03 05:00:00,ZONE_M03,0.13,18.7,-12.6,0.37
2024-01-03 05:00:00,ZONE_B01,0.13,18.3,-12.6,0.37
2024-01-03 05:00:00,ZONE_B02,0.13,18.1,-12.6,0.37
2024-01-03 06:00:00,ZONE_M01,0.74,20.8,-11.8,0.56
2024-01-03 06:00:00,ZONE_M02,0.74,21.0,-11.8,0.56
2024-01-03 06:00:00,ZONE_M03,0.74,20.4,-11.8,0.56
2024-01-03 06:00:00,ZONE_B01,0.74,20.3,-11.8,0.56
2024-01-03 06:00:00,ZONE_B02,0.74,20.0,-11.8,0.56
2024-01-03 07:00:00,ZONE_M01,0.72,21.3,-13.2,0.57
2024-01-03 07:00:00,ZONE_M02,0.72,20.9,-13.2,0.57
2024-01-03 07:00:00,ZONE_M03,0.72,20.0,-13.2,0.57
2024-01-03 07:00:00,ZONE_B01,0.72,20.1,-13.2,0.57
2024-01-03 07:00:00,ZONE_B02,0.72,20.5,-13.2,0.57
2024-01-03 08:00:00,ZONE_M01,0.64,19.4,-9.6,0.49
2024-01-03 08:00:00,ZONE_M02,0.64,20.4,-9.6,0.49
2024-01-03 08:00:00,ZONE_M03,0.64,20.1,-9.6,0.49
2024-01-03 08:00:00,ZONE_B01,0.64,20.0,-9.6,0.49
2024-01-03 08:00:00,ZONE_B02,0.64,20.1,-9.6,0.49
2024-01-03 09:00:00,ZONE_M01,0.41,19.5,-10.9,0.43
2024-01-03 09:00:00,ZONE_M02,0.41,18.8,-10.9,0.43
2024-01-03 09:00:00,ZONE_M03,0.41,19.2,-10.9,0.43
2024-01-03 09:00:00,ZONE_B01,0.41,18.7,-10.9,0.43
2024-01-03 09:00:00,ZONE_B02,0.41,19.1,-10.9,0.43
2024-01-03 10:00:00,ZONE_M01,0.51,19.6,-11.5,0.47
2024-01-03 10:00:00,ZONE_M02,0.51,19.6,-11.5,0.47
2024-01-03 10:00:00,ZONE_M03,0.51,18.8,-11.5,0.47
2024-01-03 10:00:00,ZONE_B01,0.51,20.2,-11.5,0.47
2024-01-03 10:00:00,ZONE_B02,0.51,19.8,-11.5,0.47
2024-01-03 11:00:00,ZONE_M01,0.43,18.4,-10.3,0.43
2024-01-03 11:00:00,ZONE_M02,0.43,19.2,-10.3,0.43
2024-01-03 11:00:00,ZONE_M03,0.43,20.2,-10.3,0.43
2024-01-03 11:00:00,ZONE_B01,0.43,20.0,-10.3,0.43
2024-01-03 11:00:00,ZONE_B02,0.43,19.2,-10.3,0.43
2024-01-03 12:00:00,ZONE_M01,0.7,20.5,-11.9,0.54
2024-01-03 12:00:00,ZONE_M02,0.7,20.5,-11.9,0.54
2024-01-03 12:00:00,ZONE_M03,0.7,21.7,-11.9,0.54
2024-01-03 12:00:00,ZONE_B01,0.7,20.7,-11.9,0.54
2024-01-03 12:00:00,ZONE_B02,0.7,19.3,-11.9,0.54
2024-01-03 13:00:00,ZONE_M01,0.6,20.7,-8.4,0.45
2024-01-03 13:00:00,ZONE_M02,0.6,19.8,-8.4,0.45
2024-01-03 13:00:00,ZONE_M03,0.6,19.9,-8.4,0.45
2024-01-03 13:00:00,ZONE_B01,0.6,19.6,-8.4,0.45
2024-01-03 13:00:00,ZONE_B02,0.6,20.2,-8.4,0.45
2024-01-03 14:00:00,ZONE_M01,0.61,19.1,-13.4,0.54
2024-01-03 14:00:00,ZONE_M02,0.61,19.6,-13.4,0.54
2024-01-03 14:00:00,ZONE_M03,0.61,20.0,-13.4,0.54
2024-01-03 14:00:00,ZONE_B01,0.61,20.2,-13.4,0.54
2024-01-03 14:00:00,ZONE_B02,0.61,19.3,-13.4,0.54
2024-01-03 15:00:00,ZONE_M01,0.73,20.3,-11.3,0.54
2024-01-03 15:00:00,ZONE_M02,0.73,20.5,-11.3,0.54
2024-01-03 15:00:00,ZONE_M03,0.73,20.8,-11.3,0.54
2024-01-03 15:00:00,ZONE_B01,0.73,19.8,-11.3,0.54
2024-01-03 15:00:00,ZONE_B02,0.73,19.2,-11.3,0.54
2024-01-03 16:00:00,ZONE_M01,0.69,20.3,-9.1,0.49
2024-01-03 16:00:00,ZONE_M02,0.69,19.7,-9.1,0.49
2024-01-03 16:00:00,ZONE_M03,0.69,20.0,-9.1,0.49
2024-01-03 16:00:00,ZONE_B01,0.69,19.8,-9.1,0.49
2024-01-03 16:00:00,ZONE_B02,0.69,20.3,-9.1,0.49
2024-01-03 17:00:00,ZONE_M01,0.72,20.2,-10.6,0.53
2024-01-03 17:00:00,ZONE_M02,0.72,20.8,-10.6,0.53
2024-01-03 17:00:00,ZONE_M03,0.72,20.6,-10.6,0.53
2024-01-03 17:00:00,ZONE_B01,0.72,20.2,-10.6,0.53
2024-01-03 17:00:00,ZONE_B02,0.72,20.1,-10.6,0.53
2024-01-03 18:00:00,ZONE_M01,0.53,19.2,-11.8,0.49
2024-01-03 18:00:00,ZONE_M02,0.53,19.4,-11.8,0.49
2024-01-03 18:00:00,ZONE_M03,0.53,18.8,-11.8,0.49
2024-01-03 18:00:00,ZONE_B01,0.53,18.9,-11.8,0.49
2024-01-03 18:00:00,ZONE_B02,0.53,19.3,-11.8,0.49
2024-01-03 19:00:00,ZONE_M01,0.62,19.3,-13.3,0.54
2024-01-03 19:00:00,ZONE_M02,0.62,20.7,-13.3,0.54
2024-01-03 19:00:00,ZONE_M03,0.62,20.7,-13.3,0.54
2024-01-03 19:00:00,ZONE_B01,0.62,19.8,-13.3,0.54
2024-01-03 19:00:00,ZONE_B02,0.62,19.9,-13.3,0.54
2024-01-03 20:00:00,ZONE_M01,0.48,18.8,-11.4,0.47
2024-01-03 20:00:00,ZONE_M02,0.48,20.0,-11.4,0.47
2024-01-03 20:00:00,ZONE_M03,0.48,19.4,-11.4,0.47
2024-01-03 20:00:00,ZONE_B01,0.48,19.1,-11.4,0.47
2024-01-03 20:00:00,ZONE_B02,0.48,19.6,-11.4,0.47
2024-01-03 21:00:00,ZONE_M01,0.48,20.0,-9.0,0.43
2024-01-03 21:00:00,ZONE_M02,0.48,18.8,-9.0,0.43
2024-01-03 21:00:00,ZONE_M03,0.48,20.2,-9.0,0.43
2024-01-03 21:00:00,ZONE_B01,0.48,18.6,-9.0,0.43
2024-01-03 21:00:00,ZONE_B02,0.48,20.1,-9.0,0.43
2024-01-03 22:00:00,ZONE_M01,0.91,20.6,-12.2,0.62
2024-01-03 22:00:00,ZONE_M02,0.91,21.4,-12.2,0.62
2024-01-03 22:00:00,ZONE_M03,0.91,20.6,-12.2,0.62
2024-01-03 22:00:00,ZONE_B01,0.91,20.7,-12.2,0.62
2024-01-03 22:00:00,ZONE_B02,0.91,19.6,-12.2,0.62
2024-01-03 23:00:00,ZONE_M01,0.1,18.2,-13.2,0.36
2024-01-03 23:00:00,ZONE_M02,0.1,18.4,-13.2,0.36
2024-01-03 23:00:00,ZONE_M03,0.1,18.3,-13.2,0.36
2024-01-03 23:00:00,ZONE_B01,0.1,18.8,-13.2,0.36
2024-01-03 23:00:00,ZONE_B02,0.1,18.9,-13.2,0.36
2024-01-04 00:00:00,ZONE_M01,0.29,17.9,-12.2,0.42
2024-01-04 00:00:00,ZONE_M02,0.29,18.6,-12.2,0.42
2024-01-04 00:00:00,ZONE_M03,0.29,19.6,-12.2,0.42
2024-01-04 00:00:00,ZONE_B01,0.29,18.4,-12.2,0.42
2024-01-04 00:00:00,ZONE_B02,0.29,18.7,-12.2,0.42
2024-01-04 01:00:00,ZONE_M01,0.24,18.9,-10.6,0.38
2024-01-04 01:00:00,ZONE_M02,0.24,18.2,-10.6,0.38
2024-01-04 01:00:00,ZONE_M03,0.24,18.7,-10.6,0.38
2024-01-04 01:00:00,ZONE_B01,0.24,18.2,-10.6,0.38
2024-01-04 01:00:00,ZONE_B02,0.24,19.0,-10.6,0.38
2024-01-04 02:00:00,ZONE_M01,0.1,18.5,-9.7,0.33
2024-01-04 02:00:00,ZONE_M02,0.1,17.5,-9.7,0.33
2024-01-04 02:00:00,ZONE_M03,0.1,18.5,-9.7,0.33
2024-01-04 02:00:00,ZONE_B01,0.1,18.4,-9.7,0.33
2024-01-04 02:00:00,ZONE_B02,0.1,18.7,-9.7,0.33
2024-01-04 03:00:00,ZONE_M01,0.21,18.5,-12.9,0.4
2024-01-04 03:00:00,ZONE_M02,0.21,18.5,-12.9,0.4
2024-01-04 03:00:00,ZONE_M03,0.21,18.2,-12.9,0.4
2024-01-04 03:00:00,ZONE_B01,0.21,18.7,-12.9,0.4
2024-01-04 03:00:00,ZONE_B02,0.21,17.7,-12.9,0.4
2024-01-04 04:00:00,ZONE_M01,0.17,17.9,-13.9,0.4
2024-01-04 04:00:00,ZONE_M02,0.17,17.1,-13.9,0.4
2024-01-04 04:00:00,ZONE_M03,0.17,18.4,-13.9,0.4
2024-01-04 04:00:00,ZONE_B01,0.17,17.8,-13.9,0.4
2024-01-04 04:00:00,ZONE_B02,0.17,18.7,-13.9,0.4
2024-01-04 05:00:00,ZONE_M01,0.07,19.0,-13.5,0.36
2024-01-04 05:00:00,ZONE_M02,0.07,18.7,-13.5,0.36
2024-01-04 05:00:00,ZONE_M03,0.07,17.5,-13.5,0.36
2024-01-04 05:00:00,ZONE_B01,0.07,17.7,-13.5,0.36
2024-01-04 05:00:00,ZONE_B02,0.07,17.7,-13.5,0.36
2024-01-04 06:00:00,ZONE_M01,0.77,20.1,-11.1,0.55
2024-01-04 06:00:00,ZONE_M02,0.77,20.4,-11.1,0.55
2024-01-04 06:00:00,ZONE_M03,0.77,19.8,-11.1,0.55
2024-01-04 06:00:00,ZONE_B01,0.77,20.7,-11.1,0.55
2024-01-04 06:00:00,ZONE_B02,0.77,20.1,-11.1,0.55
2024-01-04 07:00:00,ZONE_M01,0.49,19.1,-12.8,0.49
2024-01-04 07:00:00,ZONE_M02,0.49,19.2,-12.8,0.49
2024-01-04 07:00:00,ZONE_M03,0.49,19.2,-12.8,0.49
2024-01-04 07:00:00,ZONE_B01,0.49,19.8,-12.8,0.49
2024-01-04 07:00:00,ZONE_B02,0.49,19.8,-12.8,0.49
2024-01-04 08:00:00,ZONE_M01,0.67,20.0,-11.3,0.52
2024-01-04 08:00:00,ZONE_M02,0.67,19.5,-11.3,0.52
2024-01-04 08:00:00,ZONE_M03,0.67,19.9,-11.3,0.52
2024-01-04 08:00:00,ZONE_B01,0.67,20.6,-11.3,0.52
2024-01-04 08:00:00,ZONE_B02,0.67,21.0,-11.3,0.52
2024-01-04 09:00:00,ZONE_M01,0.46,19.6,-9.0,0.42
2024-01-04 09:00:00,ZONE_M02,0.46,19.5,-9.0,0.42
2024-01-04 09:00:00,ZONE_M03,0.46,19.0,-9.0,0.42
2024-01-04 09:00:00,ZONE_B01,0.46,19.6,-9.0,0.42
2024-01-04 09:00:00,ZONE_B02,0.46,19.5,-9.0,0.42
2024-01-04 10:00:00,ZONE_M01,0.56,20.0,-9.6,0.46
2024-01-04 10:00:00,ZONE_M02,0.56,20.5,-9.6,0.46
2024-01-04 10:00:00,ZONE_M03,0.56,19.9,-9.6,0.46
2024-01-04 10:00:00,ZONE_B01,0.56,19.4,-9.6,0.46
2024-01-04 10:00:00,ZONE_B02,0.56,20.1,-9.6,0.46
2024-01-04 11:00:00,ZONE_M01,0.47,19.5,-12.1,0.47
2024-01-04 11:00:00,ZONE_M02,0.47,19.7,-12.1,0.47
2024-01-04 11:00:00,ZONE_M03,0.47,19.4,-12.1,0.47
2024-01-04 11:00:00,ZONE_B01,0.47,19.9,-12.1,0.47
2024-01-04 11:00:00,ZONE_B02,0.47,19.4,-12.1,0.47
2024-01-04 12:00:00,ZONE_M01,0.51,19.1,-9.4,0.44
2024-01-04 12:00:00,ZONE_M02,0.51,21.0,-9.4,0.44
2024-01-04 12:00:00,ZONE_M03,0.51,19.7,-9.4,0.44
2024-01-04 12:00:00,ZONE_B01,0.51,19.4,-9.4,0.44
2024-01-04 12:00:00,ZONE_B02,0.51,19.5,-9.4,0.44
2024-01-04 13:00:00,ZONE_M01,0.54,19.9,-13.4,0.51
2024-01-04 13:00:00,ZONE_M02,0.54,19.1,-13.4,0.51
2024-01-04 13:00:00,ZONE_M03,0.54,18.9,-13.4,0.51
2024-01-04 13:00:00,ZONE_B01,0.54,20.3,-13.4,0.51
2024-01-04 13:00:00,ZONE_B02,0.54,19.3,-13.4,0.51
2024-01-04 14:00:00,ZONE_M01,0.82,20.0,-13.1,0.6
2024-01-04 14:00:00,ZONE_M02,0.82,20.9,-13.1,0.6
2024-01-04 14:00:00,ZONE_M03,0.82,20.7,-13.1,0.6
2024-01-04 14:00:00,ZONE_B01,0.82,20.6,-13.1,0.6
2024-01-04 14:00:00,ZONE_B02,0.82,21.0,-13.1,0.6
2024-01-04 15:00:00,ZONE_M01,0.61,20.4,-10.7,0.49
2024-01-04 15:00:00,ZONE_M02,0.61,20.5,-10.7,0.49
2024-01-04 15:00:00,ZONE_M03,0.61,19.4,-10.7,0.49
2024-01-04 15:00:00,ZONE_B01,0.61,19.9,-10.7,0.49
2024-01-04 15:00:00,ZONE_B02,0.61,20.8,-10.7,0.49
2024-01-04 16:00:00,ZONE_M01,0.56,19.0,-11.0,0.48
2024-01-04 16:00:00,ZONE_M02,0.56,19.8,-11.0,0.48
2024-01-04 16:00:00,ZONE_M03,0.56,19.4,-11.0,0.48
2024-01-04 16:00:00,ZONE_B01,0.56,18.9,-11.0,0.48
2024-01-04 16:00:00,ZONE_B02,0.56,20.0,-11.0,0.48
2024-01-04 17:00:00,ZONE_M01,0.51,19.9,-12.2,0.49
2024-01-04 17:00:00,ZONE_M02,0.51,19.8,-12.2,0.49
2024-01-04 17:00:00,ZONE_M03,0.51,20.2,-12.2,0.49
2024-01-04 17:00:00,ZONE_B01,0.51,19.5,-12.2,0.49
2024-01-04 17:00:00,ZONE_B02,0.51,19.2,-12.2,0.49
2024-01-04 18:00:00,ZONE_M01,0.68,20.5,-9.4,0.49
2024-01-04 18:00:00,ZONE_M02,0.68,19.7,-9.4,0.49
2024-01-04 18:00:00,ZONE_M03,0.68,20.1,-9.4,0.49
2024-01-04 18:00:00,ZONE_B01,0.68,20.5,-9.4,0.49
2024-01-04 18:00:00,ZONE_B02,0.68,19.9,-9.4,0.49
2024-01-04 19:00:00,ZONE_M01,0.72,20.0,-11.1,0.53
2024-01-04 19:00:00,ZONE_M02,0.72,20.9,-11.1,0.53
2024-01-04 19:00:00,ZONE_M03,0.72,20.4,-11.1,0.53
2024-01-04 19:00:00,ZONE_B01,0.72,20.4,-11.1,0.53
2024-01-04 19:00:00,ZONE_B02,0.72,19.4,-11.1,0.53
2024-01-04 20:00:00,ZONE_M01,0.56,19.7,-9.5,0.46
2024-01-04 20:00:00,ZONE_M02,0.56,19.6,-9.5,0.46
2024-01-04 20:00:00,ZONE_M03,0.56,19.3,-9.5,0.46
2024-01-04 20:00:00,ZONE_B01,0.56,19.6,-9.5,0.46
2024-01-04 20:00:00,ZONE_B02,0.56,18.9,-9.5,0.46
2024-01-04 21:00:00,ZONE_M01,0.73,20.4,-10.2,0.52
2024-01-04 21:00:00,ZONE_M02,0.73,19.7,-10.2,0.52
2024-01-04 21:00:00,ZONE_M03,0.73,21.2,-10.2,0.52
2024-01-04 21:00:00,ZONE_B01,0.73,20.6,-10.2,0.52
2024-01-04 21:00:00,ZONE_B02,0.73,19.9,-10.2,0.52
2024-01-04 22:00:00,ZONE_M01,0.39,18.5,-10.9,0.43
2024-01-04 22:00:00,ZONE_M02,0.39,19.8,-10.9,0.43
2024-01-04 22:00:00,ZONE_M03,0.39,19.3,-10.9,0.43
2024-01-04 22:00:00,ZONE_B01,0.39,19.5,-10.9,0.43
2024-01-04 22:00:00,ZONE_B02,0.39,18.7,-10.9,0.43
2024-01-04 23:00:00,ZONE_M01,0.22,18.6,-10.1,0.37
2024-01-04 23:00:00,ZONE_M02,0.22,18.8,-10.1,0.37
2024-01-04 23:00:00,ZONE_M03,0.22,19.1,-10.1,0.37
2024-01-04 23:00:00,ZONE_B01,0.22,18.1,-10.1,0.37
2024-01-04 23:00:00,ZONE_B02,0.22,18.5,-10.1,0.37
2024-01-05 00:00:00,ZONE_M01,0.26,18.3,-9.4,0.37
2024-01-05 00:00:00,ZONE_M02,0.26,18.3,-9.4,0.37
2024-01-05 00:00:00,ZONE_M03,0.26,19.3,-9.4,0.37
2024-01-05 00:00:00,ZONE_B01,0.26,19.5,-9.4,0.37
2024-01-05 00:00:00,ZONE_B02,0.26,18.5,-9.4,0.37
2024-01-05 01:00:00,ZONE_M01,0.03,18.3,-13.6,0.35
2024-01-05 01:00:00,ZONE_M02,0.03,17.9,-13.6,0.35
2024-01-05 01:00:00,ZONE_M03,0.03,18.4,-13.6,0.35
2024-01-05 01:00:00,ZONE_B01,0.03,18.0,-13.6,0.35
2024-01-05 01:00:00,ZONE_B02,0.03,18.2,-13.6,0.35
2024-01-05 02:00:00,ZONE_M01,0.19,18.5,-9.5,0.35
2024-01-05 02:00:00,ZONE_M02,0.19,19.6,-9.5,0.35
2024-01-05 02:00:00,ZONE_M03,0.19,17.7,-9.5,0.35
2024-01-05 02:00:00,ZONE_B01,0.19,18.6,-9.5,0.35
2024-01-05 02:00:00,ZONE_B02,0.19,18.7,-9.5,0.35
2024-01-05 03:00:00,ZONE_M01,0.23,18.3,-11.0,0.38
2024-01-05 03:00:00,ZONE_M02,0.23,19.5,-11.0,0.38
2024-01-05 03:00:00,ZONE_M03,0.23,18.4,-11.0,0.38
2024-01-05 03:00:00,ZONE_B01,0.23,18.1,-11.0,0.38
2024-01-05 03:00:00,ZONE_B02,0.23,18.8,-11.0,0.38
2024-01-05 04:00:00,ZONE_M01,0.36,18.7,-10.4,0.41
2024-01-05 04:00:00,ZONE_M02,0.36,19.8,-10.4,0.41
2024-01-05 04:00:00,ZONE_M03,0.36,19.6,-10.4,0.41
2024-01-05 04:00:00,ZONE_B01,0.36,18.8,-10.4,0.41
2024-01-05 04:00:00,ZONE_B02,0.36,19.6,-10.4,0.41
2024-01-05 05:00:00,ZONE_M01,0.24,17.8,-13.2,0.41
2024-01-05 05:00:00,ZONE_M02,0.24,19.6,-13.2,0.41
2024-01-05 05:00:00,ZONE_M03,0.24,19.0,-13.2,0.41
2024-01-05 05:00:00,ZONE_B01,0.24,18.9,-13.2,0.41
2024-01-05 05:00:00,ZONE_B02,0.24,18.9,-13.2,0.41
2024-01-05 06:00:00,ZONE_M01,0.55,18.9,-10.8,0.48
2024-01-05 06:00:00,ZONE_M02,0.55,20.1,-10.8,0.48
2024-01-05 06:00:00,ZONE_M03,0.55,19.5,-10.8,0.48
2024-01-05 06:00:00,ZONE_B01,0.55,20.1,-10.8,0.48
2024-01-05 06:00:00,ZONE_B02,0.55,18.9,-10.8,0.48
2024-01-05 07:00:00,ZONE_M01,0.8,20.6,-10.2,0.54
2024-01-05 07:00:00,ZONE_M02,0.8,20.6,-10.2,0.54
2024-01-05 07:00:00,ZONE_M03,0.8,20.2,-10.2,0.54
2024-01-05 07:00:00,ZONE_B01,0.8,21.6,-10.2,0.54
2024-01-05 07:00:00,ZONE_B02,0.8,19.6,-10.2,0.54
2024-01-05 08:00:00,ZONE_M01,0.71,19.8,-10.3,0.52
2024-01-05 08:00:00,ZONE_M02,0.71,19.5,-10.3,0.52
2024-01-05 08:00:00,ZONE_M03,0.71,20.2,-10.3,0.52
2024-01-05 08:00:00,ZONE_B01,0.71,20.2,-10.3,0.52
2024-01-05 08:00:00,ZONE_B02,0.71,19.7,-10.3,0.52
2024-01-05 09:00:00,ZONE_M01,0.88,20.3,-10.4,0.57
2024-01-05 09:00:00,ZONE_M02,0.88,20.1,-10.4,0.57
2024-01-05 09:00:00,ZONE_M03,0.88,19.8,-10.4,0.57
2024-01-05 09:00:00,ZONE_B01,0.88,20.7,-10.4,0.57
2024-01-05 09:00:00,ZONE_B02,0.88,20.5,-10.4,0.57
2024-01-05 10:00:00,ZONE_M01,0.92,21.5,-10.6,0.59
2024-01-05 10:00:00,ZONE_M02,0.92,20.8,-10.6,0.59
2024-01-05 10:00:00,ZONE_M03,0.92,20.9,-10.6,0.59
2024-01-05 10:00:00,ZONE_B01,0.92,20.9,-10.6,0.59
2024-01-05 10:00:00,ZONE_B02,0.92,20.9,-10.6,0.59
2024-01-05 11:00:00,ZONE_M01,0.78,20.9,-13.8,0.6
2024-01-05 11:00:00,ZONE_M02,0.78,20.3,-13.8,0.6
2024-01-05 11:00:00,ZONE_M03,0.78,20.6,-13.8,0.6
2024-01-05 11:00:00,ZONE_B01,0.78,20.9,-13.8,0.6
2024-01-05 11:00:00,ZONE_B02,0.78,20.0,-13.8,0.6
2024-01-05 12:00:00,ZONE_M01,0.5,20.0,-14.0,0.51
2024-01-05 12:00:00,ZONE_M02,0.5,19.2,-14.0,0.51
2024-01-05 12:00:00,ZONE_M03,0.5,18.8,-14.0,0.51
2024-01-05 12:00:00,ZONE_B01,0.5,19.4,-14.0,0.51
2024-01-05 12:00:00,ZONE_B02,0.5,20.0,-14.0,0.51
2024-01-05 13:00:00,ZONE_M01,0.77,21.1,-15.6,0.63
2024-01-05 13:00:00,ZONE_M02,0.77,20.4,-15.6,0.63
2024-01-05 13:00:00,ZONE_M03,0.77,20.0,-15.6,0.63
2024-01-05 13:00:00,ZONE_B01,0.77,20.3,-15.6,0.63
2024-01-05 13:00:00,ZONE_B02,0.77,20.2,-15.6,0.63
2024-01-05 14:00:00,ZONE_M01,0.85,21.4,-9.7,0.55
2024-01-05 14:00:00,ZONE_M02,0.85,20.1,-9.7,0.55
2024-01-05 14:00:00,ZONE_M03,0.85,20.7,-9.7,0.55
2024-01-05 14:00:00,ZONE_B01,0.85,20.7,-9.7,0.55
2024-01-05 14:00:00,ZONE_B02,0.85,20.2,-9.7,0.55
2024-01-05 15:00:00,ZONE_M01,0.68,19.7,-11.5,0.53
2024-01-05 15:00:00,ZONE_M02,0.68,19.7,-11.5,0.53
2024-01-05 15:00:00,ZONE_M03,0.68,21.1,-11.5,0.53
2024-01-05 15:00:00,ZONE_B01,0.68,20.5,-11.5,0.53
2024-01-05 15:00:00,ZONE_B02,0.68,19.9,-11.5,0.53
2024-01-05 16:00:00,ZONE_M01,0.44,18.8,-11.4,0.45
2024-01-05 16:00:00,ZONE_M02,0.44,19.4,-11.4,0.45
2024-01-05 16:00:00,ZONE_M03,0.44,18.8,-11.4,0.45
2024-01-05 16:00:00,ZONE_B01,0.44,19.2,-11.4,0.45
2024-01-05 16:00:00,ZONE_B02,0.44,19.3,-11.4,0.45
2024-01-05 17:00:00,ZONE_M01,1.0,20.9,-10.7,0.61
2024-01-05 17:00:00,ZONE_M02,1.0,21.3,-10.7,0.61
2024-01-05 17:00:00,ZONE_M03,1.0,20.9,-10.7,0.61
2024-01-05 17:00:00,ZONE_B01,1.0,21.6,-10.7,0.61
2024-01-05 17:00:00,ZONE_B02,1.0,20.7,-10.7,0.61
2024-01-05 18:00:00,ZONE_M01,0.48,19.1,-13.6,0.5
2024-01-05 18:00:00,ZONE_M02,0.48,19.0,-13.6,0.5
2024-01-05 18:00:00,ZONE_M03,0.48,20.3,-13.6,0.5
2024-01-05 18:00:00,ZONE_B01,0.48,19.9,-13.6,0.5
2024-01-05 18:00:00,ZONE_B02,0.48,18.9,-13.6,0.5
2024-01-05 19:00:00,ZONE_M01,0.81,20.8,-8.9,0.52
2024-01-05 19:00:00,ZONE_M02,0.81,20.8,-8.9,0.52
2024-01-05 19:00:00,ZONE_M03,0.81,19.8,-8.9,0.52
2024-01-05 19:00:00,ZONE_B01,0.81,21.0,-8.9,0.52
2024-01-05 19:00:00,ZONE_B02,0.81,20.4,-8.9,0.52
2024-01-05 20:00:00,ZONE_M01,0.61,20.2,-10.9,0.5
2024-01-05 20:00:00,ZONE_M02,0.61,20.6,-10.9,0.5
2024-01-05 20:00:00,ZONE_M03,0.61,20.0,-10.9,0.5
2024-01-05 20:00:00,ZONE_B01,0.61,19.7,-10.9,0.5
2024-01-05 20:00:00,ZONE_B02,0.61,20.6,-10.9,0.5
2024-01-05 21:00:00,ZONE_M01,0.58,19.9,-13.3,0.53
2024-01-05 21:00:00,ZONE_M02,0.58,20.1,-13.3,0.53
2024-01-05 21:00:00,ZONE_M03,0.58,20.2,-13.3,0.53
2024-01-05 21:00:00,ZONE_B01,0.58,19.8,-13.3,0.53
2024-01-05 21:00:00,ZONE_B02,0.58,20.2,-13.3,0.53
2024-01-05 22:00:00,ZONE_M01,0.76,19.9,-10.7,0.54
2024-01-05 22:00:00,ZONE_M02,0.76,20.0,-10.7,0.54
2024-01-05 22:00:00,ZONE_M03,0.76,20.3,-10.7,0.54
2024-01-05 22:00:00,ZONE_B01,0.76,20.9,-10.7,0.54
2024-01-05 22:00:00,ZONE_B02,0.76,19.9,-10.7,0.54
2024-01-05 23:00:00,ZONE_M01,0.22,18.8,-13.7,0.41
2024-01-05 23:00:00,ZONE_M02,0.22,18.4,-13.7,0.41
2024-01-05 23:00:00,ZONE_M03,0.22,19.0,-13.7,0.41
2024-01-05 23:00:00,ZONE_B01,0.22,18.6,-13.7,0.41
2024-01-05 23:00:00,ZONE_B02,0.22,18.3,-13.7,0.41
2024-01-06 00:00:00,ZONE_M01,0.09,18.8,-9.4,0.32
2024-01-06 00:00:00,ZONE_M02,0.09,17.7,-9.4,0.32
2024-01-06 00:00:00,ZONE_M03,0.09,18.1,-9.4,0.32
2024-01-06 00:00:00,ZONE_B01,0.09,19.6,-9.4,0.32
2024-01-06 00:00:00,ZONE_B02,0.09,18.8,-9.4,0.32
2024-01-06 01:00:00,ZONE_M01,0.1,17.6,-13.1,0.36
2024-01-06 01:00:00,ZONE_M02,0.1,18.4,-13.1,0.36
2024-01-06 01:00:00,ZONE_M03,0.1,17.5,-13.1,0.36
2024-01-06 01:00:00,ZONE_B01,0.1,18.3,-13.1,0.36
2024-01-06 01:00:00,ZONE_B02,0.1,18.9,-13.1,0.36
2024-01-06 02:00:00,ZONE_M01,0.23,18.7,-10.5,0.37
2024-01-06 02:00:00,ZONE_M02,0.23,19.0,-10.5,0.37
2024-01-06 02:00:00,ZONE_M03,0.23,18.0,-10.5,0.37
2024-01-06 02:00:00,ZONE_B01,0.23,17.7,-10.5,0.37
2024-01-06 02:00:00,ZONE_B02,0.23,18.9,-10.5,0.37
2024-01-06 03:00:00,ZONE_M01,0.21,19.6,-11.0,0.37
2024-01-06 03:00:00,ZONE_M02,0.21,18.7,-11.0,0.37
2024-01-06 03:00:00,ZONE_M03,0.21,18.9,-11.0,0.37
2024-01-06 03:00:00,ZONE_B01,0.21,19.0,-11.0,0.37
2024-01-06 03:00:00,ZONE_B02,0.21,17.7,-11.0,0.37
2024-01-06 04:00:00,ZONE_M01,0.09,18.8,-10.3,0.33
2024-01-06 04:00:00,ZONE_M02,0.09,18.6,-10.3,0.33
2024-01-06 04:00:00,ZONE_M03,0.09,17.6,-10.3,0.33
2024-01-06 04:00:00,ZONE_B01,0.09,18.0,-10.3,0.33
2024-01-06 04:00:00,ZONE_B02,0.09,18.0,-10.3,0.33
2024-01-06 05:00:00,ZONE_M01,0.31,18.5,-11.1,0.41
2024-01-06 05:00:00,ZONE_M02,0.31,19.2,-11.1,0.41
2024-01-06 05:00:00,ZONE_M03,0.31,18.3,-11.1,0.41
2024-01-06 05:00:00,ZONE_B01,0.31,18.7,-11.1,0.41
2024-01-06 05:00:00,ZONE_B02,0.31,18.5,-11.1,0.41
2024-01-06 06:00:00,ZONE_M01,0.94,21.1,-14.0,0.66
2024-01-06 06:00:00,ZONE_M02,0.94,22.0,-14.0,0.66
2024-01-06 06:00:00,ZONE_M03,0.94,21.0,-14.0,0.66
2024-01-06 06:00:00,ZONE_B01,0.94,21.2,-14.0,0.66
2024-01-06 06:00:00,ZONE_B02,0.94,20.2,-14.0,0.66
2024-01-06 07:00:00,ZONE_M01,0.61,19.8,-11.1,0.5
2024-01-06 07:00:00,ZONE_M02,0.61,20.0,-11.1,0.5
2024-01-06 07:00:00,ZONE_M03,0.61,19.5,-11.1,0.5
2024-01-06 07:00:00,ZONE_B01,0.61,19.7,-11.1,0.5
2024-01-06 07:00:00,ZONE_B02,0.61,20.4,-11.1,0.5
2024-01-06 08:00:00,ZONE_M01,0.89,20.9,-11.3,0.59
2024-01-06 08:00:00,ZONE_M02,0.89,22.0,-11.3,0.59
2024-01-06 08:00:00,ZONE_M03,0.89,20.4,-11.3,0.59
2024-01-06 08:00:00,ZONE_B01,0.89,19.8,-11.3,0.59
2024-01-06 08:00:00,ZONE_B02,0.89,20.5,-11.3,0.59
2024-01-06 09:00:00,ZONE_M01,0.53,20.6,-10.3,0.46
2024-01-06 09:00:00,ZONE_M02,0.53,21.3,-10.3,0.46
2024-01-06 09:00:00,ZONE_M03,0.53,19.1,-10.3,0.46
2024-01-06 09:00:00,ZONE_B01,0.53,19.6,-10.3,0.46
2024-01-06 09:00:00,ZONE_B02,0.53,19.1,-10.3,0.46
2024-01-06 10:00:00,ZONE_M01,0.72,20.2,-12.2,0.56
2024-01-06 10:00:00,ZONE_M02,0.72,20.1,-12.2,0.56
2024-01-06 10:00:00,ZONE_M03,0.72,19.8,-12.2,0.56
2024-01-06 10:00:00,ZONE_B01,0.72,20.6,-12.2,0.56
2024-01-06 10:00:00,ZONE_B02,0.72,20.5,-12.2,0.56
2024-01-06 11:00:00,ZONE_M01,0.68,20.2,-12.3,0.54
2024-01-06 11:00:00,ZONE_M02,0.68,20.2,-12.3,0.54
2024-01-06 11:00:00,ZONE_M03,0.68,20.1,-12.3,0.54
2024-01-06 11:00:00,ZONE_B01,0.68,20.2,-12.3,0.54
2024-01-06 11:00:00,ZONE_B02,0.68,19.7,-12.3,0.54
2024-01-06 12:00:00,ZONE_M01,0.75,20.4,-11.1,0.54
2024-01-06 12:00:00,ZONE_M02,0.75,20.2,-11.1,0.54
2024-01-06 12:00:00,ZONE_M03,0.75,20.1,-11.1,0.54
2024-01-06 12:00:00,ZONE_B01,0.75,20.0,-11.1,0.54
2024-01-06 12:00:00,ZONE_B02,0.75,20.0,-11.1,0.54
2024-01-06 13:00:00,ZONE_M01,0.83,19.4,-10.3,0.56
2024-01-06 13:00:00,ZONE_M02,0.83,20.0,-10.3,0.56
2024-01-06 13:00:00,ZONE_M03,0.83,20.9,-10.3,0.56
2024-01-06 13:00:00,ZONE_B01,0.83,20.6,-10.3,0.56
2024-01-06 13:00:00,ZONE_B02,0.83,20.5,-10.3,0.56
2024-01-06 14:00:00,ZONE_M01,0.73,20.3,-12.6,0.57
2024-01-06 14:00:00,ZONE_M02,0.73,21.0,-12.6,0.57
2024-01-06 14:00:00,ZONE_M03,0.73,19.5,-12.6,0.57
2024-01-06 14:00:00,ZONE_B01,0.73,20.9,-12.6,0.57
2024-01-06 14:00:00,ZONE_B02,0.73,20.1,-12.6,0.57
2024-01-06 15:00:00,ZONE_M01,0.63,19.9,-11.7,0.52
2024-01-06 15:00:00,ZONE_M02,0.63,19.1,-11.7,0.52
2024-01-06 15:00:00,ZONE_M03,0.63,19.6,-11.7,0.52
2024-01-06 15:00:00,ZONE_B01,0.63,19.7,-11.7,0.52
2024-01-06 15:00:00,ZONE_B02,0.63,19.7,-11.7,0.52
2024-01-06 16:00:00,ZONE_M01,0.5,20.2,-10.0,0.45
2024-01-06 16:00:00,ZONE_M02,0.5,19.0,-10.0,0.45
2024-01-06 16:00:00,ZONE_M03,0.5,19.2,-10.0,0.45
2024-01-06 16:00:00,ZONE_B01,0.5,20.7,-10.0,0.45
2024-01-06 16:00:00,ZONE_B02,0.5,19.3,-10.0,0.45
2024-01-06 17:00:00,ZONE_M01,0.83,20.7,-12.7,0.6
2024-01-06 17:00:00,ZONE_M02,0.83,21.0,-12.7,0.6
2024-01-06 17:00:00,ZONE_M03,0.83,20.4,-12.7,0.6
2024-01-06 17:00:00,ZONE_B01,0.83,19.7,-12.7,0.6
2024-01-06 17:00:00,ZONE_B02,0.83,21.4,-12.7,0.6
2024-01-06 18:00:00,ZONE_M01,0.51,19.8,-12.1,0.48
2024-01-06 18:00:00,ZONE_M02,0.51,19.6,-12.1,0.48
2024-01-06 18:00:00,ZONE_M03,0.51,18.7,-12.1,0.48
2024-01-06 18:00:00,ZONE_B01,0.51,19.5,-12.1,0.48
2024-01-06 18:00:00,ZONE_B02,0.51,19.1,-12.1,0.48
2024-01-06 19:00:00,ZONE_M01,0.63,19.0,-10.8,0.5
2024-01-06 19:00:00,ZONE_M02,0.63,19.3,-10.8,0.5
2024-01-06 19:00:00,ZONE_M03,0.63,19.0,-10.8,0.5
2024-01-06 19:00:00,ZONE_B01,0.63,20.0,-10.8,0.5
2024-01-06 19:00:00,ZONE_B02,0.63,20.5,-10.8,0.5
2024-01-06 20:00:00,ZONE_M01,0.57,19.4,-12.3,0.51
2024-01-06 20:00:00,ZONE_M02,0.57,20.3,-12.3,0.51
2024-01-06 20:00:00,ZONE_M03,0.57,18.9,-12.3,0.51
2024-01-06 20:00:00,ZONE_B01,0.57,21.0,-12.3,0.51
2024-01-06 20:00:00,ZONE_B02,0.57,19.4,-12.3,0.51
2024-01-06 21:00:00,ZONE_M01,0.55,20.4,-11.7,0.49
2024-01-06 21:00:00,ZONE_M02,0.55,19.9,-11.7,0.49
2024-01-06 21:00:00,ZONE_M03,0.55,19.6,-11.7,0.49
2024-01-06 21:00:00,ZONE_B01,0.55,20.0,-11.7,0.49
2024-01-06 21:00:00,ZONE_B02,0.55,19.6,-11.7,0.49
2024-01-06 22:00:00,ZONE_M01,0.64,19.9,-10.7,0.5
2024-01-06 22:00:00,ZONE_M02,0.64,20.1,-10.7,0.5
2024-01-06 22:00:00,ZONE_M03,0.64,20.4,-10.7,0.5
2024-01-06 22:00:00,ZONE_B01,0.64,19.9,-10.7,0.5
2024-01-06 22:00:00,ZONE_B02,0.64,20.0,-10.7,0.5
2024-01-06 23:00:00,ZONE_M01,0.05,18.3,-9.9,0.31
2024-01-06 23:00:00,ZONE_M02,0.05,18.3,-9.9,0.31
2024-01-06 23:00:00,ZONE_M03,0.05,18.6,-9.9,0.31
2024-01-06 23:00:00,ZONE_B01,0.05,17.4,-9.9,0.31
2024-01-06 23:00:00,ZONE_B02,0.05,17.8,-9.9,0.31
2024-01-07 00:00:00,ZONE_M01,0.24,17.6,-15.2,0.43
2024-01-07 00:00:00,ZONE_M02,0.24,17.7,-15.2,0.43
2024-01-07 00:00:00,ZONE_M03,0.24,18.6,-15.2,0.43
2024-01-07 00:00:00,ZONE_B01,0.24,17.8,-15.2,0.43
2024-01-07 00:00:00,ZONE_B02,0.24,18.8,-15.2,0.43
2024-01-07 01:00:00,ZONE_M01,0.19,18.7,-15.2,0.42
2024-01-07 01:00:00,ZONE_M02,0.19,18.5,-15.2,0.42
2024-01-07 01:00:00,ZONE_M03,0.19,19.0,-15.2,0.42
2024-01-07 01:00:00,ZONE_B01,0.19,18.3,-15.2,0.42
2024-01-07 01:00:00,ZONE_B02,0.19,18.9,-15.2,0.42
2024-01-07 02:00:00,ZONE_M01,0.05,18.5,-11.9,0.34
2024-01-07 02:00:00,ZONE_M02,0.05,18.0,-11.9,0.34
2024-01-07 02:00:00,ZONE_M03,0.05,17.5,-11.9,0.34
2024-01-07 02:00:00,ZONE_B01,0.05,17.9,-11.9,0.34
2024-01-07 02:00:00,ZONE_B02,0.05,18.5,-11.9,0.34
2024-01-07 03:00:00,ZONE_M01,0.08,18.9,-14.4,0.37
2024-01-07 03:00:00,ZONE_M02,0.08,18.4,-14.4,0.37
2024-01-07 03:00:00,ZONE_M03,0.08,18.8,-14.4,0.37
2024-01-07 03:00:00,ZONE_B01,0.08,18.0,-14.4,0.37
2024-01-07 03:00:00,ZONE_B02,0.08,18.1,-14.4,0.37
2024-01-07 04:00:00,ZONE_M01,0.26,18.7,-11.2,0.39
2024-01-07 04:00:00,ZONE_M02,0.26,19.1,-11.2,0.39
2024-01-07 04:00:00,ZONE_M03,0.26,19.3,-11.2,0.39
2024-01-07 04:00:00,ZONE_B01,0.26,19.0,-11.2,0.39
2024-01-07 04:00:00,ZONE_B02,0.26,18.5,-11.2,0.39
2024-01-07 05:00:00,ZONE_M01,0.05,17.7,-15.9,0.38
2024-01-07 05:00:00,ZONE_M02,0.05,18.4,-15.9,0.38
2024-01-07 05:00:00,ZONE_M03,0.05,17.6,-15.9,0.38
2024-01-07 05:00:00,ZONE_B01,0.05,18.2,-15.9,0.38
2024-01-07 05:00:00,ZONE_B02,0.05,18.5,-15.9,0.38
2024-01-07 06:00:00,ZONE_M01,0.61,19.6,-9.1,0.47
2024-01-07 06:00:00,ZONE_M02,0.61,19.7,-9.1,0.47
2024-01-07 06:00:00,ZONE_M03,0.61,20.4,-9.1,0.47
2024-01-07 06:00:00,ZONE_B01,0.61,19.5,-9.1,0.47
2024-01-07 06:00:00,ZONE_B02,0.61,20.4,-9.1,0.47
2024-01-07 07:00:00,ZONE_M01,0.72,20.1,-11.0,0.53
2024-01-07 07:00:00,ZONE_M02,0.72,20.6,-11.0,0.53
2024-01-07 07:00:00,ZONE_M03,0.72,20.7,-11.0,0.53
2024-01-07 07:00:00,ZONE_B01,0.72,19.7,-11.0,0.53
2024-01-07 07:00:00,ZONE_B02,0.72,19.6,-11.0,0.53
2024-01-07 08:00:00,ZONE_M01,0.75,20.6,-11.3,0.55
2024-01-07 08:00:00,ZONE_M02,0.75,20.5,-11.3,0.55
2024-01-07 08:00:00,ZONE_M03,0.75,21.0,-11.3,0.55
2024-01-07 08:00:00,ZONE_B01,0.75,20.7,-11.3,0.55
2024-01-07 08:00:00,ZONE_B02,0.75,20.0,-11.3,0.55
2024-01-07 09:00:00,ZONE_M01,0.63,19.4,-11.8,0.52
2024-01-07 09:00:00,ZONE_M02,0.63,20.5,-11.8,0.52
2024-01-07 09:00:00,ZONE_M03,0.63,19.9,-11.8,0.52
2024-01-07 09:00:00,ZONE_B01,0.63,20.2,-11.8,0.52
2024-01-07 09:00:00,ZONE_B02,0.63,19.4,-11.8,0.52
2024-01-07 10:00:00,ZONE_M01,0.58,17.8,-10.9,0.49
2024-01-07 10:00:00,ZONE_M02,0.58,19.3,-10.9,0.49
2024-01-07 10:00:00,ZONE_M03,0.58,19.4,-10.9,0.49
2024-01-07 10:00:00,ZONE_B01,0.58,19.2,-10.9,0.49
2024-01-07 10:00:00,ZONE_B02,0.58,19.6,-10.9,0.49
2024-01-07 11:00:00,ZONE_M01,0.8,19.8,-9.5,0.53
2024-01-07 11:00:00,ZONE_M02,0.8,19.6,-9.5,0.53
2024-01-07 11:00:00,ZONE_M03,0.8,20.2,-9.5,0.53
2024-01-07 11:00:00,ZONE_B01,0.8,20.7,-9.5,0.53
2024-01-07 11:00:00,ZONE_B02,0.8,20.1,-9.5,0.53
2024-01-07 12:00:00,ZONE_M01,0.56,19.4,-11.0,0.48
2024-01-07 12:00:00,ZONE_M02,0.56,19.2,-11.0,0.48
2024-01-07 12:00:00,ZONE_M03,0.56,20.3,-11.0,0.48
2024-01-07 12:00:00,ZONE_B01,0.56,20.0,-11.0,0.48
2024-01-07 12:00:00,ZONE_B02,0.56,19.5,-11.0,0.48
2024-01-07 13:00:00,ZONE_M01,0.46,19.8,-12.1,0.47
2024-01-07 13:00:00,ZONE_M02,0.46,18.7,-12.1,0.47
2024-01-07 13:00:00,ZONE_M03,0.46,20.2,-12.1,0.47
2024-01-07 13:00:00,ZONE_B01,0.46,19.4,-12.1,0.47
2024-01-07 13:00:00,ZONE_B02,0.46,19.4,-12.1,0.47
2024-01-07 14:00:00,ZONE_M01,0.74,20.6,-10.0,0.52
2024-01-07 14:00:00,ZONE_M02,0.74,20.2,-10.0,0.52
2024-01-07 14:00:00,ZONE_M03,0.74,20.5,-10.0,0.52
2024-01-07 14:00:00,ZONE_B01,0.74,20.1,-10.0,0.52
2024-01-07 14:00:00,ZONE_B02,0.74,20.1,-10.0,0.52
2024-01-07 15:00:00,ZONE_M01,0.72,19.4,-11.2,0.54
2024-01-07 15:00:00,ZONE_M02,0.72,20.4,-11.2,0.54
2024-01-07 15:00:00,ZONE_M03,0.72,20.5,-11.2,0.54
2024-01-07 15:00:00,ZONE_B01,0.72,20.7,-11.2,0.54
2024-01-07 15:00:00,ZONE_B02,0.72,20.7,-11.2,0.54
2024-01-07 16:00:00,ZONE_M01,0.69,19.9,-11.8,0.54
2024-01-07 16:00:00,ZONE_M02,0.69,20.8,-11.8,0.54
2024-01-07 16:00:00,ZONE_M03,0.69,20.5,-11.8,0.54
2024-01-07 16:00:00,ZONE_B01,0.69,20.0,-11.8,0.54
2024-01-07 16:00:00,ZONE_B02,0.69,20.8,-11.8,0.54
2024-01-07 17:00:00,ZONE_M01,0.37,18.4,-9.3,0.4
2024-01-07 17:00:00,ZONE_M02,0.37,18.4,-9.3,0.4
2024-01-07 17:00:00,ZONE_M03,0.37,18.1,-9.3,0.4
2024-01-07 17:00:00,ZONE_B01,0.37,19.9,-9.3,0.4
2024-01-07 17:00:00,ZONE_B02,0.37,18.7,-9.3,0.4
2024-01-07 18:00:00,ZONE_M01,0.76,20.9,-13.0,0.58
2024-01-07 18:00:00,ZONE_M02,0.76,20.4,-13.0,0.58
2024-01-07 18:00:00,ZONE_M03,0.76,20.6,-13.0,0.58
2024-01-07 18:00:00,ZONE_B01,0.76,19.3,-13.0,0.58
2024-01-07 18:00:00,ZONE_B02,0.76,19.6,-13.0,0.58
2024-01-07 19:00:00,ZONE_M01,0.46,19.3,-11.5,0.46
2024-01-07 19:00:00,ZONE_M02,0.46,18.8,-11.5,0.46
2024-01-07 19:00:00,ZONE_M03,0.46,19.7,-11.5,0.46
2024-01-07 19:00:00,ZONE_B01,0.46,19.8,-11.5,0.46
2024-01-07 19:00:00,ZONE_B02,0.46,19.7,-11.5,0.46
2024-01-07 20:00:00,ZONE_M01,0.69,19.8,-13.0,0.56
2024-01-07 20:00:00,ZONE_M02,0.69,20.3,-13.0,0.56
2024-01-07 20:00:00,ZONE_M03,0.69,20.2,-13.0,0.56
2024-01-07 20:00:00,ZONE_B01,0.69,20.5,-13.0,0.56
2024-01-07 20:00:00,ZONE_B02,0.69,20.8,-13.0,0.56
2024-01-07 21:00:00,ZONE_M01,0.49,19.7,-12.3,0.48
2024-01-07 21:00:00,ZONE_M02,0.49,20.2,-12.3,0.48
2024-01-07 21:00:00,ZONE_M03,0.49,19.9,-12.3,0.48
2024-01-07 21:00:00,ZONE_B01,0.49,19.2,-12.3,0.48
2024-01-07 21:00:00,ZONE_B02,0.49,19.7,-12.3,0.48
2024-01-07 22:00:00,ZONE_M01,0.6,19.4,-10.9,0.5
2024-01-07 22:00:00,ZONE_M02,0.6,19.6,-10.9,0.5
2024-01-07 22:00:00,ZONE_M03,0.6,19.9,-10.9,0.5
2024-01-07 22:00:00,ZONE_B01,0.6,19.8,-10.9,0.5
2024-01-07 22:00:00,ZONE_B02,0.6,20.7,-10.9,0.5
2024-01-07 23:00:00,ZONE_M01,0.2,18.4,-11.9,0.38
2024-01-07 23:00:00,ZONE_M02,0.2,18.1,-11.9,0.38
2024-01-07 23:00:00,ZONE_M03,0.2,17.9,-11.9,0.38
2024-01-07 23:00:00,ZONE_B01,0.2,19.1,-11.9,0.38
2024-01-07 23:00:00,ZONE_B02,0.2,18.8,-11.9,0.38
2024-01-08 00:00:00,ZONE_M01,0.07,17.7,-13.7,0.36
2024-01-08 00:00:00,ZONE_M02,0.07,17.9,-13.7,0.36
2024-01-08 00:00:00,ZONE_M03,0.07,18.4,-13.7,0.36
2024-01-08 00:00:00,ZONE_B01,0.07,18.4,-13.7,0.36
2024-01-08 00:00:00,ZONE_B02,0.07,18.7,-13.7,0.36
2024-01-08 01:00:00,ZONE_M01,0.04,18.0,-11.1,0.32
2024-01-08 01:00:00,ZONE_M02,0.04,18.2,-11.1,0.32
2024-01-08 01:00:00,ZONE_M03,0.04,18.0,-11.1,0.32
2024-01-08 01:00:00,ZONE_B01,0.04,18.0,-11.1,0.32
2024-01-08 01:00:00,ZONE_B02,0.04,18.1,-11.1,0.32
2024-01-08 02:00:00,ZONE_M01,0.25,18.6,-12.9,0.41
2024-01-08 02:00:00,ZONE_M02,0.25,19.8,-12.9,0.41
2024-01-08 02:00:00,ZONE_M03,0.25,18.3,-12.9,0.41
2024-01-08 02:00:00,ZONE_B01,0.25,19.2,-12.9,0.41
2024-01-08 02:00:00,ZONE_B02,0.25,19.0,-12.9,0.41
2024-01-08 03:00:00,ZONE_M01,0.26,18.8,-13.6,0.42
2024-01-08 03:00:00,ZONE_M02,0.26,18.6,-13.6,0.42
2024-01-08 03:00:00,ZONE_M03,0.26,19.0,-13.6,0.42
2024-01-08 03:00:00,ZONE_B01,0.26,19.0,-13.6,0.42
2024-01-08 03:00:00,ZONE_B02,0.26,19.3,-13.6,0.42
2024-01-08 04:00:00,ZONE_M01,0.17,19.5,-11.6,0.37
2024-01-08 04:00:00,ZONE_M02,0.17,19.1,-11.6,0.37
2024-01-08 04:00:00,ZONE_M03,0.17,18.7,-11.6,0.37
2024-01-08 04:00:00,ZONE_B01,0.17,17.9,-11.6,0.37
2024-01-08 04:00:00,ZONE_B02,0.17,19.5,-11.6,0.37
2024-01-08 05:00:00,ZONE_M01,0.17,19.4,-9.2,0.34
2024-01-08 05:00:00,ZONE_M02,0.17,19.5,-9.2,0.34
2024-01-08 05:00:00,ZONE_M03,0.17,19.0,-9.2,0.34
2024-01-08 05:00:00,ZONE_B01,0.17,17.5,-9.2,0.34
2024-01-08 05:00:00,ZONE_B02,0.17,18.3,-9.2,0.34
2024-01-08 06:00:00,ZONE_M01,0.59,20.1,-8.4,0.45
2024-01-08 06:00:00,ZONE_M02,0.59,19.3,-8.4,0.45
2024-01-08 06:00:00,ZONE_M03,0.59,19.7,-8.4,0.45
2024-01-08 06:00:00,ZONE_B01,0.59,20.8,-8.4,0.45
2024-01-08 06:00:00,ZONE_B02,0.59,19.6,-8.4,0.45
2024-01-08 07:00:00,ZONE_M01,0.66,20.6,-13.3,0.55
2024-01-08 07:00:00,ZONE_M02,0.66,20.4,-13.3,0.55
2024-01-08 07:00:00,ZONE_M03,0.66,20.4,-13.3,0.55
2024-01-08 07:00:00,ZONE_B01,0.66,19.1,-13.3,0.55
2024-01-08 07:00:00,ZONE_B02,0.66,19.9,-13.3,0.55
2024-01-08 08:00:00,ZONE_M01,0.65,19.6,-11.3,0.52
2024-01-08 08:00:00,ZONE_M02,0.65,20.0,-11.3,0.52
2024-01-08 08:00:00,ZONE_M03,0.65,19.9,-11.3,0.52
2024-01-08 08:00:00,ZONE_B01,0.65,19.7,-11.3,0.52
2024-01-08 08:00:00,ZONE_B02,0.65,18.3,-11.3,0.52
2024-01-08 09:00:00,ZONE_M01,0.68,20.1,-13.3,0.56
2024-01-08 09:00:00,ZONE_M02,0.68,20.4,-13.3,0.56
2024-01-08 09:00:00,ZONE_M03,0.68,19.1,-13.3,0.56
2024-01-08 09:00:00,ZONE_B01,0.68,20.2,-13.3,0.56
2024-01-08 09:00:00,ZONE_B02,0.68,19.9,-13.3,0.56
2024-01-08 10:00:00,ZONE_M01,0.61,20.4,-12.4,0.52
2024-01-08 10:00:00,ZONE_M02,0.61,20.0,-12.4,0.52
2024-01-08 10:00:00,ZONE_M03,0.61,20.9,-12.4,0.52
2024-01-08 10:00:00,ZONE_B01,0.61,20.1,-12.4,0.52
2024-01-08 10:00:00,ZONE_B02,0.61,18.6,-12.4,0.52
2024-01-08 11:00:00,ZONE_M01,0.81,20.2,-13.7,0.61
2024-01-08 11:00:00,ZONE_M02,0.81,20.5,-13.7,0.61
2024-01-08 11:00:00,ZONE_M03,0.81,21.0,-13.7,0.61
2024-01-08 11:00:00,ZONE_B01,0.81,20.6,-13.7,0.61
2024-01-08 11:00:00,ZONE_B02,0.81,21.2,-13.7,0.61
2024-01-08 12:00:00,ZONE_M01,0.6,20.0,-13.7,0.54
2024-01-08 12:00:00,ZONE_M02,0.6,19.8,-13.7,0.54
2024-01-08 12:00:00,ZONE_M03,0.6,20.0,-13.7,0.54
2024-01-08 12:00:00,ZONE_B01,0.6,20.6,-13.7,0.54
2024-01-08 12:00:00,ZONE_B02,0.6,19.5,-13.7,0.54
2024-01-08 13:00:00,ZONE_M01,0.54,20.3,-9.1,0.45
2024-01-08 13:00:00,ZONE_M02,0.54,19.2,-9.1,0.45
2024-01-08 13:00:00,ZONE_M03,0.54,18.9,-9.1,0.45
2024-01-08 13:00:00,ZONE_B01,0.54,19.3,-9.1,0.45
2024-01-08 13:00:00,ZONE_B02,0.54,18.8,-9.1,0.45
2024-01-08 14:00:00,ZONE_M01,0.48,19.5,-10.9,0.46
2024-01-08 14:00:00,ZONE_M02,0.48,19.2,-10.9,0.46
2024-01-08 14:00:00,ZONE_M03,0.48,19.9,-10.9,0.46
2024-01-08 14:00:00,ZONE_B01,0.48,19.2,-10.9,0.46
2024-01-08 14:00:00,ZONE_B02,0.48,20.0,-10.9,0.46
2024-01-08 15:00:00,ZONE_M01,0.29,19.9,-14.7,0.45
2024-01-08 15:00:00,ZONE_M02,0.29,18.6,-14.7,0.45
2024-01-08 15:00:00,ZONE_M03,0.29,17.8,-14.7,0.45
2024-01-08 15:00:00,ZONE_B01,0.29,20.1,-14.7,0.45
2024-01-08 15:00:00,ZONE_B02,0.29,19.6,-14.7,0.45
2024-01-08 16:00:00,ZONE_M01,0.82,19.4,-8.4,0.52
2024-01-08 16:00:00,ZONE_M02,0.82,20.7,-8.4,0.52
2024-01-08 16:00:00,ZONE_M03,0.82,20.8,-8.4,0.52
2024-01-08 16:00:00,ZONE_B01,0.82,20.4,-8.4,0.52
2024-01-08 16:00:00,ZONE_B02,0.82,20.1,-8.4,0.52
2024-01-08 17:00:00,ZONE_M01,0.87,21.5,-10.7,0.57
2024-01-08 17:00:00,ZONE_M02,0.87,21.1,-10.7,0.57
2024-01-08 17:00:00,ZONE_M03,0.87,21.7,-10.7,0.57
2024-01-08 17:00:00,ZONE_B01,0.87,20.6,-10.7,0.57
2024-01-08 17:00:00,ZONE_B02,0.87,20.5,-10.7,0.57
2024-01-08 18:00:00,ZONE_M01,0.66,19.8,-9.2,0.48
2024-01-08 18:00:00,ZONE_M02,0.66,20.4,-9.2,0.48
2024-01-08 18:00:00,ZONE_M03,0.66,21.0,-9.2,0.48
2024-01-08 18:00:00,ZONE_B01,0.66,20.7,-9.2,0.48
2024-01-08 18:00:00,ZONE_B02,0.66,19.9,-9.2,0.48
2024-01-08 19:00:00,ZONE_M01,0.53,19.4,-11.1,0.47
2024-01-08 19:00:00,ZONE_M02,0.53,18.5,-11.1,0.47
2024-01-08 19:00:00,ZONE_M03,0.53,19.6,-11.1,0.47
2024-01-08 19:00:00,ZONE_B01,0.53,19.4,-11.1,0.47
2024-01-08 19:00:00,ZONE_B02,0.53,19.2,-11.1,0.47
2024-01-08 20:00:00,ZONE_M01,0.66,20.0,-14.0,0.57
2024-01-08 20:00:00,ZONE_M02,0.66,20.4,-14.0,0.57
2024-01-08 20:00:00,ZONE_M03,0.66,19.9,-14.0,0.57
2024-01-08 20:00:00,ZONE_B01,0.66,20.0,-14.0,0.57
2024-01-08 20:00:00,ZONE_B02,0.66,20.2,-14.0,0.57
2024-01-08 21:00:00,ZONE_M01,0.68,20.3,-13.2,0.56
2024-01-08 21:00:00,ZONE_M02,0.68,20.1,-13.2,0.56
2024-01-08 21:00:00,ZONE_M03,0.68,20.2,-13.2,0.56
2024-01-08 21:00:00,ZONE_B01,0.68,19.9,-13.2,0.56
2024-01-08 21:00:00,ZONE_B02,0.68,20.3,-13.2,0.56
2024-01-08 22:00:00,ZONE_M01,0.63,20.4,-9.7,0.48
2024-01-08 22:00:00,ZONE_M02,0.63,20.1,-9.7,0.48
2024-01-08 22:00:00,ZONE_M03,0.63,19.3,-9.7,0.48
2024-01-08 22:00:00,ZONE_B01,0.63,19.8,-9.7,0.48
2024-01-08 22:00:00,ZONE_B02,0.63,19.6,-9.7,0.48
2024-01-08 23:00:00,ZONE_M01,0.28,19.4,-14.2,0.44
2024-01-08 23:00:00,ZONE_M02,0.28,18.9,-14.2,0.44
2024-01-08 23:00:00,ZONE_M03,0.28,19.7,-14.2,0.44
2024-01-08 23:00:00,ZONE_B01,0.28,19.8,-14.2,0.44
2024-01-08 23:00:00,ZONE_B02,0.28,19.7,-14.2,0.44
2024-01-09 00:00:00,ZONE_M01,0.12,18.3,-11.2,0.35
2024-01-09 00:00:00,ZONE_M02,0.12,18.0,-11.2,0.35
2024-01-09 00:00:00,ZONE_M03,0.12,17.8,-11.2,0.35
2024-01-09 00:00:00,ZONE_B01,0.12,19.2,-11.2,0.35
2024-01-09 00:00:00,ZONE_B02,0.12,17.6,-11.2,0.35
2024-01-09 01:00:00,ZONE_M01,0.14,18.5,-14.1,0.39
2024-01-09 01:00:00,ZONE_M02,0.14,18.0,-14.1,0.39
2024-01-09 01:00:00,ZONE_M03,0.14,17.9,-14.1,0.39
2024-01-09 01:00:00,ZONE_B01,0.14,19.4,-14.1,0.39
2024-01-09 01:00:00,ZONE_B02,0.14,18.5,-14.1,0.39
2024-01-09 02:00:00,ZONE_M01,0.11,18.9,-12.5,0.36
2024-01-09 02:00:00,ZONE_M02,0.11,19.0,-12.5,0.36
2024-01-09 02:00:00,ZONE_M03,0.11,18.5,-12.5,0.36
2024-01-09 02:00:00,ZONE_B01,0.11,17.0,-12.5,0.36
2024-01-09 02:00:00,ZONE_B02,0.11,19.0,-12.5,0.36
2024-01-09 03:00:00,ZONE_M01,0.2,19.4,-11.2,0.37
2024-01-09 03:00:00,ZONE_M02,0.2,18.4,-11.2,0.37
2024-01-09 03:00:00,ZONE_M03,0.2,18.4,-11.2,0.37
2024-01-09 03:00:00,ZONE_B01,0.2,19.1,-11.2,0.37
2024-01-09 03:00:00,ZONE_B02,0.2,18.6,-11.2,0.37
2024-01-09 04:00:00,ZONE_M01,0.16,17.4,-12.6,0.38
2024-01-09 04:00:00,ZONE_M02,0.16,18.5,-12.6,0.38
2024-01-09 04:00:00,ZONE_M03,0.16,19.0,-12.6,0.38
2024-01-09 04:00:00,ZONE_B01,0.16,17.3,-12.6,0.38
2024-01-09 04:00:00,ZONE_B02,0.16,18.5,-12.6,0.38
2024-01-09 05:00:00,ZONE_M01,0.24,18.8,-13.9,0.42
2024-01-09 05:00:00,ZONE_M02,0.24,18.3,-13.9,0.42
2024-01-09 05:00:00,ZONE_M03,0.24,19.1,-13.9,0.42
2024-01-09 05:00:00,ZONE_B01,0.24,18.9,-13.9,0.42
2024-01-09 05:00:00,ZONE_B02,0.24,19.0,-13.9,0.42
2024-01-09 06:00:00,ZONE_M01,0.7,20.3,-11.2,0.53
2024-01-09 06:00:00,ZONE_M02,0.7,20.0,-11.2,0.53
2024-01-09 06:00:00,ZONE_M03,0.7,19.6,-11.2,0.53
2024-01-09 06:00:00,ZONE_B01,0.7,20.0,-11.2,0.53
2024-01-09 06:00:00,ZONE_B02,0.7,20.9,-11.2,0.53
2024-01-09 07:00:00,ZONE_M01,0.66,19.4,-11.5,0.52
2024-01-09 07:00:00,ZONE_M02,0.66,20.8,-11.5,0.52
2024-01-09 07:00:00,ZONE_M03,0.66,20.5,-11.5,0.52
2024-01-09 07:00:00,ZONE_B01,0.66,20.6,-11.5,0.52
2024-01-09 07:00:00,ZONE_B02,0.66,20.8,-11.5,0.52
2024-01-09 08:00:00,ZONE_M01,0.38,18.6,-10.6,0.42
2024-01-09 08:00:00,ZONE_M02,0.38,18.7,-10.6,0.42
2024-01-09 08:00:00,ZONE_M03,0.38,19.4,-10.6,0.42
2024-01-09 08:00:00,ZONE_B01,0.38,19.3,-10.6,0.42
2024-01-09 08:00:00,ZONE_B02,0.38,18.8,-10.6,0.42
2024-01-09 09:00:00,ZONE_M01,0.74,20.2,-12.2,0.56
2024-01-09 09:00:00,ZONE_M02,0.74,20.5,-12.2,0.56
2024-01-09 09:00:00,ZONE_M03,0.74,20.0,-12.2,0.56
2024-01-09 09:00:00,ZONE_B01,0.74,20.4,-12.2,0.56
2024-01-09 09:00:00,ZONE_B02,0.74,20.0,-12.2,0.56
2024-01-09 10:00:00,ZONE_M01,0.46,19.3,-14.6,0.5
2024-01-09 10:00:00,ZONE_M02,0.46,19.7,-14.6,0.5
2024-01-09 10:00:00,ZONE_M03,0.46,19.9,-14.6,0.5
2024-01-09 10:00:00,ZONE_B01,0.46,18.8,-14.6,0.5
2024-01-09 10:00:00,ZONE_B02,0.46,19.5,-14.6,0.5
2024-01-09 11:00:00,ZONE_M01,0.7,20.6,-11.6,0.54
2024-01-09 11:00:00,ZONE_M02,0.7,20.2,-11.6,0.54
2024-01-09 11:00:00,ZONE_M03,0.7,20.6,-11.6,0.54
2024-01-09 11:00:00,ZONE_B01,0.7,20.6,-11.6,0.54
2024-01-09 11:00:00,ZONE_B02,0.7,20.1,-11.6,0.54
2024-01-09 12:00:00,ZONE_M01,0.8,20.7,-11.5,0.57
2024-01-09 12:00:00,ZONE_M02,0.8,20.6,-11.5,0.57
2024-01-09 12:00:00,ZONE_M03,0.8,19.5,-11.5,0.57
2024-01-09 12:00:00,ZONE_B01,0.8,21.1,-11.5,0.57
2024-01-09 12:00:00,ZONE_B02,0.8,20.4,-11.5,0.57
2024-01-09 13:00:00,ZONE_M01,0.89,21.1,-11.2,0.59
2024-01-09 13:00:00,ZONE_M02,0.89,20.2,-11.2,0.59
2024-01-09 13:00:00,ZONE_M03,0.89,20.1,-11.2,0.59
2024-01-09 13:00:00,ZONE_B01,0.89,20.2,-11.2,0.59
2024-01-09 13:00:00,ZONE_B02,0.89,20.8,-11.2,0.59
2024-01-09 14:00:00,ZONE_M01,0.83,20.6,-7.9,0.51
2024-01-09 14:00:00,ZONE_M02,0.83,20.8,-7.9,0.51
2024-01-09 14:00:00,ZONE_M03,0.83,20.5,-7.9,0.51
2024-01-09 14:00:00,ZONE_B01,0.83,20.8,-7.9,0.51
2024-01-09 14:00:00,ZONE_B02,0.83,20.7,-7.9,0.51
2024-01-09 15:00:00,ZONE_M01,0.86,20.8,-12.0,0.59
2024-01-09 15:00:00,ZONE_M02,0.86,20.9,-12.0,0.59
2024-01-09 15:00:00,ZONE_M03,0.86,20.4,-12.0,0.59
2024-01-09 15:00:00,ZONE_B01,0.86,20.8,-12.0,0.59
2024-01-09 15:00:00,ZONE_B02,0.86,21.0,-12.0,0.59
2024-01-09 16:00:00,ZONE_M01,0.26,18.9,-11.2,0.39
2024-01-09 16:00:00,ZONE_M02,0.26,17.7,-11.2,0.39
2024-01-09 16:00:00,ZONE_M03,0.26,18.2,-11.2,0.39
2024-01-09 16:00:00,ZONE_B01,0.26,18.4,-11.2,0.39
2024-01-09 16:00:00,ZONE_B02,0.26,18.5,-11.2,0.39
2024-01-09 17:00:00,ZONE_M01,0.66,19.9,-11.5,0.52
2024-01-09 17:00:00,ZONE_M02,0.66,19.5,-11.5,0.52
2024-01-09 17:00:00,ZONE_M03,0.66,20.1,-11.5,0.52
2024-01-09 17:00:00,ZONE_B01,0.66,19.9,-11.5,0.52
2024-01-09 17:00:00,ZONE_B02,0.66,21.0,-11.5,0.52
2024-01-09 18:00:00,ZONE_M01,0.57,18.9,-11.7,0.5
2024-01-09 18:00:00,ZONE_M02,0.57,20.6,-11.7,0.5
2024-01-09 18:00:00,ZONE_M03,0.57,21.0,-11.7,0.5
2024-01-09 18:00:00,ZONE_B01,0.57,18.4,-11.7,0.5
2024-01-09 18:00:00,ZONE_B02,0.57,21.1,-11.7,0.5
2024-01-09 19:00:00,ZONE_M01,0.61,19.6,-15.8,0.58
2024-01-09 19:00:00,ZONE_M02,0.61,19.4,-15.8,0.58
2024-01-09 19:00:00,ZONE_M03,0.61,19.5,-15.8,0.58
2024-01-09 19:00:00,ZONE_B01,0.61,19.0,-15.8,0.58
2024-01-09 19:00:00,ZONE_B02,0.61,19.3,-15.8,0.58
2024-01-09 20:00:00,ZONE_M01,0.63,20.3,-12.0,0.52
2024-01-09 20:00:00,ZONE_M02,0.63,20.6,-12.0,0.52
2024-01-09 20:00:00,ZONE_M03,0.63,19.8,-12.0,0.52
2024-01-09 20:00:00,ZONE_B01,0.63,19.5,-12.0,0.52
2024-01-09 20:00:00,ZONE_B02,0.63,20.2,-12.0,0.52
2024-01-09 21:00:00,ZONE_M01,0.58,20.0,-9.3,0.46
2024-01-09 21:00:00,ZONE_M02,0.58,19.2,-9.3,0.46
2024-01-09 21:00:00,ZONE_M03,0.58,19.7,-9.3,0.46
2024-01-09 21:00:00,ZONE_B01,0.58,18.8,-9.3,0.46
2024-01-09 21:00:00,ZONE_B02,0.58,20.0,-9.3,0.46
2024-01-09 22:00:00,ZONE_M01,0.69,19.2,-15.4,0.6
2024-01-09 22:00:00,ZONE_M02,0.69,19.8,-15.4,0.6
2024-01-09 22:00:00,ZONE_M03,0.69,19.0,-15.4,0.6
2024-01-09 22:00:00,ZONE_B01,0.69,20.0,-15.4,0.6
2024-01-09 22:00:00,ZONE_B02,0.69,21.1,-15.4,0.6
2024-01-09 23:00:00,ZONE_M01,0.19,18.8,-12.4,0.39
2024-01-09 23:00:00,ZONE_M02,0.19,18.8,-12.4,0.39
2024-01-09 23:00:00,ZONE_M03,0.19,19.1,-12.4,0.39
2024-01-09 23:00:00,ZONE_B01,0.19,18.2,-12.4,0.39
2024-01-09 23:00:00,ZONE_B02,0.19,19.6,-12.4,0.39
2024-01-10 00:00:00,ZONE_M01,0.22,18.5,-13.5,0.41
2024-01-10 00:00:00,ZONE_M02,0.22,18.1,-13.5,0.41
2024-01-10 00:00:00,ZONE_M03,0.22,19.4,-13.5,0.41
2024-01-10 00:00:00,ZONE_B01,0.22,17.5,-13.5,0.41
2024-01-10 00:00:00,ZONE_B02,0.22,18.4,-13.5,0.41
2024-01-10 01:00:00,ZONE_M01,0.27,19.3,-12.4,0.41
2024-01-10 01:00:00,ZONE_M02,0.27,18.7,-12.4,0.41
2024-01-10 01:00:00,ZONE_M03,0.27,19.2,-12.4,0.41
2024-01-10 01:00:00,ZONE_B01,0.27,18.6,-12.4,0.41
2024-01-10 01:00:00,ZONE_B02,0.27,17.7,-12.4,0.41
2024-01-10 02:00:00,ZONE_M01,0.29,19.7,-13.4,0.43
2024-01-10 02:00:00,ZONE_M02,0.29,19.2,-13.4,0.43
2024-01-10 02:00:00,ZONE_M03,0.29,19.5,-13.4,0.43
2024-01-10 02:00:00,ZONE_B01,0.29,18.3,-13.4,0.43
2024-01-10 02:00:00,ZONE_B02,0.29,18.6,-13.4,0.43
2024-01-10 03:00:00,ZONE_M01,0.19,18.1,-15.2,0.42
2024-01-10 03:00:00,ZONE_M02,0.19,18.6,-15.2,0.42
2024-01-10 03:00:00,ZONE_M03,0.19,18.3,-15.2,0.42
2024-01-10 03:00:00,ZONE_B01,0.19,19.5,-15.2,0.42
2024-01-10 03:00:00,ZONE_B02,0.19,18.9,-15.2,0.42
2024-01-10 04:00:00,ZONE_M01,0.12,18.3,-12.5,0.37
2024-01-10 04:00:00,ZONE_M02,0.12,19.1,-12.5,0.37
2024-01-10 04:00:00,ZONE_M03,0.12,18.5,-12.5,0.37
2024-01-10 04:00:00,ZONE_B01,0.12,18.5,-12.5,0.37
2024-01-10 04:00:00,ZONE_B02,0.12,18.1,-12.5,0.37
2024-01-10 05:00:00,ZONE_M01,0.0,17.3,-11.8,0.32
2024-01-10 05:00:00,ZONE_M02,0.0,17.7,-11.8,0.32
2024-01-10 05:00:00,ZONE_M03,0.0,17.8,-11.8,0.32
2024-01-10 05:00:00,ZONE_B01,0.0,18.7,-11.8,0.32
2024-01-10 05:00:00,ZONE_B02,0.0,17.4,-11.8,0.32
2024-01-10 06:00:00,ZONE_M01,0.64,20.8,-14.1,0.56
2024-01-10 06:00:00,ZONE_M02,0.64,20.2,-14.1,0.56
2024-01-10 06:00:00,ZONE_M03,0.64,20.3,-14.1,0.56
2024-01-10 06:00:00,ZONE_B01,0.64,19.9,-14.1,0.56
2024-01-10 06:00:00,ZONE_B02,0.64,19.7,-14.1,0.56
2024-01-10 07:00:00,ZONE_M01,0.88,20.0,-13.3,0.63
2024-01-10 07:00:00,ZONE_M02,0.88,20.8,-13.3,0.63
2024-01-10 07:00:00,ZONE_M03,0.88,19.9,-13.3,0.63
2024-01-10 07:00:00,ZONE_B01,0.88,20.9,-13.3,0.63
2024-01-10 07:00:00,ZONE_B02,0.88,20.7,-13.3,0.63
2024-01-10 08:00:00,ZONE_M01,0.75,20.2,-11.0,0.54
2024-01-10 08:00:00,ZONE_M02,0.75,20.4,-11.0,0.54
2024-01-10 08:00:00,ZONE_M03,0.75,19.7,-11.0,0.54
2024-01-10 08:00:00,ZONE_B01,0.75,20.9,-11.0,0.54
2024-01-10 08:00:00,ZONE_B02,0.75,20.4,-11.0,0.54
2024-01-10 09:00:00,ZONE_M01,0.67,19.4,-14.7,0.58
2024-01-10 09:00:00,ZONE_M02,0.67,19.9,-14.7,0.58
2024-01-10 09:00:00,ZONE_M03,0.67,19.4,-14.7,0.58
2024-01-10 09:00:00,ZONE_B01,0.67,20.5,-14.7,0.58
2024-01-10 09:00:00,ZONE_B02,0.67,20.5,-14.7,0.58
2024-01-10 10:00:00,ZONE_M01,0.64,19.3,-14.5,0.57
2024-01-10 10:00:00,ZONE_M02,0.64,20.1,-14.5,0.57
2024-01-10 10:00:00,ZONE_M03,0.64,20.9,-14.5,0.57
2024-01-10 10:00:00,ZONE_B01,0.64,19.8,-14.5,0.57
2024-01-10 10:00:00,ZONE_B02,0.64,19.8,-14.5,0.57
2024-01-10 11:00:00,ZONE_M01,0.65,19.5,-11.7,0.52
2024-01-10 11:00:00,ZONE_M02,0.65,20.0,-11.7,0.52
2024-01-10 11:00:00,ZONE_M03,0.65,18.9,-11.7,0.52
2024-01-10 11:00:00,ZONE_B01,0.65,19.8,-11.7,0.52
2024-01-10 11:00:00,ZONE_B02,0.65,20.3,-11.7,0.52
2024-01-10 12:00:00,ZONE_M01,0.55,19.2,-14.4,0.53
2024-01-10 12:00:00,ZONE_M02,0.55,19.1,-14.4,0.53
2024-01-10 12:00:00,ZONE_M03,0.55,19.2,-14.4,0.53
2024-01-10 12:00:00,ZONE_B01,0.55,19.7,-14.4,0.53
2024-01-10 12:00:00,ZONE_B02,0.55,19.3,-14.4,0.53
2024-01-10 13:00:00,ZONE_M01,0.61,20.0,-12.3,0.52
2024-01-10 13:00:00,ZONE_M02,0.61,20.1,-12.3,0.52
2024-01-10 13:00:00,ZONE_M03,0.61,20.0,-12.3,0.52
2024-01-10 13:00:00,ZONE_B01,0.61,19.7,-12.3,0.52
2024-01-10 13:00:00,ZONE_B02,0.61,20.6,-12.3,0.52
2024-01-10 14:00:00,ZONE_M01,0.68,20.8,-10.4,0.51
2024-01-10 14:00:00,ZONE_M02,0.68,20.0,-10.4,0.51
2024-01-10 14:00:00,ZONE_M03,0.68,19.6,-10.4,0.51
2024-01-10 14:00:00,ZONE_B01,0.68,18.6,-10.4,0.51
2024-01-10 14:00:00,ZONE_B02,0.68,19.5,-10.4,0.51
2024-01-10 15:00:00,ZONE_M01,0.61,20.2,-11.0,0.5
2024-01-10 15:00:00,ZONE_M02,0.61,19.9,-11.0,0.5
2024-01-10 15:00:00,ZONE_M03,0.61,19.6,-11.0,0.5
2024-01-10 15:00:00,ZONE_B01,0.61,19.6,-11.0,0.5
2024-01-10 15:00:00,ZONE_B02,0.61,19.7,-11.0,0.5
2024-01-10 16:00:00,ZONE_M01,0.85,20.3,-13.2,0.62
2024-01-10 16:00:00,ZONE_M02,0.85,20.7,-13.2,0.62
2024-01-10 16:00:00,ZONE_M03,0.85,20.4,-13.2,0.62
2024-01-10 16:00:00,ZONE_B01,0.85,20.5,-13.2,0.62
2024-01-10 16:00:00,ZONE_B02,0.85,20.4,-13.2,0.62
2024-01-10 17:00:00,ZONE_M01,0.65,20.5,-14.9,0.57
2024-01-10 17:00:00,ZONE_M02,0.65,20.8,-14.9,0.57
2024-01-10 17:00:00,ZONE_M03,0.65,18.3,-14.9,0.57
2024-01-10 17:00:00,ZONE_B01,0.65,20.0,-14.9,0.57
2024-01-10 17:00:00,ZONE_B02,0.65,20.7,-14.9,0.57
2024-01-10 18:00:00,ZONE_M01,0.52,19.2,-12.2,0.49
2024-01-10 18:00:00,ZONE_M02,0.52,19.6,-12.2,0.49
2024-01-10 18:00:00,ZONE_M03,0.52,19.5,-12.2,0.49
2024-01-10 18:00:00,ZONE_B01,0.52,19.7,-12.2,0.49
2024-01-10 18:00:00,ZONE_B02,0.52,19.4,-12.2,0.49
2024-01-10 19:00:00,ZONE_M01,0.94,20.3,-11.9,0.62
2024-01-10 19:00:00,ZONE_M02,0.94,20.4,-11.9,0.62
2024-01-10 19:00:00,ZONE_M03,0.94,20.7,-11.9,0.62
2024-01-10 19:00:00,ZONE_B01,0.94,19.7,-11.9,0.62
2024-01-10 19:00:00,ZONE_B02,0.94,21.2,-11.9,0.62
2024-01-10 20:00:00,ZONE_M01,0.84,21.2,-12.7,0.6
2024-01-10 20:00:00,ZONE_M02,0.84,20.0,-12.7,0.6
2024-01-10 20:00:00,ZONE_M03,0.84,19.5,-12.7,0.6
2024-01-10 20:00:00,ZONE_B01,0.84,20.1,-12.7,0.6
2024-01-10 20:00:00,ZONE_B02,0.84,20.4,-12.7,0.6
2024-01-10 21:00:00,ZONE_M01,0.47,19.1,-11.9,0.47
2024-01-10 21:00:00,ZONE_M02,0.47,19.3,-11.9,0.47
2024-01-10 21:00:00,ZONE_M03,0.47,19.4,-11.9,0.47
2024-01-10 21:00:00,ZONE_B01,0.47,19.3,-11.9,0.47
2024-01-10 21:00:00,ZONE_B02,0.47,19.6,-11.9,0.47
2024-01-10 22:00:00,ZONE_M01,0.86,20.3,-15.0,0.65
2024-01-10 22:00:00,ZONE_M02,0.86,20.5,-15.0,0.65
2024-01-10 22:00:00,ZONE_M03,0.86,21.8,-15.0,0.65
2024-01-10 22:00:00,ZONE_B01,0.86,21.0,-15.0,0.65
2024-01-10 22:00:00,ZONE_B02,0.86,20.9,-15.0,0.65
2024-01-10 23:00:00,ZONE_M01,0.12,17.8,-15.4,0.4
2024-01-10 23:00:00,ZONE_M02,0.12,19.1,-15.4,0.4
2024-01-10 23:00:00,ZONE_M03,0.12,18.6,-15.4,0.4
2024-01-10 23:00:00,ZONE_B01,0.12,18.6,-15.4,0.4
2024-01-10 23:00:00,ZONE_B02,0.12,18.4,-15.4,0.4
2024-01-11 00:00:00,ZONE_M01,0.15,17.8,-11.0,0.36
2024-01-11 00:00:00,ZONE_M02,0.15,18.7,-11.0,0.36
2024-01-11 00:00:00,ZONE_M03,0.15,18.6,-11.0,0.36
2024-01-11 00:00:00,ZONE_B01,0.15,17.8,-11.0,0.36
2024-01-11 00:00:00,ZONE_B02,0.15,18.3,-11.0,0.36
2024-01-11 01:00:00,ZONE_M01,0.23,19.2,-14.9,0.43
2024-01-11 01:00:00,ZONE_M02,0.23,18.3,-14.9,0.43
2024-01-11 01:00:00,ZONE_M03,0.23,19.5,-14.9,0.43
2024-01-11 01:00:00,ZONE_B01,0.23,18.6,-14.9,0.43
2024-01-11 01:00:00,ZONE_B02,0.23,17.3,-14.9,0.43
2024-01-11 02:00:00,ZONE_M01,0.23,18.5,-13.3,0.41
2024-01-11 02:00:00,ZONE_M02,0.23,18.6,-13.3,0.41
2024-01-11 02:00:00,ZONE_M03,0.23,18.9,-13.3,0.41
2024-01-11 02:00:00,ZONE_B01,0.23,18.7,-13.3,0.41
2024-01-11 02:00:00,ZONE_B02,0.23,18.4,-13.3,0.41
2024-01-11 03:00:00,ZONE_M01,0.2,18.9,-12.3,0.39
2024-01-11 03:00:00,ZONE_M02,0.2,18.9,-12.3,0.39
2024-01-11 03:00:00,ZONE_M03,0.2,19.0,-12.3,0.39
2024-01-11 03:00:00,ZONE_B01,0.2,18.4,-12.3,0.39
2024-01-11 03:00:00,ZONE_B02,0.2,18.9,-12.3,0.39
2024-01-11 04:00:00,ZONE_M01,0.19,18.7,-12.4,0.38
2024-01-11 04:00:00,ZONE_M02,0.19,18.7,-12.4,0.38
2024-01-11 04:00:00,ZONE_M03,0.19,18.8,-12.4,0.38
2024-01-11 04:00:00,ZONE_B01,0.19,18.4,-12.4,0.38
2024-01-11 04:00:00,ZONE_B02,0.19,18.6,-12.4,0.38
2024-01-11 05:00:00,ZONE_M01,0.08,17.6,-8.9,0.31
2024-01-11 05:00:00,ZONE_M02,0.08,17.6,-8.9,0.31
2024-01-11 05:00:00,ZONE_M03,0.08,17.6,-8.9,0.31
2024-01-11 05:00:00,ZONE_B01,0.08,18.3,-8.9,0.31
2024-01-11 05:00:00,ZONE_B02,0.08,18.8,-8.9,0.31
2024-01-11 06:00:00,ZONE_M01,0.85,20.3,-15.8,0.66
2024-01-11 06:00:00,ZONE_M02,0.85,20.8,-15.8,0.66
2024-01-11 06:00:00,ZONE_M03,0.85,21.0,-15.8,0.66
2024-01-11 06:00:00,ZONE_B01,0.85,20.2,-15.8,0.66
2024-01-11 06:00:00,ZONE_B02,0.85,20.8,-15.8,0.66
2024-01-11 07:00:00,ZONE_M01,0.48,18.8,-10.8,0.46
2024-01-11 07:00:00,ZONE_M02,0.48,19.1,-10.8,0.46
2024-01-11 07:00:00,ZONE_M03,0.48,19.8,-10.8,0.46
2024-01-11 07:00:00,ZONE_B01,0.48,19.3,-10.8,0.46
2024-01-11 07:00:00,ZONE_B02,0.48,19.2,-10.8,0.46
2024-01-11 08:00:00,ZONE_M01,0.67,21.6,-8.8,0.48
2024-01-11 08:00:00,ZONE_M02,0.67,20.0,-8.8,0.48
2024-01-11 08:00:00,ZONE_M03,0.67,19.8,-8.8,0.48
2024-01-11 08:00:00,ZONE_B01,0.67,19.2,-8.8,0.48
2024-01-11 08:00:00,ZONE_B02,0.67,20.3,-8.8,0.48
2024-01-11 09:00:00,ZONE_M01,0.85,20.5,-12.6,0.6
2024-01-11 09:00:00,ZONE_M02,0.85,20.3,-12.6,0.6
2024-01-11 09:00:00,ZONE_M03,0.85,20.7,-12.6,0.6
2024-01-11 09:00:00,ZONE_B01,0.85,20.4,-12.6,0.6
2024-01-11 09:00:00,ZONE_B02,0.85,20.5,-12.6,0.6
2024-01-11 10:00:00,ZONE_M01,0.6,19.9,-12.3,0.52
2024-01-11 10:00:00,ZONE_M02,0.6,20.7,-12.3,0.52
2024-01-11 10:00:00,ZONE_M03,0.6,19.2,-12.3,0.52
2024-01-11 10:00:00,ZONE_B01,0.6,19.8,-12.3,0.52
2024-01-11 10:00:00,ZONE_B02,0.6,20.1,-12.3,0.52
2024-01-11 11:00:00,ZONE_M01,0.48,18.5,-17.5,0.55
2024-01-11 11:00:00,ZONE_M02,0.48,19.3,-17.5,0.55
2024-01-11 11:00:00,ZONE_M03,0.48,20.1,-17.5,0.55
2024-01-11 11:00:00,ZONE_B01,0.48,20.4,-17.5,0.55
2024-01-11 11:00:00,ZONE_B02,0.48,19.3,-17.5,0.55
2024-01-11 12:00:00,ZONE_M01,0.57,19.4,-12.6,0.51
2024-01-11 12:00:00,ZONE_M02,0.57,20.0,-12.6,0.51
2024-01-11 12:00:00,ZONE_M03,0.57,20.5,-12.6,0.51
2024-01-11 12:00:00,ZONE_B01,0.57,19.9,-12.6,0.51
2024-01-11 12:00:00,ZONE_B02,0.57,20.5,-12.6,0.51
2024-01-11 13:00:00,ZONE_M01,0.63,19.2,-16.6,0.6
2024-01-11 13:00:00,ZONE_M02,0.63,20.9,-16.6,0.6
2024-01-11 13:00:00,ZONE_M03,0.63,20.2,-16.6,0.6
2024-01-11 13:00:00,ZONE_B01,0.63,20.0,-16.6,0.6
2024-01-11 13:00:00,ZONE_B02,0.63,21.1,-16.6,0.6
2024-01-11 14:00:00,ZONE_M01,0.79,20.3,-11.2,0.56
2024-01-11 14:00:00,ZONE_M02,0.79,19.7,-11.2,0.56
2024-01-11 14:00:00,ZONE_M03,0.79,20.4,-11.2,0.56
2024-01-11 14:00:00,ZONE_B01,0.79,20.2,-11.2,0.56
2024-01-11 14:00:00,ZONE_B02,0.79,19.1,-11.2,0.56
2024-01-11 15:00:00,ZONE_M01,1.0,20.4,-11.2,0.62
2024-01-11 15:00:00,ZONE_M02,1.0,20.3,-11.2,0.62
2024-01-11 15:00:00,ZONE_M03,1.0,21.1,-11.2,0.62
2024-01-11 15:00:00,ZONE_B01,1.0,21.0,-11.2,0.62
2024-01-11 15:00:00,ZONE_B02,1.0,20.5,-11.2,0.62
2024-01-11 16:00:00,ZONE_M01,0.63,19.5,-14.6,0.56
2024-01-11 16:00:00,ZONE_M02,0.63,19.7,-14.6,0.56
2024-01-11 16:00:00,ZONE_M03,0.63,20.4,-14.6,0.56
2024-01-11 16:00:00,ZONE_B01,0.63,19.5,-14.6,0.56
2024-01-11 16:00:00,ZONE_B02,0.63,20.9,-14.6,0.56
2024-01-11 17:00:00,ZONE_M01,0.75,20.8,-11.5,0.55
2024-01-11 17:00:00,ZONE_M02,0.75,20.2,-11.5,0.55
2024-01-11 17:00:00,ZONE_M03,0.75,20.4,-11.5,0.55
2024-01-11 17:00:00,ZONE_B01,0.75,19.5,-11.5,0.55
2024-01-11 17:00:00,ZONE_B02,0.75,20.4,-11.5,0.55
2024-01-11 18:00:00,ZONE_M01,0.53,19.1,-13.5,0.51
2024-01-11 18:00:00,ZONE_M02,0.53,19.9,-13.5,0.51
2024-01-11 18:00:00,ZONE_M03,0.53,20.2,-13.5,0.51
2024-01-11 18:00:00,ZONE_B01,0.53,20.0,-13.5,0.51
2024-01-11 18:00:00,ZONE_B02,0.53,19.4,-13.5,0.51
2024-01-11 19:00:00,ZONE_M01,0.69,20.3,-11.9,0.54
2024-01-11 19:00:00,ZONE_M02,0.69,19.5,-11.9,0.54
2024-01-11 19:00:00,ZONE_M03,0.69,20.4,-11.9,0.54
2024-01-11 19:00:00,ZONE_B01,0.69,20.7,-11.9,0.54
2024-01-11 19:00:00,ZONE_B02,0.69,20.1,-11.9,0.54
2024-01-11 20:00:00,ZONE_M01,0.43,19.5,-12.1,0.46
2024-01-11 20:00:00,ZONE_M02,0.43,18.8,-12.1,0.46
2024-01-11 20:00:00,ZONE_M03,0.43,19.7,-12.1,0.46
2024-01-11 20:00:00,ZONE_B01,0.43,20.0,-12.1,0.46
2024-01-11 20:00:00,ZONE_B02,0.43,19.8,-12.1,0.46
2024-01-11 21:00:00,ZONE_M01,0.45,19.5,-14.5,0.5
2024-01-11 21:00:00,ZONE_M02,0.45,20.2,-14.5,0.5
2024-01-11 21:00:00,ZONE_M03,0.45,19.6,-14.5,0.5
2024-01-11 21:00:00,ZONE_B01,0.45,19.8,-14.5,0.5
2024-01-11 21:00:00,ZONE_B02,0.45,19.8,-14.5,0.5
2024-01-11 22:00:00,ZONE_M01,0.44,18.7,-14.9,0.5
2024-01-11 22:00:00,ZONE_M02,0.44,19.6,-14.9,0.5
2024-01-11 22:00:00,ZONE_M03,0.44,19.6,-14.9,0.5
2024-01-11 22:00:00,ZONE_B01,0.44,19.4,-14.9,0.5
2024-01-11 22:00:00,ZONE_B02,0.44,19.5,-14.9,0.5
2024-01-11 23:00:00,ZONE_M01,0.13,18.3,-13.0,0.37
2024-01-11 23:00:00,ZONE_M02,0.13,18.8,-13.0,0.37
2024-01-11 23:00:00,ZONE_M03,0.13,18.7,-13.0,0.37
2024-01-11 23:00:00,ZONE_B01,0.13,18.2,-13.0,0.37
2024-01-11 23:00:00,ZONE_B02,0.13,17.7,-13.0,0.37
2024-01-12 00:00:00,ZONE_M01,0.12,18.4,-12.9,0.37
2024-01-12 00:00:00,ZONE_M02,0.12,18.1,-12.9,0.37
2024-01-12 00:00:00,ZONE_M03,0.12,17.9,-12.9,0.37
2024-01-12 00:00:00,ZONE_B01,0.12,18.1,-12.9,0.37
2024-01-12 00:00:00,ZONE_B02,0.12,18.7,-12.9,0.37
2024-01-12 01:00:00,ZONE_M01,0.18,19.7,-12.7,0.39
2024-01-12 01:00:00,ZONE_M02,0.18,19.1,-12.7,0.39
2024-01-12 01:00:00,ZONE_M03,0.18,18.6,-12.7,0.39
2024-01-12 01:00:00,ZONE_B01,0.18,19.1,-12.7,0.39
2024-01-12 01:00:00,ZONE_B02,0.18,17.9,-12.7,0.39
2024-01-12 02:00:00,ZONE_M01,0.17,19.3,-15.0,0.41
2024-01-12 02:00:00,ZONE_M02,0.17,19.4,-15.0,0.41
2024-01-12 02:00:00,ZONE_M03,0.17,18.8,-15.0,0.41
2024-01-12 02:00:00,ZONE_B01,0.17,18.8,-15.0,0.41
2024-01-12 02:00:00,ZONE_B02,0.17,18.0,-15.0,0.41
2024-01-12 03:00:00,ZONE_M01,0.13,18.2,-14.2,0.39
2024-01-12 03:00:00,ZONE_M02,0.13,18.3,-14.2,0.39
2024-01-12 03:00:00,ZONE_M03,0.13,18.1,-14.2,0.39
2024-01-12 03:00:00,ZONE_B01,0.13,18.0,-14.2,0.39
2024-01-12 03:00:00,ZONE_B02,0.13,17.8,-14.2,0.39
2024-01-12 04:00:00,ZONE_M01,0.26,18.6,-8.8,0.36
2024-01-12 04:00:00,ZONE_M02,0.26,19.0,-8.8,0.36
2024-01-12 04:00:00,ZONE_M03,0.26,19.3,-8.8,0.36
2024-01-12 04:00:00,ZONE_B01,0.26,18.0,-8.8,0.36
2024-01-12 04:00:00,ZONE_B02,0.26,19.0,-8.8,0.36
2024-01-12 05:00:00,ZONE_M01,0.21,18.6,-15.4,0.43
2024-01-12 05:00:00,ZONE_M02,0.21,18.5,-15.4,0.43
2024-01-12 05:00:00,ZONE_M03,0.21,18.7,-15.4,0.43
2024-01-12 05:00:00,ZONE_B01,0.21,18.4,-15.4,0.43
2024-01-12 05:00:00,ZONE_B02,0.21,18.5,-15.4,0.43
2024-01-12 06:00:00,ZONE_M01,0.67,20.0,-11.9,0.53
2024-01-12 06:00:00,ZONE_M02,0.67,20.4,-11.9,0.53
2024-01-12 06:00:00,ZONE_M03,0.67,19.3,-11.9,0.53
2024-01-12 06:00:00,ZONE_B01,0.67,20.0,-11.9,0.53
2024-01-12 06:00:00,ZONE_B02,0.67,20.3,-11.9,0.53
2024-01-12 07:00:00,ZONE_M01,0.54,19.9,-10.5,0.47
2024-01-12 07:00:00,ZONE_M02,0.54,20.0,-10.5,0.47
2024-01-12 07:00:00,ZONE_M03,0.54,19.3,-10.5,0.47
2024-01-12 07:00:00,ZONE_B01,0.54,19.2,-10.5,0.47
2024-01-12 07:00:00,ZONE_B02,0.54,19.7,-10.5,0.47
2024-01-12 08:00:00,ZONE_M01,0.73,19.8,-11.3,0.54
2024-01-12 08:00:00,ZONE_M02,0.73,21.2,-11.3,0.54
2024-01-12 08:00:00,ZONE_M03,0.73,20.2,-11.3,0.54
2024-01-12 08:00:00,ZONE_B01,0.73,20.1,-11.3,0.54
2024-01-12 08:00:00,ZONE_B02,0.73,19.6,-11.3,0.54
2024-01-12 09:00:00,ZONE_M01,0.39,19.7,-10.2,0.42
2024-01-12 09:00:00,ZONE_M02,0.39,19.8,-10.2,0.42
2024-01-12 09:00:00,ZONE_M03,0.39,18.3,-10.2,0.42
2024-01-12 09:00:00,ZONE_B01,0.39,19.2,-10.2,0.42
2024-01-12 09:00:00,ZONE_B02,0.39,19.1,-10.2,0.42
2024-01-12 10:00:00,ZONE_M01,0.49,19.4,-10.7,0.46
2024-01-12 10:00:00,ZONE_M02,0.49,19.3,-10.7,0.46
2024-01-12 10:00:00,ZONE_M03,0.49,19.4,-10.7,0.46
2024-01-12 10:00:00,ZONE_B01,0.49,19.9,-10.7,0.46
2024-01-12 10:00:00,ZONE_B02,0.49,18.7,-10.7,0.46
2024-01-12 11:00:00,ZONE_M01,0.79,21.3,-15.3,0.63
2024-01-12 11:00:00,ZONE_M02,0.79,20.6,-15.3,0.63
2024-01-12 11:00:00,ZONE_M03,0.79,19.7,-15.3,0.63
2024-01-12 11:00:00,ZONE_B01,0.79,20.3,-15.3,0.63
2024-01-12 11:00:00,ZONE_B02,0.79,19.9,-15.3,0.63
2024-01-12 12:00:00,ZONE_M01,0.56,19.3,-13.2,0.52
2024-01-12 12:00:00,ZONE_M02,0.56,19.5,-13.2,0.52
2024-01-12 12:00:00,ZONE_M03,0.56,20.0,-13.2,0.52
2024-01-12 12:00:00,ZONE_B01,0.56,19.4,-13.2,0.52
2024-01-12 12:00:00,ZONE_B02,0.56,19.5,-13.2,0.52
2024-01-12 13:00:00,ZONE_M01,0.86,21.6,-17.7,0.7
2024-01-12 13:00:00,ZONE_M02,0.86,20.1,-17.7,0.7
2024-01-12 13:00:00,ZONE_M03,0.86,22.1,-17.7,0.7
2024-01-12 13:00:00,ZONE_B01,0.86,21.4,-17.7,0.7
2024-01-12 13:00:00,ZONE_B02,0.86,19.7,-17.7,0.7
2024-01-12 14:00:00,ZONE_M01,0.69,19.8,-13.1,0.56
2024-01-12 14:00:00,ZONE_M02,0.69,19.9,-13.1,0.56
2024-01-12 14:00:00,ZONE_M03,0.69,19.9,-13.1,0.56
2024-01-12 14:00:00,ZONE_B01,0.69,20.6,-13.1,0.56
2024-01-12 14:00:00,ZONE_B02,0.69,20.3,-13.1,0.56
2024-01-12 15:00:00,ZONE_M01,0.76,18.9,-10.7,0.54
2024-01-12 15:00:00,ZONE_M02,0.76,20.5,-10.7,0.54
2024-01-12 15:00:00,ZONE_M03,0.76,20.7,-10.7,0.54
2024-01-12 15:00:00,ZONE_B01,0.76,20.0,-10.7,0.54
2024-01-12 15:00:00,ZONE_B02,0.76,20.8,-10.7,0.54
2024-01-12 16:00:00,ZONE_M01,0.64,20.3,-13.6,0.55
2024-01-12 16:00:00,ZONE_M02,0.64,20.2,-13.6,0.55
2024-01-12 16:00:00,ZONE_M03,0.64,20.6,-13.6,0.55
2024-01-12 16:00:00,ZONE_B01,0.64,19.8,-13.6,0.55
2024-01-12 16:00:00,ZONE_B02,0.64,20.9,-13.6,0.55
2024-01-12 17:00:00,ZONE_M01,0.48,19.6,-14.5,0.51
2024-01-12 17:00:00,ZONE_M02,0.48,19.8,-14.5,0.51
2024-01-12 17:00:00,ZONE_M03,0.48,19.1,-14.5,0.51
2024-01-12 17:00:00,ZONE_B01,0.48,19.8,-14.5,0.51
2024-01-12 17:00:00,ZONE_B02,0.48,19.8,-14.5,0.51
2024-01-12 18:00:00,ZONE_M01,0.74,20.9,-16.4,0.63
2024-01-12 18:00:00,ZONE_M02,0.74,21.5,-16.4,0.63
2024-01-12 18:00:00,ZONE_M03,0.74,20.0,-16.4,0.63
2024-01-12 18:00:00,ZONE_B01,0.74,19.3,-16.4,0.63
2024-01-12 18:00:00,ZONE_B02,0.74,20.6,-16.4,0.63
2024-01-12 19:00:00,ZONE_M01,0.57,20.0,-16.2,0.57
2024-01-12 19:00:00,ZONE_M02,0.57,19.6,-16.2,0.57
2024-01-12 19:00:00,ZONE_M03,0.57,19.3,-16.2,0.57
2024-01-12 19:00:00,ZONE_B01,0.57,20.1,-16.2,0.57
2024-01-12 19:00:00,ZONE_B02,0.57,19.7,-16.2,0.57
2024-01-12 20:00:00,ZONE_M01,0.81,20.1,-11.7,0.57
2024-01-12 20:00:00,ZONE_M02,0.81,20.5,-11.7,0.57
2024-01-12 20:00:00,ZONE_M03,0.81,20.8,-11.7,0.57
2024-01-12 20:00:00,ZONE_B01,0.81,20.5,-11.7,0.57
2024-01-12 20:00:00,ZONE_B02,0.81,19.9,-11.7,0.57
2024-01-12 21:00:00,ZONE_M01,0.66,19.5,-13.2,0.55
2024-01-12 21:00:00,ZONE_M02,0.66,20.0,-13.2,0.55
2024-01-12 21:00:00,ZONE_M03,0.66,19.8,-13.2,0.55
2024-01-12 21:00:00,ZONE_B01,0.66,20.2,-13.2,0.55
2024-01-12 21:00:00,ZONE_B02,0.66,20.1,-13.2,0.55
2024-01-12 22:00:00,ZONE_M01,0.5,19.4,-10.2,0.45
2024-01-12 22:00:00,ZONE_M02,0.5,18.5,-10.2,0.45
2024-01-12 22:00:00,ZONE_M03,0.5,19.3,-10.2,0.45
2024-01-12 22:00:00,ZONE_B01,0.5,19.2,-10.2,0.45
2024-01-12 22:00:00,ZONE_B02,0.5,19.3,-10.2,0.45
2024-01-12 23:00:00,ZONE_M01,0.11,18.9,-12.4,0.36
2024-01-12 23:00:00,ZONE_M02,0.11,17.9,-12.4,0.36
2024-01-12 23:00:00,ZONE_M03,0.11,18.3,-12.4,0.36
2024-01-12 23:00:00,ZONE_B01,0.11,18.2,-12.4,0.36
2024-01-12 23:00:00,ZONE_B02,0.11,17.9,-12.4,0.36
2024-01-13 00:00:00,ZONE_M01,0.11,18.0,-8.9,0.32
2024-01-13 00:00:00,ZONE_M02,0.11,18.9,-8.9,0.32
2024-01-13 00:00:00,ZONE_M03,0.11,17.4,-8.9,0.32
2024-01-13 00:00:00,ZONE_B01,0.11,18.0,-8.9,0.32
2024-01-13 00:00:00,ZONE_B02,0.11,18.9,-8.9,0.32
2024-01-13 01:00:00,ZONE_M01,0.17,18.0,-15.2,0.41
2024-01-13 01:00:00,ZONE_M02,0.17,18.7,-15.2,0.41
2024-01-13 01:00:00,ZONE_M03,0.17,18.4,-15.2,0.41
2024-01-13 01:00:00,ZONE_B01,0.17,18.2,-15.2,0.41
2024-01-13 01:00:00,ZONE_B02,0.17,19.1,-15.2,0.41
2024-01-13 02:00:00,ZONE_M01,0.07,18.1,-14.9,0.38
2024-01-13 02:00:00,ZONE_M02,0.07,17.8,-14.9,0.38
2024-01-13 02:00:00,ZONE_M03,0.07,17.8,-14.9,0.38
2024-01-13 02:00:00,ZONE_B01,0.07,18.9,-14.9,0.38
2024-01-13 02:00:00,ZONE_B02,0.07,17.2,-14.9,0.38
2024-01-13 03:00:00,ZONE_M01,0.0,17.4,-14.1,0.34
2024-01-13 03:00:00,ZONE_M02,0.0,17.5,-14.1,0.34
2024-01-13 03:00:00,ZONE_M03,0.0,18.0,-14.1,0.34
2024-01-13 03:00:00,ZONE_B01,0.0,17.2,-14.1,0.34
2024-01-13 03:00:00,ZONE_B02,0.0,17.7,-14.1,0.34
2024-01-13 04:00:00,ZONE_M01,0.02,17.7,-14.1,0.35
2024-01-13 04:00:00,ZONE_M02,0.02,18.1,-14.1,0.35
2024-01-13 04:00:00,ZONE_M03,0.02,18.4,-14.1,0.35
2024-01-13 04:00:00,ZONE_B01,0.02,18.0,-14.1,0.35
2024-01-13 04:00:00,ZONE_B02,0.02,17.6,-14.1,0.35
2024-01-13 05:00:00,ZONE_M01,0.26,18.2,-15.1,0.44
2024-01-13 05:00:00,ZONE_M02,0.26,18.9,-15.1,0.44
2024-01-13 05:00:00,ZONE_M03,0.26,18.4,-15.1,0.44
2024-01-13 05:00:00,ZONE_B01,0.26,18.7,-15.1,0.44
2024-01-13 05:00:00,ZONE_B02,0.26,19.3,-15.1,0.44
2024-01-13 06:00:00,ZONE_M01,0.73,20.4,-13.2,0.57
2024-01-13 06:00:00,ZONE_M02,0.73,20.7,-13.2,0.57
2024-01-13 06:00:00,ZONE_M03,0.73,19.6,-13.2,0.57
2024-01-13 06:00:00,ZONE_B01,0.73,21.0,-13.2,0.57
2024-01-13 06:00:00,ZONE_B02,0.73,20.3,-13.2,0.57
2024-01-13 07:00:00,ZONE_M01,0.74,20.7,-13.4,0.58
2024-01-13 07:00:00,ZONE_M02,0.74,20.8,-13.4,0.58
2024-01-13 07:00:00,ZONE_M03,0.74,21.1,-13.4,0.58
2024-01-13 07:00:00,ZONE_B01,0.74,21.1,-13.4,0.58
2024-01-13 07:00:00,ZONE_B02,0.74,20.1,-13.4,0.58
2024-01-13 08:00:00,ZONE_M01,0.53,19.8,-13.2,0.51
2024-01-13 08:00:00,ZONE_M02,0.53,19.6,-13.2,0.51
2024-01-13 08:00:00,ZONE_M03,0.53,20.1,-13.2,0.51
2024-01-13 08:00:00,ZONE_B01,0.53,19.7,-13.2,0.51
2024-01-13 08:00:00,ZONE_B02,0.53,19.6,-13.2,0.51
2024-01-13 09:00:00,ZONE_M01,0.54,19.3,-14.4,0.53
2024-01-13 09:00:00,ZONE_M02,0.54,19.3,-14.4,0.53
2024-01-13 09:00:00,ZONE_M03,0.54,20.3,-14.4,0.53
2024-01-13 09:00:00,ZONE_B01,0.54,20.4,-14.4,0.53
2024-01-13 09:00:00,ZONE_B02,0.54,19.3,-14.4,0.53
2024-01-13 10:00:00,ZONE_M01,0.54,20.3,-14.7,0.53
2024-01-13 10:00:00,ZONE_M02,0.54,18.9,-14.7,0.53
2024-01-13 10:00:00,ZONE_M03,0.54,19.2,-14.7,0.53
2024-01-13 10:00:00,ZONE_B01,0.54,20.1,-14.7,0.53
2024-01-13 10:00:00,ZONE_B02,0.54,21.2,-14.7,0.53
2024-01-13 11:00:00,ZONE_M01,0.63,20.1,-16.6,0.6
2024-01-13 11:00:00,ZONE_M02,0.63,20.3,-16.6,0.6
2024-01-13 11:00:00,ZONE_M03,0.63,20.1,-16.6,0.6
2024-01-13 11:00:00,ZONE_B01,0.63,18.9,-16.6,0.6
2024-01-13 11:00:00,ZONE_B02,0.63,20.1,-16.6,0.6
2024-01-13 12:00:00,ZONE_M01,0.59,19.4,-14.6,0.55
2024-01-13 12:00:00,ZONE_M02,0.59,19.4,-14.6,0.55
2024-01-13 12:00:00,ZONE_M03,0.59,19.5,-14.6,0.55
2024-01-13 12:00:00,ZONE_B01,0.59,19.5,-14.6,0.55
2024-01-13 12:00:00,ZONE_B02,0.59,19.4,-14.6,0.55
2024-01-13 13:00:00,ZONE_M01,0.76,19.9,-11.9,0.56
2024-01-13 13:00:00,ZONE_M02,0.76,20.6,-11.9,0.56
2024-01-13 13:00:00,ZONE_M03,0.76,20.2,-11.9,0.56
2024-01-13 13:00:00,ZONE_B01,0.76,20.2,-11.9,0.56
2024-01-13 13:00:00,ZONE_B02,0.76,20.9,-11.9,0.56
2024-01-13 14:00:00,ZONE_M01,0.8,20.6,-14.1,0.61
2024-01-13 14:00:00,ZONE_M02,0.8,20.5,-14.1,0.61
2024-01-13 14:00:00,ZONE_M03,0.8,20.0,-14.1,0.61
2024-01-13 14:00:00,ZONE_B01,0.8,20.7,-14.1,0.61
2024-01-13 14:00:00,ZONE_B02,0.8,20.8,-14.1,0.61
2024-01-13 15:00:00,ZONE_M01,0.5,20.6,-11.5,0.47
2024-01-13 15:00:00,ZONE_M02,0.5,19.6,-11.5,0.47
2024-01-13 15:00:00,ZONE_M03,0.5,18.9,-11.5,0.47
2024-01-13 15:00:00,ZONE_B01,0.5,19.3,-11.5,0.47
2024-01-13 15:00:00,ZONE_B02,0.5,19.3,-11.5,0.47
2024-01-13 16:00:00,ZONE_M01,0.48,19.0,-14.1,0.5
2024-01-13 16:00:00,ZONE_M02,0.48,19.3,-14.1,0.5
2024-01-13 16:00:00,ZONE_M03,0.48,19.9,-14.1,0.5
2024-01-13 16:00:00,ZONE_B01,0.48,20.0,-14.1,0.5
2024-01-13 16:00:00,ZONE_B02,0.48,20.0,-14.1,0.5
2024-01-13 17:00:00,ZONE_M01,0.37,18.9,-14.3,0.47
2024-01-13 17:00:00,ZONE_M02,0.37,19.2,-14.3,0.47
2024-01-13 17:00:00,ZONE_M03,0.37,19.4,-14.3,0.47
2024-01-13 17:00:00,ZONE_B01,0.37,19.1,-14.3,0.47
2024-01-13 17:00:00,ZONE_B02,0.37,19.8,-14.3,0.47
2024-01-13 18:00:00,ZONE_M01,0.61,19.2,-12.8,0.53
2024-01-13 18:00:00,ZONE_M02,0.61,20.1,-12.8,0.53
2024-01-13 18:00:00,ZONE_M03,0.61,20.0,-12.8,0.53
2024-01-13 18:00:00,ZONE_B01,0.61,20.8,-12.8,0.53
2024-01-13 18:00:00,ZONE_B02,0.61,20.3,-12.8,0.53
2024-01-13 19:00:00,ZONE_M01,0.79,20.0,-11.7,0.57
2024-01-13 19:00:00,ZONE_M02,0.79,20.8,-11.7,0.57
2024-01-13 19:00:00,ZONE_M03,0.79,19.6,-11.7,0.57
2024-01-13 19:00:00,ZONE_B01,0.79,19.6,-11.7,0.57
2024-01-13 19:00:00,ZONE_B02,0.79,19.9,-11.7,0.57
2024-01-13 20:00:00,ZONE_M01,0.64,19.6,-16.8,0.6
2024-01-13 20:00:00,ZONE_M02,0.64,19.7,-16.8,0.6
2024-01-13 20:00:00,ZONE_M03,0.64,20.9,-16.8,0.6
2024-01-13 20:00:00,ZONE_B01,0.64,20.1,-16.8,0.6
2024-01-13 20:00:00,ZONE_B02,0.64,19.8,-16.8,0.6
2024-01-13 21:00:00,ZONE_M01,0.24,19.6,-13.8,0.42
2024-01-13 21:00:00,ZONE_M02,0.24,18.7,-13.8,0.42
2024-01-13 21:00:00,ZONE_M03,0.24,18.5,-13.8,0.42
2024-01-13 21:00:00,ZONE_B01,0.24,18.9,-13.8,0.42
2024-01-13 21:00:00,ZONE_B02,0.24,18.9,-13.8,0.42
2024-01-13 22:00:00,ZONE_M01,0.53,20.8,-15.7,0.55
2024-01-13 22:00:00,ZONE_M02,0.53,20.0,-15.7,0.55
2024-01-13 22:00:00,ZONE_M03,0.53,19.1,-15.7,0.55
2024-01-13 22:00:00,ZONE_B01,0.53,20.0,-15.7,0.55
2024-01-13 22:00:00,ZONE_B02,0.53,20.0,-15.7,0.55
2024-01-13 23:00:00,ZONE_M01,0.1,18.2,-13.5,0.37
2024-01-13 23:00:00,ZONE_M02,0.1,18.5,-13.5,0.37
2024-01-13 23:00:00,ZONE_M03,0.1,17.5,-13.5,0.37
2024-01-13 23:00:00,ZONE_B01,0.1,18.6,-13.5,0.37
2024-01-13 23:00:00,ZONE_B02,0.1,18.5,-13.5,0.37
2024-01-14 00:00:00,ZONE_M01,0.22,18.5,-9.5,0.36
2024-01-14 00:00:00,ZONE_M02,0.22,18.8,-9.5,0.36
2024-01-14 00:00:00,ZONE_M03,0.22,18.7,-9.5,0.36
2024-01-14 00:00:00,ZONE_B01,0.22,18.8,-9.5,0.36
2024-01-14 00:00:00,ZONE_B02,0.22,19.1,-9.5,0.36
2024-01-14 01:00:00,ZONE_M01,0.05,17.7,-17.6,0.39
2024-01-14 01:00:00,ZONE_M02,0.05,18.8,-17.6,0.39
2024-01-14 01:00:00,ZONE_M03,0.05,18.1,-17.6,0.39
2024-01-14 01:00:00,ZONE_B01,0.05,18.9,-17.6,0.39
2024-01-14 01:00:00,ZONE_B02,0.05,18.3,-17.6,0.39
2024-01-14 02:00:00,ZONE_M01,0.14,18.0,-14.0,0.39
2024-01-14 02:00:00,ZONE_M02,0.14,18.5,-14.0,0.39
2024-01-14 02:00:00,ZONE_M03,0.14,19.5,-14.0,0.39
2024-01-14 02:00:00,ZONE_B01,0.14,18.7,-14.0,0.39
2024-01-14 02:00:00,ZONE_B02,0.14,18.1,-14.0,0.39
2024-01-14 03:00:00,ZONE_M01,0.04,19.6,-10.4,0.32
2024-01-14 03:00:00,ZONE_M02,0.04,18.6,-10.4,0.32
2024-01-14 03:00:00,ZONE_M03,0.04,18.2,-10.4,0.32
2024-01-14 03:00:00,ZONE_B01,0.04,19.0,-10.4,0.32
2024-01-14 03:00:00,ZONE_B02,0.04,18.8,-10.4,0.32
2024-01-14 04:00:00,ZONE_M01,0.2,19.2,-12.9,0.39
2024-01-14 04:00:00,ZONE_M02,0.2,17.9,-12.9,0.39
2024-01-14 04:00:00,ZONE_M03,0.2,17.6,-12.9,0.39
2024-01-14 04:00:00,ZONE_B01,0.2,18.7,-12.9,0.39
2024-01-14 04:00:00,ZONE_B02,0.2,18.9,-12.9,0.39
2024-01-14 05:00:00,ZONE_M01,0.08,18.6,-14.8,0.38
2024-01-14 05:00:00,ZONE_M02,0.08,18.6,-14.8,0.38
2024-01-14 05:00:00,ZONE_M03,0.08,18.3,-14.8,0.38
2024-01-14 05:00:00,ZONE_B01,0.08,18.8,-14.8,0.38
2024-01-14 05:00:00,ZONE_B02,0.08,18.2,-14.8,0.38
2024-01-14 06:00:00,ZONE_M01,0.77,20.0,-16.1,0.64
2024-01-14 06:00:00,ZONE_M02,0.77,20.2,-16.1,0.64
2024-01-14 06:00:00,ZONE_M03,0.77,20.1,-16.1,0.64
2024-01-14 06:00:00,ZONE_B01,0.77,20.0,-16.1,0.64
2024-01-14 06:00:00,ZONE_B02,0.77,20.4,-16.1,0.64
2024-01-14 07:00:00,ZONE_M01,0.41,19.3,-13.7,0.47
2024-01-14 07:00:00,ZONE_M02,0.41,19.3,-13.7,0.47
2024-01-14 07:00:00,ZONE_M03,0.41,19.3,-13.7,0.47
2024-01-14 07:00:00,ZONE_B01,0.41,19.2,-13.7,0.47
2024-01-14 07:00:00,ZONE_B02,0.41,18.9,-13.7,0.47
2024-01-14 08:00:00,ZONE_M01,0.76,20.5,-12.4,0.57
2024-01-14 08:00:00,ZONE_M02,0.76,19.9,-12.4,0.57
2024-01-14 08:00:00,ZONE_M03,0.76,21.2,-12.4,0.57
2024-01-14 08:00:00,ZONE_B01,0.76,19.4,-12.4,0.57
2024-01-14 08:00:00,ZONE_B02,0.76,19.9,-12.4,0.57
2024-01-14 09:00:00,ZONE_M01,0.59,20.2,-9.5,0.47
2024-01-14 09:00:00,ZONE_M02,0.59,19.7,-9.5,0.47
2024-01-14 09:00:00,ZONE_M03,0.59,20.6,-9.5,0.47
2024-01-14 09:00:00,ZONE_B01,0.59,19.0,-9.5,0.47
2024-01-14 09:00:00,ZONE_B02,0.59,19.6,-9.5,0.47
2024-01-14 10:00:00,ZONE_M01,0.72,19.5,-13.0,0.57
2024-01-14 10:00:00,ZONE_M02,0.72,19.9,-13.0,0.57
2024-01-14 10:00:00,ZONE_M03,0.72,21.1,-13.0,0.57
2024-01-14 10:00:00,ZONE_B01,0.72,19.9,-13.0,0.57
2024-01-14 10:00:00,ZONE_B02,0.72,20.7,-13.0,0.57
2024-01-14 11:00:00,ZONE_M01,0.67,20.0,-11.0,0.52
2024-01-14 11:00:00,ZONE_M02,0.67,18.8,-11.0,0.52
2024-01-14 11:00:00,ZONE_M03,0.67,20.4,-11.0,0.52
2024-01-14 11:00:00,ZONE_B01,0.67,19.6,-11.0,0.52
2024-01-14 11:00:00,ZONE_B02,0.67,19.7,-11.0,0.52
2024-01-14 12:00:00,ZONE_M01,0.48,19.0,-16.3,0.54
2024-01-14 12:00:00,ZONE_M02,0.48,19.5,-16.3,0.54
2024-01-14 12:00:00,ZONE_M03,0.48,19.6,-16.3,0.54
2024-01-14 12:00:00,ZONE_B01,0.48,20.1,-16.3,0.54
2024-01-14 12:00:00,ZONE_B02,0.48,19.8,-16.3,0.54
2024-01-14 13:00:00,ZONE_M01,0.7,19.8,-11.1,0.53
2024-01-14 13:00:00,ZONE_M02,0.7,20.2,-11.1,0.53
2024-01-14 13:00:00,ZONE_M03,0.7,20.7,-11.1,0.53
2024-01-14 13:00:00,ZONE_B01,0.7,20.1,-11.1,0.53
2024-01-14 13:00:00,ZONE_B02,0.7,19.7,-11.1,0.53
2024-01-14 14:00:00,ZONE_M01,0.68,20.8,-17.7,0.63
2024-01-14 14:00:00,ZONE_M02,0.68,21.1,-17.7,0.63
2024-01-14 14:00:00,ZONE_M03,0.68,20.4,-17.7,0.63
2024-01-14 14:00:00,ZONE_B01,0.68,20.0,-17.7,0.63
2024-01-14 14:00:00,ZONE_B02,0.68,19.8,-17.7,0.63
2024-01-14 15:00:00,ZONE_M01,0.61,20.7,-15.0,0.56
2024-01-14 15:00:00,ZONE_M02,0.61,18.3,-15.0,0.56
2024-01-14 15:00:00,ZONE_M03,0.61,19.8,-15.0,0.56
2024-01-14 15:00:00,ZONE_B01,0.61,20.0,-15.0,0.56
2024-01-14 15:00:00,ZONE_B02,0.61,19.6,-15.0,0.56
2024-01-14 16:00:00,ZONE_M01,0.56,19.4,-13.0,0.51
2024-01-14 16:00:00,ZONE_M02,0.56,20.2,-13.0,0.51
2024-01-14 16:00:00,ZONE_M03,0.56,19.5,-13.0,0.51
2024-01-14 16:00:00,ZONE_B01,0.56,19.5,-13.0,0.51
2024-01-14 16:00:00,ZONE_B02,0.56,19.6,-13.0,0.51
2024-01-14 17:00:00,ZONE_M01,0.82,20.1,-15.1,0.64
2024-01-14 17:00:00,ZONE_M02,0.82,21.2,-15.1,0.64
2024-01-14 17:00:00,ZONE_M03,0.82,21.6,-15.1,0.64
2024-01-14 17:00:00,ZONE_B01,0.82,20.1,-15.1,0.64
2024-01-14 17:00:00,ZONE_B02,0.82,20.9,-15.1,0.64
2024-01-14 18:00:00,ZONE_M01,0.39,19.6,-9.2,0.41
2024-01-14 18:00:00,ZONE_M02,0.39,19.3,-9.2,0.41
2024-01-14 18:00:00,ZONE_M03,0.39,18.7,-9.2,0.41
2024-01-14 18:00:00,ZONE_B01,0.39,19.4,-9.2,0.41
2024-01-14 18:00:00,ZONE_B02,0.39,19.0,-9.2,0.41
2024-01-14 19:00:00,ZONE_M01,0.64,20.1,-14.6,0.57
2024-01-14 19:00:00,ZONE_M02,0.64,20.3,-14.6,0.57
2024-01-14 19:00:00,ZONE_M03,0.64,19.8,-14.6,0.57
2024-01-14 19:00:00,ZONE_B01,0.64,20.5,-14.6,0.57
2024-01-14 19:00:00,ZONE_B02,0.64,18.8,-14.6,0.57
2024-01-14 20:00:00,ZONE_M01,0.83,21.1,-16.4,0.67
2024-01-14 20:00:00,ZONE_M02,0.83,20.4,-16.4,0.67
2024-01-14 20:00:00,ZONE_M03,0.83,20.5,-16.4,0.67
2024-01-14 20:00:00,ZONE_B01,0.83,21.1,-16.4,0.67
2024-01-14 20:00:00,ZONE_B02,0.83,19.8,-16.4,0.67
2024-01-14 21:00:00,ZONE_M01,0.76,20.9,-10.0,0.53
2024-01-14 21:00:00,ZONE_M02,0.76,20.1,-10.0,0.53
2024-01-14 21:00:00,ZONE_M03,0.76,20.6,-10.0,0.53
2024-01-14 21:00:00,ZONE_B01,0.76,20.9,-10.0,0.53
2024-01-14 21:00:00,ZONE_B02,0.76,20.0,-10.0,0.53
2024-01-14 22:00:00,ZONE_M01,0.69,20.4,-12.5,0.55
2024-01-14 22:00:00,ZONE_M02,0.69,19.6,-12.5,0.55
2024-01-14 22:00:00,ZONE_M03,0.69,19.8,-12.5,0.55
2024-01-14 22:00:00,ZONE_B01,0.69,20.1,-12.5,0.55
2024-01-14 22:00:00,ZONE_B02,0.69,21.1,-12.5,0.55
2024-01-14 23:00:00,ZONE_M01,0.28,18.9,-13.5,0.43
2024-01-14 23:00:00,ZONE_M02,0.28,18.0,-13.5,0.43
2024-01-14 23:00:00,ZONE_M03,0.28,19.1,-13.5,0.43
2024-01-14 23:00:00,ZONE_B01,0.28,18.4,-13.5,0.43
2024-01-14 23:00:00,ZONE_B02,0.28,19.1,-13.5,0.43
2024-01-15 00:00:00,ZONE_M01,0.26,18.2,-13.3,0.42
2024-01-15 00:00:00,ZONE_M02,0.26,19.7,-13.3,0.42
2024-01-15 00:00:00,ZONE_M03,0.26,19.2,-13.3,0.42
2024-01-15 00:00:00,ZONE_B01,0.26,19.7,-13.3,0.42
2024-01-15 00:00:00,ZONE_B02,0.26,18.7,-13.3,0.42
2024-01-15 01:00:00,ZONE_M01,0.2,18.9,-13.6,0.4
2024-01-15 01:00:00,ZONE_M02,0.2,18.1,-13.6,0.4
2024-01-15 01:00:00,ZONE_M03,0.2,18.4,-13.6,0.4
2024-01-15 01:00:00,ZONE_B01,0.2,18.6,-13.6,0.4
2024-01-15 01:00:00,ZONE_B02,0.2,18.3,-13.6,0.4
2024-01-15 02:00:00,ZONE_M01,0.14,18.8,-12.4,0.37
2024-01-15 02:00:00,ZONE_M02,0.14,17.8,-12.4,0.37
2024-01-15 02:00:00,ZONE_M03,0.14,17.9,-12.4,0.37
2024-01-15 02:00:00,ZONE_B01,0.14,19.3,-12.4,0.37
2024-01-15 02:00:00,ZONE_B02,0.14,18.4,-12.4,0.37
2024-01-15 03:00:00,ZONE_M01,0.11,18.6,-10.2,0.34
2024-01-15 03:00:00,ZONE_M02,0.11,18.2,-10.2,0.34
2024-01-15 03:00:00,ZONE_M03,0.11,18.8,-10.2,0.34
2024-01-15 03:00:00,ZONE_B01,0.11,18.4,-10.2,0.34
2024-01-15 03:00:00,ZONE_B02,0.11,18.7,-10.2,0.34
2024-01-15 04:00:00,ZONE_M01,0.11,18.7,-14.2,0.38
2024-01-15 04:00:00,ZONE_M02,0.11,18.3,-14.2,0.38
2024-01-15 04:00:00,ZONE_M03,0.11,18.5,-14.2,0.38
2024-01-15 04:00:00,ZONE_B01,0.11,18.1,-14.2,0.38
2024-01-15 04:00:00,ZONE_B02,0.11,19.2,-14.2,0.38
2024-01-15 05:00:00,ZONE_M01,0.14,19.5,-16.4,0.41
2024-01-15 05:00:00,ZONE_M02,0.14,19.0,-16.4,0.41
2024-01-15 05:00:00,ZONE_M03,0.14,18.3,-16.4,0.41
2024-01-15 05:00:00,ZONE_B01,0.14,18.2,-16.4,0.41
2024-01-15 05:00:00,ZONE_B02,0.14,19.0,-16.4,0.41
2024-01-15 06:00:00,ZONE_M01,0.76,19.7,-11.0,0.55
2024-01-15 06:00:00,ZONE_M02,0.76,20.2,-11.0,0.55
2024-01-15 06:00:00,ZONE_M03,0.76,20.2,-11.0,0.55
2024-01-15 06:00:00,ZONE_B01,0.76,20.4,-11.0,0.55
2024-01-15 06:00:00,ZONE_B02,0.76,20.1,-11.0,0.55
2024-01-15 07:00:00,ZONE_M01,0.65,20.4,-14.6,0.57
2024-01-15 07:00:00,ZONE_M02,0.65,20.0,-14.6,0.57
2024-01-15 07:00:00,ZONE_M03,0.65,20.1,-14.6,0.57
2024-01-15 07:00:00,ZONE_B01,0.65,20.3,-14.6,0.57
2024-01-15 07:00:00,ZONE_B02,0.65,19.6,-14.6,0.57
2024-01-15 08:00:00,ZONE_M01,0.72,19.9,-12.7,0.56
2024-01-15 08:00:00,ZONE_M02,0.72,19.8,-12.7,0.56
2024-01-15 08:00:00,ZONE_M03,0.72,20.2,-12.7,0.56
2024-01-15 08:00:00,ZONE_B01,0.72,20.3,-12.7,0.56
2024-01-15 08:00:00,ZONE_B02,0.72,20.3,-12.7,0.56
2024-01-15 09:00:00,ZONE_M01,0.53,18.6,-14.9,0.53
2024-01-15 09:00:00,ZONE_M02,0.53,18.9,-14.9,0.53
2024-01-15 09:00:00,ZONE_M03,0.53,20.4,-14.9,0.53
2024-01-15 09:00:00,ZONE_B01,0.53,19.3,-14.9,0.53
2024-01-15 09:00:00,ZONE_B02,0.53,19.8,-14.9,0.53
2024-01-15 10:00:00,ZONE_M01,0.81,20.3,-17.6,0.68
2024-01-15 10:00:00,ZONE_M02,0.81,19.9,-17.6,0.68
2024-01-15 10:00:00,ZONE_M03,0.81,19.8,-17.6,0.68
2024-01-15 10:00:00,ZONE_B01,0.81,20.2,-17.6,0.68
2024-01-15 10:00:00,ZONE_B02,0.81,19.4,-17.6,0.68
2024-01-15 11:00:00,ZONE_M01,0.68,20.5,-16.6,0.61
2024-01-15 11:00:00,ZONE_M02,0.68,18.8,-16.6,0.61
2024-01-15 11:00:00,ZONE_M03,0.68,20.2,-16.6,0.61
2024-01-15 11:00:00,ZONE_B01,0.68,18.7,-16.6,0.61
2024-01-15 11:00:00,ZONE_B02,0.68,20.6,-16.6,0.61
2024-01-15 12:00:00,ZONE_M01,0.76,19.7,-15.4,0.62
2024-01-15 12:00:00,ZONE_M02,0.76,20.5,-15.4,0.62
2024-01-15 12:00:00,ZONE_M03,0.76,19.6,-15.4,0.62
2024-01-15 12:00:00,ZONE_B01,0.76,20.2,-15.4,0.62
2024-01-15 12:00:00,ZONE_B02,0.76,20.3,-15.4,0.62
2024-01-15 13:00:00,ZONE_M01,0.83,20.3,-15.4,0.65
2024-01-15 13:00:00,ZONE_M02,0.83,20.0,-15.4,0.65
2024-01-15 13:00:00,ZONE_M03,0.83,20.5,-15.4,0.65
2024-01-15 13:00:00,ZONE_B01,0.83,21.0,-15.4,0.65
2024-01-15 13:00:00,ZONE_B02,0.83,21.5,-15.4,0.65
2024-01-15 14:00:00,ZONE_M01,0.98,20.7,-15.0,0.69
2024-01-15 14:00:00,ZONE_M02,0.98,20.2,-15.0,0.69
2024-01-15 14:00:00,ZONE_M03,0.98,20.4,-15.0,0.69
2024-01-15 14:00:00,ZONE_B01,0.98,20.7,-15.0,0.69
2024-01-15 14:00:00,ZONE_B02,0.98,20.8,-15.0,0.69
2024-01-15 15:00:00,ZONE_M01,0.63,18.9,-9.6,0.48
2024-01-15 15:00:00,ZONE_M02,0.63,20.1,-9.6,0.48
2024-01-15 15:00:00,ZONE_M03,0.63,20.6,-9.6,0.48
2024-01-15 15:00:00,ZONE_B01,0.63,19.5,-9.6,0.48
2024-01-15 15:00:00,ZONE_B02,0.63,20.1,-9.6,0.48
2024-01-15 16:00:00,ZONE_M01,0.64,19.5,-12.9,0.54
2024-01-15 16:00:00,ZONE_M02,0.64,20.6,-12.9,0.54
2024-01-15 16:00:00,ZONE_M03,0.64,20.3,-12.9,0.54
2024-01-15 16:00:00,ZONE_B01,0.64,20.2,-12.9,0.54
2024-01-15 16:00:00,ZONE_B02,0.64,20.0,-12.9,0.54
2024-01-15 17:00:00,ZONE_M01,0.8,20.2,-11.2,0.56
2024-01-15 17:00:00,ZONE_M02,0.8,20.2,-11.2,0.56
2024-01-15 17:00:00,ZONE_M03,0.8,19.8,-11.2,0.56
2024-01-15 17:00:00,ZONE_B01,0.8,20.0,-11.2,0.56
2024-01-15 17:00:00,ZONE_B02,0.8,20.6,-11.2,0.56
2024-01-15 18:00:00,ZONE_M01,0.68,19.1,-14.4,0.58
2024-01-15 18:00:00,ZONE_M02,0.68,19.6,-14.4,0.58
2024-01-15 18:00:00,ZONE_M03,0.68,20.2,-14.4,0.58
2024-01-15 18:00:00,ZONE_B01,0.68,20.0,-14.4,0.58
2024-01-15 18:00:00,ZONE_B02,0.68,19.4,-14.4,0.58
2024-01-15 19:00:00,ZONE_M01,0.6,20.3,-16.2,0.58
2024-01-15 19:00:00,ZONE_M02,0.6,20.2,-16.2,0.58
2024-01-15 19:00:00,ZONE_M03,0.6,20.6,-16.2,0.58
2024-01-15 19:00:00,ZONE_B01,0.6,19.9,-16.2,0.58
2024-01-15 19:00:00,ZONE_B02,0.6,19.8,-16.2,0.58
2024-01-15 20:00:00,ZONE_M01,0.68,21.0,-13.2,0.56
2024-01-15 20:00:00,ZONE_M02,0.68,20.3,-13.2,0.56
2024-01-15 20:00:00,ZONE_M03,0.68,20.8,-13.2,0.56
2024-01-15 20:00:00,ZONE_B01,0.68,19.2,-13.2,0.56
2024-01-15 20:00:00,ZONE_B02,0.68,19.3,-13.2,0.56
2024-01-15 21:00:00,ZONE_M01,0.89,21.1,-13.1,0.63
2024-01-15 21:00:00,ZONE_M02,0.89,21.4,-13.1,0.63
2024-01-15 21:00:00,ZONE_M03,0.89,21.8,-13.1,0.63
2024-01-15 21:00:00,ZONE_B01,0.89,21.0,-13.1,0.63
2024-01-15 21:00:00,ZONE_B02,0.89,20.3,-13.1,0.63
2024-01-15 22:00:00,ZONE_M01,0.65,20.4,-13.8,0.56
2024-01-15 22:00:00,ZONE_M02,0.65,19.6,-13.8,0.56
2024-01-15 22:00:00,ZONE_M03,0.65,20.1,-13.8,0.56
2024-01-15 22:00:00,ZONE_B01,0.65,20.0,-13.8,0.56
2024-01-15 22:00:00,ZONE_B02,0.65,19.6,-13.8,0.56
2024-01-15 23:00:00,ZONE_M01,0.0,18.7,-12.4,0.32
2024-01-15 23:00:00,ZONE_M02,0.0,18.0,-12.4,0.32
2024-01-15 23:00:00,ZONE_M03,0.0,17.1,-12.4,0.32
2024-01-15 23:00:00,ZONE_B01,0.0,18.5,-12.4,0.32
2024-01-15 23:00:00,ZONE_B02,0.0,17.3,-12.4,0.32
2024-01-16 00:00:00,ZONE_M01,0.21,19.6,-14.3,0.42
2024-01-16 00:00:00,ZONE_M02,0.21,19.1,-14.3,0.42
2024-01-16 00:00:00,ZONE_M03,0.21,18.7,-14.3,0.42
2024-01-16 00:00:00,ZONE_B01,0.21,18.9,-14.3,0.42
2024-01-16 00:00:00,ZONE_B02,0.21,18.4,-14.3,0.42
2024-01-16 01:00:00,ZONE_M01,0.02,18.0,-17.9,0.39
2024-01-16 01:00:00,ZONE_M02,0.02,17.2,-17.9,0.39
2024-01-16 01:00:00,ZONE_M03,0.02,18.2,-17.9,0.39
2024-01-16 01:00:00,ZONE_B01,0.02,18.0,-17.9,0.39
2024-01-16 01:00:00,ZONE_B02,0.02,17.3,-17.9,0.39
2024-01-16 02:00:00,ZONE_M01,0.09,18.8,-12.0,0.35
2024-01-16 02:00:00,ZONE_M02,0.09,18.6,-12.0,0.35
2024-01-16 02:00:00,ZONE_M03,0.09,17.9,-12.0,0.35
2024-01-16 02:00:00,ZONE_B01,0.09,17.9,-12.0,0.35
2024-01-16 02:00:00,ZONE_B02,0.09,18.2,-12.0,0.35
2024-01-16 03:00:00,ZONE_M01,0.02,18.4,-16.8,0.38
2024-01-16 03:00:00,ZONE_M02,0.02,18.9,-16.8,0.38
2024-01-16 03:00:00,ZONE_M03,0.02,17.8,-16.8,0.38
2024-01-16 03:00:00,ZONE_B01,0.02,17.7,-16.8,0.38
2024-01-16 03:00:00,ZONE_B02,0.02,18.6,-16.8,0.38
2024-01-16 04:00:00,ZONE_M01,0.19,19.3,-13.8,0.4
2024-01-16 04:00:00,ZONE_M02,0.19,18.5,-13.8,0.4
2024-01-16 04:00:00,ZONE_M03,0.19,18.4,-13.8,0.4
2024-01-16 04:00:00,ZONE_B01,0.19,19.3,-13.8,0.4
2024-01-16 04:00:00,ZONE_B02,0.19,18.5,-13.8,0.4
2024-01-16 05:00:00,ZONE_M01,0.0,18.2,-15.1,0.35
2024-01-16 05:00:00,ZONE_M02,0.0,18.4,-15.1,0.35
2024-01-16 05:00:00,ZONE_M03,0.0,18.9,-15.1,0.35
2024-01-16 05:00:00,ZONE_B01,0.0,18.5,-15.1,0.35
2024-01-16 05:00:00,ZONE_B02,0.0,18.1,-15.1,0.35
2024-01-16 06:00:00,ZONE_M01,0.77,20.3,-15.9,0.64
2024-01-16 06:00:00,ZONE_M02,0.77,20.4,-15.9,0.64
2024-01-16 06:00:00,ZONE_M03,0.77,20.4,-15.9,0.64
2024-01-16 06:00:00,ZONE_B01,0.77,20.8,-15.9,0.64
2024-01-16 06:00:00,ZONE_B02,0.77,20.3,-15.9,0.64
2024-01-16 07:00:00,ZONE_M01,0.49,18.6,-17.1,0.55
2024-01-16 07:00:00,ZONE_M02,0.49,19.6,-17.1,0.55
2024-01-16 07:00:00,ZONE_M03,0.49,19.5,-17.1,0.55
2024-01-16 07:00:00,ZONE_B01,0.49,19.2,-17.1,0.55
2024-01-16 07:00:00,ZONE_B02,0.49,19.8,-17.1,0.55
2024-01-16 08:00:00,ZONE_M01,0.34,18.8,-13.7,0.45
2024-01-16 08:00:00,ZONE_M02,0.34,19.4,-13.7,0.45
2024-01-16 08:00:00,ZONE_M03,0.34,19.2,-13.7,0.45
2024-01-16 08:00:00,ZONE_B01,0.34,18.9,-13.7,0.45
2024-01-16 08:00:00,ZONE_B02,0.34,20.0,-13.7,0.45
2024-01-16 09:00:00,ZONE_M01,0.55,19.4,-17.0,0.57
2024-01-16 09:00:00,ZONE_M02,0.55,20.4,-17.0,0.57
2024-01-16 09:00:00,ZONE_M03,0.55,18.8,-17.0,0.57
2024-01-16 09:00:00,ZONE_B01,0.55,19.7,-17.0,0.57
2024-01-16 09:00:00,ZONE_B02,0.55,19.8,-17.0,0.57
2024-01-16 10:00:00,ZONE_M01,0.6,20.4,-14.5,0.55
2024-01-16 10:00:00,ZONE_M02,0.6,19.6,-14.5,0.55
2024-01-16 10:00:00,ZONE_M03,0.6,19.6,-14.5,0.55
2024-01-16 10:00:00,ZONE_B01,0.6,20.0,-14.5,0.55
2024-01-16 10:00:00,ZONE_B02,0.6,19.4,-14.5,0.55
2024-01-16 11:00:00,ZONE_M01,0.42,20.0,-14.1,0.48
2024-01-16 11:00:00,ZONE_M02,0.42,19.3,-14.1,0.48
2024-01-16 11:00:00,ZONE_M03,0.42,19.3,-14.1,0.48
2024-01-16 11:00:00,ZONE_B01,0.42,19.3,-14.1,0.48
2024-01-16 11:00:00,ZONE_B02,0.42,18.6,-14.1,0.48
2024-01-16 12:00:00,ZONE_M01,0.81,20.4,-12.3,0.58
2024-01-16 12:00:00,ZONE_M02,0.81,20.0,-12.3,0.58
2024-01-16 12:00:00,ZONE_M03,0.81,20.4,-12.3,0.58
2024-01-16 12:00:00,ZONE_B01,0.81,20.3,-12.3,0.58
2024-01-16 12:00:00,ZONE_B02,0.81,20.2,-12.3,0.58
2024-01-16 13:00:00,ZONE_M01,0.3,19.2,-13.6,0.44
2024-01-16 13:00:00,ZONE_M02,0.3,19.0,-13.6,0.44
2024-01-16 13:00:00,ZONE_M03,0.3,19.1,-13.6,0.44
2024-01-16 13:00:00,ZONE_B01,0.3,19.0,-13.6,0.44
2024-01-16 13:00:00,ZONE_B02,0.3,18.7,-13.6,0.44
2024-01-16 14:00:00,ZONE_M01,0.73,19.4,-14.4,0.6
2024-01-16 14:00:00,ZONE_M02,0.73,20.1,-14.4,0.6
2024-01-16 14:00:00,ZONE_M03,0.73,19.4,-14.4,0.6
2024-01-16 14:00:00,ZONE_B01,0.73,20.8,-14.4,0.6
2024-01-16 14:00:00,ZONE_B02,0.73,20.4,-14.4,0.6
2024-01-16 15:00:00,ZONE_M01,0.65,19.7,-11.6,0.52
2024-01-16 15:00:00,ZONE_M02,0.65,19.4,-11.6,0.52
2024-01-16 15:00:00,ZONE_M03,0.65,18.8,-11.6,0.52
2024-01-16 15:00:00,ZONE_B01,0.65,19.9,-11.6,0.52
2024-01-16 15:00:00,ZONE_B02,0.65,20.8,-11.6,0.52
2024-01-16 16:00:00,ZONE_M01,0.48,18.8,-13.4,0.49
2024-01-16 16:00:00,ZONE_M02,0.48,19.6,-13.4,0.49
2024-01-16 16:00:00,ZONE_M03,0.48,20.1,-13.4,0.49
2024-01-16 16:00:00,ZONE_B01,0.48,20.0,-13.4,0.49
2024-01-16 16:00:00,ZONE_B02,0.48,19.1,-13.4,0.49
2024-01-16 17:00:00,ZONE_M01,0.53,20.2,-12.7,0.5
2024-01-16 17:00:00,ZONE_M02,0.53,19.9,-12.7,0.5
2024-01-16 17:00:00,ZONE_M03,0.53,19.6,-12.7,0.5
2024-01-16 17:00:00,ZONE_B01,0.53,19.5,-12.7,0.5
2024-01-16 17:00:00,ZONE_B02,0.53,20.0,-12.7,0.5
2024-01-16 18:00:00,ZONE_M01,0.79,20.5,-13.4,0.6
2024-01-16 18:00:00,ZONE_M02,0.79,20.0,-13.4,0.6
2024-01-16 18:00:00,ZONE_M03,0.79,19.8,-13.4,0.6
2024-01-16 18:00:00,ZONE_B01,0.79,21.3,-13.4,0.6
2024-01-16 18:00:00,ZONE_B02,0.79,20.7,-13.4,0.6
2024-01-16 19:00:00,ZONE_M01,0.63,19.8,-16.8,0.6
2024-01-16 19:00:00,ZONE_M02,0.63,19.5,-16.8,0.6
2024-01-16 19:00:00,ZONE_M03,0.63,20.0,-16.8,0.6
2024-01-16 19:00:00,ZONE_B01,0.63,19.8,-16.8,0.6
2024-01-16 19:00:00,ZONE_B02,0.63,18.8,-16.8,0.6
2024-01-16 20:00:00,ZONE_M01,0.64,19.6,-13.2,0.55
2024-01-16 20:00:00,ZONE_M02,0.64,19.2,-13.2,0.55
2024-01-16 20:00:00,ZONE_M03,0.64,20.2,-13.2,0.55
2024-01-16 20:00:00,ZONE_B01,0.64,20.0,-13.2,0.55
2024-01-16 20:00:00,ZONE_B02,0.64,19.8,-13.2,0.55
2024-01-16 21:00:00,ZONE_M01,0.64,19.9,-15.3,0.58
2024-01-16 21:00:00,ZONE_M02,0.64,20.1,-15.3,0.58
2024-01-16 21:00:00,ZONE_M03,0.64,19.5,-15.3,0.58
2024-01-16 21:00:00,ZONE_B01,0.64,19.2,-15.3,0.58
2024-01-16 21:00:00,ZONE_B02,0.64,19.8,-15.3,0.58
2024-01-16 22:00:00,ZONE_M01,0.6,19.5,-14.7,0.55
2024-01-16 22:00:00,ZONE_M02,0.6,19.9,-14.7,0.55
2024-01-16 22:00:00,ZONE_M03,0.6,20.0,-14.7,0.55
2024-01-16 22:00:00,ZONE_B01,0.6,19.6,-14.7,0.55
2024-01-16 22:00:00,ZONE_B02,0.6,19.4,-14.7,0.55
2024-01-16 23:00:00,ZONE_M01,0.11,18.0,-11.3,0.35
2024-01-16 23:00:00,ZONE_M02,0.11,18.6,-11.3,0.35
2024-01-16 23:00:00,ZONE_M03,0.11,18.2,-11.3,0.35
2024-01-16 23:00:00,ZONE_B01,0.11,18.6,-11.3,0.35
2024-01-16 23:00:00,ZONE_B02,0.11,18.4,-11.3,0.35
2024-01-17 00:00:00,ZONE_M01,0.12,18.5,-8.8,0.32
2024-01-17 00:00:00,ZONE_M02,0.12,18.4,-8.8,0.32
2024-01-17 00:00:00,ZONE_M03,0.12,18.6,-8.8,0.32
2024-01-17 00:00:00,ZONE_B01,0.12,18.6,-8.8,0.32
2024-01-17 00:00:00,ZONE_B02,0.12,19.1,-8.8,0.32
2024-01-17 01:00:00,ZONE_M01,0.09,18.8,-17.1,0.4
2024-01-17 01:00:00,ZONE_M02,0.09,17.6,-17.1,0.4
2024-01-17 01:00:00,ZONE_M03,0.09,18.2,-17.1,0.4
2024-01-17 01:00:00,ZONE_B01,0.09,17.6,-17.1,0.4
2024-01-17 01:00:00,ZONE_B02,0.09,18.4,-17.1,0.4
2024-01-17 02:00:00,ZONE_M01,0.15,18.8,-11.0,0.36
2024-01-17 02:00:00,ZONE_M02,0.15,18.5,-11.0,0.36
2024-01-17 02:00:00,ZONE_M03,0.15,18.6,-11.0,0.36
2024-01-17 02:00:00,ZONE_B01,0.15,18.5,-11.0,0.36
2024-01-17 02:00:00,ZONE_B02,0.15,18.2,-11.0,0.36
2024-01-17 03:00:00,ZONE_M01,0.3,18.7,-14.4,0.45
2024-01-17 03:00:00,ZONE_M02,0.3,19.4,-14.4,0.45
2024-01-17 03:00:00,ZONE_M03,0.3,19.6,-14.4,0.45
2024-01-17 03:00:00,ZONE_B01,0.3,19.1,-14.4,0.45
2024-01-17 03:00:00,ZONE_B02,0.3,17.9,-14.4,0.45
2024-01-17 04:00:00,ZONE_M01,0.13,18.1,-16.7,0.41
2024-01-17 04:00:00,ZONE_M02,0.13,17.6,-16.7,0.41
2024-01-17 04:00:00,ZONE_M03,0.13,19.0,-16.7,0.41
2024-01-17 04:00:00,ZONE_B01,0.13,18.8,-16.7,0.41
2024-01-17 04:00:00,ZONE_B02,0.13,19.3,-16.7,0.41
2024-01-17 05:00:00,ZONE_M01,0.32,19.9,-16.2,0.48
2024-01-17 05:00:00,ZONE_M02,0.32,18.7,-16.2,0.48
2024-01-17 05:00:00,ZONE_M03,0.32,18.6,-16.2,0.48
2024-01-17 05:00:00,ZONE_B01,0.32,19.4,-16.2,0.48
2024-01-17 05:00:00,ZONE_B02,0.32,18.5,-16.2,0.48
2024-01-17 06:00:00,ZONE_M01,0.52,19.8,-13.6,0.51
2024-01-17 06:00:00,ZONE_M02,0.52,19.9,-13.6,0.51
2024-01-17 06:00:00,ZONE_M03,0.52,19.0,-13.6,0.51
2024-01-17 06:00:00,ZONE_B01,0.52,19.7,-13.6,0.51
2024-01-17 06:00:00,ZONE_B02,0.52,19.9,-13.6,0.51
2024-01-17 07:00:00,ZONE_M01,0.62,20.5,-17.3,0.61
2024-01-17 07:00:00,ZONE_M02,0.62,20.0,-17.3,0.61
2024-01-17 07:00:00,ZONE_M03,0.62,20.5,-17.3,0.61
2024-01-17 07:00:00,ZONE_B01,0.62,20.0,-17.3,0.61
2024-01-17 07:00:00,ZONE_B02,0.62,19.9,-17.3,0.61
2024-01-17 08:00:00,ZONE_M01,0.65,19.3,-14.1,0.56
2024-01-17 08:00:00,ZONE_M02,0.65,20.5,-14.1,0.56
2024-01-17 08:00:00,ZONE_M03,0.65,19.9,-14.1,0.56
2024-01-17 08:00:00,ZONE_B01,0.65,20.1,-14.1,0.56
2024-01-17 08:00:00,ZONE_B02,0.65,19.7,-14.1,0.56
2024-01-17 09:00:00,ZONE_M01,0.71,21.1,-15.4,0.61
2024-01-17 09:00:00,ZONE_M02,0.71,20.5,-15.4,0.61
2024-01-17 09:00:00,ZONE_M03,0.71,20.8,-15.4,0.61
2024-01-17 09:00:00,ZONE_B01,0.71,20.5,-15.4,0.61
2024-01-17 09:00:00,ZONE_B02,0.71,18.6,-15.4,0.61
2024-01-17 10:00:00,ZONE_M01,0.72,20.7,-13.1,0.57
2024-01-17 10:00:00,ZONE_M02,0.72,20.3,-13.1,0.57
2024-01-17 10:00:00,ZONE_M03,0.72,20.6,-13.1,0.57
2024-01-17 10:00:00,ZONE_B01,0.72,20.2,-13.1,0.57
2024-01-17 10:00:00,ZONE_B02,0.72,21.5,-13.1,0.57
2024-01-17 11:00:00,ZONE_M01,0.68,19.5,-14.0,0.57
2024-01-17 11:00:00,ZONE_M02,0.68,20.2,-14.0,0.57
2024-01-17 11:00:00,ZONE_M03,0.68,21.0,-14.0,0.57
2024-01-17 11:00:00,ZONE_B01,0.68,20.5,-14.0,0.57
2024-01-17 11:00:00,ZONE_B02,0.68,19.6,-14.0,0.57
2024-01-17 12:00:00,ZONE_M01,0.38,19.3,-15.7,0.49
2024-01-17 12:00:00,ZONE_M02,0.38,19.5,-15.7,0.49
2024-01-17 12:00:00,ZONE_M03,0.38,19.4,-15.7,0.49
2024-01-17 12:00:00,ZONE_B01,0.38,19.2,-15.7,0.49
2024-01-17 12:00:00,ZONE_B02,0.38,19.0,-15.7,0.49
2024-01-17 13:00:00,ZONE_M01,0.58,19.5,-16.6,0.58
2024-01-17 13:00:00,ZONE_M02,0.58,20.6,-16.6,0.58
2024-01-17 13:00:00,ZONE_M03,0.58,20.5,-16.6,0.58
2024-01-17 13:00:00,ZONE_B01,0.58,20.1,-16.6,0.58
2024-01-17 13:00:00,ZONE_B02,0.58,19.0,-16.6,0.58
2024-01-17 14:00:00,ZONE_M01,0.61,20.0,-12.4,0.52
2024-01-17 14:00:00,ZONE_M02,0.61,19.4,-12.4,0.52
2024-01-17 14:00:00,ZONE_M03,0.61,20.1,-12.4,0.52
2024-01-17 14:00:00,ZONE_B01,0.61,20.2,-12.4,0.52
2024-01-17 14:00:00,ZONE_B02,0.61,19.0,-12.4,0.52
2024-01-17 15:00:00,ZONE_M01,0.52,18.5,-11.8,0.48
2024-01-17 15:00:00,ZONE_M02,0.52,19.1,-11.8,0.48
2024-01-17 15:00:00,ZONE_M03,0.52,20.1,-11.8,0.48
2024-01-17 15:00:00,ZONE_B01,0.52,20.1,-11.8,0.48
2024-01-17 15:00:00,ZONE_B02,0.52,19.0,-11.8,0.48
2024-01-17 16:00:00,ZONE_M01,0.78,20.0,-11.4,0.56
2024-01-17 16:00:00,ZONE_M02,0.78,20.4,-11.4,0.56
2024-01-17 16:00:00,ZONE_M03,0.78,19.9,-11.4,0.56
2024-01-17 16:00:00,ZONE_B01,0.78,19.8,-11.4,0.56
2024-01-17 16:00:00,ZONE_B02,0.78,20.5,-11.4,0.56
2024-01-17 17:00:00,ZONE_M01,0.67,20.0,-11.6,0.53
2024-01-17 17:00:00,ZONE_M02,0.67,20.2,-11.6,0.53
2024-01-17 17:00:00,ZONE_M03,0.67,19.6,-11.6,0.53
2024-01-17 17:00:00,ZONE_B01,0.67,19.8,-11.6,0.53
2024-01-17 17:00:00,ZONE_B02,0.67,20.0,-11.6,0.53
2024-01-17 18:00:00,ZONE_M01,0.41,19.6,-11.6,0.44
2024-01-17 18:00:00,ZONE_M02,0.41,19.4,-11.6,0.44
2024-01-17 18:00:00,ZONE_M03,0.41,19.6,-11.6,0.44
2024-01-17 18:00:00,ZONE_B01,0.41,19.2,-11.6,0.44
2024-01-17 18:00:00,ZONE_B02,0.41,18.3,-11.6,0.44
2024-01-17 19:00:00,ZONE_M01,0.54,19.9,-15.4,0.55
2024-01-17 19:00:00,ZONE_M02,0.54,19.2,-15.4,0.55
2024-01-17 19:00:00,ZONE_M03,0.54,19.5,-15.4,0.55
2024-01-17 19:00:00,ZONE_B01,0.54,20.0,-15.4,0.55
2024-01-17 19:00:00,ZONE_B02,0.54,20.2,-15.4,0.55
2024-01-17 20:00:00,ZONE_M01,0.74,20.7,-13.5,0.58
2024-01-17 20:00:00,ZONE_M02,0.74,19.7,-13.5,0.58
2024-01-17 20:00:00,ZONE_M03,0.74,20.5,-13.5,0.58
2024-01-17 20:00:00,ZONE_B01,0.74,19.7,-13.5,0.58
2024-01-17 20:00:00,ZONE_B02,0.74,19.3,-13.5,0.58
2024-01-17 21:00:00,ZONE_M01,0.69,20.3,-15.2,0.6
2024-01-17 21:00:00,ZONE_M02,0.69,20.4,-15.2,0.6
2024-01-17 21:00:00,ZONE_M03,0.69,20.1,-15.2,0.6
2024-01-17 21:00:00,ZONE_B01,0.69,20.1,-15.2,0.6
2024-01-17 21:00:00,ZONE_B02,0.69,19.6,-15.2,0.6
2024-01-17 22:00:00,ZONE_M01,0.52,19.5,-12.9,0.5
2024-01-17 22:00:00,ZONE_M02,0.52,19.6,-12.9,0.5
2024-01-17 22:00:00,ZONE_M03,0.52,18.6,-12.9,0.5
2024-01-17 22:00:00,ZONE_B01,0.52,19.1,-12.9,0.5
2024-01-17 22:00:00,ZONE_B02,0.52,19.1,-12.9,0.5
2024-01-17 23:00:00,ZONE_M01,0.17,18.8,-13.9,0.4
2024-01-17 23:00:00,ZONE_M02,0.17,18.9,-13.9,0.4
2024-01-17 23:00:00,ZONE_M03,0.17,17.8,-13.9,0.4
2024-01-17 23:00:00,ZONE_B01,0.17,19.6,-13.9,0.4
2024-01-17 23:00:00,ZONE_B02,0.17,18.2,-13.9,0.4
2024-01-18 00:00:00,ZONE_M01,0.23,18.6,-13.4,0.41
2024-01-18 00:00:00,ZONE_M02,0.23,19.4,-13.4,0.41
2024-01-18 00:00:00,ZONE_M03,0.23,18.8,-13.4,0.41
2024-01-18 00:00:00,ZONE_B01,0.23,18.6,-13.4,0.41
2024-01-18 00:00:00,ZONE_B02,0.23,18.2,-13.4,0.41
2024-01-18 01:00:00,ZONE_M01,0.16,18.3,-13.5,0.39
2024-01-18 01:00:00,ZONE_M02,0.16,18.7,-13.5,0.39
2024-01-18 01:00:00,ZONE_M03,0.16,18.3,-13.5,0.39
2024-01-18 01:00:00,ZONE_B01,0.16,17.5,-13.5,0.39
2024-01-18 01:00:00,ZONE_B02,0.16,17.8,-13.5,0.39
2024-01-18 02:00:00,ZONE_M01,0.09,18.1,-12.7,0.36
2024-01-18 02:00:00,ZONE_M02,0.09,18.8,-12.7,0.36
2024-01-18 02:00:00,ZONE_M03,0.09,18.3,-12.7,0.36
2024-01-18 02:00:00,ZONE_B01,0.09,17.7,-12.7,0.36
2024-01-18 02:00:00,ZONE_B02,0.09,18.2,-12.7,0.36
2024-01-18 03:00:00,ZONE_M01,0.08,18.2,-17.2,0.4
2024-01-18 03:00:00,ZONE_M02,0.08,17.6,-17.2,0.4
2024-01-18 03:00:00,ZONE_M03,0.08,18.1,-17.2,0.4
2024-01-18 03:00:00,ZONE_B01,0.08,17.5,-17.2,0.4
2024-01-18 03:00:00,ZONE_B02,0.08,18.0,-17.2,0.4
2024-01-18 04:00:00,ZONE_M01,0.14,18.6,-15.6,0.41
2024-01-18 04:00:00,ZONE_M02,0.14,17.8,-15.6,0.41
2024-01-18 04:00:00,ZONE_M03,0.14,18.4,-15.6,0.41
2024-01-18 04:00:00,ZONE_B01,0.14,17.9,-15.6,0.41
2024-01-18 04:00:00,ZONE_B02,0.14,17.8,-15.6,0.41
2024-01-18 05:00:00,ZONE_M01,0.07,17.8,-12.8,0.35
2024-01-18 05:00:00,ZONE_M02,0.07,18.2,-12.8,0.35
2024-01-18 05:00:00,ZONE_M03,0.07,18.8,-12.8,0.35
2024-01-18 05:00:00,ZONE_B01,0.07,18.0,-12.8,0.35
2024-01-18 05:00:00,ZONE_B02,0.07,18.0,-12.8,0.35
2024-01-18 06:00:00,ZONE_M01,0.72,19.3,-13.8,0.58
2024-01-18 06:00:00,ZONE_M02,0.72,20.9,-13.8,0.58
2024-01-18 06:00:00,ZONE_M03,0.72,20.2,-13.8,0.58
2024-01-18 06:00:00,ZONE_B01,0.72,19.8,-13.8,0.58
2024-01-18 06:00:00,ZONE_B02,0.72,20.2,-13.8,0.58
2024-01-18 07:00:00,ZONE_M01,0.62,19.8,-15.1,0.57
2024-01-18 07:00:00,ZONE_M02,0.62,19.0,-15.1,0.57
2024-01-18 07:00:00,ZONE_M03,0.62,19.8,-15.1,0.57
2024-01-18 07:00:00,ZONE_B01,0.62,20.0,-15.1,0.57
2024-01-18 07:00:00,ZONE_B02,0.62,19.9,-15.1,0.57
2024-01-18 08:00:00,ZONE_M01,0.85,20.5,-12.9,0.61
2024-01-18 08:00:00,ZONE_M02,0.85,20.6,-12.9,0.61
2024-01-18 08:00:00,ZONE_M03,0.85,20.9,-12.9,0.61
2024-01-18 08:00:00,ZONE_B01,0.85,19.9,-12.9,0.61
2024-01-18 08:00:00,ZONE_B02,0.85,19.9,-12.9,0.61
2024-01-18 09:00:00,ZONE_M01,0.52,19.7,-16.0,0.55
2024-01-18 09:00:00,ZONE_M02,0.52,19.0,-16.0,0.55
2024-01-18 09:00:00,ZONE_M03,0.52,20.2,-16.0,0.55
2024-01-18 09:00:00,ZONE_B01,0.52,19.9,-16.0,0.55
2024-01-18 09:00:00,ZONE_B02,0.52,19.1,-16.0,0.55
2024-01-18 10:00:00,ZONE_M01,0.66,20.0,-13.5,0.56
2024-01-18 10:00:00,ZONE_M02,0.66,19.2,-13.5,0.56
2024-01-18 10:00:00,ZONE_M03,0.66,19.6,-13.5,0.56
2024-01-18 10:00:00,ZONE_B01,0.66,20.2,-13.5,0.56
2024-01-18 10:00:00,ZONE_B02,0.66,20.0,-13.5,0.56
2024-01-18 11:00:00,ZONE_M01,0.46,19.6,-13.1,0.48
2024-01-18 11:00:00,ZONE_M02,0.46,19.2,-13.1,0.48
2024-01-18 11:00:00,ZONE_M03,0.46,19.8,-13.1,0.48
2024-01-18 11:00:00,ZONE_B01,0.46,19.0,-13.1,0.48
2024-01-18 11:00:00,ZONE_B02,0.46,19.2,-13.1,0.48
2024-01-18 12:00:00,ZONE_M01,0.7,20.2,-15.9,0.61
2024-01-18 12:00:00,ZONE_M02,0.7,20.0,-15.9,0.61
2024-01-18 12:00:00,ZONE_M03,0.7,20.6,-15.9,0.61
2024-01-18 12:00:00,ZONE_B01,0.7,19.8,-15.9,0.61
2024-01-18 12:00:00,ZONE_B02,0.7,20.8,-15.9,0.61
2024-01-18 13:00:00,ZONE_M01,0.38,18.7,-13.3,0.46
2024-01-18 13:00:00,ZONE_M02,0.38,19.4,-13.3,0.46
2024-01-18 13:00:00,ZONE_M03,0.38,18.4,-13.3,0.46
2024-01-18 13:00:00,ZONE_B01,0.38,19.0,-13.3,0.46
2024-01-18 13:00:00,ZONE_B02,0.38,19.6,-13.3,0.46
2024-01-18 14:00:00,ZONE_M01,0.6,20.0,-14.5,0.55
2024-01-18 14:00:00,ZONE_M02,0.6,19.4,-14.5,0.55
2024-01-18 14:00:00,ZONE_M03,0.6,20.3,-14.5,0.55
2024-01-18 14:00:00,ZONE_B01,0.6,19.3,-14.5,0.55
2024-01-18 14:00:00,ZONE_B02,0.6,19.9,-14.5,0.55
2024-01-18 15:00:00,ZONE_M01,0.48,19.5,-14.6,0.51
2024-01-18 15:00:00,ZONE_M02,0.48,20.9,-14.6,0.51
2024-01-18 15:00:00,ZONE_M03,0.48,19.9,-14.6,0.51
2024-01-18 15:00:00,ZONE_B01,0.48,18.7,-14.6,0.51
2024-01-18 15:00:00,ZONE_B02,0.48,18.5,-14.6,0.51
2024-01-18 16:00:00,ZONE_M01,0.62,19.9,-14.1,0.55
2024-01-18 16:00:00,ZONE_M02,0.62,20.2,-14.1,0.55
2024-01-18 16:00:00,ZONE_M03,0.62,19.9,-14.1,0.55
2024-01-18 16:00:00,ZONE_B01,0.62,19.6,-14.1,0.55
2024-01-18 16:00:00,ZONE_B02,0.62,20.1,-14.1,0.55
2024-01-18 17:00:00,ZONE_M01,0.65,20.8,-16.8,0.61
2024-01-18 17:00:00,ZONE_M02,0.65,19.6,-16.8,0.61
2024-01-18 17:00:00,ZONE_M03,0.65,20.4,-16.8,0.61
2024-01-18 17:00:00,ZONE_B01,0.65,19.7,-16.8,0.61
2024-01-18 17:00:00,ZONE_B02,0.65,19.6,-16.8,0.61
2024-01-18 18:00:00,ZONE_M01,0.35,18.2,-15.9,0.48
2024-01-18 18:00:00,ZONE_M02,0.35,19.7,-15.9,0.48
2024-01-18 18:00:00,ZONE_M03,0.35,17.8,-15.9,0.48
2024-01-18 18:00:00,ZONE_B01,0.35,19.0,-15.9,0.48
2024-01-18 18:00:00,ZONE_B02,0.35,19.6,-15.9,0.48
2024-01-18 19:00:00,ZONE_M01,0.59,19.4,-18.6,0.61
2024-01-18 19:00:00,ZONE_M02,0.59,19.6,-18.6,0.61
2024-01-18 19:00:00,ZONE_M03,0.59,19.1,-18.6,0.61
2024-01-18 19:00:00,ZONE_B01,0.59,19.6,-18.6,0.61
2024-01-18 19:00:00,ZONE_B02,0.59,19.9,-18.6,0.61
2024-01-18 20:00:00,ZONE_M01,0.57,20.0,-16.3,0.57
2024-01-18 20:00:00,ZONE_M02,0.57,19.9,-16.3,0.57
2024-01-18 20:00:00,ZONE_M03,0.57,19.5,-16.3,0.57
2024-01-18 20:00:00,ZONE_B01,0.57,20.5,-16.3,0.57
2024-01-18 20:00:00,ZONE_B02,0.57,20.8,-16.3,0.57
2024-01-18 21:00:00,ZONE_M01,0.34,19.8,-14.0,0.46
2024-01-18 21:00:00,ZONE_M02,0.34,19.3,-14.0,0.46
2024-01-18 21:00:00,ZONE_M03,0.34,18.8,-14.0,0.46
2024-01-18 21:00:00,ZONE_B01,0.34,18.9,-14.0,0.46
2024-01-18 21:00:00,ZONE_B02,0.34,20.2,-14.0,0.46
2024-01-18 22:00:00,ZONE_M01,0.58,20.1,-14.1,0.54
2024-01-18 22:00:00,ZONE_M02,0.58,19.9,-14.1,0.54
2024-01-18 22:00:00,ZONE_M03,0.58,19.9,-14.1,0.54
2024-01-18 22:00:00,ZONE_B01,0.58,19.9,-14.1,0.54
2024-01-18 22:00:00,ZONE_B02,0.58,20.0,-14.1,0.54
2024-01-18 23:00:00,ZONE_M01,0.1,18.2,-11.9,0.35
2024-01-18 23:00:00,ZONE_M02,0.1,18.3,-11.9,0.35
2024-01-18 23:00:00,ZONE_M03,0.1,18.3,-11.9,0.35
2024-01-18 23:00:00,ZONE_B01,0.1,18.1,-11.9,0.35
2024-01-18 23:00:00,ZONE_B02,0.1,18.0,-11.9,0.35
2024-01-19 00:00:00,ZONE_M01,0.02,17.4,-11.3,0.32
2024-01-19 00:00:00,ZONE_M02,0.02,18.7,-11.3,0.32
2024-01-19 00:00:00,ZONE_M03,0.02,18.3,-11.3,0.32
2024-01-19 00:00:00,ZONE_B01,0.02,18.2,-11.3,0.32
2024-01-19 00:00:00,ZONE_B02,0.02,17.8,-11.3,0.32
2024-01-19 01:00:00,ZONE_M01,0.25,18.8,-13.5,0.42
2024-01-19 01:00:00,ZONE_M02,0.25,18.6,-13.5,0.42
2024-01-19 01:00:00,ZONE_M03,0.25,18.5,-13.5,0.42
2024-01-19 01:00:00,ZONE_B01,0.25,18.5,-13.5,0.42
2024-01-19 01:00:00,ZONE_B02,0.25,17.5,-13.5,0.42
2024-01-19 02:00:00,ZONE_M01,0.22,18.5,-15.1,0.43
2024-01-19 02:00:00,ZONE_M02,0.22,17.9,-15.1,0.43
2024-01-19 02:00:00,ZONE_M03,0.22,17.9,-15.1,0.43
2024-01-19 02:00:00,ZONE_B01,0.22,20.0,-15.1,0.43
2024-01-19 02:00:00,ZONE_B02,0.22,19.0,-15.1,0.43
2024-01-19 03:00:00,ZONE_M01,0.14,18.4,-14.6,0.39
2024-01-19 03:00:00,ZONE_M02,0.14,18.4,-14.6,0.39
2024-01-19 03:00:00,ZONE_M03,0.14,18.2,-14.6,0.39
2024-01-19 03:00:00,ZONE_B01,0.14,18.3,-14.6,0.39
2024-01-19 03:00:00,ZONE_B02,0.14,18.0,-14.6,0.39
2024-01-19 04:00:00,ZONE_M01,0.09,17.9,-16.4,0.4
2024-01-19 04:00:00,ZONE_M02,0.09,18.1,-16.4,0.4
2024-01-19 04:00:00,ZONE_M03,0.09,17.7,-16.4,0.4
2024-01-19 04:00:00,ZONE_B01,0.09,17.4,-16.4,0.4
2024-01-19 04:00:00,ZONE_B02,0.09,17.8,-16.4,0.4
2024-01-19 05:00:00,ZONE_M01,0.18,18.6,-17.0,0.44
2024-01-19 05:00:00,ZONE_M02,0.18,18.3,-17.0,0.44
2024-01-19 05:00:00,ZONE_M03,0.18,18.4,-17.0,0.44
2024-01-19 05:00:00,ZONE_B01,0.18,18.1,-17.0,0.44
2024-01-19 05:00:00,ZONE_B02,0.18,19.6,-17.0,0.44
2024-01-19 06:00:00,ZONE_M01,0.57,19.8,-16.5,0.57
2024-01-19 06:00:00,ZONE_M02,0.57,20.3,-16.5,0.57
2024-01-19 06:00:00,ZONE_M03,0.57,19.8,-16.5,0.57
2024-01-19 06:00:00,ZONE_B01,0.57,20.5,-16.5,0.57
2024-01-19 06:00:00,ZONE_B02,0.57,20.0,-16.5,0.57
2024-01-19 07:00:00,ZONE_M01,0.7,20.3,-13.9,0.57
2024-01-19 07:00:00,ZONE_M02,0.7,19.9,-13.9,0.57
2024-01-19 07:00:00,ZONE_M03,0.7,20.0,-13.9,0.57
2024-01-19 07:00:00,ZONE_B01,0.7,19.9,-13.9,0.57
2024-01-19 07:00:00,ZONE_B02,0.7,20.3,-13.9,0.57
2024-01-19 08:00:00,ZONE_M01,0.53,20.0,-15.7,0.54
2024-01-19 08:00:00,ZONE_M02,0.53,20.0,-15.7,0.54
2024-01-19 08:00:00,ZONE_M03,0.53,19.8,-15.7,0.54
2024-01-19 08:00:00,ZONE_B01,0.53,19.7,-15.7,0.54
2024-01-19 08:00:00,ZONE_B02,0.53,19.6,-15.7,0.54
2024-01-19 09:00:00,ZONE_M01,0.6,20.4,-18.7,0.62
2024-01-19 09:00:00,ZONE_M02,0.6,19.3,-18.7,0.62
2024-01-19 09:00:00,ZONE_M03,0.6,20.0,-18.7,0.62
2024-01-19 09:00:00,ZONE_B01,0.6,19.9,-18.7,0.62
2024-01-19 09:00:00,ZONE_B02,0.6,20.2,-18.7,0.62
2024-01-19 10:00:00,ZONE_M01,0.7,20.3,-11.8,0.54
2024-01-19 10:00:00,ZONE_M02,0.7,19.1,-11.8,0.54
2024-01-19 10:00:00,ZONE_M03,0.7,19.6,-11.8,0.54
2024-01-19 10:00:00,ZONE_B01,0.7,20.2,-11.8,0.54
2024-01-19 10:00:00,ZONE_B02,0.7,20.2,-11.8,0.54
2024-01-19 11:00:00,ZONE_M01,0.65,19.2,-12.5,0.53
2024-01-19 11:00:00,ZONE_M02,0.65,20.4,-12.5,0.53
2024-01-19 11:00:00,ZONE_M03,0.65,20.3,-12.5,0.53
2024-01-19 11:00:00,ZONE_B01,0.65,19.3,-12.5,0.53
2024-01-19 11:00:00,ZONE_B02,0.65,19.5,-12.5,0.53
2024-01-19 12:00:00,ZONE_M01,0.56,19.4,-14.9,0.54
2024-01-19 12:00:00,ZONE_M02,0.56,19.6,-14.9,0.54
2024-01-19 12:00:00,ZONE_M03,0.56,19.3,-14.9,0.54
2024-01-19 12:00:00,ZONE_B01,0.56,19.4,-14.9,0.54
2024-01-19 12:00:00,ZONE_B02,0.56,19.2,-14.9,0.54
2024-01-19 13:00:00,ZONE_M01,0.65,20.9,-18.3,0.63
2024-01-19 13:00:00,ZONE_M02,0.65,20.0,-18.3,0.63
2024-01-19 13:00:00,ZONE_M03,0.65,19.5,-18.3,0.63
2024-01-19 13:00:00,ZONE_B01,0.65,20.0,-18.3,0.63
2024-01-19 13:00:00,ZONE_B02,0.65,20.5,-18.3,0.63
2024-01-19 14:00:00,ZONE_M01,0.71,20.1,-16.9,0.63
2024-01-19 14:00:00,ZONE_M02,0.71,20.6,-16.9,0.63
2024-01-19 14:00:00,ZONE_M03,0.71,20.0,-16.9,0.63
2024-01-19 14:00:00,ZONE_B01,0.71,20.2,-16.9,0.63
2024-01-19 14:00:00,ZONE_B02,0.71,19.9,-16.9,0.63
2024-01-19 15:00:00,ZONE_M01,0.7,21.3,-13.4,0.57
2024-01-19 15:00:00,ZONE_M02,0.7,20.0,-13.4,0.57
2024-01-19 15:00:00,ZONE_M03,0.7,20.1,-13.4,0.57
2024-01-19 15:00:00,ZONE_B01,0.7,20.1,-13.4,0.57
2024-01-19 15:00:00,ZONE_B02,0.7,20.2,-13.4,0.57
2024-01-19 16:00:00,ZONE_M01,0.86,20.4,-14.0,0.63
2024-01-19 16:00:00,ZONE_M02,0.86,20.8,-14.0,0.63
2024-01-19 16:00:00,ZONE_M03,0.86,20.8,-14.0,0.63
2024-01-19 16:00:00,ZONE_B01,0.86,20.0,-14.0,0.63
2024-01-19 16:00:00,ZONE_B02,0.86,20.6,-14.0,0.63
2024-01-19 17:00:00,ZONE_M01,0.8,21.3,-17.1,0.67
2024-01-19 17:00:00,ZONE_M02,0.8,19.5,-17.1,0.67
2024-01-19 17:00:00,ZONE_M03,0.8,19.9,-17.1,0.67
2024-01-19 17:00:00,ZONE_B01,0.8,20.0,-17.1,0.67
2024-01-19 17:00:00,ZONE_B02,0.8,20.1,-17.1,0.67
2024-01-19 18:00:00,ZONE_M01,0.72,21.1,-14.0,0.58
2024-01-19 18:00:00,ZONE_M02,0.72,20.4,-14.0,0.58
2024-01-19 18:00:00,ZONE_M03,0.72,20.5,-14.0,0.58
2024-01-19 18:00:00,ZONE_B01,0.72,20.9,-14.0,0.58
2024-01-19 18:00:00,ZONE_B02,0.72,19.8,-14.0,0.58
2024-01-19 19:00:00,ZONE_M01,0.65,20.6,-14.4,0.57
2024-01-19 19:00:00,ZONE_M02,0.65,19.6,-14.4,0.57
2024-01-19 19:00:00,ZONE_M03,0.65,20.3,-14.4,0.57
2024-01-19 19:00:00,ZONE_B01,0.65,20.1,-14.4,0.57
2024-01-19 19:00:00,ZONE_B02,0.65,19.8,-14.4,0.57
2024-01-19 20:00:00,ZONE_M01,0.58,20.0,-15.8,0.57
2024-01-19 20:00:00,ZONE_M02,0.58,21.0,-15.8,0.57
2024-01-19 20:00:00,ZONE_M03,0.58,20.1,-15.8,0.57
2024-01-19 20:00:00,ZONE_B01,0.58,20.4,-15.8,0.57
2024-01-19 20:00:00,ZONE_B02,0.58,19.4,-15.8,0.57
2024-01-19 21:00:00,ZONE_M01,0.58,20.5,-15.6,0.56
2024-01-19 21:00:00,ZONE_M02,0.58,19.9,-15.6,0.56
2024-01-19 21:00:00,ZONE_M03,0.58,19.7,-15.6,0.56
2024-01-19 21:00:00,ZONE_B01,0.58,19.7,-15.6,0.56
2024-01-19 21:00:00,ZONE_B02,0.58,19.9,-15.6,0.56
2024-01-19 22:00:00,ZONE_M01,0.63,20.3,-16.7,0.6
2024-01-19 22:00:00,ZONE_M02,0.63,19.9,-16.7,0.6
2024-01-19 22:00:00,ZONE_M03,0.63,18.8,-16.7,0.6
2024-01-19 22:00:00,ZONE_B01,0.63,19.0,-16.7,0.6
2024-01-19 22:00:00,ZONE_B02,0.63,20.6,-16.7,0.6
2024-01-19 23:00:00,ZONE_M01,0.1,17.4,-13.8,0.37
2024-01-19 23:00:00,ZONE_M02,0.1,18.3,-13.8,0.37
2024-01-19 23:00:00,ZONE_M03,0.1,18.6,-13.8,0.37
2024-01-19 23:00:00,ZONE_B01,0.1,18.3,-13.8,0.37
2024-01-19 23:00:00,ZONE_B02,0.1,17.6,-13.8,0.37
2024-01-20 00:00:00,ZONE_M01,0.21,18.9,-13.4,0.4
2024-01-20 00:00:00,ZONE_M02,0.21,19.1,-13.4,0.4
2024-01-20 00:00:00,ZONE_M03,0.21,19.3,-13.4,0.4
2024-01-20 00:00:00,ZONE_B01,0.21,18.4,-13.4,0.4
2024-01-20 00:00:00,ZONE_B02,0.21,19.1,-13.4,0.4
2024-01-20 01:00:00,ZONE_M01,0.16,18.5,-13.8,0.39
2024-01-20 01:00:00,ZONE_M02,0.16,18.9,-13.8,0.39
2024-01-20 01:00:00,ZONE_M03,0.16,19.3,-13.8,0.39
2024-01-20 01:00:00,ZONE_B01,0.16,17.8,-13.8,0.39
2024-01-20 01:00:00,ZONE_B02,0.16,18.1,-13.8,0.39
2024-01-20 02:00:00,ZONE_M01,0.11,18.2,-17.3,0.41
2024-01-20 02:00:00,ZONE_M02,0.11,18.3,-17.3,0.41
2024-01-20 02:00:00,ZONE_M03,0.11,17.9,-17.3,0.41
2024-01-20 02:00:00,ZONE_B01,0.11,18.6,-17.3,0.41
2024-01-20 02:00:00,ZONE_B02,0.11,17.3,-17.3,0.41
2024-01-20 03:00:00,ZONE_M01,0.14,18.5,-15.1,0.4
2024-01-20 03:00:00,ZONE_M02,0.14,18.0,-15.1,0.4
2024-01-20 03:00:00,ZONE_M03,0.14,18.1,-15.1,0.4
2024-01-20 03:00:00,ZONE_B01,0.14,17.9,-15.1,0.4
2024-01-20 03:00:00,ZONE_B02,0.14,18.7,-15.1,0.4
2024-01-20 04:00:00,ZONE_M01,0.28,18.1,-15.9,0.46
2024-01-20 04:00:00,ZONE_M02,0.28,19.2,-15.9,0.46
2024-01-20 04:00:00,ZONE_M03,0.28,18.4,-15.9,0.46
2024-01-20 04:00:00,ZONE_B01,0.28,18.3,-15.9,0.46
2024-01-20 04:00:00,ZONE_B02,0.28,18.5,-15.9,0.46
2024-01-20 05:00:00,ZONE_M01,0.16,18.6,-11.5,0.37
2024-01-20 05:00:00,ZONE_M02,0.16,19.1,-11.5,0.37
2024-01-20 05:00:00,ZONE_M03,0.16,18.2,-11.5,0.37
2024-01-20 05:00:00,ZONE_B01,0.16,18.5,-11.5,0.37
2024-01-20 05:00:00,ZONE_B02,0.16,19.5,-11.5,0.37
2024-01-20 06:00:00,ZONE_M01,0.77,20.6,-15.3,0.62
2024-01-20 06:00:00,ZONE_M02,0.77,19.9,-15.3,0.62
2024-01-20 06:00:00,ZONE_M03,0.77,19.9,-15.3,0.62
2024-01-20 06:00:00,ZONE_B01,0.77,20.5,-15.3,0.62
2024-01-20 06:00:00,ZONE_B02,0.77,19.9,-15.3,0.62
2024-01-20 07:00:00,ZONE_M01,0.71,20.5,-16.1,0.62
2024-01-20 07:00:00,ZONE_M02,0.71,19.9,-16.1,0.62
2024-01-20 07:00:00,ZONE_M03,0.71,20.1,-16.1,0.62
2024-01-20 07:00:00,ZONE_B01,0.71,20.3,-16.1,0.62
2024-01-20 07:00:00,ZONE_B02,0.71,20.9,-16.1,0.62
2024-01-20 08:00:00,ZONE_M01,0.68,20.1,-15.5,0.6
2024-01-20 08:00:00,ZONE_M02,0.68,20.4,-15.5,0.6
2024-01-20 08:00:00,ZONE_M03,0.68,20.6,-15.5,0.6
2024-01-20 08:00:00,ZONE_B01,0.68,20.4,-15.5,0.6
2024-01-20 08:00:00,ZONE_B02,0.68,21.0,-15.5,0.6
2024-01-20 09:00:00,ZONE_M01,0.77,20.2,-15.1,0.62
2024-01-20 09:00:00,ZONE_M02,0.77,20.1,-15.1,0.62
2024-01-20 09:00:00,ZONE_M03,0.77,20.0,-15.1,0.62
2024-01-20 09:00:00,ZONE_B01,0.77,21.0,-15.1,0.62
2024-01-20 09:00:00,ZONE_B02,0.77,21.2,-15.1,0.62
2024-01-20 10:00:00,ZONE_M01,0.7,20.0,-16.2,0.61
2024-01-20 10:00:00,ZONE_M02,0.7,20.5,-16.2,0.61
2024-01-20 10:00:00,ZONE_M03,0.7,20.1,-16.2,0.61
2024-01-20 10:00:00,ZONE_B01,0.7,20.2,-16.2,0.61
2024-01-20 10:00:00,ZONE_B02,0.7,19.0,-16.2,0.61
2024-01-20 11:00:00,ZONE_M01,0.47,19.9,-15.0,0.51
2024-01-20 11:00:00,ZONE_M02,0.47,19.5,-15.0,0.51
2024-01-20 11:00:00,ZONE_M03,0.47,19.5,-15.0,0.51
2024-01-20 11:00:00,ZONE_B01,0.47,19.8,-15.0,0.51
2024-01-20 11:00:00,ZONE_B02,0.47,19.4,-15.0,0.51
2024-01-20 12:00:00,ZONE_M01,0.53,18.1,-14.2,0.52
2024-01-20 12:00:00,ZONE_M02,0.53,19.2,-14.2,0.52
2024-01-20 12:00:00,ZONE_M03,0.53,19.4,-14.2,0.52
2024-01-20 12:00:00,ZONE_B01,0.53,20.0,-14.2,0.52
2024-01-20 12:00:00,ZONE_B02,0.53,19.7,-14.2,0.52
2024-01-20 13:00:00,ZONE_M01,1.0,21.7,-15.4,0.71
2024-01-20 13:00:00,ZONE_M02,1.0,20.4,-15.4,0.71
2024-01-20 13:00:00,ZONE_M03,1.0,20.9,-15.4,0.71
2024-01-20 13:00:00,ZONE_B01,1.0,21.2,-15.4,0.71
2024-01-20 13:00:00,ZONE_B02,1.0,21.5,-15.4,0.71
2024-01-20 14:00:00,ZONE_M01,0.56,19.9,-16.1,0.56
2024-01-20 14:00:00,ZONE_M02,0.56,20.6,-16.1,0.56
2024-01-20 14:00:00,ZONE_M03,0.56,19.7,-16.1,0.56
2024-01-20 14:00:00,ZONE_B01,0.56,19.8,-16.1,0.56
2024-01-20 14:00:00,ZONE_B02,0.56,19.1,-16.1,0.56
2024-01-20 15:00:00,ZONE_M01,0.52,19.3,-15.8,0.54
2024-01-20 15:00:00,ZONE_M02,0.52,18.5,-15.8,0.54
2024-01-20 15:00:00,ZONE_M03,0.52,19.8,-15.8,0.54
2024-01-20 15:00:00,ZONE_B01,0.52,19.3,-15.8,0.54
2024-01-20 15:00:00,ZONE_B02,0.52,19.5,-15.8,0.54
2024-01-20 16:00:00,ZONE_M01,0.51,19.0,-13.2,0.5
2024-01-20 16:00:00,ZONE_M02,0.51,20.3,-13.2,0.5
2024-01-20 16:00:00,ZONE_M03,0.51,19.4,-13.2,0.5
2024-01-20 16:00:00,ZONE_B01,0.51,18.8,-13.2,0.5
2024-01-20 16:00:00,ZONE_B02,0.51,19.4,-13.2,0.5
2024-01-20 17:00:00,ZONE_M01,0.69,20.2,-12.4,0.55
2024-01-20 17:00:00,ZONE_M02,0.69,19.4,-12.4,0.55
2024-01-20 17:00:00,ZONE_M03,0.69,20.8,-12.4,0.55
2024-01-20 17:00:00,ZONE_B01,0.69,19.9,-12.4,0.55
2024-01-20 17:00:00,ZONE_B02,0.69,20.3,-12.4,0.55
2024-01-20 18:00:00,ZONE_M01,0.46,19.2,-14.9,0.51
2024-01-20 18:00:00,ZONE_M02,0.46,18.7,-14.9,0.51
2024-01-20 18:00:00,ZONE_M03,0.46,19.8,-14.9,0.51
2024-01-20 18:00:00,ZONE_B01,0.46,19.5,-14.9,0.51
2024-01-20 18:00:00,ZONE_B02,0.46,19.4,-14.9,0.51
2024-01-20 19:00:00,ZONE_M01,0.69,20.4,-13.2,0.56
2024-01-20 19:00:00,ZONE_M02,0.69,19.0,-13.2,0.56
2024-01-20 19:00:00,ZONE_M03,0.69,19.6,-13.2,0.56
2024-01-20 19:00:00,ZONE_B01,0.69,20.5,-13.2,0.56
2024-01-20 19:00:00,ZONE_B02,0.69,21.3,-13.2,0.56
2024-01-20 20:00:00,ZONE_M01,0.9,21.0,-17.6,0.71
2024-01-20 20:00:00,ZONE_M02,0.9,20.4,-17.6,0.71
2024-01-20 20:00:00,ZONE_M03,0.9,20.9,-17.6,0.71
2024-01-20 20:00:00,ZONE_B01,0.9,20.7,-17.6,0.71
2024-01-20 20:00:00,ZONE_B02,0.9,20.5,-17.6,0.71
2024-01-20 21:00:00,ZONE_M01,0.49,19.6,-12.3,0.48
2024-01-20 21:00:00,ZONE_M02,0.49,19.8,-12.3,0.48
2024-01-20 21:00:00,ZONE_M03,0.49,20.2,-12.3,0.48
2024-01-20 21:00:00,ZONE_B01,0.49,19.8,-12.3,0.48
2024-01-20 21:00:00,ZONE_B02,0.49,20.1,-12.3,0.48
2024-01-20 22:00:00,ZONE_M01,0.49,19.3,-17.1,0.55
2024-01-20 22:00:00,ZONE_M02,0.49,19.0,-17.1,0.55
2024-01-20 22:00:00,ZONE_M03,0.49,18.7,-17.1,0.55
2024-01-20 22:00:00,ZONE_B01,0.49,19.1,-17.1,0.55
2024-01-20 22:00:00,ZONE_B02,0.49,19.5,-17.1,0.55
2024-01-20 23:00:00,ZONE_M01,0.06,18.0,-17.8,0.4
2024-01-20 23:00:00,ZONE_M02,0.06,19.1,-17.8,0.4
2024-01-20 23:00:00,ZONE_M03,0.06,18.4,-17.8,0.4
2024-01-20 23:00:00,ZONE_B01,0.06,18.9,-17.8,0.4
2024-01-20 23:00:00,ZONE_B02,0.06,18.2,-17.8,0.4
2024-01-21 00:00:00,ZONE_M01,0.1,18.7,-16.7,0.4
2024-01-21 00:00:00,ZONE_M02,0.1,17.9,-16.7,0.4
2024-01-21 00:00:00,ZONE_M03,0.1,18.5,-16.7,0.4
2024-01-21 00:00:00,ZONE_B01,0.1,18.8,-16.7,0.4
2024-01-21 00:00:00,ZONE_B02,0.1,18.2,-16.7,0.4
2024-01-21 01:00:00,ZONE_M01,0.31,19.1,-16.9,0.49
2024-01-21 01:00:00,ZONE_M02,0.31,19.6,-16.9,0.49
2024-01-21 01:00:00,ZONE_M03,0.31,19.0,-16.9,0.49
2024-01-21 01:00:00,ZONE_B01,0.31,18.6,-16.9,0.49
2024-01-21 01:00:00,ZONE_B02,0.31,19.2,-16.9,0.49
2024-01-21 02:00:00,ZONE_M01,0.3,18.9,-15.3,0.46
2024-01-21 02:00:00,ZONE_M02,0.3,18.8,-15.3,0.46
2024-01-21 02:00:00,ZONE_M03,0.3,18.9,-15.3,0.46
2024-01-21 02:00:00,ZONE_B01,0.3,19.3,-15.3,0.46
2024-01-21 02:00:00,ZONE_B02,0.3,19.3,-15.3,0.46
2024-01-21 03:00:00,ZONE_M01,0.25,19.6,-17.8,0.47
2024-01-21 03:00:00,ZONE_M02,0.25,18.5,-17.8,0.47
2024-01-21 03:00:00,ZONE_M03,0.25,18.7,-17.8,0.47
2024-01-21 03:00:00,ZONE_B01,0.25,18.6,-17.8,0.47
2024-01-21 03:00:00,ZONE_B02,0.25,18.5,-17.8,0.47
2024-01-21 04:00:00,ZONE_M01,0.2,19.4,-14.0,0.41
2024-01-21 04:00:00,ZONE_M02,0.2,18.2,-14.0,0.41
2024-01-21 04:00:00,ZONE_M03,0.2,18.1,-14.0,0.41
2024-01-21 04:00:00,ZONE_B01,0.2,19.0,-14.0,0.41
2024-01-21 04:00:00,ZONE_B02,0.2,18.4,-14.0,0.41
2024-01-21 05:00:00,ZONE_M01,0.12,18.5,-17.4,0.42
2024-01-21 05:00:00,ZONE_M02,0.12,17.7,-17.4,0.42
2024-01-21 05:00:00,ZONE_M03,0.12,18.1,-17.4,0.42
2024-01-21 05:00:00,ZONE_B01,0.12,18.4,-17.4,0.42
2024-01-21 05:00:00,ZONE_B02,0.12,19.2,-17.4,0.42
2024-01-21 06:00:00,ZONE_M01,0.87,20.2,-17.6,0.7
2024-01-21 06:00:00,ZONE_M02,0.87,20.3,-17.6,0.7
2024-01-21 06:00:00,ZONE_M03,0.87,21.3,-17.6,0.7
2024-01-21 06:00:00,ZONE_B01,0.87,20.1,-17.6,0.7
2024-01-21 06:00:00,ZONE_B02,0.87,20.5,-17.6,0.7
2024-01-21 07:00:00,ZONE_M01,0.59,20.5,-16.1,0.58
2024-01-21 07:00:00,ZONE_M02,0.59,19.3,-16.1,0.58
2024-01-21 07:00:00,ZONE_M03,0.59,20.1,-16.1,0.58
2024-01-21 07:00:00,ZONE_B01,0.59,19.8,-16.1,0.58
2024-01-21 07:00:00,ZONE_B02,0.59,20.0,-16.1,0.58
2024-01-21 08:00:00,ZONE_M01,0.56,20.4,-16.4,0.57
2024-01-21 08:00:00,ZONE_M02,0.56,19.2,-16.4,0.57
2024-01-21 08:00:00,ZONE_M03,0.56,20.1,-16.4,0.57
2024-01-21 08:00:00,ZONE_B01,0.56,18.1,-16.4,0.57
2024-01-21 08:00:00,ZONE_B02,0.56,19.6,-16.4,0.57
2024-01-21 09:00:00,ZONE_M01,0.98,21.1,-19.4,0.78
2024-01-21 09:00:00,ZONE_M02,0.98,21.3,-19.4,0.78
2024-01-21 09:00:00,ZONE_M03,0.98,21.1,-19.4,0.78
2024-01-21 09:00:00,ZONE_B01,0.98,20.9,-19.4,0.78
2024-01-21 09:00:00,ZONE_B02,0.98,20.2,-19.4,0.78
2024-01-21 10:00:00,ZONE_M01,0.63,20.0,-17.2,0.6
2024-01-21 10:00:00,ZONE_M02,0.63,19.5,-17.2,0.6
2024-01-21 10:00:00,ZONE_M03,0.63,19.7,-17.2,0.6
2024-01-21 10:00:00,ZONE_B01,0.63,19.3,-17.2,0.6
2024-01-21 10:00:00,ZONE_B02,0.63,19.3,-17.2,0.6
2024-01-21 11:00:00,ZONE_M01,0.87,21.4,-13.9,0.64
2024-01-21 11:00:00,ZONE_M02,0.87,20.6,-13.9,0.64
2024-01-21 11:00:00,ZONE_M03,0.87,20.3,-13.9,0.64
2024-01-21 11:00:00,ZONE_B01,0.87,20.1,-13.9,0.64
2024-01-21 11:00:00,ZONE_B02,0.87,21.3,-13.9,0.64
2024-01-21 12:00:00,ZONE_M01,0.58,18.7,-15.2,0.56
2024-01-21 12:00:00,ZONE_M02,0.58,20.0,-15.2,0.56
2024-01-21 12:00:00,ZONE_M03,0.58,19.7,-15.2,0.56
2024-01-21 12:00:00,ZONE_B01,0.58,20.2,-15.2,0.56
2024-01-21 12:00:00,ZONE_B02,0.58,19.8,-15.2,0.56
2024-01-21 13:00:00,ZONE_M01,0.78,20.9,-15.9,0.64
2024-01-21 13:00:00,ZONE_M02,0.78,20.4,-15.9,0.64
2024-01-21 13:00:00,ZONE_M03,0.78,19.9,-15.9,0.64
2024-01-21 13:00:00,ZONE_B01,0.78,20.5,-15.9,0.64
2024-01-21 13:00:00,ZONE_B02,0.78,21.1,-15.9,0.64
2024-01-21 14:00:00,ZONE_M01,0.75,20.3,-14.4,0.6
2024-01-21 14:00:00,ZONE_M02,0.75,21.0,-14.4,0.6
2024-01-21 14:00:00,ZONE_M03,0.75,20.7,-14.4,0.6
2024-01-21 14:00:00,ZONE_B01,0.75,20.0,-14.4,0.6
2024-01-21 14:00:00,ZONE_B02,0.75,19.9,-14.4,0.6
2024-01-21 15:00:00,ZONE_M01,0.63,20.4,-16.2,0.59
2024-01-21 15:00:00,ZONE_M02,0.63,20.3,-16.2,0.59
2024-01-21 15:00:00,ZONE_M03,0.63,21.0,-16.2,0.59
2024-01-21 15:00:00,ZONE_B01,0.63,19.8,-16.2,0.59
2024-01-21 15:00:00,ZONE_B02,0.63,19.8,-16.2,0.59
2024-01-21 16:00:00,ZONE_M01,0.5,19.6,-14.3,0.52
2024-01-21 16:00:00,ZONE_M02,0.5,19.6,-14.3,0.52
2024-01-21 16:00:00,ZONE_M03,0.5,20.1,-14.3,0.52
2024-01-21 16:00:00,ZONE_B01,0.5,19.8,-14.3,0.52
2024-01-21 16:00:00,ZONE_B02,0.5,20.2,-14.3,0.52
2024-01-21 17:00:00,ZONE_M01,0.6,20.0,-14.6,0.55
2024-01-21 17:00:00,ZONE_M02,0.6,20.3,-14.6,0.55
2024-01-21 17:00:00,ZONE_M03,0.6,20.2,-14.6,0.55
2024-01-21 17:00:00,ZONE_B01,0.6,20.3,-14.6,0.55
2024-01-21 17:00:00,ZONE_B02,0.6,19.9,-14.6,0.55
2024-01-21 18:00:00,ZONE_M01,0.72,20.2,-13.2,0.57
2024-01-21 18:00:00,ZONE_M02,0.72,20.1,-13.2,0.57
2024-01-21 18:00:00,ZONE_M03,0.72,19.4,-13.2,0.57
2024-01-21 18:00:00,ZONE_B01,0.72,20.3,-13.2,0.57
2024-01-21 18:00:00,ZONE_B02,0.72,19.7,-13.2,0.57
2024-01-21 19:00:00,ZONE_M01,0.52,19.0,-16.4,0.55
2024-01-21 19:00:00,ZONE_M02,0.52,19.8,-16.4,0.55
2024-01-21 19:00:00,ZONE_M03,0.52,19.1,-16.4,0.55
2024-01-21 19:00:00,ZONE_B01,0.52,19.7,-16.4,0.55
2024-01-21 19:00:00,ZONE_B02,0.52,20.0,-16.4,0.55
2024-01-21 20:00:00,ZONE_M01,0.78,21.5,-14.6,0.62
2024-01-21 20:00:00,ZONE_M02,0.78,20.4,-14.6,0.62
2024-01-21 20:00:00,ZONE_M03,0.78,19.2,-14.6,0.62
2024-01-21 20:00:00,ZONE_B01,0.78,20.3,-14.6,0.62
2024-01-21 20:00:00,ZONE_B02,0.78,19.3,-14.6,0.62
2024-01-21 21:00:00,ZONE_M01,0.56,19.8,-16.1,0.56
2024-01-21 21:00:00,ZONE_M02,0.56,18.9,-16.1,0.56
2024-01-21 21:00:00,ZONE_M03,0.56,19.9,-16.1,0.56
2024-01-21 21:00:00,ZONE_B01,0.56,19.2,-16.1,0.56
2024-01-21 21:00:00,ZONE_B02,0.56,19.6,-16.1,0.56
2024-01-21 22:00:00,ZONE_M01,0.8,20.6,-14.1,0.61
2024-01-21 22:00:00,ZONE_M02,0.8,20.2,-14.1,0.61
2024-01-21 22:00:00,ZONE_M03,0.8,21.1,-14.1,0.61
2024-01-21 22:00:00,ZONE_B01,0.8,20.9,-14.1,0.61
2024-01-21 22:00:00,ZONE_B02,0.8,20.0,-14.1,0.61
2024-01-21 23:00:00,ZONE_M01,0.35,17.8,-13.0,0.45
2024-01-21 23:00:00,ZONE_M02,0.35,18.6,-13.0,0.45
2024-01-21 23:00:00,ZONE_M03,0.35,18.8,-13.0,0.45
2024-01-21 23:00:00,ZONE_B01,0.35,19.1,-13.0,0.45
2024-01-21 23:00:00,ZONE_B02,0.35,18.8,-13.0,0.45
2024-01-22 00:00:00,ZONE_M01,0.22,19.0,-14.8,0.42
2024-01-22 00:00:00,ZONE_M02,0.22,19.3,-14.8,0.42
2024-01-22 00:00:00,ZONE_M03,0.22,18.6,-14.8,0.42
2024-01-22 00:00:00,ZONE_B01,0.22,18.8,-14.8,0.42
2024-01-22 00:00:00,ZONE_B02,0.22,19.2,-14.8,0.42
2024-01-22 01:00:00,ZONE_M01,0.13,18.8,-12.1,0.36
2024-01-22 01:00:00,ZONE_M02,0.13,18.8,-12.1,0.36
2024-01-22 01:00:00,ZONE_M03,0.13,17.6,-12.1,0.36
2024-01-22 01:00:00,ZONE_B01,0.13,18.2,-12.1,0.36
2024-01-22 01:00:00,ZONE_B02,0.13,18.1,-12.1,0.36
2024-01-22 02:00:00,ZONE_M01,0.09,18.7,-14.2,0.37
2024-01-22 02:00:00,ZONE_M02,0.09,18.4,-14.2,0.37
2024-01-22 02:00:00,ZONE_M03,0.09,18.6,-14.2,0.37
2024-01-22 02:00:00,ZONE_B01,0.09,18.4,-14.2,0.37
2024-01-22 02:00:00,ZONE_B02,0.09,17.5,-14.2,0.37
2024-01-22 03:00:00,ZONE_M01,0.05,17.6,-13.9,0.36
2024-01-22 03:00:00,ZONE_M02,0.05,18.4,-13.9,0.36
2024-01-22 03:00:00,ZONE_M03,0.05,18.3,-13.9,0.36
2024-01-22 03:00:00,ZONE_B01,0.05,17.4,-13.9,0.36
2024-01-22 03:00:00,ZONE_B02,0.05,18.1,-13.9,0.36
2024-01-22 04:00:00,ZONE_M01,0.24,19.0,-16.7,0.45
2024-01-22 04:00:00,ZONE_M02,0.24,18.9,-16.7,0.45
2024-01-22 04:00:00,ZONE_M03,0.24,18.9,-16.7,0.45
2024-01-22 04:00:00,ZONE_B01,0.24,17.8,-16.7,0.45
2024-01-22 04:00:00,ZONE_B02,0.24,18.5,-16.7,0.45
2024-01-22 05:00:00,ZONE_M01,0.01,18.3,-12.3,0.33
2024-01-22 05:00:00,ZONE_M02,0.01,17.9,-12.3,0.33
2024-01-22 05:00:00,ZONE_M03,0.01,17.6,-12.3,0.33
2024-01-22 05:00:00,ZONE_B01,0.01,18.2,-12.3,0.33
2024-01-22 05:00:00,ZONE_B02,0.01,17.3,-12.3,0.33
2024-01-22 06:00:00,ZONE_M01,0.42,19.4,-15.8,0.51
2024-01-22 06:00:00,ZONE_M02,0.42,19.2,-15.8,0.51
2024-01-22 06:00:00,ZONE_M03,0.42,19.2,-15.8,0.51
2024-01-22 06:00:00,ZONE_B01,0.42,19.5,-15.8,0.51
2024-01-22 06:00:00,ZONE_B02,0.42,18.8,-15.8,0.51
2024-01-22 07:00:00,ZONE_M01,0.85,19.7,-17.6,0.69
2024-01-22 07:00:00,ZONE_M02,0.85,21.4,-17.6,0.69
2024-01-22 07:00:00,ZONE_M03,0.85,20.9,-17.6,0.69
2024-01-22 07:00:00,ZONE_B01,0.85,20.6,-17.6,0.69
2024-01-22 07:00:00,ZONE_B02,0.85,21.6,-17.6,0.69
2024-01-22 08:00:00,ZONE_M01,0.4,19.3,-20.6,0.57
2024-01-22 08:00:00,ZONE_M02,0.4,18.9,-20.6,0.57
2024-01-22 08:00:00,ZONE_M03,0.4,18.4,-20.6,0.57
2024-01-22 08:00:00,ZONE_B01,0.4,18.3,-20.6,0.57
2024-01-22 08:00:00,ZONE_B02,0.4,19.2,-20.6,0.57
2024-01-22 09:00:00,ZONE_M01,0.68,19.5,-9.1,0.49
2024-01-22 09:00:00,ZONE_M02,0.68,19.4,-9.1,0.49
2024-01-22 09:00:00,ZONE_M03,0.68,19.9,-9.1,0.49
2024-01-22 09:00:00,ZONE_B01,0.68,19.7,-9.1,0.49
2024-01-22 09:00:00,ZONE_B02,0.68,20.0,-9.1,0.49
2024-01-22 10:00:00,ZONE_M01,0.98,20.7,-15.5,0.7
2024-01-22 10:00:00,ZONE_M02,0.98,20.6,-15.5,0.7
2024-01-22 10:00:00,ZONE_M03,0.98,20.5,-15.5,0.7
2024-01-22 10:00:00,ZONE_B01,0.98,20.9,-15.5,0.7
2024-01-22 10:00:00,ZONE_B02,0.98,21.3,-15.5,0.7
2024-01-22 11:00:00,ZONE_M01,0.78,20.9,-14.9,0.62
2024-01-22 11:00:00,ZONE_M02,0.78,20.2,-14.9,0.62
2024-01-22 11:00:00,ZONE_M03,0.78,20.7,-14.9,0.62
2024-01-22 11:00:00,ZONE_B01,0.78,20.3,-14.9,0.62
2024-01-22 11:00:00,ZONE_B02,0.78,20.5,-14.9,0.62
2024-01-22 12:00:00,ZONE_M01,0.42,19.4,-13.8,0.48
2024-01-22 12:00:00,ZONE_M02,0.42,19.8,-13.8,0.48
2024-01-22 12:00:00,ZONE_M03,0.42,19.4,-13.8,0.48
2024-01-22 12:00:00,ZONE_B01,0.42,19.6,-13.8,0.48
2024-01-22 12:00:00,ZONE_B02,0.42,19.3,-13.8,0.48
2024-01-22 13:00:00,ZONE_M01,0.39,19.2,-17.0,0.52
2024-01-22 13:00:00,ZONE_M02,0.39,19.4,-17.0,0.52
2024-01-22 13:00:00,ZONE_M03,0.39,19.3,-17.0,0.52
2024-01-22 13:00:00,ZONE_B01,0.39,17.9,-17.0,0.52
2024-01-22 13:00:00,ZONE_B02,0.39,20.2,-17.0,0.52
2024-01-22 14:00:00,ZONE_M01,0.48,19.0,-15.3,0.52
2024-01-22 14:00:00,ZONE_M02,0.48,19.5,-15.3,0.52
2024-01-22 14:00:00,ZONE_M03,0.48,20.3,-15.3,0.52
2024-01-22 14:00:00,ZONE_B01,0.48,20.0,-15.3,0.52
2024-01-22 14:00:00,ZONE_B02,0.48,19.3,-15.3,0.52
2024-01-22 15:00:00,ZONE_M01,0.77,20.3,-16.9,0.65
2024-01-22 15:00:00,ZONE_M02,0.77,19.5,-16.9,0.65
2024-01-22 15:00:00,ZONE_M03,0.77,20.8,-16.9,0.65
2024-01-22 15:00:00,ZONE_B01,0.77,20.5,-16.9,0.65
2024-01-22 15:00:00,ZONE_B02,0.77,19.9,-16.9,0.65
2024-01-22 16:00:00,ZONE_M01,0.88,21.0,-16.5,0.69
2024-01-22 16:00:00,ZONE_M02,0.88,20.2,-16.5,0.69
2024-01-22 16:00:00,ZONE_M03,0.88,20.5,-16.5,0.69
2024-01-22 16:00:00,ZONE_B01,0.88,21.3,-16.5,0.69
2024-01-22 16:00:00,ZONE_B02,0.88,20.6,-16.5,0.69
2024-01-22 17:00:00,ZONE_M01,0.51,19.0,-14.2,0.52
2024-01-22 17:00:00,ZONE_M02,0.51,20.2,-14.2,0.52
2024-01-22 17:00:00,ZONE_M03,0.51,19.8,-14.2,0.52
2024-01-22 17:00:00,ZONE_B01,0.51,18.9,-14.2,0.52
2024-01-22 17:00:00,ZONE_B02,0.51,18.9,-14.2,0.52
2024-01-22 18:00:00,ZONE_M01,0.97,21.6,-18.2,0.75
2024-01-22 18:00:00,ZONE_M02,0.97,20.7,-18.2,0.75
2024-01-22 18:00:00,ZONE_M03,0.97,21.4,-18.2,0.75
2024-01-22 18:00:00,ZONE_B01,0.97,20.6,-18.2,0.75
2024-01-22 18:00:00,ZONE_B02,0.97,21.8,-18.2,0.75
2024-01-22 19:00:00,ZONE_M01,0.5,19.0,-18.8,0.58
2024-01-22 19:00:00,ZONE_M02,0.5,19.8,-18.8,0.58
2024-01-22 19:00:00,ZONE_M03,0.5,19.6,-18.8,0.58
2024-01-22 19:00:00,ZONE_B01,0.5,19.3,-18.8,0.58
2024-01-22 19:00:00,ZONE_B02,0.5,18.9,-18.8,0.58
2024-01-22 20:00:00,ZONE_M01,0.56,19.3,-17.4,0.58
2024-01-22 20:00:00,ZONE_M02,0.56,19.7,-17.4,0.58
2024-01-22 20:00:00,ZONE_M03,0.56,19.7,-17.4,0.58
2024-01-22 20:00:00,ZONE_B01,0.56,20.0,-17.4,0.58
2024-01-22 20:00:00,ZONE_B02,0.56,20.2,-17.4,0.58
2024-01-22 21:00:00,ZONE_M01,0.43,19.5,-16.0,0.51
2024-01-22 21:00:00,ZONE_M02,0.43,18.9,-16.0,0.51
2024-01-22 21:00:00,ZONE_M03,0.43,18.9,-16.0,0.51
2024-01-22 21:00:00,ZONE_B01,0.43,19.3,-16.0,0.51
2024-01-22 21:00:00,ZONE_B02,0.43,19.3,-16.0,0.51
2024-01-22 22:00:00,ZONE_M01,0.51,19.6,-17.2,0.56
2024-01-22 22:00:00,ZONE_M02,0.51,18.9,-17.2,0.56
2024-01-22 22:00:00,ZONE_M03,0.51,19.4,-17.2,0.56
2024-01-22 22:00:00,ZONE_B01,0.51,20.0,-17.2,0.56
2024-01-22 22:00:00,ZONE_B02,0.51,18.6,-17.2,0.56
2024-01-22 23:00:00,ZONE_M01,0.1,19.1,-16.3,0.4
2024-01-22 23:00:00,ZONE_M02,0.1,18.1,-16.3,0.4
2024-01-22 23:00:00,ZONE_M03,0.1,18.5,-16.3,0.4
2024-01-22 23:00:00,ZONE_B01,0.1,18.6,-16.3,0.4
2024-01-22 23:00:00,ZONE_B02,0.1,18.3,-16.3,0.4
2024-01-23 00:00:00,ZONE_M01,0.1,18.9,-14.6,0.38
2024-01-23 00:00:00,ZONE_M02,0.1,17.5,-14.6,0.38
2024-01-23 00:00:00,ZONE_M03,0.1,19.1,-14.6,0.38
2024-01-23 00:00:00,ZONE_B01,0.1,19.1,-14.6,0.38
2024-01-23 00:00:00,ZONE_B02,0.1,18.3,-14.6,0.38
2024-01-23 01:00:00,ZONE_M01,0.22,19.1,-14.3,0.42
2024-01-23 01:00:00,ZONE_M02,0.22,19.4,-14.3,0.42
2024-01-23 01:00:00,ZONE_M03,0.22,17.8,-14.3,0.42
2024-01-23 01:00:00,ZONE_B01,0.22,18.9,-14.3,0.42
2024-01-23 01:00:00,ZONE_B02,0.22,19.6,-14.3,0.42
2024-01-23 02:00:00,ZONE_M01,0.21,18.8,-14.6,0.42
2024-01-23 02:00:00,ZONE_M02,0.21,19.1,-14.6,0.42
2024-01-23 02:00:00,ZONE_M03,0.21,19.0,-14.6,0.42
2024-01-23 02:00:00,ZONE_B01,0.21,18.4,-14.6,0.42
2024-01-23 02:00:00,ZONE_B02,0.21,17.8,-14.6,0.42
2024-01-23 03:00:00,ZONE_M01,0.14,18.3,-16.7,0.42
2024-01-23 03:00:00,ZONE_M02,0.14,18.8,-16.7,0.42
2024-01-23 03:00:00,ZONE_M03,0.14,18.1,-16.7,0.42
2024-01-23 03:00:00,ZONE_B01,0.14,17.9,-16.7,0.42
2024-01-23 03:00:00,ZONE_B02,0.14,19.4,-16.7,0.42
2024-01-23 04:00:00,ZONE_M01,0.06,18.8,-12.7,0.35
2024-01-23 04:00:00,ZONE_M02,0.06,18.4,-12.7,0.35
2024-01-23 04:00:00,ZONE_M03,0.06,17.3,-12.7,0.35
2024-01-23 04:00:00,ZONE_B01,0.06,18.2,-12.7,0.35
2024-01-23 04:00:00,ZONE_B02,0.06,17.6,-12.7,0.35
2024-01-23 05:00:00,ZONE_M01,0.17,19.1,-17.6,0.44
2024-01-23 05:00:00,ZONE_M02,0.17,18.8,-17.6,0.44
2024-01-23 05:00:00,ZONE_M03,0.17,18.7,-17.6,0.44
2024-01-23 05:00:00,ZONE_B01,0.17,18.7,-17.6,0.44
2024-01-23 05:00:00,ZONE_B02,0.17,18.0,-17.6,0.44
2024-01-23 06:00:00,ZONE_M01,0.74,20.5,-15.6,0.62
2024-01-23 06:00:00,ZONE_M02,0.74,20.2,-15.6,0.62
2024-01-23 06:00:00,ZONE_M03,0.74,20.0,-15.6,0.62
2024-01-23 06:00:00,ZONE_B01,0.74,20.2,-15.6,0.62
2024-01-23 06:00:00,ZONE_B02,0.74,19.6,-15.6,0.62
2024-01-23 07:00:00,ZONE_M01,0.72,20.8,-14.0,0.59
2024-01-23 07:00:00,ZONE_M02,0.72,21.0,-14.0,0.59
2024-01-23 07:00:00,ZONE_M03,0.72,19.5,-14.0,0.59
2024-01-23 07:00:00,ZONE_B01,0.72,20.3,-14.0,0.59
2024-01-23 07:00:00,ZONE_B02,0.72,19.8,-14.0,0.59
2024-01-23 08:00:00,ZONE_M01,0.59,20.3,-12.1,0.51
2024-01-23 08:00:00,ZONE_M02,0.59,19.8,-12.1,0.51
2024-01-23 08:00:00,ZONE_M03,0.59,19.6,-12.1,0.51
2024-01-23 08:00:00,ZONE_B01,0.59,20.0,-12.1,0.51
2024-01-23 08:00:00,ZONE_B02,0.59,20.4,-12.1,0.51
2024-01-23 09:00:00,ZONE_M01,1.0,21.3,-19.8,0.8
2024-01-23 09:00:00,ZONE_M02,1.0,21.0,-19.8,0.8
2024-01-23 09:00:00,ZONE_M03,1.0,21.3,-19.8,0.8
2024-01-23 09:00:00,ZONE_B01,1.0,21.2,-19.8,0.8
2024-01-23 09:00:00,ZONE_B02,1.0,20.4,-19.8,0.8
2024-01-23 10:00:00,ZONE_M01,0.59,20.4,-14.4,0.55
2024-01-23 10:00:00,ZONE_M02,0.59,19.7,-14.4,0.55
2024-01-23 10:00:00,ZONE_M03,0.59,19.6,-14.4,0.55
2024-01-23 10:00:00,ZONE_B01,0.59,19.4,-14.4,0.55
2024-01-23 10:00:00,ZONE_B02,0.59,19.8,-14.4,0.55
2024-01-23 11:00:00,ZONE_M01,0.76,20.3,-15.7,0.63
2024-01-23 11:00:00,ZONE_M02,0.76,19.8,-15.7,0.63
2024-01-23 11:00:00,ZONE_M03,0.76,20.3,-15.7,0.63
2024-01-23 11:00:00,ZONE_B01,0.76,20.9,-15.7,0.63
2024-01-23 11:00:00,ZONE_B02,0.76,20.6,-15.7,0.63
2024-01-23 12:00:00,ZONE_M01,0.92,21.5,-13.8,0.65
2024-01-23 12:00:00,ZONE_M02,0.92,21.5,-13.8,0.65
2024-01-23 12:00:00,ZONE_M03,0.92,20.7,-13.8,0.65
2024-01-23 12:00:00,ZONE_B01,0.92,20.3,-13.8,0.65
2024-01-23 12:00:00,ZONE_B02,0.92,21.0,-13.8,0.65
2024-01-23 13:00:00,ZONE_M01,0.62,19.8,-18.4,0.62
2024-01-23 13:00:00,ZONE_M02,0.62,20.0,-18.4,0.62
2024-01-23 13:00:00,ZONE_M03,0.62,20.7,-18.4,0.62
2024-01-23 13:00:00,ZONE_B01,0.62,20.4,-18.4,0.62
2024-01-23 13:00:00,ZONE_B02,0.62,20.3,-18.4,0.62
2024-01-23 14:00:00,ZONE_M01,0.6,19.9,-15.8,0.57
2024-01-23 14:00:00,ZONE_M02,0.6,20.2,-15.8,0.57
2024-01-23 14:00:00,ZONE_M03,0.6,20.0,-15.8,0.57
2024-01-23 14:00:00,ZONE_B01,0.6,20.3,-15.8,0.57
2024-01-23 14:00:00,ZONE_B02,0.6,19.7,-15.8,0.57
2024-01-23 15:00:00,ZONE_M01,0.98,21.2,-13.1,0.65
2024-01-23 15:00:00,ZONE_M02,0.98,20.8,-13.1,0.65
2024-01-23 15:00:00,ZONE_M03,0.98,21.6,-13.1,0.65
2024-01-23 15:00:00,ZONE_B01,0.98,21.0,-13.1,0.65
2024-01-23 15:00:00,ZONE_B02,0.98,20.8,-13.1,0.65
2024-01-23 16:00:00,ZONE_M01,0.83,20.8,-15.9,0.66
2024-01-23 16:00:00,ZONE_M02,0.83,20.2,-15.9,0.66
2024-01-23 16:00:00,ZONE_M03,0.83,20.9,-15.9,0.66
2024-01-23 16:00:00,ZONE_B01,0.83,20.9,-15.9,0.66
2024-01-23 16:00:00,ZONE_B02,0.83,19.6,-15.9,0.66
2024-01-23 17:00:00,ZONE_M01,0.94,20.6,-17.5,0.73
2024-01-23 17:00:00,ZONE_M02,0.94,21.0,-17.5,0.73
2024-01-23 17:00:00,ZONE_M03,0.94,20.4,-17.5,0.73
2024-01-23 17:00:00,ZONE_B01,0.94,21.0,-17.5,0.73
2024-01-23 17:00:00,ZONE_B02,0.94,20.6,-17.5,0.73
2024-01-23 18:00:00,ZONE_M01,0.65,20.1,-14.2,0.56
2024-01-23 18:00:00,ZONE_M02,0.65,20.7,-14.2,0.56
2024-01-23 18:00:00,ZONE_M03,0.65,19.3,-14.2,0.56
2024-01-23 18:00:00,ZONE_B01,0.65,19.3,-14.2,0.56
2024-01-23 18:00:00,ZONE_B02,0.65,19.4,-14.2,0.56
2024-01-23 19:00:00,ZONE_M01,0.77,20.9,-15.0,0.62
2024-01-23 19:00:00,ZONE_M02,0.77,19.9,-15.0,0.62
2024-01-23 19:00:00,ZONE_M03,0.77,19.9,-15.0,0.62
2024-01-23 19:00:00,ZONE_B01,0.77,20.1,-15.0,0.62
2024-01-23 19:00:00,ZONE_B02,0.77,21.3,-15.0,0.62
2024-01-23 20:00:00,ZONE_M01,0.7,20.5,-16.2,0.61
2024-01-23 20:00:00,ZONE_M02,0.7,19.8,-16.2,0.61
2024-01-23 20:00:00,ZONE_M03,0.7,19.7,-16.2,0.61
2024-01-23 20:00:00,ZONE_B01,0.7,20.3,-16.2,0.61
2024-01-23 20:00:00,ZONE_B02,0.7,20.1,-16.2,0.61
2024-01-23 21:00:00,ZONE_M01,0.71,20.9,-14.3,0.59
2024-01-23 21:00:00,ZONE_M02,0.71,20.5,-14.3,0.59
2024-01-23 21:00:00,ZONE_M03,0.71,20.3,-14.3,0.59
2024-01-23 21:00:00,ZONE_B01,0.71,19.4,-14.3,0.59
2024-01-23 21:00:00,ZONE_B02,0.71,20.1,-14.3,0.59
2024-01-23 22:00:00,ZONE_M01,0.83,19.9,-18.8,0.71
2024-01-23 22:00:00,ZONE_M02,0.83,21.4,-18.8,0.71
2024-01-23 22:00:00,ZONE_M03,0.83,20.8,-18.8,0.71
2024-01-23 22:00:00,ZONE_B01,0.83,20.6,-18.8,0.71
2024-01-23 22:00:00,ZONE_B02,0.83,20.2,-18.8,0.71
2024-01-23 23:00:00,ZONE_M01,0.01,18.1,-17.2,0.38
2024-01-23 23:00:00,ZONE_M02,0.01,18.5,-17.2,0.38
2024-01-23 23:00:00,ZONE_M03,0.01,17.4,-17.2,0.38
2024-01-23 23:00:00,ZONE_B01,0.01,17.4,-17.2,0.38
2024-01-23 23:00:00,ZONE_B02,0.01,17.3,-17.2,0.38
2024-01-24 00:00:00,ZONE_M01,0.1,18.4,-18.7,0.42
2024-01-24 00:00:00,ZONE_M02,0.1,18.6,-18.7,0.42
2024-01-24 00:00:00,ZONE_M03,0.1,18.3,-18.7,0.42
2024-01-24 00:00:00,ZONE_B01,0.1,18.4,-18.7,0.42
2024-01-24 00:00:00,ZONE_B02,0.1,18.1,-18.7,0.42
2024-01-24 01:00:00,ZONE_M01,0.15,18.9,-15.0,0.4
2024-01-24 01:00:00,ZONE_M02,0.15,19.4,-15.0,0.4
2024-01-24 01:00:00,ZONE_M03,0.15,18.3,-15.0,0.4
2024-01-24 01:00:00,ZONE_B01,0.15,18.2,-15.0,0.4
2024-01-24 01:00:00,ZONE_B02,0.15,18.8,-15.0,0.4
2024-01-24 02:00:00,ZONE_M01,0.19,18.3,-20.6,0.48
2024-01-24 02:00:00,ZONE_M02,0.19,19.1,-20.6,0.48
2024-01-24 02:00:00,ZONE_M03,0.19,18.8,-20.6,0.48
2024-01-24 02:00:00,ZONE_B01,0.19,17.9,-20.6,0.48
2024-01-24 02:00:00,ZONE_B02,0.19,19.0,-20.6,0.48
2024-01-24 03:00:00,ZONE_M01,0.06,17.7,-14.6,0.37
2024-01-24 03:00:00,ZONE_M02,0.06,17.4,-14.6,0.37
2024-01-24 03:00:00,ZONE_M03,0.06,17.4,-14.6,0.37
2024-01-24 03:00:00,ZONE_B01,0.06,17.2,-14.6,0.37
2024-01-24 03:00:00,ZONE_B02,0.06,18.5,-14.6,0.37
2024-01-24 04:00:00,ZONE_M01,0.12,18.1,-16.9,0.41
2024-01-24 04:00:00,ZONE_M02,0.12,18.1,-16.9,0.41
2024-01-24 04:00:00,ZONE_M03,0.12,18.1,-16.9,0.41
2024-01-24 04:00:00,ZONE_B01,0.12,18.5,-16.9,0.41
2024-01-24 04:00:00,ZONE_B02,0.12,19.0,-16.9,0.41
2024-01-24 05:00:00,ZONE_M01,0.15,17.7,-12.9,0.38
2024-01-24 05:00:00,ZONE_M02,0.15,18.8,-12.9,0.38
2024-01-24 05:00:00,ZONE_M03,0.15,17.6,-12.9,0.38
2024-01-24 05:00:00,ZONE_B01,0.15,18.7,-12.9,0.38
2024-01-24 05:00:00,ZONE_B02,0.15,18.2,-12.9,0.38
2024-01-24 06:00:00,ZONE_M01,0.72,20.4,-13.4,0.58
2024-01-24 06:00:00,ZONE_M02,0.72,20.5,-13.4,0.58
2024-01-24 06:00:00,ZONE_M03,0.72,20.1,-13.4,0.58
2024-01-24 06:00:00,ZONE_B01,0.72,19.7,-13.4,0.58
2024-01-24 06:00:00,ZONE_B02,0.72,19.5,-13.4,0.58
2024-01-24 07:00:00,ZONE_M01,0.73,19.5,-17.2,0.64
2024-01-24 07:00:00,ZONE_M02,0.73,20.6,-17.2,0.64
2024-01-24 07:00:00,ZONE_M03,0.73,20.1,-17.2,0.64
2024-01-24 07:00:00,ZONE_B01,0.73,19.9,-17.2,0.64
2024-01-24 07:00:00,ZONE_B02,0.73,20.4,-17.2,0.64
2024-01-24 08:00:00,ZONE_M01,0.64,20.0,-11.3,0.52
2024-01-24 08:00:00,ZONE_M02,0.64,20.6,-11.3,0.52
2024-01-24 08:00:00,ZONE_M03,0.64,19.2,-11.3,0.52
2024-01-24 08:00:00,ZONE_B01,0.64,20.5,-11.3,0.52
2024-01-24 08:00:00,ZONE_B02,0.64,19.4,-11.3,0.52
2024-01-24 09:00:00,ZONE_M01,0.3,19.7,-17.1,0.48
2024-01-24 09:00:00,ZONE_M02,0.3,19.1,-17.1,0.48
2024-01-24 09:00:00,ZONE_M03,0.3,18.9,-17.1,0.48
2024-01-24 09:00:00,ZONE_B01,0.3,18.0,-17.1,0.48
2024-01-24 09:00:00,ZONE_B02,0.3,18.7,-17.1,0.48
2024-01-24 10:00:00,ZONE_M01,0.65,19.3,-16.8,0.61
2024-01-24 10:00:00,ZONE_M02,0.65,20.7,-16.8,0.61
2024-01-24 10:00:00,ZONE_M03,0.65,20.5,-16.8,0.61
2024-01-24 10:00:00,ZONE_B01,0.65,20.5,-16.8,0.61
2024-01-24 10:00:00,ZONE_B02,0.65,19.4,-16.8,0.61
2024-01-24 11:00:00,ZONE_M01,0.63,19.9,-18.0,0.62
2024-01-24 11:00:00,ZONE_M02,0.63,19.6,-18.0,0.62
2024-01-24 11:00:00,ZONE_M03,0.63,19.4,-18.0,0.62
2024-01-24 11:00:00,ZONE_B01,0.63,20.4,-18.0,0.62
2024-01-24 11:00:00,ZONE_B02,0.63,19.7,-18.0,0.62
2024-01-24 12:00:00,ZONE_M01,0.51,20.0,-16.0,0.54
2024-01-24 12:00:00,ZONE_M02,0.51,19.8,-16.0,0.54
2024-01-24 12:00:00,ZONE_M03,0.51,19.8,-16.0,0.54
2024-01-24 12:00:00,ZONE_B01,0.51,19.4,-16.0,0.54
2024-01-24 12:00:00,ZONE_B02,0.51,19.3,-16.0,0.54
2024-01-24 13:00:00,ZONE_M01,0.56,19.0,-17.6,0.59
2024-01-24 13:00:00,ZONE_M02,0.56,19.4,-17.6,0.59
2024-01-24 13:00:00,ZONE_M03,0.56,19.9,-17.6,0.59
2024-01-24 13:00:00,ZONE_B01,0.56,20.3,-17.6,0.59
2024-01-24 13:00:00,ZONE_B02,0.56,19.5,-17.6,0.59
2024-01-24 14:00:00,ZONE_M01,0.77,20.1,-16.4,0.64
2024-01-24 14:00:00,ZONE_M02,0.77,20.4,-16.4,0.64
2024-01-24 14:00:00,ZONE_M03,0.77,19.9,-16.4,0.64
2024-01-24 14:00:00,ZONE_B01,0.77,19.6,-16.4,0.64
2024-01-24 14:00:00,ZONE_B02,0.77,20.0,-16.4,0.64
2024-01-24 15:00:00,ZONE_M01,0.73,19.7,-15.5,0.61
2024-01-24 15:00:00,ZONE_M02,0.73,20.7,-15.5,0.61
2024-01-24 15:00:00,ZONE_M03,0.73,20.2,-15.5,0.61
2024-01-24 15:00:00,ZONE_B01,0.73,20.8,-15.5,0.61
2024-01-24 15:00:00,ZONE_B02,0.73,20.3,-15.5,0.61
2024-01-24 16:00:00,ZONE_M01,0.72,20.3,-15.8,0.62
2024-01-24 16:00:00,ZONE_M02,0.72,20.0,-15.8,0.62
2024-01-24 16:00:00,ZONE_M03,0.72,19.9,-15.8,0.62
2024-01-24 16:00:00,ZONE_B01,0.72,20.5,-15.8,0.62
2024-01-24 16:00:00,ZONE_B02,0.72,20.3,-15.8,0.62
2024-01-24 17:00:00,ZONE_M01,0.42,19.7,-13.7,0.48
2024-01-24 17:00:00,ZONE_M02,0.42,19.7,-13.7,0.48
2024-01-24 17:00:00,ZONE_M03,0.42,18.8,-13.7,0.48
2024-01-24 17:00:00,ZONE_B01,0.42,19.0,-13.7,0.48
2024-01-24 17:00:00,ZONE_B02,0.42,18.9,-13.7,0.48
2024-01-24 18:00:00,ZONE_M01,0.74,20.4,-16.1,0.63
2024-01-24 18:00:00,ZONE_M02,0.74,20.1,-16.1,0.63
2024-01-24 18:00:00,ZONE_M03,0.74,19.5,-16.1,0.63
2024-01-24 18:00:00,ZONE_B01,0.74,20.4,-16.1,0.63
2024-01-24 18:00:00,ZONE_B02,0.74,20.4,-16.1,0.63
2024-01-24 19:00:00,ZONE_M01,0.78,19.9,-13.0,0.59
2024-01-24 19:00:00,ZONE_M02,0.78,20.8,-13.0,0.59
2024-01-24 19:00:00,ZONE_M03,0.78,19.5,-13.0,0.59
2024-01-24 19:00:00,ZONE_B01,0.78,20.8,-13.0,0.59
2024-01-24 19:00:00,ZONE_B02,0.78,20.8,-13.0,0.59
2024-01-24 20:00:00,ZONE_M01,0.57,20.2,-16.4,0.57
2024-01-24 20:00:00,ZONE_M02,0.57,20.3,-16.4,0.57
2024-01-24 20:00:00,ZONE_M03,0.57,19.7,-16.4,0.57
2024-01-24 20:00:00,ZONE_B01,0.57,20.3,-16.4,0.57
2024-01-24 20:00:00,ZONE_B02,0.57,18.4,-16.4,0.57
2024-01-24 21:00:00,ZONE_M01,0.7,20.0,-17.6,0.64
2024-01-24 21:00:00,ZONE_M02,0.7,20.1,-17.6,0.64
2024-01-24 21:00:00,ZONE_M03,0.7,20.0,-17.6,0.64
2024-01-24 21:00:00,ZONE_B01,0.7,19.4,-17.6,0.64
2024-01-24 21:00:00,ZONE_B02,0.7,19.7,-17.6,0.64
2024-01-24 22:00:00,ZONE_M01,0.6,20.5,-11.3,0.5
2024-01-24 22:00:00,ZONE_M02,0.6,20.3,-11.3,0.5
2024-01-24 22:00:00,ZONE_M03,0.6,20.2,-11.3,0.5
2024-01-24 22:00:00,ZONE_B01,0.6,19.3,-11.3,0.5
2024-01-24 22:00:00,ZONE_B02,0.6,19.3,-11.3,0.5
2024-01-24 23:00:00,ZONE_M01,0.2,18.4,-19.4,0.47
2024-01-24 23:00:00,ZONE_M02,0.2,18.3,-19.4,0.47
2024-01-24 23:00:00,ZONE_M03,0.2,18.9,-19.4,0.47
2024-01-24 23:00:00,ZONE_B01,0.2,18.0,-19.4,0.47
2024-01-24 23:00:00,ZONE_B02,0.2,18.7,-19.4,0.47
2024-01-25 00:00:00,ZONE_M01,0.12,18.5,-17.3,0.42
2024-01-25 00:00:00,ZONE_M02,0.12,19.5,-17.3,0.42
2024-01-25 00:00:00,ZONE_M03,0.12,18.1,-17.3,0.42
2024-01-25 00:00:00,ZONE_B01,0.12,17.7,-17.3,0.42
2024-01-25 00:00:00,ZONE_B02,0.12,17.9,-17.3,0.42
2024-01-25 01:00:00,ZONE_M01,0.0,17.3,-15.8,0.36
2024-01-25 01:00:00,ZONE_M02,0.0,18.0,-15.8,0.36
2024-01-25 01:00:00,ZONE_M03,0.0,17.8,-15.8,0.36
2024-01-25 01:00:00,ZONE_B01,0.0,17.8,-15.8,0.36
2024-01-25 01:00:00,ZONE_B02,0.0,17.3,-15.8,0.36
2024-01-25 02:00:00,ZONE_M01,0.17,18.5,-18.4,0.45
2024-01-25 02:00:00,ZONE_M02,0.17,18.8,-18.4,0.45
2024-01-25 02:00:00,ZONE_M03,0.17,18.8,-18.4,0.45
2024-01-25 02:00:00,ZONE_B01,0.17,19.1,-18.4,0.45
2024-01-25 02:00:00,ZONE_B02,0.17,17.8,-18.4,0.45
2024-01-25 03:00:00,ZONE_M01,0.06,18.7,-19.3,0.42
2024-01-25 03:00:00,ZONE_M02,0.06,17.2,-19.3,0.42
2024-01-25 03:00:00,ZONE_M03,0.06,18.9,-19.3,0.42
2024-01-25 03:00:00,ZONE_B01,0.06,17.4,-19.3,0.42
2024-01-25 03:00:00,ZONE_B02,0.06,18.7,-19.3,0.42
2024-01-25 04:00:00,ZONE_M01,0.15,18.4,-14.0,0.39
2024-01-25 04:00:00,ZONE_M02,0.15,18.4,-14.0,0.39
2024-01-25 04:00:00,ZONE_M03,0.15,18.2,-14.0,0.39
2024-01-25 04:00:00,ZONE_B01,0.15,18.0,-14.0,0.39
2024-01-25 04:00:00,ZONE_B02,0.15,18.6,-14.0,0.39
2024-01-25 05:00:00,ZONE_M01,0.06,17.9,-17.8,0.4
2024-01-25 05:00:00,ZONE_M02,0.06,18.1,-17.8,0.4
2024-01-25 05:00:00,ZONE_M03,0.06,18.2,-17.8,0.4
2024-01-25 05:00:00,ZONE_B01,0.06,17.5,-17.8,0.4
2024-01-25 05:00:00,ZONE_B02,0.06,18.2,-17.8,0.4
2024-01-25 06:00:00,ZONE_M01,0.79,21.1,-15.1,0.63
2024-01-25 06:00:00,ZONE_M02,0.79,20.0,-15.1,0.63
2024-01-25 06:00:00,ZONE_M03,0.79,20.1,-15.1,0.63
2024-01-25 06:00:00,ZONE_B01,0.79,20.6,-15.1,0.63
2024-01-25 06:00:00,ZONE_B02,0.79,20.8,-15.1,0.63
2024-01-25 07:00:00,ZONE_M01,0.54,18.6,-13.5,0.52
2024-01-25 07:00:00,ZONE_M02,0.54,19.1,-13.5,0.52
2024-01-25 07:00:00,ZONE_M03,0.54,20.8,-13.5,0.52
2024-01-25 07:00:00,ZONE_B01,0.54,20.1,-13.5,0.52
2024-01-25 07:00:00,ZONE_B02,0.54,18.4,-13.5,0.52
2024-01-25 08:00:00,ZONE_M01,0.74,19.9,-15.6,0.62
2024-01-25 08:00:00,ZONE_M02,0.74,20.0,-15.6,0.62
2024-01-25 08:00:00,ZONE_M03,0.74,20.5,-15.6,0.62
2024-01-25 08:00:00,ZONE_B01,0.74,20.4,-15.6,0.62
2024-01-25 08:00:00,ZONE_B02,0.74,19.7,-15.6,0.62
2024-01-25 09:00:00,ZONE_M01,0.56,19.3,-15.5,0.55
2024-01-25 09:00:00,ZONE_M02,0.56,18.9,-15.5,0.55
2024-01-25 09:00:00,ZONE_M03,0.56,19.5,-15.5,0.55
2024-01-25 09:00:00,ZONE_B01,0.56,19.5,-15.5,0.55
2024-01-25 09:00:00,ZONE_B02,0.56,20.2,-15.5,0.55
2024-01-25 10:00:00,ZONE_M01,0.58,18.9,-19.5,0.62
2024-01-25 10:00:00,ZONE_M02,0.58,19.2,-19.5,0.62
2024-01-25 10:00:00,ZONE_M03,0.58,20.3,-19.5,0.62
2024-01-25 10:00:00,ZONE_B01,0.58,19.6,-19.5,0.62
2024-01-25 10:00:00,ZONE_B02,0.58,19.9,-19.5,0.62
2024-01-25 11:00:00,ZONE_M01,0.75,20.7,-15.1,0.61
2024-01-25 11:00:00,ZONE_M02,0.75,20.2,-15.1,0.61
2024-01-25 11:00:00,ZONE_M03,0.75,20.9,-15.1,0.61
2024-01-25 11:00:00,ZONE_B01,0.75,20.5,-15.1,0.61
2024-01-25 11:00:00,ZONE_B02,0.75,19.5,-15.1,0.61
2024-01-25 12:00:00,ZONE_M01,0.67,20.7,-17.3,0.62
2024-01-25 12:00:00,ZONE_M02,0.67,19.5,-17.3,0.62
2024-01-25 12:00:00,ZONE_M03,0.67,19.9,-17.3,0.62
2024-01-25 12:00:00,ZONE_B01,0.67,20.1,-17.3,0.62
2024-01-25 12:00:00,ZONE_B02,0.67,21.0,-17.3,0.62
2024-01-25 13:00:00,ZONE_M01,0.55,19.8,-17.5,0.58
2024-01-25 13:00:00,ZONE_M02,0.55,19.1,-17.5,0.58
2024-01-25 13:00:00,ZONE_M03,0.55,19.5,-17.5,0.58
2024-01-25 13:00:00,ZONE_B01,0.55,20.0,-17.5,0.58
2024-01-25 13:00:00,ZONE_B02,0.55,19.9,-17.5,0.58
2024-01-25 14:00:00,ZONE_M01,0.62,19.5,-14.1,0.55
2024-01-25 14:00:00,ZONE_M02,0.62,20.0,-14.1,0.55
2024-01-25 14:00:00,ZONE_M03,0.62,18.9,-14.1,0.55
2024-01-25 14:00:00,ZONE_B01,0.62,19.8,-14.1,0.55
2024-01-25 14:00:00,ZONE_B02,0.62,19.9,-14.1,0.55
2024-01-25 15:00:00,ZONE_M01,0.76,20.1,-16.5,0.64
2024-01-25 15:00:00,ZONE_M02,0.76,20.9,-16.5,0.64
2024-01-25 15:00:00,ZONE_M03,0.76,20.9,-16.5,0.64
2024-01-25 15:00:00,ZONE_B01,0.76,20.3,-16.5,0.64
2024-01-25 15:00:00,ZONE_B02,0.76,19.9,-16.5,0.64
2024-01-25 16:00:00,ZONE_M01,0.69,20.3,-15.7,0.6
2024-01-25 16:00:00,ZONE_M02,0.69,19.8,-15.7,0.6
2024-01-25 16:00:00,ZONE_M03,0.69,20.3,-15.7,0.6
2024-01-25 16:00:00,ZONE_B01,0.69,20.3,-15.7,0.6
2024-01-25 16:00:00,ZONE_B02,0.69,20.6,-15.7,0.6
2024-01-25 17:00:00,ZONE_M01,0.72,20.4,-15.8,0.61
2024-01-25 17:00:00,ZONE_M02,0.72,20.7,-15.8,0.61
2024-01-25 17:00:00,ZONE_M03,0.72,19.3,-15.8,0.61
2024-01-25 17:00:00,ZONE_B01,0.72,19.1,-15.8,0.61
2024-01-25 17:00:00,ZONE_B02,0.72,20.5,-15.8,0.61
2024-01-25 18:00:00,ZONE_M01,0.65,19.9,-13.9,0.56
2024-01-25 18:00:00,ZONE_M02,0.65,19.6,-13.9,0.56
2024-01-25 18:00:00,ZONE_M03,0.65,20.2,-13.9,0.56
2024-01-25 18:00:00,ZONE_B01,0.65,20.7,-13.9,0.56
2024-01-25 18:00:00,ZONE_B02,0.65,20.3,-13.9,0.56
2024-01-25 19:00:00,ZONE_M01,0.54,20.0,-15.6,0.55
2024-01-25 19:00:00,ZONE_M02,0.54,19.7,-15.6,0.55
2024-01-25 19:00:00,ZONE_M03,0.54,20.3,-15.6,0.55
2024-01-25 19:00:00,ZONE_B01,0.54,19.4,-15.6,0.55
2024-01-25 19:00:00,ZONE_B02,0.54,19.9,-15.6,0.55
2024-01-25 20:00:00,ZONE_M01,0.77,19.9,-18.2,0.67
2024-01-25 20:00:00,ZONE_M02,0.77,20.3,-18.2,0.67
2024-01-25 20:00:00,ZONE_M03,0.77,19.9,-18.2,0.67
2024-01-25 20:00:00,ZONE_B01,0.77,20.3,-18.2,0.67
2024-01-25 20:00:00,ZONE_B02,0.77,18.7,-18.2,0.67
2024-01-25 21:00:00,ZONE_M01,0.58,19.4,-14.8,0.55
2024-01-25 21:00:00,ZONE_M02,0.58,20.2,-14.8,0.55
2024-01-25 21:00:00,ZONE_M03,0.58,19.5,-14.8,0.55
2024-01-25 21:00:00,ZONE_B01,0.58,19.6,-14.8,0.55
2024-01-25 21:00:00,ZONE_B02,0.58,20.1,-14.8,0.55
2024-01-25 22:00:00,ZONE_M01,0.82,21.0,-16.3,0.66
2024-01-25 22:00:00,ZONE_M02,0.82,20.2,-16.3,0.66
2024-01-25 22:00:00,ZONE_M03,0.82,20.4,-16.3,0.66
2024-01-25 22:00:00,ZONE_B01,0.82,19.7,-16.3,0.66
2024-01-25 22:00:00,ZONE_B02,0.82,19.7,-16.3,0.66
2024-01-25 23:00:00,ZONE_M01,0.21,18.4,-13.8,0.41
2024-01-25 23:00:00,ZONE_M02,0.21,18.7,-13.8,0.41
2024-01-25 23:00:00,ZONE_M03,0.21,19.0,-13.8,0.41
2024-01-25 23:00:00,ZONE_B01,0.21,17.4,-13.8,0.41
2024-01-25 23:00:00,ZONE_B02,0.21,18.5,-13.8,0.41
2024-01-26 00:00:00,ZONE_M01,0.29,19.4,-18.2,0.49
2024-01-26 00:00:00,ZONE_M02,0.29,19.0,-18.2,0.49
2024-01-26 00:00:00,ZONE_M03,0.29,19.1,-18.2,0.49
2024-01-26 00:00:00,ZONE_B01,0.29,18.0,-18.2,0.49
2024-01-26 00:00:00,ZONE_B02,0.29,18.8,-18.2,0.49
2024-01-26 01:00:00,ZONE_M01,0.29,19.6,-16.6,0.47
2024-01-26 01:00:00,ZONE_M02,0.29,19.6,-16.6,0.47
2024-01-26 01:00:00,ZONE_M03,0.29,18.7,-16.6,0.47
2024-01-26 01:00:00,ZONE_B01,0.29,18.7,-16.6,0.47
2024-01-26 01:00:00,ZONE_B02,0.29,19.5,-16.6,0.47
2024-01-26 02:00:00,ZONE_M01,0.17,18.9,-13.7,0.4
2024-01-26 02:00:00,ZONE_M02,0.17,18.9,-13.7,0.4
2024-01-26 02:00:00,ZONE_M03,0.17,18.6,-13.7,0.4
2024-01-26 02:00:00,ZONE_B01,0.17,18.6,-13.7,0.4
2024-01-26 02:00:00,ZONE_B02,0.17,18.2,-13.7,0.4
2024-01-26 03:00:00,ZONE_M01,0.18,17.9,-16.9,0.44
2024-01-26 03:00:00,ZONE_M02,0.18,18.1,-16.9,0.44
2024-01-26 03:00:00,ZONE_M03,0.18,19.1,-16.9,0.44
2024-01-26 03:00:00,ZONE_B01,0.18,18.7,-16.9,0.44
2024-01-26 03:00:00,ZONE_B02,0.18,18.3,-16.9,0.44
2024-01-26 04:00:00,ZONE_M01,0.18,18.9,-13.4,0.39
2024-01-26 04:00:00,ZONE_M02,0.18,18.1,-13.4,0.39
2024-01-26 04:00:00,ZONE_M03,0.18,18.8,-13.4,0.39
2024-01-26 04:00:00,ZONE_B01,0.18,18.5,-13.4,0.39
2024-01-26 04:00:00,ZONE_B02,0.18,18.3,-13.4,0.39
2024-01-26 05:00:00,ZONE_M01,0.03,18.4,-15.4,0.37
2024-01-26 05:00:00,ZONE_M02,0.03,18.1,-15.4,0.37
2024-01-26 05:00:00,ZONE_M03,0.03,18.2,-15.4,0.37
2024-01-26 05:00:00,ZONE_B01,0.03,18.6,-15.4,0.37
2024-01-26 05:00:00,ZONE_B02,0.03,18.4,-15.4,0.37
2024-01-26 06:00:00,ZONE_M01,0.29,18.9,-13.0,0.43
2024-01-26 06:00:00,ZONE_M02,0.29,18.9,-13.0,0.43
2024-01-26 06:00:00,ZONE_M03,0.29,19.1,-13.0,0.43
2024-01-26 06:00:00,ZONE_B01,0.29,18.7,-13.0,0.43
2024-01-26 06:00:00,ZONE_B02,0.29,18.9,-13.0,0.43
2024-01-26 07:00:00,ZONE_M01,0.84,19.8,-16.2,0.67
2024-01-26 07:00:00,ZONE_M02,0.84,20.3,-16.2,0.67
2024-01-26 07:00:00,ZONE_M03,0.84,20.2,-16.2,0.67
2024-01-26 07:00:00,ZONE_B01,0.84,20.4,-16.2,0.67
2024-01-26 07:00:00,ZONE_B02,0.84,21.3,-16.2,0.67
2024-01-26 08:00:00,ZONE_M01,0.75,20.0,-17.3,0.65
2024-01-26 08:00:00,ZONE_M02,0.75,19.5,-17.3,0.65
2024-01-26 08:00:00,ZONE_M03,0.75,19.9,-17.3,0.65
2024-01-26 08:00:00,ZONE_B01,0.75,20.2,-17.3,0.65
2024-01-26 08:00:00,ZONE_B02,0.75,21.1,-17.3,0.65
2024-01-26 09:00:00,ZONE_M01,0.6,19.0,-18.0,0.61
2024-01-26 09:00:00,ZONE_M02,0.6,19.6,-18.0,0.61
2024-01-26 09:00:00,ZONE_M03,0.6,19.4,-18.0,0.61
2024-01-26 09:00:00,ZONE_B01,0.6,19.7,-18.0,0.61
2024-01-26 09:00:00,ZONE_B02,0.6,19.6,-18.0,0.61
2024-01-26 10:00:00,ZONE_M01,0.57,20.1,-14.8,0.55
2024-01-26 10:00:00,ZONE_M02,0.57,20.6,-14.8,0.55
2024-01-26 10:00:00,ZONE_M03,0.57,20.0,-14.8,0.55
2024-01-26 10:00:00,ZONE_B01,0.57,19.5,-14.8,0.55
2024-01-26 10:00:00,ZONE_B02,0.57,20.3,-14.8,0.55
2024-01-26 11:00:00,ZONE_M01,0.42,18.3,-11.8,0.45
2024-01-26 11:00:00,ZONE_M02,0.42,18.6,-11.8,0.45
2024-01-26 11:00:00,ZONE_M03,0.42,18.6,-11.8,0.45
2024-01-26 11:00:00,ZONE_B01,0.42,19.5,-11.8,0.45
2024-01-26 11:00:00,ZONE_B02,0.42,20.1,-11.8,0.45
2024-01-26 12:00:00,ZONE_M01,0.94,21.2,-16.1,0.7
2024-01-26 12:00:00,ZONE_M02,0.94,21.1,-16.1,0.7
2024-01-26 12:00:00,ZONE_M03,0.94,20.4,-16.1,0.7
2024-01-26 12:00:00,ZONE_B01,0.94,21.5,-16.1,0.7
2024-01-26 12:00:00,ZONE_B02,0.94,20.9,-16.1,0.7
2024-01-26 13:00:00,ZONE_M01,0.45,19.8,-18.0,0.55
2024-01-26 13:00:00,ZONE_M02,0.45,19.7,-18.0,0.55
2024-01-26 13:00:00,ZONE_M03,0.45,19.4,-18.0,0.55
2024-01-26 13:00:00,ZONE_B01,0.45,18.9,-18.0,0.55
2024-01-26 13:00:00,ZONE_B02,0.45,19.2,-18.0,0.55
2024-01-26 14:00:00,ZONE_M01,0.53,20.0,-15.7,0.55
2024-01-26 14:00:00,ZONE_M02,0.53,19.3,-15.7,0.55
2024-01-26 14:00:00,ZONE_M03,0.53,18.9,-15.7,0.55
2024-01-26 14:00:00,ZONE_B01,0.53,18.9,-15.7,0.55
2024-01-26 14:00:00,ZONE_B02,0.53,19.9,-15.7,0.55
2024-01-26 15:00:00,ZONE_M01,0.52,19.2,-14.2,0.52
2024-01-26 15:00:00,ZONE_M02,0.52,18.7,-14.2,0.52
2024-01-26 15:00:00,ZONE_M03,0.52,19.9,-14.2,0.52
2024-01-26 15:00:00,ZONE_B01,0.52,20.3,-14.2,0.52
2024-01-26 15:00:00,ZONE_B02,0.52,19.2,-14.2,0.52
2024-01-26 16:00:00,ZONE_M01,0.49,18.9,-14.6,0.52
2024-01-26 16:00:00,ZONE_M02,0.49,20.1,-14.6,0.52
2024-01-26 16:00:00,ZONE_M03,0.49,19.8,-14.6,0.52
2024-01-26 16:00:00,ZONE_B01,0.49,19.2,-14.6,0.52
2024-01-26 16:00:00,ZONE_B02,0.49,19.2,-14.6,0.52
2024-01-26 17:00:00,ZONE_M01,0.46,20.0,-13.8,0.49
2024-01-26 17:00:00,ZONE_M02,0.46,19.0,-13.8,0.49
2024-01-26 17:00:00,ZONE_M03,0.46,19.9,-13.8,0.49
2024-01-26 17:00:00,ZONE_B01,0.46,19.2,-13.8,0.49
2024-01-26 17:00:00,ZONE_B02,0.46,18.8,-13.8,0.49
2024-01-26 18:00:00,ZONE_M01,0.65,20.0,-15.3,0.58
2024-01-26 18:00:00,ZONE_M02,0.65,20.0,-15.3,0.58
2024-01-26 18:00:00,ZONE_M03,0.65,19.0,-15.3,0.58
2024-01-26 18:00:00,ZONE_B01,0.65,20.3,-15.3,0.58
2024-01-26 18:00:00,ZONE_B02,0.65,19.6,-15.3,0.58
2024-01-26 19:00:00,ZONE_M01,0.42,19.3,-15.6,0.51
2024-01-26 19:00:00,ZONE_M02,0.42,18.9,-15.6,0.51
2024-01-26 19:00:00,ZONE_M03,0.42,19.2,-15.6,0.51
2024-01-26 19:00:00,ZONE_B01,0.42,19.4,-15.6,0.51
2024-01-26 19:00:00,ZONE_B02,0.42,19.0,-15.6,0.51
2024-01-26 20:00:00,ZONE_M01,0.45,19.0,-14.2,0.5
2024-01-26 20:00:00,ZONE_M02,0.45,19.4,-14.2,0.5
2024-01-26 20:00:00,ZONE_M03,0.45,19.9,-14.2,0.5
2024-01-26 20:00:00,ZONE_B01,0.45,19.5,-14.2,0.5
2024-01-26 20:00:00,ZONE_B02,0.45,18.7,-14.2,0.5
2024-01-26 21:00:00,ZONE_M01,0.7,20.7,-19.5,0.67
2024-01-26 21:00:00,ZONE_M02,0.7,20.0,-19.5,0.67
2024-01-26 21:00:00,ZONE_M03,0.7,20.8,-19.5,0.67
2024-01-26 21:00:00,ZONE_B01,0.7,20.7,-19.5,0.67
2024-01-26 21:00:00,ZONE_B02,0.7,20.5,-19.5,0.67
2024-01-26 22:00:00,ZONE_M01,0.74,20.6,-15.9,0.63
2024-01-26 22:00:00,ZONE_M02,0.74,20.3,-15.9,0.63
2024-01-26 22:00:00,ZONE_M03,0.74,20.5,-15.9,0.63
2024-01-26 22:00:00,ZONE_B01,0.74,21.3,-15.9,0.63
2024-01-26 22:00:00,ZONE_B02,0.74,20.0,-15.9,0.63
2024-01-26 23:00:00,ZONE_M01,0.08,18.9,-12.7,0.35
2024-01-26 23:00:00,ZONE_M02,0.08,18.1,-12.7,0.35
2024-01-26 23:00:00,ZONE_M03,0.08,18.8,-12.7,0.35
2024-01-26 23:00:00,ZONE_B01,0.08,18.3,-12.7,0.35
2024-01-26 23:00:00,ZONE_B02,0.08,17.6,-12.7,0.35
2024-01-27 00:00:00,ZONE_M01,0.14,17.6,-18.6,0.44
2024-01-27 00:00:00,ZONE_M02,0.14,18.4,-18.6,0.44
2024-01-27 00:00:00,ZONE_M03,0.14,18.4,-18.6,0.44
2024-01-27 00:00:00,ZONE_B01,0.14,18.3,-18.6,0.44
2024-01-27 00:00:00,ZONE_B02,0.14,18.6,-18.6,0.44
2024-01-27 01:00:00,ZONE_M01,0.15,18.1,-18.1,0.44
2024-01-27 01:00:00,ZONE_M02,0.15,18.0,-18.1,0.44
2024-01-27 01:00:00,ZONE_M03,0.15,18.4,-18.1,0.44
2024-01-27 01:00:00,ZONE_B01,0.15,18.2,-18.1,0.44
2024-01-27 01:00:00,ZONE_B02,0.15,18.6,-18.1,0.44
2024-01-27 02:00:00,ZONE_M01,0.11,18.5,-14.6,0.39
2024-01-27 02:00:00,ZONE_M02,0.11,18.4,-14.6,0.39
2024-01-27 02:00:00,ZONE_M03,0.11,18.1,-14.6,0.39
2024-01-27 02:00:00,ZONE_B01,0.11,18.7,-14.6,0.39
2024-01-27 02:00:00,ZONE_B02,0.11,18.0,-14.6,0.39
2024-01-27 03:00:00,ZONE_M01,0.01,17.1,-14.8,0.35
2024-01-27 03:00:00,ZONE_M02,0.01,18.1,-14.8,0.35
2024-01-27 03:00:00,ZONE_M03,0.01,18.3,-14.8,0.35
2024-01-27 03:00:00,ZONE_B01,0.01,18.0,-14.8,0.35
2024-01-27 03:00:00,ZONE_B02,0.01,18.1,-14.8,0.35
2024-01-27 04:00:00,ZONE_M01,0.14,18.8,-16.7,0.42
2024-01-27 04:00:00,ZONE_M02,0.14,17.4,-16.7,0.42
2024-01-27 04:00:00,ZONE_M03,0.14,18.1,-16.7,0.42
2024-01-27 04:00:00,ZONE_B01,0.14,18.3,-16.7,0.42
2024-01-27 04:00:00,ZONE_B02,0.14,18.5,-16.7,0.42
2024-01-27 05:00:00,ZONE_M01,0.43,20.7,-12.7,0.47
2024-01-27 05:00:00,ZONE_M02,0.43,19.9,-12.7,0.47
2024-01-27 05:00:00,ZONE_M03,0.43,19.5,-12.7,0.47
2024-01-27 05:00:00,ZONE_B01,0.43,19.7,-12.7,0.47
2024-01-27 05:00:00,ZONE_B02,0.43,19.8,-12.7,0.47
2024-01-27 06:00:00,ZONE_M01,0.74,20.4,-14.8,0.61
2024-01-27 06:00:00,ZONE_M02,0.74,20.4,-14.8,0.61
2024-01-27 06:00:00,ZONE_M03,0.74,19.5,-14.8,0.61
2024-01-27 06:00:00,ZONE_B01,0.74,20.1,-14.8,0.61
2024-01-27 06:00:00,ZONE_B02,0.74,19.7,-14.8,0.61
2024-01-27 07:00:00,ZONE_M01,0.55,19.5,-20.5,0.63
2024-01-27 07:00:00,ZONE_M02,0.55,19.8,-20.5,0.63
2024-01-27 07:00:00,ZONE_M03,0.55,18.8,-20.5,0.63
2024-01-27 07:00:00,ZONE_B01,0.55,19.5,-20.5,0.63
2024-01-27 07:00:00,ZONE_B02,0.55,19.7,-20.5,0.63
2024-01-27 08:00:00,ZONE_M01,0.72,19.7,-17.0,0.64
2024-01-27 08:00:00,ZONE_M02,0.72,20.2,-17.0,0.64
2024-01-27 08:00:00,ZONE_M03,0.72,21.5,-17.0,0.64
2024-01-27 08:00:00,ZONE_B01,0.72,20.9,-17.0,0.64
2024-01-27 08:00:00,ZONE_B02,0.72,20.3,-17.0,0.64
2024-01-27 09:00:00,ZONE_M01,0.49,18.8,-13.4,0.5
2024-01-27 09:00:00,ZONE_M02,0.49,19.9,-13.4,0.5
2024-01-27 09:00:00,ZONE_M03,0.49,19.9,-13.4,0.5
2024-01-27 09:00:00,ZONE_B01,0.49,19.5,-13.4,0.5
2024-01-27 09:00:00,ZONE_B02,0.49,19.6,-13.4,0.5
2024-01-27 10:00:00,ZONE_M01,0.61,19.3,-16.3,0.59
2024-01-27 10:00:00,ZONE_M02,0.61,20.7,-16.3,0.59
2024-01-27 10:00:00,ZONE_M03,0.61,19.3,-16.3,0.59
2024-01-27 10:00:00,ZONE_B01,0.61,19.6,-16.3,0.59
2024-01-27 10:00:00,ZONE_B02,0.61,20.4,-16.3,0.59
2024-01-27 11:00:00,ZONE_M01,0.74,20.6,-13.5,0.58
2024-01-27 11:00:00,ZONE_M02,0.74,19.9,-13.5,0.58
2024-01-27 11:00:00,ZONE_M03,0.74,19.7,-13.5,0.58
2024-01-27 11:00:00,ZONE_B01,0.74,20.4,-13.5,0.58
2024-01-27 11:00:00,ZONE_B02,0.74,20.2,-13.5,0.58
2024-01-27 12:00:00,ZONE_M01,0.69,19.8,-15.0,0.59
2024-01-27 12:00:00,ZONE_M02,0.69,20.7,-15.0,0.59
2024-01-27 12:00:00,ZONE_M03,0.69,20.5,-15.0,0.59
2024-01-27 12:00:00,ZONE_B01,0.69,19.7,-15.0,0.59
2024-01-27 12:00:00,ZONE_B02,0.69,21.0,-15.0,0.59
2024-01-27 13:00:00,ZONE_M01,0.45,19.6,-18.6,0.56
2024-01-27 13:00:00,ZONE_M02,0.45,20.0,-18.6,0.56
2024-01-27 13:00:00,ZONE_M03,0.45,18.3,-18.6,0.56
2024-01-27 13:00:00,ZONE_B01,0.45,19.3,-18.6,0.56
2024-01-27 13:00:00,ZONE_B02,0.45,19.8,-18.6,0.56
2024-01-27 14:00:00,ZONE_M01,0.81,20.2,-15.2,0.64
2024-01-27 14:00:00,ZONE_M02,0.81,20.7,-15.2,0.64
2024-01-27 14:00:00,ZONE_M03,0.81,20.0,-15.2,0.64
2024-01-27 14:00:00,ZONE_B01,0.81,20.4,-15.2,0.64
2024-01-27 14:00:00,ZONE_B02,0.81,20.0,-15.2,0.64
2024-01-27 15:00:00,ZONE_M01,0.48,20.0,-18.5,0.57
2024-01-27 15:00:00,ZONE_M02,0.48,19.7,-18.5,0.57
2024-01-27 15:00:00,ZONE_M03,0.48,19.7,-18.5,0.57
2024-01-27 15:00:00,ZONE_B01,0.48,19.5,-18.5,0.57
2024-01-27 15:00:00,ZONE_B02,0.48,19.5,-18.5,0.57
2024-01-27 16:00:00,ZONE_M01,0.85,21.1,-13.9,0.63
2024-01-27 16:00:00,ZONE_M02,0.85,20.2,-13.9,0.63
2024-01-27 16:00:00,ZONE_M03,0.85,19.8,-13.9,0.63
2024-01-27 16:00:00,ZONE_B01,0.85,20.8,-13.9,0.63
2024-01-27 16:00:00,ZONE_B02,0.85,20.6,-13.9,0.63
2024-01-27 17:00:00,ZONE_M01,0.65,19.9,-17.0,0.61
2024-01-27 17:00:00,ZONE_M02,0.65,19.3,-17.0,0.61
2024-01-27 17:00:00,ZONE_M03,0.65,20.3,-17.0,0.61
2024-01-27 17:00:00,ZONE_B01,0.65,19.6,-17.0,0.61
2024-01-27 17:00:00,ZONE_B02,0.65,20.1,-17.0,0.61
2024-01-27 18:00:00,ZONE_M01,0.76,20.0,-17.4,0.66
2024-01-27 18:00:00,ZONE_M02,0.76,20.0,-17.4,0.66
2024-01-27 18:00:00,ZONE_M03,0.76,20.9,-17.4,0.66
2024-01-27 18:00:00,ZONE_B01,0.76,20.0,-17.4,0.66
2024-01-27 18:00:00,ZONE_B02,0.76,20.0,-17.4,0.66
2024-01-27 19:00:00,ZONE_M01,0.82,20.1,-19.3,0.71
2024-01-27 19:00:00,ZONE_M02,0.82,20.9,-19.3,0.71
2024-01-27 19:00:00,ZONE_M03,0.82,20.3,-19.3,0.71
2024-01-27 19:00:00,ZONE_B01,0.82,20.8,-19.3,0.71
2024-01-27 19:00:00,ZONE_B02,0.82,20.5,-19.3,0.71
2024-01-27 20:00:00,ZONE_M01,0.79,20.2,-14.4,0.62
2024-01-27 20:00:00,ZONE_M02,0.79,20.2,-14.4,0.62
2024-01-27 20:00:00,ZONE_M03,0.79,19.9,-14.4,0.62
2024-01-27 20:00:00,ZONE_B01,0.79,21.3,-14.4,0.62
2024-01-27 20:00:00,ZONE_B02,0.79,20.9,-14.4,0.62
2024-01-27 21:00:00,ZONE_M01,0.7,20.4,-16.9,0.63
2024-01-27 21:00:00,ZONE_M02,0.7,20.4,-16.9,0.63
2024-01-27 21:00:00,ZONE_M03,0.7,20.0,-16.9,0.63
2024-01-27 21:00:00,ZONE_B01,0.7,20.1,-16.9,0.63
2024-01-27 21:00:00,ZONE_B02,0.7,21.0,-16.9,0.63
2024-01-27 22:00:00,ZONE_M01,0.78,20.5,-16.4,0.65
2024-01-27 22:00:00,ZONE_M02,0.78,20.0,-16.4,0.65
2024-01-27 22:00:00,ZONE_M03,0.78,20.3,-16.4,0.65
2024-01-27 22:00:00,ZONE_B01,0.78,21.0,-16.4,0.65
2024-01-27 22:00:00,ZONE_B02,0.78,20.4,-16.4,0.65
2024-01-27 23:00:00,ZONE_M01,0.26,18.7,-19.8,0.5
2024-01-27 23:00:00,ZONE_M02,0.26,18.7,-19.8,0.5
2024-01-27 23:00:00,ZONE_M03,0.26,18.4,-19.8,0.5
2024-01-27 23:00:00,ZONE_B01,0.26,17.8,-19.8,0.5
2024-01-27 23:00:00,ZONE_B02,0.26,18.5,-19.8,0.5
2024-01-28 00:00:00,ZONE_M01,0.36,19.9,-14.2,0.47
2024-01-28 00:00:00,ZONE_M02,0.36,18.4,-14.2,0.47
2024-01-28 00:00:00,ZONE_M03,0.36,18.4,-14.2,0.47
2024-01-28 00:00:00,ZONE_B01,0.36,19.4,-14.2,0.47
2024-01-28 00:00:00,ZONE_B02,0.36,18.4,-14.2,0.47
2024-01-28 01:00:00,ZONE_M01,0.15,18.3,-18.6,0.44
2024-01-28 01:00:00,ZONE_M02,0.15,18.3,-18.6,0.44
2024-01-28 01:00:00,ZONE_M03,0.15,18.8,-18.6,0.44
2024-01-28 01:00:00,ZONE_B01,0.15,19.1,-18.6,0.44
2024-01-28 01:00:00,ZONE_B02,0.15,18.5,-18.6,0.44
2024-01-28 02:00:00,ZONE_M01,0.19,18.9,-18.0,0.45
2024-01-28 02:00:00,ZONE_M02,0.19,18.9,-18.0,0.45
2024-01-28 02:00:00,ZONE_M03,0.19,18.4,-18.0,0.45
2024-01-28 02:00:00,ZONE_B01,0.19,18.5,-18.0,0.45
2024-01-28 02:00:00,ZONE_B02,0.19,18.3,-18.0,0.45
2024-01-28 03:00:00,ZONE_M01,0.29,18.6,-19.3,0.51
2024-01-28 03:00:00,ZONE_M02,0.29,19.6,-19.3,0.51
2024-01-28 03:00:00,ZONE_M03,0.29,19.3,-19.3,0.51
2024-01-28 03:00:00,ZONE_B01,0.29,19.9,-19.3,0.51
2024-01-28 03:00:00,ZONE_B02,0.29,19.1,-19.3,0.51
2024-01-28 04:00:00,ZONE_M01,0.03,18.3,-18.8,0.4
2024-01-28 04:00:00,ZONE_M02,0.03,18.4,-18.8,0.4
2024-01-28 04:00:00,ZONE_M03,0.03,18.1,-18.8,0.4
2024-01-28 04:00:00,ZONE_B01,0.03,17.6,-18.8,0.4
2024-01-28 04:00:00,ZONE_B02,0.03,18.4,-18.8,0.4
2024-01-28 05:00:00,ZONE_M01,0.23,18.1,-23.3,0.53
2024-01-28 05:00:00,ZONE_M02,0.23,18.9,-23.3,0.53
2024-01-28 05:00:00,ZONE_M03,0.23,18.0,-23.3,0.53
2024-01-28 05:00:00,ZONE_B01,0.23,19.0,-23.3,0.53
2024-01-28 05:00:00,ZONE_B02,0.23,18.4,-23.3,0.53
2024-01-28 06:00:00,ZONE_M01,0.5,18.8,-20.5,0.61
2024-01-28 06:00:00,ZONE_M02,0.5,19.8,-20.5,0.61
2024-01-28 06:00:00,ZONE_M03,0.5,19.4,-20.5,0.61
2024-01-28 06:00:00,ZONE_B01,0.5,19.0,-20.5,0.61
2024-01-28 06:00:00,ZONE_B02,0.5,19.9,-20.5,0.61
2024-01-28 07:00:00,ZONE_M01,0.68,20.5,-16.1,0.61
2024-01-28 07:00:00,ZONE_M02,0.68,20.2,-16.1,0.61
2024-01-28 07:00:00,ZONE_M03,0.68,19.5,-16.1,0.61
2024-01-28 07:00:00,ZONE_B01,0.68,19.5,-16.1,0.61
2024-01-28 07:00:00,ZONE_B02,0.68,19.3,-16.1,0.61
2024-01-28 08:00:00,ZONE_M01,0.95,21.3,-17.6,0.73
2024-01-28 08:00:00,ZONE_M02,0.95,20.8,-17.6,0.73
2024-01-28 08:00:00,ZONE_M03,0.95,20.8,-17.6,0.73
2024-01-28 08:00:00,ZONE_B01,0.95,20.4,-17.6,0.73
2024-01-28 08:00:00,ZONE_B02,0.95,20.8,-17.6,0.73
2024-01-28 09:00:00,ZONE_M01,0.95,20.4,-13.6,0.66
2024-01-28 09:00:00,ZONE_M02,0.95,20.0,-13.6,0.66
2024-01-28 09:00:00,ZONE_M03,0.95,20.8,-13.6,0.66
2024-01-28 09:00:00,ZONE_B01,0.95,20.1,-13.6,0.66
2024-01-28 09:00:00,ZONE_B02,0.95,21.4,-13.6,0.66
2024-01-28 10:00:00,ZONE_M01,0.5,19.6,-17.0,0.56
2024-01-28 10:00:00,ZONE_M02,0.5,18.9,-17.0,0.56
2024-01-28 10:00:00,ZONE_M03,0.5,19.7,-17.0,0.56
2024-01-28 10:00:00,ZONE_B01,0.5,19.3,-17.0,0.56
2024-01-28 10:00:00,ZONE_B02,0.5,19.8,-17.0,0.56
2024-01-28 11:00:00,ZONE_M01,0.66,20.0,-15.4,0.59
2024-01-28 11:00:00,ZONE_M02,0.66,19.8,-15.4,0.59
2024-01-28 11:00:00,ZONE_M03,0.66,20.1,-15.4,0.59
2024-01-28 11:00:00,ZONE_B01,0.66,20.0,-15.4,0.59
2024-01-28 11:00:00,ZONE_B02,0.66,20.0,-15.4,0.59
2024-01-28 12:00:00,ZONE_M01,0.64,19.1,-16.7,0.6
2024-01-28 12:00:00,ZONE_M02,0.64,19.9,-16.7,0.6
2024-01-28 12:00:00,ZONE_M03,0.64,20.8,-16.7,0.6
2024-01-28 12:00:00,ZONE_B01,0.64,20.2,-16.7,0.6
2024-01-28 12:00:00,ZONE_B02,0.64,19.4,-16.7,0.6
2024-01-28 13:00:00,ZONE_M01,0.49,20.1,-12.5,0.48
2024-01-28 13:00:00,ZONE_M02,0.49,20.0,-12.5,0.48
2024-01-28 13:00:00,ZONE_M03,0.49,19.0,-12.5,0.48
2024-01-28 13:00:00,ZONE_B01,0.49,19.1,-12.5,0.48
2024-01-28 13:00:00,ZONE_B02,0.49,19.3,-12.5,0.48
2024-01-28 14:00:00,ZONE_M01,0.92,21.8,-19.4,0.76
2024-01-28 14:00:00,ZONE_M02,0.92,20.2,-19.4,0.76
2024-01-28 14:00:00,ZONE_M03,0.92,20.5,-19.4,0.76
2024-01-28 14:00:00,ZONE_B01,0.92,21.0,-19.4,0.76
2024-01-28 14:00:00,ZONE_B02,0.92,21.3,-19.4,0.76
2024-01-28 15:00:00,ZONE_M01,0.51,19.0,-19.0,0.59
2024-01-28 15:00:00,ZONE_M02,0.51,18.5,-19.0,0.59
2024-01-28 15:00:00,ZONE_M03,0.51,19.9,-19.0,0.59
2024-01-28 15:00:00,ZONE_B01,0.51,19.5,-19.0,0.59
2024-01-28 15:00:00,ZONE_B02,0.51,19.0,-19.0,0.59
2024-01-28 16:00:00,ZONE_M01,0.43,19.1,-16.3,0.52
2024-01-28 16:00:00,ZONE_M02,0.43,20.5,-16.3,0.52
2024-01-28 16:00:00,ZONE_M03,0.43,20.3,-16.3,0.52
2024-01-28 16:00:00,ZONE_B01,0.43,19.1,-16.3,0.52
2024-01-28 16:00:00,ZONE_B02,0.43,19.2,-16.3,0.52
2024-01-28 17:00:00,ZONE_M01,0.64,19.6,-18.1,0.63
2024-01-28 17:00:00,ZONE_M02,0.64,19.8,-18.1,0.63
2024-01-28 17:00:00,ZONE_M03,0.64,20.0,-18.1,0.63
2024-01-28 17:00:00,ZONE_B01,0.64,20.5,-18.1,0.63
2024-01-28 17:00:00,ZONE_B02,0.64,20.2,-18.1,0.63
2024-01-28 18:00:00,ZONE_M01,0.58,20.2,-16.0,0.57
2024-01-28 18:00:00,ZONE_M02,0.58,19.4,-16.0,0.57
2024-01-28 18:00:00,ZONE_M03,0.58,19.9,-16.0,0.57
2024-01-28 18:00:00,ZONE_B01,0.58,19.9,-16.0,0.57
2024-01-28 18:00:00,ZONE_B02,0.58,21.3,-16.0,0.57
2024-01-28 19:00:00,ZONE_M01,0.48,19.6,-17.0,0.55
2024-01-28 19:00:00,ZONE_M02,0.48,18.8,-17.0,0.55
2024-01-28 19:00:00,ZONE_M03,0.48,20.0,-17.0,0.55
2024-01-28 19:00:00,ZONE_B01,0.48,19.8,-17.0,0.55
2024-01-28 19:00:00,ZONE_B02,0.48,19.3,-17.0,0.55
2024-01-28 20:00:00,ZONE_M01,0.46,20.2,-15.7,0.52
2024-01-28 20:00:00,ZONE_M02,0.46,19.0,-15.7,0.52
2024-01-28 20:00:00,ZONE_M03,0.46,19.7,-15.7,0.52
2024-01-28 20:00:00,ZONE_B01,0.46,19.8,-15.7,0.52
2024-01-28 20:00:00,ZONE_B02,0.46,19.5,-15.7,0.52
2024-01-28 21:00:00,ZONE_M01,0.41,18.7,-19.6,0.56
2024-01-28 21:00:00,ZONE_M02,0.41,19.8,-19.6,0.56
2024-01-28 21:00:00,ZONE_M03,0.41,19.3,-19.6,0.56
2024-01-28 21:00:00,ZONE_B01,0.41,20.0,-19.6,0.56
2024-01-28 21:00:00,ZONE_B02,0.41,18.8,-19.6,0.56
2024-01-28 22:00:00,ZONE_M01,0.57,19.4,-16.8,0.58
2024-01-28 22:00:00,ZONE_M02,0.57,19.2,-16.8,0.58
2024-01-28 22:00:00,ZONE_M03,0.57,19.7,-16.8,0.58
2024-01-28 22:00:00,ZONE_B01,0.57,20.0,-16.8,0.58
2024-01-28 22:00:00,ZONE_B02,0.57,19.5,-16.8,0.58
2024-01-28 23:00:00,ZONE_M01,0.29,18.9,-16.9,0.48
2024-01-28 23:00:00,ZONE_M02,0.29,19.2,-16.9,0.48
2024-01-28 23:00:00,ZONE_M03,0.29,18.5,-16.9,0.48
2024-01-28 23:00:00,ZONE_B01,0.29,19.3,-16.9,0.48
2024-01-28 23:00:00,ZONE_B02,0.29,18.3,-16.9,0.48
2024-01-29 00:00:00,ZONE_M01,0.31,18.3,-15.5,0.46
2024-01-29 00:00:00,ZONE_M02,0.31,17.9,-15.5,0.46
2024-01-29 00:00:00,ZONE_M03,0.31,18.8,-15.5,0.46
2024-01-29 00:00:00,ZONE_B01,0.31,18.3,-15.5,0.46
2024-01-29 00:00:00,ZONE_B02,0.31,19.0,-15.5,0.46
2024-01-29 01:00:00,ZONE_M01,0.22,18.3,-17.1,0.45
2024-01-29 01:00:00,ZONE_M02,0.22,18.5,-17.1,0.45
2024-01-29 01:00:00,ZONE_M03,0.22,18.3,-17.1,0.45
2024-01-29 01:00:00,ZONE_B01,0.22,18.1,-17.1,0.45
2024-01-29 01:00:00,ZONE_B02,0.22,18.6,-17.1,0.45
2024-01-29 02:00:00,ZONE_M01,0.26,19.6,-16.5,0.46
2024-01-29 02:00:00,ZONE_M02,0.26,18.2,-16.5,0.46
2024-01-29 02:00:00,ZONE_M03,0.26,18.1,-16.5,0.46
2024-01-29 02:00:00,ZONE_B01,0.26,19.8,-16.5,0.46
2024-01-29 02:00:00,ZONE_B02,0.26,18.6,-16.5,0.46
2024-01-29 03:00:00,ZONE_M01,0.06,17.9,-17.2,0.39
2024-01-29 03:00:00,ZONE_M02,0.06,17.2,-17.2,0.39
2024-01-29 03:00:00,ZONE_M03,0.06,18.5,-17.2,0.39
2024-01-29 03:00:00,ZONE_B01,0.06,17.2,-17.2,0.39
2024-01-29 03:00:00,ZONE_B02,0.06,17.7,-17.2,0.39
2024-01-29 04:00:00,ZONE_M01,0.13,18.6,-14.3,0.39
2024-01-29 04:00:00,ZONE_M02,0.13,18.7,-14.3,0.39
2024-01-29 04:00:00,ZONE_M03,0.13,18.3,-14.3,0.39
2024-01-29 04:00:00,ZONE_B01,0.13,18.6,-14.3,0.39
2024-01-29 04:00:00,ZONE_B02,0.13,18.8,-14.3,0.39
2024-01-29 05:00:00,ZONE_M01,0.0,18.2,-20.1,0.4
2024-01-29 05:00:00,ZONE_M02,0.0,18.4,-20.1,0.4
2024-01-29 05:00:00,ZONE_M03,0.0,17.8,-20.1,0.4
2024-01-29 05:00:00,ZONE_B01,0.0,18.1,-20.1,0.4
2024-01-29 05:00:00,ZONE_B02,0.0,17.9,-20.1,0.4
2024-01-29 06:00:00,ZONE_M01,0.65,20.3,-17.0,0.61
2024-01-29 06:00:00,ZONE_M02,0.65,20.3,-17.0,0.61
2024-01-29 06:00:00,ZONE_M03,0.65,20.1,-17.0,0.61
2024-01-29 06:00:00,ZONE_B01,0.65,20.5,-17.0,0.61
2024-01-29 06:00:00,ZONE_B02,0.65,19.9,-17.0,0.61
2024-01-29 07:00:00,ZONE_M01,0.74,19.5,-19.6,0.69
2024-01-29 07:00:00,ZONE_M02,0.74,20.5,-19.6,0.69
2024-01-29 07:00:00,ZONE_M03,0.74,20.2,-19.6,0.69
2024-01-29 07:00:00,ZONE_B01,0.74,20.7,-19.6,0.69
2024-01-29 07:00:00,ZONE_B02,0.74,19.8,-19.6,0.69
2024-01-29 08:00:00,ZONE_M01,0.66,20.0,-22.2,0.7
2024-01-29 08:00:00,ZONE_M02,0.66,20.5,-22.2,0.7
2024-01-29 08:00:00,ZONE_M03,0.66,19.8,-22.2,0.7
2024-01-29 08:00:00,ZONE_B01,0.66,20.1,-22.2,0.7
2024-01-29 08:00:00,ZONE_B02,0.66,19.6,-22.2,0.7
2024-01-29 09:00:00,ZONE_M01,0.7,19.2,-15.8,0.61
2024-01-29 09:00:00,ZONE_M02,0.7,20.0,-15.8,0.61
2024-01-29 09:00:00,ZONE_M03,0.7,20.3,-15.8,0.61
2024-01-29 09:00:00,ZONE_B01,0.7,20.8,-15.8,0.61
2024-01-29 09:00:00,ZONE_B02,0.7,21.3,-15.8,0.61
2024-01-29 10:00:00,ZONE_M01,0.8,20.6,-19.4,0.71
2024-01-29 10:00:00,ZONE_M02,0.8,20.3,-19.4,0.71
2024-01-29 10:00:00,ZONE_M03,0.8,21.1,-19.4,0.71
2024-01-29 10:00:00,ZONE_B01,0.8,21.4,-19.4,0.71
2024-01-29 10:00:00,ZONE_B02,0.8,20.0,-19.4,0.71
2024-01-29 11:00:00,ZONE_M01,0.77,20.8,-15.6,0.63
2024-01-29 11:00:00,ZONE_M02,0.77,20.5,-15.6,0.63
2024-01-29 11:00:00,ZONE_M03,0.77,19.7,-15.6,0.63
2024-01-29 11:00:00,ZONE_B01,0.77,20.3,-15.6,0.63
2024-01-29 11:00:00,ZONE_B02,0.77,20.2,-15.6,0.63
2024-01-29 12:00:00,ZONE_M01,0.78,20.7,-16.3,0.65
2024-01-29 12:00:00,ZONE_M02,0.78,20.6,-16.3,0.65
2024-01-29 12:00:00,ZONE_M03,0.78,19.6,-16.3,0.65
2024-01-29 12:00:00,ZONE_B01,0.78,20.8,-16.3,0.65
2024-01-29 12:00:00,ZONE_B02,0.78,20.1,-16.3,0.65
2024-01-29 13:00:00,ZONE_M01,0.61,19.3,-14.8,0.56
2024-01-29 13:00:00,ZONE_M02,0.61,18.9,-14.8,0.56
2024-01-29 13:00:00,ZONE_M03,0.61,19.1,-14.8,0.56
2024-01-29 13:00:00,ZONE_B01,0.61,20.0,-14.8,0.56
2024-01-29 13:00:00,ZONE_B02,0.61,18.7,-14.8,0.56
2024-01-29 14:00:00,ZONE_M01,0.43,18.9,-18.9,0.56
2024-01-29 14:00:00,ZONE_M02,0.43,18.8,-18.9,0.56
2024-01-29 14:00:00,ZONE_M03,0.43,19.1,-18.9,0.56
2024-01-29 14:00:00,ZONE_B01,0.43,19.6,-18.9,0.56
2024-01-29 14:00:00,ZONE_B02,0.43,18.9,-18.9,0.56
2024-01-29 15:00:00,ZONE_M01,0.53,20.0,-17.9,0.58
2024-01-29 15:00:00,ZONE_M02,0.53,19.3,-17.9,0.58
2024-01-29 15:00:00,ZONE_M03,0.53,19.8,-17.9,0.58
2024-01-29 15:00:00,ZONE_B01,0.53,19.5,-17.9,0.58
2024-01-29 15:00:00,ZONE_B02,0.53,19.9,-17.9,0.58
2024-01-29 16:00:00,ZONE_M01,0.62,20.6,-18.1,0.62
2024-01-29 16:00:00,ZONE_M02,0.62,19.9,-18.1,0.62
2024-01-29 16:00:00,ZONE_M03,0.62,19.7,-18.1,0.62
2024-01-29 16:00:00,ZONE_B01,0.62,19.4,-18.1,0.62
2024-01-29 16:00:00,ZONE_B02,0.62,19.4,-18.1,0.62
2024-01-29 17:00:00,ZONE_M01,0.66,20.9,-13.6,0.56
2024-01-29 17:00:00,ZONE_M02,0.66,19.8,-13.6,0.56
2024-01-29 17:00:00,ZONE_M03,0.66,20.6,-13.6,0.56
2024-01-29 17:00:00,ZONE_B01,0.66,20.3,-13.6,0.56
2024-01-29 17:00:00,ZONE_B02,0.66,19.3,-13.6,0.56
2024-01-29 18:00:00,ZONE_M01,0.64,20.1,-17.1,0.61
2024-01-29 18:00:00,ZONE_M02,0.64,20.7,-17.1,0.61
2024-01-29 18:00:00,ZONE_M03,0.64,19.8,-17.1,0.61
2024-01-29 18:00:00,ZONE_B01,0.64,20.0,-17.1,0.61
2024-01-29 18:00:00,ZONE_B02,0.64,19.4,-17.1,0.61
2024-01-29 19:00:00,ZONE_M01,0.93,20.7,-14.5,0.66
2024-01-29 19:00:00,ZONE_M02,0.93,21.0,-14.5,0.66
2024-01-29 19:00:00,ZONE_M03,0.93,21.1,-14.5,0.66
2024-01-29 19:00:00,ZONE_B01,0.93,20.5,-14.5,0.66
2024-01-29 19:00:00,ZONE_B02,0.93,20.2,-14.5,0.66
2024-01-29 20:00:00,ZONE_M01,0.65,20.6,-16.3,0.6
2024-01-29 20:00:00,ZONE_M02,0.65,20.3,-16.3,0.6
2024-01-29 20:00:00,ZONE_M03,0.65,19.4,-16.3,0.6
2024-01-29 20:00:00,ZONE_B01,0.65,19.4,-16.3,0.6
2024-01-29 20:00:00,ZONE_B02,0.65,19.5,-16.3,0.6
2024-01-29 21:00:00,ZONE_M01,0.6,20.3,-15.9,0.58
2024-01-29 21:00:00,ZONE_M02,0.6,20.0,-15.9,0.58
2024-01-29 21:00:00,ZONE_M03,0.6,20.8,-15.9,0.58
2024-01-29 21:00:00,ZONE_B01,0.6,20.7,-15.9,0.58
2024-01-29 21:00:00,ZONE_B02,0.6,19.8,-15.9,0.58
2024-01-29 22:00:00,ZONE_M01,0.22,18.7,-16.6,0.45
2024-01-29 22:00:00,ZONE_M02,0.22,18.6,-16.6,0.45
2024-01-29 22:00:00,ZONE_M03,0.22,18.1,-16.6,0.45
2024-01-29 22:00:00,ZONE_B01,0.22,18.1,-16.6,0.45
2024-01-29 22:00:00,ZONE_B02,0.22,18.8,-16.6,0.45
2024-01-29 23:00:00,ZONE_M01,0.02,18.7,-17.7,0.38
2024-01-29 23:00:00,ZONE_M02,0.02,19.4,-17.7,0.38
2024-01-29 23:00:00,ZONE_M03,0.02,18.6,-17.7,0.38
2024-01-29 23:00:00,ZONE_B01,0.02,17.8,-17.7,0.38
2024-01-29 23:00:00,ZONE_B02,0.02,17.4,-17.7,0.38
2024-01-30 00:00:00,ZONE_M01,0.23,18.0,-14.3,0.42
2024-01-30 00:00:00,ZONE_M02,0.23,18.7,-14.3,0.42
2024-01-30 00:00:00,ZONE_M03,0.23,18.8,-14.3,0.42
2024-01-30 00:00:00,ZONE_B01,0.23,18.8,-14.3,0.42
2024-01-30 00:00:00,ZONE_B02,0.23,18.7,-14.3,0.42
2024-01-30 01:00:00,ZONE_M01,0.12,18.1,-15.2,0.39
2024-01-30 01:00:00,ZONE_M02,0.12,18.3,-15.2,0.39
2024-01-30 01:00:00,ZONE_M03,0.12,18.7,-15.2,0.39
2024-01-30 01:00:00,ZONE_B01,0.12,18.1,-15.2,0.39
2024-01-30 01:00:00,ZONE_B02,0.12,18.8,-15.2,0.39
2024-01-30 02:00:00,ZONE_M01,0.15,17.8,-18.2,0.44
2024-01-30 02:00:00,ZONE_M02,0.15,19.5,-18.2,0.44
2024-01-30 02:00:00,ZONE_M03,0.15,18.1,-18.2,0.44
2024-01-30 02:00:00,ZONE_B01,0.15,18.2,-18.2,0.44
2024-01-30 02:00:00,ZONE_B02,0.15,18.9,-18.2,0.44
2024-01-30 03:00:00,ZONE_M01,0.09,17.5,-17.6,0.41
2024-01-30 03:00:00,ZONE_M02,0.09,18.4,-17.6,0.41
2024-01-30 03:00:00,ZONE_M03,0.09,17.4,-17.6,0.41
2024-01-30 03:00:00,ZONE_B01,0.09,18.4,-17.6,0.41
2024-01-30 03:00:00,ZONE_B02,0.09,18.9,-17.6,0.41
2024-01-30 04:00:00,ZONE_M01,0.19,18.2,-15.1,0.42
2024-01-30 04:00:00,ZONE_M02,0.19,17.8,-15.1,0.42
2024-01-30 04:00:00,ZONE_M03,0.19,17.9,-15.1,0.42
2024-01-30 04:00:00,ZONE_B01,0.19,18.6,-15.1,0.42
2024-01-30 04:00:00,ZONE_B02,0.19,18.3,-15.1,0.42
2024-01-30 05:00:00,ZONE_M01,0.24,19.1,-15.4,0.44
2024-01-30 05:00:00,ZONE_M02,0.24,18.2,-15.4,0.44
2024-01-30 05:00:00,ZONE_M03,0.24,18.5,-15.4,0.44
2024-01-30 05:00:00,ZONE_B01,0.24,18.5,-15.4,0.44
2024-01-30 05:00:00,ZONE_B02,0.24,19.8,-15.4,0.44
2024-01-30 06:00:00,ZONE_M01,0.72,19.6,-13.7,0.58
2024-01-30 06:00:00,ZONE_M02,0.72,20.4,-13.7,0.58
2024-01-30 06:00:00,ZONE_M03,0.72,19.7,-13.7,0.58
2024-01-30 06:00:00,ZONE_B01,0.72,20.4,-13.7,0.58
2024-01-30 06:00:00,ZONE_B02,0.72,20.3,-13.7,0.58
2024-01-30 07:00:00,ZONE_M01,0.87,20.6,-20.5,0.76
2024-01-30 07:00:00,ZONE_M02,0.87,21.2,-20.5,0.76
2024-01-30 07:00:00,ZONE_M03,0.87,20.1,-20.5,0.76
2024-01-30 07:00:00,ZONE_B01,0.87,21.5,-20.5,0.76
2024-01-30 07:00:00,ZONE_B02,0.87,19.8,-20.5,0.76
2024-01-30 08:00:00,ZONE_M01,0.72,19.6,-19.3,0.68
2024-01-30 08:00:00,ZONE_M02,0.72,21.3,-19.3,0.68
2024-01-30 08:00:00,ZONE_M03,0.72,20.1,-19.3,0.68
2024-01-30 08:00:00,ZONE_B01,0.72,19.9,-19.3,0.68
2024-01-30 08:00:00,ZONE_B02,0.72,20.6,-19.3,0.68
2024-01-30 09:00:00,ZONE_M01,0.7,20.8,-15.8,0.61
2024-01-30 09:00:00,ZONE_M02,0.7,20.1,-15.8,0.61
2024-01-30 09:00:00,ZONE_M03,0.7,20.5,-15.8,0.61
2024-01-30 09:00:00,ZONE_B01,0.7,20.1,-15.8,0.61
2024-01-30 09:00:00,ZONE_B02,0.7,21.5,-15.8,0.61
2024-01-30 10:00:00,ZONE_M01,0.6,20.7,-17.5,0.6
2024-01-30 10:00:00,ZONE_M02,0.6,19.9,-17.5,0.6
2024-01-30 10:00:00,ZONE_M03,0.6,20.4,-17.5,0.6
2024-01-30 10:00:00,ZONE_B01,0.6,19.6,-17.5,0.6
2024-01-30 10:00:00,ZONE_B02,0.6,20.3,-17.5,0.6
2024-01-30 11:00:00,ZONE_M01,0.65,20.2,-16.0,0.6
2024-01-30 11:00:00,ZONE_M02,0.65,20.3,-16.0,0.6
2024-01-30 11:00:00,ZONE_M03,0.65,20.3,-16.0,0.6
2024-01-30 11:00:00,ZONE_B01,0.65,19.7,-16.0,0.6
2024-01-30 11:00:00,ZONE_B02,0.65,19.8,-16.0,0.6
2024-01-30 12:00:00,ZONE_M01,0.84,20.7,-19.0,0.72
2024-01-30 12:00:00,ZONE_M02,0.84,20.7,-19.0,0.72
2024-01-30 12:00:00,ZONE_M03,0.84,19.9,-19.0,0.72
2024-01-30 12:00:00,ZONE_B01,0.84,20.5,-19.0,0.72
2024-01-30 12:00:00,ZONE_B02,0.84,20.5,-19.0,0.72
2024-01-30 13:00:00,ZONE_M01,0.74,20.2,-15.9,0.62
2024-01-30 13:00:00,ZONE_M02,0.74,20.0,-15.9,0.62
2024-01-30 13:00:00,ZONE_M03,0.74,19.8,-15.9,0.62
2024-01-30 13:00:00,ZONE_B01,0.74,19.2,-15.9,0.62
2024-01-30 13:00:00,ZONE_B02,0.74,19.8,-15.9,0.62
2024-01-30 14:00:00,ZONE_M01,0.81,20.3,-19.0,0.7
2024-01-30 14:00:00,ZONE_M02,0.81,19.6,-19.0,0.7
2024-01-30 14:00:00,ZONE_M03,0.81,20.2,-19.0,0.7
2024-01-30 14:00:00,ZONE_B01,0.81,21.4,-19.0,0.7
2024-01-30 14:00:00,ZONE_B02,0.81,19.5,-19.0,0.7
2024-01-30 15:00:00,ZONE_M01,0.47,19.7,-16.4,0.53
2024-01-30 15:00:00,ZONE_M02,0.47,20.0,-16.4,0.53
2024-01-30 15:00:00,ZONE_M03,0.47,19.2,-16.4,0.53
2024-01-30 15:00:00,ZONE_B01,0.47,19.4,-16.4,0.53
2024-01-30 15:00:00,ZONE_B02,0.47,18.7,-16.4,0.53
2024-01-30 16:00:00,ZONE_M01,0.77,20.0,-16.4,0.64
2024-01-30 16:00:00,ZONE_M02,0.77,19.9,-16.4,0.64
2024-01-30 16:00:00,ZONE_M03,0.77,20.7,-16.4,0.64
2024-01-30 16:00:00,ZONE_B01,0.77,20.9,-16.4,0.64
2024-01-30 16:00:00,ZONE_B02,0.77,20.3,-16.4,0.64
2024-01-30 17:00:00,ZONE_M01,0.6,19.8,-18.5,0.62
2024-01-30 17:00:00,ZONE_M02,0.6,20.9,-18.5,0.62
2024-01-30 17:00:00,ZONE_M03,0.6,19.5,-18.5,0.62
2024-01-30 17:00:00,ZONE_B01,0.6,19.5,-18.5,0.62
2024-01-30 17:00:00,ZONE_B02,0.6,19.7,-18.5,0.62
2024-01-30 18:00:00,ZONE_M01,0.79,19.7,-19.8,0.71
2024-01-30 18:00:00,ZONE_M02,0.79,21.4,-19.8,0.71
2024-01-30 18:00:00,ZONE_M03,0.79,20.8,-19.8,0.71
2024-01-30 18:00:00,ZONE_B01,0.79,20.9,-19.8,0.71
2024-01-30 18:00:00,ZONE_B02,0.79,21.1,-19.8,0.71
2024-01-30 19:00:00,ZONE_M01,0.72,18.4,-17.8,0.65
2024-01-30 19:00:00,ZONE_M02,0.72,21.5,-17.8,0.65
2024-01-30 19:00:00,ZONE_M03,0.72,19.5,-17.8,0.65
2024-01-30 19:00:00,ZONE_B01,0.72,20.2,-17.8,0.65
2024-01-30 19:00:00,ZONE_B02,0.72,19.3,-17.8,0.65
2024-01-30 20:00:00,ZONE_M01,0.52,19.9,-16.1,0.55
2024-01-30 20:00:00,ZONE_M02,0.52,19.8,-16.1,0.55
2024-01-30 20:00:00,ZONE_M03,0.52,19.1,-16.1,0.55
2024-01-30 20:00:00,ZONE_B01,0.52,19.7,-16.1,0.55
2024-01-30 20:00:00,ZONE_B02,0.52,20.0,-16.1,0.55
2024-01-30 21:00:00,ZONE_M01,0.47,19.8,-17.1,0.54
2024-01-30 21:00:00,ZONE_M02,0.47,19.4,-17.1,0.54
2024-01-30 21:00:00,ZONE_M03,0.47,19.2,-17.1,0.54
2024-01-30 21:00:00,ZONE_B01,0.47,18.0,-17.1,0.54
2024-01-30 21:00:00,ZONE_B02,0.47,20.2,-17.1,0.54
2024-01-30 22:00:00,ZONE_M01,0.53,20.9,-16.3,0.56
2024-01-30 22:00:00,ZONE_M02,0.53,20.5,-16.3,0.56
2024-01-30 22:00:00,ZONE_M03,0.53,19.6,-16.3,0.56
2024-01-30 22:00:00,ZONE_B01,0.53,19.2,-16.3,0.56
2024-01-30 22:00:00,ZONE_B02,0.53,20.5,-16.3,0.56
2024-01-30 23:00:00,ZONE_M01,0.26,18.4,-17.4,0.47
2024-01-30 23:00:00,ZONE_M02,0.26,19.7,-17.4,0.47
2024-01-30 23:00:00,ZONE_M03,0.26,19.9,-17.4,0.47
2024-01-30 23:00:00,ZONE_B01,0.26,19.7,-17.4,0.47
2024-01-30 23:00:00,ZONE_B02,0.26,19.3,-17.4,0.47
2024-01-31 00:00:00,ZONE_M01,0.1,18.8,-15.5,0.39
2024-01-31 00:00:00,ZONE_M02,0.1,18.6,-15.5,0.39
2024-01-31 00:00:00,ZONE_M03,0.1,17.6,-15.5,0.39
2024-01-31 00:00:00,ZONE_B01,0.1,18.3,-15.5,0.39
2024-01-31 00:00:00,ZONE_B02,0.1,18.5,-15.5,0.39
2024-01-31 01:00:00,ZONE_M01,0.21,19.0,-17.3,0.45
2024-01-31 01:00:00,ZONE_M02,0.21,18.2,-17.3,0.45
2024-01-31 01:00:00,ZONE_M03,0.21,19.6,-17.3,0.45
2024-01-31 01:00:00,ZONE_B01,0.21,18.3,-17.3,0.45
2024-01-31 01:00:00,ZONE_B02,0.21,18.2,-17.3,0.45
2024-01-31 02:00:00,ZONE_M01,0.31,19.8,-15.0,0.46
2024-01-31 02:00:00,ZONE_M02,0.31,18.7,-15.0,0.46
2024-01-31 02:00:00,ZONE_M03,0.31,18.2,-15.0,0.46
2024-01-31 02:00:00,ZONE_B01,0.31,19.4,-15.0,0.46
2024-01-31 02:00:00,ZONE_B02,0.31,18.4,-15.0,0.46
2024-01-31 03:00:00,ZONE_M01,0.28,19.5,-17.9,0.48
2024-01-31 03:00:00,ZONE_M02,0.28,18.9,-17.9,0.48
2024-01-31 03:00:00,ZONE_M03,0.28,19.4,-17.9,0.48
2024-01-31 03:00:00,ZONE_B01,0.28,18.4,-17.9,0.48
2024-01-31 03:00:00,ZONE_B02,0.28,19.4,-17.9,0.48
2024-01-31 04:00:00,ZONE_M01,0.15,18.3,-18.6,0.44
2024-01-31 04:00:00,ZONE_M02,0.15,19.9,-18.6,0.44
2024-01-31 04:00:00,ZONE_M03,0.15,18.6,-18.6,0.44
2024-01-31 04:00:00,ZONE_B01,0.15,18.9,-18.6,0.44
2024-01-31 04:00:00,ZONE_B02,0.15,18.5,-18.6,0.44
2024-01-31 05:00:00,ZONE_M01,0.09,17.5,-18.3,0.42
2024-01-31 05:00:00,ZONE_M02,0.09,19.1,-18.3,0.42
2024-01-31 05:00:00,ZONE_M03,0.09,18.8,-18.3,0.42
2024-01-31 05:00:00,ZONE_B01,0.09,18.3,-18.3,0.42
2024-01-31 05:00:00,ZONE_B02,0.09,18.9,-18.3,0.42
2024-01-31 06:00:00,ZONE_M01,0.55,19.4,-19.2,0.61
2024-01-31 06:00:00,ZONE_M02,0.55,19.6,-19.2,0.61
2024-01-31 06:00:00,ZONE_M03,0.55,18.4,-19.2,0.61
2024-01-31 06:00:00,ZONE_B01,0.55,19.8,-19.2,0.61
2024-01-31 06:00:00,ZONE_B02,0.55,19.6,-19.2,0.61
2024-01-31 07:00:00,ZONE_M01,0.93,20.5,-18.2,0.74
2024-01-31 07:00:00,ZONE_M02,0.93,21.5,-18.2,0.74
2024-01-31 07:00:00,ZONE_M03,0.93,20.9,-18.2,0.74
2024-01-31 07:00:00,ZONE_B01,0.93,20.5,-18.2,0.74
2024-01-31 07:00:00,ZONE_B02,0.93,20.6,-18.2,0.74
2024-01-31 08:00:00,ZONE_M01,0.81,21.2,-19.8,0.72
2024-01-31 08:00:00,ZONE_M02,0.81,20.8,-19.8,0.72
2024-01-31 08:00:00,ZONE_M03,0.81,21.0,-19.8,0.72
2024-01-31 08:00:00,ZONE_B01,0.81,20.5,-19.8,0.72
2024-01-31 08:00:00,ZONE_B02,0.81,20.7,-19.8,0.72
2024-01-31 09:00:00,ZONE_M01,0.7,20.3,-20.5,0.69
2024-01-31 09:00:00,ZONE_M02,0.7,19.4,-20.5,0.69
2024-01-31 09:00:00,ZONE_M03,0.7,20.1,-20.5,0.69
2024-01-31 09:00:00,ZONE_B01,0.7,19.6,-20.5,0.69
2024-01-31 09:00:00,ZONE_B02,0.7,19.8,-20.5,0.69
2024-01-31 10:00:00,ZONE_M01,0.65,18.6,-16.5,0.6
2024-01-31 10:00:00,ZONE_M02,0.65,19.2,-16.5,0.6
2024-01-31 10:00:00,ZONE_M03,0.65,19.6,-16.5,0.6
2024-01-31 10:00:00,ZONE_B01,0.65,20.2,-16.5,0.6
2024-01-31 10:00:00,ZONE_B02,0.65,20.8,-16.5,0.6
2024-01-31 11:00:00,ZONE_M01,0.43,19.6,-18.7,0.55
2024-01-31 11:00:00,ZONE_M02,0.43,19.0,-18.7,0.55
2024-01-31 11:00:00,ZONE_M03,0.43,20.2,-18.7,0.55
2024-01-31 11:00:00,ZONE_B01,0.43,19.6,-18.7,0.55
2024-01-31 11:00:00,ZONE_B02,0.43,18.7,-18.7,0.55
2024-01-31 12:00:00,ZONE_M01,0.82,20.0,-18.1,0.69
2024-01-31 12:00:00,ZONE_M02,0.82,20.7,-18.1,0.69
2024-01-31 12:00:00,ZONE_M03,0.82,20.5,-18.1,0.69
2024-01-31 12:00:00,ZONE_B01,0.82,20.3,-18.1,0.69
2024-01-31 12:00:00,ZONE_B02,0.82,22.1,-18.1,0.69
2024-01-31 13:00:00,ZONE_M01,0.78,20.7,-16.7,0.65
2024-01-31 13:00:00,ZONE_M02,0.78,20.7,-16.7,0.65
2024-01-31 13:00:00,ZONE_M03,0.78,20.3,-16.7,0.65
2024-01-31 13:00:00,ZONE_B01,0.78,20.6,-16.7,0.65
2024-01-31 13:00:00,ZONE_B02,0.78,21.4,-16.7,0.65
2024-01-31 14:00:00,ZONE_M01,0.66,19.6,-17.4,0.62
2024-01-31 14:00:00,ZONE_M02,0.66,19.5,-17.4,0.62
2024-01-31 14:00:00,ZONE_M03,0.66,19.8,-17.4,0.62
2024-01-31 14:00:00,ZONE_B01,0.66,20.0,-17.4,0.62
2024-01-31 14:00:00,ZONE_B02,0.66,20.0,-17.4,0.62
2024-01-31 15:00:00,ZONE_M01,0.7,19.7,-19.4,0.67
2024-01-31 15:00:00,ZONE_M02,0.7,19.6,-19.4,0.67
2024-01-31 15:00:00,ZONE_M03,0.7,20.2,-19.4,0.67
2024-01-31 15:00:00,ZONE_B01,0.7,20.2,-19.4,0.67
2024-01-31 15:00:00,ZONE_B02,0.7,20.5,-19.4,0.67
2024-01-31 16:00:00,ZONE_M01,0.52,18.5,-17.6,0.57
2024-01-31 16:00:00,ZONE_M02,0.52,18.9,-17.6,0.57
2024-01-31 16:00:00,ZONE_M03,0.52,19.2,-17.6,0.57
2024-01-31 16:00:00,ZONE_B01,0.52,20.0,-17.6,0.57
2024-01-31 16:00:00,ZONE_B02,0.52,19.7,-17.6,0.57
2024-01-31 17:00:00,ZONE_M01,0.75,19.4,-18.3,0.67
2024-01-31 17:00:00,ZONE_M02,0.75,19.8,-18.3,0.67
2024-01-31 17:00:00,ZONE_M03,0.75,21.4,-18.3,0.67
2024-01-31 17:00:00,ZONE_B01,0.75,20.7,-18.3,0.67
2024-01-31 17:00:00,ZONE_B02,0.75,18.7,-18.3,0.67
2024-01-31 18:00:00,ZONE_M01,0.66,20.5,-16.7,0.61
2024-01-31 18:00:00,ZONE_M02,0.66,19.8,-16.7,0.61
2024-01-31 18:00:00,ZONE_M03,0.66,20.5,-16.7,0.61
2024-01-31 18:00:00,ZONE_B01,0.66,20.2,-16.7,0.61
2024-01-31 18:00:00,ZONE_B02,0.66,20.4,-16.7,0.61
2024-01-31 19:00:00,ZONE_M01,0.58,19.6,-20.1,0.63
2024-01-31 19:00:00,ZONE_M02,0.58,19.5,-20.1,0.63
2024-01-31 19:00:00,ZONE_M03,0.58,19.7,-20.1,0.63
2024-01-31 19:00:00,ZONE_B01,0.58,19.7,-20.1,0.63
2024-01-31 19:00:00,ZONE_B02,0.58,19.4,-20.1,0.63
2024-01-31 20:00:00,ZONE_M01,0.53,20.4,-17.0,0.57
2024-01-31 20:00:00,ZONE_M02,0.53,19.8,-17.0,0.57
2024-01-31 20:00:00,ZONE_M03,0.53,19.9,-17.0,0.57
2024-01-31 20:00:00,ZONE_B01,0.53,19.6,-17.0,0.57
2024-01-31 20:00:00,ZONE_B02,0.53,19.6,-17.0,0.57
2024-01-31 21:00:00,ZONE_M01,0.67,19.5,-15.8,0.6
2024-01-31 21:00:00,ZONE_M02,0.67,20.3,-15.8,0.6
2024-01-31 21:00:00,ZONE_M03,0.67,19.7,-15.8,0.6
2024-01-31 21:00:00,ZONE_B01,0.67,20.9,-15.8,0.6
2024-01-31 21:00:00,ZONE_B02,0.67,19.8,-15.8,0.6
2024-01-31 22:00:00,ZONE_M01,0.49,19.4,-17.9,0.56
2024-01-31 22:00:00,ZONE_M02,0.49,18.4,-17.9,0.56
2024-01-31 22:00:00,ZONE_M03,0.49,19.9,-17.9,0.56
2024-01-31 22:00:00,ZONE_B01,0.49,20.0,-17.9,0.56
2024-01-31 22:00:00,ZONE_B02,0.49,19.0,-17.9,0.56
2024-01-31 23:00:00,ZONE_M01,0.13,17.9,-18.1,0.43
2024-01-31 23:00:00,ZONE_M02,0.13,18.3,-18.1,0.43
2024-01-31 23:00:00,ZONE_M03,0.13,18.2,-18.1,0.43
2024-01-31 23:00:00,ZONE_B01,0.13,18.1,-18.1,0.43
2024-01-31 23:00:00,ZONE_B02,0.13,18.5,-18.1,0.43
2024-02-01 00:00:00,ZONE_M01,0.26,18.8,-18.8,0.49
2024-02-01 00:00:00,ZONE_M02,0.26,18.5,-18.8,0.49
2024-02-01 00:00:00,ZONE_M03,0.26,19.4,-18.8,0.49
2024-02-01 00:00:00,ZONE_B01,0.26,17.9,-18.8,0.49
2024-02-01 00:00:00,ZONE_B02,0.26,18.6,-18.8,0.49
2024-02-01 01:00:00,ZONE_M01,0.18,19.2,-18.0,0.45
2024-02-01 01:00:00,ZONE_M02,0.18,19.5,-18.0,0.45
2024-02-01 01:00:00,ZONE_M03,0.18,18.8,-18.0,0.45
2024-02-01 01:00:00,ZONE_B01,0.18,19.1,-18.0,0.45
2024-02-01 01:00:00,ZONE_B02,0.18,19.3,-18.0,0.45
2024-02-01 02:00:00,ZONE_M01,0.16,18.1,-15.1,0.41
2024-02-01 02:00:00,ZONE_M02,0.16,18.1,-15.1,0.41
2024-02-01 02:00:00,ZONE_M03,0.16,18.1,-15.1,0.41
2024-02-01 02:00:00,ZONE_B01,0.16,18.3,-15.1,0.41
2024-02-01 02:00:00,ZONE_B02,0.16,18.6,-15.1,0.41
2024-02-01 03:00:00,ZONE_M01,0.1,18.7,-18.9,0.43
2024-02-01 03:00:00,ZONE_M02,0.1,17.9,-18.9,0.43
2024-02-01 03:00:00,ZONE_M03,0.1,17.6,-18.9,0.43
2024-02-01 03:00:00,ZONE_B01,0.1,18.8,-18.9,0.43
2024-02-01 03:00:00,ZONE_B02,0.1,18.0,-18.9,0.43
2024-02-01 04:00:00,ZONE_M01,0.15,18.4,-17.1,0.43
2024-02-01 04:00:00,ZONE_M02,0.15,19.3,-17.1,0.43
2024-02-01 04:00:00,ZONE_M03,0.15,18.5,-17.1,0.43
2024-02-01 04:00:00,ZONE_B01,0.15,17.9,-17.1,0.43
2024-02-01 04:00:00,ZONE_B02,0.15,19.4,-17.1,0.43
2024-02-01 05:00:00,ZONE_M01,0.19,19.5,-17.7,0.45
2024-02-01 05:00:00,ZONE_M02,0.19,19.1,-17.7,0.45
2024-02-01 05:00:00,ZONE_M03,0.19,18.7,-17.7,0.45
2024-02-01 05:00:00,ZONE_B01,0.19,19.0,-17.7,0.45
2024-02-01 05:00:00,ZONE_B02,0.19,18.1,-17.7,0.45
2024-02-01 06:00:00,ZONE_M01,0.89,20.8,-19.0,0.74
2024-02-01 06:00:00,ZONE_M02,0.89,20.1,-19.0,0.74
2024-02-01 06:00:00,ZONE_M03,0.89,20.3,-19.0,0.74
2024-02-01 06:00:00,ZONE_B01,0.89,20.3,-19.0,0.74
2024-02-01 06:00:00,ZONE_B02,0.89,20.3,-19.0,0.74
2024-02-01 07:00:00,ZONE_M01,0.71,20.8,-16.3,0.62
2024-02-01 07:00:00,ZONE_M02,0.71,20.8,-16.3,0.62
2024-02-01 07:00:00,ZONE_M03,0.71,20.1,-16.3,0.62
2024-02-01 07:00:00,ZONE_B01,0.71,20.4,-16.3,0.62
2024-02-01 07:00:00,ZONE_B02,0.71,19.8,-16.3,0.62
2024-02-01 08:00:00,ZONE_M01,0.56,19.4,-18.7,0.6
2024-02-01 08:00:00,ZONE_M02,0.56,18.8,-18.7,0.6
2024-02-01 08:00:00,ZONE_M03,0.56,20.0,-18.7,0.6
2024-02-01 08:00:00,ZONE_B01,0.56,20.0,-18.7,0.6
2024-02-01 08:00:00,ZONE_B02,0.56,20.0,-18.7,0.6
2024-02-01 09:00:00,ZONE_M01,0.54,18.8,-16.1,0.56
2024-02-01 09:00:00,ZONE_M02,0.54,19.2,-16.1,0.56
2024-02-01 09:00:00,ZONE_M03,0.54,19.7,-16.1,0.56
2024-02-01 09:00:00,ZONE_B01,0.54,20.4,-16.1,0.56
2024-02-01 09:00:00,ZONE_B02,0.54,19.3,-16.1,0.56
2024-02-01 10:00:00,ZONE_M01,0.72,20.1,-16.7,0.63
2024-02-01 10:00:00,ZONE_M02,0.72,20.6,-16.7,0.63
2024-02-01 10:00:00,ZONE_M03,0.72,19.1,-16.7,0.63
2024-02-01 10:00:00,ZONE_B01,0.72,19.2,-16.7,0.63
2024-02-01 10:00:00,ZONE_B02,0.72,21.3,-16.7,0.63
2024-02-01 11:00:00,ZONE_M01,0.73,20.5,-17.6,0.65
2024-02-01 11:00:00,ZONE_M02,0.73,19.5,-17.6,0.65
2024-02-01 11:00:00,ZONE_M03,0.73,19.4,-17.6,0.65
2024-02-01 11:00:00,ZONE_B01,0.73,20.8,-17.6,0.65
2024-02-01 11:00:00,ZONE_B02,0.73,20.1,-17.6,0.65
2024-02-01 12:00:00,ZONE_M01,0.62,19.6,-17.4,0.61
2024-02-01 12:00:00,ZONE_M02,0.62,19.4,-17.4,0.61
2024-02-01 12:00:00,ZONE_M03,0.62,19.1,-17.4,0.61
2024-02-01 12:00:00,ZONE_B01,0.62,20.0,-17.4,0.61
2024-02-01 12:00:00,ZONE_B02,0.62,19.3,-17.4,0.61
2024-02-01 13:00:00,ZONE_M01,0.92,21.4,-18.2,0.74
2024-02-01 13:00:00,ZONE_M02,0.92,20.5,-18.2,0.74
2024-02-01 13:00:00,ZONE_M03,0.92,20.8,-18.2,0.74
2024-02-01 13:00:00,ZONE_B01,0.92,20.6,-18.2,0.74
2024-02-01 13:00:00,ZONE_B02,0.92,19.3,-18.2,0.74
2024-02-01 14:00:00,ZONE_M01,0.53,20.2,-21.0,0.63
2024-02-01 14:00:00,ZONE_M02,0.53,19.7,-21.0,0.63
2024-02-01 14:00:00,ZONE_M03,0.53,19.7,-21.0,0.63
2024-02-01 14:00:00,ZONE_B01,0.53,19.1,-21.0,0.63
2024-02-01 14:00:00,ZONE_B02,0.53,19.8,-21.0,0.63
2024-02-01 15:00:00,ZONE_M01,0.7,20.3,-15.1,0.59
2024-02-01 15:00:00,ZONE_M02,0.7,20.2,-15.1,0.59
2024-02-01 15:00:00,ZONE_M03,0.7,20.3,-15.1,0.59
2024-02-01 15:00:00,ZONE_B01,0.7,19.0,-15.1,0.59
2024-02-01 15:00:00,ZONE_B02,0.7,21.3,-15.1,0.59
2024-02-01 16:00:00,ZONE_M01,0.71,19.4,-19.4,0.67
2024-02-01 16:00:00,ZONE_M02,0.71,20.0,-19.4,0.67
2024-02-01 16:00:00,ZONE_M03,0.71,20.6,-19.4,0.67
2024-02-01 16:00:00,ZONE_B01,0.71,21.4,-19.4,0.67
2024-02-01 16:00:00,ZONE_B02,0.71,20.7,-19.4,0.67
2024-02-01 17:00:00,ZONE_M01,0.79,19.5,-16.6,0.66
2024-02-01 17:00:00,ZONE_M02,0.79,20.5,-16.6,0.66
2024-02-01 17:00:00,ZONE_M03,0.79,20.4,-16.6,0.66
2024-02-01 17:00:00,ZONE_B01,0.79,21.1,-16.6,0.66
2024-02-01 17:00:00,ZONE_B02,0.79,19.8,-16.6,0.66
2024-02-01 18:00:00,ZONE_M01,0.5,19.4,-17.9,0.57
2024-02-01 18:00:00,ZONE_M02,0.5,20.2,-17.9,0.57
2024-02-01 18:00:00,ZONE_M03,0.5,19.8,-17.9,0.57
2024-02-01 18:00:00,ZONE_B01,0.5,19.9,-17.9,0.57
2024-02-01 18:00:00,ZONE_B02,0.5,19.9,-17.9,0.57
2024-02-01 19:00:00,ZONE_M01,0.47,19.8,-18.9,0.57
2024-02-01 19:00:00,ZONE_M02,0.47,19.3,-18.9,0.57
2024-02-01 19:00:00,ZONE_M03,0.47,19.1,-18.9,0.57
2024-02-01 19:00:00,ZONE_B01,0.47,20.8,-18.9,0.57
2024-02-01 19:00:00,ZONE_B02,0.47,19.5,-18.9,0.57
2024-02-01 20:00:00,ZONE_M01,0.66,20.8,-16.5,0.6
2024-02-01 20:00:00,ZONE_M02,0.66,19.8,-16.5,0.6
2024-02-01 20:00:00,ZONE_M03,0.66,19.3,-16.5,0.6
2024-02-01 20:00:00,ZONE_B01,0.66,19.4,-16.5,0.6
2024-02-01 20:00:00,ZONE_B02,0.66,20.6,-16.5,0.6
2024-02-01 21:00:00,ZONE_M01,0.83,20.9,-17.6,0.69
2024-02-01 21:00:00,ZONE_M02,0.83,20.6,-17.6,0.69
2024-02-01 21:00:00,ZONE_M03,0.83,20.6,-17.6,0.69
2024-02-01 21:00:00,ZONE_B01,0.83,20.0,-17.6,0.69
2024-02-01 21:00:00,ZONE_B02,0.83,20.0,-17.6,0.69
2024-02-01 22:00:00,ZONE_M01,0.73,20.1,-17.8,0.65
2024-02-01 22:00:00,ZONE_M02,0.73,19.2,-17.8,0.65
2024-02-01 22:00:00,ZONE_M03,0.73,20.4,-17.8,0.65
2024-02-01 22:00:00,ZONE_B01,0.73,20.7,-17.8,0.65
2024-02-01 22:00:00,ZONE_B02,0.73,19.7,-17.8,0.65
2024-02-01 23:00:00,ZONE_M01,0.2,18.2,-19.5,0.48
2024-02-01 23:00:00,ZONE_M02,0.2,17.4,-19.5,0.48
2024-02-01 23:00:00,ZONE_M03,0.2,17.5,-19.5,0.48
2024-02-01 23:00:00,ZONE_B01,0.2,17.8,-19.5,0.48
2024-02-01 23:00:00,ZONE_B02,0.2,18.6,-19.5,0.48
2024-02-02 00:00:00,ZONE_M01,0.16,18.5,-15.6,0.41
2024-02-02 00:00:00,ZONE_M02,0.16,17.4,-15.6,0.41
2024-02-02 00:00:00,ZONE_M03,0.16,18.4,-15.6,0.41
2024-02-02 00:00:00,ZONE_B01,0.16,18.1,-15.6,0.41
2024-02-02 00:00:00,ZONE_B02,0.16,18.7,-15.6,0.41
2024-02-02 01:00:00,ZONE_M01,0.04,17.9,-18.8,0.4
2024-02-02 01:00:00,ZONE_M02,0.04,17.4,-18.8,0.4
2024-02-02 01:00:00,ZONE_M03,0.04,18.0,-18.8,0.4
2024-02-02 01:00:00,ZONE_B01,0.04,18.1,-18.8,0.4
2024-02-02 01:00:00,ZONE_B02,0.04,19.5,-18.8,0.4
2024-02-02 02:00:00,ZONE_M01,0.09,17.2,-14.5,0.38
2024-02-02 02:00:00,ZONE_M02,0.09,17.4,-14.5,0.38
2024-02-02 02:00:00,ZONE_M03,0.09,18.2,-14.5,0.38
2024-02-02 02:00:00,ZONE_B01,0.09,18.8,-14.5,0.38
2024-02-02 02:00:00,ZONE_B02,0.09,18.3,-14.5,0.38
2024-02-02 03:00:00,ZONE_M01,0.0,17.5,-17.8,0.38
2024-02-02 03:00:00,ZONE_M02,0.0,18.1,-17.8,0.38
2024-02-02 03:00:00,ZONE_M03,0.0,17.8,-17.8,0.38
2024-02-02 03:00:00,ZONE_B01,0.0,18.1,-17.8,0.38
2024-02-02 03:00:00,ZONE_B02,0.0,18.2,-17.8,0.38
2024-02-02 04:00:00,ZONE_M01,0.12,18.0,-18.2,0.43
2024-02-02 04:00:00,ZONE_M02,0.12,18.6,-18.2,0.43
2024-02-02 04:00:00,ZONE_M03,0.12,18.5,-18.2,0.43
2024-02-02 04:00:00,ZONE_B01,0.12,18.3,-18.2,0.43
2024-02-02 04:00:00,ZONE_B02,0.12,19.0,-18.2,0.43
2024-02-02 05:00:00,ZONE_M01,0.06,18.2,-22.7,0.45
2024-02-02 05:00:00,ZONE_M02,0.06,17.2,-22.7,0.45
2024-02-02 05:00:00,ZONE_M03,0.06,19.0,-22.7,0.45
2024-02-02 05:00:00,ZONE_B01,0.06,17.4,-22.7,0.45
2024-02-02 05:00:00,ZONE_B02,0.06,18.7,-22.7,0.45
2024-02-02 06:00:00,ZONE_M01,0.62,19.4,-16.8,0.6
2024-02-02 06:00:00,ZONE_M02,0.62,19.2,-16.8,0.6
2024-02-02 06:00:00,ZONE_M03,0.62,20.1,-16.8,0.6
2024-02-02 06:00:00,ZONE_B01,0.62,20.0,-16.8,0.6
2024-02-02 06:00:00,ZONE_B02,0.62,18.4,-16.8,0.6
2024-02-02 07:00:00,ZONE_M01,0.52,19.9,-18.4,0.58
2024-02-02 07:00:00,ZONE_M02,0.52,19.5,-18.4,0.58
2024-02-02 07:00:00,ZONE_M03,0.52,19.2,-18.4,0.58
2024-02-02 07:00:00,ZONE_B01,0.52,19.2,-18.4,0.58
2024-02-02 07:00:00,ZONE_B02,0.52,19.0,-18.4,0.58
2024-02-02 08:00:00,ZONE_M01,0.88,20.6,-17.9,0.71
2024-02-02 08:00:00,ZONE_M02,0.88,20.0,-17.9,0.71
2024-02-02 08:00:00,ZONE_M03,0.88,21.3,-17.9,0.71
2024-02-02 08:00:00,ZONE_B01,0.88,21.6,-17.9,0.71
2024-02-02 08:00:00,ZONE_B02,0.88,20.3,-17.9,0.71
2024-02-02 09:00:00,ZONE_M01,0.72,20.1,-17.6,0.65
2024-02-02 09:00:00,ZONE_M02,0.72,20.3,-17.6,0.65
2024-02-02 09:00:00,ZONE_M03,0.72,20.1,-17.6,0.65
2024-02-02 09:00:00,ZONE_B01,0.72,20.1,-17.6,0.65
2024-02-02 09:00:00,ZONE_B02,0.72,19.1,-17.6,0.65
2024-02-02 10:00:00,ZONE_M01,0.48,19.7,-19.3,0.58
2024-02-02 10:00:00,ZONE_M02,0.48,18.9,-19.3,0.58
2024-02-02 10:00:00,ZONE_M03,0.48,19.6,-19.3,0.58
2024-02-02 10:00:00,ZONE_B01,0.48,19.6,-19.3,0.58
2024-02-02 10:00:00,ZONE_B02,0.48,20.2,-19.3,0.58
2024-02-02 11:00:00,ZONE_M01,0.56,20.3,-17.5,0.58
2024-02-02 11:00:00,ZONE_M02,0.56,19.8,-17.5,0.58
2024-02-02 11:00:00,ZONE_M03,0.56,19.8,-17.5,0.58
2024-02-02 11:00:00,ZONE_B01,0.56,20.3,-17.5,0.58
2024-02-02 11:00:00,ZONE_B02,0.56,19.0,-17.5,0.58
2024-02-02 12:00:00,ZONE_M01,0.57,19.3,-18.4,0.6
2024-02-02 12:00:00,ZONE_M02,0.57,19.2,-18.4,0.6
2024-02-02 12:00:00,ZONE_M03,0.57,19.3,-18.4,0.6
2024-02-02 12:00:00,ZONE_B01,0.57,19.5,-18.4,0.6
2024-02-02 12:00:00,ZONE_B02,0.57,19.7,-18.4,0.6
2024-02-02 13:00:00,ZONE_M01,0.84,20.5,-15.7,0.66
2024-02-02 13:00:00,ZONE_M02,0.84,20.3,-15.7,0.66
2024-02-02 13:00:00,ZONE_M03,0.84,21.0,-15.7,0.66
2024-02-02 13:00:00,ZONE_B01,0.84,20.3,-15.7,0.66
2024-02-02 13:00:00,ZONE_B02,0.84,20.6,-15.7,0.66
2024-02-02 14:00:00,ZONE_M01,0.61,20.1,-21.0,0.66
2024-02-02 14:00:00,ZONE_M02,0.61,19.7,-21.0,0.66
2024-02-02 14:00:00,ZONE_M03,0.61,19.2,-21.0,0.66
2024-02-02 14:00:00,ZONE_B01,0.61,18.9,-21.0,0.66
2024-02-02 14:00:00,ZONE_B02,0.61,20.1,-21.0,0.66
2024-02-02 15:00:00,ZONE_M01,0.46,18.8,-19.5,0.58
2024-02-02 15:00:00,ZONE_M02,0.46,20.1,-19.5,0.58
2024-02-02 15:00:00,ZONE_M03,0.46,19.0,-19.5,0.58
2024-02-02 15:00:00,ZONE_B01,0.46,19.3,-19.5,0.58
2024-02-02 15:00:00,ZONE_B02,0.46,20.3,-19.5,0.58
2024-02-02 16:00:00,ZONE_M01,0.77,20.2,-20.3,0.71
2024-02-02 16:00:00,ZONE_M02,0.77,20.5,-20.3,0.71
2024-02-02 16:00:00,ZONE_M03,0.77,20.6,-20.3,0.71
2024-02-02 16:00:00,ZONE_B01,0.77,21.0,-20.3,0.71
2024-02-02 16:00:00,ZONE_B02,0.77,20.5,-20.3,0.71
2024-02-02 17:00:00,ZONE_M01,0.89,21.0,-16.4,0.69
2024-02-02 17:00:00,ZONE_M02,0.89,21.3,-16.4,0.69
2024-02-02 17:00:00,ZONE_M03,0.89,20.4,-16.4,0.69
2024-02-02 17:00:00,ZONE_B01,0.89,21.1,-16.4,0.69
2024-02-02 17:00:00,ZONE_B02,0.89,21.0,-16.4,0.69
2024-02-02 18:00:00,ZONE_M01,0.56,19.2,-19.2,0.61
2024-02-02 18:00:00,ZONE_M02,0.56,20.3,-19.2,0.61
2024-02-02 18:00:00,ZONE_M03,0.56,19.1,-19.2,0.61
2024-02-02 18:00:00,ZONE_B01,0.56,20.2,-19.2,0.61
2024-02-02 18:00:00,ZONE_B02,0.56,19.6,-19.2,0.61
2024-02-02 19:00:00,ZONE_M01,0.6,19.9,-16.2,0.58
2024-02-02 19:00:00,ZONE_M02,0.6,18.8,-16.2,0.58
2024-02-02 19:00:00,ZONE_M03,0.6,20.1,-16.2,0.58
2024-02-02 19:00:00,ZONE_B01,0.6,20.0,-16.2,0.58
2024-02-02 19:00:00,ZONE_B02,0.6,19.2,-16.2,0.58
2024-02-02 20:00:00,ZONE_M01,0.45,19.1,-16.2,0.52
2024-02-02 20:00:00,ZONE_M02,0.45,19.3,-16.2,0.52
2024-02-02 20:00:00,ZONE_M03,0.45,18.9,-16.2,0.52
2024-02-02 20:00:00,ZONE_B01,0.45,19.1,-16.2,0.52
2024-02-02 20:00:00,ZONE_B02,0.45,19.1,-16.2,0.52
2024-02-02 21:00:00,ZONE_M01,0.87,19.8,-16.8,0.69
2024-02-02 21:00:00,ZONE_M02,0.87,20.9,-16.8,0.69
2024-02-02 21:00:00,ZONE_M03,0.87,21.5,-16.8,0.69
2024-02-02 21:00:00,ZONE_B01,0.87,21.1,-16.8,0.69
2024-02-02 21:00:00,ZONE_B02,0.87,20.1,-16.8,0.69
2024-02-02 22:00:00,ZONE_M01,0.68,20.4,-15.1,0.59
2024-02-02 22:00:00,ZONE_M02,0.68,20.7,-15.1,0.59
2024-02-02 22:00:00,ZONE_M03,0.68,19.4,-15.1,0.59
2024-02-02 22:00:00,ZONE_B01,0.68,19.7,-15.1,0.59
2024-02-02 22:00:00,ZONE_B02,0.68,19.6,-15.1,0.59
2024-02-02 23:00:00,ZONE_M01,0.07,18.6,-14.8,0.37
2024-02-02 23:00:00,ZONE_M02,0.07,18.5,-14.8,0.37
2024-02-02 23:00:00,ZONE_M03,0.07,18.6,-14.8,0.37
2024-02-02 23:00:00,ZONE_B01,0.07,18.7,-14.8,0.37
2024-02-02 23:00:00,ZONE_B02,0.07,17.6,-14.8,0.37
2024-02-03 00:00:00,ZONE_M01,0.03,17.7,-14.3,0.35
2024-02-03 00:00:00,ZONE_M02,0.03,17.6,-14.3,0.35
2024-02-03 00:00:00,ZONE_M03,0.03,17.9,-14.3,0.35
2024-02-03 00:00:00,ZONE_B01,0.03,18.3,-14.3,0.35
2024-02-03 00:00:00,ZONE_B02,0.03,18.0,-14.3,0.35
2024-02-03 01:00:00,ZONE_M01,0.22,18.0,-17.8,0.46
2024-02-03 01:00:00,ZONE_M02,0.22,18.5,-17.8,0.46
2024-02-03 01:00:00,ZONE_M03,0.22,18.1,-17.8,0.46
2024-02-03 01:00:00,ZONE_B01,0.22,18.3,-17.8,0.46
2024-02-03 01:00:00,ZONE_B02,0.22,18.8,-17.8,0.46
2024-02-03 02:00:00,ZONE_M01,0.05,18.0,-15.0,0.37
2024-02-03 02:00:00,ZONE_M02,0.05,18.3,-15.0,0.37
2024-02-03 02:00:00,ZONE_M03,0.05,17.8,-15.0,0.37
2024-02-03 02:00:00,ZONE_B01,0.05,18.3,-15.0,0.37
2024-02-03 02:00:00,ZONE_B02,0.05,19.0,-15.0,0.37
2024-02-03 03:00:00,ZONE_M01,0.19,18.3,-21.2,0.49
2024-02-03 03:00:00,ZONE_M02,0.19,18.3,-21.2,0.49
2024-02-03 03:00:00,ZONE_M03,0.19,18.2,-21.2,0.49
2024-02-03 03:00:00,ZONE_B01,0.19,18.3,-21.2,0.49
2024-02-03 03:00:00,ZONE_B02,0.19,18.5,-21.2,0.49
2024-02-03 04:00:00,ZONE_M01,0.11,18.3,-22.2,0.47
2024-02-03 04:00:00,ZONE_M02,0.11,17.6,-22.2,0.47
2024-02-03 04:00:00,ZONE_M03,0.11,18.1,-22.2,0.47
2024-02-03 04:00:00,ZONE_B01,0.11,18.1,-22.2,0.47
2024-02-03 04:00:00,ZONE_B02,0.11,18.0,-22.2,0.47
2024-02-03 05:00:00,ZONE_M01,0.1,17.9,-16.7,0.4
2024-02-03 05:00:00,ZONE_M02,0.1,18.3,-16.7,0.4
2024-02-03 05:00:00,ZONE_M03,0.1,17.9,-16.7,0.4
2024-02-03 05:00:00,ZONE_B01,0.1,18.9,-16.7,0.4
2024-02-03 05:00:00,ZONE_B02,0.1,17.9,-16.7,0.4
2024-02-03 06:00:00,ZONE_M01,0.59,20.4,-19.5,0.63
2024-02-03 06:00:00,ZONE_M02,0.59,19.6,-19.5,0.63
2024-02-03 06:00:00,ZONE_M03,0.59,20.0,-19.5,0.63
2024-02-03 06:00:00,ZONE_B01,0.59,19.7,-19.5,0.63
2024-02-03 06:00:00,ZONE_B02,0.59,20.8,-19.5,0.63
2024-02-03 07:00:00,ZONE_M01,0.64,20.3,-20.4,0.66
2024-02-03 07:00:00,ZONE_M02,0.64,19.7,-20.4,0.66
2024-02-03 07:00:00,ZONE_M03,0.64,19.8,-20.4,0.66
2024-02-03 07:00:00,ZONE_B01,0.64,20.3,-20.4,0.66
2024-02-03 07:00:00,ZONE_B02,0.64,20.3,-20.4,0.66
2024-02-03 08:00:00,ZONE_M01,0.7,19.3,-19.2,0.67
2024-02-03 08:00:00,ZONE_M02,0.7,20.3,-19.2,0.67
2024-02-03 08:00:00,ZONE_M03,0.7,20.4,-19.2,0.67
2024-02-03 08:00:00,ZONE_B01,0.7,20.0,-19.2,0.67
2024-02-03 08:00:00,ZONE_B02,0.7,19.8,-19.2,0.67
2024-02-03 09:00:00,ZONE_M01,0.72,20.2,-18.7,0.67
2024-02-03 09:00:00,ZONE_M02,0.72,19.7,-18.7,0.67
2024-02-03 09:00:00,ZONE_M03,0.72,20.2,-18.7,0.67
2024-02-03 09:00:00,ZONE_B01,0.72,19.4,-18.7,0.67
2024-02-03 09:00:00,ZONE_B02,0.72,20.0,-18.7,0.67
2024-02-03 10:00:00,ZONE_M01,0.66,19.8,-19.0,0.65
2024-02-03 10:00:00,ZONE_M02,0.66,19.8,-19.0,0.65
2024-02-03 10:00:00,ZONE_M03,0.66,21.0,-19.0,0.65
2024-02-03 10:00:00,ZONE_B01,0.66,20.5,-19.0,0.65
2024-02-03 10:00:00,ZONE_B02,0.66,20.1,-19.0,0.65
2024-02-03 11:00:00,ZONE_M01,0.78,19.8,-16.8,0.66
2024-02-03 11:00:00,ZONE_M02,0.78,20.1,-16.8,0.66
2024-02-03 11:00:00,ZONE_M03,0.78,21.0,-16.8,0.66
2024-02-03 11:00:00,ZONE_B01,0.78,20.3,-16.8,0.66
2024-02-03 11:00:00,ZONE_B02,0.78,20.3,-16.8,0.66
2024-02-03 12:00:00,ZONE_M01,0.73,20.3,-20.3,0.7
2024-02-03 12:00:00,ZONE_M02,0.73,19.7,-20.3,0.7
2024-02-03 12:00:00,ZONE_M03,0.73,19.9,-20.3,0.7
2024-02-03 12:00:00,ZONE_B01,0.73,20.6,-20.3,0.7
2024-02-03 12:00:00,ZONE_B02,0.73,20.1,-20.3,0.7
2024-02-03 13:00:00,ZONE_M01,0.77,19.7,-16.6,0.65
2024-02-03 13:00:00,ZONE_M02,0.77,21.0,-16.6,0.65
2024-02-03 13:00:00,ZONE_M03,0.77,20.5,-16.6,0.65
2024-02-03 13:00:00,ZONE_B01,0.77,19.7,-16.6,0.65
2024-02-03 13:00:00,ZONE_B02,0.77,21.0,-16.6,0.65
2024-02-03 14:00:00,ZONE_M01,0.7,19.7,-18.9,0.66
2024-02-03 14:00:00,ZONE_M02,0.7,21.5,-18.9,0.66
2024-02-03 14:00:00,ZONE_M03,0.7,18.9,-18.9,0.66
2024-02-03 14:00:00,ZONE_B01,0.7,19.7,-18.9,0.66
2024-02-03 14:00:00,ZONE_B02,0.7,19.5,-18.9,0.66
2024-02-03 15:00:00,ZONE_M01,0.41,20.0,-17.3,0.52
2024-02-03 15:00:00,ZONE_M02,0.41,18.3,-17.3,0.52
2024-02-03 15:00:00,ZONE_M03,0.41,19.4,-17.3,0.52
2024-02-03 15:00:00,ZONE_B01,0.41,19.0,-17.3,0.52
2024-02-03 15:00:00,ZONE_B02,0.41,18.9,-17.3,0.52
2024-02-03 16:00:00,ZONE_M01,0.62,19.2,-18.9,0.63
2024-02-03 16:00:00,ZONE_M02,0.62,20.1,-18.9,0.63
2024-02-03 16:00:00,ZONE_M03,0.62,19.3,-18.9,0.63
2024-02-03 16:00:00,ZONE_B01,0.62,21.3,-18.9,0.63
2024-02-03 16:00:00,ZONE_B02,0.62,19.2,-18.9,0.63
2024-02-03 17:00:00,ZONE_M01,0.42,19.3,-20.7,0.58
2024-02-03 17:00:00,ZONE_M02,0.42,19.8,-20.7,0.58
2024-02-03 17:00:00,ZONE_M03,0.42,19.2,-20.7,0.58
2024-02-03 17:00:00,ZONE_B01,0.42,19.9,-20.7,0.58
2024-02-03 17:00:00,ZONE_B02,0.42,19.8,-20.7,0.58
2024-02-03 18:00:00,ZONE_M01,0.6,19.7,-19.3,0.63
2024-02-03 18:00:00,ZONE_M02,0.6,19.4,-19.3,0.63
2024-02-03 18:00:00,ZONE_M03,0.6,20.7,-19.3,0.63
2024-02-03 18:00:00,ZONE_B01,0.6,20.1,-19.3,0.63
2024-02-03 18:00:00,ZONE_B02,0.6,19.9,-19.3,0.63
2024-02-03 19:00:00,ZONE_M01,0.87,20.4,-20.2,0.75
2024-02-03 19:00:00,ZONE_M02,0.87,20.5,-20.2,0.75
2024-02-03 19:00:00,ZONE_M03,0.87,21.3,-20.2,0.75
2024-02-03 19:00:00,ZONE_B01,0.87,21.2,-20.2,0.75
2024-02-03 19:00:00,ZONE_B02,0.87,21.0,-20.2,0.75
2024-02-03 20:00:00,ZONE_M01,0.75,20.1,-18.0,0.66
2024-02-03 20:00:00,ZONE_M02,0.75,20.1,-18.0,0.66
2024-02-03 20:00:00,ZONE_M03,0.75,19.3,-18.0,0.66
2024-02-03 20:00:00,ZONE_B01,0.75,21.4,-18.0,0.66
2024-02-03 20:00:00,ZONE_B02,0.75,21.2,-18.0,0.66
2024-02-03 21:00:00,ZONE_M01,0.57,20.1,-15.6,0.56
2024-02-03 21:00:00,ZONE_M02,0.57,19.6,-15.6,0.56
2024-02-03 21:00:00,ZONE_M03,0.57,18.8,-15.6,0.56
2024-02-03 21:00:00,ZONE_B01,0.57,20.0,-15.6,0.56
2024-02-03 21:00:00,ZONE_B02,0.57,19.7,-15.6,0.56
2024-02-03 22:00:00,ZONE_M01,0.62,18.9,-19.8,0.64
2024-02-03 22:00:00,ZONE_M02,0.62,19.7,-19.8,0.64
2024-02-03 22:00:00,ZONE_M03,0.62,19.6,-19.8,0.64
2024-02-03 22:00:00,ZONE_B01,0.62,20.2,-19.8,0.64
2024-02-03 22:00:00,ZONE_B02,0.62,20.7,-19.8,0.64
2024-02-03 23:00:00,ZONE_M01,0.36,18.7,-19.2,0.53
2024-02-03 23:00:00,ZONE_M02,0.36,19.9,-19.2,0.53
2024-02-03 23:00:00,ZONE_M03,0.36,20.0,-19.2,0.53
2024-02-03 23:00:00,ZONE_B01,0.36,19.0,-19.2,0.53
2024-02-03 23:00:00,ZONE_B02,0.36,18.9,-19.2,0.53
2024-02-04 00:00:00,ZONE_M01,0.2,18.6,-18.2,0.46
2024-02-04 00:00:00,ZONE_M02,0.2,18.4,-18.2,0.46
2024-02-04 00:00:00,ZONE_M03,0.2,18.2,-18.2,0.46
2024-02-04 00:00:00,ZONE_B01,0.2,18.5,-18.2,0.46
2024-02-04 00:00:00,ZONE_B02,0.2,18.4,-18.2,0.46
2024-02-04 01:00:00,ZONE_M01,0.19,19.1,-18.3,0.46
2024-02-04 01:00:00,ZONE_M02,0.19,18.4,-18.3,0.46
2024-02-04 01:00:00,ZONE_M03,0.19,18.6,-18.3,0.46
2024-02-04 01:00:00,ZONE_B01,0.19,19.0,-18.3,0.46
2024-02-04 01:00:00,ZONE_B02,0.19,18.8,-18.3,0.46
2024-02-04 02:00:00,ZONE_M01,0.23,17.7,-16.8,0.45
2024-02-04 02:00:00,ZONE_M02,0.23,18.5,-16.8,0.45
2024-02-04 02:00:00,ZONE_M03,0.23,18.1,-16.8,0.45
2024-02-04 02:00:00,ZONE_B01,0.23,19.2,-16.8,0.45
2024-02-04 02:00:00,ZONE_B02,0.23,18.4,-16.8,0.45
2024-02-04 03:00:00,ZONE_M01,0.16,19.6,-22.1,0.49
2024-02-04 03:00:00,ZONE_M02,0.16,18.5,-22.1,0.49
2024-02-04 03:00:00,ZONE_M03,0.16,19.3,-22.1,0.49
2024-02-04 03:00:00,ZONE_B01,0.16,18.7,-22.1,0.49
2024-02-04 03:00:00,ZONE_B02,0.16,18.5,-22.1,0.49
2024-02-04 04:00:00,ZONE_M01,0.1,18.6,-22.4,0.47
2024-02-04 04:00:00,ZONE_M02,0.1,18.7,-22.4,0.47
2024-02-04 04:00:00,ZONE_M03,0.1,18.1,-22.4,0.47
2024-02-04 04:00:00,ZONE_B01,0.1,18.3,-22.4,0.47
2024-02-04 04:00:00,ZONE_B02,0.1,18.2,-22.4,0.47
2024-02-04 05:00:00,ZONE_M01,0.18,18.7,-21.2,0.49
2024-02-04 05:00:00,ZONE_M02,0.18,18.4,-21.2,0.49
2024-02-04 05:00:00,ZONE_M03,0.18,18.7,-21.2,0.49
2024-02-04 05:00:00,ZONE_B01,0.18,17.8,-21.2,0.49
2024-02-04 05:00:00,ZONE_B02,0.18,18.2,-21.2,0.49
2024-02-04 06:00:00,ZONE_M01,0.55,19.4,-14.5,0.54
2024-02-04 06:00:00,ZONE_M02,0.55,19.6,-14.5,0.54
2024-02-04 06:00:00,ZONE_M03,0.55,19.9,-14.5,0.54
2024-02-04 06:00:00,ZONE_B01,0.55,19.6,-14.5,0.54
2024-02-04 06:00:00,ZONE_B02,0.55,19.4,-14.5,0.54
2024-02-04 07:00:00,ZONE_M01,0.76,20.3,-14.5,0.61
2024-02-04 07:00:00,ZONE_M02,0.76,20.3,-14.5,0.61
2024-02-04 07:00:00,ZONE_M03,0.76,19.9,-14.5,0.61
2024-02-04 07:00:00,ZONE_B01,0.76,19.7,-14.5,0.61
2024-02-04 07:00:00,ZONE_B02,0.76,20.6,-14.5,0.61
2024-02-04 08:00:00,ZONE_M01,0.54,19.5,-18.3,0.59
2024-02-04 08:00:00,ZONE_M02,0.54,20.0,-18.3,0.59
2024-02-04 08:00:00,ZONE_M03,0.54,19.9,-18.3,0.59
2024-02-04 08:00:00,ZONE_B01,0.54,18.9,-18.3,0.59
2024-02-04 08:00:00,ZONE_B02,0.54,20.0,-18.3,0.59
2024-02-04 09:00:00,ZONE_M01,0.9,20.6,-19.5,0.75
2024-02-04 09:00:00,ZONE_M02,0.9,19.8,-19.5,0.75
2024-02-04 09:00:00,ZONE_M03,0.9,20.9,-19.5,0.75
2024-02-04 09:00:00,ZONE_B01,0.9,20.3,-19.5,0.75
2024-02-04 09:00:00,ZONE_B02,0.9,20.6,-19.5,0.75
2024-02-04 10:00:00,ZONE_M01,0.59,19.3,-19.0,0.62
2024-02-04 10:00:00,ZONE_M02,0.59,19.7,-19.0,0.62
2024-02-04 10:00:00,ZONE_M03,0.59,19.7,-19.0,0.62
2024-02-04 10:00:00,ZONE_B01,0.59,20.0,-19.0,0.62
2024-02-04 10:00:00,ZONE_B02,0.59,20.0,-19.0,0.62
2024-02-04 11:00:00,ZONE_M01,0.64,19.9,-19.0,0.64
2024-02-04 11:00:00,ZONE_M02,0.64,20.7,-19.0,0.64
2024-02-04 11:00:00,ZONE_M03,0.64,19.8,-19.0,0.64
2024-02-04 11:00:00,ZONE_B01,0.64,20.1,-19.0,0.64
2024-02-04 11:00:00,ZONE_B02,0.64,19.3,-19.0,0.64
2024-02-04 12:00:00,ZONE_M01,0.8,19.7,-19.3,0.71
2024-02-04 12:00:00,ZONE_M02,0.8,20.7,-19.3,0.71
2024-02-04 12:00:00,ZONE_M03,0.8,20.8,-19.3,0.71
2024-02-04 12:00:00,ZONE_B01,0.8,20.0,-19.3,0.71
2024-02-04 12:00:00,ZONE_B02,0.8,20.4,-19.3,0.71
2024-02-04 13:00:00,ZONE_M01,0.48,19.0,-15.4,0.52
2024-02-04 13:00:00,ZONE_M02,0.48,19.5,-15.4,0.52
2024-02-04 13:00:00,ZONE_M03,0.48,18.7,-15.4,0.52
2024-02-04 13:00:00,ZONE_B01,0.48,19.2,-15.4,0.52
2024-02-04 13:00:00,ZONE_B02,0.48,19.1,-15.4,0.52
2024-02-04 14:00:00,ZONE_M01,0.56,19.8,-16.6,0.57
2024-02-04 14:00:00,ZONE_M02,0.56,19.3,-16.6,0.57
2024-02-04 14:00:00,ZONE_M03,0.56,19.9,-16.6,0.57
2024-02-04 14:00:00,ZONE_B01,0.56,20.1,-16.6,0.57
2024-02-04 14:00:00,ZONE_B02,0.56,19.7,-16.6,0.57
2024-02-04 15:00:00,ZONE_M01,0.42,19.0,-19.3,0.56
2024-02-04 15:00:00,ZONE_M02,0.42,19.0,-19.3,0.56
2024-02-04 15:00:00,ZONE_M03,0.42,18.6,-19.3,0.56
2024-02-04 15:00:00,ZONE_B01,0.42,19.2,-19.3,0.56
2024-02-04 15:00:00,ZONE_B02,0.42,19.3,-19.3,0.56
2024-02-04 16:00:00,ZONE_M01,0.48,19.3,-15.2,0.52
2024-02-04 16:00:00,ZONE_M02,0.48,18.9,-15.2,0.52
2024-02-04 16:00:00,ZONE_M03,0.48,19.7,-15.2,0.52
2024-02-04 16:00:00,ZONE_B01,0.48,19.6,-15.2,0.52
2024-02-04 16:00:00,ZONE_B02,0.48,20.3,-15.2,0.52
2024-02-04 17:00:00,ZONE_M01,0.98,20.9,-16.7,0.73
2024-02-04 17:00:00,ZONE_M02,0.98,21.0,-16.7,0.73
2024-02-04 17:00:00,ZONE_M03,0.98,19.7,-16.7,0.73
2024-02-04 17:00:00,ZONE_B01,0.98,20.8,-16.7,0.73
2024-02-04 17:00:00,ZONE_B02,0.98,21.2,-16.7,0.73
2024-02-04 18:00:00,ZONE_M01,0.91,20.1,-13.0,0.63
2024-02-04 18:00:00,ZONE_M02,0.91,19.6,-13.0,0.63
2024-02-04 18:00:00,ZONE_M03,0.91,20.2,-13.0,0.63
2024-02-04 18:00:00,ZONE_B01,0.91,20.1,-13.0,0.63
2024-02-04 18:00:00,ZONE_B02,0.91,20.3,-13.0,0.63
2024-02-04 19:00:00,ZONE_M01,0.67,19.3,-14.5,0.57
2024-02-04 19:00:00,ZONE_M02,0.67,19.4,-14.5,0.57
2024-02-04 19:00:00,ZONE_M03,0.67,20.4,-14.5,0.57
2024-02-04 19:00:00,ZONE_B01,0.67,19.6,-14.5,0.57
2024-02-04 19:00:00,ZONE_B02,0.67,20.3,-14.5,0.57
2024-02-04 20:00:00,ZONE_M01,0.86,19.7,-18.0,0.71
2024-02-04 20:00:00,ZONE_M02,0.86,20.1,-18.0,0.71
2024-02-04 20:00:00,ZONE_M03,0.86,21.0,-18.0,0.71
2024-02-04 20:00:00,ZONE_B01,0.86,19.4,-18.0,0.71
2024-02-04 20:00:00,ZONE_B02,0.86,20.8,-18.0,0.71
2024-02-04 21:00:00,ZONE_M01,0.44,19.8,-15.2,0.5
2024-02-04 21:00:00,ZONE_M02,0.44,19.1,-15.2,0.5
2024-02-04 21:00:00,ZONE_M03,0.44,19.3,-15.2,0.5
2024-02-04 21:00:00,ZONE_B01,0.44,19.2,-15.2,0.5
2024-02-04 21:00:00,ZONE_B02,0.44,19.5,-15.2,0.5
2024-02-04 22:00:00,ZONE_M01,0.73,19.6,-14.7,0.6
2024-02-04 22:00:00,ZONE_M02,0.73,20.5,-14.7,0.6
2024-02-04 22:00:00,ZONE_M03,0.73,20.3,-14.7,0.6
2024-02-04 22:00:00,ZONE_B01,0.73,18.3,-14.7,0.6
2024-02-04 22:00:00,ZONE_B02,0.73,20.4,-14.7,0.6
2024-02-04 23:00:00,ZONE_M01,0.19,19.1,-20.8,0.49
2024-02-04 23:00:00,ZONE_M02,0.19,18.1,-20.8,0.49
2024-02-04 23:00:00,ZONE_M03,0.19,18.4,-20.8,0.49
2024-02-04 23:00:00,ZONE_B01,0.19,17.9,-20.8,0.49
2024-02-04 23:00:00,ZONE_B02,0.19,18.5,-20.8,0.49
2024-02-05 00:00:00,ZONE_M01,0.2,18.6,-16.1,0.43
2024-02-05 00:00:00,ZONE_M02,0.2,19.0,-16.1,0.43
2024-02-05 00:00:00,ZONE_M03,0.2,18.6,-16.1,0.43
2024-02-05 00:00:00,ZONE_B01,0.2,18.2,-16.1,0.43
2024-02-05 00:00:00,ZONE_B02,0.2,18.6,-16.1,0.43
2024-02-05 01:00:00,ZONE_M01,0.18,18.8,-21.9,0.5
2024-02-05 01:00:00,ZONE_M02,0.18,18.8,-21.9,0.5
2024-02-05 01:00:00,ZONE_M03,0.18,18.0,-21.9,0.5
2024-02-05 01:00:00,ZONE_B01,0.18,18.5,-21.9,0.5
2024-02-05 01:00:00,ZONE_B02,0.18,18.3,-21.9,0.5
2024-02-05 02:00:00,ZONE_M01,0.06,18.9,-14.6,0.37
2024-02-05 02:00:00,ZONE_M02,0.06,18.1,-14.6,0.37
2024-02-05 02:00:00,ZONE_M03,0.06,17.8,-14.6,0.37
2024-02-05 02:00:00,ZONE_B01,0.06,17.3,-14.6,0.37
2024-02-05 02:00:00,ZONE_B02,0.06,17.9,-14.6,0.37
2024-02-05 03:00:00,ZONE_M01,0.11,18.4,-20.3,0.45
2024-02-05 03:00:00,ZONE_M02,0.11,18.6,-20.3,0.45
2024-02-05 03:00:00,ZONE_M03,0.11,18.8,-20.3,0.45
2024-02-05 03:00:00,ZONE_B01,0.11,18.3,-20.3,0.45
2024-02-05 03:00:00,ZONE_B02,0.11,18.2,-20.3,0.45
2024-02-05 04:00:00,ZONE_M01,0.2,18.3,-22.2,0.5
2024-02-05 04:00:00,ZONE_M02,0.2,19.3,-22.2,0.5
2024-02-05 04:00:00,ZONE_M03,0.2,18.8,-22.2,0.5
2024-02-05 04:00:00,ZONE_B01,0.2,18.4,-22.2,0.5
2024-02-05 04:00:00,ZONE_B02,0.2,18.8,-22.2,0.5
2024-02-05 05:00:00,ZONE_M01,0.18,19.4,-15.0,0.41
2024-02-05 05:00:00,ZONE_M02,0.18,18.6,-15.0,0.41
2024-02-05 05:00:00,ZONE_M03,0.18,18.8,-15.0,0.41
2024-02-05 05:00:00,ZONE_B01,0.18,18.5,-15.0,0.41
2024-02-05 05:00:00,ZONE_B02,0.18,18.2,-15.0,0.41
2024-02-05 06:00:00,ZONE_M01,0.65,20.3,-19.4,0.65
2024-02-05 06:00:00,ZONE_M02,0.65,19.5,-19.4,0.65
2024-02-05 06:00:00,ZONE_M03,0.65,19.6,-19.4,0.65
2024-02-05 06:00:00,ZONE_B01,0.65,20.0,-19.4,0.65
2024-02-05 06:00:00,ZONE_B02,0.65,19.7,-19.4,0.65
2024-02-05 07:00:00,ZONE_M01,0.49,20.3,-15.4,0.53
2024-02-05 07:00:00,ZONE_M02,0.49,19.8,-15.4,0.53
2024-02-05 07:00:00,ZONE_M03,0.49,18.9,-15.4,0.53
2024-02-05 07:00:00,ZONE_B01,0.49,20.4,-15.4,0.53
2024-02-05 07:00:00,ZONE_B02,0.49,19.7,-15.4,0.53
2024-02-05 08:00:00,ZONE_M01,0.52,20.2,-17.5,0.57
2024-02-05 08:00:00,ZONE_M02,0.52,19.7,-17.5,0.57
2024-02-05 08:00:00,ZONE_M03,0.52,19.0,-17.5,0.57
2024-02-05 08:00:00,ZONE_B01,0.52,20.2,-17.5,0.57
2024-02-05 08:00:00,ZONE_B02,0.52,19.4,-17.5,0.57
2024-02-05 09:00:00,ZONE_M01,0.61,21.0,-17.3,0.6
2024-02-05 09:00:00,ZONE_M02,0.61,19.6,-17.3,0.6
2024-02-05 09:00:00,ZONE_M03,0.61,20.8,-17.3,0.6
2024-02-05 09:00:00,ZONE_B01,0.61,20.1,-17.3,0.6
2024-02-05 09:00:00,ZONE_B02,0.61,19.6,-17.3,0.6
2024-02-05 10:00:00,ZONE_M01,0.63,20.3,-17.6,0.61
2024-02-05 10:00:00,ZONE_M02,0.63,20.4,-17.6,0.61
2024-02-05 10:00:00,ZONE_M03,0.63,20.0,-17.6,0.61
2024-02-05 10:00:00,ZONE_B01,0.63,19.9,-17.6,0.61
2024-02-05 10:00:00,ZONE_B02,0.63,19.7,-17.6,0.61
2024-02-05 11:00:00,ZONE_M01,0.77,21.0,-18.0,0.67
2024-02-05 11:00:00,ZONE_M02,0.77,19.2,-18.0,0.67
2024-02-05 11:00:00,ZONE_M03,0.77,19.4,-18.0,0.67
2024-02-05 11:00:00,ZONE_B01,0.77,19.9,-18.0,0.67
2024-02-05 11:00:00,ZONE_B02,0.77,20.4,-18.0,0.67
2024-02-05 12:00:00,ZONE_M01,0.85,20.1,-21.0,0.76
2024-02-05 12:00:00,ZONE_M02,0.85,19.5,-21.0,0.76
2024-02-05 12:00:00,ZONE_M03,0.85,21.0,-21.0,0.76
2024-02-05 12:00:00,ZONE_B01,0.85,20.0,-21.0,0.76
2024-02-05 12:00:00,ZONE_B02,0.85,20.9,-21.0,0.76
2024-02-05 13:00:00,ZONE_M01,0.8,20.6,-18.6,0.7
2024-02-05 13:00:00,ZONE_M02,0.8,21.2,-18.6,0.7
2024-02-05 13:00:00,ZONE_M03,0.8,19.4,-18.6,0.7
2024-02-05 13:00:00,ZONE_B01,0.8,20.1,-18.6,0.7
2024-02-05 13:00:00,ZONE_B02,0.8,20.7,-18.6,0.7
2024-02-05 14:00:00,ZONE_M01,0.8,20.4,-16.9,0.66
2024-02-05 14:00:00,ZONE_M02,0.8,19.8,-16.9,0.66
2024-02-05 14:00:00,ZONE_M03,0.8,20.5,-16.9,0.66
2024-02-05 14:00:00,ZONE_B01,0.8,20.1,-16.9,0.66
2024-02-05 14:00:00,ZONE_B02,0.8,20.1,-16.9,0.66
2024-02-05 15:00:00,ZONE_M01,0.44,18.8,-19.4,0.57
2024-02-05 15:00:00,ZONE_M02,0.44,19.2,-19.4,0.57
2024-02-05 15:00:00,ZONE_M03,0.44,19.0,-19.4,0.57
2024-02-05 15:00:00,ZONE_B01,0.44,19.4,-19.4,0.57
2024-02-05 15:00:00,ZONE_B02,0.44,19.9,-19.4,0.57
2024-02-05 16:00:00,ZONE_M01,0.67,19.8,-18.8,0.65
2024-02-05 16:00:00,ZONE_M02,0.67,20.3,-18.8,0.65
2024-02-05 16:00:00,ZONE_M03,0.67,20.1,-18.8,0.65
2024-02-05 16:00:00,ZONE_B01,0.67,19.9,-18.8,0.65
2024-02-05 16:00:00,ZONE_B02,0.67,20.5,-18.8,0.65
2024-02-05 17:00:00,ZONE_M01,0.77,20.6,-21.2,0.73
2024-02-05 17:00:00,ZONE_M02,0.77,20.5,-21.2,0.73
2024-02-05 17:00:00,ZONE_M03,0.77,20.5,-21.2,0.73
2024-02-05 17:00:00,ZONE_B01,0.77,20.3,-21.2,0.73
2024-02-05 17:00:00,ZONE_B02,0.77,20.2,-21.2,0.73
2024-02-05 18:00:00,ZONE_M01,0.41,19.7,-19.5,0.56
2024-02-05 18:00:00,ZONE_M02,0.41,19.0,-19.5,0.56
2024-02-05 18:00:00,ZONE_M03,0.41,19.3,-19.5,0.56
2024-02-05 18:00:00,ZONE_B01,0.41,18.8,-19.5,0.56
2024-02-05 18:00:00,ZONE_B02,0.41,20.5,-19.5,0.56
2024-02-05 19:00:00,ZONE_M01,0.9,20.3,-20.3,0.76
2024-02-05 19:00:00,ZONE_M02,0.9,21.0,-20.3,0.76
2024-02-05 19:00:00,ZONE_M03,0.9,20.7,-20.3,0.76
2024-02-05 19:00:00,ZONE_B01,0.9,20.5,-20.3,0.76
2024-02-05 19:00:00,ZONE_B02,0.9,20.8,-20.3,0.76
2024-02-05 20:00:00,ZONE_M01,0.79,20.2,-16.3,0.65
2024-02-05 20:00:00,ZONE_M02,0.79,20.9,-16.3,0.65
2024-02-05 20:00:00,ZONE_M03,0.79,21.0,-16.3,0.65
2024-02-05 20:00:00,ZONE_B01,0.79,21.4,-16.3,0.65
2024-02-05 20:00:00,ZONE_B02,0.79,20.6,-16.3,0.65
2024-02-05 21:00:00,ZONE_M01,0.63,20.3,-16.9,0.6
2024-02-05 21:00:00,ZONE_M02,0.63,19.8,-16.9,0.6
2024-02-05 21:00:00,ZONE_M03,0.63,20.0,-16.9,0.6
2024-02-05 21:00:00,ZONE_B01,0.63,20.5,-16.9,0.6
2024-02-05 21:00:00,ZONE_B02,0.63,19.1,-16.9,0.6
2024-02-05 22:00:00,ZONE_M01,0.81,20.3,-20.6,0.73
2024-02-05 22:00:00,ZONE_M02,0.81,20.4,-20.6,0.73
2024-02-05 22:00:00,ZONE_M03,0.81,20.5,-20.6,0.73
2024-02-05 22:00:00,ZONE_B01,0.81,21.0,-20.6,0.73
2024-02-05 22:00:00,ZONE_B02,0.81,21.0,-20.6,0.73
2024-02-05 23:00:00,ZONE_M01,0.19,18.8,-21.3,0.49
2024-02-05 23:00:00,ZONE_M02,0.19,18.5,-21.3,0.49
2024-02-05 23:00:00,ZONE_M03,0.19,18.5,-21.3,0.49
2024-02-05 23:00:00,ZONE_B01,0.19,18.0,-21.3,0.49
2024-02-05 23:00:00,ZONE_B02,0.19,18.6,-21.3,0.49
2024-02-06 00:00:00,ZONE_M01,0.0,17.6,-21.8,0.42
2024-02-06 00:00:00,ZONE_M02,0.0,18.5,-21.8,0.42
2024-02-06 00:00:00,ZONE_M03,0.0,18.2,-21.8,0.42
2024-02-06 00:00:00,ZONE_B01,0.0,17.9,-21.8,0.42
2024-02-06 00:00:00,ZONE_B02,0.0,18.2,-21.8,0.42
2024-02-06 01:00:00,ZONE_M01,0.14,18.1,-18.0,0.44
2024-02-06 01:00:00,ZONE_M02,0.14,18.9,-18.0,0.44
2024-02-06 01:00:00,ZONE_M03,0.14,18.0,-18.0,0.44
2024-02-06 01:00:00,ZONE_B01,0.14,18.7,-18.0,0.44
2024-02-06 01:00:00,ZONE_B02,0.14,18.3,-18.0,0.44
2024-02-06 02:00:00,ZONE_M01,0.08,18.4,-21.0,0.44
2024-02-06 02:00:00,ZONE_M02,0.08,18.1,-21.0,0.44
2024-02-06 02:00:00,ZONE_M03,0.08,18.5,-21.0,0.44
2024-02-06 02:00:00,ZONE_B01,0.08,18.0,-21.0,0.44
2024-02-06 02:00:00,ZONE_B02,0.08,18.3,-21.0,0.44
2024-02-06 03:00:00,ZONE_M01,0.16,18.1,-17.8,0.44
2024-02-06 03:00:00,ZONE_M02,0.16,17.4,-17.8,0.44
2024-02-06 03:00:00,ZONE_M03,0.16,19.5,-17.8,0.44
2024-02-06 03:00:00,ZONE_B01,0.16,18.7,-17.8,0.44
2024-02-06 03:00:00,ZONE_B02,0.16,18.4,-17.8,0.44
2024-02-06 04:00:00,ZONE_M01,0.08,17.0,-17.6,0.41
2024-02-06 04:00:00,ZONE_M02,0.08,18.2,-17.6,0.41
2024-02-06 04:00:00,ZONE_M03,0.08,17.6,-17.6,0.41
2024-02-06 04:00:00,ZONE_B01,0.08,18.3,-17.6,0.41
2024-02-06 04:00:00,ZONE_B02,0.08,17.5,-17.6,0.41
2024-02-06 05:00:00,ZONE_M01,0.08,18.1,-18.0,0.41
2024-02-06 05:00:00,ZONE_M02,0.08,18.5,-18.0,0.41
2024-02-06 05:00:00,ZONE_M03,0.08,17.5,-18.0,0.41
2024-02-06 05:00:00,ZONE_B01,0.08,18.4,-18.0,0.41
2024-02-06 05:00:00,ZONE_B02,0.08,18.6,-18.0,0.41
2024-02-06 06:00:00,ZONE_M01,0.55,19.2,-16.2,0.56
2024-02-06 06:00:00,ZONE_M02,0.55,19.0,-16.2,0.56
2024-02-06 06:00:00,ZONE_M03,0.55,18.7,-16.2,0.56
2024-02-06 06:00:00,ZONE_B01,0.55,20.0,-16.2,0.56
2024-02-06 06:00:00,ZONE_B02,0.55,20.4,-16.2,0.56
2024-02-06 07:00:00,ZONE_M01,0.85,20.7,-21.6,0.77
2024-02-06 07:00:00,ZONE_M02,0.85,20.4,-21.6,0.77
2024-02-06 07:00:00,ZONE_M03,0.85,20.6,-21.6,0.77
2024-02-06 07:00:00,ZONE_B01,0.85,21.0,-21.6,0.77
2024-02-06 07:00:00,ZONE_B02,0.85,19.8,-21.6,0.77
2024-02-06 08:00:00,ZONE_M01,0.74,20.2,-18.3,0.67
2024-02-06 08:00:00,ZONE_M02,0.74,20.5,-18.3,0.67
2024-02-06 08:00:00,ZONE_M03,0.74,20.9,-18.3,0.67
2024-02-06 08:00:00,ZONE_B01,0.74,20.4,-18.3,0.67
2024-02-06 08:00:00,ZONE_B02,0.74,20.0,-18.3,0.67
2024-02-06 09:00:00,ZONE_M01,0.69,20.2,-20.5,0.69
2024-02-06 09:00:00,ZONE_M02,0.69,20.6,-20.5,0.69
2024-02-06 09:00:00,ZONE_M03,0.69,20.5,-20.5,0.69
2024-02-06 09:00:00,ZONE_B01,0.69,19.7,-20.5,0.69
2024-02-06 09:00:00,ZONE_B02,0.69,20.4,-20.5,0.69
2024-02-06 10:00:00,ZONE_M01,0.68,20.3,-17.4,0.63
2024-02-06 10:00:00,ZONE_M02,0.68,20.3,-17.4,0.63
2024-02-06 10:00:00,ZONE_M03,0.68,20.1,-17.4,0.63
2024-02-06 10:00:00,ZONE_B01,0.68,19.9,-17.4,0.63
2024-02-06 10:00:00,ZONE_B02,0.68,19.9,-17.4,0.63
2024-02-06 11:00:00,ZONE_M01,0.54,19.8,-18.8,0.6
2024-02-06 11:00:00,ZONE_M02,0.54,19.9,-18.8,0.6
2024-02-06 11:00:00,ZONE_M03,0.54,19.4,-18.8,0.6
2024-02-06 11:00:00,ZONE_B01,0.54,19.9,-18.8,0.6
2024-02-06 11:00:00,ZONE_B02,0.54,19.8,-18.8,0.6
2024-02-06 12:00:00,ZONE_M01,0.72,20.0,-17.6,0.65
2024-02-06 12:00:00,ZONE_M02,0.72,20.4,-17.6,0.65
2024-02-06 12:00:00,ZONE_M03,0.72,19.9,-17.6,0.65
2024-02-06 12:00:00,ZONE_B01,0.72,19.3,-17.6,0.65
2024-02-06 12:00:00,ZONE_B02,0.72,19.4,-17.6,0.65
2024-02-06 13:00:00,ZONE_M01,0.6,19.5,-23.8,0.7
2024-02-06 13:00:00,ZONE_M02,0.6,19.8,-23.8,0.7
2024-02-06 13:00:00,ZONE_M03,0.6,19.9,-23.8,0.7
2024-02-06 13:00:00,ZONE_B01,0.6,20.7,-23.8,0.7
2024-02-06 13:00:00,ZONE_B02,0.6,20.4,-23.8,0.7
2024-02-06 14:00:00,ZONE_M01,0.56,19.3,-16.5,0.57
2024-02-06 14:00:00,ZONE_M02,0.56,20.1,-16.5,0.57
2024-02-06 14:00:00,ZONE_M03,0.56,19.3,-16.5,0.57
2024-02-06 14:00:00,ZONE_B01,0.56,20.2,-16.5,0.57
2024-02-06 14:00:00,ZONE_B02,0.56,19.7,-16.5,0.57
2024-02-06 15:00:00,ZONE_M01,0.55,19.7,-19.2,0.61
2024-02-06 15:00:00,ZONE_M02,0.55,19.7,-19.2,0.61
2024-02-06 15:00:00,ZONE_M03,0.55,19.7,-19.2,0.61
2024-02-06 15:00:00,ZONE_B01,0.55,18.9,-19.2,0.61
2024-02-06 15:00:00,ZONE_B02,0.55,20.3,-19.2,0.61
2024-02-06 16:00:00,ZONE_M01,0.52,19.3,-17.4,0.57
2024-02-06 16:00:00,ZONE_M02,0.52,19.8,-17.4,0.57
2024-02-06 16:00:00,ZONE_M03,0.52,19.4,-17.4,0.57
2024-02-06 16:00:00,ZONE_B01,0.52,19.5,-17.4,0.57
2024-02-06 16:00:00,ZONE_B02,0.52,20.1,-17.4,0.57
2024-02-06 17:00:00,ZONE_M01,0.54,19.8,-17.7,0.58
2024-02-06 17:00:00,ZONE_M02,0.54,19.6,-17.7,0.58
2024-02-06 17:00:00,ZONE_M03,0.54,19.8,-17.7,0.58
2024-02-06 17:00:00,ZONE_B01,0.54,20.5,-17.7,0.58
2024-02-06 17:00:00,ZONE_B02,0.54,18.7,-17.7,0.58
2024-02-06 18:00:00,ZONE_M01,0.57,19.6,-19.0,0.61
2024-02-06 18:00:00,ZONE_M02,0.57,19.4,-19.0,0.61
2024-02-06 18:00:00,ZONE_M03,0.57,20.0,-19.0,0.61
2024-02-06 18:00:00,ZONE_B01,0.57,19.0,-19.0,0.61
2024-02-06 18:00:00,ZONE_B02,0.57,20.3,-19.0,0.61
2024-02-06 19:00:00,ZONE_M01,0.81,20.4,-17.3,0.68
2024-02-06 19:00:00,ZONE_M02,0.81,21.0,-17.3,0.68
2024-02-06 19:00:00,ZONE_M03,0.81,20.5,-17.3,0.68
2024-02-06 19:00:00,ZONE_B01,0.81,20.6,-17.3,0.68
2024-02-06 19:00:00,ZONE_B02,0.81,21.0,-17.3,0.68
2024-02-06 20:00:00,ZONE_M01,0.66,20.4,-16.1,0.6
2024-02-06 20:00:00,ZONE_M02,0.66,20.2,-16.1,0.6
2024-02-06 20:00:00,ZONE_M03,0.66,19.8,-16.1,0.6
2024-02-06 20:00:00,ZONE_B01,0.66,20.2,-16.1,0.6
2024-02-06 20:00:00,ZONE_B02,0.66,20.0,-16.1,0.6
2024-02-06 21:00:00,ZONE_M01,0.8,21.0,-20.0,0.72
2024-02-06 21:00:00,ZONE_M02,0.8,20.7,-20.0,0.72
2024-02-06 21:00:00,ZONE_M03,0.8,20.9,-20.0,0.72
2024-02-06 21:00:00,ZONE_B01,0.8,20.0,-20.0,0.72
2024-02-06 21:00:00,ZONE_B02,0.8,20.0,-20.0,0.72
2024-02-06 22:00:00,ZONE_M01,0.49,19.6,-15.7,0.53
2024-02-06 22:00:00,ZONE_M02,0.49,20.0,-15.7,0.53
2024-02-06 22:00:00,ZONE_M03,0.49,18.9,-15.7,0.53
2024-02-06 22:00:00,ZONE_B01,0.49,19.7,-15.7,0.53
2024-02-06 22:00:00,ZONE_B02,0.49,19.1,-15.7,0.53
2024-02-06 23:00:00,ZONE_M01,0.11,18.3,-19.1,0.44
2024-02-06 23:00:00,ZONE_M02,0.11,18.7,-19.1,0.44
2024-02-06 23:00:00,ZONE_M03,0.11,18.1,-19.1,0.44
2024-02-06 23:00:00,ZONE_B01,0.11,18.6,-19.1,0.44
2024-02-06 23:00:00,ZONE_B02,0.11,18.6,-19.1,0.44
2024-02-07 00:00:00,ZONE_M01,0.14,17.9,-16.3,0.41
2024-02-07 00:00:00,ZONE_M02,0.14,19.2,-16.3,0.41
2024-02-07 00:00:00,ZONE_M03,0.14,18.0,-16.3,0.41
2024-02-07 00:00:00,ZONE_B01,0.14,18.1,-16.3,0.41
2024-02-07 00:00:00,ZONE_B02,0.14,18.6,-16.3,0.41
2024-02-07 01:00:00,ZONE_M01,0.22,18.8,-19.7,0.48
2024-02-07 01:00:00,ZONE_M02,0.22,18.1,-19.7,0.48
2024-02-07 01:00:00,ZONE_M03,0.22,19.1,-19.7,0.48
2024-02-07 01:00:00,ZONE_B01,0.22,20.2,-19.7,0.48
2024-02-07 01:00:00,ZONE_B02,0.22,18.5,-19.7,0.48
2024-02-07 02:00:00,ZONE_M01,0.13,18.8,-19.5,0.45
2024-02-07 02:00:00,ZONE_M02,0.13,16.6,-19.5,0.45
2024-02-07 02:00:00,ZONE_M03,0.13,18.9,-19.5,0.45
2024-02-07 02:00:00,ZONE_B01,0.13,18.2,-19.5,0.45
2024-02-07 02:00:00,ZONE_B02,0.13,19.0,-19.5,0.45
2024-02-07 03:00:00,ZONE_M01,0.22,19.2,-17.8,0.46
2024-02-07 03:00:00,ZONE_M02,0.22,18.9,-17.8,0.46
2024-02-07 03:00:00,ZONE_M03,0.22,18.4,-17.8,0.46
2024-02-07 03:00:00,ZONE_B01,0.22,18.7,-17.8,0.46
2024-02-07 03:00:00,ZONE_B02,0.22,18.0,-17.8,0.46
2024-02-07 04:00:00,ZONE_M01,0.15,19.7,-18.2,0.44
2024-02-07 04:00:00,ZONE_M02,0.15,18.4,-18.2,0.44
2024-02-07 04:00:00,ZONE_M03,0.15,18.3,-18.2,0.44
2024-02-07 04:00:00,ZONE_B01,0.15,18.1,-18.2,0.44
2024-02-07 04:00:00,ZONE_B02,0.15,18.4,-18.2,0.44
2024-02-07 05:00:00,ZONE_M01,0.17,17.4,-17.8,0.44
2024-02-07 05:00:00,ZONE_M02,0.17,17.8,-17.8,0.44
2024-02-07 05:00:00,ZONE_M03,0.17,18.5,-17.8,0.44
2024-02-07 05:00:00,ZONE_B01,0.17,18.4,-17.8,0.44
2024-02-07 05:00:00,ZONE_B02,0.17,17.8,-17.8,0.44
2024-02-07 06:00:00,ZONE_M01,0.71,20.8,-21.0,0.7
2024-02-07 06:00:00,ZONE_M02,0.71,19.8,-21.0,0.7
2024-02-07 06:00:00,ZONE_M03,0.71,19.8,-21.0,0.7
2024-02-07 06:00:00,ZONE_B01,0.71,20.2,-21.0,0.7
2024-02-07 06:00:00,ZONE_B02,0.71,20.7,-21.0,0.7
2024-02-07 07:00:00,ZONE_M01,0.5,19.4,-19.7,0.6
2024-02-07 07:00:00,ZONE_M02,0.5,20.4,-19.7,0.6
2024-02-07 07:00:00,ZONE_M03,0.5,19.8,-19.7,0.6
2024-02-07 07:00:00,ZONE_B01,0.5,19.1,-19.7,0.6
2024-02-07 07:00:00,ZONE_B02,0.5,18.8,-19.7,0.6
2024-02-07 08:00:00,ZONE_M01,0.45,18.9,-16.1,0.52
2024-02-07 08:00:00,ZONE_M02,0.45,19.7,-16.1,0.52
2024-02-07 08:00:00,ZONE_M03,0.45,19.4,-16.1,0.52
2024-02-07 08:00:00,ZONE_B01,0.45,19.0,-16.1,0.52
2024-02-07 08:00:00,ZONE_B02,0.45,19.8,-16.1,0.52
2024-02-07 09:00:00,ZONE_M01,0.69,20.2,-18.2,0.65
2024-02-07 09:00:00,ZONE_M02,0.69,20.0,-18.2,0.65
2024-02-07 09:00:00,ZONE_M03,0.69,20.0,-18.2,0.65
2024-02-07 09:00:00,ZONE_B01,0.69,20.5,-18.2,0.65
2024-02-07 09:00:00,ZONE_B02,0.69,19.8,-18.2,0.65
2024-02-07 10:00:00,ZONE_M01,0.83,21.1,-22.7,0.78
2024-02-07 10:00:00,ZONE_M02,0.83,20.9,-22.7,0.78
2024-02-07 10:00:00,ZONE_M03,0.83,20.4,-22.7,0.78
2024-02-07 10:00:00,ZONE_B01,0.83,19.3,-22.7,0.78
2024-02-07 10:00:00,ZONE_B02,0.83,20.5,-22.7,0.78
2024-02-07 11:00:00,ZONE_M01,0.58,19.4,-16.3,0.57
2024-02-07 11:00:00,ZONE_M02,0.58,19.9,-16.3,0.57
2024-02-07 11:00:00,ZONE_M03,0.58,20.2,-16.3,0.57
2024-02-07 11:00:00,ZONE_B01,0.58,20.0,-16.3,0.57
2024-02-07 11:00:00,ZONE_B02,0.58,20.3,-16.3,0.57
2024-02-07 12:00:00,ZONE_M01,0.49,19.1,-17.4,0.56
2024-02-07 12:00:00,ZONE_M02,0.49,19.9,-17.4,0.56
2024-02-07 12:00:00,ZONE_M03,0.49,20.2,-17.4,0.56
2024-02-07 12:00:00,ZONE_B01,0.49,19.5,-17.4,0.56
2024-02-07 12:00:00,ZONE_B02,0.49,19.5,-17.4,0.56
2024-02-07 13:00:00,ZONE_M01,0.76,20.7,-18.1,0.67
2024-02-07 13:00:00,ZONE_M02,0.76,20.3,-18.1,0.67
2024-02-07 13:00:00,ZONE_M03,0.76,18.8,-18.1,0.67
2024-02-07 13:00:00,ZONE_B01,0.76,20.5,-18.1,0.67
2024-02-07 13:00:00,ZONE_B02,0.76,20.9,-18.1,0.67
2024-02-07 14:00:00,ZONE_M01,0.68,20.3,-16.6,0.62
2024-02-07 14:00:00,ZONE_M02,0.68,20.5,-16.6,0.62
2024-02-07 14:00:00,ZONE_M03,0.68,20.1,-16.6,0.62
2024-02-07 14:00:00,ZONE_B01,0.68,20.8,-16.6,0.62
2024-02-07 14:00:00,ZONE_B02,0.68,19.7,-16.6,0.62
2024-02-07 15:00:00,ZONE_M01,0.72,20.2,-19.2,0.67
2024-02-07 15:00:00,ZONE_M02,0.72,20.0,-19.2,0.67
2024-02-07 15:00:00,ZONE_M03,0.72,20.4,-19.2,0.67
2024-02-07 15:00:00,ZONE_B01,0.72,20.2,-19.2,0.67
2024-02-07 15:00:00,ZONE_B02,0.72,19.8,-19.2,0.67
2024-02-07 16:00:00,ZONE_M01,0.64,20.2,-20.8,0.67
2024-02-07 16:00:00,ZONE_M02,0.64,19.5,-20.8,0.67
2024-02-07 16:00:00,ZONE_M03,0.64,19.2,-20.8,0.67
2024-02-07 16:00:00,ZONE_B01,0.64,20.0,-20.8,0.67
2024-02-07 16:00:00,ZONE_B02,0.64,19.3,-20.8,0.67
2024-02-07 17:00:00,ZONE_M01,1.0,20.7,-20.3,0.81
2024-02-07 17:00:00,ZONE_M02,1.0,21.2,-20.3,0.81
2024-02-07 17:00:00,ZONE_M03,1.0,20.1,-20.3,0.81
2024-02-07 17:00:00,ZONE_B01,1.0,21.2,-20.3,0.81
2024-02-07 17:00:00,ZONE_B02,1.0,21.6,-20.3,0.81
2024-02-07 18:00:00,ZONE_M01,0.65,19.8,-15.4,0.59
2024-02-07 18:00:00,ZONE_M02,0.65,19.8,-15.4,0.59
2024-02-07 18:00:00,ZONE_M03,0.65,19.2,-15.4,0.59
2024-02-07 18:00:00,ZONE_B01,0.65,20.2,-15.4,0.59
2024-02-07 18:00:00,ZONE_B02,0.65,20.0,-15.4,0.59
2024-02-07 19:00:00,ZONE_M01,0.77,20.5,-19.9,0.7
2024-02-07 19:00:00,ZONE_M02,0.77,20.2,-19.9,0.7
2024-02-07 19:00:00,ZONE_M03,0.77,20.6,-19.9,0.7
2024-02-07 19:00:00,ZONE_B01,0.77,19.9,-19.9,0.7
2024-02-07 19:00:00,ZONE_B02,0.77,20.2,-19.9,0.7
2024-02-07 20:00:00,ZONE_M01,0.59,19.8,-17.2,0.59
2024-02-07 20:00:00,ZONE_M02,0.59,19.7,-17.2,0.59
2024-02-07 20:00:00,ZONE_M03,0.59,18.7,-17.2,0.59
2024-02-07 20:00:00,ZONE_B01,0.59,20.0,-17.2,0.59
2024-02-07 20:00:00,ZONE_B02,0.59,19.7,-17.2,0.59
2024-02-07 21:00:00,ZONE_M01,0.74,19.4,-18.4,0.67
2024-02-07 21:00:00,ZONE_M02,0.74,19.7,-18.4,0.67
2024-02-07 21:00:00,ZONE_M03,0.74,19.5,-18.4,0.67
2024-02-07 21:00:00,ZONE_B01,0.74,20.6,-18.4,0.67
2024-02-07 21:00:00,ZONE_B02,0.74,20.1,-18.4,0.67
2024-02-07 22:00:00,ZONE_M01,0.71,20.5,-22.7,0.73
2024-02-07 22:00:00,ZONE_M02,0.71,20.1,-22.7,0.73
2024-02-07 22:00:00,ZONE_M03,0.71,20.3,-22.7,0.73
2024-02-07 22:00:00,ZONE_B01,0.71,20.8,-22.7,0.73
2024-02-07 22:00:00,ZONE_B02,0.71,20.7,-22.7,0.73
2024-02-07 23:00:00,ZONE_M01,0.14,18.3,-17.8,0.43
2024-02-07 23:00:00,ZONE_M02,0.14,18.5,-17.8,0.43
2024-02-07 23:00:00,ZONE_M03,0.14,18.4,-17.8,0.43
2024-02-07 23:00:00,ZONE_B01,0.14,19.2,-17.8,0.43
2024-02-07 23:00:00,ZONE_B02,0.14,18.1,-17.8,0.43
2024-02-08 00:00:00,ZONE_M01,0.21,18.6,-21.7,0.5
2024-02-08 00:00:00,ZONE_M02,0.21,18.6,-21.7,0.5
2024-02-08 00:00:00,ZONE_M03,0.21,18.1,-21.7,0.5
2024-02-08 00:00:00,ZONE_B01,0.21,18.2,-21.7,0.5
2024-02-08 00:00:00,ZONE_B02,0.21,18.0,-21.7,0.5
2024-02-08 01:00:00,ZONE_M01,0.15,17.9,-20.6,0.47
2024-02-08 01:00:00,ZONE_M02,0.15,19.1,-20.6,0.47
2024-02-08 01:00:00,ZONE_M03,0.15,18.8,-20.6,0.47
2024-02-08 01:00:00,ZONE_B01,0.15,19.5,-20.6,0.47
2024-02-08 01:00:00,ZONE_B02,0.15,18.7,-20.6,0.47
2024-02-08 02:00:00,ZONE_M01,0.17,18.8,-21.3,0.48
2024-02-08 02:00:00,ZONE_M02,0.17,18.6,-21.3,0.48
2024-02-08 02:00:00,ZONE_M03,0.17,18.9,-21.3,0.48
2024-02-08 02:00:00,ZONE_B01,0.17,18.7,-21.3,0.48
2024-02-08 02:00:00,ZONE_B02,0.17,18.9,-21.3,0.48
2024-02-08 03:00:00,ZONE_M01,0.03,17.7,-20.7,0.42
2024-02-08 03:00:00,ZONE_M02,0.03,17.9,-20.7,0.42
2024-02-08 03:00:00,ZONE_M03,0.03,17.7,-20.7,0.42
2024-02-08 03:00:00,ZONE_B01,0.03,18.2,-20.7,0.42
2024-02-08 03:00:00,ZONE_B02,0.03,18.3,-20.7,0.42
2024-02-08 04:00:00,ZONE_M01,0.17,19.3,-20.6,0.47
2024-02-08 04:00:00,ZONE_M02,0.17,17.8,-20.6,0.47
2024-02-08 04:00:00,ZONE_M03,0.17,18.8,-20.6,0.47
2024-02-08 04:00:00,ZONE_B01,0.17,19.0,-20.6,0.47
2024-02-08 04:00:00,ZONE_B02,0.17,19.2,-20.6,0.47
2024-02-08 05:00:00,ZONE_M01,0.19,18.0,-21.3,0.49
2024-02-08 05:00:00,ZONE_M02,0.19,18.8,-21.3,0.49
2024-02-08 05:00:00,ZONE_M03,0.19,18.1,-21.3,0.49
2024-02-08 05:00:00,ZONE_B01,0.19,19.1,-21.3,0.49
2024-02-08 05:00:00,ZONE_B02,0.19,18.5,-21.3,0.49
2024-02-08 06:00:00,ZONE_M01,0.61,19.9,-20.2,0.65
2024-02-08 06:00:00,ZONE_M02,0.61,20.3,-20.2,0.65
2024-02-08 06:00:00,ZONE_M03,0.61,20.0,-20.2,0.65
2024-02-08 06:00:00,ZONE_B01,0.61,19.8,-20.2,0.65
2024-02-08 06:00:00,ZONE_B02,0.61,19.8,-20.2,0.65
2024-02-08 07:00:00,ZONE_M01,0.4,19.0,-20.4,0.57
2024-02-08 07:00:00,ZONE_M02,0.4,19.2,-20.4,0.57
2024-02-08 07:00:00,ZONE_M03,0.4,19.2,-20.4,0.57
2024-02-08 07:00:00,ZONE_B01,0.4,19.0,-20.4,0.57
2024-02-08 07:00:00,ZONE_B02,0.4,19.1,-20.4,0.57
2024-02-08 08:00:00,ZONE_M01,0.6,20.1,-20.2,0.64
2024-02-08 08:00:00,ZONE_M02,0.6,19.5,-20.2,0.64
2024-02-08 08:00:00,ZONE_M03,0.6,19.4,-20.2,0.64
2024-02-08 08:00:00,ZONE_B01,0.6,19.8,-20.2,0.64
2024-02-08 08:00:00,ZONE_B02,0.6,19.9,-20.2,0.64
2024-02-08 09:00:00,ZONE_M01,0.85,21.5,-20.8,0.76
2024-02-08 09:00:00,ZONE_M02,0.85,20.4,-20.8,0.76
2024-02-08 09:00:00,ZONE_M03,0.85,20.9,-20.8,0.76
2024-02-08 09:00:00,ZONE_B01,0.85,19.6,-20.8,0.76
2024-02-08 09:00:00,ZONE_B02,0.85,21.0,-20.8,0.76
2024-02-08 10:00:00,ZONE_M01,0.74,20.5,-16.3,0.63
2024-02-08 10:00:00,ZONE_M02,0.74,20.3,-16.3,0.63
2024-02-08 10:00:00,ZONE_M03,0.74,20.4,-16.3,0.63
2024-02-08 10:00:00,ZONE_B01,0.74,19.9,-16.3,0.63
2024-02-08 10:00:00,ZONE_B02,0.74,20.2,-16.3,0.63
2024-02-08 11:00:00,ZONE_M01,0.83,20.4,-17.0,0.68
2024-02-08 11:00:00,ZONE_M02,0.83,20.8,-17.0,0.68
2024-02-08 11:00:00,ZONE_M03,0.83,20.8,-17.0,0.68
2024-02-08 11:00:00,ZONE_B01,0.83,20.2,-17.0,0.68
2024-02-08 11:00:00,ZONE_B02,0.83,20.7,-17.0,0.68
2024-02-08 12:00:00,ZONE_M01,0.67,20.4,-21.1,0.69
2024-02-08 12:00:00,ZONE_M02,0.67,20.0,-21.1,0.69
2024-02-08 12:00:00,ZONE_M03,0.67,20.5,-21.1,0.69
2024-02-08 12:00:00,ZONE_B01,0.67,19.7,-21.1,0.69
2024-02-08 12:00:00,ZONE_B02,0.67,19.6,-21.1,0.69
2024-02-08 13:00:00,ZONE_M01,0.71,19.9,-18.6,0.66
2024-02-08 13:00:00,ZONE_M02,0.71,19.7,-18.6,0.66
2024-02-08 13:00:00,ZONE_M03,0.71,19.7,-18.6,0.66
2024-02-08 13:00:00,ZONE_B01,0.71,20.5,-18.6,0.66
2024-02-08 13:00:00,ZONE_B02,0.71,19.4,-18.6,0.66
2024-02-08 14:00:00,ZONE_M01,0.76,20.2,-19.2,0.69
2024-02-08 14:00:00,ZONE_M02,0.76,20.0,-19.2,0.69
2024-02-08 14:00:00,ZONE_M03,0.76,19.7,-19.2,0.69
2024-02-08 14:00:00,ZONE_B01,0.76,21.0,-19.2,0.69
2024-02-08 14:00:00,ZONE_B02,0.76,20.9,-19.2,0.69
2024-02-08 15:00:00,ZONE_M01,0.71,21.0,-21.7,0.71
2024-02-08 15:00:00,ZONE_M02,0.71,20.6,-21.7,0.71
2024-02-08 15:00:00,ZONE_M03,0.71,21.0,-21.7,0.71
2024-02-08 15:00:00,ZONE_B01,0.71,20.8,-21.7,0.71
2024-02-08 15:00:00,ZONE_B02,0.71,20.1,-21.7,0.71
2024-02-08 16:00:00,ZONE_M01,0.66,20.5,-24.3,0.73
2024-02-08 16:00:00,ZONE_M02,0.66,19.6,-24.3,0.73
2024-02-08 16:00:00,ZONE_M03,0.66,19.7,-24.3,0.73
2024-02-08 16:00:00,ZONE_B01,0.66,20.4,-24.3,0.73
2024-02-08 16:00:00,ZONE_B02,0.66,20.4,-24.3,0.73
2024-02-08 17:00:00,ZONE_M01,0.99,21.0,-20.3,0.8
2024-02-08 17:00:00,ZONE_M02,0.99,21.2,-20.3,0.8
2024-02-08 17:00:00,ZONE_M03,0.99,22.4,-20.3,0.8
2024-02-08 17:00:00,ZONE_B01,0.99,20.6,-20.3,0.8
2024-02-08 17:00:00,ZONE_B02,0.99,20.4,-20.3,0.8
2024-02-08 18:00:00,ZONE_M01,0.69,20.7,-19.6,0.67
2024-02-08 18:00:00,ZONE_M02,0.69,20.3,-19.6,0.67
2024-02-08 18:00:00,ZONE_M03,0.69,20.0,-19.6,0.67
2024-02-08 18:00:00,ZONE_B01,0.69,19.9,-19.6,0.67
2024-02-08 18:00:00,ZONE_B02,0.69,20.3,-19.6,0.67
2024-02-08 19:00:00,ZONE_M01,0.63,19.3,-19.5,0.64
2024-02-08 19:00:00,ZONE_M02,0.63,19.8,-19.5,0.64
2024-02-08 19:00:00,ZONE_M03,0.63,20.2,-19.5,0.64
2024-02-08 19:00:00,ZONE_B01,0.63,19.3,-19.5,0.64
2024-02-08 19:00:00,ZONE_B02,0.63,20.1,-19.5,0.64
2024-02-08 20:00:00,ZONE_M01,0.66,20.5,-21.6,0.69
2024-02-08 20:00:00,ZONE_M02,0.66,18.8,-21.6,0.69
2024-02-08 20:00:00,ZONE_M03,0.66,19.7,-21.6,0.69
2024-02-08 20:00:00,ZONE_B01,0.66,19.7,-21.6,0.69
2024-02-08 20:00:00,ZONE_B02,0.66,20.0,-21.6,0.69
2024-02-08 21:00:00,ZONE_M01,0.56,19.9,-18.6,0.6
2024-02-08 21:00:00,ZONE_M02,0.56,20.6,-18.6,0.6
2024-02-08 21:00:00,ZONE_M03,0.56,19.4,-18.6,0.6
2024-02-08 21:00:00,ZONE_B01,0.56,19.6,-18.6,0.6
2024-02-08 21:00:00,ZONE_B02,0.56,19.4,-18.6,0.6
2024-02-08 22:00:00,ZONE_M01,0.61,19.8,-19.3,0.63
2024-02-08 22:00:00,ZONE_M02,0.61,19.2,-19.3,0.63
2024-02-08 22:00:00,ZONE_M03,0.61,19.6,-19.3,0.63
2024-02-08 22:00:00,ZONE_B01,0.61,18.8,-19.3,0.63
2024-02-08 22:00:00,ZONE_B02,0.61,19.9,-19.3,0.63
2024-02-08 23:00:00,ZONE_M01,0.22,19.0,-18.6,0.47
2024-02-08 23:00:00,ZONE_M02,0.22,18.6,-18.6,0.47
2024-02-08 23:00:00,ZONE_M03,0.22,18.9,-18.6,0.47
2024-02-08 23:00:00,ZONE_B01,0.22,18.9,-18.6,0.47
2024-02-08 23:00:00,ZONE_B02,0.22,19.1,-18.6,0.47
2024-02-09 00:00:00,ZONE_M01,0.01,18.4,-19.0,0.4
2024-02-09 00:00:00,ZONE_M02,0.01,18.2,-19.0,0.4
2024-02-09 00:00:00,ZONE_M03,0.01,17.4,-19.0,0.4
2024-02-09 00:00:00,ZONE_B01,0.01,18.2,-19.0,0.4
2024-02-09 00:00:00,ZONE_B02,0.01,18.0,-19.0,0.4
2024-02-09 01:00:00,ZONE_M01,0.02,17.1,-19.7,0.4
2024-02-09 01:00:00,ZONE_M02,0.02,18.4,-19.7,0.4
2024-02-09 01:00:00,ZONE_M03,0.02,18.2,-19.7,0.4
2024-02-09 01:00:00,ZONE_B01,0.02,17.4,-19.7,0.4
2024-02-09 01:00:00,ZONE_B02,0.02,18.2,-19.7,0.4
2024-02-09 02:00:00,ZONE_M01,0.23,18.5,-22.6,0.53
2024-02-09 02:00:00,ZONE_M02,0.23,18.3,-22.6,0.53
2024-02-09 02:00:00,ZONE_M03,0.23,19.5,-22.6,0.53
2024-02-09 02:00:00,ZONE_B01,0.23,17.7,-22.6,0.53
2024-02-09 02:00:00,ZONE_B02,0.23,18.2,-22.6,0.53
2024-02-09 03:00:00,ZONE_M01,0.17,18.6,-19.9,0.47
2024-02-09 03:00:00,ZONE_M02,0.17,18.1,-19.9,0.47
2024-02-09 03:00:00,ZONE_M03,0.17,19.3,-19.9,0.47
2024-02-09 03:00:00,ZONE_B01,0.17,18.9,-19.9,0.47
2024-02-09 03:00:00,ZONE_B02,0.17,19.6,-19.9,0.47
2024-02-09 04:00:00,ZONE_M01,0.16,18.3,-16.6,0.42
2024-02-09 04:00:00,ZONE_M02,0.16,19.1,-16.6,0.42
2024-02-09 04:00:00,ZONE_M03,0.16,19.1,-16.6,0.42
2024-02-09 04:00:00,ZONE_B01,0.16,18.9,-16.6,0.42
2024-02-09 04:00:00,ZONE_B02,0.16,19.2,-16.6,0.42
2024-02-09 05:00:00,ZONE_M01,0.07,17.5,-24.0,0.47
2024-02-09 05:00:00,ZONE_M02,0.07,17.2,-24.0,0.47
2024-02-09 05:00:00,ZONE_M03,0.07,17.8,-24.0,0.47
2024-02-09 05:00:00,ZONE_B01,0.07,18.1,-24.0,0.47
2024-02-09 05:00:00,ZONE_B02,0.07,17.7,-24.0,0.47
2024-02-09 06:00:00,ZONE_M01,0.44,19.3,-15.8,0.51
2024-02-09 06:00:00,ZONE_M02,0.44,20.2,-15.8,0.51
2024-02-09 06:00:00,ZONE_M03,0.44,19.7,-15.8,0.51
2024-02-09 06:00:00,ZONE_B01,0.44,18.3,-15.8,0.51
2024-02-09 06:00:00,ZONE_B02,0.44,19.7,-15.8,0.51
2024-02-09 07:00:00,ZONE_M01,0.8,20.8,-20.5,0.73
2024-02-09 07:00:00,ZONE_M02,0.8,20.7,-20.5,0.73
2024-02-09 07:00:00,ZONE_M03,0.8,20.0,-20.5,0.73
2024-02-09 07:00:00,ZONE_B01,0.8,20.5,-20.5,0.73
2024-02-09 07:00:00,ZONE_B02,0.8,19.8,-20.5,0.73
2024-02-09 08:00:00,ZONE_M01,0.72,19.6,-17.0,0.63
2024-02-09 08:00:00,ZONE_M02,0.72,20.0,-17.0,0.63
2024-02-09 08:00:00,ZONE_M03,0.72,20.6,-17.0,0.63
2024-02-09 08:00:00,ZONE_B01,0.72,20.0,-17.0,0.63
2024-02-09 08:00:00,ZONE_B02,0.72,20.9,-17.0,0.63
2024-02-09 09:00:00,ZONE_M01,0.76,20.3,-23.2,0.76
2024-02-09 09:00:00,ZONE_M02,0.76,20.0,-23.2,0.76
2024-02-09 09:00:00,ZONE_M03,0.76,20.0,-23.2,0.76
2024-02-09 09:00:00,ZONE_B01,0.76,19.9,-23.2,0.76
2024-02-09 09:00:00,ZONE_B02,0.76,19.8,-23.2,0.76
2024-02-09 10:00:00,ZONE_M01,0.81,19.6,-19.0,0.71
2024-02-09 10:00:00,ZONE_M02,0.81,20.1,-19.0,0.71
2024-02-09 10:00:00,ZONE_M03,0.81,19.8,-19.0,0.71
2024-02-09 10:00:00,ZONE_B01,0.81,20.0,-19.0,0.71
2024-02-09 10:00:00,ZONE_B02,0.81,20.7,-19.0,0.71
2024-02-09 11:00:00,ZONE_M01,0.59,20.4,-16.6,0.58
2024-02-09 11:00:00,ZONE_M02,0.59,20.3,-16.6,0.58
2024-02-09 11:00:00,ZONE_M03,0.59,20.4,-16.6,0.58
2024-02-09 11:00:00,ZONE_B01,0.59,20.2,-16.6,0.58
2024-02-09 11:00:00,ZONE_B02,0.59,19.9,-16.6,0.58
2024-02-09 12:00:00,ZONE_M01,0.61,19.9,-18.7,0.62
2024-02-09 12:00:00,ZONE_M02,0.61,19.2,-18.7,0.62
2024-02-09 12:00:00,ZONE_M03,0.61,19.6,-18.7,0.62
2024-02-09 12:00:00,ZONE_B01,0.61,20.3,-18.7,0.62
2024-02-09 12:00:00,ZONE_B02,0.61,20.7,-18.7,0.62
2024-02-09 13:00:00,ZONE_M01,0.49,20.8,-15.0,0.52
2024-02-09 13:00:00,ZONE_M02,0.49,19.0,-15.0,0.52
2024-02-09 13:00:00,ZONE_M03,0.49,19.5,-15.0,0.52
2024-02-09 13:00:00,ZONE_B01,0.49,20.1,-15.0,0.52
2024-02-09 13:00:00,ZONE_B02,0.49,19.1,-15.0,0.52
2024-02-09 14:00:00,ZONE_M01,0.56,19.6,-16.5,0.57
2024-02-09 14:00:00,ZONE_M02,0.56,19.9,-16.5,0.57
2024-02-09 14:00:00,ZONE_M03,0.56,18.7,-16.5,0.57
2024-02-09 14:00:00,ZONE_B01,0.56,19.2,-16.5,0.57
2024-02-09 14:00:00,ZONE_B02,0.56,19.6,-16.5,0.57
2024-02-09 15:00:00,ZONE_M01,0.63,19.8,-19.7,0.65
2024-02-09 15:00:00,ZONE_M02,0.63,20.1,-19.7,0.65
2024-02-09 15:00:00,ZONE_M03,0.63,20.3,-19.7,0.65
2024-02-09 15:00:00,ZONE_B01,0.63,20.6,-19.7,0.65
2024-02-09 15:00:00,ZONE_B02,0.63,19.6,-19.7,0.65
2024-02-09 16:00:00,ZONE_M01,0.96,20.3,-23.1,0.85
2024-02-09 16:00:00,ZONE_M02,0.96,21.5,-23.1,0.85
2024-02-09 16:00:00,ZONE_M03,0.96,20.6,-23.1,0.85
2024-02-09 16:00:00,ZONE_B01,0.96,20.5,-23.1,0.85
2024-02-09 16:00:00,ZONE_B02,0.96,20.7,-23.1,0.85
2024-02-09 17:00:00,ZONE_M01,0.6,19.7,-20.9,0.66
2024-02-09 17:00:00,ZONE_M02,0.6,19.5,-20.9,0.66
2024-02-09 17:00:00,ZONE_M03,0.6,19.4,-20.9,0.66
2024-02-09 17:00:00,ZONE_B01,0.6,20.3,-20.9,0.66
2024-02-09 17:00:00,ZONE_B02,0.6,19.9,-20.9,0.66
2024-02-09 18:00:00,ZONE_M01,0.79,20.4,-22.1,0.75
2024-02-09 18:00:00,ZONE_M02,0.79,20.7,-22.1,0.75
2024-02-09 18:00:00,ZONE_M03,0.79,20.2,-22.1,0.75
2024-02-09 18:00:00,ZONE_B01,0.79,21.0,-22.1,0.75
2024-02-09 18:00:00,ZONE_B02,0.79,20.9,-22.1,0.75
2024-02-09 19:00:00,ZONE_M01,0.62,20.7,-22.1,0.68
2024-02-09 19:00:00,ZONE_M02,0.62,19.8,-22.1,0.68
2024-02-09 19:00:00,ZONE_M03,0.62,20.4,-22.1,0.68
2024-02-09 19:00:00,ZONE_B01,0.62,19.7,-22.1,0.68
2024-02-09 19:00:00,ZONE_B02,0.62,19.4,-22.1,0.68
2024-02-09 20:00:00,ZONE_M01,0.66,20.2,-19.2,0.65
2024-02-09 20:00:00,ZONE_M02,0.66,19.8,-19.2,0.65
2024-02-09 20:00:00,ZONE_M03,0.66,19.8,-19.2,0.65
2024-02-09 20:00:00,ZONE_B01,0.66,20.0,-19.2,0.65
2024-02-09 20:00:00,ZONE_B02,0.66,21.3,-19.2,0.65
2024-02-09 21:00:00,ZONE_M01,0.76,19.8,-20.5,0.71
2024-02-09 21:00:00,ZONE_M02,0.76,20.2,-20.5,0.71
2024-02-09 21:00:00,ZONE_M03,0.76,20.5,-20.5,0.71
2024-02-09 21:00:00,ZONE_B01,0.76,20.6,-20.5,0.71
2024-02-09 21:00:00,ZONE_B02,0.76,20.6,-20.5,0.71
2024-02-09 22:00:00,ZONE_M01,0.68,20.1,-20.3,0.67
2024-02-09 22:00:00,ZONE_M02,0.68,20.2,-20.3,0.67
2024-02-09 22:00:00,ZONE_M03,0.68,19.6,-20.3,0.67
2024-02-09 22:00:00,ZONE_B01,0.68,19.7,-20.3,0.67
2024-02-09 22:00:00,ZONE_B02,0.68,20.6,-20.3,0.67
2024-02-09 23:00:00,ZONE_M01,0.06,18.2,-17.7,0.4
2024-02-09 23:00:00,ZONE_M02,0.06,17.7,-17.7,0.4
2024-02-09 23:00:00,ZONE_M03,0.06,18.1,-17.7,0.4
2024-02-09 23:00:00,ZONE_B01,0.06,18.7,-17.7,0.4
2024-02-09 23:00:00,ZONE_B02,0.06,18.6,-17.7,0.4
2024-02-10 00:00:00,ZONE_M01,0.15,18.4,-18.6,0.44
2024-02-10 00:00:00,ZONE_M02,0.15,19.7,-18.6,0.44
2024-02-10 00:00:00,ZONE_M03,0.15,17.4,-18.6,0.44
2024-02-10 00:00:00,ZONE_B01,0.15,18.7,-18.6,0.44
2024-02-10 00:00:00,ZONE_B02,0.15,19.1,-18.6,0.44
2024-02-10 01:00:00,ZONE_M01,0.08,19.5,-15.6,0.38
2024-02-10 01:00:00,ZONE_M02,0.08,18.2,-15.6,0.38
2024-02-10 01:00:00,ZONE_M03,0.08,17.7,-15.6,0.38
2024-02-10 01:00:00,ZONE_B01,0.08,17.7,-15.6,0.38
2024-02-10 01:00:00,ZONE_B02,0.08,18.2,-15.6,0.38
2024-02-10 02:00:00,ZONE_M01,0.2,18.2,-23.8,0.53
2024-02-10 02:00:00,ZONE_M02,0.2,18.7,-23.8,0.53
2024-02-10 02:00:00,ZONE_M03,0.2,18.8,-23.8,0.53
2024-02-10 02:00:00,ZONE_B01,0.2,18.5,-23.8,0.53
2024-02-10 02:00:00,ZONE_B02,0.2,18.3,-23.8,0.53
2024-02-10 03:00:00,ZONE_M01,0.21,19.2,-24.0,0.53
2024-02-10 03:00:00,ZONE_M02,0.21,19.1,-24.0,0.53
2024-02-10 03:00:00,ZONE_M03,0.21,18.5,-24.0,0.53
2024-02-10 03:00:00,ZONE_B01,0.21,18.6,-24.0,0.53
2024-02-10 03:00:00,ZONE_B02,0.21,18.1,-24.0,0.53
2024-02-10 04:00:00,ZONE_M01,0.2,19.0,-20.3,0.48
2024-02-10 04:00:00,ZONE_M02,0.2,18.9,-20.3,0.48
2024-02-10 04:00:00,ZONE_M03,0.2,18.7,-20.3,0.48
2024-02-10 04:00:00,ZONE_B01,0.2,17.9,-20.3,0.48
2024-02-10 04:00:00,ZONE_B02,0.2,18.9,-20.3,0.48
2024-02-10 05:00:00,ZONE_M01,0.04,17.6,-17.3,0.39
2024-02-10 05:00:00,ZONE_M02,0.04,18.0,-17.3,0.39
2024-02-10 05:00:00,ZONE_M03,0.04,17.7,-17.3,0.39
2024-02-10 05:00:00,ZONE_B01,0.04,17.5,-17.3,0.39
2024-02-10 05:00:00,ZONE_B02,0.04,18.7,-17.3,0.39
2024-02-10 06:00:00,ZONE_M01,0.98,21.4,-20.1,0.79
2024-02-10 06:00:00,ZONE_M02,0.98,21.1,-20.1,0.79
2024-02-10 06:00:00,ZONE_M03,0.98,21.2,-20.1,0.79
2024-02-10 06:00:00,ZONE_B01,0.98,21.8,-20.1,0.79
2024-02-10 06:00:00,ZONE_B02,0.98,21.3,-20.1,0.79
2024-02-10 07:00:00,ZONE_M01,0.8,20.6,-22.0,0.76
2024-02-10 07:00:00,ZONE_M02,0.8,20.2,-22.0,0.76
2024-02-10 07:00:00,ZONE_M03,0.8,20.3,-22.0,0.76
2024-02-10 07:00:00,ZONE_B01,0.8,20.5,-22.0,0.76
2024-02-10 07:00:00,ZONE_B02,0.8,21.1,-22.0,0.76
2024-02-10 08:00:00,ZONE_M01,0.62,20.1,-18.4,0.62
2024-02-10 08:00:00,ZONE_M02,0.62,19.9,-18.4,0.62
2024-02-10 08:00:00,ZONE_M03,0.62,20.0,-18.4,0.62
2024-02-10 08:00:00,ZONE_B01,0.62,19.6,-18.4,0.62
2024-02-10 08:00:00,ZONE_B02,0.62,21.0,-18.4,0.62
2024-02-10 09:00:00,ZONE_M01,0.84,20.2,-18.0,0.7
2024-02-10 09:00:00,ZONE_M02,0.84,20.5,-18.0,0.7
2024-02-10 09:00:00,ZONE_M03,0.84,20.3,-18.0,0.7
2024-02-10 09:00:00,ZONE_B01,0.84,20.6,-18.0,0.7
2024-02-10 09:00:00,ZONE_B02,0.84,19.9,-18.0,0.7
2024-02-10 10:00:00,ZONE_M01,0.82,20.2,-22.1,0.77
2024-02-10 10:00:00,ZONE_M02,0.82,20.4,-22.1,0.77
2024-02-10 10:00:00,ZONE_M03,0.82,19.9,-22.1,0.77
2024-02-10 10:00:00,ZONE_B01,0.82,20.7,-22.1,0.77
2024-02-10 10:00:00,ZONE_B02,0.82,20.5,-22.1,0.77
2024-02-10 11:00:00,ZONE_M01,0.71,19.6,-18.0,0.65
2024-02-10 11:00:00,ZONE_M02,0.71,20.1,-18.0,0.65
2024-02-10 11:00:00,ZONE_M03,0.71,20.4,-18.0,0.65
2024-02-10 11:00:00,ZONE_B01,0.71,20.4,-18.0,0.65
2024-02-10 11:00:00,ZONE_B02,0.71,19.6,-18.0,0.65
2024-02-10 12:00:00,ZONE_M01,0.71,20.2,-20.3,0.69
2024-02-10 12:00:00,ZONE_M02,0.71,19.6,-20.3,0.69
2024-02-10 12:00:00,ZONE_M03,0.71,19.7,-20.3,0.69
2024-02-10 12:00:00,ZONE_B01,0.71,20.0,-20.3,0.69
2024-02-10 12:00:00,ZONE_B02,0.71,19.8,-20.3,0.69
2024-02-10 13:00:00,ZONE_M01,0.65,20.8,-19.5,0.65
2024-02-10 13:00:00,ZONE_M02,0.65,20.4,-19.5,0.65
2024-02-10 13:00:00,ZONE_M03,0.65,20.0,-19.5,0.65
2024-02-10 13:00:00,ZONE_B01,0.65,19.1,-19.5,0.65
2024-02-10 13:00:00,ZONE_B02,0.65,19.6,-19.5,0.65
2024-02-10 14:00:00,ZONE_M01,0.69,19.9,-20.8,0.69
2024-02-10 14:00:00,ZONE_M02,0.69,20.2,-20.8,0.69
2024-02-10 14:00:00,ZONE_M03,0.69,20.1,-20.8,0.69
2024-02-10 14:00:00,ZONE_B01,0.69,20.7,-20.8,0.69
2024-02-10 14:00:00,ZONE_B02,0.69,20.2,-20.8,0.69
2024-02-10 15:00:00,ZONE_M01,0.63,19.8,-16.4,0.59
2024-02-10 15:00:00,ZONE_M02,0.63,20.0,-16.4,0.59
2024-02-10 15:00:00,ZONE_M03,0.63,20.4,-16.4,0.59
2024-02-10 15:00:00,ZONE_B01,0.63,20.4,-16.4,0.59
2024-02-10 15:00:00,ZONE_B02,0.63,20.5,-16.4,0.59
2024-02-10 16:00:00,ZONE_M01,0.87,20.6,-16.3,0.68
2024-02-10 16:00:00,ZONE_M02,0.87,21.1,-16.3,0.68
2024-02-10 16:00:00,ZONE_M03,0.87,20.7,-16.3,0.68
2024-02-10 16:00:00,ZONE_B01,0.87,20.0,-16.3,0.68
2024-02-10 16:00:00,ZONE_B02,0.87,22.0,-16.3,0.68
2024-02-10 17:00:00,ZONE_M01,0.83,20.9,-16.4,0.67
2024-02-10 17:00:00,ZONE_M02,0.83,20.3,-16.4,0.67
2024-02-10 17:00:00,ZONE_M03,0.83,20.6,-16.4,0.67
2024-02-10 17:00:00,ZONE_B01,0.83,19.9,-16.4,0.67
2024-02-10 17:00:00,ZONE_B02,0.83,21.0,-16.4,0.67
2024-02-10 18:00:00,ZONE_M01,0.82,21.5,-18.8,0.71
2024-02-10 18:00:00,ZONE_M02,0.82,21.1,-18.8,0.71
2024-02-10 18:00:00,ZONE_M03,0.82,20.8,-18.8,0.71
2024-02-10 18:00:00,ZONE_B01,0.82,21.6,-18.8,0.71
2024-02-10 18:00:00,ZONE_B02,0.82,20.4,-18.8,0.71
2024-02-10 19:00:00,ZONE_M01,0.66,20.3,-18.4,0.64
2024-02-10 19:00:00,ZONE_M02,0.66,20.5,-18.4,0.64
2024-02-10 19:00:00,ZONE_M03,0.66,18.8,-18.4,0.64
2024-02-10 19:00:00,ZONE_B01,0.66,19.1,-18.4,0.64
2024-02-10 19:00:00,ZONE_B02,0.66,20.2,-18.4,0.64
2024-02-10 20:00:00,ZONE_M01,0.58,19.0,-17.3,0.59
2024-02-10 20:00:00,ZONE_M02,0.58,19.4,-17.3,0.59
2024-02-10 20:00:00,ZONE_M03,0.58,20.3,-17.3,0.59
2024-02-10 20:00:00,ZONE_B01,0.58,19.5,-17.3,0.59
2024-02-10 20:00:00,ZONE_B02,0.58,19.6,-17.3,0.59
2024-02-10 21:00:00,ZONE_M01,0.59,20.4,-20.8,0.65
2024-02-10 21:00:00,ZONE_M02,0.59,19.6,-20.8,0.65
2024-02-10 21:00:00,ZONE_M03,0.59,20.2,-20.8,0.65
2024-02-10 21:00:00,ZONE_B01,0.59,19.2,-20.8,0.65
2024-02-10 21:00:00,ZONE_B02,0.59,19.2,-20.8,0.65
2024-02-10 22:00:00,ZONE_M01,0.98,20.7,-19.3,0.78
2024-02-10 22:00:00,ZONE_M02,0.98,21.5,-19.3,0.78
2024-02-10 22:00:00,ZONE_M03,0.98,21.4,-19.3,0.78
2024-02-10 22:00:00,ZONE_B01,0.98,20.8,-19.3,0.78
2024-02-10 22:00:00,ZONE_B02,0.98,20.6,-19.3,0.78
2024-02-10 23:00:00,ZONE_M01,0.16,18.3,-21.3,0.48
2024-02-10 23:00:00,ZONE_M02,0.16,18.9,-21.3,0.48
2024-02-10 23:00:00,ZONE_M03,0.16,17.5,-21.3,0.48
2024-02-10 23:00:00,ZONE_B01,0.16,18.7,-21.3,0.48
2024-02-10 23:00:00,ZONE_B02,0.16,18.4,-21.3,0.48
2024-02-11 00:00:00,ZONE_M01,0.2,17.9,-19.0,0.47
2024-02-11 00:00:00,ZONE_M02,0.2,18.5,-19.0,0.47
2024-02-11 00:00:00,ZONE_M03,0.2,19.0,-19.0,0.47
2024-02-11 00:00:00,ZONE_B01,0.2,19.2,-19.0,0.47
2024-02-11 00:00:00,ZONE_B02,0.2,17.7,-19.0,0.47
2024-02-11 01:00:00,ZONE_M01,0.09,18.1,-22.2,0.46
2024-02-11 01:00:00,ZONE_M02,0.09,18.7,-22.2,0.46
2024-02-11 01:00:00,ZONE_M03,0.09,18.6,-22.2,0.46
2024-02-11 01:00:00,ZONE_B01,0.09,18.8,-22.2,0.46
2024-02-11 01:00:00,ZONE_B02,0.09,17.9,-22.2,0.46
2024-02-11 02:00:00,ZONE_M01,0.06,18.4,-18.0,0.4
2024-02-11 02:00:00,ZONE_M02,0.06,17.8,-18.0,0.4
2024-02-11 02:00:00,ZONE_M03,0.06,18.4,-18.0,0.4
2024-02-11 02:00:00,ZONE_B01,0.06,18.1,-18.0,0.4
2024-02-11 02:00:00,ZONE_B02,0.06,17.5,-18.0,0.4
2024-02-11 03:00:00,ZONE_M01,0.13,18.7,-20.8,0.46
2024-02-11 03:00:00,ZONE_M02,0.13,18.5,-20.8,0.46
2024-02-11 03:00:00,ZONE_M03,0.13,18.0,-20.8,0.46
2024-02-11 03:00:00,ZONE_B01,0.13,18.4,-20.8,0.46
2024-02-11 03:00:00,ZONE_B02,0.13,17.9,-20.8,0.46
2024-02-11 04:00:00,ZONE_M01,0.05,17.7,-18.1,0.4
2024-02-11 04:00:00,ZONE_M02,0.05,18.7,-18.1,0.4
2024-02-11 04:00:00,ZONE_M03,0.05,18.3,-18.1,0.4
2024-02-11 04:00:00,ZONE_B01,0.05,18.1,-18.1,0.4
2024-02-11 04:00:00,ZONE_B02,0.05,18.0,-18.1,0.4
2024-02-11 05:00:00,ZONE_M01,0.16,17.0,-19.9,0.46
2024-02-11 05:00:00,ZONE_M02,0.16,18.9,-19.9,0.46
2024-02-11 05:00:00,ZONE_M03,0.16,17.9,-19.9,0.46
2024-02-11 05:00:00,ZONE_B01,0.16,18.9,-19.9,0.46
2024-02-11 05:00:00,ZONE_B02,0.16,18.1,-19.9,0.46
2024-02-11 06:00:00,ZONE_M01,0.84,20.5,-21.6,0.77
2024-02-11 06:00:00,ZONE_M02,0.84,19.5,-21.6,0.77
2024-02-11 06:00:00,ZONE_M03,0.84,19.7,-21.6,0.77
2024-02-11 06:00:00,ZONE_B01,0.84,21.3,-21.6,0.77
2024-02-11 06:00:00,ZONE_B02,0.84,20.5,-21.6,0.77
2024-02-11 07:00:00,ZONE_M01,0.52,19.3,-20.1,0.61
2024-02-11 07:00:00,ZONE_M02,0.52,19.4,-20.1,0.61
2024-02-11 07:00:00,ZONE_M03,0.52,19.5,-20.1,0.61
2024-02-11 07:00:00,ZONE_B01,0.52,19.9,-20.1,0.61
2024-02-11 07:00:00,ZONE_B02,0.52,19.4,-20.1,0.61
2024-02-11 08:00:00,ZONE_M01,0.73,20.0,-18.0,0.66
2024-02-11 08:00:00,ZONE_M02,0.73,20.4,-18.0,0.66
2024-02-11 08:00:00,ZONE_M03,0.73,20.8,-18.0,0.66
2024-02-11 08:00:00,ZONE_B01,0.73,20.6,-18.0,0.66
2024-02-11 08:00:00,ZONE_B02,0.73,19.9,-18.0,0.66
2024-02-11 09:00:00,ZONE_M01,0.31,18.0,-20.9,0.54
2024-02-11 09:00:00,ZONE_M02,0.31,18.8,-20.9,0.54
2024-02-11 09:00:00,ZONE_M03,0.31,18.9,-20.9,0.54
2024-02-11 09:00:00,ZONE_B01,0.31,19.3,-20.9,0.54
2024-02-11 09:00:00,ZONE_B02,0.31,18.2,-20.9,0.54
2024-02-11 10:00:00,ZONE_M01,0.67,20.4,-24.1,0.74
2024-02-11 10:00:00,ZONE_M02,0.67,20.3,-24.1,0.74
2024-02-11 10:00:00,ZONE_M03,0.67,20.3,-24.1,0.74
2024-02-11 10:00:00,ZONE_B01,0.67,19.6,-24.1,0.74
2024-02-11 10:00:00,ZONE_B02,0.67,20.9,-24.1,0.74
2024-02-11 11:00:00,ZONE_M01,0.39,18.0,-21.3,0.57
2024-02-11 11:00:00,ZONE_M02,0.39,19.1,-21.3,0.57
2024-02-11 11:00:00,ZONE_M03,0.39,18.8,-21.3,0.57
2024-02-11 11:00:00,ZONE_B01,0.39,19.0,-21.3,0.57
2024-02-11 11:00:00,ZONE_B02,0.39,19.4,-21.3,0.57
2024-02-11 12:00:00,ZONE_M01,0.64,20.5,-20.7,0.67
2024-02-11 12:00:00,ZONE_M02,0.64,20.3,-20.7,0.67
2024-02-11 12:00:00,ZONE_M03,0.64,20.0,-20.7,0.67
2024-02-11 12:00:00,ZONE_B01,0.64,20.0,-20.7,0.67
2024-02-11 12:00:00,ZONE_B02,0.64,19.5,-20.7,0.67
2024-02-11 13:00:00,ZONE_M01,0.72,19.9,-24.4,0.76
2024-02-11 13:00:00,ZONE_M02,0.72,20.0,-24.4,0.76
2024-02-11 13:00:00,ZONE_M03,0.72,20.2,-24.4,0.76
2024-02-11 13:00:00,ZONE_B01,0.72,20.0,-24.4,0.76
2024-02-11 13:00:00,ZONE_B02,0.72,20.0,-24.4,0.76
2024-02-11 14:00:00,ZONE_M01,0.63,19.8,-21.3,0.67
2024-02-11 14:00:00,ZONE_M02,0.63,19.5,-21.3,0.67
2024-02-11 14:00:00,ZONE_M03,0.63,19.9,-21.3,0.67
2024-02-11 14:00:00,ZONE_B01,0.63,20.1,-21.3,0.67
2024-02-11 14:00:00,ZONE_B02,0.63,20.8,-21.3,0.67
2024-02-11 15:00:00,ZONE_M01,0.52,20.3,-17.1,0.57
2024-02-11 15:00:00,ZONE_M02,0.52,18.9,-17.1,0.57
2024-02-11 15:00:00,ZONE_M03,0.52,20.0,-17.1,0.57
2024-02-11 15:00:00,ZONE_B01,0.52,19.7,-17.1,0.57
2024-02-11 15:00:00,ZONE_B02,0.52,20.0,-17.1,0.57
2024-02-11 16:00:00,ZONE_M01,0.48,20.2,-25.5,0.67
2024-02-11 16:00:00,ZONE_M02,0.48,19.5,-25.5,0.67
2024-02-11 16:00:00,ZONE_M03,0.48,19.7,-25.5,0.67
2024-02-11 16:00:00,ZONE_B01,0.48,19.2,-25.5,0.67
2024-02-11 16:00:00,ZONE_B02,0.48,19.1,-25.5,0.67
2024-02-11 17:00:00,ZONE_M01,0.62,20.5,-21.2,0.67
2024-02-11 17:00:00,ZONE_M02,0.62,20.1,-21.2,0.67
2024-02-11 17:00:00,ZONE_M03,0.62,19.9,-21.2,0.67
2024-02-11 17:00:00,ZONE_B01,0.62,20.3,-21.2,0.67
2024-02-11 17:00:00,ZONE_B02,0.62,19.4,-21.2,0.67
2024-02-11 18:00:00,ZONE_M01,0.69,19.3,-19.1,0.66
2024-02-11 18:00:00,ZONE_M02,0.69,20.0,-19.1,0.66
2024-02-11 18:00:00,ZONE_M03,0.69,19.2,-19.1,0.66
2024-02-11 18:00:00,ZONE_B01,0.69,19.7,-19.1,0.66
2024-02-11 18:00:00,ZONE_B02,0.69,19.5,-19.1,0.66
2024-02-11 19:00:00,ZONE_M01,0.48,19.9,-23.1,0.64
2024-02-11 19:00:00,ZONE_M02,0.48,19.3,-23.1,0.64
2024-02-11 19:00:00,ZONE_M03,0.48,18.3,-23.1,0.64
2024-02-11 19:00:00,ZONE_B01,0.48,20.2,-23.1,0.64
2024-02-11 19:00:00,ZONE_B02,0.48,20.2,-23.1,0.64
2024-02-11 20:00:00,ZONE_M01,0.59,19.4,-24.3,0.7
2024-02-11 20:00:00,ZONE_M02,0.59,19.0,-24.3,0.7
2024-02-11 20:00:00,ZONE_M03,0.59,19.8,-24.3,0.7
2024-02-11 20:00:00,ZONE_B01,0.59,19.1,-24.3,0.7
2024-02-11 20:00:00,ZONE_B02,0.59,19.8,-24.3,0.7
2024-02-11 21:00:00,ZONE_M01,0.63,19.6,-16.1,0.59
2024-02-11 21:00:00,ZONE_M02,0.63,19.8,-16.1,0.59
2024-02-11 21:00:00,ZONE_M03,0.63,20.1,-16.1,0.59
2024-02-11 21:00:00,ZONE_B01,0.63,20.2,-16.1,0.59
2024-02-11 21:00:00,ZONE_B02,0.63,19.9,-16.1,0.59
2024-02-11 22:00:00,ZONE_M01,0.61,19.6,-18.5,0.62
2024-02-11 22:00:00,ZONE_M02,0.61,19.8,-18.5,0.62
2024-02-11 22:00:00,ZONE_M03,0.61,19.7,-18.5,0.62
2024-02-11 22:00:00,ZONE_B01,0.61,19.6,-18.5,0.62
2024-02-11 22:00:00,ZONE_B02,0.61,20.0,-18.5,0.62
2024-02-11 23:00:00,ZONE_M01,0.16,18.0,-19.4,0.46
2024-02-11 23:00:00,ZONE_M02,0.16,18.3,-19.4,0.46
2024-02-11 23:00:00,ZONE_M03,0.16,18.4,-19.4,0.46
2024-02-11 23:00:00,ZONE_B01,0.16,18.1,-19.4,0.46
2024-02-11 23:00:00,ZONE_B02,0.16,18.0,-19.4,0.46
2024-02-12 00:00:00,ZONE_M01,0.15,18.6,-19.4,0.45
2024-02-12 00:00:00,ZONE_M02,0.15,19.0,-19.4,0.45
2024-02-12 00:00:00,ZONE_M03,0.15,19.5,-19.4,0.45
2024-02-12 00:00:00,ZONE_B01,0.15,18.7,-19.4,0.45
2024-02-12 00:00:00,ZONE_B02,0.15,17.8,-19.4,0.45
2024-02-12 01:00:00,ZONE_M01,0.13,18.3,-23.6,0.49
2024-02-12 01:00:00,ZONE_M02,0.13,17.4,-23.6,0.49
2024-02-12 01:00:00,ZONE_M03,0.13,18.9,-23.6,0.49
2024-02-12 01:00:00,ZONE_B01,0.13,18.0,-23.6,0.49
2024-02-12 01:00:00,ZONE_B02,0.13,18.5,-23.6,0.49
2024-02-12 02:00:00,ZONE_M01,0.0,17.7,-22.5,0.43
2024-02-12 02:00:00,ZONE_M02,0.0,17.9,-22.5,0.43
2024-02-12 02:00:00,ZONE_M03,0.0,17.9,-22.5,0.43
2024-02-12 02:00:00,ZONE_B01,0.0,17.2,-22.5,0.43
2024-02-12 02:00:00,ZONE_B02,0.0,18.4,-22.5,0.43
2024-02-12 03:00:00,ZONE_M01,0.15,18.8,-21.3,0.47
2024-02-12 03:00:00,ZONE_M02,0.15,18.5,-21.3,0.47
2024-02-12 03:00:00,ZONE_M03,0.15,17.8,-21.3,0.47
2024-02-12 03:00:00,ZONE_B01,0.15,19.1,-21.3,0.47
2024-02-12 03:00:00,ZONE_B02,0.15,18.9,-21.3,0.47
2024-02-12 04:00:00,ZONE_M01,0.05,19.0,-14.6,0.36
2024-02-12 04:00:00,ZONE_M02,0.05,17.9,-14.6,0.36
2024-02-12 04:00:00,ZONE_M03,0.05,17.4,-14.6,0.36
2024-02-12 04:00:00,ZONE_B01,0.05,17.5,-14.6,0.36
2024-02-12 04:00:00,ZONE_B02,0.05,18.4,-14.6,0.36
2024-02-12 05:00:00,ZONE_M01,0.2,18.4,-22.0,0.5
2024-02-12 05:00:00,ZONE_M02,0.2,18.7,-22.0,0.5
2024-02-12 05:00:00,ZONE_M03,0.2,18.7,-22.0,0.5
2024-02-12 05:00:00,ZONE_B01,0.2,18.2,-22.0,0.5
2024-02-12 05:00:00,ZONE_B02,0.2,18.6,-22.0,0.5
2024-02-12 06:00:00,ZONE_M01,0.73,20.6,-19.3,0.68
2024-02-12 06:00:00,ZONE_M02,0.73,20.7,-19.3,0.68
2024-02-12 06:00:00,ZONE_M03,0.73,19.9,-19.3,0.68
2024-02-12 06:00:00,ZONE_B01,0.73,19.5,-19.3,0.68
2024-02-12 06:00:00,ZONE_B02,0.73,20.0,-19.3,0.68
2024-02-12 07:00:00,ZONE_M01,0.54,19.9,-20.0,0.62
2024-02-12 07:00:00,ZONE_M02,0.54,20.1,-20.0,0.62
2024-02-12 07:00:00,ZONE_M03,0.54,19.5,-20.0,0.62
2024-02-12 07:00:00,ZONE_B01,0.54,19.8,-20.0,0.62
2024-02-12 07:00:00,ZONE_B02,0.54,19.4,-20.0,0.62
2024-02-12 08:00:00,ZONE_M01,0.87,21.0,-21.0,0.77
2024-02-12 08:00:00,ZONE_M02,0.87,20.8,-21.0,0.77
2024-02-12 08:00:00,ZONE_M03,0.87,20.9,-21.0,0.77
2024-02-12 08:00:00,ZONE_B01,0.87,20.1,-21.0,0.77
2024-02-12 08:00:00,ZONE_B02,0.87,21.0,-21.0,0.77
2024-02-12 09:00:00,ZONE_M01,0.54,18.3,-17.8,0.58
2024-02-12 09:00:00,ZONE_M02,0.54,19.0,-17.8,0.58
2024-02-12 09:00:00,ZONE_M03,0.54,20.0,-17.8,0.58
2024-02-12 09:00:00,ZONE_B01,0.54,19.4,-17.8,0.58
2024-02-12 09:00:00,ZONE_B02,0.54,19.2,-17.8,0.58
2024-02-12 10:00:00,ZONE_M01,0.52,19.7,-21.1,0.62
2024-02-12 10:00:00,ZONE_M02,0.52,20.2,-21.1,0.62
2024-02-12 10:00:00,ZONE_M03,0.52,19.8,-21.1,0.62
2024-02-12 10:00:00,ZONE_B01,0.52,19.1,-21.1,0.62
2024-02-12 10:00:00,ZONE_B02,0.52,19.6,-21.1,0.62
2024-02-12 11:00:00,ZONE_M01,0.65,20.6,-19.2,0.65
2024-02-12 11:00:00,ZONE_M02,0.65,20.0,-19.2,0.65
2024-02-12 11:00:00,ZONE_M03,0.65,19.6,-19.2,0.65
2024-02-12 11:00:00,ZONE_B01,0.65,19.3,-19.2,0.65
2024-02-12 11:00:00,ZONE_B02,0.65,20.1,-19.2,0.65
2024-02-12 12:00:00,ZONE_M01,0.61,19.5,-18.0,0.61
2024-02-12 12:00:00,ZONE_M02,0.61,19.6,-18.0,0.61
2024-02-12 12:00:00,ZONE_M03,0.61,19.3,-18.0,0.61
2024-02-12 12:00:00,ZONE_B01,0.61,20.1,-18.0,0.61
2024-02-12 12:00:00,ZONE_B02,0.61,19.8,-18.0,0.61
2024-02-12 13:00:00,ZONE_M01,0.69,20.9,-15.6,0.6
2024-02-12 13:00:00,ZONE_M02,0.69,20.1,-15.6,0.6
2024-02-12 13:00:00,ZONE_M03,0.69,20.1,-15.6,0.6
2024-02-12 13:00:00,ZONE_B01,0.69,19.9,-15.6,0.6
2024-02-12 13:00:00,ZONE_B02,0.69,19.3,-15.6,0.6
2024-02-12 14:00:00,ZONE_M01,0.51,18.9,-20.0,0.6
2024-02-12 14:00:00,ZONE_M02,0.51,18.7,-20.0,0.6
2024-02-12 14:00:00,ZONE_M03,0.51,20.4,-20.0,0.6
2024-02-12 14:00:00,ZONE_B01,0.51,19.9,-20.0,0.6
2024-02-12 14:00:00,ZONE_B02,0.51,19.1,-20.0,0.6
2024-02-12 15:00:00,ZONE_M01,0.5,19.2,-24.8,0.67
2024-02-12 15:00:00,ZONE_M02,0.5,18.6,-24.8,0.67
2024-02-12 15:00:00,ZONE_M03,0.5,20.9,-24.8,0.67
2024-02-12 15:00:00,ZONE_B01,0.5,19.6,-24.8,0.67
2024-02-12 15:00:00,ZONE_B02,0.5,19.8,-24.8,0.67
2024-02-12 16:00:00,ZONE_M01,0.42,19.2,-18.0,0.54
2024-02-12 16:00:00,ZONE_M02,0.42,20.0,-18.0,0.54
2024-02-12 16:00:00,ZONE_M03,0.42,18.8,-18.0,0.54
2024-02-12 16:00:00,ZONE_B01,0.42,18.9,-18.0,0.54
2024-02-12 16:00:00,ZONE_B02,0.42,19.3,-18.0,0.54
2024-02-12 17:00:00,ZONE_M01,0.6,19.6,-22.3,0.68
2024-02-12 17:00:00,ZONE_M02,0.6,20.1,-22.3,0.68
2024-02-12 17:00:00,ZONE_M03,0.6,19.3,-22.3,0.68
2024-02-12 17:00:00,ZONE_B01,0.6,20.1,-22.3,0.68
2024-02-12 17:00:00,ZONE_B02,0.6,19.4,-22.3,0.68
2024-02-12 18:00:00,ZONE_M01,1.0,21.5,-18.2,0.76
2024-02-12 18:00:00,ZONE_M02,1.0,20.8,-18.2,0.76
2024-02-12 18:00:00,ZONE_M03,1.0,21.1,-18.2,0.76
2024-02-12 18:00:00,ZONE_B01,1.0,19.8,-18.2,0.76
2024-02-12 18:00:00,ZONE_B02,1.0,21.9,-18.2,0.76
2024-02-12 19:00:00,ZONE_M01,0.72,19.5,-21.2,0.71
2024-02-12 19:00:00,ZONE_M02,0.72,19.6,-21.2,0.71
2024-02-12 19:00:00,ZONE_M03,0.72,19.7,-21.2,0.71
2024-02-12 19:00:00,ZONE_B01,0.72,19.8,-21.2,0.71
2024-02-12 19:00:00,ZONE_B02,0.72,20.2,-21.2,0.71
2024-02-12 20:00:00,ZONE_M01,0.86,21.3,-16.4,0.68
2024-02-12 20:00:00,ZONE_M02,0.86,20.8,-16.4,0.68
2024-02-12 20:00:00,ZONE_M03,0.86,20.9,-16.4,0.68
2024-02-12 20:00:00,ZONE_B01,0.86,20.1,-16.4,0.68
2024-02-12 20:00:00,ZONE_B02,0.86,20.0,-16.4,0.68
2024-02-12 21:00:00,ZONE_M01,0.75,20.5,-20.5,0.71
2024-02-12 21:00:00,ZONE_M02,0.75,20.5,-20.5,0.71
2024-02-12 21:00:00,ZONE_M03,0.75,20.4,-20.5,0.71
2024-02-12 21:00:00,ZONE_B01,0.75,20.4,-20.5,0.71
2024-02-12 21:00:00,ZONE_B02,0.75,19.1,-20.5,0.71
2024-02-12 22:00:00,ZONE_M01,0.67,20.0,-20.8,0.68
2024-02-12 22:00:00,ZONE_M02,0.67,19.1,-20.8,0.68
2024-02-12 22:00:00,ZONE_M03,0.67,19.5,-20.8,0.68
2024-02-12 22:00:00,ZONE_B01,0.67,19.4,-20.8,0.68
2024-02-12 22:00:00,ZONE_B02,0.67,21.0,-20.8,0.68
2024-02-12 23:00:00,ZONE_M01,0.2,18.9,-18.7,0.46
2024-02-12 23:00:00,ZONE_M02,0.2,19.2,-18.7,0.46
2024-02-12 23:00:00,ZONE_M03,0.2,19.0,-18.7,0.46
2024-02-12 23:00:00,ZONE_B01,0.2,17.9,-18.7,0.46
2024-02-12 23:00:00,ZONE_B02,0.2,18.7,-18.7,0.46
2024-02-13 00:00:00,ZONE_M01,0.19,19.5,-23.4,0.52
2024-02-13 00:00:00,ZONE_M02,0.19,17.5,-23.4,0.52
2024-02-13 00:00:00,ZONE_M03,0.19,19.0,-23.4,0.52
2024-02-13 00:00:00,ZONE_B01,0.19,18.4,-23.4,0.52
2024-02-13 00:00:00,ZONE_B02,0.19,18.6,-23.4,0.52
2024-02-13 01:00:00,ZONE_M01,0.07,18.6,-19.6,0.42
2024-02-13 01:00:00,ZONE_M02,0.07,17.7,-19.6,0.42
2024-02-13 01:00:00,ZONE_M03,0.07,18.0,-19.6,0.42
2024-02-13 01:00:00,ZONE_B01,0.07,18.1,-19.6,0.42
2024-02-13 01:00:00,ZONE_B02,0.07,18.3,-19.6,0.42
2024-02-13 02:00:00,ZONE_M01,0.07,18.3,-21.6,0.45
2024-02-13 02:00:00,ZONE_M02,0.07,17.2,-21.6,0.45
2024-02-13 02:00:00,ZONE_M03,0.07,18.0,-21.6,0.45
2024-02-13 02:00:00,ZONE_B01,0.07,17.5,-21.6,0.45
2024-02-13 02:00:00,ZONE_B02,0.07,17.3,-21.6,0.45
2024-02-13 03:00:00,ZONE_M01,0.05,18.2,-17.3,0.39
2024-02-13 03:00:00,ZONE_M02,0.05,17.7,-17.3,0.39
2024-02-13 03:00:00,ZONE_M03,0.05,18.5,-17.3,0.39
2024-02-13 03:00:00,ZONE_B01,0.05,17.9,-17.3,0.39
2024-02-13 03:00:00,ZONE_B02,0.05,17.5,-17.3,0.39
2024-02-13 04:00:00,ZONE_M01,0.25,19.1,-22.8,0.53
2024-02-13 04:00:00,ZONE_M02,0.25,18.6,-22.8,0.53
2024-02-13 04:00:00,ZONE_M03,0.25,17.8,-22.8,0.53
2024-02-13 04:00:00,ZONE_B01,0.25,19.2,-22.8,0.53
2024-02-13 04:00:00,ZONE_B02,0.25,19.0,-22.8,0.53
2024-02-13 05:00:00,ZONE_M01,0.06,18.0,-19.2,0.42
2024-02-13 05:00:00,ZONE_M02,0.06,19.1,-19.2,0.42
2024-02-13 05:00:00,ZONE_M03,0.06,18.1,-19.2,0.42
2024-02-13 05:00:00,ZONE_B01,0.06,18.2,-19.2,0.42
2024-02-13 05:00:00,ZONE_B02,0.06,18.2,-19.2,0.42
2024-02-13 06:00:00,ZONE_M01,0.66,20.2,-19.8,0.66
2024-02-13 06:00:00,ZONE_M02,0.66,20.5,-19.8,0.66
2024-02-13 06:00:00,ZONE_M03,0.66,20.1,-19.8,0.66
2024-02-13 06:00:00,ZONE_B01,0.66,19.9,-19.8,0.66
2024-02-13 06:00:00,ZONE_B02,0.66,19.6,-19.8,0.66
2024-02-13 07:00:00,ZONE_M01,0.46,18.1,-21.8,0.61
2024-02-13 07:00:00,ZONE_M02,0.46,21.0,-21.8,0.61
2024-02-13 07:00:00,ZONE_M03,0.46,18.8,-21.8,0.61
2024-02-13 07:00:00,ZONE_B01,0.46,19.5,-21.8,0.61
2024-02-13 07:00:00,ZONE_B02,0.46,20.3,-21.8,0.61
2024-02-13 08:00:00,ZONE_M01,0.52,19.6,-18.7,0.59
2024-02-13 08:00:00,ZONE_M02,0.52,19.4,-18.7,0.59
2024-02-13 08:00:00,ZONE_M03,0.52,20.3,-18.7,0.59
2024-02-13 08:00:00,ZONE_B01,0.52,19.7,-18.7,0.59
2024-02-13 08:00:00,ZONE_B02,0.52,19.5,-18.7,0.59
2024-02-13 09:00:00,ZONE_M01,0.76,20.1,-19.4,0.69
2024-02-13 09:00:00,ZONE_M02,0.76,18.9,-19.4,0.69
2024-02-13 09:00:00,ZONE_M03,0.76,20.1,-19.4,0.69
2024-02-13 09:00:00,ZONE_B01,0.76,19.9,-19.4,0.69
2024-02-13 09:00:00,ZONE_B02,0.76,19.8,-19.4,0.69
2024-02-13 10:00:00,ZONE_M01,0.46,18.9,-24.5,0.65
2024-02-13 10:00:00,ZONE_M02,0.46,19.6,-24.5,0.65
2024-02-13 10:00:00,ZONE_M03,0.46,19.2,-24.5,0.65
2024-02-13 10:00:00,ZONE_B01,0.46,19.7,-24.5,0.65
2024-02-13 10:00:00,ZONE_B02,0.46,19.1,-24.5,0.65
2024-02-13 11:00:00,ZONE_M01,0.86,19.8,-21.3,0.77
2024-02-13 11:00:00,ZONE_M02,0.86,20.7,-21.3,0.77
2024-02-13 11:00:00,ZONE_M03,0.86,20.7,-21.3,0.77
2024-02-13 11:00:00,ZONE_B01,0.86,21.4,-21.3,0.77
2024-02-13 11:00:00,ZONE_B02,0.86,20.7,-21.3,0.77
2024-02-13 12:00:00,ZONE_M01,0.72,19.8,-20.6,0.7
2024-02-13 12:00:00,ZONE_M02,0.72,19.7,-20.6,0.7
2024-02-13 12:00:00,ZONE_M03,0.72,19.8,-20.6,0.7
2024-02-13 12:00:00,ZONE_B01,0.72,20.1,-20.6,0.7
2024-02-13 12:00:00,ZONE_B02,0.72,20.5,-20.6,0.7
2024-02-13 13:00:00,ZONE_M01,0.56,19.6,-23.1,0.67
2024-02-13 13:00:00,ZONE_M02,0.56,19.4,-23.1,0.67
2024-02-13 13:00:00,ZONE_M03,0.56,19.5,-23.1,0.67
2024-02-13 13:00:00,ZONE_B01,0.56,19.6,-23.1,0.67
2024-02-13 13:00:00,ZONE_B02,0.56,19.3,-23.1,0.67
2024-02-13 14:00:00,ZONE_M01,0.51,18.9,-22.6,0.64
2024-02-13 14:00:00,ZONE_M02,0.51,19.4,-22.6,0.64
2024-02-13 14:00:00,ZONE_M03,0.51,20.4,-22.6,0.64
2024-02-13 14:00:00,ZONE_B01,0.51,19.3,-22.6,0.64
2024-02-13 14:00:00,ZONE_B02,0.51,19.6,-22.6,0.64
2024-02-13 15:00:00,ZONE_M01,0.79,21.2,-17.6,0.67
2024-02-13 15:00:00,ZONE_M02,0.79,20.4,-17.6,0.67
2024-02-13 15:00:00,ZONE_M03,0.79,20.6,-17.6,0.67
2024-02-13 15:00:00,ZONE_B01,0.79,21.0,-17.6,0.67
2024-02-13 15:00:00,ZONE_B02,0.79,19.8,-17.6,0.67
2024-02-13 16:00:00,ZONE_M01,0.51,18.6,-21.8,0.63
2024-02-13 16:00:00,ZONE_M02,0.51,19.6,-21.8,0.63
2024-02-13 16:00:00,ZONE_M03,0.51,19.0,-21.8,0.63
2024-02-13 16:00:00,ZONE_B01,0.51,19.3,-21.8,0.63
2024-02-13 16:00:00,ZONE_B02,0.51,19.3,-21.8,0.63
2024-02-13 17:00:00,ZONE_M01,0.74,20.6,-21.9,0.73
2024-02-13 17:00:00,ZONE_M02,0.74,20.4,-21.9,0.73
2024-02-13 17:00:00,ZONE_M03,0.74,19.8,-21.9,0.73
2024-02-13 17:00:00,ZONE_B01,0.74,20.6,-21.9,0.73
2024-02-13 17:00:00,ZONE_B02,0.74,20.7,-21.9,0.73
2024-02-13 18:00:00,ZONE_M01,0.71,19.5,-21.2,0.7
2024-02-13 18:00:00,ZONE_M02,0.71,19.7,-21.2,0.7
2024-02-13 18:00:00,ZONE_M03,0.71,20.4,-21.2,0.7
2024-02-13 18:00:00,ZONE_B01,0.71,20.9,-21.2,0.7
2024-02-13 18:00:00,ZONE_B02,0.71,19.7,-21.2,0.7
2024-02-13 19:00:00,ZONE_M01,0.7,19.5,-18.8,0.66
2024-02-13 19:00:00,ZONE_M02,0.7,20.0,-18.8,0.66
2024-02-13 19:00:00,ZONE_M03,0.7,19.8,-18.8,0.66
2024-02-13 19:00:00,ZONE_B01,0.7,20.4,-18.8,0.66
2024-02-13 19:00:00,ZONE_B02,0.7,21.0,-18.8,0.66
2024-02-13 20:00:00,ZONE_M01,0.66,19.4,-18.9,0.64
2024-02-13 20:00:00,ZONE_M02,0.66,19.6,-18.9,0.64
2024-02-13 20:00:00,ZONE_M03,0.66,21.1,-18.9,0.64
2024-02-13 20:00:00,ZONE_B01,0.66,20.6,-18.9,0.64
2024-02-13 20:00:00,ZONE_B02,0.66,19.1,-18.9,0.64
2024-02-13 21:00:00,ZONE_M01,0.8,19.9,-19.9,0.72
2024-02-13 21:00:00,ZONE_M02,0.8,21.2,-19.9,0.72
2024-02-13 21:00:00,ZONE_M03,0.8,19.7,-19.9,0.72
2024-02-13 21:00:00,ZONE_B01,0.8,21.3,-19.9,0.72
2024-02-13 21:00:00,ZONE_B02,0.8,20.4,-19.9,0.72
2024-02-13 22:00:00,ZONE_M01,0.53,19.5,-19.8,0.61
2024-02-13 22:00:00,ZONE_M02,0.53,19.5,-19.8,0.61
2024-02-13 22:00:00,ZONE_M03,0.53,18.5,-19.8,0.61
2024-02-13 22:00:00,ZONE_B01,0.53,20.1,-19.8,0.61
2024-02-13 22:00:00,ZONE_B02,0.53,19.6,-19.8,0.61
2024-02-13 23:00:00,ZONE_M01,0.1,17.9,-18.8,0.43
2024-02-13 23:00:00,ZONE_M02,0.1,18.4,-18.8,0.43
2024-02-13 23:00:00,ZONE_M03,0.1,18.6,-18.8,0.43
2024-02-13 23:00:00,ZONE_B01,0.1,18.6,-18.8,0.43
2024-02-13 23:00:00,ZONE_B02,0.1,18.1,-18.8,0.43
2024-02-14 00:00:00,ZONE_M01,0.15,19.6,-18.1,0.44
2024-02-14 00:00:00,ZONE_M02,0.15,18.2,-18.1,0.44
2024-02-14 00:00:00,ZONE_M03,0.15,18.4,-18.1,0.44
2024-02-14 00:00:00,ZONE_B01,0.15,18.1,-18.1,0.44
2024-02-14 00:00:00,ZONE_B02,0.15,18.0,-18.1,0.44
2024-02-14 01:00:00,ZONE_M01,0.17,18.6,-22.0,0.49
2024-02-14 01:00:00,ZONE_M02,0.17,18.8,-22.0,0.49
2024-02-14 01:00:00,ZONE_M03,0.17,19.2,-22.0,0.49
2024-02-14 01:00:00,ZONE_B01,0.17,19.0,-22.0,0.49
2024-02-14 01:00:00,ZONE_B02,0.17,19.7,-22.0,0.49
2024-02-14 02:00:00,ZONE_M01,0.26,18.4,-19.0,0.49
2024-02-14 02:00:00,ZONE_M02,0.26,18.9,-19.0,0.49
2024-02-14 02:00:00,ZONE_M03,0.26,19.3,-19.0,0.49
2024-02-14 02:00:00,ZONE_B01,0.26,18.9,-19.0,0.49
2024-02-14 02:00:00,ZONE_B02,0.26,17.9,-19.0,0.49
2024-02-14 03:00:00,ZONE_M01,0.06,18.6,-23.2,0.46
2024-02-14 03:00:00,ZONE_M02,0.06,18.7,-23.2,0.46
2024-02-14 03:00:00,ZONE_M03,0.06,18.1,-23.2,0.46
2024-02-14 03:00:00,ZONE_B01,0.06,18.1,-23.2,0.46
2024-02-14 03:00:00,ZONE_B02,0.06,17.9,-23.2,0.46
2024-02-14 04:00:00,ZONE_M01,0.08,18.0,-21.7,0.45
2024-02-14 04:00:00,ZONE_M02,0.08,18.5,-21.7,0.45
2024-02-14 04:00:00,ZONE_M03,0.08,18.4,-21.7,0.45
2024-02-14 04:00:00,ZONE_B01,0.08,18.0,-21.7,0.45
2024-02-14 04:00:00,ZONE_B02,0.08,18.3,-21.7,0.45
2024-02-14 05:00:00,ZONE_M01,0.03,17.4,-20.1,0.41
2024-02-14 05:00:00,ZONE_M02,0.03,17.5,-20.1,0.41
2024-02-14 05:00:00,ZONE_M03,0.03,19.5,-20.1,0.41
2024-02-14 05:00:00,ZONE_B01,0.03,18.0,-20.1,0.41
2024-02-14 05:00:00,ZONE_B02,0.03,18.7,-20.1,0.41
2024-02-14 06:00:00,ZONE_M01,0.64,19.9,-20.6,0.66
2024-02-14 06:00:00,ZONE_M02,0.64,19.7,-20.6,0.66
2024-02-14 06:00:00,ZONE_M03,0.64,20.7,-20.6,0.66
2024-02-14 06:00:00,ZONE_B01,0.64,19.9,-20.6,0.66
2024-02-14 06:00:00,ZONE_B02,0.64,20.4,-20.6,0.66
2024-02-14 07:00:00,ZONE_M01,0.41,18.9,-19.9,0.56
2024-02-14 07:00:00,ZONE_M02,0.41,19.2,-19.9,0.56
2024-02-14 07:00:00,ZONE_M03,0.41,19.4,-19.9,0.56
2024-02-14 07:00:00,ZONE_B01,0.41,18.4,-19.9,0.56
2024-02-14 07:00:00,ZONE_B02,0.41,19.2,-19.9,0.56
2024-02-14 08:00:00,ZONE_M01,0.82,20.1,-20.8,0.74
2024-02-14 08:00:00,ZONE_M02,0.82,20.0,-20.8,0.74
2024-02-14 08:00:00,ZONE_M03,0.82,20.2,-20.8,0.74
2024-02-14 08:00:00,ZONE_B01,0.82,19.8,-20.8,0.74
2024-02-14 08:00:00,ZONE_B02,0.82,19.6,-20.8,0.74
2024-02-14 09:00:00,ZONE_M01,0.84,19.3,-18.5,0.71
2024-02-14 09:00:00,ZONE_M02,0.84,20.3,-18.5,0.71
2024-02-14 09:00:00,ZONE_M03,0.84,19.8,-18.5,0.71
2024-02-14 09:00:00,ZONE_B01,0.84,21.5,-18.5,0.71
2024-02-14 09:00:00,ZONE_B02,0.84,21.2,-18.5,0.71
2024-02-14 10:00:00,ZONE_M01,0.82,20.0,-21.9,0.77
2024-02-14 10:00:00,ZONE_M02,0.82,20.0,-21.9,0.77
2024-02-14 10:00:00,ZONE_M03,0.82,21.4,-21.9,0.77
2024-02-14 10:00:00,ZONE_B01,0.82,20.1,-21.9,0.77
2024-02-14 10:00:00,ZONE_B02,0.82,20.9,-21.9,0.77
2024-02-14 11:00:00,ZONE_M01,0.62,20.0,-16.6,0.59
2024-02-14 11:00:00,ZONE_M02,0.62,19.3,-16.6,0.59
2024-02-14 11:00:00,ZONE_M03,0.62,20.4,-16.6,0.59
2024-02-14 11:00:00,ZONE_B01,0.62,19.3,-16.6,0.59
2024-02-14 11:00:00,ZONE_B02,0.62,20.1,-16.6,0.59
2024-02-14 12:00:00,ZONE_M01,0.55,20.0,-21.2,0.64
2024-02-14 12:00:00,ZONE_M02,0.55,19.5,-21.2,0.64
2024-02-14 12:00:00,ZONE_M03,0.55,19.6,-21.2,0.64
2024-02-14 12:00:00,ZONE_B01,0.55,20.5,-21.2,0.64
2024-02-14 12:00:00,ZONE_B02,0.55,19.5,-21.2,0.64
2024-02-14 13:00:00,ZONE_M01,0.94,21.1,-21.7,0.81
2024-02-14 13:00:00,ZONE_M02,0.94,20.9,-21.7,0.81
2024-02-14 13:00:00,ZONE_M03,0.94,21.2,-21.7,0.81
2024-02-14 13:00:00,ZONE_B01,0.94,20.3,-21.7,0.81
2024-02-14 13:00:00,ZONE_B02,0.94,21.1,-21.7,0.81
2024-02-14 14:00:00,ZONE_M01,0.75,20.4,-18.3,0.67
2024-02-14 14:00:00,ZONE_M02,0.75,21.3,-18.3,0.67
2024-02-14 14:00:00,ZONE_M03,0.75,20.0,-18.3,0.67
2024-02-14 14:00:00,ZONE_B01,0.75,19.7,-18.3,0.67
2024-02-14 14:00:00,ZONE_B02,0.75,19.6,-18.3,0.67
2024-02-14 15:00:00,ZONE_M01,0.75,20.9,-21.9,0.73
2024-02-14 15:00:00,ZONE_M02,0.75,20.3,-21.9,0.73
2024-02-14 15:00:00,ZONE_M03,0.75,21.5,-21.9,0.73
2024-02-14 15:00:00,ZONE_B01,0.75,20.2,-21.9,0.73
2024-02-14 15:00:00,ZONE_B02,0.75,19.2,-21.9,0.73
2024-02-14 16:00:00,ZONE_M01,0.56,19.7,-24.2,0.69
2024-02-14 16:00:00,ZONE_M02,0.56,19.9,-24.2,0.69
2024-02-14 16:00:00,ZONE_M03,0.56,18.5,-24.2,0.69
2024-02-14 16:00:00,ZONE_B01,0.56,20.8,-24.2,0.69
2024-02-14 16:00:00,ZONE_B02,0.56,19.1,-24.2,0.69
2024-02-14 17:00:00,ZONE_M01,0.74,20.9,-20.7,0.71
2024-02-14 17:00:00,ZONE_M02,0.74,20.3,-20.7,0.71
2024-02-14 17:00:00,ZONE_M03,0.74,19.9,-20.7,0.71
2024-02-14 17:00:00,ZONE_B01,0.74,19.7,-20.7,0.71
2024-02-14 17:00:00,ZONE_B02,0.74,19.2,-20.7,0.71
2024-02-14 18:00:00,ZONE_M01,0.77,21.1,-22.6,0.75
2024-02-14 18:00:00,ZONE_M02,0.77,20.6,-22.6,0.75
2024-02-14 18:00:00,ZONE_M03,0.77,20.1,-22.6,0.75
2024-02-14 18:00:00,ZONE_B01,0.77,21.1,-22.6,0.75
2024-02-14 18:00:00,ZONE_B02,0.77,20.3,-22.6,0.75
2024-02-14 19:00:00,ZONE_M01,0.43,18.9,-23.3,0.62
2024-02-14 19:00:00,ZONE_M02,0.43,19.5,-23.3,0.62
2024-02-14 19:00:00,ZONE_M03,0.43,19.3,-23.3,0.62
2024-02-14 19:00:00,ZONE_B01,0.43,18.7,-23.3,0.62
2024-02-14 19:00:00,ZONE_B02,0.43,18.9,-23.3,0.62
2024-02-14 20:00:00,ZONE_M01,0.35,18.3,-20.9,0.55
2024-02-14 20:00:00,ZONE_M02,0.35,18.4,-20.9,0.55
2024-02-14 20:00:00,ZONE_M03,0.35,19.0,-20.9,0.55
2024-02-14 20:00:00,ZONE_B01,0.35,19.0,-20.9,0.55
2024-02-14 20:00:00,ZONE_B02,0.35,18.9,-20.9,0.55
2024-02-14 21:00:00,ZONE_M01,0.7,20.3,-21.4,0.71
2024-02-14 21:00:00,ZONE_M02,0.7,20.1,-21.4,0.71
2024-02-14 21:00:00,ZONE_M03,0.7,20.4,-21.4,0.71
2024-02-14 21:00:00,ZONE_B01,0.7,19.4,-21.4,0.71
2024-02-14 21:00:00,ZONE_B02,0.7,20.5,-21.4,0.71
2024-02-14 22:00:00,ZONE_M01,0.9,20.8,-23.2,0.82
2024-02-14 22:00:00,ZONE_M02,0.9,20.9,-23.2,0.82
2024-02-14 22:00:00,ZONE_M03,0.9,20.4,-23.2,0.82
2024-02-14 22:00:00,ZONE_B01,0.9,20.7,-23.2,0.82
2024-02-14 22:00:00,ZONE_B02,0.9,20.7,-23.2,0.82
2024-02-14 23:00:00,ZONE_M01,0.15,17.9,-22.3,0.48
2024-02-14 23:00:00,ZONE_M02,0.15,18.0,-22.3,0.48
2024-02-14 23:00:00,ZONE_M03,0.15,19.2,-22.3,0.48
2024-02-14 23:00:00,ZONE_B01,0.15,18.6,-22.3,0.48
2024-02-14 23:00:00,ZONE_B02,0.15,18.4,-22.3,0.48
2024-02-15 00:00:00,ZONE_M01,0.13,18.9,-19.3,0.44
2024-02-15 00:00:00,ZONE_M02,0.13,19.2,-19.3,0.44
2024-02-15 00:00:00,ZONE_M03,0.13,17.3,-19.3,0.44
2024-02-15 00:00:00,ZONE_B01,0.13,19.2,-19.3,0.44
2024-02-15 00:00:00,ZONE_B02,0.13,17.2,-19.3,0.44
2024-02-15 01:00:00,ZONE_M01,0.14,18.2,-19.8,0.45
2024-02-15 01:00:00,ZONE_M02,0.14,18.3,-19.8,0.45
2024-02-15 01:00:00,ZONE_M03,0.14,18.6,-19.8,0.45
2024-02-15 01:00:00,ZONE_B01,0.14,18.5,-19.8,0.45
2024-02-15 01:00:00,ZONE_B02,0.14,17.6,-19.8,0.45
2024-02-15 02:00:00,ZONE_M01,0.14,19.0,-20.0,0.46
2024-02-15 02:00:00,ZONE_M02,0.14,18.6,-20.0,0.46
2024-02-15 02:00:00,ZONE_M03,0.14,18.7,-20.0,0.46
2024-02-15 02:00:00,ZONE_B01,0.14,18.2,-20.0,0.46
2024-02-15 02:00:00,ZONE_B02,0.14,18.7,-20.0,0.46
2024-02-15 03:00:00,ZONE_M01,0.1,18.9,-20.6,0.45
2024-02-15 03:00:00,ZONE_M02,0.1,18.1,-20.6,0.45
2024-02-15 03:00:00,ZONE_M03,0.1,17.7,-20.6,0.45
2024-02-15 03:00:00,ZONE_B01,0.1,18.1,-20.6,0.45
2024-02-15 03:00:00,ZONE_B02,0.1,18.4,-20.6,0.45
2024-02-15 04:00:00,ZONE_M01,0.3,19.1,-17.8,0.49
2024-02-15 04:00:00,ZONE_M02,0.3,18.8,-17.8,0.49
2024-02-15 04:00:00,ZONE_M03,0.3,18.8,-17.8,0.49
2024-02-15 04:00:00,ZONE_B01,0.3,18.9,-17.8,0.49
2024-02-15 04:00:00,ZONE_B02,0.3,19.0,-17.8,0.49
2024-02-15 05:00:00,ZONE_M01,0.15,18.8,-17.1,0.43
2024-02-15 05:00:00,ZONE_M02,0.15,17.7,-17.1,0.43
2024-02-15 05:00:00,ZONE_M03,0.15,18.4,-17.1,0.43
2024-02-15 05:00:00,ZONE_B01,0.15,17.9,-17.1,0.43
2024-02-15 05:00:00,ZONE_B02,0.15,18.5,-17.1,0.43
2024-02-15 06:00:00,ZONE_M01,0.89,20.1,-19.1,0.74
2024-02-15 06:00:00,ZONE_M02,0.89,20.6,-19.1,0.74
2024-02-15 06:00:00,ZONE_M03,0.89,21.3,-19.1,0.74
2024-02-15 06:00:00,ZONE_B01,0.89,20.9,-19.1,0.74
2024-02-15 06:00:00,ZONE_B02,0.89,20.2,-19.1,0.74
2024-02-15 07:00:00,ZONE_M01,0.59,20.1,-18.7,0.61
2024-02-15 07:00:00,ZONE_M02,0.59,18.9,-18.7,0.61
2024-02-15 07:00:00,ZONE_M03,0.59,19.9,-18.7,0.61
2024-02-15 07:00:00,ZONE_B01,0.59,20.0,-18.7,0.61
2024-02-15 07:00:00,ZONE_B02,0.59,20.4,-18.7,0.61
2024-02-15 08:00:00,ZONE_M01,0.81,19.7,-17.7,0.68
2024-02-15 08:00:00,ZONE_M02,0.81,20.8,-17.7,0.68
2024-02-15 08:00:00,ZONE_M03,0.81,22.0,-17.7,0.68
2024-02-15 08:00:00,ZONE_B01,0.81,20.7,-17.7,0.68
2024-02-15 08:00:00,ZONE_B02,0.81,20.5,-17.7,0.68
2024-02-15 09:00:00,ZONE_M01,0.62,20.2,-18.3,0.62
2024-02-15 09:00:00,ZONE_M02,0.62,20.6,-18.3,0.62
2024-02-15 09:00:00,ZONE_M03,0.62,20.9,-18.3,0.62
2024-02-15 09:00:00,ZONE_B01,0.62,20.0,-18.3,0.62
2024-02-15 09:00:00,ZONE_B02,0.62,20.1,-18.3,0.62
2024-02-15 10:00:00,ZONE_M01,0.62,20.4,-19.6,0.64
2024-02-15 10:00:00,ZONE_M02,0.62,19.8,-19.6,0.64
2024-02-15 10:00:00,ZONE_M03,0.62,20.4,-19.6,0.64
2024-02-15 10:00:00,ZONE_B01,0.62,19.6,-19.6,0.64
2024-02-15 10:00:00,ZONE_B02,0.62,19.9,-19.6,0.64
2024-02-15 11:00:00,ZONE_M01,0.65,20.1,-19.4,0.65
2024-02-15 11:00:00,ZONE_M02,0.65,19.8,-19.4,0.65
2024-02-15 11:00:00,ZONE_M03,0.65,19.6,-19.4,0.65
2024-02-15 11:00:00,ZONE_B01,0.65,19.5,-19.4,0.65
2024-02-15 11:00:00,ZONE_B02,0.65,19.7,-19.4,0.65
2024-02-15 12:00:00,ZONE_M01,0.68,19.5,-21.2,0.69
2024-02-15 12:00:00,ZONE_M02,0.68,19.7,-21.2,0.69
2024-02-15 12:00:00,ZONE_M03,0.68,20.1,-21.2,0.69
2024-02-15 12:00:00,ZONE_B01,0.68,19.2,-21.2,0.69
2024-02-15 12:00:00,ZONE_B02,0.68,19.8,-21.2,0.69
2024-02-15 13:00:00,ZONE_M01,0.77,21.1,-21.2,0.73
2024-02-15 13:00:00,ZONE_M02,0.77,19.6,-21.2,0.73
2024-02-15 13:00:00,ZONE_M03,0.77,20.7,-21.2,0.73
2024-02-15 13:00:00,ZONE_B01,0.77,20.7,-21.2,0.73
2024-02-15 13:00:00,ZONE_B02,0.77,20.4,-21.2,0.73
2024-02-15 14:00:00,ZONE_M01,0.45,18.9,-21.2,0.6
2024-02-15 14:00:00,ZONE_M02,0.45,19.6,-21.2,0.6
2024-02-15 14:00:00,ZONE_M03,0.45,19.3,-21.2,0.6
2024-02-15 14:00:00,ZONE_B01,0.45,19.3,-21.2,0.6
2024-02-15 14:00:00,ZONE_B02,0.45,19.7,-21.2,0.6
2024-02-15 15:00:00,ZONE_M01,0.56,19.7,-21.8,0.65
2024-02-15 15:00:00,ZONE_M02,0.56,19.8,-21.8,0.65
2024-02-15 15:00:00,ZONE_M03,0.56,19.6,-21.8,0.65
2024-02-15 15:00:00,ZONE_B01,0.56,19.1,-21.8,0.65
2024-02-15 15:00:00,ZONE_B02,0.56,19.3,-21.8,0.65
2024-02-15 16:00:00,ZONE_M01,0.66,20.0,-19.9,0.66
2024-02-15 16:00:00,ZONE_M02,0.66,20.0,-19.9,0.66
2024-02-15 16:00:00,ZONE_M03,0.66,19.3,-19.9,0.66
2024-02-15 16:00:00,ZONE_B01,0.66,20.2,-19.9,0.66
2024-02-15 16:00:00,ZONE_B02,0.66,20.1,-19.9,0.66
2024-02-15 17:00:00,ZONE_M01,0.45,19.2,-19.9,0.58
2024-02-15 17:00:00,ZONE_M02,0.45,18.5,-19.9,0.58
2024-02-15 17:00:00,ZONE_M03,0.45,20.0,-19.9,0.58
2024-02-15 17:00:00,ZONE_B01,0.45,19.8,-19.9,0.58
2024-02-15 17:00:00,ZONE_B02,0.45,18.9,-19.9,0.58
2024-02-15 18:00:00,ZONE_M01,0.77,20.4,-18.2,0.68
2024-02-15 18:00:00,ZONE_M02,0.77,20.2,-18.2,0.68
2024-02-15 18:00:00,ZONE_M03,0.77,21.9,-18.2,0.68
2024-02-15 18:00:00,ZONE_B01,0.77,20.7,-18.2,0.68
2024-02-15 18:00:00,ZONE_B02,0.77,20.3,-18.2,0.68
2024-02-15 19:00:00,ZONE_M01,0.68,19.9,-22.3,0.71
2024-02-15 19:00:00,ZONE_M02,0.68,19.4,-22.3,0.71
2024-02-15 19:00:00,ZONE_M03,0.68,20.4,-22.3,0.71
2024-02-15 19:00:00,ZONE_B01,0.68,20.0,-22.3,0.71
2024-02-15 19:00:00,ZONE_B02,0.68,20.4,-22.3,0.71
2024-02-15 20:00:00,ZONE_M01,0.62,20.2,-22.2,0.68
2024-02-15 20:00:00,ZONE_M02,0.62,18.8,-22.2,0.68
2024-02-15 20:00:00,ZONE_M03,0.62,19.3,-22.2,0.68
2024-02-15 20:00:00,ZONE_B01,0.62,20.0,-22.2,0.68
2024-02-15 20:00:00,ZONE_B02,0.62,18.4,-22.2,0.68
2024-02-15 21:00:00,ZONE_M01,0.82,20.6,-18.4,0.7
2024-02-15 21:00:00,ZONE_M02,0.82,20.4,-18.4,0.7
2024-02-15 21:00:00,ZONE_M03,0.82,20.7,-18.4,0.7
2024-02-15 21:00:00,ZONE_B01,0.82,20.8,-18.4,0.7
2024-02-15 21:00:00,ZONE_B02,0.82,19.6,-18.4,0.7
2024-02-15 22:00:00,ZONE_M01,0.75,20.1,-22.1,0.74
2024-02-15 22:00:00,ZONE_M02,0.75,20.1,-22.1,0.74
2024-02-15 22:00:00,ZONE_M03,0.75,21.0,-22.1,0.74
2024-02-15 22:00:00,ZONE_B01,0.75,20.1,-22.1,0.74
2024-02-15 22:00:00,ZONE_B02,0.75,20.3,-22.1,0.74
2024-02-15 23:00:00,ZONE_M01,0.07,17.6,-22.0,0.45
2024-02-15 23:00:00,ZONE_M02,0.07,17.8,-22.0,0.45
2024-02-15 23:00:00,ZONE_M03,0.07,17.4,-22.0,0.45
2024-02-15 23:00:00,ZONE_B01,0.07,18.3,-22.0,0.45
2024-02-15 23:00:00,ZONE_B02,0.07,18.3,-22.0,0.45
2024-02-16 00:00:00,ZONE_M01,0.27,18.3,-25.8,0.58
2024-02-16 00:00:00,ZONE_M02,0.27,18.8,-25.8,0.58
2024-02-16 00:00:00,ZONE_M03,0.27,18.5,-25.8,0.58
2024-02-16 00:00:00,ZONE_B01,0.27,18.7,-25.8,0.58
2024-02-16 00:00:00,ZONE_B02,0.27,19.1,-25.8,0.58
2024-02-16 01:00:00,ZONE_M01,0.19,19.0,-22.7,0.51
2024-02-16 01:00:00,ZONE_M02,0.19,18.3,-22.7,0.51
2024-02-16 01:00:00,ZONE_M03,0.19,19.2,-22.7,0.51
2024-02-16 01:00:00,ZONE_B01,0.19,18.3,-22.7,0.51
2024-02-16 01:00:00,ZONE_B02,0.19,19.0,-22.7,0.51
2024-02-16 02:00:00,ZONE_M01,0.32,19.1,-23.6,0.57
2024-02-16 02:00:00,ZONE_M02,0.32,19.1,-23.6,0.57
2024-02-16 02:00:00,ZONE_M03,0.32,19.1,-23.6,0.57
2024-02-16 02:00:00,ZONE_B01,0.32,19.0,-23.6,0.57
2024-02-16 02:00:00,ZONE_B02,0.32,19.5,-23.6,0.57
2024-02-16 03:00:00,ZONE_M01,0.19,18.1,-20.0,0.47
2024-02-16 03:00:00,ZONE_M02,0.19,19.2,-20.0,0.47
2024-02-16 03:00:00,ZONE_M03,0.19,18.8,-20.0,0.47
2024-02-16 03:00:00,ZONE_B01,0.19,18.4,-20.0,0.47
2024-02-16 03:00:00,ZONE_B02,0.19,18.9,-20.0,0.47
2024-02-16 04:00:00,ZONE_M01,0.28,18.7,-19.3,0.5
2024-02-16 04:00:00,ZONE_M02,0.28,18.4,-19.3,0.5
2024-02-16 04:00:00,ZONE_M03,0.28,18.6,-19.3,0.5
2024-02-16 04:00:00,ZONE_B01,0.28,19.1,-19.3,0.5
2024-02-16 04:00:00,ZONE_B02,0.28,18.4,-19.3,0.5
2024-02-16 05:00:00,ZONE_M01,0.17,18.8,-19.2,0.46
2024-02-16 05:00:00,ZONE_M02,0.17,18.4,-19.2,0.46
2024-02-16 05:00:00,ZONE_M03,0.17,19.0,-19.2,0.46
2024-02-16 05:00:00,ZONE_B01,0.17,18.7,-19.2,0.46
2024-02-16 05:00:00,ZONE_B02,0.17,18.4,-19.2,0.46
2024-02-16 06:00:00,ZONE_M01,0.48,20.6,-19.8,0.59
2024-02-16 06:00:00,ZONE_M02,0.48,19.2,-19.8,0.59
2024-02-16 06:00:00,ZONE_M03,0.48,19.0,-19.8,0.59
2024-02-16 06:00:00,ZONE_B01,0.48,18.9,-19.8,0.59
2024-02-16 06:00:00,ZONE_B02,0.48,19.0,-19.8,0.59
2024-02-16 07:00:00,ZONE_M01,0.75,19.5,-21.8,0.73
2024-02-16 07:00:00,ZONE_M02,0.75,20.8,-21.8,0.73
2024-02-16 07:00:00,ZONE_M03,0.75,20.1,-21.8,0.73
2024-02-16 07:00:00,ZONE_B01,0.75,19.8,-21.8,0.73
2024-02-16 07:00:00,ZONE_B02,0.75,19.9,-21.8,0.73
2024-02-16 08:00:00,ZONE_M01,0.59,20.2,-20.2,0.64
2024-02-16 08:00:00,ZONE_M02,0.59,20.8,-20.2,0.64
2024-02-16 08:00:00,ZONE_M03,0.59,19.2,-20.2,0.64
2024-02-16 08:00:00,ZONE_B01,0.59,19.8,-20.2,0.64
2024-02-16 08:00:00,ZONE_B02,0.59,19.1,-20.2,0.64
2024-02-16 09:00:00,ZONE_M01,0.83,20.7,-22.9,0.78
2024-02-16 09:00:00,ZONE_M02,0.83,20.0,-22.9,0.78
2024-02-16 09:00:00,ZONE_M03,0.83,20.9,-22.9,0.78
2024-02-16 09:00:00,ZONE_B01,0.83,20.2,-22.9,0.78
2024-02-16 09:00:00,ZONE_B02,0.83,20.3,-22.9,0.78
2024-02-16 10:00:00,ZONE_M01,0.63,19.3,-21.8,0.68
2024-02-16 10:00:00,ZONE_M02,0.63,19.9,-21.8,0.68
2024-02-16 10:00:00,ZONE_M03,0.63,20.0,-21.8,0.68
2024-02-16 10:00:00,ZONE_B01,0.63,20.6,-21.8,0.68
2024-02-16 10:00:00,ZONE_B02,0.63,20.2,-21.8,0.68
2024-02-16 11:00:00,ZONE_M01,0.71,20.5,-17.3,0.64
2024-02-16 11:00:00,ZONE_M02,0.71,19.6,-17.3,0.64
2024-02-16 11:00:00,ZONE_M03,0.71,19.6,-17.3,0.64
2024-02-16 11:00:00,ZONE_B01,0.71,20.4,-17.3,0.64
2024-02-16 11:00:00,ZONE_B02,0.71,20.4,-17.3,0.64
2024-02-16 12:00:00,ZONE_M01,0.95,22.0,-20.9,0.8
2024-02-16 12:00:00,ZONE_M02,0.95,20.0,-20.9,0.8
2024-02-16 12:00:00,ZONE_M03,0.95,20.9,-20.9,0.8
2024-02-16 12:00:00,ZONE_B01,0.95,20.6,-20.9,0.8
2024-02-16 12:00:00,ZONE_B02,0.95,21.9,-20.9,0.8
2024-02-16 13:00:00,ZONE_M01,0.7,21.3,-20.3,0.69
2024-02-16 13:00:00,ZONE_M02,0.7,20.3,-20.3,0.69
2024-02-16 13:00:00,ZONE_M03,0.7,20.7,-20.3,0.69
2024-02-16 13:00:00,ZONE_B01,0.7,20.3,-20.3,0.69
2024-02-16 13:00:00,ZONE_B02,0.7,19.3,-20.3,0.69
2024-02-16 14:00:00,ZONE_M01,0.8,19.1,-19.1,0.71
2024-02-16 14:00:00,ZONE_M02,0.8,19.3,-19.1,0.71
2024-02-16 14:00:00,ZONE_M03,0.8,20.9,-19.1,0.71
2024-02-16 14:00:00,ZONE_B01,0.8,20.3,-19.1,0.71
2024-02-16 14:00:00,ZONE_B02,0.8,21.1,-19.1,0.71
2024-02-16 15:00:00,ZONE_M01,0.34,19.2,-18.3,0.51
2024-02-16 15:00:00,ZONE_M02,0.34,18.9,-18.3,0.51
2024-02-16 15:00:00,ZONE_M03,0.34,19.9,-18.3,0.51
2024-02-16 15:00:00,ZONE_B01,0.34,19.4,-18.3,0.51
2024-02-16 15:00:00,ZONE_B02,0.34,18.1,-18.3,0.51
2024-02-16 16:00:00,ZONE_M01,0.68,20.2,-20.9,0.69
2024-02-16 16:00:00,ZONE_M02,0.68,20.7,-20.9,0.69
2024-02-16 16:00:00,ZONE_M03,0.68,19.6,-20.9,0.69
2024-02-16 16:00:00,ZONE_B01,0.68,19.8,-20.9,0.69
2024-02-16 16:00:00,ZONE_B02,0.68,19.8,-20.9,0.69
2024-02-16 17:00:00,ZONE_M01,0.69,19.7,-23.1,0.73
2024-02-16 17:00:00,ZONE_M02,0.69,20.4,-23.1,0.73
2024-02-16 17:00:00,ZONE_M03,0.69,20.5,-23.1,0.73
2024-02-16 17:00:00,ZONE_B01,0.69,19.0,-23.1,0.73
2024-02-16 17:00:00,ZONE_B02,0.69,19.5,-23.1,0.73
2024-02-16 18:00:00,ZONE_M01,0.47,19.7,-21.6,0.61
2024-02-16 18:00:00,ZONE_M02,0.47,20.0,-21.6,0.61
2024-02-16 18:00:00,ZONE_M03,0.47,20.2,-21.6,0.61
2024-02-16 18:00:00,ZONE_B01,0.47,20.1,-21.6,0.61
2024-02-16 18:00:00,ZONE_B02,0.47,18.3,-21.6,0.61
2024-02-16 19:00:00,ZONE_M01,0.49,18.9,-15.4,0.53
2024-02-16 19:00:00,ZONE_M02,0.49,19.7,-15.4,0.53
2024-02-16 19:00:00,ZONE_M03,0.49,18.7,-15.4,0.53
2024-02-16 19:00:00,ZONE_B01,0.49,19.5,-15.4,0.53
2024-02-16 19:00:00,ZONE_B02,0.49,19.0,-15.4,0.53
2024-02-16 20:00:00,ZONE_M01,0.38,18.0,-19.3,0.54
2024-02-16 20:00:00,ZONE_M02,0.38,19.1,-19.3,0.54
2024-02-16 20:00:00,ZONE_M03,0.38,18.7,-19.3,0.54
2024-02-16 20:00:00,ZONE_B01,0.38,19.0,-19.3,0.54
2024-02-16 20:00:00,ZONE_B02,0.38,18.5,-19.3,0.54
2024-02-16 21:00:00,ZONE_M01,0.61,19.7,-20.2,0.65
2024-02-16 21:00:00,ZONE_M02,0.61,20.3,-20.2,0.65
2024-02-16 21:00:00,ZONE_M03,0.61,20.4,-20.2,0.65
2024-02-16 21:00:00,ZONE_B01,0.61,20.2,-20.2,0.65
2024-02-16 21:00:00,ZONE_B02,0.61,19.4,-20.2,0.65
2024-02-16 22:00:00,ZONE_M01,0.73,19.7,-22.3,0.73
2024-02-16 22:00:00,ZONE_M02,0.73,19.7,-22.3,0.73
2024-02-16 22:00:00,ZONE_M03,0.73,20.3,-22.3,0.73
2024-02-16 22:00:00,ZONE_B01,0.73,21.1,-22.3,0.73
2024-02-16 22:00:00,ZONE_B02,0.73,19.8,-22.3,0.73
2024-02-16 23:00:00,ZONE_M01,0.0,17.6,-23.3,0.43
2024-02-16 23:00:00,ZONE_M02,0.0,18.0,-23.3,0.43
2024-02-16 23:00:00,ZONE_M03,0.0,17.8,-23.3,0.43
2024-02-16 23:00:00,ZONE_B01,0.0,16.9,-23.3,0.43
2024-02-16 23:00:00,ZONE_B02,0.0,18.2,-23.3,0.43
2024-02-17 00:00:00,ZONE_M01,0.19,18.8,-20.7,0.49
2024-02-17 00:00:00,ZONE_M02,0.19,19.1,-20.7,0.49
2024-02-17 00:00:00,ZONE_M03,0.19,18.6,-20.7,0.49
2024-02-17 00:00:00,ZONE_B01,0.19,17.9,-20.7,0.49
2024-02-17 00:00:00,ZONE_B02,0.19,17.6,-20.7,0.49
2024-02-17 01:00:00,ZONE_M01,0.18,18.7,-20.6,0.48
2024-02-17 01:00:00,ZONE_M02,0.18,18.4,-20.6,0.48
2024-02-17 01:00:00,ZONE_M03,0.18,18.4,-20.6,0.48
2024-02-17 01:00:00,ZONE_B01,0.18,19.6,-20.6,0.48
2024-02-17 01:00:00,ZONE_B02,0.18,17.8,-20.6,0.48
2024-02-17 02:00:00,ZONE_M01,0.11,18.6,-23.9,0.49
2024-02-17 02:00:00,ZONE_M02,0.11,18.2,-23.9,0.49
2024-02-17 02:00:00,ZONE_M03,0.11,18.3,-23.9,0.49
2024-02-17 02:00:00,ZONE_B01,0.11,18.8,-23.9,0.49
2024-02-17 02:00:00,ZONE_B02,0.11,18.9,-23.9,0.49
2024-02-17 03:00:00,ZONE_M01,0.04,17.9,-24.2,0.46
2024-02-17 03:00:00,ZONE_M02,0.04,18.2,-24.2,0.46
2024-02-17 03:00:00,ZONE_M03,0.04,18.3,-24.2,0.46
2024-02-17 03:00:00,ZONE_B01,0.04,18.1,-24.2,0.46
2024-02-17 03:00:00,ZONE_B02,0.04,17.9,-24.2,0.46
2024-02-17 04:00:00,ZONE_M01,0.05,19.6,-19.8,0.42
2024-02-17 04:00:00,ZONE_M02,0.05,18.2,-19.8,0.42
2024-02-17 04:00:00,ZONE_M03,0.05,17.9,-19.8,0.42
2024-02-17 04:00:00,ZONE_B01,0.05,18.1,-19.8,0.42
2024-02-17 04:00:00,ZONE_B02,0.05,17.7,-19.8,0.42
2024-02-17 05:00:00,ZONE_M01,0.28,19.2,-17.8,0.48
2024-02-17 05:00:00,ZONE_M02,0.28,19.5,-17.8,0.48
2024-02-17 05:00:00,ZONE_M03,0.28,18.1,-17.8,0.48
2024-02-17 05:00:00,ZONE_B01,0.28,19.1,-17.8,0.48
2024-02-17 05:00:00,ZONE_B02,0.28,18.9,-17.8,0.48
2024-02-17 06:00:00,ZONE_M01,0.63,21.0,-20.6,0.66
2024-02-17 06:00:00,ZONE_M02,0.63,20.4,-20.6,0.66
2024-02-17 06:00:00,ZONE_M03,0.63,19.5,-20.6,0.66
2024-02-17 06:00:00,ZONE_B01,0.63,19.7,-20.6,0.66
2024-02-17 06:00:00,ZONE_B02,0.63,19.6,-20.6,0.66
2024-02-17 07:00:00,ZONE_M01,0.66,19.8,-21.9,0.69
2024-02-17 07:00:00,ZONE_M02,0.66,19.9,-21.9,0.69
2024-02-17 07:00:00,ZONE_M03,0.66,20.0,-21.9,0.69
2024-02-17 07:00:00,ZONE_B01,0.66,19.3,-21.9,0.69
2024-02-17 07:00:00,ZONE_B02,0.66,19.6,-21.9,0.69
2024-02-17 08:00:00,ZONE_M01,0.83,20.7,-20.4,0.74
2024-02-17 08:00:00,ZONE_M02,0.83,20.0,-20.4,0.74
2024-02-17 08:00:00,ZONE_M03,0.83,21.1,-20.4,0.74
2024-02-17 08:00:00,ZONE_B01,0.83,21.3,-20.4,0.74
2024-02-17 08:00:00,ZONE_B02,0.83,20.7,-20.4,0.74
2024-02-17 09:00:00,ZONE_M01,0.61,19.3,-19.5,0.63
2024-02-17 09:00:00,ZONE_M02,0.61,20.2,-19.5,0.63
2024-02-17 09:00:00,ZONE_M03,0.61,19.7,-19.5,0.63
2024-02-17 09:00:00,ZONE_B01,0.61,19.7,-19.5,0.63
2024-02-17 09:00:00,ZONE_B02,0.61,20.0,-19.5,0.63
2024-02-17 10:00:00,ZONE_M01,0.51,19.1,-21.4,0.62
2024-02-17 10:00:00,ZONE_M02,0.51,19.5,-21.4,0.62
2024-02-17 10:00:00,ZONE_M03,0.51,19.8,-21.4,0.62
2024-02-17 10:00:00,ZONE_B01,0.51,19.7,-21.4,0.62
2024-02-17 10:00:00,ZONE_B02,0.51,19.9,-21.4,0.62
2024-02-17 11:00:00,ZONE_M01,0.85,21.3,-24.2,0.82
2024-02-17 11:00:00,ZONE_M02,0.85,20.7,-24.2,0.82
2024-02-17 11:00:00,ZONE_M03,0.85,20.7,-24.2,0.82
2024-02-17 11:00:00,ZONE_B01,0.85,20.8,-24.2,0.82
2024-02-17 11:00:00,ZONE_B02,0.85,20.5,-24.2,0.82
2024-02-17 12:00:00,ZONE_M01,0.74,20.1,-21.7,0.72
2024-02-17 12:00:00,ZONE_M02,0.74,19.7,-21.7,0.72
2024-02-17 12:00:00,ZONE_M03,0.74,21.0,-21.7,0.72
2024-02-17 12:00:00,ZONE_B01,0.74,20.3,-21.7,0.72
2024-02-17 12:00:00,ZONE_B02,0.74,20.4,-21.7,0.72
2024-02-17 13:00:00,ZONE_M01,0.88,21.2,-24.4,0.84
2024-02-17 13:00:00,ZONE_M02,0.88,20.8,-24.4,0.84
2024-02-17 13:00:00,ZONE_M03,0.88,21.4,-24.4,0.84
2024-02-17 13:00:00,ZONE_B01,0.88,19.8,-24.4,0.84
2024-02-17 13:00:00,ZONE_B02,0.88,19.6,-24.4,0.84
2024-02-17 14:00:00,ZONE_M01,0.7,19.6,-19.4,0.67
2024-02-17 14:00:00,ZONE_M02,0.7,18.6,-19.4,0.67
2024-02-17 14:00:00,ZONE_M03,0.7,19.9,-19.4,0.67
2024-02-17 14:00:00,ZONE_B01,0.7,20.2,-19.4,0.67
2024-02-17 14:00:00,ZONE_B02,0.7,20.0,-19.4,0.67
2024-02-17 15:00:00,ZONE_M01,0.77,20.9,-21.2,0.73
2024-02-17 15:00:00,ZONE_M02,0.77,20.4,-21.2,0.73
2024-02-17 15:00:00,ZONE_M03,0.77,20.6,-21.2,0.73
2024-02-17 15:00:00,ZONE_B01,0.77,20.2,-21.2,0.73
2024-02-17 15:00:00,ZONE_B02,0.77,19.5,-21.2,0.73
2024-02-17 16:00:00,ZONE_M01,0.77,20.9,-21.6,0.74
2024-02-17 16:00:00,ZONE_M02,0.77,19.3,-21.6,0.74
2024-02-17 16:00:00,ZONE_M03,0.77,20.4,-21.6,0.74
2024-02-17 16:00:00,ZONE_B01,0.77,19.8,-21.6,0.74
2024-02-17 16:00:00,ZONE_B02,0.77,19.8,-21.6,0.74
2024-02-17 17:00:00,ZONE_M01,0.72,20.7,-20.8,0.7
2024-02-17 17:00:00,ZONE_M02,0.72,20.7,-20.8,0.7
2024-02-17 17:00:00,ZONE_M03,0.72,19.6,-20.8,0.7
2024-02-17 17:00:00,ZONE_B01,0.72,19.6,-20.8,0.7
2024-02-17 17:00:00,ZONE_B02,0.72,19.9,-20.8,0.7
2024-02-17 18:00:00,ZONE_M01,0.42,19.2,-21.5,0.59
2024-02-17 18:00:00,ZONE_M02,0.42,19.5,-21.5,0.59
2024-02-17 18:00:00,ZONE_M03,0.42,19.0,-21.5,0.59
2024-02-17 18:00:00,ZONE_B01,0.42,19.5,-21.5,0.59
2024-02-17 18:00:00,ZONE_B02,0.42,18.8,-21.5,0.59
2024-02-17 19:00:00,ZONE_M01,0.2,18.3,-22.7,0.51
2024-02-17 19:00:00,ZONE_M02,0.2,18.7,-22.7,0.51
2024-02-17 19:00:00,ZONE_M03,0.2,18.5,-22.7,0.51
2024-02-17 19:00:00,ZONE_B01,0.2,19.5,-22.7,0.51
2024-02-17 19:00:00,ZONE_B02,0.2,17.7,-22.7,0.51
2024-02-17 20:00:00,ZONE_M01,0.59,19.8,-19.8,0.63
2024-02-17 20:00:00,ZONE_M02,0.59,19.7,-19.8,0.63
2024-02-17 20:00:00,ZONE_M03,0.59,20.1,-19.8,0.63
2024-02-17 20:00:00,ZONE_B01,0.59,19.3,-19.8,0.63
2024-02-17 20:00:00,ZONE_B02,0.59,20.2,-19.8,0.63
2024-02-17 21:00:00,ZONE_M01,0.69,21.0,-21.3,0.7
2024-02-17 21:00:00,ZONE_M02,0.69,19.8,-21.3,0.7
2024-02-17 21:00:00,ZONE_M03,0.69,19.4,-21.3,0.7
2024-02-17 21:00:00,ZONE_B01,0.69,20.1,-21.3,0.7
2024-02-17 21:00:00,ZONE_B02,0.69,21.0,-21.3,0.7
2024-02-17 22:00:00,ZONE_M01,0.55,19.7,-19.0,0.61
2024-02-17 22:00:00,ZONE_M02,0.55,18.9,-19.0,0.61
2024-02-17 22:00:00,ZONE_M03,0.55,18.7,-19.0,0.61
2024-02-17 22:00:00,ZONE_B01,0.55,19.3,-19.0,0.61
2024-02-17 22:00:00,ZONE_B02,0.55,19.5,-19.0,0.61
2024-02-17 23:00:00,ZONE_M01,0.06,17.3,-19.6,0.42
2024-02-17 23:00:00,ZONE_M02,0.06,18.0,-19.6,0.42
2024-02-17 23:00:00,ZONE_M03,0.06,18.1,-19.6,0.42
2024-02-17 23:00:00,ZONE_B01,0.06,17.9,-19.6,0.42
2024-02-17 23:00:00,ZONE_B02,0.06,19.0,-19.6,0.42
2024-02-18 00:00:00,ZONE_M01,0.02,18.1,-20.4,0.41
2024-02-18 00:00:00,ZONE_M02,0.02,17.8,-20.4,0.41
2024-02-18 00:00:00,ZONE_M03,0.02,17.3,-20.4,0.41
2024-02-18 00:00:00,ZONE_B01,0.02,17.5,-20.4,0.41
2024-02-18 00:00:00,ZONE_B02,0.02,18.1,-20.4,0.41
2024-02-18 01:00:00,ZONE_M01,0.21,18.7,-22.2,0.51
2024-02-18 01:00:00,ZONE_M02,0.21,18.8,-22.2,0.51
2024-02-18 01:00:00,ZONE_M03,0.21,19.2,-22.2,0.51
2024-02-18 01:00:00,ZONE_B01,0.21,18.8,-22.2,0.51
2024-02-18 01:00:00,ZONE_B02,0.21,18.0,-22.2,0.51
2024-02-18 02:00:00,ZONE_M01,0.17,18.6,-21.3,0.48
2024-02-18 02:00:00,ZONE_M02,0.17,18.7,-21.3,0.48
2024-02-18 02:00:00,ZONE_M03,0.17,18.0,-21.3,0.48
2024-02-18 02:00:00,ZONE_B01,0.17,19.1,-21.3,0.48
2024-02-18 02:00:00,ZONE_B02,0.17,18.6,-21.3,0.48
2024-02-18 03:00:00,ZONE_M01,0.17,18.6,-21.2,0.48
2024-02-18 03:00:00,ZONE_M02,0.17,18.1,-21.2,0.48
2024-02-18 03:00:00,ZONE_M03,0.17,17.8,-21.2,0.48
2024-02-18 03:00:00,ZONE_B01,0.17,19.1,-21.2,0.48
2024-02-18 03:00:00,ZONE_B02,0.17,18.3,-21.2,0.48
2024-02-18 04:00:00,ZONE_M01,0.12,18.7,-21.1,0.46
2024-02-18 04:00:00,ZONE_M02,0.12,17.7,-21.1,0.46
2024-02-18 04:00:00,ZONE_M03,0.12,17.8,-21.1,0.46
2024-02-18 04:00:00,ZONE_B01,0.12,17.5,-21.1,0.46
2024-02-18 04:00:00,ZONE_B02,0.12,18.1,-21.1,0.46
2024-02-18 05:00:00,ZONE_M01,0.03,18.5,-23.9,0.45
2024-02-18 05:00:00,ZONE_M02,0.03,18.9,-23.9,0.45
2024-02-18 05:00:00,ZONE_M03,0.03,18.2,-23.9,0.45
2024-02-18 05:00:00,ZONE_B01,0.03,17.3,-23.9,0.45
2024-02-18 05:00:00,ZONE_B02,0.03,18.5,-23.9,0.45
2024-02-18 06:00:00,ZONE_M01,0.8,20.6,-21.4,0.75
2024-02-18 06:00:00,ZONE_M02,0.8,20.6,-21.4,0.75
2024-02-18 06:00:00,ZONE_M03,0.8,20.4,-21.4,0.75
2024-02-18 06:00:00,ZONE_B01,0.8,20.9,-21.4,0.75
2024-02-18 06:00:00,ZONE_B02,0.8,20.7,-21.4,0.75
2024-02-18 07:00:00,ZONE_M01,0.64,20.4,-23.5,0.71
2024-02-18 07:00:00,ZONE_M02,0.64,19.8,-23.5,0.71
2024-02-18 07:00:00,ZONE_M03,0.64,19.9,-23.5,0.71
2024-02-18 07:00:00,ZONE_B01,0.64,19.7,-23.5,0.71
2024-02-18 07:00:00,ZONE_B02,0.64,20.5,-23.5,0.71
2024-02-18 08:00:00,ZONE_M01,1.0,20.4,-22.8,0.86
2024-02-18 08:00:00,ZONE_M02,1.0,21.5,-22.8,0.86
2024-02-18 08:00:00,ZONE_M03,1.0,21.0,-22.8,0.86
2024-02-18 08:00:00,ZONE_B01,1.0,20.4,-22.8,0.86
2024-02-18 08:00:00,ZONE_B02,1.0,20.8,-22.8,0.86
2024-02-18 09:00:00,ZONE_M01,0.77,20.9,-18.4,0.68
2024-02-18 09:00:00,ZONE_M02,0.77,20.2,-18.4,0.68
2024-02-18 09:00:00,ZONE_M03,0.77,20.7,-18.4,0.68
2024-02-18 09:00:00,ZONE_B01,0.77,20.1,-18.4,0.68
2024-02-18 09:00:00,ZONE_B02,0.77,21.2,-18.4,0.68
2024-02-18 10:00:00,ZONE_M01,0.69,20.5,-22.6,0.72
2024-02-18 10:00:00,ZONE_M02,0.69,19.5,-22.6,0.72
2024-02-18 10:00:00,ZONE_M03,0.69,20.1,-22.6,0.72
2024-02-18 10:00:00,ZONE_B01,0.69,19.6,-22.6,0.72
2024-02-18 10:00:00,ZONE_B02,0.69,20.9,-22.6,0.72
2024-02-18 11:00:00,ZONE_M01,0.4,18.8,-20.8,0.57
2024-02-18 11:00:00,ZONE_M02,0.4,19.3,-20.8,0.57
2024-02-18 11:00:00,ZONE_M03,0.4,18.7,-20.8,0.57
2024-02-18 11:00:00,ZONE_B01,0.4,18.5,-20.8,0.57
2024-02-18 11:00:00,ZONE_B02,0.4,19.4,-20.8,0.57
2024-02-18 12:00:00,ZONE_M01,0.55,19.6,-23.2,0.67
2024-02-18 12:00:00,ZONE_M02,0.55,18.8,-23.2,0.67
2024-02-18 12:00:00,ZONE_M03,0.55,18.9,-23.2,0.67
2024-02-18 12:00:00,ZONE_B01,0.55,19.8,-23.2,0.67
2024-02-18 12:00:00,ZONE_B02,0.55,18.4,-23.2,0.67
2024-02-18 13:00:00,ZONE_M01,0.6,20.0,-19.9,0.64
2024-02-18 13:00:00,ZONE_M02,0.6,20.1,-19.9,0.64
2024-02-18 13:00:00,ZONE_M03,0.6,19.7,-19.9,0.64
2024-02-18 13:00:00,ZONE_B01,0.6,19.2,-19.9,0.64
2024-02-18 13:00:00,ZONE_B02,0.6,19.7,-19.9,0.64
2024-02-18 14:00:00,ZONE_M01,0.36,19.2,-19.5,0.54
2024-02-18 14:00:00,ZONE_M02,0.36,19.5,-19.5,0.54
2024-02-18 14:00:00,ZONE_M03,0.36,18.6,-19.5,0.54
2024-02-18 14:00:00,ZONE_B01,0.36,18.8,-19.5,0.54
2024-02-18 14:00:00,ZONE_B02,0.36,19.7,-19.5,0.54
2024-02-18 15:00:00,ZONE_M01,0.89,20.5,-25.8,0.87
2024-02-18 15:00:00,ZONE_M02,0.89,20.4,-25.8,0.87
2024-02-18 15:00:00,ZONE_M03,0.89,20.9,-25.8,0.87
2024-02-18 15:00:00,ZONE_B01,0.89,21.2,-25.8,0.87
2024-02-18 15:00:00,ZONE_B02,0.89,21.2,-25.8,0.87
2024-02-18 16:00:00,ZONE_M01,0.64,19.6,-20.0,0.66
2024-02-18 16:00:00,ZONE_M02,0.64,20.4,-20.0,0.66
2024-02-18 16:00:00,ZONE_M03,0.64,19.7,-20.0,0.66
2024-02-18 16:00:00,ZONE_B01,0.64,20.4,-20.0,0.66
2024-02-18 16:00:00,ZONE_B02,0.64,19.5,-20.0,0.66
2024-02-18 17:00:00,ZONE_M01,0.56,19.7,-21.8,0.65
2024-02-18 17:00:00,ZONE_M02,0.56,19.9,-21.8,0.65
2024-02-18 17:00:00,ZONE_M03,0.56,20.2,-21.8,0.65
2024-02-18 17:00:00,ZONE_B01,0.56,19.8,-21.8,0.65
2024-02-18 17:00:00,ZONE_B02,0.56,19.1,-21.8,0.65
2024-02-18 18:00:00,ZONE_M01,0.73,20.7,-25.6,0.79
2024-02-18 18:00:00,ZONE_M02,0.73,19.6,-25.6,0.79
2024-02-18 18:00:00,ZONE_M03,0.73,20.3,-25.6,0.79
2024-02-18 18:00:00,ZONE_B01,0.73,20.4,-25.6,0.79
2024-02-18 18:00:00,ZONE_B02,0.73,19.4,-25.6,0.79
2024-02-18 19:00:00,ZONE_M01,0.66,20.5,-18.9,0.64
2024-02-18 19:00:00,ZONE_M02,0.66,20.2,-18.9,0.64
2024-02-18 19:00:00,ZONE_M03,0.66,20.7,-18.9,0.64
2024-02-18 19:00:00,ZONE_B01,0.66,20.4,-18.9,0.64
2024-02-18 19:00:00,ZONE_B02,0.66,20.2,-18.9,0.64
2024-02-18 20:00:00,ZONE_M01,0.71,20.9,-20.9,0.7
2024-02-18 20:00:00,ZONE_M02,0.71,20.0,-20.9,0.7
2024-02-18 20:00:00,ZONE_M03,0.71,19.8,-20.9,0.7
2024-02-18 20:00:00,ZONE_B01,0.71,19.8,-20.9,0.7
2024-02-18 20:00:00,ZONE_B02,0.71,19.7,-20.9,0.7
2024-02-18 21:00:00,ZONE_M01,0.61,19.8,-19.1,0.63
2024-02-18 21:00:00,ZONE_M02,0.61,19.7,-19.1,0.63
2024-02-18 21:00:00,ZONE_M03,0.61,19.7,-19.1,0.63
2024-02-18 21:00:00,ZONE_B01,0.61,19.6,-19.1,0.63
2024-02-18 21:00:00,ZONE_B02,0.61,18.9,-19.1,0.63
2024-02-18 22:00:00,ZONE_M01,0.79,20.8,-23.4,0.78
2024-02-18 22:00:00,ZONE_M02,0.79,20.9,-23.4,0.78
2024-02-18 22:00:00,ZONE_M03,0.79,20.3,-23.4,0.78
2024-02-18 22:00:00,ZONE_B01,0.79,21.7,-23.4,0.78
2024-02-18 22:00:00,ZONE_B02,0.79,20.6,-23.4,0.78
2024-02-18 23:00:00,ZONE_M01,0.16,18.3,-20.7,0.47
2024-02-18 23:00:00,ZONE_M02,0.16,18.5,-20.7,0.47
2024-02-18 23:00:00,ZONE_M03,0.16,17.3,-20.7,0.47
2024-02-18 23:00:00,ZONE_B01,0.16,19.1,-20.7,0.47
2024-02-18 23:00:00,ZONE_B02,0.16,18.1,-20.7,0.47
2024-02-19 00:00:00,ZONE_M01,0.02,18.1,-19.1,0.4
2024-02-19 00:00:00,ZONE_M02,0.02,18.3,-19.1,0.4
2024-02-19 00:00:00,ZONE_M03,0.02,18.7,-19.1,0.4
2024-02-19 00:00:00,ZONE_B01,0.02,18.5,-19.1,0.4
2024-02-19 00:00:00,ZONE_B02,0.02,18.0,-19.1,0.4
2024-02-19 01:00:00,ZONE_M01,0.09,17.8,-20.7,0.45
2024-02-19 01:00:00,ZONE_M02,0.09,18.3,-20.7,0.45
2024-02-19 01:00:00,ZONE_M03,0.09,18.5,-20.7,0.45
2024-02-19 01:00:00,ZONE_B01,0.09,17.2,-20.7,0.45
2024-02-19 01:00:00,ZONE_B02,0.09,18.8,-20.7,0.45
2024-02-19 02:00:00,ZONE_M01,0.18,18.5,-21.7,0.49
2024-02-19 02:00:00,ZONE_M02,0.18,18.5,-21.7,0.49
2024-02-19 02:00:00,ZONE_M03,0.18,18.9,-21.7,0.49
2024-02-19 02:00:00,ZONE_B01,0.18,18.6,-21.7,0.49
2024-02-19 02:00:00,ZONE_B02,0.18,18.8,-21.7,0.49
2024-02-19 03:00:00,ZONE_M01,0.12,18.6,-22.6,0.48
2024-02-19 03:00:00,ZONE_M02,0.12,18.2,-22.6,0.48
2024-02-19 03:00:00,ZONE_M03,0.12,17.7,-22.6,0.48
2024-02-19 03:00:00,ZONE_B01,0.12,18.8,-22.6,0.48
2024-02-19 03:00:00,ZONE_B02,0.12,17.3,-22.6,0.48
2024-02-19 04:00:00,ZONE_M01,0.12,19.0,-25.5,0.51
2024-02-19 04:00:00,ZONE_M02,0.12,18.0,-25.5,0.51
2024-02-19 04:00:00,ZONE_M03,0.12,17.9,-25.5,0.51
2024-02-19 04:00:00,ZONE_B01,0.12,18.2,-25.5,0.51
2024-02-19 04:00:00,ZONE_B02,0.12,18.9,-25.5,0.51
2024-02-19 05:00:00,ZONE_M01,0.09,18.9,-22.0,0.46
2024-02-19 05:00:00,ZONE_M02,0.09,18.6,-22.0,0.46
2024-02-19 05:00:00,ZONE_M03,0.09,18.3,-22.0,0.46
2024-02-19 05:00:00,ZONE_B01,0.09,18.3,-22.0,0.46
2024-02-19 05:00:00,ZONE_B02,0.09,18.5,-22.0,0.46
2024-02-19 06:00:00,ZONE_M01,0.58,19.0,-18.3,0.6
2024-02-19 06:00:00,ZONE_M02,0.58,20.0,-18.3,0.6
2024-02-19 06:00:00,ZONE_M03,0.58,19.8,-18.3,0.6
2024-02-19 06:00:00,ZONE_B01,0.58,20.7,-18.3,0.6
2024-02-19 06:00:00,ZONE_B02,0.58,20.0,-18.3,0.6
2024-02-19 07:00:00,ZONE_M01,0.32,18.3,-19.1,0.52
2024-02-19 07:00:00,ZONE_M02,0.32,19.8,-19.1,0.52
2024-02-19 07:00:00,ZONE_M03,0.32,18.0,-19.1,0.52
2024-02-19 07:00:00,ZONE_B01,0.32,18.8,-19.1,0.52
2024-02-19 07:00:00,ZONE_B02,0.32,19.0,-19.1,0.52
2024-02-19 08:00:00,ZONE_M01,0.36,19.0,-23.4,0.59
2024-02-19 08:00:00,ZONE_M02,0.36,19.4,-23.4,0.59
2024-02-19 08:00:00,ZONE_M03,0.36,18.5,-23.4,0.59
2024-02-19 08:00:00,ZONE_B01,0.36,18.9,-23.4,0.59
2024-02-19 08:00:00,ZONE_B02,0.36,19.0,-23.4,0.59
2024-02-19 09:00:00,ZONE_M01,0.77,20.9,-25.2,0.8
2024-02-19 09:00:00,ZONE_M02,0.77,20.5,-25.2,0.8
2024-02-19 09:00:00,ZONE_M03,0.77,20.1,-25.2,0.8
2024-02-19 09:00:00,ZONE_B01,0.77,19.6,-25.2,0.8
2024-02-19 09:00:00,ZONE_B02,0.77,19.8,-25.2,0.8
2024-02-19 10:00:00,ZONE_M01,0.31,19.3,-15.6,0.47
2024-02-19 10:00:00,ZONE_M02,0.31,18.5,-15.6,0.47
2024-02-19 10:00:00,ZONE_M03,0.31,19.2,-15.6,0.47
2024-02-19 10:00:00,ZONE_B01,0.31,18.7,-15.6,0.47
2024-02-19 10:00:00,ZONE_B02,0.31,18.8,-15.6,0.47
2024-02-19 11:00:00,ZONE_M01,0.82,19.2,-21.5,0.75
2024-02-19 11:00:00,ZONE_M02,0.82,20.8,-21.5,0.75
2024-02-19 11:00:00,ZONE_M03,0.82,20.3,-21.5,0.75
2024-02-19 11:00:00,ZONE_B01,0.82,20.5,-21.5,0.75
2024-02-19 11:00:00,ZONE_B02,0.82,20.4,-21.5,0.75
2024-02-19 12:00:00,ZONE_M01,0.89,21.1,-21.0,0.77
2024-02-19 12:00:00,ZONE_M02,0.89,20.5,-21.0,0.77
2024-02-19 12:00:00,ZONE_M03,0.89,20.4,-21.0,0.77
2024-02-19 12:00:00,ZONE_B01,0.89,20.8,-21.0,0.77
2024-02-19 12:00:00,ZONE_B02,0.89,20.9,-21.0,0.77
2024-02-19 13:00:00,ZONE_M01,0.63,19.8,-21.4,0.67
2024-02-19 13:00:00,ZONE_M02,0.63,18.7,-21.4,0.67
2024-02-19 13:00:00,ZONE_M03,0.63,19.3,-21.4,0.67
2024-02-19 13:00:00,ZONE_B01,0.63,19.2,-21.4,0.67
2024-02-19 13:00:00,ZONE_B02,0.63,20.0,-21.4,0.67
2024-02-19 14:00:00,ZONE_M01,0.59,20.2,-20.4,0.64
2024-02-19 14:00:00,ZONE_M02,0.59,19.6,-20.4,0.64
2024-02-19 14:00:00,ZONE_M03,0.59,19.9,-20.4,0.64
2024-02-19 14:00:00,ZONE_B01,0.59,19.2,-20.4,0.64
2024-02-19 14:00:00,ZONE_B02,0.59,18.6,-20.4,0.64
2024-02-19 15:00:00,ZONE_M01,0.94,20.9,-23.7,0.85
2024-02-19 15:00:00,ZONE_M02,0.94,20.2,-23.7,0.85
2024-02-19 15:00:00,ZONE_M03,0.94,20.3,-23.7,0.85
2024-02-19 15:00:00,ZONE_B01,0.94,21.1,-23.7,0.85
2024-02-19 15:00:00,ZONE_B02,0.94,21.4,-23.7,0.85
2024-02-19 16:00:00,ZONE_M01,0.65,19.4,-21.5,0.68
2024-02-19 16:00:00,ZONE_M02,0.65,19.3,-21.5,0.68
2024-02-19 16:00:00,ZONE_M03,0.65,20.2,-21.5,0.68
2024-02-19 16:00:00,ZONE_B01,0.65,19.7,-21.5,0.68
2024-02-19 16:00:00,ZONE_B02,0.65,21.2,-21.5,0.68
2024-02-19 17:00:00,ZONE_M01,0.65,19.4,-20.8,0.67
2024-02-19 17:00:00,ZONE_M02,0.65,20.0,-20.8,0.67
2024-02-19 17:00:00,ZONE_M03,0.65,19.8,-20.8,0.67
2024-02-19 17:00:00,ZONE_B01,0.65,19.9,-20.8,0.67
2024-02-19 17:00:00,ZONE_B02,0.65,19.8,-20.8,0.67
2024-02-19 18:00:00,ZONE_M01,0.73,19.7,-22.9,0.74
2024-02-19 18:00:00,ZONE_M02,0.73,20.5,-22.9,0.74
2024-02-19 18:00:00,ZONE_M03,0.73,20.2,-22.9,0.74
2024-02-19 18:00:00,ZONE_B01,0.73,19.4,-22.9,0.74
2024-02-19 18:00:00,ZONE_B02,0.73,20.3,-22.9,0.74
2024-02-19 19:00:00,ZONE_M01,0.73,20.2,-19.7,0.69
2024-02-19 19:00:00,ZONE_M02,0.73,20.3,-19.7,0.69
2024-02-19 19:00:00,ZONE_M03,0.73,21.2,-19.7,0.69
2024-02-19 19:00:00,ZONE_B01,0.73,20.1,-19.7,0.69
2024-02-19 19:00:00,ZONE_B02,0.73,20.6,-19.7,0.69
2024-02-19 20:00:00,ZONE_M01,0.85,21.2,-20.6,0.75
2024-02-19 20:00:00,ZONE_M02,0.85,20.5,-20.6,0.75
2024-02-19 20:00:00,ZONE_M03,0.85,20.2,-20.6,0.75
2024-02-19 20:00:00,ZONE_B01,0.85,20.5,-20.6,0.75
2024-02-19 20:00:00,ZONE_B02,0.85,20.2,-20.6,0.75
2024-02-19 21:00:00,ZONE_M01,0.87,21.4,-22.2,0.79
2024-02-19 21:00:00,ZONE_M02,0.87,20.4,-22.2,0.79
2024-02-19 21:00:00,ZONE_M03,0.87,19.6,-22.2,0.79
2024-02-19 21:00:00,ZONE_B01,0.87,19.8,-22.2,0.79
2024-02-19 21:00:00,ZONE_B02,0.87,20.6,-22.2,0.79
2024-02-19 22:00:00,ZONE_M01,0.67,19.9,-19.4,0.66
2024-02-19 22:00:00,ZONE_M02,0.67,20.2,-19.4,0.66
2024-02-19 22:00:00,ZONE_M03,0.67,18.8,-19.4,0.66
2024-02-19 22:00:00,ZONE_B01,0.67,20.6,-19.4,0.66
2024-02-19 22:00:00,ZONE_B02,0.67,19.2,-19.4,0.66
2024-02-19 23:00:00,ZONE_M01,0.05,18.1,-23.5,0.45
2024-02-19 23:00:00,ZONE_M02,0.05,17.4,-23.5,0.45
2024-02-19 23:00:00,ZONE_M03,0.05,17.9,-23.5,0.45
2024-02-19 23:00:00,ZONE_B01,0.05,17.9,-23.5,0.45
2024-02-19 23:00:00,ZONE_B02,0.05,17.9,-23.5,0.45
2024-02-20 00:00:00,ZONE_M01,0.13,17.9,-20.7,0.46
2024-02-20 00:00:00,ZONE_M02,0.13,18.2,-20.7,0.46
2024-02-20 00:00:00,ZONE_M03,0.13,18.1,-20.7,0.46
2024-02-20 00:00:00,ZONE_B01,0.13,18.6,-20.7,0.46
2024-02-20 00:00:00,ZONE_B02,0.13,19.1,-20.7,0.46
2024-02-20 01:00:00,ZONE_M01,0.17,18.8,-20.9,0.48
2024-02-20 01:00:00,ZONE_M02,0.17,18.0,-20.9,0.48
2024-02-20 01:00:00,ZONE_M03,0.17,17.9,-20.9,0.48
2024-02-20 01:00:00,ZONE_B01,0.17,18.6,-20.9,0.48
2024-02-20 01:00:00,ZONE_B02,0.17,18.2,-20.9,0.48
2024-02-20 02:00:00,ZONE_M01,0.18,18.2,-18.6,0.46
2024-02-20 02:00:00,ZONE_M02,0.18,18.1,-18.6,0.46
2024-02-20 02:00:00,ZONE_M03,0.18,18.7,-18.6,0.46
2024-02-20 02:00:00,ZONE_B01,0.18,19.2,-18.6,0.46
2024-02-20 02:00:00,ZONE_B02,0.18,17.9,-18.6,0.46
2024-02-20 03:00:00,ZONE_M01,0.11,19.1,-19.5,0.44
2024-02-20 03:00:00,ZONE_M02,0.11,17.4,-19.5,0.44
2024-02-20 03:00:00,ZONE_M03,0.11,18.3,-19.5,0.44
2024-02-20 03:00:00,ZONE_B01,0.11,18.3,-19.5,0.44
2024-02-20 03:00:00,ZONE_B02,0.11,18.2,-19.5,0.44
2024-02-20 04:00:00,ZONE_M01,0.0,19.1,-21.5,0.42
2024-02-20 04:00:00,ZONE_M02,0.0,18.3,-21.5,0.42
2024-02-20 04:00:00,ZONE_M03,0.0,17.9,-21.5,0.42
2024-02-20 04:00:00,ZONE_B01,0.0,18.9,-21.5,0.42
2024-02-20 04:00:00,ZONE_B02,0.0,18.4,-21.5,0.42
2024-02-20 05:00:00,ZONE_M01,0.09,18.6,-22.9,0.47
2024-02-20 05:00:00,ZONE_M02,0.09,18.1,-22.9,0.47
2024-02-20 05:00:00,ZONE_M03,0.09,17.7,-22.9,0.47
2024-02-20 05:00:00,ZONE_B01,0.09,18.1,-22.9,0.47
2024-02-20 05:00:00,ZONE_B02,0.09,19.3,-22.9,0.47
2024-02-20 06:00:00,ZONE_M01,0.66,20.5,-23.5,0.72
2024-02-20 06:00:00,ZONE_M02,0.66,20.0,-23.5,0.72
2024-02-20 06:00:00,ZONE_M03,0.66,19.4,-23.5,0.72
2024-02-20 06:00:00,ZONE_B01,0.66,20.3,-23.5,0.72
2024-02-20 06:00:00,ZONE_B02,0.66,19.9,-23.5,0.72
2024-02-20 07:00:00,ZONE_M01,0.27,19.3,-19.6,0.5
2024-02-20 07:00:00,ZONE_M02,0.27,19.5,-19.6,0.5
2024-02-20 07:00:00,ZONE_M03,0.27,18.4,-19.6,0.5
2024-02-20 07:00:00,ZONE_B01,0.27,19.0,-19.6,0.5
2024-02-20 07:00:00,ZONE_B02,0.27,19.4,-19.6,0.5
2024-02-20 08:00:00,ZONE_M01,0.48,19.6,-19.6,0.59
2024-02-20 08:00:00,ZONE_M02,0.48,18.9,-19.6,0.59
2024-02-20 08:00:00,ZONE_M03,0.48,19.1,-19.6,0.59
2024-02-20 08:00:00,ZONE_B01,0.48,19.2,-19.6,0.59
2024-02-20 08:00:00,ZONE_B02,0.48,19.3,-19.6,0.59
2024-02-20 09:00:00,ZONE_M01,0.47,19.3,-20.2,0.59
2024-02-20 09:00:00,ZONE_M02,0.47,20.3,-20.2,0.59
2024-02-20 09:00:00,ZONE_M03,0.47,19.5,-20.2,0.59
2024-02-20 09:00:00,ZONE_B01,0.47,18.6,-20.2,0.59
2024-02-20 09:00:00,ZONE_B02,0.47,18.4,-20.2,0.59
2024-02-20 10:00:00,ZONE_M01,0.64,20.0,-22.1,0.69
2024-02-20 10:00:00,ZONE_M02,0.64,19.6,-22.1,0.69
2024-02-20 10:00:00,ZONE_M03,0.64,20.2,-22.1,0.69
2024-02-20 10:00:00,ZONE_B01,0.64,20.2,-22.1,0.69
2024-02-20 10:00:00,ZONE_B02,0.64,19.9,-22.1,0.69
2024-02-20 11:00:00,ZONE_M01,0.38,18.7,-18.9,0.54
2024-02-20 11:00:00,ZONE_M02,0.38,19.3,-18.9,0.54
2024-02-20 11:00:00,ZONE_M03,0.38,19.6,-18.9,0.54
2024-02-20 11:00:00,ZONE_B01,0.38,19.5,-18.9,0.54
2024-02-20 11:00:00,ZONE_B02,0.38,19.6,-18.9,0.54
2024-02-20 12:00:00,ZONE_M01,0.54,19.7,-22.3,0.65
2024-02-20 12:00:00,ZONE_M02,0.54,19.8,-22.3,0.65
2024-02-20 12:00:00,ZONE_M03,0.54,20.3,-22.3,0.65
2024-02-20 12:00:00,ZONE_B01,0.54,19.9,-22.3,0.65
2024-02-20 12:00:00,ZONE_B02,0.54,19.3,-22.3,0.65
2024-02-20 13:00:00,ZONE_M01,0.81,20.1,-17.5,0.68
2024-02-20 13:00:00,ZONE_M02,0.81,20.1,-17.5,0.68
2024-02-20 13:00:00,ZONE_M03,0.81,21.2,-17.5,0.68
2024-02-20 13:00:00,ZONE_B01,0.81,20.5,-17.5,0.68
2024-02-20 13:00:00,ZONE_B02,0.81,20.1,-17.5,0.68
2024-02-20 14:00:00,ZONE_M01,0.77,20.7,-20.8,0.72
2024-02-20 14:00:00,ZONE_M02,0.77,20.7,-20.8,0.72
2024-02-20 14:00:00,ZONE_M03,0.77,20.4,-20.8,0.72
2024-02-20 14:00:00,ZONE_B01,0.77,20.4,-20.8,0.72
2024-02-20 14:00:00,ZONE_B02,0.77,20.4,-20.8,0.72
2024-02-20 15:00:00,ZONE_M01,0.99,19.8,-21.4,0.82
2024-02-20 15:00:00,ZONE_M02,0.99,20.9,-21.4,0.82
2024-02-20 15:00:00,ZONE_M03,0.99,20.6,-21.4,0.82
2024-02-20 15:00:00,ZONE_B01,0.99,20.8,-21.4,0.82
2024-02-20 15:00:00,ZONE_B02,0.99,21.6,-21.4,0.82
2024-02-20 16:00:00,ZONE_M01,0.71,19.5,-21.1,0.7
2024-02-20 16:00:00,ZONE_M02,0.71,19.8,-21.1,0.7
2024-02-20 16:00:00,ZONE_M03,0.71,20.1,-21.1,0.7
2024-02-20 16:00:00,ZONE_B01,0.71,19.8,-21.1,0.7
2024-02-20 16:00:00,ZONE_B02,0.71,20.0,-21.1,0.7
2024-02-20 17:00:00,ZONE_M01,0.68,20.8,-23.0,0.72
2024-02-20 17:00:00,ZONE_M02,0.68,20.5,-23.0,0.72
2024-02-20 17:00:00,ZONE_M03,0.68,20.1,-23.0,0.72
2024-02-20 17:00:00,ZONE_B01,0.68,20.6,-23.0,0.72
2024-02-20 17:00:00,ZONE_B02,0.68,19.5,-23.0,0.72
2024-02-20 18:00:00,ZONE_M01,0.8,20.5,-20.9,0.73
2024-02-20 18:00:00,ZONE_M02,0.8,20.2,-20.9,0.73
2024-02-20 18:00:00,ZONE_M03,0.8,19.9,-20.9,0.73
2024-02-20 18:00:00,ZONE_B01,0.8,20.2,-20.9,0.73
2024-02-20 18:00:00,ZONE_B02,0.8,20.5,-20.9,0.73
2024-02-20 19:00:00,ZONE_M01,0.7,20.0,-22.2,0.72
2024-02-20 19:00:00,ZONE_M02,0.7,20.3,-22.2,0.72
2024-02-20 19:00:00,ZONE_M03,0.7,20.4,-22.2,0.72
2024-02-20 19:00:00,ZONE_B01,0.7,19.3,-22.2,0.72
2024-02-20 19:00:00,ZONE_B02,0.7,20.8,-22.2,0.72
2024-02-20 20:00:00,ZONE_M01,0.67,19.8,-23.8,0.73
2024-02-20 20:00:00,ZONE_M02,0.67,19.5,-23.8,0.73
2024-02-20 20:00:00,ZONE_M03,0.67,21.0,-23.8,0.73
2024-02-20 20:00:00,ZONE_B01,0.67,19.4,-23.8,0.73
2024-02-20 20:00:00,ZONE_B02,0.67,20.1,-23.8,0.73
2024-02-20 21:00:00,ZONE_M01,0.53,19.4,-21.3,0.63
2024-02-20 21:00:00,ZONE_M02,0.53,19.7,-21.3,0.63
2024-02-20 21:00:00,ZONE_M03,0.53,20.7,-21.3,0.63
2024-02-20 21:00:00,ZONE_B01,0.53,19.6,-21.3,0.63
2024-02-20 21:00:00,ZONE_B02,0.53,19.6,-21.3,0.63
2024-02-20 22:00:00,ZONE_M01,0.67,19.9,-18.7,0.65
2024-02-20 22:00:00,ZONE_M02,0.67,19.8,-18.7,0.65
2024-02-20 22:00:00,ZONE_M03,0.67,20.3,-18.7,0.65
2024-02-20 22:00:00,ZONE_B01,0.67,19.6,-18.7,0.65
2024-02-20 22:00:00,ZONE_B02,0.67,19.8,-18.7,0.65
2024-02-20 23:00:00,ZONE_M01,0.27,19.8,-22.3,0.54
2024-02-20 23:00:00,ZONE_M02,0.27,19.1,-22.3,0.54
2024-02-20 23:00:00,ZONE_M03,0.27,18.3,-22.3,0.54
2024-02-20 23:00:00,ZONE_B01,0.27,19.4,-22.3,0.54
2024-02-20 23:00:00,ZONE_B02,0.27,18.6,-22.3,0.54
2024-02-21 00:00:00,ZONE_M01,0.24,18.6,-21.4,0.51
2024-02-21 00:00:00,ZONE_M02,0.24,18.5,-21.4,0.51
2024-02-21 00:00:00,ZONE_M03,0.24,18.2,-21.4,0.51
2024-02-21 00:00:00,ZONE_B01,0.24,18.4,-21.4,0.51
2024-02-21 00:00:00,ZONE_B02,0.24,18.0,-21.4,0.51
2024-02-21 01:00:00,ZONE_M01,0.06,18.6,-18.5,0.41
2024-02-21 01:00:00,ZONE_M02,0.06,18.2,-18.5,0.41
2024-02-21 01:00:00,ZONE_M03,0.06,18.6,-18.5,0.41
2024-02-21 01:00:00,ZONE_B01,0.06,17.5,-18.5,0.41
2024-02-21 01:00:00,ZONE_B02,0.06,17.7,-18.5,0.41
2024-02-21 02:00:00,ZONE_M01,0.17,18.5,-21.8,0.49
2024-02-21 02:00:00,ZONE_M02,0.17,18.6,-21.8,0.49
2024-02-21 02:00:00,ZONE_M03,0.17,18.6,-21.8,0.49
2024-02-21 02:00:00,ZONE_B01,0.17,18.4,-21.8,0.49
2024-02-21 02:00:00,ZONE_B02,0.17,18.7,-21.8,0.49
2024-02-21 03:00:00,ZONE_M01,0.25,18.6,-21.3,0.51
2024-02-21 03:00:00,ZONE_M02,0.25,19.1,-21.3,0.51
2024-02-21 03:00:00,ZONE_M03,0.25,19.6,-21.3,0.51
2024-02-21 03:00:00,ZONE_B01,0.25,18.4,-21.3,0.51
2024-02-21 03:00:00,ZONE_B02,0.25,18.3,-21.3,0.51
2024-02-21 04:00:00,ZONE_M01,0.16,19.0,-22.3,0.49
2024-02-21 04:00:00,ZONE_M02,0.16,18.1,-22.3,0.49
2024-02-21 04:00:00,ZONE_M03,0.16,17.6,-22.3,0.49
2024-02-21 04:00:00,ZONE_B01,0.16,18.7,-22.3,0.49
2024-02-21 04:00:00,ZONE_B02,0.16,19.1,-22.3,0.49
2024-02-21 05:00:00,ZONE_M01,0.1,18.1,-19.8,0.44
2024-02-21 05:00:00,ZONE_M02,0.1,18.1,-19.8,0.44
2024-02-21 05:00:00,ZONE_M03,0.1,18.8,-19.8,0.44
2024-02-21 05:00:00,ZONE_B01,0.1,18.2,-19.8,0.44
2024-02-21 05:00:00,ZONE_B02,0.1,17.2,-19.8,0.44
2024-02-21 06:00:00,ZONE_M01,0.72,20.1,-23.1,0.74
2024-02-21 06:00:00,ZONE_M02,0.72,20.5,-23.1,0.74
2024-02-21 06:00:00,ZONE_M03,0.72,20.2,-23.1,0.74
2024-02-21 06:00:00,ZONE_B01,0.72,20.0,-23.1,0.74
2024-02-21 06:00:00,ZONE_B02,0.72,19.6,-23.1,0.74
2024-02-21 07:00:00,ZONE_M01,0.56,20.2,-23.3,0.68
2024-02-21 07:00:00,ZONE_M02,0.56,19.9,-23.3,0.68
2024-02-21 07:00:00,ZONE_M03,0.56,19.9,-23.3,0.68
2024-02-21 07:00:00,ZONE_B01,0.56,20.0,-23.3,0.68
2024-02-21 07:00:00,ZONE_B02,0.56,20.9,-23.3,0.68
2024-02-21 08:00:00,ZONE_M01,0.35,19.6,-19.8,0.54
2024-02-21 08:00:00,ZONE_M02,0.35,18.9,-19.8,0.54
2024-02-21 08:00:00,ZONE_M03,0.35,19.6,-19.8,0.54
2024-02-21 08:00:00,ZONE_B01,0.35,19.4,-19.8,0.54
2024-02-21 08:00:00,ZONE_B02,0.35,19.5,-19.8,0.54
2024-02-21 09:00:00,ZONE_M01,0.61,19.3,-20.0,0.65
2024-02-21 09:00:00,ZONE_M02,0.61,19.8,-20.0,0.65
2024-02-21 09:00:00,ZONE_M03,0.61,20.2,-20.0,0.65
2024-02-21 09:00:00,ZONE_B01,0.61,19.7,-20.0,0.65
2024-02-21 09:00:00,ZONE_B02,0.61,20.5,-20.0,0.65
2024-02-21 10:00:00,ZONE_M01,0.65,19.8,-20.1,0.66
2024-02-21 10:00:00,ZONE_M02,0.65,20.2,-20.1,0.66
2024-02-21 10:00:00,ZONE_M03,0.65,19.1,-20.1,0.66
2024-02-21 10:00:00,ZONE_B01,0.65,19.4,-20.1,0.66
2024-02-21 10:00:00,ZONE_B02,0.65,19.6,-20.1,0.66
2024-02-21 11:00:00,ZONE_M01,0.77,20.1,-23.7,0.77
2024-02-21 11:00:00,ZONE_M02,0.77,20.7,-23.7,0.77
2024-02-21 11:00:00,ZONE_M03,0.77,20.5,-23.7,0.77
2024-02-21 11:00:00,ZONE_B01,0.77,20.7,-23.7,0.77
2024-02-21 11:00:00,ZONE_B02,0.77,20.2,-23.7,0.77
2024-02-21 12:00:00,ZONE_M01,0.4,19.1,-18.4,0.54
2024-02-21 12:00:00,ZONE_M02,0.4,19.1,-18.4,0.54
2024-02-21 12:00:00,ZONE_M03,0.4,19.2,-18.4,0.54
2024-02-21 12:00:00,ZONE_B01,0.4,19.3,-18.4,0.54
2024-02-21 12:00:00,ZONE_B02,0.4,18.5,-18.4,0.54
2024-02-21 13:00:00,ZONE_M01,0.69,20.6,-21.8,0.7
2024-02-21 13:00:00,ZONE_M02,0.69,20.0,-21.8,0.7
2024-02-21 13:00:00,ZONE_M03,0.69,19.7,-21.8,0.7
2024-02-21 13:00:00,ZONE_B01,0.69,19.5,-21.8,0.7
2024-02-21 13:00:00,ZONE_B02,0.69,19.2,-21.8,0.7
2024-02-21 14:00:00,ZONE_M01,0.44,19.0,-23.0,0.62
2024-02-21 14:00:00,ZONE_M02,0.44,19.4,-23.0,0.62
2024-02-21 14:00:00,ZONE_M03,0.44,19.0,-23.0,0.62
2024-02-21 14:00:00,ZONE_B01,0.44,19.8,-23.0,0.62
2024-02-21 14:00:00,ZONE_B02,0.44,19.2,-23.0,0.62
2024-02-21 15:00:00,ZONE_M01,0.4,18.9,-21.8,0.58
2024-02-21 15:00:00,ZONE_M02,0.4,19.2,-21.8,0.58
2024-02-21 15:00:00,ZONE_M03,0.4,19.4,-21.8,0.58
2024-02-21 15:00:00,ZONE_B01,0.4,18.7,-21.8,0.58
2024-02-21 15:00:00,ZONE_B02,0.4,19.1,-21.8,0.58
2024-02-21 16:00:00,ZONE_M01,0.55,20.7,-19.9,0.62
2024-02-21 16:00:00,ZONE_M02,0.55,19.3,-19.9,0.62
2024-02-21 16:00:00,ZONE_M03,0.55,19.6,-19.9,0.62
2024-02-21 16:00:00,ZONE_B01,0.55,19.9,-19.9,0.62
2024-02-21 16:00:00,ZONE_B02,0.55,20.3,-19.9,0.62
2024-02-21 17:00:00,ZONE_M01,0.51,20.7,-20.6,0.61
2024-02-21 17:00:00,ZONE_M02,0.51,20.1,-20.6,0.61
2024-02-21 17:00:00,ZONE_M03,0.51,18.5,-20.6,0.61
2024-02-21 17:00:00,ZONE_B01,0.51,20.0,-20.6,0.61
2024-02-21 17:00:00,ZONE_B02,0.51,19.6,-20.6,0.61
2024-02-21 18:00:00,ZONE_M01,0.72,20.1,-22.0,0.72
2024-02-21 18:00:00,ZONE_M02,0.72,21.0,-22.0,0.72
2024-02-21 18:00:00,ZONE_M03,0.72,20.6,-22.0,0.72
2024-02-21 18:00:00,ZONE_B01,0.72,20.4,-22.0,0.72
2024-02-21 18:00:00,ZONE_B02,0.72,19.2,-22.0,0.72
2024-02-21 19:00:00,ZONE_M01,0.71,20.2,-24.2,0.76
2024-02-21 19:00:00,ZONE_M02,0.71,20.1,-24.2,0.76
2024-02-21 19:00:00,ZONE_M03,0.71,20.3,-24.2,0.76
2024-02-21 19:00:00,ZONE_B01,0.71,19.1,-24.2,0.76
2024-02-21 19:00:00,ZONE_B02,0.71,20.2,-24.2,0.76
2024-02-21 20:00:00,ZONE_M01,0.44,19.2,-22.6,0.61
2024-02-21 20:00:00,ZONE_M02,0.44,19.3,-22.6,0.61
2024-02-21 20:00:00,ZONE_M03,0.44,18.9,-22.6,0.61
2024-02-21 20:00:00,ZONE_B01,0.44,18.8,-22.6,0.61
2024-02-21 20:00:00,ZONE_B02,0.44,19.2,-22.6,0.61
2024-02-21 21:00:00,ZONE_M01,0.55,20.1,-23.5,0.67
2024-02-21 21:00:00,ZONE_M02,0.55,20.2,-23.5,0.67
2024-02-21 21:00:00,ZONE_M03,0.55,20.6,-23.5,0.67
2024-02-21 21:00:00,ZONE_B01,0.55,19.6,-23.5,0.67
2024-02-21 21:00:00,ZONE_B02,0.55,19.5,-23.5,0.67
2024-02-21 22:00:00,ZONE_M01,0.31,18.8,-19.4,0.52
2024-02-21 22:00:00,ZONE_M02,0.31,18.4,-19.4,0.52
2024-02-21 22:00:00,ZONE_M03,0.31,19.5,-19.4,0.52
2024-02-21 22:00:00,ZONE_B01,0.31,19.1,-19.4,0.52
2024-02-21 22:00:00,ZONE_B02,0.31,18.9,-19.4,0.52
2024-02-21 23:00:00,ZONE_M01,0.11,17.8,-24.4,0.49
2024-02-21 23:00:00,ZONE_M02,0.11,18.5,-24.4,0.49
2024-02-21 23:00:00,ZONE_M03,0.11,19.1,-24.4,0.49
2024-02-21 23:00:00,ZONE_B01,0.11,19.2,-24.4,0.49
2024-02-21 23:00:00,ZONE_B02,0.11,18.5,-24.4,0.49
2024-02-22 00:00:00,ZONE_M01,0.0,17.8,-19.0,0.39
2024-02-22 00:00:00,ZONE_M02,0.0,18.3,-19.0,0.39
2024-02-22 00:00:00,ZONE_M03,0.0,17.4,-19.0,0.39
2024-02-22 00:00:00,ZONE_B01,0.0,18.9,-19.0,0.39
2024-02-22 00:00:00,ZONE_B02,0.0,17.6,-19.0,0.39
2024-02-22 01:00:00,ZONE_M01,0.12,17.5,-21.3,0.46
2024-02-22 01:00:00,ZONE_M02,0.12,18.6,-21.3,0.46
2024-02-22 01:00:00,ZONE_M03,0.12,18.4,-21.3,0.46
2024-02-22 01:00:00,ZONE_B01,0.12,18.6,-21.3,0.46
2024-02-22 01:00:00,ZONE_B02,0.12,18.8,-21.3,0.46
2024-02-22 02:00:00,ZONE_M01,0.3,19.0,-25.5,0.59
2024-02-22 02:00:00,ZONE_M02,0.3,18.4,-25.5,0.59
2024-02-22 02:00:00,ZONE_M03,0.3,19.0,-25.5,0.59
2024-02-22 02:00:00,ZONE_B01,0.3,20.0,-25.5,0.59
2024-02-22 02:00:00,ZONE_B02,0.3,18.9,-25.5,0.59
2024-02-22 03:00:00,ZONE_M01,0.15,19.0,-18.0,0.44
2024-02-22 03:00:00,ZONE_M02,0.15,18.5,-18.0,0.44
2024-02-22 03:00:00,ZONE_M03,0.15,18.1,-18.0,0.44
2024-02-22 03:00:00,ZONE_B01,0.15,18.5,-18.0,0.44
2024-02-22 03:00:00,ZONE_B02,0.15,18.1,-18.0,0.44
2024-02-22 04:00:00,ZONE_M01,0.24,18.7,-20.9,0.51
2024-02-22 04:00:00,ZONE_M02,0.24,19.2,-20.9,0.51
2024-02-22 04:00:00,ZONE_M03,0.24,19.6,-20.9,0.51
2024-02-22 04:00:00,ZONE_B01,0.24,19.3,-20.9,0.51
2024-02-22 04:00:00,ZONE_B02,0.24,18.8,-20.9,0.51
2024-02-22 05:00:00,ZONE_M01,0.21,19.4,-20.5,0.49
2024-02-22 05:00:00,ZONE_M02,0.21,18.1,-20.5,0.49
2024-02-22 05:00:00,ZONE_M03,0.21,18.7,-20.5,0.49
2024-02-22 05:00:00,ZONE_B01,0.21,18.5,-20.5,0.49
2024-02-22 05:00:00,ZONE_B02,0.21,18.7,-20.5,0.49
2024-02-22 06:00:00,ZONE_M01,0.64,20.1,-21.6,0.68
2024-02-22 06:00:00,ZONE_M02,0.64,18.4,-21.6,0.68
2024-02-22 06:00:00,ZONE_M03,0.64,19.2,-21.6,0.68
2024-02-22 06:00:00,ZONE_B01,0.64,21.2,-21.6,0.68
2024-02-22 06:00:00,ZONE_B02,0.64,19.8,-21.6,0.68
2024-02-22 07:00:00,ZONE_M01,0.63,19.8,-22.5,0.69
2024-02-22 07:00:00,ZONE_M02,0.63,20.7,-22.5,0.69
2024-02-22 07:00:00,ZONE_M03,0.63,19.8,-22.5,0.69
2024-02-22 07:00:00,ZONE_B01,0.63,20.1,-22.5,0.69
2024-02-22 07:00:00,ZONE_B02,0.63,19.5,-22.5,0.69
2024-02-22 08:00:00,ZONE_M01,0.96,21.2,-22.0,0.82
2024-02-22 08:00:00,ZONE_M02,0.96,21.9,-22.0,0.82
2024-02-22 08:00:00,ZONE_M03,0.96,21.3,-22.0,0.82
2024-02-22 08:00:00,ZONE_B01,0.96,21.4,-22.0,0.82
2024-02-22 08:00:00,ZONE_B02,0.96,21.3,-22.0,0.82
2024-02-22 09:00:00,ZONE_M01,0.76,20.1,-20.9,0.72
2024-02-22 09:00:00,ZONE_M02,0.76,20.0,-20.9,0.72
2024-02-22 09:00:00,ZONE_M03,0.76,20.1,-20.9,0.72
2024-02-22 09:00:00,ZONE_B01,0.76,20.3,-20.9,0.72
2024-02-22 09:00:00,ZONE_B02,0.76,20.3,-20.9,0.72
2024-02-22 10:00:00,ZONE_M01,0.6,20.2,-22.1,0.67
2024-02-22 10:00:00,ZONE_M02,0.6,20.1,-22.1,0.67
2024-02-22 10:00:00,ZONE_M03,0.6,19.7,-22.1,0.67
2024-02-22 10:00:00,ZONE_B01,0.6,19.5,-22.1,0.67
2024-02-22 10:00:00,ZONE_B02,0.6,20.3,-22.1,0.67
2024-02-22 11:00:00,ZONE_M01,0.82,20.1,-22.8,0.78
2024-02-22 11:00:00,ZONE_M02,0.82,21.0,-22.8,0.78
2024-02-22 11:00:00,ZONE_M03,0.82,22.1,-22.8,0.78
2024-02-22 11:00:00,ZONE_B01,0.82,20.9,-22.8,0.78
2024-02-22 11:00:00,ZONE_B02,0.82,20.5,-22.8,0.78
2024-02-22 12:00:00,ZONE_M01,0.56,19.5,-22.5,0.66
2024-02-22 12:00:00,ZONE_M02,0.56,20.0,-22.5,0.66
2024-02-22 12:00:00,ZONE_M03,0.56,19.7,-22.5,0.66
2024-02-22 12:00:00,ZONE_B01,0.56,19.3,-22.5,0.66
2024-02-22 12:00:00,ZONE_B02,0.56,20.4,-22.5,0.66
2024-02-22 13:00:00,ZONE_M01,0.83,20.3,-24.7,0.82
2024-02-22 13:00:00,ZONE_M02,0.83,19.8,-24.7,0.82
2024-02-22 13:00:00,ZONE_M03,0.83,20.3,-24.7,0.82
2024-02-22 13:00:00,ZONE_B01,0.83,20.6,-24.7,0.82
2024-02-22 13:00:00,ZONE_B02,0.83,21.1,-24.7,0.82
2024-02-22 14:00:00,ZONE_M01,0.69,20.0,-22.9,0.73
2024-02-22 14:00:00,ZONE_M02,0.69,19.7,-22.9,0.73
2024-02-22 14:00:00,ZONE_M03,0.69,20.3,-22.9,0.73
2024-02-22 14:00:00,ZONE_B01,0.69,20.2,-22.9,0.73
2024-02-22 14:00:00,ZONE_B02,0.69,21.0,-22.9,0.73
2024-02-22 15:00:00,ZONE_M01,0.7,20.7,-23.2,0.73
2024-02-22 15:00:00,ZONE_M02,0.7,20.5,-23.2,0.73
2024-02-22 15:00:00,ZONE_M03,0.7,20.9,-23.2,0.73
2024-02-22 15:00:00,ZONE_B01,0.7,20.8,-23.2,0.73
2024-02-22 15:00:00,ZONE_B02,0.7,20.9,-23.2,0.73
2024-02-22 16:00:00,ZONE_M01,0.76,19.5,-19.8,0.7
2024-02-22 16:00:00,ZONE_M02,0.76,19.7,-19.8,0.7
2024-02-22 16:00:00,ZONE_M03,0.76,20.5,-19.8,0.7
2024-02-22 16:00:00,ZONE_B01,0.76,20.1,-19.8,0.7
2024-02-22 16:00:00,ZONE_B02,0.76,20.7,-19.8,0.7
2024-02-22 17:00:00,ZONE_M01,0.67,20.3,-21.7,0.69
2024-02-22 17:00:00,ZONE_M02,0.67,19.4,-21.7,0.69
2024-02-22 17:00:00,ZONE_M03,0.67,20.1,-21.7,0.69
2024-02-22 17:00:00,ZONE_B01,0.67,20.3,-21.7,0.69
2024-02-22 17:00:00,ZONE_B02,0.67,19.9,-21.7,0.69
2024-02-22 18:00:00,ZONE_M01,0.84,20.2,-18.7,0.71
2024-02-22 18:00:00,ZONE_M02,0.84,20.9,-18.7,0.71
2024-02-22 18:00:00,ZONE_M03,0.84,20.6,-18.7,0.71
2024-02-22 18:00:00,ZONE_B01,0.84,19.1,-18.7,0.71
2024-02-22 18:00:00,ZONE_B02,0.84,20.3,-18.7,0.71
2024-02-22 19:00:00,ZONE_M01,0.54,20.1,-20.8,0.63
2024-02-22 19:00:00,ZONE_M02,0.54,19.7,-20.8,0.63
2024-02-22 19:00:00,ZONE_M03,0.54,19.3,-20.8,0.63
2024-02-22 19:00:00,ZONE_B01,0.54,19.8,-20.8,0.63
2024-02-22 19:00:00,ZONE_B02,0.54,18.9,-20.8,0.63
2024-02-22 20:00:00,ZONE_M01,0.49,18.8,-22.5,0.63
2024-02-22 20:00:00,ZONE_M02,0.49,19.8,-22.5,0.63
2024-02-22 20:00:00,ZONE_M03,0.49,19.8,-22.5,0.63
2024-02-22 20:00:00,ZONE_B01,0.49,19.0,-22.5,0.63
2024-02-22 20:00:00,ZONE_B02,0.49,18.4,-22.5,0.63
2024-02-22 21:00:00,ZONE_M01,0.54,19.7,-21.4,0.64
2024-02-22 21:00:00,ZONE_M02,0.54,19.2,-21.4,0.64
2024-02-22 21:00:00,ZONE_M03,0.54,19.4,-21.4,0.64
2024-02-22 21:00:00,ZONE_B01,0.54,18.7,-21.4,0.64
2024-02-22 21:00:00,ZONE_B02,0.54,19.7,-21.4,0.64
2024-02-22 22:00:00,ZONE_M01,0.61,20.2,-23.7,0.71
2024-02-22 22:00:00,ZONE_M02,0.61,18.4,-23.7,0.71
2024-02-22 22:00:00,ZONE_M03,0.61,19.2,-23.7,0.71
2024-02-22 22:00:00,ZONE_B01,0.61,19.3,-23.7,0.71
2024-02-22 22:00:00,ZONE_B02,0.61,20.2,-23.7,0.71
2024-02-22 23:00:00,ZONE_M01,0.1,19.2,-18.9,0.43
2024-02-22 23:00:00,ZONE_M02,0.1,18.9,-18.9,0.43
2024-02-22 23:00:00,ZONE_M03,0.1,17.5,-18.9,0.43
2024-02-22 23:00:00,ZONE_B01,0.1,18.6,-18.9,0.43
2024-02-22 23:00:00,ZONE_B02,0.1,17.3,-18.9,0.43
2024-02-23 00:00:00,ZONE_M01,0.1,18.9,-19.0,0.43
2024-02-23 00:00:00,ZONE_M02,0.1,17.8,-19.0,0.43
2024-02-23 00:00:00,ZONE_M03,0.1,18.4,-19.0,0.43
2024-02-23 00:00:00,ZONE_B01,0.1,18.9,-19.0,0.43
2024-02-23 00:00:00,ZONE_B02,0.1,19.2,-19.0,0.43
2024-02-23 01:00:00,ZONE_M01,0.15,17.7,-22.5,0.49
2024-02-23 01:00:00,ZONE_M02,0.15,19.2,-22.5,0.49
2024-02-23 01:00:00,ZONE_M03,0.15,19.0,-22.5,0.49
2024-02-23 01:00:00,ZONE_B01,0.15,19.3,-22.5,0.49
2024-02-23 01:00:00,ZONE_B02,0.15,18.2,-22.5,0.49
2024-02-23 02:00:00,ZONE_M01,0.08,18.2,-24.6,0.48
2024-02-23 02:00:00,ZONE_M02,0.08,19.2,-24.6,0.48
2024-02-23 02:00:00,ZONE_M03,0.08,19.3,-24.6,0.48
2024-02-23 02:00:00,ZONE_B01,0.08,17.3,-24.6,0.48
2024-02-23 02:00:00,ZONE_B02,0.08,18.1,-24.6,0.48
2024-02-23 03:00:00,ZONE_M01,0.3,18.2,-20.1,0.52
2024-02-23 03:00:00,ZONE_M02,0.3,18.9,-20.1,0.52
2024-02-23 03:00:00,ZONE_M03,0.3,18.6,-20.1,0.52
2024-02-23 03:00:00,ZONE_B01,0.3,18.9,-20.1,0.52
2024-02-23 03:00:00,ZONE_B02,0.3,18.5,-20.1,0.52
2024-02-23 04:00:00,ZONE_M01,0.19,19.1,-22.7,0.51
2024-02-23 04:00:00,ZONE_M02,0.19,18.1,-22.7,0.51
2024-02-23 04:00:00,ZONE_M03,0.19,18.2,-22.7,0.51
2024-02-23 04:00:00,ZONE_B01,0.19,18.2,-22.7,0.51
2024-02-23 04:00:00,ZONE_B02,0.19,19.7,-22.7,0.51
2024-02-23 05:00:00,ZONE_M01,0.31,19.2,-22.2,0.55
2024-02-23 05:00:00,ZONE_M02,0.31,19.1,-22.2,0.55
2024-02-23 05:00:00,ZONE_M03,0.31,18.6,-22.2,0.55
2024-02-23 05:00:00,ZONE_B01,0.31,19.1,-22.2,0.55
2024-02-23 05:00:00,ZONE_B02,0.31,18.4,-22.2,0.55
2024-02-23 06:00:00,ZONE_M01,0.63,19.7,-22.3,0.69
2024-02-23 06:00:00,ZONE_M02,0.63,19.6,-22.3,0.69
2024-02-23 06:00:00,ZONE_M03,0.63,20.0,-22.3,0.69
2024-02-23 06:00:00,ZONE_B01,0.63,18.5,-22.3,0.69
2024-02-23 06:00:00,ZONE_B02,0.63,20.0,-22.3,0.69
2024-02-23 07:00:00,ZONE_M01,0.93,20.3,-22.4,0.82
2024-02-23 07:00:00,ZONE_M02,0.93,20.4,-22.4,0.82
2024-02-23 07:00:00,ZONE_M03,0.93,20.7,-22.4,0.82
2024-02-23 07:00:00,ZONE_B01,0.93,21.5,-22.4,0.82
2024-02-23 07:00:00,ZONE_B02,0.93,21.4,-22.4,0.82
2024-02-23 08:00:00,ZONE_M01,0.94,21.4,-21.3,0.8
2024-02-23 08:00:00,ZONE_M02,0.94,21.2,-21.3,0.8
2024-02-23 08:00:00,ZONE_M03,0.94,21.0,-21.3,0.8
2024-02-23 08:00:00,ZONE_B01,0.94,20.5,-21.3,0.8
2024-02-23 08:00:00,ZONE_B02,0.94,20.2,-21.3,0.8
2024-02-23 09:00:00,ZONE_M01,0.79,19.5,-21.8,0.75
2024-02-23 09:00:00,ZONE_M02,0.79,20.4,-21.8,0.75
2024-02-23 09:00:00,ZONE_M03,0.79,19.8,-21.8,0.75
2024-02-23 09:00:00,ZONE_B01,0.79,19.2,-21.8,0.75
2024-02-23 09:00:00,ZONE_B02,0.79,20.5,-21.8,0.75
2024-02-23 10:00:00,ZONE_M01,0.54,19.8,-22.8,0.66
2024-02-23 10:00:00,ZONE_M02,0.54,20.0,-22.8,0.66
2024-02-23 10:00:00,ZONE_M03,0.54,20.0,-22.8,0.66
2024-02-23 10:00:00,ZONE_B01,0.54,19.1,-22.8,0.66
2024-02-23 10:00:00,ZONE_B02,0.54,18.9,-22.8,0.66
2024-02-23 11:00:00,ZONE_M01,0.67,20.2,-23.6,0.73
2024-02-23 11:00:00,ZONE_M02,0.67,20.0,-23.6,0.73
2024-02-23 11:00:00,ZONE_M03,0.67,19.6,-23.6,0.73
2024-02-23 11:00:00,ZONE_B01,0.67,20.0,-23.6,0.73
2024-02-23 11:00:00,ZONE_B02,0.67,20.3,-23.6,0.73
2024-02-23 12:00:00,ZONE_M01,0.58,20.5,-19.4,0.62
2024-02-23 12:00:00,ZONE_M02,0.58,19.3,-19.4,0.62
2024-02-23 12:00:00,ZONE_M03,0.58,19.1,-19.4,0.62
2024-02-23 12:00:00,ZONE_B01,0.58,19.8,-19.4,0.62
2024-02-23 12:00:00,ZONE_B02,0.58,19.8,-19.4,0.62
2024-02-23 13:00:00,ZONE_M01,0.53,20.6,-23.5,0.67
2024-02-23 13:00:00,ZONE_M02,0.53,19.4,-23.5,0.67
2024-02-23 13:00:00,ZONE_M03,0.53,18.9,-23.5,0.67
2024-02-23 13:00:00,ZONE_B01,0.53,19.2,-23.5,0.67
2024-02-23 13:00:00,ZONE_B02,0.53,19.3,-23.5,0.67
2024-02-23 14:00:00,ZONE_M01,0.53,19.3,-21.6,0.64
2024-02-23 14:00:00,ZONE_M02,0.53,18.9,-21.6,0.64
2024-02-23 14:00:00,ZONE_M03,0.53,19.6,-21.6,0.64
2024-02-23 14:00:00,ZONE_B01,0.53,19.7,-21.6,0.64
2024-02-23 14:00:00,ZONE_B02,0.53,18.5,-21.6,0.64
2024-02-23 15:00:00,ZONE_M01,0.77,20.4,-21.8,0.74
2024-02-23 15:00:00,ZONE_M02,0.77,20.1,-21.8,0.74
2024-02-23 15:00:00,ZONE_M03,0.77,21.4,-21.8,0.74
2024-02-23 15:00:00,ZONE_B01,0.77,20.6,-21.8,0.74
2024-02-23 15:00:00,ZONE_B02,0.77,20.2,-21.8,0.74
2024-02-23 16:00:00,ZONE_M01,0.81,19.9,-22.2,0.77
2024-02-23 16:00:00,ZONE_M02,0.81,20.7,-22.2,0.77
2024-02-23 16:00:00,ZONE_M03,0.81,20.8,-22.2,0.77
2024-02-23 16:00:00,ZONE_B01,0.81,20.3,-22.2,0.77
2024-02-23 16:00:00,ZONE_B02,0.81,20.2,-22.2,0.77
2024-02-23 17:00:00,ZONE_M01,0.89,21.1,-23.4,0.82
2024-02-23 17:00:00,ZONE_M02,0.89,20.5,-23.4,0.82
2024-02-23 17:00:00,ZONE_M03,0.89,20.8,-23.4,0.82
2024-02-23 17:00:00,ZONE_B01,0.89,21.3,-23.4,0.82
2024-02-23 17:00:00,ZONE_B02,0.89,19.9,-23.4,0.82
2024-02-23 18:00:00,ZONE_M01,0.72,20.3,-18.5,0.66
2024-02-23 18:00:00,ZONE_M02,0.72,19.5,-18.5,0.66
2024-02-23 18:00:00,ZONE_M03,0.72,19.9,-18.5,0.66
2024-02-23 18:00:00,ZONE_B01,0.72,20.1,-18.5,0.66
2024-02-23 18:00:00,ZONE_B02,0.72,19.7,-18.5,0.66
2024-02-23 19:00:00,ZONE_M01,0.39,19.0,-21.1,0.57
2024-02-23 19:00:00,ZONE_M02,0.39,19.0,-21.1,0.57
2024-02-23 19:00:00,ZONE_M03,0.39,18.5,-21.1,0.57
2024-02-23 19:00:00,ZONE_B01,0.39,18.8,-21.1,0.57
2024-02-23 19:00:00,ZONE_B02,0.39,18.6,-21.1,0.57
2024-02-23 20:00:00,ZONE_M01,0.34,19.2,-21.7,0.56
2024-02-23 20:00:00,ZONE_M02,0.34,18.5,-21.7,0.56
2024-02-23 20:00:00,ZONE_M03,0.34,19.5,-21.7,0.56
2024-02-23 20:00:00,ZONE_B01,0.34,19.2,-21.7,0.56
2024-02-23 20:00:00,ZONE_B02,0.34,18.4,-21.7,0.56
2024-02-23 21:00:00,ZONE_M01,0.66,20.0,-20.0,0.66
2024-02-23 21:00:00,ZONE_M02,0.66,20.1,-20.0,0.66
2024-02-23 21:00:00,ZONE_M03,0.66,19.8,-20.0,0.66
2024-02-23 21:00:00,ZONE_B01,0.66,19.5,-20.0,0.66
2024-02-23 21:00:00,ZONE_B02,0.66,20.5,-20.0,0.66
2024-02-23 22:00:00,ZONE_M01,0.84,19.8,-21.8,0.77
2024-02-23 22:00:00,ZONE_M02,0.84,20.9,-21.8,0.77
2024-02-23 22:00:00,ZONE_M03,0.84,21.1,-21.8,0.77
2024-02-23 22:00:00,ZONE_B01,0.84,20.3,-21.8,0.77
2024-02-23 22:00:00,ZONE_B02,0.84,20.1,-21.8,0.77
2024-02-23 23:00:00,ZONE_M01,0.17,18.6,-22.7,0.5
2024-02-23 23:00:00,ZONE_M02,0.17,18.1,-22.7,0.5
2024-02-23 23:00:00,ZONE_M03,0.17,18.9,-22.7,0.5
2024-02-23 23:00:00,ZONE_B01,0.17,17.9,-22.7,0.5
2024-02-23 23:00:00,ZONE_B02,0.17,18.1,-22.7,0.5
2024-02-24 00:00:00,ZONE_M01,0.3,18.7,-21.0,0.53
2024-02-24 00:00:00,ZONE_M02,0.3,18.8,-21.0,0.53
2024-02-24 00:00:00,ZONE_M03,0.3,19.3,-21.0,0.53
2024-02-24 00:00:00,ZONE_B01,0.3,19.1,-21.0,0.53
2024-02-24 00:00:00,ZONE_B02,0.3,19.2,-21.0,0.53
2024-02-24 01:00:00,ZONE_M01,0.22,18.5,-26.6,0.57
2024-02-24 01:00:00,ZONE_M02,0.22,19.0,-26.6,0.57
2024-02-24 01:00:00,ZONE_M03,0.22,18.9,-26.6,0.57
2024-02-24 01:00:00,ZONE_B01,0.22,19.1,-26.6,0.57
2024-02-24 01:00:00,ZONE_B02,0.22,18.9,-26.6,0.57
2024-02-24 02:00:00,ZONE_M01,0.21,18.6,-20.9,0.49
2024-02-24 02:00:00,ZONE_M02,0.21,19.1,-20.9,0.49
2024-02-24 02:00:00,ZONE_M03,0.21,17.6,-20.9,0.49
2024-02-24 02:00:00,ZONE_B01,0.21,18.7,-20.9,0.49
2024-02-24 02:00:00,ZONE_B02,0.21,19.0,-20.9,0.49
2024-02-24 03:00:00,ZONE_M01,0.2,17.6,-23.5,0.52
2024-02-24 03:00:00,ZONE_M02,0.2,19.0,-23.5,0.52
2024-02-24 03:00:00,ZONE_M03,0.2,18.0,-23.5,0.52
2024-02-24 03:00:00,ZONE_B01,0.2,18.8,-23.5,0.52
2024-02-24 03:00:00,ZONE_B02,0.2,18.1,-23.5,0.52
2024-02-24 04:00:00,ZONE_M01,0.11,18.0,-20.2,0.45
2024-02-24 04:00:00,ZONE_M02,0.11,17.8,-20.2,0.45
2024-02-24 04:00:00,ZONE_M03,0.11,19.1,-20.2,0.45
2024-02-24 04:00:00,ZONE_B01,0.11,18.6,-20.2,0.45
2024-02-24 04:00:00,ZONE_B02,0.11,18.2,-20.2,0.45
2024-02-24 05:00:00,ZONE_M01,0.14,18.6,-22.4,0.48
2024-02-24 05:00:00,ZONE_M02,0.14,17.8,-22.4,0.48
2024-02-24 05:00:00,ZONE_M03,0.14,19.0,-22.4,0.48
2024-02-24 05:00:00,ZONE_B01,0.14,18.2,-22.4,0.48
2024-02-24 05:00:00,ZONE_B02,0.14,18.4,-22.4,0.48
2024-02-24 06:00:00,ZONE_M01,0.52,19.5,-20.8,0.62
2024-02-24 06:00:00,ZONE_M02,0.52,20.4,-20.8,0.62
2024-02-24 06:00:00,ZONE_M03,0.52,19.7,-20.8,0.62
2024-02-24 06:00:00,ZONE_B01,0.52,19.9,-20.8,0.62
2024-02-24 06:00:00,ZONE_B02,0.52,19.8,-20.8,0.62
2024-02-24 07:00:00,ZONE_M01,1.0,21.0,-22.9,0.86
2024-02-24 07:00:00,ZONE_M02,1.0,21.1,-22.9,0.86
2024-02-24 07:00:00,ZONE_M03,1.0,21.5,-22.9,0.86
2024-02-24 07:00:00,ZONE_B01,1.0,21.2,-22.9,0.86
2024-02-24 07:00:00,ZONE_B02,1.0,21.2,-22.9,0.86
2024-02-24 08:00:00,ZONE_M01,0.63,20.0,-17.9,0.62
2024-02-24 08:00:00,ZONE_M02,0.63,19.6,-17.9,0.62
2024-02-24 08:00:00,ZONE_M03,0.63,19.6,-17.9,0.62
2024-02-24 08:00:00,ZONE_B01,0.63,19.6,-17.9,0.62
2024-02-24 08:00:00,ZONE_B02,0.63,19.5,-17.9,0.62
2024-02-24 09:00:00,ZONE_M01,0.54,19.2,-23.1,0.66
2024-02-24 09:00:00,ZONE_M02,0.54,19.6,-23.1,0.66
2024-02-24 09:00:00,ZONE_M03,0.54,20.0,-23.1,0.66
2024-02-24 09:00:00,ZONE_B01,0.54,19.8,-23.1,0.66
2024-02-24 09:00:00,ZONE_B02,0.54,19.8,-23.1,0.66
2024-02-24 10:00:00,ZONE_M01,0.58,19.3,-23.3,0.68
2024-02-24 10:00:00,ZONE_M02,0.58,19.6,-23.3,0.68
2024-02-24 10:00:00,ZONE_M03,0.58,19.6,-23.3,0.68
2024-02-24 10:00:00,ZONE_B01,0.58,19.3,-23.3,0.68
2024-02-24 10:00:00,ZONE_B02,0.58,19.2,-23.3,0.68
2024-02-24 11:00:00,ZONE_M01,0.45,19.5,-20.0,0.58
2024-02-24 11:00:00,ZONE_M02,0.45,19.1,-20.0,0.58
2024-02-24 11:00:00,ZONE_M03,0.45,19.4,-20.0,0.58
2024-02-24 11:00:00,ZONE_B01,0.45,19.1,-20.0,0.58
2024-02-24 11:00:00,ZONE_B02,0.45,19.6,-20.0,0.58
2024-02-24 12:00:00,ZONE_M01,0.61,19.8,-23.5,0.7
2024-02-24 12:00:00,ZONE_M02,0.61,19.2,-23.5,0.7
2024-02-24 12:00:00,ZONE_M03,0.61,20.3,-23.5,0.7
2024-02-24 12:00:00,ZONE_B01,0.61,19.1,-23.5,0.7
2024-02-24 12:00:00,ZONE_B02,0.61,20.2,-23.5,0.7
2024-02-24 13:00:00,ZONE_M01,0.55,19.3,-20.1,0.62
2024-02-24 13:00:00,ZONE_M02,0.55,18.8,-20.1,0.62
2024-02-24 13:00:00,ZONE_M03,0.55,19.6,-20.1,0.62
2024-02-24 13:00:00,ZONE_B01,0.55,20.8,-20.1,0.62
2024-02-24 13:00:00,ZONE_B02,0.55,20.4,-20.1,0.62
2024-02-24 14:00:00,ZONE_M01,0.85,19.8,-20.0,0.74
2024-02-24 14:00:00,ZONE_M02,0.85,20.4,-20.0,0.74
2024-02-24 14:00:00,ZONE_M03,0.85,20.8,-20.0,0.74
2024-02-24 14:00:00,ZONE_B01,0.85,20.1,-20.0,0.74
2024-02-24 14:00:00,ZONE_B02,0.85,21.0,-20.0,0.74
2024-02-24 15:00:00,ZONE_M01,0.66,20.6,-20.9,0.68
2024-02-24 15:00:00,ZONE_M02,0.66,20.2,-20.9,0.68
2024-02-24 15:00:00,ZONE_M03,0.66,19.4,-20.9,0.68
2024-02-24 15:00:00,ZONE_B01,0.66,19.2,-20.9,0.68
2024-02-24 15:00:00,ZONE_B02,0.66,19.5,-20.9,0.68
2024-02-24 16:00:00,ZONE_M01,0.48,18.9,-22.3,0.63
2024-02-24 16:00:00,ZONE_M02,0.48,18.8,-22.3,0.63
2024-02-24 16:00:00,ZONE_M03,0.48,19.9,-22.3,0.63
2024-02-24 16:00:00,ZONE_B01,0.48,18.9,-22.3,0.63
2024-02-24 16:00:00,ZONE_B02,0.48,19.2,-22.3,0.63
2024-02-24 17:00:00,ZONE_M01,0.63,20.1,-22.0,0.68
2024-02-24 17:00:00,ZONE_M02,0.63,19.6,-22.0,0.68
2024-02-24 17:00:00,ZONE_M03,0.63,18.8,-22.0,0.68
2024-02-24 17:00:00,ZONE_B01,0.63,19.8,-22.0,0.68
2024-02-24 17:00:00,ZONE_B02,0.63,19.5,-22.0,0.68
2024-02-24 18:00:00,ZONE_M01,0.91,20.1,-16.4,0.69
2024-02-24 18:00:00,ZONE_M02,0.91,20.7,-16.4,0.69
2024-02-24 18:00:00,ZONE_M03,0.91,20.4,-16.4,0.69
2024-02-24 18:00:00,ZONE_B01,0.91,20.3,-16.4,0.69
2024-02-24 18:00:00,ZONE_B02,0.91,21.0,-16.4,0.69
2024-02-24 19:00:00,ZONE_M01,0.79,20.9,-20.7,0.73
2024-02-24 19:00:00,ZONE_M02,0.79,20.5,-20.7,0.73
2024-02-24 19:00:00,ZONE_M03,0.79,19.8,-20.7,0.73
2024-02-24 19:00:00,ZONE_B01,0.79,20.8,-20.7,0.73
2024-02-24 19:00:00,ZONE_B02,0.79,20.2,-20.7,0.73
2024-02-24 20:00:00,ZONE_M01,0.65,19.3,-20.0,0.66
2024-02-24 20:00:00,ZONE_M02,0.65,20.4,-20.0,0.66
2024-02-24 20:00:00,ZONE_M03,0.65,19.7,-20.0,0.66
2024-02-24 20:00:00,ZONE_B01,0.65,20.8,-20.0,0.66
2024-02-24 20:00:00,ZONE_B02,0.65,20.1,-20.0,0.66
2024-02-24 21:00:00,ZONE_M01,0.74,19.7,-23.5,0.76
2024-02-24 21:00:00,ZONE_M02,0.74,21.6,-23.5,0.76
2024-02-24 21:00:00,ZONE_M03,0.74,19.2,-23.5,0.76
2024-02-24 21:00:00,ZONE_B01,0.74,19.8,-23.5,0.76
2024-02-24 21:00:00,ZONE_B02,0.74,20.1,-23.5,0.76
2024-02-24 22:00:00,ZONE_M01,0.76,19.9,-22.6,0.75
2024-02-24 22:00:00,ZONE_M02,0.76,20.1,-22.6,0.75
2024-02-24 22:00:00,ZONE_M03,0.76,20.5,-22.6,0.75
2024-02-24 22:00:00,ZONE_B01,0.76,21.4,-22.6,0.75
2024-02-24 22:00:00,ZONE_B02,0.76,20.3,-22.6,0.75
2024-02-24 23:00:00,ZONE_M01,0.27,18.9,-24.4,0.56
2024-02-24 23:00:00,ZONE_M02,0.27,19.1,-24.4,0.56
2024-02-24 23:00:00,ZONE_M03,0.27,19.0,-24.4,0.56
2024-02-24 23:00:00,ZONE_B01,0.27,18.8,-24.4,0.56
2024-02-24 23:00:00,ZONE_B02,0.27,19.4,-24.4,0.56
2024-02-25 00:00:00,ZONE_M01,0.16,17.7,-23.4,0.5
2024-02-25 00:00:00,ZONE_M02,0.16,18.8,-23.4,0.5
2024-02-25 00:00:00,ZONE_M03,0.16,18.2,-23.4,0.5
2024-02-25 00:00:00,ZONE_B01,0.16,18.4,-23.4,0.5
2024-02-25 00:00:00,ZONE_B02,0.16,17.9,-23.4,0.5
2024-02-25 01:00:00,ZONE_M01,0.24,18.4,-21.4,0.51
2024-02-25 01:00:00,ZONE_M02,0.24,18.8,-21.4,0.51
2024-02-25 01:00:00,ZONE_M03,0.24,18.7,-21.4,0.51
2024-02-25 01:00:00,ZONE_B01,0.24,19.1,-21.4,0.51
2024-02-25 01:00:00,ZONE_B02,0.24,18.5,-21.4,0.51
2024-02-25 02:00:00,ZONE_M01,0.08,18.1,-21.9,0.45
2024-02-25 02:00:00,ZONE_M02,0.08,18.0,-21.9,0.45
2024-02-25 02:00:00,ZONE_M03,0.08,18.2,-21.9,0.45
2024-02-25 02:00:00,ZONE_B01,0.08,18.3,-21.9,0.45
2024-02-25 02:00:00,ZONE_B02,0.08,18.0,-21.9,0.45
2024-02-25 03:00:00,ZONE_M01,0.01,18.7,-22.2,0.42
2024-02-25 03:00:00,ZONE_M02,0.01,18.5,-22.2,0.42
2024-02-25 03:00:00,ZONE_M03,0.01,18.1,-22.2,0.42
2024-02-25 03:00:00,ZONE_B01,0.01,17.8,-22.2,0.42
2024-02-25 03:00:00,ZONE_B02,0.01,17.7,-22.2,0.42
2024-02-25 04:00:00,ZONE_M01,0.18,18.2,-21.0,0.48
2024-02-25 04:00:00,ZONE_M02,0.18,18.8,-21.0,0.48
2024-02-25 04:00:00,ZONE_M03,0.18,19.1,-21.0,0.48
2024-02-25 04:00:00,ZONE_B01,0.18,19.0,-21.0,0.48
2024-02-25 04:00:00,ZONE_B02,0.18,18.6,-21.0,0.48
2024-02-25 05:00:00,ZONE_M01,0.03,17.4,-23.2,0.45
2024-02-25 05:00:00,ZONE_M02,0.03,18.0,-23.2,0.45
2024-02-25 05:00:00,ZONE_M03,0.03,17.4,-23.2,0.45
2024-02-25 05:00:00,ZONE_B01,0.03,18.1,-23.2,0.45
2024-02-25 05:00:00,ZONE_B02,0.03,17.3,-23.2,0.45
2024-02-25 06:00:00,ZONE_M01,0.67,20.7,-22.5,0.71
2024-02-25 06:00:00,ZONE_M02,0.67,19.8,-22.5,0.71
2024-02-25 06:00:00,ZONE_M03,0.67,19.0,-22.5,0.71
2024-02-25 06:00:00,ZONE_B01,0.67,20.2,-22.5,0.71
2024-02-25 06:00:00,ZONE_B02,0.67,19.9,-22.5,0.71
2024-02-25 07:00:00,ZONE_M01,0.75,20.4,-24.7,0.78
2024-02-25 07:00:00,ZONE_M02,0.75,20.2,-24.7,0.78
2024-02-25 07:00:00,ZONE_M03,0.75,20.3,-24.7,0.78
2024-02-25 07:00:00,ZONE_B01,0.75,20.5,-24.7,0.78
2024-02-25 07:00:00,ZONE_B02,0.75,21.5,-24.7,0.78
2024-02-25 08:00:00,ZONE_M01,0.73,20.1,-20.9,0.71
2024-02-25 08:00:00,ZONE_M02,0.73,20.9,-20.9,0.71
2024-02-25 08:00:00,ZONE_M03,0.73,19.4,-20.9,0.71
2024-02-25 08:00:00,ZONE_B01,0.73,19.6,-20.9,0.71
2024-02-25 08:00:00,ZONE_B02,0.73,19.5,-20.9,0.71
2024-02-25 09:00:00,ZONE_M01,0.67,20.2,-19.2,0.65
2024-02-25 09:00:00,ZONE_M02,0.67,20.2,-19.2,0.65
2024-02-25 09:00:00,ZONE_M03,0.67,20.5,-19.2,0.65
2024-02-25 09:00:00,ZONE_B01,0.67,19.7,-19.2,0.65
2024-02-25 09:00:00,ZONE_B02,0.67,19.6,-19.2,0.65
2024-02-25 10:00:00,ZONE_M01,0.74,20.1,-15.5,0.62
2024-02-25 10:00:00,ZONE_M02,0.74,20.2,-15.5,0.62
2024-02-25 10:00:00,ZONE_M03,0.74,19.9,-15.5,0.62
2024-02-25 10:00:00,ZONE_B01,0.74,21.2,-15.5,0.62
2024-02-25 10:00:00,ZONE_B02,0.74,20.4,-15.5,0.62
2024-02-25 11:00:00,ZONE_M01,0.46,19.1,-23.9,0.64
2024-02-25 11:00:00,ZONE_M02,0.46,19.0,-23.9,0.64
2024-02-25 11:00:00,ZONE_M03,0.46,20.1,-23.9,0.64
2024-02-25 11:00:00,ZONE_B01,0.46,20.2,-23.9,0.64
2024-02-25 11:00:00,ZONE_B02,0.46,19.0,-23.9,0.64
2024-02-25 12:00:00,ZONE_M01,0.6,21.0,-21.4,0.66
2024-02-25 12:00:00,ZONE_M02,0.6,19.8,-21.4,0.66
2024-02-25 12:00:00,ZONE_M03,0.6,19.7,-21.4,0.66
2024-02-25 12:00:00,ZONE_B01,0.6,20.6,-21.4,0.66
2024-02-25 12:00:00,ZONE_B02,0.6,19.4,-21.4,0.66
2024-02-25 13:00:00,ZONE_M01,0.78,20.7,-23.8,0.78
2024-02-25 13:00:00,ZONE_M02,0.78,20.9,-23.8,0.78
2024-02-25 13:00:00,ZONE_M03,0.78,19.7,-23.8,0.78
2024-02-25 13:00:00,ZONE_B01,0.78,20.5,-23.8,0.78
2024-02-25 13:00:00,ZONE_B02,0.78,20.2,-23.8,0.78
2024-02-25 14:00:00,ZONE_M01,0.85,19.9,-24.8,0.83
2024-02-25 14:00:00,ZONE_M02,0.85,20.8,-24.8,0.83
2024-02-25 14:00:00,ZONE_M03,0.85,19.6,-24.8,0.83
2024-02-25 14:00:00,ZONE_B01,0.85,20.6,-24.8,0.83
2024-02-25 14:00:00,ZONE_B02,0.85,20.4,-24.8,0.83
2024-02-25 15:00:00,ZONE_M01,0.49,19.2,-24.8,0.67
2024-02-25 15:00:00,ZONE_M02,0.49,19.5,-24.8,0.67
2024-02-25 15:00:00,ZONE_M03,0.49,20.3,-24.8,0.67
2024-02-25 15:00:00,ZONE_B01,0.49,19.8,-24.8,0.67
2024-02-25 15:00:00,ZONE_B02,0.49,19.4,-24.8,0.67
2024-02-25 16:00:00,ZONE_M01,0.88,20.3,-19.6,0.74
2024-02-25 16:00:00,ZONE_M02,0.88,20.8,-19.6,0.74
2024-02-25 16:00:00,ZONE_M03,0.88,21.0,-19.6,0.74
2024-02-25 16:00:00,ZONE_B01,0.88,20.3,-19.6,0.74
2024-02-25 16:00:00,ZONE_B02,0.88,21.3,-19.6,0.74
2024-02-25 17:00:00,ZONE_M01,0.66,20.9,-22.4,0.71
2024-02-25 17:00:00,ZONE_M02,0.66,19.8,-22.4,0.71
2024-02-25 17:00:00,ZONE_M03,0.66,20.2,-22.4,0.71
2024-02-25 17:00:00,ZONE_B01,0.66,19.7,-22.4,0.71
2024-02-25 17:00:00,ZONE_B02,0.66,19.5,-22.4,0.71
2024-02-25 18:00:00,ZONE_M01,0.6,20.1,-18.2,0.61
2024-02-25 18:00:00,ZONE_M02,0.6,18.4,-18.2,0.61
2024-02-25 18:00:00,ZONE_M03,0.6,18.9,-18.2,0.61
2024-02-25 18:00:00,ZONE_B01,0.6,19.6,-18.2,0.61
2024-02-25 18:00:00,ZONE_B02,0.6,19.5,-18.2,0.61
2024-02-25 19:00:00,ZONE_M01,0.69,20.3,-23.9,0.74
2024-02-25 19:00:00,ZONE_M02,0.69,19.9,-23.9,0.74
2024-02-25 19:00:00,ZONE_M03,0.69,20.4,-23.9,0.74
2024-02-25 19:00:00,ZONE_B01,0.69,20.3,-23.9,0.74
2024-02-25 19:00:00,ZONE_B02,0.69,20.1,-23.9,0.74
2024-02-25 20:00:00,ZONE_M01,0.53,20.0,-20.4,0.62
2024-02-25 20:00:00,ZONE_M02,0.53,18.9,-20.4,0.62
2024-02-25 20:00:00,ZONE_M03,0.53,19.7,-20.4,0.62
2024-02-25 20:00:00,ZONE_B01,0.53,19.7,-20.4,0.62
2024-02-25 20:00:00,ZONE_B02,0.53,19.1,-20.4,0.62
2024-02-25 21:00:00,ZONE_M01,0.66,20.0,-20.4,0.67
2024-02-25 21:00:00,ZONE_M02,0.66,20.4,-20.4,0.67
2024-02-25 21:00:00,ZONE_M03,0.66,20.2,-20.4,0.67
2024-02-25 21:00:00,ZONE_B01,0.66,19.4,-20.4,0.67
2024-02-25 21:00:00,ZONE_B02,0.66,19.4,-20.4,0.67
2024-02-25 22:00:00,ZONE_M01,0.71,19.4,-24.6,0.77
2024-02-25 22:00:00,ZONE_M02,0.71,20.0,-24.6,0.77
2024-02-25 22:00:00,ZONE_M03,0.71,21.4,-24.6,0.77
2024-02-25 22:00:00,ZONE_B01,0.71,21.4,-24.6,0.77
2024-02-25 22:00:00,ZONE_B02,0.71,20.3,-24.6,0.77
2024-02-25 23:00:00,ZONE_M01,0.13,18.5,-17.5,0.42
2024-02-25 23:00:00,ZONE_M02,0.13,18.0,-17.5,0.42
2024-02-25 23:00:00,ZONE_M03,0.13,18.6,-17.5,0.42
2024-02-25 23:00:00,ZONE_B01,0.13,17.9,-17.5,0.42
2024-02-25 23:00:00,ZONE_B02,0.13,18.8,-17.5,0.42
2024-02-26 00:00:00,ZONE_M01,0.0,18.2,-22.9,0.43
2024-02-26 00:00:00,ZONE_M02,0.0,18.4,-22.9,0.43
2024-02-26 00:00:00,ZONE_M03,0.0,18.4,-22.9,0.43
2024-02-26 00:00:00,ZONE_B01,0.0,18.6,-22.9,0.43
2024-02-26 00:00:00,ZONE_B02,0.0,18.0,-22.9,0.43
2024-02-26 01:00:00,ZONE_M01,0.08,18.2,-24.0,0.47
2024-02-26 01:00:00,ZONE_M02,0.08,18.3,-24.0,0.47
2024-02-26 01:00:00,ZONE_M03,0.08,18.8,-24.0,0.47
2024-02-26 01:00:00,ZONE_B01,0.08,17.9,-24.0,0.47
2024-02-26 01:00:00,ZONE_B02,0.08,18.6,-24.0,0.47
2024-02-26 02:00:00,ZONE_M01,0.33,19.2,-24.5,0.59
2024-02-26 02:00:00,ZONE_M02,0.33,18.4,-24.5,0.59
2024-02-26 02:00:00,ZONE_M03,0.33,19.0,-24.5,0.59
2024-02-26 02:00:00,ZONE_B01,0.33,18.9,-24.5,0.59
2024-02-26 02:00:00,ZONE_B02,0.33,18.0,-24.5,0.59
2024-02-26 03:00:00,ZONE_M01,0.07,18.9,-21.7,0.44
2024-02-26 03:00:00,ZONE_M02,0.07,18.1,-21.7,0.44
2024-02-26 03:00:00,ZONE_M03,0.07,18.7,-21.7,0.44
2024-02-26 03:00:00,ZONE_B01,0.07,17.0,-21.7,0.44
2024-02-26 03:00:00,ZONE_B02,0.07,18.2,-21.7,0.44
2024-02-26 04:00:00,ZONE_M01,0.24,18.3,-19.7,0.49
2024-02-26 04:00:00,ZONE_M02,0.24,18.4,-19.7,0.49
2024-02-26 04:00:00,ZONE_M03,0.24,18.4,-19.7,0.49
2024-02-26 04:00:00,ZONE_B01,0.24,18.2,-19.7,0.49
2024-02-26 04:00:00,ZONE_B02,0.24,18.7,-19.7,0.49
2024-02-26 05:00:00,ZONE_M01,0.12,18.4,-24.2,0.5
2024-02-26 05:00:00,ZONE_M02,0.12,18.7,-24.2,0.5
2024-02-26 05:00:00,ZONE_M03,0.12,17.9,-24.2,0.5
2024-02-26 05:00:00,ZONE_B01,0.12,18.7,-24.2,0.5
2024-02-26 05:00:00,ZONE_B02,0.12,18.7,-24.2,0.5
2024-02-26 06:00:00,ZONE_M01,0.59,20.3,-21.1,0.65
2024-02-26 06:00:00,ZONE_M02,0.59,19.8,-21.1,0.65
2024-02-26 06:00:00,ZONE_M03,0.59,19.8,-21.1,0.65
2024-02-26 06:00:00,ZONE_B01,0.59,19.6,-21.1,0.65
2024-02-26 06:00:00,ZONE_B02,0.59,18.5,-21.1,0.65
2024-02-26 07:00:00,ZONE_M01,0.49,19.5,-22.6,0.64
2024-02-26 07:00:00,ZONE_M02,0.49,19.6,-22.6,0.64
2024-02-26 07:00:00,ZONE_M03,0.49,19.4,-22.6,0.64
2024-02-26 07:00:00,ZONE_B01,0.49,20.1,-22.6,0.64
2024-02-26 07:00:00,ZONE_B02,0.49,18.9,-22.6,0.64
2024-02-26 08:00:00,ZONE_M01,0.61,19.7,-21.6,0.67
2024-02-26 08:00:00,ZONE_M02,0.61,20.3,-21.6,0.67
2024-02-26 08:00:00,ZONE_M03,0.61,20.6,-21.6,0.67
2024-02-26 08:00:00,ZONE_B01,0.61,19.7,-21.6,0.67
2024-02-26 08:00:00,ZONE_B02,0.61,20.1,-21.6,0.67
2024-02-26 09:00:00,ZONE_M01,0.89,20.5,-21.8,0.79
2024-02-26 09:00:00,ZONE_M02,0.89,20.6,-21.8,0.79
2024-02-26 09:00:00,ZONE_M03,0.89,20.3,-21.8,0.79
2024-02-26 09:00:00,ZONE_B01,0.89,21.1,-21.8,0.79
2024-02-26 09:00:00,ZONE_B02,0.89,21.0,-21.8,0.79
2024-02-26 10:00:00,ZONE_M01,0.47,19.7,-25.6,0.67
2024-02-26 10:00:00,ZONE_M02,0.47,19.2,-25.6,0.67
2024-02-26 10:00:00,ZONE_M03,0.47,18.9,-25.6,0.67
2024-02-26 10:00:00,ZONE_B01,0.47,19.6,-25.6,0.67
2024-02-26 10:00:00,ZONE_B02,0.47,19.1,-25.6,0.67
2024-02-26 11:00:00,ZONE_M01,0.61,19.6,-19.3,0.63
2024-02-26 11:00:00,ZONE_M02,0.61,19.6,-19.3,0.63
2024-02-26 11:00:00,ZONE_M03,0.61,18.8,-19.3,0.63
2024-02-26 11:00:00,ZONE_B01,0.61,18.9,-19.3,0.63
2024-02-26 11:00:00,ZONE_B02,0.61,19.8,-19.3,0.63
2024-02-26 12:00:00,ZONE_M01,0.73,20.3,-23.4,0.75
2024-02-26 12:00:00,ZONE_M02,0.73,19.9,-23.4,0.75
2024-02-26 12:00:00,ZONE_M03,0.73,19.8,-23.4,0.75
2024-02-26 12:00:00,ZONE_B01,0.73,20.7,-23.4,0.75
2024-02-26 12:00:00,ZONE_B02,0.73,19.8,-23.4,0.75
2024-02-26 13:00:00,ZONE_M01,0.64,20.8,-23.0,0.7
2024-02-26 13:00:00,ZONE_M02,0.64,20.1,-23.0,0.7
2024-02-26 13:00:00,ZONE_M03,0.64,20.1,-23.0,0.7
2024-02-26 13:00:00,ZONE_B01,0.64,19.1,-23.0,0.7
2024-02-26 13:00:00,ZONE_B02,0.64,20.1,-23.0,0.7
2024-02-26 14:00:00,ZONE_M01,0.89,20.1,-23.9,0.83
2024-02-26 14:00:00,ZONE_M02,0.89,20.6,-23.9,0.83
2024-02-26 14:00:00,ZONE_M03,0.89,21.0,-23.9,0.83
2024-02-26 14:00:00,ZONE_B01,0.89,20.3,-23.9,0.83
2024-02-26 14:00:00,ZONE_B02,0.89,21.3,-23.9,0.83
2024-02-26 15:00:00,ZONE_M01,0.66,20.3,-20.3,0.67
2024-02-26 15:00:00,ZONE_M02,0.66,19.8,-20.3,0.67
2024-02-26 15:00:00,ZONE_M03,0.66,20.8,-20.3,0.67
2024-02-26 15:00:00,ZONE_B01,0.66,20.0,-20.3,0.67
2024-02-26 15:00:00,ZONE_B02,0.66,19.9,-20.3,0.67
2024-02-26 16:00:00,ZONE_M01,0.77,19.7,-22.2,0.75
2024-02-26 16:00:00,ZONE_M02,0.77,19.6,-22.2,0.75
2024-02-26 16:00:00,ZONE_M03,0.77,19.7,-22.2,0.75
2024-02-26 16:00:00,ZONE_B01,0.77,21.1,-22.2,0.75
2024-02-26 16:00:00,ZONE_B02,0.77,19.7,-22.2,0.75
2024-02-26 17:00:00,ZONE_M01,0.71,19.7,-24.1,0.75
2024-02-26 17:00:00,ZONE_M02,0.71,20.3,-24.1,0.75
2024-02-26 17:00:00,ZONE_M03,0.71,19.4,-24.1,0.75
2024-02-26 17:00:00,ZONE_B01,0.71,20.6,-24.1,0.75
2024-02-26 17:00:00,ZONE_B02,0.71,20.3,-24.1,0.75
2024-02-26 18:00:00,ZONE_M01,0.6,19.5,-22.0,0.67
2024-02-26 18:00:00,ZONE_M02,0.6,19.9,-22.0,0.67
2024-02-26 18:00:00,ZONE_M03,0.6,20.1,-22.0,0.67
2024-02-26 18:00:00,ZONE_B01,0.6,19.3,-22.0,0.67
2024-02-26 18:00:00,ZONE_B02,0.6,20.0,-22.0,0.67
2024-02-26 19:00:00,ZONE_M01,0.59,19.7,-20.4,0.64
2024-02-26 19:00:00,ZONE_M02,0.59,18.7,-20.4,0.64
2024-02-26 19:00:00,ZONE_M03,0.59,19.8,-20.4,0.64
2024-02-26 19:00:00,ZONE_B01,0.59,19.8,-20.4,0.64
2024-02-26 19:00:00,ZONE_B02,0.59,20.0,-20.4,0.64
2024-02-26 20:00:00,ZONE_M01,0.83,21.1,-20.9,0.75
2024-02-26 20:00:00,ZONE_M02,0.83,20.3,-20.9,0.75
2024-02-26 20:00:00,ZONE_M03,0.83,20.8,-20.9,0.75
2024-02-26 20:00:00,ZONE_B01,0.83,20.4,-20.9,0.75
2024-02-26 20:00:00,ZONE_B02,0.83,21.9,-20.9,0.75
2024-02-26 21:00:00,ZONE_M01,0.45,19.4,-22.5,0.62
2024-02-26 21:00:00,ZONE_M02,0.45,19.7,-22.5,0.62
2024-02-26 21:00:00,ZONE_M03,0.45,19.3,-22.5,0.62
2024-02-26 21:00:00,ZONE_B01,0.45,20.1,-22.5,0.62
2024-02-26 21:00:00,ZONE_B02,0.45,19.5,-22.5,0.62
2024-02-26 22:00:00,ZONE_M01,0.79,21.0,-23.0,0.77
2024-02-26 22:00:00,ZONE_M02,0.79,20.9,-23.0,0.77
2024-02-26 22:00:00,ZONE_M03,0.79,20.6,-23.0,0.77
2024-02-26 22:00:00,ZONE_B01,0.79,20.8,-23.0,0.77
2024-02-26 22:00:00,ZONE_B02,0.79,21.0,-23.0,0.77
2024-02-26 23:00:00,ZONE_M01,0.17,18.0,-23.3,0.5
2024-02-26 23:00:00,ZONE_M02,0.17,17.9,-23.3,0.5
2024-02-26 23:00:00,ZONE_M03,0.17,18.5,-23.3,0.5
2024-02-26 23:00:00,ZONE_B01,0.17,18.1,-23.3,0.5
2024-02-26 23:00:00,ZONE_B02,0.17,18.2,-23.3,0.5
2024-02-27 00:00:00,ZONE_M01,0.28,19.1,-18.4,0.49
2024-02-27 00:00:00,ZONE_M02,0.28,19.3,-18.4,0.49
2024-02-27 00:00:00,ZONE_M03,0.28,18.2,-18.4,0.49
2024-02-27 00:00:00,ZONE_B01,0.28,18.8,-18.4,0.49
2024-02-27 00:00:00,ZONE_B02,0.28,18.9,-18.4,0.49
2024-02-27 01:00:00,ZONE_M01,0.19,18.1,-23.0,0.51
2024-02-27 01:00:00,ZONE_M02,0.19,17.7,-23.0,0.51
2024-02-27 01:00:00,ZONE_M03,0.19,17.6,-23.0,0.51
2024-02-27 01:00:00,ZONE_B01,0.19,18.3,-23.0,0.51
2024-02-27 01:00:00,ZONE_B02,0.19,18.0,-23.0,0.51
2024-02-27 02:00:00,ZONE_M01,0.07,18.1,-19.7,0.43
2024-02-27 02:00:00,ZONE_M02,0.07,18.5,-19.7,0.43
2024-02-27 02:00:00,ZONE_M03,0.07,17.3,-19.7,0.43
2024-02-27 02:00:00,ZONE_B01,0.07,19.1,-19.7,0.43
2024-02-27 02:00:00,ZONE_B02,0.07,18.9,-19.7,0.43
2024-02-27 03:00:00,ZONE_M01,0.13,18.8,-25.1,0.51
2024-02-27 03:00:00,ZONE_M02,0.13,18.3,-25.1,0.51
2024-02-27 03:00:00,ZONE_M03,0.13,19.0,-25.1,0.51
2024-02-27 03:00:00,ZONE_B01,0.13,18.5,-25.1,0.51
2024-02-27 03:00:00,ZONE_B02,0.13,18.2,-25.1,0.51
2024-02-27 04:00:00,ZONE_M01,0.19,18.4,-22.9,0.51
2024-02-27 04:00:00,ZONE_M02,0.19,18.4,-22.9,0.51
2024-02-27 04:00:00,ZONE_M03,0.19,19.3,-22.9,0.51
2024-02-27 04:00:00,ZONE_B01,0.19,18.4,-22.9,0.51
2024-02-27 04:00:00,ZONE_B02,0.19,17.7,-22.9,0.51
2024-02-27 05:00:00,ZONE_M01,0.11,18.3,-25.5,0.51
2024-02-27 05:00:00,ZONE_M02,0.11,18.1,-25.5,0.51
2024-02-27 05:00:00,ZONE_M03,0.11,18.7,-25.5,0.51
2024-02-27 05:00:00,ZONE_B01,0.11,18.1,-25.5,0.51
2024-02-27 05:00:00,ZONE_B02,0.11,17.8,-25.5,0.51
2024-02-27 06:00:00,ZONE_M01,0.81,20.4,-23.5,0.79
2024-02-27 06:00:00,ZONE_M02,0.81,20.1,-23.5,0.79
2024-02-27 06:00:00,ZONE_M03,0.81,20.3,-23.5,0.79
2024-02-27 06:00:00,ZONE_B01,0.81,20.3,-23.5,0.79
2024-02-27 06:00:00,ZONE_B02,0.81,21.3,-23.5,0.79
2024-02-27 07:00:00,ZONE_M01,0.62,19.9,-22.3,0.69
2024-02-27 07:00:00,ZONE_M02,0.62,18.7,-22.3,0.69
2024-02-27 07:00:00,ZONE_M03,0.62,19.5,-22.3,0.69
2024-02-27 07:00:00,ZONE_B01,0.62,19.2,-22.3,0.69
2024-02-27 07:00:00,ZONE_B02,0.62,19.3,-22.3,0.69
2024-02-27 08:00:00,ZONE_M01,0.66,20.1,-21.9,0.7
2024-02-27 08:00:00,ZONE_M02,0.66,19.5,-21.9,0.7
2024-02-27 08:00:00,ZONE_M03,0.66,20.4,-21.9,0.7
2024-02-27 08:00:00,ZONE_B01,0.66,19.6,-21.9,0.7
2024-02-27 08:00:00,ZONE_B02,0.66,19.6,-21.9,0.7
2024-02-27 09:00:00,ZONE_M01,0.58,18.7,-23.0,0.68
2024-02-27 09:00:00,ZONE_M02,0.58,19.2,-23.0,0.68
2024-02-27 09:00:00,ZONE_M03,0.58,19.9,-23.0,0.68
2024-02-27 09:00:00,ZONE_B01,0.58,20.1,-23.0,0.68
2024-02-27 09:00:00,ZONE_B02,0.58,19.5,-23.0,0.68
2024-02-27 10:00:00,ZONE_M01,0.8,21.3,-22.0,0.76
2024-02-27 10:00:00,ZONE_M02,0.8,20.5,-22.0,0.76
2024-02-27 10:00:00,ZONE_M03,0.8,20.9,-22.0,0.76
2024-02-27 10:00:00,ZONE_B01,0.8,19.7,-22.0,0.76
2024-02-27 10:00:00,ZONE_B02,0.8,20.7,-22.0,0.76
2024-02-27 11:00:00,ZONE_M01,0.5,19.4,-19.6,0.59
2024-02-27 11:00:00,ZONE_M02,0.5,19.9,-19.6,0.59
2024-02-27 11:00:00,ZONE_M03,0.5,19.1,-19.6,0.59
2024-02-27 11:00:00,ZONE_B01,0.5,19.6,-19.6,0.59
2024-02-27 11:00:00,ZONE_B02,0.5,20.3,-19.6,0.59
2024-02-27 12:00:00,ZONE_M01,0.28,17.9,-23.2,0.56
2024-02-27 12:00:00,ZONE_M02,0.28,18.8,-23.2,0.56
2024-02-27 12:00:00,ZONE_M03,0.28,18.6,-23.2,0.56
2024-02-27 12:00:00,ZONE_B01,0.28,19.4,-23.2,0.56
2024-02-27 12:00:00,ZONE_B02,0.28,18.7,-23.2,0.56
2024-02-27 13:00:00,ZONE_M01,0.62,20.1,-24.3,0.72
2024-02-27 13:00:00,ZONE_M02,0.62,20.7,-24.3,0.72
2024-02-27 13:00:00,ZONE_M03,0.62,20.5,-24.3,0.72
2024-02-27 13:00:00,ZONE_B01,0.62,19.3,-24.3,0.72
2024-02-27 13:00:00,ZONE_B02,0.62,19.5,-24.3,0.72
2024-02-27 14:00:00,ZONE_M01,0.65,19.7,-23.6,0.72
2024-02-27 14:00:00,ZONE_M02,0.65,19.9,-23.6,0.72
2024-02-27 14:00:00,ZONE_M03,0.65,19.5,-23.6,0.72
2024-02-27 14:00:00,ZONE_B01,0.65,20.6,-23.6,0.72
2024-02-27 14:00:00,ZONE_B02,0.65,20.3,-23.6,0.72
2024-02-27 15:00:00,ZONE_M01,0.8,19.9,-21.2,0.74
2024-02-27 15:00:00,ZONE_M02,0.8,20.1,-21.2,0.74
2024-02-27 15:00:00,ZONE_M03,0.8,20.9,-21.2,0.74
2024-02-27 15:00:00,ZONE_B01,0.8,20.8,-21.2,0.74
2024-02-27 15:00:00,ZONE_B02,0.8,19.9,-21.2,0.74
2024-02-27 16:00:00,ZONE_M01,0.71,20.5,-21.9,0.72
2024-02-27 16:00:00,ZONE_M02,0.71,20.4,-21.9,0.72
2024-02-27 16:00:00,ZONE_M03,0.71,20.9,-21.9,0.72
2024-02-27 16:00:00,ZONE_B01,0.71,19.8,-21.9,0.72
2024-02-27 16:00:00,ZONE_B02,0.71,20.5,-21.9,0.72
2024-02-27 17:00:00,ZONE_M01,0.56,18.9,-25.1,0.7
2024-02-27 17:00:00,ZONE_M02,0.56,20.1,-25.1,0.7
2024-02-27 17:00:00,ZONE_M03,0.56,20.2,-25.1,0.7
2024-02-27 17:00:00,ZONE_B01,0.56,19.7,-25.1,0.7
2024-02-27 17:00:00,ZONE_B02,0.56,18.9,-25.1,0.7
2024-02-27 18:00:00,ZONE_M01,0.52,20.4,-22.7,0.65
2024-02-27 18:00:00,ZONE_M02,0.52,19.4,-22.7,0.65
2024-02-27 18:00:00,ZONE_M03,0.52,19.4,-22.7,0.65
2024-02-27 18:00:00,ZONE_B01,0.52,19.7,-22.7,0.65
2024-02-27 18:00:00,ZONE_B02,0.52,19.4,-22.7,0.65
2024-02-27 19:00:00,ZONE_M01,0.79,20.4,-26.4,0.83
2024-02-27 19:00:00,ZONE_M02,0.79,20.9,-26.4,0.83
2024-02-27 19:00:00,ZONE_M03,0.79,21.1,-26.4,0.83
2024-02-27 19:00:00,ZONE_B01,0.79,20.6,-26.4,0.83
2024-02-27 19:00:00,ZONE_B02,0.79,20.4,-26.4,0.83
2024-02-27 20:00:00,ZONE_M01,0.48,19.6,-19.6,0.58
2024-02-27 20:00:00,ZONE_M02,0.48,18.4,-19.6,0.58
2024-02-27 20:00:00,ZONE_M03,0.48,19.8,-19.6,0.58
2024-02-27 20:00:00,ZONE_B01,0.48,19.0,-19.6,0.58
2024-02-27 20:00:00,ZONE_B02,0.48,19.6,-19.6,0.58
2024-02-27 21:00:00,ZONE_M01,0.46,19.9,-22.8,0.63
2024-02-27 21:00:00,ZONE_M02,0.46,19.1,-22.8,0.63
2024-02-27 21:00:00,ZONE_M03,0.46,20.1,-22.8,0.63
2024-02-27 21:00:00,ZONE_B01,0.46,19.4,-22.8,0.63
2024-02-27 21:00:00,ZONE_B02,0.46,19.8,-22.8,0.63
2024-02-27 22:00:00,ZONE_M01,0.72,19.0,-21.2,0.71
2024-02-27 22:00:00,ZONE_M02,0.72,19.7,-21.2,0.71
2024-02-27 22:00:00,ZONE_M03,0.72,20.6,-21.2,0.71
2024-02-27 22:00:00,ZONE_B01,0.72,19.6,-21.2,0.71
2024-02-27 22:00:00,ZONE_B02,0.72,20.0,-21.2,0.71
2024-02-27 23:00:00,ZONE_M01,0.14,19.0,-21.9,0.48
2024-02-27 23:00:00,ZONE_M02,0.14,19.1,-21.9,0.48
2024-02-27 23:00:00,ZONE_M03,0.14,18.6,-21.9,0.48
2024-02-27 23:00:00,ZONE_B01,0.14,19.1,-21.9,0.48
2024-02-27 23:00:00,ZONE_B02,0.14,18.9,-21.9,0.48
2024-02-28 00:00:00,ZONE_M01,0.23,18.9,-23.3,0.53
2024-02-28 00:00:00,ZONE_M02,0.23,18.5,-23.3,0.53
2024-02-28 00:00:00,ZONE_M03,0.23,18.9,-23.3,0.53
2024-02-28 00:00:00,ZONE_B01,0.23,18.4,-23.3,0.53
2024-02-28 00:00:00,ZONE_B02,0.23,18.2,-23.3,0.53
2024-02-28 01:00:00,ZONE_M01,0.15,17.4,-22.4,0.49
2024-02-28 01:00:00,ZONE_M02,0.15,18.2,-22.4,0.49
2024-02-28 01:00:00,ZONE_M03,0.15,18.5,-22.4,0.49
2024-02-28 01:00:00,ZONE_B01,0.15,18.7,-22.4,0.49
2024-02-28 01:00:00,ZONE_B02,0.15,18.7,-22.4,0.49
2024-02-28 02:00:00,ZONE_M01,0.18,18.4,-25.1,0.53
2024-02-28 02:00:00,ZONE_M02,0.18,18.6,-25.1,0.53
2024-02-28 02:00:00,ZONE_M03,0.18,18.4,-25.1,0.53
2024-02-28 02:00:00,ZONE_B01,0.18,19.0,-25.1,0.53
2024-02-28 02:00:00,ZONE_B02,0.18,18.0,-25.1,0.53
2024-02-28 03:00:00,ZONE_M01,0.2,18.0,-22.3,0.51
2024-02-28 03:00:00,ZONE_M02,0.2,18.9,-22.3,0.51
2024-02-28 03:00:00,ZONE_M03,0.2,18.2,-22.3,0.51
2024-02-28 03:00:00,ZONE_B01,0.2,17.6,-22.3,0.51
2024-02-28 03:00:00,ZONE_B02,0.2,18.9,-22.3,0.51
2024-02-28 04:00:00,ZONE_M01,0.0,17.6,-20.7,0.41
2024-02-28 04:00:00,ZONE_M02,0.0,17.5,-20.7,0.41
2024-02-28 04:00:00,ZONE_M03,0.0,17.4,-20.7,0.41
2024-02-28 04:00:00,ZONE_B01,0.0,18.1,-20.7,0.41
2024-02-28 04:00:00,ZONE_B02,0.0,17.9,-20.7,0.41
2024-02-28 05:00:00,ZONE_M01,0.28,18.2,-19.3,0.5
2024-02-28 05:00:00,ZONE_M02,0.28,18.8,-19.3,0.5
2024-02-28 05:00:00,ZONE_M03,0.28,19.3,-19.3,0.5
2024-02-28 05:00:00,ZONE_B01,0.28,19.4,-19.3,0.5
2024-02-28 05:00:00,ZONE_B02,0.28,18.2,-19.3,0.5
2024-02-28 06:00:00,ZONE_M01,0.75,21.3,-23.3,0.76
2024-02-28 06:00:00,ZONE_M02,0.75,19.9,-23.3,0.76
2024-02-28 06:00:00,ZONE_M03,0.75,19.2,-23.3,0.76
2024-02-28 06:00:00,ZONE_B01,0.75,19.5,-23.3,0.76
2024-02-28 06:00:00,ZONE_B02,0.75,20.9,-23.3,0.76
2024-02-28 07:00:00,ZONE_M01,0.66,20.1,-20.7,0.67
2024-02-28 07:00:00,ZONE_M02,0.66,19.7,-20.7,0.67
2024-02-28 07:00:00,ZONE_M03,0.66,20.1,-20.7,0.67
2024-02-28 07:00:00,ZONE_B01,0.66,20.2,-20.7,0.67
2024-02-28 07:00:00,ZONE_B02,0.66,20.5,-20.7,0.67
2024-02-28 08:00:00,ZONE_M01,0.69,19.7,-24.1,0.74
2024-02-28 08:00:00,ZONE_M02,0.69,20.6,-24.1,0.74
2024-02-28 08:00:00,ZONE_M03,0.69,20.0,-24.1,0.74
2024-02-28 08:00:00,ZONE_B01,0.69,19.0,-24.1,0.74
2024-02-28 08:00:00,ZONE_B02,0.69,20.8,-24.1,0.74
2024-02-28 09:00:00,ZONE_M01,0.68,20.6,-23.6,0.73
2024-02-28 09:00:00,ZONE_M02,0.68,20.4,-23.6,0.73
2024-02-28 09:00:00,ZONE_M03,0.68,21.4,-23.6,0.73
2024-02-28 09:00:00,ZONE_B01,0.68,19.6,-23.6,0.73
2024-02-28 09:00:00,ZONE_B02,0.68,20.8,-23.6,0.73
2024-02-28 10:00:00,ZONE_M01,0.82,21.4,-23.9,0.8
2024-02-28 10:00:00,ZONE_M02,0.82,20.5,-23.9,0.8
2024-02-28 10:00:00,ZONE_M03,0.82,20.6,-23.9,0.8
2024-02-28 10:00:00,ZONE_B01,0.82,19.9,-23.9,0.8
2024-02-28 10:00:00,ZONE_B02,0.82,20.8,-23.9,0.8
2024-02-28 11:00:00,ZONE_M01,0.63,19.2,-23.0,0.7
2024-02-28 11:00:00,ZONE_M02,0.63,20.1,-23.0,0.7
2024-02-28 11:00:00,ZONE_M03,0.63,20.1,-23.0,0.7
2024-02-28 11:00:00,ZONE_B01,0.63,20.0,-23.0,0.7
2024-02-28 11:00:00,ZONE_B02,0.63,18.2,-23.0,0.7
2024-02-28 12:00:00,ZONE_M01,0.86,20.8,-21.8,0.78
2024-02-28 12:00:00,ZONE_M02,0.86,20.6,-21.8,0.78
2024-02-28 12:00:00,ZONE_M03,0.86,19.8,-21.8,0.78
2024-02-28 12:00:00,ZONE_B01,0.86,20.3,-21.8,0.78
2024-02-28 12:00:00,ZONE_B02,0.86,20.4,-21.8,0.78
2024-02-28 13:00:00,ZONE_M01,0.6,20.6,-25.0,0.72
2024-02-28 13:00:00,ZONE_M02,0.6,20.2,-25.0,0.72
2024-02-28 13:00:00,ZONE_M03,0.6,20.5,-25.0,0.72
2024-02-28 13:00:00,ZONE_B01,0.6,20.3,-25.0,0.72
2024-02-28 13:00:00,ZONE_B02,0.6,19.9,-25.0,0.72
2024-02-28 14:00:00,ZONE_M01,0.84,20.9,-25.2,0.83
2024-02-28 14:00:00,ZONE_M02,0.84,19.9,-25.2,0.83
2024-02-28 14:00:00,ZONE_M03,0.84,20.3,-25.2,0.83
2024-02-28 14:00:00,ZONE_B01,0.84,20.0,-25.2,0.83
2024-02-28 14:00:00,ZONE_B02,0.84,21.5,-25.2,0.83
2024-02-28 15:00:00,ZONE_M01,0.57,18.7,-21.0,0.64
2024-02-28 15:00:00,ZONE_M02,0.57,19.6,-21.0,0.64
2024-02-28 15:00:00,ZONE_M03,0.57,19.7,-21.0,0.64
2024-02-28 15:00:00,ZONE_B01,0.57,20.0,-21.0,0.64
2024-02-28 15:00:00,ZONE_B02,0.57,19.3,-21.0,0.64
2024-02-28 16:00:00,ZONE_M01,0.87,20.4,-22.7,0.8
2024-02-28 16:00:00,ZONE_M02,0.87,20.5,-22.7,0.8
2024-02-28 16:00:00,ZONE_M03,0.87,21.6,-22.7,0.8
2024-02-28 16:00:00,ZONE_B01,0.87,20.9,-22.7,0.8
2024-02-28 16:00:00,ZONE_B02,0.87,21.1,-22.7,0.8
2024-02-28 17:00:00,ZONE_M01,0.74,20.7,-23.5,0.76
2024-02-28 17:00:00,ZONE_M02,0.74,21.0,-23.5,0.76
2024-02-28 17:00:00,ZONE_M03,0.74,20.3,-23.5,0.76
2024-02-28 17:00:00,ZONE_B01,0.74,20.8,-23.5,0.76
2024-02-28 17:00:00,ZONE_B02,0.74,20.8,-23.5,0.76
2024-02-28 18:00:00,ZONE_M01,0.52,19.9,-23.2,0.66
2024-02-28 18:00:00,ZONE_M02,0.52,18.7,-23.2,0.66
2024-02-28 18:00:00,ZONE_M03,0.52,19.6,-23.2,0.66
2024-02-28 18:00:00,ZONE_B01,0.52,19.6,-23.2,0.66
2024-02-28 18:00:00,ZONE_B02,0.52,19.7,-23.2,0.66
2024-02-28 19:00:00,ZONE_M01,0.7,20.6,-18.4,0.65
2024-02-28 19:00:00,ZONE_M02,0.7,20.2,-18.4,0.65
2024-02-28 19:00:00,ZONE_M03,0.7,20.0,-18.4,0.65
2024-02-28 19:00:00,ZONE_B01,0.7,20.6,-18.4,0.65
2024-02-28 19:00:00,ZONE_B02,0.7,20.6,-18.4,0.65
2024-02-28 20:00:00,ZONE_M01,0.66,19.8,-23.8,0.73
2024-02-28 20:00:00,ZONE_M02,0.66,19.8,-23.8,0.73
2024-02-28 20:00:00,ZONE_M03,0.66,20.6,-23.8,0.73
2024-02-28 20:00:00,ZONE_B01,0.66,20.2,-23.8,0.73
2024-02-28 20:00:00,ZONE_B02,0.66,20.4,-23.8,0.73
2024-02-28 21:00:00,ZONE_M01,0.96,21.1,-23.0,0.84
2024-02-28 21:00:00,ZONE_M02,0.96,21.0,-23.0,0.84
2024-02-28 21:00:00,ZONE_M03,0.96,21.5,-23.0,0.84
2024-02-28 21:00:00,ZONE_B01,0.96,21.1,-23.0,0.84
2024-02-28 21:00:00,ZONE_B02,0.96,20.6,-23.0,0.84
2024-02-28 22:00:00,ZONE_M01,1.0,20.8,-24.6,0.89
2024-02-28 22:00:00,ZONE_M02,1.0,21.3,-24.6,0.89
2024-02-28 22:00:00,ZONE_M03,1.0,21.3,-24.6,0.89
2024-02-28 22:00:00,ZONE_B01,1.0,21.1,-24.6,0.89
2024-02-28 22:00:00,ZONE_B02,1.0,20.9,-24.6,0.89
2024-02-28 23:00:00,ZONE_M01,0.23,19.1,-21.2,0.5
2024-02-28 23:00:00,ZONE_M02,0.23,18.2,-21.2,0.5
2024-02-28 23:00:00,ZONE_M03,0.23,19.2,-21.2,0.5
2024-02-28 23:00:00,ZONE_B01,0.23,18.6,-21.2,0.5
2024-02-28 23:00:00,ZONE_B02,0.23,18.8,-21.2,0.5
2024-02-29 00:00:00,ZONE_M01,0.1,17.8,-23.1,0.48
2024-02-29 00:00:00,ZONE_M02,0.1,18.0,-23.1,0.48
2024-02-29 00:00:00,ZONE_M03,0.1,19.0,-23.1,0.48
2024-02-29 00:00:00,ZONE_B01,0.1,18.5,-23.1,0.48
2024-02-29 00:00:00,ZONE_B02,0.1,18.7,-23.1,0.48
2024-02-29 01:00:00,ZONE_M01,0.13,18.2,-20.0,0.45
2024-02-29 01:00:00,ZONE_M02,0.13,18.7,-20.0,0.45
2024-02-29 01:00:00,ZONE_M03,0.13,17.7,-20.0,0.45
2024-02-29 01:00:00,ZONE_B01,0.13,18.3,-20.0,0.45
2024-02-29 01:00:00,ZONE_B02,0.13,18.6,-20.0,0.45
2024-02-29 02:00:00,ZONE_M01,0.2,18.6,-24.3,0.53
2024-02-29 02:00:00,ZONE_M02,0.2,18.1,-24.3,0.53
2024-02-29 02:00:00,ZONE_M03,0.2,18.8,-24.3,0.53
2024-02-29 02:00:00,ZONE_B01,0.2,18.4,-24.3,0.53
2024-02-29 02:00:00,ZONE_B02,0.2,19.2,-24.3,0.53
2024-02-29 03:00:00,ZONE_M01,0.19,18.2,-21.2,0.49
2024-02-29 03:00:00,ZONE_M02,0.19,18.4,-21.2,0.49
2024-02-29 03:00:00,ZONE_M03,0.19,18.2,-21.2,0.49
2024-02-29 03:00:00,ZONE_B01,0.19,19.0,-21.2,0.49
2024-02-29 03:00:00,ZONE_B02,0.19,18.3,-21.2,0.49
2024-02-29 04:00:00,ZONE_M01,0.14,18.1,-27.4,0.54
2024-02-29 04:00:00,ZONE_M02,0.14,18.3,-27.4,0.54
2024-02-29 04:00:00,ZONE_M03,0.14,18.4,-27.4,0.54
2024-02-29 04:00:00,ZONE_B01,0.14,19.0,-27.4,0.54
2024-02-29 04:00:00,ZONE_B02,0.14,18.6,-27.4,0.54
2024-02-29 05:00:00,ZONE_M01,0.14,18.5,-23.8,0.5
2024-02-29 05:00:00,ZONE_M02,0.14,18.4,-23.8,0.5
2024-02-29 05:00:00,ZONE_M03,0.14,18.0,-23.8,0.5
2024-02-29 05:00:00,ZONE_B01,0.14,18.5,-23.8,0.5
2024-02-29 05:00:00,ZONE_B02,0.14,18.2,-23.8,0.5
2024-02-29 06:00:00,ZONE_M01,0.8,20.3,-23.3,0.78
2024-02-29 06:00:00,ZONE_M02,0.8,21.0,-23.3,0.78
2024-02-29 06:00:00,ZONE_M03,0.8,20.7,-23.3,0.78
2024-02-29 06:00:00,ZONE_B01,0.8,20.7,-23.3,0.78
2024-02-29 06:00:00,ZONE_B02,0.8,20.1,-23.3,0.78
2024-02-29 07:00:00,ZONE_M01,0.43,19.5,-25.4,0.65
2024-02-29 07:00:00,ZONE_M02,0.43,20.1,-25.4,0.65
2024-02-29 07:00:00,ZONE_M03,0.43,18.9,-25.4,0.65
2024-02-29 07:00:00,ZONE_B01,0.43,20.4,-25.4,0.65
2024-02-29 07:00:00,ZONE_B02,0.43,19.4,-25.4,0.65
2024-02-29 08:00:00,ZONE_M01,0.77,20.9,-25.8,0.81
2024-02-29 08:00:00,ZONE_M02,0.77,20.5,-25.8,0.81
2024-02-29 08:00:00,ZONE_M03,0.77,20.7,-25.8,0.81
2024-02-29 08:00:00,ZONE_B01,0.77,19.0,-25.8,0.81
2024-02-29 08:00:00,ZONE_B02,0.77,20.7,-25.8,0.81
2024-02-29 09:00:00,ZONE_M01,0.79,20.1,-24.6,0.8
2024-02-29 09:00:00,ZONE_M02,0.79,20.3,-24.6,0.8
2024-02-29 09:00:00,ZONE_M03,0.79,20.7,-24.6,0.8
2024-02-29 09:00:00,ZONE_B01,0.79,20.9,-24.6,0.8
2024-02-29 09:00:00,ZONE_B02,0.79,20.0,-24.6,0.8
2024-02-29 10:00:00,ZONE_M01,0.85,20.7,-22.3,0.78
2024-02-29 10:00:00,ZONE_M02,0.85,21.2,-22.3,0.78
2024-02-29 10:00:00,ZONE_M03,0.85,21.0,-22.3,0.78
2024-02-29 10:00:00,ZONE_B01,0.85,20.5,-22.3,0.78
2024-02-29 10:00:00,ZONE_B02,0.85,20.1,-22.3,0.78
2024-02-29 11:00:00,ZONE_M01,0.55,19.6,-25.4,0.7
2024-02-29 11:00:00,ZONE_M02,0.55,19.8,-25.4,0.7
2024-02-29 11:00:00,ZONE_M03,0.55,19.5,-25.4,0.7
2024-02-29 11:00:00,ZONE_B01,0.55,19.0,-25.4,0.7
2024-02-29 11:00:00,ZONE_B02,0.55,19.6,-25.4,0.7
2024-02-29 12:00:00,ZONE_M01,0.24,18.8,-20.7,0.5
2024-02-29 12:00:00,ZONE_M02,0.24,19.0,-20.7,0.5
2024-02-29 12:00:00,ZONE_M03,0.24,18.4,-20.7,0.5
2024-02-29 12:00:00,ZONE_B01,0.24,18.3,-20.7,0.5
2024-02-29 12:00:00,ZONE_B02,0.24,17.5,-20.7,0.5
2024-02-29 13:00:00,ZONE_M01,0.64,18.6,-22.6,0.7
2024-02-29 13:00:00,ZONE_M02,0.64,19.2,-22.6,0.7
2024-02-29 13:00:00,ZONE_M03,0.64,19.4,-22.6,0.7
2024-02-29 13:00:00,ZONE_B01,0.64,19.8,-22.6,0.7
2024-02-29 13:00:00,ZONE_B02,0.64,20.7,-22.6,0.7
2024-02-29 14:00:00,ZONE_M01,0.75,20.2,-20.7,0.71
2024-02-29 14:00:00,ZONE_M02,0.75,20.7,-20.7,0.71
2024-02-29 14:00:00,ZONE_M03,0.75,19.9,-20.7,0.71
2024-02-29 14:00:00,ZONE_B01,0.75,20.3,-20.7,0.71
2024-02-29 14:00:00,ZONE_B02,0.75,21.1,-20.7,0.71
2024-02-29 15:00:00,ZONE_M01,0.71,19.7,-25.6,0.78
2024-02-29 15:00:00,ZONE_M02,0.71,19.3,-25.6,0.78
2024-02-29 15:00:00,ZONE_M03,0.71,20.8,-25.6,0.78
2024-02-29 15:00:00,ZONE_B01,0.71,20.2,-25.6,0.78
2024-02-29 15:00:00,ZONE_B02,0.71,20.5,-25.6,0.78
2024-02-29 16:00:00,ZONE_M01,0.54,19.7,-21.8,0.64
2024-02-29 16:00:00,ZONE_M02,0.54,20.4,-21.8,0.64
2024-02-29 16:00:00,ZONE_M03,0.54,20.5,-21.8,0.64
2024-02-29 16:00:00,ZONE_B01,0.54,19.7,-21.8,0.64
2024-02-29 16:00:00,ZONE_B02,0.54,19.4,-21.8,0.64
2024-02-29 17:00:00,ZONE_M01,0.63,19.7,-25.8,0.75
2024-02-29 17:00:00,ZONE_M02,0.63,19.1,-25.8,0.75
2024-02-29 17:00:00,ZONE_M03,0.63,20.3,-25.8,0.75
2024-02-29 17:00:00,ZONE_B01,0.63,19.5,-25.8,0.75
2024-02-29 17:00:00,ZONE_B02,0.63,20.2,-25.8,0.75
2024-02-29 18:00:00,ZONE_M01,0.75,21.0,-24.9,0.79
2024-02-29 18:00:00,ZONE_M02,0.75,20.1,-24.9,0.79
2024-02-29 18:00:00,ZONE_M03,0.75,20.4,-24.9,0.79
2024-02-29 18:00:00,ZONE_B01,0.75,20.5,-24.9,0.79
2024-02-29 18:00:00,ZONE_B02,0.75,20.5,-24.9,0.79
2024-02-29 19:00:00,ZONE_M01,0.8,20.4,-21.1,0.74
2024-02-29 19:00:00,ZONE_M02,0.8,20.4,-21.1,0.74
2024-02-29 19:00:00,ZONE_M03,0.8,20.4,-21.1,0.74
2024-02-29 19:00:00,ZONE_B01,0.8,21.7,-21.1,0.74
2024-02-29 19:00:00,ZONE_B02,0.8,20.2,-21.1,0.74
2024-02-29 20:00:00,ZONE_M01,0.64,19.5,-21.0,0.67
2024-02-29 20:00:00,ZONE_M02,0.64,19.5,-21.0,0.67
2024-02-29 20:00:00,ZONE_M03,0.64,19.9,-21.0,0.67
2024-02-29 20:00:00,ZONE_B01,0.64,19.1,-21.0,0.67
2024-02-29 20:00:00,ZONE_B02,0.64,19.2,-21.0,0.67
2024-02-29 21:00:00,ZONE_M01,0.64,20.7,-25.0,0.74
2024-02-29 21:00:00,ZONE_M02,0.64,19.7,-25.0,0.74
2024-02-29 21:00:00,ZONE_M03,0.64,19.8,-25.0,0.74
2024-02-29 21:00:00,ZONE_B01,0.64,19.4,-25.0,0.74
2024-02-29 21:00:00,ZONE_B02,0.64,19.1,-25.0,0.74
2024-02-29 22:00:00,ZONE_M01,0.41,18.9,-24.5,0.63
2024-02-29 22:00:00,ZONE_M02,0.41,19.2,-24.5,0.63
2024-02-29 22:00:00,ZONE_M03,0.41,19.6,-24.5,0.63
2024-02-29 22:00:00,ZONE_B01,0.41,19.5,-24.5,0.63
2024-02-29 22:00:00,ZONE_B02,0.41,19.0,-24.5,0.63
2024-02-29 23:00:00,ZONE_M01,0.16,18.9,-22.4,0.49
2024-02-29 23:00:00,ZONE_M02,0.16,18.4,-22.4,0.49
2024-02-29 23:00:00,ZONE_M03,0.16,18.4,-22.4,0.49
2024-02-29 23:00:00,ZONE_B01,0.16,17.6,-22.4,0.49
2024-02-29 23:00:00,ZONE_B02,0.16,18.6,-22.4,0.49
2024-03-01 00:00:00,ZONE_M01,0.11,18.5,-21.5,0.46
2024-03-01 00:00:00,ZONE_M02,0.11,17.9,-21.5,0.46
2024-03-01 00:00:00,ZONE_M03,0.11,18.2,-21.5,0.46
2024-03-01 00:00:00,ZONE_B01,0.11,19.6,-21.5,0.46
2024-03-01 00:00:00,ZONE_B02,0.11,17.3,-21.5,0.46
2024-03-01 01:00:00,ZONE_M01,0.13,19.2,-24.9,0.51
2024-03-01 01:00:00,ZONE_M02,0.13,18.5,-24.9,0.51
2024-03-01 01:00:00,ZONE_M03,0.13,19.4,-24.9,0.51
2024-03-01 01:00:00,ZONE_B01,0.13,17.9,-24.9,0.51
2024-03-01 01:00:00,ZONE_B02,0.13,17.7,-24.9,0.51
2024-03-01 02:00:00,ZONE_M01,0.23,18.6,-23.2,0.53
2024-03-01 02:00:00,ZONE_M02,0.23,18.7,-23.2,0.53
2024-03-01 02:00:00,ZONE_M03,0.23,18.1,-23.2,0.53
2024-03-01 02:00:00,ZONE_B01,0.23,18.6,-23.2,0.53
2024-03-01 02:00:00,ZONE_B02,0.23,19.1,-23.2,0.53
2024-03-01 03:00:00,ZONE_M01,0.06,18.1,-22.1,0.45
2024-03-01 03:00:00,ZONE_M02,0.06,17.5,-22.1,0.45
2024-03-01 03:00:00,ZONE_M03,0.06,17.5,-22.1,0.45
2024-03-01 03:00:00,ZONE_B01,0.06,18.6,-22.1,0.45
2024-03-01 03:00:00,ZONE_B02,0.06,18.2,-22.1,0.45
2024-03-01 04:00:00,ZONE_M01,0.19,17.6,-23.0,0.51
2024-03-01 04:00:00,ZONE_M02,0.19,18.6,-23.0,0.51
2024-03-01 04:00:00,ZONE_M03,0.19,18.2,-23.0,0.51
2024-03-01 04:00:00,ZONE_B01,0.19,18.6,-23.0,0.51
2024-03-01 04:00:00,ZONE_B02,0.19,18.4,-23.0,0.51
2024-03-01 05:00:00,ZONE_M01,0.22,18.8,-22.6,0.52
2024-03-01 05:00:00,ZONE_M02,0.22,17.9,-22.6,0.52
2024-03-01 05:00:00,ZONE_M03,0.22,19.0,-22.6,0.52
2024-03-01 05:00:00,ZONE_B01,0.22,19.1,-22.6,0.52
2024-03-01 05:00:00,ZONE_B02,0.22,19.0,-22.6,0.52
2024-03-01 06:00:00,ZONE_M01,1.0,20.6,-23.0,0.86
2024-03-01 06:00:00,ZONE_M02,1.0,20.5,-23.0,0.86
2024-03-01 06:00:00,ZONE_M03,1.0,21.0,-23.0,0.86
2024-03-01 06:00:00,ZONE_B01,1.0,20.9,-23.0,0.86
2024-03-01 06:00:00,ZONE_B02,1.0,20.5,-23.0,0.86
2024-03-01 07:00:00,ZONE_M01,0.61,20.0,-22.6,0.69
2024-03-01 07:00:00,ZONE_M02,0.61,19.9,-22.6,0.69
2024-03-01 07:00:00,ZONE_M03,0.61,19.3,-22.6,0.69
2024-03-01 07:00:00,ZONE_B01,0.61,19.3,-22.6,0.69
2024-03-01 07:00:00,ZONE_B02,0.61,18.9,-22.6,0.69
2024-03-01 08:00:00,ZONE_M01,0.83,20.4,-22.9,0.78
2024-03-01 08:00:00,ZONE_M02,0.83,19.8,-22.9,0.78
2024-03-01 08:00:00,ZONE_M03,0.83,21.3,-22.9,0.78
2024-03-01 08:00:00,ZONE_B01,0.83,21.0,-22.9,0.78
2024-03-01 08:00:00,ZONE_B02,0.83,20.9,-22.9,0.78
2024-03-01 09:00:00,ZONE_M01,0.72,19.9,-21.2,0.71
2024-03-01 09:00:00,ZONE_M02,0.72,20.2,-21.2,0.71
2024-03-01 09:00:00,ZONE_M03,0.72,19.8,-21.2,0.71
2024-03-01 09:00:00,ZONE_B01,0.72,20.1,-21.2,0.71
2024-03-01 09:00:00,ZONE_B02,0.72,20.0,-21.2,0.71
2024-03-01 10:00:00,ZONE_M01,0.38,19.0,-20.8,0.56
2024-03-01 10:00:00,ZONE_M02,0.38,18.6,-20.8,0.56
2024-03-01 10:00:00,ZONE_M03,0.38,19.2,-20.8,0.56
2024-03-01 10:00:00,ZONE_B01,0.38,18.4,-20.8,0.56
2024-03-01 10:00:00,ZONE_B02,0.38,19.0,-20.8,0.56
2024-03-01 11:00:00,ZONE_M01,0.59,18.9,-24.4,0.71
2024-03-01 11:00:00,ZONE_M02,0.59,20.4,-24.4,0.71
2024-03-01 11:00:00,ZONE_M03,0.59,19.8,-24.4,0.71
2024-03-01 11:00:00,ZONE_B01,0.59,20.5,-24.4,0.71
2024-03-01 11:00:00,ZONE_B02,0.59,20.1,-24.4,0.71
2024-03-01 12:00:00,ZONE_M01,0.64,20.8,-26.4,0.76
2024-03-01 12:00:00,ZONE_M02,0.64,19.6,-26.4,0.76
2024-03-01 12:00:00,ZONE_M03,0.64,19.8,-26.4,0.76
2024-03-01 12:00:00,ZONE_B01,0.64,20.5,-26.4,0.76
2024-03-01 12:00:00,ZONE_B02,0.64,19.3,-26.4,0.76
2024-03-01 13:00:00,ZONE_M01,0.63,18.0,-22.4,0.69
2024-03-01 13:00:00,ZONE_M02,0.63,19.7,-22.4,0.69
2024-03-01 13:00:00,ZONE_M03,0.63,18.2,-22.4,0.69
2024-03-01 13:00:00,ZONE_B01,0.63,19.9,-22.4,0.69
2024-03-01 13:00:00,ZONE_B02,0.63,19.6,-22.4,0.69
2024-03-01 14:00:00,ZONE_M01,0.69,20.3,-24.1,0.74
2024-03-01 14:00:00,ZONE_M02,0.69,19.4,-24.1,0.74
2024-03-01 14:00:00,ZONE_M03,0.69,19.4,-24.1,0.74
2024-03-01 14:00:00,ZONE_B01,0.69,20.2,-24.1,0.74
2024-03-01 14:00:00,ZONE_B02,0.69,20.2,-24.1,0.74
2024-03-01 15:00:00,ZONE_M01,0.62,20.1,-24.6,0.72
2024-03-01 15:00:00,ZONE_M02,0.62,19.3,-24.6,0.72
2024-03-01 15:00:00,ZONE_M03,0.62,19.3,-24.6,0.72
2024-03-01 15:00:00,ZONE_B01,0.62,18.9,-24.6,0.72
2024-03-01 15:00:00,ZONE_B02,0.62,20.0,-24.6,0.72
2024-03-01 16:00:00,ZONE_M01,0.36,18.8,-23.2,0.59
2024-03-01 16:00:00,ZONE_M02,0.36,18.2,-23.2,0.59
2024-03-01 16:00:00,ZONE_M03,0.36,18.2,-23.2,0.59
2024-03-01 16:00:00,ZONE_B01,0.36,19.1,-23.2,0.59
2024-03-01 16:00:00,ZONE_B02,0.36,18.6,-23.2,0.59
2024-03-01 17:00:00,ZONE_M01,0.45,19.3,-27.4,0.69
2024-03-01 17:00:00,ZONE_M02,0.45,19.5,-27.4,0.69
2024-03-01 17:00:00,ZONE_M03,0.45,18.8,-27.4,0.69
2024-03-01 17:00:00,ZONE_B01,0.45,19.8,-27.4,0.69
2024-03-01 17:00:00,ZONE_B02,0.45,18.9,-27.4,0.69
2024-03-01 18:00:00,ZONE_M01,0.57,20.1,-24.2,0.69
2024-03-01 18:00:00,ZONE_M02,0.57,19.4,-24.2,0.69
2024-03-01 18:00:00,ZONE_M03,0.57,19.7,-24.2,0.69
2024-03-01 18:00:00,ZONE_B01,0.57,20.1,-24.2,0.69
2024-03-01 18:00:00,ZONE_B02,0.57,20.4,-24.2,0.69
2024-03-01 19:00:00,ZONE_M01,0.66,19.5,-21.4,0.69
2024-03-01 19:00:00,ZONE_M02,0.66,19.5,-21.4,0.69
2024-03-01 19:00:00,ZONE_M03,0.66,20.0,-21.4,0.69
2024-03-01 19:00:00,ZONE_B01,0.66,20.0,-21.4,0.69
2024-03-01 19:00:00,ZONE_B02,0.66,19.7,-21.4,0.69
2024-03-01 20:00:00,ZONE_M01,0.52,18.6,-24.6,0.68
2024-03-01 20:00:00,ZONE_M02,0.52,20.2,-24.6,0.68
2024-03-01 20:00:00,ZONE_M03,0.52,19.6,-24.6,0.68
2024-03-01 20:00:00,ZONE_B01,0.52,19.6,-24.6,0.68
2024-03-01 20:00:00,ZONE_B02,0.52,19.7,-24.6,0.68
2024-03-01 21:00:00,ZONE_M01,0.65,20.5,-24.0,0.72
2024-03-01 21:00:00,ZONE_M02,0.65,20.1,-24.0,0.72
2024-03-01 21:00:00,ZONE_M03,0.65,19.3,-24.0,0.72
2024-03-01 21:00:00,ZONE_B01,0.65,19.6,-24.0,0.72
2024-03-01 21:00:00,ZONE_B02,0.65,20.2,-24.0,0.72
2024-03-01 22:00:00,ZONE_M01,0.47,19.4,-23.4,0.64
2024-03-01 22:00:00,ZONE_M02,0.47,18.7,-23.4,0.64
2024-03-01 22:00:00,ZONE_M03,0.47,18.4,-23.4,0.64
2024-03-01 22:00:00,ZONE_B01,0.47,19.8,-23.4,0.64
2024-03-01 22:00:00,ZONE_B02,0.47,19.1,-23.4,0.64
2024-03-01 23:00:00,ZONE_M01,0.22,17.9,-25.5,0.55
2024-03-01 23:00:00,ZONE_M02,0.22,18.2,-25.5,0.55
2024-03-01 23:00:00,ZONE_M03,0.22,18.5,-25.5,0.55
2024-03-01 23:00:00,ZONE_B01,0.22,18.4,-25.5,0.55
2024-03-01 23:00:00,ZONE_B02,0.22,18.8,-25.5,0.55
2024-03-02 00:00:00,ZONE_M01,0.03,17.5,-22.6,0.44
2024-03-02 00:00:00,ZONE_M02,0.03,19.3,-22.6,0.44
2024-03-02 00:00:00,ZONE_M03,0.03,18.0,-22.6,0.44
2024-03-02 00:00:00,ZONE_B01,0.03,17.2,-22.6,0.44
2024-03-02 00:00:00,ZONE_B02,0.03,18.8,-22.6,0.44
2024-03-02 01:00:00,ZONE_M01,0.34,19.1,-24.9,0.6
2024-03-02 01:00:00,ZONE_M02,0.34,19.2,-24.9,0.6
2024-03-02 01:00:00,ZONE_M03,0.34,18.8,-24.9,0.6
2024-03-02 01:00:00,ZONE_B01,0.34,18.6,-24.9,0.6
2024-03-02 01:00:00,ZONE_B02,0.34,18.4,-24.9,0.6
2024-03-02 02:00:00,ZONE_M01,0.21,18.4,-20.1,0.49
2024-03-02 02:00:00,ZONE_M02,0.21,18.4,-20.1,0.49
2024-03-02 02:00:00,ZONE_M03,0.21,19.2,-20.1,0.49
2024-03-02 02:00:00,ZONE_B01,0.21,18.8,-20.1,0.49
2024-03-02 02:00:00,ZONE_B02,0.21,18.2,-20.1,0.49
2024-03-02 03:00:00,ZONE_M01,0.23,19.2,-20.0,0.49
2024-03-02 03:00:00,ZONE_M02,0.23,18.9,-20.0,0.49
2024-03-02 03:00:00,ZONE_M03,0.23,18.7,-20.0,0.49
2024-03-02 03:00:00,ZONE_B01,0.23,19.1,-20.0,0.49
2024-03-02 03:00:00,ZONE_B02,0.23,19.0,-20.0,0.49
2024-03-02 04:00:00,ZONE_M01,0.11,18.3,-26.8,0.52
2024-03-02 04:00:00,ZONE_M02,0.11,18.6,-26.8,0.52
2024-03-02 04:00:00,ZONE_M03,0.11,17.9,-26.8,0.52
2024-03-02 04:00:00,ZONE_B01,0.11,18.5,-26.8,0.52
2024-03-02 04:00:00,ZONE_B02,0.11,19.3,-26.8,0.52
2024-03-02 05:00:00,ZONE_M01,0.25,18.6,-23.4,0.54
2024-03-02 05:00:00,ZONE_M02,0.25,19.0,-23.4,0.54
2024-03-02 05:00:00,ZONE_M03,0.25,18.6,-23.4,0.54
2024-03-02 05:00:00,ZONE_B01,0.25,18.5,-23.4,0.54
2024-03-02 05:00:00,ZONE_B02,0.25,18.4,-23.4,0.54
2024-03-02 06:00:00,ZONE_M01,0.8,19.7,-28.2,0.87
2024-03-02 06:00:00,ZONE_M02,0.8,20.1,-28.2,0.87
2024-03-02 06:00:00,ZONE_M03,0.8,19.8,-28.2,0.87
2024-03-02 06:00:00,ZONE_B01,0.8,20.5,-28.2,0.87
2024-03-02 06:00:00,ZONE_B02,0.8,19.9,-28.2,0.87
2024-03-02 07:00:00,ZONE_M01,0.51,18.3,-23.5,0.66
2024-03-02 07:00:00,ZONE_M02,0.51,20.2,-23.5,0.66
2024-03-02 07:00:00,ZONE_M03,0.51,19.2,-23.5,0.66
2024-03-02 07:00:00,ZONE_B01,0.51,20.0,-23.5,0.66
2024-03-02 07:00:00,ZONE_B02,0.51,19.9,-23.5,0.66
2024-03-02 08:00:00,ZONE_M01,0.4,19.8,-24.2,0.62
2024-03-02 08:00:00,ZONE_M02,0.4,18.1,-24.2,0.62
2024-03-02 08:00:00,ZONE_M03,0.4,18.5,-24.2,0.62
2024-03-02 08:00:00,ZONE_B01,0.4,18.6,-24.2,0.62
2024-03-02 08:00:00,ZONE_B02,0.4,19.0,-24.2,0.62
2024-03-02 09:00:00,ZONE_M01,0.59,19.9,-20.1,0.64
2024-03-02 09:00:00,ZONE_M02,0.59,19.6,-20.1,0.64
2024-03-02 09:00:00,ZONE_M03,0.59,19.6,-20.1,0.64
2024-03-02 09:00:00,ZONE_B01,0.59,20.0,-20.1,0.64
2024-03-02 09:00:00,ZONE_B02,0.59,19.8,-20.1,0.64
2024-03-02 10:00:00,ZONE_M01,0.53,19.9,-23.8,0.67
2024-03-02 10:00:00,ZONE_M02,0.53,20.0,-23.8,0.67
2024-03-02 10:00:00,ZONE_M03,0.53,19.5,-23.8,0.67
2024-03-02 10:00:00,ZONE_B01,0.53,19.5,-23.8,0.67
2024-03-02 10:00:00,ZONE_B02,0.53,19.1,-23.8,0.67
2024-03-02 11:00:00,ZONE_M01,0.5,19.5,-24.8,0.67
2024-03-02 11:00:00,ZONE_M02,0.5,18.6,-24.8,0.67
2024-03-02 11:00:00,ZONE_M03,0.5,18.8,-24.8,0.67
2024-03-02 11:00:00,ZONE_B01,0.5,20.4,-24.8,0.67
2024-03-02 11:00:00,ZONE_B02,0.5,20.1,-24.8,0.67
2024-03-02 12:00:00,ZONE_M01,0.44,19.7,-20.4,0.58
2024-03-02 12:00:00,ZONE_M02,0.44,19.9,-20.4,0.58
2024-03-02 12:00:00,ZONE_M03,0.44,19.4,-20.4,0.58
2024-03-02 12:00:00,ZONE_B01,0.44,19.0,-20.4,0.58
2024-03-02 12:00:00,ZONE_B02,0.44,18.8,-20.4,0.58
2024-03-02 13:00:00,ZONE_M01,0.69,19.4,-22.9,0.72
2024-03-02 13:00:00,ZONE_M02,0.69,20.3,-22.9,0.72
2024-03-02 13:00:00,ZONE_M03,0.69,19.4,-22.9,0.72
2024-03-02 13:00:00,ZONE_B01,0.69,20.5,-22.9,0.72
2024-03-02 13:00:00,ZONE_B02,0.69,19.2,-22.9,0.72
2024-03-02 14:00:00,ZONE_M01,0.47,19.0,-26.2,0.68
2024-03-02 14:00:00,ZONE_M02,0.47,19.7,-26.2,0.68
2024-03-02 14:00:00,ZONE_M03,0.47,19.1,-26.2,0.68
2024-03-02 14:00:00,ZONE_B01,0.47,18.4,-26.2,0.68
2024-03-02 14:00:00,ZONE_B02,0.47,20.0,-26.2,0.68
2024-03-02 15:00:00,ZONE_M01,0.54,19.9,-22.3,0.65
2024-03-02 15:00:00,ZONE_M02,0.54,20.3,-22.3,0.65
2024-03-02 15:00:00,ZONE_M03,0.54,19.1,-22.3,0.65
2024-03-02 15:00:00,ZONE_B01,0.54,19.8,-22.3,0.65
2024-03-02 15:00:00,ZONE_B02,0.54,19.8,-22.3,0.65
2024-03-02 16:00:00,ZONE_M01,0.61,20.4,-27.1,0.76
2024-03-02 16:00:00,ZONE_M02,0.61,20.6,-27.1,0.76
2024-03-02 16:00:00,ZONE_M03,0.61,20.3,-27.1,0.76
2024-03-02 16:00:00,ZONE_B01,0.61,20.5,-27.1,0.76
2024-03-02 16:00:00,ZONE_B02,0.61,19.5,-27.1,0.76
2024-03-02 17:00:00,ZONE_M01,0.57,19.5,-21.8,0.66
2024-03-02 17:00:00,ZONE_M02,0.57,19.6,-21.8,0.66
2024-03-02 17:00:00,ZONE_M03,0.57,19.4,-21.8,0.66
2024-03-02 17:00:00,ZONE_B01,0.57,20.1,-21.8,0.66
2024-03-02 17:00:00,ZONE_B02,0.57,19.0,-21.8,0.66
2024-03-02 18:00:00,ZONE_M01,0.78,19.9,-23.1,0.77
2024-03-02 18:00:00,ZONE_M02,0.78,20.4,-23.1,0.77
2024-03-02 18:00:00,ZONE_M03,0.78,20.4,-23.1,0.77
2024-03-02 18:00:00,ZONE_B01,0.78,20.9,-23.1,0.77
2024-03-02 18:00:00,ZONE_B02,0.78,20.0,-23.1,0.77
2024-03-02 19:00:00,ZONE_M01,0.75,20.9,-22.3,0.74
2024-03-02 19:00:00,ZONE_M02,0.75,19.8,-22.3,0.74
2024-03-02 19:00:00,ZONE_M03,0.75,19.3,-22.3,0.74
2024-03-02 19:00:00,ZONE_B01,0.75,19.8,-22.3,0.74
2024-03-02 19:00:00,ZONE_B02,0.75,20.2,-22.3,0.74
2024-03-02 20:00:00,ZONE_M01,0.63,20.0,-19.0,0.64
2024-03-02 20:00:00,ZONE_M02,0.63,19.9,-19.0,0.64
2024-03-02 20:00:00,ZONE_M03,0.63,20.3,-19.0,0.64
2024-03-02 20:00:00,ZONE_B01,0.63,20.0,-19.0,0.64
2024-03-02 20:00:00,ZONE_B02,0.63,20.1,-19.0,0.64
2024-03-02 21:00:00,ZONE_M01,0.6,19.1,-21.4,0.66
2024-03-02 21:00:00,ZONE_M02,0.6,20.2,-21.4,0.66
2024-03-02 21:00:00,ZONE_M03,0.6,19.9,-21.4,0.66
2024-03-02 21:00:00,ZONE_B01,0.6,19.6,-21.4,0.66
2024-03-02 21:00:00,ZONE_B02,0.6,20.0,-21.4,0.66
2024-03-02 22:00:00,ZONE_M01,0.53,20.2,-19.5,0.6
2024-03-02 22:00:00,ZONE_M02,0.53,19.1,-19.5,0.6
2024-03-02 22:00:00,ZONE_M03,0.53,19.0,-19.5,0.6
2024-03-02 22:00:00,ZONE_B01,0.53,19.2,-19.5,0.6
2024-03-02 22:00:00,ZONE_B02,0.53,19.2,-19.5,0.6
2024-03-02 23:00:00,ZONE_M01,0.25,18.7,-24.5,0.56
2024-03-02 23:00:00,ZONE_M02,0.25,18.4,-24.5,0.56
2024-03-02 23:00:00,ZONE_M03,0.25,19.0,-24.5,0.56
2024-03-02 23:00:00,ZONE_B01,0.25,18.6,-24.5,0.56
2024-03-02 23:00:00,ZONE_B02,0.25,18.6,-24.5,0.56
2024-03-03 00:00:00,ZONE_M01,0.03,17.2,-25.7,0.47
2024-03-03 00:00:00,ZONE_M02,0.03,18.1,-25.7,0.47
2024-03-03 00:00:00,ZONE_M03,0.03,17.2,-25.7,0.47
2024-03-03 00:00:00,ZONE_B01,0.03,17.8,-25.7,0.47
2024-03-03 00:00:00,ZONE_B02,0.03,17.9,-25.7,0.47
2024-03-03 01:00:00,ZONE_M01,0.25,18.9,-24.9,0.56
2024-03-03 01:00:00,ZONE_M02,0.25,19.5,-24.9,0.56
2024-03-03 01:00:00,ZONE_M03,0.25,18.7,-24.9,0.56
2024-03-03 01:00:00,ZONE_B01,0.25,19.3,-24.9,0.56
2024-03-03 01:00:00,ZONE_B02,0.25,18.4,-24.9,0.56
2024-03-03 02:00:00,ZONE_M01,0.17,18.1,-21.4,0.48
2024-03-03 02:00:00,ZONE_M02,0.17,18.8,-21.4,0.48
2024-03-03 02:00:00,ZONE_M03,0.17,19.4,-21.4,0.48
2024-03-03 02:00:00,ZONE_B01,0.17,18.6,-21.4,0.48
2024-03-03 02:00:00,ZONE_B02,0.17,18.8,-21.4,0.48
2024-03-03 03:00:00,ZONE_M01,0.14,18.9,-22.9,0.49
2024-03-03 03:00:00,ZONE_M02,0.14,18.3,-22.9,0.49
2024-03-03 03:00:00,ZONE_M03,0.14,18.4,-22.9,0.49
2024-03-03 03:00:00,ZONE_B01,0.14,18.2,-22.9,0.49
2024-03-03 03:00:00,ZONE_B02,0.14,19.2,-22.9,0.49
2024-03-03 04:00:00,ZONE_M01,0.1,19.2,-21.2,0.45
2024-03-03 04:00:00,ZONE_M02,0.1,18.4,-21.2,0.45
2024-03-03 04:00:00,ZONE_M03,0.1,18.5,-21.2,0.45
2024-03-03 04:00:00,ZONE_B01,0.1,18.9,-21.2,0.45
2024-03-03 04:00:00,ZONE_B02,0.1,17.5,-21.2,0.45
2024-03-03 05:00:00,ZONE_M01,0.2,19.0,-20.9,0.49
2024-03-03 05:00:00,ZONE_M02,0.2,18.8,-20.9,0.49
2024-03-03 05:00:00,ZONE_M03,0.2,19.1,-20.9,0.49
2024-03-03 05:00:00,ZONE_B01,0.2,18.4,-20.9,0.49
2024-03-03 05:00:00,ZONE_B02,0.2,18.3,-20.9,0.49
2024-03-03 06:00:00,ZONE_M01,0.66,20.4,-26.0,0.76
2024-03-03 06:00:00,ZONE_M02,0.66,20.3,-26.0,0.76
2024-03-03 06:00:00,ZONE_M03,0.66,19.7,-26.0,0.76
2024-03-03 06:00:00,ZONE_B01,0.66,20.0,-26.0,0.76
2024-03-03 06:00:00,ZONE_B02,0.66,20.9,-26.0,0.76
2024-03-03 07:00:00,ZONE_M01,0.49,19.6,-23.1,0.64
2024-03-03 07:00:00,ZONE_M02,0.49,19.5,-23.1,0.64
2024-03-03 07:00:00,ZONE_M03,0.49,18.6,-23.1,0.64
2024-03-03 07:00:00,ZONE_B01,0.49,19.2,-23.1,0.64
2024-03-03 07:00:00,ZONE_B02,0.49,19.1,-23.1,0.64
2024-03-03 08:00:00,ZONE_M01,1.0,21.8,-26.9,0.94
2024-03-03 08:00:00,ZONE_M02,1.0,21.0,-26.9,0.94
2024-03-03 08:00:00,ZONE_M03,1.0,20.8,-26.9,0.94
2024-03-03 08:00:00,ZONE_B01,1.0,21.2,-26.9,0.94
2024-03-03 08:00:00,ZONE_B02,1.0,20.8,-26.9,0.94
2024-03-03 09:00:00,ZONE_M01,0.76,20.6,-20.5,0.71
2024-03-03 09:00:00,ZONE_M02,0.76,21.1,-20.5,0.71
2024-03-03 09:00:00,ZONE_M03,0.76,20.2,-20.5,0.71
2024-03-03 09:00:00,ZONE_B01,0.76,19.8,-20.5,0.71
2024-03-03 09:00:00,ZONE_B02,0.76,20.6,-20.5,0.71
2024-03-03 10:00:00,ZONE_M01,0.86,20.6,-24.1,0.82
2024-03-03 10:00:00,ZONE_M02,0.86,19.6,-24.1,0.82
2024-03-03 10:00:00,ZONE_M03,0.86,20.7,-24.1,0.82
2024-03-03 10:00:00,ZONE_B01,0.86,19.5,-24.1,0.82
2024-03-03 10:00:00,ZONE_B02,0.86,19.9,-24.1,0.82
2024-03-03 11:00:00,ZONE_M01,0.53,19.0,-23.1,0.66
2024-03-03 11:00:00,ZONE_M02,0.53,19.6,-23.1,0.66
2024-03-03 11:00:00,ZONE_M03,0.53,19.8,-23.1,0.66
2024-03-03 11:00:00,ZONE_B01,0.53,19.9,-23.1,0.66
2024-03-03 11:00:00,ZONE_B02,0.53,20.4,-23.1,0.66
2024-03-03 12:00:00,ZONE_M01,0.62,20.2,-27.5,0.77
2024-03-03 12:00:00,ZONE_M02,0.62,20.1,-27.5,0.77
2024-03-03 12:00:00,ZONE_M03,0.62,20.0,-27.5,0.77
2024-03-03 12:00:00,ZONE_B01,0.62,19.5,-27.5,0.77
2024-03-03 12:00:00,ZONE_B02,0.62,19.9,-27.5,0.77
2024-03-03 13:00:00,ZONE_M01,0.72,20.4,-20.4,0.7
2024-03-03 13:00:00,ZONE_M02,0.72,20.1,-20.4,0.7
2024-03-03 13:00:00,ZONE_M03,0.72,19.4,-20.4,0.7
2024-03-03 13:00:00,ZONE_B01,0.72,20.1,-20.4,0.7
2024-03-03 13:00:00,ZONE_B02,0.72,20.4,-20.4,0.7
2024-03-03 14:00:00,ZONE_M01,0.58,19.9,-23.5,0.69
2024-03-03 14:00:00,ZONE_M02,0.58,19.4,-23.5,0.69
2024-03-03 14:00:00,ZONE_M03,0.58,20.2,-23.5,0.69
2024-03-03 14:00:00,ZONE_B01,0.58,19.4,-23.5,0.69
2024-03-03 14:00:00,ZONE_B02,0.58,19.3,-23.5,0.69
2024-03-03 15:00:00,ZONE_M01,0.64,19.9,-22.5,0.7
2024-03-03 15:00:00,ZONE_M02,0.64,19.7,-22.5,0.7
2024-03-03 15:00:00,ZONE_M03,0.64,18.7,-22.5,0.7
2024-03-03 15:00:00,ZONE_B01,0.64,20.7,-22.5,0.7
2024-03-03 15:00:00,ZONE_B02,0.64,20.6,-22.5,0.7
2024-03-03 16:00:00,ZONE_M01,0.74,18.8,-24.0,0.77
2024-03-03 16:00:00,ZONE_M02,0.74,19.8,-24.0,0.77
2024-03-03 16:00:00,ZONE_M03,0.74,20.7,-24.0,0.77
2024-03-03 16:00:00,ZONE_B01,0.74,21.1,-24.0,0.77
2024-03-03 16:00:00,ZONE_B02,0.74,20.7,-24.0,0.77
2024-03-03 17:00:00,ZONE_M01,0.74,20.6,-26.8,0.82
2024-03-03 17:00:00,ZONE_M02,0.74,19.7,-26.8,0.82
2024-03-03 17:00:00,ZONE_M03,0.74,20.0,-26.8,0.82
2024-03-03 17:00:00,ZONE_B01,0.74,19.6,-26.8,0.82
2024-03-03 17:00:00,ZONE_B02,0.74,20.8,-26.8,0.82
2024-03-03 18:00:00,ZONE_M01,0.63,19.5,-22.5,0.69
2024-03-03 18:00:00,ZONE_M02,0.63,19.8,-22.5,0.69
2024-03-03 18:00:00,ZONE_M03,0.63,20.2,-22.5,0.69
2024-03-03 18:00:00,ZONE_B01,0.63,20.2,-22.5,0.69
2024-03-03 18:00:00,ZONE_B02,0.63,19.6,-22.5,0.69
2024-03-03 19:00:00,ZONE_M01,0.52,20.5,-23.5,0.66
2024-03-03 19:00:00,ZONE_M02,0.52,18.9,-23.5,0.66
2024-03-03 19:00:00,ZONE_M03,0.52,20.0,-23.5,0.66
2024-03-03 19:00:00,ZONE_B01,0.52,19.3,-23.5,0.66
2024-03-03 19:00:00,ZONE_B02,0.52,19.1,-23.5,0.66
2024-03-03 20:00:00,ZONE_M01,0.8,21.0,-21.0,0.74
2024-03-03 20:00:00,ZONE_M02,0.8,19.4,-21.0,0.74
2024-03-03 20:00:00,ZONE_M03,0.8,21.1,-21.0,0.74
2024-03-03 20:00:00,ZONE_B01,0.8,20.4,-21.0,0.74
2024-03-03 20:00:00,ZONE_B02,0.8,20.6,-21.0,0.74
2024-03-03 21:00:00,ZONE_M01,0.61,20.5,-22.5,0.69
2024-03-03 21:00:00,ZONE_M02,0.61,19.9,-22.5,0.69
2024-03-03 21:00:00,ZONE_M03,0.61,19.4,-22.5,0.69
2024-03-03 21:00:00,ZONE_B01,0.61,20.0,-22.5,0.69
2024-03-03 21:00:00,ZONE_B02,0.61,20.5,-22.5,0.69
2024-03-03 22:00:00,ZONE_M01,0.82,20.9,-22.6,0.78
2024-03-03 22:00:00,ZONE_M02,0.82,20.0,-22.6,0.78
2024-03-03 22:00:00,ZONE_M03,0.82,21.4,-22.6,0.78
2024-03-03 22:00:00,ZONE_B01,0.82,20.5,-22.6,0.78
2024-03-03 22:00:00,ZONE_B02,0.82,21.5,-22.6,0.78
2024-03-03 23:00:00,ZONE_M01,0.11,18.2,-23.3,0.48
2024-03-03 23:00:00,ZONE_M02,0.11,18.8,-23.3,0.48
2024-03-03 23:00:00,ZONE_M03,0.11,18.1,-23.3,0.48
2024-03-03 23:00:00,ZONE_B01,0.11,17.8,-23.3,0.48
2024-03-03 23:00:00,ZONE_B02,0.11,18.8,-23.3,0.48
2024-03-04 00:00:00,ZONE_M01,0.24,18.5,-19.6,0.49
2024-03-04 00:00:00,ZONE_M02,0.24,19.5,-19.6,0.49
2024-03-04 00:00:00,ZONE_M03,0.24,19.1,-19.6,0.49
2024-03-04 00:00:00,ZONE_B01,0.24,17.9,-19.6,0.49
2024-03-04 00:00:00,ZONE_B02,0.24,17.9,-19.6,0.49
2024-03-04 01:00:00,ZONE_M01,0.06,18.5,-23.5,0.46
2024-03-04 01:00:00,ZONE_M02,0.06,18.1,-23.5,0.46
2024-03-04 01:00:00,ZONE_M03,0.06,18.3,-23.5,0.46
2024-03-04 01:00:00,ZONE_B01,0.06,18.4,-23.5,0.46
2024-03-04 01:00:00,ZONE_B02,0.06,18.1,-23.5,0.46
2024-03-04 02:00:00,ZONE_M01,0.11,17.9,-21.4,0.46
2024-03-04 02:00:00,ZONE_M02,0.11,19.0,-21.4,0.46
2024-03-04 02:00:00,ZONE_M03,0.11,18.9,-21.4,0.46
2024-03-04 02:00:00,ZONE_B01,0.11,18.7,-21.4,0.46
2024-03-04 02:00:00,ZONE_B02,0.11,18.4,-21.4,0.46
2024-03-04 03:00:00,ZONE_M01,0.25,18.3,-24.5,0.56
2024-03-04 03:00:00,ZONE_M02,0.25,18.5,-24.5,0.56
2024-03-04 03:00:00,ZONE_M03,0.25,18.9,-24.5,0.56
2024-03-04 03:00:00,ZONE_B01,0.25,18.9,-24.5,0.56
2024-03-04 03:00:00,ZONE_B02,0.25,18.8,-24.5,0.56
2024-03-04 04:00:00,ZONE_M01,0.07,17.7,-23.6,0.47
2024-03-04 04:00:00,ZONE_M02,0.07,18.7,-23.6,0.47
2024-03-04 04:00:00,ZONE_M03,0.07,18.4,-23.6,0.47
2024-03-04 04:00:00,ZONE_B01,0.07,18.2,-23.6,0.47
2024-03-04 04:00:00,ZONE_B02,0.07,18.8,-23.6,0.47
2024-03-04 05:00:00,ZONE_M01,0.17,18.3,-23.6,0.51
2024-03-04 05:00:00,ZONE_M02,0.17,19.4,-23.6,0.51
2024-03-04 05:00:00,ZONE_M03,0.17,18.9,-23.6,0.51
2024-03-04 05:00:00,ZONE_B01,0.17,19.2,-23.6,0.51
2024-03-04 05:00:00,ZONE_B02,0.17,19.3,-23.6,0.51
2024-03-04 06:00:00,ZONE_M01,0.64,20.0,-24.4,0.73
2024-03-04 06:00:00,ZONE_M02,0.64,19.2,-24.4,0.73
2024-03-04 06:00:00,ZONE_M03,0.64,20.6,-24.4,0.73
2024-03-04 06:00:00,ZONE_B01,0.64,19.9,-24.4,0.73
2024-03-04 06:00:00,ZONE_B02,0.64,20.1,-24.4,0.73
2024-03-04 07:00:00,ZONE_M01,0.61,20.1,-21.1,0.66
2024-03-04 07:00:00,ZONE_M02,0.61,19.2,-21.1,0.66
2024-03-04 07:00:00,ZONE_M03,0.61,19.9,-21.1,0.66
2024-03-04 07:00:00,ZONE_B01,0.61,19.4,-21.1,0.66
2024-03-04 07:00:00,ZONE_B02,0.61,19.3,-21.1,0.66
2024-03-04 08:00:00,ZONE_M01,0.45,19.3,-21.9,0.61
2024-03-04 08:00:00,ZONE_M02,0.45,19.4,-21.9,0.61
2024-03-04 08:00:00,ZONE_M03,0.45,19.2,-21.9,0.61
2024-03-04 08:00:00,ZONE_B01,0.45,19.7,-21.9,0.61
2024-03-04 08:00:00,ZONE_B02,0.45,19.1,-21.9,0.61
2024-03-04 09:00:00,ZONE_M01,0.54,19.7,-23.9,0.68
2024-03-04 09:00:00,ZONE_M02,0.54,19.6,-23.9,0.68
2024-03-04 09:00:00,ZONE_M03,0.54,19.4,-23.9,0.68
2024-03-04 09:00:00,ZONE_B01,0.54,19.9,-23.9,0.68
2024-03-04 09:00:00,ZONE_B02,0.54,19.7,-23.9,0.68
2024-03-04 10:00:00,ZONE_M01,0.78,20.1,-21.3,0.73
2024-03-04 10:00:00,ZONE_M02,0.78,19.9,-21.3,0.73
2024-03-04 10:00:00,ZONE_M03,0.78,21.0,-21.3,0.73
2024-03-04 10:00:00,ZONE_B01,0.78,21.0,-21.3,0.73
2024-03-04 10:00:00,ZONE_B02,0.78,20.3,-21.3,0.73
2024-03-04 11:00:00,ZONE_M01,0.65,20.6,-23.1,0.71
2024-03-04 11:00:00,ZONE_M02,0.65,20.0,-23.1,0.71
2024-03-04 11:00:00,ZONE_M03,0.65,20.4,-23.1,0.71
2024-03-04 11:00:00,ZONE_B01,0.65,19.9,-23.1,0.71
2024-03-04 11:00:00,ZONE_B02,0.65,20.7,-23.1,0.71
2024-03-04 12:00:00,ZONE_M01,0.59,20.5,-24.1,0.7
2024-03-04 12:00:00,ZONE_M02,0.59,20.2,-24.1,0.7
2024-03-04 12:00:00,ZONE_M03,0.59,20.6,-24.1,0.7
2024-03-04 12:00:00,ZONE_B01,0.59,20.0,-24.1,0.7
2024-03-04 12:00:00,ZONE_B02,0.59,19.5,-24.1,0.7
2024-03-04 13:00:00,ZONE_M01,0.66,19.7,-20.2,0.67
2024-03-04 13:00:00,ZONE_M02,0.66,20.5,-20.2,0.67
2024-03-04 13:00:00,ZONE_M03,0.66,20.1,-20.2,0.67
2024-03-04 13:00:00,ZONE_B01,0.66,20.4,-20.2,0.67
2024-03-04 13:00:00,ZONE_B02,0.66,20.0,-20.2,0.67
2024-03-04 14:00:00,ZONE_M01,0.62,19.4,-21.9,0.68
2024-03-04 14:00:00,ZONE_M02,0.62,20.5,-21.9,0.68
2024-03-04 14:00:00,ZONE_M03,0.62,19.4,-21.9,0.68
2024-03-04 14:00:00,ZONE_B01,0.62,20.6,-21.9,0.68
2024-03-04 14:00:00,ZONE_B02,0.62,19.9,-21.9,0.68
2024-03-04 15:00:00,ZONE_M01,0.52,18.9,-22.0,0.64
2024-03-04 15:00:00,ZONE_M02,0.52,19.6,-22.0,0.64
2024-03-04 15:00:00,ZONE_M03,0.52,19.5,-22.0,0.64
2024-03-04 15:00:00,ZONE_B01,0.52,19.1,-22.0,0.64
2024-03-04 15:00:00,ZONE_B02,0.52,19.2,-22.0,0.64
2024-03-04 16:00:00,ZONE_M01,0.56,19.6,-22.1,0.66
2024-03-04 16:00:00,ZONE_M02,0.56,21.2,-22.1,0.66
2024-03-04 16:00:00,ZONE_M03,0.56,19.2,-22.1,0.66
2024-03-04 16:00:00,ZONE_B01,0.56,19.4,-22.1,0.66
2024-03-04 16:00:00,ZONE_B02,0.56,20.1,-22.1,0.66
2024-03-04 17:00:00,ZONE_M01,0.73,19.5,-18.6,0.67
2024-03-04 17:00:00,ZONE_M02,0.73,20.5,-18.6,0.67
2024-03-04 17:00:00,ZONE_M03,0.73,20.3,-18.6,0.67
2024-03-04 17:00:00,ZONE_B01,0.73,20.1,-18.6,0.67
2024-03-04 17:00:00,ZONE_B02,0.73,19.8,-18.6,0.67
2024-03-04 18:00:00,ZONE_M01,0.6,20.2,-23.7,0.7
2024-03-04 18:00:00,ZONE_M02,0.6,19.1,-23.7,0.7
2024-03-04 18:00:00,ZONE_M03,0.6,19.7,-23.7,0.7
2024-03-04 18:00:00,ZONE_B01,0.6,20.3,-23.7,0.7
2024-03-04 18:00:00,ZONE_B02,0.6,19.6,-23.7,0.7
2024-03-04 19:00:00,ZONE_M01,0.76,20.4,-22.1,0.74
2024-03-04 19:00:00,ZONE_M02,0.76,20.8,-22.1,0.74
2024-03-04 19:00:00,ZONE_M03,0.76,19.2,-22.1,0.74
2024-03-04 19:00:00,ZONE_B01,0.76,19.2,-22.1,0.74
2024-03-04 19:00:00,ZONE_B02,0.76,19.2,-22.1,0.74
2024-03-04 20:00:00,ZONE_M01,0.52,19.9,-26.3,0.71
2024-03-04 20:00:00,ZONE_M02,0.52,19.8,-26.3,0.71
2024-03-04 20:00:00,ZONE_M03,0.52,20.1,-26.3,0.71
2024-03-04 20:00:00,ZONE_B01,0.52,20.0,-26.3,0.71
2024-03-04 20:00:00,ZONE_B02,0.52,19.5,-26.3,0.71
2024-03-04 21:00:00,ZONE_M01,0.81,20.4,-22.8,0.78
2024-03-04 21:00:00,ZONE_M02,0.81,19.1,-22.8,0.78
2024-03-04 21:00:00,ZONE_M03,0.81,21.2,-22.8,0.78
2024-03-04 21:00:00,ZONE_B01,0.81,19.8,-22.8,0.78
2024-03-04 21:00:00,ZONE_B02,0.81,19.7,-22.8,0.78
2024-03-04 22:00:00,ZONE_M01,0.66,19.9,-21.1,0.68
2024-03-04 22:00:00,ZONE_M02,0.66,19.5,-21.1,0.68
2024-03-04 22:00:00,ZONE_M03,0.66,19.6,-21.1,0.68
2024-03-04 22:00:00,ZONE_B01,0.66,19.9,-21.1,0.68
2024-03-04 22:00:00,ZONE_B02,0.66,20.2,-21.1,0.68
2024-03-04 23:00:00,ZONE_M01,0.36,19.3,-23.6,0.59
2024-03-04 23:00:00,ZONE_M02,0.36,18.7,-23.6,0.59
2024-03-04 23:00:00,ZONE_M03,0.36,17.8,-23.6,0.59
2024-03-04 23:00:00,ZONE_B01,0.36,18.5,-23.6,0.59
2024-03-04 23:00:00,ZONE_B02,0.36,19.3,-23.6,0.59
2024-03-05 00:00:00,ZONE_M01,0.22,18.0,-23.3,0.53
2024-03-05 00:00:00,ZONE_M02,0.22,19.1,-23.3,0.53
2024-03-05 00:00:00,ZONE_M03,0.22,18.2,-23.3,0.53
2024-03-05 00:00:00,ZONE_B01,0.22,18.5,-23.3,0.53
2024-03-05 00:00:00,ZONE_B02,0.22,18.9,-23.3,0.53
2024-03-05 01:00:00,ZONE_M01,0.21,18.3,-20.9,0.5
2024-03-05 01:00:00,ZONE_M02,0.21,18.3,-20.9,0.5
2024-03-05 01:00:00,ZONE_M03,0.21,18.8,-20.9,0.5
2024-03-05 01:00:00,ZONE_B01,0.21,18.9,-20.9,0.5
2024-03-05 01:00:00,ZONE_B02,0.21,19.2,-20.9,0.5
2024-03-05 02:00:00,ZONE_M01,0.16,19.5,-22.3,0.49
2024-03-05 02:00:00,ZONE_M02,0.16,18.8,-22.3,0.49
2024-03-05 02:00:00,ZONE_M03,0.16,18.8,-22.3,0.49
2024-03-05 02:00:00,ZONE_B01,0.16,18.2,-22.3,0.49
2024-03-05 02:00:00,ZONE_B02,0.16,18.2,-22.3,0.49
2024-03-05 03:00:00,ZONE_M01,0.09,18.1,-19.5,0.43
2024-03-05 03:00:00,ZONE_M02,0.09,19.0,-19.5,0.43
2024-03-05 03:00:00,ZONE_M03,0.09,17.8,-19.5,0.43
2024-03-05 03:00:00,ZONE_B01,0.09,18.8,-19.5,0.43
2024-03-05 03:00:00,ZONE_B02,0.09,18.0,-19.5,0.43
2024-03-05 04:00:00,ZONE_M01,0.15,17.9,-22.8,0.49
2024-03-05 04:00:00,ZONE_M02,0.15,18.2,-22.8,0.49
2024-03-05 04:00:00,ZONE_M03,0.15,18.0,-22.8,0.49
2024-03-05 04:00:00,ZONE_B01,0.15,18.0,-22.8,0.49
2024-03-05 04:00:00,ZONE_B02,0.15,17.6,-22.8,0.49
2024-03-05 05:00:00,ZONE_M01,0.2,18.7,-21.8,0.5
2024-03-05 05:00:00,ZONE_M02,0.2,17.8,-21.8,0.5
2024-03-05 05:00:00,ZONE_M03,0.2,18.3,-21.8,0.5
2024-03-05 05:00:00,ZONE_B01,0.2,18.7,-21.8,0.5
2024-03-05 05:00:00,ZONE_B02,0.2,18.1,-21.8,0.5
2024-03-05 06:00:00,ZONE_M01,0.66,20.0,-21.9,0.7
2024-03-05 06:00:00,ZONE_M02,0.66,19.7,-21.9,0.7
2024-03-05 06:00:00,ZONE_M03,0.66,20.4,-21.9,0.7
2024-03-05 06:00:00,ZONE_B01,0.66,20.2,-21.9,0.7
2024-03-05 06:00:00,ZONE_B02,0.66,20.2,-21.9,0.7
2024-03-05 07:00:00,ZONE_M01,0.76,19.9,-22.1,0.74
2024-03-05 07:00:00,ZONE_M02,0.76,20.5,-22.1,0.74
2024-03-05 07:00:00,ZONE_M03,0.76,20.2,-22.1,0.74
2024-03-05 07:00:00,ZONE_B01,0.76,21.1,-22.1,0.74
2024-03-05 07:00:00,ZONE_B02,0.76,19.9,-22.1,0.74
2024-03-05 08:00:00,ZONE_M01,0.61,19.8,-24.1,0.71
2024-03-05 08:00:00,ZONE_M02,0.61,19.2,-24.1,0.71
2024-03-05 08:00:00,ZONE_M03,0.61,19.9,-24.1,0.71
2024-03-05 08:00:00,ZONE_B01,0.61,19.3,-24.1,0.71
2024-03-05 08:00:00,ZONE_B02,0.61,20.2,-24.1,0.71
2024-03-05 09:00:00,ZONE_M01,0.63,19.5,-28.6,0.79
2024-03-05 09:00:00,ZONE_M02,0.63,20.0,-28.6,0.79
2024-03-05 09:00:00,ZONE_M03,0.63,19.2,-28.6,0.79
2024-03-05 09:00:00,ZONE_B01,0.63,20.2,-28.6,0.79
2024-03-05 09:00:00,ZONE_B02,0.63,20.4,-28.6,0.79
2024-03-05 10:00:00,ZONE_M01,0.66,20.2,-21.5,0.69
2024-03-05 10:00:00,ZONE_M02,0.66,20.8,-21.5,0.69
2024-03-05 10:00:00,ZONE_M03,0.66,20.1,-21.5,0.69
2024-03-05 10:00:00,ZONE_B01,0.66,19.6,-21.5,0.69
2024-03-05 10:00:00,ZONE_B02,0.66,19.6,-21.5,0.69
2024-03-05 11:00:00,ZONE_M01,0.43,19.0,-20.8,0.58
2024-03-05 11:00:00,ZONE_M02,0.43,19.6,-20.8,0.58
2024-03-05 11:00:00,ZONE_M03,0.43,18.3,-20.8,0.58
2024-03-05 11:00:00,ZONE_B01,0.43,19.2,-20.8,0.58
2024-03-05 11:00:00,ZONE_B02,0.43,19.7,-20.8,0.58
2024-03-05 12:00:00,ZONE_M01,0.48,18.3,-23.0,0.64
2024-03-05 12:00:00,ZONE_M02,0.48,20.1,-23.0,0.64
2024-03-05 12:00:00,ZONE_M03,0.48,19.7,-23.0,0.64
2024-03-05 12:00:00,ZONE_B01,0.48,19.4,-23.0,0.64
2024-03-05 12:00:00,ZONE_B02,0.48,19.1,-23.0,0.64
2024-03-05 13:00:00,ZONE_M01,0.54,19.8,-23.6,0.67
2024-03-05 13:00:00,ZONE_M02,0.54,20.7,-23.6,0.67
2024-03-05 13:00:00,ZONE_M03,0.54,19.1,-23.6,0.67
2024-03-05 13:00:00,ZONE_B01,0.54,19.6,-23.6,0.67
2024-03-05 13:00:00,ZONE_B02,0.54,20.1,-23.6,0.67
2024-03-05 14:00:00,ZONE_M01,0.71,19.8,-22.3,0.72
2024-03-05 14:00:00,ZONE_M02,0.71,20.5,-22.3,0.72
2024-03-05 14:00:00,ZONE_M03,0.71,20.4,-22.3,0.72
2024-03-05 14:00:00,ZONE_B01,0.71,20.0,-22.3,0.72
2024-03-05 14:00:00,ZONE_B02,0.71,19.3,-22.3,0.72
2024-03-05 15:00:00,ZONE_M01,0.69,19.6,-20.6,0.69
2024-03-05 15:00:00,ZONE_M02,0.69,20.6,-20.6,0.69
2024-03-05 15:00:00,ZONE_M03,0.69,19.8,-20.6,0.69
2024-03-05 15:00:00,ZONE_B01,0.69,20.3,-20.6,0.69
2024-03-05 15:00:00,ZONE_B02,0.69,19.8,-20.6,0.69
2024-03-05 16:00:00,ZONE_M01,0.7,20.6,-20.9,0.7
2024-03-05 16:00:00,ZONE_M02,0.7,20.1,-20.9,0.7
2024-03-05 16:00:00,ZONE_M03,0.7,19.8,-20.9,0.7
2024-03-05 16:00:00,ZONE_B01,0.7,20.2,-20.9,0.7
2024-03-05 16:00:00,ZONE_B02,0.7,19.4,-20.9,0.7
2024-03-05 17:00:00,ZONE_M01,0.75,19.7,-24.8,0.79
2024-03-05 17:00:00,ZONE_M02,0.75,20.6,-24.8,0.79
2024-03-05 17:00:00,ZONE_M03,0.75,19.2,-24.8,0.79
2024-03-05 17:00:00,ZONE_B01,0.75,20.1,-24.8,0.79
2024-03-05 17:00:00,ZONE_B02,0.75,19.7,-24.8,0.79
2024-03-05 18:00:00,ZONE_M01,0.71,20.5,-26.1,0.79
2024-03-05 18:00:00,ZONE_M02,0.71,19.8,-26.1,0.79
2024-03-05 18:00:00,ZONE_M03,0.71,20.9,-26.1,0.79
2024-03-05 18:00:00,ZONE_B01,0.71,20.6,-26.1,0.79
2024-03-05 18:00:00,ZONE_B02,0.71,20.0,-26.1,0.79
2024-03-05 19:00:00,ZONE_M01,0.68,20.4,-22.1,0.71
2024-03-05 19:00:00,ZONE_M02,0.68,20.1,-22.1,0.71
2024-03-05 19:00:00,ZONE_M03,0.68,20.2,-22.1,0.71
2024-03-05 19:00:00,ZONE_B01,0.68,19.2,-22.1,0.71
2024-03-05 19:00:00,ZONE_B02,0.68,19.8,-22.1,0.71
2024-03-05 20:00:00,ZONE_M01,0.72,20.5,-21.3,0.71
2024-03-05 20:00:00,ZONE_M02,0.72,19.1,-21.3,0.71
2024-03-05 20:00:00,ZONE_M03,0.72,20.0,-21.3,0.71
2024-03-05 20:00:00,ZONE_B01,0.72,20.3,-21.3,0.71
2024-03-05 20:00:00,ZONE_B02,0.72,20.0,-21.3,0.71
2024-03-05 21:00:00,ZONE_M01,0.63,20.3,-21.2,0.67
2024-03-05 21:00:00,ZONE_M02,0.63,19.4,-21.2,0.67
2024-03-05 21:00:00,ZONE_M03,0.63,19.9,-21.2,0.67
2024-03-05 21:00:00,ZONE_B01,0.63,19.8,-21.2,0.67
2024-03-05 21:00:00,ZONE_B02,0.63,20.8,-21.2,0.67
2024-03-05 22:00:00,ZONE_M01,0.59,20.4,-22.2,0.67
2024-03-05 22:00:00,ZONE_M02,0.59,19.1,-22.2,0.67
2024-03-05 22:00:00,ZONE_M03,0.59,20.1,-22.2,0.67
2024-03-05 22:00:00,ZONE_B01,0.59,19.7,-22.2,0.67
2024-03-05 22:00:00,ZONE_B02,0.59,20.0,-22.2,0.67
2024-03-05 23:00:00,ZONE_M01,0.15,18.7,-22.0,0.48
2024-03-05 23:00:00,ZONE_M02,0.15,19.8,-22.0,0.48
2024-03-05 23:00:00,ZONE_M03,0.15,18.4,-22.0,0.48
2024-03-05 23:00:00,ZONE_B01,0.15,18.5,-22.0,0.48
2024-03-05 23:00:00,ZONE_B02,0.15,18.0,-22.0,0.48
2024-03-06 00:00:00,ZONE_M01,0.14,19.5,-24.7,0.51
2024-03-06 00:00:00,ZONE_M02,0.14,19.0,-24.7,0.51
2024-03-06 00:00:00,ZONE_M03,0.14,19.0,-24.7,0.51
2024-03-06 00:00:00,ZONE_B01,0.14,18.2,-24.7,0.51
2024-03-06 00:00:00,ZONE_B02,0.14,18.0,-24.7,0.51
2024-03-06 01:00:00,ZONE_M01,0.16,18.2,-29.2,0.57
2024-03-06 01:00:00,ZONE_M02,0.16,18.4,-29.2,0.57
2024-03-06 01:00:00,ZONE_M03,0.16,18.5,-29.2,0.57
2024-03-06 01:00:00,ZONE_B01,0.16,19.2,-29.2,0.57
2024-03-06 01:00:00,ZONE_B02,0.16,18.5,-29.2,0.57
2024-03-06 02:00:00,ZONE_M01,0.18,18.5,-25.2,0.53
2024-03-06 02:00:00,ZONE_M02,0.18,17.9,-25.2,0.53
2024-03-06 02:00:00,ZONE_M03,0.18,18.9,-25.2,0.53
2024-03-06 02:00:00,ZONE_B01,0.18,18.2,-25.2,0.53
2024-03-06 02:00:00,ZONE_B02,0.18,19.3,-25.2,0.53
2024-03-06 03:00:00,ZONE_M01,0.27,18.2,-18.9,0.49
2024-03-06 03:00:00,ZONE_M02,0.27,18.6,-18.9,0.49
2024-03-06 03:00:00,ZONE_M03,0.27,18.5,-18.9,0.49
2024-03-06 03:00:00,ZONE_B01,0.27,18.2,-18.9,0.49
2024-03-06 03:00:00,ZONE_B02,0.27,19.5,-18.9,0.49
2024-03-06 04:00:00,ZONE_M01,0.06,18.3,-23.3,0.46
2024-03-06 04:00:00,ZONE_M02,0.06,18.2,-23.3,0.46
2024-03-06 04:00:00,ZONE_M03,0.06,17.6,-23.3,0.46
2024-03-06 04:00:00,ZONE_B01,0.06,17.1,-23.3,0.46
2024-03-06 04:00:00,ZONE_B02,0.06,18.4,-23.3,0.46
2024-03-06 05:00:00,ZONE_M01,0.1,18.6,-21.9,0.46
2024-03-06 05:00:00,ZONE_M02,0.1,18.5,-21.9,0.46
2024-03-06 05:00:00,ZONE_M03,0.1,18.4,-21.9,0.46
2024-03-06 05:00:00,ZONE_B01,0.1,18.4,-21.9,0.46
2024-03-06 05:00:00,ZONE_B02,0.1,18.8,-21.9,0.46
2024-03-06 06:00:00,ZONE_M01,0.66,19.4,-19.4,0.66
2024-03-06 06:00:00,ZONE_M02,0.66,19.5,-19.4,0.66
2024-03-06 06:00:00,ZONE_M03,0.66,19.2,-19.4,0.66
2024-03-06 06:00:00,ZONE_B01,0.66,20.0,-19.4,0.66
2024-03-06 06:00:00,ZONE_B02,0.66,19.3,-19.4,0.66
2024-03-06 07:00:00,ZONE_M01,0.77,20.3,-26.4,0.82
2024-03-06 07:00:00,ZONE_M02,0.77,20.3,-26.4,0.82
2024-03-06 07:00:00,ZONE_M03,0.77,20.5,-26.4,0.82
2024-03-06 07:00:00,ZONE_B01,0.77,20.2,-26.4,0.82
2024-03-06 07:00:00,ZONE_B02,0.77,19.7,-26.4,0.82
2024-03-06 08:00:00,ZONE_M01,0.53,19.6,-25.8,0.7
2024-03-06 08:00:00,ZONE_M02,0.53,20.5,-25.8,0.7
2024-03-06 08:00:00,ZONE_M03,0.53,20.0,-25.8,0.7
2024-03-06 08:00:00,ZONE_B01,0.53,18.7,-25.8,0.7
2024-03-06 08:00:00,ZONE_B02,0.53,19.0,-25.8,0.7
2024-03-06 09:00:00,ZONE_M01,0.58,19.2,-25.0,0.71
2024-03-06 09:00:00,ZONE_M02,0.58,19.3,-25.0,0.71
2024-03-06 09:00:00,ZONE_M03,0.58,19.5,-25.0,0.71
2024-03-06 09:00:00,ZONE_B01,0.58,19.6,-25.0,0.71
2024-03-06 09:00:00,ZONE_B02,0.58,19.3,-25.0,0.71
2024-03-06 10:00:00,ZONE_M01,0.85,20.2,-23.4,0.8
2024-03-06 10:00:00,ZONE_M02,0.85,21.5,-23.4,0.8
2024-03-06 10:00:00,ZONE_M03,0.85,20.9,-23.4,0.8
2024-03-06 10:00:00,ZONE_B01,0.85,20.8,-23.4,0.8
2024-03-06 10:00:00,ZONE_B02,0.85,20.8,-23.4,0.8
2024-03-06 11:00:00,ZONE_M01,0.79,20.4,-23.2,0.77
2024-03-06 11:00:00,ZONE_M02,0.79,21.0,-23.2,0.77
2024-03-06 11:00:00,ZONE_M03,0.79,18.8,-23.2,0.77
2024-03-06 11:00:00,ZONE_B01,0.79,21.1,-23.2,0.77
2024-03-06 11:00:00,ZONE_B02,0.79,19.8,-23.2,0.77
2024-03-06 12:00:00,ZONE_M01,0.54,18.5,-24.2,0.68
2024-03-06 12:00:00,ZONE_M02,0.54,19.8,-24.2,0.68
2024-03-06 12:00:00,ZONE_M03,0.54,20.1,-24.2,0.68
2024-03-06 12:00:00,ZONE_B01,0.54,19.4,-24.2,0.68
2024-03-06 12:00:00,ZONE_B02,0.54,19.9,-24.2,0.68
2024-03-06 13:00:00,ZONE_M01,0.85,20.1,-23.4,0.8
2024-03-06 13:00:00,ZONE_M02,0.85,19.7,-23.4,0.8
2024-03-06 13:00:00,ZONE_M03,0.85,21.4,-23.4,0.8
2024-03-06 13:00:00,ZONE_B01,0.85,20.3,-23.4,0.8
2024-03-06 13:00:00,ZONE_B02,0.85,19.8,-23.4,0.8
2024-03-06 14:00:00,ZONE_M01,0.39,19.5,-24.6,0.62
2024-03-06 14:00:00,ZONE_M02,0.39,19.0,-24.6,0.62
2024-03-06 14:00:00,ZONE_M03,0.39,19.3,-24.6,0.62
2024-03-06 14:00:00,ZONE_B01,0.39,19.2,-24.6,0.62
2024-03-06 14:00:00,ZONE_B02,0.39,18.6,-24.6,0.62
2024-03-06 15:00:00,ZONE_M01,0.77,20.6,-23.2,0.76
2024-03-06 15:00:00,ZONE_M02,0.77,21.5,-23.2,0.76
2024-03-06 15:00:00,ZONE_M03,0.77,20.2,-23.2,0.76
2024-03-06 15:00:00,ZONE_B01,0.77,20.5,-23.2,0.76
2024-03-06 15:00:00,ZONE_B02,0.77,19.8,-23.2,0.76
2024-03-06 16:00:00,ZONE_M01,0.61,20.1,-25.9,0.74
2024-03-06 16:00:00,ZONE_M02,0.61,19.8,-25.9,0.74
2024-03-06 16:00:00,ZONE_M03,0.61,19.0,-25.9,0.74
2024-03-06 16:00:00,ZONE_B01,0.61,20.0,-25.9,0.74
2024-03-06 16:00:00,ZONE_B02,0.61,19.8,-25.9,0.74
2024-03-06 17:00:00,ZONE_M01,0.46,19.0,-20.3,0.59
2024-03-06 17:00:00,ZONE_M02,0.46,18.7,-20.3,0.59
2024-03-06 17:00:00,ZONE_M03,0.46,19.8,-20.3,0.59
2024-03-06 17:00:00,ZONE_B01,0.46,20.0,-20.3,0.59
2024-03-06 17:00:00,ZONE_B02,0.46,19.7,-20.3,0.59
2024-03-06 18:00:00,ZONE_M01,0.58,19.1,-19.8,0.63
2024-03-06 18:00:00,ZONE_M02,0.58,19.2,-19.8,0.63
2024-03-06 18:00:00,ZONE_M03,0.58,20.7,-19.8,0.63
2024-03-06 18:00:00,ZONE_B01,0.58,19.4,-19.8,0.63
2024-03-06 18:00:00,ZONE_B02,0.58,19.6,-19.8,0.63
2024-03-06 19:00:00,ZONE_M01,0.65,19.9,-24.0,0.73
2024-03-06 19:00:00,ZONE_M02,0.65,20.1,-24.0,0.73
2024-03-06 19:00:00,ZONE_M03,0.65,19.5,-24.0,0.73
2024-03-06 19:00:00,ZONE_B01,0.65,19.4,-24.0,0.73
2024-03-06 19:00:00,ZONE_B02,0.65,21.0,-24.0,0.73
2024-03-06 20:00:00,ZONE_M01,0.44,19.8,-19.6,0.57
2024-03-06 20:00:00,ZONE_M02,0.44,19.2,-19.6,0.57
2024-03-06 20:00:00,ZONE_M03,0.44,20.0,-19.6,0.57
2024-03-06 20:00:00,ZONE_B01,0.44,20.1,-19.6,0.57
2024-03-06 20:00:00,ZONE_B02,0.44,20.3,-19.6,0.57
2024-03-06 21:00:00,ZONE_M01,0.68,19.0,-21.3,0.69
2024-03-06 21:00:00,ZONE_M02,0.68,19.4,-21.3,0.69
2024-03-06 21:00:00,ZONE_M03,0.68,19.5,-21.3,0.69
2024-03-06 21:00:00,ZONE_B01,0.68,20.7,-21.3,0.69
2024-03-06 21:00:00,ZONE_B02,0.68,19.8,-21.3,0.69
2024-03-06 22:00:00,ZONE_M01,0.47,19.5,-21.8,0.62
2024-03-06 22:00:00,ZONE_M02,0.47,18.7,-21.8,0.62
2024-03-06 22:00:00,ZONE_M03,0.47,19.3,-21.8,0.62
2024-03-06 22:00:00,ZONE_B01,0.47,19.5,-21.8,0.62
2024-03-06 22:00:00,ZONE_B02,0.47,20.3,-21.8,0.62
2024-03-06 23:00:00,ZONE_M01,0.0,17.6,-24.9,0.45
2024-03-06 23:00:00,ZONE_M02,0.0,17.3,-24.9,0.45
2024-03-06 23:00:00,ZONE_M03,0.0,18.8,-24.9,0.45
2024-03-06 23:00:00,ZONE_B01,0.0,18.5,-24.9,0.45
2024-03-06 23:00:00,ZONE_B02,0.0,17.9,-24.9,0.45
2024-03-07 00:00:00,ZONE_M01,0.07,18.4,-22.7,0.46
2024-03-07 00:00:00,ZONE_M02,0.07,18.2,-22.7,0.46
2024-03-07 00:00:00,ZONE_M03,0.07,18.9,-22.7,0.46
2024-03-07 00:00:00,ZONE_B01,0.07,17.8,-22.7,0.46
2024-03-07 00:00:00,ZONE_B02,0.07,18.4,-22.7,0.46
2024-03-07 01:00:00,ZONE_M01,0.28,18.7,-23.4,0.55
2024-03-07 01:00:00,ZONE_M02,0.28,18.3,-23.4,0.55
2024-03-07 01:00:00,ZONE_M03,0.28,18.5,-23.4,0.55
2024-03-07 01:00:00,ZONE_B01,0.28,19.5,-23.4,0.55
2024-03-07 01:00:00,ZONE_B02,0.28,18.9,-23.4,0.55
2024-03-07 02:00:00,ZONE_M01,0.04,18.2,-20.4,0.42
2024-03-07 02:00:00,ZONE_M02,0.04,18.3,-20.4,0.42
2024-03-07 02:00:00,ZONE_M03,0.04,18.3,-20.4,0.42
2024-03-07 02:00:00,ZONE_B01,0.04,17.9,-20.4,0.42
2024-03-07 02:00:00,ZONE_B02,0.04,19.0,-20.4,0.42
2024-03-07 03:00:00,ZONE_M01,0.2,18.2,-20.4,0.49
2024-03-07 03:00:00,ZONE_M02,0.2,20.0,-20.4,0.49
2024-03-07 03:00:00,ZONE_M03,0.2,18.0,-20.4,0.49
2024-03-07 03:00:00,ZONE_B01,0.2,18.4,-20.4,0.49
2024-03-07 03:00:00,ZONE_B02,0.2,18.9,-20.4,0.49
2024-03-07 04:00:00,ZONE_M01,0.15,18.6,-22.7,0.49
2024-03-07 04:00:00,ZONE_M02,0.15,18.4,-22.7,0.49
2024-03-07 04:00:00,ZONE_M03,0.15,18.8,-22.7,0.49
2024-03-07 04:00:00,ZONE_B01,0.15,18.8,-22.7,0.49
2024-03-07 04:00:00,ZONE_B02,0.15,18.5,-22.7,0.49
2024-03-07 05:00:00,ZONE_M01,0.22,19.3,-21.0,0.5
2024-03-07 05:00:00,ZONE_M02,0.22,18.6,-21.0,0.5
2024-03-07 05:00:00,ZONE_M03,0.22,18.9,-21.0,0.5
2024-03-07 05:00:00,ZONE_B01,0.22,17.8,-21.0,0.5
2024-03-07 05:00:00,ZONE_B02,0.22,18.7,-21.0,0.5
2024-03-07 06:00:00,ZONE_M01,0.64,20.6,-26.6,0.77
2024-03-07 06:00:00,ZONE_M02,0.64,19.9,-26.6,0.77
2024-03-07 06:00:00,ZONE_M03,0.64,20.3,-26.6,0.77
2024-03-07 06:00:00,ZONE_B01,0.64,19.7,-26.6,0.77
2024-03-07 06:00:00,ZONE_B02,0.64,20.3,-26.6,0.77
2024-03-07 07:00:00,ZONE_M01,0.79,20.8,-21.6,0.74
2024-03-07 07:00:00,ZONE_M02,0.79,21.0,-21.6,0.74
2024-03-07 07:00:00,ZONE_M03,0.79,20.0,-21.6,0.74
2024-03-07 07:00:00,ZONE_B01,0.79,20.6,-21.6,0.74
2024-03-07 07:00:00,ZONE_B02,0.79,19.6,-21.6,0.74
2024-03-07 08:00:00,ZONE_M01,0.61,19.4,-22.4,0.68
2024-03-07 08:00:00,ZONE_M02,0.61,19.4,-22.4,0.68
2024-03-07 08:00:00,ZONE_M03,0.61,20.1,-22.4,0.68
2024-03-07 08:00:00,ZONE_B01,0.61,18.7,-22.4,0.68
2024-03-07 08:00:00,ZONE_B02,0.61,19.3,-22.4,0.68
2024-03-07 09:00:00,ZONE_M01,0.61,19.5,-20.7,0.65
2024-03-07 09:00:00,ZONE_M02,0.61,20.0,-20.7,0.65
2024-03-07 09:00:00,ZONE_M03,0.61,19.5,-20.7,0.65
2024-03-07 09:00:00,ZONE_B01,0.61,20.2,-20.7,0.65
2024-03-07 09:00:00,ZONE_B02,0.61,20.2,-20.7,0.65
2024-03-07 10:00:00,ZONE_M01,0.55,19.9,-22.5,0.66
2024-03-07 10:00:00,ZONE_M02,0.55,18.5,-22.5,0.66
2024-03-07 10:00:00,ZONE_M03,0.55,19.4,-22.5,0.66
2024-03-07 10:00:00,ZONE_B01,0.55,19.4,-22.5,0.66
2024-03-07 10:00:00,ZONE_B02,0.55,20.6,-22.5,0.66
2024-03-07 11:00:00,ZONE_M01,0.73,20.7,-23.2,0.75
2024-03-07 11:00:00,ZONE_M02,0.73,20.6,-23.2,0.75
2024-03-07 11:00:00,ZONE_M03,0.73,20.4,-23.2,0.75
2024-03-07 11:00:00,ZONE_B01,0.73,19.3,-23.2,0.75
2024-03-07 11:00:00,ZONE_B02,0.73,19.1,-23.2,0.75
2024-03-07 12:00:00,ZONE_M01,0.42,19.7,-20.1,0.57
2024-03-07 12:00:00,ZONE_M02,0.42,20.0,-20.1,0.57
2024-03-07 12:00:00,ZONE_M03,0.42,19.6,-20.1,0.57
2024-03-07 12:00:00,ZONE_B01,0.42,19.2,-20.1,0.57
2024-03-07 12:00:00,ZONE_B02,0.42,19.1,-20.1,0.57
2024-03-07 13:00:00,ZONE_M01,0.77,21.2,-23.2,0.76
2024-03-07 13:00:00,ZONE_M02,0.77,20.7,-23.2,0.76
2024-03-07 13:00:00,ZONE_M03,0.77,19.9,-23.2,0.76
2024-03-07 13:00:00,ZONE_B01,0.77,20.8,-23.2,0.76
2024-03-07 13:00:00,ZONE_B02,0.77,21.0,-23.2,0.76
2024-03-07 14:00:00,ZONE_M01,0.65,19.6,-25.1,0.74
2024-03-07 14:00:00,ZONE_M02,0.65,20.2,-25.1,0.74
2024-03-07 14:00:00,ZONE_M03,0.65,19.9,-25.1,0.74
2024-03-07 14:00:00,ZONE_B01,0.65,19.9,-25.1,0.74
2024-03-07 14:00:00,ZONE_B02,0.65,20.5,-25.1,0.74
2024-03-07 15:00:00,ZONE_M01,0.66,19.5,-22.4,0.7
2024-03-07 15:00:00,ZONE_M02,0.66,19.9,-22.4,0.7
2024-03-07 15:00:00,ZONE_M03,0.66,20.2,-22.4,0.7
2024-03-07 15:00:00,ZONE_B01,0.66,19.5,-22.4,0.7
2024-03-07 15:00:00,ZONE_B02,0.66,20.2,-22.4,0.7
2024-03-07 16:00:00,ZONE_M01,0.66,19.8,-24.2,0.73
2024-03-07 16:00:00,ZONE_M02,0.66,20.1,-24.2,0.73
2024-03-07 16:00:00,ZONE_M03,0.66,19.6,-24.2,0.73
2024-03-07 16:00:00,ZONE_B01,0.66,20.1,-24.2,0.73
2024-03-07 16:00:00,ZONE_B02,0.66,20.1,-24.2,0.73
2024-03-07 17:00:00,ZONE_M01,0.49,19.6,-23.7,0.65
2024-03-07 17:00:00,ZONE_M02,0.49,20.4,-23.7,0.65
2024-03-07 17:00:00,ZONE_M03,0.49,19.8,-23.7,0.65
2024-03-07 17:00:00,ZONE_B01,0.49,20.0,-23.7,0.65
2024-03-07 17:00:00,ZONE_B02,0.49,19.7,-23.7,0.65
2024-03-07 18:00:00,ZONE_M01,0.84,20.9,-29.8,0.92
2024-03-07 18:00:00,ZONE_M02,0.84,20.7,-29.8,0.92
2024-03-07 18:00:00,ZONE_M03,0.84,21.0,-29.8,0.92
2024-03-07 18:00:00,ZONE_B01,0.84,19.9,-29.8,0.92
2024-03-07 18:00:00,ZONE_B02,0.84,20.3,-29.8,0.92
2024-03-07 19:00:00,ZONE_M01,0.66,19.7,-26.6,0.77
2024-03-07 19:00:00,ZONE_M02,0.66,20.1,-26.6,0.77
2024-03-07 19:00:00,ZONE_M03,0.66,19.4,-26.6,0.77
2024-03-07 19:00:00,ZONE_B01,0.66,20.2,-26.6,0.77
2024-03-07 19:00:00,ZONE_B02,0.66,20.3,-26.6,0.77
2024-03-07 20:00:00,ZONE_M01,0.71,20.4,-25.6,0.78
2024-03-07 20:00:00,ZONE_M02,0.71,21.6,-25.6,0.78
2024-03-07 20:00:00,ZONE_M03,0.71,21.4,-25.6,0.78
2024-03-07 20:00:00,ZONE_B01,0.71,20.6,-25.6,0.78
2024-03-07 20:00:00,ZONE_B02,0.71,20.5,-25.6,0.78
2024-03-07 21:00:00,ZONE_M01,0.28,19.8,-24.3,0.57
2024-03-07 21:00:00,ZONE_M02,0.28,19.3,-24.3,0.57
2024-03-07 21:00:00,ZONE_M03,0.28,17.9,-24.3,0.57
2024-03-07 21:00:00,ZONE_B01,0.28,18.7,-24.3,0.57
2024-03-07 21:00:00,ZONE_B02,0.28,19.1,-24.3,0.57
2024-03-07 22:00:00,ZONE_M01,0.72,20.7,-24.4,0.77
2024-03-07 22:00:00,ZONE_M02,0.72,20.2,-24.4,0.77
2024-03-07 22:00:00,ZONE_M03,0.72,20.3,-24.4,0.77
2024-03-07 22:00:00,ZONE_B01,0.72,20.7,-24.4,0.77
2024-03-07 22:00:00,ZONE_B02,0.72,20.1,-24.4,0.77
2024-03-07 23:00:00,ZONE_M01,0.2,18.6,-22.1,0.51
2024-03-07 23:00:00,ZONE_M02,0.2,19.0,-22.1,0.51
2024-03-07 23:00:00,ZONE_M03,0.2,18.7,-22.1,0.51
2024-03-07 23:00:00,ZONE_B01,0.2,19.7,-22.1,0.51
2024-03-07 23:00:00,ZONE_B02,0.2,18.4,-22.1,0.51
2024-03-08 00:00:00,ZONE_M01,0.12,17.4,-22.2,0.47
2024-03-08 00:00:00,ZONE_M02,0.12,19.0,-22.2,0.47
2024-03-08 00:00:00,ZONE_M03,0.12,18.7,-22.2,0.47
2024-03-08 00:00:00,ZONE_B01,0.12,17.3,-22.2,0.47
2024-03-08 00:00:00,ZONE_B02,0.12,18.2,-22.2,0.47
2024-03-08 01:00:00,ZONE_M01,0.14,18.3,-25.8,0.52
2024-03-08 01:00:00,ZONE_M02,0.14,19.3,-25.8,0.52
2024-03-08 01:00:00,ZONE_M03,0.14,19.0,-25.8,0.52
2024-03-08 01:00:00,ZONE_B01,0.14,18.2,-25.8,0.52
2024-03-08 01:00:00,ZONE_B02,0.14,18.9,-25.8,0.52
2024-03-08 02:00:00,ZONE_M01,0.17,18.5,-24.1,0.51
2024-03-08 02:00:00,ZONE_M02,0.17,19.1,-24.1,0.51
2024-03-08 02:00:00,ZONE_M03,0.17,18.7,-24.1,0.51
2024-03-08 02:00:00,ZONE_B01,0.17,17.5,-24.1,0.51
2024-03-08 02:00:00,ZONE_B02,0.17,18.8,-24.1,0.51
2024-03-08 03:00:00,ZONE_M01,0.18,18.1,-24.5,0.52
2024-03-08 03:00:00,ZONE_M02,0.18,18.2,-24.5,0.52
2024-03-08 03:00:00,ZONE_M03,0.18,17.8,-24.5,0.52
2024-03-08 03:00:00,ZONE_B01,0.18,19.3,-24.5,0.52
2024-03-08 03:00:00,ZONE_B02,0.18,17.7,-24.5,0.52
2024-03-08 04:00:00,ZONE_M01,0.12,18.0,-24.1,0.49
2024-03-08 04:00:00,ZONE_M02,0.12,19.1,-24.1,0.49
2024-03-08 04:00:00,ZONE_M03,0.12,18.6,-24.1,0.49
2024-03-08 04:00:00,ZONE_B01,0.12,18.3,-24.1,0.49
2024-03-08 04:00:00,ZONE_B02,0.12,18.5,-24.1,0.49
2024-03-08 05:00:00,ZONE_M01,0.03,17.8,-22.5,0.44
2024-03-08 05:00:00,ZONE_M02,0.03,17.0,-22.5,0.44
2024-03-08 05:00:00,ZONE_M03,0.03,18.1,-22.5,0.44
2024-03-08 05:00:00,ZONE_B01,0.03,17.8,-22.5,0.44
2024-03-08 05:00:00,ZONE_B02,0.03,17.3,-22.5,0.44
2024-03-08 06:00:00,ZONE_M01,0.5,18.8,-26.0,0.69
2024-03-08 06:00:00,ZONE_M02,0.5,19.7,-26.0,0.69
2024-03-08 06:00:00,ZONE_M03,0.5,18.9,-26.0,0.69
2024-03-08 06:00:00,ZONE_B01,0.5,19.5,-26.0,0.69
2024-03-08 06:00:00,ZONE_B02,0.5,19.7,-26.0,0.69
2024-03-08 07:00:00,ZONE_M01,0.7,20.2,-23.7,0.74
2024-03-08 07:00:00,ZONE_M02,0.7,20.6,-23.7,0.74
2024-03-08 07:00:00,ZONE_M03,0.7,20.9,-23.7,0.74
2024-03-08 07:00:00,ZONE_B01,0.7,19.9,-23.7,0.74
2024-03-08 07:00:00,ZONE_B02,0.7,20.2,-23.7,0.74
2024-03-08 08:00:00,ZONE_M01,0.68,19.7,-25.2,0.76
2024-03-08 08:00:00,ZONE_M02,0.68,19.9,-25.2,0.76
2024-03-08 08:00:00,ZONE_M03,0.68,19.9,-25.2,0.76
2024-03-08 08:00:00,ZONE_B01,0.68,20.0,-25.2,0.76
2024-03-08 08:00:00,ZONE_B02,0.68,20.6,-25.2,0.76
2024-03-08 09:00:00,ZONE_M01,0.78,20.4,-22.0,0.75
2024-03-08 09:00:00,ZONE_M02,0.78,20.3,-22.0,0.75
2024-03-08 09:00:00,ZONE_M03,0.78,19.7,-22.0,0.75
2024-03-08 09:00:00,ZONE_B01,0.78,20.6,-22.0,0.75
2024-03-08 09:00:00,ZONE_B02,0.78,19.9,-22.0,0.75
2024-03-08 10:00:00,ZONE_M01,0.77,20.3,-22.8,0.76
2024-03-08 10:00:00,ZONE_M02,0.77,19.8,-22.8,0.76
2024-03-08 10:00:00,ZONE_M03,0.77,20.4,-22.8,0.76
2024-03-08 10:00:00,ZONE_B01,0.77,21.1,-22.8,0.76
2024-03-08 10:00:00,ZONE_B02,0.77,20.1,-22.8,0.76
2024-03-08 11:00:00,ZONE_M01,0.37,19.2,-26.7,0.64
2024-03-08 11:00:00,ZONE_M02,0.37,19.0,-26.7,0.64
2024-03-08 11:00:00,ZONE_M03,0.37,19.0,-26.7,0.64
2024-03-08 11:00:00,ZONE_B01,0.37,19.3,-26.7,0.64
2024-03-08 11:00:00,ZONE_B02,0.37,19.2,-26.7,0.64
2024-03-08 12:00:00,ZONE_M01,0.74,19.4,-22.8,0.75
2024-03-08 12:00:00,ZONE_M02,0.74,19.8,-22.8,0.75
2024-03-08 12:00:00,ZONE_M03,0.74,20.6,-22.8,0.75
2024-03-08 12:00:00,ZONE_B01,0.74,20.0,-22.8,0.75
2024-03-08 12:00:00,ZONE_B02,0.74,19.7,-22.8,0.75
2024-03-08 13:00:00,ZONE_M01,0.63,20.5,-22.1,0.69
2024-03-08 13:00:00,ZONE_M02,0.63,20.2,-22.1,0.69
2024-03-08 13:00:00,ZONE_M03,0.63,19.9,-22.1,0.69
2024-03-08 13:00:00,ZONE_B01,0.63,19.6,-22.1,0.69
2024-03-08 13:00:00,ZONE_B02,0.63,19.8,-22.1,0.69
2024-03-08 14:00:00,ZONE_M01,0.75,20.8,-25.1,0.79
2024-03-08 14:00:00,ZONE_M02,0.75,19.8,-25.1,0.79
2024-03-08 14:00:00,ZONE_M03,0.75,20.8,-25.1,0.79
2024-03-08 14:00:00,ZONE_B01,0.75,20.3,-25.1,0.79
2024-03-08 14:00:00,ZONE_B02,0.75,20.8,-25.1,0.79
2024-03-08 15:00:00,ZONE_M01,0.44,19.5,-18.9,0.56
2024-03-08 15:00:00,ZONE_M02,0.44,20.2,-18.9,0.56
2024-03-08 15:00:00,ZONE_M03,0.44,18.4,-18.9,0.56
2024-03-08 15:00:00,ZONE_B01,0.44,19.5,-18.9,0.56
2024-03-08 15:00:00,ZONE_B02,0.44,19.1,-18.9,0.56
2024-03-08 16:00:00,ZONE_M01,0.74,20.0,-22.3,0.74
2024-03-08 16:00:00,ZONE_M02,0.74,19.1,-22.3,0.74
2024-03-08 16:00:00,ZONE_M03,0.74,20.4,-22.3,0.74
2024-03-08 16:00:00,ZONE_B01,0.74,20.2,-22.3,0.74
2024-03-08 16:00:00,ZONE_B02,0.74,21.2,-22.3,0.74
2024-03-08 17:00:00,ZONE_M01,0.74,20.0,-26.6,0.81
2024-03-08 17:00:00,ZONE_M02,0.74,19.3,-26.6,0.81
2024-03-08 17:00:00,ZONE_M03,0.74,20.4,-26.6,0.81
2024-03-08 17:00:00,ZONE_B01,0.74,20.8,-26.6,0.81
2024-03-08 17:00:00,ZONE_B02,0.74,20.5,-26.6,0.81
2024-03-08 18:00:00,ZONE_M01,0.46,18.8,-25.3,0.66
2024-03-08 18:00:00,ZONE_M02,0.46,18.9,-25.3,0.66
2024-03-08 18:00:00,ZONE_M03,0.46,19.5,-25.3,0.66
2024-03-08 18:00:00,ZONE_B01,0.46,19.7,-25.3,0.66
2024-03-08 18:00:00,ZONE_B02,0.46,20.0,-25.3,0.66
2024-03-08 19:00:00,ZONE_M01,0.42,20.0,-18.8,0.55
2024-03-08 19:00:00,ZONE_M02,0.42,19.1,-18.8,0.55
2024-03-08 19:00:00,ZONE_M03,0.42,19.5,-18.8,0.55
2024-03-08 19:00:00,ZONE_B01,0.42,18.8,-18.8,0.55
2024-03-08 19:00:00,ZONE_B02,0.42,18.4,-18.8,0.55
2024-03-08 20:00:00,ZONE_M01,0.46,19.7,-25.2,0.66
2024-03-08 20:00:00,ZONE_M02,0.46,19.5,-25.2,0.66
2024-03-08 20:00:00,ZONE_M03,0.46,19.1,-25.2,0.66
2024-03-08 20:00:00,ZONE_B01,0.46,19.7,-25.2,0.66
2024-03-08 20:00:00,ZONE_B02,0.46,20.1,-25.2,0.66
2024-03-08 21:00:00,ZONE_M01,0.79,20.3,-26.3,0.83
2024-03-08 21:00:00,ZONE_M02,0.79,20.2,-26.3,0.83
2024-03-08 21:00:00,ZONE_M03,0.79,19.6,-26.3,0.83
2024-03-08 21:00:00,ZONE_B01,0.79,19.9,-26.3,0.83
2024-03-08 21:00:00,ZONE_B02,0.79,20.3,-26.3,0.83
2024-03-08 22:00:00,ZONE_M01,0.6,19.9,-25.2,0.72
2024-03-08 22:00:00,ZONE_M02,0.6,19.1,-25.2,0.72
2024-03-08 22:00:00,ZONE_M03,0.6,20.6,-25.2,0.72
2024-03-08 22:00:00,ZONE_B01,0.6,20.1,-25.2,0.72
2024-03-08 22:00:00,ZONE_B02,0.6,19.7,-25.2,0.72
2024-03-08 23:00:00,ZONE_M01,0.06,17.4,-27.2,0.5
2024-03-08 23:00:00,ZONE_M02,0.06,18.6,-27.2,0.5
2024-03-08 23:00:00,ZONE_M03,0.06,18.3,-27.2,0.5
2024-03-08 23:00:00,ZONE_B01,0.06,18.6,-27.2,0.5
2024-03-08 23:00:00,ZONE_B02,0.06,18.0,-27.2,0.5
2024-03-09 00:00:00,ZONE_M01,0.09,18.0,-21.8,0.46
2024-03-09 00:00:00,ZONE_M02,0.09,17.5,-21.8,0.46
2024-03-09 00:00:00,ZONE_M03,0.09,18.5,-21.8,0.46
2024-03-09 00:00:00,ZONE_B01,0.09,18.1,-21.8,0.46
2024-03-09 00:00:00,ZONE_B02,0.09,18.6,-21.8,0.46
2024-03-09 01:00:00,ZONE_M01,0.1,17.7,-23.9,0.48
2024-03-09 01:00:00,ZONE_M02,0.1,18.2,-23.9,0.48
2024-03-09 01:00:00,ZONE_M03,0.1,18.7,-23.9,0.48
2024-03-09 01:00:00,ZONE_B01,0.1,17.7,-23.9,0.48
2024-03-09 01:00:00,ZONE_B02,0.1,18.1,-23.9,0.48
2024-03-09 02:00:00,ZONE_M01,0.2,18.4,-22.2,0.51
2024-03-09 02:00:00,ZONE_M02,0.2,19.6,-22.2,0.51
2024-03-09 02:00:00,ZONE_M03,0.2,19.2,-22.2,0.51
2024-03-09 02:00:00,ZONE_B01,0.2,18.1,-22.2,0.51
2024-03-09 02:00:00,ZONE_B02,0.2,18.6,-22.2,0.51
2024-03-09 03:00:00,ZONE_M01,0.05,18.5,-24.2,0.47
2024-03-09 03:00:00,ZONE_M02,0.05,18.5,-24.2,0.47
2024-03-09 03:00:00,ZONE_M03,0.05,18.2,-24.2,0.47
2024-03-09 03:00:00,ZONE_B01,0.05,18.1,-24.2,0.47
2024-03-09 03:00:00,ZONE_B02,0.05,17.7,-24.2,0.47
2024-03-09 04:00:00,ZONE_M01,0.07,17.5,-25.5,0.49
2024-03-09 04:00:00,ZONE_M02,0.07,17.6,-25.5,0.49
2024-03-09 04:00:00,ZONE_M03,0.07,18.3,-25.5,0.49
2024-03-09 04:00:00,ZONE_B01,0.07,17.3,-25.5,0.49
2024-03-09 04:00:00,ZONE_B02,0.07,17.6,-25.5,0.49
2024-03-09 05:00:00,ZONE_M01,0.27,19.0,-22.0,0.54
2024-03-09 05:00:00,ZONE_M02,0.27,18.5,-22.0,0.54
2024-03-09 05:00:00,ZONE_M03,0.27,18.4,-22.0,0.54
2024-03-09 05:00:00,ZONE_B01,0.27,18.6,-22.0,0.54
2024-03-09 05:00:00,ZONE_B02,0.27,18.4,-22.0,0.54
2024-03-09 06:00:00,ZONE_M01,0.72,20.5,-23.0,0.74
2024-03-09 06:00:00,ZONE_M02,0.72,19.9,-23.0,0.74
2024-03-09 06:00:00,ZONE_M03,0.72,19.9,-23.0,0.74
2024-03-09 06:00:00,ZONE_B01,0.72,19.9,-23.0,0.74
2024-03-09 06:00:00,ZONE_B02,0.72,20.2,-23.0,0.74
2024-03-09 07:00:00,ZONE_M01,0.72,19.8,-25.2,0.78
2024-03-09 07:00:00,ZONE_M02,0.72,20.6,-25.2,0.78
2024-03-09 07:00:00,ZONE_M03,0.72,20.5,-25.2,0.78
2024-03-09 07:00:00,ZONE_B01,0.72,19.8,-25.2,0.78
2024-03-09 07:00:00,ZONE_B02,0.72,19.9,-25.2,0.78
2024-03-09 08:00:00,ZONE_M01,0.62,19.8,-21.4,0.67
2024-03-09 08:00:00,ZONE_M02,0.62,19.3,-21.4,0.67
2024-03-09 08:00:00,ZONE_M03,0.62,19.6,-21.4,0.67
2024-03-09 08:00:00,ZONE_B01,0.62,19.8,-21.4,0.67
2024-03-09 08:00:00,ZONE_B02,0.62,21.3,-21.4,0.67
2024-03-09 09:00:00,ZONE_M01,0.57,19.9,-23.8,0.69
2024-03-09 09:00:00,ZONE_M02,0.57,19.9,-23.8,0.69
2024-03-09 09:00:00,ZONE_M03,0.57,20.3,-23.8,0.69
2024-03-09 09:00:00,ZONE_B01,0.57,20.0,-23.8,0.69
2024-03-09 09:00:00,ZONE_B02,0.57,19.8,-23.8,0.69
2024-03-09 10:00:00,ZONE_M01,0.74,19.3,-25.7,0.79
2024-03-09 10:00:00,ZONE_M02,0.74,20.3,-25.7,0.79
2024-03-09 10:00:00,ZONE_M03,0.74,20.3,-25.7,0.79
2024-03-09 10:00:00,ZONE_B01,0.74,19.3,-25.7,0.79
2024-03-09 10:00:00,ZONE_B02,0.74,20.2,-25.7,0.79
2024-03-09 11:00:00,ZONE_M01,0.77,20.6,-23.4,0.77
2024-03-09 11:00:00,ZONE_M02,0.77,20.1,-23.4,0.77
2024-03-09 11:00:00,ZONE_M03,0.77,20.8,-23.4,0.77
2024-03-09 11:00:00,ZONE_B01,0.77,19.9,-23.4,0.77
2024-03-09 11:00:00,ZONE_B02,0.77,20.3,-23.4,0.77
2024-03-09 12:00:00,ZONE_M01,0.95,21.7,-25.7,0.89
2024-03-09 12:00:00,ZONE_M02,0.95,22.0,-25.7,0.89
2024-03-09 12:00:00,ZONE_M03,0.95,20.1,-25.7,0.89
2024-03-09 12:00:00,ZONE_B01,0.95,21.2,-25.7,0.89
2024-03-09 12:00:00,ZONE_B02,0.95,20.9,-25.7,0.89
2024-03-09 13:00:00,ZONE_M01,0.6,20.0,-26.6,0.74
2024-03-09 13:00:00,ZONE_M02,0.6,19.4,-26.6,0.74
2024-03-09 13:00:00,ZONE_M03,0.6,19.8,-26.6,0.74
2024-03-09 13:00:00,ZONE_B01,0.6,20.2,-26.6,0.74
2024-03-09 13:00:00,ZONE_B02,0.6,19.9,-26.6,0.74
2024-03-09 14:00:00,ZONE_M01,0.67,20.3,-26.8,0.78
2024-03-09 14:00:00,ZONE_M02,0.67,19.5,-26.8,0.78
2024-03-09 14:00:00,ZONE_M03,0.67,19.7,-26.8,0.78
2024-03-09 14:00:00,ZONE_B01,0.67,20.4,-26.8,0.78
2024-03-09 14:00:00,ZONE_B02,0.67,20.0,-26.8,0.78
2024-03-09 15:00:00,ZONE_M01,0.91,21.0,-24.7,0.85
2024-03-09 15:00:00,ZONE_M02,0.91,21.2,-24.7,0.85
2024-03-09 15:00:00,ZONE_M03,0.91,20.1,-24.7,0.85
2024-03-09 15:00:00,ZONE_B01,0.91,21.1,-24.7,0.85
2024-03-09 15:00:00,ZONE_B02,0.91,20.5,-24.7,0.85
2024-03-09 16:00:00,ZONE_M01,0.67,20.6,-24.9,0.75
2024-03-09 16:00:00,ZONE_M02,0.67,20.1,-24.9,0.75
2024-03-09 16:00:00,ZONE_M03,0.67,20.2,-24.9,0.75
2024-03-09 16:00:00,ZONE_B01,0.67,20.7,-24.9,0.75
2024-03-09 16:00:00,ZONE_B02,0.67,19.7,-24.9,0.75
2024-03-09 17:00:00,ZONE_M01,0.65,20.4,-22.4,0.7
2024-03-09 17:00:00,ZONE_M02,0.65,20.1,-22.4,0.7
2024-03-09 17:00:00,ZONE_M03,0.65,19.5,-22.4,0.7
2024-03-09 17:00:00,ZONE_B01,0.65,19.9,-22.4,0.7
2024-03-09 17:00:00,ZONE_B02,0.65,19.7,-22.4,0.7
2024-03-09 18:00:00,ZONE_M01,0.87,20.4,-24.8,0.84
2024-03-09 18:00:00,ZONE_M02,0.87,20.2,-24.8,0.84
2024-03-09 18:00:00,ZONE_M03,0.87,19.3,-24.8,0.84
2024-03-09 18:00:00,ZONE_B01,0.87,19.5,-24.8,0.84
2024-03-09 18:00:00,ZONE_B02,0.87,21.9,-24.8,0.84
2024-03-09 19:00:00,ZONE_M01,0.75,19.7,-22.6,0.75
2024-03-09 19:00:00,ZONE_M02,0.75,21.2,-22.6,0.75
2024-03-09 19:00:00,ZONE_M03,0.75,21.1,-22.6,0.75
2024-03-09 19:00:00,ZONE_B01,0.75,19.7,-22.6,0.75
2024-03-09 19:00:00,ZONE_B02,0.75,21.5,-22.6,0.75
2024-03-09 20:00:00,ZONE_M01,0.56,19.5,-23.4,0.68
2024-03-09 20:00:00,ZONE_M02,0.56,20.0,-23.4,0.68
2024-03-09 20:00:00,ZONE_M03,0.56,19.0,-23.4,0.68
2024-03-09 20:00:00,ZONE_B01,0.56,20.1,-23.4,0.68
2024-03-09 20:00:00,ZONE_B02,0.56,19.2,-23.4,0.68
2024-03-09 21:00:00,ZONE_M01,0.45,18.8,-27.2,0.68
2024-03-09 21:00:00,ZONE_M02,0.45,19.0,-27.2,0.68
2024-03-09 21:00:00,ZONE_M03,0.45,19.7,-27.2,0.68
2024-03-09 21:00:00,ZONE_B01,0.45,19.6,-27.2,0.68
2024-03-09 21:00:00,ZONE_B02,0.45,19.1,-27.2,0.68
2024-03-09 22:00:00,ZONE_M01,0.47,19.2,-22.9,0.63
2024-03-09 22:00:00,ZONE_M02,0.47,19.2,-22.9,0.63
2024-03-09 22:00:00,ZONE_M03,0.47,19.4,-22.9,0.63
2024-03-09 22:00:00,ZONE_B01,0.47,18.8,-22.9,0.63
2024-03-09 22:00:00,ZONE_B02,0.47,19.9,-22.9,0.63
2024-03-09 23:00:00,ZONE_M01,0.01,18.1,-28.7,0.49
2024-03-09 23:00:00,ZONE_M02,0.01,18.3,-28.7,0.49
2024-03-09 23:00:00,ZONE_M03,0.01,18.5,-28.7,0.49
2024-03-09 23:00:00,ZONE_B01,0.01,18.2,-28.7,0.49
2024-03-09 23:00:00,ZONE_B02,0.01,17.4,-28.7,0.49
2024-03-10 00:00:00,ZONE_M01,0.12,17.6,-22.0,0.47
2024-03-10 00:00:00,ZONE_M02,0.12,18.0,-22.0,0.47
2024-03-10 00:00:00,ZONE_M03,0.12,18.4,-22.0,0.47
2024-03-10 00:00:00,ZONE_B01,0.12,18.7,-22.0,0.47
2024-03-10 00:00:00,ZONE_B02,0.12,18.7,-22.0,0.47
2024-03-10 01:00:00,ZONE_M01,0.04,18.4,-25.8,0.48
2024-03-10 01:00:00,ZONE_M02,0.04,19.1,-25.8,0.48
2024-03-10 01:00:00,ZONE_M03,0.04,17.1,-25.8,0.48
2024-03-10 01:00:00,ZONE_B01,0.04,18.4,-25.8,0.48
2024-03-10 01:00:00,ZONE_B02,0.04,17.7,-25.8,0.48
2024-03-10 02:00:00,ZONE_M01,0.04,18.1,-27.8,0.5
2024-03-10 02:00:00,ZONE_M02,0.04,19.3,-27.8,0.5
2024-03-10 02:00:00,ZONE_M03,0.04,17.4,-27.8,0.5
2024-03-10 02:00:00,ZONE_B01,0.04,18.0,-27.8,0.5
2024-03-10 02:00:00,ZONE_B02,0.04,17.9,-27.8,0.5
2024-03-10 03:00:00,ZONE_M01,0.11,17.9,-25.2,0.5
2024-03-10 03:00:00,ZONE_M02,0.11,17.2,-25.2,0.5
2024-03-10 03:00:00,ZONE_M03,0.11,18.2,-25.2,0.5
2024-03-10 03:00:00,ZONE_B01,0.11,19.1,-25.2,0.5
2024-03-10 03:00:00,ZONE_B02,0.11,19.6,-25.2,0.5
2024-03-10 04:00:00,ZONE_M01,0.16,18.1,-26.4,0.54
2024-03-10 04:00:00,ZONE_M02,0.16,18.7,-26.4,0.54
2024-03-10 04:00:00,ZONE_M03,0.16,18.4,-26.4,0.54
2024-03-10 04:00:00,ZONE_B01,0.16,19.1,-26.4,0.54
2024-03-10 04:00:00,ZONE_B02,0.16,18.4,-26.4,0.54
2024-03-10 05:00:00,ZONE_M01,0.27,18.8,-27.0,0.6
2024-03-10 05:00:00,ZONE_M02,0.27,19.0,-27.0,0.6
2024-03-10 05:00:00,ZONE_M03,0.27,18.8,-27.0,0.6
2024-03-10 05:00:00,ZONE_B01,0.27,17.6,-27.0,0.6
2024-03-10 05:00:00,ZONE_B02,0.27,18.9,-27.0,0.6
2024-03-10 06:00:00,ZONE_M01,0.64,20.4,-20.0,0.65
2024-03-10 06:00:00,ZONE_M02,0.64,20.2,-20.0,0.65
2024-03-10 06:00:00,ZONE_M03,0.64,19.6,-20.0,0.65
2024-03-10 06:00:00,ZONE_B01,0.64,20.3,-20.0,0.65
2024-03-10 06:00:00,ZONE_B02,0.64,20.0,-20.0,0.65
2024-03-10 07:00:00,ZONE_M01,0.46,19.8,-24.6,0.65
2024-03-10 07:00:00,ZONE_M02,0.46,20.4,-24.6,0.65
2024-03-10 07:00:00,ZONE_M03,0.46,20.0,-24.6,0.65
2024-03-10 07:00:00,ZONE_B01,0.46,19.3,-24.6,0.65
2024-03-10 07:00:00,ZONE_B02,0.46,19.3,-24.6,0.65
2024-03-10 08:00:00,ZONE_M01,0.66,19.8,-23.3,0.72
2024-03-10 08:00:00,ZONE_M02,0.66,20.8,-23.3,0.72
2024-03-10 08:00:00,ZONE_M03,0.66,20.2,-23.3,0.72
2024-03-10 08:00:00,ZONE_B01,0.66,20.0,-23.3,0.72
2024-03-10 08:00:00,ZONE_B02,0.66,20.3,-23.3,0.72
2024-03-10 09:00:00,ZONE_M01,0.39,19.8,-22.9,0.6
2024-03-10 09:00:00,ZONE_M02,0.39,18.7,-22.9,0.6
2024-03-10 09:00:00,ZONE_M03,0.39,19.0,-22.9,0.6
2024-03-10 09:00:00,ZONE_B01,0.39,19.4,-22.9,0.6
2024-03-10 09:00:00,ZONE_B02,0.39,19.6,-22.9,0.6
2024-03-10 10:00:00,ZONE_M01,0.61,20.1,-23.7,0.71
2024-03-10 10:00:00,ZONE_M02,0.61,19.0,-23.7,0.71
2024-03-10 10:00:00,ZONE_M03,0.61,19.1,-23.7,0.71
2024-03-10 10:00:00,ZONE_B01,0.61,19.9,-23.7,0.71
2024-03-10 10:00:00,ZONE_B02,0.61,20.0,-23.7,0.71
2024-03-10 11:00:00,ZONE_M01,0.63,20.7,-25.4,0.74
2024-03-10 11:00:00,ZONE_M02,0.63,20.7,-25.4,0.74
2024-03-10 11:00:00,ZONE_M03,0.63,19.5,-25.4,0.74
2024-03-10 11:00:00,ZONE_B01,0.63,19.1,-25.4,0.74
2024-03-10 11:00:00,ZONE_B02,0.63,19.8,-25.4,0.74
2024-03-10 12:00:00,ZONE_M01,0.67,20.2,-26.3,0.77
2024-03-10 12:00:00,ZONE_M02,0.67,19.6,-26.3,0.77
2024-03-10 12:00:00,ZONE_M03,0.67,20.1,-26.3,0.77
2024-03-10 12:00:00,ZONE_B01,0.67,19.5,-26.3,0.77
2024-03-10 12:00:00,ZONE_B02,0.67,20.3,-26.3,0.77
2024-03-10 13:00:00,ZONE_M01,0.42,19.7,-27.0,0.67
2024-03-10 13:00:00,ZONE_M02,0.42,19.3,-27.0,0.67
2024-03-10 13:00:00,ZONE_M03,0.42,19.4,-27.0,0.67
2024-03-10 13:00:00,ZONE_B01,0.42,19.2,-27.0,0.67
2024-03-10 13:00:00,ZONE_B02,0.42,19.9,-27.0,0.67
2024-03-10 14:00:00,ZONE_M01,0.82,19.8,-25.6,0.83
2024-03-10 14:00:00,ZONE_M02,0.82,20.0,-25.6,0.83
2024-03-10 14:00:00,ZONE_M03,0.82,20.6,-25.6,0.83
2024-03-10 14:00:00,ZONE_B01,0.82,20.8,-25.6,0.83
2024-03-10 14:00:00,ZONE_B02,0.82,21.1,-25.6,0.83
2024-03-10 15:00:00,ZONE_M01,0.67,20.8,-26.8,0.78
2024-03-10 15:00:00,ZONE_M02,0.67,21.2,-26.8,0.78
2024-03-10 15:00:00,ZONE_M03,0.67,19.4,-26.8,0.78
2024-03-10 15:00:00,ZONE_B01,0.67,19.4,-26.8,0.78
2024-03-10 15:00:00,ZONE_B02,0.67,20.0,-26.8,0.78
2024-03-10 16:00:00,ZONE_M01,0.36,18.5,-21.7,0.57
2024-03-10 16:00:00,ZONE_M02,0.36,20.2,-21.7,0.57
2024-03-10 16:00:00,ZONE_M03,0.36,18.4,-21.7,0.57
2024-03-10 16:00:00,ZONE_B01,0.36,19.0,-21.7,0.57
2024-03-10 16:00:00,ZONE_B02,0.36,18.9,-21.7,0.57
2024-03-10 17:00:00,ZONE_M01,0.51,20.0,-20.8,0.62
2024-03-10 17:00:00,ZONE_M02,0.51,20.0,-20.8,0.62
2024-03-10 17:00:00,ZONE_M03,0.51,18.9,-20.8,0.62
2024-03-10 17:00:00,ZONE_B01,0.51,19.4,-20.8,0.62
2024-03-10 17:00:00,ZONE_B02,0.51,19.2,-20.8,0.62
2024-03-10 18:00:00,ZONE_M01,0.74,19.5,-26.0,0.8
2024-03-10 18:00:00,ZONE_M02,0.74,20.6,-26.0,0.8
2024-03-10 18:00:00,ZONE_M03,0.74,20.7,-26.0,0.8
2024-03-10 18:00:00,ZONE_B01,0.74,20.3,-26.0,0.8
2024-03-10 18:00:00,ZONE_B02,0.74,20.1,-26.0,0.8
2024-03-10 19:00:00,ZONE_M01,0.63,19.2,-20.5,0.66
2024-03-10 19:00:00,ZONE_M02,0.63,20.6,-20.5,0.66
2024-03-10 19:00:00,ZONE_M03,0.63,19.5,-20.5,0.66
2024-03-10 19:00:00,ZONE_B01,0.63,20.1,-20.5,0.66
2024-03-10 19:00:00,ZONE_B02,0.63,20.2,-20.5,0.66
2024-03-10 20:00:00,ZONE_M01,0.76,20.3,-23.8,0.77
2024-03-10 20:00:00,ZONE_M02,0.76,20.1,-23.8,0.77
2024-03-10 20:00:00,ZONE_M03,0.76,20.0,-23.8,0.77
2024-03-10 20:00:00,ZONE_B01,0.76,20.2,-23.8,0.77
2024-03-10 20:00:00,ZONE_B02,0.76,21.0,-23.8,0.77
2024-03-10 21:00:00,ZONE_M01,0.96,20.6,-25.4,0.89
2024-03-10 21:00:00,ZONE_M02,0.96,20.2,-25.4,0.89
2024-03-10 21:00:00,ZONE_M03,0.96,20.5,-25.4,0.89
2024-03-10 21:00:00,ZONE_B01,0.96,20.2,-25.4,0.89
2024-03-10 21:00:00,ZONE_B02,0.96,20.7,-25.4,0.89
2024-03-10 22:00:00,ZONE_M01,0.51,19.9,-23.0,0.65
2024-03-10 22:00:00,ZONE_M02,0.51,19.9,-23.0,0.65
2024-03-10 22:00:00,ZONE_M03,0.51,20.0,-23.0,0.65
2024-03-10 22:00:00,ZONE_B01,0.51,19.1,-23.0,0.65
2024-03-10 22:00:00,ZONE_B02,0.51,19.2,-23.0,0.65
2024-03-10 23:00:00,ZONE_M01,0.22,18.5,-25.8,0.56
2024-03-10 23:00:00,ZONE_M02,0.22,19.3,-25.8,0.56
2024-03-10 23:00:00,ZONE_M03,0.22,19.4,-25.8,0.56
2024-03-10 23:00:00,ZONE_B01,0.22,19.7,-25.8,0.56
2024-03-10 23:00:00,ZONE_B02,0.22,18.3,-25.8,0.56
2024-03-11 00:00:00,ZONE_M01,0.11,18.4,-23.4,0.48
2024-03-11 00:00:00,ZONE_M02,0.11,17.3,-23.4,0.48
2024-03-11 00:00:00,ZONE_M03,0.11,18.0,-23.4,0.48
2024-03-11 00:00:00,ZONE_B01,0.11,18.6,-23.4,0.48
2024-03-11 00:00:00,ZONE_B02,0.11,17.9,-23.4,0.48
2024-03-11 01:00:00,ZONE_M01,0.17,18.4,-25.8,0.53
2024-03-11 01:00:00,ZONE_M02,0.17,18.9,-25.8,0.53
2024-03-11 01:00:00,ZONE_M03,0.17,19.7,-25.8,0.53
2024-03-11 01:00:00,ZONE_B01,0.17,18.5,-25.8,0.53
2024-03-11 01:00:00,ZONE_B02,0.17,18.3,-25.8,0.53
2024-03-11 02:00:00,ZONE_M01,0.17,18.1,-22.3,0.49
2024-03-11 02:00:00,ZONE_M02,0.17,18.8,-22.3,0.49
2024-03-11 02:00:00,ZONE_M03,0.17,17.7,-22.3,0.49
2024-03-11 02:00:00,ZONE_B01,0.17,18.5,-22.3,0.49
2024-03-11 02:00:00,ZONE_B02,0.17,18.4,-22.3,0.49
2024-03-11 03:00:00,ZONE_M01,0.02,18.5,-26.6,0.48
2024-03-11 03:00:00,ZONE_M02,0.02,17.8,-26.6,0.48
2024-03-11 03:00:00,ZONE_M03,0.02,17.4,-26.6,0.48
2024-03-11 03:00:00,ZONE_B01,0.02,18.6,-26.6,0.48
2024-03-11 03:00:00,ZONE_B02,0.02,18.2,-26.6,0.48
2024-03-11 04:00:00,ZONE_M01,0.25,19.0,-22.9,0.53
2024-03-11 04:00:00,ZONE_M02,0.25,18.3,-22.9,0.53
2024-03-11 04:00:00,ZONE_M03,0.25,19.1,-22.9,0.53
2024-03-11 04:00:00,ZONE_B01,0.25,19.4,-22.9,0.53
2024-03-11 04:00:00,ZONE_B02,0.25,18.6,-22.9,0.53
2024-03-11 05:00:00,ZONE_M01,0.13,18.4,-23.4,0.49
2024-03-11 05:00:00,ZONE_M02,0.13,18.7,-23.4,0.49
2024-03-11 05:00:00,ZONE_M03,0.13,19.5,-23.4,0.49
2024-03-11 05:00:00,ZONE_B01,0.13,18.6,-23.4,0.49
2024-03-11 05:00:00,ZONE_B02,0.13,18.6,-23.4,0.49
2024-03-11 06:00:00,ZONE_M01,0.55,19.6,-21.8,0.65
2024-03-11 06:00:00,ZONE_M02,0.55,20.0,-21.8,0.65
2024-03-11 06:00:00,ZONE_M03,0.55,19.5,-21.8,0.65
2024-03-11 06:00:00,ZONE_B01,0.55,19.4,-21.8,0.65
2024-03-11 06:00:00,ZONE_B02,0.55,20.2,-21.8,0.65
2024-03-11 07:00:00,ZONE_M01,0.62,19.9,-24.6,0.72
2024-03-11 07:00:00,ZONE_M02,0.62,19.9,-24.6,0.72
2024-03-11 07:00:00,ZONE_M03,0.62,19.5,-24.6,0.72
2024-03-11 07:00:00,ZONE_B01,0.62,19.7,-24.6,0.72
2024-03-11 07:00:00,ZONE_B02,0.62,19.6,-24.6,0.72
2024-03-11 08:00:00,ZONE_M01,0.54,19.2,-24.3,0.68
2024-03-11 08:00:00,ZONE_M02,0.54,20.4,-24.3,0.68
2024-03-11 08:00:00,ZONE_M03,0.54,19.7,-24.3,0.68
2024-03-11 08:00:00,ZONE_B01,0.54,19.7,-24.3,0.68
2024-03-11 08:00:00,ZONE_B02,0.54,20.1,-24.3,0.68
2024-03-11 09:00:00,ZONE_M01,0.49,19.0,-19.8,0.59
2024-03-11 09:00:00,ZONE_M02,0.49,19.7,-19.8,0.59
2024-03-11 09:00:00,ZONE_M03,0.49,18.9,-19.8,0.59
2024-03-11 09:00:00,ZONE_B01,0.49,19.6,-19.8,0.59
2024-03-11 09:00:00,ZONE_B02,0.49,19.2,-19.8,0.59
2024-03-11 10:00:00,ZONE_M01,0.78,21.2,-23.9,0.78
2024-03-11 10:00:00,ZONE_M02,0.78,20.2,-23.9,0.78
2024-03-11 10:00:00,ZONE_M03,0.78,20.2,-23.9,0.78
2024-03-11 10:00:00,ZONE_B01,0.78,19.6,-23.9,0.78
2024-03-11 10:00:00,ZONE_B02,0.78,19.9,-23.9,0.78
2024-03-11 11:00:00,ZONE_M01,0.65,19.3,-22.1,0.7
2024-03-11 11:00:00,ZONE_M02,0.65,20.7,-22.1,0.7
2024-03-11 11:00:00,ZONE_M03,0.65,19.5,-22.1,0.7
2024-03-11 11:00:00,ZONE_B01,0.65,20.1,-22.1,0.7
2024-03-11 11:00:00,ZONE_B02,0.65,20.6,-22.1,0.7
2024-03-11 12:00:00,ZONE_M01,0.62,20.2,-25.5,0.74
2024-03-11 12:00:00,ZONE_M02,0.62,19.4,-25.5,0.74
2024-03-11 12:00:00,ZONE_M03,0.62,19.9,-25.5,0.74
2024-03-11 12:00:00,ZONE_B01,0.62,20.6,-25.5,0.74
2024-03-11 12:00:00,ZONE_B02,0.62,20.2,-25.5,0.74
2024-03-11 13:00:00,ZONE_M01,0.65,20.8,-26.8,0.77
2024-03-11 13:00:00,ZONE_M02,0.65,18.7,-26.8,0.77
2024-03-11 13:00:00,ZONE_M03,0.65,19.2,-26.8,0.77
2024-03-11 13:00:00,ZONE_B01,0.65,19.9,-26.8,0.77
2024-03-11 13:00:00,ZONE_B02,0.65,20.0,-26.8,0.77
2024-03-11 14:00:00,ZONE_M01,0.51,20.0,-23.8,0.66
2024-03-11 14:00:00,ZONE_M02,0.51,19.7,-23.8,0.66
2024-03-11 14:00:00,ZONE_M03,0.51,19.7,-23.8,0.66
2024-03-11 14:00:00,ZONE_B01,0.51,20.1,-23.8,0.66
2024-03-11 14:00:00,ZONE_B02,0.51,19.5,-23.8,0.66
2024-03-11 15:00:00,ZONE_M01,0.65,20.1,-19.8,0.66
2024-03-11 15:00:00,ZONE_M02,0.65,19.9,-19.8,0.66
2024-03-11 15:00:00,ZONE_M03,0.65,20.5,-19.8,0.66
2024-03-11 15:00:00,ZONE_B01,0.65,20.2,-19.8,0.66
2024-03-11 15:00:00,ZONE_B02,0.65,19.9,-19.8,0.66
2024-03-11 16:00:00,ZONE_M01,0.69,19.9,-25.2,0.76
2024-03-11 16:00:00,ZONE_M02,0.69,20.6,-25.2,0.76
2024-03-11 16:00:00,ZONE_M03,0.69,20.0,-25.2,0.76
2024-03-11 16:00:00,ZONE_B01,0.69,20.1,-25.2,0.76
2024-03-11 16:00:00,ZONE_B02,0.69,19.9,-25.2,0.76
2024-03-11 17:00:00,ZONE_M01,0.56,19.9,-25.7,0.71
2024-03-11 17:00:00,ZONE_M02,0.56,20.3,-25.7,0.71
2024-03-11 17:00:00,ZONE_M03,0.56,19.7,-25.7,0.71
2024-03-11 17:00:00,ZONE_B01,0.56,20.2,-25.7,0.71
2024-03-11 17:00:00,ZONE_B02,0.56,19.8,-25.7,0.71
2024-03-11 18:00:00,ZONE_M01,0.61,19.9,-25.2,0.73
2024-03-11 18:00:00,ZONE_M02,0.61,19.7,-25.2,0.73
2024-03-11 18:00:00,ZONE_M03,0.61,19.5,-25.2,0.73
2024-03-11 18:00:00,ZONE_B01,0.61,20.1,-25.2,0.73
2024-03-11 18:00:00,ZONE_B02,0.61,18.9,-25.2,0.73
2024-03-11 19:00:00,ZONE_M01,0.68,20.0,-26.7,0.78
2024-03-11 19:00:00,ZONE_M02,0.68,20.2,-26.7,0.78
2024-03-11 19:00:00,ZONE_M03,0.68,20.1,-26.7,0.78
2024-03-11 19:00:00,ZONE_B01,0.68,19.8,-26.7,0.78
2024-03-11 19:00:00,ZONE_B02,0.68,20.1,-26.7,0.78
2024-03-11 20:00:00,ZONE_M01,0.21,18.8,-30.5,0.61
2024-03-11 20:00:00,ZONE_M02,0.21,19.0,-30.5,0.61
2024-03-11 20:00:00,ZONE_M03,0.21,19.0,-30.5,0.61
2024-03-11 20:00:00,ZONE_B01,0.21,18.2,-30.5,0.61
2024-03-11 20:00:00,ZONE_B02,0.21,18.2,-30.5,0.61
2024-03-11 21:00:00,ZONE_M01,0.52,19.2,-25.0,0.68
2024-03-11 21:00:00,ZONE_M02,0.52,19.2,-25.0,0.68
2024-03-11 21:00:00,ZONE_M03,0.52,19.7,-25.0,0.68
2024-03-11 21:00:00,ZONE_B01,0.52,19.5,-25.0,0.68
2024-03-11 21:00:00,ZONE_B02,0.52,18.8,-25.0,0.68
2024-03-11 22:00:00,ZONE_M01,0.61,19.0,-21.1,0.66
2024-03-11 22:00:00,ZONE_M02,0.61,19.4,-21.1,0.66
2024-03-11 22:00:00,ZONE_M03,0.61,19.8,-21.1,0.66
2024-03-11 22:00:00,ZONE_B01,0.61,20.2,-21.1,0.66
2024-03-11 22:00:00,ZONE_B02,0.61,19.3,-21.1,0.66
2024-03-11 23:00:00,ZONE_M01,0.15,18.3,-25.2,0.52
2024-03-11 23:00:00,ZONE_M02,0.15,18.6,-25.2,0.52
2024-03-11 23:00:00,ZONE_M03,0.15,18.8,-25.2,0.52
2024-03-11 23:00:00,ZONE_B01,0.15,17.4,-25.2,0.52
2024-03-11 23:00:00,ZONE_B02,0.15,18.6,-25.2,0.52
2024-03-12 00:00:00,ZONE_M01,0.06,17.9,-25.0,0.48
2024-03-12 00:00:00,ZONE_M02,0.06,18.4,-25.0,0.48
2024-03-12 00:00:00,ZONE_M03,0.06,17.6,-25.0,0.48
2024-03-12 00:00:00,ZONE_B01,0.06,18.3,-25.0,0.48
2024-03-12 00:00:00,ZONE_B02,0.06,18.4,-25.0,0.48
2024-03-12 01:00:00,ZONE_M01,0.26,18.5,-27.2,0.59
2024-03-12 01:00:00,ZONE_M02,0.26,18.8,-27.2,0.59
2024-03-12 01:00:00,ZONE_M03,0.26,18.8,-27.2,0.59
2024-03-12 01:00:00,ZONE_B01,0.26,19.8,-27.2,0.59
2024-03-12 01:00:00,ZONE_B02,0.26,18.8,-27.2,0.59
2024-03-12 02:00:00,ZONE_M01,0.09,18.0,-22.8,0.47
2024-03-12 02:00:00,ZONE_M02,0.09,17.8,-22.8,0.47
2024-03-12 02:00:00,ZONE_M03,0.09,18.4,-22.8,0.47
2024-03-12 02:00:00,ZONE_B01,0.09,17.7,-22.8,0.47
2024-03-12 02:00:00,ZONE_B02,0.09,18.6,-22.8,0.47
2024-03-12 03:00:00,ZONE_M01,0.1,17.3,-26.2,0.51
2024-03-12 03:00:00,ZONE_M02,0.1,20.0,-26.2,0.51
2024-03-12 03:00:00,ZONE_M03,0.1,18.7,-26.2,0.51
2024-03-12 03:00:00,ZONE_B01,0.1,18.6,-26.2,0.51
2024-03-12 03:00:00,ZONE_B02,0.1,17.6,-26.2,0.51
2024-03-12 04:00:00,ZONE_M01,0.13,19.2,-24.8,0.5
2024-03-12 04:00:00,ZONE_M02,0.13,17.4,-24.8,0.5
2024-03-12 04:00:00,ZONE_M03,0.13,18.4,-24.8,0.5
2024-03-12 04:00:00,ZONE_B01,0.13,18.4,-24.8,0.5
2024-03-12 04:00:00,ZONE_B02,0.13,17.9,-24.8,0.5
2024-03-12 05:00:00,ZONE_M01,0.18,18.8,-24.8,0.53
2024-03-12 05:00:00,ZONE_M02,0.18,18.9,-24.8,0.53
2024-03-12 05:00:00,ZONE_M03,0.18,18.2,-24.8,0.53
2024-03-12 05:00:00,ZONE_B01,0.18,19.0,-24.8,0.53
2024-03-12 05:00:00,ZONE_B02,0.18,18.6,-24.8,0.53
2024-03-12 06:00:00,ZONE_M01,0.79,20.1,-21.9,0.75
2024-03-12 06:00:00,ZONE_M02,0.79,21.0,-21.9,0.75
2024-03-12 06:00:00,ZONE_M03,0.79,20.9,-21.9,0.75
2024-03-12 06:00:00,ZONE_B01,0.79,20.9,-21.9,0.75
2024-03-12 06:00:00,ZONE_B02,0.79,19.8,-21.9,0.75
2024-03-12 07:00:00,ZONE_M01,0.49,19.6,-27.3,0.7
2024-03-12 07:00:00,ZONE_M02,0.49,19.5,-27.3,0.7
2024-03-12 07:00:00,ZONE_M03,0.49,19.6,-27.3,0.7
2024-03-12 07:00:00,ZONE_B01,0.49,19.5,-27.3,0.7
2024-03-12 07:00:00,ZONE_B02,0.49,19.4,-27.3,0.7
2024-03-12 08:00:00,ZONE_M01,0.54,19.5,-22.5,0.65
2024-03-12 08:00:00,ZONE_M02,0.54,19.9,-22.5,0.65
2024-03-12 08:00:00,ZONE_M03,0.54,19.2,-22.5,0.65
2024-03-12 08:00:00,ZONE_B01,0.54,19.0,-22.5,0.65
2024-03-12 08:00:00,ZONE_B02,0.54,19.9,-22.5,0.65
2024-03-12 09:00:00,ZONE_M01,0.49,19.6,-24.0,0.66
2024-03-12 09:00:00,ZONE_M02,0.49,19.4,-24.0,0.66
2024-03-12 09:00:00,ZONE_M03,0.49,20.1,-24.0,0.66
2024-03-12 09:00:00,ZONE_B01,0.49,19.7,-24.0,0.66
2024-03-12 09:00:00,ZONE_B02,0.49,19.4,-24.0,0.66
2024-03-12 10:00:00,ZONE_M01,0.57,19.6,-24.5,0.7
2024-03-12 10:00:00,ZONE_M02,0.57,19.5,-24.5,0.7
2024-03-12 10:00:00,ZONE_M03,0.57,19.6,-24.5,0.7
2024-03-12 10:00:00,ZONE_B01,0.57,20.2,-24.5,0.7
2024-03-12 10:00:00,ZONE_B02,0.57,20.4,-24.5,0.7
2024-03-12 11:00:00,ZONE_M01,0.61,19.5,-23.7,0.7
2024-03-12 11:00:00,ZONE_M02,0.61,20.4,-23.7,0.7
2024-03-12 11:00:00,ZONE_M03,0.61,19.4,-23.7,0.7
2024-03-12 11:00:00,ZONE_B01,0.61,20.0,-23.7,0.7
2024-03-12 11:00:00,ZONE_B02,0.61,19.7,-23.7,0.7
2024-03-12 12:00:00,ZONE_M01,0.68,20.1,-21.9,0.7
2024-03-12 12:00:00,ZONE_M02,0.68,19.6,-21.9,0.7
2024-03-12 12:00:00,ZONE_M03,0.68,20.1,-21.9,0.7
2024-03-12 12:00:00,ZONE_B01,0.68,20.0,-21.9,0.7
2024-03-12 12:00:00,ZONE_B02,0.68,20.0,-21.9,0.7
2024-03-12 13:00:00,ZONE_M01,0.53,19.7,-24.4,0.68
2024-03-12 13:00:00,ZONE_M02,0.53,20.3,-24.4,0.68
2024-03-12 13:00:00,ZONE_M03,0.53,19.3,-24.4,0.68
2024-03-12 13:00:00,ZONE_B01,0.53,18.7,-24.4,0.68
2024-03-12 13:00:00,ZONE_B02,0.53,19.6,-24.4,0.68
2024-03-12 14:00:00,ZONE_M01,0.58,19.9,-24.0,0.7
2024-03-12 14:00:00,ZONE_M02,0.58,20.2,-24.0,0.7
2024-03-12 14:00:00,ZONE_M03,0.58,19.3,-24.0,0.7
2024-03-12 14:00:00,ZONE_B01,0.58,19.6,-24.0,0.7
2024-03-12 14:00:00,ZONE_B02,0.58,20.0,-24.0,0.7
2024-03-12 15:00:00,ZONE_M01,0.68,20.1,-23.4,0.73
2024-03-12 15:00:00,ZONE_M02,0.68,20.8,-23.4,0.73
2024-03-12 15:00:00,ZONE_M03,0.68,19.9,-23.4,0.73
2024-03-12 15:00:00,ZONE_B01,0.68,19.9,-23.4,0.73
2024-03-12 15:00:00,ZONE_B02,0.68,20.8,-23.4,0.73
2024-03-12 16:00:00,ZONE_M01,0.74,20.2,-24.6,0.77
2024-03-12 16:00:00,ZONE_M02,0.74,20.0,-24.6,0.77
2024-03-12 16:00:00,ZONE_M03,0.74,19.7,-24.6,0.77
2024-03-12 16:00:00,ZONE_B01,0.74,19.7,-24.6,0.77
2024-03-12 16:00:00,ZONE_B02,0.74,18.9,-24.6,0.77
2024-03-12 17:00:00,ZONE_M01,0.63,19.7,-27.2,0.77
2024-03-12 17:00:00,ZONE_M02,0.63,20.2,-27.2,0.77
2024-03-12 17:00:00,ZONE_M03,0.63,20.4,-27.2,0.77
2024-03-12 17:00:00,ZONE_B01,0.63,19.6,-27.2,0.77
2024-03-12 17:00:00,ZONE_B02,0.63,19.2,-27.2,0.77
2024-03-12 18:00:00,ZONE_M01,0.94,21.1,-25.3,0.88
2024-03-12 18:00:00,ZONE_M02,0.94,21.2,-25.3,0.88
2024-03-12 18:00:00,ZONE_M03,0.94,20.9,-25.3,0.88
2024-03-12 18:00:00,ZONE_B01,0.94,20.2,-25.3,0.88
2024-03-12 18:00:00,ZONE_B02,0.94,21.4,-25.3,0.88
2024-03-12 19:00:00,ZONE_M01,0.64,19.7,-19.0,0.64
2024-03-12 19:00:00,ZONE_M02,0.64,19.5,-19.0,0.64
2024-03-12 19:00:00,ZONE_M03,0.64,19.3,-19.0,0.64
2024-03-12 19:00:00,ZONE_B01,0.64,20.8,-19.0,0.64
2024-03-12 19:00:00,ZONE_B02,0.64,20.1,-19.0,0.64
2024-03-12 20:00:00,ZONE_M01,0.92,20.3,-23.5,0.83
2024-03-12 20:00:00,ZONE_M02,0.92,21.3,-23.5,0.83
2024-03-12 20:00:00,ZONE_M03,0.92,20.9,-23.5,0.83
2024-03-12 20:00:00,ZONE_B01,0.92,20.1,-23.5,0.83
2024-03-12 20:00:00,ZONE_B02,0.92,20.7,-23.5,0.83
2024-03-12 21:00:00,ZONE_M01,0.79,21.2,-25.6,0.81
2024-03-12 21:00:00,ZONE_M02,0.79,20.8,-25.6,0.81
2024-03-12 21:00:00,ZONE_M03,0.79,20.3,-25.6,0.81
2024-03-12 21:00:00,ZONE_B01,0.79,20.6,-25.6,0.81
2024-03-12 21:00:00,ZONE_B02,0.79,20.9,-25.6,0.81
2024-03-12 22:00:00,ZONE_M01,0.69,20.2,-25.4,0.77
2024-03-12 22:00:00,ZONE_M02,0.69,20.4,-25.4,0.77
2024-03-12 22:00:00,ZONE_M03,0.69,20.0,-25.4,0.77
2024-03-12 22:00:00,ZONE_B01,0.69,20.8,-25.4,0.77
2024-03-12 22:00:00,ZONE_B02,0.69,19.8,-25.4,0.77
2024-03-12 23:00:00,ZONE_M01,0.23,18.6,-24.9,0.55
2024-03-12 23:00:00,ZONE_M02,0.23,18.5,-24.9,0.55
2024-03-12 23:00:00,ZONE_M03,0.23,19.7,-24.9,0.55
2024-03-12 23:00:00,ZONE_B01,0.23,17.3,-24.9,0.55
2024-03-12 23:00:00,ZONE_B02,0.23,18.7,-24.9,0.55
2024-03-13 00:00:00,ZONE_M01,0.06,17.8,-21.9,0.44
2024-03-13 00:00:00,ZONE_M02,0.06,18.6,-21.9,0.44
2024-03-13 00:00:00,ZONE_M03,0.06,19.4,-21.9,0.44
2024-03-13 00:00:00,ZONE_B01,0.06,17.8,-21.9,0.44
2024-03-13 00:00:00,ZONE_B02,0.06,18.2,-21.9,0.44
2024-03-13 01:00:00,ZONE_M01,0.24,18.2,-21.6,0.51
2024-03-13 01:00:00,ZONE_M02,0.24,18.0,-21.6,0.51
2024-03-13 01:00:00,ZONE_M03,0.24,18.6,-21.6,0.51
2024-03-13 01:00:00,ZONE_B01,0.24,19.0,-21.6,0.51
2024-03-13 01:00:00,ZONE_B02,0.24,17.9,-21.6,0.51
2024-03-13 02:00:00,ZONE_M01,0.1,18.2,-24.2,0.49
2024-03-13 02:00:00,ZONE_M02,0.1,17.6,-24.2,0.49
2024-03-13 02:00:00,ZONE_M03,0.1,18.8,-24.2,0.49
2024-03-13 02:00:00,ZONE_B01,0.1,18.1,-24.2,0.49
2024-03-13 02:00:00,ZONE_B02,0.1,18.1,-24.2,0.49
2024-03-13 03:00:00,ZONE_M01,0.06,18.2,-24.3,0.47
2024-03-13 03:00:00,ZONE_M02,0.06,17.7,-24.3,0.47
2024-03-13 03:00:00,ZONE_M03,0.06,18.3,-24.3,0.47
2024-03-13 03:00:00,ZONE_B01,0.06,18.6,-24.3,0.47
2024-03-13 03:00:00,ZONE_B02,0.06,17.5,-24.3,0.47
2024-03-13 04:00:00,ZONE_M01,0.21,18.3,-25.9,0.56
2024-03-13 04:00:00,ZONE_M02,0.21,18.0,-25.9,0.56
2024-03-13 04:00:00,ZONE_M03,0.21,19.1,-25.9,0.56
2024-03-13 04:00:00,ZONE_B01,0.21,19.2,-25.9,0.56
2024-03-13 04:00:00,ZONE_B02,0.21,18.6,-25.9,0.56
2024-03-13 05:00:00,ZONE_M01,0.2,19.1,-23.3,0.52
2024-03-13 05:00:00,ZONE_M02,0.2,18.8,-23.3,0.52
2024-03-13 05:00:00,ZONE_M03,0.2,19.0,-23.3,0.52
2024-03-13 05:00:00,ZONE_B01,0.2,18.9,-23.3,0.52
2024-03-13 05:00:00,ZONE_B02,0.2,17.9,-23.3,0.52
2024-03-13 06:00:00,ZONE_M01,0.82,20.4,-23.1,0.78
2024-03-13 06:00:00,ZONE_M02,0.82,20.5,-23.1,0.78
2024-03-13 06:00:00,ZONE_M03,0.82,19.7,-23.1,0.78
2024-03-13 06:00:00,ZONE_B01,0.82,20.7,-23.1,0.78
2024-03-13 06:00:00,ZONE_B02,0.82,20.8,-23.1,0.78
2024-03-13 07:00:00,ZONE_M01,0.81,20.9,-22.3,0.77
2024-03-13 07:00:00,ZONE_M02,0.81,20.6,-22.3,0.77
2024-03-13 07:00:00,ZONE_M03,0.81,21.5,-22.3,0.77
2024-03-13 07:00:00,ZONE_B01,0.81,20.3,-22.3,0.77
2024-03-13 07:00:00,ZONE_B02,0.81,20.4,-22.3,0.77
2024-03-13 08:00:00,ZONE_M01,0.65,20.1,-25.7,0.75
2024-03-13 08:00:00,ZONE_M02,0.65,19.3,-25.7,0.75
2024-03-13 08:00:00,ZONE_M03,0.65,19.4,-25.7,0.75
2024-03-13 08:00:00,ZONE_B01,0.65,20.2,-25.7,0.75
2024-03-13 08:00:00,ZONE_B02,0.65,19.3,-25.7,0.75
2024-03-13 09:00:00,ZONE_M01,0.63,20.3,-25.1,0.73
2024-03-13 09:00:00,ZONE_M02,0.63,19.4,-25.1,0.73
2024-03-13 09:00:00,ZONE_M03,0.63,20.0,-25.1,0.73
2024-03-13 09:00:00,ZONE_B01,0.63,19.8,-25.1,0.73
2024-03-13 09:00:00,ZONE_B02,0.63,19.5,-25.1,0.73
2024-03-13 10:00:00,ZONE_M01,0.61,19.2,-23.5,0.7
2024-03-13 10:00:00,ZONE_M02,0.61,19.0,-23.5,0.7
2024-03-13 10:00:00,ZONE_M03,0.61,19.6,-23.5,0.7
2024-03-13 10:00:00,ZONE_B01,0.61,19.2,-23.5,0.7
2024-03-13 10:00:00,ZONE_B02,0.61,20.2,-23.5,0.7
2024-03-13 11:00:00,ZONE_M01,0.63,19.9,-24.1,0.72
2024-03-13 11:00:00,ZONE_M02,0.63,19.8,-24.1,0.72
2024-03-13 11:00:00,ZONE_M03,0.63,20.3,-24.1,0.72
2024-03-13 11:00:00,ZONE_B01,0.63,20.7,-24.1,0.72
2024-03-13 11:00:00,ZONE_B02,0.63,20.3,-24.1,0.72
2024-03-13 12:00:00,ZONE_M01,0.67,19.7,-23.6,0.73
2024-03-13 12:00:00,ZONE_M02,0.67,20.9,-23.6,0.73
2024-03-13 12:00:00,ZONE_M03,0.67,20.0,-23.6,0.73
2024-03-13 12:00:00,ZONE_B01,0.67,20.7,-23.6,0.73
2024-03-13 12:00:00,ZONE_B02,0.67,19.9,-23.6,0.73
2024-03-13 13:00:00,ZONE_M01,0.22,19.0,-23.5,0.53
2024-03-13 13:00:00,ZONE_M02,0.22,17.8,-23.5,0.53
2024-03-13 13:00:00,ZONE_M03,0.22,18.6,-23.5,0.53
2024-03-13 13:00:00,ZONE_B01,0.22,19.5,-23.5,0.53
2024-03-13 13:00:00,ZONE_B02,0.22,19.0,-23.5,0.53
2024-03-13 14:00:00,ZONE_M01,0.48,19.0,-25.8,0.68
2024-03-13 14:00:00,ZONE_M02,0.48,19.1,-25.8,0.68
2024-03-13 14:00:00,ZONE_M03,0.48,19.3,-25.8,0.68
2024-03-13 14:00:00,ZONE_B01,0.48,19.6,-25.8,0.68
2024-03-13 14:00:00,ZONE_B02,0.48,20.1,-25.8,0.68
2024-03-13 15:00:00,ZONE_M01,0.99,20.5,-25.1,0.9
2024-03-13 15:00:00,ZONE_M02,0.99,20.4,-25.1,0.9
2024-03-13 15:00:00,ZONE_M03,0.99,20.6,-25.1,0.9
2024-03-13 15:00:00,ZONE_B01,0.99,20.7,-25.1,0.9
2024-03-13 15:00:00,ZONE_B02,0.99,20.7,-25.1,0.9
2024-03-13 16:00:00,ZONE_M01,0.61,19.4,-22.5,0.68
2024-03-13 16:00:00,ZONE_M02,0.61,20.2,-22.5,0.68
2024-03-13 16:00:00,ZONE_M03,0.61,20.1,-22.5,0.68
2024-03-13 16:00:00,ZONE_B01,0.61,19.2,-22.5,0.68
2024-03-13 16:00:00,ZONE_B02,0.61,20.2,-22.5,0.68
2024-03-13 17:00:00,ZONE_M01,0.78,20.6,-22.9,0.76
2024-03-13 17:00:00,ZONE_M02,0.78,19.6,-22.9,0.76
2024-03-13 17:00:00,ZONE_M03,0.78,19.9,-22.9,0.76
2024-03-13 17:00:00,ZONE_B01,0.78,20.3,-22.9,0.76
2024-03-13 17:00:00,ZONE_B02,0.78,19.8,-22.9,0.76
2024-03-13 18:00:00,ZONE_M01,0.73,19.3,-19.3,0.68
2024-03-13 18:00:00,ZONE_M02,0.73,19.3,-19.3,0.68
2024-03-13 18:00:00,ZONE_M03,0.73,20.4,-19.3,0.68
2024-03-13 18:00:00,ZONE_B01,0.73,20.6,-19.3,0.68
2024-03-13 18:00:00,ZONE_B02,0.73,19.9,-19.3,0.68
2024-03-13 19:00:00,ZONE_M01,0.45,19.9,-27.7,0.69
2024-03-13 19:00:00,ZONE_M02,0.45,18.7,-27.7,0.69
2024-03-13 19:00:00,ZONE_M03,0.45,19.8,-27.7,0.69
2024-03-13 19:00:00,ZONE_B01,0.45,19.4,-27.7,0.69
2024-03-13 19:00:00,ZONE_B02,0.45,19.8,-27.7,0.69
2024-03-13 20:00:00,ZONE_M01,0.56,19.7,-26.6,0.73
2024-03-13 20:00:00,ZONE_M02,0.56,19.9,-26.6,0.73
2024-03-13 20:00:00,ZONE_M03,0.56,20.0,-26.6,0.73
2024-03-13 20:00:00,ZONE_B01,0.56,19.4,-26.6,0.73
2024-03-13 20:00:00,ZONE_B02,0.56,20.1,-26.6,0.73
2024-03-13 21:00:00,ZONE_M01,0.6,20.0,-22.8,0.68
2024-03-13 21:00:00,ZONE_M02,0.6,20.0,-22.8,0.68
2024-03-13 21:00:00,ZONE_M03,0.6,19.4,-22.8,0.68
2024-03-13 21:00:00,ZONE_B01,0.6,19.8,-22.8,0.68
2024-03-13 21:00:00,ZONE_B02,0.6,20.0,-22.8,0.68
2024-03-13 22:00:00,ZONE_M01,0.47,19.5,-21.2,0.6
2024-03-13 22:00:00,ZONE_M02,0.47,19.2,-21.2,0.6
2024-03-13 22:00:00,ZONE_M03,0.47,20.1,-21.2,0.6
2024-03-13 22:00:00,ZONE_B01,0.47,19.8,-21.2,0.6
2024-03-13 22:00:00,ZONE_B02,0.47,18.9,-21.2,0.6
2024-03-13 23:00:00,ZONE_M01,0.18,18.1,-24.3,0.52
2024-03-13 23:00:00,ZONE_M02,0.18,18.9,-24.3,0.52
2024-03-13 23:00:00,ZONE_M03,0.18,18.5,-24.3,0.52
2024-03-13 23:00:00,ZONE_B01,0.18,18.3,-24.3,0.52
2024-03-13 23:00:00,ZONE_B02,0.18,18.5,-24.3,0.52
2024-03-14 00:00:00,ZONE_M01,0.2,18.0,-23.5,0.52
2024-03-14 00:00:00,ZONE_M02,0.2,18.8,-23.5,0.52
2024-03-14 00:00:00,ZONE_M03,0.2,18.5,-23.5,0.52
2024-03-14 00:00:00,ZONE_B01,0.2,19.3,-23.5,0.52
2024-03-14 00:00:00,ZONE_B02,0.2,18.7,-23.5,0.52
2024-03-14 01:00:00,ZONE_M01,0.21,19.2,-23.1,0.52
2024-03-14 01:00:00,ZONE_M02,0.21,18.8,-23.1,0.52
2024-03-14 01:00:00,ZONE_M03,0.21,19.1,-23.1,0.52
2024-03-14 01:00:00,ZONE_B01,0.21,18.7,-23.1,0.52
2024-03-14 01:00:00,ZONE_B02,0.21,18.9,-23.1,0.52
2024-03-14 02:00:00,ZONE_M01,0.19,18.5,-23.4,0.52
2024-03-14 02:00:00,ZONE_M02,0.19,17.9,-23.4,0.52
2024-03-14 02:00:00,ZONE_M03,0.19,19.0,-23.4,0.52
2024-03-14 02:00:00,ZONE_B01,0.19,18.6,-23.4,0.52
2024-03-14 02:00:00,ZONE_B02,0.19,18.2,-23.4,0.52
2024-03-14 03:00:00,ZONE_M01,0.14,17.3,-26.3,0.53
2024-03-14 03:00:00,ZONE_M02,0.14,18.4,-26.3,0.53
2024-03-14 03:00:00,ZONE_M03,0.14,18.6,-26.3,0.53
2024-03-14 03:00:00,ZONE_B01,0.14,18.8,-26.3,0.53
2024-03-14 03:00:00,ZONE_B02,0.14,19.0,-26.3,0.53
2024-03-14 04:00:00,ZONE_M01,0.26,19.5,-27.2,0.6
2024-03-14 04:00:00,ZONE_M02,0.26,18.5,-27.2,0.6
2024-03-14 04:00:00,ZONE_M03,0.26,19.1,-27.2,0.6
2024-03-14 04:00:00,ZONE_B01,0.26,19.4,-27.2,0.6
2024-03-14 04:00:00,ZONE_B02,0.26,18.6,-27.2,0.6
2024-03-14 05:00:00,ZONE_M01,0.19,18.4,-22.1,0.5
2024-03-14 05:00:00,ZONE_M02,0.19,18.6,-22.1,0.5
2024-03-14 05:00:00,ZONE_M03,0.19,18.2,-22.1,0.5
2024-03-14 05:00:00,ZONE_B01,0.19,19.7,-22.1,0.5
2024-03-14 05:00:00,ZONE_B02,0.19,17.9,-22.1,0.5
2024-03-14 06:00:00,ZONE_M01,0.38,18.7,-26.1,0.64
2024-03-14 06:00:00,ZONE_M02,0.38,19.7,-26.1,0.64
2024-03-14 06:00:00,ZONE_M03,0.38,18.3,-26.1,0.64
2024-03-14 06:00:00,ZONE_B01,0.38,18.8,-26.1,0.64
2024-03-14 06:00:00,ZONE_B02,0.38,20.0,-26.1,0.64
2024-03-14 07:00:00,ZONE_M01,0.94,20.7,-20.8,0.79
2024-03-14 07:00:00,ZONE_M02,0.94,20.5,-20.8,0.79
2024-03-14 07:00:00,ZONE_M03,0.94,20.4,-20.8,0.79
2024-03-14 07:00:00,ZONE_B01,0.94,20.6,-20.8,0.79
2024-03-14 07:00:00,ZONE_B02,0.94,21.4,-20.8,0.79
2024-03-14 08:00:00,ZONE_M01,0.5,19.2,-25.3,0.68
2024-03-14 08:00:00,ZONE_M02,0.5,20.3,-25.3,0.68
2024-03-14 08:00:00,ZONE_M03,0.5,19.7,-25.3,0.68
2024-03-14 08:00:00,ZONE_B01,0.5,19.4,-25.3,0.68
2024-03-14 08:00:00,ZONE_B02,0.5,19.4,-25.3,0.68
2024-03-14 09:00:00,ZONE_M01,0.61,20.0,-26.3,0.75
2024-03-14 09:00:00,ZONE_M02,0.61,20.2,-26.3,0.75
2024-03-14 09:00:00,ZONE_M03,0.61,20.1,-26.3,0.75
2024-03-14 09:00:00,ZONE_B01,0.61,19.5,-26.3,0.75
2024-03-14 09:00:00,ZONE_B02,0.61,19.2,-26.3,0.75
2024-03-14 10:00:00,ZONE_M01,0.72,21.1,-22.7,0.74
2024-03-14 10:00:00,ZONE_M02,0.72,20.7,-22.7,0.74
2024-03-14 10:00:00,ZONE_M03,0.72,19.7,-22.7,0.74
2024-03-14 10:00:00,ZONE_B01,0.72,19.2,-22.7,0.74
2024-03-14 10:00:00,ZONE_B02,0.72,19.9,-22.7,0.74
2024-03-14 11:00:00,ZONE_M01,0.65,19.9,-26.1,0.76
2024-03-14 11:00:00,ZONE_M02,0.65,20.4,-26.1,0.76
2024-03-14 11:00:00,ZONE_M03,0.65,20.0,-26.1,0.76
2024-03-14 11:00:00,ZONE_B01,0.65,20.6,-26.1,0.76
2024-03-14 11:00:00,ZONE_B02,0.65,19.2,-26.1,0.76
2024-03-14 12:00:00,ZONE_M01,0.46,19.4,-25.8,0.67
2024-03-14 12:00:00,ZONE_M02,0.46,19.5,-25.8,0.67
2024-03-14 12:00:00,ZONE_M03,0.46,19.2,-25.8,0.67
2024-03-14 12:00:00,ZONE_B01,0.46,19.3,-25.8,0.67
2024-03-14 12:00:00,ZONE_B02,0.46,20.0,-25.8,0.67
2024-03-14 13:00:00,ZONE_M01,0.75,20.9,-25.1,0.79
2024-03-14 13:00:00,ZONE_M02,0.75,20.7,-25.1,0.79
2024-03-14 13:00:00,ZONE_M03,0.75,20.7,-25.1,0.79
2024-03-14 13:00:00,ZONE_B01,0.75,19.8,-25.1,0.79
2024-03-14 13:00:00,ZONE_B02,0.75,20.2,-25.1,0.79
2024-03-14 14:00:00,ZONE_M01,0.69,20.1,-25.7,0.77
2024-03-14 14:00:00,ZONE_M02,0.69,20.4,-25.7,0.77
2024-03-14 14:00:00,ZONE_M03,0.69,19.7,-25.7,0.77
2024-03-14 14:00:00,ZONE_B01,0.69,20.5,-25.7,0.77
2024-03-14 14:00:00,ZONE_B02,0.69,19.7,-25.7,0.77
2024-03-14 15:00:00,ZONE_M01,0.65,20.9,-23.5,0.72
2024-03-14 15:00:00,ZONE_M02,0.65,20.0,-23.5,0.72
2024-03-14 15:00:00,ZONE_M03,0.65,20.1,-23.5,0.72
2024-03-14 15:00:00,ZONE_B01,0.65,19.1,-23.5,0.72
2024-03-14 15:00:00,ZONE_B02,0.65,19.9,-23.5,0.72
2024-03-14 16:00:00,ZONE_M01,0.65,20.0,-25.5,0.75
2024-03-14 16:00:00,ZONE_M02,0.65,20.0,-25.5,0.75
2024-03-14 16:00:00,ZONE_M03,0.65,20.1,-25.5,0.75
2024-03-14 16:00:00,ZONE_B01,0.65,21.2,-25.5,0.75
2024-03-14 16:00:00,ZONE_B02,0.65,20.4,-25.5,0.75
2024-03-14 17:00:00,ZONE_M01,0.85,21.0,-24.3,0.82
2024-03-14 17:00:00,ZONE_M02,0.85,19.9,-24.3,0.82
2024-03-14 17:00:00,ZONE_M03,0.85,20.7,-24.3,0.82
2024-03-14 17:00:00,ZONE_B01,0.85,21.2,-24.3,0.82
2024-03-14 17:00:00,ZONE_B02,0.85,20.7,-24.3,0.82
2024-03-14 18:00:00,ZONE_M01,0.7,20.2,-26.2,0.79
2024-03-14 18:00:00,ZONE_M02,0.7,20.3,-26.2,0.79
2024-03-14 18:00:00,ZONE_M03,0.7,20.7,-26.2,0.79
2024-03-14 18:00:00,ZONE_B01,0.7,19.1,-26.2,0.79
2024-03-14 18:00:00,ZONE_B02,0.7,20.6,-26.2,0.79
2024-03-14 19:00:00,ZONE_M01,0.51,19.4,-24.0,0.66
2024-03-14 19:00:00,ZONE_M02,0.51,19.4,-24.0,0.66
2024-03-14 19:00:00,ZONE_M03,0.51,19.8,-24.0,0.66
2024-03-14 19:00:00,ZONE_B01,0.51,19.0,-24.0,0.66
2024-03-14 19:00:00,ZONE_B02,0.51,20.1,-24.0,0.66
2024-03-14 20:00:00,ZONE_M01,0.81,21.5,-23.9,0.79
2024-03-14 20:00:00,ZONE_M02,0.81,20.8,-23.9,0.79
2024-03-14 20:00:00,ZONE_M03,0.81,20.4,-23.9,0.79
2024-03-14 20:00:00,ZONE_B01,0.81,20.6,-23.9,0.79
2024-03-14 20:00:00,ZONE_B02,0.81,20.9,-23.9,0.79
2024-03-14 21:00:00,ZONE_M01,0.73,20.1,-27.0,0.82
2024-03-14 21:00:00,ZONE_M02,0.73,19.6,-27.0,0.82
2024-03-14 21:00:00,ZONE_M03,0.73,20.1,-27.0,0.82
2024-03-14 21:00:00,ZONE_B01,0.73,19.8,-27.0,0.82
2024-03-14 21:00:00,ZONE_B02,0.73,20.6,-27.0,0.82
2024-03-14 22:00:00,ZONE_M01,0.61,20.3,-27.1,0.76
2024-03-14 22:00:00,ZONE_M02,0.61,20.3,-27.1,0.76
2024-03-14 22:00:00,ZONE_M03,0.61,19.0,-27.1,0.76
2024-03-14 22:00:00,ZONE_B01,0.61,19.1,-27.1,0.76
2024-03-14 22:00:00,ZONE_B02,0.61,19.2,-27.1,0.76
2024-03-14 23:00:00,ZONE_M01,0.12,17.9,-21.3,0.46
2024-03-14 23:00:00,ZONE_M02,0.12,18.0,-21.3,0.46
2024-03-14 23:00:00,ZONE_M03,0.12,18.2,-21.3,0.46
2024-03-14 23:00:00,ZONE_B01,0.12,18.6,-21.3,0.46
2024-03-14 23:00:00,ZONE_B02,0.12,18.3,-21.3,0.46
2024-03-15 00:00:00,ZONE_M01,0.0,17.4,-24.3,0.44
2024-03-15 00:00:00,ZONE_M02,0.0,18.4,-24.3,0.44
2024-03-15 00:00:00,ZONE_M03,0.0,18.2,-24.3,0.44
2024-03-15 00:00:00,ZONE_B01,0.0,18.6,-24.3,0.44
2024-03-15 00:00:00,ZONE_B02,0.0,17.7,-24.3,0.44
2024-03-15 01:00:00,ZONE_M01,0.21,17.9,-21.4,0.5
2024-03-15 01:00:00,ZONE_M02,0.21,18.4,-21.4,0.5
2024-03-15 01:00:00,ZONE_M03,0.21,18.2,-21.4,0.5
2024-03-15 01:00:00,ZONE_B01,0.21,18.0,-21.4,0.5
2024-03-15 01:00:00,ZONE_B02,0.21,17.7,-21.4,0.5
2024-03-15 02:00:00,ZONE_M01,0.16,18.6,-25.3,0.52
2024-03-15 02:00:00,ZONE_M02,0.16,18.6,-25.3,0.52
2024-03-15 02:00:00,ZONE_M03,0.16,17.5,-25.3,0.52
2024-03-15 02:00:00,ZONE_B01,0.16,18.8,-25.3,0.52
2024-03-15 02:00:00,ZONE_B02,0.16,17.3,-25.3,0.52
2024-03-15 03:00:00,ZONE_M01,0.12,17.9,-24.5,0.5
2024-03-15 03:00:00,ZONE_M02,0.12,18.5,-24.5,0.5
2024-03-15 03:00:00,ZONE_M03,0.12,18.8,-24.5,0.5
2024-03-15 03:00:00,ZONE_B01,0.12,18.4,-24.5,0.5
2024-03-15 03:00:00,ZONE_B02,0.12,19.2,-24.5,0.5
2024-03-15 04:00:00,ZONE_M01,0.14,18.7,-23.2,0.49
2024-03-15 04:00:00,ZONE_M02,0.14,17.9,-23.2,0.49
2024-03-15 04:00:00,ZONE_M03,0.14,18.6,-23.2,0.49
2024-03-15 04:00:00,ZONE_B01,0.14,18.7,-23.2,0.49
2024-03-15 04:00:00,ZONE_B02,0.14,18.1,-23.2,0.49
2024-03-15 05:00:00,ZONE_M01,0.24,18.8,-25.5,0.56
2024-03-15 05:00:00,ZONE_M02,0.24,19.1,-25.5,0.56
2024-03-15 05:00:00,ZONE_M03,0.24,18.5,-25.5,0.56
2024-03-15 05:00:00,ZONE_B01,0.24,18.3,-25.5,0.56
2024-03-15 05:00:00,ZONE_B02,0.24,18.7,-25.5,0.56
2024-03-15 06:00:00,ZONE_M01,0.55,19.3,-20.2,0.62
2024-03-15 06:00:00,ZONE_M02,0.55,19.8,-20.2,0.62
2024-03-15 06:00:00,ZONE_M03,0.55,19.5,-20.2,0.62
2024-03-15 06:00:00,ZONE_B01,0.55,19.1,-20.2,0.62
2024-03-15 06:00:00,ZONE_B02,0.55,19.4,-20.2,0.62
2024-03-15 07:00:00,ZONE_M01,0.47,19.0,-24.5,0.65
2024-03-15 07:00:00,ZONE_M02,0.47,19.4,-24.5,0.65
2024-03-15 07:00:00,ZONE_M03,0.47,20.2,-24.5,0.65
2024-03-15 07:00:00,ZONE_B01,0.47,19.4,-24.5,0.65
2024-03-15 07:00:00,ZONE_B02,0.47,19.4,-24.5,0.65
2024-03-15 08:00:00,ZONE_M01,0.57,19.1,-22.7,0.67
2024-03-15 08:00:00,ZONE_M02,0.57,20.0,-22.7,0.67
2024-03-15 08:00:00,ZONE_M03,0.57,19.6,-22.7,0.67
2024-03-15 08:00:00,ZONE_B01,0.57,19.6,-22.7,0.67
2024-03-15 08:00:00,ZONE_B02,0.57,19.2,-22.7,0.67
2024-03-15 09:00:00,ZONE_M01,0.88,20.0,-21.6,0.78
2024-03-15 09:00:00,ZONE_M02,0.88,20.9,-21.6,0.78
2024-03-15 09:00:00,ZONE_M03,0.88,20.5,-21.6,0.78
2024-03-15 09:00:00,ZONE_B01,0.88,20.7,-21.6,0.78
2024-03-15 09:00:00,ZONE_B02,0.88,20.7,-21.6,0.78
2024-03-15 10:00:00,ZONE_M01,0.76,19.8,-24.3,0.78
2024-03-15 10:00:00,ZONE_M02,0.76,19.7,-24.3,0.78
2024-03-15 10:00:00,ZONE_M03,0.76,20.4,-24.3,0.78
2024-03-15 10:00:00,ZONE_B01,0.76,20.1,-24.3,0.78
2024-03-15 10:00:00,ZONE_B02,0.76,19.9,-24.3,0.78
2024-03-15 11:00:00,ZONE_M01,0.51,20.1,-26.4,0.7
2024-03-15 11:00:00,ZONE_M02,0.51,20.1,-26.4,0.7
2024-03-15 11:00:00,ZONE_M03,0.51,20.1,-26.4,0.7
2024-03-15 11:00:00,ZONE_B01,0.51,20.1,-26.4,0.7
2024-03-15 11:00:00,ZONE_B02,0.51,20.3,-26.4,0.7
2024-03-15 12:00:00,ZONE_M01,0.59,20.0,-22.9,0.68
2024-03-15 12:00:00,ZONE_M02,0.59,20.2,-22.9,0.68
2024-03-15 12:00:00,ZONE_M03,0.59,19.3,-22.9,0.68
2024-03-15 12:00:00,ZONE_B01,0.59,19.2,-22.9,0.68
2024-03-15 12:00:00,ZONE_B02,0.59,19.0,-22.9,0.68
2024-03-15 13:00:00,ZONE_M01,0.78,19.9,-26.6,0.83
2024-03-15 13:00:00,ZONE_M02,0.78,20.0,-26.6,0.83
2024-03-15 13:00:00,ZONE_M03,0.78,20.2,-26.6,0.83
2024-03-15 13:00:00,ZONE_B01,0.78,20.5,-26.6,0.83
2024-03-15 13:00:00,ZONE_B02,0.78,20.5,-26.6,0.83
2024-03-15 14:00:00,ZONE_M01,0.64,19.6,-25.1,0.74
2024-03-15 14:00:00,ZONE_M02,0.64,19.6,-25.1,0.74
2024-03-15 14:00:00,ZONE_M03,0.64,19.3,-25.1,0.74
2024-03-15 14:00:00,ZONE_B01,0.64,19.5,-25.1,0.74
2024-03-15 14:00:00,ZONE_B02,0.64,21.0,-25.1,0.74
2024-03-15 15:00:00,ZONE_M01,0.77,21.2,-26.0,0.82
2024-03-15 15:00:00,ZONE_M02,0.77,19.8,-26.0,0.82
2024-03-15 15:00:00,ZONE_M03,0.77,20.2,-26.0,0.82
2024-03-15 15:00:00,ZONE_B01,0.77,20.7,-26.0,0.82
2024-03-15 15:00:00,ZONE_B02,0.77,20.2,-26.0,0.82
2024-03-15 16:00:00,ZONE_M01,0.47,18.6,-24.7,0.66
2024-03-15 16:00:00,ZONE_M02,0.47,19.7,-24.7,0.66
2024-03-15 16:00:00,ZONE_M03,0.47,19.7,-24.7,0.66
2024-03-15 16:00:00,ZONE_B01,0.47,19.6,-24.7,0.66
2024-03-15 16:00:00,ZONE_B02,0.47,19.1,-24.7,0.66
2024-03-15 17:00:00,ZONE_M01,0.67,18.8,-26.6,0.78
2024-03-15 17:00:00,ZONE_M02,0.67,19.9,-26.6,0.78
2024-03-15 17:00:00,ZONE_M03,0.67,19.8,-26.6,0.78
2024-03-15 17:00:00,ZONE_B01,0.67,20.9,-26.6,0.78
2024-03-15 17:00:00,ZONE_B02,0.67,19.6,-26.6,0.78
2024-03-15 18:00:00,ZONE_M01,0.49,20.1,-26.4,0.69
2024-03-15 18:00:00,ZONE_M02,0.49,18.5,-26.4,0.69
2024-03-15 18:00:00,ZONE_M03,0.49,20.2,-26.4,0.69
2024-03-15 18:00:00,ZONE_B01,0.49,19.0,-26.4,0.69
2024-03-15 18:00:00,ZONE_B02,0.49,18.5,-26.4,0.69
2024-03-15 19:00:00,ZONE_M01,0.81,20.0,-26.5,0.84
2024-03-15 19:00:00,ZONE_M02,0.81,20.7,-26.5,0.84
2024-03-15 19:00:00,ZONE_M03,0.81,20.3,-26.5,0.84
2024-03-15 19:00:00,ZONE_B01,0.81,20.5,-26.5,0.84
2024-03-15 19:00:00,ZONE_B02,0.81,19.3,-26.5,0.84
2024-03-15 20:00:00,ZONE_M01,0.68,19.5,-23.3,0.73
2024-03-15 20:00:00,ZONE_M02,0.68,20.7,-23.3,0.73
2024-03-15 20:00:00,ZONE_M03,0.68,19.5,-23.3,0.73
2024-03-15 20:00:00,ZONE_B01,0.68,20.2,-23.3,0.73
2024-03-15 20:00:00,ZONE_B02,0.68,20.1,-23.3,0.73
2024-03-15 21:00:00,ZONE_M01,0.71,19.8,-27.5,0.81
2024-03-15 21:00:00,ZONE_M02,0.71,19.4,-27.5,0.81
2024-03-15 21:00:00,ZONE_M03,0.71,20.2,-27.5,0.81
2024-03-15 21:00:00,ZONE_B01,0.71,19.5,-27.5,0.81
2024-03-15 21:00:00,ZONE_B02,0.71,20.6,-27.5,0.81
2024-03-15 22:00:00,ZONE_M01,0.69,20.6,-21.5,0.7
2024-03-15 22:00:00,ZONE_M02,0.69,19.4,-21.5,0.7
2024-03-15 22:00:00,ZONE_M03,0.69,20.2,-21.5,0.7
2024-03-15 22:00:00,ZONE_B01,0.69,19.7,-21.5,0.7
2024-03-15 22:00:00,ZONE_B02,0.69,18.6,-21.5,0.7
2024-03-15 23:00:00,ZONE_M01,0.26,18.8,-23.8,0.55
2024-03-15 23:00:00,ZONE_M02,0.26,18.7,-23.8,0.55
2024-03-15 23:00:00,ZONE_M03,0.26,18.9,-23.8,0.55
2024-03-15 23:00:00,ZONE_B01,0.26,18.7,-23.8,0.55
2024-03-15 23:00:00,ZONE_B02,0.26,18.1,-23.8,0.55
2024-03-16 00:00:00,ZONE_M01,0.09,18.4,-26.9,0.51
2024-03-16 00:00:00,ZONE_M02,0.09,17.7,-26.9,0.51
2024-03-16 00:00:00,ZONE_M03,0.09,18.2,-26.9,0.51
2024-03-16 00:00:00,ZONE_B01,0.09,18.9,-26.9,0.51
2024-03-16 00:00:00,ZONE_B02,0.09,17.9,-26.9,0.51
2024-03-16 01:00:00,ZONE_M01,0.11,18.9,-27.3,0.52
2024-03-16 01:00:00,ZONE_M02,0.11,17.6,-27.3,0.52
2024-03-16 01:00:00,ZONE_M03,0.11,17.9,-27.3,0.52
2024-03-16 01:00:00,ZONE_B01,0.11,18.2,-27.3,0.52
2024-03-16 01:00:00,ZONE_B02,0.11,18.8,-27.3,0.52
2024-03-16 02:00:00,ZONE_M01,0.16,19.4,-23.5,0.5
2024-03-16 02:00:00,ZONE_M02,0.16,18.6,-23.5,0.5
2024-03-16 02:00:00,ZONE_M03,0.16,18.2,-23.5,0.5
2024-03-16 02:00:00,ZONE_B01,0.16,18.0,-23.5,0.5
2024-03-16 02:00:00,ZONE_B02,0.16,19.0,-23.5,0.5
2024-03-16 03:00:00,ZONE_M01,0.04,17.7,-25.3,0.47
2024-03-16 03:00:00,ZONE_M02,0.04,17.7,-25.3,0.47
2024-03-16 03:00:00,ZONE_M03,0.04,17.7,-25.3,0.47
2024-03-16 03:00:00,ZONE_B01,0.04,17.5,-25.3,0.47
2024-03-16 03:00:00,ZONE_B02,0.04,18.7,-25.3,0.47
2024-03-16 04:00:00,ZONE_M01,0.34,19.0,-20.7,0.54
2024-03-16 04:00:00,ZONE_M02,0.34,18.9,-20.7,0.54
2024-03-16 04:00:00,ZONE_M03,0.34,19.1,-20.7,0.54
2024-03-16 04:00:00,ZONE_B01,0.34,18.6,-20.7,0.54
2024-03-16 04:00:00,ZONE_B02,0.34,18.0,-20.7,0.54
2024-03-16 05:00:00,ZONE_M01,0.18,18.6,-22.2,0.5
2024-03-16 05:00:00,ZONE_M02,0.18,18.3,-22.2,0.5
2024-03-16 05:00:00,ZONE_M03,0.18,18.4,-22.2,0.5
2024-03-16 05:00:00,ZONE_B01,0.18,18.3,-22.2,0.5
2024-03-16 05:00:00,ZONE_B02,0.18,18.8,-22.2,0.5
2024-03-16 06:00:00,ZONE_M01,0.65,19.9,-21.6,0.69
2024-03-16 06:00:00,ZONE_M02,0.65,20.3,-21.6,0.69
2024-03-16 06:00:00,ZONE_M03,0.65,19.5,-21.6,0.69
2024-03-16 06:00:00,ZONE_B01,0.65,20.1,-21.6,0.69
2024-03-16 06:00:00,ZONE_B02,0.65,20.3,-21.6,0.69
2024-03-16 07:00:00,ZONE_M01,0.57,20.1,-28.6,0.76
2024-03-16 07:00:00,ZONE_M02,0.57,19.9,-28.6,0.76
2024-03-16 07:00:00,ZONE_M03,0.57,18.9,-28.6,0.76
2024-03-16 07:00:00,ZONE_B01,0.57,19.0,-28.6,0.76
2024-03-16 07:00:00,ZONE_B02,0.57,19.1,-28.6,0.76
2024-03-16 08:00:00,ZONE_M01,0.65,21.0,-22.4,0.7
2024-03-16 08:00:00,ZONE_M02,0.65,20.2,-22.4,0.7
2024-03-16 08:00:00,ZONE_M03,0.65,20.7,-22.4,0.7
2024-03-16 08:00:00,ZONE_B01,0.65,20.1,-22.4,0.7
2024-03-16 08:00:00,ZONE_B02,0.65,19.9,-22.4,0.7
2024-03-16 09:00:00,ZONE_M01,0.84,21.8,-27.9,0.88
2024-03-16 09:00:00,ZONE_M02,0.84,20.6,-27.9,0.88
2024-03-16 09:00:00,ZONE_M03,0.84,20.8,-27.9,0.88
2024-03-16 09:00:00,ZONE_B01,0.84,19.7,-27.9,0.88
2024-03-16 09:00:00,ZONE_B02,0.84,21.5,-27.9,0.88
2024-03-16 10:00:00,ZONE_M01,0.44,19.0,-24.4,0.64
2024-03-16 10:00:00,ZONE_M02,0.44,19.6,-24.4,0.64
2024-03-16 10:00:00,ZONE_M03,0.44,19.9,-24.4,0.64
2024-03-16 10:00:00,ZONE_B01,0.44,19.7,-24.4,0.64
2024-03-16 10:00:00,ZONE_B02,0.44,18.9,-24.4,0.64
2024-03-16 11:00:00,ZONE_M01,0.51,19.7,-23.8,0.66
2024-03-16 11:00:00,ZONE_M02,0.51,19.5,-23.8,0.66
2024-03-16 11:00:00,ZONE_M03,0.51,19.4,-23.8,0.66
2024-03-16 11:00:00,ZONE_B01,0.51,19.0,-23.8,0.66
2024-03-16 11:00:00,ZONE_B02,0.51,19.7,-23.8,0.66
2024-03-16 12:00:00,ZONE_M01,0.54,18.7,-28.0,0.74
2024-03-16 12:00:00,ZONE_M02,0.54,20.1,-28.0,0.74
2024-03-16 12:00:00,ZONE_M03,0.54,19.3,-28.0,0.74
2024-03-16 12:00:00,ZONE_B01,0.54,19.9,-28.0,0.74
2024-03-16 12:00:00,ZONE_B02,0.54,19.6,-28.0,0.74
2024-03-16 13:00:00,ZONE_M01,0.82,20.1,-22.4,0.77
2024-03-16 13:00:00,ZONE_M02,0.82,20.0,-22.4,0.77
2024-03-16 13:00:00,ZONE_M03,0.82,20.5,-22.4,0.77
2024-03-16 13:00:00,ZONE_B01,0.82,19.5,-22.4,0.77
2024-03-16 13:00:00,ZONE_B02,0.82,20.6,-22.4,0.77
2024-03-16 14:00:00,ZONE_M01,0.43,19.3,-23.6,0.62
2024-03-16 14:00:00,ZONE_M02,0.43,19.8,-23.6,0.62
2024-03-16 14:00:00,ZONE_M03,0.43,19.1,-23.6,0.62
2024-03-16 14:00:00,ZONE_B01,0.43,19.4,-23.6,0.62
2024-03-16 14:00:00,ZONE_B02,0.43,19.6,-23.6,0.62
2024-03-16 15:00:00,ZONE_M01,0.71,19.4,-27.4,0.81
2024-03-16 15:00:00,ZONE_M02,0.71,20.6,-27.4,0.81
2024-03-16 15:00:00,ZONE_M03,0.71,20.0,-27.4,0.81
2024-03-16 15:00:00,ZONE_B01,0.71,20.2,-27.4,0.81
2024-03-16 15:00:00,ZONE_B02,0.71,19.9,-27.4,0.81
2024-03-16 16:00:00,ZONE_M01,0.86,21.4,-23.3,0.81
2024-03-16 16:00:00,ZONE_M02,0.86,20.5,-23.3,0.81
2024-03-16 16:00:00,ZONE_M03,0.86,20.3,-23.3,0.81
2024-03-16 16:00:00,ZONE_B01,0.86,20.7,-23.3,0.81
2024-03-16 16:00:00,ZONE_B02,0.86,20.5,-23.3,0.81
2024-03-16 17:00:00,ZONE_M01,0.29,18.6,-22.6,0.55
2024-03-16 17:00:00,ZONE_M02,0.29,18.6,-22.6,0.55
2024-03-16 17:00:00,ZONE_M03,0.29,18.7,-22.6,0.55
2024-03-16 17:00:00,ZONE_B01,0.29,18.3,-22.6,0.55
2024-03-16 17:00:00,ZONE_B02,0.29,19.1,-22.6,0.55
2024-03-16 18:00:00,ZONE_M01,0.88,21.0,-23.2,0.81
2024-03-16 18:00:00,ZONE_M02,0.88,20.9,-23.2,0.81
2024-03-16 18:00:00,ZONE_M03,0.88,21.7,-23.2,0.81
2024-03-16 18:00:00,ZONE_B01,0.88,20.2,-23.2,0.81
2024-03-16 18:00:00,ZONE_B02,0.88,20.8,-23.2,0.81
2024-03-16 19:00:00,ZONE_M01,0.52,19.3,-29.0,0.75
2024-03-16 19:00:00,ZONE_M02,0.52,19.2,-29.0,0.75
2024-03-16 19:00:00,ZONE_M03,0.52,18.8,-29.0,0.75
2024-03-16 19:00:00,ZONE_B01,0.52,20.5,-29.0,0.75
2024-03-16 19:00:00,ZONE_B02,0.52,20.3,-29.0,0.75
2024-03-16 20:00:00,ZONE_M01,0.55,19.5,-24.3,0.69
2024-03-16 20:00:00,ZONE_M02,0.55,19.9,-24.3,0.69
2024-03-16 20:00:00,ZONE_M03,0.55,18.5,-24.3,0.69
2024-03-16 20:00:00,ZONE_B01,0.55,19.2,-24.3,0.69
2024-03-16 20:00:00,ZONE_B02,0.55,20.1,-24.3,0.69
2024-03-16 21:00:00,ZONE_M01,0.52,19.6,-23.3,0.66
2024-03-16 21:00:00,ZONE_M02,0.52,21.0,-23.3,0.66
2024-03-16 21:00:00,ZONE_M03,0.52,19.2,-23.3,0.66
2024-03-16 21:00:00,ZONE_B01,0.52,19.3,-23.3,0.66
2024-03-16 21:00:00,ZONE_B02,0.52,19.4,-23.3,0.66
2024-03-16 22:00:00,ZONE_M01,0.66,19.9,-24.6,0.74
2024-03-16 22:00:00,ZONE_M02,0.66,19.6,-24.6,0.74
2024-03-16 22:00:00,ZONE_M03,0.66,19.9,-24.6,0.74
2024-03-16 22:00:00,ZONE_B01,0.66,19.5,-24.6,0.74
2024-03-16 22:00:00,ZONE_B02,0.66,20.4,-24.6,0.74
2024-03-16 23:00:00,ZONE_M01,0.14,18.8,-27.2,0.54
2024-03-16 23:00:00,ZONE_M02,0.14,19.0,-27.2,0.54
2024-03-16 23:00:00,ZONE_M03,0.14,18.6,-27.2,0.54
2024-03-16 23:00:00,ZONE_B01,0.14,18.2,-27.2,0.54
2024-03-16 23:00:00,ZONE_B02,0.14,18.0,-27.2,0.54
2024-03-17 00:00:00,ZONE_M01,0.27,19.1,-25.3,0.57
2024-03-17 00:00:00,ZONE_M02,0.27,19.6,-25.3,0.57
2024-03-17 00:00:00,ZONE_M03,0.27,19.5,-25.3,0.57
2024-03-17 00:00:00,ZONE_B01,0.27,19.3,-25.3,0.57
2024-03-17 00:00:00,ZONE_B02,0.27,18.0,-25.3,0.57
2024-03-17 01:00:00,ZONE_M01,0.1,17.3,-23.7,0.48
2024-03-17 01:00:00,ZONE_M02,0.1,18.7,-23.7,0.48
2024-03-17 01:00:00,ZONE_M03,0.1,18.0,-23.7,0.48
2024-03-17 01:00:00,ZONE_B01,0.1,18.6,-23.7,0.48
2024-03-17 01:00:00,ZONE_B02,0.1,19.1,-23.7,0.48
2024-03-17 02:00:00,ZONE_M01,0.37,18.5,-24.9,0.62
2024-03-17 02:00:00,ZONE_M02,0.37,18.4,-24.9,0.62
2024-03-17 02:00:00,ZONE_M03,0.37,18.7,-24.9,0.62
2024-03-17 02:00:00,ZONE_B01,0.37,18.3,-24.9,0.62
2024-03-17 02:00:00,ZONE_B02,0.37,19.4,-24.9,0.62
2024-03-17 03:00:00,ZONE_M01,0.04,18.1,-21.9,0.44
2024-03-17 03:00:00,ZONE_M02,0.04,17.7,-21.9,0.44
2024-03-17 03:00:00,ZONE_M03,0.04,17.9,-21.9,0.44
2024-03-17 03:00:00,ZONE_B01,0.04,17.8,-21.9,0.44
2024-03-17 03:00:00,ZONE_B02,0.04,18.0,-21.9,0.44
2024-03-17 04:00:00,ZONE_M01,0.11,18.7,-24.6,0.5
2024-03-17 04:00:00,ZONE_M02,0.11,18.3,-24.6,0.5
2024-03-17 04:00:00,ZONE_M03,0.11,18.2,-24.6,0.5
2024-03-17 04:00:00,ZONE_B01,0.11,18.1,-24.6,0.5
2024-03-17 04:00:00,ZONE_B02,0.11,18.2,-24.6,0.5
2024-03-17 05:00:00,ZONE_M01,0.25,18.5,-24.7,0.56
2024-03-17 05:00:00,ZONE_M02,0.25,19.2,-24.7,0.56
2024-03-17 05:00:00,ZONE_M03,0.25,18.9,-24.7,0.56
2024-03-17 05:00:00,ZONE_B01,0.25,18.5,-24.7,0.56
2024-03-17 05:00:00,ZONE_B02,0.25,18.3,-24.7,0.56
2024-03-17 06:00:00,ZONE_M01,0.63,19.9,-23.4,0.71
2024-03-17 06:00:00,ZONE_M02,0.63,19.8,-23.4,0.71
2024-03-17 06:00:00,ZONE_M03,0.63,20.4,-23.4,0.71
2024-03-17 06:00:00,ZONE_B01,0.63,20.4,-23.4,0.71
2024-03-17 06:00:00,ZONE_B02,0.63,19.7,-23.4,0.71
2024-03-17 07:00:00,ZONE_M01,0.53,19.7,-22.9,0.66
2024-03-17 07:00:00,ZONE_M02,0.53,19.2,-22.9,0.66
2024-03-17 07:00:00,ZONE_M03,0.53,20.8,-22.9,0.66
2024-03-17 07:00:00,ZONE_B01,0.53,19.0,-22.9,0.66
2024-03-17 07:00:00,ZONE_B02,0.53,20.1,-22.9,0.66
2024-03-17 08:00:00,ZONE_M01,0.56,19.1,-24.5,0.7
2024-03-17 08:00:00,ZONE_M02,0.56,20.0,-24.5,0.7
2024-03-17 08:00:00,ZONE_M03,0.56,19.6,-24.5,0.7
2024-03-17 08:00:00,ZONE_B01,0.56,19.1,-24.5,0.7
2024-03-17 08:00:00,ZONE_B02,0.56,19.3,-24.5,0.7
2024-03-17 09:00:00,ZONE_M01,0.85,20.9,-27.7,0.88
2024-03-17 09:00:00,ZONE_M02,0.85,21.1,-27.7,0.88
2024-03-17 09:00:00,ZONE_M03,0.85,20.7,-27.7,0.88
2024-03-17 09:00:00,ZONE_B01,0.85,21.0,-27.7,0.88
2024-03-17 09:00:00,ZONE_B02,0.85,20.5,-27.7,0.88
2024-03-17 10:00:00,ZONE_M01,0.86,20.1,-23.4,0.81
2024-03-17 10:00:00,ZONE_M02,0.86,20.8,-23.4,0.81
2024-03-17 10:00:00,ZONE_M03,0.86,20.8,-23.4,0.81
2024-03-17 10:00:00,ZONE_B01,0.86,20.6,-23.4,0.81
2024-03-17 10:00:00,ZONE_B02,0.86,20.2,-23.4,0.81
2024-03-17 11:00:00,ZONE_M01,0.6,19.3,-26.2,0.74
2024-03-17 11:00:00,ZONE_M02,0.6,20.0,-26.2,0.74
2024-03-17 11:00:00,ZONE_M03,0.6,19.5,-26.2,0.74
2024-03-17 11:00:00,ZONE_B01,0.6,19.6,-26.2,0.74
2024-03-17 11:00:00,ZONE_B02,0.6,19.7,-26.2,0.74
2024-03-17 12:00:00,ZONE_M01,0.76,20.1,-23.9,0.77
2024-03-17 12:00:00,ZONE_M02,0.76,19.9,-23.9,0.77
2024-03-17 12:00:00,ZONE_M03,0.76,19.5,-23.9,0.77
2024-03-17 12:00:00,ZONE_B01,0.76,21.4,-23.9,0.77
2024-03-17 12:00:00,ZONE_B02,0.76,20.3,-23.9,0.77
2024-03-17 13:00:00,ZONE_M01,0.7,20.2,-22.8,0.73
2024-03-17 13:00:00,ZONE_M02,0.7,19.9,-22.8,0.73
2024-03-17 13:00:00,ZONE_M03,0.7,20.3,-22.8,0.73
2024-03-17 13:00:00,ZONE_B01,0.7,20.7,-22.8,0.73
2024-03-17 13:00:00,ZONE_B02,0.7,19.5,-22.8,0.73
2024-03-17 14:00:00,ZONE_M01,0.63,19.4,-25.2,0.74
2024-03-17 14:00:00,ZONE_M02,0.63,19.8,-25.2,0.74
2024-03-17 14:00:00,ZONE_M03,0.63,20.8,-25.2,0.74
2024-03-17 14:00:00,ZONE_B01,0.63,20.0,-25.2,0.74
2024-03-17 14:00:00,ZONE_B02,0.63,19.2,-25.2,0.74
2024-03-17 15:00:00,ZONE_M01,0.69,20.3,-21.7,0.71
2024-03-17 15:00:00,ZONE_M02,0.69,19.8,-21.7,0.71
2024-03-17 15:00:00,ZONE_M03,0.69,20.8,-21.7,0.71
2024-03-17 15:00:00,ZONE_B01,0.69,20.1,-21.7,0.71
2024-03-17 15:00:00,ZONE_B02,0.69,20.7,-21.7,0.71
2024-03-17 16:00:00,ZONE_M01,0.44,18.8,-26.4,0.67
2024-03-17 16:00:00,ZONE_M02,0.44,19.6,-26.4,0.67
2024-03-17 16:00:00,ZONE_M03,0.44,19.3,-26.4,0.67
2024-03-17 16:00:00,ZONE_B01,0.44,19.4,-26.4,0.67
2024-03-17 16:00:00,ZONE_B02,0.44,19.7,-26.4,0.67
2024-03-17 17:00:00,ZONE_M01,0.55,19.3,-26.1,0.72
2024-03-17 17:00:00,ZONE_M02,0.55,19.6,-26.1,0.72
2024-03-17 17:00:00,ZONE_M03,0.55,20.2,-26.1,0.72
2024-03-17 17:00:00,ZONE_B01,0.55,19.9,-26.1,0.72
2024-03-17 17:00:00,ZONE_B02,0.55,19.7,-26.1,0.72
2024-03-17 18:00:00,ZONE_M01,0.55,19.2,-24.3,0.69
2024-03-17 18:00:00,ZONE_M02,0.55,19.8,-24.3,0.69
2024-03-17 18:00:00,ZONE_M03,0.55,19.6,-24.3,0.69
2024-03-17 18:00:00,ZONE_B01,0.55,20.2,-24.3,0.69
2024-03-17 18:00:00,ZONE_B02,0.55,19.3,-24.3,0.69
2024-03-17 19:00:00,ZONE_M01,0.69,19.9,-23.7,0.74
2024-03-17 19:00:00,ZONE_M02,0.69,21.0,-23.7,0.74
2024-03-17 19:00:00,ZONE_M03,0.69,20.9,-23.7,0.74
2024-03-17 19:00:00,ZONE_B01,0.69,20.5,-23.7,0.74
2024-03-17 19:00:00,ZONE_B02,0.69,20.1,-23.7,0.74
2024-03-17 20:00:00,ZONE_M01,0.59,20.0,-24.3,0.7
2024-03-17 20:00:00,ZONE_M02,0.59,19.8,-24.3,0.7
2024-03-17 20:00:00,ZONE_M03,0.59,20.5,-24.3,0.7
2024-03-17 20:00:00,ZONE_B01,0.59,20.3,-24.3,0.7
2024-03-17 20:00:00,ZONE_B02,0.59,20.6,-24.3,0.7
2024-03-17 21:00:00,ZONE_M01,0.77,20.6,-26.4,0.82
2024-03-17 21:00:00,ZONE_M02,0.77,20.3,-26.4,0.82
2024-03-17 21:00:00,ZONE_M03,0.77,20.8,-26.4,0.82
2024-03-17 21:00:00,ZONE_B01,0.77,20.4,-26.4,0.82
2024-03-17 21:00:00,ZONE_B02,0.77,20.7,-26.4,0.82
2024-03-17 22:00:00,ZONE_M01,0.46,19.3,-24.9,0.66
2024-03-17 22:00:00,ZONE_M02,0.46,19.1,-24.9,0.66
2024-03-17 22:00:00,ZONE_M03,0.46,19.2,-24.9,0.66
2024-03-17 22:00:00,ZONE_B01,0.46,20.1,-24.9,0.66
2024-03-17 22:00:00,ZONE_B02,0.46,19.0,-24.9,0.66
2024-03-17 23:00:00,ZONE_M01,0.1,18.8,-26.4,0.51
2024-03-17 23:00:00,ZONE_M02,0.1,17.9,-26.4,0.51
2024-03-17 23:00:00,ZONE_M03,0.1,18.2,-26.4,0.51
2024-03-17 23:00:00,ZONE_B01,0.1,18.5,-26.4,0.51
2024-03-17 23:00:00,ZONE_B02,0.1,18.6,-26.4,0.51
2024-03-18 00:00:00,ZONE_M01,0.0,17.2,-24.0,0.44
2024-03-18 00:00:00,ZONE_M02,0.0,17.4,-24.0,0.44
2024-03-18 00:00:00,ZONE_M03,0.0,18.1,-24.0,0.44
2024-03-18 00:00:00,ZONE_B01,0.0,18.2,-24.0,0.44
2024-03-18 00:00:00,ZONE_B02,0.0,17.7,-24.0,0.44
2024-03-18 01:00:00,ZONE_M01,0.13,19.3,-25.9,0.52
2024-03-18 01:00:00,ZONE_M02,0.13,18.3,-25.9,0.52
2024-03-18 01:00:00,ZONE_M03,0.13,18.3,-25.9,0.52
2024-03-18 01:00:00,ZONE_B01,0.13,18.7,-25.9,0.52
2024-03-18 01:00:00,ZONE_B02,0.13,18.3,-25.9,0.52
2024-03-18 02:00:00,ZONE_M01,0.11,17.7,-25.0,0.5
2024-03-18 02:00:00,ZONE_M02,0.11,17.6,-25.0,0.5
2024-03-18 02:00:00,ZONE_M03,0.11,19.1,-25.0,0.5
2024-03-18 02:00:00,ZONE_B01,0.11,18.8,-25.0,0.5
2024-03-18 02:00:00,ZONE_B02,0.11,18.0,-25.0,0.5
2024-03-18 03:00:00,ZONE_M01,0.08,18.2,-23.8,0.47
2024-03-18 03:00:00,ZONE_M02,0.08,18.3,-23.8,0.47
2024-03-18 03:00:00,ZONE_M03,0.08,18.5,-23.8,0.47
2024-03-18 03:00:00,ZONE_B01,0.08,18.0,-23.8,0.47
2024-03-18 03:00:00,ZONE_B02,0.08,17.7,-23.8,0.47
2024-03-18 04:00:00,ZONE_M01,0.14,18.3,-25.7,0.52
2024-03-18 04:00:00,ZONE_M02,0.14,18.3,-25.7,0.52
2024-03-18 04:00:00,ZONE_M03,0.14,18.5,-25.7,0.52
2024-03-18 04:00:00,ZONE_B01,0.14,19.2,-25.7,0.52
2024-03-18 04:00:00,ZONE_B02,0.14,18.3,-25.7,0.52
2024-03-18 05:00:00,ZONE_M01,0.08,17.7,-23.8,0.47
2024-03-18 05:00:00,ZONE_M02,0.08,18.4,-23.8,0.47
2024-03-18 05:00:00,ZONE_M03,0.08,18.9,-23.8,0.47
2024-03-18 05:00:00,ZONE_B01,0.08,17.7,-23.8,0.47
2024-03-18 05:00:00,ZONE_B02,0.08,18.6,-23.8,0.47
2024-03-18 06:00:00,ZONE_M01,0.7,20.2,-23.4,0.74
2024-03-18 06:00:00,ZONE_M02,0.7,20.3,-23.4,0.74
2024-03-18 06:00:00,ZONE_M03,0.7,20.5,-23.4,0.74
2024-03-18 06:00:00,ZONE_B01,0.7,20.5,-23.4,0.74
2024-03-18 06:00:00,ZONE_B02,0.7,19.5,-23.4,0.74
2024-03-18 07:00:00,ZONE_M01,0.58,20.3,-27.0,0.74
2024-03-18 07:00:00,ZONE_M02,0.58,18.5,-27.0,0.74
2024-03-18 07:00:00,ZONE_M03,0.58,19.5,-27.0,0.74
2024-03-18 07:00:00,ZONE_B01,0.58,20.1,-27.0,0.74
2024-03-18 07:00:00,ZONE_B02,0.58,20.3,-27.0,0.74
2024-03-18 08:00:00,ZONE_M01,0.7,19.7,-26.2,0.78
2024-03-18 08:00:00,ZONE_M02,0.7,20.4,-26.2,0.78
2024-03-18 08:00:00,ZONE_M03,0.7,19.7,-26.2,0.78
2024-03-18 08:00:00,ZONE_B01,0.7,20.9,-26.2,0.78
2024-03-18 08:00:00,ZONE_B02,0.7,19.9,-26.2,0.78
2024-03-18 09:00:00,ZONE_M01,0.52,19.6,-25.1,0.69
2024-03-18 09:00:00,ZONE_M02,0.52,19.9,-25.1,0.69
2024-03-18 09:00:00,ZONE_M03,0.52,19.6,-25.1,0.69
2024-03-18 09:00:00,ZONE_B01,0.52,18.7,-25.1,0.69
2024-03-18 09:00:00,ZONE_B02,0.52,19.9,-25.1,0.69
2024-03-18 10:00:00,ZONE_M01,0.54,19.9,-23.3,0.67
2024-03-18 10:00:00,ZONE_M02,0.54,19.7,-23.3,0.67
2024-03-18 10:00:00,ZONE_M03,0.54,20.4,-23.3,0.67
2024-03-18 10:00:00,ZONE_B01,0.54,19.0,-23.3,0.67
2024-03-18 10:00:00,ZONE_B02,0.54,20.4,-23.3,0.67
2024-03-18 11:00:00,ZONE_M01,0.63,19.4,-23.3,0.71
2024-03-18 11:00:00,ZONE_M02,0.63,20.0,-23.3,0.71
2024-03-18 11:00:00,ZONE_M03,0.63,20.4,-23.3,0.71
2024-03-18 11:00:00,ZONE_B01,0.63,20.3,-23.3,0.71
2024-03-18 11:00:00,ZONE_B02,0.63,20.3,-23.3,0.71
2024-03-18 12:00:00,ZONE_M01,0.67,20.9,-22.9,0.71
2024-03-18 12:00:00,ZONE_M02,0.67,20.4,-22.9,0.71
2024-03-18 12:00:00,ZONE_M03,0.67,19.8,-22.9,0.71
2024-03-18 12:00:00,ZONE_B01,0.67,19.1,-22.9,0.71
2024-03-18 12:00:00,ZONE_B02,0.67,20.1,-22.9,0.71
2024-03-18 13:00:00,ZONE_M01,0.54,19.7,-26.9,0.72
2024-03-18 13:00:00,ZONE_M02,0.54,19.8,-26.9,0.72
2024-03-18 13:00:00,ZONE_M03,0.54,19.7,-26.9,0.72
2024-03-18 13:00:00,ZONE_B01,0.54,20.0,-26.9,0.72
2024-03-18 13:00:00,ZONE_B02,0.54,19.4,-26.9,0.72
2024-03-18 14:00:00,ZONE_M01,0.64,19.7,-23.1,0.71
2024-03-18 14:00:00,ZONE_M02,0.64,20.6,-23.1,0.71
2024-03-18 14:00:00,ZONE_M03,0.64,19.9,-23.1,0.71
2024-03-18 14:00:00,ZONE_B01,0.64,19.7,-23.1,0.71
2024-03-18 14:00:00,ZONE_B02,0.64,19.5,-23.1,0.71
2024-03-18 15:00:00,ZONE_M01,0.67,19.9,-25.7,0.76
2024-03-18 15:00:00,ZONE_M02,0.67,20.9,-25.7,0.76
2024-03-18 15:00:00,ZONE_M03,0.67,19.9,-25.7,0.76
2024-03-18 15:00:00,ZONE_B01,0.67,20.7,-25.7,0.76
2024-03-18 15:00:00,ZONE_B02,0.67,20.1,-25.7,0.76
2024-03-18 16:00:00,ZONE_M01,0.8,20.9,-23.1,0.77
2024-03-18 16:00:00,ZONE_M02,0.8,20.8,-23.1,0.77
2024-03-18 16:00:00,ZONE_M03,0.8,20.1,-23.1,0.77
2024-03-18 16:00:00,ZONE_B01,0.8,20.4,-23.1,0.77
2024-03-18 16:00:00,ZONE_B02,0.8,20.1,-23.1,0.77
2024-03-18 17:00:00,ZONE_M01,0.8,21.6,-24.3,0.8
2024-03-18 17:00:00,ZONE_M02,0.8,20.2,-24.3,0.8
2024-03-18 17:00:00,ZONE_M03,0.8,19.6,-24.3,0.8
2024-03-18 17:00:00,ZONE_B01,0.8,20.1,-24.3,0.8
2024-03-18 17:00:00,ZONE_B02,0.8,19.2,-24.3,0.8
2024-03-18 18:00:00,ZONE_M01,0.58,19.8,-28.9,0.77
2024-03-18 18:00:00,ZONE_M02,0.58,19.6,-28.9,0.77
2024-03-18 18:00:00,ZONE_M03,0.58,19.2,-28.9,0.77
2024-03-18 18:00:00,ZONE_B01,0.58,19.4,-28.9,0.77
2024-03-18 18:00:00,ZONE_B02,0.58,19.4,-28.9,0.77
2024-03-18 19:00:00,ZONE_M01,0.57,19.9,-24.5,0.7
2024-03-18 19:00:00,ZONE_M02,0.57,19.9,-24.5,0.7
2024-03-18 19:00:00,ZONE_M03,0.57,19.9,-24.5,0.7
2024-03-18 19:00:00,ZONE_B01,0.57,19.3,-24.5,0.7
2024-03-18 19:00:00,ZONE_B02,0.57,20.4,-24.5,0.7
2024-03-18 20:00:00,ZONE_M01,0.63,20.5,-24.5,0.73
2024-03-18 20:00:00,ZONE_M02,0.63,18.8,-24.5,0.73
2024-03-18 20:00:00,ZONE_M03,0.63,19.2,-24.5,0.73
2024-03-18 20:00:00,ZONE_B01,0.63,19.4,-24.5,0.73
2024-03-18 20:00:00,ZONE_B02,0.63,20.0,-24.5,0.73
2024-03-18 21:00:00,ZONE_M01,0.78,20.3,-23.0,0.76
2024-03-18 21:00:00,ZONE_M02,0.78,20.1,-23.0,0.76
2024-03-18 21:00:00,ZONE_M03,0.78,19.4,-23.0,0.76
2024-03-18 21:00:00,ZONE_B01,0.78,20.6,-23.0,0.76
2024-03-18 21:00:00,ZONE_B02,0.78,19.7,-23.0,0.76
2024-03-18 22:00:00,ZONE_M01,0.62,20.4,-25.2,0.73
2024-03-18 22:00:00,ZONE_M02,0.62,21.2,-25.2,0.73
2024-03-18 22:00:00,ZONE_M03,0.62,19.0,-25.2,0.73
2024-03-18 22:00:00,ZONE_B01,0.62,20.1,-25.2,0.73
2024-03-18 22:00:00,ZONE_B02,0.62,20.0,-25.2,0.73
2024-03-18 23:00:00,ZONE_M01,0.17,18.2,-24.5,0.52
2024-03-18 23:00:00,ZONE_M02,0.17,18.1,-24.5,0.52
2024-03-18 23:00:00,ZONE_M03,0.17,18.5,-24.5,0.52
2024-03-18 23:00:00,ZONE_B01,0.17,18.5,-24.5,0.52
2024-03-18 23:00:00,ZONE_B02,0.17,18.2,-24.5,0.52
2024-03-19 00:00:00,ZONE_M01,0.15,18.8,-22.5,0.49
2024-03-19 00:00:00,ZONE_M02,0.15,18.3,-22.5,0.49
2024-03-19 00:00:00,ZONE_M03,0.15,18.7,-22.5,0.49
2024-03-19 00:00:00,ZONE_B01,0.15,18.7,-22.5,0.49
2024-03-19 00:00:00,ZONE_B02,0.15,18.4,-22.5,0.49
2024-03-19 01:00:00,ZONE_M01,0.0,18.0,-22.6,0.43
2024-03-19 01:00:00,ZONE_M02,0.0,17.6,-22.6,0.43
2024-03-19 01:00:00,ZONE_M03,0.0,17.6,-22.6,0.43
2024-03-19 01:00:00,ZONE_B01,0.0,17.2,-22.6,0.43
2024-03-19 01:00:00,ZONE_B02,0.0,17.8,-22.6,0.43
2024-03-19 02:00:00,ZONE_M01,0.21,17.8,-23.8,0.53
2024-03-19 02:00:00,ZONE_M02,0.21,17.9,-23.8,0.53
2024-03-19 02:00:00,ZONE_M03,0.21,18.7,-23.8,0.53
2024-03-19 02:00:00,ZONE_B01,0.21,17.9,-23.8,0.53
2024-03-19 02:00:00,ZONE_B02,0.21,18.5,-23.8,0.53
2024-03-19 03:00:00,ZONE_M01,0.1,19.4,-28.0,0.53
2024-03-19 03:00:00,ZONE_M02,0.1,17.9,-28.0,0.53
2024-03-19 03:00:00,ZONE_M03,0.1,17.9,-28.0,0.53
2024-03-19 03:00:00,ZONE_B01,0.1,18.1,-28.0,0.53
2024-03-19 03:00:00,ZONE_B02,0.1,17.9,-28.0,0.53
2024-03-19 04:00:00,ZONE_M01,0.31,19.2,-24.4,0.58
2024-03-19 04:00:00,ZONE_M02,0.31,18.7,-24.4,0.58
2024-03-19 04:00:00,ZONE_M03,0.31,20.0,-24.4,0.58
2024-03-19 04:00:00,ZONE_B01,0.31,18.6,-24.4,0.58
2024-03-19 04:00:00,ZONE_B02,0.31,18.8,-24.4,0.58
2024-03-19 05:00:00,ZONE_M01,0.09,18.1,-28.7,0.53
2024-03-19 05:00:00,ZONE_M02,0.09,18.4,-28.7,0.53
2024-03-19 05:00:00,ZONE_M03,0.09,17.9,-28.7,0.53
2024-03-19 05:00:00,ZONE_B01,0.09,18.3,-28.7,0.53
2024-03-19 05:00:00,ZONE_B02,0.09,18.2,-28.7,0.53
2024-03-19 06:00:00,ZONE_M01,0.58,19.7,-23.9,0.7
2024-03-19 06:00:00,ZONE_M02,0.58,19.3,-23.9,0.7
2024-03-19 06:00:00,ZONE_M03,0.58,19.9,-23.9,0.7
2024-03-19 06:00:00,ZONE_B01,0.58,19.1,-23.9,0.7
2024-03-19 06:00:00,ZONE_B02,0.58,19.1,-23.9,0.7
2024-03-19 07:00:00,ZONE_M01,0.43,19.4,-26.2,0.66
2024-03-19 07:00:00,ZONE_M02,0.43,19.0,-26.2,0.66
2024-03-19 07:00:00,ZONE_M03,0.43,18.8,-26.2,0.66
2024-03-19 07:00:00,ZONE_B01,0.43,18.9,-26.2,0.66
2024-03-19 07:00:00,ZONE_B02,0.43,19.3,-26.2,0.66
2024-03-19 08:00:00,ZONE_M01,0.61,19.0,-28.9,0.79
2024-03-19 08:00:00,ZONE_M02,0.61,20.3,-28.9,0.79
2024-03-19 08:00:00,ZONE_M03,0.61,19.5,-28.9,0.79
2024-03-19 08:00:00,ZONE_B01,0.61,19.1,-28.9,0.79
2024-03-19 08:00:00,ZONE_B02,0.61,20.8,-28.9,0.79
2024-03-19 09:00:00,ZONE_M01,0.82,20.7,-23.7,0.8
2024-03-19 09:00:00,ZONE_M02,0.82,20.7,-23.7,0.8
2024-03-19 09:00:00,ZONE_M03,0.82,20.3,-23.7,0.8
2024-03-19 09:00:00,ZONE_B01,0.82,20.0,-23.7,0.8
2024-03-19 09:00:00,ZONE_B02,0.82,19.8,-23.7,0.8
2024-03-19 10:00:00,ZONE_M01,0.59,19.3,-23.3,0.69
2024-03-19 10:00:00,ZONE_M02,0.59,19.5,-23.3,0.69
2024-03-19 10:00:00,ZONE_M03,0.59,19.1,-23.3,0.69
2024-03-19 10:00:00,ZONE_B01,0.59,20.9,-23.3,0.69
2024-03-19 10:00:00,ZONE_B02,0.59,18.9,-23.3,0.69
2024-03-19 11:00:00,ZONE_M01,0.55,18.3,-25.9,0.71
2024-03-19 11:00:00,ZONE_M02,0.55,19.8,-25.9,0.71
2024-03-19 11:00:00,ZONE_M03,0.55,19.8,-25.9,0.71
2024-03-19 11:00:00,ZONE_B01,0.55,18.5,-25.9,0.71
2024-03-19 11:00:00,ZONE_B02,0.55,19.2,-25.9,0.71
2024-03-19 12:00:00,ZONE_M01,0.69,20.3,-25.6,0.77
2024-03-19 12:00:00,ZONE_M02,0.69,20.1,-25.6,0.77
2024-03-19 12:00:00,ZONE_M03,0.69,19.3,-25.6,0.77
2024-03-19 12:00:00,ZONE_B01,0.69,20.1,-25.6,0.77
2024-03-19 12:00:00,ZONE_B02,0.69,19.3,-25.6,0.77
2024-03-19 13:00:00,ZONE_M01,0.97,20.1,-25.8,0.9
2024-03-19 13:00:00,ZONE_M02,0.97,20.9,-25.8,0.9
2024-03-19 13:00:00,ZONE_M03,0.97,21.8,-25.8,0.9
2024-03-19 13:00:00,ZONE_B01,0.97,21.2,-25.8,0.9
2024-03-19 13:00:00,ZONE_B02,0.97,21.6,-25.8,0.9
2024-03-19 14:00:00,ZONE_M01,0.6,20.1,-29.1,0.79
2024-03-19 14:00:00,ZONE_M02,0.6,19.8,-29.1,0.79
2024-03-19 14:00:00,ZONE_M03,0.6,19.2,-29.1,0.79
2024-03-19 14:00:00,ZONE_B01,0.6,19.2,-29.1,0.79
2024-03-19 14:00:00,ZONE_B02,0.6,19.3,-29.1,0.79
2024-03-19 15:00:00,ZONE_M01,0.68,19.6,-21.7,0.7
2024-03-19 15:00:00,ZONE_M02,0.68,20.2,-21.7,0.7
2024-03-19 15:00:00,ZONE_M03,0.68,19.3,-21.7,0.7
2024-03-19 15:00:00,ZONE_B01,0.68,20.7,-21.7,0.7
2024-03-19 15:00:00,ZONE_B02,0.68,19.1,-21.7,0.7
2024-03-19 16:00:00,ZONE_M01,0.87,21.0,-24.4,0.83
2024-03-19 16:00:00,ZONE_M02,0.87,20.9,-24.4,0.83
2024-03-19 16:00:00,ZONE_M03,0.87,20.5,-24.4,0.83
2024-03-19 16:00:00,ZONE_B01,0.87,20.9,-24.4,0.83
2024-03-19 16:00:00,ZONE_B02,0.87,20.6,-24.4,0.83
2024-03-19 17:00:00,ZONE_M01,0.75,20.8,-24.5,0.78
2024-03-19 17:00:00,ZONE_M02,0.75,20.3,-24.5,0.78
2024-03-19 17:00:00,ZONE_M03,0.75,20.2,-24.5,0.78
2024-03-19 17:00:00,ZONE_B01,0.75,19.9,-24.5,0.78
2024-03-19 17:00:00,ZONE_B02,0.75,21.0,-24.5,0.78
2024-03-19 18:00:00,ZONE_M01,0.49,19.8,-23.1,0.64
2024-03-19 18:00:00,ZONE_M02,0.49,20.2,-23.1,0.64
2024-03-19 18:00:00,ZONE_M03,0.49,19.7,-23.1,0.64
2024-03-19 18:00:00,ZONE_B01,0.49,18.6,-23.1,0.64
2024-03-19 18:00:00,ZONE_B02,0.49,19.6,-23.1,0.64
2024-03-19 19:00:00,ZONE_M01,0.49,19.9,-21.3,0.61
2024-03-19 19:00:00,ZONE_M02,0.49,19.2,-21.3,0.61
2024-03-19 19:00:00,ZONE_M03,0.49,19.3,-21.3,0.61
2024-03-19 19:00:00,ZONE_B01,0.49,18.9,-21.3,0.61
2024-03-19 19:00:00,ZONE_B02,0.49,19.8,-21.3,0.61
2024-03-19 20:00:00,ZONE_M01,0.67,20.1,-24.2,0.74
2024-03-19 20:00:00,ZONE_M02,0.67,19.9,-24.2,0.74
2024-03-19 20:00:00,ZONE_M03,0.67,19.7,-24.2,0.74
2024-03-19 20:00:00,ZONE_B01,0.67,19.5,-24.2,0.74
2024-03-19 20:00:00,ZONE_B02,0.67,20.9,-24.2,0.74
2024-03-19 21:00:00,ZONE_M01,0.51,19.5,-23.1,0.65
2024-03-19 21:00:00,ZONE_M02,0.51,20.2,-23.1,0.65
2024-03-19 21:00:00,ZONE_M03,0.51,18.9,-23.1,0.65
2024-03-19 21:00:00,ZONE_B01,0.51,19.8,-23.1,0.65
2024-03-19 21:00:00,ZONE_B02,0.51,19.4,-23.1,0.65
2024-03-19 22:00:00,ZONE_M01,0.43,19.1,-21.9,0.6
2024-03-19 22:00:00,ZONE_M02,0.43,19.2,-21.9,0.6
2024-03-19 22:00:00,ZONE_M03,0.43,19.4,-21.9,0.6
2024-03-19 22:00:00,ZONE_B01,0.43,19.4,-21.9,0.6
2024-03-19 22:00:00,ZONE_B02,0.43,19.8,-21.9,0.6
2024-03-19 23:00:00,ZONE_M01,0.12,18.3,-26.8,0.52
2024-03-19 23:00:00,ZONE_M02,0.12,18.4,-26.8,0.52
2024-03-19 23:00:00,ZONE_M03,0.12,18.7,-26.8,0.52
2024-03-19 23:00:00,ZONE_B01,0.12,17.9,-26.8,0.52
2024-03-19 23:00:00,ZONE_B02,0.12,17.2,-26.8,0.52
2024-03-20 00:00:00,ZONE_M01,0.13,17.6,-24.0,0.5
2024-03-20 00:00:00,ZONE_M02,0.13,18.3,-24.0,0.5
2024-03-20 00:00:00,ZONE_M03,0.13,19.1,-24.0,0.5
2024-03-20 00:00:00,ZONE_B01,0.13,17.8,-24.0,0.5
2024-03-20 00:00:00,ZONE_B02,0.13,18.6,-24.0,0.5
2024-03-20 01:00:00,ZONE_M01,0.11,18.7,-24.6,0.5
2024-03-20 01:00:00,ZONE_M02,0.11,18.5,-24.6,0.5
2024-03-20 01:00:00,ZONE_M03,0.11,19.1,-24.6,0.5
2024-03-20 01:00:00,ZONE_B01,0.11,18.4,-24.6,0.5
2024-03-20 01:00:00,ZONE_B02,0.11,18.8,-24.6,0.5
2024-03-20 02:00:00,ZONE_M01,0.15,18.2,-22.1,0.49
2024-03-20 02:00:00,ZONE_M02,0.15,18.3,-22.1,0.49
2024-03-20 02:00:00,ZONE_M03,0.15,18.7,-22.1,0.49
2024-03-20 02:00:00,ZONE_B01,0.15,17.9,-22.1,0.49
2024-03-20 02:00:00,ZONE_B02,0.15,18.6,-22.1,0.49
2024-03-20 03:00:00,ZONE_M01,0.03,18.4,-25.3,0.47
2024-03-20 03:00:00,ZONE_M02,0.03,18.2,-25.3,0.47
2024-03-20 03:00:00,ZONE_M03,0.03,17.5,-25.3,0.47
2024-03-20 03:00:00,ZONE_B01,0.03,17.8,-25.3,0.47
2024-03-20 03:00:00,ZONE_B02,0.03,17.9,-25.3,0.47
2024-03-20 04:00:00,ZONE_M01,0.12,17.9,-27.1,0.53
2024-03-20 04:00:00,ZONE_M02,0.12,17.1,-27.1,0.53
2024-03-20 04:00:00,ZONE_M03,0.12,18.3,-27.1,0.53
2024-03-20 04:00:00,ZONE_B01,0.12,18.1,-27.1,0.53
2024-03-20 04:00:00,ZONE_B02,0.12,17.8,-27.1,0.53
2024-03-20 05:00:00,ZONE_M01,0.17,19.4,-22.4,0.5
2024-03-20 05:00:00,ZONE_M02,0.17,18.2,-22.4,0.5
2024-03-20 05:00:00,ZONE_M03,0.17,17.7,-22.4,0.5
2024-03-20 05:00:00,ZONE_B01,0.17,18.6,-22.4,0.5
2024-03-20 05:00:00,ZONE_B02,0.17,18.9,-22.4,0.5
2024-03-20 06:00:00,ZONE_M01,0.56,19.6,-20.2,0.62
2024-03-20 06:00:00,ZONE_M02,0.56,19.6,-20.2,0.62
2024-03-20 06:00:00,ZONE_M03,0.56,19.6,-20.2,0.62
2024-03-20 06:00:00,ZONE_B01,0.56,19.3,-20.2,0.62
2024-03-20 06:00:00,ZONE_B02,0.56,20.0,-20.2,0.62
2024-03-20 07:00:00,ZONE_M01,0.66,20.4,-24.3,0.74
2024-03-20 07:00:00,ZONE_M02,0.66,20.0,-24.3,0.74
2024-03-20 07:00:00,ZONE_M03,0.66,20.0,-24.3,0.74
2024-03-20 07:00:00,ZONE_B01,0.66,20.3,-24.3,0.74
2024-03-20 07:00:00,ZONE_B02,0.66,18.7,-24.3,0.74
2024-03-20 08:00:00,ZONE_M01,0.53,20.4,-25.3,0.69
2024-03-20 08:00:00,ZONE_M02,0.53,20.1,-25.3,0.69
2024-03-20 08:00:00,ZONE_M03,0.53,19.6,-25.3,0.69
2024-03-20 08:00:00,ZONE_B01,0.53,20.1,-25.3,0.69
2024-03-20 08:00:00,ZONE_B02,0.53,19.6,-25.3,0.69
2024-03-20 09:00:00,ZONE_M01,0.78,20.2,-27.1,0.84
2024-03-20 09:00:00,ZONE_M02,0.78,20.4,-27.1,0.84
2024-03-20 09:00:00,ZONE_M03,0.78,21.2,-27.1,0.84
2024-03-20 09:00:00,ZONE_B01,0.78,20.5,-27.1,0.84
2024-03-20 09:00:00,ZONE_B02,0.78,20.1,-27.1,0.84
2024-03-20 10:00:00,ZONE_M01,0.75,20.0,-22.7,0.75
2024-03-20 10:00:00,ZONE_M02,0.75,21.0,-22.7,0.75
2024-03-20 10:00:00,ZONE_M03,0.75,20.6,-22.7,0.75
2024-03-20 10:00:00,ZONE_B01,0.75,20.6,-22.7,0.75
2024-03-20 10:00:00,ZONE_B02,0.75,20.6,-22.7,0.75
2024-03-20 11:00:00,ZONE_M01,0.7,20.3,-28.1,0.82
2024-03-20 11:00:00,ZONE_M02,0.7,20.4,-28.1,0.82
2024-03-20 11:00:00,ZONE_M03,0.7,20.5,-28.1,0.82
2024-03-20 11:00:00,ZONE_B01,0.7,19.9,-28.1,0.82
2024-03-20 11:00:00,ZONE_B02,0.7,20.5,-28.1,0.82
2024-03-20 12:00:00,ZONE_M01,0.78,20.4,-27.1,0.84
2024-03-20 12:00:00,ZONE_M02,0.78,21.3,-27.1,0.84
2024-03-20 12:00:00,ZONE_M03,0.78,19.9,-27.1,0.84
2024-03-20 12:00:00,ZONE_B01,0.78,20.9,-27.1,0.84
2024-03-20 12:00:00,ZONE_B02,0.78,20.1,-27.1,0.84
2024-03-20 13:00:00,ZONE_M01,0.65,19.7,-23.8,0.72
2024-03-20 13:00:00,ZONE_M02,0.65,20.4,-23.8,0.72
2024-03-20 13:00:00,ZONE_M03,0.65,20.4,-23.8,0.72
2024-03-20 13:00:00,ZONE_B01,0.65,20.5,-23.8,0.72
2024-03-20 13:00:00,ZONE_B02,0.65,18.8,-23.8,0.72
2024-03-20 14:00:00,ZONE_M01,0.61,20.5,-25.0,0.72
2024-03-20 14:00:00,ZONE_M02,0.61,20.3,-25.0,0.72
2024-03-20 14:00:00,ZONE_M03,0.61,19.8,-25.0,0.72
2024-03-20 14:00:00,ZONE_B01,0.61,19.9,-25.0,0.72
2024-03-20 14:00:00,ZONE_B02,0.61,20.9,-25.0,0.72
2024-03-20 15:00:00,ZONE_M01,0.52,19.1,-29.3,0.75
2024-03-20 15:00:00,ZONE_M02,0.52,19.3,-29.3,0.75
2024-03-20 15:00:00,ZONE_M03,0.52,19.8,-29.3,0.75
2024-03-20 15:00:00,ZONE_B01,0.52,19.3,-29.3,0.75
2024-03-20 15:00:00,ZONE_B02,0.52,19.2,-29.3,0.75
2024-03-20 16:00:00,ZONE_M01,0.68,19.9,-22.0,0.71
2024-03-20 16:00:00,ZONE_M02,0.68,19.9,-22.0,0.71
2024-03-20 16:00:00,ZONE_M03,0.68,20.9,-22.0,0.71
2024-03-20 16:00:00,ZONE_B01,0.68,20.0,-22.0,0.71
2024-03-20 16:00:00,ZONE_B02,0.68,20.0,-22.0,0.71
2024-03-20 17:00:00,ZONE_M01,0.73,19.8,-27.7,0.82
2024-03-20 17:00:00,ZONE_M02,0.73,19.9,-27.7,0.82
2024-03-20 17:00:00,ZONE_M03,0.73,20.3,-27.7,0.82
2024-03-20 17:00:00,ZONE_B01,0.73,20.3,-27.7,0.82
2024-03-20 17:00:00,ZONE_B02,0.73,20.7,-27.7,0.82
2024-03-20 18:00:00,ZONE_M01,0.6,19.6,-24.4,0.71
2024-03-20 18:00:00,ZONE_M02,0.6,20.5,-24.4,0.71
2024-03-20 18:00:00,ZONE_M03,0.6,19.2,-24.4,0.71
2024-03-20 18:00:00,ZONE_B01,0.6,19.9,-24.4,0.71
2024-03-20 18:00:00,ZONE_B02,0.6,19.2,-24.4,0.71
2024-03-20 19:00:00,ZONE_M01,0.83,20.9,-23.2,0.79
2024-03-20 19:00:00,ZONE_M02,0.83,20.6,-23.2,0.79
2024-03-20 19:00:00,ZONE_M03,0.83,19.9,-23.2,0.79
2024-03-20 19:00:00,ZONE_B01,0.83,21.6,-23.2,0.79
2024-03-20 19:00:00,ZONE_B02,0.83,21.4,-23.2,0.79
2024-03-20 20:00:00,ZONE_M01,0.71,20.0,-26.8,0.8
2024-03-20 20:00:00,ZONE_M02,0.71,20.1,-26.8,0.8
2024-03-20 20:00:00,ZONE_M03,0.71,20.4,-26.8,0.8
2024-03-20 20:00:00,ZONE_B01,0.71,20.5,-26.8,0.8
2024-03-20 20:00:00,ZONE_B02,0.71,20.0,-26.8,0.8
2024-03-20 21:00:00,ZONE_M01,0.69,20.6,-25.8,0.78
2024-03-20 21:00:00,ZONE_M02,0.69,19.9,-25.8,0.78
2024-03-20 21:00:00,ZONE_M03,0.69,20.1,-25.8,0.78
2024-03-20 21:00:00,ZONE_B01,0.69,20.0,-25.8,0.78
2024-03-20 21:00:00,ZONE_B02,0.69,20.4,-25.8,0.78
2024-03-20 22:00:00,ZONE_M01,0.71,20.4,-23.0,0.74
2024-03-20 22:00:00,ZONE_M02,0.71,20.4,-23.0,0.74
2024-03-20 22:00:00,ZONE_M03,0.71,20.4,-23.0,0.74
2024-03-20 22:00:00,ZONE_B01,0.71,19.6,-23.0,0.74
2024-03-20 22:00:00,ZONE_B02,0.71,19.7,-23.0,0.74
2024-03-20 23:00:00,ZONE_M01,0.07,18.4,-26.5,0.5
2024-03-20 23:00:00,ZONE_M02,0.07,18.1,-26.5,0.5
2024-03-20 23:00:00,ZONE_M03,0.07,17.6,-26.5,0.5
2024-03-20 23:00:00,ZONE_B01,0.07,18.2,-26.5,0.5
2024-03-20 23:00:00,ZONE_B02,0.07,17.5,-26.5,0.5
2024-03-21 00:00:00,ZONE_M01,0.25,18.5,-22.5,0.53
2024-03-21 00:00:00,ZONE_M02,0.25,19.1,-22.5,0.53
2024-03-21 00:00:00,ZONE_M03,0.25,19.0,-22.5,0.53
2024-03-21 00:00:00,ZONE_B01,0.25,18.8,-22.5,0.53
2024-03-21 00:00:00,ZONE_B02,0.25,18.6,-22.5,0.53
2024-03-21 01:00:00,ZONE_M01,0.11,18.9,-24.9,0.5
2024-03-21 01:00:00,ZONE_M02,0.11,17.9,-24.9,0.5
2024-03-21 01:00:00,ZONE_M03,0.11,18.9,-24.9,0.5
2024-03-21 01:00:00,ZONE_B01,0.11,18.0,-24.9,0.5
2024-03-21 01:00:00,ZONE_B02,0.11,18.3,-24.9,0.5
2024-03-21 02:00:00,ZONE_M01,0.18,17.6,-23.4,0.51
2024-03-21 02:00:00,ZONE_M02,0.18,18.6,-23.4,0.51
2024-03-21 02:00:00,ZONE_M03,0.18,18.8,-23.4,0.51
2024-03-21 02:00:00,ZONE_B01,0.18,18.7,-23.4,0.51
2024-03-21 02:00:00,ZONE_B02,0.18,19.1,-23.4,0.51
2024-03-21 03:00:00,ZONE_M01,0.05,18.1,-22.3,0.44
2024-03-21 03:00:00,ZONE_M02,0.05,17.9,-22.3,0.44
2024-03-21 03:00:00,ZONE_M03,0.05,17.5,-22.3,0.44
2024-03-21 03:00:00,ZONE_B01,0.05,18.7,-22.3,0.44
2024-03-21 03:00:00,ZONE_B02,0.05,18.2,-22.3,0.44
2024-03-21 04:00:00,ZONE_M01,0.06,18.4,-26.9,0.5
2024-03-21 04:00:00,ZONE_M02,0.06,17.7,-26.9,0.5
2024-03-21 04:00:00,ZONE_M03,0.06,18.7,-26.9,0.5
2024-03-21 04:00:00,ZONE_B01,0.06,17.9,-26.9,0.5
2024-03-21 04:00:00,ZONE_B02,0.06,18.6,-26.9,0.5
2024-03-21 05:00:00,ZONE_M01,0.22,18.8,-25.1,0.55
2024-03-21 05:00:00,ZONE_M02,0.22,17.8,-25.1,0.55
2024-03-21 05:00:00,ZONE_M03,0.22,18.3,-25.1,0.55
2024-03-21 05:00:00,ZONE_B01,0.22,19.4,-25.1,0.55
2024-03-21 05:00:00,ZONE_B02,0.22,19.6,-25.1,0.55
2024-03-21 06:00:00,ZONE_M01,0.44,18.9,-22.6,0.61
2024-03-21 06:00:00,ZONE_M02,0.44,19.1,-22.6,0.61
2024-03-21 06:00:00,ZONE_M03,0.44,18.6,-22.6,0.61
2024-03-21 06:00:00,ZONE_B01,0.44,19.2,-22.6,0.61
2024-03-21 06:00:00,ZONE_B02,0.44,18.3,-22.6,0.61
2024-03-21 07:00:00,ZONE_M01,0.54,20.3,-26.8,0.72
2024-03-21 07:00:00,ZONE_M02,0.54,19.3,-26.8,0.72
2024-03-21 07:00:00,ZONE_M03,0.54,19.4,-26.8,0.72
2024-03-21 07:00:00,ZONE_B01,0.54,19.7,-26.8,0.72
2024-03-21 07:00:00,ZONE_B02,0.54,19.8,-26.8,0.72
2024-03-21 08:00:00,ZONE_M01,0.46,18.9,-24.6,0.65
2024-03-21 08:00:00,ZONE_M02,0.46,20.0,-24.6,0.65
2024-03-21 08:00:00,ZONE_M03,0.46,19.9,-24.6,0.65
2024-03-21 08:00:00,ZONE_B01,0.46,19.7,-24.6,0.65
2024-03-21 08:00:00,ZONE_B02,0.46,18.4,-24.6,0.65
2024-03-21 09:00:00,ZONE_M01,0.55,19.5,-23.2,0.67
2024-03-21 09:00:00,ZONE_M02,0.55,19.7,-23.2,0.67
2024-03-21 09:00:00,ZONE_M03,0.55,20.0,-23.2,0.67
2024-03-21 09:00:00,ZONE_B01,0.55,20.1,-23.2,0.67
2024-03-21 09:00:00,ZONE_B02,0.55,19.5,-23.2,0.67
2024-03-21 10:00:00,ZONE_M01,0.65,19.0,-23.4,0.72
2024-03-21 10:00:00,ZONE_M02,0.65,20.3,-23.4,0.72
2024-03-21 10:00:00,ZONE_M03,0.65,19.7,-23.4,0.72
2024-03-21 10:00:00,ZONE_B01,0.65,19.2,-23.4,0.72
2024-03-21 10:00:00,ZONE_B02,0.65,20.1,-23.4,0.72
2024-03-21 11:00:00,ZONE_M01,0.77,20.0,-25.3,0.8
2024-03-21 11:00:00,ZONE_M02,0.77,20.0,-25.3,0.8
2024-03-21 11:00:00,ZONE_M03,0.77,19.5,-25.3,0.8
2024-03-21 11:00:00,ZONE_B01,0.77,19.7,-25.3,0.8
2024-03-21 11:00:00,ZONE_B02,0.77,20.3,-25.3,0.8
2024-03-21 12:00:00,ZONE_M01,0.67,20.2,-20.7,0.68
2024-03-21 12:00:00,ZONE_M02,0.67,20.8,-20.7,0.68
2024-03-21 12:00:00,ZONE_M03,0.67,19.8,-20.7,0.68
2024-03-21 12:00:00,ZONE_B01,0.67,20.4,-20.7,0.68
2024-03-21 12:00:00,ZONE_B02,0.67,19.9,-20.7,0.68
2024-03-21 13:00:00,ZONE_M01,0.61,19.4,-22.9,0.69
2024-03-21 13:00:00,ZONE_M02,0.61,20.2,-22.9,0.69
2024-03-21 13:00:00,ZONE_M03,0.61,20.5,-22.9,0.69
2024-03-21 13:00:00,ZONE_B01,0.61,19.3,-22.9,0.69
2024-03-21 13:00:00,ZONE_B02,0.61,19.8,-22.9,0.69
2024-03-21 14:00:00,ZONE_M01,0.76,20.3,-24.7,0.79
2024-03-21 14:00:00,ZONE_M02,0.76,20.9,-24.7,0.79
2024-03-21 14:00:00,ZONE_M03,0.76,19.6,-24.7,0.79
2024-03-21 14:00:00,ZONE_B01,0.76,19.5,-24.7,0.79
2024-03-21 14:00:00,ZONE_B02,0.76,20.3,-24.7,0.79
2024-03-21 15:00:00,ZONE_M01,0.54,18.5,-25.8,0.7
2024-03-21 15:00:00,ZONE_M02,0.54,20.9,-25.8,0.7
2024-03-21 15:00:00,ZONE_M03,0.54,19.2,-25.8,0.7
2024-03-21 15:00:00,ZONE_B01,0.54,18.6,-25.8,0.7
2024-03-21 15:00:00,ZONE_B02,0.54,20.1,-25.8,0.7
2024-03-21 16:00:00,ZONE_M01,0.66,20.0,-22.7,0.71
2024-03-21 16:00:00,ZONE_M02,0.66,19.3,-22.7,0.71
2024-03-21 16:00:00,ZONE_M03,0.66,20.1,-22.7,0.71
2024-03-21 16:00:00,ZONE_B01,0.66,20.3,-22.7,0.71
2024-03-21 16:00:00,ZONE_B02,0.66,19.8,-22.7,0.71
2024-03-21 17:00:00,ZONE_M01,0.89,20.8,-25.3,0.86
2024-03-21 17:00:00,ZONE_M02,0.89,21.5,-25.3,0.86
2024-03-21 17:00:00,ZONE_M03,0.89,21.3,-25.3,0.86
2024-03-21 17:00:00,ZONE_B01,0.89,21.0,-25.3,0.86
2024-03-21 17:00:00,ZONE_B02,0.89,21.7,-25.3,0.86
2024-03-21 18:00:00,ZONE_M01,0.53,19.0,-24.5,0.68
2024-03-21 18:00:00,ZONE_M02,0.53,20.0,-24.5,0.68
2024-03-21 18:00:00,ZONE_M03,0.53,19.8,-24.5,0.68
2024-03-21 18:00:00,ZONE_B01,0.53,19.5,-24.5,0.68
2024-03-21 18:00:00,ZONE_B02,0.53,19.1,-24.5,0.68
2024-03-21 19:00:00,ZONE_M01,0.72,20.5,-24.3,0.76
2024-03-21 19:00:00,ZONE_M02,0.72,19.4,-24.3,0.76
2024-03-21 19:00:00,ZONE_M03,0.72,19.7,-24.3,0.76
2024-03-21 19:00:00,ZONE_B01,0.72,20.1,-24.3,0.76
2024-03-21 19:00:00,ZONE_B02,0.72,20.1,-24.3,0.76
2024-03-21 20:00:00,ZONE_M01,0.8,20.4,-22.6,0.77
2024-03-21 20:00:00,ZONE_M02,0.8,20.8,-22.6,0.77
2024-03-21 20:00:00,ZONE_M03,0.8,20.4,-22.6,0.77
2024-03-21 20:00:00,ZONE_B01,0.8,21.2,-22.6,0.77
2024-03-21 20:00:00,ZONE_B02,0.8,20.5,-22.6,0.77
2024-03-21 21:00:00,ZONE_M01,0.59,19.4,-19.9,0.63
2024-03-21 21:00:00,ZONE_M02,0.59,19.4,-19.9,0.63
2024-03-21 21:00:00,ZONE_M03,0.59,19.8,-19.9,0.63
2024-03-21 21:00:00,ZONE_B01,0.59,20.8,-19.9,0.63
2024-03-21 21:00:00,ZONE_B02,0.59,20.3,-19.9,0.63
2024-03-21 22:00:00,ZONE_M01,0.65,19.9,-22.6,0.7
2024-03-21 22:00:00,ZONE_M02,0.65,19.7,-22.6,0.7
2024-03-21 22:00:00,ZONE_M03,0.65,20.1,-22.6,0.7
2024-03-21 22:00:00,ZONE_B01,0.65,20.1,-22.6,0.7
2024-03-21 22:00:00,ZONE_B02,0.65,19.0,-22.6,0.7
2024-03-21 23:00:00,ZONE_M01,0.1,17.7,-25.6,0.5
2024-03-21 23:00:00,ZONE_M02,0.1,18.0,-25.6,0.5
2024-03-21 23:00:00,ZONE_M03,0.1,18.2,-25.6,0.5
2024-03-21 23:00:00,ZONE_B01,0.1,18.0,-25.6,0.5
2024-03-21 23:00:00,ZONE_B02,0.1,17.7,-25.6,0.5
2024-03-22 00:00:00,ZONE_M01,0.0,17.4,-23.3,0.43
2024-03-22 00:00:00,ZONE_M02,0.0,17.7,-23.3,0.43
2024-03-22 00:00:00,ZONE_M03,0.0,18.5,-23.3,0.43
2024-03-22 00:00:00,ZONE_B01,0.0,17.7,-23.3,0.43
2024-03-22 00:00:00,ZONE_B02,0.0,17.6,-23.3,0.43
2024-03-22 01:00:00,ZONE_M01,0.22,18.7,-24.2,0.54
2024-03-22 01:00:00,ZONE_M02,0.22,18.9,-24.2,0.54
2024-03-22 01:00:00,ZONE_M03,0.22,19.2,-24.2,0.54
2024-03-22 01:00:00,ZONE_B01,0.22,17.6,-24.2,0.54
2024-03-22 01:00:00,ZONE_B02,0.22,18.5,-24.2,0.54
2024-03-22 02:00:00,ZONE_M01,0.22,18.4,-24.7,0.55
2024-03-22 02:00:00,ZONE_M02,0.22,19.5,-24.7,0.55
2024-03-22 02:00:00,ZONE_M03,0.22,18.8,-24.7,0.55
2024-03-22 02:00:00,ZONE_B01,0.22,18.5,-24.7,0.55
2024-03-22 02:00:00,ZONE_B02,0.22,18.5,-24.7,0.55
2024-03-22 03:00:00,ZONE_M01,0.2,18.5,-22.6,0.51
2024-03-22 03:00:00,ZONE_M02,0.2,19.4,-22.6,0.51
2024-03-22 03:00:00,ZONE_M03,0.2,18.2,-22.6,0.51
2024-03-22 03:00:00,ZONE_B01,0.2,19.0,-22.6,0.51
2024-03-22 03:00:00,ZONE_B02,0.2,18.7,-22.6,0.51
2024-03-22 04:00:00,ZONE_M01,0.13,18.2,-25.3,0.51
2024-03-22 04:00:00,ZONE_M02,0.13,18.4,-25.3,0.51
2024-03-22 04:00:00,ZONE_M03,0.13,19.0,-25.3,0.51
2024-03-22 04:00:00,ZONE_B01,0.13,18.8,-25.3,0.51
2024-03-22 04:00:00,ZONE_B02,0.13,18.4,-25.3,0.51
2024-03-22 05:00:00,ZONE_M01,0.14,18.4,-24.3,0.5
2024-03-22 05:00:00,ZONE_M02,0.14,18.4,-24.3,0.5
2024-03-22 05:00:00,ZONE_M03,0.14,18.2,-24.3,0.5
2024-03-22 05:00:00,ZONE_B01,0.14,18.7,-24.3,0.5
2024-03-22 05:00:00,ZONE_B02,0.14,18.0,-24.3,0.5
2024-03-22 06:00:00,ZONE_M01,0.61,19.5,-22.7,0.69
2024-03-22 06:00:00,ZONE_M02,0.61,20.8,-22.7,0.69
2024-03-22 06:00:00,ZONE_M03,0.61,20.0,-22.7,0.69
2024-03-22 06:00:00,ZONE_B01,0.61,19.5,-22.7,0.69
2024-03-22 06:00:00,ZONE_B02,0.61,20.2,-22.7,0.69
2024-03-22 07:00:00,ZONE_M01,0.71,20.0,-23.1,0.73
2024-03-22 07:00:00,ZONE_M02,0.71,21.0,-23.1,0.73
2024-03-22 07:00:00,ZONE_M03,0.71,19.1,-23.1,0.73
2024-03-22 07:00:00,ZONE_B01,0.71,20.6,-23.1,0.73
2024-03-22 07:00:00,ZONE_B02,0.71,20.4,-23.1,0.73
2024-03-22 08:00:00,ZONE_M01,0.82,20.4,-24.3,0.81
2024-03-22 08:00:00,ZONE_M02,0.82,20.6,-24.3,0.81
2024-03-22 08:00:00,ZONE_M03,0.82,20.4,-24.3,0.81
2024-03-22 08:00:00,ZONE_B01,0.82,20.7,-24.3,0.81
2024-03-22 08:00:00,ZONE_B02,0.82,20.3,-24.3,0.81
2024-03-22 09:00:00,ZONE_M01,0.41,18.6,-24.4,0.63
2024-03-22 09:00:00,ZONE_M02,0.41,18.4,-24.4,0.63
2024-03-22 09:00:00,ZONE_M03,0.41,19.3,-24.4,0.63
2024-03-22 09:00:00,ZONE_B01,0.41,19.1,-24.4,0.63
2024-03-22 09:00:00,ZONE_B02,0.41,19.4,-24.4,0.63
2024-03-22 10:00:00,ZONE_M01,0.54,19.3,-23.9,0.67
2024-03-22 10:00:00,ZONE_M02,0.54,19.4,-23.9,0.67
2024-03-22 10:00:00,ZONE_M03,0.54,20.9,-23.9,0.67
2024-03-22 10:00:00,ZONE_B01,0.54,19.5,-23.9,0.67
2024-03-22 10:00:00,ZONE_B02,0.54,20.5,-23.9,0.67
2024-03-22 11:00:00,ZONE_M01,0.85,19.6,-25.4,0.84
2024-03-22 11:00:00,ZONE_M02,0.85,21.0,-25.4,0.84
2024-03-22 11:00:00,ZONE_M03,0.85,20.2,-25.4,0.84
2024-03-22 11:00:00,ZONE_B01,0.85,20.6,-25.4,0.84
2024-03-22 11:00:00,ZONE_B02,0.85,20.6,-25.4,0.84
2024-03-22 12:00:00,ZONE_M01,0.77,20.1,-28.1,0.85
2024-03-22 12:00:00,ZONE_M02,0.77,19.7,-28.1,0.85
2024-03-22 12:00:00,ZONE_M03,0.77,20.3,-28.1,0.85
2024-03-22 12:00:00,ZONE_B01,0.77,19.9,-28.1,0.85
2024-03-22 12:00:00,ZONE_B02,0.77,20.2,-28.1,0.85
2024-03-22 13:00:00,ZONE_M01,0.72,19.8,-24.6,0.77
2024-03-22 13:00:00,ZONE_M02,0.72,20.4,-24.6,0.77
2024-03-22 13:00:00,ZONE_M03,0.72,20.3,-24.6,0.77
2024-03-22 13:00:00,ZONE_B01,0.72,20.5,-24.6,0.77
2024-03-22 13:00:00,ZONE_B02,0.72,20.7,-24.6,0.77
2024-03-22 14:00:00,ZONE_M01,0.66,20.0,-25.5,0.76
2024-03-22 14:00:00,ZONE_M02,0.66,19.9,-25.5,0.76
2024-03-22 14:00:00,ZONE_M03,0.66,20.8,-25.5,0.76
2024-03-22 14:00:00,ZONE_B01,0.66,19.4,-25.5,0.76
2024-03-22 14:00:00,ZONE_B02,0.66,19.9,-25.5,0.76
2024-03-22 15:00:00,ZONE_M01,0.62,20.0,-27.0,0.76
2024-03-22 15:00:00,ZONE_M02,0.62,19.3,-27.0,0.76
2024-03-22 15:00:00,ZONE_M03,0.62,19.5,-27.0,0.76
2024-03-22 15:00:00,ZONE_B01,0.62,20.8,-27.0,0.76
2024-03-22 15:00:00,ZONE_B02,0.62,21.5,-27.0,0.76
2024-03-22 16:00:00,ZONE_M01,0.64,19.1,-26.5,0.76
2024-03-22 16:00:00,ZONE_M02,0.64,20.1,-26.5,0.76
2024-03-22 16:00:00,ZONE_M03,0.64,20.4,-26.5,0.76
2024-03-22 16:00:00,ZONE_B01,0.64,19.5,-26.5,0.76
2024-03-22 16:00:00,ZONE_B02,0.64,20.2,-26.5,0.76
2024-03-22 17:00:00,ZONE_M01,0.59,19.6,-25.4,0.72
2024-03-22 17:00:00,ZONE_M02,0.59,19.7,-25.4,0.72
2024-03-22 17:00:00,ZONE_M03,0.59,19.9,-25.4,0.72
2024-03-22 17:00:00,ZONE_B01,0.59,19.5,-25.4,0.72
2024-03-22 17:00:00,ZONE_B02,0.59,20.2,-25.4,0.72
2024-03-22 18:00:00,ZONE_M01,0.42,19.7,-24.1,0.63
2024-03-22 18:00:00,ZONE_M02,0.42,19.2,-24.1,0.63
2024-03-22 18:00:00,ZONE_M03,0.42,19.0,-24.1,0.63
2024-03-22 18:00:00,ZONE_B01,0.42,19.4,-24.1,0.63
2024-03-22 18:00:00,ZONE_B02,0.42,19.7,-24.1,0.63
2024-03-22 19:00:00,ZONE_M01,0.66,19.7,-23.1,0.72
2024-03-22 19:00:00,ZONE_M02,0.66,20.4,-23.1,0.72
2024-03-22 19:00:00,ZONE_M03,0.66,19.1,-23.1,0.72
2024-03-22 19:00:00,ZONE_B01,0.66,20.7,-23.1,0.72
2024-03-22 19:00:00,ZONE_B02,0.66,20.3,-23.1,0.72
2024-03-22 20:00:00,ZONE_M01,0.78,19.8,-25.4,0.81
2024-03-22 20:00:00,ZONE_M02,0.78,19.9,-25.4,0.81
2024-03-22 20:00:00,ZONE_M03,0.78,21.0,-25.4,0.81
2024-03-22 20:00:00,ZONE_B01,0.78,20.1,-25.4,0.81
2024-03-22 20:00:00,ZONE_B02,0.78,20.7,-25.4,0.81
2024-03-22 21:00:00,ZONE_M01,0.56,19.1,-25.8,0.72
2024-03-22 21:00:00,ZONE_M02,0.56,20.6,-25.8,0.72
2024-03-22 21:00:00,ZONE_M03,0.56,19.8,-25.8,0.72
2024-03-22 21:00:00,ZONE_B01,0.56,19.6,-25.8,0.72
2024-03-22 21:00:00,ZONE_B02,0.56,20.0,-25.8,0.72
2024-03-22 22:00:00,ZONE_M01,0.74,20.0,-23.1,0.75
2024-03-22 22:00:00,ZONE_M02,0.74,20.0,-23.1,0.75
2024-03-22 22:00:00,ZONE_M03,0.74,19.4,-23.1,0.75
2024-03-22 22:00:00,ZONE_B01,0.74,19.3,-23.1,0.75
2024-03-22 22:00:00,ZONE_B02,0.74,20.7,-23.1,0.75
2024-03-22 23:00:00,ZONE_M01,0.16,17.9,-25.1,0.52
2024-03-22 23:00:00,ZONE_M02,0.16,18.4,-25.1,0.52
2024-03-22 23:00:00,ZONE_M03,0.16,18.6,-25.1,0.52
2024-03-22 23:00:00,ZONE_B01,0.16,18.1,-25.1,0.52
2024-03-22 23:00:00,ZONE_B02,0.16,18.8,-25.1,0.52
2024-03-23 00:00:00,ZONE_M01,0.16,18.0,-26.0,0.53
2024-03-23 00:00:00,ZONE_M02,0.16,19.1,-26.0,0.53
2024-03-23 00:00:00,ZONE_M03,0.16,18.4,-26.0,0.53
2024-03-23 00:00:00,ZONE_B01,0.16,17.5,-26.0,0.53
2024-03-23 00:00:00,ZONE_B02,0.16,17.8,-26.0,0.53
2024-03-23 01:00:00,ZONE_M01,0.18,19.0,-26.9,0.55
2024-03-23 01:00:00,ZONE_M02,0.18,18.3,-26.9,0.55
2024-03-23 01:00:00,ZONE_M03,0.18,18.3,-26.9,0.55
2024-03-23 01:00:00,ZONE_B01,0.18,18.4,-26.9,0.55
2024-03-23 01:00:00,ZONE_B02,0.18,18.3,-26.9,0.55
2024-03-23 02:00:00,ZONE_M01,0.16,18.1,-22.1,0.49
2024-03-23 02:00:00,ZONE_M02,0.16,19.4,-22.1,0.49
2024-03-23 02:00:00,ZONE_M03,0.16,17.9,-22.1,0.49
2024-03-23 02:00:00,ZONE_B01,0.16,18.4,-22.1,0.49
2024-03-23 02:00:00,ZONE_B02,0.16,18.6,-22.1,0.49
2024-03-23 03:00:00,ZONE_M01,0.19,18.3,-23.2,0.52
2024-03-23 03:00:00,ZONE_M02,0.19,19.2,-23.2,0.52
2024-03-23 03:00:00,ZONE_M03,0.19,18.9,-23.2,0.52
2024-03-23 03:00:00,ZONE_B01,0.19,19.4,-23.2,0.52
2024-03-23 03:00:00,ZONE_B02,0.19,18.4,-23.2,0.52
2024-03-23 04:00:00,ZONE_M01,0.11,17.9,-24.1,0.49
2024-03-23 04:00:00,ZONE_M02,0.11,18.0,-24.1,0.49
2024-03-23 04:00:00,ZONE_M03,0.11,18.1,-24.1,0.49
2024-03-23 04:00:00,ZONE_B01,0.11,18.7,-24.1,0.49
2024-03-23 04:00:00,ZONE_B02,0.11,17.7,-24.1,0.49
2024-03-23 05:00:00,ZONE_M01,0.19,18.7,-23.0,0.51
2024-03-23 05:00:00,ZONE_M02,0.19,18.7,-23.0,0.51
2024-03-23 05:00:00,ZONE_M03,0.19,19.1,-23.0,0.51
2024-03-23 05:00:00,ZONE_B01,0.19,18.5,-23.0,0.51
2024-03-23 05:00:00,ZONE_B02,0.19,17.4,-23.0,0.51
2024-03-23 06:00:00,ZONE_M01,0.58,19.3,-28.3,0.76
2024-03-23 06:00:00,ZONE_M02,0.58,20.3,-28.3,0.76
2024-03-23 06:00:00,ZONE_M03,0.58,19.8,-28.3,0.76
2024-03-23 06:00:00,ZONE_B01,0.58,19.7,-28.3,0.76
2024-03-23 06:00:00,ZONE_B02,0.58,19.8,-28.3,0.76
2024-03-23 07:00:00,ZONE_M01,0.38,18.8,-26.4,0.64
2024-03-23 07:00:00,ZONE_M02,0.38,20.2,-26.4,0.64
2024-03-23 07:00:00,ZONE_M03,0.38,18.9,-26.4,0.64
2024-03-23 07:00:00,ZONE_B01,0.38,18.5,-26.4,0.64
2024-03-23 07:00:00,ZONE_B02,0.38,18.4,-26.4,0.64
2024-03-23 08:00:00,ZONE_M01,0.65,20.2,-24.0,0.72
2024-03-23 08:00:00,ZONE_M02,0.65,20.9,-24.0,0.72
2024-03-23 08:00:00,ZONE_M03,0.65,20.0,-24.0,0.72
2024-03-23 08:00:00,ZONE_B01,0.65,19.1,-24.0,0.72
2024-03-23 08:00:00,ZONE_B02,0.65,19.7,-24.0,0.72
2024-03-23 09:00:00,ZONE_M01,0.66,20.0,-25.9,0.76
2024-03-23 09:00:00,ZONE_M02,0.66,19.1,-25.9,0.76
2024-03-23 09:00:00,ZONE_M03,0.66,19.7,-25.9,0.76
2024-03-23 09:00:00,ZONE_B01,0.66,19.7,-25.9,0.76
2024-03-23 09:00:00,ZONE_B02,0.66,20.2,-25.9,0.76
2024-03-23 10:00:00,ZONE_M01,0.58,20.1,-25.8,0.72
2024-03-23 10:00:00,ZONE_M02,0.58,19.8,-25.8,0.72
2024-03-23 10:00:00,ZONE_M03,0.58,19.4,-25.8,0.72
2024-03-23 10:00:00,ZONE_B01,0.58,19.1,-25.8,0.72
2024-03-23 10:00:00,ZONE_B02,0.58,20.0,-25.8,0.72
2024-03-23 11:00:00,ZONE_M01,0.43,19.2,-26.4,0.66
2024-03-23 11:00:00,ZONE_M02,0.43,19.8,-26.4,0.66
2024-03-23 11:00:00,ZONE_M03,0.43,19.2,-26.4,0.66
2024-03-23 11:00:00,ZONE_B01,0.43,19.0,-26.4,0.66
2024-03-23 11:00:00,ZONE_B02,0.43,19.6,-26.4,0.66
2024-03-23 12:00:00,ZONE_M01,0.68,19.8,-23.1,0.72
2024-03-23 12:00:00,ZONE_M02,0.68,20.3,-23.1,0.72
2024-03-23 12:00:00,ZONE_M03,0.68,19.7,-23.1,0.72
2024-03-23 12:00:00,ZONE_B01,0.68,19.1,-23.1,0.72
2024-03-23 12:00:00,ZONE_B02,0.68,19.4,-23.1,0.72
2024-03-23 13:00:00,ZONE_M01,0.92,21.3,-25.3,0.87
2024-03-23 13:00:00,ZONE_M02,0.92,20.8,-25.3,0.87
2024-03-23 13:00:00,ZONE_M03,0.92,20.9,-25.3,0.87
2024-03-23 13:00:00,ZONE_B01,0.92,19.9,-25.3,0.87
2024-03-23 13:00:00,ZONE_B02,0.92,21.1,-25.3,0.87
2024-03-23 14:00:00,ZONE_M01,0.66,20.2,-23.3,0.72
2024-03-23 14:00:00,ZONE_M02,0.66,20.0,-23.3,0.72
2024-03-23 14:00:00,ZONE_M03,0.66,19.3,-23.3,0.72
2024-03-23 14:00:00,ZONE_B01,0.66,19.7,-23.3,0.72
2024-03-23 14:00:00,ZONE_B02,0.66,20.1,-23.3,0.72
2024-03-23 15:00:00,ZONE_M01,0.86,20.3,-24.2,0.82
2024-03-23 15:00:00,ZONE_M02,0.86,20.7,-24.2,0.82
2024-03-23 15:00:00,ZONE_M03,0.86,20.6,-24.2,0.82
2024-03-23 15:00:00,ZONE_B01,0.86,20.0,-24.2,0.82
2024-03-23 15:00:00,ZONE_B02,0.86,20.8,-24.2,0.82
2024-03-23 16:00:00,ZONE_M01,0.46,19.5,-25.0,0.66
2024-03-23 16:00:00,ZONE_M02,0.46,18.5,-25.0,0.66
2024-03-23 16:00:00,ZONE_M03,0.46,19.3,-25.0,0.66
2024-03-23 16:00:00,ZONE_B01,0.46,19.0,-25.0,0.66
2024-03-23 16:00:00,ZONE_B02,0.46,19.0,-25.0,0.66
2024-03-23 17:00:00,ZONE_M01,0.6,20.1,-24.9,0.72
2024-03-23 17:00:00,ZONE_M02,0.6,19.6,-24.9,0.72
2024-03-23 17:00:00,ZONE_M03,0.6,20.5,-24.9,0.72
2024-03-23 17:00:00,ZONE_B01,0.6,19.6,-24.9,0.72
2024-03-23 17:00:00,ZONE_B02,0.6,19.0,-24.9,0.72
2024-03-23 18:00:00,ZONE_M01,0.79,20.8,-22.2,0.76
2024-03-23 18:00:00,ZONE_M02,0.79,20.3,-22.2,0.76
2024-03-23 18:00:00,ZONE_M03,0.79,20.3,-22.2,0.76
2024-03-23 18:00:00,ZONE_B01,0.79,19.9,-22.2,0.76
2024-03-23 18:00:00,ZONE_B02,0.79,20.0,-22.2,0.76
2024-03-23 19:00:00,ZONE_M01,0.68,19.8,-25.7,0.77
2024-03-23 19:00:00,ZONE_M02,0.68,20.2,-25.7,0.77
2024-03-23 19:00:00,ZONE_M03,0.68,20.5,-25.7,0.77
2024-03-23 19:00:00,ZONE_B01,0.68,20.1,-25.7,0.77
2024-03-23 19:00:00,ZONE_B02,0.68,19.9,-25.7,0.77
2024-03-23 20:00:00,ZONE_M01,0.5,19.2,-23.3,0.65
2024-03-23 20:00:00,ZONE_M02,0.5,19.2,-23.3,0.65
2024-03-23 20:00:00,ZONE_M03,0.5,19.3,-23.3,0.65
2024-03-23 20:00:00,ZONE_B01,0.5,18.6,-23.3,0.65
2024-03-23 20:00:00,ZONE_B02,0.5,20.3,-23.3,0.65
2024-03-23 21:00:00,ZONE_M01,0.71,20.2,-22.7,0.73
2024-03-23 21:00:00,ZONE_M02,0.71,21.2,-22.7,0.73
2024-03-23 21:00:00,ZONE_M03,0.71,20.6,-22.7,0.73
2024-03-23 21:00:00,ZONE_B01,0.71,19.5,-22.7,0.73
2024-03-23 21:00:00,ZONE_B02,0.71,20.0,-22.7,0.73
2024-03-23 22:00:00,ZONE_M01,0.81,20.4,-28.6,0.88
2024-03-23 22:00:00,ZONE_M02,0.81,19.3,-28.6,0.88
2024-03-23 22:00:00,ZONE_M03,0.81,20.0,-28.6,0.88
2024-03-23 22:00:00,ZONE_B01,0.81,19.3,-28.6,0.88
2024-03-23 22:00:00,ZONE_B02,0.81,20.2,-28.6,0.88
2024-03-23 23:00:00,ZONE_M01,0.22,19.0,-25.0,0.55
2024-03-23 23:00:00,ZONE_M02,0.22,18.8,-25.0,0.55
2024-03-23 23:00:00,ZONE_M03,0.22,18.5,-25.0,0.55
2024-03-23 23:00:00,ZONE_B01,0.22,19.4,-25.0,0.55
2024-03-23 23:00:00,ZONE_B02,0.22,18.8,-25.0,0.55
2024-03-24 00:00:00,ZONE_M01,0.21,18.6,-22.3,0.51
2024-03-24 00:00:00,ZONE_M02,0.21,18.6,-22.3,0.51
2024-03-24 00:00:00,ZONE_M03,0.21,18.7,-22.3,0.51
2024-03-24 00:00:00,ZONE_B01,0.21,18.9,-22.3,0.51
2024-03-24 00:00:00,ZONE_B02,0.21,18.8,-22.3,0.51
2024-03-24 01:00:00,ZONE_M01,0.2,18.3,-26.4,0.56
2024-03-24 01:00:00,ZONE_M02,0.2,18.8,-26.4,0.56
2024-03-24 01:00:00,ZONE_M03,0.2,19.4,-26.4,0.56
2024-03-24 01:00:00,ZONE_B01,0.2,18.3,-26.4,0.56
2024-03-24 01:00:00,ZONE_B02,0.2,19.1,-26.4,0.56
2024-03-24 02:00:00,ZONE_M01,0.18,19.0,-21.6,0.49
2024-03-24 02:00:00,ZONE_M02,0.18,17.8,-21.6,0.49
2024-03-24 02:00:00,ZONE_M03,0.18,18.1,-21.6,0.49
2024-03-24 02:00:00,ZONE_B01,0.18,18.4,-21.6,0.49
2024-03-24 02:00:00,ZONE_B02,0.18,18.4,-21.6,0.49
2024-03-24 03:00:00,ZONE_M01,0.17,19.3,-23.4,0.51
2024-03-24 03:00:00,ZONE_M02,0.17,18.4,-23.4,0.51
2024-03-24 03:00:00,ZONE_M03,0.17,18.8,-23.4,0.51
2024-03-24 03:00:00,ZONE_B01,0.17,17.7,-23.4,0.51
2024-03-24 03:00:00,ZONE_B02,0.17,18.1,-23.4,0.51
2024-03-24 04:00:00,ZONE_M01,0.12,18.8,-24.3,0.5
2024-03-24 04:00:00,ZONE_M02,0.12,18.4,-24.3,0.5
2024-03-24 04:00:00,ZONE_M03,0.12,18.2,-24.3,0.5
2024-03-24 04:00:00,ZONE_B01,0.12,18.7,-24.3,0.5
2024-03-24 04:00:00,ZONE_B02,0.12,18.2,-24.3,0.5
2024-03-24 05:00:00,ZONE_M01,0.11,18.8,-26.5,0.52
2024-03-24 05:00:00,ZONE_M02,0.11,18.2,-26.5,0.52
2024-03-24 05:00:00,ZONE_M03,0.11,19.3,-26.5,0.52
2024-03-24 05:00:00,ZONE_B01,0.11,18.3,-26.5,0.52
2024-03-24 05:00:00,ZONE_B02,0.11,18.2,-26.5,0.52
2024-03-24 06:00:00,ZONE_M01,0.86,20.4,-23.9,0.81
2024-03-24 06:00:00,ZONE_M02,0.86,21.2,-23.9,0.81
2024-03-24 06:00:00,ZONE_M03,0.86,20.8,-23.9,0.81
2024-03-24 06:00:00,ZONE_B01,0.86,20.9,-23.9,0.81
2024-03-24 06:00:00,ZONE_B02,0.86,21.1,-23.9,0.81
2024-03-24 07:00:00,ZONE_M01,0.84,21.2,-26.2,0.85
2024-03-24 07:00:00,ZONE_M02,0.84,21.1,-26.2,0.85
2024-03-24 07:00:00,ZONE_M03,0.84,20.5,-26.2,0.85
2024-03-24 07:00:00,ZONE_B01,0.84,21.2,-26.2,0.85
2024-03-24 07:00:00,ZONE_B02,0.84,20.1,-26.2,0.85
2024-03-24 08:00:00,ZONE_M01,0.87,19.6,-28.7,0.91
2024-03-24 08:00:00,ZONE_M02,0.87,21.1,-28.7,0.91
2024-03-24 08:00:00,ZONE_M03,0.87,20.3,-28.7,0.91
2024-03-24 08:00:00,ZONE_B01,0.87,21.3,-28.7,0.91
2024-03-24 08:00:00,ZONE_B02,0.87,20.4,-28.7,0.91
2024-03-24 09:00:00,ZONE_M01,0.44,19.8,-23.4,0.63
2024-03-24 09:00:00,ZONE_M02,0.44,17.9,-23.4,0.63
2024-03-24 09:00:00,ZONE_M03,0.44,19.4,-23.4,0.63
2024-03-24 09:00:00,ZONE_B01,0.44,19.1,-23.4,0.63
2024-03-24 09:00:00,ZONE_B02,0.44,19.4,-23.4,0.63
2024-03-24 10:00:00,ZONE_M01,0.45,19.4,-25.3,0.66
2024-03-24 10:00:00,ZONE_M02,0.45,19.0,-25.3,0.66
2024-03-24 10:00:00,ZONE_M03,0.45,19.4,-25.3,0.66
2024-03-24 10:00:00,ZONE_B01,0.45,18.5,-25.3,0.66
2024-03-24 10:00:00,ZONE_B02,0.45,19.0,-25.3,0.66
2024-03-24 11:00:00,ZONE_M01,0.35,18.0,-25.1,0.61
2024-03-24 11:00:00,ZONE_M02,0.35,19.7,-25.1,0.61
2024-03-24 11:00:00,ZONE_M03,0.35,19.7,-25.1,0.61
2024-03-24 11:00:00,ZONE_B01,0.35,19.8,-25.1,0.61
2024-03-24 11:00:00,ZONE_B02,0.35,18.0,-25.1,0.61
2024-03-24 12:00:00,ZONE_M01,0.61,19.4,-25.0,0.72
2024-03-24 12:00:00,ZONE_M02,0.61,19.6,-25.0,0.72
2024-03-24 12:00:00,ZONE_M03,0.61,19.1,-25.0,0.72
2024-03-24 12:00:00,ZONE_B01,0.61,20.0,-25.0,0.72
2024-03-24 12:00:00,ZONE_B02,0.61,20.7,-25.0,0.72
2024-03-24 13:00:00,ZONE_M01,0.82,21.0,-26.0,0.84
2024-03-24 13:00:00,ZONE_M02,0.82,20.5,-26.0,0.84
2024-03-24 13:00:00,ZONE_M03,0.82,19.7,-26.0,0.84
2024-03-24 13:00:00,ZONE_B01,0.82,19.7,-26.0,0.84
2024-03-24 13:00:00,ZONE_B02,0.82,20.2,-26.0,0.84
2024-03-24 14:00:00,ZONE_M01,0.91,21.0,-27.4,0.9
2024-03-24 14:00:00,ZONE_M02,0.91,21.3,-27.4,0.9
2024-03-24 14:00:00,ZONE_M03,0.91,21.2,-27.4,0.9
2024-03-24 14:00:00,ZONE_B01,0.91,19.7,-27.4,0.9
2024-03-24 14:00:00,ZONE_B02,0.91,19.6,-27.4,0.9
2024-03-24 15:00:00,ZONE_M01,0.64,19.6,-23.0,0.7
2024-03-24 15:00:00,ZONE_M02,0.64,19.6,-23.0,0.7
2024-03-24 15:00:00,ZONE_M03,0.64,19.9,-23.0,0.7
2024-03-24 15:00:00,ZONE_B01,0.64,20.1,-23.0,0.7
2024-03-24 15:00:00,ZONE_B02,0.64,19.9,-23.0,0.7
2024-03-24 16:00:00,ZONE_M01,0.6,19.5,-23.7,0.7
2024-03-24 16:00:00,ZONE_M02,0.6,20.3,-23.7,0.7
2024-03-24 16:00:00,ZONE_M03,0.6,20.1,-23.7,0.7
2024-03-24 16:00:00,ZONE_B01,0.6,19.7,-23.7,0.7
2024-03-24 16:00:00,ZONE_B02,0.6,20.0,-23.7,0.7
2024-03-24 17:00:00,ZONE_M01,0.54,20.5,-26.6,0.72
2024-03-24 17:00:00,ZONE_M02,0.54,20.7,-26.6,0.72
2024-03-24 17:00:00,ZONE_M03,0.54,20.1,-26.6,0.72
2024-03-24 17:00:00,ZONE_B01,0.54,20.4,-26.6,0.72
2024-03-24 17:00:00,ZONE_B02,0.54,18.9,-26.6,0.72
2024-03-24 18:00:00,ZONE_M01,0.45,19.4,-23.9,0.64
2024-03-24 18:00:00,ZONE_M02,0.45,19.5,-23.9,0.64
2024-03-24 18:00:00,ZONE_M03,0.45,19.6,-23.9,0.64
2024-03-24 18:00:00,ZONE_B01,0.45,19.6,-23.9,0.64
2024-03-24 18:00:00,ZONE_B02,0.45,19.1,-23.9,0.64
2024-03-24 19:00:00,ZONE_M01,0.92,20.1,-28.1,0.92
2024-03-24 19:00:00,ZONE_M02,0.92,20.4,-28.1,0.92
2024-03-24 19:00:00,ZONE_M03,0.92,20.0,-28.1,0.92
2024-03-24 19:00:00,ZONE_B01,0.92,20.7,-28.1,0.92
2024-03-24 19:00:00,ZONE_B02,0.92,21.5,-28.1,0.92
2024-03-24 20:00:00,ZONE_M01,0.63,19.4,-27.9,0.78
2024-03-24 20:00:00,ZONE_M02,0.63,19.0,-27.9,0.78
2024-03-24 20:00:00,ZONE_M03,0.63,20.4,-27.9,0.78
2024-03-24 20:00:00,ZONE_B01,0.63,20.1,-27.9,0.78
2024-03-24 20:00:00,ZONE_B02,0.63,20.2,-27.9,0.78
2024-03-24 21:00:00,ZONE_M01,0.65,20.0,-21.7,0.69
2024-03-24 21:00:00,ZONE_M02,0.65,19.4,-21.7,0.69
2024-03-24 21:00:00,ZONE_M03,0.65,20.0,-21.7,0.69
2024-03-24 21:00:00,ZONE_B01,0.65,20.9,-21.7,0.69
2024-03-24 21:00:00,ZONE_B02,0.65,20.1,-21.7,0.69
2024-03-24 22:00:00,ZONE_M01,0.77,20.7,-23.9,0.78
2024-03-24 22:00:00,ZONE_M02,0.77,20.3,-23.9,0.78
2024-03-24 22:00:00,ZONE_M03,0.77,20.0,-23.9,0.78
2024-03-24 22:00:00,ZONE_B01,0.77,20.4,-23.9,0.78
2024-03-24 22:00:00,ZONE_B02,0.77,20.2,-23.9,0.78
2024-03-24 23:00:00,ZONE_M01,0.15,19.0,-26.0,0.53
2024-03-24 23:00:00,ZONE_M02,0.15,18.8,-26.0,0.53
2024-03-24 23:00:00,ZONE_M03,0.15,18.1,-26.0,0.53
2024-03-24 23:00:00,ZONE_B01,0.15,18.5,-26.0,0.53
2024-03-24 23:00:00,ZONE_B02,0.15,19.0,-26.0,0.53
2024-03-25 00:00:00,ZONE_M01,0.08,17.3,-25.7,0.49
2024-03-25 00:00:00,ZONE_M02,0.08,18.2,-25.7,0.49
2024-03-25 00:00:00,ZONE_M03,0.08,18.6,-25.7,0.49
2024-03-25 00:00:00,ZONE_B01,0.08,18.6,-25.7,0.49
2024-03-25 00:00:00,ZONE_B02,0.08,18.2,-25.7,0.49
2024-03-25 01:00:00,ZONE_M01,0.07,19.0,-26.0,0.49
2024-03-25 01:00:00,ZONE_M02,0.07,19.5,-26.0,0.49
2024-03-25 01:00:00,ZONE_M03,0.07,18.2,-26.0,0.49
2024-03-25 01:00:00,ZONE_B01,0.07,18.2,-26.0,0.49
2024-03-25 01:00:00,ZONE_B02,0.07,18.1,-26.0,0.49
2024-03-25 02:00:00,ZONE_M01,0.0,18.0,-22.4,0.42
2024-03-25 02:00:00,ZONE_M02,0.0,18.9,-22.4,0.42
2024-03-25 02:00:00,ZONE_M03,0.0,18.8,-22.4,0.42
2024-03-25 02:00:00,ZONE_B01,0.0,17.7,-22.4,0.42
2024-03-25 02:00:00,ZONE_B02,0.0,18.1,-22.4,0.42
2024-03-25 03:00:00,ZONE_M01,0.21,18.8,-30.7,0.62
2024-03-25 03:00:00,ZONE_M02,0.21,18.9,-30.7,0.62
2024-03-25 03:00:00,ZONE_M03,0.21,18.2,-30.7,0.62
2024-03-25 03:00:00,ZONE_B01,0.21,18.4,-30.7,0.62
2024-03-25 03:00:00,ZONE_B02,0.21,18.6,-30.7,0.62
2024-03-25 04:00:00,ZONE_M01,0.17,18.9,-23.7,0.51
2024-03-25 04:00:00,ZONE_M02,0.17,18.6,-23.7,0.51
2024-03-25 04:00:00,ZONE_M03,0.17,19.4,-23.7,0.51
2024-03-25 04:00:00,ZONE_B01,0.17,18.1,-23.7,0.51
2024-03-25 04:00:00,ZONE_B02,0.17,17.8,-23.7,0.51
2024-03-25 05:00:00,ZONE_M01,0.17,17.9,-26.2,0.54
2024-03-25 05:00:00,ZONE_M02,0.17,18.5,-26.2,0.54
2024-03-25 05:00:00,ZONE_M03,0.17,18.6,-26.2,0.54
2024-03-25 05:00:00,ZONE_B01,0.17,18.7,-26.2,0.54
2024-03-25 05:00:00,ZONE_B02,0.17,18.8,-26.2,0.54
2024-03-25 06:00:00,ZONE_M01,0.52,19.5,-30.1,0.76
2024-03-25 06:00:00,ZONE_M02,0.52,19.7,-30.1,0.76
2024-03-25 06:00:00,ZONE_M03,0.52,18.8,-30.1,0.76
2024-03-25 06:00:00,ZONE_B01,0.52,19.3,-30.1,0.76
2024-03-25 06:00:00,ZONE_B02,0.52,19.4,-30.1,0.76
2024-03-25 07:00:00,ZONE_M01,0.68,20.8,-24.9,0.76
2024-03-25 07:00:00,ZONE_M02,0.68,20.2,-24.9,0.76
2024-03-25 07:00:00,ZONE_M03,0.68,20.9,-24.9,0.76
2024-03-25 07:00:00,ZONE_B01,0.68,20.1,-24.9,0.76
2024-03-25 07:00:00,ZONE_B02,0.68,20.5,-24.9,0.76
2024-03-25 08:00:00,ZONE_M01,0.7,20.8,-22.4,0.72
2024-03-25 08:00:00,ZONE_M02,0.7,21.0,-22.4,0.72
2024-03-25 08:00:00,ZONE_M03,0.7,19.7,-22.4,0.72
2024-03-25 08:00:00,ZONE_B01,0.7,19.3,-22.4,0.72
2024-03-25 08:00:00,ZONE_B02,0.7,19.6,-22.4,0.72
2024-03-25 09:00:00,ZONE_M01,0.79,20.5,-26.1,0.82
2024-03-25 09:00:00,ZONE_M02,0.79,19.2,-26.1,0.82
2024-03-25 09:00:00,ZONE_M03,0.79,19.6,-26.1,0.82
2024-03-25 09:00:00,ZONE_B01,0.79,19.3,-26.1,0.82
2024-03-25 09:00:00,ZONE_B02,0.79,21.7,-26.1,0.82
2024-03-25 10:00:00,ZONE_M01,0.48,19.7,-23.7,0.65
2024-03-25 10:00:00,ZONE_M02,0.48,19.3,-23.7,0.65
2024-03-25 10:00:00,ZONE_M03,0.48,19.7,-23.7,0.65
2024-03-25 10:00:00,ZONE_B01,0.48,19.5,-23.7,0.65
2024-03-25 10:00:00,ZONE_B02,0.48,19.9,-23.7,0.65
2024-03-25 11:00:00,ZONE_M01,0.75,20.0,-24.6,0.78
2024-03-25 11:00:00,ZONE_M02,0.75,20.2,-24.6,0.78
2024-03-25 11:00:00,ZONE_M03,0.75,20.3,-24.6,0.78
2024-03-25 11:00:00,ZONE_B01,0.75,19.6,-24.6,0.78
2024-03-25 11:00:00,ZONE_B02,0.75,19.2,-24.6,0.78
2024-03-25 12:00:00,ZONE_M01,0.67,19.4,-24.6,0.74
2024-03-25 12:00:00,ZONE_M02,0.67,19.6,-24.6,0.74
2024-03-25 12:00:00,ZONE_M03,0.67,19.5,-24.6,0.74
2024-03-25 12:00:00,ZONE_B01,0.67,20.3,-24.6,0.74
2024-03-25 12:00:00,ZONE_B02,0.67,19.9,-24.6,0.74
2024-03-25 13:00:00,ZONE_M01,0.67,19.9,-25.2,0.75
2024-03-25 13:00:00,ZONE_M02,0.67,20.4,-25.2,0.75
2024-03-25 13:00:00,ZONE_M03,0.67,19.8,-25.2,0.75
2024-03-25 13:00:00,ZONE_B01,0.67,19.7,-25.2,0.75
2024-03-25 13:00:00,ZONE_B02,0.67,19.4,-25.2,0.75
2024-03-25 14:00:00,ZONE_M01,0.65,20.4,-26.0,0.76
2024-03-25 14:00:00,ZONE_M02,0.65,19.2,-26.0,0.76
2024-03-25 14:00:00,ZONE_M03,0.65,20.0,-26.0,0.76
2024-03-25 14:00:00,ZONE_B01,0.65,20.7,-26.0,0.76
2024-03-25 14:00:00,ZONE_B02,0.65,19.7,-26.0,0.76
2024-03-25 15:00:00,ZONE_M01,0.54,19.5,-27.6,0.73
2024-03-25 15:00:00,ZONE_M02,0.54,20.1,-27.6,0.73
2024-03-25 15:00:00,ZONE_M03,0.54,19.5,-27.6,0.73
2024-03-25 15:00:00,ZONE_B01,0.54,19.4,-27.6,0.73
2024-03-25 15:00:00,ZONE_B02,0.54,19.4,-27.6,0.73
2024-03-25 16:00:00,ZONE_M01,0.63,19.7,-25.5,0.74
2024-03-25 16:00:00,ZONE_M02,0.63,19.7,-25.5,0.74
2024-03-25 16:00:00,ZONE_M03,0.63,20.7,-25.5,0.74
2024-03-25 16:00:00,ZONE_B01,0.63,20.4,-25.5,0.74
2024-03-25 16:00:00,ZONE_B02,0.63,19.7,-25.5,0.74
2024-03-25 17:00:00,ZONE_M01,0.59,19.8,-24.0,0.7
2024-03-25 17:00:00,ZONE_M02,0.59,19.7,-24.0,0.7
2024-03-25 17:00:00,ZONE_M03,0.59,20.0,-24.0,0.7
2024-03-25 17:00:00,ZONE_B01,0.59,19.5,-24.0,0.7
2024-03-25 17:00:00,ZONE_B02,0.59,19.3,-24.0,0.7
2024-03-25 18:00:00,ZONE_M01,0.8,20.2,-25.7,0.82
2024-03-25 18:00:00,ZONE_M02,0.8,19.6,-25.7,0.82
2024-03-25 18:00:00,ZONE_M03,0.8,20.2,-25.7,0.82
2024-03-25 18:00:00,ZONE_B01,0.8,20.8,-25.7,0.82
2024-03-25 18:00:00,ZONE_B02,0.8,20.3,-25.7,0.82
2024-03-25 19:00:00,ZONE_M01,0.46,19.7,-26.6,0.68
2024-03-25 19:00:00,ZONE_M02,0.46,19.1,-26.6,0.68
2024-03-25 19:00:00,ZONE_M03,0.46,19.2,-26.6,0.68
2024-03-25 19:00:00,ZONE_B01,0.46,20.0,-26.6,0.68
2024-03-25 19:00:00,ZONE_B02,0.46,19.7,-26.6,0.68
2024-03-25 20:00:00,ZONE_M01,0.54,19.9,-27.8,0.74
2024-03-25 20:00:00,ZONE_M02,0.54,18.5,-27.8,0.74
2024-03-25 20:00:00,ZONE_M03,0.54,19.9,-27.8,0.74
2024-03-25 20:00:00,ZONE_B01,0.54,20.1,-27.8,0.74
2024-03-25 20:00:00,ZONE_B02,0.54,19.0,-27.8,0.74
2024-03-25 21:00:00,ZONE_M01,0.81,21.1,-24.8,0.81
2024-03-25 21:00:00,ZONE_M02,0.81,20.8,-24.8,0.81
2024-03-25 21:00:00,ZONE_M03,0.81,20.5,-24.8,0.81
2024-03-25 21:00:00,ZONE_B01,0.81,20.4,-24.8,0.81
2024-03-25 21:00:00,ZONE_B02,0.81,20.4,-24.8,0.81
2024-03-25 22:00:00,ZONE_M01,0.77,21.4,-22.7,0.76
2024-03-25 22:00:00,ZONE_M02,0.77,19.5,-22.7,0.76
2024-03-25 22:00:00,ZONE_M03,0.77,20.0,-22.7,0.76
2024-03-25 22:00:00,ZONE_B01,0.77,20.4,-22.7,0.76
2024-03-25 22:00:00,ZONE_B02,0.77,20.6,-22.7,0.76
2024-03-25 23:00:00,ZONE_M01,0.07,17.7,-22.5,0.46
2024-03-25 23:00:00,ZONE_M02,0.07,17.9,-22.5,0.46
2024-03-25 23:00:00,ZONE_M03,0.07,18.1,-22.5,0.46
2024-03-25 23:00:00,ZONE_B01,0.07,17.5,-22.5,0.46
2024-03-25 23:00:00,ZONE_B02,0.07,18.1,-22.5,0.46
2024-03-26 00:00:00,ZONE_M01,0.33,19.3,-27.1,0.62
2024-03-26 00:00:00,ZONE_M02,0.33,18.8,-27.1,0.62
2024-03-26 00:00:00,ZONE_M03,0.33,18.8,-27.1,0.62
2024-03-26 00:00:00,ZONE_B01,0.33,20.1,-27.1,0.62
2024-03-26 00:00:00,ZONE_B02,0.33,19.3,-27.1,0.62
2024-03-26 01:00:00,ZONE_M01,0.09,18.5,-23.3,0.47
2024-03-26 01:00:00,ZONE_M02,0.09,18.1,-23.3,0.47
2024-03-26 01:00:00,ZONE_M03,0.09,17.8,-23.3,0.47
2024-03-26 01:00:00,ZONE_B01,0.09,18.3,-23.3,0.47
2024-03-26 01:00:00,ZONE_B02,0.09,18.2,-23.3,0.47
2024-03-26 02:00:00,ZONE_M01,0.08,18.8,-28.6,0.53
2024-03-26 02:00:00,ZONE_M02,0.08,18.0,-28.6,0.53
2024-03-26 02:00:00,ZONE_M03,0.08,17.9,-28.6,0.53
2024-03-26 02:00:00,ZONE_B01,0.08,18.5,-28.6,0.53
2024-03-26 02:00:00,ZONE_B02,0.08,18.0,-28.6,0.53
2024-03-26 03:00:00,ZONE_M01,0.21,18.6,-28.8,0.59
2024-03-26 03:00:00,ZONE_M02,0.21,18.3,-28.8,0.59
2024-03-26 03:00:00,ZONE_M03,0.21,19.5,-28.8,0.59
2024-03-26 03:00:00,ZONE_B01,0.21,18.7,-28.8,0.59
2024-03-26 03:00:00,ZONE_B02,0.21,19.2,-28.8,0.59
2024-03-26 04:00:00,ZONE_M01,0.0,18.6,-20.7,0.41
2024-03-26 04:00:00,ZONE_M02,0.0,17.6,-20.7,0.41
2024-03-26 04:00:00,ZONE_M03,0.0,19.0,-20.7,0.41
2024-03-26 04:00:00,ZONE_B01,0.0,18.2,-20.7,0.41
2024-03-26 04:00:00,ZONE_B02,0.0,17.2,-20.7,0.41
2024-03-26 05:00:00,ZONE_M01,0.0,17.2,-27.2,0.47
2024-03-26 05:00:00,ZONE_M02,0.0,18.6,-27.2,0.47
2024-03-26 05:00:00,ZONE_M03,0.0,18.5,-27.2,0.47
2024-03-26 05:00:00,ZONE_B01,0.0,18.0,-27.2,0.47
2024-03-26 05:00:00,ZONE_B02,0.0,17.6,-27.2,0.47
2024-03-26 06:00:00,ZONE_M01,0.63,19.8,-24.9,0.73
2024-03-26 06:00:00,ZONE_M02,0.63,19.4,-24.9,0.73
2024-03-26 06:00:00,ZONE_M03,0.63,19.7,-24.9,0.73
2024-03-26 06:00:00,ZONE_B01,0.63,20.1,-24.9,0.73
2024-03-26 06:00:00,ZONE_B02,0.63,19.8,-24.9,0.73
2024-03-26 07:00:00,ZONE_M01,0.79,20.4,-26.3,0.83
2024-03-26 07:00:00,ZONE_M02,0.79,20.5,-26.3,0.83
2024-03-26 07:00:00,ZONE_M03,0.79,20.4,-26.3,0.83
2024-03-26 07:00:00,ZONE_B01,0.79,20.4,-26.3,0.83
2024-03-26 07:00:00,ZONE_B02,0.79,20.8,-26.3,0.83
2024-03-26 08:00:00,ZONE_M01,0.72,19.5,-29.0,0.84
2024-03-26 08:00:00,ZONE_M02,0.72,20.3,-29.0,0.84
2024-03-26 08:00:00,ZONE_M03,0.72,20.3,-29.0,0.84
2024-03-26 08:00:00,ZONE_B01,0.72,18.2,-29.0,0.84
2024-03-26 08:00:00,ZONE_B02,0.72,20.1,-29.0,0.84
2024-03-26 09:00:00,ZONE_M01,0.83,22.0,-29.6,0.91
2024-03-26 09:00:00,ZONE_M02,0.83,21.4,-29.6,0.91
2024-03-26 09:00:00,ZONE_M03,0.83,20.6,-29.6,0.91
2024-03-26 09:00:00,ZONE_B01,0.83,19.6,-29.6,0.91
2024-03-26 09:00:00,ZONE_B02,0.83,19.7,-29.6,0.91
2024-03-26 10:00:00,ZONE_M01,0.71,20.1,-24.3,0.76
2024-03-26 10:00:00,ZONE_M02,0.71,21.5,-24.3,0.76
2024-03-26 10:00:00,ZONE_M03,0.71,19.6,-24.3,0.76
2024-03-26 10:00:00,ZONE_B01,0.71,20.0,-24.3,0.76
2024-03-26 10:00:00,ZONE_B02,0.71,20.7,-24.3,0.76
2024-03-26 11:00:00,ZONE_M01,0.93,21.0,-25.8,0.88
2024-03-26 11:00:00,ZONE_M02,0.93,21.6,-25.8,0.88
2024-03-26 11:00:00,ZONE_M03,0.93,21.0,-25.8,0.88
2024-03-26 11:00:00,ZONE_B01,0.93,20.5,-25.8,0.88
2024-03-26 11:00:00,ZONE_B02,0.93,20.8,-25.8,0.88
2024-03-26 12:00:00,ZONE_M01,0.82,20.2,-26.8,0.85
2024-03-26 12:00:00,ZONE_M02,0.82,20.8,-26.8,0.85
2024-03-26 12:00:00,ZONE_M03,0.82,20.5,-26.8,0.85
2024-03-26 12:00:00,ZONE_B01,0.82,20.2,-26.8,0.85
2024-03-26 12:00:00,ZONE_B02,0.82,20.6,-26.8,0.85
2024-03-26 13:00:00,ZONE_M01,0.76,20.5,-26.4,0.82
2024-03-26 13:00:00,ZONE_M02,0.76,19.9,-26.4,0.82
2024-03-26 13:00:00,ZONE_M03,0.76,19.0,-26.4,0.82
2024-03-26 13:00:00,ZONE_B01,0.76,20.4,-26.4,0.82
2024-03-26 13:00:00,ZONE_B02,0.76,19.9,-26.4,0.82
2024-03-26 14:00:00,ZONE_M01,0.62,20.4,-25.7,0.74
2024-03-26 14:00:00,ZONE_M02,0.62,20.5,-25.7,0.74
2024-03-26 14:00:00,ZONE_M03,0.62,19.0,-25.7,0.74
2024-03-26 14:00:00,ZONE_B01,0.62,20.4,-25.7,0.74
2024-03-26 14:00:00,ZONE_B02,0.62,19.6,-25.7,0.74
2024-03-26 15:00:00,ZONE_M01,0.61,19.9,-22.1,0.68
2024-03-26 15:00:00,ZONE_M02,0.61,19.6,-22.1,0.68
2024-03-26 15:00:00,ZONE_M03,0.61,19.6,-22.1,0.68
2024-03-26 15:00:00,ZONE_B01,0.61,19.7,-22.1,0.68
2024-03-26 15:00:00,ZONE_B02,0.61,20.4,-22.1,0.68
2024-03-26 16:00:00,ZONE_M01,0.53,19.2,-26.0,0.7
2024-03-26 16:00:00,ZONE_M02,0.53,19.0,-26.0,0.7
2024-03-26 16:00:00,ZONE_M03,0.53,19.6,-26.0,0.7
2024-03-26 16:00:00,ZONE_B01,0.53,20.0,-26.0,0.7
2024-03-26 16:00:00,ZONE_B02,0.53,19.9,-26.0,0.7
2024-03-26 17:00:00,ZONE_M01,0.81,20.3,-26.4,0.84
2024-03-26 17:00:00,ZONE_M02,0.81,21.4,-26.4,0.84
2024-03-26 17:00:00,ZONE_M03,0.81,19.9,-26.4,0.84
2024-03-26 17:00:00,ZONE_B01,0.81,20.2,-26.4,0.84
2024-03-26 17:00:00,ZONE_B02,0.81,19.7,-26.4,0.84
2024-03-26 18:00:00,ZONE_M01,0.7,19.7,-24.3,0.75
2024-03-26 18:00:00,ZONE_M02,0.7,20.8,-24.3,0.75
2024-03-26 18:00:00,ZONE_M03,0.7,19.9,-24.3,0.75
2024-03-26 18:00:00,ZONE_B01,0.7,21.2,-24.3,0.75
2024-03-26 18:00:00,ZONE_B02,0.7,20.4,-24.3,0.75
2024-03-26 19:00:00,ZONE_M01,0.9,19.9,-24.6,0.85
2024-03-26 19:00:00,ZONE_M02,0.9,20.5,-24.6,0.85
2024-03-26 19:00:00,ZONE_M03,0.9,21.6,-24.6,0.85
2024-03-26 19:00:00,ZONE_B01,0.9,20.3,-24.6,0.85
2024-03-26 19:00:00,ZONE_B02,0.9,20.9,-24.6,0.85
2024-03-26 20:00:00,ZONE_M01,0.62,19.8,-22.2,0.68
2024-03-26 20:00:00,ZONE_M02,0.62,19.9,-22.2,0.68
2024-03-26 20:00:00,ZONE_M03,0.62,20.1,-22.2,0.68
2024-03-26 20:00:00,ZONE_B01,0.62,19.4,-22.2,0.68
2024-03-26 20:00:00,ZONE_B02,0.62,20.0,-22.2,0.68
2024-03-26 21:00:00,ZONE_M01,0.68,18.8,-27.0,0.79
2024-03-26 21:00:00,ZONE_M02,0.68,20.0,-27.0,0.79
2024-03-26 21:00:00,ZONE_M03,0.68,20.5,-27.0,0.79
2024-03-26 21:00:00,ZONE_B01,0.68,19.9,-27.0,0.79
2024-03-26 21:00:00,ZONE_B02,0.68,21.1,-27.0,0.79
2024-03-26 22:00:00,ZONE_M01,0.68,19.8,-23.5,0.73
2024-03-26 22:00:00,ZONE_M02,0.68,20.5,-23.5,0.73
2024-03-26 22:00:00,ZONE_M03,0.68,19.9,-23.5,0.73
2024-03-26 22:00:00,ZONE_B01,0.68,19.2,-23.5,0.73
2024-03-26 22:00:00,ZONE_B02,0.68,19.4,-23.5,0.73
2024-03-26 23:00:00,ZONE_M01,0.15,18.0,-25.9,0.53
2024-03-26 23:00:00,ZONE_M02,0.15,18.3,-25.9,0.53
2024-03-26 23:00:00,ZONE_M03,0.15,17.8,-25.9,0.53
2024-03-26 23:00:00,ZONE_B01,0.15,18.3,-25.9,0.53
2024-03-26 23:00:00,ZONE_B02,0.15,19.0,-25.9,0.53
2024-03-27 00:00:00,ZONE_M01,0.29,18.7,-24.0,0.57
2024-03-27 00:00:00,ZONE_M02,0.29,18.6,-24.0,0.57
2024-03-27 00:00:00,ZONE_M03,0.29,18.9,-24.0,0.57
2024-03-27 00:00:00,ZONE_B01,0.29,18.9,-24.0,0.57
2024-03-27 00:00:00,ZONE_B02,0.29,18.0,-24.0,0.57
2024-03-27 01:00:00,ZONE_M01,0.17,19.6,-24.6,0.52
2024-03-27 01:00:00,ZONE_M02,0.17,18.3,-24.6,0.52
2024-03-27 01:00:00,ZONE_M03,0.17,19.0,-24.6,0.52
2024-03-27 01:00:00,ZONE_B01,0.17,19.4,-24.6,0.52
2024-03-27 01:00:00,ZONE_B02,0.17,18.3,-24.6,0.52
2024-03-27 02:00:00,ZONE_M01,0.17,19.0,-26.1,0.54
2024-03-27 02:00:00,ZONE_M02,0.17,18.9,-26.1,0.54
2024-03-27 02:00:00,ZONE_M03,0.17,18.3,-26.1,0.54
2024-03-27 02:00:00,ZONE_B01,0.17,18.9,-26.1,0.54
2024-03-27 02:00:00,ZONE_B02,0.17,18.3,-26.1,0.54
2024-03-27 03:00:00,ZONE_M01,0.16,18.8,-27.5,0.55
2024-03-27 03:00:00,ZONE_M02,0.16,18.4,-27.5,0.55
2024-03-27 03:00:00,ZONE_M03,0.16,18.8,-27.5,0.55
2024-03-27 03:00:00,ZONE_B01,0.16,18.0,-27.5,0.55
2024-03-27 03:00:00,ZONE_B02,0.16,18.4,-27.5,0.55
2024-03-27 04:00:00,ZONE_M01,0.14,19.1,-22.8,0.49
2024-03-27 04:00:00,ZONE_M02,0.14,18.5,-22.8,0.49
2024-03-27 04:00:00,ZONE_M03,0.14,19.4,-22.8,0.49
2024-03-27 04:00:00,ZONE_B01,0.14,18.0,-22.8,0.49
2024-03-27 04:00:00,ZONE_B02,0.14,18.2,-22.8,0.49
2024-03-27 05:00:00,ZONE_M01,0.03,17.8,-26.0,0.47
2024-03-27 05:00:00,ZONE_M02,0.03,17.3,-26.0,0.47
2024-03-27 05:00:00,ZONE_M03,0.03,17.9,-26.0,0.47
2024-03-27 05:00:00,ZONE_B01,0.03,17.8,-26.0,0.47
2024-03-27 05:00:00,ZONE_B02,0.03,17.7,-26.0,0.47
2024-03-27 06:00:00,ZONE_M01,0.71,20.2,-24.5,0.76
2024-03-27 06:00:00,ZONE_M02,0.71,20.2,-24.5,0.76
2024-03-27 06:00:00,ZONE_M03,0.71,19.8,-24.5,0.76
2024-03-27 06:00:00,ZONE_B01,0.71,20.7,-24.5,0.76
2024-03-27 06:00:00,ZONE_B02,0.71,19.7,-24.5,0.76
2024-03-27 07:00:00,ZONE_M01,0.72,19.1,-28.2,0.83
2024-03-27 07:00:00,ZONE_M02,0.72,19.6,-28.2,0.83
2024-03-27 07:00:00,ZONE_M03,0.72,20.0,-28.2,0.83
2024-03-27 07:00:00,ZONE_B01,0.72,21.6,-28.2,0.83
2024-03-27 07:00:00,ZONE_B02,0.72,20.7,-28.2,0.83
2024-03-27 08:00:00,ZONE_M01,0.77,19.7,-25.8,0.81
2024-03-27 08:00:00,ZONE_M02,0.77,20.4,-25.8,0.81
2024-03-27 08:00:00,ZONE_M03,0.77,21.0,-25.8,0.81
2024-03-27 08:00:00,ZONE_B01,0.77,20.0,-25.8,0.81
2024-03-27 08:00:00,ZONE_B02,0.77,20.9,-25.8,0.81
2024-03-27 09:00:00,ZONE_M01,0.58,20.6,-24.2,0.7
2024-03-27 09:00:00,ZONE_M02,0.58,19.0,-24.2,0.7
2024-03-27 09:00:00,ZONE_M03,0.58,20.1,-24.2,0.7
2024-03-27 09:00:00,ZONE_B01,0.58,19.8,-24.2,0.7
2024-03-27 09:00:00,ZONE_B02,0.58,19.5,-24.2,0.7
2024-03-27 10:00:00,ZONE_M01,0.57,19.3,-23.5,0.68
2024-03-27 10:00:00,ZONE_M02,0.57,19.8,-23.5,0.68
2024-03-27 10:00:00,ZONE_M03,0.57,19.6,-23.5,0.68
2024-03-27 10:00:00,ZONE_B01,0.57,19.7,-23.5,0.68
2024-03-27 10:00:00,ZONE_B02,0.57,20.2,-23.5,0.68
2024-03-27 11:00:00,ZONE_M01,0.7,20.0,-27.3,0.8
2024-03-27 11:00:00,ZONE_M02,0.7,20.3,-27.3,0.8
2024-03-27 11:00:00,ZONE_M03,0.7,20.3,-27.3,0.8
2024-03-27 11:00:00,ZONE_B01,0.7,19.8,-27.3,0.8
2024-03-27 11:00:00,ZONE_B02,0.7,20.5,-27.3,0.8
2024-03-27 12:00:00,ZONE_M01,0.68,19.7,-26.0,0.77
2024-03-27 12:00:00,ZONE_M02,0.68,19.7,-26.0,0.77
2024-03-27 12:00:00,ZONE_M03,0.68,20.1,-26.0,0.77
2024-03-27 12:00:00,ZONE_B01,0.68,20.0,-26.0,0.77
2024-03-27 12:00:00,ZONE_B02,0.68,20.0,-26.0,0.77
2024-03-27 13:00:00,ZONE_M01,0.62,19.7,-26.4,0.75
2024-03-27 13:00:00,ZONE_M02,0.62,19.2,-26.4,0.75
2024-03-27 13:00:00,ZONE_M03,0.62,20.0,-26.4,0.75
2024-03-27 13:00:00,ZONE_B01,0.62,19.9,-26.4,0.75
2024-03-27 13:00:00,ZONE_B02,0.62,19.2,-26.4,0.75
2024-03-27 14:00:00,ZONE_M01,0.89,20.3,-26.6,0.88
2024-03-27 14:00:00,ZONE_M02,0.89,20.5,-26.6,0.88
2024-03-27 14:00:00,ZONE_M03,0.89,20.7,-26.6,0.88
2024-03-27 14:00:00,ZONE_B01,0.89,20.5,-26.6,0.88
2024-03-27 14:00:00,ZONE_B02,0.89,21.2,-26.6,0.88
2024-03-27 15:00:00,ZONE_M01,0.57,18.8,-22.6,0.67
2024-03-27 15:00:00,ZONE_M02,0.57,20.0,-22.6,0.67
2024-03-27 15:00:00,ZONE_M03,0.57,20.2,-22.6,0.67
2024-03-27 15:00:00,ZONE_B01,0.57,19.8,-22.6,0.67
2024-03-27 15:00:00,ZONE_B02,0.57,20.1,-22.6,0.67
2024-03-27 16:00:00,ZONE_M01,0.49,19.1,-24.3,0.66
2024-03-27 16:00:00,ZONE_M02,0.49,18.8,-24.3,0.66
2024-03-27 16:00:00,ZONE_M03,0.49,19.3,-24.3,0.66
2024-03-27 16:00:00,ZONE_B01,0.49,19.5,-24.3,0.66
2024-03-27 16:00:00,ZONE_B02,0.49,20.0,-24.3,0.66
2024-03-27 17:00:00,ZONE_M01,0.77,20.8,-24.6,0.79
2024-03-27 17:00:00,ZONE_M02,0.77,20.3,-24.6,0.79
2024-03-27 17:00:00,ZONE_M03,0.77,20.3,-24.6,0.79
2024-03-27 17:00:00,ZONE_B01,0.77,19.9,-24.6,0.79
2024-03-27 17:00:00,ZONE_B02,0.77,19.8,-24.6,0.79
2024-03-27 18:00:00,ZONE_M01,0.51,19.8,-25.5,0.69
2024-03-27 18:00:00,ZONE_M02,0.51,19.1,-25.5,0.69
2024-03-27 18:00:00,ZONE_M03,0.51,20.6,-25.5,0.69
2024-03-27 18:00:00,ZONE_B01,0.51,19.7,-25.5,0.69
2024-03-27 18:00:00,ZONE_B02,0.51,19.3,-25.5,0.69
2024-03-27 19:00:00,ZONE_M01,0.71,19.5,-30.1,0.85
2024-03-27 19:00:00,ZONE_M02,0.71,20.6,-30.1,0.85
2024-03-27 19:00:00,ZONE_M03,0.71,19.7,-30.1,0.85
2024-03-27 19:00:00,ZONE_B01,0.71,20.1,-30.1,0.85
2024-03-27 19:00:00,ZONE_B02,0.71,20.0,-30.1,0.85
2024-03-27 20:00:00,ZONE_M01,0.63,20.4,-26.7,0.76
2024-03-27 20:00:00,ZONE_M02,0.63,19.9,-26.7,0.76
2024-03-27 20:00:00,ZONE_M03,0.63,20.1,-26.7,0.76
2024-03-27 20:00:00,ZONE_B01,0.63,20.0,-26.7,0.76
2024-03-27 20:00:00,ZONE_B02,0.63,20.0,-26.7,0.76
2024-03-27 21:00:00,ZONE_M01,0.58,20.0,-22.8,0.67
2024-03-27 21:00:00,ZONE_M02,0.58,20.3,-22.8,0.67
2024-03-27 21:00:00,ZONE_M03,0.58,19.6,-22.8,0.67
2024-03-27 21:00:00,ZONE_B01,0.58,19.9,-22.8,0.67
2024-03-27 21:00:00,ZONE_B02,0.58,20.0,-22.8,0.67
2024-03-27 22:00:00,ZONE_M01,0.53,19.4,-24.4,0.68
2024-03-27 22:00:00,ZONE_M02,0.53,19.2,-24.4,0.68
2024-03-27 22:00:00,ZONE_M03,0.53,19.3,-24.4,0.68
2024-03-27 22:00:00,ZONE_B01,0.53,19.6,-24.4,0.68
2024-03-27 22:00:00,ZONE_B02,0.53,19.3,-24.4,0.68
2024-03-27 23:00:00,ZONE_M01,0.18,18.2,-26.1,0.55
2024-03-27 23:00:00,ZONE_M02,0.18,18.0,-26.1,0.55
2024-03-27 23:00:00,ZONE_M03,0.18,19.2,-26.1,0.55
2024-03-27 23:00:00,ZONE_B01,0.18,19.6,-26.1,0.55
2024-03-27 23:00:00,ZONE_B02,0.18,18.2,-26.1,0.55
2024-03-28 00:00:00,ZONE_M01,0.17,18.7,-27.0,0.55
2024-03-28 00:00:00,ZONE_M02,0.17,18.1,-27.0,0.55
2024-03-28 00:00:00,ZONE_M03,0.17,19.0,-27.0,0.55
2024-03-28 00:00:00,ZONE_B01,0.17,18.2,-27.0,0.55
2024-03-28 00:00:00,ZONE_B02,0.17,18.3,-27.0,0.55
2024-03-28 01:00:00,ZONE_M01,0.09,17.3,-21.9,0.45
2024-03-28 01:00:00,ZONE_M02,0.09,17.3,-21.9,0.45
2024-03-28 01:00:00,ZONE_M03,0.09,18.9,-21.9,0.45
2024-03-28 01:00:00,ZONE_B01,0.09,18.6,-21.9,0.45
2024-03-28 01:00:00,ZONE_B02,0.09,17.7,-21.9,0.45
2024-03-28 02:00:00,ZONE_M01,0.06,18.8,-25.5,0.48
2024-03-28 02:00:00,ZONE_M02,0.06,18.6,-25.5,0.48
2024-03-28 02:00:00,ZONE_M03,0.06,18.5,-25.5,0.48
2024-03-28 02:00:00,ZONE_B01,0.06,17.9,-25.5,0.48
2024-03-28 02:00:00,ZONE_B02,0.06,18.1,-25.5,0.48
2024-03-28 03:00:00,ZONE_M01,0.08,17.9,-26.6,0.51
2024-03-28 03:00:00,ZONE_M02,0.08,18.9,-26.6,0.51
2024-03-28 03:00:00,ZONE_M03,0.08,18.5,-26.6,0.51
2024-03-28 03:00:00,ZONE_B01,0.08,17.1,-26.6,0.51
2024-03-28 03:00:00,ZONE_B02,0.08,17.8,-26.6,0.51
2024-03-28 04:00:00,ZONE_M01,0.02,17.4,-24.3,0.45
2024-03-28 04:00:00,ZONE_M02,0.02,17.9,-24.3,0.45
2024-03-28 04:00:00,ZONE_M03,0.02,17.4,-24.3,0.45
2024-03-28 04:00:00,ZONE_B01,0.02,17.6,-24.3,0.45
2024-03-28 04:00:00,ZONE_B02,0.02,17.4,-24.3,0.45
2024-03-28 05:00:00,ZONE_M01,0.15,18.9,-28.7,0.56
2024-03-28 05:00:00,ZONE_M02,0.15,19.8,-28.7,0.56
2024-03-28 05:00:00,ZONE_M03,0.15,18.6,-28.7,0.56
2024-03-28 05:00:00,ZONE_B01,0.15,18.9,-28.7,0.56
2024-03-28 05:00:00,ZONE_B02,0.15,18.7,-28.7,0.56
2024-03-28 06:00:00,ZONE_M01,0.5,19.7,-22.5,0.64
2024-03-28 06:00:00,ZONE_M02,0.5,20.3,-22.5,0.64
2024-03-28 06:00:00,ZONE_M03,0.5,18.6,-22.5,0.64
2024-03-28 06:00:00,ZONE_B01,0.5,19.3,-22.5,0.64
2024-03-28 06:00:00,ZONE_B02,0.5,19.7,-22.5,0.64
2024-03-28 07:00:00,ZONE_M01,0.54,19.8,-26.8,0.72
2024-03-28 07:00:00,ZONE_M02,0.54,20.1,-26.8,0.72
2024-03-28 07:00:00,ZONE_M03,0.54,20.1,-26.8,0.72
2024-03-28 07:00:00,ZONE_B01,0.54,18.9,-26.8,0.72
2024-03-28 07:00:00,ZONE_B02,0.54,18.5,-26.8,0.72
2024-03-28 08:00:00,ZONE_M01,0.56,19.5,-26.1,0.72
2024-03-28 08:00:00,ZONE_M02,0.56,20.3,-26.1,0.72
2024-03-28 08:00:00,ZONE_M03,0.56,19.2,-26.1,0.72
2024-03-28 08:00:00,ZONE_B01,0.56,19.3,-26.1,0.72
2024-03-28 08:00:00,ZONE_B02,0.56,19.7,-26.1,0.72
2024-03-28 09:00:00,ZONE_M01,0.79,19.2,-27.5,0.85
2024-03-28 09:00:00,ZONE_M02,0.79,20.7,-27.5,0.85
2024-03-28 09:00:00,ZONE_M03,0.79,20.1,-27.5,0.85
2024-03-28 09:00:00,ZONE_B01,0.79,21.0,-27.5,0.85
2024-03-28 09:00:00,ZONE_B02,0.79,21.4,-27.5,0.85
2024-03-28 10:00:00,ZONE_M01,0.44,18.9,-28.2,0.69
2024-03-28 10:00:00,ZONE_M02,0.44,19.4,-28.2,0.69
2024-03-28 10:00:00,ZONE_M03,0.44,18.7,-28.2,0.69
2024-03-28 10:00:00,ZONE_B01,0.44,19.9,-28.2,0.69
2024-03-28 10:00:00,ZONE_B02,0.44,18.7,-28.2,0.69
2024-03-28 11:00:00,ZONE_M01,0.83,20.8,-23.7,0.8
2024-03-28 11:00:00,ZONE_M02,0.83,20.3,-23.7,0.8
2024-03-28 11:00:00,ZONE_M03,0.83,19.9,-23.7,0.8
2024-03-28 11:00:00,ZONE_B01,0.83,20.6,-23.7,0.8
2024-03-28 11:00:00,ZONE_B02,0.83,20.6,-23.7,0.8
2024-03-28 12:00:00,ZONE_M01,0.8,20.4,-25.7,0.82
2024-03-28 12:00:00,ZONE_M02,0.8,19.8,-25.7,0.82
2024-03-28 12:00:00,ZONE_M03,0.8,20.0,-25.7,0.82
2024-03-28 12:00:00,ZONE_B01,0.8,20.8,-25.7,0.82
2024-03-28 12:00:00,ZONE_B02,0.8,20.0,-25.7,0.82
2024-03-28 13:00:00,ZONE_M01,0.68,19.6,-23.8,0.73
2024-03-28 13:00:00,ZONE_M02,0.68,19.8,-23.8,0.73
2024-03-28 13:00:00,ZONE_M03,0.68,19.5,-23.8,0.73
2024-03-28 13:00:00,ZONE_B01,0.68,20.0,-23.8,0.73
2024-03-28 13:00:00,ZONE_B02,0.68,20.1,-23.8,0.73
2024-03-28 14:00:00,ZONE_M01,0.52,19.5,-25.4,0.69
2024-03-28 14:00:00,ZONE_M02,0.52,19.1,-25.4,0.69
2024-03-28 14:00:00,ZONE_M03,0.52,19.7,-25.4,0.69
2024-03-28 14:00:00,ZONE_B01,0.52,20.4,-25.4,0.69
2024-03-28 14:00:00,ZONE_B02,0.52,19.3,-25.4,0.69
2024-03-28 15:00:00,ZONE_M01,0.58,19.7,-24.3,0.7
2024-03-28 15:00:00,ZONE_M02,0.58,20.8,-24.3,0.7
2024-03-28 15:00:00,ZONE_M03,0.58,20.8,-24.3,0.7
2024-03-28 15:00:00,ZONE_B01,0.58,19.6,-24.3,0.7
2024-03-28 15:00:00,ZONE_B02,0.58,20.2,-24.3,0.7
2024-03-28 16:00:00,ZONE_M01,0.73,20.7,-23.9,0.76
2024-03-28 16:00:00,ZONE_M02,0.73,19.9,-23.9,0.76
2024-03-28 16:00:00,ZONE_M03,0.73,20.4,-23.9,0.76
2024-03-28 16:00:00,ZONE_B01,0.73,20.1,-23.9,0.76
2024-03-28 16:00:00,ZONE_B02,0.73,20.2,-23.9,0.76
2024-03-28 17:00:00,ZONE_M01,0.58,19.5,-26.3,0.73
2024-03-28 17:00:00,ZONE_M02,0.58,19.4,-26.3,0.73
2024-03-28 17:00:00,ZONE_M03,0.58,20.4,-26.3,0.73
2024-03-28 17:00:00,ZONE_B01,0.58,20.1,-26.3,0.73
2024-03-28 17:00:00,ZONE_B02,0.58,20.4,-26.3,0.73
2024-03-28 18:00:00,ZONE_M01,0.8,20.5,-22.2,0.76
2024-03-28 18:00:00,ZONE_M02,0.8,21.0,-22.2,0.76
2024-03-28 18:00:00,ZONE_M03,0.8,20.5,-22.2,0.76
2024-03-28 18:00:00,ZONE_B01,0.8,20.3,-22.2,0.76
2024-03-28 18:00:00,ZONE_B02,0.8,20.4,-22.2,0.76
2024-03-28 19:00:00,ZONE_M01,0.66,20.0,-27.2,0.78
2024-03-28 19:00:00,ZONE_M02,0.66,19.5,-27.2,0.78
2024-03-28 19:00:00,ZONE_M03,0.66,20.1,-27.2,0.78
2024-03-28 19:00:00,ZONE_B01,0.66,20.3,-27.2,0.78
2024-03-28 19:00:00,ZONE_B02,0.66,19.8,-27.2,0.78
2024-03-28 20:00:00,ZONE_M01,0.67,19.8,-26.3,0.77
2024-03-28 20:00:00,ZONE_M02,0.67,19.1,-26.3,0.77
2024-03-28 20:00:00,ZONE_M03,0.67,20.9,-26.3,0.77
2024-03-28 20:00:00,ZONE_B01,0.67,19.5,-26.3,0.77
2024-03-28 20:00:00,ZONE_B02,0.67,19.8,-26.3,0.77
2024-03-28 21:00:00,ZONE_M01,0.85,20.8,-22.7,0.79
2024-03-28 21:00:00,ZONE_M02,0.85,20.4,-22.7,0.79
2024-03-28 21:00:00,ZONE_M03,0.85,20.2,-22.7,0.79
2024-03-28 21:00:00,ZONE_B01,0.85,20.8,-22.7,0.79
2024-03-28 21:00:00,ZONE_B02,0.85,20.2,-22.7,0.79
2024-03-28 22:00:00,ZONE_M01,0.53,20.2,-23.7,0.67
2024-03-28 22:00:00,ZONE_M02,0.53,18.8,-23.7,0.67
2024-03-28 22:00:00,ZONE_M03,0.53,19.1,-23.7,0.67
2024-03-28 22:00:00,ZONE_B01,0.53,20.0,-23.7,0.67
2024-03-28 22:00:00,ZONE_B02,0.53,19.6,-23.7,0.67
2024-03-28 23:00:00,ZONE_M01,0.1,18.3,-23.9,0.48
2024-03-28 23:00:00,ZONE_M02,0.1,18.7,-23.9,0.48
2024-03-28 23:00:00,ZONE_M03,0.1,18.0,-23.9,0.48
2024-03-28 23:00:00,ZONE_B01,0.1,18.1,-23.9,0.48
2024-03-28 23:00:00,ZONE_B02,0.1,18.2,-23.9,0.48
2024-03-29 00:00:00,ZONE_M01,0.07,18.0,-24.6,0.48
2024-03-29 00:00:00,ZONE_M02,0.07,18.6,-24.6,0.48
2024-03-29 00:00:00,ZONE_M03,0.07,18.7,-24.6,0.48
2024-03-29 00:00:00,ZONE_B01,0.07,18.2,-24.6,0.48
2024-03-29 00:00:00,ZONE_B02,0.07,18.9,-24.6,0.48
2024-03-29 01:00:00,ZONE_M01,0.18,18.7,-27.8,0.56
2024-03-29 01:00:00,ZONE_M02,0.18,18.7,-27.8,0.56
2024-03-29 01:00:00,ZONE_M03,0.18,18.4,-27.8,0.56
2024-03-29 01:00:00,ZONE_B01,0.18,18.4,-27.8,0.56
2024-03-29 01:00:00,ZONE_B02,0.18,18.5,-27.8,0.56
2024-03-29 02:00:00,ZONE_M01,0.25,18.7,-25.0,0.56
2024-03-29 02:00:00,ZONE_M02,0.25,19.0,-25.0,0.56
2024-03-29 02:00:00,ZONE_M03,0.25,17.9,-25.0,0.56
2024-03-29 02:00:00,ZONE_B01,0.25,18.3,-25.0,0.56
2024-03-29 02:00:00,ZONE_B02,0.25,18.2,-25.0,0.56
2024-03-29 03:00:00,ZONE_M01,0.0,18.1,-24.4,0.44
2024-03-29 03:00:00,ZONE_M02,0.0,19.2,-24.4,0.44
2024-03-29 03:00:00,ZONE_M03,0.0,18.0,-24.4,0.44
2024-03-29 03:00:00,ZONE_B01,0.0,18.3,-24.4,0.44
2024-03-29 03:00:00,ZONE_B02,0.0,18.0,-24.4,0.44
2024-03-29 04:00:00,ZONE_M01,0.28,19.4,-21.6,0.53
2024-03-29 04:00:00,ZONE_M02,0.28,19.0,-21.6,0.53
2024-03-29 04:00:00,ZONE_M03,0.28,19.5,-21.6,0.53
2024-03-29 04:00:00,ZONE_B01,0.28,18.7,-21.6,0.53
2024-03-29 04:00:00,ZONE_B02,0.28,18.6,-21.6,0.53
2024-03-29 05:00:00,ZONE_M01,0.14,19.3,-25.2,0.52
2024-03-29 05:00:00,ZONE_M02,0.14,18.7,-25.2,0.52
2024-03-29 05:00:00,ZONE_M03,0.14,18.5,-25.2,0.52
2024-03-29 05:00:00,ZONE_B01,0.14,17.8,-25.2,0.52
2024-03-29 05:00:00,ZONE_B02,0.14,18.4,-25.2,0.52
2024-03-29 06:00:00,ZONE_M01,0.8,21.3,-27.3,0.85
2024-03-29 06:00:00,ZONE_M02,0.8,20.8,-27.3,0.85
2024-03-29 06:00:00,ZONE_M03,0.8,20.2,-27.3,0.85
2024-03-29 06:00:00,ZONE_B01,0.8,20.7,-27.3,0.85
2024-03-29 06:00:00,ZONE_B02,0.8,20.5,-27.3,0.85
2024-03-29 07:00:00,ZONE_M01,0.55,19.9,-23.4,0.67
2024-03-29 07:00:00,ZONE_M02,0.55,19.9,-23.4,0.67
2024-03-29 07:00:00,ZONE_M03,0.55,19.5,-23.4,0.67
2024-03-29 07:00:00,ZONE_B01,0.55,19.6,-23.4,0.67
2024-03-29 07:00:00,ZONE_B02,0.55,20.2,-23.4,0.67
2024-03-29 08:00:00,ZONE_M01,0.43,19.5,-27.4,0.68
2024-03-29 08:00:00,ZONE_M02,0.43,20.0,-27.4,0.68
2024-03-29 08:00:00,ZONE_M03,0.43,19.3,-27.4,0.68
2024-03-29 08:00:00,ZONE_B01,0.43,19.9,-27.4,0.68
2024-03-29 08:00:00,ZONE_B02,0.43,19.6,-27.4,0.68
2024-03-29 09:00:00,ZONE_M01,0.65,19.5,-25.6,0.75
2024-03-29 09:00:00,ZONE_M02,0.65,20.3,-25.6,0.75
2024-03-29 09:00:00,ZONE_M03,0.65,19.9,-25.6,0.75
2024-03-29 09:00:00,ZONE_B01,0.65,20.2,-25.6,0.75
2024-03-29 09:00:00,ZONE_B02,0.65,19.9,-25.6,0.75
2024-03-29 10:00:00,ZONE_M01,0.65,20.2,-27.8,0.79
2024-03-29 10:00:00,ZONE_M02,0.65,18.9,-27.8,0.79
2024-03-29 10:00:00,ZONE_M03,0.65,20.5,-27.8,0.79
2024-03-29 10:00:00,ZONE_B01,0.65,20.3,-27.8,0.79
2024-03-29 10:00:00,ZONE_B02,0.65,19.7,-27.8,0.79
2024-03-29 11:00:00,ZONE_M01,0.55,19.3,-24.1,0.68
2024-03-29 11:00:00,ZONE_M02,0.55,20.0,-24.1,0.68
2024-03-29 11:00:00,ZONE_M03,0.55,20.6,-24.1,0.68
2024-03-29 11:00:00,ZONE_B01,0.55,20.0,-24.1,0.68
2024-03-29 11:00:00,ZONE_B02,0.55,19.8,-24.1,0.68
2024-03-29 12:00:00,ZONE_M01,0.75,20.2,-27.5,0.83
2024-03-29 12:00:00,ZONE_M02,0.75,20.9,-27.5,0.83
2024-03-29 12:00:00,ZONE_M03,0.75,19.3,-27.5,0.83
2024-03-29 12:00:00,ZONE_B01,0.75,20.9,-27.5,0.83
2024-03-29 12:00:00,ZONE_B02,0.75,20.4,-27.5,0.83
2024-03-29 13:00:00,ZONE_M01,0.45,18.7,-23.6,0.63
2024-03-29 13:00:00,ZONE_M02,0.45,19.2,-23.6,0.63
2024-03-29 13:00:00,ZONE_M03,0.45,20.0,-23.6,0.63
2024-03-29 13:00:00,ZONE_B01,0.45,18.5,-23.6,0.63
2024-03-29 13:00:00,ZONE_B02,0.45,19.3,-23.6,0.63
2024-03-29 14:00:00,ZONE_M01,0.78,20.2,-25.9,0.81
2024-03-29 14:00:00,ZONE_M02,0.78,20.1,-25.9,0.81
2024-03-29 14:00:00,ZONE_M03,0.78,20.0,-25.9,0.81
2024-03-29 14:00:00,ZONE_B01,0.78,21.0,-25.9,0.81
2024-03-29 14:00:00,ZONE_B02,0.78,20.6,-25.9,0.81
2024-03-29 15:00:00,ZONE_M01,0.62,19.9,-23.9,0.71
2024-03-29 15:00:00,ZONE_M02,0.62,19.5,-23.9,0.71
2024-03-29 15:00:00,ZONE_M03,0.62,19.9,-23.9,0.71
2024-03-29 15:00:00,ZONE_B01,0.62,19.7,-23.9,0.71
2024-03-29 15:00:00,ZONE_B02,0.62,20.5,-23.9,0.71
2024-03-29 16:00:00,ZONE_M01,0.52,20.3,-27.4,0.72
2024-03-29 16:00:00,ZONE_M02,0.52,18.9,-27.4,0.72
2024-03-29 16:00:00,ZONE_M03,0.52,19.3,-27.4,0.72
2024-03-29 16:00:00,ZONE_B01,0.52,20.2,-27.4,0.72
2024-03-29 16:00:00,ZONE_B02,0.52,19.4,-27.4,0.72
2024-03-29 17:00:00,ZONE_M01,0.61,20.1,-28.8,0.79
2024-03-29 17:00:00,ZONE_M02,0.61,20.2,-28.8,0.79
2024-03-29 17:00:00,ZONE_M03,0.61,20.2,-28.8,0.79
2024-03-29 17:00:00,ZONE_B01,0.61,19.6,-28.8,0.79
2024-03-29 17:00:00,ZONE_B02,0.61,20.2,-28.8,0.79
2024-03-29 18:00:00,ZONE_M01,0.48,19.0,-22.7,0.63
2024-03-29 18:00:00,ZONE_M02,0.48,19.2,-22.7,0.63
2024-03-29 18:00:00,ZONE_M03,0.48,19.0,-22.7,0.63
2024-03-29 18:00:00,ZONE_B01,0.48,19.5,-22.7,0.63
2024-03-29 18:00:00,ZONE_B02,0.48,19.6,-22.7,0.63
2024-03-29 19:00:00,ZONE_M01,0.96,20.5,-26.7,0.92
2024-03-29 19:00:00,ZONE_M02,0.96,20.4,-26.7,0.92
2024-03-29 19:00:00,ZONE_M03,0.96,21.1,-26.7,0.92
2024-03-29 19:00:00,ZONE_B01,0.96,21.5,-26.7,0.92
2024-03-29 19:00:00,ZONE_B02,0.96,20.3,-26.7,0.92
2024-03-29 20:00:00,ZONE_M01,0.55,19.7,-24.1,0.69
2024-03-29 20:00:00,ZONE_M02,0.55,19.5,-24.1,0.69
2024-03-29 20:00:00,ZONE_M03,0.55,19.3,-24.1,0.69
2024-03-29 20:00:00,ZONE_B01,0.55,19.7,-24.1,0.69
2024-03-29 20:00:00,ZONE_B02,0.55,19.6,-24.1,0.69
2024-03-29 21:00:00,ZONE_M01,0.52,19.3,-29.5,0.75
2024-03-29 21:00:00,ZONE_M02,0.52,19.5,-29.5,0.75
2024-03-29 21:00:00,ZONE_M03,0.52,19.5,-29.5,0.75
2024-03-29 21:00:00,ZONE_B01,0.52,19.2,-29.5,0.75
2024-03-29 21:00:00,ZONE_B02,0.52,20.0,-29.5,0.75
2024-03-29 22:00:00,ZONE_M01,0.57,20.2,-26.5,0.73
2024-03-29 22:00:00,ZONE_M02,0.57,19.6,-26.5,0.73
2024-03-29 22:00:00,ZONE_M03,0.57,19.8,-26.5,0.73
2024-03-29 22:00:00,ZONE_B01,0.57,18.7,-26.5,0.73
2024-03-29 22:00:00,ZONE_B02,0.57,19.7,-26.5,0.73
2024-03-29 23:00:00,ZONE_M01,0.07,18.0,-25.1,0.48
2024-03-29 23:00:00,ZONE_M02,0.07,18.3,-25.1,0.48
2024-03-29 23:00:00,ZONE_M03,0.07,18.5,-25.1,0.48
2024-03-29 23:00:00,ZONE_B01,0.07,18.0,-25.1,0.48
2024-03-29 23:00:00,ZONE_B02,0.07,18.4,-25.1,0.48
2024-03-30 00:00:00,ZONE_M01,0.1,18.2,-24.7,0.49
2024-03-30 00:00:00,ZONE_M02,0.1,18.2,-24.7,0.49
2024-03-30 00:00:00,ZONE_M03,0.1,18.6,-24.7,0.49
2024-03-30 00:00:00,ZONE_B01,0.1,18.3,-24.7,0.49
2024-03-30 00:00:00,ZONE_B02,0.1,19.3,-24.7,0.49
2024-03-30 01:00:00,ZONE_M01,0.24,18.3,-28.3,0.6
2024-03-30 01:00:00,ZONE_M02,0.24,18.5,-28.3,0.6
2024-03-30 01:00:00,ZONE_M03,0.24,18.1,-28.3,0.6
2024-03-30 01:00:00,ZONE_B01,0.24,19.2,-28.3,0.6
2024-03-30 01:00:00,ZONE_B02,0.24,18.2,-28.3,0.6
2024-03-30 02:00:00,ZONE_M01,0.12,17.3,-25.3,0.51
2024-03-30 02:00:00,ZONE_M02,0.12,18.3,-25.3,0.51
2024-03-30 02:00:00,ZONE_M03,0.12,19.0,-25.3,0.51
2024-03-30 02:00:00,ZONE_B01,0.12,17.8,-25.3,0.51
2024-03-30 02:00:00,ZONE_B02,0.12,18.2,-25.3,0.51
2024-03-30 03:00:00,ZONE_M01,0.13,18.6,-28.0,0.54
2024-03-30 03:00:00,ZONE_M02,0.13,18.7,-28.0,0.54
2024-03-30 03:00:00,ZONE_M03,0.13,18.6,-28.0,0.54
2024-03-30 03:00:00,ZONE_B01,0.13,19.1,-28.0,0.54
2024-03-30 03:00:00,ZONE_B02,0.13,18.4,-28.0,0.54
2024-03-30 04:00:00,ZONE_M01,0.08,18.6,-23.8,0.47
2024-03-30 04:00:00,ZONE_M02,0.08,17.6,-23.8,0.47
2024-03-30 04:00:00,ZONE_M03,0.08,18.3,-23.8,0.47
2024-03-30 04:00:00,ZONE_B01,0.08,17.8,-23.8,0.47
2024-03-30 04:00:00,ZONE_B02,0.08,18.2,-23.8,0.47
2024-03-30 05:00:00,ZONE_M01,0.03,18.5,-26.7,0.48
2024-03-30 05:00:00,ZONE_M02,0.03,18.3,-26.7,0.48
2024-03-30 05:00:00,ZONE_M03,0.03,17.5,-26.7,0.48
2024-03-30 05:00:00,ZONE_B01,0.03,17.9,-26.7,0.48
2024-03-30 05:00:00,ZONE_B02,0.03,16.9,-26.7,0.48
2024-03-30 06:00:00,ZONE_M01,0.67,19.5,-28.0,0.8
2024-03-30 06:00:00,ZONE_M02,0.67,20.2,-28.0,0.8
2024-03-30 06:00:00,ZONE_M03,0.67,19.3,-28.0,0.8
2024-03-30 06:00:00,ZONE_B01,0.67,19.9,-28.0,0.8
2024-03-30 06:00:00,ZONE_B02,0.67,19.6,-28.0,0.8
2024-03-30 07:00:00,ZONE_M01,0.69,20.4,-26.3,0.78
2024-03-30 07:00:00,ZONE_M02,0.69,19.8,-26.3,0.78
2024-03-30 07:00:00,ZONE_M03,0.69,19.7,-26.3,0.78
2024-03-30 07:00:00,ZONE_B01,0.69,19.6,-26.3,0.78
2024-03-30 07:00:00,ZONE_B02,0.69,20.1,-26.3,0.78
2024-03-30 08:00:00,ZONE_M01,0.48,20.3,-26.2,0.69
2024-03-30 08:00:00,ZONE_M02,0.48,19.8,-26.2,0.69
2024-03-30 08:00:00,ZONE_M03,0.48,18.7,-26.2,0.69
2024-03-30 08:00:00,ZONE_B01,0.48,20.0,-26.2,0.69
2024-03-30 08:00:00,ZONE_B02,0.48,19.8,-26.2,0.69
2024-03-30 09:00:00,ZONE_M01,0.58,19.3,-27.6,0.75
2024-03-30 09:00:00,ZONE_M02,0.58,18.9,-27.6,0.75
2024-03-30 09:00:00,ZONE_M03,0.58,18.9,-27.6,0.75
2024-03-30 09:00:00,ZONE_B01,0.58,20.8,-27.6,0.75
2024-03-30 09:00:00,ZONE_B02,0.58,20.0,-27.6,0.75
2024-03-30 10:00:00,ZONE_M01,0.62,20.6,-23.7,0.71
2024-03-30 10:00:00,ZONE_M02,0.62,19.2,-23.7,0.71
2024-03-30 10:00:00,ZONE_M03,0.62,19.9,-23.7,0.71
2024-03-30 10:00:00,ZONE_B01,0.62,20.3,-23.7,0.71
2024-03-30 10:00:00,ZONE_B02,0.62,19.7,-23.7,0.71
2024-03-30 11:00:00,ZONE_M01,0.73,20.4,-26.3,0.8
2024-03-30 11:00:00,ZONE_M02,0.73,20.5,-26.3,0.8
2024-03-30 11:00:00,ZONE_M03,0.73,20.3,-26.3,0.8
2024-03-30 11:00:00,ZONE_B01,0.73,20.3,-26.3,0.8
2024-03-30 11:00:00,ZONE_B02,0.73,20.0,-26.3,0.8
2024-03-30 12:00:00,ZONE_M01,0.64,20.1,-22.9,0.71
2024-03-30 12:00:00,ZONE_M02,0.64,19.9,-22.9,0.71
2024-03-30 12:00:00,ZONE_M03,0.64,19.4,-22.9,0.71
2024-03-30 12:00:00,ZONE_B01,0.64,20.2,-22.9,0.71
2024-03-30 12:00:00,ZONE_B02,0.64,19.6,-22.9,0.71
2024-03-30 13:00:00,ZONE_M01,0.94,20.7,-25.5,0.88
2024-03-30 13:00:00,ZONE_M02,0.94,21.9,-25.5,0.88
2024-03-30 13:00:00,ZONE_M03,0.94,21.4,-25.5,0.88
2024-03-30 13:00:00,ZONE_B01,0.94,20.9,-25.5,0.88
2024-03-30 13:00:00,ZONE_B02,0.94,20.4,-25.5,0.88
2024-03-30 14:00:00,ZONE_M01,0.59,20.3,-22.6,0.68
2024-03-30 14:00:00,ZONE_M02,0.59,20.3,-22.6,0.68
2024-03-30 14:00:00,ZONE_M03,0.59,19.5,-22.6,0.68
2024-03-30 14:00:00,ZONE_B01,0.59,19.8,-22.6,0.68
2024-03-30 14:00:00,ZONE_B02,0.59,20.4,-22.6,0.68
2024-03-30 15:00:00,ZONE_M01,0.66,19.9,-22.7,0.71
2024-03-30 15:00:00,ZONE_M02,0.66,19.5,-22.7,0.71
2024-03-30 15:00:00,ZONE_M03,0.66,20.2,-22.7,0.71
2024-03-30 15:00:00,ZONE_B01,0.66,19.8,-22.7,0.71
2024-03-30 15:00:00,ZONE_B02,0.66,19.9,-22.7,0.71
2024-03-30 16:00:00,ZONE_M01,0.31,18.7,-25.7,0.6
2024-03-30 16:00:00,ZONE_M02,0.31,18.1,-25.7,0.6
2024-03-30 16:00:00,ZONE_M03,0.31,17.7,-25.7,0.6
2024-03-30 16:00:00,ZONE_B01,0.31,19.8,-25.7,0.6
2024-03-30 16:00:00,ZONE_B02,0.31,17.3,-25.7,0.6
2024-03-30 17:00:00,ZONE_M01,0.52,19.8,-24.8,0.68
2024-03-30 17:00:00,ZONE_M02,0.52,20.0,-24.8,0.68
2024-03-30 17:00:00,ZONE_M03,0.52,20.1,-24.8,0.68
2024-03-30 17:00:00,ZONE_B01,0.52,19.8,-24.8,0.68
2024-03-30 17:00:00,ZONE_B02,0.52,18.3,-24.8,0.68
2024-03-30 18:00:00,ZONE_M01,0.46,18.2,-25.7,0.67
2024-03-30 18:00:00,ZONE_M02,0.46,19.6,-25.7,0.67
2024-03-30 18:00:00,ZONE_M03,0.46,19.7,-25.7,0.67
2024-03-30 18:00:00,ZONE_B01,0.46,19.7,-25.7,0.67
2024-03-30 18:00:00,ZONE_B02,0.46,19.6,-25.7,0.67
2024-03-30 19:00:00,ZONE_M01,0.48,19.0,-28.8,0.72
2024-03-30 19:00:00,ZONE_M02,0.48,18.7,-28.8,0.72
2024-03-30 19:00:00,ZONE_M03,0.48,18.8,-28.8,0.72
2024-03-30 19:00:00,ZONE_B01,0.48,20.1,-28.8,0.72
2024-03-30 19:00:00,ZONE_B02,0.48,19.6,-28.8,0.72
2024-03-30 20:00:00,ZONE_M01,0.72,20.9,-22.9,0.74
2024-03-30 20:00:00,ZONE_M02,0.72,19.2,-22.9,0.74
2024-03-30 20:00:00,ZONE_M03,0.72,20.9,-22.9,0.74
2024-03-30 20:00:00,ZONE_B01,0.72,20.7,-22.9,0.74
2024-03-30 20:00:00,ZONE_B02,0.72,19.7,-22.9,0.74
2024-03-30 21:00:00,ZONE_M01,0.74,21.1,-23.1,0.75
2024-03-30 21:00:00,ZONE_M02,0.74,20.5,-23.1,0.75
2024-03-30 21:00:00,ZONE_M03,0.74,20.8,-23.1,0.75
2024-03-30 21:00:00,ZONE_B01,0.74,20.6,-23.1,0.75
2024-03-30 21:00:00,ZONE_B02,0.74,20.5,-23.1,0.75
2024-03-30 22:00:00,ZONE_M01,0.74,20.6,-28.9,0.85
2024-03-30 22:00:00,ZONE_M02,0.74,20.3,-28.9,0.85
2024-03-30 22:00:00,ZONE_M03,0.74,19.4,-28.9,0.85
2024-03-30 22:00:00,ZONE_B01,0.74,21.1,-28.9,0.85
2024-03-30 22:00:00,ZONE_B02,0.74,20.2,-28.9,0.85
2024-03-30 23:00:00,ZONE_M01,0.19,18.5,-27.4,0.56
2024-03-30 23:00:00,ZONE_M02,0.19,17.4,-27.4,0.56
2024-03-30 23:00:00,ZONE_M03,0.19,18.3,-27.4,0.56
2024-03-30 23:00:00,ZONE_B01,0.19,18.4,-27.4,0.56
2024-03-30 23:00:00,ZONE_B02,0.19,18.8,-27.4,0.56
2024-03-31 00:00:00,ZONE_M01,0.27,18.5,-28.7,0.62
2024-03-31 00:00:00,ZONE_M02,0.27,19.3,-28.7,0.62
2024-03-31 00:00:00,ZONE_M03,0.27,19.4,-28.7,0.62
2024-03-31 00:00:00,ZONE_B01,0.27,18.2,-28.7,0.62
2024-03-31 00:00:00,ZONE_B02,0.27,18.9,-28.7,0.62
